3.996813e+002,0.000000e+000
4.001635e+002,8.091461e+001
4.006456e+002,8.082332e+001
4.011277e+002,8.076680e+001
4.016098e+002,8.075441e+001
4.020919e+002,8.078260e+001
4.025741e+002,8.083939e+001
4.030562e+002,8.090778e+001
4.035383e+002,8.096920e+001
4.040204e+002,8.100594e+001
4.045026e+002,8.100414e+001
4.049847e+002,8.095686e+001
4.054668e+002,8.086645e+001
4.059489e+002,8.074528e+001
4.064311e+002,8.061426e+001
4.069132e+002,8.049743e+001
4.073953e+002,8.041626e+001
4.078774e+002,8.038364e+001
4.083596e+002,8.040242e+001
4.088417e+002,8.046605e+001
4.093238e+002,8.056200e+001
4.098059e+002,8.067610e+001
4.102881e+002,8.079585e+001
4.107702e+002,8.091101e+001
4.112523e+002,8.101240e+001
4.117344e+002,8.108982e+001
4.122166e+002,8.113141e+001
4.126987e+002,8.112502e+001
4.131808e+002,8.106182e+001
4.136629e+002,8.093987e+001
4.141451e+002,8.076593e+001
4.146272e+002,8.055371e+001
4.151093e+002,8.031972e+001
4.155914e+002,8.007922e+001
4.160736e+002,7.984438e+001
4.165557e+002,7.962497e+001
4.170378e+002,7.943266e+001
4.175200e+002,7.928392e+001
4.180021e+002,7.920213e+001
4.184842e+002,7.921165e+001
4.189663e+002,7.932590e+001
4.194484e+002,7.953625e+001
4.199306e+002,7.981075e+001
4.204127e+002,8.010492e+001
4.208948e+002,8.037650e+001
4.213770e+002,8.059509e+001
4.218591e+002,8.074603e+001
4.223412e+002,8.082796e+001
4.228233e+002,8.084925e+001
4.233055e+002,8.082392e+001
4.237876e+002,8.076838e+001
4.242697e+002,8.069914e+001
4.247518e+002,8.063107e+001
4.252339e+002,8.057625e+001
4.257161e+002,8.054287e+001
4.261982e+002,8.053454e+001
4.266803e+002,8.054915e+001
4.271624e+002,8.057895e+001
4.276446e+002,8.061177e+001
4.281267e+002,8.063373e+001
4.286088e+002,8.063300e+001
4.290909e+002,8.060342e+001
4.295731e+002,8.054716e+001
4.300552e+002,8.047395e+001
4.305373e+002,8.039843e+001
4.310194e+002,8.033492e+001
4.315016e+002,8.029314e+001
4.319837e+002,8.027572e+001
4.324658e+002,8.027808e+001
4.329479e+002,8.029069e+001
4.334301e+002,8.030231e+001
4.339122e+002,8.030241e+001
4.343943e+002,8.028262e+001
4.348764e+002,8.023702e+001
4.353586e+002,8.016220e+001
4.358407e+002,8.005791e+001
4.363228e+002,7.992817e+001
4.368049e+002,7.978200e+001
4.372870e+002,7.963342e+001
4.377692e+002,7.949916e+001
4.382513e+002,7.939517e+001
4.387334e+002,7.933294e+001
4.392155e+002,7.931703e+001
4.396977e+002,7.934437e+001
4.401798e+002,7.940485e+001
4.406619e+002,7.948392e+001
4.411440e+002,7.956588e+001
4.416262e+002,7.963708e+001
4.421083e+002,7.968866e+001
4.425904e+002,7.971727e+001
4.430725e+002,7.972503e+001
4.435547e+002,7.971820e+001
4.440368e+002,7.970541e+001
4.445189e+002,7.969626e+001
4.450010e+002,7.969999e+001
4.454832e+002,7.972384e+001
4.459653e+002,7.977174e+001
4.464474e+002,7.984272e+001
4.469295e+002,7.993056e+001
4.474117e+002,8.002452e+001
4.478938e+002,8.011154e+001
4.483759e+002,8.017879e+001
4.488580e+002,8.021649e+001
4.493401e+002,8.021935e+001
4.498223e+002,8.018654e+001
4.503044e+002,8.012094e+001
4.507865e+002,8.002808e+001
4.512687e+002,7.991570e+001
4.517508e+002,7.979353e+001
4.522329e+002,7.967297e+001
4.527150e+002,7.956573e+001
4.531971e+002,7.948185e+001
4.536793e+002,7.942695e+001
4.541614e+002,7.940060e+001
4.546435e+002,7.939634e+001
4.551257e+002,7.940332e+001
4.556078e+002,7.940984e+001
4.560899e+002,7.940717e+001
4.565720e+002,7.939329e+001
4.570542e+002,7.937449e+001
4.575363e+002,7.936348e+001
4.580184e+002,7.937399e+001
4.585005e+002,7.941478e+001
4.589827e+002,7.948536e+001
4.594648e+002,7.957607e+001
4.599469e+002,7.967172e+001
4.604290e+002,7.975642e+001
4.609112e+002,7.981757e+001
4.613933e+002,7.984782e+001
4.618754e+002,7.984530e+001
4.623575e+002,7.981247e+001
4.628397e+002,7.975457e+001
4.633218e+002,7.967812e+001
4.638039e+002,7.958958e+001
4.642860e+002,7.949471e+001
4.647682e+002,7.939777e+001
4.652503e+002,7.930126e+001
4.657324e+002,7.920551e+001
4.662145e+002,7.910890e+001
4.666967e+002,7.900893e+001
4.671788e+002,7.890373e+001
4.676609e+002,7.879413e+001
4.681430e+002,7.868515e+001
4.686252e+002,7.858636e+001
4.691073e+002,7.851093e+001
4.695894e+002,7.847276e+001
4.700715e+002,7.848406e+001
4.705536e+002,7.855177e+001
4.710358e+002,7.867538e+001
4.715179e+002,7.884541e+001
4.720000e+002,7.904420e+001
4.724821e+002,7.924883e+001
4.729643e+002,7.943588e+001
4.734464e+002,7.958633e+001
4.739285e+002,7.968885e+001
4.744106e+002,7.974087e+001
4.748928e+002,7.974717e+001
4.753749e+002,7.971758e+001
4.758570e+002,7.966460e+001
4.763391e+002,7.960098e+001
4.768213e+002,7.953799e+001
4.773034e+002,7.948358e+001
4.777855e+002,7.944173e+001
4.782676e+002,7.941222e+001
4.787498e+002,7.939149e+001
4.792319e+002,7.937373e+001
4.797140e+002,7.935297e+001
4.801961e+002,7.932444e+001
4.806783e+002,7.928554e+001
4.811604e+002,7.923618e+001
4.816425e+002,7.917904e+001
4.821246e+002,7.911890e+001
4.826068e+002,7.906210e+001
4.830889e+002,7.901528e+001
4.835710e+002,7.898410e+001
4.840531e+002,7.897158e+001
4.845352e+002,7.897686e+001
4.850174e+002,7.899496e+001
4.854995e+002,7.901766e+001
4.859816e+002,7.903561e+001
4.864637e+002,7.904072e+001
4.869459e+002,7.902844e+001
4.874280e+002,7.899890e+001
4.879101e+002,7.895652e+001
4.883922e+002,7.890843e+001
4.888744e+002,7.886219e+001
4.893565e+002,7.882384e+001
4.898386e+002,7.879656e+001
4.903207e+002,7.878062e+001
4.908029e+002,7.877384e+001
4.912850e+002,7.877313e+001
4.917671e+002,7.877563e+001
4.922492e+002,7.877926e+001
4.927314e+002,7.878291e+001
4.932135e+002,7.878615e+001
4.936956e+002,7.878869e+001
4.941777e+002,7.879020e+001
4.946599e+002,7.879001e+001
4.951420e+002,7.878709e+001
4.956241e+002,7.877998e+001
4.961062e+002,7.876667e+001
4.965884e+002,7.874471e+001
4.970705e+002,7.871182e+001
4.975526e+002,7.866670e+001
4.980347e+002,7.860994e+001
4.985169e+002,7.854473e+001
4.989990e+002,7.847689e+001
4.994811e+002,7.841391e+001
4.999633e+002,7.836351e+001
5.004454e+002,7.833167e+001
5.009275e+002,7.832136e+001
5.014096e+002,7.833163e+001
5.018917e+002,7.835823e+001
5.023739e+002,7.839458e+001
5.028560e+002,7.843359e+001
5.033381e+002,7.846898e+001
5.038203e+002,7.849585e+001
5.043024e+002,7.851049e+001
5.047845e+002,7.851004e+001
5.052666e+002,7.849250e+001
5.057487e+002,7.845708e+001
5.062309e+002,7.840485e+001
5.067130e+002,7.833936e+001
5.071951e+002,7.826641e+001
5.076772e+002,7.819302e+001
5.081594e+002,7.812572e+001
5.086415e+002,7.806911e+001
5.091236e+002,7.802507e+001
5.096057e+002,7.799287e+001
5.100879e+002,7.797002e+001
5.105700e+002,7.795343e+001
5.110521e+002,7.794022e+001
5.115342e+002,7.792815e+001
5.120164e+002,7.791531e+001
5.124985e+002,7.790005e+001
5.129806e+002,7.788087e+001
5.134627e+002,7.785648e+001
5.139448e+002,7.782642e+001
5.144270e+002,7.779145e+001
5.149091e+002,7.775379e+001
5.153912e+002,7.771672e+001
5.158734e+002,7.768373e+001
5.163555e+002,7.765788e+001
5.168376e+002,7.764109e+001
5.173197e+002,7.763393e+001
5.178019e+002,7.763580e+001
5.182840e+002,7.764561e+001
5.187661e+002,7.766198e+001
5.192482e+002,7.768346e+001
5.197303e+002,7.770820e+001
5.202125e+002,7.773377e+001
5.206946e+002,7.775719e+001
5.211767e+002,7.777512e+001
5.216588e+002,7.778426e+001
5.221410e+002,7.778204e+001
5.226231e+002,7.776703e+001
5.231052e+002,7.773900e+001
5.235873e+002,7.769889e+001
5.240695e+002,7.764875e+001
5.245516e+002,7.759187e+001
5.250337e+002,7.753249e+001
5.255159e+002,7.747581e+001
5.259980e+002,7.742717e+001
5.264801e+002,7.739091e+001
5.269622e+002,7.736938e+001
5.274443e+002,7.736189e+001
5.279265e+002,7.736483e+001
5.284086e+002,7.737256e+001
5.288907e+002,7.737859e+001
5.293728e+002,7.737735e+001
5.298550e+002,7.736537e+001
5.303371e+002,7.734177e+001
5.308192e+002,7.730824e+001
5.313013e+002,7.726799e+001
5.317834e+002,7.722485e+001
5.322656e+002,7.718224e+001
5.327477e+002,7.714265e+001
5.332299e+002,7.710736e+001
5.337120e+002,7.707678e+001
5.341941e+002,7.705058e+001
5.346762e+002,7.702763e+001
5.351583e+002,7.700624e+001
5.356404e+002,7.698418e+001
5.361226e+002,7.695908e+001
5.366047e+002,7.692905e+001
5.370868e+002,7.689336e+001
5.375690e+002,7.685266e+001
5.380511e+002,7.680892e+001
5.385332e+002,7.676466e+001
5.390153e+002,7.672190e+001
5.394974e+002,7.668134e+001
5.399796e+002,7.664198e+001
5.404617e+002,7.660134e+001
5.409438e+002,7.655633e+001
5.414260e+002,7.650416e+001
5.419081e+002,7.644331e+001
5.423902e+002,7.637359e+001
5.428723e+002,7.629602e+001
5.433544e+002,7.621216e+001
5.438365e+002,7.612358e+001
5.443187e+002,7.603123e+001
5.448008e+002,7.593539e+001
5.452830e+002,7.583550e+001
5.457651e+002,7.573030e+001
5.462472e+002,7.561772e+001
5.467293e+002,7.549493e+001
5.472114e+002,7.535845e+001
5.476936e+002,7.520464e+001
5.481757e+002,7.503023e+001
5.486578e+002,7.483299e+001
5.491400e+002,7.461236e+001
5.496221e+002,7.436952e+001
5.501042e+002,7.410703e+001
5.505863e+002,7.382817e+001
5.510684e+002,7.353624e+001
5.515505e+002,7.323400e+001
5.520327e+002,7.292352e+001
5.525148e+002,7.260624e+001
5.529969e+002,7.228333e+001
5.534791e+002,7.195594e+001
5.539612e+002,7.162534e+001
5.544433e+002,7.129313e+001
5.549254e+002,7.096131e+001
5.554076e+002,7.063268e+001
5.558896e+002,7.031095e+001
5.563718e+002,7.000107e+001
5.568539e+002,6.970896e+001
5.573361e+002,6.944099e+001
5.578182e+002,6.920305e+001
5.583003e+002,6.899963e+001
5.587825e+002,6.883320e+001
5.592645e+002,6.870405e+001
5.597467e+002,6.861075e+001
5.602288e+002,6.855090e+001
5.607109e+002,6.852210e+001
5.611931e+002,6.852241e+001
5.616752e+002,6.855051e+001
5.621573e+002,6.860513e+001
5.626394e+002,6.868446e+001
5.631216e+002,6.878562e+001
5.636037e+002,6.890453e+001
5.640858e+002,6.903638e+001
5.645679e+002,6.917639e+001
5.650500e+002,6.932093e+001
5.655322e+002,6.946788e+001
5.660143e+002,6.961684e+001
5.664965e+002,6.976867e+001
5.669785e+002,6.992470e+001
5.674607e+002,7.008595e+001
5.679428e+002,7.025237e+001
5.684249e+002,7.042292e+001
5.689070e+002,7.059551e+001
5.693892e+002,7.076756e+001
5.698713e+002,7.093648e+001
5.703534e+002,7.110005e+001
5.708356e+002,7.125694e+001
5.713177e+002,7.140688e+001
5.717998e+002,7.155068e+001
5.722819e+002,7.169021e+001
5.727640e+002,7.182801e+001
5.732462e+002,7.196668e+001
5.737283e+002,7.210833e+001
5.742104e+002,7.225396e+001
5.746925e+002,7.240324e+001
5.751747e+002,7.255447e+001
5.756568e+002,7.270506e+001
5.761389e+002,7.285191e+001
5.766210e+002,7.299210e+001
5.771031e+002,7.312299e+001
5.775853e+002,7.324236e+001
5.780674e+002,7.334832e+001
5.785496e+002,7.343961e+001
5.790317e+002,7.351582e+001
5.795138e+002,7.357796e+001
5.799959e+002,7.362889e+001
5.804780e+002,7.367328e+001
5.809601e+002,7.371680e+001
5.814423e+002,7.376479e+001
5.819244e+002,7.382089e+001
5.824066e+002,7.388583e+001
5.828887e+002,7.395727e+001
5.833708e+002,7.403035e+001
5.838529e+002,7.409917e+001
5.843350e+002,7.415849e+001
5.848171e+002,7.420509e+001
5.852993e+002,7.423853e+001
5.857814e+002,7.426076e+001
5.862635e+002,7.427536e+001
5.867457e+002,7.428610e+001
5.872278e+002,7.429578e+001
5.877099e+002,7.430556e+001
5.881920e+002,7.431496e+001
5.886741e+002,7.432230e+001
5.891563e+002,7.432547e+001
5.896384e+002,7.432288e+001
5.901205e+002,7.431401e+001
5.906027e+002,7.429976e+001
5.910848e+002,7.428220e+001
5.915669e+002,7.426431e+001
5.920490e+002,7.424915e+001
5.925311e+002,7.423933e+001
5.930133e+002,7.423650e+001
5.934954e+002,7.424118e+001
5.939775e+002,7.425292e+001
5.944597e+002,7.427066e+001
5.949418e+002,7.429295e+001
5.954239e+002,7.431828e+001
5.959060e+002,7.434517e+001
5.963882e+002,7.437193e+001
5.968702e+002,7.439669e+001
5.973524e+002,7.441737e+001
5.978345e+002,7.443215e+001
5.983167e+002,7.443961e+001
5.987988e+002,7.443942e+001
5.992809e+002,7.443255e+001
5.997630e+002,7.442122e+001
6.002451e+002,7.440845e+001
6.007273e+002,7.439737e+001
6.012094e+002,7.439056e+001
6.016915e+002,7.438963e+001
6.021736e+002,7.439503e+001
6.026558e+002,7.440630e+001
6.031379e+002,7.442244e+001
6.036200e+002,7.444220e+001
6.041022e+002,7.446419e+001
6.045842e+002,7.448699e+001
6.050664e+002,7.450909e+001
6.055485e+002,7.452902e+001
6.060306e+002,7.454557e+001
6.065128e+002,7.455804e+001
6.069949e+002,7.456651e+001
6.074770e+002,7.457182e+001
6.079591e+002,7.457533e+001
6.084413e+002,7.457852e+001
6.089234e+002,7.458263e+001
6.094055e+002,7.458836e+001
6.098876e+002,7.459592e+001
6.103698e+002,7.460520e+001
6.108519e+002,7.461593e+001
6.113340e+002,7.462749e+001
6.118162e+002,7.463881e+001
6.122983e+002,7.464764e+001
6.127804e+002,7.465051e+001
6.132625e+002,7.464285e+001
6.137446e+002,7.461986e+001
6.142267e+002,7.457786e+001
6.147089e+002,7.451585e+001
6.151910e+002,7.443665e+001
6.156731e+002,7.434722e+001
6.161553e+002,7.425784e+001
6.166374e+002,7.418026e+001
6.171195e+002,7.412521e+001
6.176016e+002,7.409996e+001
6.180837e+002,7.410679e+001
6.185659e+002,7.414272e+001
6.190480e+002,7.420053e+001
6.195302e+002,7.427072e+001
6.200123e+002,7.434361e+001
6.204944e+002,7.441115e+001
6.209765e+002,7.446807e+001
6.214586e+002,7.451210e+001
6.219407e+002,7.454363e+001
6.224229e+002,7.456490e+001
6.229050e+002,7.457895e+001
6.233871e+002,7.458866e+001
6.238693e+002,7.459608e+001
6.243514e+002,7.460191e+001
6.248335e+002,7.460581e+001
6.253156e+002,7.460658e+001
6.257977e+002,7.460291e+001
6.262798e+002,7.459385e+001
6.267620e+002,7.457941e+001
6.272441e+002,7.456059e+001
6.277263e+002,7.453920e+001
6.282084e+002,7.451752e+001
6.286905e+002,7.449783e+001
6.291726e+002,7.448196e+001
6.296547e+002,7.447083e+001
6.301368e+002,7.446440e+001
6.306190e+002,7.446165e+001
6.311011e+002,7.446082e+001
6.315833e+002,7.445966e+001
6.320654e+002,7.445586e+001
6.325475e+002,7.444751e+001
6.330296e+002,7.443335e+001
6.335117e+002,7.441294e+001
6.339939e+002,7.438661e+001
6.344760e+002,7.435518e+001
6.349581e+002,7.431962e+001
6.354402e+002,7.428067e+001
6.359224e+002,7.423862e+001
6.364045e+002,7.419343e+001
6.368866e+002,7.414486e+001
6.373687e+002,7.409280e+001
6.378508e+002,7.403756e+001
6.383330e+002,7.398002e+001
6.388151e+002,7.392142e+001
6.392972e+002,7.386313e+001
6.397794e+002,7.380636e+001
6.402615e+002,7.375198e+001
6.407436e+002,7.370029e+001
6.412257e+002,7.365128e+001
6.417079e+002,7.360442e+001
6.421899e+002,7.355892e+001
6.426721e+002,7.351357e+001
6.431542e+002,7.346661e+001
6.436364e+002,7.341591e+001
6.441185e+002,7.335909e+001
6.446006e+002,7.329407e+001
6.450827e+002,7.321964e+001
6.455648e+002,7.313610e+001
6.460470e+002,7.304562e+001
6.465291e+002,7.295210e+001
6.470112e+002,7.286072e+001
6.474933e+002,7.277695e+001
6.479755e+002,7.270558e+001
6.484576e+002,7.264967e+001
6.489397e+002,7.261014e+001
6.494219e+002,7.258554e+001
6.499040e+002,7.257272e+001
6.503861e+002,7.256755e+001
6.508682e+002,7.256578e+001
6.513503e+002,7.256396e+001
6.518325e+002,7.255978e+001
6.523146e+002,7.255239e+001
6.527968e+002,7.254212e+001
6.532788e+002,7.253030e+001
6.537610e+002,7.251880e+001
6.542431e+002,7.250949e+001
6.547252e+002,7.250400e+001
6.552073e+002,7.250343e+001
6.556895e+002,7.250850e+001
6.561716e+002,7.251964e+001
6.566537e+002,7.253726e+001
6.571359e+002,7.256213e+001
6.576179e+002,7.259520e+001
6.581001e+002,7.263751e+001
6.585822e+002,7.268984e+001
6.590643e+002,7.275239e+001
6.595464e+002,7.282479e+001
6.600286e+002,7.290617e+001
6.605107e+002,7.299552e+001
6.609928e+002,7.309179e+001
6.614750e+002,7.319360e+001
6.619571e+002,7.329839e+001
6.624392e+002,7.340086e+001
6.629213e+002,7.349191e+001
6.634034e+002,7.355762e+001
6.638856e+002,7.357909e+001
6.643677e+002,7.353268e+001
6.648499e+002,7.339108e+001
6.653320e+002,7.312508e+001
6.658141e+002,7.270831e+001
6.662962e+002,7.212760e+001
6.667783e+002,7.140149e+001
6.672605e+002,7.060320e+001
6.677426e+002,6.986870e+001
6.682247e+002,6.936196e+001
6.687068e+002,6.919786e+001
6.691890e+002,6.938167e+001
6.696711e+002,6.982051e+001
6.701532e+002,7.038644e+001
6.706353e+002,7.096994e+001
6.711174e+002,7.149945e+001
6.715996e+002,7.193745e+001
6.720817e+002,7.227040e+001
6.725638e+002,7.250000e+001
6.730460e+002,7.263761e+001
6.735281e+002,7.270016e+001
6.740102e+002,7.270714e+001
6.744923e+002,7.267744e+001
6.749745e+002,7.262723e+001
6.754565e+002,7.256880e+001
6.759387e+002,7.251058e+001
6.764208e+002,7.245814e+001
6.769030e+002,7.241501e+001
6.773851e+002,7.238332e+001
6.778672e+002,7.236411e+001
6.783493e+002,7.235720e+001
6.788314e+002,7.236144e+001
6.793136e+002,7.237497e+001
6.797957e+002,7.239569e+001
6.802778e+002,7.242175e+001
6.807599e+002,7.245177e+001
6.812421e+002,7.248483e+001
6.817242e+002,7.252020e+001
6.822063e+002,7.255697e+001
6.826885e+002,7.259418e+001
6.831705e+002,7.263069e+001
6.836527e+002,7.266560e+001
6.841348e+002,7.269852e+001
6.846169e+002,7.272972e+001
6.850991e+002,7.276010e+001
6.855812e+002,7.279102e+001
6.860634e+002,7.282407e+001
6.865454e+002,7.286095e+001
6.870276e+002,7.290328e+001
6.875096e+002,7.295254e+001
6.879918e+002,7.300988e+001
6.884739e+002,7.307594e+001
6.889561e+002,7.315038e+001
6.894382e+002,7.323184e+001
6.899203e+002,7.331789e+001
6.904025e+002,7.340549e+001
6.908845e+002,7.349146e+001
6.913667e+002,7.357326e+001
6.918488e+002,7.364938e+001
6.923309e+002,7.371956e+001
6.928130e+002,7.378452e+001
6.932952e+002,7.384546e+001
6.937773e+002,7.390361e+001
6.942594e+002,7.395990e+001
6.947416e+002,7.401485e+001
6.952236e+002,7.406872e+001
6.957058e+002,7.412177e+001
6.961879e+002,7.417445e+001
6.966700e+002,7.422742e+001
6.971522e+002,7.428135e+001
6.976343e+002,7.433666e+001
6.981165e+002,7.439352e+001
6.985985e+002,7.445157e+001
6.990807e+002,7.451025e+001
6.995628e+002,7.456875e+001
7.000449e+002,7.462633e+001
7.005270e+002,7.468226e+001
7.010092e+002,7.473590e+001
7.014913e+002,7.478664e+001
7.019734e+002,7.483408e+001
7.024556e+002,7.487807e+001
7.029377e+002,7.491892e+001
7.034198e+002,7.495745e+001
7.039019e+002,7.499494e+001
7.043840e+002,7.503265e+001
7.048662e+002,7.507154e+001
7.053483e+002,7.511186e+001
7.058304e+002,7.515314e+001
7.063125e+002,7.519421e+001
7.067947e+002,7.523365e+001
7.072768e+002,7.527027e+001
7.077589e+002,7.530337e+001
7.082410e+002,7.533289e+001
7.087231e+002,7.535925e+001
7.092053e+002,7.538294e+001
7.096874e+002,7.540437e+001
7.101696e+002,7.542364e+001
7.106517e+002,7.544036e+001
7.111338e+002,7.545422e+001
7.116159e+002,7.546492e+001
7.120980e+002,7.547260e+001
7.125802e+002,7.547782e+001
7.130623e+002,7.548138e+001
7.135444e+002,7.548418e+001
7.140265e+002,7.548650e+001
7.145087e+002,7.548763e+001
7.149908e+002,7.548547e+001
7.154729e+002,7.547651e+001
7.159550e+002,7.545628e+001
7.164371e+002,7.542019e+001
7.169193e+002,7.536521e+001
7.174014e+002,7.529107e+001
7.178835e+002,7.520154e+001
7.183657e+002,7.510478e+001
7.188478e+002,7.501233e+001
7.193299e+002,7.493730e+001
7.198120e+002,7.489143e+001
7.202942e+002,7.488228e+001
7.207762e+002,7.491129e+001
7.212584e+002,7.497368e+001
7.217405e+002,7.505954e+001
7.222227e+002,7.515656e+001
7.227048e+002,7.525271e+001
7.231869e+002,7.533850e+001
7.236691e+002,7.540807e+001
7.241511e+002,7.545920e+001
7.246333e+002,7.549232e+001
7.251154e+002,7.550966e+001
7.255975e+002,7.551395e+001
7.260797e+002,7.550786e+001
7.265618e+002,7.549393e+001
7.270439e+002,7.547456e+001
7.275260e+002,7.545216e+001
7.280082e+002,7.542926e+001
7.284902e+002,7.540829e+001
7.289724e+002,7.539144e+001
7.294545e+002,7.538039e+001
7.299366e+002,7.537604e+001
7.304188e+002,7.537857e+001
7.309009e+002,7.538745e+001
7.313831e+002,7.540141e+001
7.318651e+002,7.541868e+001
7.323473e+002,7.543713e+001
7.328293e+002,7.545465e+001
7.333115e+002,7.546938e+001
7.337936e+002,7.548008e+001
7.342758e+002,7.548633e+001
7.347579e+002,7.548852e+001
7.352400e+002,7.548769e+001
7.357222e+002,7.548510e+001
7.362042e+002,7.548188e+001
7.366864e+002,7.547881e+001
7.371685e+002,7.547620e+001
7.376506e+002,7.547402e+001
7.381328e+002,7.547208e+001
7.386149e+002,7.547019e+001
7.390970e+002,7.546809e+001
7.395791e+002,7.546559e+001
7.400613e+002,7.546238e+001
7.405434e+002,7.545824e+001
7.410255e+002,7.545298e+001
7.415076e+002,7.544671e+001
7.419897e+002,7.543980e+001
7.424719e+002,7.543295e+001
7.429540e+002,7.542681e+001
7.434362e+002,7.542188e+001
7.439182e+002,7.541818e+001
7.444004e+002,7.541550e+001
7.448825e+002,7.541328e+001
7.453646e+002,7.541126e+001
7.458467e+002,7.540949e+001
7.463289e+002,7.540839e+001
7.468110e+002,7.540863e+001
7.472931e+002,7.541059e+001
7.477753e+002,7.541417e+001
7.482574e+002,7.541853e+001
7.487395e+002,7.542242e+001
7.492216e+002,7.542458e+001
7.497037e+002,7.542418e+001
7.501859e+002,7.542122e+001
7.506680e+002,7.541654e+001
7.511501e+002,7.541154e+001
7.516322e+002,7.540767e+001
7.521144e+002,7.540609e+001
7.525965e+002,7.540739e+001
7.530786e+002,7.541148e+001
7.535608e+002,7.541782e+001
7.540428e+002,7.542557e+001
7.545250e+002,7.543388e+001
7.550071e+002,7.544174e+001
7.554893e+002,7.544823e+001
7.559714e+002,7.545245e+001
7.564535e+002,7.545368e+001
7.569356e+002,7.545156e+001
7.574177e+002,7.544619e+001
7.578999e+002,7.543816e+001
7.583820e+002,7.542841e+001
7.588641e+002,7.541782e+001
7.593463e+002,7.540708e+001
7.598284e+002,7.539645e+001
7.603105e+002,7.538599e+001
7.607926e+002,7.537563e+001
7.612748e+002,7.536560e+001
7.617568e+002,7.535652e+001
7.622390e+002,7.534940e+001
7.627211e+002,7.534528e+001
7.632032e+002,7.534489e+001
7.636854e+002,7.534839e+001
7.641675e+002,7.535511e+001
7.646496e+002,7.536379e+001
7.651317e+002,7.537277e+001
7.656139e+002,7.538039e+001
7.660959e+002,7.538528e+001
7.665781e+002,7.538639e+001
7.670602e+002,7.538330e+001
7.675424e+002,7.537613e+001
7.680245e+002,7.536559e+001
7.685066e+002,7.535300e+001
7.689888e+002,7.534019e+001
7.694708e+002,7.532912e+001
7.699530e+002,7.532153e+001
7.704351e+002,7.531845e+001
7.709172e+002,7.531975e+001
7.713994e+002,7.532417e+001
7.718815e+002,7.532961e+001
7.723636e+002,7.533355e+001
7.728457e+002,7.533395e+001
7.733279e+002,7.532974e+001
7.738099e+002,7.532098e+001
7.742921e+002,7.530882e+001
7.747742e+002,7.529502e+001
7.752563e+002,7.528146e+001
7.757385e+002,7.526961e+001
7.762206e+002,7.526031e+001
7.767028e+002,7.525375e+001
7.771848e+002,7.524952e+001
7.776670e+002,7.524684e+001
7.781491e+002,7.524470e+001
7.786312e+002,7.524200e+001
7.791133e+002,7.523781e+001
7.795955e+002,7.523139e+001
7.800776e+002,7.522247e+001
7.805597e+002,7.521124e+001
7.810419e+002,7.519846e+001
7.815239e+002,7.518513e+001
7.820061e+002,7.517230e+001
7.824882e+002,7.516083e+001
7.829703e+002,7.515115e+001
7.834525e+002,7.514325e+001
7.839346e+002,7.513685e+001
7.844167e+002,7.513152e+001
7.848988e+002,7.512672e+001
7.853810e+002,7.512196e+001
7.858631e+002,7.511663e+001
7.863452e+002,7.511002e+001
7.868273e+002,7.510136e+001
7.873094e+002,7.508995e+001
7.877916e+002,7.507558e+001
7.882737e+002,7.505865e+001
7.887559e+002,7.504028e+001
7.892380e+002,7.502209e+001
7.897201e+002,7.500587e+001
7.902022e+002,7.499297e+001
7.906843e+002,7.498409e+001
7.911665e+002,7.497900e+001
7.916486e+002,7.497685e+001
7.921307e+002,7.497641e+001
7.926128e+002,7.497658e+001
7.930950e+002,7.497667e+001
7.935771e+002,7.497646e+001
7.940592e+002,7.497614e+001
7.945413e+002,7.497614e+001
7.950234e+002,7.497675e+001
7.955056e+002,7.497819e+001
7.959877e+002,7.498030e+001
7.964698e+002,7.498276e+001
7.969520e+002,7.498493e+001
7.974341e+002,7.498609e+001
7.979162e+002,7.498550e+001
7.983983e+002,7.498251e+001
7.988805e+002,7.497687e+001
7.993625e+002,7.496866e+001
7.998447e+002,7.495854e+001
8.003268e+002,7.494753e+001
8.008090e+002,7.493671e+001
8.012911e+002,7.492702e+001
8.017732e+002,7.491885e+001
8.022553e+002,7.491209e+001
8.027374e+002,7.490625e+001
8.032196e+002,7.490076e+001
8.037017e+002,7.489524e+001
8.041838e+002,7.488979e+001
8.046660e+002,7.488489e+001
8.051481e+002,7.488103e+001
8.056302e+002,7.487854e+001
8.061123e+002,7.487717e+001
8.065945e+002,7.487613e+001
8.070765e+002,7.487419e+001
8.075587e+002,7.487010e+001
8.080408e+002,7.486298e+001
8.085229e+002,7.485258e+001
8.090051e+002,7.483931e+001
8.094872e+002,7.482407e+001
8.099694e+002,7.480805e+001
8.104514e+002,7.479233e+001
8.109336e+002,7.477768e+001
8.114156e+002,7.476433e+001
8.118978e+002,7.475208e+001
8.123799e+002,7.474029e+001
8.128621e+002,7.472803e+001
8.133442e+002,7.471443e+001
8.138263e+002,7.469892e+001
8.143085e+002,7.468149e+001
8.147905e+002,7.466293e+001
8.152727e+002,7.464470e+001
8.157548e+002,7.462871e+001
8.162369e+002,7.461669e+001
8.167191e+002,7.460993e+001
8.172012e+002,7.460863e+001
8.176833e+002,7.461198e+001
8.181654e+002,7.461831e+001
8.186476e+002,7.462560e+001
8.191296e+002,7.463201e+001
8.196118e+002,7.463644e+001
8.200939e+002,7.463849e+001
8.205760e+002,7.463843e+001
8.210582e+002,7.463688e+001
8.215403e+002,7.463440e+001
8.220225e+002,7.463121e+001
8.225045e+002,7.462713e+001
8.229867e+002,7.462165e+001
8.234688e+002,7.461430e+001
8.239509e+002,7.460471e+001
8.244330e+002,7.459278e+001
8.249152e+002,7.457877e+001
8.253973e+002,7.456334e+001
8.258794e+002,7.454736e+001
8.263616e+002,7.453194e+001
8.268437e+002,7.451818e+001
8.273258e+002,7.450703e+001
8.278079e+002,7.449911e+001
8.282900e+002,7.449439e+001
8.287722e+002,7.449236e+001
8.292543e+002,7.449197e+001
8.297365e+002,7.449201e+001
8.302185e+002,7.449139e+001
8.307007e+002,7.448943e+001
8.311828e+002,7.448606e+001
8.316649e+002,7.448161e+001
8.321470e+002,7.447664e+001
8.326292e+002,7.447157e+001
8.331113e+002,7.446658e+001
8.335934e+002,7.446154e+001
8.340756e+002,7.445618e+001
8.345577e+002,7.445019e+001
8.350398e+002,7.444353e+001
8.355219e+002,7.443623e+001
8.360040e+002,7.442844e+001
8.364862e+002,7.442012e+001
8.369683e+002,7.441089e+001
8.374504e+002,7.440015e+001
8.379325e+002,7.438718e+001
8.384147e+002,7.437135e+001
8.388968e+002,7.435255e+001
8.393789e+002,7.433116e+001
8.398610e+002,7.430805e+001
8.403431e+002,7.428442e+001
8.408253e+002,7.426149e+001
8.413074e+002,7.424030e+001
8.417896e+002,7.422154e+001
8.422717e+002,7.420554e+001
8.427538e+002,7.419224e+001
8.432359e+002,7.418130e+001
8.437180e+002,7.417228e+001
8.442002e+002,7.416470e+001
8.446823e+002,7.415830e+001
8.451644e+002,7.415310e+001
8.456465e+002,7.414941e+001
8.461287e+002,7.414788e+001
8.466108e+002,7.414922e+001
8.470929e+002,7.415383e+001
8.475751e+002,7.416165e+001
8.480571e+002,7.417184e+001
8.485393e+002,7.418298e+001
8.490214e+002,7.419331e+001
8.495035e+002,7.420111e+001
8.499857e+002,7.420512e+001
8.504678e+002,7.420477e+001
8.509499e+002,7.420012e+001
8.514320e+002,7.419167e+001
8.519142e+002,7.418005e+001
8.523962e+002,7.416577e+001
8.528784e+002,7.414922e+001
8.533605e+002,7.413063e+001
8.538427e+002,7.411029e+001
8.543248e+002,7.408863e+001
8.548069e+002,7.406630e+001
8.552891e+002,7.404402e+001
8.557711e+002,7.402245e+001
8.562533e+002,7.400208e+001
8.567354e+002,7.398324e+001
8.572175e+002,7.396606e+001
8.576996e+002,7.395068e+001
8.581818e+002,7.393716e+001
8.586639e+002,7.392558e+001
8.591460e+002,7.391588e+001
8.596282e+002,7.390779e+001
8.601102e+002,7.390102e+001
8.605924e+002,7.389523e+001
8.610745e+002,7.389025e+001
8.615566e+002,7.388626e+001
8.620388e+002,7.388367e+001
8.625209e+002,7.388293e+001
8.630031e+002,7.388419e+001
8.634851e+002,7.388689e+001
8.639673e+002,7.388995e+001
8.644494e+002,7.389171e+001
8.649315e+002,7.389040e+001
8.654136e+002,7.388477e+001
8.658958e+002,7.387449e+001
8.663779e+002,7.386016e+001
8.668600e+002,7.384329e+001
8.673422e+002,7.382568e+001
8.678242e+002,7.380909e+001
8.683064e+002,7.379467e+001
8.687885e+002,7.378277e+001
8.692706e+002,7.377315e+001
8.697527e+002,7.376517e+001
8.702349e+002,7.375814e+001
8.707170e+002,7.375153e+001
8.711991e+002,7.374522e+001
8.716813e+002,7.373940e+001
8.721634e+002,7.373456e+001
8.726455e+002,7.373114e+001
8.731276e+002,7.372949e+001
8.736097e+002,7.372965e+001
8.740919e+002,7.373121e+001
8.745740e+002,7.373334e+001
8.750562e+002,7.373499e+001
8.755382e+002,7.373501e+001
8.760204e+002,7.373244e+001
8.765025e+002,7.372685e+001
8.769846e+002,7.371825e+001
8.774668e+002,7.370721e+001
8.779489e+002,7.369457e+001
8.784310e+002,7.368118e+001
8.789131e+002,7.366766e+001
8.793953e+002,7.365439e+001
8.798774e+002,7.364156e+001
8.803595e+002,7.362941e+001
8.808416e+002,7.361825e+001
8.813237e+002,7.360872e+001
8.818059e+002,7.360162e+001
8.822880e+002,7.359763e+001
8.827701e+002,7.359698e+001
8.832523e+002,7.359950e+001
8.837344e+002,7.360443e+001
8.842165e+002,7.361062e+001
8.846986e+002,7.361686e+001
8.851808e+002,7.362200e+001
8.856628e+002,7.362516e+001
8.861450e+002,7.362572e+001
8.866271e+002,7.362327e+001
8.871093e+002,7.361766e+001
8.875914e+002,7.360891e+001
8.880735e+002,7.359732e+001
8.885556e+002,7.358358e+001
8.890377e+002,7.356863e+001
8.895199e+002,7.355362e+001
8.900020e+002,7.353952e+001
8.904841e+002,7.352699e+001
8.909662e+002,7.351626e+001
8.914484e+002,7.350710e+001
8.919305e+002,7.349901e+001
8.924126e+002,7.349149e+001
8.928948e+002,7.348425e+001
8.933768e+002,7.347719e+001
8.938590e+002,7.347038e+001
8.943411e+002,7.346375e+001
8.948232e+002,7.345721e+001
8.953054e+002,7.345029e+001
8.957875e+002,7.344253e+001
8.962697e+002,7.343343e+001
8.967517e+002,7.342291e+001
8.972339e+002,7.341113e+001
8.977159e+002,7.339874e+001
8.981981e+002,7.338651e+001
8.986802e+002,7.337531e+001
8.991624e+002,7.336579e+001
8.996445e+002,7.335831e+001
9.001266e+002,7.335285e+001
9.006088e+002,7.334896e+001
9.010908e+002,7.334590e+001
9.015730e+002,7.334262e+001
9.020551e+002,7.333807e+001
9.025372e+002,7.333140e+001
9.030193e+002,7.332217e+001
9.035015e+002,7.331066e+001
9.039836e+002,7.329779e+001
9.044657e+002,7.328502e+001
9.049479e+002,7.327393e+001
9.054299e+002,7.326576e+001
9.059121e+002,7.326097e+001
9.063942e+002,7.325916e+001
9.068763e+002,7.325904e+001
9.073585e+002,7.325900e+001
9.078406e+002,7.325743e+001
9.083228e+002,7.325326e+001
9.088048e+002,7.324620e+001
9.092870e+002,7.323669e+001
9.097691e+002,7.322576e+001
9.102512e+002,7.321455e+001
9.107333e+002,7.320411e+001
9.112155e+002,7.319510e+001
9.116976e+002,7.318768e+001
9.121797e+002,7.318157e+001
9.126619e+002,7.317611e+001
9.131440e+002,7.317041e+001
9.136261e+002,7.316347e+001
9.141082e+002,7.315449e+001
9.145903e+002,7.314301e+001
9.150724e+002,7.312910e+001
9.155546e+002,7.311343e+001
9.160367e+002,7.309716e+001
9.165189e+002,7.308168e+001
9.170010e+002,7.306828e+001
9.174831e+002,7.305773e+001
9.179652e+002,7.305024e+001
9.184473e+002,7.304534e+001
9.189294e+002,7.304217e+001
9.194116e+002,7.303971e+001
9.198937e+002,7.303721e+001
9.203759e+002,7.303416e+001
9.208580e+002,7.303053e+001
9.213401e+002,7.302645e+001
9.218222e+002,7.302218e+001
9.223043e+002,7.301792e+001
9.227864e+002,7.301375e+001
9.232686e+002,7.300964e+001
9.237507e+002,7.300539e+001
9.242328e+002,7.300079e+001
9.247150e+002,7.299549e+001
9.251971e+002,7.298909e+001
9.256792e+002,7.298124e+001
9.261613e+002,7.297178e+001
9.266434e+002,7.296078e+001
9.271255e+002,7.294875e+001
9.276077e+002,7.293654e+001
9.280898e+002,7.292513e+001
9.285720e+002,7.291547e+001
9.290541e+002,7.290815e+001
9.295362e+002,7.290327e+001
9.300183e+002,7.290048e+001
9.305004e+002,7.289906e+001
9.309826e+002,7.289820e+001
9.314647e+002,7.289722e+001
9.319468e+002,7.289565e+001
9.324290e+002,7.289316e+001
9.329111e+002,7.288951e+001
9.333932e+002,7.288456e+001
9.338753e+002,7.287805e+001
9.343574e+002,7.286986e+001
9.348396e+002,7.285993e+001
9.353217e+002,7.284858e+001
9.358038e+002,7.283621e+001
9.362859e+002,7.282345e+001
9.367681e+002,7.281087e+001
9.372502e+002,7.279893e+001
9.377323e+002,7.278783e+001
9.382144e+002,7.277763e+001
9.386966e+002,7.276823e+001
9.391787e+002,7.275948e+001
9.396608e+002,7.275126e+001
9.401429e+002,7.274348e+001
9.406251e+002,7.273605e+001
9.411072e+002,7.272889e+001
9.415893e+002,7.272192e+001
9.420714e+002,7.271516e+001
9.425536e+002,7.270866e+001
9.430357e+002,7.270256e+001
9.435178e+002,7.269693e+001
9.439999e+002,7.269178e+001
9.444821e+002,7.268692e+001
9.449642e+002,7.268201e+001
9.454463e+002,7.267671e+001
9.459284e+002,7.267079e+001
9.464106e+002,7.266428e+001
9.468927e+002,7.265749e+001
9.473748e+002,7.265092e+001
9.478569e+002,7.264515e+001
9.483391e+002,7.264049e+001
9.488212e+002,7.263705e+001
9.493033e+002,7.263460e+001
9.497855e+002,7.263275e+001
9.502676e+002,7.263115e+001
9.507497e+002,7.262952e+001
9.512318e+002,7.262774e+001
9.517139e+002,7.262572e+001
9.521960e+002,7.262337e+001
9.526782e+002,7.262048e+001
9.531603e+002,7.261680e+001
9.536425e+002,7.261197e+001
9.541246e+002,7.260587e+001
9.546067e+002,7.259850e+001
9.550888e+002,7.259009e+001
9.555709e+002,7.258090e+001
9.560530e+002,7.257120e+001
9.565352e+002,7.256113e+001
9.570173e+002,7.255079e+001
9.574995e+002,7.254018e+001
9.579816e+002,7.252930e+001
9.584637e+002,7.251828e+001
9.589458e+002,7.250719e+001
9.594279e+002,7.249599e+001
9.599100e+002,7.248454e+001
9.603922e+002,7.247259e+001
9.608743e+002,7.245995e+001
9.613564e+002,7.244669e+001
9.618386e+002,7.243335e+001
9.623207e+002,7.242085e+001
9.628028e+002,7.241048e+001
9.632849e+002,7.240334e+001
9.637670e+002,7.240018e+001
9.642491e+002,7.240095e+001
9.647313e+002,7.240482e+001
9.652134e+002,7.241037e+001
9.656956e+002,7.241573e+001
9.661777e+002,7.241920e+001
9.666598e+002,7.241952e+001
9.671419e+002,7.241602e+001
9.676240e+002,7.240867e+001
9.681061e+002,7.239812e+001
9.685883e+002,7.238539e+001
9.690704e+002,7.237182e+001
9.695526e+002,7.235876e+001
9.700347e+002,7.234739e+001
9.705168e+002,7.233851e+001
9.709989e+002,7.233237e+001
9.714810e+002,7.232857e+001
9.719631e+002,7.232624e+001
9.724453e+002,7.232426e+001
9.729274e+002,7.232155e+001
9.734095e+002,7.231728e+001
9.738917e+002,7.231119e+001
9.743738e+002,7.230341e+001
9.748559e+002,7.229435e+001
9.753380e+002,7.228441e+001
9.758201e+002,7.227393e+001
9.763023e+002,7.226311e+001
9.767844e+002,7.225209e+001
9.772665e+002,7.224105e+001
9.777487e+002,7.223051e+001
9.782308e+002,7.222095e+001
9.787129e+002,7.221289e+001
9.791950e+002,7.220654e+001
9.796771e+002,7.220171e+001
9.801593e+002,7.219774e+001
9.806414e+002,7.219373e+001
9.811235e+002,7.218869e+001
9.816057e+002,7.218198e+001
9.820878e+002,7.217342e+001
9.825699e+002,7.216339e+001
9.830520e+002,7.215265e+001
9.835342e+002,7.214220e+001
9.840163e+002,7.213309e+001
9.844984e+002,7.212618e+001
9.849805e+002,7.212209e+001
9.854626e+002,7.212103e+001
9.859448e+002,7.212278e+001
9.864269e+002,7.212662e+001
9.869090e+002,7.213134e+001
9.873912e+002,7.213549e+001
9.878733e+002,7.213751e+001
9.883554e+002,7.213610e+001
9.888375e+002,7.213050e+001
9.893196e+002,7.212065e+001
9.898018e+002,7.210721e+001
9.902839e+002,7.209127e+001
9.907660e+002,7.207419e+001
9.912482e+002,7.205725e+001
9.917303e+002,7.204150e+001
9.922124e+002,7.202768e+001
9.926945e+002,7.201621e+001
9.931766e+002,7.200733e+001
9.936588e+002,7.200093e+001
9.941409e+002,7.199670e+001
9.946230e+002,7.199397e+001
9.951052e+002,7.199179e+001
9.955873e+002,7.198907e+001
9.960694e+002,7.198484e+001
9.965515e+002,7.197833e+001
9.970336e+002,7.196941e+001
9.975157e+002,7.195839e+001
9.979979e+002,7.194604e+001
9.984800e+002,7.193326e+001
9.989622e+002,7.192085e+001
9.994443e+002,7.190937e+001
9.999264e+002,7.189898e+001
1.000409e+003,7.188952e+001
1.000891e+003,7.188072e+001
1.001373e+003,7.187224e+001
1.001855e+003,7.186385e+001
1.002337e+003,7.185545e+001
1.002819e+003,7.184715e+001
1.003301e+003,7.183917e+001
1.003783e+003,7.183188e+001
1.004266e+003,7.182560e+001
1.004748e+003,7.182063e+001
1.005230e+003,7.181698e+001
1.005712e+003,7.181439e+001
1.006194e+003,7.181230e+001
1.006676e+003,7.181001e+001
1.007158e+003,7.180687e+001
1.007640e+003,7.180254e+001
1.008122e+003,7.179713e+001
1.008605e+003,7.179117e+001
1.009087e+003,7.178544e+001
1.009569e+003,7.178057e+001
1.010051e+003,7.177686e+001
1.010533e+003,7.177404e+001
1.011015e+003,7.177142e+001
1.011497e+003,7.176811e+001
1.011979e+003,7.176331e+001
1.012462e+003,7.175658e+001
1.012944e+003,7.174789e+001
1.013426e+003,7.173741e+001
1.013908e+003,7.172538e+001
1.014390e+003,7.171185e+001
1.014872e+003,7.169665e+001
1.015354e+003,7.167950e+001
1.015836e+003,7.166028e+001
1.016319e+003,7.163937e+001
1.016801e+003,7.161763e+001
1.017283e+003,7.159644e+001
1.017765e+003,7.157733e+001
1.018247e+003,7.156166e+001
1.018729e+003,7.155030e+001
1.019211e+003,7.154345e+001
1.019693e+003,7.154064e+001
1.020176e+003,7.154095e+001
1.020658e+003,7.154315e+001
1.021140e+003,7.154600e+001
1.021622e+003,7.154850e+001
1.022104e+003,7.154995e+001
1.022586e+003,7.155003e+001
1.023068e+003,7.154879e+001
1.023550e+003,7.154656e+001
1.024033e+003,7.154377e+001
1.024515e+003,7.154076e+001
1.024997e+003,7.153760e+001
1.025479e+003,7.153403e+001
1.025961e+003,7.152953e+001
1.026443e+003,7.152341e+001
1.026925e+003,7.151526e+001
1.027407e+003,7.150497e+001
1.027890e+003,7.149300e+001
1.028372e+003,7.148016e+001
1.028854e+003,7.146736e+001
1.029336e+003,7.145535e+001
1.029818e+003,7.144441e+001
1.030300e+003,7.143436e+001
1.030782e+003,7.142464e+001
1.031264e+003,7.141453e+001
1.031747e+003,7.140354e+001
1.032229e+003,7.139145e+001
1.032711e+003,7.137844e+001
1.033193e+003,7.136489e+001
1.033675e+003,7.135133e+001
1.034157e+003,7.133818e+001
1.034639e+003,7.132578e+001
1.035121e+003,7.131429e+001
1.035604e+003,7.130387e+001
1.036086e+003,7.129458e+001
1.036568e+003,7.128631e+001
1.037050e+003,7.127884e+001
1.037532e+003,7.127172e+001
1.038014e+003,7.126434e+001
1.038496e+003,7.125613e+001
1.038979e+003,7.124664e+001
1.039461e+003,7.123580e+001
1.039943e+003,7.122385e+001
1.040425e+003,7.121129e+001
1.040907e+003,7.119883e+001
1.041389e+003,7.118706e+001
1.041871e+003,7.117637e+001
1.042353e+003,7.116692e+001
1.042835e+003,7.115860e+001
1.043318e+003,7.115113e+001
1.043800e+003,7.114407e+001
1.044282e+003,7.113688e+001
1.044764e+003,7.112900e+001
1.045246e+003,7.111990e+001
1.045728e+003,7.110921e+001
1.046210e+003,7.109684e+001
1.046692e+003,7.108305e+001
1.047175e+003,7.106835e+001
1.047657e+003,7.105354e+001
1.048139e+003,7.103928e+001
1.048621e+003,7.102598e+001
1.049103e+003,7.101368e+001
1.049585e+003,7.100204e+001
1.050067e+003,7.099059e+001
1.050549e+003,7.097887e+001
1.051031e+003,7.096674e+001
1.051514e+003,7.095432e+001
1.051996e+003,7.094199e+001
1.052478e+003,7.093020e+001
1.052960e+003,7.091925e+001
1.053442e+003,7.090917e+001
1.053924e+003,7.089981e+001
1.054406e+003,7.089085e+001
1.054889e+003,7.088198e+001
1.055371e+003,7.087301e+001
1.055853e+003,7.086378e+001
1.056335e+003,7.085417e+001
1.056817e+003,7.084397e+001
1.057299e+003,7.083286e+001
1.057781e+003,7.082041e+001
1.058263e+003,7.080625e+001
1.058746e+003,7.079018e+001
1.059228e+003,7.077213e+001
1.059710e+003,7.075237e+001
1.060192e+003,7.073134e+001
1.060674e+003,7.070969e+001
1.061156e+003,7.068812e+001
1.061638e+003,7.066736e+001
1.062120e+003,7.064812e+001
1.062603e+003,7.063095e+001
1.063085e+003,7.061603e+001
1.063567e+003,7.060316e+001
1.064049e+003,7.059164e+001
1.064531e+003,7.058044e+001
1.065013e+003,7.056834e+001
1.065495e+003,7.055444e+001
1.065977e+003,7.053828e+001
1.066460e+003,7.052007e+001
1.066942e+003,7.050067e+001
1.067424e+003,7.048118e+001
1.067906e+003,7.046259e+001
1.068388e+003,7.044546e+001
1.068870e+003,7.042981e+001
1.069352e+003,7.041502e+001
1.069834e+003,7.040021e+001
1.070317e+003,7.038445e+001
1.070799e+003,7.036708e+001
1.071281e+003,7.034779e+001
1.071763e+003,7.032665e+001
1.072245e+003,7.030402e+001
1.072727e+003,7.028039e+001
1.073209e+003,7.025637e+001
1.073691e+003,7.023253e+001
1.074174e+003,7.020950e+001
1.074656e+003,7.018770e+001
1.075138e+003,7.016742e+001
1.075620e+003,7.014859e+001
1.076102e+003,7.013084e+001
1.076584e+003,7.011350e+001
1.077066e+003,7.009576e+001
1.077548e+003,7.007684e+001
1.078031e+003,7.005622e+001
1.078513e+003,7.003362e+001
1.078995e+003,7.000909e+001
1.079477e+003,6.998279e+001
1.079959e+003,6.995499e+001
1.080441e+003,6.992587e+001
1.080923e+003,6.989568e+001
1.081406e+003,6.986462e+001
1.081888e+003,6.983299e+001
1.082370e+003,6.980107e+001
1.082852e+003,6.976913e+001
1.083334e+003,6.973721e+001
1.083816e+003,6.970522e+001
1.084298e+003,6.967274e+001
1.084780e+003,6.963931e+001
1.085262e+003,6.960445e+001
1.085745e+003,6.956791e+001
1.086227e+003,6.952969e+001
1.086709e+003,6.949010e+001
1.087191e+003,6.944956e+001
1.087673e+003,6.940859e+001
1.088155e+003,6.936755e+001
1.088637e+003,6.932671e+001
1.089119e+003,6.928607e+001
1.089602e+003,6.924550e+001
1.090084e+003,6.920459e+001
1.090566e+003,6.916266e+001
1.091048e+003,6.911892e+001
1.091530e+003,6.907245e+001
1.092012e+003,6.902242e+001
1.092494e+003,6.896829e+001
1.092976e+003,6.890995e+001
1.093458e+003,6.884785e+001
1.093941e+003,6.878298e+001
1.094423e+003,6.871673e+001
1.094905e+003,6.865049e+001
1.095387e+003,6.858562e+001
1.095869e+003,6.852315e+001
1.096351e+003,6.846362e+001
1.096833e+003,6.840711e+001
1.097316e+003,6.835331e+001
1.097798e+003,6.830144e+001
1.098280e+003,6.825050e+001
1.098762e+003,6.819934e+001
1.099244e+003,6.814697e+001
1.099726e+003,6.809274e+001
1.100208e+003,6.803668e+001
1.100690e+003,6.797955e+001
1.101173e+003,6.792282e+001
1.101655e+003,6.786829e+001
1.102137e+003,6.781776e+001
1.102619e+003,6.777242e+001
1.103101e+003,6.773277e+001
1.103583e+003,6.769834e+001
1.104065e+003,6.766795e+001
1.104547e+003,6.764016e+001
1.105030e+003,6.761369e+001
1.105512e+003,6.758781e+001
1.105994e+003,6.756248e+001
1.106476e+003,6.753827e+001
1.106958e+003,6.751612e+001
1.107440e+003,6.749699e+001
1.107922e+003,6.748154e+001
1.108404e+003,6.747009e+001
1.108886e+003,6.746254e+001
1.109369e+003,6.745855e+001
1.109851e+003,6.745779e+001
1.110333e+003,6.745998e+001
1.110815e+003,6.746514e+001
1.111297e+003,6.747353e+001
1.111779e+003,6.748559e+001
1.112261e+003,6.750179e+001
1.112744e+003,6.752249e+001
1.113226e+003,6.754778e+001
1.113708e+003,6.757745e+001
1.114190e+003,6.761083e+001
1.114672e+003,6.764706e+001
1.115154e+003,6.768508e+001
1.115636e+003,6.772392e+001
1.116118e+003,6.776284e+001
1.116601e+003,6.780153e+001
1.117083e+003,6.783999e+001
1.117565e+003,6.787860e+001
1.118047e+003,6.791786e+001
1.118529e+003,6.795825e+001
1.119011e+003,6.800006e+001
1.119493e+003,6.804329e+001
1.119975e+003,6.808764e+001
1.120458e+003,6.813255e+001
1.120940e+003,6.817731e+001
1.121422e+003,6.822113e+001
1.121904e+003,6.826334e+001
1.122386e+003,6.830337e+001
1.122868e+003,6.834097e+001
1.123350e+003,6.837623e+001
1.123832e+003,6.840945e+001
1.124314e+003,6.844122e+001
1.124797e+003,6.847219e+001
1.125279e+003,6.850290e+001
1.125761e+003,6.853369e+001
1.126243e+003,6.856468e+001
1.126725e+003,6.859576e+001
1.127207e+003,6.862672e+001
1.127689e+003,6.865734e+001
1.128172e+003,6.868746e+001
1.128654e+003,6.871690e+001
1.129136e+003,6.874550e+001
1.129618e+003,6.877304e+001
1.130100e+003,6.879925e+001
1.130582e+003,6.882389e+001
1.131064e+003,6.884687e+001
1.131546e+003,6.886838e+001
1.132029e+003,6.888884e+001
1.132511e+003,6.890884e+001
1.132993e+003,6.892888e+001
1.133475e+003,6.894913e+001
1.133957e+003,6.896939e+001
1.134439e+003,6.898902e+001
1.134921e+003,6.900724e+001
1.135403e+003,6.902330e+001
1.135885e+003,6.903686e+001
1.136368e+003,6.904802e+001
1.136850e+003,6.905738e+001
1.137332e+003,6.906586e+001
1.137814e+003,6.907446e+001
1.138296e+003,6.908398e+001
1.138778e+003,6.909502e+001
1.139260e+003,6.910783e+001
1.139742e+003,6.912239e+001
1.140225e+003,6.913837e+001
1.140707e+003,6.915528e+001
1.141189e+003,6.917243e+001
1.141671e+003,6.918909e+001
1.142153e+003,6.920441e+001
1.142635e+003,6.921781e+001
1.143117e+003,6.922887e+001
1.143599e+003,6.923763e+001
1.144082e+003,6.924437e+001
1.144564e+003,6.924969e+001
1.145046e+003,6.925422e+001
1.145528e+003,6.925851e+001
1.146010e+003,6.926292e+001
1.146492e+003,6.926755e+001
1.146974e+003,6.927225e+001
1.147457e+003,6.927681e+001
1.147939e+003,6.928091e+001
1.148421e+003,6.928421e+001
1.148903e+003,6.928644e+001
1.149385e+003,6.928735e+001
1.149867e+003,6.928685e+001
1.150349e+003,6.928508e+001
1.150831e+003,6.928237e+001
1.151313e+003,6.927927e+001
1.151796e+003,6.927636e+001
1.152278e+003,6.927412e+001
1.152760e+003,6.927267e+001
1.153242e+003,6.927180e+001
1.153724e+003,6.927091e+001
1.154206e+003,6.926928e+001
1.154688e+003,6.926625e+001
1.155170e+003,6.926143e+001
1.155653e+003,6.925475e+001
1.156135e+003,6.924647e+001
1.156617e+003,6.923693e+001
1.157099e+003,6.922641e+001
1.157581e+003,6.921508e+001
1.158063e+003,6.920296e+001
1.158545e+003,6.919001e+001
1.159027e+003,6.917633e+001
1.159510e+003,6.916230e+001
1.159992e+003,6.914841e+001
1.160474e+003,6.913528e+001
1.160956e+003,6.912350e+001
1.161438e+003,6.911337e+001
1.161920e+003,6.910483e+001
1.162402e+003,6.909759e+001
1.162885e+003,6.909110e+001
1.163367e+003,6.908472e+001
1.163849e+003,6.907788e+001
1.164331e+003,6.907008e+001
1.164813e+003,6.906108e+001
1.165295e+003,6.905084e+001
1.165777e+003,6.903953e+001
1.166259e+003,6.902745e+001
1.166741e+003,6.901505e+001
1.167224e+003,6.900273e+001
1.167706e+003,6.899083e+001
1.168188e+003,6.897945e+001
1.168670e+003,6.896844e+001
1.169152e+003,6.895756e+001
1.169634e+003,6.894648e+001
1.170116e+003,6.893502e+001
1.170598e+003,6.892315e+001
1.171081e+003,6.891103e+001
1.171563e+003,6.889907e+001
1.172045e+003,6.888762e+001
1.172527e+003,6.887706e+001
1.173009e+003,6.886758e+001
1.173491e+003,6.885928e+001
1.173973e+003,6.885206e+001
1.174455e+003,6.884573e+001
1.174938e+003,6.883994e+001
1.175420e+003,6.883424e+001
1.175902e+003,6.882813e+001
1.176384e+003,6.882106e+001
1.176866e+003,6.881264e+001
1.177348e+003,6.880270e+001
1.177830e+003,6.879138e+001
1.178313e+003,6.877924e+001
1.178795e+003,6.876694e+001
1.179277e+003,6.875513e+001
1.179759e+003,6.874432e+001
1.180241e+003,6.873463e+001
1.180723e+003,6.872586e+001
1.181205e+003,6.871768e+001
1.181687e+003,6.870977e+001
1.182169e+003,6.870203e+001
1.182652e+003,6.869462e+001
1.183134e+003,6.868781e+001
1.183616e+003,6.868196e+001
1.184098e+003,6.867716e+001
1.184580e+003,6.867321e+001
1.185062e+003,6.866970e+001
1.185544e+003,6.866599e+001
1.186026e+003,6.866156e+001
1.186509e+003,6.865601e+001
1.186991e+003,6.864924e+001
1.187473e+003,6.864124e+001
1.187955e+003,6.863216e+001
1.188437e+003,6.862206e+001
1.188919e+003,6.861097e+001
1.189401e+003,6.859882e+001
1.189883e+003,6.858554e+001
1.190366e+003,6.857105e+001
1.190848e+003,6.855538e+001
1.191330e+003,6.853868e+001
1.191812e+003,6.852119e+001
1.192294e+003,6.850323e+001
1.192776e+003,6.848530e+001
1.193258e+003,6.846796e+001
1.193740e+003,6.845187e+001
1.194223e+003,6.843761e+001
1.194705e+003,6.842566e+001
1.195187e+003,6.841618e+001
1.195669e+003,6.840903e+001
1.196151e+003,6.840379e+001
1.196633e+003,6.839984e+001
1.197115e+003,6.839655e+001
1.197597e+003,6.839343e+001
1.198080e+003,6.839016e+001
1.198562e+003,6.838663e+001
1.199044e+003,6.838277e+001
1.199526e+003,6.837852e+001
1.200008e+003,6.837368e+001
1.200490e+003,6.836800e+001
1.200972e+003,6.836120e+001
1.201454e+003,6.835310e+001
1.201937e+003,6.834364e+001
1.202419e+003,6.833302e+001
1.202901e+003,6.832150e+001
1.203383e+003,6.830951e+001
1.203865e+003,6.829751e+001
1.204347e+003,6.828595e+001
1.204829e+003,6.827516e+001
1.205312e+003,6.826548e+001
1.205794e+003,6.825698e+001
1.206276e+003,6.824957e+001
1.206758e+003,6.824294e+001
1.207240e+003,6.823660e+001
1.207722e+003,6.823000e+001
1.208204e+003,6.822275e+001
1.208686e+003,6.821474e+001
1.209168e+003,6.820621e+001
1.209651e+003,6.819768e+001
1.210133e+003,6.818983e+001
1.210615e+003,6.818317e+001
1.211097e+003,6.817793e+001
1.211579e+003,6.817390e+001
1.212061e+003,6.817053e+001
1.212543e+003,6.816702e+001
1.213025e+003,6.816269e+001
1.213508e+003,6.815703e+001
1.213990e+003,6.814983e+001
1.214472e+003,6.814127e+001
1.214954e+003,6.813162e+001
1.215436e+003,6.812125e+001
1.215918e+003,6.811047e+001
1.216400e+003,6.809953e+001
1.216882e+003,6.808858e+001
1.217365e+003,6.807781e+001
1.217847e+003,6.806741e+001
1.218329e+003,6.805753e+001
1.218811e+003,6.804842e+001
1.219293e+003,6.804025e+001
1.219775e+003,6.803319e+001
1.220257e+003,6.802723e+001
1.220740e+003,6.802238e+001
1.221222e+003,6.801849e+001
1.221704e+003,6.801520e+001
1.222186e+003,6.801211e+001
1.222668e+003,6.800874e+001
1.223150e+003,6.800461e+001
1.223632e+003,6.799936e+001
1.224114e+003,6.799275e+001
1.224596e+003,6.798489e+001
1.225079e+003,6.797592e+001
1.225561e+003,6.796611e+001
1.226043e+003,6.795569e+001
1.226525e+003,6.794481e+001
1.227007e+003,6.793352e+001
1.227489e+003,6.792184e+001
1.227971e+003,6.790995e+001
1.228453e+003,6.789814e+001
1.228936e+003,6.788681e+001
1.229418e+003,6.787648e+001
1.229900e+003,6.786748e+001
1.230382e+003,6.785992e+001
1.230864e+003,6.785358e+001
1.231346e+003,6.784800e+001
1.231828e+003,6.784258e+001
1.232310e+003,6.783674e+001
1.232792e+003,6.783006e+001
1.233275e+003,6.782243e+001
1.233757e+003,6.781380e+001
1.234239e+003,6.780448e+001
1.234721e+003,6.779467e+001
1.235203e+003,6.778458e+001
1.235685e+003,6.777446e+001
1.236167e+003,6.776448e+001
1.236650e+003,6.775476e+001
1.237132e+003,6.774547e+001
1.237614e+003,6.773669e+001
1.238096e+003,6.772855e+001
1.238578e+003,6.772105e+001
1.239060e+003,6.771419e+001
1.239542e+003,6.770792e+001
1.240024e+003,6.770216e+001
1.240507e+003,6.769675e+001
1.240989e+003,6.769144e+001
1.241471e+003,6.768592e+001
1.241953e+003,6.767981e+001
1.242435e+003,6.767280e+001
1.242917e+003,6.766473e+001
1.243399e+003,6.765572e+001
1.243881e+003,6.764615e+001
1.244364e+003,6.763654e+001
1.244846e+003,6.762749e+001
1.245328e+003,6.761944e+001
1.245810e+003,6.761257e+001
1.246292e+003,6.760677e+001
1.246774e+003,6.760168e+001
1.247256e+003,6.759680e+001
1.247738e+003,6.759171e+001
1.248220e+003,6.758606e+001
1.248703e+003,6.757974e+001
1.249185e+003,6.757270e+001
1.249667e+003,6.756500e+001
1.250149e+003,6.755680e+001
1.250631e+003,6.754823e+001
1.251113e+003,6.753951e+001
1.251595e+003,6.753091e+001
1.252078e+003,6.752269e+001
1.252560e+003,6.751505e+001
1.253042e+003,6.750803e+001
1.253524e+003,6.750157e+001
1.254006e+003,6.749533e+001
1.254488e+003,6.748896e+001
1.254970e+003,6.748212e+001
1.255452e+003,6.747464e+001
1.255935e+003,6.746651e+001
1.256417e+003,6.745787e+001
1.256899e+003,6.744891e+001
1.257381e+003,6.743976e+001
1.257863e+003,6.743049e+001
1.258345e+003,6.742107e+001
1.258827e+003,6.741145e+001
1.259309e+003,6.740166e+001
1.259792e+003,6.739183e+001
1.260274e+003,6.738215e+001
1.260756e+003,6.737283e+001
1.261238e+003,6.736404e+001
1.261720e+003,6.735575e+001
1.262202e+003,6.734785e+001
1.262684e+003,6.734013e+001
1.263166e+003,6.733240e+001
1.263648e+003,6.732435e+001
1.264131e+003,6.731578e+001
1.264613e+003,6.730646e+001
1.265095e+003,6.729615e+001
1.265577e+003,6.728468e+001
1.266059e+003,6.727195e+001
1.266541e+003,6.725816e+001
1.267023e+003,6.724370e+001
1.267505e+003,6.722930e+001
1.267988e+003,6.721571e+001
1.268470e+003,6.720367e+001
1.268952e+003,6.719363e+001
1.269434e+003,6.718568e+001
1.269916e+003,6.717958e+001
1.270398e+003,6.717467e+001
1.270880e+003,6.717030e+001
1.271363e+003,6.716568e+001
1.271845e+003,6.716031e+001
1.272327e+003,6.715382e+001
1.272809e+003,6.714611e+001
1.273291e+003,6.713730e+001
1.273773e+003,6.712765e+001
1.274255e+003,6.711753e+001
1.274737e+003,6.710738e+001
1.275219e+003,6.709755e+001
1.275702e+003,6.708829e+001
1.276184e+003,6.707967e+001
1.276666e+003,6.707155e+001
1.277148e+003,6.706358e+001
1.277630e+003,6.705538e+001
1.278112e+003,6.704659e+001
1.278594e+003,6.703702e+001
1.279076e+003,6.702668e+001
1.279559e+003,6.701577e+001
1.280041e+003,6.700455e+001
1.280523e+003,6.699331e+001
1.281005e+003,6.698221e+001
1.281487e+003,6.697130e+001
1.281969e+003,6.696047e+001
1.282451e+003,6.694960e+001
1.282933e+003,6.693848e+001
1.283416e+003,6.692692e+001
1.283898e+003,6.691473e+001
1.284380e+003,6.690185e+001
1.284862e+003,6.688831e+001
1.285344e+003,6.687429e+001
1.285826e+003,6.686014e+001
1.286308e+003,6.684636e+001
1.286791e+003,6.683349e+001
1.287273e+003,6.682192e+001
1.287755e+003,6.681193e+001
1.288237e+003,6.680338e+001
1.288719e+003,6.679596e+001
1.289201e+003,6.678918e+001
1.289683e+003,6.678255e+001
1.290165e+003,6.677581e+001
1.290647e+003,6.676882e+001
1.291130e+003,6.676167e+001
1.291612e+003,6.675447e+001
1.292094e+003,6.674736e+001
1.292576e+003,6.674028e+001
1.293058e+003,6.673312e+001
1.293540e+003,6.672572e+001
1.294022e+003,6.671793e+001
1.294504e+003,6.670972e+001
1.294987e+003,6.670110e+001
1.295469e+003,6.669215e+001
1.295951e+003,6.668284e+001
1.296433e+003,6.667301e+001
1.296915e+003,6.666245e+001
1.297397e+003,6.665089e+001
1.297879e+003,6.663829e+001
1.298361e+003,6.662471e+001
1.298844e+003,6.661045e+001
1.299326e+003,6.659594e+001
1.299808e+003,6.658158e+001
1.300290e+003,6.656768e+001
1.300772e+003,6.655435e+001
1.301254e+003,6.654147e+001
1.301736e+003,6.652888e+001
1.302219e+003,6.651637e+001
1.302701e+003,6.650377e+001
1.303183e+003,6.649113e+001
1.303665e+003,6.647868e+001
1.304147e+003,6.646671e+001
1.304629e+003,6.645564e+001
1.305111e+003,6.644573e+001
1.305593e+003,6.643718e+001
1.306075e+003,6.642981e+001
1.306558e+003,6.642321e+001
1.307040e+003,6.641663e+001
1.307522e+003,6.640915e+001
1.308004e+003,6.639985e+001
1.308486e+003,6.638804e+001
1.308968e+003,6.637348e+001
1.309450e+003,6.635640e+001
1.309932e+003,6.633752e+001
1.310415e+003,6.631792e+001
1.310897e+003,6.629866e+001
1.311379e+003,6.628072e+001
1.311861e+003,6.626465e+001
1.312343e+003,6.625051e+001
1.312825e+003,6.623792e+001
1.313307e+003,6.622611e+001
1.313789e+003,6.621422e+001
1.314272e+003,6.620136e+001
1.314754e+003,6.618688e+001
1.315236e+003,6.617046e+001
1.315718e+003,6.615222e+001
1.316200e+003,6.613272e+001
1.316682e+003,6.611286e+001
1.317164e+003,6.609385e+001
1.317646e+003,6.607694e+001
1.318129e+003,6.606316e+001
1.318611e+003,6.605315e+001
1.319093e+003,6.604687e+001
1.319575e+003,6.604370e+001
1.320057e+003,6.604258e+001
1.320539e+003,6.604215e+001
1.321021e+003,6.604123e+001
1.321503e+003,6.603884e+001
1.321986e+003,6.603449e+001
1.322468e+003,6.602803e+001
1.322950e+003,6.601966e+001
1.323432e+003,6.600978e+001
1.323914e+003,6.599879e+001
1.324396e+003,6.598706e+001
1.324878e+003,6.597485e+001
1.325360e+003,6.596220e+001
1.325843e+003,6.594910e+001
1.326325e+003,6.593542e+001
1.326807e+003,6.592111e+001
1.327289e+003,6.590623e+001
1.327771e+003,6.589107e+001
1.328253e+003,6.587615e+001
1.328735e+003,6.586212e+001
1.329218e+003,6.584962e+001
1.329700e+003,6.583899e+001
1.330182e+003,6.583026e+001
1.330664e+003,6.582290e+001
1.331146e+003,6.581601e+001
1.331628e+003,6.580845e+001
1.332110e+003,6.579913e+001
1.332592e+003,6.578720e+001
1.333074e+003,6.577223e+001
1.333557e+003,6.575405e+001
1.334039e+003,6.573270e+001
1.334521e+003,6.570831e+001
1.335003e+003,6.568082e+001
1.335485e+003,6.565012e+001
1.335967e+003,6.561617e+001
1.336449e+003,6.557924e+001
1.336931e+003,6.554014e+001
1.337414e+003,6.550049e+001
1.337896e+003,6.546255e+001
1.338378e+003,6.542923e+001
1.338860e+003,6.540325e+001
1.339342e+003,6.538680e+001
1.339824e+003,6.538068e+001
1.340306e+003,6.538424e+001
1.340788e+003,6.539534e+001
1.341271e+003,6.541088e+001
1.341753e+003,6.542748e+001
1.342235e+003,6.544220e+001
1.342717e+003,6.545295e+001
1.343199e+003,6.545871e+001
1.343681e+003,6.545947e+001
1.344163e+003,6.545606e+001
1.344646e+003,6.544968e+001
1.345128e+003,6.544158e+001
1.345610e+003,6.543259e+001
1.346092e+003,6.542305e+001
1.346574e+003,6.541286e+001
1.347056e+003,6.540161e+001
1.347538e+003,6.538896e+001
1.348020e+003,6.537493e+001
1.348502e+003,6.535987e+001
1.348985e+003,6.534457e+001
1.349467e+003,6.532981e+001
1.349949e+003,6.531625e+001
1.350431e+003,6.530415e+001
1.350913e+003,6.529327e+001
1.351395e+003,6.528307e+001
1.351877e+003,6.527296e+001
1.352359e+003,6.526239e+001
1.352842e+003,6.525118e+001
1.353324e+003,6.523943e+001
1.353806e+003,6.522752e+001
1.354288e+003,6.521587e+001
1.354770e+003,6.520487e+001
1.355252e+003,6.519472e+001
1.355734e+003,6.518522e+001
1.356216e+003,6.517599e+001
1.356698e+003,6.516626e+001
1.357181e+003,6.515501e+001
1.357663e+003,6.514117e+001
1.358145e+003,6.512350e+001
1.358627e+003,6.510103e+001
1.359109e+003,6.507317e+001
1.359591e+003,6.504001e+001
1.360073e+003,6.500267e+001
1.360556e+003,6.496333e+001
1.361038e+003,6.492522e+001
1.361520e+003,6.489226e+001
1.362002e+003,6.486826e+001
1.362484e+003,6.485605e+001
1.362966e+003,6.485643e+001
1.363448e+003,6.486800e+001
1.363930e+003,6.488733e+001
1.364413e+003,6.490997e+001
1.364895e+003,6.493145e+001
1.365377e+003,6.494820e+001
1.365859e+003,6.495799e+001
1.366341e+003,6.496017e+001
1.366823e+003,6.495539e+001
1.367305e+003,6.494542e+001
1.367787e+003,6.493244e+001
1.368270e+003,6.491849e+001
1.368752e+003,6.490482e+001
1.369234e+003,6.489159e+001
1.369716e+003,6.487793e+001
1.370198e+003,6.486226e+001
1.370680e+003,6.484297e+001
1.371162e+003,6.481921e+001
1.371644e+003,6.479112e+001
1.372126e+003,6.476033e+001
1.372609e+003,6.472970e+001
1.373091e+003,6.470284e+001
1.373573e+003,6.468325e+001
1.374055e+003,6.467333e+001
1.374537e+003,6.467357e+001
1.375019e+003,6.468244e+001
1.375501e+003,6.469692e+001
1.375984e+003,6.471352e+001
1.376466e+003,6.472912e+001
1.376948e+003,6.474176e+001
1.377430e+003,6.475076e+001
1.377912e+003,6.475652e+001
1.378394e+003,6.476006e+001
1.378876e+003,6.476269e+001
1.379358e+003,6.476543e+001
1.379841e+003,6.476878e+001
1.380323e+003,6.477261e+001
1.380805e+003,6.477623e+001
1.381287e+003,6.477851e+001
1.381769e+003,6.477826e+001
1.382251e+003,6.477425e+001
1.382733e+003,6.476557e+001
1.383215e+003,6.475152e+001
1.383698e+003,6.473190e+001
1.384180e+003,6.470693e+001
1.384662e+003,6.467757e+001
1.385144e+003,6.464548e+001
1.385626e+003,6.461327e+001
1.386108e+003,6.458414e+001
1.386590e+003,6.456150e+001
1.387072e+003,6.454813e+001
1.387554e+003,6.454527e+001
1.388037e+003,6.455202e+001
1.388519e+003,6.456567e+001
1.389001e+003,6.458216e+001
1.389483e+003,6.459720e+001
1.389965e+003,6.460707e+001
1.390447e+003,6.460910e+001
1.390929e+003,6.460172e+001
1.391411e+003,6.458447e+001
1.391894e+003,6.455778e+001
1.392376e+003,6.452303e+001
1.392858e+003,6.448241e+001
1.393340e+003,6.443886e+001
1.393822e+003,6.439580e+001
1.394304e+003,6.435648e+001
1.394786e+003,6.432325e+001
1.395269e+003,6.429698e+001
1.395751e+003,6.427702e+001
1.396233e+003,6.426175e+001
1.396715e+003,6.424940e+001
1.397197e+003,6.423897e+001
1.397679e+003,6.423051e+001
1.398161e+003,6.422518e+001
1.398643e+003,6.422440e+001
1.399125e+003,6.422909e+001
1.399608e+003,6.423880e+001
1.400090e+003,6.425144e+001
1.400572e+003,6.426373e+001
1.401054e+003,6.427200e+001
1.401536e+003,6.427319e+001
1.402018e+003,6.426547e+001
1.402500e+003,6.424864e+001
1.402982e+003,6.422415e+001
1.403465e+003,6.419479e+001
1.403947e+003,6.416427e+001
1.404429e+003,6.413638e+001
1.404911e+003,6.411419e+001
1.405393e+003,6.409915e+001
1.405875e+003,6.409104e+001
1.406357e+003,6.408801e+001
1.406839e+003,6.408739e+001
1.407322e+003,6.408647e+001
1.407804e+003,6.408298e+001
1.408286e+003,6.407561e+001
1.408768e+003,6.406399e+001
1.409250e+003,6.404861e+001
1.409732e+003,6.403072e+001
1.410214e+003,6.401173e+001
1.410697e+003,6.399297e+001
1.411179e+003,6.397511e+001
1.411661e+003,6.395813e+001
1.412143e+003,6.394118e+001
1.412625e+003,6.392290e+001
1.413107e+003,6.390166e+001
1.413589e+003,6.387606e+001
1.414071e+003,6.384500e+001
1.414553e+003,6.380799e+001
1.415036e+003,6.376498e+001
1.415518e+003,6.371646e+001
1.416000e+003,6.366346e+001
1.416482e+003,6.360772e+001
1.416964e+003,6.355191e+001
1.417446e+003,6.349979e+001
1.417928e+003,6.345577e+001
1.418410e+003,6.342390e+001
1.418893e+003,6.340627e+001
1.419375e+003,6.340173e+001
1.419857e+003,6.340602e+001
1.420339e+003,6.341324e+001
1.420821e+003,6.341795e+001
1.421303e+003,6.341668e+001
1.421785e+003,6.340834e+001
1.422267e+003,6.339395e+001
1.422750e+003,6.337599e+001
1.423232e+003,6.335766e+001
1.423714e+003,6.334192e+001
1.424196e+003,6.333059e+001
1.424678e+003,6.332381e+001
1.425160e+003,6.332000e+001
1.425642e+003,6.331633e+001
1.426125e+003,6.330966e+001
1.426607e+003,6.329735e+001
1.427089e+003,6.327792e+001
1.427571e+003,6.325125e+001
1.428053e+003,6.321872e+001
1.428535e+003,6.318276e+001
1.429017e+003,6.314651e+001
1.429499e+003,6.311312e+001
1.429981e+003,6.308473e+001
1.430464e+003,6.306207e+001
1.430946e+003,6.304428e+001
1.431428e+003,6.302919e+001
1.431910e+003,6.301401e+001
1.432392e+003,6.299599e+001
1.432874e+003,6.297287e+001
1.433356e+003,6.294322e+001
1.433838e+003,6.290658e+001
1.434321e+003,6.286362e+001
1.434803e+003,6.281645e+001
1.435285e+003,6.276878e+001
1.435767e+003,6.272577e+001
1.436249e+003,6.269299e+001
1.436731e+003,6.267456e+001
1.437213e+003,6.267136e+001
1.437696e+003,6.268066e+001
1.438177e+003,6.269732e+001
1.438660e+003,6.271573e+001
1.439142e+003,6.273129e+001
1.439624e+003,6.274109e+001
1.440106e+003,6.274382e+001
1.440588e+003,6.273947e+001
1.441070e+003,6.272880e+001
1.441552e+003,6.271303e+001
1.442035e+003,6.269334e+001
1.442517e+003,6.267058e+001
1.442999e+003,6.264506e+001
1.443481e+003,6.261665e+001
1.443963e+003,6.258490e+001
1.444445e+003,6.254955e+001
1.444927e+003,6.251068e+001
1.445409e+003,6.246904e+001
1.445892e+003,6.242611e+001
1.446374e+003,6.238399e+001
1.446856e+003,6.234497e+001
1.447338e+003,6.231114e+001
1.447820e+003,6.228367e+001
1.448302e+003,6.226245e+001
1.448784e+003,6.224607e+001
1.449266e+003,6.223219e+001
1.449749e+003,6.221805e+001
1.450231e+003,6.220114e+001
1.450713e+003,6.217954e+001
1.451195e+003,6.215201e+001
1.451677e+003,6.211802e+001
1.452159e+003,6.207748e+001
1.452641e+003,6.203046e+001
1.453124e+003,6.197685e+001
1.453605e+003,6.191619e+001
1.454088e+003,6.184781e+001
1.454570e+003,6.177111e+001
1.455052e+003,6.168663e+001
1.455534e+003,6.159737e+001
1.456016e+003,6.151037e+001
1.456498e+003,6.143689e+001
1.456980e+003,6.138971e+001
1.457463e+003,6.137764e+001
1.457945e+003,6.140072e+001
1.458427e+003,6.145038e+001
1.458909e+003,6.151404e+001
1.459391e+003,6.158004e+001
1.459873e+003,6.164007e+001
1.460355e+003,6.168914e+001
1.460837e+003,6.172468e+001
1.461320e+003,6.174569e+001
1.461802e+003,6.175227e+001
1.462284e+003,6.174540e+001
1.462766e+003,6.172712e+001
1.463248e+003,6.170060e+001
1.463730e+003,6.167027e+001
1.464212e+003,6.164114e+001
1.464694e+003,6.161786e+001
1.465177e+003,6.160328e+001
1.465659e+003,6.159774e+001
1.466141e+003,6.159891e+001
1.466623e+003,6.160287e+001
1.467105e+003,6.160522e+001
1.467587e+003,6.160209e+001
1.468069e+003,6.159056e+001
1.468552e+003,6.156859e+001
1.469033e+003,6.153518e+001
1.469516e+003,6.149019e+001
1.469998e+003,6.143460e+001
1.470480e+003,6.137091e+001
1.470962e+003,6.130338e+001
1.471444e+003,6.123813e+001
1.471926e+003,6.118229e+001
1.472408e+003,6.114217e+001
1.472891e+003,6.112101e+001
1.473373e+003,6.111810e+001
1.473855e+003,6.112937e+001
1.474337e+003,6.114968e+001
1.474819e+003,6.117456e+001
1.475301e+003,6.120123e+001
1.475783e+003,6.122831e+001
1.476265e+003,6.125494e+001
1.476748e+003,6.128028e+001
1.477230e+003,6.130310e+001
1.477712e+003,6.132179e+001
1.478194e+003,6.133491e+001
1.478676e+003,6.134158e+001
1.479158e+003,6.134185e+001
1.479640e+003,6.133674e+001
1.480122e+003,6.132802e+001
1.480604e+003,6.131773e+001
1.481087e+003,6.130764e+001
1.481569e+003,6.129868e+001
1.482051e+003,6.129056e+001
1.482533e+003,6.128203e+001
1.483015e+003,6.127108e+001
1.483497e+003,6.125556e+001
1.483979e+003,6.123372e+001
1.484461e+003,6.120434e+001
1.484944e+003,6.116692e+001
1.485426e+003,6.112170e+001
1.485908e+003,6.106960e+001
1.486390e+003,6.101217e+001
1.486872e+003,6.095180e+001
1.487354e+003,6.089157e+001
1.487836e+003,6.083549e+001
1.488319e+003,6.078829e+001
1.488801e+003,6.075486e+001
1.489283e+003,6.073906e+001
1.489765e+003,6.074242e+001
1.490247e+003,6.076301e+001
1.490729e+003,6.079553e+001
1.491211e+003,6.083276e+001
1.491693e+003,6.086737e+001
1.492176e+003,6.089339e+001
1.492658e+003,6.090682e+001
1.493140e+003,6.090574e+001
1.493622e+003,6.088979e+001
1.494104e+003,6.086009e+001
1.494586e+003,6.081915e+001
1.495068e+003,6.077084e+001
1.495550e+003,6.072029e+001
1.496032e+003,6.067336e+001
1.496515e+003,6.063554e+001
1.496997e+003,6.061063e+001
1.497479e+003,6.059981e+001
1.497961e+003,6.060163e+001
1.498443e+003,6.061289e+001
1.498925e+003,6.062962e+001
1.499407e+003,6.064805e+001
1.499890e+003,6.066489e+001
1.500372e+003,6.067753e+001
1.500854e+003,6.068383e+001
1.501336e+003,6.068208e+001
1.501818e+003,6.067081e+001
1.502300e+003,6.064869e+001
1.502782e+003,6.061431e+001
1.503264e+003,6.056616e+001
1.503747e+003,6.050248e+001
1.504229e+003,6.042179e+001
1.504711e+003,6.032382e+001
1.505193e+003,6.021151e+001
1.505675e+003,6.009374e+001
1.506157e+003,5.998666e+001
1.506639e+003,5.991014e+001
1.507121e+003,5.987841e+001
1.507604e+003,5.989167e+001
1.508086e+003,5.993726e+001
1.508568e+003,5.999840e+001
1.509050e+003,6.006171e+001
1.509532e+003,6.011959e+001
1.510014e+003,6.016902e+001
1.510496e+003,6.020954e+001
1.510979e+003,6.024161e+001
1.511460e+003,6.026561e+001
1.511943e+003,6.028138e+001
1.512425e+003,6.028823e+001
1.512907e+003,6.028516e+001
1.513389e+003,6.027139e+001
1.513871e+003,6.024680e+001
1.514353e+003,6.021235e+001
1.514835e+003,6.017037e+001
1.515318e+003,6.012447e+001
1.515800e+003,6.007912e+001
1.516282e+003,6.003857e+001
1.516764e+003,6.000550e+001
1.517246e+003,5.997984e+001
1.517728e+003,5.995887e+001
1.518210e+003,5.993808e+001
1.518692e+003,5.991296e+001
1.519175e+003,5.988042e+001
1.519657e+003,5.984017e+001
1.520139e+003,5.979523e+001
1.520621e+003,5.975183e+001
1.521103e+003,5.971771e+001
1.521585e+003,5.969930e+001
1.522067e+003,5.969864e+001
1.522549e+003,5.971255e+001
1.523031e+003,5.973445e+001
1.523514e+003,5.975736e+001
1.523996e+003,5.977619e+001
1.524478e+003,5.978867e+001
1.524960e+003,5.979519e+001
1.525442e+003,5.979819e+001
1.525924e+003,5.980120e+001
1.526406e+003,5.980759e+001
1.526888e+003,5.981963e+001
1.527371e+003,5.983762e+001
1.527853e+003,5.985989e+001
1.528335e+003,5.988330e+001
1.528817e+003,5.990410e+001
1.529299e+003,5.991887e+001
1.529781e+003,5.992497e+001
1.530263e+003,5.992101e+001
1.530746e+003,5.990704e+001
1.531228e+003,5.988479e+001
1.531710e+003,5.985783e+001
1.532192e+003,5.983146e+001
1.532674e+003,5.981172e+001
1.533156e+003,5.980368e+001
1.533638e+003,5.980912e+001
1.534120e+003,5.982546e+001
1.534603e+003,5.984648e+001
1.535085e+003,5.986477e+001
1.535567e+003,5.987375e+001
1.536049e+003,5.986874e+001
1.536531e+003,5.984676e+001
1.537013e+003,5.980632e+001
1.537495e+003,5.974712e+001
1.537977e+003,5.967059e+001
1.538459e+003,5.958111e+001
1.538942e+003,5.948746e+001
1.539424e+003,5.940283e+001
1.539906e+003,5.934185e+001
1.540388e+003,5.931437e+001
1.540870e+003,5.932062e+001
1.541352e+003,5.935227e+001
1.541834e+003,5.939840e+001
1.542316e+003,5.945056e+001
1.542799e+003,5.950458e+001
1.543281e+003,5.955972e+001
1.543763e+003,5.961669e+001
1.544245e+003,5.967593e+001
1.544727e+003,5.973652e+001
1.545209e+003,5.979576e+001
1.545691e+003,5.984999e+001
1.546174e+003,5.989545e+001
1.546656e+003,5.992925e+001
1.547138e+003,5.995009e+001
1.547620e+003,5.995840e+001
1.548102e+003,5.995633e+001
1.548584e+003,5.994734e+001
1.549066e+003,5.993555e+001
1.549548e+003,5.992477e+001
1.550031e+003,5.991752e+001
1.550513e+003,5.991442e+001
1.550995e+003,5.991418e+001
1.551477e+003,5.991431e+001
1.551959e+003,5.991207e+001
1.552441e+003,5.990525e+001
1.552923e+003,5.989261e+001
1.553405e+003,5.987386e+001
1.553887e+003,5.984921e+001
1.554370e+003,5.981897e+001
1.554852e+003,5.978278e+001
1.555334e+003,5.973954e+001
1.555816e+003,5.968735e+001
1.556298e+003,5.962447e+001
1.556780e+003,5.955072e+001
1.557262e+003,5.947023e+001
1.557744e+003,5.939465e+001
1.558227e+003,5.934473e+001
1.558709e+003,5.934392e+001
1.559191e+003,5.940313e+001
1.559673e+003,5.950968e+001
1.560155e+003,5.963547e+001
1.560637e+003,5.975499e+001
1.561119e+003,5.985460e+001
1.561602e+003,5.993087e+001
1.562083e+003,5.998580e+001
1.562566e+003,6.002338e+001
1.563048e+003,6.004797e+001
1.563530e+003,6.006355e+001
1.564012e+003,6.007359e+001
1.564494e+003,6.008063e+001
1.564976e+003,6.008606e+001
1.565458e+003,6.009004e+001
1.565941e+003,6.009174e+001
1.566423e+003,6.008996e+001
1.566905e+003,6.008386e+001
1.567387e+003,6.007357e+001
1.567869e+003,6.006079e+001
1.568351e+003,6.004882e+001
1.568833e+003,6.004196e+001
1.569315e+003,6.004411e+001
1.569798e+003,6.005711e+001
1.570280e+003,6.007955e+001
1.570762e+003,6.010717e+001
1.571244e+003,6.013446e+001
1.571726e+003,6.015651e+001
1.572208e+003,6.016977e+001
1.572690e+003,6.017245e+001
1.573172e+003,6.016416e+001
1.573655e+003,6.014596e+001
1.574137e+003,6.012041e+001
1.574619e+003,6.009204e+001
1.575101e+003,6.006731e+001
1.575583e+003,6.005376e+001
1.576065e+003,6.005770e+001
1.576547e+003,6.008150e+001
1.577030e+003,6.012247e+001
1.577511e+003,6.017428e+001
1.577994e+003,6.022983e+001
1.578476e+003,6.028345e+001
1.578958e+003,6.033168e+001
1.579440e+003,6.037305e+001
1.579922e+003,6.040736e+001
1.580404e+003,6.043511e+001
1.580886e+003,6.045711e+001
1.581369e+003,6.047435e+001
1.581851e+003,6.048772e+001
1.582333e+003,6.049822e+001
1.582815e+003,6.050671e+001
1.583297e+003,6.051405e+001
1.583779e+003,6.052090e+001
1.584261e+003,6.052779e+001
1.584743e+003,6.053493e+001
1.585226e+003,6.054235e+001
1.585708e+003,6.054982e+001
1.586190e+003,6.055707e+001
1.586672e+003,6.056383e+001
1.587154e+003,6.057003e+001
1.587636e+003,6.057579e+001
1.588118e+003,6.058140e+001
1.588600e+003,6.058726e+001
1.589083e+003,6.059374e+001
1.589565e+003,6.060110e+001
1.590047e+003,6.060941e+001
1.590529e+003,6.061854e+001
1.591011e+003,6.062829e+001
1.591493e+003,6.063838e+001
1.591975e+003,6.064861e+001
1.592458e+003,6.065894e+001
1.592939e+003,6.066954e+001
1.593422e+003,6.068080e+001
1.593904e+003,6.069331e+001
1.594386e+003,6.070770e+001
1.594868e+003,6.072441e+001
1.595350e+003,6.074359e+001
1.595832e+003,6.076482e+001
1.596314e+003,6.078716e+001
1.596797e+003,6.080931e+001
1.597279e+003,6.082982e+001
1.597761e+003,6.084747e+001
1.598243e+003,6.086146e+001
1.598725e+003,6.087161e+001
1.599207e+003,6.087836e+001
1.599689e+003,6.088264e+001
1.600171e+003,6.088559e+001
1.600654e+003,6.088835e+001
1.601136e+003,6.089190e+001
1.601618e+003,6.089684e+001
1.602100e+003,6.090338e+001
1.602582e+003,6.091133e+001
1.603064e+003,6.092020e+001
1.603546e+003,6.092925e+001
1.604028e+003,6.093768e+001
1.604510e+003,6.094467e+001
1.604993e+003,6.094959e+001
1.605475e+003,6.095214e+001
1.605957e+003,6.095241e+001
1.606439e+003,6.095097e+001
1.606921e+003,6.094877e+001
1.607403e+003,6.094710e+001
1.607885e+003,6.094727e+001
1.608367e+003,6.095044e+001
1.608850e+003,6.095724e+001
1.609332e+003,6.096777e+001
1.609814e+003,6.098138e+001
1.610296e+003,6.099680e+001
1.610778e+003,6.101225e+001
1.611260e+003,6.102570e+001
1.611742e+003,6.103511e+001
1.612225e+003,6.103868e+001
1.612707e+003,6.103509e+001
1.613189e+003,6.102370e+001
1.613671e+003,6.100463e+001
1.614153e+003,6.097902e+001
1.614635e+003,6.094930e+001
1.615117e+003,6.091930e+001
1.615599e+003,6.089415e+001
1.616082e+003,6.087924e+001
1.616564e+003,6.087845e+001
1.617046e+003,6.089229e+001
1.617528e+003,6.091726e+001
1.618010e+003,6.094736e+001
1.618492e+003,6.097627e+001
1.618974e+003,6.099906e+001
1.619456e+003,6.101270e+001
1.619938e+003,6.101599e+001
1.620421e+003,6.100917e+001
1.620903e+003,6.099371e+001
1.621385e+003,6.097237e+001
1.621867e+003,6.094907e+001
1.622349e+003,6.092830e+001
1.622831e+003,6.091420e+001
1.623313e+003,6.090921e+001
1.623796e+003,6.091323e+001
1.624278e+003,6.092381e+001
1.624760e+003,6.093724e+001
1.625242e+003,6.095010e+001
1.625724e+003,6.096028e+001
1.626206e+003,6.096742e+001
1.626688e+003,6.097270e+001
1.627170e+003,6.097813e+001
1.627653e+003,6.098592e+001
1.628135e+003,6.099741e+001
1.628617e+003,6.101258e+001
1.629099e+003,6.102989e+001
1.629581e+003,6.104667e+001
1.630063e+003,6.105985e+001
1.630545e+003,6.106662e+001
1.631027e+003,6.106473e+001
1.631510e+003,6.105266e+001
1.631992e+003,6.102950e+001
1.632474e+003,6.099492e+001
1.632956e+003,6.094925e+001
1.633438e+003,6.089395e+001
1.633920e+003,6.083223e+001
1.634402e+003,6.076993e+001
1.634885e+003,6.071544e+001
1.635366e+003,6.067816e+001
1.635849e+003,6.066478e+001
1.636331e+003,6.067623e+001
1.636813e+003,6.070705e+001
1.637295e+003,6.074866e+001
1.637777e+003,6.079286e+001
1.638259e+003,6.083394e+001
1.638741e+003,6.086880e+001
1.639224e+003,6.089632e+001
1.639706e+003,6.091639e+001
1.640188e+003,6.092944e+001
1.640670e+003,6.093594e+001
1.641152e+003,6.093624e+001
1.641634e+003,6.093033e+001
1.642116e+003,6.091781e+001
1.642598e+003,6.089796e+001
1.643081e+003,6.086972e+001
1.643563e+003,6.083213e+001
1.644045e+003,6.078470e+001
1.644527e+003,6.072807e+001
1.645009e+003,6.066508e+001
1.645491e+003,6.060135e+001
1.645973e+003,6.054509e+001
1.646455e+003,6.050513e+001
1.646938e+003,6.048730e+001
1.647420e+003,6.049120e+001
1.647902e+003,6.051027e+001
1.648384e+003,6.053481e+001
1.648866e+003,6.055558e+001
1.649348e+003,6.056567e+001
1.649830e+003,6.056075e+001
1.650313e+003,6.053831e+001
1.650794e+003,6.049758e+001
1.651277e+003,6.043988e+001
1.651759e+003,6.037075e+001
1.652241e+003,6.030228e+001
1.652723e+003,6.025317e+001
1.653205e+003,6.024165e+001
1.653687e+003,6.027356e+001
1.654169e+003,6.033800e+001
1.654652e+003,6.041609e+001
1.655134e+003,6.049226e+001
1.655616e+003,6.055833e+001
1.656098e+003,6.061168e+001
1.656580e+003,6.065260e+001
1.657062e+003,6.068222e+001
1.657544e+003,6.070165e+001
1.658026e+003,6.071165e+001
1.658509e+003,6.071265e+001
1.658991e+003,6.070495e+001
1.659473e+003,6.068904e+001
1.659955e+003,6.066594e+001
1.660437e+003,6.063741e+001
1.660919e+003,6.060631e+001
1.661401e+003,6.057634e+001
1.661883e+003,6.055162e+001
1.662365e+003,6.053567e+001
1.662848e+003,6.053004e+001
1.663330e+003,6.053358e+001
1.663812e+003,6.054264e+001
1.664294e+003,6.055224e+001
1.664776e+003,6.055738e+001
1.665258e+003,6.055412e+001
1.665740e+003,6.053992e+001
1.666222e+003,6.051365e+001
1.666705e+003,6.047556e+001
1.667187e+003,6.042740e+001
1.667669e+003,6.037253e+001
1.668151e+003,6.031614e+001
1.668633e+003,6.026472e+001
1.669115e+003,6.022484e+001
1.669597e+003,6.020090e+001
1.670080e+003,6.019350e+001
1.670562e+003,6.019918e+001
1.671044e+003,6.021193e+001
1.671526e+003,6.022557e+001
1.672008e+003,6.023537e+001
1.672490e+003,6.023883e+001
1.672972e+003,6.023568e+001
1.673454e+003,6.022754e+001
1.673937e+003,6.021749e+001
1.674419e+003,6.020919e+001
1.674901e+003,6.020580e+001
1.675383e+003,6.020861e+001
1.675865e+003,6.021662e+001
1.676347e+003,6.022677e+001
1.676829e+003,6.023527e+001
1.677311e+003,6.023886e+001
1.677793e+003,6.023539e+001
1.678276e+003,6.022392e+001
1.678758e+003,6.020428e+001
1.679240e+003,6.017677e+001
1.679722e+003,6.014169e+001
1.680204e+003,6.009915e+001
1.680686e+003,6.004898e+001
1.681168e+003,5.999098e+001
1.681650e+003,5.992563e+001
1.682133e+003,5.985505e+001
1.682615e+003,5.978440e+001
1.683097e+003,5.972273e+001
1.683579e+003,5.968179e+001
1.684061e+003,5.967141e+001
1.684543e+003,5.969351e+001
1.685025e+003,5.973960e+001
1.685508e+003,5.979540e+001
1.685990e+003,5.984787e+001
1.686472e+003,5.988929e+001
1.686954e+003,5.991731e+001
1.687436e+003,5.993332e+001
1.687918e+003,5.994063e+001
1.688400e+003,5.994327e+001
1.688882e+003,5.994487e+001
1.689365e+003,5.994804e+001
1.689847e+003,5.995367e+001
1.690329e+003,5.996079e+001
1.690811e+003,5.996700e+001
1.691293e+003,5.996916e+001
1.691775e+003,5.996420e+001
1.692257e+003,5.994964e+001
1.692739e+003,5.992369e+001
1.693221e+003,5.988544e+001
1.693704e+003,5.983487e+001
1.694186e+003,5.977330e+001
1.694668e+003,5.970383e+001
1.695150e+003,5.963134e+001
1.695632e+003,5.956161e+001
1.696114e+003,5.949950e+001
1.696596e+003,5.944720e+001
1.697078e+003,5.940398e+001
1.697561e+003,5.936751e+001
1.698043e+003,5.933574e+001
1.698525e+003,5.930858e+001
1.699007e+003,5.928848e+001
1.699489e+003,5.927959e+001
1.699971e+003,5.928555e+001
1.700453e+003,5.930624e+001
1.700936e+003,5.933667e+001
1.701417e+003,5.936870e+001
1.701900e+003,5.939481e+001
1.702382e+003,5.941041e+001
1.702864e+003,5.941429e+001
1.703346e+003,5.940779e+001
1.703828e+003,5.939391e+001
1.704310e+003,5.937671e+001
1.704792e+003,5.936061e+001
1.705275e+003,5.934946e+001
1.705757e+003,5.934558e+001
1.706239e+003,5.934903e+001
1.706721e+003,5.935771e+001
1.707203e+003,5.936836e+001
1.707685e+003,5.937758e+001
1.708167e+003,5.938279e+001
1.708649e+003,5.938242e+001
1.709132e+003,5.937587e+001
1.709614e+003,5.936315e+001
1.710096e+003,5.934454e+001
1.710578e+003,5.932037e+001
1.711060e+003,5.929077e+001
1.711542e+003,5.925566e+001
1.712024e+003,5.921486e+001
1.712506e+003,5.916816e+001
1.712989e+003,5.911562e+001
1.713471e+003,5.905764e+001
1.713953e+003,5.899512e+001
1.714435e+003,5.892964e+001
1.714917e+003,5.886354e+001
1.715399e+003,5.880021e+001
1.715881e+003,5.874415e+001
1.716364e+003,5.870084e+001
1.716845e+003,5.867565e+001
1.717328e+003,5.867204e+001
1.717810e+003,5.868964e+001
1.718292e+003,5.872381e+001
1.718774e+003,5.876694e+001
1.719256e+003,5.881116e+001
1.719738e+003,5.885028e+001
1.720220e+003,5.888065e+001
1.720703e+003,5.890096e+001
1.721185e+003,5.891158e+001
1.721667e+003,5.891402e+001
1.722149e+003,5.891051e+001
1.722631e+003,5.890344e+001
1.723113e+003,5.889494e+001
1.723595e+003,5.888647e+001
1.724077e+003,5.887848e+001
1.724560e+003,5.887031e+001
1.725042e+003,5.886049e+001
1.725524e+003,5.884719e+001
1.726006e+003,5.882870e+001
1.726488e+003,5.880381e+001
1.726970e+003,5.877205e+001
1.727452e+003,5.873366e+001
1.727934e+003,5.868956e+001
1.728417e+003,5.864121e+001
1.728899e+003,5.859013e+001
1.729381e+003,5.853778e+001
1.729863e+003,5.848505e+001
1.730345e+003,5.843223e+001
1.730827e+003,5.837906e+001
1.731309e+003,5.832533e+001
1.731792e+003,5.827144e+001
1.732273e+003,5.821941e+001
1.732756e+003,5.817329e+001
1.733238e+003,5.813884e+001
1.733720e+003,5.812146e+001
1.734202e+003,5.812315e+001
1.734684e+003,5.814041e+001
1.735166e+003,5.816548e+001
1.735648e+003,5.818977e+001
1.736131e+003,5.820684e+001
1.736613e+003,5.821336e+001
1.737095e+003,5.820884e+001
1.737577e+003,5.819474e+001
1.738059e+003,5.817375e+001
1.738541e+003,5.814930e+001
1.739023e+003,5.812473e+001
1.739505e+003,5.810276e+001
1.739988e+003,5.808462e+001
1.740470e+003,5.807005e+001
1.740952e+003,5.805764e+001
1.741434e+003,5.804576e+001
1.741916e+003,5.803315e+001
1.742398e+003,5.801936e+001
1.742880e+003,5.800440e+001
1.743362e+003,5.798856e+001
1.743844e+003,5.797183e+001
1.744327e+003,5.795382e+001
1.744809e+003,5.793361e+001
1.745291e+003,5.791023e+001
1.745773e+003,5.788285e+001
1.746255e+003,5.785126e+001
1.746737e+003,5.781594e+001
1.747219e+003,5.777820e+001
1.747702e+003,5.774009e+001
1.748184e+003,5.770414e+001
1.748666e+003,5.767328e+001
1.749148e+003,5.765042e+001
1.749630e+003,5.763815e+001
1.750112e+003,5.763800e+001
1.750594e+003,5.764999e+001
1.751076e+003,5.767216e+001
1.751559e+003,5.770076e+001
1.752041e+003,5.773103e+001
1.752523e+003,5.775832e+001
1.753005e+003,5.777893e+001
1.753487e+003,5.779068e+001
1.753969e+003,5.779284e+001
1.754451e+003,5.778606e+001
1.754933e+003,5.777215e+001
1.755416e+003,5.775363e+001
1.755898e+003,5.773346e+001
1.756380e+003,5.771428e+001
1.756862e+003,5.769785e+001
1.757344e+003,5.768441e+001
1.757826e+003,5.767287e+001
1.758308e+003,5.766128e+001
1.758791e+003,5.764760e+001
1.759272e+003,5.763052e+001
1.759755e+003,5.761000e+001
1.760237e+003,5.758743e+001
1.760719e+003,5.756548e+001
1.761201e+003,5.754736e+001
1.761683e+003,5.753584e+001
1.762165e+003,5.753204e+001
1.762647e+003,5.753490e+001
1.763130e+003,5.754131e+001
1.763612e+003,5.754736e+001
1.764094e+003,5.754940e+001
1.764576e+003,5.754492e+001
1.765058e+003,5.753281e+001
1.765540e+003,5.751337e+001
1.766022e+003,5.748796e+001
1.766504e+003,5.745863e+001
1.766987e+003,5.742752e+001
1.767469e+003,5.739639e+001
1.767951e+003,5.736610e+001
1.768433e+003,5.733654e+001
1.768915e+003,5.730692e+001
1.769397e+003,5.727639e+001
1.769879e+003,5.724461e+001
1.770361e+003,5.721241e+001
1.770844e+003,5.718189e+001
1.771326e+003,5.715614e+001
1.771808e+003,5.713836e+001
1.772290e+003,5.713061e+001
1.772772e+003,5.713292e+001
1.773254e+003,5.714317e+001
1.773736e+003,5.715794e+001
1.774219e+003,5.717391e+001
1.774700e+003,5.718849e+001
1.775183e+003,5.720010e+001
1.775665e+003,5.720807e+001
1.776147e+003,5.721210e+001
1.776629e+003,5.721218e+001
1.777111e+003,5.720835e+001
1.777593e+003,5.720078e+001
1.778075e+003,5.718989e+001
1.778558e+003,5.717649e+001
1.779040e+003,5.716184e+001
1.779522e+003,5.714745e+001
1.780004e+003,5.713480e+001
1.780486e+003,5.712485e+001
1.780968e+003,5.711790e+001
1.781450e+003,5.711334e+001
1.781932e+003,5.711000e+001
1.782415e+003,5.710651e+001
1.782897e+003,5.710187e+001
1.783379e+003,5.709565e+001
1.783861e+003,5.708815e+001
1.784343e+003,5.708015e+001
1.784825e+003,5.707255e+001
1.785307e+003,5.706586e+001
1.785789e+003,5.705997e+001
1.786271e+003,5.705396e+001
1.786754e+003,5.704623e+001
1.787236e+003,5.703503e+001
1.787718e+003,5.701872e+001
1.788200e+003,5.699615e+001
1.788682e+003,5.696694e+001
1.789164e+003,5.693154e+001
1.789646e+003,5.689140e+001
1.790128e+003,5.684907e+001
1.790611e+003,5.680804e+001
1.791093e+003,5.677227e+001
1.791575e+003,5.674546e+001
1.792057e+003,5.672985e+001
1.792539e+003,5.672548e+001
1.793021e+003,5.673010e+001
1.793503e+003,5.673998e+001
1.793986e+003,5.675118e+001
1.794468e+003,5.676059e+001
1.794950e+003,5.676630e+001
1.795432e+003,5.676753e+001
1.795914e+003,5.676423e+001
1.796396e+003,5.675675e+001
1.796878e+003,5.674548e+001
1.797360e+003,5.673082e+001
1.797843e+003,5.671318e+001
1.798325e+003,5.669322e+001
1.798807e+003,5.667204e+001
1.799289e+003,5.665122e+001
1.799771e+003,5.663276e+001
1.800253e+003,5.661864e+001
1.800735e+003,5.661032e+001
1.801217e+003,5.660825e+001
1.801699e+003,5.661175e+001
1.802182e+003,5.661913e+001
1.802664e+003,5.662812e+001
1.803146e+003,5.663655e+001
1.803628e+003,5.664255e+001
1.804110e+003,5.664499e+001
1.804592e+003,5.664322e+001
1.805074e+003,5.663719e+001
1.805556e+003,5.662715e+001
1.806039e+003,5.661357e+001
1.806521e+003,5.659699e+001
1.807003e+003,5.657804e+001
1.807485e+003,5.655739e+001
1.807967e+003,5.653575e+001
1.808449e+003,5.651398e+001
1.808931e+003,5.649304e+001
1.809414e+003,5.647399e+001
1.809896e+003,5.645791e+001
1.810378e+003,5.644574e+001
1.810860e+003,5.643803e+001
1.811342e+003,5.643480e+001
1.811824e+003,5.643539e+001
1.812306e+003,5.643850e+001
1.812788e+003,5.644243e+001
1.813271e+003,5.644542e+001
1.813753e+003,5.644592e+001
1.814235e+003,5.644299e+001
1.814717e+003,5.643635e+001
1.815199e+003,5.642635e+001
1.815681e+003,5.641387e+001
1.816163e+003,5.639995e+001
1.816645e+003,5.638562e+001
1.817127e+003,5.637160e+001
1.817610e+003,5.635825e+001
1.818092e+003,5.634549e+001
1.818574e+003,5.633312e+001
1.819056e+003,5.632070e+001
1.819538e+003,5.630787e+001
1.820020e+003,5.629412e+001
1.820502e+003,5.627897e+001
1.820984e+003,5.626186e+001
1.821467e+003,5.624235e+001
1.821949e+003,5.622015e+001
1.822431e+003,5.619547e+001
1.822913e+003,5.616899e+001
1.823395e+003,5.614194e+001
1.823877e+003,5.611580e+001
1.824359e+003,5.609189e+001
1.824842e+003,5.607081e+001
1.825323e+003,5.605215e+001
1.825806e+003,5.603461e+001
1.826288e+003,5.601632e+001
1.826770e+003,5.599566e+001
1.827252e+003,5.597179e+001
1.827734e+003,5.594513e+001
1.828216e+003,5.591749e+001
1.828698e+003,5.589177e+001
1.829181e+003,5.587135e+001
1.829663e+003,5.585908e+001
1.830145e+003,5.585625e+001
1.830627e+003,5.586200e+001
1.831109e+003,5.587364e+001
1.831591e+003,5.588755e+001
1.832073e+003,5.590023e+001
1.832555e+003,5.590905e+001
1.833038e+003,5.591250e+001
1.833520e+003,5.591017e+001
1.834002e+003,5.590245e+001
1.834484e+003,5.589028e+001
1.834966e+003,5.587490e+001
1.835448e+003,5.585751e+001
1.835930e+003,5.583924e+001
1.836412e+003,5.582093e+001
1.836895e+003,5.580314e+001
1.837377e+003,5.578601e+001
1.837859e+003,5.576942e+001
1.838341e+003,5.575291e+001
1.838823e+003,5.573566e+001
1.839305e+003,5.571666e+001
1.839787e+003,5.569484e+001
1.840270e+003,5.566924e+001
1.840751e+003,5.563931e+001
1.841234e+003,5.560509e+001
1.841716e+003,5.556745e+001
1.842198e+003,5.552819e+001
1.842680e+003,5.549002e+001
1.843162e+003,5.545612e+001
1.843644e+003,5.542948e+001
1.844126e+003,5.541188e+001
1.844609e+003,5.540337e+001
1.845091e+003,5.540221e+001
1.845573e+003,5.540561e+001
1.846055e+003,5.541077e+001
1.846537e+003,5.541558e+001
1.847019e+003,5.541881e+001
1.847501e+003,5.542009e+001
1.847983e+003,5.541952e+001
1.848466e+003,5.541745e+001
1.848948e+003,5.541413e+001
1.849430e+003,5.540963e+001
1.849912e+003,5.540388e+001
1.850394e+003,5.539672e+001
1.850876e+003,5.538797e+001
1.851358e+003,5.537766e+001
1.851840e+003,5.536590e+001
1.852323e+003,5.535303e+001
1.852805e+003,5.533936e+001
1.853287e+003,5.532525e+001
1.853769e+003,5.531089e+001
1.854251e+003,5.529625e+001
1.854733e+003,5.528119e+001
1.855215e+003,5.526542e+001
1.855698e+003,5.524867e+001
1.856179e+003,5.523084e+001
1.856662e+003,5.521206e+001
1.857144e+003,5.519267e+001
1.857626e+003,5.517317e+001
1.858108e+003,5.515419e+001
1.858590e+003,5.513618e+001
1.859072e+003,5.511946e+001
1.859554e+003,5.510402e+001
1.860037e+003,5.508963e+001
1.860519e+003,5.507584e+001
1.861001e+003,5.506218e+001
1.861483e+003,5.504805e+001
1.861965e+003,5.503297e+001
1.862447e+003,5.501641e+001
1.862929e+003,5.499786e+001
1.863411e+003,5.497678e+001
1.863894e+003,5.495263e+001
1.864376e+003,5.492496e+001
1.864858e+003,5.489349e+001
1.865340e+003,5.485823e+001
1.865822e+003,5.481966e+001
1.866304e+003,5.477888e+001
1.866786e+003,5.473766e+001
1.867268e+003,5.469844e+001
1.867750e+003,5.466400e+001
1.868233e+003,5.463695e+001
1.868715e+003,5.461909e+001
1.869197e+003,5.461078e+001
1.869679e+003,5.461086e+001
1.870161e+003,5.461695e+001
1.870643e+003,5.462619e+001
1.871125e+003,5.463578e+001
1.871608e+003,5.464365e+001
1.872090e+003,5.464846e+001
1.872572e+003,5.464959e+001
1.873054e+003,5.464707e+001
1.873536e+003,5.464122e+001
1.874018e+003,5.463261e+001
1.874500e+003,5.462180e+001
1.874982e+003,5.460926e+001
1.875465e+003,5.459537e+001
1.875947e+003,5.458040e+001
1.876429e+003,5.456459e+001
1.876911e+003,5.454817e+001
1.877393e+003,5.453135e+001
1.877875e+003,5.451443e+001
1.878357e+003,5.449765e+001
1.878839e+003,5.448124e+001
1.879322e+003,5.446537e+001
1.879804e+003,5.445007e+001
1.880286e+003,5.443526e+001
1.880768e+003,5.442076e+001
1.881250e+003,5.440624e+001
1.881732e+003,5.439127e+001
1.882214e+003,5.437545e+001
1.882697e+003,5.435845e+001
1.883178e+003,5.434002e+001
1.883661e+003,5.432008e+001
1.884143e+003,5.429868e+001
1.884625e+003,5.427590e+001
1.885107e+003,5.425183e+001
1.885589e+003,5.422647e+001
1.886071e+003,5.419987e+001
1.886553e+003,5.417222e+001
1.887036e+003,5.414400e+001
1.887518e+003,5.411609e+001
1.888000e+003,5.408981e+001
1.888482e+003,5.406667e+001
1.888964e+003,5.404800e+001
1.889446e+003,5.403446e+001
1.889928e+003,5.402579e+001
1.890410e+003,5.402062e+001
1.890893e+003,5.401693e+001
1.891375e+003,5.401251e+001
1.891857e+003,5.400555e+001
1.892339e+003,5.399506e+001
1.892821e+003,5.398087e+001
1.893303e+003,5.396375e+001
1.893785e+003,5.394505e+001
1.894267e+003,5.392632e+001
1.894750e+003,5.390903e+001
1.895232e+003,5.389413e+001
1.895714e+003,5.388188e+001
1.896196e+003,5.387194e+001
1.896678e+003,5.386341e+001
1.897160e+003,5.385523e+001
1.897642e+003,5.384645e+001
1.898125e+003,5.383647e+001
1.898606e+003,5.382508e+001
1.899089e+003,5.381253e+001
1.899571e+003,5.379937e+001
1.900053e+003,5.378626e+001
1.900535e+003,5.377374e+001
1.901017e+003,5.376212e+001
1.901499e+003,5.375139e+001
1.901981e+003,5.374119e+001
1.902464e+003,5.373095e+001
1.902946e+003,5.372009e+001
1.903428e+003,5.370811e+001
1.903910e+003,5.369464e+001
1.904392e+003,5.367949e+001
1.904874e+003,5.366257e+001
1.905356e+003,5.364389e+001
1.905838e+003,5.362353e+001
1.906321e+003,5.360170e+001
1.906803e+003,5.357878e+001
1.907285e+003,5.355542e+001
1.907767e+003,5.353245e+001
1.908249e+003,5.351085e+001
1.908731e+003,5.349150e+001
1.909213e+003,5.347501e+001
1.909695e+003,5.346158e+001
1.910177e+003,5.345092e+001
1.910660e+003,5.344239e+001
1.911142e+003,5.343511e+001
1.911624e+003,5.342817e+001
1.912106e+003,5.342073e+001
1.912588e+003,5.341201e+001
1.913070e+003,5.340144e+001
1.913552e+003,5.338849e+001
1.914034e+003,5.337288e+001
1.914517e+003,5.335455e+001
1.914999e+003,5.333383e+001
1.915481e+003,5.331149e+001
1.915963e+003,5.328882e+001
1.916445e+003,5.326730e+001
1.916927e+003,5.324841e+001
1.917409e+003,5.323316e+001
1.917892e+003,5.322168e+001
1.918374e+003,5.321310e+001
1.918856e+003,5.320574e+001
1.919338e+003,5.319759e+001
1.919820e+003,5.318698e+001
1.920302e+003,5.317296e+001
1.920784e+003,5.315562e+001
1.921266e+003,5.313600e+001
1.921749e+003,5.311583e+001
1.922231e+003,5.309712e+001
1.922713e+003,5.308165e+001
1.923195e+003,5.307047e+001
1.923677e+003,5.306363e+001
1.924159e+003,5.306023e+001
1.924641e+003,5.305882e+001
1.925123e+003,5.305776e+001
1.925605e+003,5.305576e+001
1.926088e+003,5.305207e+001
1.926570e+003,5.304654e+001
1.927052e+003,5.303947e+001
1.927534e+003,5.303144e+001
1.928016e+003,5.302302e+001
1.928498e+003,5.301458e+001
1.928980e+003,5.300623e+001
1.929462e+003,5.299789e+001
1.929945e+003,5.298927e+001
1.930427e+003,5.298018e+001
1.930909e+003,5.297042e+001
1.931391e+003,5.296003e+001
1.931873e+003,5.294905e+001
1.932355e+003,5.293768e+001
1.932837e+003,5.292599e+001
1.933320e+003,5.291414e+001
1.933802e+003,5.290212e+001
1.934284e+003,5.288996e+001
1.934766e+003,5.287769e+001
1.935248e+003,5.286528e+001
1.935730e+003,5.285276e+001
1.936212e+003,5.284002e+001
1.936694e+003,5.282691e+001
1.937177e+003,5.281313e+001
1.937659e+003,5.279823e+001
1.938141e+003,5.278180e+001
1.938623e+003,5.276340e+001
1.939105e+003,5.274280e+001
1.939587e+003,5.272013e+001
1.940069e+003,5.269595e+001
1.940551e+003,5.267127e+001
1.941033e+003,5.264746e+001
1.941516e+003,5.262606e+001
1.941998e+003,5.260843e+001
1.942480e+003,5.259534e+001
1.942962e+003,5.258687e+001
1.943444e+003,5.258226e+001
1.943926e+003,5.258023e+001
1.944408e+003,5.257931e+001
1.944890e+003,5.257826e+001
1.945373e+003,5.257625e+001
1.945855e+003,5.257295e+001
1.946337e+003,5.256840e+001
1.946819e+003,5.256284e+001
1.947301e+003,5.255648e+001
1.947783e+003,5.254940e+001
1.948265e+003,5.254151e+001
1.948748e+003,5.253260e+001
1.949229e+003,5.252250e+001
1.949712e+003,5.251119e+001
1.950194e+003,5.249878e+001
1.950676e+003,5.248555e+001
1.951158e+003,5.247189e+001
1.951640e+003,5.245823e+001
1.952122e+003,5.244489e+001
1.952604e+003,5.243226e+001
1.953087e+003,5.242057e+001
1.953569e+003,5.241000e+001
1.954051e+003,5.240060e+001
1.954533e+003,5.239228e+001
1.955015e+003,5.238475e+001
1.955497e+003,5.237752e+001
1.955979e+003,5.237001e+001
1.956461e+003,5.236167e+001
1.956944e+003,5.235211e+001
1.957426e+003,5.234122e+001
1.957908e+003,5.232916e+001
1.958390e+003,5.231633e+001
1.958872e+003,5.230322e+001
1.959354e+003,5.229031e+001
1.959836e+003,5.227797e+001
1.960318e+003,5.226629e+001
1.960801e+003,5.225519e+001
1.961283e+003,5.224435e+001
1.961765e+003,5.223328e+001
1.962247e+003,5.222141e+001
1.962729e+003,5.220811e+001
1.963211e+003,5.219286e+001
1.963693e+003,5.217540e+001
1.964176e+003,5.215579e+001
1.964657e+003,5.213456e+001
1.965140e+003,5.211268e+001
1.965622e+003,5.209140e+001
1.966104e+003,5.207204e+001
1.966586e+003,5.205568e+001
1.967068e+003,5.204286e+001
1.967550e+003,5.203353e+001
1.968032e+003,5.202701e+001
1.968515e+003,5.202220e+001
1.968997e+003,5.201794e+001
1.969479e+003,5.201318e+001
1.969961e+003,5.200717e+001
1.970443e+003,5.199951e+001
1.970925e+003,5.199014e+001
1.971407e+003,5.197918e+001
1.971889e+003,5.196695e+001
1.972372e+003,5.195380e+001
1.972854e+003,5.194014e+001
1.973336e+003,5.192639e+001
1.973818e+003,5.191285e+001
1.974300e+003,5.189973e+001
1.974782e+003,5.188715e+001
1.975264e+003,5.187510e+001
1.975746e+003,5.186343e+001
1.976229e+003,5.185201e+001
1.976711e+003,5.184070e+001
1.977193e+003,5.182935e+001
1.977675e+003,5.181791e+001
1.978157e+003,5.180629e+001
1.978639e+003,5.179445e+001
1.979121e+003,5.178230e+001
1.979604e+003,5.176986e+001
1.980085e+003,5.175715e+001
1.980568e+003,5.174432e+001
1.981050e+003,5.173154e+001
1.981532e+003,5.171898e+001
1.982014e+003,5.170667e+001
1.982496e+003,5.169447e+001
1.982978e+003,5.168205e+001
1.983460e+003,5.166896e+001
1.983943e+003,5.165471e+001
1.984425e+003,5.163901e+001
1.984907e+003,5.162180e+001
1.985389e+003,5.160331e+001
1.985871e+003,5.158399e+001
1.986353e+003,5.156444e+001
1.986835e+003,5.154522e+001
1.987317e+003,5.152663e+001
1.987800e+003,5.150877e+001
1.988282e+003,5.149146e+001
1.988764e+003,5.147433e+001
1.989246e+003,5.145698e+001
1.989728e+003,5.143915e+001
1.990210e+003,5.142084e+001
1.990692e+003,5.140240e+001
1.991174e+003,5.138446e+001
1.991656e+003,5.136782e+001
1.992139e+003,5.135331e+001
1.992621e+003,5.134140e+001
1.993103e+003,5.133210e+001
1.993585e+003,5.132493e+001
1.994067e+003,5.131898e+001
1.994549e+003,5.131313e+001
1.995031e+003,5.130636e+001
1.995514e+003,5.129789e+001
1.995996e+003,5.128747e+001
1.996478e+003,5.127525e+001
1.996960e+003,5.126176e+001
1.997442e+003,5.124770e+001
1.997924e+003,5.123373e+001
1.998406e+003,5.122026e+001
1.998888e+003,5.120743e+001
1.999371e+003,5.119508e+001
1.999853e+003,5.118296e+001
2.000335e+003,5.117070e+001
2.000817e+003,5.115798e+001
2.001299e+003,5.114462e+001
2.001781e+003,5.113057e+001
2.002263e+003,5.111585e+001
2.002745e+003,5.110065e+001
2.003228e+003,5.108507e+001
2.003710e+003,5.106936e+001
2.004192e+003,5.105366e+001
2.004674e+003,5.103809e+001
2.005156e+003,5.102267e+001
2.005638e+003,5.100737e+001
2.006120e+003,5.099210e+001
2.006603e+003,5.097680e+001
2.007084e+003,5.096149e+001
2.007567e+003,5.094628e+001
2.008049e+003,5.093130e+001
2.008531e+003,5.091679e+001
2.009013e+003,5.090285e+001
2.009495e+003,5.088956e+001
2.009977e+003,5.087682e+001
2.010459e+003,5.086446e+001
2.010942e+003,5.085221e+001
2.011424e+003,5.083980e+001
2.011906e+003,5.082691e+001
2.012388e+003,5.081319e+001
2.012870e+003,5.079830e+001
2.013352e+003,5.078192e+001
2.013834e+003,5.076376e+001
2.014316e+003,5.074376e+001
2.014799e+003,5.072211e+001
2.015281e+003,5.069938e+001
2.015763e+003,5.067641e+001
2.016245e+003,5.065427e+001
2.016727e+003,5.063404e+001
2.017209e+003,5.061655e+001
2.017691e+003,5.060223e+001
2.018173e+003,5.059096e+001
2.018656e+003,5.058220e+001
2.019138e+003,5.057505e+001
2.019620e+003,5.056843e+001
2.020102e+003,5.056133e+001
2.020584e+003,5.055289e+001
2.021066e+003,5.054252e+001
2.021548e+003,5.053000e+001
2.022031e+003,5.051536e+001
2.022512e+003,5.049899e+001
2.022995e+003,5.048145e+001
2.023477e+003,5.046335e+001
2.023959e+003,5.044528e+001
2.024441e+003,5.042764e+001
2.024923e+003,5.041066e+001
2.025405e+003,5.039426e+001
2.025887e+003,5.037830e+001
2.026370e+003,5.036257e+001
2.026852e+003,5.034689e+001
2.027334e+003,5.033116e+001
2.027816e+003,5.031541e+001
2.028298e+003,5.029970e+001
2.028780e+003,5.028404e+001
2.029262e+003,5.026843e+001
2.029744e+003,5.025277e+001
2.030227e+003,5.023693e+001
2.030709e+003,5.022081e+001
2.031191e+003,5.020431e+001
2.031673e+003,5.018739e+001
2.032155e+003,5.017005e+001
2.032637e+003,5.015232e+001
2.033119e+003,5.013422e+001
2.033601e+003,5.011584e+001
2.034083e+003,5.009724e+001
2.034566e+003,5.007862e+001
2.035048e+003,5.006013e+001
2.035530e+003,5.004195e+001
2.036012e+003,5.002419e+001
2.036494e+003,5.000689e+001
2.036976e+003,4.998997e+001
2.037458e+003,4.997328e+001
2.037940e+003,4.995666e+001
2.038423e+003,4.993997e+001
2.038905e+003,4.992322e+001
2.039387e+003,4.990643e+001
2.039869e+003,4.988972e+001
2.040351e+003,4.987333e+001
2.040833e+003,4.985739e+001
2.041315e+003,4.984211e+001
2.041798e+003,4.982763e+001
2.042280e+003,4.981400e+001
2.042762e+003,4.980124e+001
2.043244e+003,4.978920e+001
2.043726e+003,4.977762e+001
2.044208e+003,4.976612e+001
2.044690e+003,4.975429e+001
2.045172e+003,4.974174e+001
2.045655e+003,4.972821e+001
2.046137e+003,4.971364e+001
2.046619e+003,4.969817e+001
2.047101e+003,4.968205e+001
2.047583e+003,4.966562e+001
2.048065e+003,4.964914e+001
2.048547e+003,4.963282e+001
2.049029e+003,4.961672e+001
2.049511e+003,4.960086e+001
2.049994e+003,4.958525e+001
2.050476e+003,4.956983e+001
2.050958e+003,4.955461e+001
2.051440e+003,4.953952e+001
2.051922e+003,4.952455e+001
2.052404e+003,4.950958e+001
2.052886e+003,4.949457e+001
2.053368e+003,4.947949e+001
2.053851e+003,4.946441e+001
2.054333e+003,4.944940e+001
2.054815e+003,4.943459e+001
2.055297e+003,4.941997e+001
2.055779e+003,4.940548e+001
2.056261e+003,4.939093e+001
2.056743e+003,4.937611e+001
2.057226e+003,4.936083e+001
2.057708e+003,4.934505e+001
2.058190e+003,4.932886e+001
2.058672e+003,4.931250e+001
2.059154e+003,4.929622e+001
2.059636e+003,4.928024e+001
2.060118e+003,4.926466e+001
2.060600e+003,4.924942e+001
2.061083e+003,4.923439e+001
2.061565e+003,4.921944e+001
2.062047e+003,4.920447e+001
2.062529e+003,4.918956e+001
2.063011e+003,4.917481e+001
2.063493e+003,4.916038e+001
2.063975e+003,4.914639e+001
2.064457e+003,4.913282e+001
2.064939e+003,4.911958e+001
2.065422e+003,4.910647e+001
2.065904e+003,4.909320e+001
2.066386e+003,4.907952e+001
2.066868e+003,4.906525e+001
2.067350e+003,4.905032e+001
2.067832e+003,4.903475e+001
2.068314e+003,4.901877e+001
2.068796e+003,4.900272e+001
2.069279e+003,4.898700e+001
2.069761e+003,4.897200e+001
2.070243e+003,4.895804e+001
2.070725e+003,4.894530e+001
2.071207e+003,4.893370e+001
2.071689e+003,4.892298e+001
2.072171e+003,4.891279e+001
2.072654e+003,4.890263e+001
2.073135e+003,4.889213e+001
2.073618e+003,4.888091e+001
2.074100e+003,4.886879e+001
2.074582e+003,4.885563e+001
2.075064e+003,4.884146e+001
2.075546e+003,4.882639e+001
2.076028e+003,4.881065e+001
2.076510e+003,4.879461e+001
2.076993e+003,4.877869e+001
2.077475e+003,4.876331e+001
2.077957e+003,4.874883e+001
2.078439e+003,4.873540e+001
2.078921e+003,4.872300e+001
2.079403e+003,4.871140e+001
2.079885e+003,4.870021e+001
2.080367e+003,4.868907e+001
2.080850e+003,4.867768e+001
2.081332e+003,4.866585e+001
2.081814e+003,4.865356e+001
2.082296e+003,4.864082e+001
2.082778e+003,4.862767e+001
2.083260e+003,4.861410e+001
2.083742e+003,4.860004e+001
2.084224e+003,4.858540e+001
2.084707e+003,4.857019e+001
2.085189e+003,4.855445e+001
2.085671e+003,4.853833e+001
2.086153e+003,4.852209e+001
2.086635e+003,4.850606e+001
2.087117e+003,4.849058e+001
2.087599e+003,4.847599e+001
2.088082e+003,4.846256e+001
2.088563e+003,4.845052e+001
2.089046e+003,4.843994e+001
2.089528e+003,4.843076e+001
2.090010e+003,4.842266e+001
2.090492e+003,4.841517e+001
2.090974e+003,4.840773e+001
2.091456e+003,4.839973e+001
2.091938e+003,4.839066e+001
2.092421e+003,4.838025e+001
2.092903e+003,4.836849e+001
2.093385e+003,4.835554e+001
2.093867e+003,4.834177e+001
2.094349e+003,4.832759e+001
2.094831e+003,4.831337e+001
2.095313e+003,4.829946e+001
2.095795e+003,4.828606e+001
2.096278e+003,4.827335e+001
2.096760e+003,4.826137e+001
2.097242e+003,4.825004e+001
2.097724e+003,4.823917e+001
2.098206e+003,4.822845e+001
2.098688e+003,4.821750e+001
2.099170e+003,4.820598e+001
2.099652e+003,4.819368e+001
2.100135e+003,4.818065e+001
2.100617e+003,4.816709e+001
2.101099e+003,4.815344e+001
2.101581e+003,4.814014e+001
2.102063e+003,4.812754e+001
2.102545e+003,4.811581e+001
2.103027e+003,4.810484e+001
2.103510e+003,4.809436e+001
2.103991e+003,4.808395e+001
2.104474e+003,4.807323e+001
2.104956e+003,4.806190e+001
2.105438e+003,4.804977e+001
2.105920e+003,4.803687e+001
2.106402e+003,4.802337e+001
2.106884e+003,4.800949e+001
2.107366e+003,4.799554e+001
2.107849e+003,4.798185e+001
2.108331e+003,4.796868e+001
2.108813e+003,4.795618e+001
2.109295e+003,4.794437e+001
2.109777e+003,4.793312e+001
2.110259e+003,4.792219e+001
2.110741e+003,4.791126e+001
2.111223e+003,4.790010e+001
2.111706e+003,4.788855e+001
2.112188e+003,4.787663e+001
2.112670e+003,4.786447e+001
2.113152e+003,4.785233e+001
2.113634e+003,4.784049e+001
2.114116e+003,4.782917e+001
2.114598e+003,4.781856e+001
2.115080e+003,4.780872e+001
2.115563e+003,4.779965e+001
2.116045e+003,4.779123e+001
2.116527e+003,4.778323e+001
2.117009e+003,4.777530e+001
2.117491e+003,4.776705e+001
2.117973e+003,4.775806e+001
2.118455e+003,4.774797e+001
2.118938e+003,4.773660e+001
2.119420e+003,4.772393e+001
2.119902e+003,4.771018e+001
2.120384e+003,4.769572e+001
2.120866e+003,4.768096e+001
2.121348e+003,4.766628e+001
2.121830e+003,4.765197e+001
2.122312e+003,4.763823e+001
2.122794e+003,4.762510e+001
2.123277e+003,4.761262e+001
2.123759e+003,4.760077e+001
2.124241e+003,4.758955e+001
2.124723e+003,4.757893e+001
2.125205e+003,4.756882e+001
2.125687e+003,4.755900e+001
2.126169e+003,4.754924e+001
2.126651e+003,4.753921e+001
2.127134e+003,4.752861e+001
2.127616e+003,4.751725e+001
2.128098e+003,4.750500e+001
2.128580e+003,4.749188e+001
2.129062e+003,4.747805e+001
2.129544e+003,4.746377e+001
2.130026e+003,4.744941e+001
2.130509e+003,4.743535e+001
2.130990e+003,4.742192e+001
2.131473e+003,4.740937e+001
2.131955e+003,4.739777e+001
2.132437e+003,4.738699e+001
2.132919e+003,4.737676e+001
2.133401e+003,4.736671e+001
2.133883e+003,4.735649e+001
2.134365e+003,4.734591e+001
2.134848e+003,4.733491e+001
2.135330e+003,4.732362e+001
2.135812e+003,4.731232e+001
2.136294e+003,4.730119e+001
2.136776e+003,4.729036e+001
2.137258e+003,4.727977e+001
2.137740e+003,4.726927e+001
2.138222e+003,4.725859e+001
2.138705e+003,4.724754e+001
2.139187e+003,4.723597e+001
2.139669e+003,4.722386e+001
2.140151e+003,4.721127e+001
2.140633e+003,4.719833e+001
2.141115e+003,4.718521e+001
2.141597e+003,4.717205e+001
2.142079e+003,4.715901e+001
2.142562e+003,4.714625e+001
2.143044e+003,4.713387e+001
2.143526e+003,4.712193e+001
2.144008e+003,4.711035e+001
2.144490e+003,4.709895e+001
2.144972e+003,4.708741e+001
2.145454e+003,4.707545e+001
2.145937e+003,4.706277e+001
2.146418e+003,4.704931e+001
2.146901e+003,4.703511e+001
2.147383e+003,4.702044e+001
2.147865e+003,4.700558e+001
2.148347e+003,4.699080e+001
2.148829e+003,4.697630e+001
2.149311e+003,4.696214e+001
2.149793e+003,4.694828e+001
2.150276e+003,4.693463e+001
2.150758e+003,4.692112e+001
2.151240e+003,4.690761e+001
2.151722e+003,4.689407e+001
2.152204e+003,4.688042e+001
2.152686e+003,4.686663e+001
2.153168e+003,4.685269e+001
2.153650e+003,4.683872e+001
2.154133e+003,4.682488e+001
2.154615e+003,4.681152e+001
2.155097e+003,4.679897e+001
2.155579e+003,4.678751e+001
2.156061e+003,4.677734e+001
2.156543e+003,4.676838e+001
2.157025e+003,4.676040e+001
2.157507e+003,4.675293e+001
2.157990e+003,4.674548e+001
2.158472e+003,4.673756e+001
2.158954e+003,4.672871e+001
2.159436e+003,4.671873e+001
2.159918e+003,4.670751e+001
2.160400e+003,4.669514e+001
2.160882e+003,4.668185e+001
2.161365e+003,4.666790e+001
2.161846e+003,4.665364e+001
2.162329e+003,4.663935e+001
2.162811e+003,4.662523e+001
2.163293e+003,4.661131e+001
2.163775e+003,4.659750e+001
2.164257e+003,4.658359e+001
2.164739e+003,4.656940e+001
2.165221e+003,4.655479e+001
2.165704e+003,4.653978e+001
2.166186e+003,4.652455e+001
2.166668e+003,4.650937e+001
2.167150e+003,4.649451e+001
2.167632e+003,4.648020e+001
2.168114e+003,4.646646e+001
2.168596e+003,4.645325e+001
2.169078e+003,4.644029e+001
2.169561e+003,4.642733e+001
2.170043e+003,4.641410e+001
2.170525e+003,4.640038e+001
2.171007e+003,4.638610e+001
2.171489e+003,4.637126e+001
2.171971e+003,4.635597e+001
2.172453e+003,4.634047e+001
2.172935e+003,4.632502e+001
2.173417e+003,4.630997e+001
2.173900e+003,4.629561e+001
2.174382e+003,4.628213e+001
2.174864e+003,4.626952e+001
2.175346e+003,4.625761e+001
2.175828e+003,4.624604e+001
2.176310e+003,4.623437e+001
2.176792e+003,4.622218e+001
2.177274e+003,4.620918e+001
2.177757e+003,4.619529e+001
2.178239e+003,4.618060e+001
2.178721e+003,4.616528e+001
2.179203e+003,4.614961e+001
2.179685e+003,4.613376e+001
2.180167e+003,4.611790e+001
2.180649e+003,4.610206e+001
2.181132e+003,4.608624e+001
2.181614e+003,4.607047e+001
2.182096e+003,4.605474e+001
2.182578e+003,4.603915e+001
2.183060e+003,4.602376e+001
2.183542e+003,4.600870e+001
2.184024e+003,4.599408e+001
2.184506e+003,4.597999e+001
2.184989e+003,4.596652e+001
2.185471e+003,4.595368e+001
2.185953e+003,4.594137e+001
2.186435e+003,4.592941e+001
2.186917e+003,4.591752e+001
2.187399e+003,4.590537e+001
2.187881e+003,4.589270e+001
2.188363e+003,4.587929e+001
2.188845e+003,4.586516e+001
2.189328e+003,4.585039e+001
2.189810e+003,4.583522e+001
2.190292e+003,4.581982e+001
2.190774e+003,4.580436e+001
2.191256e+003,4.578893e+001
2.191738e+003,4.577358e+001
2.192220e+003,4.575834e+001
2.192702e+003,4.574327e+001
2.193185e+003,4.572847e+001
2.193667e+003,4.571398e+001
2.194149e+003,4.569978e+001
2.194631e+003,4.568570e+001
2.195113e+003,4.567146e+001
2.195595e+003,4.565671e+001
2.196077e+003,4.564120e+001
2.196560e+003,4.562488e+001
2.197042e+003,4.560786e+001
2.197524e+003,4.559053e+001
2.198006e+003,4.557337e+001
2.198488e+003,4.555682e+001
2.198970e+003,4.554118e+001
2.199452e+003,4.552658e+001
2.199934e+003,4.551295e+001
2.200417e+003,4.550010e+001
2.200899e+003,4.548772e+001
2.201381e+003,4.547562e+001
2.201863e+003,4.546355e+001
2.202345e+003,4.545138e+001
2.202827e+003,4.543896e+001
2.203309e+003,4.542618e+001
2.203791e+003,4.541293e+001
2.204273e+003,4.539918e+001
2.204756e+003,4.538489e+001
2.205238e+003,4.537016e+001
2.205720e+003,4.535506e+001
2.206202e+003,4.533976e+001
2.206684e+003,4.532440e+001
2.207166e+003,4.530914e+001
2.207648e+003,4.529413e+001
2.208130e+003,4.527950e+001
2.208613e+003,4.526530e+001
2.209095e+003,4.525153e+001
2.209577e+003,4.523806e+001
2.210059e+003,4.522473e+001
2.210541e+003,4.521127e+001
2.211023e+003,4.519747e+001
2.211505e+003,4.518319e+001
2.211988e+003,4.516839e+001
2.212469e+003,4.515318e+001
2.212952e+003,4.513771e+001
2.213434e+003,4.512214e+001
2.213916e+003,4.510660e+001
2.214398e+003,4.509112e+001
2.214880e+003,4.507571e+001
2.215362e+003,4.506032e+001
2.215844e+003,4.504495e+001
2.216327e+003,4.502963e+001
2.216809e+003,4.501441e+001
2.217291e+003,4.499931e+001
2.217773e+003,4.498432e+001
2.218255e+003,4.496935e+001
2.218737e+003,4.495430e+001
2.219219e+003,4.493908e+001
2.219701e+003,4.492364e+001
2.220184e+003,4.490806e+001
2.220666e+003,4.489248e+001
2.221148e+003,4.487699e+001
2.221630e+003,4.486171e+001
2.222112e+003,4.484670e+001
2.222594e+003,4.483192e+001
2.223076e+003,4.481736e+001
2.223558e+003,4.480304e+001
2.224041e+003,4.478895e+001
2.224523e+003,4.477519e+001
2.225005e+003,4.476173e+001
2.225487e+003,4.474854e+001
2.225969e+003,4.473544e+001
2.226451e+003,4.472219e+001
2.226933e+003,4.470855e+001
2.227416e+003,4.469433e+001
2.227897e+003,4.467942e+001
2.228380e+003,4.466383e+001
2.228862e+003,4.464766e+001
2.229344e+003,4.463105e+001
2.229826e+003,4.461414e+001
2.230308e+003,4.459709e+001
2.230790e+003,4.458006e+001
2.231272e+003,4.456322e+001
2.231755e+003,4.454674e+001
2.232237e+003,4.453075e+001
2.232719e+003,4.451531e+001
2.233201e+003,4.450033e+001
2.233683e+003,4.448566e+001
2.234165e+003,4.447102e+001
2.234647e+003,4.445619e+001
2.235129e+003,4.444102e+001
2.235612e+003,4.442556e+001
2.236094e+003,4.440994e+001
2.236576e+003,4.439439e+001
2.237058e+003,4.437917e+001
2.237540e+003,4.436442e+001
2.238022e+003,4.435019e+001
2.238504e+003,4.433631e+001
2.238986e+003,4.432259e+001
2.239469e+003,4.430865e+001
2.239951e+003,4.429417e+001
2.240433e+003,4.427874e+001
2.240915e+003,4.426212e+001
2.241397e+003,4.424412e+001
2.241879e+003,4.422479e+001
2.242361e+003,4.420437e+001
2.242844e+003,4.418335e+001
2.243326e+003,4.416233e+001
2.243808e+003,4.414194e+001
2.244290e+003,4.412270e+001
2.244772e+003,4.410488e+001
2.245254e+003,4.408840e+001
2.245736e+003,4.407290e+001
2.246218e+003,4.405780e+001
2.246700e+003,4.404244e+001
2.247183e+003,4.402623e+001
2.247665e+003,4.400873e+001
2.248147e+003,4.398976e+001
2.248629e+003,4.396936e+001
2.249111e+003,4.394777e+001
2.249593e+003,4.392539e+001
2.250075e+003,4.390269e+001
2.250557e+003,4.388014e+001
2.251040e+003,4.385814e+001
2.251522e+003,4.383694e+001
2.252004e+003,4.381660e+001
2.252486e+003,4.379697e+001
2.252968e+003,4.377782e+001
2.253450e+003,4.375883e+001
2.253932e+003,4.373980e+001
2.254415e+003,4.372059e+001
2.254896e+003,4.370127e+001
2.255379e+003,4.368195e+001
2.255861e+003,4.366272e+001
2.256343e+003,4.364362e+001
2.256825e+003,4.362453e+001
2.257307e+003,4.360526e+001
2.257789e+003,4.358555e+001
2.258271e+003,4.356520e+001
2.258754e+003,4.354413e+001
2.259236e+003,4.352239e+001
2.259718e+003,4.350009e+001
2.260200e+003,4.347739e+001
2.260682e+003,4.345445e+001
2.261164e+003,4.343136e+001
2.261646e+003,4.340820e+001
2.262128e+003,4.338508e+001
2.262611e+003,4.336212e+001
2.263093e+003,4.333946e+001
2.263575e+003,4.331723e+001
2.264057e+003,4.329556e+001
2.264539e+003,4.327448e+001
2.265021e+003,4.325401e+001
2.265503e+003,4.323421e+001
2.265985e+003,4.321512e+001
2.266468e+003,4.319687e+001
2.266950e+003,4.317957e+001
2.267432e+003,4.316326e+001
2.267914e+003,4.314793e+001
2.268396e+003,4.313338e+001
2.268878e+003,4.311941e+001
2.269360e+003,4.310575e+001
2.269843e+003,4.309224e+001
2.270324e+003,4.307884e+001
2.270807e+003,4.306563e+001
2.271289e+003,4.305275e+001
2.271771e+003,4.304034e+001
2.272253e+003,4.302845e+001
2.272735e+003,4.301707e+001
2.273217e+003,4.300610e+001
2.273699e+003,4.299549e+001
2.274182e+003,4.298525e+001
2.274664e+003,4.297549e+001
2.275146e+003,4.296642e+001
2.275628e+003,4.295827e+001
2.276110e+003,4.295125e+001
2.276592e+003,4.294548e+001
2.277074e+003,4.294098e+001
2.277556e+003,4.293771e+001
2.278039e+003,4.293557e+001
2.278521e+003,4.293443e+001
2.279003e+003,4.293408e+001
2.279485e+003,4.293422e+001
2.279967e+003,4.293441e+001
2.280449e+003,4.293405e+001
2.280931e+003,4.293237e+001
2.281413e+003,4.292847e+001
2.281896e+003,4.292146e+001
2.282378e+003,4.291052e+001
2.282860e+003,4.289501e+001
2.283342e+003,4.287452e+001
2.283824e+003,4.284896e+001
2.284306e+003,4.281855e+001
2.284788e+003,4.278371e+001
2.285271e+003,4.274504e+001
2.285752e+003,4.270316e+001
2.286235e+003,4.265861e+001
2.286717e+003,4.261177e+001
2.287199e+003,4.256281e+001
2.287681e+003,4.251181e+001
2.288163e+003,4.245880e+001
2.288645e+003,4.240384e+001
2.289127e+003,4.234711e+001
2.289610e+003,4.228898e+001
2.290092e+003,4.222982e+001
2.290574e+003,4.217003e+001
2.291056e+003,4.210993e+001
2.291538e+003,4.204967e+001
2.292020e+003,4.198927e+001
2.292502e+003,4.192861e+001
2.292984e+003,4.186757e+001
2.293467e+003,4.180598e+001
2.293949e+003,4.174374e+001
2.294431e+003,4.168074e+001
2.294913e+003,4.161690e+001
2.295395e+003,4.155214e+001
2.295877e+003,4.148643e+001
2.296359e+003,4.141972e+001
2.296841e+003,4.135210e+001
2.297323e+003,4.128367e+001
2.297806e+003,4.121460e+001
2.298288e+003,4.114508e+001
2.298770e+003,4.107533e+001
2.299252e+003,4.100551e+001
2.299734e+003,4.093579e+001
2.300216e+003,4.086625e+001
2.300698e+003,4.079679e+001
2.301180e+003,4.072710e+001
2.301663e+003,4.065648e+001
2.302145e+003,4.058382e+001
2.302627e+003,4.050765e+001
2.303109e+003,4.042633e+001
2.303591e+003,4.033828e+001
2.304073e+003,4.024226e+001
2.304555e+003,4.013771e+001
2.305038e+003,4.002477e+001
2.305520e+003,3.990430e+001
2.306002e+003,3.977773e+001
2.306484e+003,3.964674e+001
2.306966e+003,3.951314e+001
2.307448e+003,3.937861e+001
2.307930e+003,3.924467e+001
2.308412e+003,3.911271e+001
2.308895e+003,3.898396e+001
2.309377e+003,3.885963e+001
2.309859e+003,3.874081e+001
2.310341e+003,3.862842e+001
2.310823e+003,3.852316e+001
2.311305e+003,3.842532e+001
2.311787e+003,3.833465e+001
2.312269e+003,3.825028e+001
2.312751e+003,3.817058e+001
2.313234e+003,3.809318e+001
2.313716e+003,3.801501e+001
2.314198e+003,3.793258e+001
2.314680e+003,3.784225e+001
2.315162e+003,3.774073e+001
2.315644e+003,3.762542e+001
2.316126e+003,3.749478e+001
2.316608e+003,3.734846e+001
2.317091e+003,3.718734e+001
2.317573e+003,3.701326e+001
2.318055e+003,3.682891e+001
2.318537e+003,3.663744e+001
2.319019e+003,3.644233e+001
2.319501e+003,3.624715e+001
2.319983e+003,3.605543e+001
2.320466e+003,3.587046e+001
2.320948e+003,3.569503e+001
2.321430e+003,3.553109e+001
2.321912e+003,3.537961e+001
2.322394e+003,3.524029e+001
2.322876e+003,3.511177e+001
2.323358e+003,3.499171e+001
2.323840e+003,3.487738e+001
2.324323e+003,3.476593e+001
2.324805e+003,3.465496e+001
2.325287e+003,3.454267e+001
2.325769e+003,3.442802e+001
2.326251e+003,3.431075e+001
2.326733e+003,3.419129e+001
2.327215e+003,3.407066e+001
2.327697e+003,3.395045e+001
2.328179e+003,3.383259e+001
2.328662e+003,3.371933e+001
2.329144e+003,3.361292e+001
2.329626e+003,3.351555e+001
2.330108e+003,3.342907e+001
2.330590e+003,3.335464e+001
2.331072e+003,3.329248e+001
2.331554e+003,3.324173e+001
2.332036e+003,3.320020e+001
2.332519e+003,3.316461e+001
2.333001e+003,3.313085e+001
2.333483e+003,3.309475e+001
2.333965e+003,3.305270e+001
2.334447e+003,3.300248e+001
2.334929e+003,3.294362e+001
2.335411e+003,3.287751e+001
2.335894e+003,3.280671e+001
2.336375e+003,3.273429e+001
2.336858e+003,3.266269e+001
2.337340e+003,3.259322e+001
2.337822e+003,3.252586e+001
2.338304e+003,3.245981e+001
2.338786e+003,3.239439e+001
2.339268e+003,3.233001e+001
2.339750e+003,3.226857e+001
2.340233e+003,3.221349e+001
2.340715e+003,3.216893e+001
2.341197e+003,3.213929e+001
2.341679e+003,3.212878e+001
2.342161e+003,3.214175e+001
2.342643e+003,3.218352e+001
2.343125e+003,3.226105e+001
2.343607e+003,3.238245e+001
2.344090e+003,3.255513e+001
2.344572e+003,3.278219e+001
2.345054e+003,3.305906e+001
2.345536e+003,3.337166e+001
2.346018e+003,3.369782e+001
2.346500e+003,3.401118e+001
2.346982e+003,3.428618e+001
2.347464e+003,3.450175e+001
2.347947e+003,3.464318e+001
2.348429e+003,3.470212e+001
2.348911e+003,3.467572e+001
2.349393e+003,3.456555e+001
2.349875e+003,3.437689e+001
2.350357e+003,3.411832e+001
2.350839e+003,3.380150e+001
2.351322e+003,3.344057e+001
2.351803e+003,3.305106e+001
2.352286e+003,3.264805e+001
2.352768e+003,3.224430e+001
2.353250e+003,3.184878e+001
2.353732e+003,3.146670e+001
2.354214e+003,3.110057e+001
2.354696e+003,3.075229e+001
2.355178e+003,3.042447e+001
2.355661e+003,3.012093e+001
2.356143e+003,2.984599e+001
2.356625e+003,2.960319e+001
2.357107e+003,2.939414e+001
2.357589e+003,2.921835e+001
2.358071e+003,2.907369e+001
2.358553e+003,2.895771e+001
2.359035e+003,2.886841e+001
2.359518e+003,2.880484e+001
2.360000e+003,2.876666e+001
2.360482e+003,2.875391e+001
2.360964e+003,2.876621e+001
2.361446e+003,2.880283e+001
2.361928e+003,2.886264e+001
2.362410e+003,2.894464e+001
2.362892e+003,2.904792e+001
2.363375e+003,2.917183e+001
2.363857e+003,2.931559e+001
2.364339e+003,2.947833e+001
2.364821e+003,2.965881e+001
2.365303e+003,2.985578e+001
2.365785e+003,3.006791e+001
2.366267e+003,3.029410e+001
2.366750e+003,3.053329e+001
2.367232e+003,3.078438e+001
2.367714e+003,3.104595e+001
2.368196e+003,3.131636e+001
2.368678e+003,3.159379e+001
2.369160e+003,3.187652e+001
2.369642e+003,3.216312e+001
2.370124e+003,3.245264e+001
2.370606e+003,3.274444e+001
2.371089e+003,3.303801e+001
2.371571e+003,3.333269e+001
2.372053e+003,3.362756e+001
2.372535e+003,3.392133e+001
2.373017e+003,3.421256e+001
2.373499e+003,3.449980e+001
2.373981e+003,3.478180e+001
2.374463e+003,3.505769e+001
2.374946e+003,3.532695e+001
2.375428e+003,3.558946e+001
2.375910e+003,3.584547e+001
2.376392e+003,3.609549e+001
2.376874e+003,3.634026e+001
2.377356e+003,3.658064e+001
2.377838e+003,3.681757e+001
2.378321e+003,3.705178e+001
2.378802e+003,3.728372e+001
2.379285e+003,3.751336e+001
2.379767e+003,3.774015e+001
2.380249e+003,3.796302e+001
2.380731e+003,3.818043e+001
2.381213e+003,3.839060e+001
2.381695e+003,3.859164e+001
2.382177e+003,3.878171e+001
2.382660e+003,3.895921e+001
2.383142e+003,3.912275e+001
2.383624e+003,3.927134e+001
2.384106e+003,3.940429e+001
2.384588e+003,3.952133e+001
2.385070e+003,3.962250e+001
2.385552e+003,3.970826e+001
2.386034e+003,3.977936e+001
2.386517e+003,3.983679e+001
2.386999e+003,3.988176e+001
2.387481e+003,3.991555e+001
2.387963e+003,3.993952e+001
2.388445e+003,3.995504e+001
2.388927e+003,3.996345e+001
2.389409e+003,3.996605e+001
2.389891e+003,3.996404e+001
2.390374e+003,3.995856e+001
2.390856e+003,3.995052e+001
2.391338e+003,3.994070e+001
2.391820e+003,3.992971e+001
2.392302e+003,3.991801e+001
2.392784e+003,3.990599e+001
2.393266e+003,3.989392e+001
2.393749e+003,3.988202e+001
2.394230e+003,3.987038e+001
2.394713e+003,3.985892e+001
2.395195e+003,3.984748e+001
2.395677e+003,3.983577e+001
2.396159e+003,3.982350e+001
2.396641e+003,3.981053e+001
2.397123e+003,3.979691e+001
2.397605e+003,3.978289e+001
2.398088e+003,3.976889e+001
2.398570e+003,3.975528e+001
2.399052e+003,3.974231e+001
2.399534e+003,3.972996e+001
2.400016e+003,3.971797e+001
2.400498e+003,3.970591e+001
2.400980e+003,3.969335e+001
2.401462e+003,3.967997e+001
2.401945e+003,3.966567e+001
2.402427e+003,3.965058e+001
2.402909e+003,3.963497e+001
2.403391e+003,3.961918e+001
2.403873e+003,3.960349e+001
2.404355e+003,3.958805e+001
2.404837e+003,3.957296e+001
2.405319e+003,3.955821e+001
2.405802e+003,3.954379e+001
2.406284e+003,3.952971e+001
2.406766e+003,3.951598e+001
2.407248e+003,3.950265e+001
2.407730e+003,3.948971e+001
2.408212e+003,3.947713e+001
2.408694e+003,3.946481e+001
2.409177e+003,3.945259e+001
2.409658e+003,3.944024e+001
2.410141e+003,3.942753e+001
2.410623e+003,3.941426e+001
2.411105e+003,3.940030e+001
2.411587e+003,3.938560e+001
2.412069e+003,3.937029e+001
2.412551e+003,3.935462e+001
2.413033e+003,3.933896e+001
2.413516e+003,3.932367e+001
2.413998e+003,3.930899e+001
2.414480e+003,3.929509e+001
2.414962e+003,3.928187e+001
2.415444e+003,3.926912e+001
2.415926e+003,3.925654e+001
2.416408e+003,3.924382e+001
2.416890e+003,3.923076e+001
2.417373e+003,3.921722e+001
2.417855e+003,3.920317e+001
2.418337e+003,3.918868e+001
2.418819e+003,3.917379e+001
2.419301e+003,3.915859e+001
2.419783e+003,3.914316e+001
2.420265e+003,3.912763e+001
2.420747e+003,3.911214e+001
2.421229e+003,3.909690e+001
2.421712e+003,3.908207e+001
2.422194e+003,3.906775e+001
2.422676e+003,3.905402e+001
2.423158e+003,3.904083e+001
2.423640e+003,3.902815e+001
2.424122e+003,3.901586e+001
2.424604e+003,3.900392e+001
2.425086e+003,3.899231e+001
2.425569e+003,3.898102e+001
2.426051e+003,3.897001e+001
2.426533e+003,3.895927e+001
2.427015e+003,3.894865e+001
2.427497e+003,3.893806e+001
2.427979e+003,3.892739e+001
2.428461e+003,3.891650e+001
2.428944e+003,3.890535e+001
2.429426e+003,3.889389e+001
2.429908e+003,3.888207e+001
2.430390e+003,3.886986e+001
2.430872e+003,3.885723e+001
2.431354e+003,3.884418e+001
2.431836e+003,3.883073e+001
2.432318e+003,3.881697e+001
2.432801e+003,3.880294e+001
2.433283e+003,3.878875e+001
2.433765e+003,3.877441e+001
2.434247e+003,3.875997e+001
2.434729e+003,3.874544e+001
2.435211e+003,3.873087e+001
2.435693e+003,3.871639e+001
2.436175e+003,3.870212e+001
2.436657e+003,3.868822e+001
2.437140e+003,3.867476e+001
2.437622e+003,3.866172e+001
2.438104e+003,3.864899e+001
2.438586e+003,3.863640e+001
2.439068e+003,3.862379e+001
2.439550e+003,3.861111e+001
2.440032e+003,3.859843e+001
2.440514e+003,3.858591e+001
2.440997e+003,3.857373e+001
2.441479e+003,3.856208e+001
2.441961e+003,3.855094e+001
2.442443e+003,3.854019e+001
2.442925e+003,3.852961e+001
2.443407e+003,3.851892e+001
2.443889e+003,3.850792e+001
2.444372e+003,3.849653e+001
2.444854e+003,3.848469e+001
2.445336e+003,3.847247e+001
2.445818e+003,3.845988e+001
2.446300e+003,3.844695e+001
2.446782e+003,3.843360e+001
2.447264e+003,3.841980e+001
2.447746e+003,3.840551e+001
2.448229e+003,3.839077e+001
2.448711e+003,3.837568e+001
2.449193e+003,3.836045e+001
2.449675e+003,3.834528e+001
2.450157e+003,3.833042e+001
2.450639e+003,3.831600e+001
2.451121e+003,3.830215e+001
2.451604e+003,3.828893e+001
2.452085e+003,3.827630e+001
2.452568e+003,3.826418e+001
2.453050e+003,3.825246e+001
2.453532e+003,3.824107e+001
2.454014e+003,3.822988e+001
2.454496e+003,3.821882e+001
2.454978e+003,3.820787e+001
2.455460e+003,3.819701e+001
2.455943e+003,3.818620e+001
2.456425e+003,3.817540e+001
2.456907e+003,3.816452e+001
2.457389e+003,3.815343e+001
2.457871e+003,3.814201e+001
2.458353e+003,3.813014e+001
2.458835e+003,3.811776e+001
2.459317e+003,3.810484e+001
2.459800e+003,3.809136e+001
2.460282e+003,3.807730e+001
2.460764e+003,3.806270e+001
2.461246e+003,3.804760e+001
2.461728e+003,3.803216e+001
2.462210e+003,3.801662e+001
2.462692e+003,3.800134e+001
2.463174e+003,3.798669e+001
2.463656e+003,3.797301e+001
2.464139e+003,3.796047e+001
2.464621e+003,3.794897e+001
2.465103e+003,3.793824e+001
2.465585e+003,3.792785e+001
2.466067e+003,3.791734e+001
2.466549e+003,3.790637e+001
2.467031e+003,3.789480e+001
2.467513e+003,3.788267e+001
2.467996e+003,3.787018e+001
2.468478e+003,3.785759e+001
2.468960e+003,3.784507e+001
2.469442e+003,3.783272e+001
2.469924e+003,3.782047e+001
2.470406e+003,3.780824e+001
2.470888e+003,3.779588e+001
2.471371e+003,3.778331e+001
2.471853e+003,3.777047e+001
2.472335e+003,3.775736e+001
2.472817e+003,3.774401e+001
2.473299e+003,3.773043e+001
2.473781e+003,3.771662e+001
2.474263e+003,3.770261e+001
2.474745e+003,3.768836e+001
2.475228e+003,3.767389e+001
2.475710e+003,3.765918e+001
2.476192e+003,3.764425e+001
2.476674e+003,3.762919e+001
2.477156e+003,3.761416e+001
2.477638e+003,3.759935e+001
2.478120e+003,3.758505e+001
2.478602e+003,3.757153e+001
2.479084e+003,3.755896e+001
2.479567e+003,3.754738e+001
2.480049e+003,3.753664e+001
2.480531e+003,3.752645e+001
2.481013e+003,3.751637e+001
2.481495e+003,3.750597e+001
2.481977e+003,3.749493e+001
2.482459e+003,3.748307e+001
2.482941e+003,3.747035e+001
2.483424e+003,3.745688e+001
2.483906e+003,3.744284e+001
2.484388e+003,3.742842e+001
2.484870e+003,3.741382e+001
2.485352e+003,3.739920e+001
2.485834e+003,3.738469e+001
2.486316e+003,3.737041e+001
2.486799e+003,3.735642e+001
2.487281e+003,3.734270e+001
2.487763e+003,3.732918e+001
2.488245e+003,3.731577e+001
2.488727e+003,3.730238e+001
2.489209e+003,3.728895e+001
2.489691e+003,3.727557e+001
2.490173e+003,3.726231e+001
2.490656e+003,3.724934e+001
2.491138e+003,3.723670e+001
2.491620e+003,3.722441e+001
2.492102e+003,3.721233e+001
2.492584e+003,3.720029e+001
2.493066e+003,3.718814e+001
2.493548e+003,3.717579e+001
2.494030e+003,3.716328e+001
2.494512e+003,3.715071e+001
2.494995e+003,3.713818e+001
2.495477e+003,3.712577e+001
2.495959e+003,3.711337e+001
2.496441e+003,3.710086e+001
2.496923e+003,3.708804e+001
2.497405e+003,3.707481e+001
2.497887e+003,3.706114e+001
2.498370e+003,3.704716e+001
2.498852e+003,3.703303e+001
2.499334e+003,3.701894e+001
2.499816e+003,3.700500e+001
2.500298e+003,3.699123e+001
2.500780e+003,3.697760e+001
2.501262e+003,3.696402e+001
2.501744e+003,3.695042e+001
2.502227e+003,3.693681e+001
2.502709e+003,3.692320e+001
2.503191e+003,3.690967e+001
2.503673e+003,3.689623e+001
2.504155e+003,3.688294e+001
2.504637e+003,3.686974e+001
2.505119e+003,3.685664e+001
2.505601e+003,3.684361e+001
2.506083e+003,3.683065e+001
2.506566e+003,3.681772e+001
2.507048e+003,3.680483e+001
2.507530e+003,3.679198e+001
2.508012e+003,3.677922e+001
2.508494e+003,3.676654e+001
2.508976e+003,3.675406e+001
2.509458e+003,3.674183e+001
2.509940e+003,3.672985e+001
2.510423e+003,3.671799e+001
2.510905e+003,3.670598e+001
2.511387e+003,3.669340e+001
2.511869e+003,3.667987e+001
2.512351e+003,3.666512e+001
2.512833e+003,3.664911e+001
2.513315e+003,3.663214e+001
2.513798e+003,3.661473e+001
2.514280e+003,3.659755e+001
2.514762e+003,3.658118e+001
2.515244e+003,3.656607e+001
2.515726e+003,3.655228e+001
2.516208e+003,3.653967e+001
2.516690e+003,3.652782e+001
2.517172e+003,3.651625e+001
2.517655e+003,3.650451e+001
2.518137e+003,3.649225e+001
2.518619e+003,3.647927e+001
2.519101e+003,3.646546e+001
2.519583e+003,3.645082e+001
2.520065e+003,3.643541e+001
2.520547e+003,3.641937e+001
2.521029e+003,3.640295e+001
2.521511e+003,3.638645e+001
2.521994e+003,3.637022e+001
2.522476e+003,3.635463e+001
2.522958e+003,3.633995e+001
2.523440e+003,3.632635e+001
2.523922e+003,3.631383e+001
2.524404e+003,3.630222e+001
2.524886e+003,3.629119e+001
2.525368e+003,3.628036e+001
2.525851e+003,3.626928e+001
2.526333e+003,3.625761e+001
2.526815e+003,3.624512e+001
2.527297e+003,3.623174e+001
2.527779e+003,3.621761e+001
2.528261e+003,3.620301e+001
2.528743e+003,3.618832e+001
2.529226e+003,3.617392e+001
2.529708e+003,3.616007e+001
2.530190e+003,3.614692e+001
2.530672e+003,3.613436e+001
2.531154e+003,3.612219e+001
2.531636e+003,3.611008e+001
2.532118e+003,3.609771e+001
2.532600e+003,3.608477e+001
2.533083e+003,3.607109e+001
2.533565e+003,3.605655e+001
2.534047e+003,3.604118e+001
2.534529e+003,3.602509e+001
2.535011e+003,3.600852e+001
2.535493e+003,3.599174e+001
2.535975e+003,3.597512e+001
2.536457e+003,3.595898e+001
2.536939e+003,3.594358e+001
2.537422e+003,3.592903e+001
2.537904e+003,3.591531e+001
2.538386e+003,3.590223e+001
2.538868e+003,3.588957e+001
2.539350e+003,3.587706e+001
2.539832e+003,3.586453e+001
2.540314e+003,3.585191e+001
2.540796e+003,3.583920e+001
2.541279e+003,3.582639e+001
2.541761e+003,3.581348e+001
2.542243e+003,3.580042e+001
2.542725e+003,3.578713e+001
2.543207e+003,3.577354e+001
2.543689e+003,3.575967e+001
2.544171e+003,3.574558e+001
2.544654e+003,3.573146e+001
2.545135e+003,3.571744e+001
2.545618e+003,3.570364e+001
2.546100e+003,3.569003e+001
2.546582e+003,3.567648e+001
2.547064e+003,3.566282e+001
2.547546e+003,3.564880e+001
2.548028e+003,3.563425e+001
2.548510e+003,3.561899e+001
2.548993e+003,3.560292e+001
2.549475e+003,3.558607e+001
2.549957e+003,3.556852e+001
2.550439e+003,3.555049e+001
2.550921e+003,3.553233e+001
2.551403e+003,3.551450e+001
2.551885e+003,3.549752e+001
2.552367e+003,3.548183e+001
2.552850e+003,3.546764e+001
2.553332e+003,3.545491e+001
2.553814e+003,3.544327e+001
2.554296e+003,3.543215e+001
2.554778e+003,3.542088e+001
2.555260e+003,3.540888e+001
2.555742e+003,3.539585e+001
2.556224e+003,3.538173e+001
2.556707e+003,3.536677e+001
2.557189e+003,3.535139e+001
2.557671e+003,3.533608e+001
2.558153e+003,3.532126e+001
2.558635e+003,3.530720e+001
2.559117e+003,3.529403e+001
2.559599e+003,3.528162e+001
2.560082e+003,3.526971e+001
2.560563e+003,3.525791e+001
2.561046e+003,3.524575e+001
2.561528e+003,3.523280e+001
2.562010e+003,3.521877e+001
2.562492e+003,3.520359e+001
2.562974e+003,3.518746e+001
2.563456e+003,3.517082e+001
2.563938e+003,3.515425e+001
2.564421e+003,3.513833e+001
2.564903e+003,3.512355e+001
2.565385e+003,3.511012e+001
2.565867e+003,3.509803e+001
2.566349e+003,3.508709e+001
2.566831e+003,3.507693e+001
2.567313e+003,3.506722e+001
2.567795e+003,3.505761e+001
2.568278e+003,3.504780e+001
2.568760e+003,3.503752e+001
2.569242e+003,3.502653e+001
2.569724e+003,3.501458e+001
2.570206e+003,3.500153e+001
2.570688e+003,3.498734e+001
2.571170e+003,3.497208e+001
2.571652e+003,3.495602e+001
2.572135e+003,3.493949e+001
2.572617e+003,3.492285e+001
2.573099e+003,3.490642e+001
2.573581e+003,3.489047e+001
2.574063e+003,3.487515e+001
2.574545e+003,3.486055e+001
2.575027e+003,3.484670e+001
2.575510e+003,3.483363e+001
2.575991e+003,3.482125e+001
2.576474e+003,3.480946e+001
2.576956e+003,3.479810e+001
2.577438e+003,3.478697e+001
2.577920e+003,3.477585e+001
2.578402e+003,3.476462e+001
2.578884e+003,3.475319e+001
2.579366e+003,3.474155e+001
2.579849e+003,3.472969e+001
2.580331e+003,3.471763e+001
2.580813e+003,3.470529e+001
2.581295e+003,3.469261e+001
2.581777e+003,3.467951e+001
2.582259e+003,3.466597e+001
2.582741e+003,3.465205e+001
2.583223e+003,3.463788e+001
2.583706e+003,3.462361e+001
2.584188e+003,3.460941e+001
2.584670e+003,3.459537e+001
2.585152e+003,3.458157e+001
2.585634e+003,3.456799e+001
2.586116e+003,3.455464e+001
2.586598e+003,3.454153e+001
2.587080e+003,3.452868e+001
2.587563e+003,3.451606e+001
2.588045e+003,3.450357e+001
2.588527e+003,3.449112e+001
2.589009e+003,3.447851e+001
2.589491e+003,3.446563e+001
2.589973e+003,3.445241e+001
2.590455e+003,3.443892e+001
2.590938e+003,3.442535e+001
2.591419e+003,3.441189e+001
2.591902e+003,3.439875e+001
2.592384e+003,3.438604e+001
2.592866e+003,3.437376e+001
2.593348e+003,3.436186e+001
2.593830e+003,3.435032e+001
2.594312e+003,3.433913e+001
2.594794e+003,3.432832e+001
2.595277e+003,3.431797e+001
2.595759e+003,3.430806e+001
2.596241e+003,3.429846e+001
2.596723e+003,3.428890e+001
2.597205e+003,3.427899e+001
2.597687e+003,3.426836e+001
2.598169e+003,3.425668e+001
2.598651e+003,3.424384e+001
2.599134e+003,3.422993e+001
2.599616e+003,3.421523e+001
2.600098e+003,3.420011e+001
2.600580e+003,3.418498e+001
2.601062e+003,3.417019e+001
2.601544e+003,3.415592e+001
2.602026e+003,3.414226e+001
2.602508e+003,3.412912e+001
2.602990e+003,3.411634e+001
2.603473e+003,3.410374e+001
2.603955e+003,3.409118e+001
2.604437e+003,3.407861e+001
2.604919e+003,3.406617e+001
2.605401e+003,3.405410e+001
2.605883e+003,3.404272e+001
2.606365e+003,3.403233e+001
2.606847e+003,3.402307e+001
2.607330e+003,3.401488e+001
2.607812e+003,3.400747e+001
2.608294e+003,3.400032e+001
2.608776e+003,3.399287e+001
2.609258e+003,3.398462e+001
2.609740e+003,3.397523e+001
2.610222e+003,3.396460e+001
2.610705e+003,3.395286e+001
2.611187e+003,3.394027e+001
2.611669e+003,3.392719e+001
2.612151e+003,3.391393e+001
2.612633e+003,3.390073e+001
2.613115e+003,3.388772e+001
2.613597e+003,3.387490e+001
2.614079e+003,3.386222e+001
2.614562e+003,3.384959e+001
2.615044e+003,3.383690e+001
2.615526e+003,3.382411e+001
2.616008e+003,3.381124e+001
2.616490e+003,3.379840e+001
2.616972e+003,3.378576e+001
2.617454e+003,3.377355e+001
2.617936e+003,3.376192e+001
2.618418e+003,3.375091e+001
2.618901e+003,3.374043e+001
2.619383e+003,3.373024e+001
2.619865e+003,3.372005e+001
2.620347e+003,3.370960e+001
2.620829e+003,3.369873e+001
2.621311e+003,3.368748e+001
2.621793e+003,3.367596e+001
2.622276e+003,3.366436e+001
2.622758e+003,3.365286e+001
2.623240e+003,3.364150e+001
2.623722e+003,3.363023e+001
2.624204e+003,3.361889e+001
2.624686e+003,3.360736e+001
2.625168e+003,3.359557e+001
2.625650e+003,3.358360e+001
2.626133e+003,3.357161e+001
2.626615e+003,3.355987e+001
2.627097e+003,3.354865e+001
2.627579e+003,3.353816e+001
2.628061e+003,3.352851e+001
2.628543e+003,3.351974e+001
2.629025e+003,3.351169e+001
2.629507e+003,3.350409e+001
2.629990e+003,3.349658e+001
2.630472e+003,3.348871e+001
2.630954e+003,3.348003e+001
2.631436e+003,3.347017e+001
2.631918e+003,3.345891e+001
2.632400e+003,3.344628e+001
2.632882e+003,3.343250e+001
2.633364e+003,3.341795e+001
2.633846e+003,3.340308e+001
2.634329e+003,3.338830e+001
2.634811e+003,3.337384e+001
2.635293e+003,3.335984e+001
2.635775e+003,3.334625e+001
2.636257e+003,3.333302e+001
2.636739e+003,3.332005e+001
2.637221e+003,3.330727e+001
2.637704e+003,3.329465e+001
2.638186e+003,3.328214e+001
2.638668e+003,3.326964e+001
2.639150e+003,3.325704e+001
2.639632e+003,3.324421e+001
2.640114e+003,3.323111e+001
2.640596e+003,3.321774e+001
2.641078e+003,3.320425e+001
2.641561e+003,3.319083e+001
2.642043e+003,3.317767e+001
2.642525e+003,3.316493e+001
2.643007e+003,3.315266e+001
2.643489e+003,3.314082e+001
2.643971e+003,3.312933e+001
2.644453e+003,3.311806e+001
2.644935e+003,3.310693e+001
2.645417e+003,3.309584e+001
2.645900e+003,3.308475e+001
2.646382e+003,3.307364e+001
2.646864e+003,3.306254e+001
2.647346e+003,3.305148e+001
2.647828e+003,3.304057e+001
2.648310e+003,3.302996e+001
2.648792e+003,3.301982e+001
2.649274e+003,3.301023e+001
2.649757e+003,3.300117e+001
2.650239e+003,3.299250e+001
2.650721e+003,3.298390e+001
2.651203e+003,3.297501e+001
2.651685e+003,3.296549e+001
2.652167e+003,3.295512e+001
2.652649e+003,3.294388e+001
2.653132e+003,3.293194e+001
2.653614e+003,3.291965e+001
2.654096e+003,3.290740e+001
2.654578e+003,3.289562e+001
2.655060e+003,3.288462e+001
2.655542e+003,3.287456e+001
2.656024e+003,3.286544e+001
2.656506e+003,3.285712e+001
2.656989e+003,3.284930e+001
2.657471e+003,3.284159e+001
2.657953e+003,3.283365e+001
2.658435e+003,3.282515e+001
2.658917e+003,3.281586e+001
2.659399e+003,3.280569e+001
2.659881e+003,3.279468e+001
2.660363e+003,3.278289e+001
2.660845e+003,3.277046e+001
2.661328e+003,3.275749e+001
2.661810e+003,3.274408e+001
2.662292e+003,3.273034e+001
2.662774e+003,3.271640e+001
2.663256e+003,3.270250e+001
2.663738e+003,3.268885e+001
2.664220e+003,3.267569e+001
2.664702e+003,3.266312e+001
2.665185e+003,3.265113e+001
2.665667e+003,3.263952e+001
2.666149e+003,3.262802e+001
2.666631e+003,3.261636e+001
2.667113e+003,3.260434e+001
2.667595e+003,3.259199e+001
2.668077e+003,3.257946e+001
2.668560e+003,3.256701e+001
2.669042e+003,3.255488e+001
2.669524e+003,3.254318e+001
2.670006e+003,3.253189e+001
2.670488e+003,3.252085e+001
2.670970e+003,3.250978e+001
2.671452e+003,3.249848e+001
2.671934e+003,3.248679e+001
2.672417e+003,3.247462e+001
2.672899e+003,3.246199e+001
2.673381e+003,3.244890e+001
2.673863e+003,3.243540e+001
2.674345e+003,3.242149e+001
2.674827e+003,3.240721e+001
2.675309e+003,3.239266e+001
2.675791e+003,3.237801e+001
2.676273e+003,3.236346e+001
2.676756e+003,3.234925e+001
2.677238e+003,3.233558e+001
2.677720e+003,3.232257e+001
2.678202e+003,3.231020e+001
2.678684e+003,3.229836e+001
2.679166e+003,3.228685e+001
2.679648e+003,3.227544e+001
2.680130e+003,3.226385e+001
2.680613e+003,3.225191e+001
2.681095e+003,3.223948e+001
2.681577e+003,3.222657e+001
2.682059e+003,3.221327e+001
2.682541e+003,3.219985e+001
2.683023e+003,3.218661e+001
2.683505e+003,3.217391e+001
2.683988e+003,3.216201e+001
2.684469e+003,3.215109e+001
2.684952e+003,3.214111e+001
2.685434e+003,3.213187e+001
2.685916e+003,3.212304e+001
2.686398e+003,3.211425e+001
2.686880e+003,3.210513e+001
2.687362e+003,3.209538e+001
2.687844e+003,3.208483e+001
2.688327e+003,3.207343e+001
2.688809e+003,3.206126e+001
2.689291e+003,3.204848e+001
2.689773e+003,3.203537e+001
2.690255e+003,3.202222e+001
2.690737e+003,3.200930e+001
2.691219e+003,3.199688e+001
2.691701e+003,3.198504e+001
2.692184e+003,3.197378e+001
2.692666e+003,3.196292e+001
2.693148e+003,3.195227e+001
2.693630e+003,3.194160e+001
2.694112e+003,3.193079e+001
2.694594e+003,3.191983e+001
2.695076e+003,3.190885e+001
2.695558e+003,3.189801e+001
2.696041e+003,3.188746e+001
2.696523e+003,3.187723e+001
2.697005e+003,3.186727e+001
2.697487e+003,3.185739e+001
2.697969e+003,3.184735e+001
2.698451e+003,3.183697e+001
2.698933e+003,3.182607e+001
2.699416e+003,3.181461e+001
2.699897e+003,3.180261e+001
2.700380e+003,3.179016e+001
2.700862e+003,3.177738e+001
2.701344e+003,3.176438e+001
2.701826e+003,3.175132e+001
2.702308e+003,3.173833e+001
2.702790e+003,3.172549e+001
2.703272e+003,3.171285e+001
2.703755e+003,3.170041e+001
2.704237e+003,3.168810e+001
2.704719e+003,3.167585e+001
2.705201e+003,3.166359e+001
2.705683e+003,3.165137e+001
2.706165e+003,3.163931e+001
2.706647e+003,3.162760e+001
2.707129e+003,3.161646e+001
2.707612e+003,3.160608e+001
2.708094e+003,3.159651e+001
2.708576e+003,3.158764e+001
2.709058e+003,3.157923e+001
2.709540e+003,3.157088e+001
2.710022e+003,3.156215e+001
2.710504e+003,3.155259e+001
2.710986e+003,3.154181e+001
2.711469e+003,3.152959e+001
2.711951e+003,3.151587e+001
2.712433e+003,3.150078e+001
2.712915e+003,3.148466e+001
2.713397e+003,3.146801e+001
2.713879e+003,3.145142e+001
2.714361e+003,3.143546e+001
2.714844e+003,3.142055e+001
2.715325e+003,3.140692e+001
2.715808e+003,3.139452e+001
2.716290e+003,3.138311e+001
2.716772e+003,3.137228e+001
2.717254e+003,3.136163e+001
2.717736e+003,3.135079e+001
2.718218e+003,3.133957e+001
2.718700e+003,3.132784e+001
2.719183e+003,3.131564e+001
2.719665e+003,3.130307e+001
2.720147e+003,3.129025e+001
2.720629e+003,3.127729e+001
2.721111e+003,3.126437e+001
2.721593e+003,3.125161e+001
2.722075e+003,3.123912e+001
2.722557e+003,3.122699e+001
2.723040e+003,3.121523e+001
2.723522e+003,3.120380e+001
2.724004e+003,3.119262e+001
2.724486e+003,3.118157e+001
2.724968e+003,3.117058e+001
2.725450e+003,3.115963e+001
2.725932e+003,3.114877e+001
2.726414e+003,3.113803e+001
2.726896e+003,3.112746e+001
2.727379e+003,3.111703e+001
2.727861e+003,3.110666e+001
2.728343e+003,3.109623e+001
2.728825e+003,3.108558e+001
2.729307e+003,3.107458e+001
2.729789e+003,3.106316e+001
2.730271e+003,3.105127e+001
2.730753e+003,3.103894e+001
2.731236e+003,3.102622e+001
2.731718e+003,3.101318e+001
2.732200e+003,3.099995e+001
2.732682e+003,3.098668e+001
2.733164e+003,3.097357e+001
2.733646e+003,3.096080e+001
2.734128e+003,3.094850e+001
2.734611e+003,3.093676e+001
2.735093e+003,3.092554e+001
2.735575e+003,3.091475e+001
2.736057e+003,3.090419e+001
2.736539e+003,3.089367e+001
2.737021e+003,3.088300e+001
2.737503e+003,3.087204e+001
2.737985e+003,3.086065e+001
2.738468e+003,3.084883e+001
2.738950e+003,3.083655e+001
2.739432e+003,3.082393e+001
2.739914e+003,3.081114e+001
2.740396e+003,3.079846e+001
2.740878e+003,3.078618e+001
2.741360e+003,3.077460e+001
2.741842e+003,3.076385e+001
2.742324e+003,3.075394e+001
2.742807e+003,3.074462e+001
2.743289e+003,3.073553e+001
2.743771e+003,3.072623e+001
2.744253e+003,3.071638e+001
2.744735e+003,3.070580e+001
2.745217e+003,3.069453e+001
2.745699e+003,3.068282e+001
2.746182e+003,3.067103e+001
2.746664e+003,3.065950e+001
2.747146e+003,3.064848e+001
2.747628e+003,3.063804e+001
2.748110e+003,3.062809e+001
2.748592e+003,3.061841e+001
2.749074e+003,3.060873e+001
2.749556e+003,3.059878e+001
2.750039e+003,3.058837e+001
2.750521e+003,3.057737e+001
2.751003e+003,3.056580e+001
2.751485e+003,3.055371e+001
2.751967e+003,3.054127e+001
2.752449e+003,3.052866e+001
2.752931e+003,3.051608e+001
2.753413e+003,3.050370e+001
2.753896e+003,3.049172e+001
2.754378e+003,3.048025e+001
2.754860e+003,3.046943e+001
2.755342e+003,3.045933e+001
2.755824e+003,3.044999e+001
2.756306e+003,3.044137e+001
2.756788e+003,3.043338e+001
2.757270e+003,3.042579e+001
2.757752e+003,3.041834e+001
2.758235e+003,3.041071e+001
2.758717e+003,3.040263e+001
2.759199e+003,3.039390e+001
2.759681e+003,3.038445e+001
2.760163e+003,3.037432e+001
2.760645e+003,3.036363e+001
2.761127e+003,3.035254e+001
2.761610e+003,3.034122e+001
2.762092e+003,3.032982e+001
2.762574e+003,3.031851e+001
2.763056e+003,3.030746e+001
2.763538e+003,3.029689e+001
2.764020e+003,3.028698e+001
2.764502e+003,3.027783e+001
2.764984e+003,3.026935e+001
2.765467e+003,3.026131e+001
2.765949e+003,3.025325e+001
2.766431e+003,3.024466e+001
2.766913e+003,3.023507e+001
2.767395e+003,3.022419e+001
2.767877e+003,3.021201e+001
2.768359e+003,3.019877e+001
2.768841e+003,3.018492e+001
2.769323e+003,3.017097e+001
2.769806e+003,3.015737e+001
2.770288e+003,3.014445e+001
2.770770e+003,3.013237e+001
2.771252e+003,3.012113e+001
2.771734e+003,3.011066e+001
2.772216e+003,3.010084e+001
2.772698e+003,3.009153e+001
2.773180e+003,3.008256e+001
2.773663e+003,3.007377e+001
2.774145e+003,3.006498e+001
2.774627e+003,3.005595e+001
2.775109e+003,3.004652e+001
2.775591e+003,3.003651e+001
2.776073e+003,3.002591e+001
2.776555e+003,3.001468e+001
2.777038e+003,3.000293e+001
2.777520e+003,2.999078e+001
2.778002e+003,2.997842e+001
2.778484e+003,2.996604e+001
2.778966e+003,2.995381e+001
2.779448e+003,2.994192e+001
2.779930e+003,2.993049e+001
2.780412e+003,2.991958e+001
2.780895e+003,2.990917e+001
2.781377e+003,2.989916e+001
2.781859e+003,2.988944e+001
2.782341e+003,2.987983e+001
2.782823e+003,2.987019e+001
2.783305e+003,2.986038e+001
2.783787e+003,2.985028e+001
2.784269e+003,2.983973e+001
2.784751e+003,2.982862e+001
2.785234e+003,2.981681e+001
2.785716e+003,2.980427e+001
2.786198e+003,2.979103e+001
2.786680e+003,2.977733e+001
2.787162e+003,2.976347e+001
2.787644e+003,2.974984e+001
2.788126e+003,2.973677e+001
2.788608e+003,2.972448e+001
2.789091e+003,2.971301e+001
2.789573e+003,2.970223e+001
2.790055e+003,2.969188e+001
2.790537e+003,2.968169e+001
2.791019e+003,2.967141e+001
2.791501e+003,2.966093e+001
2.791983e+003,2.965023e+001
2.792466e+003,2.963938e+001
2.792948e+003,2.962849e+001
2.793430e+003,2.961763e+001
2.793912e+003,2.960688e+001
2.794394e+003,2.959624e+001
2.794876e+003,2.958565e+001
2.795358e+003,2.957504e+001
2.795840e+003,2.956430e+001
2.796323e+003,2.955337e+001
2.796805e+003,2.954225e+001
2.797287e+003,2.953100e+001
2.797769e+003,2.951979e+001
2.798251e+003,2.950887e+001
2.798733e+003,2.949848e+001
2.799215e+003,2.948874e+001
2.799697e+003,2.947963e+001
2.800179e+003,2.947091e+001
2.800662e+003,2.946220e+001
2.801144e+003,2.945307e+001
2.801626e+003,2.944318e+001
2.802108e+003,2.943239e+001
2.802590e+003,2.942085e+001
2.803072e+003,2.940891e+001
2.803554e+003,2.939701e+001
2.804036e+003,2.938559e+001
2.804519e+003,2.937491e+001
2.805001e+003,2.936501e+001
2.805483e+003,2.935573e+001
2.805965e+003,2.934686e+001
2.806447e+003,2.933812e+001
2.806929e+003,2.932934e+001
2.807411e+003,2.932045e+001
2.807894e+003,2.931139e+001
2.808375e+003,2.930214e+001
2.808858e+003,2.929266e+001
2.809340e+003,2.928283e+001
2.809822e+003,2.927251e+001
2.810304e+003,2.926158e+001
2.810786e+003,2.924996e+001
2.811268e+003,2.923761e+001
2.811750e+003,2.922464e+001
2.812233e+003,2.921114e+001
2.812715e+003,2.919732e+001
2.813197e+003,2.918338e+001
2.813679e+003,2.916952e+001
2.814161e+003,2.915596e+001
2.814643e+003,2.914286e+001
2.815125e+003,2.913029e+001
2.815607e+003,2.911828e+001
2.816090e+003,2.910678e+001
2.816572e+003,2.909569e+001
2.817054e+003,2.908490e+001
2.817536e+003,2.907431e+001
2.818018e+003,2.906391e+001
2.818500e+003,2.905368e+001
2.818982e+003,2.904361e+001
2.819464e+003,2.903370e+001
2.819947e+003,2.902393e+001
2.820429e+003,2.901425e+001
2.820911e+003,2.900461e+001
2.821393e+003,2.899496e+001
2.821875e+003,2.898530e+001
2.822357e+003,2.897560e+001
2.822839e+003,2.896578e+001
2.823322e+003,2.895569e+001
2.823803e+003,2.894515e+001
2.824286e+003,2.893391e+001
2.824768e+003,2.892178e+001
2.825250e+003,2.890871e+001
2.825732e+003,2.889476e+001
2.826214e+003,2.888022e+001
2.826696e+003,2.886543e+001
2.827178e+003,2.885085e+001
2.827661e+003,2.883683e+001
2.828143e+003,2.882367e+001
2.828625e+003,2.881153e+001
2.829107e+003,2.880040e+001
2.829589e+003,2.879018e+001
2.830071e+003,2.878057e+001
2.830553e+003,2.877120e+001
2.831035e+003,2.876160e+001
2.831518e+003,2.875129e+001
2.832000e+003,2.873981e+001
2.832482e+003,2.872692e+001
2.832964e+003,2.871254e+001
2.833446e+003,2.869688e+001
2.833928e+003,2.868036e+001
2.834410e+003,2.866348e+001
2.834892e+003,2.864670e+001
2.835375e+003,2.863036e+001
2.835857e+003,2.861457e+001
2.836339e+003,2.859923e+001
2.836821e+003,2.858409e+001
2.837303e+003,2.856885e+001
2.837785e+003,2.855323e+001
2.838267e+003,2.853704e+001
2.838750e+003,2.852020e+001
2.839231e+003,2.850273e+001
2.839714e+003,2.848467e+001
2.840196e+003,2.846612e+001
2.840678e+003,2.844712e+001
2.841160e+003,2.842770e+001
2.841642e+003,2.840781e+001
2.842124e+003,2.838734e+001
2.842606e+003,2.836615e+001
2.843089e+003,2.834407e+001
2.843571e+003,2.832097e+001
2.844053e+003,2.829677e+001
2.844535e+003,2.827149e+001
2.845017e+003,2.824518e+001
2.845499e+003,2.821797e+001
2.845981e+003,2.818991e+001
2.846463e+003,2.816108e+001
2.846946e+003,2.813147e+001
2.847428e+003,2.810110e+001
2.847910e+003,2.807004e+001
2.848392e+003,2.803852e+001
2.848874e+003,2.800690e+001
2.849356e+003,2.797572e+001
2.849838e+003,2.794548e+001
2.850320e+003,2.791672e+001
2.850802e+003,2.788982e+001
2.851285e+003,2.786501e+001
2.851767e+003,2.784239e+001
2.852249e+003,2.782198e+001
2.852731e+003,2.780382e+001
2.853213e+003,2.778798e+001
2.853695e+003,2.777459e+001
2.854177e+003,2.776381e+001
2.854659e+003,2.775577e+001
2.855142e+003,2.775047e+001
2.855624e+003,2.774777e+001
2.856106e+003,2.774738e+001
2.856588e+003,2.774886e+001
2.857070e+003,2.775167e+001
2.857552e+003,2.775522e+001
2.858034e+003,2.775898e+001
2.858517e+003,2.776247e+001
2.858999e+003,2.776541e+001
2.859481e+003,2.776764e+001
2.859963e+003,2.776921e+001
2.860445e+003,2.777027e+001
2.860927e+003,2.777102e+001
2.861409e+003,2.777164e+001
2.861891e+003,2.777226e+001
2.862374e+003,2.777287e+001
2.862856e+003,2.777337e+001
2.863338e+003,2.777364e+001
2.863820e+003,2.777351e+001
2.864302e+003,2.777289e+001
2.864784e+003,2.777169e+001
2.865266e+003,2.776982e+001
2.865748e+003,2.776721e+001
2.866230e+003,2.776376e+001
2.866713e+003,2.775933e+001
2.867195e+003,2.775386e+001
2.867677e+003,2.774726e+001
2.868159e+003,2.773958e+001
2.868641e+003,2.773094e+001
2.869123e+003,2.772154e+001
2.869605e+003,2.771165e+001
2.870088e+003,2.770153e+001
2.870570e+003,2.769148e+001
2.871052e+003,2.768174e+001
2.871534e+003,2.767255e+001
2.872016e+003,2.766401e+001
2.872498e+003,2.765615e+001
2.872980e+003,2.764882e+001
2.873462e+003,2.764180e+001
2.873945e+003,2.763475e+001
2.874427e+003,2.762732e+001
2.874909e+003,2.761925e+001
2.875391e+003,2.761039e+001
2.875873e+003,2.760075e+001
2.876355e+003,2.759049e+001
2.876837e+003,2.757978e+001
2.877319e+003,2.756888e+001
2.877802e+003,2.755800e+001
2.878284e+003,2.754734e+001
2.878766e+003,2.753709e+001
2.879248e+003,2.752742e+001
2.879730e+003,2.751851e+001
2.880212e+003,2.751046e+001
2.880694e+003,2.750327e+001
2.881176e+003,2.749678e+001
2.881658e+003,2.749065e+001
2.882141e+003,2.748446e+001
2.882623e+003,2.747774e+001
2.883105e+003,2.747012e+001
2.883587e+003,2.746133e+001
2.884069e+003,2.745132e+001
2.884551e+003,2.744014e+001
2.885033e+003,2.742792e+001
2.885516e+003,2.741483e+001
2.885998e+003,2.740101e+001
2.886480e+003,2.738660e+001
2.886962e+003,2.737174e+001
2.887444e+003,2.735659e+001
2.887926e+003,2.734140e+001
2.888408e+003,2.732637e+001
2.888890e+003,2.731172e+001
2.889373e+003,2.729761e+001
2.889855e+003,2.728409e+001
2.890337e+003,2.727112e+001
2.890819e+003,2.725853e+001
2.891301e+003,2.724608e+001
2.891783e+003,2.723348e+001
2.892265e+003,2.722037e+001
2.892747e+003,2.720645e+001
2.893229e+003,2.719149e+001
2.893712e+003,2.717542e+001
2.894194e+003,2.715836e+001
2.894676e+003,2.714066e+001
2.895158e+003,2.712285e+001
2.895640e+003,2.710550e+001
2.896122e+003,2.708912e+001
2.896604e+003,2.707401e+001
2.897086e+003,2.706024e+001
2.897569e+003,2.704757e+001
2.898051e+003,2.703559e+001
2.898533e+003,2.702378e+001
2.899015e+003,2.701166e+001
2.899497e+003,2.699884e+001
2.899979e+003,2.698503e+001
2.900461e+003,2.697010e+001
2.900944e+003,2.695397e+001
2.901426e+003,2.693664e+001
2.901908e+003,2.691819e+001
2.902390e+003,2.689875e+001
2.902872e+003,2.687856e+001
2.903354e+003,2.685789e+001
2.903836e+003,2.683705e+001
2.904318e+003,2.681636e+001
2.904801e+003,2.679603e+001
2.905283e+003,2.677621e+001
2.905765e+003,2.675695e+001
2.906247e+003,2.673824e+001
2.906729e+003,2.672002e+001
2.907211e+003,2.670221e+001
2.907693e+003,2.668464e+001
2.908175e+003,2.666713e+001
2.908657e+003,2.664941e+001
2.909140e+003,2.663118e+001
2.909622e+003,2.661213e+001
2.910104e+003,2.659200e+001
2.910586e+003,2.657062e+001
2.911068e+003,2.654786e+001
2.911550e+003,2.652368e+001
2.912032e+003,2.649807e+001
2.912514e+003,2.647100e+001
2.912997e+003,2.644246e+001
2.913479e+003,2.641239e+001
2.913961e+003,2.638083e+001
2.914443e+003,2.634784e+001
2.914925e+003,2.631362e+001
2.915407e+003,2.627841e+001
2.915889e+003,2.624253e+001
2.916372e+003,2.620633e+001
2.916854e+003,2.617015e+001
2.917336e+003,2.613437e+001
2.917818e+003,2.609933e+001
2.918300e+003,2.606538e+001
2.918782e+003,2.603289e+001
2.919264e+003,2.600221e+001
2.919746e+003,2.597364e+001
2.920229e+003,2.594742e+001
2.920711e+003,2.592366e+001
2.921193e+003,2.590235e+001
2.921675e+003,2.588329e+001
2.922157e+003,2.586614e+001
2.922639e+003,2.585042e+001
2.923121e+003,2.583557e+001
2.923603e+003,2.582114e+001
2.924085e+003,2.580678e+001
2.924568e+003,2.579250e+001
2.925050e+003,2.577862e+001
2.925532e+003,2.576580e+001
2.926014e+003,2.575494e+001
2.926496e+003,2.574697e+001
2.926978e+003,2.574262e+001
2.927460e+003,2.574228e+001
2.927942e+003,2.574588e+001
2.928425e+003,2.575296e+001
2.928907e+003,2.576269e+001
2.929389e+003,2.577411e+001
2.929871e+003,2.578626e+001
2.930353e+003,2.579836e+001
2.930835e+003,2.580983e+001
2.931317e+003,2.582037e+001
2.931800e+003,2.582993e+001
2.932281e+003,2.583867e+001
2.932764e+003,2.584692e+001
2.933246e+003,2.585511e+001
2.933728e+003,2.586365e+001
2.934210e+003,2.587286e+001
2.934692e+003,2.588287e+001
2.935174e+003,2.589360e+001
2.935656e+003,2.590474e+001
2.936139e+003,2.591585e+001
2.936621e+003,2.592646e+001
2.937103e+003,2.593616e+001
2.937585e+003,2.594470e+001
2.938067e+003,2.595197e+001
2.938549e+003,2.595800e+001
2.939031e+003,2.596290e+001
2.939513e+003,2.596683e+001
2.939996e+003,2.596992e+001
2.940478e+003,2.597233e+001
2.940960e+003,2.597419e+001
2.941442e+003,2.597564e+001
2.941924e+003,2.597681e+001
2.942406e+003,2.597775e+001
2.942888e+003,2.597849e+001
2.943370e+003,2.597899e+001
2.943853e+003,2.597918e+001
2.944335e+003,2.597900e+001
2.944817e+003,2.597843e+001
2.945299e+003,2.597750e+001
2.945781e+003,2.597621e+001
2.946263e+003,2.597451e+001
2.946745e+003,2.597225e+001
2.947228e+003,2.596917e+001
2.947709e+003,2.596494e+001
2.948192e+003,2.595927e+001
2.948674e+003,2.595196e+001
2.949156e+003,2.594297e+001
2.949638e+003,2.593244e+001
2.950120e+003,2.592057e+001
2.950602e+003,2.590763e+001
2.951084e+003,2.589386e+001
2.951567e+003,2.587942e+001
2.952049e+003,2.586442e+001
2.952531e+003,2.584902e+001
2.953013e+003,2.583341e+001
2.953495e+003,2.581784e+001
2.953977e+003,2.580255e+001
2.954459e+003,2.578777e+001
2.954941e+003,2.577357e+001
2.955424e+003,2.575995e+001
2.955906e+003,2.574677e+001
2.956388e+003,2.573386e+001
2.956870e+003,2.572111e+001
2.957352e+003,2.570852e+001
2.957834e+003,2.569621e+001
2.958316e+003,2.568442e+001
2.958798e+003,2.567345e+001
2.959281e+003,2.566361e+001
2.959763e+003,2.565512e+001
2.960245e+003,2.564812e+001
2.960727e+003,2.564267e+001
2.961209e+003,2.563865e+001
2.961691e+003,2.563589e+001
2.962173e+003,2.563412e+001
2.962656e+003,2.563303e+001
2.963137e+003,2.563229e+001
2.963620e+003,2.563161e+001
2.964102e+003,2.563079e+001
2.964584e+003,2.562968e+001
2.965066e+003,2.562823e+001
2.965548e+003,2.562643e+001
2.966030e+003,2.562438e+001
2.966512e+003,2.562220e+001
2.966995e+003,2.562012e+001
2.967477e+003,2.561838e+001
2.967959e+003,2.561730e+001
2.968441e+003,2.561711e+001
2.968923e+003,2.561798e+001
2.969405e+003,2.561981e+001
2.969887e+003,2.562237e+001
2.970369e+003,2.562515e+001
2.970852e+003,2.562763e+001
2.971334e+003,2.562926e+001
2.971816e+003,2.562974e+001
2.972298e+003,2.562899e+001
2.972780e+003,2.562719e+001
2.973262e+003,2.562470e+001
2.973744e+003,2.562192e+001
2.974226e+003,2.561916e+001
2.974708e+003,2.561657e+001
2.975191e+003,2.561403e+001
2.975673e+003,2.561130e+001
2.976155e+003,2.560801e+001
2.976637e+003,2.560380e+001
2.977119e+003,2.559836e+001
2.977601e+003,2.559159e+001
2.978083e+003,2.558355e+001
2.978565e+003,2.557453e+001
2.979048e+003,2.556499e+001
2.979530e+003,2.555551e+001
2.980012e+003,2.554673e+001
2.980494e+003,2.553918e+001
2.980976e+003,2.553324e+001
2.981458e+003,2.552902e+001
2.981940e+003,2.552640e+001
2.982423e+003,2.552500e+001
2.982905e+003,2.552429e+001
2.983387e+003,2.552366e+001
2.983869e+003,2.552251e+001
2.984351e+003,2.552033e+001
2.984833e+003,2.551667e+001
2.985315e+003,2.551127e+001
2.985797e+003,2.550402e+001
2.986280e+003,2.549503e+001
2.986762e+003,2.548459e+001
2.987244e+003,2.547323e+001
2.987726e+003,2.546155e+001
2.988208e+003,2.545016e+001
2.988690e+003,2.543953e+001
2.989172e+003,2.542992e+001
2.989654e+003,2.542134e+001
2.990136e+003,2.541356e+001
2.990619e+003,2.540625e+001
2.991101e+003,2.539905e+001
2.991583e+003,2.539168e+001
2.992065e+003,2.538396e+001
2.992547e+003,2.537581e+001
2.993029e+003,2.536719e+001
2.993511e+003,2.535806e+001
2.993994e+003,2.534839e+001
2.994476e+003,2.533815e+001
2.994958e+003,2.532737e+001
2.995440e+003,2.531614e+001
2.995922e+003,2.530461e+001
2.996404e+003,2.529299e+001
2.996886e+003,2.528149e+001
2.997368e+003,2.527029e+001
2.997851e+003,2.525953e+001
2.998333e+003,2.524928e+001
2.998815e+003,2.523957e+001
2.999297e+003,2.523037e+001
2.999779e+003,2.522162e+001
3.000261e+003,2.521313e+001
3.000743e+003,2.520468e+001
3.001225e+003,2.519600e+001
3.001708e+003,2.518682e+001
3.002190e+003,2.517697e+001
3.002672e+003,2.516640e+001
3.003154e+003,2.515524e+001
3.003636e+003,2.514373e+001
3.004118e+003,2.513214e+001
3.004600e+003,2.512068e+001
3.005082e+003,2.510949e+001
3.005564e+003,2.509859e+001
3.006047e+003,2.508796e+001
3.006529e+003,2.507761e+001
3.007011e+003,2.506762e+001
3.007493e+003,2.505816e+001
3.007975e+003,2.504938e+001
3.008457e+003,2.504143e+001
3.008939e+003,2.503432e+001
3.009422e+003,2.502794e+001
3.009904e+003,2.502206e+001
3.010386e+003,2.501640e+001
3.010868e+003,2.501069e+001
3.011350e+003,2.500467e+001
3.011832e+003,2.499816e+001
3.012314e+003,2.499095e+001
3.012796e+003,2.498288e+001
3.013279e+003,2.497380e+001
3.013761e+003,2.496365e+001
3.014243e+003,2.495249e+001
3.014725e+003,2.494053e+001
3.015207e+003,2.492810e+001
3.015689e+003,2.491560e+001
3.016171e+003,2.490339e+001
3.016653e+003,2.489173e+001
3.017135e+003,2.488070e+001
3.017618e+003,2.487023e+001
3.018100e+003,2.486018e+001
3.018582e+003,2.485040e+001
3.019064e+003,2.484081e+001
3.019546e+003,2.483135e+001
3.020028e+003,2.482204e+001
3.020510e+003,2.481288e+001
3.020992e+003,2.480385e+001
3.021475e+003,2.479487e+001
3.021957e+003,2.478588e+001
3.022439e+003,2.477686e+001
3.022921e+003,2.476785e+001
3.023403e+003,2.475896e+001
3.023885e+003,2.475035e+001
3.024367e+003,2.474214e+001
3.024850e+003,2.473438e+001
3.025332e+003,2.472696e+001
3.025814e+003,2.471969e+001
3.026296e+003,2.471227e+001
3.026778e+003,2.470440e+001
3.027260e+003,2.469578e+001
3.027742e+003,2.468625e+001
3.028224e+003,2.467578e+001
3.028707e+003,2.466451e+001
3.029189e+003,2.465271e+001
3.029671e+003,2.464075e+001
3.030153e+003,2.462901e+001
3.030635e+003,2.461778e+001
3.031117e+003,2.460720e+001
3.031599e+003,2.459720e+001
3.032081e+003,2.458754e+001
3.032563e+003,2.457791e+001
3.033046e+003,2.456803e+001
3.033528e+003,2.455776e+001
3.034010e+003,2.454719e+001
3.034492e+003,2.453659e+001
3.034974e+003,2.452634e+001
3.035456e+003,2.451683e+001
3.035938e+003,2.450833e+001
3.036420e+003,2.450087e+001
3.036903e+003,2.449426e+001
3.037385e+003,2.448812e+001
3.037867e+003,2.448197e+001
3.038349e+003,2.447530e+001
3.038831e+003,2.446772e+001
3.039313e+003,2.445899e+001
3.039795e+003,2.444905e+001
3.040278e+003,2.443807e+001
3.040760e+003,2.442635e+001
3.041242e+003,2.441429e+001
3.041724e+003,2.440228e+001
3.042206e+003,2.439060e+001
3.042688e+003,2.437938e+001
3.043170e+003,2.436856e+001
3.043652e+003,2.435795e+001
3.044135e+003,2.434731e+001
3.044617e+003,2.433642e+001
3.045099e+003,2.432528e+001
3.045581e+003,2.431400e+001
3.046063e+003,2.430283e+001
3.046545e+003,2.429203e+001
3.047027e+003,2.428182e+001
3.047509e+003,2.427225e+001
3.047991e+003,2.426320e+001
3.048474e+003,2.425450e+001
3.048956e+003,2.424593e+001
3.049438e+003,2.423739e+001
3.049920e+003,2.422887e+001
3.050402e+003,2.422044e+001
3.050884e+003,2.421221e+001
3.051366e+003,2.420422e+001
3.051848e+003,2.419639e+001
3.052331e+003,2.418851e+001
3.052813e+003,2.418033e+001
3.053295e+003,2.417159e+001
3.053777e+003,2.416215e+001
3.054259e+003,2.415195e+001
3.054741e+003,2.414109e+001
3.055223e+003,2.412978e+001
3.055706e+003,2.411829e+001
3.056188e+003,2.410689e+001
3.056670e+003,2.409584e+001
3.057152e+003,2.408530e+001
3.057634e+003,2.407534e+001
3.058116e+003,2.406586e+001
3.058598e+003,2.405667e+001
3.059080e+003,2.404744e+001
3.059563e+003,2.403783e+001
3.060045e+003,2.402753e+001
3.060527e+003,2.401638e+001
3.061009e+003,2.400442e+001
3.061491e+003,2.399187e+001
3.061973e+003,2.397910e+001
3.062455e+003,2.396656e+001
3.062937e+003,2.395470e+001
3.063419e+003,2.394385e+001
3.063902e+003,2.393422e+001
3.064384e+003,2.392584e+001
3.064866e+003,2.391865e+001
3.065348e+003,2.391242e+001
3.065830e+003,2.390685e+001
3.066312e+003,2.390154e+001
3.066794e+003,2.389610e+001
3.067276e+003,2.389015e+001
3.067759e+003,2.388339e+001
3.068241e+003,2.387568e+001
3.068723e+003,2.386700e+001
3.069205e+003,2.385752e+001
3.069687e+003,2.384741e+001
3.070169e+003,2.383690e+001
3.070651e+003,2.382615e+001
3.071134e+003,2.381525e+001
3.071615e+003,2.380422e+001
3.072098e+003,2.379310e+001
3.072580e+003,2.378193e+001
3.073062e+003,2.377082e+001
3.073544e+003,2.375989e+001
3.074026e+003,2.374922e+001
3.074508e+003,2.373886e+001
3.074990e+003,2.372872e+001
3.075473e+003,2.371864e+001
3.075955e+003,2.370843e+001
3.076437e+003,2.369791e+001
3.076919e+003,2.368700e+001
3.077401e+003,2.367571e+001
3.077883e+003,2.366420e+001
3.078365e+003,2.365265e+001
3.078847e+003,2.364129e+001
3.079330e+003,2.363027e+001
3.079812e+003,2.361969e+001
3.080294e+003,2.360951e+001
3.080776e+003,2.359963e+001
3.081258e+003,2.358984e+001
3.081740e+003,2.357993e+001
3.082222e+003,2.356972e+001
3.082704e+003,2.355914e+001
3.083187e+003,2.354823e+001
3.083669e+003,2.353719e+001
3.084151e+003,2.352632e+001
3.084633e+003,2.351595e+001
3.085115e+003,2.350639e+001
3.085597e+003,2.349781e+001
3.086079e+003,2.349025e+001
3.086562e+003,2.348355e+001
3.087043e+003,2.347746e+001
3.087526e+003,2.347164e+001
3.088008e+003,2.346575e+001
3.088490e+003,2.345946e+001
3.088972e+003,2.345247e+001
3.089454e+003,2.344453e+001
3.089936e+003,2.343541e+001
3.090418e+003,2.342496e+001
3.090901e+003,2.341316e+001
3.091383e+003,2.340011e+001
3.091865e+003,2.338610e+001
3.092347e+003,2.337162e+001
3.092829e+003,2.335722e+001
3.093311e+003,2.334351e+001
3.093793e+003,2.333101e+001
3.094275e+003,2.332005e+001
3.094758e+003,2.331073e+001
3.095240e+003,2.330289e+001
3.095722e+003,2.329618e+001
3.096204e+003,2.329010e+001
3.096686e+003,2.328413e+001
3.097168e+003,2.327779e+001
3.097650e+003,2.327074e+001
3.098132e+003,2.326280e+001
3.098615e+003,2.325395e+001
3.099097e+003,2.324429e+001
3.099579e+003,2.323395e+001
3.100061e+003,2.322308e+001
3.100543e+003,2.321178e+001
3.101025e+003,2.320011e+001
3.101507e+003,2.318813e+001
3.101990e+003,2.317593e+001
3.102471e+003,2.316374e+001
3.102954e+003,2.315183e+001
3.103436e+003,2.314056e+001
3.103918e+003,2.313023e+001
3.104400e+003,2.312100e+001
3.104882e+003,2.311285e+001
3.105364e+003,2.310561e+001
3.105846e+003,2.309900e+001
3.106329e+003,2.309275e+001
3.106811e+003,2.308673e+001
3.107293e+003,2.308089e+001
3.107775e+003,2.307534e+001
3.108257e+003,2.307011e+001
3.108739e+003,2.306516e+001
3.109221e+003,2.306021e+001
3.109703e+003,2.305482e+001
3.110186e+003,2.304843e+001
3.110668e+003,2.304050e+001
3.111150e+003,2.303073e+001
3.111632e+003,2.301906e+001
3.112114e+003,2.300578e+001
3.112596e+003,2.299141e+001
3.113078e+003,2.297660e+001
3.113560e+003,2.296197e+001
3.114042e+003,2.294796e+001
3.114525e+003,2.293481e+001
3.115007e+003,2.292254e+001
3.115489e+003,2.291103e+001
3.115971e+003,2.290004e+001
3.116453e+003,2.288940e+001
3.116935e+003,2.287903e+001
3.117417e+003,2.286902e+001
3.117900e+003,2.285956e+001
3.118382e+003,2.285091e+001
3.118864e+003,2.284327e+001
3.119346e+003,2.283672e+001
3.119828e+003,2.283113e+001
3.120310e+003,2.282620e+001
3.120792e+003,2.282146e+001
3.121274e+003,2.281648e+001
3.121757e+003,2.281087e+001
3.122239e+003,2.280445e+001
3.122721e+003,2.279723e+001
3.123203e+003,2.278939e+001
3.123685e+003,2.278115e+001
3.124167e+003,2.277274e+001
3.124649e+003,2.276424e+001
3.125131e+003,2.275567e+001
3.125614e+003,2.274691e+001
3.126096e+003,2.273788e+001
3.126578e+003,2.272852e+001
3.127060e+003,2.271884e+001
3.127542e+003,2.270890e+001
3.128024e+003,2.269882e+001
3.128506e+003,2.268868e+001
3.128988e+003,2.267859e+001
3.129470e+003,2.266861e+001
3.129953e+003,2.265880e+001
3.130435e+003,2.264926e+001
3.130917e+003,2.264007e+001
3.131399e+003,2.263130e+001
3.131881e+003,2.262298e+001
3.132363e+003,2.261510e+001
3.132845e+003,2.260756e+001
3.133328e+003,2.260023e+001
3.133810e+003,2.259291e+001
3.134292e+003,2.258535e+001
3.134774e+003,2.257730e+001
3.135256e+003,2.256851e+001
3.135738e+003,2.255877e+001
3.136220e+003,2.254798e+001
3.136702e+003,2.253620e+001
3.137185e+003,2.252365e+001
3.137667e+003,2.251079e+001
3.138149e+003,2.249815e+001
3.138631e+003,2.248626e+001
3.139113e+003,2.247548e+001
3.139595e+003,2.246596e+001
3.140077e+003,2.245754e+001
3.140559e+003,2.244985e+001
3.141042e+003,2.244234e+001
3.141524e+003,2.243452e+001
3.142006e+003,2.242595e+001
3.142488e+003,2.241641e+001
3.142970e+003,2.240583e+001
3.143452e+003,2.239432e+001
3.143934e+003,2.238209e+001
3.144417e+003,2.236946e+001
3.144898e+003,2.235681e+001
3.145381e+003,2.234452e+001
3.145863e+003,2.233296e+001
3.146345e+003,2.232243e+001
3.146827e+003,2.231303e+001
3.147309e+003,2.230470e+001
3.147791e+003,2.229718e+001
3.148273e+003,2.229011e+001
3.148756e+003,2.228311e+001
3.149238e+003,2.227592e+001
3.149720e+003,2.226843e+001
3.150202e+003,2.226069e+001
3.150684e+003,2.225284e+001
3.151166e+003,2.224502e+001
3.151648e+003,2.223726e+001
3.152130e+003,2.222951e+001
3.152613e+003,2.222161e+001
3.153095e+003,2.221340e+001
3.153577e+003,2.220476e+001
3.154059e+003,2.219567e+001
3.154541e+003,2.218615e+001
3.155023e+003,2.217633e+001
3.155505e+003,2.216631e+001
3.155987e+003,2.215621e+001
3.156469e+003,2.214608e+001
3.156952e+003,2.213601e+001
3.157434e+003,2.212608e+001
3.157916e+003,2.211637e+001
3.158398e+003,2.210692e+001
3.158880e+003,2.209775e+001
3.159362e+003,2.208882e+001
3.159844e+003,2.208004e+001
3.160326e+003,2.207132e+001
3.160809e+003,2.206263e+001
3.161291e+003,2.205400e+001
3.161773e+003,2.204557e+001
3.162255e+003,2.203744e+001
3.162737e+003,2.202970e+001
3.163219e+003,2.202231e+001
3.163701e+003,2.201507e+001
3.164184e+003,2.200771e+001
3.164666e+003,2.199987e+001
3.165148e+003,2.199126e+001
3.165630e+003,2.198170e+001
3.166112e+003,2.197116e+001
3.166594e+003,2.195980e+001
3.167076e+003,2.194790e+001
3.167558e+003,2.193586e+001
3.168041e+003,2.192409e+001
3.168523e+003,2.191297e+001
3.169005e+003,2.190277e+001
3.169487e+003,2.189362e+001
3.169969e+003,2.188543e+001
3.170451e+003,2.187798e+001
3.170933e+003,2.187089e+001
3.171415e+003,2.186376e+001
3.171897e+003,2.185624e+001
3.172380e+003,2.184815e+001
3.172862e+003,2.183943e+001
3.173344e+003,2.183017e+001
3.173826e+003,2.182048e+001
3.174308e+003,2.181048e+001
3.174790e+003,2.180020e+001
3.175272e+003,2.178965e+001
3.175754e+003,2.177880e+001
3.176237e+003,2.176771e+001
3.176719e+003,2.175656e+001
3.177201e+003,2.174565e+001
3.177683e+003,2.173530e+001
3.178165e+003,2.172586e+001
3.178647e+003,2.171748e+001
3.179129e+003,2.171014e+001
3.179612e+003,2.170365e+001
3.180094e+003,2.169761e+001
3.180576e+003,2.169158e+001
3.181058e+003,2.168505e+001
3.181540e+003,2.167760e+001
3.182022e+003,2.166891e+001
3.182504e+003,2.165881e+001
3.182986e+003,2.164731e+001
3.183469e+003,2.163462e+001
3.183951e+003,2.162111e+001
3.184433e+003,2.160731e+001
3.184915e+003,2.159373e+001
3.185397e+003,2.158082e+001
3.185879e+003,2.156891e+001
3.186361e+003,2.155814e+001
3.186843e+003,2.154847e+001
3.187325e+003,2.153981e+001
3.187808e+003,2.153207e+001
3.188290e+003,2.152517e+001
3.188772e+003,2.151908e+001
3.189254e+003,2.151368e+001
3.189736e+003,2.150881e+001
3.190218e+003,2.150411e+001
3.190700e+003,2.149910e+001
3.191182e+003,2.149325e+001
3.191665e+003,2.148608e+001
3.192147e+003,2.147732e+001
3.192629e+003,2.146695e+001
3.193111e+003,2.145519e+001
3.193593e+003,2.144255e+001
3.194075e+003,2.142961e+001
3.194557e+003,2.141699e+001
3.195040e+003,2.140520e+001
3.195521e+003,2.139458e+001
3.196004e+003,2.138527e+001
3.196486e+003,2.137715e+001
3.196968e+003,2.136989e+001
3.197450e+003,2.136300e+001
3.197932e+003,2.135595e+001
3.198414e+003,2.134830e+001
3.198896e+003,2.133978e+001
3.199379e+003,2.133038e+001
3.199861e+003,2.132035e+001
3.200343e+003,2.131010e+001
3.200825e+003,2.130002e+001
3.201307e+003,2.129040e+001
3.201789e+003,2.128126e+001
3.202271e+003,2.127238e+001
3.202753e+003,2.126334e+001
3.203236e+003,2.125374e+001
3.203718e+003,2.124327e+001
3.204200e+003,2.123186e+001
3.204682e+003,2.121968e+001
3.205164e+003,2.120713e+001
3.205646e+003,2.119472e+001
3.206128e+003,2.118295e+001
3.206610e+003,2.117225e+001
3.207093e+003,2.116287e+001
3.207575e+003,2.115487e+001
3.208057e+003,2.114814e+001
3.208539e+003,2.114233e+001
3.209021e+003,2.113699e+001
3.209503e+003,2.113156e+001
3.209985e+003,2.112550e+001
3.210468e+003,2.111843e+001
3.210949e+003,2.111020e+001
3.211432e+003,2.110091e+001
3.211914e+003,2.109092e+001
3.212396e+003,2.108072e+001
3.212878e+003,2.107079e+001
3.213360e+003,2.106145e+001
3.213842e+003,2.105276e+001
3.214324e+003,2.104451e+001
3.214807e+003,2.103631e+001
3.215289e+003,2.102765e+001
3.215771e+003,2.101813e+001
3.216253e+003,2.100747e+001
3.216735e+003,2.099568e+001
3.217217e+003,2.098300e+001
3.217699e+003,2.096989e+001
3.218181e+003,2.095689e+001
3.218664e+003,2.094459e+001
3.219146e+003,2.093343e+001
3.219628e+003,2.092368e+001
3.220110e+003,2.091531e+001
3.220592e+003,2.090804e+001
3.221074e+003,2.090139e+001
3.221556e+003,2.089480e+001
3.222038e+003,2.088774e+001
3.222521e+003,2.087984e+001
3.223003e+003,2.087098e+001
3.223485e+003,2.086126e+001
3.223967e+003,2.085095e+001
3.224449e+003,2.084042e+001
3.224931e+003,2.083003e+001
3.225413e+003,2.082008e+001
3.225896e+003,2.081074e+001
3.226377e+003,2.080211e+001
3.226860e+003,2.079421e+001
3.227342e+003,2.078700e+001
3.227824e+003,2.078042e+001
3.228306e+003,2.077442e+001
3.228788e+003,2.076893e+001
3.229270e+003,2.076390e+001
3.229752e+003,2.075924e+001
3.230235e+003,2.075485e+001
3.230717e+003,2.075058e+001
3.231199e+003,2.074614e+001
3.231681e+003,2.074118e+001
3.232163e+003,2.073527e+001
3.232645e+003,2.072797e+001
3.233127e+003,2.071901e+001
3.233609e+003,2.070832e+001
3.234092e+003,2.069613e+001
3.234574e+003,2.068290e+001
3.235056e+003,2.066925e+001
3.235538e+003,2.065573e+001
3.236020e+003,2.064278e+001
3.236502e+003,2.063056e+001
3.236984e+003,2.061901e+001
3.237466e+003,2.060794e+001
3.237948e+003,2.059719e+001
3.238431e+003,2.058671e+001
3.238913e+003,2.057659e+001
3.239395e+003,2.056695e+001
3.239877e+003,2.055794e+001
3.240359e+003,2.054954e+001
3.240841e+003,2.054161e+001
3.241323e+003,2.053383e+001
3.241806e+003,2.052593e+001
3.242288e+003,2.051770e+001
3.242770e+003,2.050915e+001
3.243252e+003,2.050045e+001
3.243734e+003,2.049191e+001
3.244216e+003,2.048382e+001
3.244698e+003,2.047638e+001
3.245180e+003,2.046962e+001
3.245663e+003,2.046342e+001
3.246145e+003,2.045756e+001
3.246627e+003,2.045177e+001
3.247109e+003,2.044580e+001
3.247591e+003,2.043948e+001
3.248073e+003,2.043263e+001
3.248555e+003,2.042512e+001
3.249037e+003,2.041678e+001
3.249520e+003,2.040749e+001
3.250002e+003,2.039710e+001
3.250484e+003,2.038556e+001
3.250966e+003,2.037287e+001
3.251448e+003,2.035915e+001
3.251930e+003,2.034464e+001
3.252412e+003,2.032973e+001
3.252894e+003,2.031485e+001
3.253376e+003,2.030053e+001
3.253859e+003,2.028726e+001
3.254341e+003,2.027545e+001
3.254823e+003,2.026534e+001
3.255305e+003,2.025695e+001
3.255787e+003,2.025008e+001
3.256269e+003,2.024437e+001
3.256751e+003,2.023937e+001
3.257234e+003,2.023465e+001
3.257716e+003,2.022986e+001
3.258198e+003,2.022476e+001
3.258680e+003,2.021923e+001
3.259162e+003,2.021322e+001
3.259644e+003,2.020674e+001
3.260126e+003,2.019981e+001
3.260608e+003,2.019247e+001
3.261091e+003,2.018475e+001
3.261573e+003,2.017671e+001
3.262055e+003,2.016838e+001
3.262537e+003,2.015973e+001
3.263019e+003,2.015070e+001
3.263501e+003,2.014118e+001
3.263983e+003,2.013107e+001
3.264465e+003,2.012035e+001
3.264948e+003,2.010912e+001
3.265430e+003,2.009766e+001
3.265912e+003,2.008635e+001
3.266394e+003,2.007558e+001
3.266876e+003,2.006570e+001
3.267358e+003,2.005687e+001
3.267840e+003,2.004909e+001
3.268323e+003,2.004221e+001
3.268804e+003,2.003602e+001
3.269287e+003,2.003029e+001
3.269769e+003,2.002481e+001
3.270251e+003,2.001933e+001
3.270733e+003,2.001361e+001
3.271215e+003,2.000733e+001
3.271697e+003,2.000014e+001
3.272179e+003,1.999176e+001
3.272662e+003,1.998204e+001
3.273144e+003,1.997110e+001
3.273626e+003,1.995928e+001
3.274108e+003,1.994714e+001
3.274590e+003,1.993529e+001
3.275072e+003,1.992425e+001
3.275554e+003,1.991426e+001
3.276036e+003,1.990531e+001
3.276519e+003,1.989710e+001
3.277001e+003,1.988916e+001
3.277483e+003,1.988101e+001
3.277965e+003,1.987223e+001
3.278447e+003,1.986261e+001
3.278929e+003,1.985212e+001
3.279411e+003,1.984091e+001
3.279893e+003,1.982928e+001
3.280375e+003,1.981756e+001
3.280858e+003,1.980611e+001
3.281340e+003,1.979519e+001
3.281822e+003,1.978494e+001
3.282304e+003,1.977542e+001
3.282786e+003,1.976654e+001
3.283268e+003,1.975818e+001
3.283750e+003,1.975020e+001
3.284232e+003,1.974251e+001
3.284715e+003,1.973507e+001
3.285197e+003,1.972785e+001
3.285679e+003,1.972080e+001
3.286161e+003,1.971379e+001
3.286643e+003,1.970663e+001
3.287125e+003,1.969902e+001
3.287607e+003,1.969074e+001
3.288090e+003,1.968163e+001
3.288572e+003,1.967171e+001
3.289054e+003,1.966117e+001
3.289536e+003,1.965026e+001
3.290018e+003,1.963928e+001
3.290500e+003,1.962843e+001
3.290982e+003,1.961776e+001
3.291464e+003,1.960725e+001
3.291947e+003,1.959677e+001
3.292429e+003,1.958624e+001
3.292911e+003,1.957560e+001
3.293393e+003,1.956487e+001
3.293875e+003,1.955409e+001
3.294357e+003,1.954327e+001
3.294839e+003,1.953242e+001
3.295321e+003,1.952147e+001
3.295803e+003,1.951040e+001
3.296286e+003,1.949926e+001
3.296768e+003,1.948818e+001
3.297250e+003,1.947738e+001
3.297732e+003,1.946713e+001
3.298214e+003,1.945769e+001
3.298696e+003,1.944922e+001
3.299178e+003,1.944177e+001
3.299660e+003,1.943530e+001
3.300143e+003,1.942974e+001
3.300625e+003,1.942492e+001
3.301107e+003,1.942068e+001
3.301589e+003,1.941681e+001
3.302071e+003,1.941296e+001
3.302553e+003,1.940879e+001
3.303035e+003,1.940386e+001
3.303518e+003,1.939780e+001
3.304000e+003,1.939031e+001
3.304482e+003,1.938132e+001
3.304964e+003,1.937091e+001
3.305446e+003,1.935942e+001
3.305928e+003,1.934725e+001
3.306410e+003,1.933486e+001
3.306892e+003,1.932264e+001
3.307375e+003,1.931087e+001
3.307857e+003,1.929975e+001
3.308339e+003,1.928933e+001
3.308821e+003,1.927959e+001
3.309303e+003,1.927052e+001
3.309785e+003,1.926202e+001
3.310267e+003,1.925407e+001
3.310749e+003,1.924656e+001
3.311231e+003,1.923938e+001
3.311714e+003,1.923240e+001
3.312196e+003,1.922542e+001
3.312678e+003,1.921822e+001
3.313160e+003,1.921060e+001
3.313642e+003,1.920238e+001
3.314124e+003,1.919346e+001
3.314606e+003,1.918386e+001
3.315088e+003,1.917371e+001
3.315571e+003,1.916319e+001
3.316053e+003,1.915254e+001
3.316535e+003,1.914189e+001
3.317017e+003,1.913133e+001
3.317499e+003,1.912083e+001
3.317981e+003,1.911034e+001
3.318463e+003,1.909983e+001
3.318946e+003,1.908938e+001
3.319427e+003,1.907919e+001
3.319910e+003,1.906956e+001
3.320392e+003,1.906078e+001
3.320874e+003,1.905308e+001
3.321356e+003,1.904649e+001
3.321838e+003,1.904084e+001
3.322320e+003,1.903575e+001
3.322802e+003,1.903074e+001
3.323285e+003,1.902532e+001
3.323767e+003,1.901907e+001
3.324249e+003,1.901170e+001
3.324731e+003,1.900315e+001
3.325213e+003,1.899345e+001
3.325695e+003,1.898279e+001
3.326177e+003,1.897140e+001
3.326659e+003,1.895955e+001
3.327142e+003,1.894748e+001
3.327624e+003,1.893536e+001
3.328106e+003,1.892322e+001
3.328588e+003,1.891100e+001
3.329070e+003,1.889855e+001
3.329552e+003,1.888575e+001
3.330034e+003,1.887253e+001
3.330516e+003,1.885902e+001
3.330999e+003,1.884552e+001
3.331481e+003,1.883252e+001
3.331963e+003,1.882053e+001
3.332445e+003,1.881002e+001
3.332927e+003,1.880128e+001
3.333409e+003,1.879433e+001
3.333891e+003,1.878895e+001
3.334374e+003,1.878473e+001
3.334855e+003,1.878113e+001
3.335338e+003,1.877761e+001
3.335820e+003,1.877364e+001
3.336302e+003,1.876883e+001
3.336784e+003,1.876289e+001
3.337266e+003,1.875570e+001
3.337748e+003,1.874727e+001
3.338230e+003,1.873784e+001
3.338713e+003,1.872771e+001
3.339195e+003,1.871725e+001
3.339677e+003,1.870679e+001
3.340159e+003,1.869653e+001
3.340641e+003,1.868648e+001
3.341123e+003,1.867653e+001
3.341605e+003,1.866647e+001
3.342087e+003,1.865617e+001
3.342570e+003,1.864568e+001
3.343052e+003,1.863522e+001
3.343534e+003,1.862513e+001
3.344016e+003,1.861581e+001
3.344498e+003,1.860752e+001
3.344980e+003,1.860028e+001
3.345462e+003,1.859380e+001
3.345944e+003,1.858758e+001
3.346427e+003,1.858104e+001
3.346909e+003,1.857362e+001
3.347391e+003,1.856491e+001
3.347873e+003,1.855479e+001
3.348355e+003,1.854332e+001
3.348837e+003,1.853075e+001
3.349319e+003,1.851744e+001
3.349802e+003,1.850381e+001
3.350283e+003,1.849025e+001
3.350766e+003,1.847717e+001
3.351248e+003,1.846493e+001
3.351730e+003,1.845386e+001
3.352212e+003,1.844419e+001
3.352694e+003,1.843602e+001
3.353176e+003,1.842929e+001
3.353658e+003,1.842380e+001
3.354141e+003,1.841919e+001
3.354623e+003,1.841502e+001
3.355105e+003,1.841082e+001
3.355587e+003,1.840624e+001
3.356069e+003,1.840098e+001
3.356551e+003,1.839493e+001
3.357033e+003,1.838810e+001
3.357515e+003,1.838055e+001
3.357998e+003,1.837237e+001
3.358480e+003,1.836364e+001
3.358962e+003,1.835430e+001
3.359444e+003,1.834431e+001
3.359926e+003,1.833360e+001
3.360408e+003,1.832221e+001
3.360890e+003,1.831028e+001
3.361372e+003,1.829815e+001
3.361854e+003,1.828627e+001
3.362337e+003,1.827513e+001
3.362819e+003,1.826511e+001
3.363301e+003,1.825641e+001
3.363783e+003,1.824895e+001
3.364265e+003,1.824243e+001
3.364747e+003,1.823638e+001
3.365229e+003,1.823028e+001
3.365712e+003,1.822373e+001
3.366194e+003,1.821647e+001
3.366676e+003,1.820844e+001
3.367158e+003,1.819974e+001
3.367640e+003,1.819055e+001
3.368122e+003,1.818108e+001
3.368604e+003,1.817145e+001
3.369086e+003,1.816177e+001
3.369569e+003,1.815206e+001
3.370051e+003,1.814232e+001
3.370533e+003,1.813251e+001
3.371015e+003,1.812263e+001
3.371497e+003,1.811272e+001
3.371979e+003,1.810283e+001
3.372461e+003,1.809306e+001
3.372943e+003,1.808356e+001
3.373426e+003,1.807448e+001
3.373908e+003,1.806593e+001
3.374390e+003,1.805794e+001
3.374872e+003,1.805044e+001
3.375354e+003,1.804324e+001
3.375836e+003,1.803611e+001
3.376318e+003,1.802881e+001
3.376800e+003,1.802120e+001
3.377282e+003,1.801327e+001
3.377765e+003,1.800517e+001
3.378247e+003,1.799709e+001
3.378729e+003,1.798929e+001
3.379211e+003,1.798194e+001
3.379693e+003,1.797505e+001
3.380175e+003,1.796852e+001
3.380657e+003,1.796216e+001
3.381140e+003,1.795572e+001
3.381622e+003,1.794900e+001
3.382104e+003,1.794188e+001
3.382586e+003,1.793430e+001
3.383068e+003,1.792627e+001
3.383550e+003,1.791778e+001
3.384032e+003,1.790883e+001
3.384514e+003,1.789937e+001
3.384997e+003,1.788935e+001
3.385479e+003,1.787872e+001
3.385961e+003,1.786749e+001
3.386443e+003,1.785579e+001
3.386925e+003,1.784378e+001
3.387407e+003,1.783173e+001
3.387889e+003,1.781990e+001
3.388371e+003,1.780850e+001
3.388854e+003,1.779766e+001
3.389336e+003,1.778734e+001
3.389818e+003,1.777733e+001
3.390300e+003,1.776736e+001
3.390782e+003,1.775713e+001
3.391264e+003,1.774644e+001
3.391746e+003,1.773526e+001
3.392229e+003,1.772381e+001
3.392710e+003,1.771249e+001
3.393193e+003,1.770175e+001
3.393675e+003,1.769198e+001
3.394157e+003,1.768335e+001
3.394639e+003,1.767577e+001
3.395121e+003,1.766891e+001
3.395603e+003,1.766228e+001
3.396085e+003,1.765547e+001
3.396568e+003,1.764822e+001
3.397050e+003,1.764056e+001
3.397532e+003,1.763279e+001
3.398014e+003,1.762536e+001
3.398496e+003,1.761874e+001
3.398978e+003,1.761323e+001
3.399460e+003,1.760881e+001
3.399942e+003,1.760521e+001
3.400425e+003,1.760186e+001
3.400907e+003,1.759811e+001
3.401389e+003,1.759332e+001
3.401871e+003,1.758710e+001
3.402353e+003,1.757929e+001
3.402835e+003,1.757009e+001
3.403317e+003,1.755986e+001
3.403799e+003,1.754910e+001
3.404281e+003,1.753825e+001
3.404764e+003,1.752758e+001
3.405246e+003,1.751710e+001
3.405728e+003,1.750666e+001
3.406210e+003,1.749601e+001
3.406692e+003,1.748493e+001
3.407174e+003,1.747332e+001
3.407656e+003,1.746131e+001
3.408138e+003,1.744921e+001
3.408621e+003,1.743740e+001
3.409103e+003,1.742620e+001
3.409585e+003,1.741582e+001
3.410067e+003,1.740621e+001
3.410549e+003,1.739719e+001
3.411031e+003,1.738849e+001
3.411513e+003,1.737984e+001
3.411996e+003,1.737114e+001
3.412478e+003,1.736240e+001
3.412960e+003,1.735377e+001
3.413442e+003,1.734541e+001
3.413924e+003,1.733746e+001
3.414406e+003,1.732995e+001
3.414888e+003,1.732277e+001
3.415370e+003,1.731574e+001
3.415853e+003,1.730859e+001
3.416335e+003,1.730110e+001
3.416817e+003,1.729299e+001
3.417299e+003,1.728408e+001
3.417781e+003,1.727429e+001
3.418263e+003,1.726363e+001
3.418745e+003,1.725225e+001
3.419227e+003,1.724050e+001
3.419709e+003,1.722889e+001
3.420192e+003,1.721798e+001
3.420674e+003,1.720832e+001
3.421156e+003,1.720029e+001
3.421638e+003,1.719398e+001
3.422120e+003,1.718917e+001
3.422602e+003,1.718538e+001
3.423084e+003,1.718197e+001
3.423566e+003,1.717834e+001
3.424049e+003,1.717397e+001
3.424531e+003,1.716856e+001
3.425013e+003,1.716204e+001
3.425495e+003,1.715452e+001
3.425977e+003,1.714621e+001
3.426459e+003,1.713737e+001
3.426941e+003,1.712821e+001
3.427424e+003,1.711887e+001
3.427906e+003,1.710948e+001
3.428388e+003,1.710012e+001
3.428870e+003,1.709090e+001
3.429352e+003,1.708194e+001
3.429834e+003,1.707342e+001
3.430316e+003,1.706551e+001
3.430798e+003,1.705828e+001
3.431281e+003,1.705174e+001
3.431763e+003,1.704568e+001
3.432245e+003,1.703974e+001
3.432727e+003,1.703346e+001
3.433209e+003,1.702637e+001
3.433691e+003,1.701814e+001
3.434173e+003,1.700866e+001
3.434655e+003,1.699812e+001
3.435137e+003,1.698694e+001
3.435620e+003,1.697571e+001
3.436102e+003,1.696498e+001
3.436584e+003,1.695513e+001
3.437066e+003,1.694629e+001
3.437548e+003,1.693828e+001
3.438030e+003,1.693073e+001
3.438512e+003,1.692319e+001
3.438994e+003,1.691532e+001
3.439477e+003,1.690691e+001
3.439959e+003,1.689797e+001
3.440441e+003,1.688872e+001
3.440923e+003,1.687943e+001
3.441405e+003,1.687036e+001
3.441887e+003,1.686163e+001
3.442369e+003,1.685320e+001
3.442852e+003,1.684489e+001
3.443333e+003,1.683642e+001
3.443816e+003,1.682751e+001
3.444298e+003,1.681799e+001
3.444780e+003,1.680785e+001
3.445262e+003,1.679730e+001
3.445744e+003,1.678672e+001
3.446226e+003,1.677658e+001
3.446708e+003,1.676736e+001
3.447191e+003,1.675934e+001
3.447673e+003,1.675257e+001
3.448155e+003,1.674687e+001
3.448637e+003,1.674180e+001
3.449119e+003,1.673688e+001
3.449601e+003,1.673161e+001
3.450083e+003,1.672563e+001
3.450565e+003,1.671877e+001
3.451048e+003,1.671103e+001
3.451530e+003,1.670250e+001
3.452012e+003,1.669334e+001
3.452494e+003,1.668375e+001
3.452976e+003,1.667386e+001
3.453458e+003,1.666382e+001
3.453940e+003,1.665375e+001
3.454422e+003,1.664375e+001
3.454905e+003,1.663393e+001
3.455387e+003,1.662435e+001
3.455869e+003,1.661506e+001
3.456351e+003,1.660608e+001
3.456833e+003,1.659740e+001
3.457315e+003,1.658902e+001
3.457797e+003,1.658092e+001
3.458280e+003,1.657311e+001
3.458761e+003,1.656552e+001
3.459244e+003,1.655808e+001
3.459726e+003,1.655066e+001
3.460208e+003,1.654313e+001
3.460690e+003,1.653546e+001
3.461172e+003,1.652770e+001
3.461654e+003,1.652004e+001
3.462136e+003,1.651278e+001
3.462619e+003,1.650615e+001
3.463101e+003,1.650029e+001
3.463583e+003,1.649513e+001
3.464065e+003,1.649041e+001
3.464547e+003,1.648576e+001
3.465029e+003,1.648076e+001
3.465511e+003,1.647522e+001
3.465993e+003,1.646907e+001
3.466476e+003,1.646250e+001
3.466958e+003,1.645575e+001
3.467440e+003,1.644908e+001
3.467922e+003,1.644261e+001
3.468404e+003,1.643626e+001
3.468886e+003,1.642984e+001
3.469368e+003,1.642311e+001
3.469850e+003,1.641587e+001
3.470333e+003,1.640812e+001
3.470815e+003,1.640000e+001
3.471297e+003,1.639178e+001
3.471779e+003,1.638378e+001
3.472261e+003,1.637624e+001
3.472743e+003,1.636930e+001
3.473225e+003,1.636293e+001
3.473708e+003,1.635698e+001
3.474189e+003,1.635119e+001
3.474672e+003,1.634524e+001
3.475154e+003,1.633885e+001
3.475636e+003,1.633175e+001
3.476118e+003,1.632376e+001
3.476600e+003,1.631479e+001
3.477082e+003,1.630485e+001
3.477564e+003,1.629406e+001
3.478047e+003,1.628266e+001
3.478529e+003,1.627092e+001
3.479011e+003,1.625922e+001
3.479493e+003,1.624795e+001
3.479975e+003,1.623747e+001
3.480457e+003,1.622811e+001
3.480939e+003,1.622008e+001
3.481421e+003,1.621337e+001
3.481904e+003,1.620777e+001
3.482386e+003,1.620280e+001
3.482868e+003,1.619786e+001
3.483350e+003,1.619229e+001
3.483832e+003,1.618560e+001
3.484314e+003,1.617757e+001
3.484796e+003,1.616836e+001
3.485278e+003,1.615844e+001
3.485760e+003,1.614854e+001
3.486243e+003,1.613939e+001
3.486725e+003,1.613162e+001
3.487207e+003,1.612552e+001
3.487689e+003,1.612108e+001
3.488171e+003,1.611797e+001
3.488653e+003,1.611575e+001
3.489135e+003,1.611391e+001
3.489618e+003,1.611209e+001
3.490100e+003,1.610995e+001
3.490582e+003,1.610735e+001
3.491064e+003,1.610408e+001
3.491546e+003,1.609999e+001
3.492028e+003,1.609488e+001
3.492510e+003,1.608856e+001
3.492992e+003,1.608095e+001
3.493475e+003,1.607204e+001
3.493957e+003,1.606197e+001
3.494439e+003,1.605103e+001
3.494921e+003,1.603954e+001
3.495403e+003,1.602791e+001
3.495885e+003,1.601649e+001
3.496367e+003,1.600559e+001
3.496849e+003,1.599541e+001
3.497332e+003,1.598602e+001
3.497814e+003,1.597733e+001
3.498296e+003,1.596908e+001
3.498778e+003,1.596089e+001
3.499260e+003,1.595230e+001
3.499742e+003,1.594292e+001
3.500224e+003,1.593250e+001
3.500706e+003,1.592105e+001
3.501188e+003,1.590887e+001
3.501671e+003,1.589650e+001
3.502153e+003,1.588464e+001
3.502635e+003,1.587398e+001
3.503117e+003,1.586504e+001
3.503599e+003,1.585802e+001
3.504081e+003,1.585281e+001
3.504563e+003,1.584898e+001
3.505046e+003,1.584592e+001
3.505528e+003,1.584300e+001
3.506010e+003,1.583965e+001
3.506492e+003,1.583548e+001
3.506974e+003,1.583036e+001
3.507456e+003,1.582442e+001
3.507938e+003,1.581799e+001
3.508420e+003,1.581161e+001
3.508903e+003,1.580583e+001
3.509385e+003,1.580105e+001
3.509867e+003,1.579747e+001
3.510349e+003,1.579497e+001
3.510831e+003,1.579321e+001
3.511313e+003,1.579163e+001
3.511795e+003,1.578973e+001
3.512277e+003,1.578709e+001
3.512760e+003,1.578351e+001
3.513242e+003,1.577897e+001
3.513724e+003,1.577361e+001
3.514206e+003,1.576761e+001
3.514688e+003,1.576114e+001
3.515170e+003,1.575425e+001
3.515652e+003,1.574692e+001
3.516135e+003,1.573905e+001
3.516616e+003,1.573053e+001
3.517099e+003,1.572125e+001
3.517581e+003,1.571120e+001
3.518063e+003,1.570040e+001
3.518545e+003,1.568896e+001
3.519027e+003,1.567697e+001
3.519509e+003,1.566463e+001
3.519991e+003,1.565209e+001
3.520474e+003,1.563955e+001
3.520956e+003,1.562723e+001
3.521438e+003,1.561537e+001
3.521920e+003,1.560415e+001
3.522402e+003,1.559375e+001
3.522884e+003,1.558425e+001
3.523366e+003,1.557564e+001
3.523848e+003,1.556782e+001
3.524331e+003,1.556057e+001
3.524813e+003,1.555365e+001
3.525295e+003,1.554687e+001
3.525777e+003,1.554011e+001
3.526259e+003,1.553339e+001
3.526741e+003,1.552685e+001
3.527223e+003,1.552077e+001
3.527705e+003,1.551543e+001
3.528188e+003,1.551110e+001
3.528670e+003,1.550783e+001
3.529152e+003,1.550553e+001
3.529634e+003,1.550386e+001
3.530116e+003,1.550234e+001
3.530598e+003,1.550039e+001
3.531080e+003,1.549746e+001
3.531563e+003,1.549314e+001
3.532044e+003,1.548720e+001
3.532527e+003,1.547966e+001
3.533009e+003,1.547079e+001
3.533491e+003,1.546107e+001
3.533973e+003,1.545113e+001
3.534455e+003,1.544164e+001
3.534937e+003,1.543317e+001
3.535419e+003,1.542606e+001
3.535902e+003,1.542034e+001
3.536384e+003,1.541568e+001
3.536866e+003,1.541148e+001
3.537348e+003,1.540705e+001
3.537830e+003,1.540173e+001
3.538312e+003,1.539509e+001
3.538794e+003,1.538698e+001
3.539276e+003,1.537751e+001
3.539759e+003,1.536696e+001
3.540241e+003,1.535567e+001
3.540723e+003,1.534398e+001
3.541205e+003,1.533212e+001
3.541687e+003,1.532029e+001
3.542169e+003,1.530870e+001
3.542651e+003,1.529757e+001
3.543133e+003,1.528724e+001
3.543615e+003,1.527810e+001
3.544098e+003,1.527048e+001
3.544580e+003,1.526468e+001
3.545062e+003,1.526073e+001
3.545544e+003,1.525846e+001
3.546026e+003,1.525743e+001
3.546508e+003,1.525703e+001
3.546990e+003,1.525658e+001
3.547472e+003,1.525540e+001
3.547955e+003,1.525294e+001
3.548437e+003,1.524891e+001
3.548919e+003,1.524324e+001
3.549401e+003,1.523620e+001
3.549883e+003,1.522833e+001
3.550365e+003,1.522037e+001
3.550847e+003,1.521315e+001
3.551330e+003,1.520732e+001
3.551812e+003,1.520321e+001
3.552294e+003,1.520066e+001
3.552776e+003,1.519904e+001
3.553258e+003,1.519740e+001
3.553740e+003,1.519480e+001
3.554222e+003,1.519050e+001
3.554704e+003,1.518423e+001
3.555187e+003,1.517612e+001
3.555669e+003,1.516667e+001
3.556151e+003,1.515655e+001
3.556633e+003,1.514641e+001
3.557115e+003,1.513677e+001
3.557597e+003,1.512790e+001
3.558079e+003,1.511987e+001
3.558561e+003,1.511252e+001
3.559043e+003,1.510560e+001
3.559526e+003,1.509875e+001
3.560008e+003,1.509166e+001
3.560490e+003,1.508403e+001
3.560972e+003,1.507566e+001
3.561454e+003,1.506642e+001
3.561936e+003,1.505632e+001
3.562418e+003,1.504541e+001
3.562900e+003,1.503376e+001
3.563383e+003,1.502145e+001
3.563865e+003,1.500854e+001
3.564347e+003,1.499516e+001
3.564829e+003,1.498153e+001
3.565311e+003,1.496812e+001
3.565793e+003,1.495569e+001
3.566275e+003,1.494517e+001
3.566758e+003,1.493749e+001
3.567240e+003,1.493316e+001
3.567722e+003,1.493213e+001
3.568204e+003,1.493368e+001
3.568686e+003,1.493668e+001
3.569168e+003,1.493994e+001
3.569650e+003,1.494251e+001
3.570132e+003,1.494376e+001
3.570615e+003,1.494346e+001
3.571097e+003,1.494159e+001
3.571579e+003,1.493834e+001
3.572061e+003,1.493395e+001
3.572543e+003,1.492868e+001
3.573025e+003,1.492279e+001
3.573507e+003,1.491654e+001
3.573989e+003,1.491017e+001
3.574471e+003,1.490393e+001
3.574954e+003,1.489796e+001
3.575436e+003,1.489232e+001
3.575918e+003,1.488688e+001
3.576400e+003,1.488139e+001
3.576882e+003,1.487549e+001
3.577364e+003,1.486885e+001
3.577846e+003,1.486120e+001
3.578328e+003,1.485251e+001
3.578811e+003,1.484290e+001
3.579293e+003,1.483269e+001
3.579775e+003,1.482229e+001
3.580257e+003,1.481209e+001
3.580739e+003,1.480235e+001
3.581221e+003,1.479314e+001
3.581703e+003,1.478424e+001
3.582186e+003,1.477526e+001
3.582667e+003,1.476560e+001
3.583150e+003,1.475465e+001
3.583632e+003,1.474190e+001
3.584114e+003,1.472706e+001
3.584596e+003,1.471022e+001
3.585078e+003,1.469190e+001
3.585560e+003,1.467304e+001
3.586042e+003,1.465492e+001
3.586525e+003,1.463880e+001
3.587007e+003,1.462566e+001
3.587489e+003,1.461578e+001
3.587971e+003,1.460867e+001
3.588453e+003,1.460322e+001
3.588935e+003,1.459816e+001
3.589417e+003,1.459244e+001
3.589899e+003,1.458541e+001
3.590382e+003,1.457689e+001
3.590864e+003,1.456703e+001
3.591346e+003,1.455623e+001
3.591828e+003,1.454495e+001
3.592310e+003,1.453371e+001
3.592792e+003,1.452300e+001
3.593274e+003,1.451323e+001
3.593756e+003,1.450467e+001
3.594239e+003,1.449738e+001
3.594721e+003,1.449126e+001
3.595203e+003,1.448602e+001
3.595685e+003,1.448130e+001
3.596167e+003,1.447673e+001
3.596649e+003,1.447206e+001
3.597131e+003,1.446714e+001
3.597614e+003,1.446195e+001
3.598095e+003,1.445651e+001
3.598578e+003,1.445096e+001
3.599060e+003,1.444545e+001
3.599542e+003,1.444022e+001
3.600024e+003,1.443552e+001
3.600506e+003,1.443162e+001
3.600988e+003,1.442868e+001
3.601470e+003,1.442671e+001
3.601953e+003,1.442538e+001
3.602435e+003,1.442421e+001
3.602917e+003,1.442247e+001
3.603399e+003,1.441949e+001
3.603881e+003,1.441476e+001
3.604363e+003,1.440810e+001
3.604845e+003,1.439977e+001
3.605327e+003,1.439043e+001
3.605810e+003,1.438102e+001
3.606292e+003,1.437269e+001
3.606774e+003,1.436648e+001
3.607256e+003,1.436306e+001
3.607738e+003,1.436260e+001
3.608220e+003,1.436464e+001
3.608702e+003,1.436825e+001
3.609184e+003,1.437222e+001
3.609667e+003,1.437544e+001
3.610149e+003,1.437709e+001
3.610631e+003,1.437673e+001
3.611113e+003,1.437435e+001
3.611595e+003,1.437024e+001
3.612077e+003,1.436491e+001
3.612559e+003,1.435892e+001
3.613042e+003,1.435269e+001
3.613524e+003,1.434627e+001
3.614006e+003,1.433938e+001
3.614488e+003,1.433144e+001
3.614970e+003,1.432176e+001
3.615452e+003,1.430979e+001
3.615934e+003,1.429537e+001
3.616416e+003,1.427883e+001
3.616898e+003,1.426102e+001
3.617381e+003,1.424316e+001
3.617863e+003,1.422670e+001
3.618345e+003,1.421282e+001
3.618827e+003,1.420215e+001
3.619309e+003,1.419443e+001
3.619791e+003,1.418871e+001
3.620273e+003,1.418366e+001
3.620755e+003,1.417810e+001
3.621238e+003,1.417126e+001
3.621720e+003,1.416288e+001
3.622202e+003,1.415311e+001
3.622684e+003,1.414227e+001
3.623166e+003,1.413072e+001
3.623648e+003,1.411873e+001
3.624130e+003,1.410640e+001
3.624612e+003,1.409367e+001
3.625094e+003,1.408038e+001
3.625577e+003,1.406639e+001
3.626059e+003,1.405174e+001
3.626541e+003,1.403684e+001
3.627023e+003,1.402272e+001
3.627505e+003,1.401109e+001
3.627987e+003,1.400407e+001
3.628469e+003,1.400353e+001
3.628952e+003,1.400997e+001
3.629434e+003,1.402218e+001
3.629916e+003,1.403757e+001
3.630398e+003,1.405339e+001
3.630880e+003,1.406765e+001
3.631362e+003,1.407938e+001
3.631844e+003,1.408847e+001
3.632326e+003,1.409529e+001
3.632809e+003,1.410041e+001
3.633291e+003,1.410439e+001
3.633773e+003,1.410764e+001
3.634255e+003,1.411045e+001
3.634737e+003,1.411295e+001
3.635219e+003,1.411524e+001
3.635701e+003,1.411742e+001
3.636183e+003,1.411960e+001
3.636666e+003,1.412188e+001
3.637148e+003,1.412427e+001
3.637630e+003,1.412663e+001
3.638112e+003,1.412873e+001
3.638594e+003,1.413024e+001
3.639076e+003,1.413087e+001
3.639558e+003,1.413046e+001
3.640041e+003,1.412903e+001
3.640522e+003,1.412674e+001
3.641005e+003,1.412380e+001
3.641487e+003,1.412035e+001
3.641969e+003,1.411638e+001
3.642451e+003,1.411167e+001
3.642933e+003,1.410584e+001
3.643415e+003,1.409846e+001
3.643897e+003,1.408912e+001
3.644380e+003,1.407756e+001
3.644862e+003,1.406372e+001
3.645344e+003,1.404781e+001
3.645826e+003,1.403032e+001
3.646308e+003,1.401213e+001
3.646790e+003,1.399454e+001
3.647272e+003,1.397919e+001
3.647754e+003,1.396797e+001
3.648237e+003,1.396263e+001
3.648719e+003,1.396432e+001
3.649201e+003,1.397303e+001
3.649683e+003,1.398741e+001
3.650165e+003,1.400497e+001
3.650647e+003,1.402290e+001
3.651129e+003,1.403877e+001
3.651611e+003,1.405108e+001
3.652094e+003,1.405920e+001
3.652576e+003,1.406329e+001
3.653058e+003,1.406394e+001
3.653540e+003,1.406200e+001
3.654022e+003,1.405842e+001
3.654504e+003,1.405417e+001
3.654986e+003,1.405014e+001
3.655469e+003,1.404707e+001
3.655950e+003,1.404535e+001
3.656433e+003,1.404504e+001
3.656915e+003,1.404591e+001
3.657397e+003,1.404764e+001
3.657879e+003,1.404994e+001
3.658361e+003,1.405270e+001
3.658843e+003,1.405589e+001
3.659325e+003,1.405949e+001
3.659808e+003,1.406333e+001
3.660290e+003,1.406717e+001
3.660772e+003,1.407063e+001
3.661254e+003,1.407336e+001
3.661736e+003,1.407510e+001
3.662218e+003,1.407574e+001
3.662700e+003,1.407528e+001
3.663182e+003,1.407375e+001
3.663665e+003,1.407103e+001
3.664147e+003,1.406683e+001
3.664629e+003,1.406071e+001
3.665111e+003,1.405223e+001
3.665593e+003,1.404111e+001
3.666075e+003,1.402745e+001
3.666557e+003,1.401188e+001
3.667039e+003,1.399557e+001
3.667521e+003,1.398013e+001
3.668004e+003,1.396743e+001
3.668486e+003,1.395914e+001
3.668968e+003,1.395611e+001
3.669450e+003,1.395777e+001
3.669932e+003,1.396208e+001
3.670414e+003,1.396607e+001
3.670896e+003,1.396705e+001
3.671378e+003,1.396344e+001
3.671861e+003,1.395512e+001
3.672343e+003,1.394315e+001
3.672825e+003,1.392938e+001
3.673307e+003,1.391616e+001
3.673789e+003,1.390610e+001
3.674271e+003,1.390161e+001
3.674753e+003,1.390412e+001
3.675236e+003,1.391316e+001
3.675718e+003,1.392621e+001
3.676200e+003,1.393964e+001
3.676682e+003,1.395050e+001
3.677164e+003,1.395756e+001
3.677646e+003,1.396138e+001
3.678128e+003,1.396350e+001
3.678610e+003,1.396564e+001
3.679093e+003,1.396904e+001
3.679575e+003,1.397423e+001
3.680057e+003,1.398094e+001
3.680539e+003,1.398824e+001
3.681021e+003,1.399488e+001
3.681503e+003,1.399968e+001
3.681985e+003,1.400177e+001
3.682467e+003,1.400078e+001
3.682949e+003,1.399674e+001
3.683432e+003,1.399006e+001
3.683914e+003,1.398137e+001
3.684396e+003,1.397137e+001
3.684878e+003,1.396078e+001
3.685360e+003,1.395030e+001
3.685842e+003,1.394058e+001
3.686324e+003,1.393213e+001
3.686806e+003,1.392522e+001
3.687289e+003,1.391988e+001
3.687771e+003,1.391573e+001
3.688253e+003,1.391217e+001
3.688735e+003,1.390856e+001
3.689217e+003,1.390458e+001
3.689699e+003,1.390048e+001
3.690181e+003,1.389689e+001
3.690664e+003,1.389457e+001
3.691146e+003,1.389404e+001
3.691628e+003,1.389536e+001
3.692110e+003,1.389818e+001
3.692592e+003,1.390190e+001
3.693074e+003,1.390595e+001
3.693556e+003,1.390990e+001
3.694038e+003,1.391357e+001
3.694521e+003,1.391688e+001
3.695003e+003,1.391986e+001
3.695485e+003,1.392237e+001
3.695967e+003,1.392409e+001
3.696449e+003,1.392450e+001
3.696931e+003,1.392304e+001
3.697413e+003,1.391931e+001
3.697895e+003,1.391324e+001
3.698377e+003,1.390517e+001
3.698860e+003,1.389588e+001
3.699342e+003,1.388653e+001
3.699824e+003,1.387844e+001
3.700306e+003,1.387291e+001
3.700788e+003,1.387091e+001
3.701270e+003,1.387276e+001
3.701752e+003,1.387799e+001
3.702234e+003,1.388540e+001
3.702717e+003,1.389337e+001
3.703199e+003,1.390029e+001
3.703681e+003,1.390492e+001
3.704163e+003,1.390657e+001
3.704645e+003,1.390507e+001
3.705127e+003,1.390068e+001
3.705609e+003,1.389391e+001
3.706092e+003,1.388538e+001
3.706573e+003,1.387572e+001
3.707056e+003,1.386551e+001
3.707538e+003,1.385535e+001
3.708020e+003,1.384593e+001
3.708502e+003,1.383816e+001
3.708984e+003,1.383329e+001
3.709466e+003,1.383284e+001
3.709948e+003,1.383836e+001
3.710431e+003,1.385103e+001
3.710913e+003,1.387099e+001
3.711395e+003,1.389698e+001
3.711877e+003,1.392631e+001
3.712359e+003,1.395563e+001
3.712841e+003,1.398175e+001
3.713323e+003,1.400239e+001
3.713805e+003,1.401638e+001
3.714288e+003,1.402357e+001
3.714770e+003,1.402440e+001
3.715252e+003,1.401962e+001
3.715734e+003,1.401002e+001
3.716216e+003,1.399639e+001
3.716698e+003,1.397945e+001
3.717180e+003,1.395991e+001
3.717662e+003,1.393846e+001
3.718145e+003,1.391593e+001
3.718627e+003,1.389316e+001
3.719109e+003,1.387108e+001
3.719591e+003,1.385061e+001
3.720073e+003,1.383257e+001
3.720555e+003,1.381755e+001
3.721037e+003,1.380571e+001
3.721520e+003,1.379669e+001
3.722001e+003,1.378963e+001
3.722484e+003,1.378335e+001
3.722966e+003,1.377671e+001
3.723448e+003,1.376897e+001
3.723930e+003,1.376006e+001
3.724412e+003,1.375063e+001
3.724894e+003,1.374178e+001
3.725376e+003,1.373469e+001
3.725859e+003,1.373014e+001
3.726341e+003,1.372814e+001
3.726823e+003,1.372790e+001
3.727305e+003,1.372810e+001
3.727787e+003,1.372736e+001
3.728269e+003,1.372469e+001
3.728751e+003,1.371963e+001
3.729233e+003,1.371220e+001
3.729716e+003,1.370276e+001
3.730198e+003,1.369173e+001
3.730680e+003,1.367937e+001
3.731162e+003,1.366572e+001
3.731644e+003,1.365074e+001
3.732126e+003,1.363457e+001
3.732608e+003,1.361795e+001
3.733090e+003,1.360240e+001
3.733573e+003,1.359037e+001
3.734055e+003,1.358471e+001
3.734537e+003,1.358798e+001
3.735019e+003,1.360148e+001
3.735501e+003,1.362452e+001
3.735983e+003,1.365436e+001
3.736465e+003,1.368709e+001
3.736948e+003,1.371864e+001
3.737430e+003,1.374603e+001
3.737912e+003,1.376753e+001
3.738394e+003,1.378256e+001
3.738876e+003,1.379120e+001
3.739358e+003,1.379390e+001
3.739840e+003,1.379126e+001
3.740322e+003,1.378407e+001
3.740804e+003,1.377332e+001
3.741287e+003,1.376043e+001
3.741769e+003,1.374721e+001
3.742251e+003,1.373591e+001
3.742733e+003,1.372890e+001
3.743215e+003,1.372805e+001
3.743697e+003,1.373376e+001
3.744179e+003,1.374413e+001
3.744661e+003,1.375525e+001
3.745144e+003,1.376294e+001
3.745626e+003,1.376466e+001
3.746108e+003,1.376017e+001
3.746590e+003,1.375114e+001
3.747072e+003,1.374013e+001
3.747554e+003,1.372989e+001
3.748036e+003,1.372293e+001
3.748518e+003,1.372121e+001
3.749000e+003,1.372596e+001
3.749483e+003,1.373726e+001
3.749965e+003,1.375385e+001
3.750447e+003,1.377327e+001
3.750929e+003,1.379251e+001
3.751411e+003,1.380887e+001
3.751893e+003,1.382066e+001
3.752375e+003,1.382734e+001
3.752858e+003,1.382934e+001
3.753340e+003,1.382757e+001
3.753822e+003,1.382313e+001
3.754304e+003,1.381710e+001
3.754786e+003,1.381044e+001
3.755268e+003,1.380392e+001
3.755750e+003,1.379818e+001
3.756232e+003,1.379358e+001
3.756715e+003,1.379035e+001
3.757197e+003,1.378850e+001
3.757679e+003,1.378793e+001
3.758161e+003,1.378835e+001
3.758643e+003,1.378931e+001
3.759125e+003,1.379019e+001
3.759607e+003,1.379021e+001
3.760089e+003,1.378851e+001
3.760572e+003,1.378436e+001
3.761054e+003,1.377738e+001
3.761536e+003,1.376762e+001
3.762018e+003,1.375564e+001
3.762500e+003,1.374233e+001
3.762982e+003,1.372883e+001
3.763464e+003,1.371625e+001
3.763947e+003,1.370540e+001
3.764428e+003,1.369665e+001
3.764911e+003,1.368976e+001
3.765393e+003,1.368399e+001
3.765875e+003,1.367842e+001
3.766357e+003,1.367237e+001
3.766839e+003,1.366569e+001
3.767321e+003,1.365891e+001
3.767803e+003,1.365304e+001
3.768286e+003,1.364930e+001
3.768768e+003,1.364867e+001
3.769250e+003,1.365153e+001
3.769732e+003,1.365739e+001
3.770214e+003,1.366500e+001
3.770696e+003,1.367271e+001
3.771178e+003,1.367902e+001
3.771660e+003,1.368288e+001
3.772143e+003,1.368395e+001
3.772625e+003,1.368233e+001
3.773107e+003,1.367845e+001
3.773589e+003,1.367276e+001
3.774071e+003,1.366567e+001
3.774553e+003,1.365743e+001
3.775035e+003,1.364821e+001
3.775517e+003,1.363808e+001
3.776000e+003,1.362726e+001
3.776482e+003,1.361614e+001
3.776964e+003,1.360530e+001
3.777446e+003,1.359550e+001
3.777928e+003,1.358750e+001
3.778410e+003,1.358177e+001
3.778892e+003,1.357825e+001
3.779375e+003,1.357622e+001
3.779856e+003,1.357451e+001
3.780339e+003,1.357184e+001
3.780821e+003,1.356732e+001
3.781303e+003,1.356072e+001
3.781785e+003,1.355251e+001
3.782267e+003,1.354363e+001
3.782749e+003,1.353527e+001
3.783231e+003,1.352842e+001
3.783714e+003,1.352369e+001
3.784196e+003,1.352112e+001
3.784678e+003,1.352019e+001
3.785160e+003,1.352002e+001
3.785642e+003,1.351972e+001
3.786124e+003,1.351869e+001
3.786606e+003,1.351666e+001
3.787088e+003,1.351373e+001
3.787571e+003,1.351022e+001
3.788053e+003,1.350644e+001
3.788535e+003,1.350264e+001
3.789017e+003,1.349888e+001
3.789499e+003,1.349510e+001
3.789981e+003,1.349109e+001
3.790463e+003,1.348659e+001
3.790945e+003,1.348126e+001
3.791427e+003,1.347477e+001
3.791910e+003,1.346686e+001
3.792392e+003,1.345740e+001
3.792874e+003,1.344650e+001
3.793356e+003,1.343461e+001
3.793838e+003,1.342244e+001
3.794320e+003,1.341086e+001
3.794802e+003,1.340064e+001
3.795284e+003,1.339225e+001
3.795767e+003,1.338546e+001
3.796249e+003,1.337947e+001
3.796731e+003,1.337300e+001
3.797213e+003,1.336493e+001
3.797695e+003,1.335465e+001
3.798177e+003,1.334247e+001
3.798659e+003,1.332961e+001
3.799142e+003,1.331813e+001
3.799624e+003,1.331051e+001
3.800106e+003,1.330905e+001
3.800588e+003,1.331493e+001
3.801070e+003,1.332732e+001
3.801552e+003,1.334307e+001
3.802034e+003,1.335778e+001
3.802516e+003,1.336743e+001
3.802999e+003,1.336998e+001
3.803481e+003,1.336552e+001
3.803963e+003,1.335579e+001
3.804445e+003,1.334341e+001
3.804927e+003,1.333127e+001
3.805409e+003,1.332207e+001
3.805891e+003,1.331777e+001
3.806373e+003,1.331899e+001
3.806855e+003,1.332477e+001
3.807338e+003,1.333279e+001
3.807820e+003,1.334019e+001
3.808302e+003,1.334464e+001
3.808784e+003,1.334495e+001
3.809266e+003,1.334095e+001
3.809748e+003,1.333317e+001
3.810230e+003,1.332226e+001
3.810712e+003,1.330882e+001
3.811195e+003,1.329323e+001
3.811677e+003,1.327579e+001
3.812159e+003,1.325693e+001
3.812641e+003,1.323739e+001
3.813123e+003,1.321836e+001
3.813605e+003,1.320143e+001
3.814087e+003,1.318826e+001
3.814570e+003,1.318014e+001
3.815052e+003,1.317715e+001
3.815534e+003,1.317778e+001
3.816016e+003,1.317901e+001
3.816498e+003,1.317740e+001
3.816980e+003,1.317043e+001
3.817462e+003,1.315741e+001
3.817944e+003,1.313949e+001
3.818427e+003,1.311933e+001
3.818909e+003,1.310039e+001
3.819391e+003,1.308638e+001
3.819873e+003,1.308045e+001
3.820355e+003,1.308414e+001
3.820837e+003,1.309633e+001
3.821319e+003,1.311319e+001
3.821801e+003,1.312952e+001
3.822283e+003,1.314099e+001
3.822766e+003,1.314561e+001
3.823248e+003,1.314383e+001
3.823730e+003,1.313765e+001
3.824212e+003,1.312976e+001
3.824694e+003,1.312265e+001
3.825176e+003,1.311813e+001
3.825658e+003,1.311693e+001
3.826140e+003,1.311857e+001
3.826623e+003,1.312149e+001
3.827105e+003,1.312356e+001
3.827587e+003,1.312278e+001
3.828069e+003,1.311794e+001
3.828551e+003,1.310882e+001
3.829033e+003,1.309624e+001
3.829515e+003,1.308160e+001
3.829998e+003,1.306658e+001
3.830479e+003,1.305265e+001
3.830962e+003,1.304072e+001
3.831444e+003,1.303097e+001
3.831926e+003,1.302278e+001
3.832408e+003,1.301509e+001
3.832890e+003,1.300665e+001
3.833372e+003,1.299643e+001
3.833854e+003,1.298398e+001
3.834337e+003,1.296939e+001
3.834819e+003,1.295335e+001
3.835301e+003,1.293704e+001
3.835783e+003,1.292201e+001
3.836265e+003,1.290991e+001
3.836747e+003,1.290227e+001
3.837229e+003,1.289997e+001
3.837711e+003,1.290301e+001
3.838194e+003,1.291043e+001
3.838676e+003,1.292045e+001
3.839158e+003,1.293108e+001
3.839640e+003,1.294067e+001
3.840122e+003,1.294826e+001
3.840604e+003,1.295365e+001
3.841086e+003,1.295712e+001
3.841568e+003,1.295928e+001
3.842051e+003,1.296071e+001
3.842533e+003,1.296174e+001
3.843015e+003,1.296240e+001
3.843497e+003,1.296242e+001
3.843979e+003,1.296136e+001
3.844461e+003,1.295872e+001
3.844943e+003,1.295412e+001
3.845426e+003,1.294738e+001
3.845907e+003,1.293848e+001
3.846390e+003,1.292750e+001
3.846872e+003,1.291451e+001
3.847354e+003,1.289955e+001
3.847836e+003,1.288254e+001
3.848318e+003,1.286334e+001
3.848800e+003,1.284179e+001
3.849282e+003,1.281794e+001
3.849765e+003,1.279209e+001
3.850247e+003,1.276520e+001
3.850729e+003,1.273903e+001
3.851211e+003,1.271643e+001
3.851693e+003,1.270130e+001
3.852175e+003,1.269789e+001
3.852657e+003,1.270895e+001
3.853139e+003,1.273364e+001
3.853622e+003,1.276638e+001
3.854104e+003,1.279890e+001
3.854586e+003,1.282404e+001
3.855068e+003,1.283838e+001
3.855550e+003,1.284201e+001
3.856032e+003,1.283709e+001
3.856514e+003,1.282631e+001
3.856996e+003,1.281223e+001
3.857479e+003,1.279686e+001
3.857961e+003,1.278171e+001
3.858443e+003,1.276779e+001
3.858925e+003,1.275572e+001
3.859407e+003,1.274576e+001
3.859889e+003,1.273778e+001
3.860371e+003,1.273134e+001
3.860854e+003,1.272580e+001
3.861336e+003,1.272044e+001
3.861818e+003,1.271465e+001
3.862300e+003,1.270816e+001
3.862782e+003,1.270101e+001
3.863264e+003,1.269351e+001
3.863746e+003,1.268596e+001
3.864228e+003,1.267834e+001
3.864710e+003,1.267026e+001
3.865193e+003,1.266112e+001
3.865675e+003,1.265046e+001
3.866157e+003,1.263839e+001
3.866639e+003,1.262582e+001
3.867121e+003,1.261438e+001
3.867603e+003,1.260622e+001
3.868085e+003,1.260335e+001
3.868567e+003,1.260695e+001
3.869050e+003,1.261652e+001
3.869532e+003,1.262946e+001
3.870014e+003,1.264167e+001
3.870496e+003,1.264920e+001
3.870978e+003,1.264978e+001
3.871460e+003,1.264361e+001
3.871942e+003,1.263293e+001
3.872424e+003,1.262100e+001
3.872906e+003,1.261091e+001
3.873389e+003,1.260470e+001
3.873871e+003,1.260280e+001
3.874353e+003,1.260399e+001
3.874835e+003,1.260594e+001
3.875317e+003,1.260609e+001
3.875799e+003,1.260267e+001
3.876281e+003,1.259514e+001
3.876764e+003,1.258421e+001
3.877246e+003,1.257155e+001
3.877728e+003,1.255931e+001
3.878210e+003,1.254969e+001
3.878692e+003,1.254438e+001
3.879174e+003,1.254406e+001
3.879656e+003,1.254782e+001
3.880138e+003,1.255332e+001
3.880621e+003,1.255720e+001
3.881103e+003,1.255639e+001
3.881585e+003,1.254908e+001
3.882067e+003,1.253529e+001
3.882549e+003,1.251675e+001
3.883031e+003,1.249646e+001
3.883513e+003,1.247795e+001
3.883995e+003,1.246469e+001
3.884478e+003,1.245917e+001
3.884960e+003,1.246202e+001
3.885442e+003,1.247143e+001
3.885924e+003,1.248363e+001
3.886406e+003,1.249406e+001
3.886888e+003,1.249911e+001
3.887370e+003,1.249701e+001
3.887853e+003,1.248800e+001
3.888334e+003,1.247369e+001
3.888817e+003,1.245657e+001
3.889299e+003,1.243930e+001
3.889781e+003,1.242445e+001
3.890263e+003,1.241400e+001
3.890745e+003,1.240905e+001
3.891227e+003,1.240949e+001
3.891709e+003,1.241409e+001
3.892192e+003,1.242087e+001
3.892674e+003,1.242776e+001
3.893156e+003,1.243299e+001
3.893638e+003,1.243545e+001
3.894120e+003,1.243456e+001
3.894602e+003,1.243014e+001
3.895084e+003,1.242224e+001
3.895566e+003,1.241116e+001
3.896049e+003,1.239732e+001
3.896531e+003,1.238137e+001
3.897013e+003,1.236415e+001
3.897495e+003,1.234670e+001
3.897977e+003,1.233014e+001
3.898459e+003,1.231553e+001
3.898941e+003,1.230361e+001
3.899423e+003,1.229472e+001
3.899906e+003,1.228874e+001
3.900388e+003,1.228522e+001
3.900870e+003,1.228358e+001
3.901352e+003,1.228345e+001
3.901834e+003,1.228466e+001
3.902316e+003,1.228734e+001
3.902798e+003,1.229160e+001
3.903281e+003,1.229744e+001
3.903762e+003,1.230453e+001
3.904245e+003,1.231223e+001
3.904727e+003,1.231970e+001
3.905209e+003,1.232617e+001
3.905691e+003,1.233110e+001
3.906173e+003,1.233424e+001
3.906655e+003,1.233559e+001
3.907137e+003,1.233533e+001
3.907620e+003,1.233366e+001
3.908102e+003,1.233083e+001
3.908584e+003,1.232706e+001
3.909066e+003,1.232262e+001
3.909548e+003,1.231772e+001
3.910030e+003,1.231259e+001
3.910512e+003,1.230730e+001
3.910994e+003,1.230182e+001
3.911477e+003,1.229594e+001
3.911959e+003,1.228938e+001
3.912441e+003,1.228184e+001
3.912923e+003,1.227321e+001
3.913405e+003,1.226357e+001
3.913887e+003,1.225330e+001
3.914369e+003,1.224291e+001
3.914851e+003,1.223300e+001
3.915333e+003,1.222407e+001
3.915816e+003,1.221638e+001
3.916298e+003,1.220995e+001
3.916780e+003,1.220459e+001
3.917262e+003,1.220003e+001
3.917744e+003,1.219605e+001
3.918226e+003,1.219248e+001
3.918708e+003,1.218927e+001
3.919190e+003,1.218632e+001
3.919673e+003,1.218344e+001
3.920155e+003,1.218032e+001
3.920637e+003,1.217665e+001
3.921119e+003,1.217219e+001
3.921601e+003,1.216693e+001
3.922083e+003,1.216110e+001
3.922565e+003,1.215525e+001
3.923048e+003,1.215005e+001
3.923530e+003,1.214614e+001
3.924012e+003,1.214391e+001
3.924494e+003,1.214338e+001
3.924976e+003,1.214405e+001
3.925458e+003,1.214511e+001
3.925940e+003,1.214550e+001
3.926422e+003,1.214427e+001
3.926905e+003,1.214069e+001
3.927387e+003,1.213440e+001
3.927869e+003,1.212544e+001
3.928351e+003,1.211427e+001
3.928833e+003,1.210166e+001
3.929315e+003,1.208871e+001
3.929797e+003,1.207655e+001
3.930279e+003,1.206634e+001
3.930761e+003,1.205897e+001
3.931244e+003,1.205489e+001
3.931726e+003,1.205401e+001
3.932208e+003,1.205572e+001
3.932690e+003,1.205904e+001
3.933172e+003,1.206283e+001
3.933654e+003,1.206602e+001
3.934136e+003,1.206786e+001
3.934618e+003,1.206799e+001
3.935101e+003,1.206648e+001
3.935583e+003,1.206369e+001
3.936065e+003,1.206022e+001
3.936547e+003,1.205669e+001
3.937029e+003,1.205361e+001
3.937511e+003,1.205119e+001
3.937993e+003,1.204933e+001
3.938476e+003,1.204761e+001
3.938958e+003,1.204541e+001
3.939440e+003,1.204208e+001
3.939922e+003,1.203716e+001
3.940404e+003,1.203047e+001
3.940886e+003,1.202223e+001
3.941368e+003,1.201291e+001
3.941850e+003,1.200320e+001
3.942333e+003,1.199378e+001
3.942815e+003,1.198518e+001
3.943297e+003,1.197762e+001
3.943779e+003,1.197112e+001
3.944261e+003,1.196549e+001
3.944743e+003,1.196053e+001
3.945225e+003,1.195603e+001
3.945707e+003,1.195190e+001
3.946189e+003,1.194812e+001
3.946672e+003,1.194471e+001
3.947154e+003,1.194171e+001
3.947636e+003,1.193913e+001
3.948118e+003,1.193696e+001
3.948600e+003,1.193514e+001
3.949082e+003,1.193355e+001
3.949564e+003,1.193203e+001
3.950046e+003,1.193039e+001
3.950529e+003,1.192838e+001
3.951011e+003,1.192575e+001
3.951493e+003,1.192226e+001
3.951975e+003,1.191774e+001
3.952457e+003,1.191211e+001
3.952939e+003,1.190535e+001
3.953421e+003,1.189762e+001
3.953904e+003,1.188919e+001
3.954385e+003,1.188047e+001
3.954868e+003,1.187198e+001
3.955350e+003,1.186430e+001
3.955832e+003,1.185792e+001
3.956314e+003,1.185319e+001
3.956796e+003,1.185007e+001
3.957278e+003,1.184825e+001
3.957760e+003,1.184703e+001
3.958243e+003,1.184556e+001
3.958725e+003,1.184301e+001
3.959207e+003,1.183882e+001
3.959689e+003,1.183282e+001
3.960171e+003,1.182535e+001
3.960653e+003,1.181707e+001
3.961135e+003,1.180890e+001
3.961617e+003,1.180170e+001
3.962100e+003,1.179609e+001
3.962582e+003,1.179236e+001
3.963064e+003,1.179046e+001
3.963546e+003,1.179008e+001
3.964028e+003,1.179078e+001
3.964510e+003,1.179205e+001
3.964992e+003,1.179345e+001
3.965474e+003,1.179454e+001
3.965957e+003,1.179492e+001
3.966439e+003,1.179425e+001
3.966921e+003,1.179222e+001
3.967403e+003,1.178865e+001
3.967885e+003,1.178350e+001
3.968367e+003,1.177682e+001
3.968849e+003,1.176885e+001
3.969332e+003,1.175988e+001
3.969813e+003,1.175021e+001
3.970296e+003,1.174023e+001
3.970778e+003,1.173026e+001
3.971260e+003,1.172073e+001
3.971742e+003,1.171204e+001
3.972224e+003,1.170459e+001
3.972706e+003,1.169873e+001
3.973188e+003,1.169465e+001
3.973671e+003,1.169237e+001
3.974153e+003,1.169164e+001
3.974635e+003,1.169204e+001
3.975117e+003,1.169301e+001
3.975599e+003,1.169398e+001
3.976081e+003,1.169435e+001
3.976563e+003,1.169371e+001
3.977045e+003,1.169172e+001
3.977528e+003,1.168819e+001
3.978010e+003,1.168304e+001
3.978492e+003,1.167634e+001
3.978974e+003,1.166829e+001
3.979456e+003,1.165922e+001
3.979938e+003,1.164955e+001
3.980420e+003,1.163986e+001
3.980902e+003,1.163069e+001
3.981385e+003,1.162262e+001
3.981867e+003,1.161610e+001
3.982349e+003,1.161139e+001
3.982831e+003,1.160853e+001
3.983313e+003,1.160728e+001
3.983795e+003,1.160709e+001
3.984277e+003,1.160725e+001
3.984760e+003,1.160694e+001
3.985242e+003,1.160541e+001
3.985724e+003,1.160214e+001
3.986206e+003,1.159697e+001
3.986688e+003,1.159015e+001
3.987170e+003,1.158231e+001
3.987652e+003,1.157423e+001
3.988134e+003,1.156678e+001
3.988616e+003,1.156060e+001
3.989099e+003,1.155604e+001
3.989581e+003,1.155308e+001
3.990063e+003,1.155142e+001
3.990545e+003,1.155056e+001
3.991027e+003,1.154999e+001
3.991509e+003,1.154926e+001
3.991991e+003,1.154806e+001
3.992473e+003,1.154625e+001
3.992956e+003,1.154372e+001
3.993438e+003,1.154041e+001
3.993920e+003,1.153628e+001
3.994402e+003,1.153127e+001
3.994884e+003,1.152537e+001
3.995366e+003,1.151861e+001
3.995848e+003,1.151113e+001
3.996330e+003,1.150312e+001
3.996813e+003,1.149481e+001
3.997295e+003,1.148646e+001
3.997777e+003,1.147832e+001
3.998259e+003,1.147056e+001
3.998741e+003,1.146333e+001
3.999223e+003,1.145666e+001
3.999705e+003,1.145057e+001
4.000188e+003,1.144503e+001
