3.996813e+002,0.000000e+000
4.001635e+002,7.465508e+001
4.006456e+002,7.472197e+001
4.011277e+002,7.474208e+001
4.016098e+002,7.471312e+001
4.020919e+002,7.464149e+001
4.025741e+002,7.454122e+001
4.030562e+002,7.443203e+001
4.035383e+002,7.433426e+001
4.040204e+002,7.426330e+001
4.045026e+002,7.422601e+001
4.049847e+002,7.421892e+001
4.054668e+002,7.423018e+001
4.059489e+002,7.424435e+001
4.064311e+002,7.424704e+001
4.069132e+002,7.422952e+001
4.073953e+002,7.419023e+001
4.078774e+002,7.413315e+001
4.083596e+002,7.406596e+001
4.088417e+002,7.399763e+001
4.093238e+002,7.393713e+001
4.098059e+002,7.389277e+001
4.102881e+002,7.387183e+001
4.107702e+002,7.387928e+001
4.112523e+002,7.391621e+001
4.117344e+002,7.397832e+001
4.122166e+002,7.405584e+001
4.126987e+002,7.413490e+001
4.131808e+002,7.420058e+001
4.136629e+002,7.424086e+001
4.141451e+002,7.424984e+001
4.146272e+002,7.422839e+001
4.151093e+002,7.418303e+001
4.155914e+002,7.412276e+001
4.160736e+002,7.405618e+001
4.165557e+002,7.399015e+001
4.170378e+002,7.392878e+001
4.175200e+002,7.387503e+001
4.180021e+002,7.383146e+001
4.184842e+002,7.380087e+001
4.189663e+002,7.378555e+001
4.194484e+002,7.378532e+001
4.199306e+002,7.379651e+001
4.204127e+002,7.381325e+001
4.208948e+002,7.382926e+001
4.213770e+002,7.383981e+001
4.218591e+002,7.384212e+001
4.223412e+002,7.383505e+001
4.228233e+002,7.381862e+001
4.233055e+002,7.379311e+001
4.237876e+002,7.375920e+001
4.242697e+002,7.371853e+001
4.247518e+002,7.367387e+001
4.252339e+002,7.362958e+001
4.257161e+002,7.359048e+001
4.261982e+002,7.356062e+001
4.266803e+002,7.354155e+001
4.271624e+002,7.353172e+001
4.276446e+002,7.352672e+001
4.281267e+002,7.352131e+001
4.286088e+002,7.351147e+001
4.290909e+002,7.349641e+001
4.295731e+002,7.347914e+001
4.300552e+002,7.346543e+001
4.305373e+002,7.346118e+001
4.310194e+002,7.346956e+001
4.315016e+002,7.348904e+001
4.319837e+002,7.351381e+001
4.324658e+002,7.353561e+001
4.329479e+002,7.354675e+001
4.334301e+002,7.354289e+001
4.339122e+002,7.352393e+001
4.343943e+002,7.349345e+001
4.348764e+002,7.345648e+001
4.353586e+002,7.341766e+001
4.358407e+002,7.337978e+001
4.363228e+002,7.334349e+001
4.368049e+002,7.330889e+001
4.372870e+002,7.327627e+001
4.377692e+002,7.324728e+001
4.382513e+002,7.322446e+001
4.387334e+002,7.321019e+001
4.392155e+002,7.320558e+001
4.396977e+002,7.320992e+001
4.401798e+002,7.322076e+001
4.406619e+002,7.323464e+001
4.411440e+002,7.324812e+001
4.416262e+002,7.325850e+001
4.421083e+002,7.326403e+001
4.425904e+002,7.326351e+001
4.430725e+002,7.325585e+001
4.435547e+002,7.324010e+001
4.440368e+002,7.321564e+001
4.445189e+002,7.318299e+001
4.450010e+002,7.314410e+001
4.454832e+002,7.310234e+001
4.459653e+002,7.306167e+001
4.464474e+002,7.302531e+001
4.469295e+002,7.299508e+001
4.474117e+002,7.297114e+001
4.478938e+002,7.295248e+001
4.483759e+002,7.293794e+001
4.488580e+002,7.292702e+001
4.493401e+002,7.292012e+001
4.498223e+002,7.291806e+001
4.503044e+002,7.292100e+001
4.507865e+002,7.292767e+001
4.512687e+002,7.293523e+001
4.517508e+002,7.293956e+001
4.522329e+002,7.293668e+001
4.527150e+002,7.292390e+001
4.531971e+002,7.290070e+001
4.536793e+002,7.286853e+001
4.541614e+002,7.282985e+001
4.546435e+002,7.278699e+001
4.551257e+002,7.274174e+001
4.556078e+002,7.269504e+001
4.560899e+002,7.264771e+001
4.565720e+002,7.260081e+001
4.570542e+002,7.255605e+001
4.575363e+002,7.251546e+001
4.580184e+002,7.248061e+001
4.585005e+002,7.245193e+001
4.589827e+002,7.242902e+001
4.594648e+002,7.241080e+001
4.599469e+002,7.239663e+001
4.604290e+002,7.238640e+001
4.609112e+002,7.238044e+001
4.613933e+002,7.237888e+001
4.618754e+002,7.238097e+001
4.623575e+002,7.238493e+001
4.628397e+002,7.238853e+001
4.633218e+002,7.238979e+001
4.638039e+002,7.238812e+001
4.642860e+002,7.238461e+001
4.647682e+002,7.238161e+001
4.652503e+002,7.238162e+001
4.657324e+002,7.238594e+001
4.662145e+002,7.239395e+001
4.666967e+002,7.240314e+001
4.671788e+002,7.240996e+001
4.676609e+002,7.241130e+001
4.681430e+002,7.240541e+001
4.686252e+002,7.239226e+001
4.691073e+002,7.237294e+001
4.695894e+002,7.234849e+001
4.700715e+002,7.231932e+001
4.705536e+002,7.228520e+001
4.710358e+002,7.224611e+001
4.715179e+002,7.220332e+001
4.720000e+002,7.216038e+001
4.724821e+002,7.212230e+001
4.729643e+002,7.209418e+001
4.734464e+002,7.207896e+001
4.739285e+002,7.207602e+001
4.744106e+002,7.208160e+001
4.748928e+002,7.209030e+001
4.753749e+002,7.209701e+001
4.758570e+002,7.209885e+001
4.763391e+002,7.209559e+001
4.768213e+002,7.208920e+001
4.773034e+002,7.208261e+001
4.777855e+002,7.207816e+001
4.782676e+002,7.207660e+001
4.787498e+002,7.207677e+001
4.792319e+002,7.207645e+001
4.797140e+002,7.207314e+001
4.801961e+002,7.206510e+001
4.806783e+002,7.205185e+001
4.811604e+002,7.203407e+001
4.816425e+002,7.201325e+001
4.821246e+002,7.199154e+001
4.826068e+002,7.197145e+001
4.830889e+002,7.195590e+001
4.835710e+002,7.194777e+001
4.840531e+002,7.194942e+001
4.845352e+002,7.196170e+001
4.850174e+002,7.198327e+001
4.854995e+002,7.201031e+001
4.859816e+002,7.203734e+001
4.864637e+002,7.205827e+001
4.869459e+002,7.206820e+001
4.874280e+002,7.206430e+001
4.879101e+002,7.204640e+001
4.883922e+002,7.201642e+001
4.888744e+002,7.197746e+001
4.893565e+002,7.193274e+001
4.898386e+002,7.188513e+001
4.903207e+002,7.183705e+001
4.908029e+002,7.179085e+001
4.912850e+002,7.174899e+001
4.917671e+002,7.171422e+001
4.922492e+002,7.168875e+001
4.927314e+002,7.167371e+001
4.932135e+002,7.166824e+001
4.936956e+002,7.166971e+001
4.941777e+002,7.167424e+001
4.946599e+002,7.167787e+001
4.951420e+002,7.167766e+001
4.956241e+002,7.167236e+001
4.961062e+002,7.166252e+001
4.965884e+002,7.164981e+001
4.970705e+002,7.163634e+001
4.975526e+002,7.162392e+001
4.980347e+002,7.161362e+001
4.985169e+002,7.160590e+001
4.989990e+002,7.160065e+001
4.994811e+002,7.159741e+001
4.999633e+002,7.159548e+001
5.004454e+002,7.159377e+001
5.009275e+002,7.159086e+001
5.014096e+002,7.158537e+001
5.018917e+002,7.157643e+001
5.023739e+002,7.156412e+001
5.028560e+002,7.154978e+001
5.033381e+002,7.153561e+001
5.038203e+002,7.152383e+001
5.043024e+002,7.151582e+001
5.047845e+002,7.151167e+001
5.052666e+002,7.151019e+001
5.057487e+002,7.150933e+001
5.062309e+002,7.150723e+001
5.067130e+002,7.150264e+001
5.071951e+002,7.149540e+001
5.076772e+002,7.148617e+001
5.081594e+002,7.147581e+001
5.086415e+002,7.146483e+001
5.091236e+002,7.145319e+001
5.096057e+002,7.144059e+001
5.100879e+002,7.142687e+001
5.105700e+002,7.141245e+001
5.110521e+002,7.139847e+001
5.115342e+002,7.138625e+001
5.120164e+002,7.137676e+001
5.124985e+002,7.137006e+001
5.129806e+002,7.136510e+001
5.134627e+002,7.136003e+001
5.139448e+002,7.135297e+001
5.144270e+002,7.134266e+001
5.149091e+002,7.132876e+001
5.153912e+002,7.131205e+001
5.158734e+002,7.129379e+001
5.163555e+002,7.127530e+001
5.168376e+002,7.125747e+001
5.173197e+002,7.124077e+001
5.178019e+002,7.122545e+001
5.182840e+002,7.121178e+001
5.187661e+002,7.120033e+001
5.192482e+002,7.119166e+001
5.197303e+002,7.118610e+001
5.202125e+002,7.118338e+001
5.206946e+002,7.118267e+001
5.211767e+002,7.118279e+001
5.216588e+002,7.118269e+001
5.221410e+002,7.118199e+001
5.226231e+002,7.118084e+001
5.231052e+002,7.117987e+001
5.235873e+002,7.117976e+001
5.240695e+002,7.118064e+001
5.245516e+002,7.118205e+001
5.250337e+002,7.118295e+001
5.255159e+002,7.118227e+001
5.259980e+002,7.117939e+001
5.264801e+002,7.117439e+001
5.269622e+002,7.116801e+001
5.274443e+002,7.116114e+001
5.279265e+002,7.115446e+001
5.284086e+002,7.114801e+001
5.288907e+002,7.114131e+001
5.293728e+002,7.113371e+001
5.298550e+002,7.112459e+001
5.303371e+002,7.111375e+001
5.308192e+002,7.110133e+001
5.313013e+002,7.108766e+001
5.317834e+002,7.107298e+001
5.322656e+002,7.105735e+001
5.327477e+002,7.104074e+001
5.332299e+002,7.102312e+001
5.337120e+002,7.100465e+001
5.341941e+002,7.098568e+001
5.346762e+002,7.096658e+001
5.351583e+002,7.094745e+001
5.356404e+002,7.092797e+001
5.361226e+002,7.090744e+001
5.366047e+002,7.088502e+001
5.370868e+002,7.086013e+001
5.375690e+002,7.083272e+001
5.380511e+002,7.080319e+001
5.385332e+002,7.077229e+001
5.390153e+002,7.074049e+001
5.394974e+002,7.070788e+001
5.399796e+002,7.067409e+001
5.404617e+002,7.063844e+001
5.409438e+002,7.060055e+001
5.414260e+002,7.056051e+001
5.419081e+002,7.051886e+001
5.423902e+002,7.047633e+001
5.428723e+002,7.043313e+001
5.433544e+002,7.038867e+001
5.438365e+002,7.034133e+001
5.443187e+002,7.028881e+001
5.448008e+002,7.022891e+001
5.452830e+002,7.016010e+001
5.457651e+002,7.008202e+001
5.462472e+002,6.999555e+001
5.467293e+002,6.990224e+001
5.472114e+002,6.980368e+001
5.476936e+002,6.970101e+001
5.481757e+002,6.959469e+001
5.486578e+002,6.948467e+001
5.491400e+002,6.937089e+001
5.496221e+002,6.925356e+001
5.501042e+002,6.913348e+001
5.505863e+002,6.901204e+001
5.510684e+002,6.889076e+001
5.515505e+002,6.877132e+001
5.520327e+002,6.865506e+001
5.525148e+002,6.854305e+001
5.529969e+002,6.843597e+001
5.534791e+002,6.833411e+001
5.539612e+002,6.823746e+001
5.544433e+002,6.814559e+001
5.549254e+002,6.805775e+001
5.554076e+002,6.797305e+001
5.558896e+002,6.789063e+001
5.563718e+002,6.781001e+001
5.568539e+002,6.773110e+001
5.573361e+002,6.765436e+001
5.578182e+002,6.758048e+001
5.583003e+002,6.751012e+001
5.587825e+002,6.744373e+001
5.592645e+002,6.738127e+001
5.597467e+002,6.732237e+001
5.602288e+002,6.726645e+001
5.607109e+002,6.721280e+001
5.611931e+002,6.716079e+001
5.616752e+002,6.710986e+001
5.621573e+002,6.705949e+001
5.626394e+002,6.700916e+001
5.631216e+002,6.695847e+001
5.636037e+002,6.690720e+001
5.640858e+002,6.685546e+001
5.645679e+002,6.680363e+001
5.650500e+002,6.675233e+001
5.655322e+002,6.670204e+001
5.660143e+002,6.665307e+001
5.664965e+002,6.660518e+001
5.669785e+002,6.655787e+001
5.674607e+002,6.651046e+001
5.679428e+002,6.646255e+001
5.684249e+002,6.641399e+001
5.689070e+002,6.636512e+001
5.693892e+002,6.631651e+001
5.698713e+002,6.626859e+001
5.703534e+002,6.622163e+001
5.708356e+002,6.617553e+001
5.713177e+002,6.613006e+001
5.717998e+002,6.608501e+001
5.722819e+002,6.604039e+001
5.727640e+002,6.599642e+001
5.732462e+002,6.595347e+001
5.737283e+002,6.591174e+001
5.742104e+002,6.587130e+001
5.746925e+002,6.583193e+001
5.751747e+002,6.579342e+001
5.756568e+002,6.575576e+001
5.761389e+002,6.571935e+001
5.766210e+002,6.568499e+001
5.771031e+002,6.565365e+001
5.775853e+002,6.562613e+001
5.780674e+002,6.560276e+001
5.785496e+002,6.558333e+001
5.790317e+002,6.556711e+001
5.795138e+002,6.555322e+001
5.799959e+002,6.554083e+001
5.804780e+002,6.552956e+001
5.809601e+002,6.551945e+001
5.814423e+002,6.551094e+001
5.819244e+002,6.550480e+001
5.824066e+002,6.550189e+001
5.828887e+002,6.550326e+001
5.833708e+002,6.550983e+001
5.838529e+002,6.552254e+001
5.843350e+002,6.554196e+001
5.848171e+002,6.556815e+001
5.852993e+002,6.560039e+001
5.857814e+002,6.563717e+001
5.862635e+002,6.567641e+001
5.867457e+002,6.571581e+001
5.872278e+002,6.575355e+001
5.877099e+002,6.578856e+001
5.881920e+002,6.582087e+001
5.886741e+002,6.585154e+001
5.891563e+002,6.588223e+001
5.896384e+002,6.591494e+001
5.901205e+002,6.595147e+001
5.906027e+002,6.599329e+001
5.910848e+002,6.604144e+001
5.915669e+002,6.609634e+001
5.920490e+002,6.615799e+001
5.925311e+002,6.622581e+001
5.930133e+002,6.629852e+001
5.934954e+002,6.637426e+001
5.939775e+002,6.645076e+001
5.944597e+002,6.652567e+001
5.949418e+002,6.659700e+001
5.954239e+002,6.666365e+001
5.959060e+002,6.672546e+001
5.963882e+002,6.678329e+001
5.968702e+002,6.683862e+001
5.973524e+002,6.689301e+001
5.978345e+002,6.694765e+001
5.983167e+002,6.700312e+001
5.987988e+002,6.705922e+001
5.992809e+002,6.711516e+001
5.997630e+002,6.716998e+001
6.002451e+002,6.722275e+001
6.007273e+002,6.727285e+001
6.012094e+002,6.732013e+001
6.016915e+002,6.736491e+001
6.021736e+002,6.740785e+001
6.026558e+002,6.744981e+001
6.031379e+002,6.749171e+001
6.036200e+002,6.753420e+001
6.041022e+002,6.757742e+001
6.045842e+002,6.762089e+001
6.050664e+002,6.766349e+001
6.055485e+002,6.770367e+001
6.060306e+002,6.773984e+001
6.065128e+002,6.777083e+001
6.069949e+002,6.779616e+001
6.074770e+002,6.781625e+001
6.079591e+002,6.783223e+001
6.084413e+002,6.784569e+001
6.089234e+002,6.785812e+001
6.094055e+002,6.787070e+001
6.098876e+002,6.788398e+001
6.103698e+002,6.789784e+001
6.108519e+002,6.791155e+001
6.113340e+002,6.792394e+001
6.118162e+002,6.793355e+001
6.122983e+002,6.793893e+001
6.127804e+002,6.793890e+001
6.132625e+002,6.793306e+001
6.137446e+002,6.792196e+001
6.142267e+002,6.790732e+001
6.147089e+002,6.789185e+001
6.151910e+002,6.787881e+001
6.156731e+002,6.787125e+001
6.161553e+002,6.787128e+001
6.166374e+002,6.787952e+001
6.171195e+002,6.789498e+001
6.176016e+002,6.791544e+001
6.180837e+002,6.793814e+001
6.185659e+002,6.796059e+001
6.190480e+002,6.798110e+001
6.195302e+002,6.799895e+001
6.200123e+002,6.801408e+001
6.204944e+002,6.802673e+001
6.209765e+002,6.803702e+001
6.214586e+002,6.804484e+001
6.219407e+002,6.804994e+001
6.224229e+002,6.805215e+001
6.229050e+002,6.805169e+001
6.233871e+002,6.804927e+001
6.238693e+002,6.804596e+001
6.243514e+002,6.804305e+001
6.248335e+002,6.804179e+001
6.253156e+002,6.804323e+001
6.257977e+002,6.804797e+001
6.262798e+002,6.805634e+001
6.267620e+002,6.806821e+001
6.272441e+002,6.808305e+001
6.277263e+002,6.809997e+001
6.282084e+002,6.811762e+001
6.286905e+002,6.813457e+001
6.291726e+002,6.814930e+001
6.296547e+002,6.816069e+001
6.301368e+002,6.816813e+001
6.306190e+002,6.817167e+001
6.311011e+002,6.817184e+001
6.315833e+002,6.816944e+001
6.320654e+002,6.816541e+001
6.325475e+002,6.816051e+001
6.330296e+002,6.815561e+001
6.335117e+002,6.815160e+001
6.339939e+002,6.814953e+001
6.344760e+002,6.815059e+001
6.349581e+002,6.815571e+001
6.354402e+002,6.816533e+001
6.359224e+002,6.817896e+001
6.364045e+002,6.819532e+001
6.368866e+002,6.821246e+001
6.373687e+002,6.822844e+001
6.378508e+002,6.824176e+001
6.383330e+002,6.825183e+001
6.388151e+002,6.825895e+001
6.392972e+002,6.826408e+001
6.397794e+002,6.826842e+001
6.402615e+002,6.827285e+001
6.407436e+002,6.827771e+001
6.412257e+002,6.828285e+001
6.417079e+002,6.828783e+001
6.421899e+002,6.829219e+001
6.426721e+002,6.829571e+001
6.431542e+002,6.829859e+001
6.436364e+002,6.830130e+001
6.441185e+002,6.830453e+001
6.446006e+002,6.830907e+001
6.450827e+002,6.831560e+001
6.455648e+002,6.832475e+001
6.460470e+002,6.833686e+001
6.465291e+002,6.835195e+001
6.470112e+002,6.836950e+001
6.474933e+002,6.838851e+001
6.479755e+002,6.840759e+001
6.484576e+002,6.842523e+001
6.489397e+002,6.844035e+001
6.494219e+002,6.845254e+001
6.499040e+002,6.846230e+001
6.503861e+002,6.847085e+001
6.508682e+002,6.847980e+001
6.513503e+002,6.849075e+001
6.518325e+002,6.850471e+001
6.523146e+002,6.852208e+001
6.527968e+002,6.854263e+001
6.532788e+002,6.856560e+001
6.537610e+002,6.859004e+001
6.542431e+002,6.861487e+001
6.547252e+002,6.863893e+001
6.552073e+002,6.866110e+001
6.556895e+002,6.868042e+001
6.561716e+002,6.869613e+001
6.566537e+002,6.870802e+001
6.571359e+002,6.871660e+001
6.576179e+002,6.872288e+001
6.581001e+002,6.872835e+001
6.585822e+002,6.873448e+001
6.590643e+002,6.874225e+001
6.595464e+002,6.875195e+001
6.600286e+002,6.876326e+001
6.605107e+002,6.877531e+001
6.609928e+002,6.878721e+001
6.614750e+002,6.879829e+001
6.619571e+002,6.880830e+001
6.624392e+002,6.881737e+001
6.629213e+002,6.882592e+001
6.634034e+002,6.883454e+001
6.638856e+002,6.884393e+001
6.643677e+002,6.885509e+001
6.648499e+002,6.886947e+001
6.653320e+002,6.888898e+001
6.658141e+002,6.891618e+001
6.662962e+002,6.895364e+001
6.667783e+002,6.900290e+001
6.672605e+002,6.906255e+001
6.677426e+002,6.912653e+001
6.682247e+002,6.918456e+001
6.687068e+002,6.922650e+001
6.691890e+002,6.924780e+001
6.696711e+002,6.925089e+001
6.701532e+002,6.924236e+001
6.706353e+002,6.922900e+001
6.711174e+002,6.921600e+001
6.715996e+002,6.920638e+001
6.720817e+002,6.920169e+001
6.725638e+002,6.920240e+001
6.730460e+002,6.920831e+001
6.735281e+002,6.921870e+001
6.740102e+002,6.923259e+001
6.744923e+002,6.924879e+001
6.749745e+002,6.926607e+001
6.754565e+002,6.928329e+001
6.759387e+002,6.929965e+001
6.764208e+002,6.931474e+001
6.769030e+002,6.932857e+001
6.773851e+002,6.934150e+001
6.778672e+002,6.935409e+001
6.783493e+002,6.936682e+001
6.788314e+002,6.938012e+001
6.793136e+002,6.939426e+001
6.797957e+002,6.940939e+001
6.802778e+002,6.942562e+001
6.807599e+002,6.944316e+001
6.812421e+002,6.946217e+001
6.817242e+002,6.948269e+001
6.822063e+002,6.950459e+001
6.826885e+002,6.952756e+001
6.831705e+002,6.955116e+001
6.836527e+002,6.957507e+001
6.841348e+002,6.959901e+001
6.846169e+002,6.962289e+001
6.850991e+002,6.964661e+001
6.855812e+002,6.966989e+001
6.860634e+002,6.969220e+001
6.865454e+002,6.971271e+001
6.870276e+002,6.973053e+001
6.875096e+002,6.974504e+001
6.879918e+002,6.975612e+001
6.884739e+002,6.976431e+001
6.889561e+002,6.977058e+001
6.894382e+002,6.977607e+001
6.899203e+002,6.978156e+001
6.904025e+002,6.978741e+001
6.908845e+002,6.979346e+001
6.913667e+002,6.979932e+001
6.918488e+002,6.980480e+001
6.923309e+002,6.981020e+001
6.928130e+002,6.981637e+001
6.932952e+002,6.982448e+001
6.937773e+002,6.983572e+001
6.942594e+002,6.985085e+001
6.947416e+002,6.986987e+001
6.952236e+002,6.989197e+001
6.957058e+002,6.991572e+001
6.961879e+002,6.993935e+001
6.966700e+002,6.996115e+001
6.971522e+002,6.997971e+001
6.976343e+002,6.999418e+001
6.981165e+002,7.000437e+001
6.985985e+002,7.001069e+001
6.990807e+002,7.001409e+001
6.995628e+002,7.001589e+001
7.000449e+002,7.001748e+001
7.005270e+002,7.002015e+001
7.010092e+002,7.002472e+001
7.014913e+002,7.003144e+001
7.019734e+002,7.004008e+001
7.024556e+002,7.005003e+001
7.029377e+002,7.006067e+001
7.034198e+002,7.007156e+001
7.039019e+002,7.008265e+001
7.043840e+002,7.009424e+001
7.048662e+002,7.010688e+001
7.053483e+002,7.012102e+001
7.058304e+002,7.013699e+001
7.063125e+002,7.015466e+001
7.067947e+002,7.017374e+001
7.072768e+002,7.019354e+001
7.077589e+002,7.021322e+001
7.082410e+002,7.023175e+001
7.087231e+002,7.024801e+001
7.092053e+002,7.026088e+001
7.096874e+002,7.026945e+001
7.101696e+002,7.027332e+001
7.106517e+002,7.027275e+001
7.111338e+002,7.026886e+001
7.116159e+002,7.026333e+001
7.120980e+002,7.025821e+001
7.125802e+002,7.025524e+001
7.130623e+002,7.025555e+001
7.135444e+002,7.025938e+001
7.140265e+002,7.026623e+001
7.145087e+002,7.027510e+001
7.149908e+002,7.028495e+001
7.154729e+002,7.029495e+001
7.159550e+002,7.030470e+001
7.164371e+002,7.031393e+001
7.169193e+002,7.032243e+001
7.174014e+002,7.032979e+001
7.178835e+002,7.033535e+001
7.183657e+002,7.033850e+001
7.188478e+002,7.033890e+001
7.193299e+002,7.033676e+001
7.198120e+002,7.033297e+001
7.202942e+002,7.032892e+001
7.207762e+002,7.032616e+001
7.212584e+002,7.032597e+001
7.217405e+002,7.032912e+001
7.222227e+002,7.033563e+001
7.227048e+002,7.034503e+001
7.231869e+002,7.035646e+001
7.236691e+002,7.036893e+001
7.241511e+002,7.038142e+001
7.246333e+002,7.039307e+001
7.251154e+002,7.040327e+001
7.255975e+002,7.041156e+001
7.260797e+002,7.041786e+001
7.265618e+002,7.042241e+001
7.270439e+002,7.042570e+001
7.275260e+002,7.042834e+001
7.280082e+002,7.043088e+001
7.284902e+002,7.043369e+001
7.289724e+002,7.043684e+001
7.294545e+002,7.044019e+001
7.299366e+002,7.044352e+001
7.304188e+002,7.044669e+001
7.309009e+002,7.044965e+001
7.313831e+002,7.045255e+001
7.318651e+002,7.045547e+001
7.323473e+002,7.045840e+001
7.328293e+002,7.046114e+001
7.333115e+002,7.046339e+001
7.337936e+002,7.046495e+001
7.342758e+002,7.046584e+001
7.347579e+002,7.046636e+001
7.352400e+002,7.046706e+001
7.357222e+002,7.046856e+001
7.362042e+002,7.047126e+001
7.366864e+002,7.047523e+001
7.371685e+002,7.048026e+001
7.376506e+002,7.048595e+001
7.381328e+002,7.049196e+001
7.386149e+002,7.049821e+001
7.390970e+002,7.050485e+001
7.395791e+002,7.051224e+001
7.400613e+002,7.052065e+001
7.405434e+002,7.053017e+001
7.410255e+002,7.054050e+001
7.415076e+002,7.055105e+001
7.419897e+002,7.056106e+001
7.424719e+002,7.056976e+001
7.429540e+002,7.057652e+001
7.434362e+002,7.058097e+001
7.439182e+002,7.058294e+001
7.444004e+002,7.058247e+001
7.448825e+002,7.057984e+001
7.453646e+002,7.057558e+001
7.458467e+002,7.057037e+001
7.463289e+002,7.056507e+001
7.468110e+002,7.056052e+001
7.472931e+002,7.055736e+001
7.477753e+002,7.055594e+001
7.482574e+002,7.055624e+001
7.487395e+002,7.055803e+001
7.492216e+002,7.056092e+001
7.497037e+002,7.056468e+001
7.501859e+002,7.056919e+001
7.506680e+002,7.057445e+001
7.511501e+002,7.058047e+001
7.516322e+002,7.058704e+001
7.521144e+002,7.059383e+001
7.525965e+002,7.060028e+001
7.530786e+002,7.060576e+001
7.535608e+002,7.060983e+001
7.540428e+002,7.061227e+001
7.545250e+002,7.061312e+001
7.550071e+002,7.061259e+001
7.554893e+002,7.061090e+001
7.559714e+002,7.060832e+001
7.564535e+002,7.060509e+001
7.569356e+002,7.060158e+001
7.574177e+002,7.059834e+001
7.578999e+002,7.059598e+001
7.583820e+002,7.059519e+001
7.588641e+002,7.059637e+001
7.593463e+002,7.059948e+001
7.598284e+002,7.060406e+001
7.603105e+002,7.060918e+001
7.607926e+002,7.061401e+001
7.612748e+002,7.061783e+001
7.617568e+002,7.062037e+001
7.622390e+002,7.062178e+001
7.627211e+002,7.062253e+001
7.632032e+002,7.062303e+001
7.636854e+002,7.062355e+001
7.641675e+002,7.062410e+001
7.646496e+002,7.062448e+001
7.651317e+002,7.062447e+001
7.656139e+002,7.062406e+001
7.660959e+002,7.062337e+001
7.665781e+002,7.062271e+001
7.670602e+002,7.062232e+001
7.675424e+002,7.062238e+001
7.680245e+002,7.062279e+001
7.685066e+002,7.062328e+001
7.689888e+002,7.062355e+001
7.694708e+002,7.062331e+001
7.699530e+002,7.062230e+001
7.704351e+002,7.062041e+001
7.709172e+002,7.061749e+001
7.713994e+002,7.061344e+001
7.718815e+002,7.060812e+001
7.723636e+002,7.060169e+001
7.728457e+002,7.059449e+001
7.733279e+002,7.058711e+001
7.738099e+002,7.058030e+001
7.742921e+002,7.057466e+001
7.747742e+002,7.057056e+001
7.752563e+002,7.056790e+001
7.757385e+002,7.056616e+001
7.762206e+002,7.056476e+001
7.767028e+002,7.056300e+001
7.771848e+002,7.056065e+001
7.776670e+002,7.055773e+001
7.781491e+002,7.055461e+001
7.786312e+002,7.055168e+001
7.791133e+002,7.054932e+001
7.795955e+002,7.054760e+001
7.800776e+002,7.054645e+001
7.805597e+002,7.054565e+001
7.810419e+002,7.054501e+001
7.815239e+002,7.054435e+001
7.820061e+002,7.054358e+001
7.824882e+002,7.054257e+001
7.829703e+002,7.054124e+001
7.834525e+002,7.053943e+001
7.839346e+002,7.053703e+001
7.844167e+002,7.053409e+001
7.848988e+002,7.053069e+001
7.853810e+002,7.052706e+001
7.858631e+002,7.052338e+001
7.863452e+002,7.051962e+001
7.868273e+002,7.051573e+001
7.873094e+002,7.051145e+001
7.877916e+002,7.050671e+001
7.882737e+002,7.050156e+001
7.887559e+002,7.049625e+001
7.892380e+002,7.049134e+001
7.897201e+002,7.048723e+001
7.902022e+002,7.048419e+001
7.906843e+002,7.048217e+001
7.911665e+002,7.048080e+001
7.916486e+002,7.047968e+001
7.921307e+002,7.047839e+001
7.926128e+002,7.047676e+001
7.930950e+002,7.047491e+001
7.935771e+002,7.047300e+001
7.940592e+002,7.047115e+001
7.945413e+002,7.046930e+001
7.950234e+002,7.046716e+001
7.955056e+002,7.046431e+001
7.959877e+002,7.046044e+001
7.964698e+002,7.045546e+001
7.969520e+002,7.044960e+001
7.974341e+002,7.044328e+001
7.979162e+002,7.043693e+001
7.983983e+002,7.043089e+001
7.988805e+002,7.042535e+001
7.993625e+002,7.042023e+001
7.998447e+002,7.041536e+001
8.003268e+002,7.041058e+001
8.008090e+002,7.040578e+001
8.012911e+002,7.040080e+001
8.017732e+002,7.039557e+001
8.022553e+002,7.038996e+001
8.027374e+002,7.038399e+001
8.032196e+002,7.037779e+001
8.037017e+002,7.037173e+001
8.041838e+002,7.036640e+001
8.046660e+002,7.036240e+001
8.051481e+002,7.036019e+001
8.056302e+002,7.035977e+001
8.061123e+002,7.036067e+001
8.065945e+002,7.036197e+001
8.070765e+002,7.036263e+001
8.075587e+002,7.036169e+001
8.080408e+002,7.035867e+001
8.085229e+002,7.035361e+001
8.090051e+002,7.034700e+001
8.094872e+002,7.033955e+001
8.099694e+002,7.033202e+001
8.104514e+002,7.032488e+001
8.109336e+002,7.031841e+001
8.114156e+002,7.031258e+001
8.118978e+002,7.030724e+001
8.123799e+002,7.030217e+001
8.128621e+002,7.029712e+001
8.133442e+002,7.029187e+001
8.138263e+002,7.028621e+001
8.143085e+002,7.028004e+001
8.147905e+002,7.027333e+001
8.152727e+002,7.026633e+001
8.157548e+002,7.025939e+001
8.162369e+002,7.025295e+001
8.167191e+002,7.024734e+001
8.172012e+002,7.024267e+001
8.176833e+002,7.023871e+001
8.181654e+002,7.023496e+001
8.186476e+002,7.023087e+001
8.191296e+002,7.022591e+001
8.196118e+002,7.021983e+001
8.200939e+002,7.021267e+001
8.205760e+002,7.020467e+001
8.210582e+002,7.019619e+001
8.215403e+002,7.018755e+001
8.220225e+002,7.017902e+001
8.225045e+002,7.017085e+001
8.229867e+002,7.016319e+001
8.234688e+002,7.015630e+001
8.239509e+002,7.015033e+001
8.244330e+002,7.014529e+001
8.249152e+002,7.014095e+001
8.253973e+002,7.013676e+001
8.258794e+002,7.013194e+001
8.263616e+002,7.012576e+001
8.268437e+002,7.011762e+001
8.273258e+002,7.010741e+001
8.278079e+002,7.009544e+001
8.282900e+002,7.008238e+001
8.287722e+002,7.006916e+001
8.292543e+002,7.005663e+001
8.297365e+002,7.004559e+001
8.302185e+002,7.003649e+001
8.307007e+002,7.002962e+001
8.311828e+002,7.002497e+001
8.316649e+002,7.002235e+001
8.321470e+002,7.002126e+001
8.326292e+002,7.002098e+001
8.331113e+002,7.002060e+001
8.335934e+002,7.001916e+001
8.340756e+002,7.001585e+001
8.345577e+002,7.001015e+001
8.350398e+002,7.000200e+001
8.355219e+002,6.999181e+001
8.360040e+002,6.998019e+001
8.364862e+002,6.996795e+001
8.369683e+002,6.995579e+001
8.374504e+002,6.994432e+001
8.379325e+002,6.993394e+001
8.384147e+002,6.992491e+001
8.388968e+002,6.991729e+001
8.393789e+002,6.991104e+001
8.398610e+002,6.990588e+001
8.403431e+002,6.990131e+001
8.408253e+002,6.989677e+001
8.413074e+002,6.989153e+001
8.417896e+002,6.988518e+001
8.422717e+002,6.987752e+001
8.427538e+002,6.986881e+001
8.432359e+002,6.985961e+001
8.437180e+002,6.985060e+001
8.442002e+002,6.984232e+001
8.446823e+002,6.983515e+001
8.451644e+002,6.982911e+001
8.456465e+002,6.982399e+001
8.461287e+002,6.981952e+001
8.466108e+002,6.981544e+001
8.470929e+002,6.981160e+001
8.475751e+002,6.980789e+001
8.480571e+002,6.980420e+001
8.485393e+002,6.980030e+001
8.490214e+002,6.979597e+001
8.495035e+002,6.979091e+001
8.499857e+002,6.978501e+001
8.504678e+002,6.977833e+001
8.509499e+002,6.977106e+001
8.514320e+002,6.976344e+001
8.519142e+002,6.975573e+001
8.523962e+002,6.974789e+001
8.528784e+002,6.973981e+001
8.533605e+002,6.973120e+001
8.538427e+002,6.972188e+001
8.543248e+002,6.971184e+001
8.548069e+002,6.970126e+001
8.552891e+002,6.969052e+001
8.557711e+002,6.968007e+001
8.562533e+002,6.967032e+001
8.567354e+002,6.966152e+001
8.572175e+002,6.965381e+001
8.576996e+002,6.964719e+001
8.581818e+002,6.964153e+001
8.586639e+002,6.963672e+001
8.591460e+002,6.963249e+001
8.596282e+002,6.962850e+001
8.601102e+002,6.962437e+001
8.605924e+002,6.961971e+001
8.610745e+002,6.961426e+001
8.615566e+002,6.960788e+001
8.620388e+002,6.960072e+001
8.625209e+002,6.959306e+001
8.630031e+002,6.958521e+001
8.634851e+002,6.957730e+001
8.639673e+002,6.956936e+001
8.644494e+002,6.956118e+001
8.649315e+002,6.955248e+001
8.654136e+002,6.954313e+001
8.658958e+002,6.953315e+001
8.663779e+002,6.952286e+001
8.668600e+002,6.951275e+001
8.673422e+002,6.950336e+001
8.678242e+002,6.949519e+001
8.683064e+002,6.948849e+001
8.687885e+002,6.948341e+001
8.692706e+002,6.947986e+001
8.697527e+002,6.947764e+001
8.702349e+002,6.947646e+001
8.707170e+002,6.947588e+001
8.711991e+002,6.947539e+001
8.716813e+002,6.947436e+001
8.721634e+002,6.947221e+001
8.726455e+002,6.946841e+001
8.731276e+002,6.946267e+001
8.736097e+002,6.945495e+001
8.740919e+002,6.944547e+001
8.745740e+002,6.943464e+001
8.750562e+002,6.942289e+001
8.755382e+002,6.941068e+001
8.760204e+002,6.939837e+001
8.765025e+002,6.938626e+001
8.769846e+002,6.937469e+001
8.774668e+002,6.936396e+001
8.779489e+002,6.935441e+001
8.784310e+002,6.934621e+001
8.789131e+002,6.933949e+001
8.793953e+002,6.933411e+001
8.798774e+002,6.932985e+001
8.803595e+002,6.932641e+001
8.808416e+002,6.932348e+001
8.813237e+002,6.932088e+001
8.818059e+002,6.931848e+001
8.822880e+002,6.931625e+001
8.827701e+002,6.931413e+001
8.832523e+002,6.931208e+001
8.837344e+002,6.931007e+001
8.842165e+002,6.930807e+001
8.846986e+002,6.930611e+001
8.851808e+002,6.930429e+001
8.856628e+002,6.930260e+001
8.861450e+002,6.930102e+001
8.866271e+002,6.929930e+001
8.871093e+002,6.929718e+001
8.875914e+002,6.929433e+001
8.880735e+002,6.929056e+001
8.885556e+002,6.928590e+001
8.890377e+002,6.928053e+001
8.895199e+002,6.927482e+001
8.900020e+002,6.926903e+001
8.904841e+002,6.926326e+001
8.909662e+002,6.925739e+001
8.914484e+002,6.925116e+001
8.919305e+002,6.924426e+001
8.924126e+002,6.923655e+001
8.928948e+002,6.922805e+001
8.933768e+002,6.921903e+001
8.938590e+002,6.920982e+001
8.943411e+002,6.920063e+001
8.948232e+002,6.919159e+001
8.953054e+002,6.918263e+001
8.957875e+002,6.917369e+001
8.962697e+002,6.916474e+001
8.967517e+002,6.915597e+001
8.972339e+002,6.914772e+001
8.977159e+002,6.914034e+001
8.981981e+002,6.913417e+001
8.986802e+002,6.912925e+001
8.991624e+002,6.912542e+001
8.996445e+002,6.912230e+001
9.001266e+002,6.911942e+001
9.006088e+002,6.911626e+001
9.010908e+002,6.911247e+001
9.015730e+002,6.910774e+001
9.020551e+002,6.910192e+001
9.025372e+002,6.909500e+001
9.030193e+002,6.908710e+001
9.035015e+002,6.907859e+001
9.039836e+002,6.906994e+001
9.044657e+002,6.906179e+001
9.049479e+002,6.905473e+001
9.054299e+002,6.904912e+001
9.059121e+002,6.904504e+001
9.063942e+002,6.904218e+001
9.068763e+002,6.904001e+001
9.073585e+002,6.903787e+001
9.078406e+002,6.903531e+001
9.083228e+002,6.903199e+001
9.088048e+002,6.902794e+001
9.092870e+002,6.902332e+001
9.097691e+002,6.901827e+001
9.102512e+002,6.901299e+001
9.107333e+002,6.900748e+001
9.112155e+002,6.900173e+001
9.116976e+002,6.899586e+001
9.121797e+002,6.898999e+001
9.126619e+002,6.898438e+001
9.131440e+002,6.897923e+001
9.136261e+002,6.897459e+001
9.141082e+002,6.897035e+001
9.145903e+002,6.896617e+001
9.150724e+002,6.896167e+001
9.155546e+002,6.895644e+001
9.160367e+002,6.895027e+001
9.165189e+002,6.894315e+001
9.170010e+002,6.893520e+001
9.174831e+002,6.892661e+001
9.179652e+002,6.891763e+001
9.184473e+002,6.890850e+001
9.189294e+002,6.889951e+001
9.194116e+002,6.889101e+001
9.198937e+002,6.888343e+001
9.203759e+002,6.887725e+001
9.208580e+002,6.887273e+001
9.213401e+002,6.886990e+001
9.218222e+002,6.886843e+001
9.223043e+002,6.886768e+001
9.227864e+002,6.886684e+001
9.232686e+002,6.886511e+001
9.237507e+002,6.886189e+001
9.242328e+002,6.885686e+001
9.247150e+002,6.885010e+001
9.251971e+002,6.884182e+001
9.256792e+002,6.883249e+001
9.261613e+002,6.882263e+001
9.266434e+002,6.881287e+001
9.271255e+002,6.880372e+001
9.276077e+002,6.879568e+001
9.280898e+002,6.878908e+001
9.285720e+002,6.878391e+001
9.290541e+002,6.878001e+001
9.295362e+002,6.877679e+001
9.300183e+002,6.877369e+001
9.305004e+002,6.877010e+001
9.309826e+002,6.876571e+001
9.314647e+002,6.876047e+001
9.319468e+002,6.875462e+001
9.324290e+002,6.874849e+001
9.329111e+002,6.874228e+001
9.333932e+002,6.873600e+001
9.338753e+002,6.872944e+001
9.343574e+002,6.872221e+001
9.348396e+002,6.871397e+001
9.353217e+002,6.870462e+001
9.358038e+002,6.869423e+001
9.362859e+002,6.868320e+001
9.367681e+002,6.867204e+001
9.372502e+002,6.866121e+001
9.377323e+002,6.865115e+001
9.382144e+002,6.864208e+001
9.386966e+002,6.863416e+001
9.391787e+002,6.862736e+001
9.396608e+002,6.862165e+001
9.401429e+002,6.861681e+001
9.406251e+002,6.861256e+001
9.411072e+002,6.860851e+001
9.415893e+002,6.860432e+001
9.420714e+002,6.859971e+001
9.425536e+002,6.859460e+001
9.430357e+002,6.858910e+001
9.435178e+002,6.858349e+001
9.439999e+002,6.857797e+001
9.444821e+002,6.857265e+001
9.449642e+002,6.856737e+001
9.454463e+002,6.856181e+001
9.459284e+002,6.855558e+001
9.464106e+002,6.854842e+001
9.468927e+002,6.854028e+001
9.473748e+002,6.853143e+001
9.478569e+002,6.852243e+001
9.483391e+002,6.851385e+001
9.488212e+002,6.850623e+001
9.493033e+002,6.849993e+001
9.497855e+002,6.849502e+001
9.502676e+002,6.849141e+001
9.507497e+002,6.848880e+001
9.512318e+002,6.848678e+001
9.517139e+002,6.848486e+001
9.521960e+002,6.848256e+001
9.526782e+002,6.847939e+001
9.531603e+002,6.847496e+001
9.536425e+002,6.846914e+001
9.541246e+002,6.846202e+001
9.546067e+002,6.845391e+001
9.550888e+002,6.844535e+001
9.555709e+002,6.843682e+001
9.560530e+002,6.842873e+001
9.565352e+002,6.842119e+001
9.570173e+002,6.841419e+001
9.574995e+002,6.840752e+001
9.579816e+002,6.840104e+001
9.584637e+002,6.839467e+001
9.589458e+002,6.838847e+001
9.594279e+002,6.838257e+001
9.599100e+002,6.837704e+001
9.603922e+002,6.837182e+001
9.608743e+002,6.836674e+001
9.613564e+002,6.836160e+001
9.618386e+002,6.835615e+001
9.623207e+002,6.835028e+001
9.628028e+002,6.834408e+001
9.632849e+002,6.833765e+001
9.637670e+002,6.833116e+001
9.642491e+002,6.832473e+001
9.647313e+002,6.831834e+001
9.652134e+002,6.831189e+001
9.656956e+002,6.830535e+001
9.661777e+002,6.829868e+001
9.666598e+002,6.829197e+001
9.671419e+002,6.828536e+001
9.676240e+002,6.827900e+001
9.681061e+002,6.827300e+001
9.685883e+002,6.826741e+001
9.690704e+002,6.826223e+001
9.695526e+002,6.825743e+001
9.700347e+002,6.825294e+001
9.705168e+002,6.824872e+001
9.709989e+002,6.824454e+001
9.714810e+002,6.824020e+001
9.719631e+002,6.823538e+001
9.724453e+002,6.822977e+001
9.729274e+002,6.822326e+001
9.734095e+002,6.821585e+001
9.738917e+002,6.820786e+001
9.743738e+002,6.819978e+001
9.748559e+002,6.819212e+001
9.753380e+002,6.818526e+001
9.758201e+002,6.817936e+001
9.763023e+002,6.817435e+001
9.767844e+002,6.816998e+001
9.772665e+002,6.816584e+001
9.777487e+002,6.816164e+001
9.782308e+002,6.815719e+001
9.787129e+002,6.815237e+001
9.791950e+002,6.814711e+001
9.796771e+002,6.814140e+001
9.801593e+002,6.813524e+001
9.806414e+002,6.812871e+001
9.811235e+002,6.812193e+001
9.816057e+002,6.811517e+001
9.820878e+002,6.810869e+001
9.825699e+002,6.810268e+001
9.830520e+002,6.809720e+001
9.835342e+002,6.809211e+001
9.840163e+002,6.808714e+001
9.844984e+002,6.808198e+001
9.849805e+002,6.807644e+001
9.854626e+002,6.807051e+001
9.859448e+002,6.806435e+001
9.864269e+002,6.805824e+001
9.869090e+002,6.805242e+001
9.873912e+002,6.804707e+001
9.878733e+002,6.804208e+001
9.883554e+002,6.803730e+001
9.888375e+002,6.803249e+001
9.893196e+002,6.802750e+001
9.898018e+002,6.802227e+001
9.902839e+002,6.801685e+001
9.907660e+002,6.801132e+001
9.912482e+002,6.800580e+001
9.917303e+002,6.800030e+001
9.922124e+002,6.799477e+001
9.926945e+002,6.798917e+001
9.931766e+002,6.798339e+001
9.936588e+002,6.797733e+001
9.941409e+002,6.797089e+001
9.946230e+002,6.796397e+001
9.951052e+002,6.795653e+001
9.955873e+002,6.794860e+001
9.960694e+002,6.794038e+001
9.965515e+002,6.793228e+001
9.970336e+002,6.792477e+001
9.975157e+002,6.791834e+001
9.979979e+002,6.791333e+001
9.984800e+002,6.790970e+001
9.989622e+002,6.790714e+001
9.994443e+002,6.790501e+001
9.999264e+002,6.790256e+001
1.000409e+003,6.789922e+001
1.000891e+003,6.789462e+001
1.001373e+003,6.788878e+001
1.001855e+003,6.788200e+001
1.002337e+003,6.787466e+001
1.002819e+003,6.786713e+001
1.003301e+003,6.785970e+001
1.003783e+003,6.785249e+001
1.004266e+003,6.784557e+001
1.004748e+003,6.783890e+001
1.005230e+003,6.783253e+001
1.005712e+003,6.782645e+001
1.006194e+003,6.782062e+001
1.006676e+003,6.781495e+001
1.007158e+003,6.780930e+001
1.007640e+003,6.780356e+001
1.008122e+003,6.779765e+001
1.008605e+003,6.779161e+001
1.009087e+003,6.778556e+001
1.009569e+003,6.777963e+001
1.010051e+003,6.777391e+001
1.010533e+003,6.776829e+001
1.011015e+003,6.776264e+001
1.011497e+003,6.775677e+001
1.011979e+003,6.775053e+001
1.012462e+003,6.774396e+001
1.012944e+003,6.773721e+001
1.013426e+003,6.773050e+001
1.013908e+003,6.772400e+001
1.014390e+003,6.771775e+001
1.014872e+003,6.771157e+001
1.015354e+003,6.770519e+001
1.015836e+003,6.769836e+001
1.016319e+003,6.769080e+001
1.016801e+003,6.768250e+001
1.017283e+003,6.767358e+001
1.017765e+003,6.766422e+001
1.018247e+003,6.765468e+001
1.018729e+003,6.764520e+001
1.019211e+003,6.763602e+001
1.019693e+003,6.762733e+001
1.020176e+003,6.761928e+001
1.020658e+003,6.761195e+001
1.021140e+003,6.760529e+001
1.021622e+003,6.759904e+001
1.022104e+003,6.759285e+001
1.022586e+003,6.758614e+001
1.023068e+003,6.757848e+001
1.023550e+003,6.756950e+001
1.024033e+003,6.755920e+001
1.024515e+003,6.754779e+001
1.024997e+003,6.753578e+001
1.025479e+003,6.752370e+001
1.025961e+003,6.751208e+001
1.026443e+003,6.750128e+001
1.026925e+003,6.749149e+001
1.027407e+003,6.748276e+001
1.027890e+003,6.747497e+001
1.028372e+003,6.746798e+001
1.028854e+003,6.746158e+001
1.029336e+003,6.745551e+001
1.029818e+003,6.744949e+001
1.030300e+003,6.744329e+001
1.030782e+003,6.743677e+001
1.031264e+003,6.742988e+001
1.031747e+003,6.742278e+001
1.032229e+003,6.741568e+001
1.032711e+003,6.740882e+001
1.033193e+003,6.740231e+001
1.033675e+003,6.739610e+001
1.034157e+003,6.738992e+001
1.034639e+003,6.738351e+001
1.035121e+003,6.737652e+001
1.035604e+003,6.736869e+001
1.036086e+003,6.735996e+001
1.036568e+003,6.735032e+001
1.037050e+003,6.733981e+001
1.037532e+003,6.732851e+001
1.038014e+003,6.731653e+001
1.038496e+003,6.730402e+001
1.038979e+003,6.729114e+001
1.039461e+003,6.727821e+001
1.039943e+003,6.726557e+001
1.040425e+003,6.725357e+001
1.040907e+003,6.724239e+001
1.041389e+003,6.723211e+001
1.041871e+003,6.722263e+001
1.042353e+003,6.721378e+001
1.042835e+003,6.720528e+001
1.043318e+003,6.719695e+001
1.043800e+003,6.718864e+001
1.044282e+003,6.718021e+001
1.044764e+003,6.717159e+001
1.045246e+003,6.716266e+001
1.045728e+003,6.715331e+001
1.046210e+003,6.714349e+001
1.046692e+003,6.713327e+001
1.047175e+003,6.712277e+001
1.047657e+003,6.711219e+001
1.048139e+003,6.710171e+001
1.048621e+003,6.709138e+001
1.049103e+003,6.708122e+001
1.049585e+003,6.707114e+001
1.050067e+003,6.706108e+001
1.050549e+003,6.705097e+001
1.051031e+003,6.704086e+001
1.051514e+003,6.703093e+001
1.051996e+003,6.702119e+001
1.052478e+003,6.701166e+001
1.052960e+003,6.700220e+001
1.053442e+003,6.699263e+001
1.053924e+003,6.698275e+001
1.054406e+003,6.697250e+001
1.054889e+003,6.696190e+001
1.055371e+003,6.695108e+001
1.055853e+003,6.694021e+001
1.056335e+003,6.692929e+001
1.056817e+003,6.691822e+001
1.057299e+003,6.690681e+001
1.057781e+003,6.689487e+001
1.058263e+003,6.688234e+001
1.058746e+003,6.686939e+001
1.059228e+003,6.685635e+001
1.059710e+003,6.684361e+001
1.060192e+003,6.683142e+001
1.060674e+003,6.681989e+001
1.061156e+003,6.680879e+001
1.061638e+003,6.679780e+001
1.062120e+003,6.678651e+001
1.062603e+003,6.677457e+001
1.063085e+003,6.676186e+001
1.063567e+003,6.674836e+001
1.064049e+003,6.673421e+001
1.064531e+003,6.671962e+001
1.065013e+003,6.670479e+001
1.065495e+003,6.668994e+001
1.065977e+003,6.667529e+001
1.066460e+003,6.666109e+001
1.066942e+003,6.664760e+001
1.067424e+003,6.663493e+001
1.067906e+003,6.662309e+001
1.068388e+003,6.661192e+001
1.068870e+003,6.660111e+001
1.069352e+003,6.659035e+001
1.069834e+003,6.657940e+001
1.070317e+003,6.656821e+001
1.070799e+003,6.655691e+001
1.071281e+003,6.654572e+001
1.071763e+003,6.653488e+001
1.072245e+003,6.652456e+001
1.072727e+003,6.651466e+001
1.073209e+003,6.650495e+001
1.073691e+003,6.649509e+001
1.074174e+003,6.648466e+001
1.074656e+003,6.647321e+001
1.075138e+003,6.646046e+001
1.075620e+003,6.644614e+001
1.076102e+003,6.643013e+001
1.076584e+003,6.641248e+001
1.077066e+003,6.639345e+001
1.077548e+003,6.637350e+001
1.078031e+003,6.635319e+001
1.078513e+003,6.633311e+001
1.078995e+003,6.631374e+001
1.079477e+003,6.629533e+001
1.079959e+003,6.627782e+001
1.080441e+003,6.626095e+001
1.080923e+003,6.624430e+001
1.081406e+003,6.622751e+001
1.081888e+003,6.621027e+001
1.082370e+003,6.619246e+001
1.082852e+003,6.617404e+001
1.083334e+003,6.615501e+001
1.083816e+003,6.613533e+001
1.084298e+003,6.611494e+001
1.084780e+003,6.609382e+001
1.085262e+003,6.607196e+001
1.085745e+003,6.604948e+001
1.086227e+003,6.602657e+001
1.086709e+003,6.600340e+001
1.087191e+003,6.598012e+001
1.087673e+003,6.595676e+001
1.088155e+003,6.593328e+001
1.088637e+003,6.590968e+001
1.089119e+003,6.588605e+001
1.089602e+003,6.586253e+001
1.090084e+003,6.583942e+001
1.090566e+003,6.581698e+001
1.091048e+003,6.579530e+001
1.091530e+003,6.577431e+001
1.092012e+003,6.575374e+001
1.092494e+003,6.573322e+001
1.092976e+003,6.571238e+001
1.093458e+003,6.569107e+001
1.093941e+003,6.566933e+001
1.094423e+003,6.564742e+001
1.094905e+003,6.562569e+001
1.095387e+003,6.560456e+001
1.095869e+003,6.558439e+001
1.096351e+003,6.556542e+001
1.096833e+003,6.554782e+001
1.097316e+003,6.553163e+001
1.097798e+003,6.551681e+001
1.098280e+003,6.550320e+001
1.098762e+003,6.549056e+001
1.099244e+003,6.547860e+001
1.099726e+003,6.546692e+001
1.100208e+003,6.545528e+001
1.100690e+003,6.544350e+001
1.101173e+003,6.543160e+001
1.101655e+003,6.541971e+001
1.102137e+003,6.540808e+001
1.102619e+003,6.539693e+001
1.103101e+003,6.538645e+001
1.103583e+003,6.537669e+001
1.104065e+003,6.536771e+001
1.104547e+003,6.535945e+001
1.105030e+003,6.535188e+001
1.105512e+003,6.534493e+001
1.105994e+003,6.533850e+001
1.106476e+003,6.533237e+001
1.106958e+003,6.532635e+001
1.107440e+003,6.532016e+001
1.107922e+003,6.531365e+001
1.108404e+003,6.530679e+001
1.108886e+003,6.529973e+001
1.109369e+003,6.529272e+001
1.109851e+003,6.528611e+001
1.110333e+003,6.528009e+001
1.110815e+003,6.527477e+001
1.111297e+003,6.527000e+001
1.111779e+003,6.526554e+001
1.112261e+003,6.526106e+001
1.112744e+003,6.525626e+001
1.113226e+003,6.525092e+001
1.113708e+003,6.524491e+001
1.114190e+003,6.523824e+001
1.114672e+003,6.523098e+001
1.115154e+003,6.522327e+001
1.115636e+003,6.521537e+001
1.116118e+003,6.520752e+001
1.116601e+003,6.520004e+001
1.117083e+003,6.519317e+001
1.117565e+003,6.518694e+001
1.118047e+003,6.518123e+001
1.118529e+003,6.517570e+001
1.119011e+003,6.516994e+001
1.119493e+003,6.516361e+001
1.119975e+003,6.515646e+001
1.120458e+003,6.514857e+001
1.120940e+003,6.514030e+001
1.121422e+003,6.513212e+001
1.121904e+003,6.512450e+001
1.122386e+003,6.511782e+001
1.122868e+003,6.511215e+001
1.123350e+003,6.510736e+001
1.123832e+003,6.510313e+001
1.124314e+003,6.509906e+001
1.124797e+003,6.509470e+001
1.125279e+003,6.508969e+001
1.125761e+003,6.508380e+001
1.126243e+003,6.507694e+001
1.126725e+003,6.506913e+001
1.127207e+003,6.506069e+001
1.127689e+003,6.505195e+001
1.128172e+003,6.504343e+001
1.128654e+003,6.503559e+001
1.129136e+003,6.502877e+001
1.129618e+003,6.502303e+001
1.130100e+003,6.501820e+001
1.130582e+003,6.501381e+001
1.131064e+003,6.500938e+001
1.131546e+003,6.500448e+001
1.132029e+003,6.499886e+001
1.132511e+003,6.499252e+001
1.132993e+003,6.498568e+001
1.133475e+003,6.497867e+001
1.133957e+003,6.497186e+001
1.134439e+003,6.496546e+001
1.134921e+003,6.495965e+001
1.135403e+003,6.495444e+001
1.135885e+003,6.494986e+001
1.136368e+003,6.494586e+001
1.136850e+003,6.494241e+001
1.137332e+003,6.493942e+001
1.137814e+003,6.493679e+001
1.138296e+003,6.493437e+001
1.138778e+003,6.493195e+001
1.139260e+003,6.492938e+001
1.139742e+003,6.492651e+001
1.140225e+003,6.492329e+001
1.140707e+003,6.491969e+001
1.141189e+003,6.491572e+001
1.141671e+003,6.491136e+001
1.142153e+003,6.490665e+001
1.142635e+003,6.490161e+001
1.143117e+003,6.489635e+001
1.143599e+003,6.489100e+001
1.144082e+003,6.488579e+001
1.144564e+003,6.488095e+001
1.145046e+003,6.487667e+001
1.145528e+003,6.487303e+001
1.146010e+003,6.487010e+001
1.146492e+003,6.486784e+001
1.146974e+003,6.486622e+001
1.147457e+003,6.486518e+001
1.147939e+003,6.486473e+001
1.148421e+003,6.486479e+001
1.148903e+003,6.486526e+001
1.149385e+003,6.486602e+001
1.149867e+003,6.486686e+001
1.150349e+003,6.486759e+001
1.150831e+003,6.486821e+001
1.151313e+003,6.486877e+001
1.151796e+003,6.486948e+001
1.152278e+003,6.487064e+001
1.152760e+003,6.487253e+001
1.153242e+003,6.487537e+001
1.153724e+003,6.487923e+001
1.154206e+003,6.488408e+001
1.154688e+003,6.488978e+001
1.155170e+003,6.489613e+001
1.155653e+003,6.490301e+001
1.156135e+003,6.491022e+001
1.156617e+003,6.491770e+001
1.157099e+003,6.492541e+001
1.157581e+003,6.493327e+001
1.158063e+003,6.494130e+001
1.158545e+003,6.494952e+001
1.159027e+003,6.495796e+001
1.159510e+003,6.496659e+001
1.159992e+003,6.497536e+001
1.160474e+003,6.498412e+001
1.160956e+003,6.499265e+001
1.161438e+003,6.500078e+001
1.161920e+003,6.500837e+001
1.162402e+003,6.501539e+001
1.162885e+003,6.502201e+001
1.163367e+003,6.502848e+001
1.163849e+003,6.503510e+001
1.164331e+003,6.504208e+001
1.164813e+003,6.504960e+001
1.165295e+003,6.505769e+001
1.165777e+003,6.506630e+001
1.166259e+003,6.507537e+001
1.166741e+003,6.508484e+001
1.167224e+003,6.509468e+001
1.167706e+003,6.510487e+001
1.168188e+003,6.511533e+001
1.168670e+003,6.512589e+001
1.169152e+003,6.513640e+001
1.169634e+003,6.514667e+001
1.170116e+003,6.515659e+001
1.170598e+003,6.516615e+001
1.171081e+003,6.517542e+001
1.171563e+003,6.518451e+001
1.172045e+003,6.519349e+001
1.172527e+003,6.520232e+001
1.173009e+003,6.521098e+001
1.173491e+003,6.521930e+001
1.173973e+003,6.522721e+001
1.174455e+003,6.523470e+001
1.174938e+003,6.524193e+001
1.175420e+003,6.524903e+001
1.175902e+003,6.525623e+001
1.176384e+003,6.526371e+001
1.176866e+003,6.527151e+001
1.177348e+003,6.527965e+001
1.177830e+003,6.528813e+001
1.178313e+003,6.529691e+001
1.178795e+003,6.530599e+001
1.179277e+003,6.531535e+001
1.179759e+003,6.532495e+001
1.180241e+003,6.533466e+001
1.180723e+003,6.534427e+001
1.181205e+003,6.535360e+001
1.181687e+003,6.536243e+001
1.182169e+003,6.537063e+001
1.182652e+003,6.537813e+001
1.183134e+003,6.538490e+001
1.183616e+003,6.539095e+001
1.184098e+003,6.539625e+001
1.184580e+003,6.540079e+001
1.185062e+003,6.540463e+001
1.185544e+003,6.540788e+001
1.186026e+003,6.541076e+001
1.186509e+003,6.541353e+001
1.186991e+003,6.541644e+001
1.187473e+003,6.541962e+001
1.187955e+003,6.542311e+001
1.188437e+003,6.542673e+001
1.188919e+003,6.543027e+001
1.189401e+003,6.543352e+001
1.189883e+003,6.543633e+001
1.190366e+003,6.543864e+001
1.190848e+003,6.544050e+001
1.191330e+003,6.544202e+001
1.191812e+003,6.544334e+001
1.192294e+003,6.544453e+001
1.192776e+003,6.544567e+001
1.193258e+003,6.544689e+001
1.193740e+003,6.544831e+001
1.194223e+003,6.545006e+001
1.194705e+003,6.545216e+001
1.195187e+003,6.545451e+001
1.195669e+003,6.545689e+001
1.196151e+003,6.545899e+001
1.196633e+003,6.546041e+001
1.197115e+003,6.546088e+001
1.197597e+003,6.546024e+001
1.198080e+003,6.545863e+001
1.198562e+003,6.545622e+001
1.199044e+003,6.545332e+001
1.199526e+003,6.545024e+001
1.200008e+003,6.544715e+001
1.200490e+003,6.544418e+001
1.200972e+003,6.544135e+001
1.201454e+003,6.543864e+001
1.201937e+003,6.543604e+001
1.202419e+003,6.543346e+001
1.202901e+003,6.543082e+001
1.203383e+003,6.542799e+001
1.203865e+003,6.542477e+001
1.204347e+003,6.542104e+001
1.204829e+003,6.541674e+001
1.205312e+003,6.541190e+001
1.205794e+003,6.540666e+001
1.206276e+003,6.540125e+001
1.206758e+003,6.539586e+001
1.207240e+003,6.539066e+001
1.207722e+003,6.538580e+001
1.208204e+003,6.538132e+001
1.208686e+003,6.537730e+001
1.209168e+003,6.537372e+001
1.209651e+003,6.537061e+001
1.210133e+003,6.536787e+001
1.210615e+003,6.536537e+001
1.211097e+003,6.536289e+001
1.211579e+003,6.536018e+001
1.212061e+003,6.535705e+001
1.212543e+003,6.535338e+001
1.213025e+003,6.534920e+001
1.213508e+003,6.534468e+001
1.213990e+003,6.534002e+001
1.214472e+003,6.533534e+001
1.214954e+003,6.533075e+001
1.215436e+003,6.532619e+001
1.215918e+003,6.532161e+001
1.216400e+003,6.531699e+001
1.216882e+003,6.531233e+001
1.217365e+003,6.530778e+001
1.217847e+003,6.530344e+001
1.218329e+003,6.529940e+001
1.218811e+003,6.529565e+001
1.219293e+003,6.529204e+001
1.219775e+003,6.528838e+001
1.220257e+003,6.528447e+001
1.220740e+003,6.528019e+001
1.221222e+003,6.527559e+001
1.221704e+003,6.527064e+001
1.222186e+003,6.526548e+001
1.222668e+003,6.526013e+001
1.223150e+003,6.525464e+001
1.223632e+003,6.524902e+001
1.224114e+003,6.524332e+001
1.224596e+003,6.523769e+001
1.225079e+003,6.523225e+001
1.225561e+003,6.522723e+001
1.226043e+003,6.522266e+001
1.226525e+003,6.521857e+001
1.227007e+003,6.521483e+001
1.227489e+003,6.521119e+001
1.227971e+003,6.520747e+001
1.228453e+003,6.520357e+001
1.228936e+003,6.519947e+001
1.229418e+003,6.519529e+001
1.229900e+003,6.519115e+001
1.230382e+003,6.518713e+001
1.230864e+003,6.518324e+001
1.231346e+003,6.517948e+001
1.231828e+003,6.517575e+001
1.232310e+003,6.517202e+001
1.232792e+003,6.516821e+001
1.233275e+003,6.516434e+001
1.233757e+003,6.516039e+001
1.234239e+003,6.515630e+001
1.234721e+003,6.515201e+001
1.235203e+003,6.514747e+001
1.235685e+003,6.514268e+001
1.236167e+003,6.513771e+001
1.236650e+003,6.513270e+001
1.237132e+003,6.512776e+001
1.237614e+003,6.512299e+001
1.238096e+003,6.511835e+001
1.238578e+003,6.511377e+001
1.239060e+003,6.510914e+001
1.239542e+003,6.510440e+001
1.240024e+003,6.509959e+001
1.240507e+003,6.509483e+001
1.240989e+003,6.509030e+001
1.241471e+003,6.508613e+001
1.241953e+003,6.508237e+001
1.242435e+003,6.507895e+001
1.242917e+003,6.507574e+001
1.243399e+003,6.507259e+001
1.243881e+003,6.506941e+001
1.244364e+003,6.506622e+001
1.244846e+003,6.506303e+001
1.245328e+003,6.505988e+001
1.245810e+003,6.505679e+001
1.246292e+003,6.505365e+001
1.246774e+003,6.505032e+001
1.247256e+003,6.504657e+001
1.247738e+003,6.504230e+001
1.248220e+003,6.503744e+001
1.248703e+003,6.503201e+001
1.249185e+003,6.502611e+001
1.249667e+003,6.501985e+001
1.250149e+003,6.501337e+001
1.250631e+003,6.500688e+001
1.251113e+003,6.500056e+001
1.251595e+003,6.499464e+001
1.252078e+003,6.498935e+001
1.252560e+003,6.498486e+001
1.253042e+003,6.498120e+001
1.253524e+003,6.497828e+001
1.254006e+003,6.497578e+001
1.254488e+003,6.497343e+001
1.254970e+003,6.497090e+001
1.255452e+003,6.496794e+001
1.255935e+003,6.496447e+001
1.256417e+003,6.496050e+001
1.256899e+003,6.495613e+001
1.257381e+003,6.495148e+001
1.257863e+003,6.494666e+001
1.258345e+003,6.494183e+001
1.258827e+003,6.493716e+001
1.259309e+003,6.493289e+001
1.259792e+003,6.492925e+001
1.260274e+003,6.492644e+001
1.260756e+003,6.492448e+001
1.261238e+003,6.492326e+001
1.261720e+003,6.492247e+001
1.262202e+003,6.492163e+001
1.262684e+003,6.492032e+001
1.263166e+003,6.491817e+001
1.263648e+003,6.491500e+001
1.264131e+003,6.491080e+001
1.264613e+003,6.490568e+001
1.265095e+003,6.489987e+001
1.265577e+003,6.489349e+001
1.266059e+003,6.488676e+001
1.266541e+003,6.487982e+001
1.267023e+003,6.487279e+001
1.267505e+003,6.486575e+001
1.267988e+003,6.485879e+001
1.268470e+003,6.485191e+001
1.268952e+003,6.484510e+001
1.269434e+003,6.483828e+001
1.269916e+003,6.483144e+001
1.270398e+003,6.482455e+001
1.270880e+003,6.481772e+001
1.271363e+003,6.481110e+001
1.271845e+003,6.480482e+001
1.272327e+003,6.479898e+001
1.272809e+003,6.479359e+001
1.273291e+003,6.478851e+001
1.273773e+003,6.478365e+001
1.274255e+003,6.477880e+001
1.274737e+003,6.477387e+001
1.275219e+003,6.476886e+001
1.275702e+003,6.476374e+001
1.276184e+003,6.475855e+001
1.276666e+003,6.475333e+001
1.277148e+003,6.474803e+001
1.277630e+003,6.474262e+001
1.278112e+003,6.473710e+001
1.278594e+003,6.473148e+001
1.279076e+003,6.472578e+001
1.279559e+003,6.472006e+001
1.280041e+003,6.471434e+001
1.280523e+003,6.470856e+001
1.281005e+003,6.470267e+001
1.281487e+003,6.469662e+001
1.281969e+003,6.469043e+001
1.282451e+003,6.468417e+001
1.282933e+003,6.467796e+001
1.283416e+003,6.467189e+001
1.283898e+003,6.466596e+001
1.284380e+003,6.466004e+001
1.284862e+003,6.465398e+001
1.285344e+003,6.464754e+001
1.285826e+003,6.464069e+001
1.286308e+003,6.463346e+001
1.286791e+003,6.462606e+001
1.287273e+003,6.461880e+001
1.287755e+003,6.461191e+001
1.288237e+003,6.460553e+001
1.288719e+003,6.459961e+001
1.289201e+003,6.459401e+001
1.289683e+003,6.458852e+001
1.290165e+003,6.458305e+001
1.290647e+003,6.457753e+001
1.291130e+003,6.457207e+001
1.291612e+003,6.456673e+001
1.292094e+003,6.456158e+001
1.292576e+003,6.455654e+001
1.293058e+003,6.455151e+001
1.293540e+003,6.454630e+001
1.294022e+003,6.454069e+001
1.294504e+003,6.453464e+001
1.294987e+003,6.452809e+001
1.295469e+003,6.452108e+001
1.295951e+003,6.451372e+001
1.296433e+003,6.450608e+001
1.296915e+003,6.449831e+001
1.297397e+003,6.449055e+001
1.297879e+003,6.448296e+001
1.298361e+003,6.447572e+001
1.298844e+003,6.446892e+001
1.299326e+003,6.446253e+001
1.299808e+003,6.445648e+001
1.300290e+003,6.445052e+001
1.300772e+003,6.444434e+001
1.301254e+003,6.443771e+001
1.301736e+003,6.443047e+001
1.302219e+003,6.442268e+001
1.302701e+003,6.441444e+001
1.303183e+003,6.440601e+001
1.303665e+003,6.439759e+001
1.304147e+003,6.438937e+001
1.304629e+003,6.438147e+001
1.305111e+003,6.437390e+001
1.305593e+003,6.436671e+001
1.306075e+003,6.435986e+001
1.306558e+003,6.435332e+001
1.307040e+003,6.434703e+001
1.307522e+003,6.434084e+001
1.308004e+003,6.433461e+001
1.308486e+003,6.432816e+001
1.308968e+003,6.432140e+001
1.309450e+003,6.431429e+001
1.309932e+003,6.430687e+001
1.310415e+003,6.429928e+001
1.310897e+003,6.429160e+001
1.311379e+003,6.428394e+001
1.311861e+003,6.427628e+001
1.312343e+003,6.426863e+001
1.312825e+003,6.426096e+001
1.313307e+003,6.425322e+001
1.313789e+003,6.424543e+001
1.314272e+003,6.423761e+001
1.314754e+003,6.422976e+001
1.315236e+003,6.422185e+001
1.315718e+003,6.421388e+001
1.316200e+003,6.420591e+001
1.316682e+003,6.419804e+001
1.317164e+003,6.419050e+001
1.317646e+003,6.418361e+001
1.318129e+003,6.417766e+001
1.318611e+003,6.417281e+001
1.319093e+003,6.416901e+001
1.319575e+003,6.416604e+001
1.320057e+003,6.416350e+001
1.320539e+003,6.416096e+001
1.321021e+003,6.415802e+001
1.321503e+003,6.415444e+001
1.321986e+003,6.415012e+001
1.322468e+003,6.414505e+001
1.322950e+003,6.413931e+001
1.323432e+003,6.413300e+001
1.323914e+003,6.412630e+001
1.324396e+003,6.411939e+001
1.324878e+003,6.411248e+001
1.325360e+003,6.410580e+001
1.325843e+003,6.409951e+001
1.326325e+003,6.409371e+001
1.326807e+003,6.408837e+001
1.327289e+003,6.408335e+001
1.327771e+003,6.407847e+001
1.328253e+003,6.407355e+001
1.328735e+003,6.406848e+001
1.329218e+003,6.406322e+001
1.329700e+003,6.405781e+001
1.330182e+003,6.405227e+001
1.330664e+003,6.404662e+001
1.331146e+003,6.404078e+001
1.331628e+003,6.403469e+001
1.332110e+003,6.402829e+001
1.332592e+003,6.402154e+001
1.333074e+003,6.401445e+001
1.333557e+003,6.400706e+001
1.334039e+003,6.399940e+001
1.334521e+003,6.399141e+001
1.335003e+003,6.398301e+001
1.335485e+003,6.397412e+001
1.335967e+003,6.396471e+001
1.336449e+003,6.395479e+001
1.336931e+003,6.394459e+001
1.337414e+003,6.393435e+001
1.337896e+003,6.392436e+001
1.338378e+003,6.391483e+001
1.338860e+003,6.390590e+001
1.339342e+003,6.389760e+001
1.339824e+003,6.388988e+001
1.340306e+003,6.388266e+001
1.340788e+003,6.387589e+001
1.341271e+003,6.386948e+001
1.341753e+003,6.386331e+001
1.342235e+003,6.385726e+001
1.342717e+003,6.385114e+001
1.343199e+003,6.384477e+001
1.343681e+003,6.383808e+001
1.344163e+003,6.383105e+001
1.344646e+003,6.382379e+001
1.345128e+003,6.381642e+001
1.345610e+003,6.380915e+001
1.346092e+003,6.380206e+001
1.346574e+003,6.379520e+001
1.347056e+003,6.378856e+001
1.347538e+003,6.378209e+001
1.348020e+003,6.377578e+001
1.348502e+003,6.376969e+001
1.348985e+003,6.376384e+001
1.349467e+003,6.375822e+001
1.349949e+003,6.375270e+001
1.350431e+003,6.374711e+001
1.350913e+003,6.374113e+001
1.351395e+003,6.373452e+001
1.351877e+003,6.372710e+001
1.352359e+003,6.371886e+001
1.352842e+003,6.370986e+001
1.353324e+003,6.370036e+001
1.353806e+003,6.369056e+001
1.354288e+003,6.368073e+001
1.354770e+003,6.367106e+001
1.355252e+003,6.366167e+001
1.355734e+003,6.365263e+001
1.356216e+003,6.364396e+001
1.356698e+003,6.363560e+001
1.357181e+003,6.362740e+001
1.357663e+003,6.361914e+001
1.358145e+003,6.361053e+001
1.358627e+003,6.360127e+001
1.359109e+003,6.359115e+001
1.359591e+003,6.358008e+001
1.360073e+003,6.356819e+001
1.360556e+003,6.355581e+001
1.361038e+003,6.354345e+001
1.361520e+003,6.353167e+001
1.362002e+003,6.352106e+001
1.362484e+003,6.351196e+001
1.362966e+003,6.350448e+001
1.363448e+003,6.349844e+001
1.363930e+003,6.349337e+001
1.364413e+003,6.348868e+001
1.364895e+003,6.348375e+001
1.365377e+003,6.347804e+001
1.365859e+003,6.347120e+001
1.366341e+003,6.346306e+001
1.366823e+003,6.345374e+001
1.367305e+003,6.344355e+001
1.367787e+003,6.343295e+001
1.368270e+003,6.342242e+001
1.368752e+003,6.341232e+001
1.369234e+003,6.340280e+001
1.369716e+003,6.339374e+001
1.370198e+003,6.338480e+001
1.370680e+003,6.337562e+001
1.371162e+003,6.336587e+001
1.371644e+003,6.335546e+001
1.372126e+003,6.334451e+001
1.372609e+003,6.333332e+001
1.373091e+003,6.332230e+001
1.373573e+003,6.331189e+001
1.374055e+003,6.330239e+001
1.374537e+003,6.329393e+001
1.375019e+003,6.328634e+001
1.375501e+003,6.327933e+001
1.375984e+003,6.327248e+001
1.376466e+003,6.326538e+001
1.376948e+003,6.325776e+001
1.377430e+003,6.324942e+001
1.377912e+003,6.324040e+001
1.378394e+003,6.323089e+001
1.378876e+003,6.322125e+001
1.379358e+003,6.321191e+001
1.379841e+003,6.320328e+001
1.380323e+003,6.319563e+001
1.380805e+003,6.318901e+001
1.381287e+003,6.318326e+001
1.381769e+003,6.317806e+001
1.382251e+003,6.317304e+001
1.382733e+003,6.316779e+001
1.383215e+003,6.316203e+001
1.383698e+003,6.315560e+001
1.384180e+003,6.314838e+001
1.384662e+003,6.314036e+001
1.385144e+003,6.313161e+001
1.385626e+003,6.312222e+001
1.386108e+003,6.311243e+001
1.386590e+003,6.310262e+001
1.387072e+003,6.309324e+001
1.387554e+003,6.308477e+001
1.388037e+003,6.307754e+001
1.388519e+003,6.307162e+001
1.389001e+003,6.306682e+001
1.389483e+003,6.306281e+001
1.389965e+003,6.305915e+001
1.390447e+003,6.305543e+001
1.390929e+003,6.305133e+001
1.391411e+003,6.304660e+001
1.391894e+003,6.304104e+001
1.392376e+003,6.303453e+001
1.392858e+003,6.302703e+001
1.393340e+003,6.301860e+001
1.393822e+003,6.300946e+001
1.394304e+003,6.300002e+001
1.394786e+003,6.299074e+001
1.395269e+003,6.298206e+001
1.395751e+003,6.297433e+001
1.396233e+003,6.296764e+001
1.396715e+003,6.296190e+001
1.397197e+003,6.295701e+001
1.397679e+003,6.295282e+001
1.398161e+003,6.294926e+001
1.398643e+003,6.294633e+001
1.399125e+003,6.294389e+001
1.399608e+003,6.294176e+001
1.400090e+003,6.293964e+001
1.400572e+003,6.293713e+001
1.401054e+003,6.293392e+001
1.401536e+003,6.292982e+001
1.402018e+003,6.292485e+001
1.402500e+003,6.291923e+001
1.402982e+003,6.291332e+001
1.403465e+003,6.290761e+001
1.403947e+003,6.290254e+001
1.404429e+003,6.289839e+001
1.404911e+003,6.289529e+001
1.405393e+003,6.289309e+001
1.405875e+003,6.289153e+001
1.406357e+003,6.289021e+001
1.406839e+003,6.288888e+001
1.407322e+003,6.288726e+001
1.407804e+003,6.288529e+001
1.408286e+003,6.288294e+001
1.408768e+003,6.288028e+001
1.409250e+003,6.287744e+001
1.409732e+003,6.287462e+001
1.410214e+003,6.287199e+001
1.410697e+003,6.286966e+001
1.411179e+003,6.286766e+001
1.411661e+003,6.286599e+001
1.412143e+003,6.286447e+001
1.412625e+003,6.286297e+001
1.413107e+003,6.286133e+001
1.413589e+003,6.285946e+001
1.414071e+003,6.285732e+001
1.414553e+003,6.285490e+001
1.415036e+003,6.285223e+001
1.415518e+003,6.284925e+001
1.416000e+003,6.284599e+001
1.416482e+003,6.284255e+001
1.416964e+003,6.283911e+001
1.417446e+003,6.283607e+001
1.417928e+003,6.283395e+001
1.418410e+003,6.283317e+001
1.418893e+003,6.283381e+001
1.419375e+003,6.283550e+001
1.419857e+003,6.283753e+001
1.420339e+003,6.283907e+001
1.420821e+003,6.283957e+001
1.421303e+003,6.283887e+001
1.421785e+003,6.283715e+001
1.422267e+003,6.283479e+001
1.422750e+003,6.283227e+001
1.423232e+003,6.282994e+001
1.423714e+003,6.282792e+001
1.424196e+003,6.282619e+001
1.424678e+003,6.282444e+001
1.425160e+003,6.282235e+001
1.425642e+003,6.281959e+001
1.426125e+003,6.281601e+001
1.426607e+003,6.281159e+001
1.427089e+003,6.280645e+001
1.427571e+003,6.280081e+001
1.428053e+003,6.279499e+001
1.428535e+003,6.278938e+001
1.429017e+003,6.278432e+001
1.429499e+003,6.278014e+001
1.429981e+003,6.277694e+001
1.430464e+003,6.277454e+001
1.430946e+003,6.277258e+001
1.431428e+003,6.277044e+001
1.431910e+003,6.276752e+001
1.432392e+003,6.276343e+001
1.432874e+003,6.275792e+001
1.433356e+003,6.275113e+001
1.433838e+003,6.274338e+001
1.434321e+003,6.273523e+001
1.434803e+003,6.272733e+001
1.435285e+003,6.272042e+001
1.435767e+003,6.271508e+001
1.436249e+003,6.271160e+001
1.436731e+003,6.270979e+001
1.437213e+003,6.270898e+001
1.437696e+003,6.270835e+001
1.438177e+003,6.270707e+001
1.438660e+003,6.270460e+001
1.439142e+003,6.270067e+001
1.439624e+003,6.269527e+001
1.440106e+003,6.268853e+001
1.440588e+003,6.268071e+001
1.441070e+003,6.267213e+001
1.441552e+003,6.266308e+001
1.442035e+003,6.265379e+001
1.442517e+003,6.264438e+001
1.442999e+003,6.263475e+001
1.443481e+003,6.262469e+001
1.443963e+003,6.261395e+001
1.444445e+003,6.260232e+001
1.444927e+003,6.258972e+001
1.445409e+003,6.257623e+001
1.445892e+003,6.256210e+001
1.446374e+003,6.254768e+001
1.446856e+003,6.253336e+001
1.447338e+003,6.251948e+001
1.447820e+003,6.250628e+001
1.448302e+003,6.249384e+001
1.448784e+003,6.248205e+001
1.449266e+003,6.247069e+001
1.449749e+003,6.245950e+001
1.450231e+003,6.244820e+001
1.450713e+003,6.243653e+001
1.451195e+003,6.242432e+001
1.451677e+003,6.241146e+001
1.452159e+003,6.239784e+001
1.452641e+003,6.238344e+001
1.453124e+003,6.236817e+001
1.453605e+003,6.235196e+001
1.454088e+003,6.233469e+001
1.454570e+003,6.231627e+001
1.455052e+003,6.229690e+001
1.455534e+003,6.227724e+001
1.456016e+003,6.225862e+001
1.456498e+003,6.224314e+001
1.456980e+003,6.223296e+001
1.457463e+003,6.222922e+001
1.457945e+003,6.223126e+001
1.458427e+003,6.223687e+001
1.458909e+003,6.224363e+001
1.459391e+003,6.224960e+001
1.459873e+003,6.225371e+001
1.460355e+003,6.225558e+001
1.460837e+003,6.225520e+001
1.461320e+003,6.225274e+001
1.461802e+003,6.224846e+001
1.462284e+003,6.224269e+001
1.462766e+003,6.223587e+001
1.463248e+003,6.222852e+001
1.463730e+003,6.222133e+001
1.464212e+003,6.221498e+001
1.464694e+003,6.220993e+001
1.465177e+003,6.220632e+001
1.465659e+003,6.220382e+001
1.466141e+003,6.220178e+001
1.466623e+003,6.219949e+001
1.467105e+003,6.219635e+001
1.467587e+003,6.219193e+001
1.468069e+003,6.218610e+001
1.468552e+003,6.217882e+001
1.469033e+003,6.217011e+001
1.469516e+003,6.216008e+001
1.469998e+003,6.214883e+001
1.470480e+003,6.213668e+001
1.470962e+003,6.212412e+001
1.471444e+003,6.211190e+001
1.471926e+003,6.210104e+001
1.472408e+003,6.209246e+001
1.472891e+003,6.208661e+001
1.473373e+003,6.208337e+001
1.473855e+003,6.208199e+001
1.474337e+003,6.208159e+001
1.474819e+003,6.208143e+001
1.475301e+003,6.208104e+001
1.475783e+003,6.208027e+001
1.476265e+003,6.207902e+001
1.476748e+003,6.207718e+001
1.477230e+003,6.207457e+001
1.477712e+003,6.207095e+001
1.478194e+003,6.206610e+001
1.478676e+003,6.205991e+001
1.479158e+003,6.205243e+001
1.479640e+003,6.204392e+001
1.480122e+003,6.203477e+001
1.480604e+003,6.202539e+001
1.481087e+003,6.201615e+001
1.481569e+003,6.200717e+001
1.482051e+003,6.199841e+001
1.482533e+003,6.198957e+001
1.483015e+003,6.198025e+001
1.483497e+003,6.197002e+001
1.483979e+003,6.195852e+001
1.484461e+003,6.194543e+001
1.484944e+003,6.193059e+001
1.485426e+003,6.191394e+001
1.485908e+003,6.189558e+001
1.486390e+003,6.187577e+001
1.486872e+003,6.185505e+001
1.487354e+003,6.183411e+001
1.487836e+003,6.181385e+001
1.488319e+003,6.179526e+001
1.488801e+003,6.177919e+001
1.489283e+003,6.176632e+001
1.489765e+003,6.175677e+001
1.490247e+003,6.175009e+001
1.490729e+003,6.174543e+001
1.491211e+003,6.174168e+001
1.491693e+003,6.173782e+001
1.492176e+003,6.173300e+001
1.492658e+003,6.172666e+001
1.493140e+003,6.171841e+001
1.493622e+003,6.170811e+001
1.494104e+003,6.169576e+001
1.494586e+003,6.168158e+001
1.495068e+003,6.166603e+001
1.495550e+003,6.164981e+001
1.496032e+003,6.163381e+001
1.496515e+003,6.161884e+001
1.496997e+003,6.160546e+001
1.497479e+003,6.159384e+001
1.497961e+003,6.158376e+001
1.498443e+003,6.157486e+001
1.498925e+003,6.156670e+001
1.499407e+003,6.155893e+001
1.499890e+003,6.155127e+001
1.500372e+003,6.154345e+001
1.500854e+003,6.153518e+001
1.501336e+003,6.152617e+001
1.501818e+003,6.151614e+001
1.502300e+003,6.150476e+001
1.502782e+003,6.149177e+001
1.503264e+003,6.147675e+001
1.503747e+003,6.145929e+001
1.504229e+003,6.143885e+001
1.504711e+003,6.141492e+001
1.505193e+003,6.138737e+001
1.505675e+003,6.135705e+001
1.506157e+003,6.132661e+001
1.506639e+003,6.130024e+001
1.507121e+003,6.128193e+001
1.507604e+003,6.127302e+001
1.508086e+003,6.127164e+001
1.508568e+003,6.127440e+001
1.509050e+003,6.127831e+001
1.509532e+003,6.128148e+001
1.510014e+003,6.128307e+001
1.510496e+003,6.128283e+001
1.510979e+003,6.128083e+001
1.511460e+003,6.127716e+001
1.511943e+003,6.127188e+001
1.512425e+003,6.126487e+001
1.512907e+003,6.125603e+001
1.513389e+003,6.124517e+001
1.513871e+003,6.123215e+001
1.514353e+003,6.121705e+001
1.514835e+003,6.120009e+001
1.515318e+003,6.118181e+001
1.515800e+003,6.116298e+001
1.516282e+003,6.114456e+001
1.516764e+003,6.112741e+001
1.517246e+003,6.111200e+001
1.517728e+003,6.109840e+001
1.518210e+003,6.108612e+001
1.518692e+003,6.107444e+001
1.519175e+003,6.106260e+001
1.519657e+003,6.105005e+001
1.520139e+003,6.103652e+001
1.520621e+003,6.102230e+001
1.521103e+003,6.100816e+001
1.521585e+003,6.099507e+001
1.522067e+003,6.098381e+001
1.522549e+003,6.097453e+001
1.523031e+003,6.096679e+001
1.523514e+003,6.095975e+001
1.523996e+003,6.095257e+001
1.524478e+003,6.094464e+001
1.524960e+003,6.093570e+001
1.525442e+003,6.092583e+001
1.525924e+003,6.091549e+001
1.526406e+003,6.090524e+001
1.526888e+003,6.089559e+001
1.527371e+003,6.088686e+001
1.527853e+003,6.087896e+001
1.528335e+003,6.087158e+001
1.528817e+003,6.086422e+001
1.529299e+003,6.085640e+001
1.529781e+003,6.084771e+001
1.530263e+003,6.083789e+001
1.530746e+003,6.082688e+001
1.531228e+003,6.081480e+001
1.531710e+003,6.080210e+001
1.532192e+003,6.078948e+001
1.532674e+003,6.077789e+001
1.533156e+003,6.076826e+001
1.533638e+003,6.076112e+001
1.534120e+003,6.075623e+001
1.534603e+003,6.075271e+001
1.535085e+003,6.074928e+001
1.535567e+003,6.074479e+001
1.536049e+003,6.073831e+001
1.536531e+003,6.072925e+001
1.537013e+003,6.071727e+001
1.537495e+003,6.070227e+001
1.537977e+003,6.068446e+001
1.538459e+003,6.066456e+001
1.538942e+003,6.064399e+001
1.539424e+003,6.062503e+001
1.539906e+003,6.061024e+001
1.540388e+003,6.060150e+001
1.540870e+003,6.059889e+001
1.541352e+003,6.060112e+001
1.541834e+003,6.060628e+001
1.542316e+003,6.061291e+001
1.542799e+003,6.062014e+001
1.543281e+003,6.062743e+001
1.543763e+003,6.063443e+001
1.544245e+003,6.064067e+001
1.544727e+003,6.064563e+001
1.545209e+003,6.064884e+001
1.545691e+003,6.064991e+001
1.546174e+003,6.064865e+001
1.546656e+003,6.064516e+001
1.547138e+003,6.063963e+001
1.547620e+003,6.063251e+001
1.548102e+003,6.062436e+001
1.548584e+003,6.061572e+001
1.549066e+003,6.060721e+001
1.549548e+003,6.059914e+001
1.550031e+003,6.059161e+001
1.550513e+003,6.058437e+001
1.550995e+003,6.057700e+001
1.551477e+003,6.056904e+001
1.551959e+003,6.056022e+001
1.552441e+003,6.055050e+001
1.552923e+003,6.054012e+001
1.553405e+003,6.052945e+001
1.553887e+003,6.051875e+001
1.554370e+003,6.050808e+001
1.554852e+003,6.049709e+001
1.555334e+003,6.048510e+001
1.555816e+003,6.047122e+001
1.556298e+003,6.045462e+001
1.556780e+003,6.043491e+001
1.557262e+003,6.041264e+001
1.557744e+003,6.039013e+001
1.558227e+003,6.037178e+001
1.558709e+003,6.036285e+001
1.559191e+003,6.036590e+001
1.559673e+003,6.037806e+001
1.560155e+003,6.039329e+001
1.560637e+003,6.040656e+001
1.561119e+003,6.041548e+001
1.561602e+003,6.041970e+001
1.562083e+003,6.041982e+001
1.562566e+003,6.041661e+001
1.563048e+003,6.041089e+001
1.563530e+003,6.040334e+001
1.564012e+003,6.039453e+001
1.564494e+003,6.038495e+001
1.564976e+003,6.037481e+001
1.565458e+003,6.036412e+001
1.565941e+003,6.035272e+001
1.566423e+003,6.034028e+001
1.566905e+003,6.032658e+001
1.567387e+003,6.031156e+001
1.567869e+003,6.029554e+001
1.568351e+003,6.027926e+001
1.568833e+003,6.026373e+001
1.569315e+003,6.024999e+001
1.569798e+003,6.023860e+001
1.570280e+003,6.022939e+001
1.570762e+003,6.022150e+001
1.571244e+003,6.021370e+001
1.571726e+003,6.020501e+001
1.572208e+003,6.019473e+001
1.572690e+003,6.018258e+001
1.573172e+003,6.016856e+001
1.573655e+003,6.015302e+001
1.574137e+003,6.013644e+001
1.574619e+003,6.011972e+001
1.575101e+003,6.010405e+001
1.575583e+003,6.009077e+001
1.576065e+003,6.008093e+001
1.576547e+003,6.007471e+001
1.577030e+003,6.007130e+001
1.577511e+003,6.006927e+001
1.577994e+003,6.006710e+001
1.578476e+003,6.006377e+001
1.578958e+003,6.005870e+001
1.579440e+003,6.005185e+001
1.579922e+003,6.004344e+001
1.580404e+003,6.003382e+001
1.580886e+003,6.002346e+001
1.581369e+003,6.001276e+001
1.581851e+003,6.000205e+001
1.582333e+003,5.999150e+001
1.582815e+003,5.998122e+001
1.583297e+003,5.997118e+001
1.583779e+003,5.996134e+001
1.584261e+003,5.995164e+001
1.584743e+003,5.994199e+001
1.585226e+003,5.993229e+001
1.585708e+003,5.992250e+001
1.586190e+003,5.991257e+001
1.586672e+003,5.990255e+001
1.587154e+003,5.989258e+001
1.587636e+003,5.988282e+001
1.588118e+003,5.987351e+001
1.588600e+003,5.986480e+001
1.589083e+003,5.985674e+001
1.589565e+003,5.984927e+001
1.590047e+003,5.984219e+001
1.590529e+003,5.983533e+001
1.591011e+003,5.982851e+001
1.591493e+003,5.982168e+001
1.591975e+003,5.981485e+001
1.592458e+003,5.980812e+001
1.592939e+003,5.980160e+001
1.593422e+003,5.979539e+001
1.593904e+003,5.978954e+001
1.594386e+003,5.978404e+001
1.594868e+003,5.977885e+001
1.595350e+003,5.977388e+001
1.595832e+003,5.976899e+001
1.596314e+003,5.976394e+001
1.596797e+003,5.975851e+001
1.597279e+003,5.975242e+001
1.597761e+003,5.974548e+001
1.598243e+003,5.973759e+001
1.598725e+003,5.972882e+001
1.599207e+003,5.971932e+001
1.599689e+003,5.970935e+001
1.600171e+003,5.969915e+001
1.600654e+003,5.968890e+001
1.601136e+003,5.967868e+001
1.601618e+003,5.966849e+001
1.602100e+003,5.965830e+001
1.602582e+003,5.964810e+001
1.603064e+003,5.963795e+001
1.603546e+003,5.962791e+001
1.604028e+003,5.961799e+001
1.604510e+003,5.960818e+001
1.604993e+003,5.959833e+001
1.605475e+003,5.958825e+001
1.605957e+003,5.957780e+001
1.606439e+003,5.956688e+001
1.606921e+003,5.955558e+001
1.607403e+003,5.954412e+001
1.607885e+003,5.953278e+001
1.608367e+003,5.952190e+001
1.608850e+003,5.951173e+001
1.609332e+003,5.950237e+001
1.609814e+003,5.949380e+001
1.610296e+003,5.948584e+001
1.610778e+003,5.947821e+001
1.611260e+003,5.947054e+001
1.611742e+003,5.946240e+001
1.612225e+003,5.945340e+001
1.612707e+003,5.944310e+001
1.613189e+003,5.943123e+001
1.613671e+003,5.941764e+001
1.614153e+003,5.940238e+001
1.614635e+003,5.938593e+001
1.615117e+003,5.936909e+001
1.615599e+003,5.935298e+001
1.616082e+003,5.933890e+001
1.616564e+003,5.932773e+001
1.617046e+003,5.931959e+001
1.617528e+003,5.931367e+001
1.618010e+003,5.930870e+001
1.618492e+003,5.930343e+001
1.618974e+003,5.929701e+001
1.619456e+003,5.928900e+001
1.619938e+003,5.927930e+001
1.620421e+003,5.926806e+001
1.620903e+003,5.925555e+001
1.621385e+003,5.924218e+001
1.621867e+003,5.922852e+001
1.622349e+003,5.921518e+001
1.622831e+003,5.920271e+001
1.623313e+003,5.919144e+001
1.623796e+003,5.918124e+001
1.624278e+003,5.917172e+001
1.624760e+003,5.916234e+001
1.625242e+003,5.915264e+001
1.625724e+003,5.914246e+001
1.626206e+003,5.913193e+001
1.626688e+003,5.912141e+001
1.627170e+003,5.911134e+001
1.627653e+003,5.910213e+001
1.628135e+003,5.909391e+001
1.628617e+003,5.908655e+001
1.629099e+003,5.907964e+001
1.629581e+003,5.907264e+001
1.630063e+003,5.906508e+001
1.630545e+003,5.905658e+001
1.631027e+003,5.904686e+001
1.631510e+003,5.903580e+001
1.631992e+003,5.902330e+001
1.632474e+003,5.900929e+001
1.632956e+003,5.899380e+001
1.633438e+003,5.897701e+001
1.633920e+003,5.895940e+001
1.634402e+003,5.894187e+001
1.634885e+003,5.892580e+001
1.635366e+003,5.891272e+001
1.635849e+003,5.890363e+001
1.636331e+003,5.889847e+001
1.636813e+003,5.889615e+001
1.637295e+003,5.889516e+001
1.637777e+003,5.889429e+001
1.638259e+003,5.889272e+001
1.638741e+003,5.889014e+001
1.639224e+003,5.888644e+001
1.639706e+003,5.888160e+001
1.640188e+003,5.887564e+001
1.640670e+003,5.886849e+001
1.641152e+003,5.886013e+001
1.641634e+003,5.885052e+001
1.642116e+003,5.883960e+001
1.642598e+003,5.882727e+001
1.643081e+003,5.881345e+001
1.643563e+003,5.879794e+001
1.644045e+003,5.878070e+001
1.644527e+003,5.876182e+001
1.645009e+003,5.874184e+001
1.645491e+003,5.872190e+001
1.645973e+003,5.870382e+001
1.646455e+003,5.868956e+001
1.646938e+003,5.868045e+001
1.647420e+003,5.867642e+001
1.647902e+003,5.867596e+001
1.648384e+003,5.867692e+001
1.648866e+003,5.867741e+001
1.649348e+003,5.867621e+001
1.649830e+003,5.867264e+001
1.650313e+003,5.866645e+001
1.650794e+003,5.865752e+001
1.651277e+003,5.864591e+001
1.651759e+003,5.863200e+001
1.652241e+003,5.861689e+001
1.652723e+003,5.860265e+001
1.653205e+003,5.859183e+001
1.653687e+003,5.858592e+001
1.654169e+003,5.858434e+001
1.654652e+003,5.858506e+001
1.655134e+003,5.858615e+001
1.655616e+003,5.858647e+001
1.656098e+003,5.858542e+001
1.656580e+003,5.858292e+001
1.657062e+003,5.857903e+001
1.657544e+003,5.857379e+001
1.658026e+003,5.856730e+001
1.658509e+003,5.855962e+001
1.658991e+003,5.855079e+001
1.659473e+003,5.854093e+001
1.659955e+003,5.853020e+001
1.660437e+003,5.851897e+001
1.660919e+003,5.850772e+001
1.661401e+003,5.849712e+001
1.661883e+003,5.848785e+001
1.662365e+003,5.848038e+001
1.662848e+003,5.847485e+001
1.663330e+003,5.847082e+001
1.663812e+003,5.846760e+001
1.664294e+003,5.846430e+001
1.664776e+003,5.846023e+001
1.665258e+003,5.845486e+001
1.665740e+003,5.844796e+001
1.666222e+003,5.843943e+001
1.666705e+003,5.842931e+001
1.667187e+003,5.841777e+001
1.667669e+003,5.840516e+001
1.668151e+003,5.839214e+001
1.668633e+003,5.837966e+001
1.669115e+003,5.836875e+001
1.669597e+003,5.836030e+001
1.670080e+003,5.835457e+001
1.670562e+003,5.835115e+001
1.671044e+003,5.834914e+001
1.671526e+003,5.834757e+001
1.672008e+003,5.834570e+001
1.672490e+003,5.834315e+001
1.672972e+003,5.833992e+001
1.673454e+003,5.833622e+001
1.673937e+003,5.833246e+001
1.674419e+003,5.832903e+001
1.674901e+003,5.832607e+001
1.675383e+003,5.832352e+001
1.675865e+003,5.832109e+001
1.676347e+003,5.831836e+001
1.676829e+003,5.831500e+001
1.677311e+003,5.831084e+001
1.677793e+003,5.830581e+001
1.678276e+003,5.829997e+001
1.678758e+003,5.829330e+001
1.679240e+003,5.828575e+001
1.679722e+003,5.827726e+001
1.680204e+003,5.826767e+001
1.680686e+003,5.825690e+001
1.681168e+003,5.824494e+001
1.681650e+003,5.823199e+001
1.682133e+003,5.821862e+001
1.682615e+003,5.820592e+001
1.683097e+003,5.819563e+001
1.683579e+003,5.818965e+001
1.684061e+003,5.818929e+001
1.684543e+003,5.819411e+001
1.685025e+003,5.820195e+001
1.685508e+003,5.821009e+001
1.685990e+003,5.821654e+001
1.686472e+003,5.822047e+001
1.686954e+003,5.822202e+001
1.687436e+003,5.822176e+001
1.687918e+003,5.822054e+001
1.688400e+003,5.821907e+001
1.688882e+003,5.821792e+001
1.689365e+003,5.821733e+001
1.689847e+003,5.821714e+001
1.690329e+003,5.821689e+001
1.690811e+003,5.821597e+001
1.691293e+003,5.821376e+001
1.691775e+003,5.820988e+001
1.692257e+003,5.820417e+001
1.692739e+003,5.819669e+001
1.693221e+003,5.818774e+001
1.693704e+003,5.817772e+001
1.694186e+003,5.816726e+001
1.694668e+003,5.815707e+001
1.695150e+003,5.814791e+001
1.695632e+003,5.814025e+001
1.696114e+003,5.813423e+001
1.696596e+003,5.812952e+001
1.697078e+003,5.812564e+001
1.697561e+003,5.812219e+001
1.698043e+003,5.811928e+001
1.698525e+003,5.811742e+001
1.699007e+003,5.811747e+001
1.699489e+003,5.812022e+001
1.699971e+003,5.812575e+001
1.700453e+003,5.813303e+001
1.700936e+003,5.814023e+001
1.701417e+003,5.814554e+001
1.701900e+003,5.814798e+001
1.702382e+003,5.814746e+001
1.702864e+003,5.814463e+001
1.703346e+003,5.814040e+001
1.703828e+003,5.813581e+001
1.704310e+003,5.813187e+001
1.704792e+003,5.812934e+001
1.705275e+003,5.812867e+001
1.705757e+003,5.812978e+001
1.706239e+003,5.813218e+001
1.706721e+003,5.813511e+001
1.707203e+003,5.813785e+001
1.707685e+003,5.813985e+001
1.708167e+003,5.814085e+001
1.708649e+003,5.814074e+001
1.709132e+003,5.813953e+001
1.709614e+003,5.813726e+001
1.710096e+003,5.813397e+001
1.710578e+003,5.812971e+001
1.711060e+003,5.812455e+001
1.711542e+003,5.811856e+001
1.712024e+003,5.811179e+001
1.712506e+003,5.810426e+001
1.712989e+003,5.809597e+001
1.713471e+003,5.808698e+001
1.713953e+003,5.807736e+001
1.714435e+003,5.806741e+001
1.714917e+003,5.805768e+001
1.715399e+003,5.804908e+001
1.715881e+003,5.804282e+001
1.716364e+003,5.804020e+001
1.716845e+003,5.804220e+001
1.717328e+003,5.804884e+001
1.717810e+003,5.805898e+001
1.718292e+003,5.807059e+001
1.718774e+003,5.808153e+001
1.719256e+003,5.809020e+001
1.719738e+003,5.809588e+001
1.720220e+003,5.809852e+001
1.720703e+003,5.809848e+001
1.721185e+003,5.809632e+001
1.721667e+003,5.809266e+001
1.722149e+003,5.808809e+001
1.722631e+003,5.808315e+001
1.723113e+003,5.807827e+001
1.723595e+003,5.807373e+001
1.724077e+003,5.806957e+001
1.724560e+003,5.806571e+001
1.725042e+003,5.806189e+001
1.725524e+003,5.805780e+001
1.726006e+003,5.805323e+001
1.726488e+003,5.804797e+001
1.726970e+003,5.804200e+001
1.727452e+003,5.803529e+001
1.727934e+003,5.802791e+001
1.728417e+003,5.801987e+001
1.728899e+003,5.801120e+001
1.729381e+003,5.800189e+001
1.729863e+003,5.799192e+001
1.730345e+003,5.798140e+001
1.730827e+003,5.797047e+001
1.731309e+003,5.795951e+001
1.731792e+003,5.794914e+001
1.732273e+003,5.794020e+001
1.732756e+003,5.793375e+001
1.733238e+003,5.793062e+001
1.733720e+003,5.793090e+001
1.734202e+003,5.793362e+001
1.734684e+003,5.793685e+001
1.735166e+003,5.793861e+001
1.735648e+003,5.793764e+001
1.736131e+003,5.793366e+001
1.736613e+003,5.792710e+001
1.737095e+003,5.791872e+001
1.737577e+003,5.790944e+001
1.738059e+003,5.790025e+001
1.738541e+003,5.789193e+001
1.739023e+003,5.788502e+001
1.739505e+003,5.787968e+001
1.739988e+003,5.787560e+001
1.740470e+003,5.787218e+001
1.740952e+003,5.786876e+001
1.741434e+003,5.786486e+001
1.741916e+003,5.786026e+001
1.742398e+003,5.785495e+001
1.742880e+003,5.784904e+001
1.743362e+003,5.784266e+001
1.743844e+003,5.783577e+001
1.744327e+003,5.782835e+001
1.744809e+003,5.782027e+001
1.745291e+003,5.781154e+001
1.745773e+003,5.780222e+001
1.746255e+003,5.779256e+001
1.746737e+003,5.778289e+001
1.747219e+003,5.777361e+001
1.747702e+003,5.776522e+001
1.748184e+003,5.775815e+001
1.748666e+003,5.775283e+001
1.749148e+003,5.774958e+001
1.749630e+003,5.774850e+001
1.750112e+003,5.774931e+001
1.750594e+003,5.775133e+001
1.751076e+003,5.775352e+001
1.751559e+003,5.775473e+001
1.752041e+003,5.775395e+001
1.752523e+003,5.775063e+001
1.753005e+003,5.774471e+001
1.753487e+003,5.773653e+001
1.753969e+003,5.772674e+001
1.754451e+003,5.771610e+001
1.754933e+003,5.770538e+001
1.755416e+003,5.769525e+001
1.755898e+003,5.768612e+001
1.756380e+003,5.767812e+001
1.756862e+003,5.767099e+001
1.757344e+003,5.766423e+001
1.757826e+003,5.765729e+001
1.758308e+003,5.764969e+001
1.758791e+003,5.764120e+001
1.759272e+003,5.763184e+001
1.759755e+003,5.762191e+001
1.760237e+003,5.761188e+001
1.760719e+003,5.760228e+001
1.761201e+003,5.759352e+001
1.761683e+003,5.758585e+001
1.762165e+003,5.757908e+001
1.762647e+003,5.757276e+001
1.763130e+003,5.756622e+001
1.763612e+003,5.755888e+001
1.764094e+003,5.755041e+001
1.764576e+003,5.754066e+001
1.765058e+003,5.752972e+001
1.765540e+003,5.751774e+001
1.766022e+003,5.750494e+001
1.766504e+003,5.749145e+001
1.766987e+003,5.747734e+001
1.767469e+003,5.746262e+001
1.767951e+003,5.744725e+001
1.768433e+003,5.743134e+001
1.768915e+003,5.741505e+001
1.769397e+003,5.739882e+001
1.769879e+003,5.738313e+001
1.770361e+003,5.736865e+001
1.770844e+003,5.735598e+001
1.771326e+003,5.734560e+001
1.771808e+003,5.733756e+001
1.772290e+003,5.733146e+001
1.772772e+003,5.732646e+001
1.773254e+003,5.732157e+001
1.773736e+003,5.731598e+001
1.774219e+003,5.730923e+001
1.774700e+003,5.730119e+001
1.775183e+003,5.729199e+001
1.775665e+003,5.728183e+001
1.776147e+003,5.727098e+001
1.776629e+003,5.725965e+001
1.777111e+003,5.724803e+001
1.777593e+003,5.723623e+001
1.778075e+003,5.722438e+001
1.778558e+003,5.721263e+001
1.779040e+003,5.720109e+001
1.779522e+003,5.718991e+001
1.780004e+003,5.717921e+001
1.780486e+003,5.716902e+001
1.780968e+003,5.715928e+001
1.781450e+003,5.714982e+001
1.781932e+003,5.714043e+001
1.782415e+003,5.713090e+001
1.782897e+003,5.712109e+001
1.783379e+003,5.711098e+001
1.783861e+003,5.710064e+001
1.784343e+003,5.709021e+001
1.784825e+003,5.707983e+001
1.785307e+003,5.706953e+001
1.785789e+003,5.705922e+001
1.786271e+003,5.704869e+001
1.786754e+003,5.703769e+001
1.787236e+003,5.702597e+001
1.787718e+003,5.701337e+001
1.788200e+003,5.699984e+001
1.788682e+003,5.698544e+001
1.789164e+003,5.697041e+001
1.789646e+003,5.695504e+001
1.790128e+003,5.693976e+001
1.790611e+003,5.692507e+001
1.791093e+003,5.691150e+001
1.791575e+003,5.689948e+001
1.792057e+003,5.688911e+001
1.792539e+003,5.688023e+001
1.793021e+003,5.687226e+001
1.793503e+003,5.686451e+001
1.793986e+003,5.685638e+001
1.794468e+003,5.684742e+001
1.794950e+003,5.683752e+001
1.795432e+003,5.682670e+001
1.795914e+003,5.681517e+001
1.796396e+003,5.680313e+001
1.796878e+003,5.679082e+001
1.797360e+003,5.677842e+001
1.797843e+003,5.676606e+001
1.798325e+003,5.675385e+001
1.798807e+003,5.674198e+001
1.799289e+003,5.673064e+001
1.799771e+003,5.672005e+001
1.800253e+003,5.671040e+001
1.800735e+003,5.670170e+001
1.801217e+003,5.669378e+001
1.801699e+003,5.668637e+001
1.802182e+003,5.667904e+001
1.802664e+003,5.667142e+001
1.803146e+003,5.666329e+001
1.803628e+003,5.665456e+001
1.804110e+003,5.664519e+001
1.804592e+003,5.663527e+001
1.805074e+003,5.662486e+001
1.805556e+003,5.661399e+001
1.806039e+003,5.660269e+001
1.806521e+003,5.659095e+001
1.807003e+003,5.657885e+001
1.807485e+003,5.656646e+001
1.807967e+003,5.655396e+001
1.808449e+003,5.654150e+001
1.808931e+003,5.652925e+001
1.809414e+003,5.651737e+001
1.809896e+003,5.650601e+001
1.810378e+003,5.649528e+001
1.810860e+003,5.648526e+001
1.811342e+003,5.647601e+001
1.811824e+003,5.646753e+001
1.812306e+003,5.645971e+001
1.812788e+003,5.645236e+001
1.813271e+003,5.644522e+001
1.813753e+003,5.643799e+001
1.814235e+003,5.643047e+001
1.814717e+003,5.642245e+001
1.815199e+003,5.641385e+001
1.815681e+003,5.640470e+001
1.816163e+003,5.639505e+001
1.816645e+003,5.638506e+001
1.817127e+003,5.637488e+001
1.817610e+003,5.636465e+001
1.818092e+003,5.635455e+001
1.818574e+003,5.634466e+001
1.819056e+003,5.633506e+001
1.819538e+003,5.632570e+001
1.820020e+003,5.631644e+001
1.820502e+003,5.630706e+001
1.820984e+003,5.629734e+001
1.821467e+003,5.628711e+001
1.821949e+003,5.627633e+001
1.822431e+003,5.626513e+001
1.822913e+003,5.625384e+001
1.823395e+003,5.624284e+001
1.823877e+003,5.623251e+001
1.824359e+003,5.622305e+001
1.824842e+003,5.621440e+001
1.825323e+003,5.620625e+001
1.825806e+003,5.619810e+001
1.826288e+003,5.618957e+001
1.826770e+003,5.618037e+001
1.827252e+003,5.617050e+001
1.827734e+003,5.616018e+001
1.828216e+003,5.614985e+001
1.828698e+003,5.614004e+001
1.829181e+003,5.613128e+001
1.829663e+003,5.612393e+001
1.830145e+003,5.611811e+001
1.830627e+003,5.611358e+001
1.831109e+003,5.610989e+001
1.831591e+003,5.610647e+001
1.832073e+003,5.610281e+001
1.832555e+003,5.609848e+001
1.833038e+003,5.609330e+001
1.833520e+003,5.608720e+001
1.834002e+003,5.608028e+001
1.834484e+003,5.607276e+001
1.834966e+003,5.606495e+001
1.835448e+003,5.605717e+001
1.835930e+003,5.604972e+001
1.836412e+003,5.604276e+001
1.836895e+003,5.603633e+001
1.837377e+003,5.603034e+001
1.837859e+003,5.602454e+001
1.838341e+003,5.601866e+001
1.838823e+003,5.601236e+001
1.839305e+003,5.600535e+001
1.839787e+003,5.599742e+001
1.840270e+003,5.598849e+001
1.840751e+003,5.597861e+001
1.841234e+003,5.596805e+001
1.841716e+003,5.595719e+001
1.842198e+003,5.594656e+001
1.842680e+003,5.593684e+001
1.843162e+003,5.592851e+001
1.843644e+003,5.592198e+001
1.844126e+003,5.591721e+001
1.844609e+003,5.591391e+001
1.845091e+003,5.591156e+001
1.845573e+003,5.590969e+001
1.846055e+003,5.590797e+001
1.846537e+003,5.590628e+001
1.847019e+003,5.590457e+001
1.847501e+003,5.590284e+001
1.847983e+003,5.590100e+001
1.848466e+003,5.589890e+001
1.848948e+003,5.589639e+001
1.849430e+003,5.589328e+001
1.849912e+003,5.588950e+001
1.850394e+003,5.588505e+001
1.850876e+003,5.587999e+001
1.851358e+003,5.587445e+001
1.851840e+003,5.586855e+001
1.852323e+003,5.586248e+001
1.852805e+003,5.585637e+001
1.853287e+003,5.585037e+001
1.853769e+003,5.584468e+001
1.854251e+003,5.583942e+001
1.854733e+003,5.583468e+001
1.855215e+003,5.583045e+001
1.855698e+003,5.582663e+001
1.856179e+003,5.582305e+001
1.856662e+003,5.581953e+001
1.857144e+003,5.581591e+001
1.857626e+003,5.581211e+001
1.858108e+003,5.580812e+001
1.858590e+003,5.580396e+001
1.859072e+003,5.579967e+001
1.859554e+003,5.579525e+001
1.860037e+003,5.579068e+001
1.860519e+003,5.578591e+001
1.861001e+003,5.578090e+001
1.861483e+003,5.577560e+001
1.861965e+003,5.577002e+001
1.862447e+003,5.576414e+001
1.862929e+003,5.575797e+001
1.863411e+003,5.575148e+001
1.863894e+003,5.574468e+001
1.864376e+003,5.573756e+001
1.864858e+003,5.573023e+001
1.865340e+003,5.572287e+001
1.865822e+003,5.571577e+001
1.866304e+003,5.570931e+001
1.866786e+003,5.570390e+001
1.867268e+003,5.569992e+001
1.867750e+003,5.569765e+001
1.868233e+003,5.569711e+001
1.868715e+003,5.569806e+001
1.869197e+003,5.570002e+001
1.869679e+003,5.570229e+001
1.870161e+003,5.570427e+001
1.870643e+003,5.570542e+001
1.871125e+003,5.570546e+001
1.871608e+003,5.570432e+001
1.872090e+003,5.570213e+001
1.872572e+003,5.569915e+001
1.873054e+003,5.569574e+001
1.873536e+003,5.569221e+001
1.874018e+003,5.568882e+001
1.874500e+003,5.568573e+001
1.874982e+003,5.568295e+001
1.875465e+003,5.568041e+001
1.875947e+003,5.567800e+001
1.876429e+003,5.567558e+001
1.876911e+003,5.567313e+001
1.877393e+003,5.567063e+001
1.877875e+003,5.566811e+001
1.878357e+003,5.566554e+001
1.878839e+003,5.566295e+001
1.879322e+003,5.566023e+001
1.879804e+003,5.565733e+001
1.880286e+003,5.565422e+001
1.880768e+003,5.565091e+001
1.881250e+003,5.564743e+001
1.881732e+003,5.564384e+001
1.882214e+003,5.564018e+001
1.882697e+003,5.563644e+001
1.883178e+003,5.563258e+001
1.883661e+003,5.562848e+001
1.884143e+003,5.562410e+001
1.884625e+003,5.561942e+001
1.885107e+003,5.561445e+001
1.885589e+003,5.560929e+001
1.886071e+003,5.560406e+001
1.886553e+003,5.559899e+001
1.887036e+003,5.559425e+001
1.887518e+003,5.559012e+001
1.888000e+003,5.558676e+001
1.888482e+003,5.558433e+001
1.888964e+003,5.558279e+001
1.889446e+003,5.558193e+001
1.889928e+003,5.558140e+001
1.890410e+003,5.558071e+001
1.890893e+003,5.557948e+001
1.891375e+003,5.557743e+001
1.891857e+003,5.557456e+001
1.892339e+003,5.557105e+001
1.892821e+003,5.556720e+001
1.893303e+003,5.556339e+001
1.893785e+003,5.555993e+001
1.894267e+003,5.555700e+001
1.894750e+003,5.555466e+001
1.895232e+003,5.555276e+001
1.895714e+003,5.555111e+001
1.896196e+003,5.554951e+001
1.896678e+003,5.554774e+001
1.897160e+003,5.554572e+001
1.897642e+003,5.554339e+001
1.898125e+003,5.554076e+001
1.898606e+003,5.553792e+001
1.899089e+003,5.553491e+001
1.899571e+003,5.553185e+001
1.900053e+003,5.552882e+001
1.900535e+003,5.552584e+001
1.901017e+003,5.552290e+001
1.901499e+003,5.551991e+001
1.901981e+003,5.551675e+001
1.902464e+003,5.551331e+001
1.902946e+003,5.550947e+001
1.903428e+003,5.550522e+001
1.903910e+003,5.550061e+001
1.904392e+003,5.549572e+001
1.904874e+003,5.549062e+001
1.905356e+003,5.548540e+001
1.905838e+003,5.548009e+001
1.906321e+003,5.547476e+001
1.906803e+003,5.546947e+001
1.907285e+003,5.546437e+001
1.907767e+003,5.545965e+001
1.908249e+003,5.545546e+001
1.908731e+003,5.545197e+001
1.909213e+003,5.544913e+001
1.909695e+003,5.544680e+001
1.910177e+003,5.544477e+001
1.910660e+003,5.544274e+001
1.911142e+003,5.544047e+001
1.911624e+003,5.543779e+001
1.912106e+003,5.543461e+001
1.912588e+003,5.543085e+001
1.913070e+003,5.542648e+001
1.913552e+003,5.542147e+001
1.914034e+003,5.541582e+001
1.914517e+003,5.540956e+001
1.914999e+003,5.540284e+001
1.915481e+003,5.539597e+001
1.915963e+003,5.538928e+001
1.916445e+003,5.538309e+001
1.916927e+003,5.537764e+001
1.917409e+003,5.537297e+001
1.917892e+003,5.536883e+001
1.918374e+003,5.536488e+001
1.918856e+003,5.536071e+001
1.919338e+003,5.535601e+001
1.919820e+003,5.535070e+001
1.920302e+003,5.534485e+001
1.920784e+003,5.533870e+001
1.921266e+003,5.533254e+001
1.921749e+003,5.532669e+001
1.922231e+003,5.532133e+001
1.922713e+003,5.531663e+001
1.923195e+003,5.531255e+001
1.923677e+003,5.530900e+001
1.924159e+003,5.530578e+001
1.924641e+003,5.530270e+001
1.925123e+003,5.529953e+001
1.925605e+003,5.529610e+001
1.926088e+003,5.529231e+001
1.926570e+003,5.528808e+001
1.927052e+003,5.528344e+001
1.927534e+003,5.527846e+001
1.928016e+003,5.527325e+001
1.928498e+003,5.526791e+001
1.928980e+003,5.526255e+001
1.929462e+003,5.525723e+001
1.929945e+003,5.525200e+001
1.930427e+003,5.524686e+001
1.930909e+003,5.524177e+001
1.931391e+003,5.523668e+001
1.931873e+003,5.523148e+001
1.932355e+003,5.522606e+001
1.932837e+003,5.522029e+001
1.933320e+003,5.521413e+001
1.933802e+003,5.520758e+001
1.934284e+003,5.520074e+001
1.934766e+003,5.519378e+001
1.935248e+003,5.518690e+001
1.935730e+003,5.518023e+001
1.936212e+003,5.517385e+001
1.936694e+003,5.516768e+001
1.937177e+003,5.516154e+001
1.937659e+003,5.515523e+001
1.938141e+003,5.514853e+001
1.938623e+003,5.514132e+001
1.939105e+003,5.513360e+001
1.939587e+003,5.512542e+001
1.940069e+003,5.511701e+001
1.940551e+003,5.510853e+001
1.941033e+003,5.510020e+001
1.941516e+003,5.509223e+001
1.941998e+003,5.508475e+001
1.942480e+003,5.507783e+001
1.942962e+003,5.507147e+001
1.943444e+003,5.506558e+001
1.943926e+003,5.506001e+001
1.944408e+003,5.505453e+001
1.944890e+003,5.504899e+001
1.945373e+003,5.504324e+001
1.945855e+003,5.503720e+001
1.946337e+003,5.503081e+001
1.946819e+003,5.502409e+001
1.947301e+003,5.501708e+001
1.947783e+003,5.500981e+001
1.948265e+003,5.500227e+001
1.948748e+003,5.499453e+001
1.949229e+003,5.498659e+001
1.949712e+003,5.497854e+001
1.950194e+003,5.497047e+001
1.950676e+003,5.496245e+001
1.951158e+003,5.495455e+001
1.951640e+003,5.494680e+001
1.952122e+003,5.493915e+001
1.952604e+003,5.493155e+001
1.953087e+003,5.492397e+001
1.953569e+003,5.491638e+001
1.954051e+003,5.490889e+001
1.954533e+003,5.490158e+001
1.955015e+003,5.489459e+001
1.955497e+003,5.488797e+001
1.955979e+003,5.488171e+001
1.956461e+003,5.487571e+001
1.956944e+003,5.486974e+001
1.957426e+003,5.486361e+001
1.957908e+003,5.485707e+001
1.958390e+003,5.484994e+001
1.958872e+003,5.484211e+001
1.959354e+003,5.483355e+001
1.959836e+003,5.482434e+001
1.960318e+003,5.481464e+001
1.960801e+003,5.480463e+001
1.961283e+003,5.479459e+001
1.961765e+003,5.478476e+001
1.962247e+003,5.477531e+001
1.962729e+003,5.476635e+001
1.963211e+003,5.475786e+001
1.963693e+003,5.474974e+001
1.964176e+003,5.474185e+001
1.964657e+003,5.473406e+001
1.965140e+003,5.472627e+001
1.965622e+003,5.471847e+001
1.966104e+003,5.471068e+001
1.966586e+003,5.470296e+001
1.967068e+003,5.469534e+001
1.967550e+003,5.468780e+001
1.968032e+003,5.468030e+001
1.968515e+003,5.467274e+001
1.968997e+003,5.466508e+001
1.969479e+003,5.465729e+001
1.969961e+003,5.464936e+001
1.970443e+003,5.464138e+001
1.970925e+003,5.463335e+001
1.971407e+003,5.462532e+001
1.971889e+003,5.461728e+001
1.972372e+003,5.460926e+001
1.972854e+003,5.460127e+001
1.973336e+003,5.459331e+001
1.973818e+003,5.458539e+001
1.974300e+003,5.457751e+001
1.974782e+003,5.456961e+001
1.975264e+003,5.456163e+001
1.975746e+003,5.455352e+001
1.976229e+003,5.454521e+001
1.976711e+003,5.453666e+001
1.977193e+003,5.452793e+001
1.977675e+003,5.451904e+001
1.978157e+003,5.451004e+001
1.978639e+003,5.450103e+001
1.979121e+003,5.449203e+001
1.979604e+003,5.448310e+001
1.980085e+003,5.447434e+001
1.980568e+003,5.446581e+001
1.981050e+003,5.445761e+001
1.981532e+003,5.444981e+001
1.982014e+003,5.444237e+001
1.982496e+003,5.443520e+001
1.982978e+003,5.442813e+001
1.983460e+003,5.442096e+001
1.983943e+003,5.441348e+001
1.984425e+003,5.440560e+001
1.984907e+003,5.439730e+001
1.985389e+003,5.438863e+001
1.985871e+003,5.437966e+001
1.986353e+003,5.437052e+001
1.986835e+003,5.436125e+001
1.987317e+003,5.435189e+001
1.987800e+003,5.434248e+001
1.988282e+003,5.433308e+001
1.988764e+003,5.432379e+001
1.989246e+003,5.431474e+001
1.989728e+003,5.430610e+001
1.990210e+003,5.429792e+001
1.990692e+003,5.429027e+001
1.991174e+003,5.428310e+001
1.991656e+003,5.427628e+001
1.992139e+003,5.426968e+001
1.992621e+003,5.426315e+001
1.993103e+003,5.425652e+001
1.993585e+003,5.424972e+001
1.994067e+003,5.424263e+001
1.994549e+003,5.423524e+001
1.995031e+003,5.422755e+001
1.995514e+003,5.421957e+001
1.995996e+003,5.421143e+001
1.996478e+003,5.420326e+001
1.996960e+003,5.419520e+001
1.997442e+003,5.418736e+001
1.997924e+003,5.417981e+001
1.998406e+003,5.417252e+001
1.998888e+003,5.416545e+001
1.999371e+003,5.415852e+001
1.999853e+003,5.415168e+001
2.000335e+003,5.414485e+001
2.000817e+003,5.413803e+001
2.001299e+003,5.413117e+001
2.001781e+003,5.412421e+001
2.002263e+003,5.411705e+001
2.002745e+003,5.410965e+001
2.003228e+003,5.410193e+001
2.003710e+003,5.409389e+001
2.004192e+003,5.408561e+001
2.004674e+003,5.407722e+001
2.005156e+003,5.406886e+001
2.005638e+003,5.406068e+001
2.006120e+003,5.405275e+001
2.006603e+003,5.404516e+001
2.007084e+003,5.403789e+001
2.007567e+003,5.403093e+001
2.008049e+003,5.402427e+001
2.008531e+003,5.401778e+001
2.009013e+003,5.401139e+001
2.009495e+003,5.400496e+001
2.009977e+003,5.399830e+001
2.010459e+003,5.399135e+001
2.010942e+003,5.398400e+001
2.011424e+003,5.397627e+001
2.011906e+003,5.396827e+001
2.012388e+003,5.396011e+001
2.012870e+003,5.395190e+001
2.013352e+003,5.394372e+001
2.013834e+003,5.393557e+001
2.014316e+003,5.392741e+001
2.014799e+003,5.391924e+001
2.015281e+003,5.391104e+001
2.015763e+003,5.390291e+001
2.016245e+003,5.389497e+001
2.016727e+003,5.388737e+001
2.017209e+003,5.388017e+001
2.017691e+003,5.387343e+001
2.018173e+003,5.386708e+001
2.018656e+003,5.386103e+001
2.019138e+003,5.385516e+001
2.019620e+003,5.384937e+001
2.020102e+003,5.384360e+001
2.020584e+003,5.383778e+001
2.021066e+003,5.383184e+001
2.021548e+003,5.382571e+001
2.022031e+003,5.381929e+001
2.022512e+003,5.381253e+001
2.022995e+003,5.380539e+001
2.023477e+003,5.379796e+001
2.023959e+003,5.379030e+001
2.024441e+003,5.378257e+001
2.024923e+003,5.377485e+001
2.025405e+003,5.376729e+001
2.025887e+003,5.375993e+001
2.026370e+003,5.375283e+001
2.026852e+003,5.374605e+001
2.027334e+003,5.373964e+001
2.027816e+003,5.373365e+001
2.028298e+003,5.372805e+001
2.028780e+003,5.372281e+001
2.029262e+003,5.371780e+001
2.029744e+003,5.371288e+001
2.030227e+003,5.370788e+001
2.030709e+003,5.370269e+001
2.031191e+003,5.369722e+001
2.031673e+003,5.369145e+001
2.032155e+003,5.368536e+001
2.032637e+003,5.367900e+001
2.033119e+003,5.367235e+001
2.033601e+003,5.366544e+001
2.034083e+003,5.365829e+001
2.034566e+003,5.365093e+001
2.035048e+003,5.364344e+001
2.035530e+003,5.363585e+001
2.036012e+003,5.362820e+001
2.036494e+003,5.362050e+001
2.036976e+003,5.361269e+001
2.037458e+003,5.360471e+001
2.037940e+003,5.359655e+001
2.038423e+003,5.358829e+001
2.038905e+003,5.358005e+001
2.039387e+003,5.357202e+001
2.039869e+003,5.356438e+001
2.040351e+003,5.355724e+001
2.040833e+003,5.355062e+001
2.041315e+003,5.354449e+001
2.041798e+003,5.353870e+001
2.042280e+003,5.353313e+001
2.042762e+003,5.352763e+001
2.043244e+003,5.352206e+001
2.043726e+003,5.351632e+001
2.044208e+003,5.351028e+001
2.044690e+003,5.350381e+001
2.045172e+003,5.349685e+001
2.045655e+003,5.348935e+001
2.046137e+003,5.348138e+001
2.046619e+003,5.347315e+001
2.047101e+003,5.346490e+001
2.047583e+003,5.345687e+001
2.048065e+003,5.344932e+001
2.048547e+003,5.344235e+001
2.049029e+003,5.343596e+001
2.049511e+003,5.343004e+001
2.049994e+003,5.342441e+001
2.050476e+003,5.341889e+001
2.050958e+003,5.341331e+001
2.051440e+003,5.340754e+001
2.051922e+003,5.340148e+001
2.052404e+003,5.339506e+001
2.052886e+003,5.338824e+001
2.053368e+003,5.338103e+001
2.053851e+003,5.337344e+001
2.054333e+003,5.336558e+001
2.054815e+003,5.335758e+001
2.055297e+003,5.334957e+001
2.055779e+003,5.334166e+001
2.056261e+003,5.333393e+001
2.056743e+003,5.332640e+001
2.057226e+003,5.331905e+001
2.057708e+003,5.331184e+001
2.058190e+003,5.330474e+001
2.058672e+003,5.329771e+001
2.059154e+003,5.329071e+001
2.059636e+003,5.328372e+001
2.060118e+003,5.327667e+001
2.060600e+003,5.326955e+001
2.061083e+003,5.326236e+001
2.061565e+003,5.325510e+001
2.062047e+003,5.324787e+001
2.062529e+003,5.324070e+001
2.063011e+003,5.323366e+001
2.063493e+003,5.322674e+001
2.063975e+003,5.321990e+001
2.064457e+003,5.321310e+001
2.064939e+003,5.320625e+001
2.065422e+003,5.319933e+001
2.065904e+003,5.319232e+001
2.066386e+003,5.318521e+001
2.066868e+003,5.317801e+001
2.067350e+003,5.317070e+001
2.067832e+003,5.316322e+001
2.068314e+003,5.315553e+001
2.068796e+003,5.314761e+001
2.069279e+003,5.313949e+001
2.069761e+003,5.313129e+001
2.070243e+003,5.312310e+001
2.070725e+003,5.311509e+001
2.071207e+003,5.310730e+001
2.071689e+003,5.309976e+001
2.072171e+003,5.309245e+001
2.072654e+003,5.308526e+001
2.073135e+003,5.307812e+001
2.073618e+003,5.307101e+001
2.074100e+003,5.306389e+001
2.074582e+003,5.305672e+001
2.075064e+003,5.304949e+001
2.075546e+003,5.304214e+001
2.076028e+003,5.303455e+001
2.076510e+003,5.302664e+001
2.076993e+003,5.301832e+001
2.077475e+003,5.300963e+001
2.077957e+003,5.300063e+001
2.078439e+003,5.299142e+001
2.078921e+003,5.298216e+001
2.079403e+003,5.297303e+001
2.079885e+003,5.296412e+001
2.080367e+003,5.295553e+001
2.080850e+003,5.294731e+001
2.081332e+003,5.293944e+001
2.081814e+003,5.293181e+001
2.082296e+003,5.292427e+001
2.082778e+003,5.291662e+001
2.083260e+003,5.290862e+001
2.083742e+003,5.290005e+001
2.084224e+003,5.289085e+001
2.084707e+003,5.288106e+001
2.085189e+003,5.287084e+001
2.085671e+003,5.286042e+001
2.086153e+003,5.285009e+001
2.086635e+003,5.283998e+001
2.087117e+003,5.283022e+001
2.087599e+003,5.282078e+001
2.088082e+003,5.281158e+001
2.088563e+003,5.280252e+001
2.089046e+003,5.279351e+001
2.089528e+003,5.278452e+001
2.090010e+003,5.277552e+001
2.090492e+003,5.276650e+001
2.090974e+003,5.275742e+001
2.091456e+003,5.274823e+001
2.091938e+003,5.273888e+001
2.092421e+003,5.272935e+001
2.092903e+003,5.271968e+001
2.093385e+003,5.270992e+001
2.093867e+003,5.270019e+001
2.094349e+003,5.269057e+001
2.094831e+003,5.268117e+001
2.095313e+003,5.267202e+001
2.095795e+003,5.266311e+001
2.096278e+003,5.265445e+001
2.096760e+003,5.264596e+001
2.097242e+003,5.263758e+001
2.097724e+003,5.262921e+001
2.098206e+003,5.262070e+001
2.098688e+003,5.261189e+001
2.099170e+003,5.260262e+001
2.099652e+003,5.259277e+001
2.100135e+003,5.258230e+001
2.100617e+003,5.257127e+001
2.101099e+003,5.255982e+001
2.101581e+003,5.254815e+001
2.102063e+003,5.253643e+001
2.102545e+003,5.252485e+001
2.103027e+003,5.251352e+001
2.103510e+003,5.250253e+001
2.103991e+003,5.249186e+001
2.104474e+003,5.248153e+001
2.104956e+003,5.247145e+001
2.105438e+003,5.246152e+001
2.105920e+003,5.245160e+001
2.106402e+003,5.244148e+001
2.106884e+003,5.243103e+001
2.107366e+003,5.242013e+001
2.107849e+003,5.240878e+001
2.108331e+003,5.239707e+001
2.108813e+003,5.238517e+001
2.109295e+003,5.237327e+001
2.109777e+003,5.236151e+001
2.110259e+003,5.234996e+001
2.110741e+003,5.233863e+001
2.111223e+003,5.232745e+001
2.111706e+003,5.231630e+001
2.112188e+003,5.230513e+001
2.112670e+003,5.229386e+001
2.113152e+003,5.228250e+001
2.113634e+003,5.227106e+001
2.114116e+003,5.225962e+001
2.114598e+003,5.224827e+001
2.115080e+003,5.223708e+001
2.115563e+003,5.222613e+001
2.116045e+003,5.221547e+001
2.116527e+003,5.220512e+001
2.117009e+003,5.219503e+001
2.117491e+003,5.218502e+001
2.117973e+003,5.217492e+001
2.118455e+003,5.216451e+001
2.118938e+003,5.215371e+001
2.119420e+003,5.214244e+001
2.119902e+003,5.213076e+001
2.120384e+003,5.211878e+001
2.120866e+003,5.210668e+001
2.121348e+003,5.209458e+001
2.121830e+003,5.208255e+001
2.122312e+003,5.207068e+001
2.122794e+003,5.205897e+001
2.123277e+003,5.204742e+001
2.123759e+003,5.203606e+001
2.124241e+003,5.202484e+001
2.124723e+003,5.201374e+001
2.125205e+003,5.200263e+001
2.125687e+003,5.199140e+001
2.126169e+003,5.197990e+001
2.126651e+003,5.196807e+001
2.127134e+003,5.195590e+001
2.127616e+003,5.194352e+001
2.128098e+003,5.193107e+001
2.128580e+003,5.191879e+001
2.129062e+003,5.190681e+001
2.129544e+003,5.189522e+001
2.130026e+003,5.188404e+001
2.130509e+003,5.187320e+001
2.130990e+003,5.186263e+001
2.131473e+003,5.185227e+001
2.131955e+003,5.184203e+001
2.132437e+003,5.183186e+001
2.132919e+003,5.182162e+001
2.133401e+003,5.181121e+001
2.133883e+003,5.180050e+001
2.134365e+003,5.178936e+001
2.134848e+003,5.177776e+001
2.135330e+003,5.176572e+001
2.135812e+003,5.175332e+001
2.136294e+003,5.174072e+001
2.136776e+003,5.172804e+001
2.137258e+003,5.171534e+001
2.137740e+003,5.170268e+001
2.138222e+003,5.169007e+001
2.138705e+003,5.167748e+001
2.139187e+003,5.166493e+001
2.139669e+003,5.165245e+001
2.140151e+003,5.164003e+001
2.140633e+003,5.162768e+001
2.141115e+003,5.161537e+001
2.141597e+003,5.160307e+001
2.142079e+003,5.159075e+001
2.142562e+003,5.157838e+001
2.143044e+003,5.156602e+001
2.143526e+003,5.155369e+001
2.144008e+003,5.154143e+001
2.144490e+003,5.152924e+001
2.144972e+003,5.151712e+001
2.145454e+003,5.150505e+001
2.145937e+003,5.149298e+001
2.146418e+003,5.148088e+001
2.146901e+003,5.146881e+001
2.147383e+003,5.145677e+001
2.147865e+003,5.144476e+001
2.148347e+003,5.143280e+001
2.148829e+003,5.142080e+001
2.149311e+003,5.140871e+001
2.149793e+003,5.139646e+001
2.150276e+003,5.138408e+001
2.150758e+003,5.137162e+001
2.151240e+003,5.135913e+001
2.151722e+003,5.134670e+001
2.152204e+003,5.133436e+001
2.152686e+003,5.132207e+001
2.153168e+003,5.130979e+001
2.153650e+003,5.129749e+001
2.154133e+003,5.128518e+001
2.154615e+003,5.127298e+001
2.155097e+003,5.126098e+001
2.155579e+003,5.124934e+001
2.156061e+003,5.123813e+001
2.156543e+003,5.122730e+001
2.157025e+003,5.121676e+001
2.157507e+003,5.120634e+001
2.157990e+003,5.119586e+001
2.158472e+003,5.118518e+001
2.158954e+003,5.117426e+001
2.159436e+003,5.116303e+001
2.159918e+003,5.115148e+001
2.160400e+003,5.113959e+001
2.160882e+003,5.112736e+001
2.161365e+003,5.111477e+001
2.161846e+003,5.110189e+001
2.162329e+003,5.108883e+001
2.162811e+003,5.107568e+001
2.163293e+003,5.106263e+001
2.163775e+003,5.104978e+001
2.164257e+003,5.103720e+001
2.164739e+003,5.102491e+001
2.165221e+003,5.101288e+001
2.165704e+003,5.100111e+001
2.166186e+003,5.098956e+001
2.166668e+003,5.097820e+001
2.167150e+003,5.096707e+001
2.167632e+003,5.095612e+001
2.168114e+003,5.094529e+001
2.168596e+003,5.093452e+001
2.169078e+003,5.092375e+001
2.169561e+003,5.091298e+001
2.170043e+003,5.090219e+001
2.170525e+003,5.089142e+001
2.171007e+003,5.088071e+001
2.171489e+003,5.087003e+001
2.171971e+003,5.085936e+001
2.172453e+003,5.084857e+001
2.172935e+003,5.083758e+001
2.173417e+003,5.082631e+001
2.173900e+003,5.081477e+001
2.174382e+003,5.080294e+001
2.174864e+003,5.079090e+001
2.175346e+003,5.077869e+001
2.175828e+003,5.076633e+001
2.176310e+003,5.075387e+001
2.176792e+003,5.074135e+001
2.177274e+003,5.072884e+001
2.177757e+003,5.071648e+001
2.178239e+003,5.070440e+001
2.178721e+003,5.069273e+001
2.179203e+003,5.068150e+001
2.179685e+003,5.067072e+001
2.180167e+003,5.066033e+001
2.180649e+003,5.065020e+001
2.181132e+003,5.064023e+001
2.181614e+003,5.063028e+001
2.182096e+003,5.062031e+001
2.182578e+003,5.061021e+001
2.183060e+003,5.059995e+001
2.183542e+003,5.058945e+001
2.184024e+003,5.057868e+001
2.184506e+003,5.056766e+001
2.184989e+003,5.055645e+001
2.185471e+003,5.054515e+001
2.185953e+003,5.053388e+001
2.186435e+003,5.052268e+001
2.186917e+003,5.051155e+001
2.187399e+003,5.050043e+001
2.187881e+003,5.048920e+001
2.188363e+003,5.047776e+001
2.188845e+003,5.046609e+001
2.189328e+003,5.045431e+001
2.189810e+003,5.044255e+001
2.190292e+003,5.043100e+001
2.190774e+003,5.041978e+001
2.191256e+003,5.040896e+001
2.191738e+003,5.039845e+001
2.192220e+003,5.038813e+001
2.192702e+003,5.037783e+001
2.193185e+003,5.036749e+001
2.193667e+003,5.035702e+001
2.194149e+003,5.034645e+001
2.194631e+003,5.033584e+001
2.195113e+003,5.032522e+001
2.195595e+003,5.031465e+001
2.196077e+003,5.030414e+001
2.196560e+003,5.029375e+001
2.197042e+003,5.028352e+001
2.197524e+003,5.027347e+001
2.198006e+003,5.026366e+001
2.198488e+003,5.025407e+001
2.198970e+003,5.024465e+001
2.199452e+003,5.023534e+001
2.199934e+003,5.022600e+001
2.200417e+003,5.021653e+001
2.200899e+003,5.020684e+001
2.201381e+003,5.019687e+001
2.201863e+003,5.018663e+001
2.202345e+003,5.017612e+001
2.202827e+003,5.016540e+001
2.203309e+003,5.015455e+001
2.203791e+003,5.014371e+001
2.204273e+003,5.013303e+001
2.204756e+003,5.012268e+001
2.205238e+003,5.011278e+001
2.205720e+003,5.010337e+001
2.206202e+003,5.009435e+001
2.206684e+003,5.008560e+001
2.207166e+003,5.007685e+001
2.207648e+003,5.006790e+001
2.208130e+003,5.005862e+001
2.208613e+003,5.004897e+001
2.209095e+003,5.003902e+001
2.209577e+003,5.002892e+001
2.210059e+003,5.001876e+001
2.210541e+003,5.000866e+001
2.211023e+003,4.999866e+001
2.211505e+003,4.998876e+001
2.211988e+003,4.997896e+001
2.212469e+003,4.996922e+001
2.212952e+003,4.995954e+001
2.213434e+003,4.994983e+001
2.213916e+003,4.994004e+001
2.214398e+003,4.993006e+001
2.214880e+003,4.991979e+001
2.215362e+003,4.990923e+001
2.215844e+003,4.989843e+001
2.216327e+003,4.988759e+001
2.216809e+003,4.987694e+001
2.217291e+003,4.986675e+001
2.217773e+003,4.985717e+001
2.218255e+003,4.984821e+001
2.218737e+003,4.983978e+001
2.219219e+003,4.983165e+001
2.219701e+003,4.982351e+001
2.220184e+003,4.981518e+001
2.220666e+003,4.980646e+001
2.221148e+003,4.979734e+001
2.221630e+003,4.978784e+001
2.222112e+003,4.977803e+001
2.222594e+003,4.976806e+001
2.223076e+003,4.975804e+001
2.223558e+003,4.974811e+001
2.224041e+003,4.973840e+001
2.224523e+003,4.972895e+001
2.225005e+003,4.971983e+001
2.225487e+003,4.971094e+001
2.225969e+003,4.970216e+001
2.226451e+003,4.969330e+001
2.226933e+003,4.968419e+001
2.227416e+003,4.967470e+001
2.227897e+003,4.966483e+001
2.228380e+003,4.965463e+001
2.228862e+003,4.964425e+001
2.229344e+003,4.963380e+001
2.229826e+003,4.962340e+001
2.230308e+003,4.961312e+001
2.230790e+003,4.960295e+001
2.231272e+003,4.959291e+001
2.231755e+003,4.958295e+001
2.232237e+003,4.957310e+001
2.232719e+003,4.956335e+001
2.233201e+003,4.955370e+001
2.233683e+003,4.954412e+001
2.234165e+003,4.953459e+001
2.234647e+003,4.952507e+001
2.235129e+003,4.951553e+001
2.235612e+003,4.950597e+001
2.236094e+003,4.949636e+001
2.236576e+003,4.948670e+001
2.237058e+003,4.947694e+001
2.237540e+003,4.946704e+001
2.238022e+003,4.945696e+001
2.238504e+003,4.944671e+001
2.238986e+003,4.943633e+001
2.239469e+003,4.942599e+001
2.239951e+003,4.941584e+001
2.240433e+003,4.940599e+001
2.240915e+003,4.939656e+001
2.241397e+003,4.938747e+001
2.241879e+003,4.937865e+001
2.242361e+003,4.936989e+001
2.242844e+003,4.936106e+001
2.243326e+003,4.935206e+001
2.243808e+003,4.934288e+001
2.244290e+003,4.933352e+001
2.244772e+003,4.932406e+001
2.245254e+003,4.931452e+001
2.245736e+003,4.930493e+001
2.246218e+003,4.929527e+001
2.246700e+003,4.928557e+001
2.247183e+003,4.927582e+001
2.247665e+003,4.926611e+001
2.248147e+003,4.925645e+001
2.248629e+003,4.924685e+001
2.249111e+003,4.923729e+001
2.249593e+003,4.922766e+001
2.250075e+003,4.921787e+001
2.250557e+003,4.920783e+001
2.251040e+003,4.919753e+001
2.251522e+003,4.918702e+001
2.252004e+003,4.917639e+001
2.252486e+003,4.916579e+001
2.252968e+003,4.915534e+001
2.253450e+003,4.914514e+001
2.253932e+003,4.913522e+001
2.254415e+003,4.912560e+001
2.254896e+003,4.911621e+001
2.255379e+003,4.910699e+001
2.255861e+003,4.909786e+001
2.256343e+003,4.908868e+001
2.256825e+003,4.907931e+001
2.257307e+003,4.906968e+001
2.257789e+003,4.905973e+001
2.258271e+003,4.904948e+001
2.258754e+003,4.903902e+001
2.259236e+003,4.902842e+001
2.259718e+003,4.901781e+001
2.260200e+003,4.900719e+001
2.260682e+003,4.899657e+001
2.261164e+003,4.898587e+001
2.261646e+003,4.897504e+001
2.262128e+003,4.896402e+001
2.262611e+003,4.895287e+001
2.263093e+003,4.894166e+001
2.263575e+003,4.893052e+001
2.264057e+003,4.891953e+001
2.264539e+003,4.890875e+001
2.265021e+003,4.889817e+001
2.265503e+003,4.888770e+001
2.265985e+003,4.887728e+001
2.266468e+003,4.886685e+001
2.266950e+003,4.885636e+001
2.267432e+003,4.884581e+001
2.267914e+003,4.883521e+001
2.268396e+003,4.882460e+001
2.268878e+003,4.881400e+001
2.269360e+003,4.880350e+001
2.269843e+003,4.879315e+001
2.270324e+003,4.878304e+001
2.270807e+003,4.877317e+001
2.271289e+003,4.876354e+001
2.271771e+003,4.875401e+001
2.272253e+003,4.874437e+001
2.272735e+003,4.873442e+001
2.273217e+003,4.872398e+001
2.273699e+003,4.871294e+001
2.274182e+003,4.870134e+001
2.274664e+003,4.868930e+001
2.275146e+003,4.867703e+001
2.275628e+003,4.866471e+001
2.276110e+003,4.865247e+001
2.276592e+003,4.864035e+001
2.277074e+003,4.862833e+001
2.277556e+003,4.861637e+001
2.278039e+003,4.860442e+001
2.278521e+003,4.859242e+001
2.279003e+003,4.858037e+001
2.279485e+003,4.856823e+001
2.279967e+003,4.855599e+001
2.280449e+003,4.854364e+001
2.280931e+003,4.853123e+001
2.281413e+003,4.851877e+001
2.281896e+003,4.850645e+001
2.282378e+003,4.849435e+001
2.282860e+003,4.848257e+001
2.283342e+003,4.847120e+001
2.283824e+003,4.846016e+001
2.284306e+003,4.844933e+001
2.284788e+003,4.843859e+001
2.285271e+003,4.842778e+001
2.285752e+003,4.841688e+001
2.286235e+003,4.840588e+001
2.286717e+003,4.839487e+001
2.287199e+003,4.838396e+001
2.287681e+003,4.837326e+001
2.288163e+003,4.836283e+001
2.288645e+003,4.835271e+001
2.289127e+003,4.834290e+001
2.289610e+003,4.833342e+001
2.290092e+003,4.832423e+001
2.290574e+003,4.831527e+001
2.291056e+003,4.830650e+001
2.291538e+003,4.829775e+001
2.292020e+003,4.828893e+001
2.292502e+003,4.827990e+001
2.292984e+003,4.827059e+001
2.293467e+003,4.826105e+001
2.293949e+003,4.825135e+001
2.294431e+003,4.824159e+001
2.294913e+003,4.823188e+001
2.295395e+003,4.822226e+001
2.295877e+003,4.821272e+001
2.296359e+003,4.820321e+001
2.296841e+003,4.819368e+001
2.297323e+003,4.818407e+001
2.297806e+003,4.817440e+001
2.298288e+003,4.816463e+001
2.298770e+003,4.815477e+001
2.299252e+003,4.814476e+001
2.299734e+003,4.813450e+001
2.300216e+003,4.812396e+001
2.300698e+003,4.811307e+001
2.301180e+003,4.810194e+001
2.301663e+003,4.809066e+001
2.302145e+003,4.807951e+001
2.302627e+003,4.806868e+001
2.303109e+003,4.805840e+001
2.303591e+003,4.804882e+001
2.304073e+003,4.804000e+001
2.304555e+003,4.803192e+001
2.305038e+003,4.802448e+001
2.305520e+003,4.801755e+001
2.306002e+003,4.801094e+001
2.306484e+003,4.800447e+001
2.306966e+003,4.799793e+001
2.307448e+003,4.799116e+001
2.307930e+003,4.798409e+001
2.308412e+003,4.797668e+001
2.308895e+003,4.796902e+001
2.309377e+003,4.796120e+001
2.309859e+003,4.795330e+001
2.310341e+003,4.794535e+001
2.310823e+003,4.793728e+001
2.311305e+003,4.792895e+001
2.311787e+003,4.792018e+001
2.312269e+003,4.791086e+001
2.312751e+003,4.790094e+001
2.313234e+003,4.789048e+001
2.313716e+003,4.787964e+001
2.314198e+003,4.786861e+001
2.314680e+003,4.785765e+001
2.315162e+003,4.784702e+001
2.315644e+003,4.783702e+001
2.316126e+003,4.782798e+001
2.316608e+003,4.782024e+001
2.317091e+003,4.781405e+001
2.317573e+003,4.780957e+001
2.318055e+003,4.780676e+001
2.318537e+003,4.780528e+001
2.319019e+003,4.780468e+001
2.319501e+003,4.780431e+001
2.319983e+003,4.780355e+001
2.320466e+003,4.780192e+001
2.320948e+003,4.779908e+001
2.321430e+003,4.779487e+001
2.321912e+003,4.778934e+001
2.322394e+003,4.778261e+001
2.322876e+003,4.777488e+001
2.323358e+003,4.776641e+001
2.323840e+003,4.775750e+001
2.324323e+003,4.774846e+001
2.324805e+003,4.773959e+001
2.325287e+003,4.773111e+001
2.325769e+003,4.772301e+001
2.326251e+003,4.771527e+001
2.326733e+003,4.770763e+001
2.327215e+003,4.769989e+001
2.327697e+003,4.769187e+001
2.328179e+003,4.768356e+001
2.328662e+003,4.767502e+001
2.329144e+003,4.766640e+001
2.329626e+003,4.765779e+001
2.330108e+003,4.764917e+001
2.330590e+003,4.764042e+001
2.331072e+003,4.763138e+001
2.331554e+003,4.762187e+001
2.332036e+003,4.761182e+001
2.332519e+003,4.760119e+001
2.333001e+003,4.759007e+001
2.333483e+003,4.757844e+001
2.333965e+003,4.756633e+001
2.334447e+003,4.755371e+001
2.334929e+003,4.754066e+001
2.335411e+003,4.752737e+001
2.335894e+003,4.751423e+001
2.336375e+003,4.750171e+001
2.336858e+003,4.749028e+001
2.337340e+003,4.748029e+001
2.337822e+003,4.747176e+001
2.338304e+003,4.746445e+001
2.338786e+003,4.745789e+001
2.339268e+003,4.745150e+001
2.339750e+003,4.744474e+001
2.340233e+003,4.743713e+001
2.340715e+003,4.742833e+001
2.341197e+003,4.741805e+001
2.341679e+003,4.740606e+001
2.342161e+003,4.739207e+001
2.342643e+003,4.737581e+001
2.343125e+003,4.735697e+001
2.343607e+003,4.733532e+001
2.344090e+003,4.731070e+001
2.344572e+003,4.728317e+001
2.345054e+003,4.725309e+001
2.345536e+003,4.722117e+001
2.346018e+003,4.718842e+001
2.346500e+003,4.715602e+001
2.346982e+003,4.712520e+001
2.347464e+003,4.709709e+001
2.347947e+003,4.707246e+001
2.348429e+003,4.705194e+001
2.348911e+003,4.703584e+001
2.349393e+003,4.702424e+001
2.349875e+003,4.701701e+001
2.350357e+003,4.701390e+001
2.350839e+003,4.701444e+001
2.351322e+003,4.701815e+001
2.351803e+003,4.702447e+001
2.352286e+003,4.703281e+001
2.352768e+003,4.704262e+001
2.353250e+003,4.705335e+001
2.353732e+003,4.706454e+001
2.354214e+003,4.707575e+001
2.354696e+003,4.708652e+001
2.355178e+003,4.709653e+001
2.355661e+003,4.710537e+001
2.356143e+003,4.711273e+001
2.356625e+003,4.711827e+001
2.357107e+003,4.712169e+001
2.357589e+003,4.712269e+001
2.358071e+003,4.712111e+001
2.358553e+003,4.711683e+001
2.359035e+003,4.710997e+001
2.359518e+003,4.710069e+001
2.360000e+003,4.708920e+001
2.360482e+003,4.707573e+001
2.360964e+003,4.706050e+001
2.361446e+003,4.704374e+001
2.361928e+003,4.702570e+001
2.362410e+003,4.700673e+001
2.362892e+003,4.698724e+001
2.363375e+003,4.696753e+001
2.363857e+003,4.694774e+001
2.364339e+003,4.692775e+001
2.364821e+003,4.690718e+001
2.365303e+003,4.688557e+001
2.365785e+003,4.686251e+001
2.366267e+003,4.683780e+001
2.366750e+003,4.681149e+001
2.367232e+003,4.678371e+001
2.367714e+003,4.675474e+001
2.368196e+003,4.672468e+001
2.368678e+003,4.669354e+001
2.369160e+003,4.666127e+001
2.369642e+003,4.662785e+001
2.370124e+003,4.659336e+001
2.370606e+003,4.655816e+001
2.371089e+003,4.652267e+001
2.371571e+003,4.648739e+001
2.372053e+003,4.645280e+001
2.372535e+003,4.641923e+001
2.373017e+003,4.638689e+001
2.373499e+003,4.635591e+001
2.373981e+003,4.632631e+001
2.374463e+003,4.629813e+001
2.374946e+003,4.627128e+001
2.375428e+003,4.624559e+001
2.375910e+003,4.622073e+001
2.376392e+003,4.619632e+001
2.376874e+003,4.617188e+001
2.377356e+003,4.614705e+001
2.377838e+003,4.612157e+001
2.378321e+003,4.609543e+001
2.378802e+003,4.606873e+001
2.379285e+003,4.604172e+001
2.379767e+003,4.601469e+001
2.380249e+003,4.598790e+001
2.380731e+003,4.596155e+001
2.381213e+003,4.593576e+001
2.381695e+003,4.591065e+001
2.382177e+003,4.588630e+001
2.382660e+003,4.586277e+001
2.383142e+003,4.584014e+001
2.383624e+003,4.581846e+001
2.384106e+003,4.579777e+001
2.384588e+003,4.577810e+001
2.385070e+003,4.575945e+001
2.385552e+003,4.574187e+001
2.386034e+003,4.572534e+001
2.386517e+003,4.570985e+001
2.386999e+003,4.569531e+001
2.387481e+003,4.568160e+001
2.387963e+003,4.566853e+001
2.388445e+003,4.565585e+001
2.388927e+003,4.564339e+001
2.389409e+003,4.563100e+001
2.389891e+003,4.561863e+001
2.390374e+003,4.560628e+001
2.390856e+003,4.559400e+001
2.391338e+003,4.558184e+001
2.391820e+003,4.556981e+001
2.392302e+003,4.555790e+001
2.392784e+003,4.554608e+001
2.393266e+003,4.553432e+001
2.393749e+003,4.552263e+001
2.394230e+003,4.551104e+001
2.394713e+003,4.549957e+001
2.395195e+003,4.548819e+001
2.395677e+003,4.547689e+001
2.396159e+003,4.546563e+001
2.396641e+003,4.545435e+001
2.397123e+003,4.544305e+001
2.397605e+003,4.543174e+001
2.398088e+003,4.542044e+001
2.398570e+003,4.540916e+001
2.399052e+003,4.539787e+001
2.399534e+003,4.538651e+001
2.400016e+003,4.537495e+001
2.400498e+003,4.536311e+001
2.400980e+003,4.535098e+001
2.401462e+003,4.533864e+001
2.401945e+003,4.532623e+001
2.402427e+003,4.531395e+001
2.402909e+003,4.530192e+001
2.403391e+003,4.529026e+001
2.403873e+003,4.527893e+001
2.404355e+003,4.526783e+001
2.404837e+003,4.525681e+001
2.405319e+003,4.524570e+001
2.405802e+003,4.523434e+001
2.406284e+003,4.522263e+001
2.406766e+003,4.521050e+001
2.407248e+003,4.519797e+001
2.407730e+003,4.518502e+001
2.408212e+003,4.517181e+001
2.408694e+003,4.515847e+001
2.409177e+003,4.514521e+001
2.409658e+003,4.513218e+001
2.410141e+003,4.511958e+001
2.410623e+003,4.510741e+001
2.411105e+003,4.509568e+001
2.411587e+003,4.508427e+001
2.412069e+003,4.507305e+001
2.412551e+003,4.506193e+001
2.413033e+003,4.505085e+001
2.413516e+003,4.503979e+001
2.413998e+003,4.502882e+001
2.414480e+003,4.501792e+001
2.414962e+003,4.500713e+001
2.415444e+003,4.499641e+001
2.415926e+003,4.498572e+001
2.416408e+003,4.497500e+001
2.416890e+003,4.496423e+001
2.417373e+003,4.495338e+001
2.417855e+003,4.494241e+001
2.418337e+003,4.493130e+001
2.418819e+003,4.491997e+001
2.419301e+003,4.490833e+001
2.419783e+003,4.489640e+001
2.420265e+003,4.488417e+001
2.420747e+003,4.487179e+001
2.421229e+003,4.485935e+001
2.421712e+003,4.484705e+001
2.422194e+003,4.483497e+001
2.422676e+003,4.482315e+001
2.423158e+003,4.481156e+001
2.423640e+003,4.480012e+001
2.424122e+003,4.478873e+001
2.424604e+003,4.477738e+001
2.425086e+003,4.476601e+001
2.425569e+003,4.475462e+001
2.426051e+003,4.474323e+001
2.426533e+003,4.473176e+001
2.427015e+003,4.472021e+001
2.427497e+003,4.470852e+001
2.427979e+003,4.469666e+001
2.428461e+003,4.468469e+001
2.428944e+003,4.467273e+001
2.429426e+003,4.466087e+001
2.429908e+003,4.464927e+001
2.430390e+003,4.463795e+001
2.430872e+003,4.462698e+001
2.431354e+003,4.461629e+001
2.431836e+003,4.460581e+001
2.432318e+003,4.459543e+001
2.432801e+003,4.458503e+001
2.433283e+003,4.457450e+001
2.433765e+003,4.456369e+001
2.434247e+003,4.455248e+001
2.434729e+003,4.454081e+001
2.435211e+003,4.452863e+001
2.435693e+003,4.451605e+001
2.436175e+003,4.450321e+001
2.436657e+003,4.449028e+001
2.437140e+003,4.447748e+001
2.437622e+003,4.446489e+001
2.438104e+003,4.445253e+001
2.438586e+003,4.444034e+001
2.439068e+003,4.442816e+001
2.439550e+003,4.441590e+001
2.440032e+003,4.440350e+001
2.440514e+003,4.439096e+001
2.440997e+003,4.437838e+001
2.441479e+003,4.436584e+001
2.441961e+003,4.435345e+001
2.442443e+003,4.434127e+001
2.442925e+003,4.432933e+001
2.443407e+003,4.431763e+001
2.443889e+003,4.430616e+001
2.444372e+003,4.429487e+001
2.444854e+003,4.428373e+001
2.445336e+003,4.427264e+001
2.445818e+003,4.426151e+001
2.446300e+003,4.425023e+001
2.446782e+003,4.423871e+001
2.447264e+003,4.422690e+001
2.447746e+003,4.421484e+001
2.448229e+003,4.420259e+001
2.448711e+003,4.419026e+001
2.449193e+003,4.417793e+001
2.449675e+003,4.416567e+001
2.450157e+003,4.415351e+001
2.450639e+003,4.414146e+001
2.451121e+003,4.412953e+001
2.451604e+003,4.411773e+001
2.452085e+003,4.410609e+001
2.452568e+003,4.409457e+001
2.453050e+003,4.408315e+001
2.453532e+003,4.407170e+001
2.454014e+003,4.406013e+001
2.454496e+003,4.404832e+001
2.454978e+003,4.403619e+001
2.455460e+003,4.402381e+001
2.455943e+003,4.401123e+001
2.456425e+003,4.399859e+001
2.456907e+003,4.398603e+001
2.457389e+003,4.397359e+001
2.457871e+003,4.396129e+001
2.458353e+003,4.394904e+001
2.458835e+003,4.393676e+001
2.459317e+003,4.392435e+001
2.459800e+003,4.391176e+001
2.460282e+003,4.389900e+001
2.460764e+003,4.388610e+001
2.461246e+003,4.387307e+001
2.461728e+003,4.385998e+001
2.462210e+003,4.384689e+001
2.462692e+003,4.383385e+001
2.463174e+003,4.382089e+001
2.463656e+003,4.380809e+001
2.464139e+003,4.379546e+001
2.464621e+003,4.378300e+001
2.465103e+003,4.377070e+001
2.465585e+003,4.375851e+001
2.466067e+003,4.374637e+001
2.466549e+003,4.373426e+001
2.467031e+003,4.372217e+001
2.467513e+003,4.371009e+001
2.467996e+003,4.369805e+001
2.468478e+003,4.368599e+001
2.468960e+003,4.367387e+001
2.469442e+003,4.366167e+001
2.469924e+003,4.364937e+001
2.470406e+003,4.363697e+001
2.470888e+003,4.362454e+001
2.471371e+003,4.361213e+001
2.471853e+003,4.359982e+001
2.472335e+003,4.358762e+001
2.472817e+003,4.357550e+001
2.473299e+003,4.356340e+001
2.473781e+003,4.355128e+001
2.474263e+003,4.353909e+001
2.474745e+003,4.352686e+001
2.475228e+003,4.351461e+001
2.475710e+003,4.350239e+001
2.476192e+003,4.349020e+001
2.476674e+003,4.347802e+001
2.477156e+003,4.346582e+001
2.477638e+003,4.345356e+001
2.478120e+003,4.344122e+001
2.478602e+003,4.342887e+001
2.479084e+003,4.341659e+001
2.479567e+003,4.340443e+001
2.480049e+003,4.339245e+001
2.480531e+003,4.338062e+001
2.481013e+003,4.336885e+001
2.481495e+003,4.335704e+001
2.481977e+003,4.334512e+001
2.482459e+003,4.333302e+001
2.482941e+003,4.332076e+001
2.483424e+003,4.330836e+001
2.483906e+003,4.329585e+001
2.484388e+003,4.328325e+001
2.484870e+003,4.327054e+001
2.485352e+003,4.325772e+001
2.485834e+003,4.324477e+001
2.486316e+003,4.323176e+001
2.486799e+003,4.321872e+001
2.487281e+003,4.320573e+001
2.487763e+003,4.319282e+001
2.488245e+003,4.318000e+001
2.488727e+003,4.316721e+001
2.489209e+003,4.315442e+001
2.489691e+003,4.314157e+001
2.490173e+003,4.312867e+001
2.490656e+003,4.311572e+001
2.491138e+003,4.310275e+001
2.491620e+003,4.308979e+001
2.492102e+003,4.307681e+001
2.492584e+003,4.306379e+001
2.493066e+003,4.305066e+001
2.493548e+003,4.303738e+001
2.494030e+003,4.302396e+001
2.494512e+003,4.301041e+001
2.494995e+003,4.299673e+001
2.495477e+003,4.298297e+001
2.495959e+003,4.296914e+001
2.496441e+003,4.295524e+001
2.496923e+003,4.294132e+001
2.497405e+003,4.292742e+001
2.497887e+003,4.291365e+001
2.498370e+003,4.290008e+001
2.498852e+003,4.288683e+001
2.499334e+003,4.287394e+001
2.499816e+003,4.286140e+001
2.500298e+003,4.284917e+001
2.500780e+003,4.283719e+001
2.501262e+003,4.282543e+001
2.501744e+003,4.281388e+001
2.502227e+003,4.280245e+001
2.502709e+003,4.279111e+001
2.503191e+003,4.277972e+001
2.503673e+003,4.276810e+001
2.504155e+003,4.275606e+001
2.504637e+003,4.274347e+001
2.505119e+003,4.273029e+001
2.505601e+003,4.271666e+001
2.506083e+003,4.270278e+001
2.506566e+003,4.268892e+001
2.507048e+003,4.267531e+001
2.507530e+003,4.266208e+001
2.508012e+003,4.264924e+001
2.508494e+003,4.263666e+001
2.508976e+003,4.262417e+001
2.509458e+003,4.261161e+001
2.509940e+003,4.259889e+001
2.510423e+003,4.258596e+001
2.510905e+003,4.257285e+001
2.511387e+003,4.255960e+001
2.511869e+003,4.254628e+001
2.512351e+003,4.253294e+001
2.512833e+003,4.251957e+001
2.513315e+003,4.250621e+001
2.513798e+003,4.249287e+001
2.514280e+003,4.247956e+001
2.514762e+003,4.246625e+001
2.515244e+003,4.245297e+001
2.515726e+003,4.243973e+001
2.516208e+003,4.242658e+001
2.516690e+003,4.241354e+001
2.517172e+003,4.240076e+001
2.517655e+003,4.238828e+001
2.518137e+003,4.237619e+001
2.518619e+003,4.236448e+001
2.519101e+003,4.235311e+001
2.519583e+003,4.234196e+001
2.520065e+003,4.233090e+001
2.520547e+003,4.231981e+001
2.521029e+003,4.230863e+001
2.521511e+003,4.229729e+001
2.521994e+003,4.228579e+001
2.522476e+003,4.227410e+001
2.522958e+003,4.226218e+001
2.523440e+003,4.225002e+001
2.523922e+003,4.223756e+001
2.524404e+003,4.222482e+001
2.524886e+003,4.221184e+001
2.525368e+003,4.219867e+001
2.525851e+003,4.218541e+001
2.526333e+003,4.217213e+001
2.526815e+003,4.215886e+001
2.527297e+003,4.214566e+001
2.527779e+003,4.213253e+001
2.528261e+003,4.211952e+001
2.528743e+003,4.210666e+001
2.529226e+003,4.209401e+001
2.529708e+003,4.208156e+001
2.530190e+003,4.206932e+001
2.530672e+003,4.205719e+001
2.531154e+003,4.204510e+001
2.531636e+003,4.203296e+001
2.532118e+003,4.202069e+001
2.532600e+003,4.200834e+001
2.533083e+003,4.199592e+001
2.533565e+003,4.198349e+001
2.534047e+003,4.197108e+001
2.534529e+003,4.195868e+001
2.535011e+003,4.194629e+001
2.535493e+003,4.193386e+001
2.535975e+003,4.192137e+001
2.536457e+003,4.190885e+001
2.536939e+003,4.189631e+001
2.537422e+003,4.188382e+001
2.537904e+003,4.187136e+001
2.538386e+003,4.185892e+001
2.538868e+003,4.184642e+001
2.539350e+003,4.183378e+001
2.539832e+003,4.182098e+001
2.540314e+003,4.180802e+001
2.540796e+003,4.179497e+001
2.541279e+003,4.178195e+001
2.541761e+003,4.176904e+001
2.542243e+003,4.175635e+001
2.542725e+003,4.174395e+001
2.543207e+003,4.173183e+001
2.543689e+003,4.172001e+001
2.544171e+003,4.170845e+001
2.544654e+003,4.169707e+001
2.545135e+003,4.168578e+001
2.545618e+003,4.167441e+001
2.546100e+003,4.166282e+001
2.546582e+003,4.165085e+001
2.547064e+003,4.163845e+001
2.547546e+003,4.162568e+001
2.548028e+003,4.161269e+001
2.548510e+003,4.159969e+001
2.548993e+003,4.158693e+001
2.549475e+003,4.157454e+001
2.549957e+003,4.156259e+001
2.550439e+003,4.155100e+001
2.550921e+003,4.153962e+001
2.551403e+003,4.152826e+001
2.551885e+003,4.151676e+001
2.552367e+003,4.150499e+001
2.552850e+003,4.149294e+001
2.553332e+003,4.148058e+001
2.553814e+003,4.146797e+001
2.554296e+003,4.145522e+001
2.554778e+003,4.144243e+001
2.555260e+003,4.142976e+001
2.555742e+003,4.141740e+001
2.556224e+003,4.140548e+001
2.556707e+003,4.139409e+001
2.557189e+003,4.138325e+001
2.557671e+003,4.137282e+001
2.558153e+003,4.136262e+001
2.558635e+003,4.135243e+001
2.559117e+003,4.134204e+001
2.559599e+003,4.133133e+001
2.560082e+003,4.132019e+001
2.560563e+003,4.130866e+001
2.561046e+003,4.129678e+001
2.561528e+003,4.128457e+001
2.562010e+003,4.127205e+001
2.562492e+003,4.125928e+001
2.562974e+003,4.124627e+001
2.563456e+003,4.123311e+001
2.563938e+003,4.121988e+001
2.564421e+003,4.120668e+001
2.564903e+003,4.119361e+001
2.565385e+003,4.118073e+001
2.565867e+003,4.116803e+001
2.566349e+003,4.115552e+001
2.566831e+003,4.114320e+001
2.567313e+003,4.113110e+001
2.567795e+003,4.111927e+001
2.568278e+003,4.110777e+001
2.568760e+003,4.109667e+001
2.569242e+003,4.108598e+001
2.569724e+003,4.107566e+001
2.570206e+003,4.106564e+001
2.570688e+003,4.105577e+001
2.571170e+003,4.104591e+001
2.571652e+003,4.103587e+001
2.572135e+003,4.102549e+001
2.572617e+003,4.101461e+001
2.573099e+003,4.100313e+001
2.573581e+003,4.099102e+001
2.574063e+003,4.097833e+001
2.574545e+003,4.096521e+001
2.575027e+003,4.095185e+001
2.575510e+003,4.093845e+001
2.575991e+003,4.092515e+001
2.576474e+003,4.091205e+001
2.576956e+003,4.089915e+001
2.577438e+003,4.088645e+001
2.577920e+003,4.087392e+001
2.578402e+003,4.086160e+001
2.578884e+003,4.084957e+001
2.579366e+003,4.083794e+001
2.579849e+003,4.082678e+001
2.580331e+003,4.081607e+001
2.580813e+003,4.080571e+001
2.581295e+003,4.079548e+001
2.581777e+003,4.078511e+001
2.582259e+003,4.077441e+001
2.582741e+003,4.076318e+001
2.583223e+003,4.075141e+001
2.583706e+003,4.073912e+001
2.584188e+003,4.072648e+001
2.584670e+003,4.071363e+001
2.585152e+003,4.070076e+001
2.585634e+003,4.068803e+001
2.586116e+003,4.067558e+001
2.586598e+003,4.066354e+001
2.587080e+003,4.065195e+001
2.587563e+003,4.064079e+001
2.588045e+003,4.062999e+001
2.588527e+003,4.061940e+001
2.589009e+003,4.060888e+001
2.589491e+003,4.059831e+001
2.589973e+003,4.058762e+001
2.590455e+003,4.057684e+001
2.590938e+003,4.056600e+001
2.591419e+003,4.055516e+001
2.591902e+003,4.054432e+001
2.592384e+003,4.053345e+001
2.592866e+003,4.052248e+001
2.593348e+003,4.051135e+001
2.593830e+003,4.050003e+001
2.594312e+003,4.048858e+001
2.594794e+003,4.047707e+001
2.595277e+003,4.046565e+001
2.595759e+003,4.045436e+001
2.596241e+003,4.044324e+001
2.596723e+003,4.043225e+001
2.597205e+003,4.042128e+001
2.597687e+003,4.041023e+001
2.598169e+003,4.039906e+001
2.598651e+003,4.038772e+001
2.599134e+003,4.037622e+001
2.599616e+003,4.036459e+001
2.600098e+003,4.035282e+001
2.600580e+003,4.034092e+001
2.601062e+003,4.032887e+001
2.601544e+003,4.031667e+001
2.602026e+003,4.030437e+001
2.602508e+003,4.029197e+001
2.602990e+003,4.027951e+001
2.603473e+003,4.026700e+001
2.603955e+003,4.025445e+001
2.604437e+003,4.024183e+001
2.604919e+003,4.022918e+001
2.605401e+003,4.021658e+001
2.605883e+003,4.020415e+001
2.606365e+003,4.019202e+001
2.606847e+003,4.018035e+001
2.607330e+003,4.016919e+001
2.607812e+003,4.015852e+001
2.608294e+003,4.014828e+001
2.608776e+003,4.013829e+001
2.609258e+003,4.012838e+001
2.609740e+003,4.011843e+001
2.610222e+003,4.010830e+001
2.610705e+003,4.009788e+001
2.611187e+003,4.008705e+001
2.611669e+003,4.007570e+001
2.612151e+003,4.006374e+001
2.612633e+003,4.005112e+001
2.613115e+003,4.003788e+001
2.613597e+003,4.002415e+001
2.614079e+003,4.001013e+001
2.614562e+003,3.999605e+001
2.615044e+003,3.998213e+001
2.615526e+003,3.996854e+001
2.616008e+003,3.995538e+001
2.616490e+003,3.994273e+001
2.616972e+003,3.993063e+001
2.617454e+003,3.991912e+001
2.617936e+003,3.990820e+001
2.618418e+003,3.989785e+001
2.618901e+003,3.988797e+001
2.619383e+003,3.987834e+001
2.619865e+003,3.986872e+001
2.620347e+003,3.985880e+001
2.620829e+003,3.984837e+001
2.621311e+003,3.983728e+001
2.621793e+003,3.982548e+001
2.622276e+003,3.981304e+001
2.622758e+003,3.980009e+001
2.623240e+003,3.978677e+001
2.623722e+003,3.977329e+001
2.624204e+003,3.975980e+001
2.624686e+003,3.974648e+001
2.625168e+003,3.973349e+001
2.625650e+003,3.972094e+001
2.626133e+003,3.970887e+001
2.626615e+003,3.969727e+001
2.627097e+003,3.968599e+001
2.627579e+003,3.967485e+001
2.628061e+003,3.966368e+001
2.628543e+003,3.965231e+001
2.629025e+003,3.964066e+001
2.629507e+003,3.962875e+001
2.629990e+003,3.961663e+001
2.630472e+003,3.960438e+001
2.630954e+003,3.959207e+001
2.631436e+003,3.957975e+001
2.631918e+003,3.956744e+001
2.632400e+003,3.955513e+001
2.632882e+003,3.954287e+001
2.633364e+003,3.953069e+001
2.633846e+003,3.951859e+001
2.634329e+003,3.950658e+001
2.634811e+003,3.949462e+001
2.635293e+003,3.948267e+001
2.635775e+003,3.947068e+001
2.636257e+003,3.945867e+001
2.636739e+003,3.944665e+001
2.637221e+003,3.943467e+001
2.637704e+003,3.942276e+001
2.638186e+003,3.941093e+001
2.638668e+003,3.939908e+001
2.639150e+003,3.938709e+001
2.639632e+003,3.937481e+001
2.640114e+003,3.936213e+001
2.640596e+003,3.934899e+001
2.641078e+003,3.933550e+001
2.641561e+003,3.932177e+001
2.642043e+003,3.930798e+001
2.642525e+003,3.929430e+001
2.643007e+003,3.928086e+001
2.643489e+003,3.926771e+001
2.643971e+003,3.925489e+001
2.644453e+003,3.924234e+001
2.644935e+003,3.923001e+001
2.645417e+003,3.921779e+001
2.645900e+003,3.920559e+001
2.646382e+003,3.919328e+001
2.646864e+003,3.918081e+001
2.647346e+003,3.916809e+001
2.647828e+003,3.915514e+001
2.648310e+003,3.914199e+001
2.648792e+003,3.912873e+001
2.649274e+003,3.911541e+001
2.649757e+003,3.910207e+001
2.650239e+003,3.908872e+001
2.650721e+003,3.907537e+001
2.651203e+003,3.906202e+001
2.651685e+003,3.904867e+001
2.652167e+003,3.903540e+001
2.652649e+003,3.902227e+001
2.653132e+003,3.900931e+001
2.653614e+003,3.899649e+001
2.654096e+003,3.898377e+001
2.654578e+003,3.897109e+001
2.655060e+003,3.895838e+001
2.655542e+003,3.894561e+001
2.656024e+003,3.893286e+001
2.656506e+003,3.892019e+001
2.656989e+003,3.890770e+001
2.657471e+003,3.889545e+001
2.657953e+003,3.888345e+001
2.658435e+003,3.887168e+001
2.658917e+003,3.886007e+001
2.659399e+003,3.884860e+001
2.659881e+003,3.883721e+001
2.660363e+003,3.882591e+001
2.660845e+003,3.881465e+001
2.661328e+003,3.880339e+001
2.661810e+003,3.879203e+001
2.662292e+003,3.878047e+001
2.662774e+003,3.876860e+001
2.663256e+003,3.875635e+001
2.663738e+003,3.874375e+001
2.664220e+003,3.873081e+001
2.664702e+003,3.871758e+001
2.665185e+003,3.870411e+001
2.665667e+003,3.869042e+001
2.666149e+003,3.867654e+001
2.666631e+003,3.866258e+001
2.667113e+003,3.864867e+001
2.667595e+003,3.863501e+001
2.668077e+003,3.862180e+001
2.668560e+003,3.860917e+001
2.669042e+003,3.859709e+001
2.669524e+003,3.858540e+001
2.670006e+003,3.857380e+001
2.670488e+003,3.856195e+001
2.670970e+003,3.854956e+001
2.671452e+003,3.853649e+001
2.671934e+003,3.852274e+001
2.672417e+003,3.850849e+001
2.672899e+003,3.849398e+001
2.673381e+003,3.847948e+001
2.673863e+003,3.846520e+001
2.674345e+003,3.845128e+001
2.674827e+003,3.843777e+001
2.675309e+003,3.842467e+001
2.675791e+003,3.841195e+001
2.676273e+003,3.839954e+001
2.676756e+003,3.838737e+001
2.677238e+003,3.837531e+001
2.677720e+003,3.836328e+001
2.678202e+003,3.835119e+001
2.678684e+003,3.833899e+001
2.679166e+003,3.832671e+001
2.679648e+003,3.831437e+001
2.680130e+003,3.830199e+001
2.680613e+003,3.828955e+001
2.681095e+003,3.827700e+001
2.681577e+003,3.826423e+001
2.682059e+003,3.825113e+001
2.682541e+003,3.823763e+001
2.683023e+003,3.822375e+001
2.683505e+003,3.820963e+001
2.683988e+003,3.819540e+001
2.684469e+003,3.818127e+001
2.684952e+003,3.816741e+001
2.685434e+003,3.815390e+001
2.685916e+003,3.814084e+001
2.686398e+003,3.812819e+001
2.686880e+003,3.811593e+001
2.687362e+003,3.810399e+001
2.687844e+003,3.809230e+001
2.688327e+003,3.808073e+001
2.688809e+003,3.806913e+001
2.689291e+003,3.805735e+001
2.689773e+003,3.804524e+001
2.690255e+003,3.803271e+001
2.690737e+003,3.801977e+001
2.691219e+003,3.800647e+001
2.691701e+003,3.799294e+001
2.692184e+003,3.797932e+001
2.692666e+003,3.796580e+001
2.693148e+003,3.795251e+001
2.693630e+003,3.793956e+001
2.694112e+003,3.792702e+001
2.694594e+003,3.791493e+001
2.695076e+003,3.790321e+001
2.695558e+003,3.789179e+001
2.696041e+003,3.788049e+001
2.696523e+003,3.786908e+001
2.697005e+003,3.785741e+001
2.697487e+003,3.784537e+001
2.697969e+003,3.783295e+001
2.698451e+003,3.782025e+001
2.698933e+003,3.780742e+001
2.699416e+003,3.779461e+001
2.699897e+003,3.778194e+001
2.700380e+003,3.776940e+001
2.700862e+003,3.775692e+001
2.701344e+003,3.774442e+001
2.701826e+003,3.773183e+001
2.702308e+003,3.771915e+001
2.702790e+003,3.770638e+001
2.703272e+003,3.769363e+001
2.703755e+003,3.768093e+001
2.704237e+003,3.766829e+001
2.704719e+003,3.765567e+001
2.705201e+003,3.764301e+001
2.705683e+003,3.763023e+001
2.706165e+003,3.761733e+001
2.706647e+003,3.760438e+001
2.707129e+003,3.759144e+001
2.707612e+003,3.757865e+001
2.708094e+003,3.756609e+001
2.708576e+003,3.755382e+001
2.709058e+003,3.754185e+001
2.709540e+003,3.753016e+001
2.710022e+003,3.751873e+001
2.710504e+003,3.750750e+001
2.710986e+003,3.749640e+001
2.711469e+003,3.748529e+001
2.711951e+003,3.747408e+001
2.712433e+003,3.746259e+001
2.712915e+003,3.745070e+001
2.713397e+003,3.743835e+001
2.713879e+003,3.742554e+001
2.714361e+003,3.741233e+001
2.714844e+003,3.739883e+001
2.715325e+003,3.738515e+001
2.715808e+003,3.737140e+001
2.716290e+003,3.735764e+001
2.716772e+003,3.734397e+001
2.717254e+003,3.733047e+001
2.717736e+003,3.731724e+001
2.718218e+003,3.730436e+001
2.718700e+003,3.729186e+001
2.719183e+003,3.727975e+001
2.719665e+003,3.726789e+001
2.720147e+003,3.725617e+001
2.720629e+003,3.724446e+001
2.721111e+003,3.723267e+001
2.721593e+003,3.722076e+001
2.722075e+003,3.720878e+001
2.722557e+003,3.719681e+001
2.723040e+003,3.718489e+001
2.723522e+003,3.717303e+001
2.724004e+003,3.716119e+001
2.724486e+003,3.714930e+001
2.724968e+003,3.713728e+001
2.725450e+003,3.712515e+001
2.725932e+003,3.711292e+001
2.726414e+003,3.710064e+001
2.726896e+003,3.708838e+001
2.727379e+003,3.707613e+001
2.727861e+003,3.706390e+001
2.728343e+003,3.705165e+001
2.728825e+003,3.703936e+001
2.729307e+003,3.702699e+001
2.729789e+003,3.701461e+001
2.730271e+003,3.700224e+001
2.730753e+003,3.698997e+001
2.731236e+003,3.697783e+001
2.731718e+003,3.696588e+001
2.732200e+003,3.695413e+001
2.732682e+003,3.694260e+001
2.733164e+003,3.693130e+001
2.733646e+003,3.692019e+001
2.734128e+003,3.690923e+001
2.734611e+003,3.689827e+001
2.735093e+003,3.688718e+001
2.735575e+003,3.687584e+001
2.736057e+003,3.686412e+001
2.736539e+003,3.685206e+001
2.737021e+003,3.683975e+001
2.737503e+003,3.682736e+001
2.737985e+003,3.681511e+001
2.738468e+003,3.680312e+001
2.738950e+003,3.679145e+001
2.739432e+003,3.678006e+001
2.739914e+003,3.676880e+001
2.740396e+003,3.675751e+001
2.740878e+003,3.674602e+001
2.741360e+003,3.673420e+001
2.741842e+003,3.672195e+001
2.742324e+003,3.670924e+001
2.742807e+003,3.669606e+001
2.743289e+003,3.668248e+001
2.743771e+003,3.666861e+001
2.744253e+003,3.665466e+001
2.744735e+003,3.664086e+001
2.745217e+003,3.662744e+001
2.745699e+003,3.661457e+001
2.746182e+003,3.660233e+001
2.746664e+003,3.659061e+001
2.747146e+003,3.657928e+001
2.747628e+003,3.656812e+001
2.748110e+003,3.655695e+001
2.748592e+003,3.654568e+001
2.749074e+003,3.653431e+001
2.749556e+003,3.652290e+001
2.750039e+003,3.651150e+001
2.750521e+003,3.650013e+001
2.751003e+003,3.648877e+001
2.751485e+003,3.647734e+001
2.751967e+003,3.646574e+001
2.752449e+003,3.645388e+001
2.752931e+003,3.644176e+001
2.753413e+003,3.642942e+001
2.753896e+003,3.641690e+001
2.754378e+003,3.640432e+001
2.754860e+003,3.639173e+001
2.755342e+003,3.637922e+001
2.755824e+003,3.636683e+001
2.756306e+003,3.635463e+001
2.756788e+003,3.634268e+001
2.757270e+003,3.633100e+001
2.757752e+003,3.631958e+001
2.758235e+003,3.630835e+001
2.758717e+003,3.629724e+001
2.759199e+003,3.628614e+001
2.759681e+003,3.627499e+001
2.760163e+003,3.626377e+001
2.760645e+003,3.625252e+001
2.761127e+003,3.624127e+001
2.761610e+003,3.623006e+001
2.762092e+003,3.621889e+001
2.762574e+003,3.620768e+001
2.763056e+003,3.619634e+001
2.763538e+003,3.618478e+001
2.764020e+003,3.617294e+001
2.764502e+003,3.616080e+001
2.764984e+003,3.614841e+001
2.765467e+003,3.613584e+001
2.765949e+003,3.612323e+001
2.766431e+003,3.611074e+001
2.766913e+003,3.609851e+001
2.767395e+003,3.608670e+001
2.767877e+003,3.607540e+001
2.768359e+003,3.606461e+001
2.768841e+003,3.605422e+001
2.769323e+003,3.604404e+001
2.769806e+003,3.603376e+001
2.770288e+003,3.602306e+001
2.770770e+003,3.601171e+001
2.771252e+003,3.599962e+001
2.771734e+003,3.598687e+001
2.772216e+003,3.597365e+001
2.772698e+003,3.596027e+001
2.773180e+003,3.594699e+001
2.773663e+003,3.593399e+001
2.774145e+003,3.592132e+001
2.774627e+003,3.590895e+001
2.775109e+003,3.589675e+001
2.775591e+003,3.588464e+001
2.776073e+003,3.587256e+001
2.776555e+003,3.586047e+001
2.777038e+003,3.584840e+001
2.777520e+003,3.583632e+001
2.778002e+003,3.582424e+001
2.778484e+003,3.581210e+001
2.778966e+003,3.579987e+001
2.779448e+003,3.578752e+001
2.779930e+003,3.577508e+001
2.780412e+003,3.576257e+001
2.780895e+003,3.575005e+001
2.781377e+003,3.573759e+001
2.781859e+003,3.572523e+001
2.782341e+003,3.571304e+001
2.782823e+003,3.570104e+001
2.783305e+003,3.568929e+001
2.783787e+003,3.567777e+001
2.784269e+003,3.566647e+001
2.784751e+003,3.565532e+001
2.785234e+003,3.564421e+001
2.785716e+003,3.563305e+001
2.786198e+003,3.562173e+001
2.786680e+003,3.561018e+001
2.787162e+003,3.559842e+001
2.787644e+003,3.558644e+001
2.788126e+003,3.557432e+001
2.788608e+003,3.556206e+001
2.789091e+003,3.554970e+001
2.789573e+003,3.553728e+001
2.790055e+003,3.552483e+001
2.790537e+003,3.551239e+001
2.791019e+003,3.550010e+001
2.791501e+003,3.548801e+001
2.791983e+003,3.547619e+001
2.792466e+003,3.546460e+001
2.792948e+003,3.545315e+001
2.793430e+003,3.544168e+001
2.793912e+003,3.543001e+001
2.794394e+003,3.541804e+001
2.794876e+003,3.540571e+001
2.795358e+003,3.539304e+001
2.795840e+003,3.538010e+001
2.796323e+003,3.536697e+001
2.796805e+003,3.535370e+001
2.797287e+003,3.534034e+001
2.797769e+003,3.532695e+001
2.798251e+003,3.531357e+001
2.798733e+003,3.530030e+001
2.799215e+003,3.528722e+001
2.799697e+003,3.527440e+001
2.800179e+003,3.526182e+001
2.800662e+003,3.524941e+001
2.801144e+003,3.523703e+001
2.801626e+003,3.522451e+001
2.802108e+003,3.521172e+001
2.802590e+003,3.519864e+001
2.803072e+003,3.518533e+001
2.803554e+003,3.517193e+001
2.804036e+003,3.515860e+001
2.804519e+003,3.514550e+001
2.805001e+003,3.513271e+001
2.805483e+003,3.512025e+001
2.805965e+003,3.510808e+001
2.806447e+003,3.509614e+001
2.806929e+003,3.508432e+001
2.807411e+003,3.507249e+001
2.807894e+003,3.506053e+001
2.808375e+003,3.504831e+001
2.808858e+003,3.503574e+001
2.809340e+003,3.502281e+001
2.809822e+003,3.500959e+001
2.810304e+003,3.499622e+001
2.810786e+003,3.498288e+001
2.811268e+003,3.496977e+001
2.811750e+003,3.495694e+001
2.812233e+003,3.494439e+001
2.812715e+003,3.493202e+001
2.813197e+003,3.491966e+001
2.813679e+003,3.490716e+001
2.814161e+003,3.489444e+001
2.814643e+003,3.488147e+001
2.815125e+003,3.486829e+001
2.815607e+003,3.485499e+001
2.816090e+003,3.484160e+001
2.816572e+003,3.482816e+001
2.817054e+003,3.481465e+001
2.817536e+003,3.480111e+001
2.818018e+003,3.478757e+001
2.818500e+003,3.477409e+001
2.818982e+003,3.476082e+001
2.819464e+003,3.474783e+001
2.819947e+003,3.473519e+001
2.820429e+003,3.472285e+001
2.820911e+003,3.471075e+001
2.821393e+003,3.469873e+001
2.821875e+003,3.468661e+001
2.822357e+003,3.467422e+001
2.822839e+003,3.466141e+001
2.823322e+003,3.464808e+001
2.823803e+003,3.463418e+001
2.824286e+003,3.461975e+001
2.824768e+003,3.460489e+001
2.825250e+003,3.458981e+001
2.825732e+003,3.457475e+001
2.826214e+003,3.455991e+001
2.826696e+003,3.454550e+001
2.827178e+003,3.453154e+001
2.827661e+003,3.451800e+001
2.828143e+003,3.450469e+001
2.828625e+003,3.449138e+001
2.829107e+003,3.447783e+001
2.829589e+003,3.446388e+001
2.830071e+003,3.444942e+001
2.830553e+003,3.443443e+001
2.831035e+003,3.441898e+001
2.831518e+003,3.440311e+001
2.832000e+003,3.438694e+001
2.832482e+003,3.437055e+001
2.832964e+003,3.435407e+001
2.833446e+003,3.433759e+001
2.833928e+003,3.432117e+001
2.834410e+003,3.430483e+001
2.834892e+003,3.428851e+001
2.835375e+003,3.427213e+001
2.835857e+003,3.425554e+001
2.836339e+003,3.423861e+001
2.836821e+003,3.422125e+001
2.837303e+003,3.420345e+001
2.837785e+003,3.418519e+001
2.838267e+003,3.416650e+001
2.838750e+003,3.414730e+001
2.839231e+003,3.412749e+001
2.839714e+003,3.410695e+001
2.840196e+003,3.408549e+001
2.840678e+003,3.406303e+001
2.841160e+003,3.403957e+001
2.841642e+003,3.401513e+001
2.842124e+003,3.398990e+001
2.842606e+003,3.396397e+001
2.843089e+003,3.393743e+001
2.843571e+003,3.391034e+001
2.844053e+003,3.388265e+001
2.844535e+003,3.385427e+001
2.845017e+003,3.382514e+001
2.845499e+003,3.379520e+001
2.845981e+003,3.376445e+001
2.846463e+003,3.373297e+001
2.846946e+003,3.370085e+001
2.847428e+003,3.366834e+001
2.847910e+003,3.363574e+001
2.848392e+003,3.360347e+001
2.848874e+003,3.357207e+001
2.849356e+003,3.354204e+001
2.849838e+003,3.351392e+001
2.850320e+003,3.348810e+001
2.850802e+003,3.346490e+001
2.851285e+003,3.344448e+001
2.851767e+003,3.342692e+001
2.852249e+003,3.341220e+001
2.852731e+003,3.340030e+001
2.853213e+003,3.339114e+001
2.853695e+003,3.338460e+001
2.854177e+003,3.338047e+001
2.854659e+003,3.337846e+001
2.855142e+003,3.337823e+001
2.855624e+003,3.337937e+001
2.856106e+003,3.338153e+001
2.856588e+003,3.338438e+001
2.857070e+003,3.338768e+001
2.857552e+003,3.339121e+001
2.858034e+003,3.339479e+001
2.858517e+003,3.339823e+001
2.858999e+003,3.340134e+001
2.859481e+003,3.340397e+001
2.859963e+003,3.340601e+001
2.860445e+003,3.340742e+001
2.860927e+003,3.340820e+001
2.861409e+003,3.340840e+001
2.861891e+003,3.340807e+001
2.862374e+003,3.340722e+001
2.862856e+003,3.340580e+001
2.863338e+003,3.340377e+001
2.863820e+003,3.340106e+001
2.864302e+003,3.339764e+001
2.864784e+003,3.339351e+001
2.865266e+003,3.338866e+001
2.865748e+003,3.338314e+001
2.866230e+003,3.337694e+001
2.866713e+003,3.337006e+001
2.867195e+003,3.336252e+001
2.867677e+003,3.335436e+001
2.868159e+003,3.334565e+001
2.868641e+003,3.333647e+001
2.869123e+003,3.332697e+001
2.869605e+003,3.331722e+001
2.870088e+003,3.330726e+001
2.870570e+003,3.329711e+001
2.871052e+003,3.328671e+001
2.871534e+003,3.327605e+001
2.872016e+003,3.326509e+001
2.872498e+003,3.325385e+001
2.872980e+003,3.324237e+001
2.873462e+003,3.323069e+001
2.873945e+003,3.321888e+001
2.874427e+003,3.320698e+001
2.874909e+003,3.319507e+001
2.875391e+003,3.318322e+001
2.875873e+003,3.317146e+001
2.876355e+003,3.315983e+001
2.876837e+003,3.314831e+001
2.877319e+003,3.313684e+001
2.877802e+003,3.312529e+001
2.878284e+003,3.311359e+001
2.878766e+003,3.310167e+001
2.879248e+003,3.308959e+001
2.879730e+003,3.307748e+001
2.880212e+003,3.306551e+001
2.880694e+003,3.305383e+001
2.881176e+003,3.304252e+001
2.881658e+003,3.303152e+001
2.882141e+003,3.302068e+001
2.882623e+003,3.300979e+001
2.883105e+003,3.299861e+001
2.883587e+003,3.298697e+001
2.884069e+003,3.297478e+001
2.884551e+003,3.296203e+001
2.885033e+003,3.294877e+001
2.885516e+003,3.293507e+001
2.885998e+003,3.292096e+001
2.886480e+003,3.290651e+001
2.886962e+003,3.289173e+001
2.887444e+003,3.287663e+001
2.887926e+003,3.286121e+001
2.888408e+003,3.284544e+001
2.888890e+003,3.282929e+001
2.889373e+003,3.281268e+001
2.889855e+003,3.279560e+001
2.890337e+003,3.277806e+001
2.890819e+003,3.276018e+001
2.891301e+003,3.274215e+001
2.891783e+003,3.272421e+001
2.892265e+003,3.270656e+001
2.892747e+003,3.268933e+001
2.893229e+003,3.267252e+001
2.893712e+003,3.265602e+001
2.894194e+003,3.263967e+001
2.894676e+003,3.262329e+001
2.895158e+003,3.260678e+001
2.895640e+003,3.259009e+001
2.896122e+003,3.257327e+001
2.896604e+003,3.255640e+001
2.897086e+003,3.253954e+001
2.897569e+003,3.252271e+001
2.898051e+003,3.250587e+001
2.898533e+003,3.248899e+001
2.899015e+003,3.247202e+001
2.899497e+003,3.245490e+001
2.899979e+003,3.243761e+001
2.900461e+003,3.242017e+001
2.900944e+003,3.240257e+001
2.901426e+003,3.238482e+001
2.901908e+003,3.236692e+001
2.902390e+003,3.234888e+001
2.902872e+003,3.233068e+001
2.903354e+003,3.231230e+001
2.903836e+003,3.229370e+001
2.904318e+003,3.227482e+001
2.904801e+003,3.225558e+001
2.905283e+003,3.223594e+001
2.905765e+003,3.221585e+001
2.906247e+003,3.219532e+001
2.906729e+003,3.217440e+001
2.907211e+003,3.215312e+001
2.907693e+003,3.213150e+001
2.908175e+003,3.210942e+001
2.908657e+003,3.208679e+001
2.909140e+003,3.206340e+001
2.909622e+003,3.203910e+001
2.910104e+003,3.201375e+001
2.910586e+003,3.198734e+001
2.911068e+003,3.195993e+001
2.911550e+003,3.193160e+001
2.912032e+003,3.190245e+001
2.912514e+003,3.187258e+001
2.912997e+003,3.184199e+001
2.913479e+003,3.181074e+001
2.913961e+003,3.177885e+001
2.914443e+003,3.174645e+001
2.914925e+003,3.171365e+001
2.915407e+003,3.168068e+001
2.915889e+003,3.164777e+001
2.916372e+003,3.161512e+001
2.916854e+003,3.158301e+001
2.917336e+003,3.155161e+001
2.917818e+003,3.152116e+001
2.918300e+003,3.149187e+001
2.918782e+003,3.146390e+001
2.919264e+003,3.143739e+001
2.919746e+003,3.141239e+001
2.920229e+003,3.138891e+001
2.920711e+003,3.136699e+001
2.921193e+003,3.134666e+001
2.921675e+003,3.132803e+001
2.922157e+003,3.131131e+001
2.922639e+003,3.129673e+001
2.923121e+003,3.128453e+001
2.923603e+003,3.127487e+001
2.924085e+003,3.126782e+001
2.924568e+003,3.126334e+001
2.925050e+003,3.126133e+001
2.925532e+003,3.126162e+001
2.926014e+003,3.126408e+001
2.926496e+003,3.126854e+001
2.926978e+003,3.127478e+001
2.927460e+003,3.128252e+001
2.927942e+003,3.129145e+001
2.928425e+003,3.130119e+001
2.928907e+003,3.131136e+001
2.929389e+003,3.132163e+001
2.929871e+003,3.133184e+001
2.930353e+003,3.134186e+001
2.930835e+003,3.135172e+001
2.931317e+003,3.136147e+001
2.931800e+003,3.137119e+001
2.932281e+003,3.138091e+001
2.932764e+003,3.139066e+001
2.933246e+003,3.140043e+001
2.933728e+003,3.141019e+001
2.934210e+003,3.141987e+001
2.934692e+003,3.142937e+001
2.935174e+003,3.143855e+001
2.935656e+003,3.144722e+001
2.936139e+003,3.145521e+001
2.936621e+003,3.146237e+001
2.937103e+003,3.146864e+001
2.937585e+003,3.147404e+001
2.938067e+003,3.147866e+001
2.938549e+003,3.148264e+001
2.939031e+003,3.148607e+001
2.939513e+003,3.148904e+001
2.939996e+003,3.149153e+001
2.940478e+003,3.149352e+001
2.940960e+003,3.149498e+001
2.941442e+003,3.149585e+001
2.941924e+003,3.149612e+001
2.942406e+003,3.149574e+001
2.942888e+003,3.149465e+001
2.943370e+003,3.149277e+001
2.943853e+003,3.149000e+001
2.944335e+003,3.148628e+001
2.944817e+003,3.148158e+001
2.945299e+003,3.147597e+001
2.945781e+003,3.146950e+001
2.946263e+003,3.146230e+001
2.946745e+003,3.145443e+001
2.947228e+003,3.144590e+001
2.947709e+003,3.143670e+001
2.948192e+003,3.142682e+001
2.948674e+003,3.141625e+001
2.949156e+003,3.140508e+001
2.949638e+003,3.139344e+001
2.950120e+003,3.138147e+001
2.950602e+003,3.136926e+001
2.951084e+003,3.135685e+001
2.951567e+003,3.134424e+001
2.952049e+003,3.133135e+001
2.952531e+003,3.131812e+001
2.953013e+003,3.130452e+001
2.953495e+003,3.129059e+001
2.953977e+003,3.127638e+001
2.954459e+003,3.126196e+001
2.954941e+003,3.124739e+001
2.955424e+003,3.123271e+001
2.955906e+003,3.121800e+001
2.956388e+003,3.120337e+001
2.956870e+003,3.118899e+001
2.957352e+003,3.117511e+001
2.957834e+003,3.116197e+001
2.958316e+003,3.114979e+001
2.958798e+003,3.113867e+001
2.959281e+003,3.112864e+001
2.959763e+003,3.111960e+001
2.960245e+003,3.111137e+001
2.960727e+003,3.110382e+001
2.961209e+003,3.109682e+001
2.961691e+003,3.109030e+001
2.962173e+003,3.108425e+001
2.962656e+003,3.107872e+001
2.963137e+003,3.107378e+001
2.963620e+003,3.106949e+001
2.964102e+003,3.106596e+001
2.964584e+003,3.106321e+001
2.965066e+003,3.106122e+001
2.965548e+003,3.105997e+001
2.966030e+003,3.105929e+001
2.966512e+003,3.105902e+001
2.966995e+003,3.105899e+001
2.967477e+003,3.105904e+001
2.967959e+003,3.105909e+001
2.968441e+003,3.105913e+001
2.968923e+003,3.105916e+001
2.969405e+003,3.105922e+001
2.969887e+003,3.105926e+001
2.970369e+003,3.105916e+001
2.970852e+003,3.105877e+001
2.971334e+003,3.105789e+001
2.971816e+003,3.105633e+001
2.972298e+003,3.105400e+001
2.972780e+003,3.105086e+001
2.973262e+003,3.104688e+001
2.973744e+003,3.104213e+001
2.974226e+003,3.103665e+001
2.974708e+003,3.103050e+001
2.975191e+003,3.102377e+001
2.975673e+003,3.101656e+001
2.976155e+003,3.100906e+001
2.976637e+003,3.100141e+001
2.977119e+003,3.099378e+001
2.977601e+003,3.098623e+001
2.978083e+003,3.097878e+001
2.978565e+003,3.097135e+001
2.979048e+003,3.096381e+001
2.979530e+003,3.095605e+001
2.980012e+003,3.094800e+001
2.980494e+003,3.093963e+001
2.980976e+003,3.093096e+001
2.981458e+003,3.092200e+001
2.981940e+003,3.091275e+001
2.982423e+003,3.090320e+001
2.982905e+003,3.089333e+001
2.983387e+003,3.088313e+001
2.983869e+003,3.087267e+001
2.984351e+003,3.086204e+001
2.984833e+003,3.085139e+001
2.985315e+003,3.084083e+001
2.985797e+003,3.083045e+001
2.986280e+003,3.082031e+001
2.986762e+003,3.081042e+001
2.987244e+003,3.080071e+001
2.987726e+003,3.079117e+001
2.988208e+003,3.078171e+001
2.988690e+003,3.077222e+001
2.989172e+003,3.076261e+001
2.989654e+003,3.075274e+001
2.990136e+003,3.074248e+001
2.990619e+003,3.073176e+001
2.991101e+003,3.072056e+001
2.991583e+003,3.070897e+001
2.992065e+003,3.069711e+001
2.992547e+003,3.068518e+001
2.993029e+003,3.067330e+001
2.993511e+003,3.066161e+001
2.993994e+003,3.065011e+001
2.994476e+003,3.063881e+001
2.994958e+003,3.062764e+001
2.995440e+003,3.061659e+001
2.995922e+003,3.060562e+001
2.996404e+003,3.059472e+001
2.996886e+003,3.058388e+001
2.997368e+003,3.057302e+001
2.997851e+003,3.056211e+001
2.998333e+003,3.055112e+001
2.998815e+003,3.054004e+001
2.999297e+003,3.052890e+001
2.999779e+003,3.051778e+001
3.000261e+003,3.050673e+001
3.000743e+003,3.049577e+001
3.001225e+003,3.048486e+001
3.001708e+003,3.047388e+001
3.002190e+003,3.046269e+001
3.002672e+003,3.045118e+001
3.003154e+003,3.043931e+001
3.003636e+003,3.042714e+001
3.004118e+003,3.041482e+001
3.004600e+003,3.040255e+001
3.005082e+003,3.039054e+001
3.005564e+003,3.037896e+001
3.006047e+003,3.036790e+001
3.006529e+003,3.035739e+001
3.007011e+003,3.034736e+001
3.007493e+003,3.033770e+001
3.007975e+003,3.032828e+001
3.008457e+003,3.031893e+001
3.008939e+003,3.030953e+001
3.009422e+003,3.030000e+001
3.009904e+003,3.029034e+001
3.010386e+003,3.028060e+001
3.010868e+003,3.027089e+001
3.011350e+003,3.026129e+001
3.011832e+003,3.025188e+001
3.012314e+003,3.024260e+001
3.012796e+003,3.023337e+001
3.013279e+003,3.022403e+001
3.013761e+003,3.021440e+001
3.014243e+003,3.020436e+001
3.014725e+003,3.019389e+001
3.015207e+003,3.018300e+001
3.015689e+003,3.017174e+001
3.016171e+003,3.016022e+001
3.016653e+003,3.014852e+001
3.017135e+003,3.013674e+001
3.017618e+003,3.012498e+001
3.018100e+003,3.011338e+001
3.018582e+003,3.010210e+001
3.019064e+003,3.009127e+001
3.019546e+003,3.008098e+001
3.020028e+003,3.007123e+001
3.020510e+003,3.006193e+001
3.020992e+003,3.005288e+001
3.021475e+003,3.004387e+001
3.021957e+003,3.003469e+001
3.022439e+003,3.002523e+001
3.022921e+003,3.001548e+001
3.023403e+003,3.000543e+001
3.023885e+003,2.999518e+001
3.024367e+003,2.998477e+001
3.024850e+003,2.997423e+001
3.025332e+003,2.996357e+001
3.025814e+003,2.995276e+001
3.026296e+003,2.994179e+001
3.026778e+003,2.993061e+001
3.027260e+003,2.991923e+001
3.027742e+003,2.990761e+001
3.028224e+003,2.989573e+001
3.028707e+003,2.988360e+001
3.029189e+003,2.987130e+001
3.029671e+003,2.985894e+001
3.030153e+003,2.984672e+001
3.030635e+003,2.983483e+001
3.031117e+003,2.982343e+001
3.031599e+003,2.981257e+001
3.032081e+003,2.980221e+001
3.032563e+003,2.979218e+001
3.033046e+003,2.978224e+001
3.033528e+003,2.977220e+001
3.034010e+003,2.976195e+001
3.034492e+003,2.975144e+001
3.034974e+003,2.974078e+001
3.035456e+003,2.973007e+001
3.035938e+003,2.971949e+001
3.036420e+003,2.970916e+001
3.036903e+003,2.969915e+001
3.037385e+003,2.968948e+001
3.037867e+003,2.968010e+001
3.038349e+003,2.967088e+001
3.038831e+003,2.966168e+001
3.039313e+003,2.965228e+001
3.039795e+003,2.964248e+001
3.040278e+003,2.963215e+001
3.040760e+003,2.962123e+001
3.041242e+003,2.960978e+001
3.041724e+003,2.959796e+001
3.042206e+003,2.958600e+001
3.042688e+003,2.957410e+001
3.043170e+003,2.956240e+001
3.043652e+003,2.955092e+001
3.044135e+003,2.953964e+001
3.044617e+003,2.952849e+001
3.045099e+003,2.951739e+001
3.045581e+003,2.950636e+001
3.046063e+003,2.949543e+001
3.046545e+003,2.948469e+001
3.047027e+003,2.947418e+001
3.047509e+003,2.946387e+001
3.047991e+003,2.945367e+001
3.048474e+003,2.944346e+001
3.048956e+003,2.943314e+001
3.049438e+003,2.942266e+001
3.049920e+003,2.941205e+001
3.050402e+003,2.940142e+001
3.050884e+003,2.939088e+001
3.051366e+003,2.938054e+001
3.051848e+003,2.937042e+001
3.052331e+003,2.936055e+001
3.052813e+003,2.935087e+001
3.053295e+003,2.934133e+001
3.053777e+003,2.933186e+001
3.054259e+003,2.932235e+001
3.054741e+003,2.931274e+001
3.055223e+003,2.930289e+001
3.055706e+003,2.929274e+001
3.056188e+003,2.928221e+001
3.056670e+003,2.927132e+001
3.057152e+003,2.926016e+001
3.057634e+003,2.924887e+001
3.058116e+003,2.923764e+001
3.058598e+003,2.922659e+001
3.059080e+003,2.921582e+001
3.059563e+003,2.920535e+001
3.060045e+003,2.919512e+001
3.060527e+003,2.918507e+001
3.061009e+003,2.917513e+001
3.061491e+003,2.916525e+001
3.061973e+003,2.915534e+001
3.062455e+003,2.914535e+001
3.062937e+003,2.913517e+001
3.063419e+003,2.912470e+001
3.063902e+003,2.911387e+001
3.064384e+003,2.910266e+001
3.064866e+003,2.909114e+001
3.065348e+003,2.907941e+001
3.065830e+003,2.906768e+001
3.066312e+003,2.905610e+001
3.066794e+003,2.904480e+001
3.067276e+003,2.903383e+001
3.067759e+003,2.902321e+001
3.068241e+003,2.901287e+001
3.068723e+003,2.900279e+001
3.069205e+003,2.899290e+001
3.069687e+003,2.898313e+001
3.070169e+003,2.897342e+001
3.070651e+003,2.896368e+001
3.071134e+003,2.895384e+001
3.071615e+003,2.894386e+001
3.072098e+003,2.893373e+001
3.072580e+003,2.892357e+001
3.073062e+003,2.891352e+001
3.073544e+003,2.890374e+001
3.074026e+003,2.889433e+001
3.074508e+003,2.888536e+001
3.074990e+003,2.887675e+001
3.075473e+003,2.886835e+001
3.075955e+003,2.885996e+001
3.076437e+003,2.885139e+001
3.076919e+003,2.884246e+001
3.077401e+003,2.883309e+001
3.077883e+003,2.882323e+001
3.078365e+003,2.881292e+001
3.078847e+003,2.880222e+001
3.079330e+003,2.879125e+001
3.079812e+003,2.878010e+001
3.080294e+003,2.876893e+001
3.080776e+003,2.875781e+001
3.081258e+003,2.874683e+001
3.081740e+003,2.873600e+001
3.082222e+003,2.872533e+001
3.082704e+003,2.871479e+001
3.083187e+003,2.870437e+001
3.083669e+003,2.869412e+001
3.084151e+003,2.868409e+001
3.084633e+003,2.867435e+001
3.085115e+003,2.866492e+001
3.085597e+003,2.865575e+001
3.086079e+003,2.864674e+001
3.086562e+003,2.863771e+001
3.087043e+003,2.862848e+001
3.087526e+003,2.861893e+001
3.088008e+003,2.860905e+001
3.088490e+003,2.859885e+001
3.088972e+003,2.858849e+001
3.089454e+003,2.857805e+001
3.089936e+003,2.856765e+001
3.090418e+003,2.855733e+001
3.090901e+003,2.854709e+001
3.091383e+003,2.853689e+001
3.091865e+003,2.852672e+001
3.092347e+003,2.851652e+001
3.092829e+003,2.850630e+001
3.093311e+003,2.849603e+001
3.093793e+003,2.848569e+001
3.094275e+003,2.847525e+001
3.094758e+003,2.846474e+001
3.095240e+003,2.845422e+001
3.095722e+003,2.844381e+001
3.096204e+003,2.843363e+001
3.096686e+003,2.842380e+001
3.097168e+003,2.841438e+001
3.097650e+003,2.840534e+001
3.098132e+003,2.839656e+001
3.098615e+003,2.838792e+001
3.099097e+003,2.837923e+001
3.099579e+003,2.837040e+001
3.100061e+003,2.836137e+001
3.100543e+003,2.835214e+001
3.101025e+003,2.834278e+001
3.101507e+003,2.833331e+001
3.101990e+003,2.832379e+001
3.102471e+003,2.831423e+001
3.102954e+003,2.830464e+001
3.103436e+003,2.829499e+001
3.103918e+003,2.828524e+001
3.104400e+003,2.827535e+001
3.104882e+003,2.826518e+001
3.105364e+003,2.825466e+001
3.105846e+003,2.824368e+001
3.106329e+003,2.823220e+001
3.106811e+003,2.822028e+001
3.107293e+003,2.820807e+001
3.107775e+003,2.819579e+001
3.108257e+003,2.818370e+001
3.108739e+003,2.817202e+001
3.109221e+003,2.816090e+001
3.109703e+003,2.815042e+001
3.110186e+003,2.814055e+001
3.110668e+003,2.813124e+001
3.111150e+003,2.812236e+001
3.111632e+003,2.811378e+001
3.112114e+003,2.810538e+001
3.112596e+003,2.809700e+001
3.113078e+003,2.808854e+001
3.113560e+003,2.807986e+001
3.114042e+003,2.807092e+001
3.114525e+003,2.806172e+001
3.115007e+003,2.805231e+001
3.115489e+003,2.804280e+001
3.115971e+003,2.803328e+001
3.116453e+003,2.802382e+001
3.116935e+003,2.801445e+001
3.117417e+003,2.800514e+001
3.117900e+003,2.799586e+001
3.118382e+003,2.798659e+001
3.118864e+003,2.797733e+001
3.119346e+003,2.796809e+001
3.119828e+003,2.795886e+001
3.120310e+003,2.794956e+001
3.120792e+003,2.794008e+001
3.121274e+003,2.793028e+001
3.121757e+003,2.792003e+001
3.122239e+003,2.790929e+001
3.122721e+003,2.789816e+001
3.123203e+003,2.788680e+001
3.123685e+003,2.787549e+001
3.124167e+003,2.786446e+001
3.124649e+003,2.785390e+001
3.125131e+003,2.784384e+001
3.125614e+003,2.783423e+001
3.126096e+003,2.782492e+001
3.126578e+003,2.781574e+001
3.127060e+003,2.780653e+001
3.127542e+003,2.779719e+001
3.128024e+003,2.778768e+001
3.128506e+003,2.777806e+001
3.128988e+003,2.776839e+001
3.129470e+003,2.775880e+001
3.129953e+003,2.774936e+001
3.130435e+003,2.774018e+001
3.130917e+003,2.773126e+001
3.131399e+003,2.772251e+001
3.131881e+003,2.771382e+001
3.132363e+003,2.770499e+001
3.132845e+003,2.769586e+001
3.133328e+003,2.768634e+001
3.133810e+003,2.767645e+001
3.134292e+003,2.766633e+001
3.134774e+003,2.765615e+001
3.135256e+003,2.764617e+001
3.135738e+003,2.763647e+001
3.136220e+003,2.762709e+001
3.136702e+003,2.761798e+001
3.137185e+003,2.760896e+001
3.137667e+003,2.759990e+001
3.138149e+003,2.759068e+001
3.138631e+003,2.758128e+001
3.139113e+003,2.757170e+001
3.139595e+003,2.756200e+001
3.140077e+003,2.755223e+001
3.140559e+003,2.754240e+001
3.141042e+003,2.753247e+001
3.141524e+003,2.752238e+001
3.142006e+003,2.751206e+001
3.142488e+003,2.750147e+001
3.142970e+003,2.749058e+001
3.143452e+003,2.747941e+001
3.143934e+003,2.746801e+001
3.144417e+003,2.745647e+001
3.144898e+003,2.744491e+001
3.145381e+003,2.743348e+001
3.145863e+003,2.742232e+001
3.146345e+003,2.741158e+001
3.146827e+003,2.740133e+001
3.147309e+003,2.739161e+001
3.147791e+003,2.738235e+001
3.148273e+003,2.737349e+001
3.148756e+003,2.736492e+001
3.149238e+003,2.735657e+001
3.149720e+003,2.734841e+001
3.150202e+003,2.734039e+001
3.150684e+003,2.733247e+001
3.151166e+003,2.732454e+001
3.151648e+003,2.731649e+001
3.152130e+003,2.730819e+001
3.152613e+003,2.729949e+001
3.153095e+003,2.729036e+001
3.153577e+003,2.728080e+001
3.154059e+003,2.727086e+001
3.154541e+003,2.726061e+001
3.155023e+003,2.725009e+001
3.155505e+003,2.723929e+001
3.155987e+003,2.722816e+001
3.156469e+003,2.721668e+001
3.156952e+003,2.720488e+001
3.157434e+003,2.719287e+001
3.157916e+003,2.718085e+001
3.158398e+003,2.716910e+001
3.158880e+003,2.715784e+001
3.159362e+003,2.714727e+001
3.159844e+003,2.713750e+001
3.160326e+003,2.712854e+001
3.160809e+003,2.712034e+001
3.161291e+003,2.711275e+001
3.161773e+003,2.710563e+001
3.162255e+003,2.709877e+001
3.162737e+003,2.709194e+001
3.163219e+003,2.708490e+001
3.163701e+003,2.707742e+001
3.164184e+003,2.706936e+001
3.164666e+003,2.706066e+001
3.165148e+003,2.705141e+001
3.165630e+003,2.704177e+001
3.166112e+003,2.703197e+001
3.166594e+003,2.702222e+001
3.167076e+003,2.701266e+001
3.167558e+003,2.700341e+001
3.168041e+003,2.699448e+001
3.168523e+003,2.698582e+001
3.169005e+003,2.697745e+001
3.169487e+003,2.696930e+001
3.169969e+003,2.696135e+001
3.170451e+003,2.695353e+001
3.170933e+003,2.694576e+001
3.171415e+003,2.693790e+001
3.171897e+003,2.692979e+001
3.172380e+003,2.692131e+001
3.172862e+003,2.691237e+001
3.173344e+003,2.690290e+001
3.173826e+003,2.689288e+001
3.174308e+003,2.688234e+001
3.174790e+003,2.687130e+001
3.175272e+003,2.685986e+001
3.175754e+003,2.684812e+001
3.176237e+003,2.683624e+001
3.176719e+003,2.682444e+001
3.177201e+003,2.681290e+001
3.177683e+003,2.680177e+001
3.178165e+003,2.679111e+001
3.178647e+003,2.678093e+001
3.179129e+003,2.677114e+001
3.179612e+003,2.676167e+001
3.180094e+003,2.675244e+001
3.180576e+003,2.674344e+001
3.181058e+003,2.673469e+001
3.181540e+003,2.672620e+001
3.182022e+003,2.671796e+001
3.182504e+003,2.670989e+001
3.182986e+003,2.670186e+001
3.183469e+003,2.669373e+001
3.183951e+003,2.668538e+001
3.184433e+003,2.667681e+001
3.184915e+003,2.666800e+001
3.185397e+003,2.665902e+001
3.185879e+003,2.664993e+001
3.186361e+003,2.664073e+001
3.186843e+003,2.663141e+001
3.187325e+003,2.662196e+001
3.187808e+003,2.661237e+001
3.188290e+003,2.660270e+001
3.188772e+003,2.659303e+001
3.189254e+003,2.658348e+001
3.189736e+003,2.657410e+001
3.190218e+003,2.656493e+001
3.190700e+003,2.655594e+001
3.191182e+003,2.654703e+001
3.191665e+003,2.653814e+001
3.192147e+003,2.652922e+001
3.192629e+003,2.652024e+001
3.193111e+003,2.651122e+001
3.193593e+003,2.650218e+001
3.194075e+003,2.649310e+001
3.194557e+003,2.648397e+001
3.195040e+003,2.647479e+001
3.195521e+003,2.646558e+001
3.196004e+003,2.645642e+001
3.196486e+003,2.644741e+001
3.196968e+003,2.643865e+001
3.197450e+003,2.643019e+001
3.197932e+003,2.642201e+001
3.198414e+003,2.641401e+001
3.198896e+003,2.640603e+001
3.199379e+003,2.639793e+001
3.199861e+003,2.638961e+001
3.200343e+003,2.638103e+001
3.200825e+003,2.637218e+001
3.201307e+003,2.636306e+001
3.201789e+003,2.635367e+001
3.202271e+003,2.634398e+001
3.202753e+003,2.633400e+001
3.203236e+003,2.632376e+001
3.203718e+003,2.631338e+001
3.204200e+003,2.630303e+001
3.204682e+003,2.629292e+001
3.205164e+003,2.628323e+001
3.205646e+003,2.627404e+001
3.206128e+003,2.626530e+001
3.206610e+003,2.625684e+001
3.207093e+003,2.624843e+001
3.207575e+003,2.623983e+001
3.208057e+003,2.623088e+001
3.208539e+003,2.622150e+001
3.209021e+003,2.621173e+001
3.209503e+003,2.620171e+001
3.209985e+003,2.619162e+001
3.210468e+003,2.618167e+001
3.210949e+003,2.617205e+001
3.211432e+003,2.616291e+001
3.211914e+003,2.615429e+001
3.212396e+003,2.614612e+001
3.212878e+003,2.613827e+001
3.213360e+003,2.613052e+001
3.213842e+003,2.612259e+001
3.214324e+003,2.611426e+001
3.214807e+003,2.610538e+001
3.215289e+003,2.609588e+001
3.215771e+003,2.608582e+001
3.216253e+003,2.607535e+001
3.216735e+003,2.606465e+001
3.217217e+003,2.605392e+001
3.217699e+003,2.604335e+001
3.218181e+003,2.603312e+001
3.218664e+003,2.602334e+001
3.219146e+003,2.601414e+001
3.219628e+003,2.600554e+001
3.220110e+003,2.599751e+001
3.220592e+003,2.598989e+001
3.221074e+003,2.598250e+001
3.221556e+003,2.597506e+001
3.222038e+003,2.596736e+001
3.222521e+003,2.595922e+001
3.223003e+003,2.595060e+001
3.223485e+003,2.594153e+001
3.223967e+003,2.593216e+001
3.224449e+003,2.592262e+001
3.224931e+003,2.591307e+001
3.225413e+003,2.590360e+001
3.225896e+003,2.589426e+001
3.226377e+003,2.588510e+001
3.226860e+003,2.587613e+001
3.227342e+003,2.586740e+001
3.227824e+003,2.585890e+001
3.228306e+003,2.585065e+001
3.228788e+003,2.584262e+001
3.229270e+003,2.583475e+001
3.229752e+003,2.582698e+001
3.230235e+003,2.581924e+001
3.230717e+003,2.581149e+001
3.231199e+003,2.580367e+001
3.231681e+003,2.579575e+001
3.232163e+003,2.578764e+001
3.232645e+003,2.577929e+001
3.233127e+003,2.577064e+001
3.233609e+003,2.576166e+001
3.234092e+003,2.575239e+001
3.234574e+003,2.574296e+001
3.235056e+003,2.573349e+001
3.235538e+003,2.572416e+001
3.236020e+003,2.571504e+001
3.236502e+003,2.570618e+001
3.236984e+003,2.569749e+001
3.237466e+003,2.568889e+001
3.237948e+003,2.568023e+001
3.238431e+003,2.567144e+001
3.238913e+003,2.566249e+001
3.239395e+003,2.565341e+001
3.239877e+003,2.564427e+001
3.240359e+003,2.563512e+001
3.240841e+003,2.562600e+001
3.241323e+003,2.561696e+001
3.241806e+003,2.560797e+001
3.242288e+003,2.559905e+001
3.242770e+003,2.559015e+001
3.243252e+003,2.558126e+001
3.243734e+003,2.557232e+001
3.244216e+003,2.556328e+001
3.244698e+003,2.555412e+001
3.245180e+003,2.554484e+001
3.245663e+003,2.553549e+001
3.246145e+003,2.552616e+001
3.246627e+003,2.551694e+001
3.247109e+003,2.550793e+001
3.247591e+003,2.549913e+001
3.248073e+003,2.549051e+001
3.248555e+003,2.548198e+001
3.249037e+003,2.547344e+001
3.249520e+003,2.546480e+001
3.250002e+003,2.545601e+001
3.250484e+003,2.544706e+001
3.250966e+003,2.543795e+001
3.251448e+003,2.542869e+001
3.251930e+003,2.541929e+001
3.252412e+003,2.540978e+001
3.252894e+003,2.540024e+001
3.253376e+003,2.539078e+001
3.253859e+003,2.538156e+001
3.254341e+003,2.537274e+001
3.254823e+003,2.536442e+001
3.255305e+003,2.535658e+001
3.255787e+003,2.534909e+001
3.256269e+003,2.534173e+001
3.256751e+003,2.533426e+001
3.257234e+003,2.532647e+001
3.257716e+003,2.531826e+001
3.258198e+003,2.530962e+001
3.258680e+003,2.530065e+001
3.259162e+003,2.529151e+001
3.259644e+003,2.528231e+001
3.260126e+003,2.527323e+001
3.260608e+003,2.526432e+001
3.261091e+003,2.525567e+001
3.261573e+003,2.524735e+001
3.262055e+003,2.523936e+001
3.262537e+003,2.523167e+001
3.263019e+003,2.522417e+001
3.263501e+003,2.521667e+001
3.263983e+003,2.520897e+001
3.264465e+003,2.520086e+001
3.264948e+003,2.519226e+001
3.265430e+003,2.518319e+001
3.265912e+003,2.517378e+001
3.266394e+003,2.516424e+001
3.266876e+003,2.515477e+001
3.267358e+003,2.514554e+001
3.267840e+003,2.513658e+001
3.268323e+003,2.512789e+001
3.268804e+003,2.511940e+001
3.269287e+003,2.511106e+001
3.269769e+003,2.510284e+001
3.270251e+003,2.509473e+001
3.270733e+003,2.508670e+001
3.271215e+003,2.507873e+001
3.271697e+003,2.507070e+001
3.272179e+003,2.506249e+001
3.272662e+003,2.505397e+001
3.273144e+003,2.504504e+001
3.273626e+003,2.503569e+001
3.274108e+003,2.502596e+001
3.274590e+003,2.501595e+001
3.275072e+003,2.500582e+001
3.275554e+003,2.499575e+001
3.276036e+003,2.498588e+001
3.276519e+003,2.497640e+001
3.277001e+003,2.496742e+001
3.277483e+003,2.495900e+001
3.277965e+003,2.495116e+001
3.278447e+003,2.494380e+001
3.278929e+003,2.493678e+001
3.279411e+003,2.492988e+001
3.279893e+003,2.492291e+001
3.280375e+003,2.491572e+001
3.280858e+003,2.490824e+001
3.281340e+003,2.490049e+001
3.281822e+003,2.489250e+001
3.282304e+003,2.488434e+001
3.282786e+003,2.487604e+001
3.283268e+003,2.486759e+001
3.283750e+003,2.485896e+001
3.284232e+003,2.485013e+001
3.284715e+003,2.484107e+001
3.285197e+003,2.483183e+001
3.285679e+003,2.482244e+001
3.286161e+003,2.481297e+001
3.286643e+003,2.480345e+001
3.287125e+003,2.479392e+001
3.287607e+003,2.478440e+001
3.288090e+003,2.477495e+001
3.288572e+003,2.476566e+001
3.289054e+003,2.475659e+001
3.289536e+003,2.474786e+001
3.290018e+003,2.473948e+001
3.290500e+003,2.473144e+001
3.290982e+003,2.472367e+001
3.291464e+003,2.471604e+001
3.291947e+003,2.470844e+001
3.292429e+003,2.470077e+001
3.292911e+003,2.469293e+001
3.293393e+003,2.468487e+001
3.293875e+003,2.467653e+001
3.294357e+003,2.466786e+001
3.294839e+003,2.465882e+001
3.295321e+003,2.464946e+001
3.295803e+003,2.463985e+001
3.296286e+003,2.463017e+001
3.296768e+003,2.462063e+001
3.297250e+003,2.461142e+001
3.297732e+003,2.460264e+001
3.298214e+003,2.459432e+001
3.298696e+003,2.458636e+001
3.299178e+003,2.457866e+001
3.299660e+003,2.457106e+001
3.300143e+003,2.456350e+001
3.300625e+003,2.455598e+001
3.301107e+003,2.454850e+001
3.301589e+003,2.454106e+001
3.302071e+003,2.453358e+001
3.302553e+003,2.452592e+001
3.303035e+003,2.451791e+001
3.303518e+003,2.450942e+001
3.304000e+003,2.450040e+001
3.304482e+003,2.449092e+001
3.304964e+003,2.448118e+001
3.305446e+003,2.447144e+001
3.305928e+003,2.446188e+001
3.306410e+003,2.445266e+001
3.306892e+003,2.444374e+001
3.307375e+003,2.443503e+001
3.307857e+003,2.442634e+001
3.308339e+003,2.441751e+001
3.308821e+003,2.440845e+001
3.309303e+003,2.439914e+001
3.309785e+003,2.438964e+001
3.310267e+003,2.438009e+001
3.310749e+003,2.437062e+001
3.311231e+003,2.436136e+001
3.311714e+003,2.435237e+001
3.312196e+003,2.434368e+001
3.312678e+003,2.433524e+001
3.313160e+003,2.432694e+001
3.313642e+003,2.431869e+001
3.314124e+003,2.431040e+001
3.314606e+003,2.430201e+001
3.315088e+003,2.429353e+001
3.315571e+003,2.428499e+001
3.316053e+003,2.427643e+001
3.316535e+003,2.426792e+001
3.317017e+003,2.425944e+001
3.317499e+003,2.425100e+001
3.317981e+003,2.424257e+001
3.318463e+003,2.423419e+001
3.318946e+003,2.422589e+001
3.319427e+003,2.421779e+001
3.319910e+003,2.421001e+001
3.320392e+003,2.420263e+001
3.320874e+003,2.419563e+001
3.321356e+003,2.418890e+001
3.321838e+003,2.418223e+001
3.322320e+003,2.417535e+001
3.322802e+003,2.416808e+001
3.323285e+003,2.416027e+001
3.323767e+003,2.415193e+001
3.324249e+003,2.414315e+001
3.324731e+003,2.413408e+001
3.325213e+003,2.412487e+001
3.325695e+003,2.411566e+001
3.326177e+003,2.410655e+001
3.326659e+003,2.409759e+001
3.327142e+003,2.408885e+001
3.327624e+003,2.408037e+001
3.328106e+003,2.407222e+001
3.328588e+003,2.406440e+001
3.329070e+003,2.405689e+001
3.329552e+003,2.404962e+001
3.330034e+003,2.404245e+001
3.330516e+003,2.403523e+001
3.330999e+003,2.402781e+001
3.331481e+003,2.402007e+001
3.331963e+003,2.401192e+001
3.332445e+003,2.400333e+001
3.332927e+003,2.399432e+001
3.333409e+003,2.398495e+001
3.333891e+003,2.397535e+001
3.334374e+003,2.396563e+001
3.334855e+003,2.395600e+001
3.335338e+003,2.394659e+001
3.335820e+003,2.393751e+001
3.336302e+003,2.392877e+001
3.336784e+003,2.392033e+001
3.337266e+003,2.391209e+001
3.337748e+003,2.390394e+001
3.338230e+003,2.389580e+001
3.338713e+003,2.388768e+001
3.339195e+003,2.387962e+001
3.339677e+003,2.387173e+001
3.340159e+003,2.386410e+001
3.340641e+003,2.385680e+001
3.341123e+003,2.384981e+001
3.341605e+003,2.384303e+001
3.342087e+003,2.383634e+001
3.342570e+003,2.382956e+001
3.343052e+003,2.382250e+001
3.343534e+003,2.381498e+001
3.344016e+003,2.380687e+001
3.344498e+003,2.379809e+001
3.344980e+003,2.378864e+001
3.345462e+003,2.377861e+001
3.345944e+003,2.376820e+001
3.346427e+003,2.375769e+001
3.346909e+003,2.374739e+001
3.347391e+003,2.373754e+001
3.347873e+003,2.372832e+001
3.348355e+003,2.371975e+001
3.348837e+003,2.371173e+001
3.349319e+003,2.370407e+001
3.349802e+003,2.369655e+001
3.350283e+003,2.368897e+001
3.350766e+003,2.368120e+001
3.351248e+003,2.367318e+001
3.351730e+003,2.366493e+001
3.352212e+003,2.365652e+001
3.352694e+003,2.364806e+001
3.353176e+003,2.363966e+001
3.353658e+003,2.363140e+001
3.354141e+003,2.362338e+001
3.354623e+003,2.361558e+001
3.355105e+003,2.360797e+001
3.355587e+003,2.360041e+001
3.356069e+003,2.359274e+001
3.356551e+003,2.358481e+001
3.357033e+003,2.357652e+001
3.357515e+003,2.356786e+001
3.357998e+003,2.355892e+001
3.358480e+003,2.354985e+001
3.358962e+003,2.354076e+001
3.359444e+003,2.353174e+001
3.359926e+003,2.352279e+001
3.360408e+003,2.351382e+001
3.360890e+003,2.350473e+001
3.361372e+003,2.349547e+001
3.361854e+003,2.348607e+001
3.362337e+003,2.347662e+001
3.362819e+003,2.346732e+001
3.363301e+003,2.345838e+001
3.363783e+003,2.344998e+001
3.364265e+003,2.344226e+001
3.364747e+003,2.343527e+001
3.365229e+003,2.342903e+001
3.365712e+003,2.342346e+001
3.366194e+003,2.341845e+001
3.366676e+003,2.341383e+001
3.367158e+003,2.340936e+001
3.367640e+003,2.340476e+001
3.368122e+003,2.339975e+001
3.368604e+003,2.339405e+001
3.369086e+003,2.338748e+001
3.369569e+003,2.337993e+001
3.370051e+003,2.337141e+001
3.370533e+003,2.336199e+001
3.371015e+003,2.335179e+001
3.371497e+003,2.334099e+001
3.371979e+003,2.332977e+001
3.372461e+003,2.331831e+001
3.372943e+003,2.330687e+001
3.373426e+003,2.329569e+001
3.373908e+003,2.328502e+001
3.374390e+003,2.327508e+001
3.374872e+003,2.326594e+001
3.375354e+003,2.325763e+001
3.375836e+003,2.325004e+001
3.376318e+003,2.324299e+001
3.376800e+003,2.323627e+001
3.377282e+003,2.322969e+001
3.377765e+003,2.322305e+001
3.378247e+003,2.321620e+001
3.378729e+003,2.320902e+001
3.379211e+003,2.320140e+001
3.379693e+003,2.319325e+001
3.380175e+003,2.318460e+001
3.380657e+003,2.317553e+001
3.381140e+003,2.316625e+001
3.381622e+003,2.315701e+001
3.382104e+003,2.314807e+001
3.382586e+003,2.313964e+001
3.383068e+003,2.313184e+001
3.383550e+003,2.312464e+001
3.384032e+003,2.311793e+001
3.384514e+003,2.311152e+001
3.384997e+003,2.310523e+001
3.385479e+003,2.309889e+001
3.385961e+003,2.309237e+001
3.386443e+003,2.308557e+001
3.386925e+003,2.307845e+001
3.387407e+003,2.307100e+001
3.387889e+003,2.306326e+001
3.388371e+003,2.305533e+001
3.388854e+003,2.304738e+001
3.389336e+003,2.303957e+001
3.389818e+003,2.303206e+001
3.390300e+003,2.302489e+001
3.390782e+003,2.301802e+001
3.391264e+003,2.301129e+001
3.391746e+003,2.300444e+001
3.392229e+003,2.299727e+001
3.392710e+003,2.298964e+001
3.393193e+003,2.298150e+001
3.393675e+003,2.297297e+001
3.394157e+003,2.296421e+001
3.394639e+003,2.295545e+001
3.395121e+003,2.294688e+001
3.395603e+003,2.293868e+001
3.396085e+003,2.293092e+001
3.396568e+003,2.292363e+001
3.397050e+003,2.291675e+001
3.397532e+003,2.291015e+001
3.398014e+003,2.290363e+001
3.398496e+003,2.289696e+001
3.398978e+003,2.288993e+001
3.399460e+003,2.288236e+001
3.399942e+003,2.287420e+001
3.400425e+003,2.286550e+001
3.400907e+003,2.285641e+001
3.401389e+003,2.284717e+001
3.401871e+003,2.283801e+001
3.402353e+003,2.282914e+001
3.402835e+003,2.282064e+001
3.403317e+003,2.281254e+001
3.403799e+003,2.280476e+001
3.404281e+003,2.279721e+001
3.404764e+003,2.278973e+001
3.405246e+003,2.278218e+001
3.405728e+003,2.277442e+001
3.406210e+003,2.276636e+001
3.406692e+003,2.275792e+001
3.407174e+003,2.274910e+001
3.407656e+003,2.273998e+001
3.408138e+003,2.273072e+001
3.408621e+003,2.272152e+001
3.409103e+003,2.271258e+001
3.409585e+003,2.270405e+001
3.410067e+003,2.269599e+001
3.410549e+003,2.268836e+001
3.411031e+003,2.268102e+001
3.411513e+003,2.267380e+001
3.411996e+003,2.266658e+001
3.412478e+003,2.265927e+001
3.412960e+003,2.265187e+001
3.413442e+003,2.264441e+001
3.413924e+003,2.263699e+001
3.414406e+003,2.262971e+001
3.414888e+003,2.262262e+001
3.415370e+003,2.261571e+001
3.415853e+003,2.260893e+001
3.416335e+003,2.260217e+001
3.416817e+003,2.259529e+001
3.417299e+003,2.258814e+001
3.417781e+003,2.258058e+001
3.418263e+003,2.257254e+001
3.418745e+003,2.256404e+001
3.419227e+003,2.255514e+001
3.419709e+003,2.254599e+001
3.420192e+003,2.253672e+001
3.420674e+003,2.252743e+001
3.421156e+003,2.251815e+001
3.421638e+003,2.250885e+001
3.422120e+003,2.249948e+001
3.422602e+003,2.249000e+001
3.423084e+003,2.248044e+001
3.423566e+003,2.247091e+001
3.424049e+003,2.246159e+001
3.424531e+003,2.245265e+001
3.425013e+003,2.244429e+001
3.425495e+003,2.243660e+001
3.425977e+003,2.242960e+001
3.426459e+003,2.242326e+001
3.426941e+003,2.241750e+001
3.427424e+003,2.241219e+001
3.427906e+003,2.240719e+001
3.428388e+003,2.240235e+001
3.428870e+003,2.239748e+001
3.429352e+003,2.239239e+001
3.429834e+003,2.238694e+001
3.430316e+003,2.238104e+001
3.430798e+003,2.237463e+001
3.431281e+003,2.236783e+001
3.431763e+003,2.236072e+001
3.432245e+003,2.235344e+001
3.432727e+003,2.234609e+001
3.433209e+003,2.233873e+001
3.433691e+003,2.233138e+001
3.434173e+003,2.232407e+001
3.434655e+003,2.231683e+001
3.435137e+003,2.230975e+001
3.435620e+003,2.230286e+001
3.436102e+003,2.229619e+001
3.436584e+003,2.228963e+001
3.437066e+003,2.228300e+001
3.437548e+003,2.227604e+001
3.438030e+003,2.226849e+001
3.438512e+003,2.226019e+001
3.438994e+003,2.225111e+001
3.439477e+003,2.224142e+001
3.439959e+003,2.223134e+001
3.440441e+003,2.222121e+001
3.440923e+003,2.221126e+001
3.441405e+003,2.220167e+001
3.441887e+003,2.219251e+001
3.442369e+003,2.218378e+001
3.442852e+003,2.217545e+001
3.443333e+003,2.216749e+001
3.443816e+003,2.215993e+001
3.444298e+003,2.215277e+001
3.444780e+003,2.214604e+001
3.445262e+003,2.213972e+001
3.445744e+003,2.213368e+001
3.446226e+003,2.212778e+001
3.446708e+003,2.212184e+001
3.447191e+003,2.211567e+001
3.447673e+003,2.210917e+001
3.448155e+003,2.210225e+001
3.448637e+003,2.209491e+001
3.449119e+003,2.208718e+001
3.449601e+003,2.207914e+001
3.450083e+003,2.207087e+001
3.450565e+003,2.206244e+001
3.451048e+003,2.205395e+001
3.451530e+003,2.204545e+001
3.452012e+003,2.203698e+001
3.452494e+003,2.202861e+001
3.452976e+003,2.202038e+001
3.453458e+003,2.201236e+001
3.453940e+003,2.200461e+001
3.454422e+003,2.199721e+001
3.454905e+003,2.199018e+001
3.455387e+003,2.198350e+001
3.455869e+003,2.197706e+001
3.456351e+003,2.197070e+001
3.456833e+003,2.196421e+001
3.457315e+003,2.195738e+001
3.457797e+003,2.195007e+001
3.458280e+003,2.194221e+001
3.458761e+003,2.193379e+001
3.459244e+003,2.192489e+001
3.459726e+003,2.191561e+001
3.460208e+003,2.190609e+001
3.460690e+003,2.189647e+001
3.461172e+003,2.188690e+001
3.461654e+003,2.187756e+001
3.462136e+003,2.186862e+001
3.462619e+003,2.186021e+001
3.463101e+003,2.185242e+001
3.463583e+003,2.184521e+001
3.464065e+003,2.183852e+001
3.464547e+003,2.183221e+001
3.465029e+003,2.182611e+001
3.465511e+003,2.182013e+001
3.465993e+003,2.181421e+001
3.466476e+003,2.180831e+001
3.466958e+003,2.180243e+001
3.467440e+003,2.179656e+001
3.467922e+003,2.179068e+001
3.468404e+003,2.178467e+001
3.468886e+003,2.177847e+001
3.469368e+003,2.177202e+001
3.469850e+003,2.176530e+001
3.470333e+003,2.175832e+001
3.470815e+003,2.175113e+001
3.471297e+003,2.174379e+001
3.471779e+003,2.173637e+001
3.472261e+003,2.172889e+001
3.472743e+003,2.172138e+001
3.473225e+003,2.171386e+001
3.473708e+003,2.170631e+001
3.474189e+003,2.169872e+001
3.474672e+003,2.169101e+001
3.475154e+003,2.168311e+001
3.475636e+003,2.167495e+001
3.476118e+003,2.166653e+001
3.476600e+003,2.165789e+001
3.477082e+003,2.164924e+001
3.477564e+003,2.164080e+001
3.478047e+003,2.163283e+001
3.478529e+003,2.162553e+001
3.479011e+003,2.161891e+001
3.479493e+003,2.161287e+001
3.479975e+003,2.160714e+001
3.480457e+003,2.160136e+001
3.480939e+003,2.159522e+001
3.481421e+003,2.158851e+001
3.481904e+003,2.158114e+001
3.482386e+003,2.157317e+001
3.482868e+003,2.156475e+001
3.483350e+003,2.155606e+001
3.483832e+003,2.154729e+001
3.484314e+003,2.153861e+001
3.484796e+003,2.153017e+001
3.485278e+003,2.152213e+001
3.485760e+003,2.151455e+001
3.486243e+003,2.150746e+001
3.486725e+003,2.150082e+001
3.487207e+003,2.149445e+001
3.487689e+003,2.148819e+001
3.488171e+003,2.148184e+001
3.488653e+003,2.147531e+001
3.489135e+003,2.146860e+001
3.489618e+003,2.146176e+001
3.490100e+003,2.145493e+001
3.490582e+003,2.144818e+001
3.491064e+003,2.144147e+001
3.491546e+003,2.143468e+001
3.492028e+003,2.142763e+001
3.492510e+003,2.142014e+001
3.492992e+003,2.141211e+001
3.493475e+003,2.140359e+001
3.493957e+003,2.139478e+001
3.494439e+003,2.138594e+001
3.494921e+003,2.137737e+001
3.495403e+003,2.136926e+001
3.495885e+003,2.136171e+001
3.496367e+003,2.135461e+001
3.496849e+003,2.134778e+001
3.497332e+003,2.134090e+001
3.497814e+003,2.133369e+001
3.498296e+003,2.132590e+001
3.498778e+003,2.131741e+001
3.499260e+003,2.130822e+001
3.499742e+003,2.129852e+001
3.500224e+003,2.128859e+001
3.500706e+003,2.127883e+001
3.501188e+003,2.126964e+001
3.501671e+003,2.126132e+001
3.502153e+003,2.125402e+001
3.502635e+003,2.124770e+001
3.503117e+003,2.124207e+001
3.503599e+003,2.123676e+001
3.504081e+003,2.123135e+001
3.504563e+003,2.122550e+001
3.505046e+003,2.121901e+001
3.505528e+003,2.121184e+001
3.506010e+003,2.120411e+001
3.506492e+003,2.119601e+001
3.506974e+003,2.118785e+001
3.507456e+003,2.117989e+001
3.507938e+003,2.117238e+001
3.508420e+003,2.116550e+001
3.508903e+003,2.115929e+001
3.509385e+003,2.115365e+001
3.509867e+003,2.114833e+001
3.510349e+003,2.114304e+001
3.510831e+003,2.113750e+001
3.511313e+003,2.113152e+001
3.511795e+003,2.112505e+001
3.512277e+003,2.111823e+001
3.512760e+003,2.111124e+001
3.513242e+003,2.110429e+001
3.513724e+003,2.109749e+001
3.514206e+003,2.109085e+001
3.514688e+003,2.108426e+001
3.515170e+003,2.107752e+001
3.515652e+003,2.107045e+001
3.516135e+003,2.106292e+001
3.516616e+003,2.105490e+001
3.517099e+003,2.104646e+001
3.517581e+003,2.103776e+001
3.518063e+003,2.102895e+001
3.518545e+003,2.102022e+001
3.519027e+003,2.101171e+001
3.519509e+003,2.100358e+001
3.519991e+003,2.099594e+001
3.520474e+003,2.098887e+001
3.520956e+003,2.098241e+001
3.521438e+003,2.097652e+001
3.521920e+003,2.097106e+001
3.522402e+003,2.096583e+001
3.522884e+003,2.096058e+001
3.523366e+003,2.095505e+001
3.523848e+003,2.094908e+001
3.524331e+003,2.094258e+001
3.524813e+003,2.093557e+001
3.525295e+003,2.092812e+001
3.525777e+003,2.092033e+001
3.526259e+003,2.091232e+001
3.526741e+003,2.090415e+001
3.527223e+003,2.089591e+001
3.527705e+003,2.088772e+001
3.528188e+003,2.087964e+001
3.528670e+003,2.087178e+001
3.529152e+003,2.086422e+001
3.529634e+003,2.085698e+001
3.530116e+003,2.085004e+001
3.530598e+003,2.084336e+001
3.531080e+003,2.083681e+001
3.531563e+003,2.083029e+001
3.532044e+003,2.082366e+001
3.532527e+003,2.081683e+001
3.533009e+003,2.080973e+001
3.533491e+003,2.080234e+001
3.533973e+003,2.079472e+001
3.534455e+003,2.078696e+001
3.534937e+003,2.077922e+001
3.535419e+003,2.077167e+001
3.535902e+003,2.076442e+001
3.536384e+003,2.075749e+001
3.536866e+003,2.075080e+001
3.537348e+003,2.074420e+001
3.537830e+003,2.073753e+001
3.538312e+003,2.073066e+001
3.538794e+003,2.072359e+001
3.539276e+003,2.071644e+001
3.539759e+003,2.070939e+001
3.540241e+003,2.070267e+001
3.540723e+003,2.069640e+001
3.541205e+003,2.069065e+001
3.541687e+003,2.068534e+001
3.542169e+003,2.068032e+001
3.542651e+003,2.067538e+001
3.543133e+003,2.067035e+001
3.543615e+003,2.066507e+001
3.544098e+003,2.065947e+001
3.544580e+003,2.065346e+001
3.545062e+003,2.064702e+001
3.545544e+003,2.064006e+001
3.546026e+003,2.063256e+001
3.546508e+003,2.062447e+001
3.546990e+003,2.061582e+001
3.547472e+003,2.060665e+001
3.547955e+003,2.059708e+001
3.548437e+003,2.058722e+001
3.548919e+003,2.057723e+001
3.549401e+003,2.056726e+001
3.549883e+003,2.055752e+001
3.550365e+003,2.054820e+001
3.550847e+003,2.053953e+001
3.551330e+003,2.053163e+001
3.551812e+003,2.052457e+001
3.552294e+003,2.051825e+001
3.552776e+003,2.051245e+001
3.553258e+003,2.050688e+001
3.553740e+003,2.050126e+001
3.554222e+003,2.049541e+001
3.554704e+003,2.048927e+001
3.555187e+003,2.048288e+001
3.555669e+003,2.047634e+001
3.556151e+003,2.046976e+001
3.556633e+003,2.046325e+001
3.557115e+003,2.045682e+001
3.557597e+003,2.045050e+001
3.558079e+003,2.044426e+001
3.558561e+003,2.043809e+001
3.559043e+003,2.043192e+001
3.559526e+003,2.042572e+001
3.560008e+003,2.041930e+001
3.560490e+003,2.041250e+001
3.560972e+003,2.040508e+001
3.561454e+003,2.039684e+001
3.561936e+003,2.038763e+001
3.562418e+003,2.037746e+001
3.562900e+003,2.036645e+001
3.563383e+003,2.035488e+001
3.563865e+003,2.034317e+001
3.564347e+003,2.033185e+001
3.564829e+003,2.032151e+001
3.565311e+003,2.031279e+001
3.565793e+003,2.030623e+001
3.566275e+003,2.030210e+001
3.566758e+003,2.030017e+001
3.567240e+003,2.029976e+001
3.567722e+003,2.029982e+001
3.568204e+003,2.029925e+001
3.568686e+003,2.029726e+001
3.569168e+003,2.029348e+001
3.569650e+003,2.028798e+001
3.570132e+003,2.028115e+001
3.570615e+003,2.027347e+001
3.571097e+003,2.026544e+001
3.571579e+003,2.025742e+001
3.572061e+003,2.024962e+001
3.572543e+003,2.024206e+001
3.573025e+003,2.023468e+001
3.573507e+003,2.022737e+001
3.573989e+003,2.022007e+001
3.574471e+003,2.021276e+001
3.574954e+003,2.020549e+001
3.575436e+003,2.019831e+001
3.575918e+003,2.019130e+001
3.576400e+003,2.018444e+001
3.576882e+003,2.017773e+001
3.577364e+003,2.017112e+001
3.577846e+003,2.016462e+001
3.578328e+003,2.015822e+001
3.578811e+003,2.015193e+001
3.579293e+003,2.014573e+001
3.579775e+003,2.013953e+001
3.580257e+003,2.013316e+001
3.580739e+003,2.012643e+001
3.581221e+003,2.011911e+001
3.581703e+003,2.011105e+001
3.582186e+003,2.010211e+001
3.582667e+003,2.009230e+001
3.583150e+003,2.008168e+001
3.583632e+003,2.007045e+001
3.584114e+003,2.005888e+001
3.584596e+003,2.004742e+001
3.585078e+003,2.003659e+001
3.585560e+003,2.002703e+001
3.586042e+003,2.001931e+001
3.586525e+003,2.001376e+001
3.587007e+003,2.001025e+001
3.587489e+003,2.000814e+001
3.587971e+003,2.000640e+001
3.588453e+003,2.000396e+001
3.588935e+003,2.000001e+001
3.589417e+003,1.999429e+001
3.589899e+003,1.998690e+001
3.590382e+003,1.997829e+001
3.590864e+003,1.996898e+001
3.591346e+003,1.995953e+001
3.591828e+003,1.995039e+001
3.592310e+003,1.994192e+001
3.592792e+003,1.993436e+001
3.593274e+003,1.992784e+001
3.593756e+003,1.992232e+001
3.594239e+003,1.991761e+001
3.594721e+003,1.991333e+001
3.595203e+003,1.990904e+001
3.595685e+003,1.990421e+001
3.596167e+003,1.989841e+001
3.596649e+003,1.989137e+001
3.597131e+003,1.988304e+001
3.597614e+003,1.987354e+001
3.598095e+003,1.986321e+001
3.598578e+003,1.985245e+001
3.599060e+003,1.984170e+001
3.599542e+003,1.983136e+001
3.600024e+003,1.982168e+001
3.600506e+003,1.981280e+001
3.600988e+003,1.980469e+001
3.601470e+003,1.979712e+001
3.601953e+003,1.978982e+001
3.602435e+003,1.978242e+001
3.602917e+003,1.977460e+001
3.603399e+003,1.976615e+001
3.603881e+003,1.975701e+001
3.604363e+003,1.974729e+001
3.604845e+003,1.973730e+001
3.605327e+003,1.972743e+001
3.605810e+003,1.971820e+001
3.606292e+003,1.971001e+001
3.606774e+003,1.970314e+001
3.607256e+003,1.969760e+001
3.607738e+003,1.969309e+001
3.608220e+003,1.968913e+001
3.608702e+003,1.968514e+001
3.609184e+003,1.968063e+001
3.609667e+003,1.967533e+001
3.610149e+003,1.966921e+001
3.610631e+003,1.966240e+001
3.611113e+003,1.965516e+001
3.611595e+003,1.964777e+001
3.612077e+003,1.964045e+001
3.612559e+003,1.963338e+001
3.613042e+003,1.962654e+001
3.613524e+003,1.961981e+001
3.614006e+003,1.961295e+001
3.614488e+003,1.960570e+001
3.614970e+003,1.959790e+001
3.615452e+003,1.958952e+001
3.615934e+003,1.958074e+001
3.616416e+003,1.957194e+001
3.616898e+003,1.956364e+001
3.617381e+003,1.955640e+001
3.617863e+003,1.955066e+001
3.618345e+003,1.954657e+001
3.618827e+003,1.954388e+001
3.619309e+003,1.954198e+001
3.619791e+003,1.954006e+001
3.620273e+003,1.953742e+001
3.620755e+003,1.953360e+001
3.621238e+003,1.952845e+001
3.621720e+003,1.952203e+001
3.622202e+003,1.951446e+001
3.622684e+003,1.950586e+001
3.623166e+003,1.949632e+001
3.623648e+003,1.948585e+001
3.624130e+003,1.947451e+001
3.624612e+003,1.946239e+001
3.625094e+003,1.944972e+001
3.625577e+003,1.943685e+001
3.626059e+003,1.942435e+001
3.626541e+003,1.941295e+001
3.627023e+003,1.940356e+001
3.627505e+003,1.939709e+001
3.627987e+003,1.939406e+001
3.628469e+003,1.939417e+001
3.628952e+003,1.939614e+001
3.629434e+003,1.939806e+001
3.629916e+003,1.939819e+001
3.630398e+003,1.939564e+001
3.630880e+003,1.939039e+001
3.631362e+003,1.938298e+001
3.631844e+003,1.937422e+001
3.632326e+003,1.936483e+001
3.632809e+003,1.935546e+001
3.633291e+003,1.934653e+001
3.633773e+003,1.933822e+001
3.634255e+003,1.933059e+001
3.634737e+003,1.932353e+001
3.635219e+003,1.931690e+001
3.635701e+003,1.931061e+001
3.636183e+003,1.930459e+001
3.636666e+003,1.929877e+001
3.637148e+003,1.929313e+001
3.637630e+003,1.928759e+001
3.638112e+003,1.928203e+001
3.638594e+003,1.927636e+001
3.639076e+003,1.927051e+001
3.639558e+003,1.926451e+001
3.640041e+003,1.925839e+001
3.640522e+003,1.925217e+001
3.641005e+003,1.924581e+001
3.641487e+003,1.923916e+001
3.641969e+003,1.923195e+001
3.642451e+003,1.922392e+001
3.642933e+003,1.921483e+001
3.643415e+003,1.920462e+001
3.643897e+003,1.919335e+001
3.644380e+003,1.918125e+001
3.644862e+003,1.916867e+001
3.645344e+003,1.915607e+001
3.645826e+003,1.914393e+001
3.646308e+003,1.913283e+001
3.646790e+003,1.912337e+001
3.647272e+003,1.911623e+001
3.647754e+003,1.911206e+001
3.648237e+003,1.911125e+001
3.648719e+003,1.911374e+001
3.649201e+003,1.911872e+001
3.649683e+003,1.912469e+001
3.650165e+003,1.912981e+001
3.650647e+003,1.913250e+001
3.651129e+003,1.913186e+001
3.651611e+003,1.912768e+001
3.652094e+003,1.912038e+001
3.652576e+003,1.911069e+001
3.653058e+003,1.909953e+001
3.653540e+003,1.908785e+001
3.654022e+003,1.907664e+001
3.654504e+003,1.906681e+001
3.654986e+003,1.905914e+001
3.655469e+003,1.905402e+001
3.655950e+003,1.905134e+001
3.656433e+003,1.905038e+001
3.656915e+003,1.905015e+001
3.657397e+003,1.904959e+001
3.657879e+003,1.904803e+001
3.658361e+003,1.904522e+001
3.658843e+003,1.904133e+001
3.659325e+003,1.903668e+001
3.659808e+003,1.903165e+001
3.660290e+003,1.902653e+001
3.660772e+003,1.902149e+001
3.661254e+003,1.901657e+001
3.661736e+003,1.901174e+001
3.662218e+003,1.900694e+001
3.662700e+003,1.900206e+001
3.663182e+003,1.899697e+001
3.663665e+003,1.899145e+001
3.664147e+003,1.898520e+001
3.664629e+003,1.897787e+001
3.665111e+003,1.896914e+001
3.665593e+003,1.895886e+001
3.666075e+003,1.894715e+001
3.666557e+003,1.893454e+001
3.667039e+003,1.892194e+001
3.667521e+003,1.891067e+001
3.668004e+003,1.890220e+001
3.668486e+003,1.889783e+001
3.668968e+003,1.889808e+001
3.669450e+003,1.890214e+001
3.669932e+003,1.890785e+001
3.670414e+003,1.891243e+001
3.670896e+003,1.891355e+001
3.671378e+003,1.891020e+001
3.671861e+003,1.890279e+001
3.672343e+003,1.889274e+001
3.672825e+003,1.888204e+001
3.673307e+003,1.887300e+001
3.673789e+003,1.886790e+001
3.674271e+003,1.886859e+001
3.674753e+003,1.887562e+001
3.675236e+003,1.888755e+001
3.675718e+003,1.890105e+001
3.676200e+003,1.891234e+001
3.676682e+003,1.891886e+001
3.677164e+003,1.892005e+001
3.677646e+003,1.891690e+001
3.678128e+003,1.891106e+001
3.678610e+003,1.890401e+001
3.679093e+003,1.889689e+001
3.679575e+003,1.889026e+001
3.680057e+003,1.888425e+001
3.680539e+003,1.887866e+001
3.681021e+003,1.887312e+001
3.681503e+003,1.886724e+001
3.681985e+003,1.886074e+001
3.682467e+003,1.885341e+001
3.682949e+003,1.884518e+001
3.683432e+003,1.883604e+001
3.683914e+003,1.882614e+001
3.684396e+003,1.881571e+001
3.684878e+003,1.880514e+001
3.685360e+003,1.879495e+001
3.685842e+003,1.878579e+001
3.686324e+003,1.877834e+001
3.686806e+003,1.877324e+001
3.687289e+003,1.877093e+001
3.687771e+003,1.877157e+001
3.688253e+003,1.877488e+001
3.688735e+003,1.878023e+001
3.689217e+003,1.878675e+001
3.689699e+003,1.879357e+001
3.690181e+003,1.879993e+001
3.690664e+003,1.880523e+001
3.691146e+003,1.880899e+001
3.691628e+003,1.881083e+001
3.692110e+003,1.881057e+001
3.692592e+003,1.880823e+001
3.693074e+003,1.880412e+001
3.693556e+003,1.879883e+001
3.694038e+003,1.879300e+001
3.694521e+003,1.878729e+001
3.695003e+003,1.878210e+001
3.695485e+003,1.877756e+001
3.695967e+003,1.877337e+001
3.696449e+003,1.876903e+001
3.696931e+003,1.876398e+001
3.697413e+003,1.875785e+001
3.697895e+003,1.875059e+001
3.698377e+003,1.874261e+001
3.698860e+003,1.873463e+001
3.699342e+003,1.872763e+001
3.699824e+003,1.872257e+001
3.700306e+003,1.872017e+001
3.700788e+003,1.872066e+001
3.701270e+003,1.872367e+001
3.701752e+003,1.872822e+001
3.702234e+003,1.873291e+001
3.702717e+003,1.873641e+001
3.703199e+003,1.873774e+001
3.703681e+003,1.873639e+001
3.704163e+003,1.873238e+001
3.704645e+003,1.872605e+001
3.705127e+003,1.871790e+001
3.705609e+003,1.870843e+001
3.706092e+003,1.869814e+001
3.706573e+003,1.868740e+001
3.707056e+003,1.867654e+001
3.707538e+003,1.866596e+001
3.708020e+003,1.865616e+001
3.708502e+003,1.864784e+001
3.708984e+003,1.864189e+001
3.709466e+003,1.863927e+001
3.709948e+003,1.864068e+001
3.710431e+003,1.864622e+001
3.710913e+003,1.865505e+001
3.711395e+003,1.866535e+001
3.711877e+003,1.867480e+001
3.712359e+003,1.868126e+001
3.712841e+003,1.868350e+001
3.713323e+003,1.868123e+001
3.713805e+003,1.867506e+001
3.714288e+003,1.866603e+001
3.714770e+003,1.865526e+001
3.715252e+003,1.864378e+001
3.715734e+003,1.863236e+001
3.716216e+003,1.862154e+001
3.716698e+003,1.861165e+001
3.717180e+003,1.860279e+001
3.717662e+003,1.859494e+001
3.718145e+003,1.858799e+001
3.718627e+003,1.858186e+001
3.719109e+003,1.857648e+001
3.719591e+003,1.857180e+001
3.720073e+003,1.856783e+001
3.720555e+003,1.856446e+001
3.721037e+003,1.856148e+001
3.721520e+003,1.855854e+001
3.722001e+003,1.855525e+001
3.722484e+003,1.855136e+001
3.722966e+003,1.854688e+001
3.723448e+003,1.854225e+001
3.723930e+003,1.853812e+001
3.724412e+003,1.853533e+001
3.724894e+003,1.853436e+001
3.725376e+003,1.853518e+001
3.725859e+003,1.853697e+001
3.726341e+003,1.853838e+001
3.726823e+003,1.853776e+001
3.727305e+003,1.853382e+001
3.727787e+003,1.852594e+001
3.728269e+003,1.851435e+001
3.728751e+003,1.849986e+001
3.729233e+003,1.848372e+001
3.729716e+003,1.846720e+001
3.730198e+003,1.845146e+001
3.730680e+003,1.843731e+001
3.731162e+003,1.842520e+001
3.731644e+003,1.841522e+001
3.732126e+003,1.840733e+001
3.732608e+003,1.840150e+001
3.733090e+003,1.839795e+001
3.733573e+003,1.839709e+001
3.734055e+003,1.839934e+001
3.734537e+003,1.840466e+001
3.735019e+003,1.841227e+001
3.735501e+003,1.842055e+001
3.735983e+003,1.842750e+001
3.736465e+003,1.843134e+001
3.736948e+003,1.843112e+001
3.737430e+003,1.842669e+001
3.737912e+003,1.841855e+001
3.738394e+003,1.840738e+001
3.738876e+003,1.839382e+001
3.739358e+003,1.837835e+001
3.739840e+003,1.836143e+001
3.740322e+003,1.834356e+001
3.740804e+003,1.832552e+001
3.741287e+003,1.830848e+001
3.741769e+003,1.829407e+001
3.742251e+003,1.828418e+001
3.742733e+003,1.828066e+001
3.743215e+003,1.828437e+001
3.743697e+003,1.829425e+001
3.744179e+003,1.830669e+001
3.744661e+003,1.831653e+001
3.745144e+003,1.831929e+001
3.745626e+003,1.831318e+001
3.746108e+003,1.829919e+001
3.746590e+003,1.828002e+001
3.747072e+003,1.825879e+001
3.747554e+003,1.823843e+001
3.748036e+003,1.822136e+001
3.748518e+003,1.820948e+001
3.749000e+003,1.820407e+001
3.749483e+003,1.820554e+001
3.749965e+003,1.821305e+001
3.750447e+003,1.822454e+001
3.750929e+003,1.823701e+001
3.751411e+003,1.824738e+001
3.751893e+003,1.825322e+001
3.752375e+003,1.825334e+001
3.752858e+003,1.824767e+001
3.753340e+003,1.823696e+001
3.753822e+003,1.822248e+001
3.754304e+003,1.820561e+001
3.754786e+003,1.818776e+001
3.755268e+003,1.817022e+001
3.755750e+003,1.815405e+001
3.756232e+003,1.814012e+001
3.756715e+003,1.812898e+001
3.757197e+003,1.812095e+001
3.757679e+003,1.811601e+001
3.758161e+003,1.811382e+001
3.758643e+003,1.811365e+001
3.759125e+003,1.811448e+001
3.759607e+003,1.811502e+001
3.760089e+003,1.811404e+001
3.760572e+003,1.811059e+001
3.761054e+003,1.810432e+001
3.761536e+003,1.809548e+001
3.762018e+003,1.808489e+001
3.762500e+003,1.807367e+001
3.762982e+003,1.806303e+001
3.763464e+003,1.805394e+001
3.763947e+003,1.804686e+001
3.764428e+003,1.804161e+001
3.764911e+003,1.803740e+001
3.765393e+003,1.803308e+001
3.765875e+003,1.802769e+001
3.766357e+003,1.802086e+001
3.766839e+003,1.801301e+001
3.767321e+003,1.800516e+001
3.767803e+003,1.799859e+001
3.768286e+003,1.799435e+001
3.768768e+003,1.799284e+001
3.769250e+003,1.799354e+001
3.769732e+003,1.799512e+001
3.770214e+003,1.799584e+001
3.770696e+003,1.799423e+001
3.771178e+003,1.798951e+001
3.771660e+003,1.798170e+001
3.772143e+003,1.797146e+001
3.772625e+003,1.795968e+001
3.773107e+003,1.794718e+001
3.773589e+003,1.793452e+001
3.774071e+003,1.792198e+001
3.774553e+003,1.790965e+001
3.775035e+003,1.789751e+001
3.775517e+003,1.788563e+001
3.776000e+003,1.787425e+001
3.776482e+003,1.786388e+001
3.776964e+003,1.785519e+001
3.777446e+003,1.784889e+001
3.777928e+003,1.784546e+001
3.778410e+003,1.784487e+001
3.778892e+003,1.784634e+001
3.779375e+003,1.784848e+001
3.779856e+003,1.784961e+001
3.780339e+003,1.784834e+001
3.780821e+003,1.784396e+001
3.781303e+003,1.783660e+001
3.781785e+003,1.782710e+001
3.782267e+003,1.781665e+001
3.782749e+003,1.780645e+001
3.783231e+003,1.779743e+001
3.783714e+003,1.779006e+001
3.784196e+003,1.778433e+001
3.784678e+003,1.777976e+001
3.785160e+003,1.777567e+001
3.785642e+003,1.777146e+001
3.786124e+003,1.776674e+001
3.786606e+003,1.776141e+001
3.787088e+003,1.775560e+001
3.787571e+003,1.774950e+001
3.788053e+003,1.774329e+001
3.788535e+003,1.773698e+001
3.789017e+003,1.773052e+001
3.789499e+003,1.772369e+001
3.789981e+003,1.771628e+001
3.790463e+003,1.770796e+001
3.790945e+003,1.769849e+001
3.791427e+003,1.768768e+001
3.791910e+003,1.767554e+001
3.792392e+003,1.766232e+001
3.792874e+003,1.764862e+001
3.793356e+003,1.763530e+001
3.793838e+003,1.762339e+001
3.794320e+003,1.761383e+001
3.794802e+003,1.760711e+001
3.795284e+003,1.760303e+001
3.795767e+003,1.760051e+001
3.796249e+003,1.759779e+001
3.796731e+003,1.759306e+001
3.797213e+003,1.758514e+001
3.797695e+003,1.757395e+001
3.798177e+003,1.756058e+001
3.798659e+003,1.754709e+001
3.799142e+003,1.753607e+001
3.799624e+003,1.753007e+001
3.800106e+003,1.753076e+001
3.800588e+003,1.753809e+001
3.801070e+003,1.754965e+001
3.801552e+003,1.756104e+001
3.802034e+003,1.756763e+001
3.802516e+003,1.756651e+001
3.802999e+003,1.755747e+001
3.803481e+003,1.754251e+001
3.803963e+003,1.752474e+001
3.804445e+003,1.750751e+001
3.804927e+003,1.749375e+001
3.805409e+003,1.748559e+001
3.805891e+003,1.748382e+001
3.806373e+003,1.748757e+001
3.806855e+003,1.749423e+001
3.807338e+003,1.750038e+001
3.807820e+003,1.750297e+001
3.808302e+003,1.750039e+001
3.808784e+003,1.749265e+001
3.809266e+003,1.748083e+001
3.809748e+003,1.746637e+001
3.810230e+003,1.745044e+001
3.810712e+003,1.743380e+001
3.811195e+003,1.741674e+001
3.811677e+003,1.739932e+001
3.812159e+003,1.738174e+001
3.812641e+003,1.736451e+001
3.813123e+003,1.734870e+001
3.813605e+003,1.733577e+001
3.814087e+003,1.732733e+001
3.814570e+003,1.732444e+001
3.815052e+003,1.732692e+001
3.815534e+003,1.733287e+001
3.816016e+003,1.733899e+001
3.816498e+003,1.734179e+001
3.816980e+003,1.733908e+001
3.817462e+003,1.733063e+001
3.817944e+003,1.731806e+001
3.818427e+003,1.730418e+001
3.818909e+003,1.729218e+001
3.819391e+003,1.728507e+001
3.819873e+003,1.728480e+001
3.820355e+003,1.729148e+001
3.820837e+003,1.730278e+001
3.821319e+003,1.731441e+001
3.821801e+003,1.732196e+001
3.822283e+003,1.732275e+001
3.822766e+003,1.731657e+001
3.823248e+003,1.730504e+001
3.823730e+003,1.729060e+001
3.824212e+003,1.727559e+001
3.824694e+003,1.726186e+001
3.825176e+003,1.725047e+001
3.825658e+003,1.724156e+001
3.826140e+003,1.723441e+001
3.826623e+003,1.722780e+001
3.827105e+003,1.722034e+001
3.827587e+003,1.721111e+001
3.828069e+003,1.719992e+001
3.828551e+003,1.718736e+001
3.829033e+003,1.717451e+001
3.829515e+003,1.716264e+001
3.829998e+003,1.715273e+001
3.830479e+003,1.714523e+001
3.830962e+003,1.713987e+001
3.831444e+003,1.713575e+001
3.831926e+003,1.713156e+001
3.832408e+003,1.712611e+001
3.832890e+003,1.711861e+001
3.833372e+003,1.710897e+001
3.833854e+003,1.709769e+001
3.834337e+003,1.708577e+001
3.834819e+003,1.707440e+001
3.835301e+003,1.706479e+001
3.835783e+003,1.705790e+001
3.836265e+003,1.705441e+001
3.836747e+003,1.705433e+001
3.837229e+003,1.705712e+001
3.837711e+003,1.706151e+001
3.838194e+003,1.706591e+001
3.838676e+003,1.706874e+001
3.839158e+003,1.706888e+001
3.839640e+003,1.706605e+001
3.840122e+003,1.706068e+001
3.840604e+003,1.705367e+001
3.841086e+003,1.704614e+001
3.841568e+003,1.703906e+001
3.842051e+003,1.703310e+001
3.842533e+003,1.702843e+001
3.843015e+003,1.702475e+001
3.843497e+003,1.702139e+001
3.843979e+003,1.701752e+001
3.844461e+003,1.701230e+001
3.844943e+003,1.700515e+001
3.845426e+003,1.699577e+001
3.845907e+003,1.698416e+001
3.846390e+003,1.697045e+001
3.846872e+003,1.695486e+001
3.847354e+003,1.693758e+001
3.847836e+003,1.691878e+001
3.848318e+003,1.689858e+001
3.848800e+003,1.687721e+001
3.849282e+003,1.685512e+001
3.849765e+003,1.683318e+001
3.850247e+003,1.681282e+001
3.850729e+003,1.679627e+001
3.851211e+003,1.678645e+001
3.851693e+003,1.678673e+001
3.852175e+003,1.679958e+001
3.852657e+003,1.682476e+001
3.853139e+003,1.685762e+001
3.853622e+003,1.688993e+001
3.854104e+003,1.691357e+001
3.854586e+003,1.692436e+001
3.855068e+003,1.692271e+001
3.855550e+003,1.691172e+001
3.856032e+003,1.689496e+001
3.856514e+003,1.687534e+001
3.856996e+003,1.685479e+001
3.857479e+003,1.683437e+001
3.857961e+003,1.681463e+001
3.858443e+003,1.679582e+001
3.858925e+003,1.677814e+001
3.859407e+003,1.676184e+001
3.859889e+003,1.674717e+001
3.860371e+003,1.673452e+001
3.860854e+003,1.672420e+001
3.861336e+003,1.671656e+001
3.861818e+003,1.671186e+001
3.862300e+003,1.671021e+001
3.862782e+003,1.671149e+001
3.863264e+003,1.671507e+001
3.863746e+003,1.671965e+001
3.864228e+003,1.672338e+001
3.864710e+003,1.672421e+001
3.865193e+003,1.672056e+001
3.865675e+003,1.671182e+001
3.866157e+003,1.669863e+001
3.866639e+003,1.668272e+001
3.867121e+003,1.666652e+001
3.867603e+003,1.665262e+001
3.868085e+003,1.664332e+001
3.868567e+003,1.663984e+001
3.869050e+003,1.664180e+001
3.869532e+003,1.664696e+001
3.870014e+003,1.665194e+001
3.870496e+003,1.665365e+001
3.870978e+003,1.665069e+001
3.871460e+003,1.664363e+001
3.871942e+003,1.663451e+001
3.872424e+003,1.662575e+001
3.872906e+003,1.661924e+001
3.873389e+003,1.661565e+001
3.873871e+003,1.661429e+001
3.874353e+003,1.661336e+001
3.874835e+003,1.661064e+001
3.875317e+003,1.660435e+001
3.875799e+003,1.659375e+001
3.876281e+003,1.657927e+001
3.876764e+003,1.656222e+001
3.877246e+003,1.654442e+001
3.877728e+003,1.652788e+001
3.878210e+003,1.651443e+001
3.878692e+003,1.650544e+001
3.879174e+003,1.650129e+001
3.879656e+003,1.650113e+001
3.880138e+003,1.650283e+001
3.880621e+003,1.650360e+001
3.881103e+003,1.650104e+001
3.881585e+003,1.649402e+001
3.882067e+003,1.648303e+001
3.882549e+003,1.646997e+001
3.883031e+003,1.645742e+001
3.883513e+003,1.644804e+001
3.883995e+003,1.644381e+001
3.884478e+003,1.644535e+001
3.884960e+003,1.645135e+001
3.885442e+003,1.645871e+001
3.885924e+003,1.646351e+001
3.886406e+003,1.646255e+001
3.886888e+003,1.645441e+001
3.887370e+003,1.643970e+001
3.887853e+003,1.642048e+001
3.888334e+003,1.639948e+001
3.888817e+003,1.637943e+001
3.889299e+003,1.636275e+001
3.889781e+003,1.635118e+001
3.890263e+003,1.634560e+001
3.890745e+003,1.634564e+001
3.891227e+003,1.634976e+001
3.891709e+003,1.635552e+001
3.892192e+003,1.636035e+001
3.892674e+003,1.636221e+001
3.893156e+003,1.636010e+001
3.893638e+003,1.635395e+001
3.894120e+003,1.634438e+001
3.894602e+003,1.633234e+001
3.895084e+003,1.631888e+001
3.895566e+003,1.630497e+001
3.896049e+003,1.629152e+001
3.896531e+003,1.627922e+001
3.897013e+003,1.626864e+001
3.897495e+003,1.626009e+001
3.897977e+003,1.625367e+001
3.898459e+003,1.624907e+001
3.898941e+003,1.624573e+001
3.899423e+003,1.624279e+001
3.899906e+003,1.623948e+001
3.900388e+003,1.623519e+001
3.900870e+003,1.622987e+001
3.901352e+003,1.622402e+001
3.901834e+003,1.621858e+001
3.902316e+003,1.621463e+001
3.902798e+003,1.621302e+001
3.903281e+003,1.621398e+001
3.903762e+003,1.621698e+001
3.904245e+003,1.622072e+001
3.904727e+003,1.622366e+001
3.905209e+003,1.622441e+001
3.905691e+003,1.622219e+001
3.906173e+003,1.621683e+001
3.906655e+003,1.620877e+001
3.907137e+003,1.619875e+001
3.907620e+003,1.618764e+001
3.908102e+003,1.617621e+001
3.908584e+003,1.616509e+001
3.909066e+003,1.615470e+001
3.909548e+003,1.614524e+001
3.910030e+003,1.613670e+001
3.910512e+003,1.612885e+001
3.910994e+003,1.612131e+001
3.911477e+003,1.611368e+001
3.911959e+003,1.610560e+001
3.912441e+003,1.609692e+001
3.912923e+003,1.608772e+001
3.913405e+003,1.607841e+001
3.913887e+003,1.606953e+001
3.914369e+003,1.606169e+001
3.914851e+003,1.605538e+001
3.915333e+003,1.605084e+001
3.915816e+003,1.604798e+001
3.916298e+003,1.604637e+001
3.916780e+003,1.604547e+001
3.917262e+003,1.604466e+001
3.917744e+003,1.604344e+001
3.918226e+003,1.604148e+001
3.918708e+003,1.603853e+001
3.919190e+003,1.603442e+001
3.919673e+003,1.602895e+001
3.920155e+003,1.602205e+001
3.920637e+003,1.601377e+001
3.921119e+003,1.600443e+001
3.921601e+003,1.599458e+001
3.922083e+003,1.598497e+001
3.922565e+003,1.597634e+001
3.923048e+003,1.596927e+001
3.923530e+003,1.596397e+001
3.924012e+003,1.596017e+001
3.924494e+003,1.595719e+001
3.924976e+003,1.595413e+001
3.925458e+003,1.595010e+001
3.925940e+003,1.594451e+001
3.926422e+003,1.593713e+001
3.926905e+003,1.592816e+001
3.927387e+003,1.591801e+001
3.927869e+003,1.590733e+001
3.928351e+003,1.589675e+001
3.928833e+003,1.588699e+001
3.929315e+003,1.587860e+001
3.929797e+003,1.587206e+001
3.930279e+003,1.586756e+001
3.930761e+003,1.586504e+001
3.931244e+003,1.586408e+001
3.931726e+003,1.586402e+001
3.932208e+003,1.586405e+001
3.932690e+003,1.586344e+001
3.933172e+003,1.586167e+001
3.933654e+003,1.585850e+001
3.934136e+003,1.585402e+001
3.934618e+003,1.584854e+001
3.935101e+003,1.584235e+001
3.935583e+003,1.583575e+001
3.936065e+003,1.582889e+001
3.936547e+003,1.582175e+001
3.937029e+003,1.581418e+001
3.937511e+003,1.580597e+001
3.937993e+003,1.579699e+001
3.938476e+003,1.578727e+001
3.938958e+003,1.577707e+001
3.939440e+003,1.576690e+001
3.939922e+003,1.575741e+001
3.940404e+003,1.574935e+001
3.940886e+003,1.574319e+001
3.941368e+003,1.573911e+001
3.941850e+003,1.573677e+001
3.942333e+003,1.573538e+001
3.942815e+003,1.573387e+001
3.943297e+003,1.573122e+001
3.943779e+003,1.572677e+001
3.944261e+003,1.572043e+001
3.944743e+003,1.571256e+001
3.945225e+003,1.570395e+001
3.945707e+003,1.569543e+001
3.946189e+003,1.568773e+001
3.946672e+003,1.568135e+001
3.947154e+003,1.567645e+001
3.947636e+003,1.567286e+001
3.948118e+003,1.567028e+001
3.948600e+003,1.566823e+001
3.949082e+003,1.566626e+001
3.949564e+003,1.566395e+001
3.950046e+003,1.566100e+001
3.950529e+003,1.565716e+001
3.951011e+003,1.565229e+001
3.951493e+003,1.564635e+001
3.951975e+003,1.563943e+001
3.952457e+003,1.563168e+001
3.952939e+003,1.562334e+001
3.953421e+003,1.561463e+001
3.953904e+003,1.560577e+001
3.954385e+003,1.559690e+001
3.954868e+003,1.558809e+001
3.955350e+003,1.557942e+001
3.955832e+003,1.557096e+001
3.956314e+003,1.556279e+001
3.956796e+003,1.555505e+001
3.957278e+003,1.554783e+001
3.957760e+003,1.554125e+001
3.958243e+003,1.553535e+001
3.958725e+003,1.553014e+001
3.959207e+003,1.552554e+001
3.959689e+003,1.552154e+001
3.960171e+003,1.551804e+001
3.960653e+003,1.551496e+001
3.961135e+003,1.551216e+001
3.961617e+003,1.550949e+001
3.962100e+003,1.550670e+001
3.962582e+003,1.550356e+001
3.963064e+003,1.549986e+001
3.963546e+003,1.549544e+001
3.964028e+003,1.549022e+001
3.964510e+003,1.548419e+001
3.964992e+003,1.547742e+001
3.965474e+003,1.547006e+001
3.965957e+003,1.546230e+001
3.966439e+003,1.545442e+001
3.966921e+003,1.544676e+001
3.967403e+003,1.543966e+001
3.967885e+003,1.543338e+001
3.968367e+003,1.542805e+001
3.968849e+003,1.542357e+001
3.969332e+003,1.541967e+001
3.969813e+003,1.541594e+001
3.970296e+003,1.541193e+001
3.970778e+003,1.540730e+001
3.971260e+003,1.540194e+001
3.971742e+003,1.539590e+001
3.972224e+003,1.538944e+001
3.972706e+003,1.538284e+001
3.973188e+003,1.537642e+001
3.973671e+003,1.537035e+001
3.974153e+003,1.536472e+001
3.974635e+003,1.535952e+001
3.975117e+003,1.535471e+001
3.975599e+003,1.535020e+001
3.976081e+003,1.534587e+001
3.976563e+003,1.534159e+001
3.977045e+003,1.533720e+001
3.977528e+003,1.533251e+001
3.978010e+003,1.532743e+001
3.978492e+003,1.532193e+001
3.978974e+003,1.531617e+001
3.979456e+003,1.531034e+001
3.979938e+003,1.530472e+001
3.980420e+003,1.529951e+001
3.980902e+003,1.529475e+001
3.981385e+003,1.529030e+001
3.981867e+003,1.528590e+001
3.982349e+003,1.528117e+001
3.982831e+003,1.527586e+001
3.983313e+003,1.526975e+001
3.983795e+003,1.526284e+001
3.984277e+003,1.525524e+001
3.984760e+003,1.524716e+001
3.985242e+003,1.523886e+001
3.985724e+003,1.523060e+001
3.986206e+003,1.522264e+001
3.986688e+003,1.521525e+001
3.987170e+003,1.520863e+001
3.987652e+003,1.520292e+001
3.988134e+003,1.519818e+001
3.988616e+003,1.519433e+001
3.989099e+003,1.519111e+001
3.989581e+003,1.518823e+001
3.990063e+003,1.518531e+001
3.990545e+003,1.518204e+001
3.991027e+003,1.517821e+001
3.991509e+003,1.517371e+001
3.991991e+003,1.516852e+001
3.992473e+003,1.516271e+001
3.992956e+003,1.515638e+001
3.993438e+003,1.514966e+001
3.993920e+003,1.514268e+001
3.994402e+003,1.513565e+001
3.994884e+003,1.512876e+001
3.995366e+003,1.512218e+001
3.995848e+003,1.511604e+001
3.996330e+003,1.511043e+001
3.996813e+003,1.510530e+001
3.997295e+003,1.510058e+001
3.997777e+003,1.509615e+001
3.998259e+003,1.509191e+001
3.998741e+003,1.508777e+001
3.999223e+003,1.508363e+001
3.999705e+003,1.507943e+001
4.000188e+003,1.507508e+001
