3.996813e+002,0.000000e+000
4.001635e+002,7.015390e+001
4.006456e+002,7.021628e+001
4.011277e+002,7.024028e+001
4.016098e+002,7.021521e+001
4.020919e+002,7.014092e+001
4.025741e+002,7.002883e+001
4.030562e+002,6.989860e+001
4.035383e+002,6.977296e+001
4.040204e+002,6.967102e+001
4.045026e+002,6.960399e+001
4.049847e+002,6.957396e+001
4.054668e+002,6.957532e+001
4.059489e+002,6.959868e+001
4.064311e+002,6.963456e+001
4.069132e+002,6.967535e+001
4.073953e+002,6.971584e+001
4.078774e+002,6.975134e+001
4.083596e+002,6.977730e+001
4.088417e+002,6.978949e+001
4.093238e+002,6.978601e+001
4.098059e+002,6.976910e+001
4.102881e+002,6.974603e+001
4.107702e+002,6.972719e+001
4.112523e+002,6.972235e+001
4.117344e+002,6.973663e+001
4.122166e+002,6.976849e+001
4.126987e+002,6.981012e+001
4.131808e+002,6.985081e+001
4.136629e+002,6.988126e+001
4.141451e+002,6.989729e+001
4.146272e+002,6.990081e+001
4.151093e+002,6.989826e+001
4.155914e+002,6.989753e+001
4.160736e+002,6.990449e+001
4.165557e+002,6.992078e+001
4.170378e+002,6.994289e+001
4.175200e+002,6.996252e+001
4.180021e+002,6.996896e+001
4.184842e+002,6.995268e+001
4.189663e+002,6.990967e+001
4.194484e+002,6.984323e+001
4.199306e+002,6.976228e+001
4.204127e+002,6.967786e+001
4.208948e+002,6.959982e+001
4.213770e+002,6.953549e+001
4.218591e+002,6.948952e+001
4.223412e+002,6.946329e+001
4.228233e+002,6.945457e+001
4.233055e+002,6.945742e+001
4.237876e+002,6.946277e+001
4.242697e+002,6.946132e+001
4.247518e+002,6.944630e+001
4.252339e+002,6.941611e+001
4.257161e+002,6.937483e+001
4.261982e+002,6.933027e+001
4.266803e+002,6.929062e+001
4.271624e+002,6.926138e+001
4.276446e+002,6.924396e+001
4.281267e+002,6.923621e+001
4.286088e+002,6.923478e+001
4.290909e+002,6.923701e+001
4.295731e+002,6.924255e+001
4.300552e+002,6.925285e+001
4.305373e+002,6.926955e+001
4.310194e+002,6.929229e+001
4.315016e+002,6.931744e+001
4.319837e+002,6.933880e+001
4.324658e+002,6.934965e+001
4.329479e+002,6.934529e+001
4.334301e+002,6.932510e+001
4.339122e+002,6.929237e+001
4.343943e+002,6.925304e+001
4.348764e+002,6.921322e+001
4.353586e+002,6.917741e+001
4.358407e+002,6.914780e+001
4.363228e+002,6.912510e+001
4.368049e+002,6.910995e+001
4.372870e+002,6.910410e+001
4.377692e+002,6.911020e+001
4.382513e+002,6.913065e+001
4.387334e+002,6.916569e+001
4.392155e+002,6.921222e+001
4.396977e+002,6.926360e+001
4.401798e+002,6.931099e+001
4.406619e+002,6.934500e+001
4.411440e+002,6.935838e+001
4.416262e+002,6.934750e+001
4.421083e+002,6.931303e+001
4.425904e+002,6.925911e+001
4.430725e+002,6.919194e+001
4.435547e+002,6.911828e+001
4.440368e+002,6.904486e+001
4.445189e+002,6.897767e+001
4.450010e+002,6.892223e+001
4.454832e+002,6.888269e+001
4.459653e+002,6.886146e+001
4.464474e+002,6.885815e+001
4.469295e+002,6.886975e+001
4.474117e+002,6.889121e+001
4.478938e+002,6.891704e+001
4.483759e+002,6.894279e+001
4.488580e+002,6.896609e+001
4.493401e+002,6.898647e+001
4.498223e+002,6.900443e+001
4.503044e+002,6.902021e+001
4.507865e+002,6.903326e+001
4.512687e+002,6.904263e+001
4.517508e+002,6.904824e+001
4.522329e+002,6.905203e+001
4.527150e+002,6.905847e+001
4.531971e+002,6.907334e+001
4.536793e+002,6.910138e+001
4.541614e+002,6.914367e+001
4.546435e+002,6.919587e+001
4.551257e+002,6.924797e+001
4.556078e+002,6.928572e+001
4.560899e+002,6.929350e+001
4.565720e+002,6.925827e+001
4.570542e+002,6.917393e+001
4.575363e+002,6.904408e+001
4.580184e+002,6.888172e+001
4.585005e+002,6.870571e+001
4.589827e+002,6.853552e+001
4.594648e+002,6.838675e+001
4.599469e+002,6.826926e+001
4.604290e+002,6.818738e+001
4.609112e+002,6.814104e+001
4.613933e+002,6.812696e+001
4.618754e+002,6.813931e+001
4.623575e+002,6.817038e+001
4.628397e+002,6.821150e+001
4.633218e+002,6.825453e+001
4.638039e+002,6.829301e+001
4.642860e+002,6.832320e+001
4.647682e+002,6.834420e+001
4.652503e+002,6.835706e+001
4.657324e+002,6.836387e+001
4.662145e+002,6.836699e+001
4.666967e+002,6.836877e+001
4.671788e+002,6.837185e+001
4.676609e+002,6.837923e+001
4.681430e+002,6.839404e+001
4.686252e+002,6.841866e+001
4.691073e+002,6.845377e+001
4.695894e+002,6.849724e+001
4.700715e+002,6.854431e+001
4.705536e+002,6.858856e+001
4.710358e+002,6.862388e+001
4.715179e+002,6.864645e+001
4.720000e+002,6.865656e+001
4.724821e+002,6.865826e+001
4.729643e+002,6.865770e+001
4.734464e+002,6.866020e+001
4.739285e+002,6.866805e+001
4.744106e+002,6.868005e+001
4.748928e+002,6.869274e+001
4.753749e+002,6.870226e+001
4.758570e+002,6.870637e+001
4.763391e+002,6.870495e+001
4.768213e+002,6.869963e+001
4.773034e+002,6.869280e+001
4.777855e+002,6.868610e+001
4.782676e+002,6.867959e+001
4.787498e+002,6.867174e+001
4.792319e+002,6.866018e+001
4.797140e+002,6.864249e+001
4.801961e+002,6.861682e+001
4.806783e+002,6.858225e+001
4.811604e+002,6.853832e+001
4.816425e+002,6.848479e+001
4.821246e+002,6.842155e+001
4.826068e+002,6.834897e+001
4.830889e+002,6.826818e+001
4.835710e+002,6.818132e+001
4.840531e+002,6.809125e+001
4.845352e+002,6.800081e+001
4.850174e+002,6.791228e+001
4.854995e+002,6.782677e+001
4.859816e+002,6.774471e+001
4.864637e+002,6.766655e+001
4.869459e+002,6.759333e+001
4.874280e+002,6.752705e+001
4.879101e+002,6.747038e+001
4.883922e+002,6.742576e+001
4.888744e+002,6.739463e+001
4.893565e+002,6.737685e+001
4.898386e+002,6.737092e+001
4.903207e+002,6.737489e+001
4.908029e+002,6.738699e+001
4.912850e+002,6.740643e+001
4.917671e+002,6.743322e+001
4.922492e+002,6.746758e+001
4.927314e+002,6.750887e+001
4.932135e+002,6.755495e+001
4.936956e+002,6.760233e+001
4.941777e+002,6.764690e+001
4.946599e+002,6.768501e+001
4.951420e+002,6.771443e+001
4.956241e+002,6.773460e+001
4.961062e+002,6.774629e+001
4.965884e+002,6.775095e+001
4.970705e+002,6.774995e+001
4.975526e+002,6.774415e+001
4.980347e+002,6.773418e+001
4.985169e+002,6.772070e+001
4.989990e+002,6.770489e+001
4.994811e+002,6.768833e+001
4.999633e+002,6.767287e+001
5.004454e+002,6.765994e+001
5.009275e+002,6.765010e+001
5.014096e+002,6.764300e+001
5.018917e+002,6.763772e+001
5.023739e+002,6.763312e+001
5.028560e+002,6.762862e+001
5.033381e+002,6.762419e+001
5.038203e+002,6.762007e+001
5.043024e+002,6.761648e+001
5.047845e+002,6.761321e+001
5.052666e+002,6.760988e+001
5.057487e+002,6.760617e+001
5.062309e+002,6.760243e+001
5.067130e+002,6.759973e+001
5.071951e+002,6.759965e+001
5.076772e+002,6.760366e+001
5.081594e+002,6.761236e+001
5.086415e+002,6.762508e+001
5.091236e+002,6.764003e+001
5.096057e+002,6.765498e+001
5.100879e+002,6.766800e+001
5.105700e+002,6.767809e+001
5.110521e+002,6.768529e+001
5.115342e+002,6.769022e+001
5.120164e+002,6.769353e+001
5.124985e+002,6.769536e+001
5.129806e+002,6.769497e+001
5.134627e+002,6.769115e+001
5.139448e+002,6.768259e+001
5.144270e+002,6.766839e+001
5.149091e+002,6.764826e+001
5.153912e+002,6.762264e+001
5.158734e+002,6.759250e+001
5.163555e+002,6.755908e+001
5.168376e+002,6.752401e+001
5.173197e+002,6.748928e+001
5.178019e+002,6.745731e+001
5.182840e+002,6.743073e+001
5.187661e+002,6.741187e+001
5.192482e+002,6.740221e+001
5.197303e+002,6.740185e+001
5.202125e+002,6.740958e+001
5.206946e+002,6.742323e+001
5.211767e+002,6.744039e+001
5.216588e+002,6.745903e+001
5.221410e+002,6.747795e+001
5.226231e+002,6.749656e+001
5.231052e+002,6.751468e+001
5.235873e+002,6.753199e+001
5.240695e+002,6.754775e+001
5.245516e+002,6.756090e+001
5.250337e+002,6.757046e+001
5.255159e+002,6.757600e+001
5.259980e+002,6.757803e+001
5.264801e+002,6.757765e+001
5.269622e+002,6.757626e+001
5.274443e+002,6.757481e+001
5.279265e+002,6.757348e+001
5.284086e+002,6.757184e+001
5.288907e+002,6.756921e+001
5.293728e+002,6.756535e+001
5.298550e+002,6.756059e+001
5.303371e+002,6.755589e+001
5.308192e+002,6.755246e+001
5.313013e+002,6.755125e+001
5.317834e+002,6.755253e+001
5.322656e+002,6.755598e+001
5.327477e+002,6.756081e+001
5.332299e+002,6.756633e+001
5.337120e+002,6.757204e+001
5.341941e+002,6.757787e+001
5.346762e+002,6.758376e+001
5.351583e+002,6.758937e+001
5.356404e+002,6.759404e+001
5.361226e+002,6.759674e+001
5.366047e+002,6.759664e+001
5.370868e+002,6.759341e+001
5.375690e+002,6.758755e+001
5.380511e+002,6.758006e+001
5.385332e+002,6.757217e+001
5.390153e+002,6.756470e+001
5.394974e+002,6.755782e+001
5.399796e+002,6.755109e+001
5.404617e+002,6.754385e+001
5.409438e+002,6.753582e+001
5.414260e+002,6.752730e+001
5.419081e+002,6.751910e+001
5.423902e+002,6.751226e+001
5.428723e+002,6.750743e+001
5.433544e+002,6.750447e+001
5.438365e+002,6.750260e+001
5.443187e+002,6.750056e+001
5.448008e+002,6.749743e+001
5.452830e+002,6.749281e+001
5.457651e+002,6.748713e+001
5.462472e+002,6.748139e+001
5.467293e+002,6.747669e+001
5.472114e+002,6.747381e+001
5.476936e+002,6.747292e+001
5.481757e+002,6.747372e+001
5.486578e+002,6.747563e+001
5.491400e+002,6.747792e+001
5.496221e+002,6.747986e+001
5.501042e+002,6.748068e+001
5.505863e+002,6.747945e+001
5.510684e+002,6.747507e+001
5.515505e+002,6.746667e+001
5.520327e+002,6.745391e+001
5.525148e+002,6.743716e+001
5.529969e+002,6.741767e+001
5.534791e+002,6.739719e+001
5.539612e+002,6.737751e+001
5.544433e+002,6.735999e+001
5.549254e+002,6.734528e+001
5.554076e+002,6.733343e+001
5.558896e+002,6.732429e+001
5.563718e+002,6.731779e+001
5.568539e+002,6.731418e+001
5.573361e+002,6.731383e+001
5.578182e+002,6.731675e+001
5.583003e+002,6.732220e+001
5.587825e+002,6.732853e+001
5.592645e+002,6.733344e+001
5.597467e+002,6.733466e+001
5.602288e+002,6.733070e+001
5.607109e+002,6.732130e+001
5.611931e+002,6.730753e+001
5.616752e+002,6.729130e+001
5.621573e+002,6.727468e+001
5.626394e+002,6.725921e+001
5.631216e+002,6.724564e+001
5.636037e+002,6.723395e+001
5.640858e+002,6.722362e+001
5.645679e+002,6.721409e+001
5.650500e+002,6.720488e+001
5.655322e+002,6.719563e+001
5.660143e+002,6.718598e+001
5.664965e+002,6.717554e+001
5.669785e+002,6.716381e+001
5.674607e+002,6.715061e+001
5.679428e+002,6.713615e+001
5.684249e+002,6.712116e+001
5.689070e+002,6.710661e+001
5.693892e+002,6.709345e+001
5.698713e+002,6.708195e+001
5.703534e+002,6.707174e+001
5.708356e+002,6.706182e+001
5.713177e+002,6.705103e+001
5.717998e+002,6.703841e+001
5.722819e+002,6.702373e+001
5.727640e+002,6.700717e+001
5.732462e+002,6.698931e+001
5.737283e+002,6.697058e+001
5.742104e+002,6.695110e+001
5.746925e+002,6.693067e+001
5.751747e+002,6.690907e+001
5.756568e+002,6.688642e+001
5.761389e+002,6.686354e+001
5.766210e+002,6.684185e+001
5.771031e+002,6.682314e+001
5.775853e+002,6.680914e+001
5.780674e+002,6.680123e+001
5.785496e+002,6.680017e+001
5.790317e+002,6.680605e+001
5.795138e+002,6.681824e+001
5.799959e+002,6.683527e+001
5.804780e+002,6.685463e+001
5.809601e+002,6.687274e+001
5.814423e+002,6.688523e+001
5.819244e+002,6.688764e+001
5.824066e+002,6.687651e+001
5.828887e+002,6.685047e+001
5.833708e+002,6.681081e+001
5.838529e+002,6.676151e+001
5.843350e+002,6.670834e+001
5.848171e+002,6.665736e+001
5.852993e+002,6.661346e+001
5.857814e+002,6.657924e+001
5.862635e+002,6.655468e+001
5.867457e+002,6.653771e+001
5.872278e+002,6.652520e+001
5.877099e+002,6.651408e+001
5.881920e+002,6.650215e+001
5.886741e+002,6.648826e+001
5.891563e+002,6.647206e+001
5.896384e+002,6.645369e+001
5.901205e+002,6.643340e+001
5.906027e+002,6.641153e+001
5.910848e+002,6.638860e+001
5.915669e+002,6.636543e+001
5.920490e+002,6.634309e+001
5.925311e+002,6.632268e+001
5.930133e+002,6.630485e+001
5.934954e+002,6.628970e+001
5.939775e+002,6.627678e+001
5.944597e+002,6.626544e+001
5.949418e+002,6.625520e+001
5.954239e+002,6.624604e+001
5.959060e+002,6.623843e+001
5.963882e+002,6.623294e+001
5.968702e+002,6.622975e+001
5.973524e+002,6.622830e+001
5.978345e+002,6.622713e+001
5.983167e+002,6.622443e+001
5.987988e+002,6.621831e+001
5.992809e+002,6.620757e+001
5.997630e+002,6.619204e+001
6.002451e+002,6.617242e+001
6.007273e+002,6.615001e+001
6.012094e+002,6.612624e+001
6.016915e+002,6.610231e+001
6.021736e+002,6.607903e+001
6.026558e+002,6.605690e+001
6.031379e+002,6.603640e+001
6.036200e+002,6.601790e+001
6.041022e+002,6.600182e+001
6.045842e+002,6.598847e+001
6.050664e+002,6.597790e+001
6.055485e+002,6.596994e+001
6.060306e+002,6.596430e+001
6.065128e+002,6.596062e+001
6.069949e+002,6.595860e+001
6.074770e+002,6.595787e+001
6.079591e+002,6.595783e+001
6.084413e+002,6.595757e+001
6.089234e+002,6.595577e+001
6.094055e+002,6.595108e+001
6.098876e+002,6.594244e+001
6.103698e+002,6.592949e+001
6.108519e+002,6.591279e+001
6.113340e+002,6.589365e+001
6.118162e+002,6.587373e+001
6.122983e+002,6.585447e+001
6.127804e+002,6.583684e+001
6.132625e+002,6.582111e+001
6.137446e+002,6.580732e+001
6.142267e+002,6.579554e+001
6.147089e+002,6.578627e+001
6.151910e+002,6.578040e+001
6.156731e+002,6.577907e+001
6.161553e+002,6.578294e+001
6.166374e+002,6.579184e+001
6.171195e+002,6.580456e+001
6.176016e+002,6.581909e+001
6.180837e+002,6.583302e+001
6.185659e+002,6.584435e+001
6.190480e+002,6.585185e+001
6.195302e+002,6.585526e+001
6.200123e+002,6.585492e+001
6.204944e+002,6.585157e+001
6.209765e+002,6.584580e+001
6.214586e+002,6.583794e+001
6.219407e+002,6.582815e+001
6.224229e+002,6.581633e+001
6.229050e+002,6.580251e+001
6.233871e+002,6.578697e+001
6.238693e+002,6.577036e+001
6.243514e+002,6.575368e+001
6.248335e+002,6.573845e+001
6.253156e+002,6.572642e+001
6.257977e+002,6.571943e+001
6.262798e+002,6.571905e+001
6.267620e+002,6.572607e+001
6.272441e+002,6.574020e+001
6.277263e+002,6.575994e+001
6.282084e+002,6.578278e+001
6.286905e+002,6.580569e+001
6.291726e+002,6.582597e+001
6.296547e+002,6.584161e+001
6.301368e+002,6.585179e+001
6.306190e+002,6.585667e+001
6.311011e+002,6.585695e+001
6.315833e+002,6.585332e+001
6.320654e+002,6.584613e+001
6.325475e+002,6.583531e+001
6.330296e+002,6.582081e+001
6.335117e+002,6.580305e+001
6.339939e+002,6.578335e+001
6.344760e+002,6.576386e+001
6.349581e+002,6.574716e+001
6.354402e+002,6.573556e+001
6.359224e+002,6.573030e+001
6.364045e+002,6.573129e+001
6.368866e+002,6.573721e+001
6.373687e+002,6.574612e+001
6.378508e+002,6.575624e+001
6.383330e+002,6.576662e+001
6.388151e+002,6.577739e+001
6.392972e+002,6.578969e+001
6.397794e+002,6.580502e+001
6.402615e+002,6.582458e+001
6.407436e+002,6.584866e+001
6.412257e+002,6.587627e+001
6.417079e+002,6.590515e+001
6.421899e+002,6.593225e+001
6.426721e+002,6.595424e+001
6.431542e+002,6.596823e+001
6.436364e+002,6.597257e+001
6.441185e+002,6.596712e+001
6.446006e+002,6.595345e+001
6.450827e+002,6.593445e+001
6.455648e+002,6.591379e+001
6.460470e+002,6.589497e+001
6.465291e+002,6.588060e+001
6.470112e+002,6.587207e+001
6.474933e+002,6.586950e+001
6.479755e+002,6.587222e+001
6.484576e+002,6.587954e+001
6.489397e+002,6.589120e+001
6.494219e+002,6.590771e+001
6.499040e+002,6.593000e+001
6.503861e+002,6.595882e+001
6.508682e+002,6.599400e+001
6.513503e+002,6.603410e+001
6.518325e+002,6.607635e+001
6.523146e+002,6.611727e+001
6.527968e+002,6.615331e+001
6.532788e+002,6.618160e+001
6.537610e+002,6.620039e+001
6.542431e+002,6.620903e+001
6.547252e+002,6.620780e+001
6.552073e+002,6.619761e+001
6.556895e+002,6.617984e+001
6.561716e+002,6.615640e+001
6.566537e+002,6.612976e+001
6.571359e+002,6.610298e+001
6.576179e+002,6.607926e+001
6.581001e+002,6.606158e+001
6.585822e+002,6.605193e+001
6.590643e+002,6.605098e+001
6.595464e+002,6.605801e+001
6.600286e+002,6.607138e+001
6.605107e+002,6.608921e+001
6.609928e+002,6.611015e+001
6.614750e+002,6.613363e+001
6.619571e+002,6.615994e+001
6.624392e+002,6.618983e+001
6.629213e+002,6.622403e+001
6.634034e+002,6.626287e+001
6.638856e+002,6.630642e+001
6.643677e+002,6.635455e+001
6.648499e+002,6.640725e+001
6.653320e+002,6.646455e+001
6.658141e+002,6.652604e+001
6.662962e+002,6.658987e+001
6.667783e+002,6.665113e+001
6.672605e+002,6.670065e+001
6.677426e+002,6.672607e+001
6.682247e+002,6.671701e+001
6.687068e+002,6.667171e+001
6.691890e+002,6.659945e+001
6.696711e+002,6.651537e+001
6.701532e+002,6.643380e+001
6.706353e+002,6.636474e+001
6.711174e+002,6.631430e+001
6.715996e+002,6.628627e+001
6.720817e+002,6.628313e+001
6.725638e+002,6.630601e+001
6.730460e+002,6.635406e+001
6.735281e+002,6.642349e+001
6.740102e+002,6.650736e+001
6.744923e+002,6.659610e+001
6.749745e+002,6.667903e+001
6.754565e+002,6.674660e+001
6.759387e+002,6.679219e+001
6.764208e+002,6.681329e+001
6.769030e+002,6.681145e+001
6.773851e+002,6.679144e+001
6.778672e+002,6.675958e+001
6.783493e+002,6.672212e+001
6.788314e+002,6.668414e+001
6.793136e+002,6.664915e+001
6.797957e+002,6.661923e+001
6.802778e+002,6.659572e+001
6.807599e+002,6.657973e+001
6.812421e+002,6.657247e+001
6.817242e+002,6.657506e+001
6.822063e+002,6.658815e+001
6.826885e+002,6.661149e+001
6.831705e+002,6.664376e+001
6.836527e+002,6.668279e+001
6.841348e+002,6.672585e+001
6.846169e+002,6.677038e+001
6.850991e+002,6.681425e+001
6.855812e+002,6.685624e+001
6.860634e+002,6.689599e+001
6.865454e+002,6.693373e+001
6.870276e+002,6.696999e+001
6.875096e+002,6.700518e+001
6.879918e+002,6.703925e+001
6.884739e+002,6.707136e+001
6.889561e+002,6.709987e+001
6.894382e+002,6.712257e+001
6.899203e+002,6.713713e+001
6.904025e+002,6.714177e+001
6.908845e+002,6.713588e+001
6.913667e+002,6.712043e+001
6.918488e+002,6.709798e+001
6.923309e+002,6.707222e+001
6.928130e+002,6.704727e+001
6.932952e+002,6.702674e+001
6.937773e+002,6.701319e+001
6.942594e+002,6.700779e+001
6.947416e+002,6.701054e+001
6.952236e+002,6.702057e+001
6.957058e+002,6.703673e+001
6.961879e+002,6.705785e+001
6.966700e+002,6.708286e+001
6.971522e+002,6.711076e+001
6.976343e+002,6.714046e+001
6.981165e+002,6.717085e+001
6.985985e+002,6.720083e+001
6.990807e+002,6.722950e+001
6.995628e+002,6.725626e+001
7.000449e+002,6.728083e+001
7.005270e+002,6.730303e+001
7.010092e+002,6.732262e+001
7.014913e+002,6.733916e+001
7.019734e+002,6.735212e+001
7.024556e+002,6.736102e+001
7.029377e+002,6.736588e+001
7.034198e+002,6.736729e+001
7.039019e+002,6.736663e+001
7.043840e+002,6.736557e+001
7.048662e+002,6.736583e+001
7.053483e+002,6.736868e+001
7.058304e+002,6.737480e+001
7.063125e+002,6.738416e+001
7.067947e+002,6.739631e+001
7.072768e+002,6.741048e+001
7.077589e+002,6.742583e+001
7.082410e+002,6.744147e+001
7.087231e+002,6.745640e+001
7.092053e+002,6.746969e+001
7.096874e+002,6.748059e+001
7.101696e+002,6.748888e+001
7.106517e+002,6.749500e+001
7.111338e+002,6.750022e+001
7.116159e+002,6.750629e+001
7.120980e+002,6.751499e+001
7.125802e+002,6.752748e+001
7.130623e+002,6.754385e+001
7.135444e+002,6.756304e+001
7.140265e+002,6.758305e+001
7.145087e+002,6.760152e+001
7.149908e+002,6.761623e+001
7.154729e+002,6.762555e+001
7.159550e+002,6.762855e+001
7.164371e+002,6.762471e+001
7.169193e+002,6.761382e+001
7.174014e+002,6.759578e+001
7.178835e+002,6.757084e+001
7.183657e+002,6.753996e+001
7.188478e+002,6.750504e+001
7.193299e+002,6.746918e+001
7.198120e+002,6.743615e+001
7.202942e+002,6.740995e+001
7.207762e+002,6.739374e+001
7.212584e+002,6.738926e+001
7.217405e+002,6.739654e+001
7.222227e+002,6.741402e+001
7.227048e+002,6.743916e+001
7.231869e+002,6.746904e+001
7.236691e+002,6.750089e+001
7.241511e+002,6.753245e+001
7.246333e+002,6.756203e+001
7.251154e+002,6.758851e+001
7.255975e+002,6.761127e+001
7.260797e+002,6.763012e+001
7.265618e+002,6.764514e+001
7.270439e+002,6.765662e+001
7.275260e+002,6.766484e+001
7.280082e+002,6.766991e+001
7.284902e+002,6.767178e+001
7.289724e+002,6.767027e+001
7.294545e+002,6.766535e+001
7.299366e+002,6.765738e+001
7.304188e+002,6.764729e+001
7.309009e+002,6.763647e+001
7.313831e+002,6.762660e+001
7.318651e+002,6.761917e+001
7.323473e+002,6.761522e+001
7.328293e+002,6.761506e+001
7.333115e+002,6.761846e+001
7.337936e+002,6.762494e+001
7.342758e+002,6.763407e+001
7.347579e+002,6.764578e+001
7.352400e+002,6.766029e+001
7.357222e+002,6.767793e+001
7.362042e+002,6.769876e+001
7.366864e+002,6.772225e+001
7.371685e+002,6.774731e+001
7.376506e+002,6.777221e+001
7.381328e+002,6.779503e+001
7.386149e+002,6.781406e+001
7.390970e+002,6.782803e+001
7.395791e+002,6.783642e+001
7.400613e+002,6.783936e+001
7.405434e+002,6.783770e+001
7.410255e+002,6.783260e+001
7.415076e+002,6.782536e+001
7.419897e+002,6.781721e+001
7.424719e+002,6.780902e+001
7.429540e+002,6.780116e+001
7.434362e+002,6.779353e+001
7.439182e+002,6.778580e+001
7.444004e+002,6.777750e+001
7.448825e+002,6.776862e+001
7.453646e+002,6.775962e+001
7.458467e+002,6.775159e+001
7.463289e+002,6.774596e+001
7.468110e+002,6.774400e+001
7.472931e+002,6.774644e+001
7.477753e+002,6.775305e+001
7.482574e+002,6.776271e+001
7.487395e+002,6.777367e+001
7.492216e+002,6.778400e+001
7.497037e+002,6.779211e+001
7.501859e+002,6.779709e+001
7.506680e+002,6.779877e+001
7.511501e+002,6.779758e+001
7.516322e+002,6.779423e+001
7.521144e+002,6.778956e+001
7.525965e+002,6.778435e+001
7.530786e+002,6.777933e+001
7.535608e+002,6.777516e+001
7.540428e+002,6.777245e+001
7.545250e+002,6.777164e+001
7.550071e+002,6.777287e+001
7.554893e+002,6.777588e+001
7.559714e+002,6.777998e+001
7.564535e+002,6.778435e+001
7.569356e+002,6.778825e+001
7.574177e+002,6.779124e+001
7.578999e+002,6.779334e+001
7.583820e+002,6.779501e+001
7.588641e+002,6.779686e+001
7.593463e+002,6.779948e+001
7.598284e+002,6.780325e+001
7.603105e+002,6.780809e+001
7.607926e+002,6.781375e+001
7.612748e+002,6.781966e+001
7.617568e+002,6.782518e+001
7.622390e+002,6.782969e+001
7.627211e+002,6.783266e+001
7.632032e+002,6.783375e+001
7.636854e+002,6.783289e+001
7.641675e+002,6.783047e+001
7.646496e+002,6.782722e+001
7.651317e+002,6.782419e+001
7.656139e+002,6.782246e+001
7.660959e+002,6.782275e+001
7.665781e+002,6.782522e+001
7.670602e+002,6.782937e+001
7.675424e+002,6.783424e+001
7.680245e+002,6.783879e+001
7.685066e+002,6.784216e+001
7.689888e+002,6.784407e+001
7.694708e+002,6.784462e+001
7.699530e+002,6.784418e+001
7.704351e+002,6.784287e+001
7.709172e+002,6.784051e+001
7.713994e+002,6.783647e+001
7.718815e+002,6.783009e+001
7.723636e+002,6.782106e+001
7.728457e+002,6.780978e+001
7.733279e+002,6.779742e+001
7.738099e+002,6.778571e+001
7.742921e+002,6.777630e+001
7.747742e+002,6.777040e+001
7.752563e+002,6.776835e+001
7.757385e+002,6.776953e+001
7.762206e+002,6.777281e+001
7.767028e+002,6.777686e+001
7.771848e+002,6.778069e+001
7.776670e+002,6.778370e+001
7.781491e+002,6.778577e+001
7.786312e+002,6.778693e+001
7.791133e+002,6.778726e+001
7.795955e+002,6.778669e+001
7.800776e+002,6.778499e+001
7.805597e+002,6.778196e+001
7.810419e+002,6.777749e+001
7.815239e+002,6.777164e+001
7.820061e+002,6.776463e+001
7.824882e+002,6.775672e+001
7.829703e+002,6.774825e+001
7.834525e+002,6.773956e+001
7.839346e+002,6.773115e+001
7.844167e+002,6.772361e+001
7.848988e+002,6.771760e+001
7.853810e+002,6.771368e+001
7.858631e+002,6.771210e+001
7.863452e+002,6.771266e+001
7.868273e+002,6.771475e+001
7.873094e+002,6.771742e+001
7.877916e+002,6.771976e+001
7.882737e+002,6.772111e+001
7.887559e+002,6.772113e+001
7.892380e+002,6.771988e+001
7.897201e+002,6.771753e+001
7.902022e+002,6.771413e+001
7.906843e+002,6.770958e+001
7.911665e+002,6.770362e+001
7.916486e+002,6.769601e+001
7.921307e+002,6.768683e+001
7.926128e+002,6.767645e+001
7.930950e+002,6.766566e+001
7.935771e+002,6.765541e+001
7.940592e+002,6.764641e+001
7.945413e+002,6.763902e+001
7.950234e+002,6.763325e+001
7.955056e+002,6.762863e+001
7.959877e+002,6.762458e+001
7.964698e+002,6.762041e+001
7.969520e+002,6.761555e+001
7.974341e+002,6.760961e+001
7.979162e+002,6.760224e+001
7.983983e+002,6.759335e+001
7.988805e+002,6.758307e+001
7.993625e+002,6.757182e+001
7.998447e+002,6.756033e+001
8.003268e+002,6.754950e+001
8.008090e+002,6.754018e+001
8.012911e+002,6.753290e+001
8.017732e+002,6.752771e+001
8.022553e+002,6.752413e+001
8.027374e+002,6.752140e+001
8.032196e+002,6.751868e+001
8.037017e+002,6.751546e+001
8.041838e+002,6.751160e+001
8.046660e+002,6.750742e+001
8.051481e+002,6.750351e+001
8.056302e+002,6.750037e+001
8.061123e+002,6.749834e+001
8.065945e+002,6.749752e+001
8.070765e+002,6.749770e+001
8.075587e+002,6.749851e+001
8.080408e+002,6.749950e+001
8.085229e+002,6.750009e+001
8.090051e+002,6.749965e+001
8.094872e+002,6.749735e+001
8.099694e+002,6.749244e+001
8.104514e+002,6.748428e+001
8.109336e+002,6.747268e+001
8.114156e+002,6.745803e+001
8.118978e+002,6.744132e+001
8.123799e+002,6.742384e+001
8.128621e+002,6.740704e+001
8.133442e+002,6.739215e+001
8.138263e+002,6.738001e+001
8.143085e+002,6.737109e+001
8.147905e+002,6.736548e+001
8.152727e+002,6.736321e+001
8.157548e+002,6.736414e+001
8.162369e+002,6.736802e+001
8.167191e+002,6.737434e+001
8.172012e+002,6.738223e+001
8.176833e+002,6.739052e+001
8.181654e+002,6.739790e+001
8.186476e+002,6.740313e+001
8.191296e+002,6.740541e+001
8.196118e+002,6.740444e+001
8.200939e+002,6.740041e+001
8.205760e+002,6.739378e+001
8.210582e+002,6.738507e+001
8.215403e+002,6.737463e+001
8.220225e+002,6.736263e+001
8.225045e+002,6.734923e+001
8.229867e+002,6.733456e+001
8.234688e+002,6.731898e+001
8.239509e+002,6.730301e+001
8.244330e+002,6.728720e+001
8.249152e+002,6.727209e+001
8.253973e+002,6.725793e+001
8.258794e+002,6.724482e+001
8.263616e+002,6.723275e+001
8.268437e+002,6.722161e+001
8.273258e+002,6.721136e+001
8.278079e+002,6.720203e+001
8.282900e+002,6.719354e+001
8.287722e+002,6.718587e+001
8.292543e+002,6.717885e+001
8.297365e+002,6.717239e+001
8.302185e+002,6.716650e+001
8.307007e+002,6.716132e+001
8.311828e+002,6.715712e+001
8.316649e+002,6.715414e+001
8.321470e+002,6.715239e+001
8.326292e+002,6.715148e+001
8.331113e+002,6.715072e+001
8.335934e+002,6.714915e+001
8.340756e+002,6.714588e+001
8.345577e+002,6.714024e+001
8.350398e+002,6.713203e+001
8.355219e+002,6.712141e+001
8.360040e+002,6.710876e+001
8.364862e+002,6.709460e+001
8.369683e+002,6.707941e+001
8.374504e+002,6.706366e+001
8.379325e+002,6.704784e+001
8.384147e+002,6.703259e+001
8.388968e+002,6.701846e+001
8.393789e+002,6.700601e+001
8.398610e+002,6.699551e+001
8.403431e+002,6.698678e+001
8.408253e+002,6.697932e+001
8.413074e+002,6.697243e+001
8.417896e+002,6.696550e+001
8.422717e+002,6.695829e+001
8.427538e+002,6.695107e+001
8.432359e+002,6.694449e+001
8.437180e+002,6.693931e+001
8.442002e+002,6.693603e+001
8.446823e+002,6.693476e+001
8.451644e+002,6.693508e+001
8.456465e+002,6.693618e+001
8.461287e+002,6.693712e+001
8.466108e+002,6.693713e+001
8.470929e+002,6.693574e+001
8.475751e+002,6.693282e+001
8.480571e+002,6.692848e+001
8.485393e+002,6.692298e+001
8.490214e+002,6.691667e+001
8.495035e+002,6.690983e+001
8.499857e+002,6.690279e+001
8.504678e+002,6.689577e+001
8.509499e+002,6.688893e+001
8.514320e+002,6.688225e+001
8.519142e+002,6.687553e+001
8.523962e+002,6.686836e+001
8.528784e+002,6.686033e+001
8.533605e+002,6.685110e+001
8.538427e+002,6.684052e+001
8.543248e+002,6.682877e+001
8.548069e+002,6.681618e+001
8.552891e+002,6.680324e+001
8.557711e+002,6.679030e+001
8.562533e+002,6.677763e+001
8.567354e+002,6.676537e+001
8.572175e+002,6.675365e+001
8.576996e+002,6.674265e+001
8.581818e+002,6.673258e+001
8.586639e+002,6.672372e+001
8.591460e+002,6.671629e+001
8.596282e+002,6.671027e+001
8.601102e+002,6.670557e+001
8.605924e+002,6.670189e+001
8.610745e+002,6.669890e+001
8.615566e+002,6.669631e+001
8.620388e+002,6.669389e+001
8.625209e+002,6.669150e+001
8.630031e+002,6.668880e+001
8.634851e+002,6.668545e+001
8.639673e+002,6.668092e+001
8.644494e+002,6.667478e+001
8.649315e+002,6.666671e+001
8.654136e+002,6.665675e+001
8.658958e+002,6.664526e+001
8.663779e+002,6.663285e+001
8.668600e+002,6.662019e+001
8.673422e+002,6.660786e+001
8.678242e+002,6.659614e+001
8.683064e+002,6.658514e+001
8.687885e+002,6.657487e+001
8.692706e+002,6.656532e+001
8.697527e+002,6.655650e+001
8.702349e+002,6.654854e+001
8.707170e+002,6.654152e+001
8.711991e+002,6.653540e+001
8.716813e+002,6.653000e+001
8.721634e+002,6.652507e+001
8.726455e+002,6.652040e+001
8.731276e+002,6.651588e+001
8.736097e+002,6.651160e+001
8.740919e+002,6.650776e+001
8.745740e+002,6.650459e+001
8.750562e+002,6.650226e+001
8.755382e+002,6.650069e+001
8.760204e+002,6.649975e+001
8.765025e+002,6.649912e+001
8.769846e+002,6.649857e+001
8.774668e+002,6.649783e+001
8.779489e+002,6.649667e+001
8.784310e+002,6.649480e+001
8.789131e+002,6.649189e+001
8.793953e+002,6.648754e+001
8.798774e+002,6.648146e+001
8.803595e+002,6.647349e+001
8.808416e+002,6.646373e+001
8.813237e+002,6.645251e+001
8.818059e+002,6.644025e+001
8.822880e+002,6.642746e+001
8.827701e+002,6.641446e+001
8.832523e+002,6.640153e+001
8.837344e+002,6.638895e+001
8.842165e+002,6.637700e+001
8.846986e+002,6.636604e+001
8.851808e+002,6.635651e+001
8.856628e+002,6.634862e+001
8.861450e+002,6.634244e+001
8.866271e+002,6.633761e+001
8.871093e+002,6.633362e+001
8.875914e+002,6.632986e+001
8.880735e+002,6.632583e+001
8.885556e+002,6.632142e+001
8.890377e+002,6.631678e+001
8.895199e+002,6.631220e+001
8.900020e+002,6.630792e+001
8.904841e+002,6.630392e+001
8.909662e+002,6.629989e+001
8.914484e+002,6.629539e+001
8.919305e+002,6.629001e+001
8.924126e+002,6.628359e+001
8.928948e+002,6.627628e+001
8.933768e+002,6.626851e+001
8.938590e+002,6.626067e+001
8.943411e+002,6.625304e+001
8.948232e+002,6.624557e+001
8.953054e+002,6.623806e+001
8.957875e+002,6.623019e+001
8.962697e+002,6.622189e+001
8.967517e+002,6.621326e+001
8.972339e+002,6.620475e+001
8.977159e+002,6.619676e+001
8.981981e+002,6.618970e+001
8.986802e+002,6.618359e+001
8.991624e+002,6.617828e+001
8.996445e+002,6.617336e+001
9.001266e+002,6.616839e+001
9.006088e+002,6.616299e+001
9.010908e+002,6.615691e+001
9.015730e+002,6.615000e+001
9.020551e+002,6.614212e+001
9.025372e+002,6.613317e+001
9.030193e+002,6.612311e+001
9.035015e+002,6.611205e+001
9.039836e+002,6.610027e+001
9.044657e+002,6.608831e+001
9.049479e+002,6.607677e+001
9.054299e+002,6.606622e+001
9.059121e+002,6.605696e+001
9.063942e+002,6.604902e+001
9.068763e+002,6.604215e+001
9.073585e+002,6.603597e+001
9.078406e+002,6.603011e+001
9.083228e+002,6.602431e+001
9.088048e+002,6.601840e+001
9.092870e+002,6.601233e+001
9.097691e+002,6.600600e+001
9.102512e+002,6.599928e+001
9.107333e+002,6.599207e+001
9.112155e+002,6.598428e+001
9.116976e+002,6.597602e+001
9.121797e+002,6.596751e+001
9.126619e+002,6.595907e+001
9.131440e+002,6.595094e+001
9.136261e+002,6.594316e+001
9.141082e+002,6.593567e+001
9.145903e+002,6.592821e+001
9.150724e+002,6.592057e+001
9.155546e+002,6.591267e+001
9.160367e+002,6.590459e+001
9.165189e+002,6.589655e+001
9.170010e+002,6.588880e+001
9.174831e+002,6.588141e+001
9.179652e+002,6.587434e+001
9.184473e+002,6.586744e+001
9.189294e+002,6.586048e+001
9.194116e+002,6.585338e+001
9.198937e+002,6.584620e+001
9.203759e+002,6.583916e+001
9.208580e+002,6.583243e+001
9.213401e+002,6.582619e+001
9.218222e+002,6.582039e+001
9.223043e+002,6.581495e+001
9.227864e+002,6.580966e+001
9.232686e+002,6.580444e+001
9.237507e+002,6.579916e+001
9.242328e+002,6.579374e+001
9.247150e+002,6.578798e+001
9.251971e+002,6.578165e+001
9.256792e+002,6.577436e+001
9.261613e+002,6.576591e+001
9.266434e+002,6.575631e+001
9.271255e+002,6.574593e+001
9.276077e+002,6.573545e+001
9.280898e+002,6.572566e+001
9.285720e+002,6.571722e+001
9.290541e+002,6.571045e+001
9.295362e+002,6.570507e+001
9.300183e+002,6.570055e+001
9.305004e+002,6.569615e+001
9.309826e+002,6.569120e+001
9.314647e+002,6.568535e+001
9.319468e+002,6.567857e+001
9.324290e+002,6.567103e+001
9.329111e+002,6.566294e+001
9.333932e+002,6.565446e+001
9.338753e+002,6.564562e+001
9.343574e+002,6.563636e+001
9.348396e+002,6.562670e+001
9.353217e+002,6.561679e+001
9.358038e+002,6.560690e+001
9.362859e+002,6.559740e+001
9.367681e+002,6.558854e+001
9.372502e+002,6.558041e+001
9.377323e+002,6.557297e+001
9.382144e+002,6.556595e+001
9.386966e+002,6.555907e+001
9.391787e+002,6.555207e+001
9.396608e+002,6.554474e+001
9.401429e+002,6.553687e+001
9.406251e+002,6.552832e+001
9.411072e+002,6.551891e+001
9.415893e+002,6.550861e+001
9.420714e+002,6.549749e+001
9.425536e+002,6.548585e+001
9.430357e+002,6.547409e+001
9.435178e+002,6.546269e+001
9.439999e+002,6.545201e+001
9.444821e+002,6.544212e+001
9.449642e+002,6.543288e+001
9.454463e+002,6.542389e+001
9.459284e+002,6.541476e+001
9.464106e+002,6.540526e+001
9.468927e+002,6.539541e+001
9.473748e+002,6.538549e+001
9.478569e+002,6.537594e+001
9.483391e+002,6.536719e+001
9.488212e+002,6.535950e+001
9.493033e+002,6.535297e+001
9.497855e+002,6.534750e+001
9.502676e+002,6.534290e+001
9.507497e+002,6.533890e+001
9.512318e+002,6.533518e+001
9.517139e+002,6.533135e+001
9.521960e+002,6.532690e+001
9.526782e+002,6.532131e+001
9.531603e+002,6.531407e+001
9.536425e+002,6.530492e+001
9.541246e+002,6.529389e+001
9.546067e+002,6.528130e+001
9.550888e+002,6.526780e+001
9.555709e+002,6.525406e+001
9.560530e+002,6.524070e+001
9.565352e+002,6.522810e+001
9.570173e+002,6.521638e+001
9.574995e+002,6.520555e+001
9.579816e+002,6.519547e+001
9.584637e+002,6.518600e+001
9.589458e+002,6.517705e+001
9.594279e+002,6.516844e+001
9.599100e+002,6.516000e+001
9.603922e+002,6.515144e+001
9.608743e+002,6.514250e+001
9.613564e+002,6.513300e+001
9.618386e+002,6.512292e+001
9.623207e+002,6.511238e+001
9.628028e+002,6.510165e+001
9.632849e+002,6.509091e+001
9.637670e+002,6.508029e+001
9.642491e+002,6.506973e+001
9.647313e+002,6.505907e+001
9.652134e+002,6.504818e+001
9.656956e+002,6.503703e+001
9.661777e+002,6.502576e+001
9.666598e+002,6.501458e+001
9.671419e+002,6.500368e+001
9.676240e+002,6.499310e+001
9.681061e+002,6.498270e+001
9.685883e+002,6.497222e+001
9.690704e+002,6.496136e+001
9.695526e+002,6.494992e+001
9.700347e+002,6.493783e+001
9.705168e+002,6.492513e+001
9.709989e+002,6.491187e+001
9.714810e+002,6.489811e+001
9.719631e+002,6.488378e+001
9.724453e+002,6.486876e+001
9.729274e+002,6.485310e+001
9.734095e+002,6.483704e+001
9.738917e+002,6.482096e+001
9.743738e+002,6.480551e+001
9.748559e+002,6.479118e+001
9.753380e+002,6.477837e+001
9.758201e+002,6.476705e+001
9.763023e+002,6.475695e+001
9.767844e+002,6.474754e+001
9.772665e+002,6.473826e+001
9.777487e+002,6.472862e+001
9.782308e+002,6.471827e+001
9.787129e+002,6.470703e+001
9.791950e+002,6.469480e+001
9.796771e+002,6.468153e+001
9.801593e+002,6.466727e+001
9.806414e+002,6.465209e+001
9.811235e+002,6.463619e+001
9.816057e+002,6.461984e+001
9.820878e+002,6.460329e+001
9.825699e+002,6.458669e+001
9.830520e+002,6.457006e+001
9.835342e+002,6.455323e+001
9.840163e+002,6.453600e+001
9.844984e+002,6.451820e+001
9.849805e+002,6.449979e+001
9.854626e+002,6.448096e+001
9.859448e+002,6.446205e+001
9.864269e+002,6.444329e+001
9.869090e+002,6.442487e+001
9.873912e+002,6.440675e+001
9.878733e+002,6.438874e+001
9.883554e+002,6.437057e+001
9.888375e+002,6.435212e+001
9.893196e+002,6.433334e+001
9.898018e+002,6.431436e+001
9.902839e+002,6.429539e+001
9.907660e+002,6.427647e+001
9.912482e+002,6.425758e+001
9.917303e+002,6.423851e+001
9.922124e+002,6.421899e+001
9.926945e+002,6.419883e+001
9.931766e+002,6.417783e+001
9.936588e+002,6.415607e+001
9.941409e+002,6.413359e+001
9.946230e+002,6.411055e+001
9.951052e+002,6.408707e+001
9.955873e+002,6.406328e+001
9.960694e+002,6.403931e+001
9.965515e+002,6.401540e+001
9.970336e+002,6.399171e+001
9.975157e+002,6.396843e+001
9.979979e+002,6.394552e+001
9.984800e+002,6.392271e+001
9.989622e+002,6.389952e+001
9.994443e+002,6.387537e+001
9.999264e+002,6.384973e+001
1.000409e+003,6.382229e+001
1.000891e+003,6.379303e+001
1.001373e+003,6.376229e+001
1.001855e+003,6.373057e+001
1.002337e+003,6.369839e+001
1.002819e+003,6.366618e+001
1.003301e+003,6.363428e+001
1.003783e+003,6.360282e+001
1.004266e+003,6.357192e+001
1.004748e+003,6.354154e+001
1.005230e+003,6.351160e+001
1.005712e+003,6.348192e+001
1.006194e+003,6.345216e+001
1.006676e+003,6.342188e+001
1.007158e+003,6.339068e+001
1.007640e+003,6.335823e+001
1.008122e+003,6.332449e+001
1.008605e+003,6.328960e+001
1.009087e+003,6.325390e+001
1.009569e+003,6.321775e+001
1.010051e+003,6.318139e+001
1.010533e+003,6.314484e+001
1.011015e+003,6.310793e+001
1.011497e+003,6.307036e+001
1.011979e+003,6.303181e+001
1.012462e+003,6.299216e+001
1.012944e+003,6.295131e+001
1.013426e+003,6.290935e+001
1.013908e+003,6.286637e+001
1.014390e+003,6.282243e+001
1.014872e+003,6.277754e+001
1.015354e+003,6.273170e+001
1.015836e+003,6.268491e+001
1.016319e+003,6.263726e+001
1.016801e+003,6.258885e+001
1.017283e+003,6.253988e+001
1.017765e+003,6.249051e+001
1.018247e+003,6.244088e+001
1.018729e+003,6.239112e+001
1.019211e+003,6.234136e+001
1.019693e+003,6.229169e+001
1.020176e+003,6.224219e+001
1.020658e+003,6.219283e+001
1.021140e+003,6.214349e+001
1.021622e+003,6.209391e+001
1.022104e+003,6.204378e+001
1.022586e+003,6.199284e+001
1.023068e+003,6.194100e+001
1.023550e+003,6.188832e+001
1.024033e+003,6.183508e+001
1.024515e+003,6.178163e+001
1.024997e+003,6.172826e+001
1.025479e+003,6.167514e+001
1.025961e+003,6.162230e+001
1.026443e+003,6.156963e+001
1.026925e+003,6.151711e+001
1.027407e+003,6.146474e+001
1.027890e+003,6.141267e+001
1.028372e+003,6.136107e+001
1.028854e+003,6.131008e+001
1.029336e+003,6.125965e+001
1.029818e+003,6.120963e+001
1.030300e+003,6.115974e+001
1.030782e+003,6.110969e+001
1.031264e+003,6.105931e+001
1.031747e+003,6.100861e+001
1.032229e+003,6.095770e+001
1.032711e+003,6.090677e+001
1.033193e+003,6.085597e+001
1.033675e+003,6.080544e+001
1.034157e+003,6.075512e+001
1.034639e+003,6.070505e+001
1.035121e+003,6.065517e+001
1.035604e+003,6.060546e+001
1.036086e+003,6.055590e+001
1.036568e+003,6.050641e+001
1.037050e+003,6.045684e+001
1.037532e+003,6.040709e+001
1.038014e+003,6.035705e+001
1.038496e+003,6.030684e+001
1.038979e+003,6.025676e+001
1.039461e+003,6.020726e+001
1.039943e+003,6.015891e+001
1.040425e+003,6.011214e+001
1.040907e+003,6.006717e+001
1.041389e+003,6.002393e+001
1.041871e+003,5.998213e+001
1.042353e+003,5.994130e+001
1.042835e+003,5.990095e+001
1.043318e+003,5.986077e+001
1.043800e+003,5.982056e+001
1.044282e+003,5.978027e+001
1.044764e+003,5.973997e+001
1.045246e+003,5.969979e+001
1.045728e+003,5.965987e+001
1.046210e+003,5.962034e+001
1.046692e+003,5.958133e+001
1.047175e+003,5.954292e+001
1.047657e+003,5.950522e+001
1.048139e+003,5.946824e+001
1.048621e+003,5.943196e+001
1.049103e+003,5.939634e+001
1.049585e+003,5.936134e+001
1.050067e+003,5.932692e+001
1.050549e+003,5.929307e+001
1.051031e+003,5.925977e+001
1.051514e+003,5.922698e+001
1.051996e+003,5.919458e+001
1.052478e+003,5.916239e+001
1.052960e+003,5.913031e+001
1.053442e+003,5.909831e+001
1.053924e+003,5.906649e+001
1.054406e+003,5.903510e+001
1.054889e+003,5.900439e+001
1.055371e+003,5.897458e+001
1.055853e+003,5.894563e+001
1.056335e+003,5.891732e+001
1.056817e+003,5.888920e+001
1.057299e+003,5.886079e+001
1.057781e+003,5.883174e+001
1.058263e+003,5.880199e+001
1.058746e+003,5.877180e+001
1.059228e+003,5.874169e+001
1.059710e+003,5.871231e+001
1.060192e+003,5.868422e+001
1.060674e+003,5.865779e+001
1.061156e+003,5.863311e+001
1.061638e+003,5.860993e+001
1.062120e+003,5.858788e+001
1.062603e+003,5.856641e+001
1.063085e+003,5.854505e+001
1.063567e+003,5.852337e+001
1.064049e+003,5.850116e+001
1.064531e+003,5.847843e+001
1.065013e+003,5.845535e+001
1.065495e+003,5.843223e+001
1.065977e+003,5.840947e+001
1.066460e+003,5.838737e+001
1.066942e+003,5.836616e+001
1.067424e+003,5.834579e+001
1.067906e+003,5.832614e+001
1.068388e+003,5.830694e+001
1.068870e+003,5.828794e+001
1.069352e+003,5.826904e+001
1.069834e+003,5.825029e+001
1.070317e+003,5.823188e+001
1.070799e+003,5.821408e+001
1.071281e+003,5.819708e+001
1.071763e+003,5.818090e+001
1.072245e+003,5.816547e+001
1.072727e+003,5.815050e+001
1.073209e+003,5.813569e+001
1.073691e+003,5.812077e+001
1.074174e+003,5.810563e+001
1.074656e+003,5.809023e+001
1.075138e+003,5.807471e+001
1.075620e+003,5.805930e+001
1.076102e+003,5.804431e+001
1.076584e+003,5.802997e+001
1.077066e+003,5.801654e+001
1.077548e+003,5.800414e+001
1.078031e+003,5.799269e+001
1.078513e+003,5.798202e+001
1.078995e+003,5.797172e+001
1.079477e+003,5.796139e+001
1.079959e+003,5.795063e+001
1.080441e+003,5.793921e+001
1.080923e+003,5.792718e+001
1.081406e+003,5.791476e+001
1.081888e+003,5.790237e+001
1.082370e+003,5.789040e+001
1.082852e+003,5.787915e+001
1.083334e+003,5.786878e+001
1.083816e+003,5.785926e+001
1.084298e+003,5.785045e+001
1.084780e+003,5.784221e+001
1.085262e+003,5.783443e+001
1.085745e+003,5.782707e+001
1.086227e+003,5.782014e+001
1.086709e+003,5.781357e+001
1.087191e+003,5.780728e+001
1.087673e+003,5.780111e+001
1.088155e+003,5.779492e+001
1.088637e+003,5.778858e+001
1.089119e+003,5.778214e+001
1.089602e+003,5.777565e+001
1.090084e+003,5.776932e+001
1.090566e+003,5.776325e+001
1.091048e+003,5.775751e+001
1.091530e+003,5.775203e+001
1.092012e+003,5.774664e+001
1.092494e+003,5.774110e+001
1.092976e+003,5.773519e+001
1.093458e+003,5.772871e+001
1.093941e+003,5.772154e+001
1.094423e+003,5.771361e+001
1.094905e+003,5.770498e+001
1.095387e+003,5.769578e+001
1.095869e+003,5.768629e+001
1.096351e+003,5.767685e+001
1.096833e+003,5.766793e+001
1.097316e+003,5.765998e+001
1.097798e+003,5.765337e+001
1.098280e+003,5.764828e+001
1.098762e+003,5.764465e+001
1.099244e+003,5.764222e+001
1.099726e+003,5.764051e+001
1.100208e+003,5.763904e+001
1.100690e+003,5.763729e+001
1.101173e+003,5.763493e+001
1.101655e+003,5.763169e+001
1.102137e+003,5.762752e+001
1.102619e+003,5.762243e+001
1.103101e+003,5.761650e+001
1.103583e+003,5.760989e+001
1.104065e+003,5.760277e+001
1.104547e+003,5.759528e+001
1.105030e+003,5.758756e+001
1.105512e+003,5.757970e+001
1.105994e+003,5.757172e+001
1.106476e+003,5.756361e+001
1.106958e+003,5.755538e+001
1.107440e+003,5.754702e+001
1.107922e+003,5.753859e+001
1.108404e+003,5.753020e+001
1.108886e+003,5.752196e+001
1.109369e+003,5.751395e+001
1.109851e+003,5.750624e+001
1.110333e+003,5.749880e+001
1.110815e+003,5.749154e+001
1.111297e+003,5.748437e+001
1.111779e+003,5.747718e+001
1.112261e+003,5.746996e+001
1.112744e+003,5.746261e+001
1.113226e+003,5.745515e+001
1.113708e+003,5.744754e+001
1.114190e+003,5.743980e+001
1.114672e+003,5.743197e+001
1.115154e+003,5.742413e+001
1.115636e+003,5.741643e+001
1.116118e+003,5.740901e+001
1.116601e+003,5.740202e+001
1.117083e+003,5.739549e+001
1.117565e+003,5.738940e+001
1.118047e+003,5.738357e+001
1.118529e+003,5.737793e+001
1.119011e+003,5.737239e+001
1.119493e+003,5.736702e+001
1.119975e+003,5.736199e+001
1.120458e+003,5.735756e+001
1.120940e+003,5.735399e+001
1.121422e+003,5.735142e+001
1.121904e+003,5.734985e+001
1.122386e+003,5.734922e+001
1.122868e+003,5.734935e+001
1.123350e+003,5.735006e+001
1.123832e+003,5.735123e+001
1.124314e+003,5.735276e+001
1.124797e+003,5.735457e+001
1.125279e+003,5.735658e+001
1.125761e+003,5.735865e+001
1.126243e+003,5.736062e+001
1.126725e+003,5.736236e+001
1.127207e+003,5.736383e+001
1.127689e+003,5.736508e+001
1.128172e+003,5.736624e+001
1.128654e+003,5.736753e+001
1.129136e+003,5.736917e+001
1.129618e+003,5.737125e+001
1.130100e+003,5.737391e+001
1.130582e+003,5.737708e+001
1.131064e+003,5.738078e+001
1.131546e+003,5.738500e+001
1.132029e+003,5.738974e+001
1.132511e+003,5.739499e+001
1.132993e+003,5.740075e+001
1.133475e+003,5.740697e+001
1.133957e+003,5.741360e+001
1.134439e+003,5.742056e+001
1.134921e+003,5.742776e+001
1.135403e+003,5.743525e+001
1.135885e+003,5.744299e+001
1.136368e+003,5.745103e+001
1.136850e+003,5.745938e+001
1.137332e+003,5.746800e+001
1.137814e+003,5.747687e+001
1.138296e+003,5.748590e+001
1.138778e+003,5.749503e+001
1.139260e+003,5.750424e+001
1.139742e+003,5.751346e+001
1.140225e+003,5.752264e+001
1.140707e+003,5.753166e+001
1.141189e+003,5.754041e+001
1.141671e+003,5.754872e+001
1.142153e+003,5.755653e+001
1.142635e+003,5.756386e+001
1.143117e+003,5.757087e+001
1.143599e+003,5.757778e+001
1.144082e+003,5.758488e+001
1.144564e+003,5.759238e+001
1.145046e+003,5.760043e+001
1.145528e+003,5.760899e+001
1.146010e+003,5.761797e+001
1.146492e+003,5.762724e+001
1.146974e+003,5.763669e+001
1.147457e+003,5.764631e+001
1.147939e+003,5.765617e+001
1.148421e+003,5.766642e+001
1.148903e+003,5.767722e+001
1.149385e+003,5.768868e+001
1.149867e+003,5.770089e+001
1.150349e+003,5.771378e+001
1.150831e+003,5.772728e+001
1.151313e+003,5.774123e+001
1.151796e+003,5.775552e+001
1.152278e+003,5.776997e+001
1.152760e+003,5.778450e+001
1.153242e+003,5.779904e+001
1.153724e+003,5.781357e+001
1.154206e+003,5.782813e+001
1.154688e+003,5.784273e+001
1.155170e+003,5.785740e+001
1.155653e+003,5.787207e+001
1.156135e+003,5.788667e+001
1.156617e+003,5.790110e+001
1.157099e+003,5.791523e+001
1.157581e+003,5.792908e+001
1.158063e+003,5.794270e+001
1.158545e+003,5.795623e+001
1.159027e+003,5.796995e+001
1.159510e+003,5.798400e+001
1.159992e+003,5.799855e+001
1.160474e+003,5.801356e+001
1.160956e+003,5.802888e+001
1.161438e+003,5.804430e+001
1.161920e+003,5.805956e+001
1.162402e+003,5.807446e+001
1.162885e+003,5.808894e+001
1.163367e+003,5.810296e+001
1.163849e+003,5.811665e+001
1.164331e+003,5.813016e+001
1.164813e+003,5.814367e+001
1.165295e+003,5.815737e+001
1.165777e+003,5.817136e+001
1.166259e+003,5.818570e+001
1.166741e+003,5.820037e+001
1.167224e+003,5.821521e+001
1.167706e+003,5.822998e+001
1.168188e+003,5.824440e+001
1.168670e+003,5.825813e+001
1.169152e+003,5.827103e+001
1.169634e+003,5.828301e+001
1.170116e+003,5.829421e+001
1.170598e+003,5.830485e+001
1.171081e+003,5.831527e+001
1.171563e+003,5.832571e+001
1.172045e+003,5.833635e+001
1.172527e+003,5.834726e+001
1.173009e+003,5.835838e+001
1.173491e+003,5.836963e+001
1.173973e+003,5.838092e+001
1.174455e+003,5.839226e+001
1.174938e+003,5.840367e+001
1.175420e+003,5.841521e+001
1.175902e+003,5.842696e+001
1.176384e+003,5.843900e+001
1.176866e+003,5.845135e+001
1.177348e+003,5.846404e+001
1.177830e+003,5.847708e+001
1.178313e+003,5.849040e+001
1.178795e+003,5.850395e+001
1.179277e+003,5.851754e+001
1.179759e+003,5.853093e+001
1.180241e+003,5.854383e+001
1.180723e+003,5.855593e+001
1.181205e+003,5.856704e+001
1.181687e+003,5.857708e+001
1.182169e+003,5.858613e+001
1.182652e+003,5.859441e+001
1.183134e+003,5.860222e+001
1.183616e+003,5.860984e+001
1.184098e+003,5.861756e+001
1.184580e+003,5.862558e+001
1.185062e+003,5.863406e+001
1.185544e+003,5.864310e+001
1.186026e+003,5.865281e+001
1.186509e+003,5.866322e+001
1.186991e+003,5.867428e+001
1.187473e+003,5.868594e+001
1.187955e+003,5.869804e+001
1.188437e+003,5.871040e+001
1.188919e+003,5.872285e+001
1.189401e+003,5.873528e+001
1.189883e+003,5.874756e+001
1.190366e+003,5.875960e+001
1.190848e+003,5.877131e+001
1.191330e+003,5.878259e+001
1.191812e+003,5.879338e+001
1.192294e+003,5.880363e+001
1.192776e+003,5.881339e+001
1.193258e+003,5.882283e+001
1.193740e+003,5.883220e+001
1.194223e+003,5.884178e+001
1.194705e+003,5.885180e+001
1.195187e+003,5.886245e+001
1.195669e+003,5.887378e+001
1.196151e+003,5.888578e+001
1.196633e+003,5.889835e+001
1.197115e+003,5.891138e+001
1.197597e+003,5.892483e+001
1.198080e+003,5.893865e+001
1.198562e+003,5.895273e+001
1.199044e+003,5.896698e+001
1.199526e+003,5.898128e+001
1.200008e+003,5.899545e+001
1.200490e+003,5.900943e+001
1.200972e+003,5.902319e+001
1.201454e+003,5.903683e+001
1.201937e+003,5.905054e+001
1.202419e+003,5.906450e+001
1.202901e+003,5.907891e+001
1.203383e+003,5.909387e+001
1.203865e+003,5.910938e+001
1.204347e+003,5.912537e+001
1.204829e+003,5.914172e+001
1.205312e+003,5.915825e+001
1.205794e+003,5.917481e+001
1.206276e+003,5.919125e+001
1.206758e+003,5.920745e+001
1.207240e+003,5.922328e+001
1.207722e+003,5.923873e+001
1.208204e+003,5.925388e+001
1.208686e+003,5.926888e+001
1.209168e+003,5.928391e+001
1.209651e+003,5.929921e+001
1.210133e+003,5.931493e+001
1.210615e+003,5.933108e+001
1.211097e+003,5.934759e+001
1.211579e+003,5.936430e+001
1.212061e+003,5.938105e+001
1.212543e+003,5.939768e+001
1.213025e+003,5.941418e+001
1.213508e+003,5.943058e+001
1.213990e+003,5.944697e+001
1.214472e+003,5.946342e+001
1.214954e+003,5.948002e+001
1.215436e+003,5.949677e+001
1.215918e+003,5.951367e+001
1.216400e+003,5.953072e+001
1.216882e+003,5.954794e+001
1.217365e+003,5.956532e+001
1.217847e+003,5.958286e+001
1.218329e+003,5.960052e+001
1.218811e+003,5.961822e+001
1.219293e+003,5.963589e+001
1.219775e+003,5.965348e+001
1.220257e+003,5.967101e+001
1.220740e+003,5.968853e+001
1.221222e+003,5.970618e+001
1.221704e+003,5.972396e+001
1.222186e+003,5.974189e+001
1.222668e+003,5.975983e+001
1.223150e+003,5.977760e+001
1.223632e+003,5.979503e+001
1.224114e+003,5.981203e+001
1.224596e+003,5.982862e+001
1.225079e+003,5.984491e+001
1.225561e+003,5.986106e+001
1.226043e+003,5.987725e+001
1.226525e+003,5.989363e+001
1.227007e+003,5.991026e+001
1.227489e+003,5.992714e+001
1.227971e+003,5.994421e+001
1.228453e+003,5.996138e+001
1.228936e+003,5.997859e+001
1.229418e+003,5.999568e+001
1.229900e+003,6.001254e+001
1.230382e+003,6.002900e+001
1.230864e+003,6.004491e+001
1.231346e+003,6.006021e+001
1.231828e+003,6.007492e+001
1.232310e+003,6.008912e+001
1.232792e+003,6.010295e+001
1.233275e+003,6.011646e+001
1.233757e+003,6.012975e+001
1.234239e+003,6.014280e+001
1.234721e+003,6.015554e+001
1.235203e+003,6.016797e+001
1.235685e+003,6.018015e+001
1.236167e+003,6.019218e+001
1.236650e+003,6.020427e+001
1.237132e+003,6.021656e+001
1.237614e+003,6.022913e+001
1.238096e+003,6.024195e+001
1.238578e+003,6.025499e+001
1.239060e+003,6.026815e+001
1.239542e+003,6.028141e+001
1.240024e+003,6.029482e+001
1.240507e+003,6.030837e+001
1.240989e+003,6.032208e+001
1.241471e+003,6.033578e+001
1.241953e+003,6.034923e+001
1.242435e+003,6.036207e+001
1.242917e+003,6.037399e+001
1.243399e+003,6.038480e+001
1.243881e+003,6.039451e+001
1.244364e+003,6.040331e+001
1.244846e+003,6.041152e+001
1.245328e+003,6.041942e+001
1.245810e+003,6.042725e+001
1.246292e+003,6.043507e+001
1.246774e+003,6.044293e+001
1.247256e+003,6.045072e+001
1.247738e+003,6.045846e+001
1.248220e+003,6.046616e+001
1.248703e+003,6.047390e+001
1.249185e+003,6.048175e+001
1.249667e+003,6.048974e+001
1.250149e+003,6.049788e+001
1.250631e+003,6.050610e+001
1.251113e+003,6.051436e+001
1.251595e+003,6.052259e+001
1.252078e+003,6.053075e+001
1.252560e+003,6.053882e+001
1.253042e+003,6.054676e+001
1.253524e+003,6.055452e+001
1.254006e+003,6.056201e+001
1.254488e+003,6.056927e+001
1.254970e+003,6.057631e+001
1.255452e+003,6.058324e+001
1.255935e+003,6.059013e+001
1.256417e+003,6.059703e+001
1.256899e+003,6.060389e+001
1.257381e+003,6.061061e+001
1.257863e+003,6.061699e+001
1.258345e+003,6.062288e+001
1.258827e+003,6.062825e+001
1.259309e+003,6.063319e+001
1.259792e+003,6.063784e+001
1.260274e+003,6.064239e+001
1.260756e+003,6.064684e+001
1.261238e+003,6.065113e+001
1.261720e+003,6.065509e+001
1.262202e+003,6.065843e+001
1.262684e+003,6.066102e+001
1.263166e+003,6.066284e+001
1.263648e+003,6.066397e+001
1.264131e+003,6.066458e+001
1.264613e+003,6.066483e+001
1.265095e+003,6.066485e+001
1.265577e+003,6.066461e+001
1.266059e+003,6.066409e+001
1.266541e+003,6.066325e+001
1.267023e+003,6.066210e+001
1.267505e+003,6.066075e+001
1.267988e+003,6.065928e+001
1.268470e+003,6.065779e+001
1.268952e+003,6.065621e+001
1.269434e+003,6.065443e+001
1.269916e+003,6.065230e+001
1.270398e+003,6.064967e+001
1.270880e+003,6.064659e+001
1.271363e+003,6.064317e+001
1.271845e+003,6.063966e+001
1.272327e+003,6.063633e+001
1.272809e+003,6.063347e+001
1.273291e+003,6.063123e+001
1.273773e+003,6.062970e+001
1.274255e+003,6.062881e+001
1.274737e+003,6.062841e+001
1.275219e+003,6.062828e+001
1.275702e+003,6.062814e+001
1.276184e+003,6.062766e+001
1.276666e+003,6.062653e+001
1.277148e+003,6.062450e+001
1.277630e+003,6.062150e+001
1.278112e+003,6.061763e+001
1.278594e+003,6.061313e+001
1.279076e+003,6.060831e+001
1.279559e+003,6.060350e+001
1.280041e+003,6.059886e+001
1.280523e+003,6.059443e+001
1.281005e+003,6.059010e+001
1.281487e+003,6.058571e+001
1.281969e+003,6.058117e+001
1.282451e+003,6.057646e+001
1.282933e+003,6.057163e+001
1.283416e+003,6.056680e+001
1.283898e+003,6.056202e+001
1.284380e+003,6.055721e+001
1.284862e+003,6.055225e+001
1.285344e+003,6.054696e+001
1.285826e+003,6.054123e+001
1.286308e+003,6.053504e+001
1.286791e+003,6.052849e+001
1.287273e+003,6.052177e+001
1.287755e+003,6.051505e+001
1.288237e+003,6.050842e+001
1.288719e+003,6.050190e+001
1.289201e+003,6.049542e+001
1.289683e+003,6.048891e+001
1.290165e+003,6.048237e+001
1.290647e+003,6.047580e+001
1.291130e+003,6.046926e+001
1.291612e+003,6.046277e+001
1.292094e+003,6.045631e+001
1.292576e+003,6.044978e+001
1.293058e+003,6.044308e+001
1.293540e+003,6.043615e+001
1.294022e+003,6.042894e+001
1.294504e+003,6.042155e+001
1.294987e+003,6.041407e+001
1.295469e+003,6.040654e+001
1.295951e+003,6.039900e+001
1.296433e+003,6.039140e+001
1.296915e+003,6.038364e+001
1.297397e+003,6.037566e+001
1.297879e+003,6.036744e+001
1.298361e+003,6.035904e+001
1.298844e+003,6.035050e+001
1.299326e+003,6.034190e+001
1.299808e+003,6.033326e+001
1.300290e+003,6.032454e+001
1.300772e+003,6.031571e+001
1.301254e+003,6.030669e+001
1.301736e+003,6.029751e+001
1.302219e+003,6.028820e+001
1.302701e+003,6.027882e+001
1.303183e+003,6.026939e+001
1.303665e+003,6.025993e+001
1.304147e+003,6.025040e+001
1.304629e+003,6.024083e+001
1.305111e+003,6.023126e+001
1.305593e+003,6.022180e+001
1.306075e+003,6.021258e+001
1.306558e+003,6.020372e+001
1.307040e+003,6.019524e+001
1.307522e+003,6.018701e+001
1.308004e+003,6.017884e+001
1.308486e+003,6.017052e+001
1.308968e+003,6.016183e+001
1.309450e+003,6.015269e+001
1.309932e+003,6.014310e+001
1.310415e+003,6.013317e+001
1.310897e+003,6.012306e+001
1.311379e+003,6.011290e+001
1.311861e+003,6.010279e+001
1.312343e+003,6.009281e+001
1.312825e+003,6.008304e+001
1.313307e+003,6.007351e+001
1.313789e+003,6.006430e+001
1.314272e+003,6.005541e+001
1.314754e+003,6.004679e+001
1.315236e+003,6.003833e+001
1.315718e+003,6.002989e+001
1.316200e+003,6.002138e+001
1.316682e+003,6.001274e+001
1.317164e+003,6.000408e+001
1.317646e+003,5.999556e+001
1.318129e+003,5.998738e+001
1.318611e+003,5.997971e+001
1.319093e+003,5.997257e+001
1.319575e+003,5.996598e+001
1.320057e+003,5.995980e+001
1.320539e+003,5.995389e+001
1.321021e+003,5.994813e+001
1.321503e+003,5.994239e+001
1.321986e+003,5.993660e+001
1.322468e+003,5.993062e+001
1.322950e+003,5.992437e+001
1.323432e+003,5.991777e+001
1.323914e+003,5.991079e+001
1.324396e+003,5.990350e+001
1.324878e+003,5.989605e+001
1.325360e+003,5.988867e+001
1.325843e+003,5.988150e+001
1.326325e+003,5.987465e+001
1.326807e+003,5.986808e+001
1.327289e+003,5.986170e+001
1.327771e+003,5.985534e+001
1.328253e+003,5.984890e+001
1.328735e+003,5.984237e+001
1.329218e+003,5.983576e+001
1.329700e+003,5.982918e+001
1.330182e+003,5.982269e+001
1.330664e+003,5.981631e+001
1.331146e+003,5.980998e+001
1.331628e+003,5.980363e+001
1.332110e+003,5.979717e+001
1.332592e+003,5.979050e+001
1.333074e+003,5.978356e+001
1.333557e+003,5.977625e+001
1.334039e+003,5.976846e+001
1.334521e+003,5.976006e+001
1.335003e+003,5.975089e+001
1.335485e+003,5.974085e+001
1.335967e+003,5.972997e+001
1.336449e+003,5.971833e+001
1.336931e+003,5.970610e+001
1.337414e+003,5.969349e+001
1.337896e+003,5.968070e+001
1.338378e+003,5.966792e+001
1.338860e+003,5.965535e+001
1.339342e+003,5.964329e+001
1.339824e+003,5.963205e+001
1.340306e+003,5.962197e+001
1.340788e+003,5.961328e+001
1.341271e+003,5.960598e+001
1.341753e+003,5.959982e+001
1.342235e+003,5.959438e+001
1.342717e+003,5.958905e+001
1.343199e+003,5.958334e+001
1.343681e+003,5.957687e+001
1.344163e+003,5.956956e+001
1.344646e+003,5.956153e+001
1.345128e+003,5.955307e+001
1.345610e+003,5.954457e+001
1.346092e+003,5.953634e+001
1.346574e+003,5.952858e+001
1.347056e+003,5.952135e+001
1.347538e+003,5.951465e+001
1.348020e+003,5.950839e+001
1.348502e+003,5.950245e+001
1.348985e+003,5.949671e+001
1.349467e+003,5.949103e+001
1.349949e+003,5.948520e+001
1.350431e+003,5.947907e+001
1.350913e+003,5.947245e+001
1.351395e+003,5.946528e+001
1.351877e+003,5.945757e+001
1.352359e+003,5.944941e+001
1.352842e+003,5.944093e+001
1.353324e+003,5.943230e+001
1.353806e+003,5.942361e+001
1.354288e+003,5.941499e+001
1.354770e+003,5.940658e+001
1.355252e+003,5.939844e+001
1.355734e+003,5.939072e+001
1.356216e+003,5.938350e+001
1.356698e+003,5.937680e+001
1.357181e+003,5.937048e+001
1.357663e+003,5.936433e+001
1.358145e+003,5.935798e+001
1.358627e+003,5.935111e+001
1.359109e+003,5.934340e+001
1.359591e+003,5.933468e+001
1.360073e+003,5.932483e+001
1.360556e+003,5.931390e+001
1.361038e+003,5.930202e+001
1.361520e+003,5.928949e+001
1.362002e+003,5.927666e+001
1.362484e+003,5.926411e+001
1.362966e+003,5.925239e+001
1.363448e+003,5.924202e+001
1.363930e+003,5.923323e+001
1.364413e+003,5.922592e+001
1.364895e+003,5.921970e+001
1.365377e+003,5.921385e+001
1.365859e+003,5.920773e+001
1.366341e+003,5.920069e+001
1.366823e+003,5.919244e+001
1.367305e+003,5.918304e+001
1.367787e+003,5.917282e+001
1.368270e+003,5.916246e+001
1.368752e+003,5.915254e+001
1.369234e+003,5.914357e+001
1.369716e+003,5.913569e+001
1.370198e+003,5.912867e+001
1.370680e+003,5.912200e+001
1.371162e+003,5.911502e+001
1.371644e+003,5.910703e+001
1.372126e+003,5.909750e+001
1.372609e+003,5.908614e+001
1.373091e+003,5.907306e+001
1.373573e+003,5.905873e+001
1.374055e+003,5.904405e+001
1.374537e+003,5.903010e+001
1.375019e+003,5.901780e+001
1.375501e+003,5.900772e+001
1.375984e+003,5.899991e+001
1.376466e+003,5.899390e+001
1.376948e+003,5.898903e+001
1.377430e+003,5.898445e+001
1.377912e+003,5.897955e+001
1.378394e+003,5.897395e+001
1.378876e+003,5.896751e+001
1.379358e+003,5.896041e+001
1.379841e+003,5.895286e+001
1.380323e+003,5.894511e+001
1.380805e+003,5.893733e+001
1.381287e+003,5.892961e+001
1.381769e+003,5.892207e+001
1.382251e+003,5.891480e+001
1.382733e+003,5.890796e+001
1.383215e+003,5.890162e+001
1.383698e+003,5.889573e+001
1.384180e+003,5.888999e+001
1.384662e+003,5.888392e+001
1.385144e+003,5.887683e+001
1.385626e+003,5.886813e+001
1.386108e+003,5.885754e+001
1.386590e+003,5.884523e+001
1.387072e+003,5.883201e+001
1.387554e+003,5.881908e+001
1.388037e+003,5.880765e+001
1.388519e+003,5.879866e+001
1.389001e+003,5.879248e+001
1.389483e+003,5.878896e+001
1.389965e+003,5.878749e+001
1.390447e+003,5.878737e+001
1.390929e+003,5.878770e+001
1.391411e+003,5.878762e+001
1.391894e+003,5.878624e+001
1.392376e+003,5.878276e+001
1.392858e+003,5.877656e+001
1.393340e+003,5.876738e+001
1.393822e+003,5.875555e+001
1.394304e+003,5.874207e+001
1.394786e+003,5.872832e+001
1.395269e+003,5.871583e+001
1.395751e+003,5.870560e+001
1.396233e+003,5.869794e+001
1.396715e+003,5.869234e+001
1.397197e+003,5.868794e+001
1.397679e+003,5.868380e+001
1.398161e+003,5.867926e+001
1.398643e+003,5.867425e+001
1.399125e+003,5.866909e+001
1.399608e+003,5.866441e+001
1.400090e+003,5.866072e+001
1.400572e+003,5.865821e+001
1.401054e+003,5.865670e+001
1.401536e+003,5.865563e+001
1.402018e+003,5.865435e+001
1.402500e+003,5.865227e+001
1.402982e+003,5.864900e+001
1.403465e+003,5.864450e+001
1.403947e+003,5.863906e+001
1.404429e+003,5.863326e+001
1.404911e+003,5.862786e+001
1.405393e+003,5.862356e+001
1.405875e+003,5.862082e+001
1.406357e+003,5.861969e+001
1.406839e+003,5.861993e+001
1.407322e+003,5.862097e+001
1.407804e+003,5.862220e+001
1.408286e+003,5.862304e+001
1.408768e+003,5.862309e+001
1.409250e+003,5.862218e+001
1.409732e+003,5.862047e+001
1.410214e+003,5.861825e+001
1.410697e+003,5.861597e+001
1.411179e+003,5.861400e+001
1.411661e+003,5.861266e+001
1.412143e+003,5.861204e+001
1.412625e+003,5.861221e+001
1.413107e+003,5.861307e+001
1.413589e+003,5.861457e+001
1.414071e+003,5.861665e+001
1.414553e+003,5.861917e+001
1.415036e+003,5.862184e+001
1.415518e+003,5.862419e+001
1.416000e+003,5.862554e+001
1.416482e+003,5.862513e+001
1.416964e+003,5.862222e+001
1.417446e+003,5.861649e+001
1.417928e+003,5.860825e+001
1.418410e+003,5.859864e+001
1.418893e+003,5.858938e+001
1.419375e+003,5.858224e+001
1.419857e+003,5.857832e+001
1.420339e+003,5.857761e+001
1.420821e+003,5.857932e+001
1.421303e+003,5.858215e+001
1.421785e+003,5.858496e+001
1.422267e+003,5.858683e+001
1.422750e+003,5.858739e+001
1.423232e+003,5.858666e+001
1.423714e+003,5.858512e+001
1.424196e+003,5.858350e+001
1.424678e+003,5.858250e+001
1.425160e+003,5.858258e+001
1.425642e+003,5.858374e+001
1.426125e+003,5.858559e+001
1.426607e+003,5.858735e+001
1.427089e+003,5.858816e+001
1.427571e+003,5.858722e+001
1.428053e+003,5.858404e+001
1.428535e+003,5.857854e+001
1.429017e+003,5.857114e+001
1.429499e+003,5.856268e+001
1.429981e+003,5.855426e+001
1.430464e+003,5.854684e+001
1.430946e+003,5.854113e+001
1.431428e+003,5.853728e+001
1.431910e+003,5.853512e+001
1.432392e+003,5.853417e+001
1.432874e+003,5.853379e+001
1.433356e+003,5.853331e+001
1.433838e+003,5.853202e+001
1.434321e+003,5.852923e+001
1.434803e+003,5.852430e+001
1.435285e+003,5.851686e+001
1.435767e+003,5.850705e+001
1.436249e+003,5.849574e+001
1.436731e+003,5.848434e+001
1.437213e+003,5.847442e+001
1.437696e+003,5.846698e+001
1.438177e+003,5.846210e+001
1.438660e+003,5.845910e+001
1.439142e+003,5.845687e+001
1.439624e+003,5.845431e+001
1.440106e+003,5.845058e+001
1.440588e+003,5.844519e+001
1.441070e+003,5.843808e+001
1.441552e+003,5.842952e+001
1.442035e+003,5.841998e+001
1.442517e+003,5.840998e+001
1.442999e+003,5.839994e+001
1.443481e+003,5.838998e+001
1.443963e+003,5.837999e+001
1.444445e+003,5.836962e+001
1.444927e+003,5.835836e+001
1.445409e+003,5.834571e+001
1.445892e+003,5.833126e+001
1.446374e+003,5.831486e+001
1.446856e+003,5.829672e+001
1.447338e+003,5.827756e+001
1.447820e+003,5.825834e+001
1.448302e+003,5.824013e+001
1.448784e+003,5.822371e+001
1.449266e+003,5.820941e+001
1.449749e+003,5.819706e+001
1.450231e+003,5.818614e+001
1.450713e+003,5.817609e+001
1.451195e+003,5.816649e+001
1.451677e+003,5.815719e+001
1.452159e+003,5.814830e+001
1.452641e+003,5.814003e+001
1.453124e+003,5.813251e+001
1.453605e+003,5.812550e+001
1.454088e+003,5.811827e+001
1.454570e+003,5.810953e+001
1.455052e+003,5.809760e+001
1.455534e+003,5.808067e+001
1.456016e+003,5.805766e+001
1.456498e+003,5.802921e+001
1.456980e+003,5.799844e+001
1.457463e+003,5.797018e+001
1.457945e+003,5.794896e+001
1.458427e+003,5.793685e+001
1.458909e+003,5.793326e+001
1.459391e+003,5.793604e+001
1.459873e+003,5.794273e+001
1.460355e+003,5.795121e+001
1.460837e+003,5.795984e+001
1.461320e+003,5.796732e+001
1.461802e+003,5.797259e+001
1.462284e+003,5.797474e+001
1.462766e+003,5.797309e+001
1.463248e+003,5.796730e+001
1.463730e+003,5.795771e+001
1.464212e+003,5.794532e+001
1.464694e+003,5.793172e+001
1.465177e+003,5.791883e+001
1.465659e+003,5.790816e+001
1.466141e+003,5.790054e+001
1.466623e+003,5.789597e+001
1.467105e+003,5.789394e+001
1.467587e+003,5.789366e+001
1.468069e+003,5.789437e+001
1.468552e+003,5.789531e+001
1.469033e+003,5.789575e+001
1.469516e+003,5.789489e+001
1.469998e+003,5.789184e+001
1.470480e+003,5.788579e+001
1.470962e+003,5.787613e+001
1.471444e+003,5.786282e+001
1.471926e+003,5.784676e+001
1.472408e+003,5.782968e+001
1.472891e+003,5.781371e+001
1.473373e+003,5.780051e+001
1.473855e+003,5.779070e+001
1.474337e+003,5.778377e+001
1.474819e+003,5.777869e+001
1.475301e+003,5.777441e+001
1.475783e+003,5.777018e+001
1.476265e+003,5.776574e+001
1.476748e+003,5.776104e+001
1.477230e+003,5.775619e+001
1.477712e+003,5.775117e+001
1.478194e+003,5.774582e+001
1.478676e+003,5.773983e+001
1.479158e+003,5.773283e+001
1.479640e+003,5.772461e+001
1.480122e+003,5.771515e+001
1.480604e+003,5.770472e+001
1.481087e+003,5.769386e+001
1.481569e+003,5.768314e+001
1.482051e+003,5.767313e+001
1.482533e+003,5.766412e+001
1.483015e+003,5.765606e+001
1.483497e+003,5.764860e+001
1.483979e+003,5.764112e+001
1.484461e+003,5.763297e+001
1.484944e+003,5.762347e+001
1.485426e+003,5.761216e+001
1.485908e+003,5.759871e+001
1.486390e+003,5.758303e+001
1.486872e+003,5.756527e+001
1.487354e+003,5.754562e+001
1.487836e+003,5.752439e+001
1.488319e+003,5.750197e+001
1.488801e+003,5.747897e+001
1.489283e+003,5.745641e+001
1.489765e+003,5.743564e+001
1.490247e+003,5.741815e+001
1.490729e+003,5.740505e+001
1.491211e+003,5.739672e+001
1.491693e+003,5.739272e+001
1.492176e+003,5.739186e+001
1.492658e+003,5.739260e+001
1.493140e+003,5.739327e+001
1.493622e+003,5.739225e+001
1.494104e+003,5.738807e+001
1.494586e+003,5.737963e+001
1.495068e+003,5.736635e+001
1.495550e+003,5.734836e+001
1.496032e+003,5.732676e+001
1.496515e+003,5.730345e+001
1.496997e+003,5.728067e+001
1.497479e+003,5.726047e+001
1.497961e+003,5.724410e+001
1.498443e+003,5.723188e+001
1.498925e+003,5.722335e+001
1.499407e+003,5.721773e+001
1.499890e+003,5.721418e+001
1.500372e+003,5.721202e+001
1.500854e+003,5.721078e+001
1.501336e+003,5.721022e+001
1.501818e+003,5.721013e+001
1.502300e+003,5.721024e+001
1.502782e+003,5.721014e+001
1.503264e+003,5.720902e+001
1.503747e+003,5.720555e+001
1.504229e+003,5.719772e+001
1.504711e+003,5.718285e+001
1.505193e+003,5.715799e+001
1.505675e+003,5.712119e+001
1.506157e+003,5.707384e+001
1.506639e+003,5.702243e+001
1.507121e+003,5.697710e+001
1.507604e+003,5.694617e+001
1.508086e+003,5.693172e+001
1.508568e+003,5.693025e+001
1.509050e+003,5.693620e+001
1.509532e+003,5.694470e+001
1.510014e+003,5.695256e+001
1.510496e+003,5.695816e+001
1.510979e+003,5.696096e+001
1.511460e+003,5.696122e+001
1.511943e+003,5.695949e+001
1.512425e+003,5.695633e+001
1.512907e+003,5.695207e+001
1.513389e+003,5.694660e+001
1.513871e+003,5.693948e+001
1.514353e+003,5.693002e+001
1.514835e+003,5.691758e+001
1.515318e+003,5.690194e+001
1.515800e+003,5.688364e+001
1.516282e+003,5.686406e+001
1.516764e+003,5.684525e+001
1.517246e+003,5.682914e+001
1.517728e+003,5.681682e+001
1.518210e+003,5.680806e+001
1.518692e+003,5.680133e+001
1.519175e+003,5.679421e+001
1.519657e+003,5.678410e+001
1.520139e+003,5.676889e+001
1.520621e+003,5.674789e+001
1.521103e+003,5.672249e+001
1.521585e+003,5.669603e+001
1.522067e+003,5.667252e+001
1.522549e+003,5.665477e+001
1.523031e+003,5.664344e+001
1.523514e+003,5.663723e+001
1.523996e+003,5.663381e+001
1.524478e+003,5.663087e+001
1.524960e+003,5.662663e+001
1.525442e+003,5.662019e+001
1.525924e+003,5.661157e+001
1.526406e+003,5.660149e+001
1.526888e+003,5.659109e+001
1.527371e+003,5.658154e+001
1.527853e+003,5.657367e+001
1.528335e+003,5.656792e+001
1.528817e+003,5.656430e+001
1.529299e+003,5.656240e+001
1.529781e+003,5.656162e+001
1.530263e+003,5.656105e+001
1.530746e+003,5.655960e+001
1.531228e+003,5.655601e+001
1.531710e+003,5.654916e+001
1.532192e+003,5.653846e+001
1.532674e+003,5.652438e+001
1.533156e+003,5.650879e+001
1.533638e+003,5.649451e+001
1.534120e+003,5.648433e+001
1.534603e+003,5.647973e+001
1.535085e+003,5.648055e+001
1.535567e+003,5.648534e+001
1.536049e+003,5.649202e+001
1.536531e+003,5.649836e+001
1.537013e+003,5.650222e+001
1.537495e+003,5.650157e+001
1.537977e+003,5.649448e+001
1.538459e+003,5.647935e+001
1.538942e+003,5.645558e+001
1.539424e+003,5.642468e+001
1.539906e+003,5.639086e+001
1.540388e+003,5.636002e+001
1.540870e+003,5.633708e+001
1.541352e+003,5.632375e+001
1.541834e+003,5.631862e+001
1.542316e+003,5.631896e+001
1.542799e+003,5.632214e+001
1.543281e+003,5.632644e+001
1.543763e+003,5.633115e+001
1.544245e+003,5.633625e+001
1.544727e+003,5.634206e+001
1.545209e+003,5.634883e+001
1.545691e+003,5.635653e+001
1.546174e+003,5.636460e+001
1.546656e+003,5.637217e+001
1.547138e+003,5.637817e+001
1.547620e+003,5.638164e+001
1.548102e+003,5.638195e+001
1.548584e+003,5.637896e+001
1.549066e+003,5.637327e+001
1.549548e+003,5.636595e+001
1.550031e+003,5.635834e+001
1.550513e+003,5.635157e+001
1.550995e+003,5.634621e+001
1.551477e+003,5.634211e+001
1.551959e+003,5.633866e+001
1.552441e+003,5.633509e+001
1.552923e+003,5.633084e+001
1.553405e+003,5.632573e+001
1.553887e+003,5.632000e+001
1.554370e+003,5.631417e+001
1.554852e+003,5.630861e+001
1.555334e+003,5.630324e+001
1.555816e+003,5.629721e+001
1.556298e+003,5.628873e+001
1.556780e+003,5.627521e+001
1.557262e+003,5.625349e+001
1.557744e+003,5.622128e+001
1.558227e+003,5.617962e+001
1.558709e+003,5.613559e+001
1.559191e+003,5.610063e+001
1.559673e+003,5.608330e+001
1.560155e+003,5.608384e+001
1.560637e+003,5.609649e+001
1.561119e+003,5.611457e+001
1.561602e+003,5.613313e+001
1.562083e+003,5.614924e+001
1.562566e+003,5.616136e+001
1.563048e+003,5.616889e+001
1.563530e+003,5.617191e+001
1.564012e+003,5.617103e+001
1.564494e+003,5.616738e+001
1.564976e+003,5.616214e+001
1.565458e+003,5.615630e+001
1.565941e+003,5.615032e+001
1.566423e+003,5.614391e+001
1.566905e+003,5.613618e+001
1.567387e+003,5.612593e+001
1.567869e+003,5.611212e+001
1.568351e+003,5.609434e+001
1.568833e+003,5.607330e+001
1.569315e+003,5.605095e+001
1.569798e+003,5.603008e+001
1.570280e+003,5.601317e+001
1.570762e+003,5.600161e+001
1.571244e+003,5.599524e+001
1.571726e+003,5.599286e+001
1.572208e+003,5.599268e+001
1.572690e+003,5.599283e+001
1.573172e+003,5.599151e+001
1.573655e+003,5.598701e+001
1.574137e+003,5.597775e+001
1.574619e+003,5.596257e+001
1.575101e+003,5.594132e+001
1.575583e+003,5.591543e+001
1.576065e+003,5.588807e+001
1.576547e+003,5.586325e+001
1.577030e+003,5.584418e+001
1.577511e+003,5.583208e+001
1.577994e+003,5.582606e+001
1.578476e+003,5.582417e+001
1.578958e+003,5.582419e+001
1.579440e+003,5.582431e+001
1.579922e+003,5.582330e+001
1.580404e+003,5.582048e+001
1.580886e+003,5.581569e+001
1.581369e+003,5.580911e+001
1.581851e+003,5.580113e+001
1.582333e+003,5.579225e+001
1.582815e+003,5.578291e+001
1.583297e+003,5.577350e+001
1.583779e+003,5.576424e+001
1.584261e+003,5.575532e+001
1.584743e+003,5.574677e+001
1.585226e+003,5.573856e+001
1.585708e+003,5.573065e+001
1.586190e+003,5.572292e+001
1.586672e+003,5.571530e+001
1.587154e+003,5.570771e+001
1.587636e+003,5.570016e+001
1.588118e+003,5.569274e+001
1.588600e+003,5.568554e+001
1.589083e+003,5.567868e+001
1.589565e+003,5.567226e+001
1.590047e+003,5.566631e+001
1.590529e+003,5.566082e+001
1.591011e+003,5.565574e+001
1.591493e+003,5.565098e+001
1.591975e+003,5.564637e+001
1.592458e+003,5.564174e+001
1.592939e+003,5.563689e+001
1.593422e+003,5.563168e+001
1.593904e+003,5.562608e+001
1.594386e+003,5.562018e+001
1.594868e+003,5.561426e+001
1.595350e+003,5.560865e+001
1.595832e+003,5.560368e+001
1.596314e+003,5.559953e+001
1.596797e+003,5.559619e+001
1.597279e+003,5.559341e+001
1.597761e+003,5.559084e+001
1.598243e+003,5.558804e+001
1.598725e+003,5.558475e+001
1.599207e+003,5.558069e+001
1.599689e+003,5.557580e+001
1.600171e+003,5.557005e+001
1.600654e+003,5.556345e+001
1.601136e+003,5.555605e+001
1.601618e+003,5.554786e+001
1.602100e+003,5.553904e+001
1.602582e+003,5.552977e+001
1.603064e+003,5.552036e+001
1.603546e+003,5.551107e+001
1.604028e+003,5.550212e+001
1.604510e+003,5.549358e+001
1.604993e+003,5.548528e+001
1.605475e+003,5.547693e+001
1.605957e+003,5.546820e+001
1.606439e+003,5.545877e+001
1.606921e+003,5.544852e+001
1.607403e+003,5.543752e+001
1.607885e+003,5.542597e+001
1.608367e+003,5.541424e+001
1.608850e+003,5.540267e+001
1.609332e+003,5.539164e+001
1.609814e+003,5.538146e+001
1.610296e+003,5.537240e+001
1.610778e+003,5.536470e+001
1.611260e+003,5.535846e+001
1.611742e+003,5.535360e+001
1.612225e+003,5.534985e+001
1.612707e+003,5.534660e+001
1.613189e+003,5.534305e+001
1.613671e+003,5.533813e+001
1.614153e+003,5.533062e+001
1.614635e+003,5.531932e+001
1.615117e+003,5.530335e+001
1.615599e+003,5.528264e+001
1.616082e+003,5.525839e+001
1.616564e+003,5.523317e+001
1.617046e+003,5.521031e+001
1.617528e+003,5.519252e+001
1.618010e+003,5.518103e+001
1.618492e+003,5.517537e+001
1.618974e+003,5.517394e+001
1.619456e+003,5.517466e+001
1.619938e+003,5.517546e+001
1.620421e+003,5.517453e+001
1.620903e+003,5.517033e+001
1.621385e+003,5.516185e+001
1.621867e+003,5.514879e+001
1.622349e+003,5.513184e+001
1.622831e+003,5.511256e+001
1.623313e+003,5.509319e+001
1.623796e+003,5.507573e+001
1.624278e+003,5.506135e+001
1.624760e+003,5.505006e+001
1.625242e+003,5.504102e+001
1.625724e+003,5.503294e+001
1.626206e+003,5.502468e+001
1.626688e+003,5.501549e+001
1.627170e+003,5.500514e+001
1.627653e+003,5.499401e+001
1.628135e+003,5.498283e+001
1.628617e+003,5.497255e+001
1.629099e+003,5.496386e+001
1.629581e+003,5.495722e+001
1.630063e+003,5.495262e+001
1.630545e+003,5.494971e+001
1.631027e+003,5.494786e+001
1.631510e+003,5.494629e+001
1.631992e+003,5.494399e+001
1.632474e+003,5.493982e+001
1.632956e+003,5.493243e+001
1.633438e+003,5.492030e+001
1.633920e+003,5.490205e+001
1.634402e+003,5.487695e+001
1.634885e+003,5.484576e+001
1.635366e+003,5.481143e+001
1.635849e+003,5.477864e+001
1.636331e+003,5.475207e+001
1.636813e+003,5.473424e+001
1.637295e+003,5.472492e+001
1.637777e+003,5.472195e+001
1.638259e+003,5.472256e+001
1.638741e+003,5.472438e+001
1.639224e+003,5.472568e+001
1.639706e+003,5.472554e+001
1.640188e+003,5.472366e+001
1.640670e+003,5.472029e+001
1.641152e+003,5.471603e+001
1.641634e+003,5.471151e+001
1.642116e+003,5.470726e+001
1.642598e+003,5.470335e+001
1.643081e+003,5.469940e+001
1.643563e+003,5.469439e+001
1.644045e+003,5.468689e+001
1.644527e+003,5.467508e+001
1.645009e+003,5.465728e+001
1.645491e+003,5.463254e+001
1.645973e+003,5.460167e+001
1.646455e+003,5.456788e+001
1.646938e+003,5.453629e+001
1.647420e+003,5.451200e+001
1.647902e+003,5.449802e+001
1.648384e+003,5.449435e+001
1.648866e+003,5.449888e+001
1.649348e+003,5.450852e+001
1.649830e+003,5.452008e+001
1.650313e+003,5.453029e+001
1.650794e+003,5.453555e+001
1.651277e+003,5.453165e+001
1.651759e+003,5.451398e+001
1.652241e+003,5.447932e+001
1.652723e+003,5.442948e+001
1.653205e+003,5.437413e+001
1.653687e+003,5.432742e+001
1.654169e+003,5.429908e+001
1.654652e+003,5.428955e+001
1.655134e+003,5.429330e+001
1.655616e+003,5.430382e+001
1.656098e+003,5.431616e+001
1.656580e+003,5.432737e+001
1.657062e+003,5.433595e+001
1.657544e+003,5.434140e+001
1.658026e+003,5.434375e+001
1.658509e+003,5.434328e+001
1.658991e+003,5.434035e+001
1.659473e+003,5.433517e+001
1.659955e+003,5.432769e+001
1.660437e+003,5.431771e+001
1.660919e+003,5.430503e+001
1.661401e+003,5.428970e+001
1.661883e+003,5.427230e+001
1.662365e+003,5.425412e+001
1.662848e+003,5.423692e+001
1.663330e+003,5.422248e+001
1.663812e+003,5.421196e+001
1.664294e+003,5.420562e+001
1.664776e+003,5.420282e+001
1.665258e+003,5.420235e+001
1.665740e+003,5.420269e+001
1.666222e+003,5.420224e+001
1.666705e+003,5.419940e+001
1.667187e+003,5.419271e+001
1.667669e+003,5.418098e+001
1.668151e+003,5.416371e+001
1.668633e+003,5.414150e+001
1.669115e+003,5.411628e+001
1.669597e+003,5.409118e+001
1.670080e+003,5.406944e+001
1.670562e+003,5.405339e+001
1.671044e+003,5.404362e+001
1.671526e+003,5.403923e+001
1.672008e+003,5.403830e+001
1.672490e+003,5.403856e+001
1.672972e+003,5.403780e+001
1.673454e+003,5.403425e+001
1.673937e+003,5.402681e+001
1.674419e+003,5.401550e+001
1.674901e+003,5.400146e+001
1.675383e+003,5.398690e+001
1.675865e+003,5.397419e+001
1.676347e+003,5.396493e+001
1.676829e+003,5.395951e+001
1.677311e+003,5.395718e+001
1.677793e+003,5.395663e+001
1.678276e+003,5.395657e+001
1.678758e+003,5.395601e+001
1.679240e+003,5.395452e+001
1.679722e+003,5.395211e+001
1.680204e+003,5.394900e+001
1.680686e+003,5.394532e+001
1.681168e+003,5.394066e+001
1.681650e+003,5.393396e+001
1.682133e+003,5.392339e+001
1.682615e+003,5.390685e+001
1.683097e+003,5.388294e+001
1.683579e+003,5.385255e+001
1.684061e+003,5.381980e+001
1.684543e+003,5.379096e+001
1.685025e+003,5.377120e+001
1.685508e+003,5.376202e+001
1.685990e+003,5.376147e+001
1.686472e+003,5.376611e+001
1.686954e+003,5.377261e+001
1.687436e+003,5.377853e+001
1.687918e+003,5.378244e+001
1.688400e+003,5.378381e+001
1.688882e+003,5.378276e+001
1.689365e+003,5.378006e+001
1.689847e+003,5.377675e+001
1.690329e+003,5.377387e+001
1.690811e+003,5.377222e+001
1.691293e+003,5.377209e+001
1.691775e+003,5.377320e+001
1.692257e+003,5.377479e+001
1.692739e+003,5.377567e+001
1.693221e+003,5.377443e+001
1.693704e+003,5.376949e+001
1.694186e+003,5.375955e+001
1.694668e+003,5.374422e+001
1.695150e+003,5.372447e+001
1.695632e+003,5.370293e+001
1.696114e+003,5.368310e+001
1.696596e+003,5.366789e+001
1.697078e+003,5.365826e+001
1.697561e+003,5.365303e+001
1.698043e+003,5.364945e+001
1.698525e+003,5.364428e+001
1.699007e+003,5.363490e+001
1.699489e+003,5.362040e+001
1.699971e+003,5.360247e+001
1.700453e+003,5.358490e+001
1.700936e+003,5.357175e+001
1.701417e+003,5.356520e+001
1.701900e+003,5.356483e+001
1.702382e+003,5.356844e+001
1.702864e+003,5.357332e+001
1.703346e+003,5.357707e+001
1.703828e+003,5.357798e+001
1.704310e+003,5.357519e+001
1.704792e+003,5.356880e+001
1.705275e+003,5.355986e+001
1.705757e+003,5.355008e+001
1.706239e+003,5.354124e+001
1.706721e+003,5.353463e+001
1.707203e+003,5.353069e+001
1.707685e+003,5.352906e+001
1.708167e+003,5.352902e+001
1.708649e+003,5.352966e+001
1.709132e+003,5.353030e+001
1.709614e+003,5.353053e+001
1.710096e+003,5.353013e+001
1.710578e+003,5.352908e+001
1.711060e+003,5.352739e+001
1.711542e+003,5.352501e+001
1.712024e+003,5.352187e+001
1.712506e+003,5.351775e+001
1.712989e+003,5.351247e+001
1.713471e+003,5.350583e+001
1.713953e+003,5.349769e+001
1.714435e+003,5.348799e+001
1.714917e+003,5.347664e+001
1.715399e+003,5.346358e+001
1.715881e+003,5.344879e+001
1.716364e+003,5.343257e+001
1.716845e+003,5.341573e+001
1.717328e+003,5.339980e+001
1.717810e+003,5.338660e+001
1.718292e+003,5.337768e+001
1.718774e+003,5.337360e+001
1.719256e+003,5.337387e+001
1.719738e+003,5.337730e+001
1.720220e+003,5.338230e+001
1.720703e+003,5.338748e+001
1.721185e+003,5.339160e+001
1.721667e+003,5.339382e+001
1.722149e+003,5.339370e+001
1.722631e+003,5.339120e+001
1.723113e+003,5.338668e+001
1.723595e+003,5.338074e+001
1.724077e+003,5.337407e+001
1.724560e+003,5.336729e+001
1.725042e+003,5.336077e+001
1.725524e+003,5.335455e+001
1.726006e+003,5.334845e+001
1.726488e+003,5.334216e+001
1.726970e+003,5.333535e+001
1.727452e+003,5.332776e+001
1.727934e+003,5.331935e+001
1.728417e+003,5.331026e+001
1.728899e+003,5.330089e+001
1.729381e+003,5.329173e+001
1.729863e+003,5.328324e+001
1.730345e+003,5.327563e+001
1.730827e+003,5.326865e+001
1.731309e+003,5.326155e+001
1.731792e+003,5.325309e+001
1.732273e+003,5.324176e+001
1.732756e+003,5.322644e+001
1.733238e+003,5.320710e+001
1.733720e+003,5.318550e+001
1.734202e+003,5.316489e+001
1.734684e+003,5.314863e+001
1.735166e+003,5.313857e+001
1.735648e+003,5.313436e+001
1.736131e+003,5.313418e+001
1.736613e+003,5.313579e+001
1.737095e+003,5.313710e+001
1.737577e+003,5.313656e+001
1.738059e+003,5.313329e+001
1.738541e+003,5.312711e+001
1.739023e+003,5.311846e+001
1.739505e+003,5.310841e+001
1.739988e+003,5.309814e+001
1.740470e+003,5.308868e+001
1.740952e+003,5.308054e+001
1.741434e+003,5.307369e+001
1.741916e+003,5.306774e+001
1.742398e+003,5.306221e+001
1.742880e+003,5.305672e+001
1.743362e+003,5.305107e+001
1.743844e+003,5.304517e+001
1.744327e+003,5.303900e+001
1.744809e+003,5.303247e+001
1.745291e+003,5.302549e+001
1.745773e+003,5.301784e+001
1.746255e+003,5.300935e+001
1.746737e+003,5.299990e+001
1.747219e+003,5.298946e+001
1.747702e+003,5.297817e+001
1.748184e+003,5.296628e+001
1.748666e+003,5.295414e+001
1.749148e+003,5.294222e+001
1.749630e+003,5.293096e+001
1.750112e+003,5.292076e+001
1.750594e+003,5.291201e+001
1.751076e+003,5.290484e+001
1.751559e+003,5.289922e+001
1.752041e+003,5.289484e+001
1.752523e+003,5.289120e+001
1.753005e+003,5.288769e+001
1.753487e+003,5.288361e+001
1.753969e+003,5.287832e+001
1.754451e+003,5.287125e+001
1.754933e+003,5.286203e+001
1.755416e+003,5.285062e+001
1.755898e+003,5.283742e+001
1.756380e+003,5.282323e+001
1.756862e+003,5.280916e+001
1.757344e+003,5.279613e+001
1.757826e+003,5.278469e+001
1.758308e+003,5.277477e+001
1.758791e+003,5.276572e+001
1.759272e+003,5.275651e+001
1.759755e+003,5.274612e+001
1.760237e+003,5.273383e+001
1.760719e+003,5.271935e+001
1.761201e+003,5.270314e+001
1.761683e+003,5.268624e+001
1.762165e+003,5.266998e+001
1.762647e+003,5.265545e+001
1.763130e+003,5.264319e+001
1.763612e+003,5.263303e+001
1.764094e+003,5.262429e+001
1.764576e+003,5.261602e+001
1.765058e+003,5.260731e+001
1.765540e+003,5.259740e+001
1.766022e+003,5.258580e+001
1.766504e+003,5.257240e+001
1.766987e+003,5.255737e+001
1.767469e+003,5.254123e+001
1.767951e+003,5.252455e+001
1.768433e+003,5.250784e+001
1.768915e+003,5.249126e+001
1.769397e+003,5.247467e+001
1.769879e+003,5.245750e+001
1.770361e+003,5.243909e+001
1.770844e+003,5.241896e+001
1.771326e+003,5.239722e+001
1.771808e+003,5.237462e+001
1.772290e+003,5.235265e+001
1.772772e+003,5.233284e+001
1.773254e+003,5.231620e+001
1.773736e+003,5.230288e+001
1.774219e+003,5.229222e+001
1.774700e+003,5.228314e+001
1.775183e+003,5.227463e+001
1.775665e+003,5.226582e+001
1.776147e+003,5.225629e+001
1.776629e+003,5.224581e+001
1.777111e+003,5.223433e+001
1.777593e+003,5.222183e+001
1.778075e+003,5.220827e+001
1.778558e+003,5.219354e+001
1.779040e+003,5.217762e+001
1.779522e+003,5.216061e+001
1.780004e+003,5.214289e+001
1.780486e+003,5.212495e+001
1.780968e+003,5.210738e+001
1.781450e+003,5.209053e+001
1.781932e+003,5.207450e+001
1.782415e+003,5.205903e+001
1.782897e+003,5.204366e+001
1.783379e+003,5.202790e+001
1.783861e+003,5.201150e+001
1.784343e+003,5.199443e+001
1.784825e+003,5.197704e+001
1.785307e+003,5.195981e+001
1.785789e+003,5.194323e+001
1.786271e+003,5.192764e+001
1.786754e+003,5.191311e+001
1.787236e+003,5.189943e+001
1.787718e+003,5.188622e+001
1.788200e+003,5.187293e+001
1.788682e+003,5.185896e+001
1.789164e+003,5.184364e+001
1.789646e+003,5.182627e+001
1.790128e+003,5.180625e+001
1.790611e+003,5.178325e+001
1.791093e+003,5.175742e+001
1.791575e+003,5.172967e+001
1.792057e+003,5.170146e+001
1.792539e+003,5.167455e+001
1.793021e+003,5.165031e+001
1.793503e+003,5.162938e+001
1.793986e+003,5.161158e+001
1.794468e+003,5.159615e+001
1.794950e+003,5.158220e+001
1.795432e+003,5.156891e+001
1.795914e+003,5.155572e+001
1.796396e+003,5.154226e+001
1.796878e+003,5.152838e+001
1.797360e+003,5.151390e+001
1.797843e+003,5.149863e+001
1.798325e+003,5.148236e+001
1.798807e+003,5.146485e+001
1.799289e+003,5.144604e+001
1.799771e+003,5.142602e+001
1.800253e+003,5.140516e+001
1.800735e+003,5.138402e+001
1.801217e+003,5.136311e+001
1.801699e+003,5.134289e+001
1.802182e+003,5.132355e+001
1.802664e+003,5.130510e+001
1.803146e+003,5.128735e+001
1.803628e+003,5.127008e+001
1.804110e+003,5.125304e+001
1.804592e+003,5.123603e+001
1.805074e+003,5.121888e+001
1.805556e+003,5.120151e+001
1.806039e+003,5.118383e+001
1.806521e+003,5.116583e+001
1.807003e+003,5.114753e+001
1.807485e+003,5.112894e+001
1.807967e+003,5.111007e+001
1.808449e+003,5.109087e+001
1.808931e+003,5.107124e+001
1.809414e+003,5.105113e+001
1.809896e+003,5.103055e+001
1.810378e+003,5.100966e+001
1.810860e+003,5.098879e+001
1.811342e+003,5.096841e+001
1.811824e+003,5.094889e+001
1.812306e+003,5.093045e+001
1.812788e+003,5.091295e+001
1.813271e+003,5.089603e+001
1.813753e+003,5.087912e+001
1.814235e+003,5.086169e+001
1.814717e+003,5.084334e+001
1.815199e+003,5.082393e+001
1.815681e+003,5.080363e+001
1.816163e+003,5.078276e+001
1.816645e+003,5.076176e+001
1.817127e+003,5.074103e+001
1.817610e+003,5.072078e+001
1.818092e+003,5.070115e+001
1.818574e+003,5.068214e+001
1.819056e+003,5.066375e+001
1.819538e+003,5.064596e+001
1.820020e+003,5.062878e+001
1.820502e+003,5.061211e+001
1.820984e+003,5.059579e+001
1.821467e+003,5.057948e+001
1.821949e+003,5.056269e+001
1.822431e+003,5.054492e+001
1.822913e+003,5.052573e+001
1.823395e+003,5.050494e+001
1.823877e+003,5.048271e+001
1.824359e+003,5.045959e+001
1.824842e+003,5.043642e+001
1.825323e+003,5.041404e+001
1.825806e+003,5.039301e+001
1.826288e+003,5.037346e+001
1.826770e+003,5.035497e+001
1.827252e+003,5.033673e+001
1.827734e+003,5.031779e+001
1.828216e+003,5.029729e+001
1.828698e+003,5.027483e+001
1.829181e+003,5.025064e+001
1.829663e+003,5.022575e+001
1.830145e+003,5.020163e+001
1.830627e+003,5.017971e+001
1.831109e+003,5.016090e+001
1.831591e+003,5.014522e+001
1.832073e+003,5.013200e+001
1.832555e+003,5.012009e+001
1.833038e+003,5.010837e+001
1.833520e+003,5.009589e+001
1.834002e+003,5.008210e+001
1.834484e+003,5.006683e+001
1.834966e+003,5.005022e+001
1.835448e+003,5.003260e+001
1.835930e+003,5.001431e+001
1.836412e+003,4.999563e+001
1.836895e+003,4.997675e+001
1.837377e+003,4.995789e+001
1.837859e+003,4.993927e+001
1.838341e+003,4.992125e+001
1.838823e+003,4.990414e+001
1.839305e+003,4.988817e+001
1.839787e+003,4.987332e+001
1.840270e+003,4.985922e+001
1.840751e+003,4.984520e+001
1.841234e+003,4.983037e+001
1.841716e+003,4.981378e+001
1.842198e+003,4.979465e+001
1.842680e+003,4.977259e+001
1.843162e+003,4.974783e+001
1.843644e+003,4.972137e+001
1.844126e+003,4.969472e+001
1.844609e+003,4.966953e+001
1.845091e+003,4.964705e+001
1.845573e+003,4.962776e+001
1.846055e+003,4.961138e+001
1.846537e+003,4.959716e+001
1.847019e+003,4.958411e+001
1.847501e+003,4.957132e+001
1.847983e+003,4.955810e+001
1.848466e+003,4.954412e+001
1.848948e+003,4.952936e+001
1.849430e+003,4.951407e+001
1.849912e+003,4.949862e+001
1.850394e+003,4.948331e+001
1.850876e+003,4.946834e+001
1.851358e+003,4.945368e+001
1.851840e+003,4.943907e+001
1.852323e+003,4.942425e+001
1.852805e+003,4.940899e+001
1.853287e+003,4.939310e+001
1.853769e+003,4.937667e+001
1.854251e+003,4.935982e+001
1.854733e+003,4.934273e+001
1.855215e+003,4.932557e+001
1.855698e+003,4.930849e+001
1.856179e+003,4.929156e+001
1.856662e+003,4.927488e+001
1.857144e+003,4.925852e+001
1.857626e+003,4.924255e+001
1.858108e+003,4.922699e+001
1.858590e+003,4.921170e+001
1.859072e+003,4.919649e+001
1.859554e+003,4.918105e+001
1.860037e+003,4.916511e+001
1.860519e+003,4.914853e+001
1.861001e+003,4.913135e+001
1.861483e+003,4.911381e+001
1.861965e+003,4.909626e+001
1.862447e+003,4.907904e+001
1.862929e+003,4.906238e+001
1.863411e+003,4.904633e+001
1.863894e+003,4.903076e+001
1.864376e+003,4.901545e+001
1.864858e+003,4.900007e+001
1.865340e+003,4.898436e+001
1.865822e+003,4.896804e+001
1.866304e+003,4.895089e+001
1.866786e+003,4.893274e+001
1.867268e+003,4.891360e+001
1.867750e+003,4.889368e+001
1.868233e+003,4.887350e+001
1.868715e+003,4.885378e+001
1.869197e+003,4.883534e+001
1.869679e+003,4.881874e+001
1.870161e+003,4.880417e+001
1.870643e+003,4.879139e+001
1.871125e+003,4.877982e+001
1.871608e+003,4.876877e+001
1.872090e+003,4.875764e+001
1.872572e+003,4.874600e+001
1.873054e+003,4.873368e+001
1.873536e+003,4.872073e+001
1.874018e+003,4.870724e+001
1.874500e+003,4.869341e+001
1.874982e+003,4.867935e+001
1.875465e+003,4.866513e+001
1.875947e+003,4.865080e+001
1.876429e+003,4.863640e+001
1.876911e+003,4.862202e+001
1.877393e+003,4.860772e+001
1.877875e+003,4.859356e+001
1.878357e+003,4.857954e+001
1.878839e+003,4.856560e+001
1.879322e+003,4.855157e+001
1.879804e+003,4.853739e+001
1.880286e+003,4.852302e+001
1.880768e+003,4.850851e+001
1.881250e+003,4.849395e+001
1.881732e+003,4.847946e+001
1.882214e+003,4.846508e+001
1.882697e+003,4.845078e+001
1.883178e+003,4.843651e+001
1.883661e+003,4.842228e+001
1.884143e+003,4.840811e+001
1.884625e+003,4.839411e+001
1.885107e+003,4.838037e+001
1.885589e+003,4.836687e+001
1.886071e+003,4.835345e+001
1.886553e+003,4.833980e+001
1.887036e+003,4.832550e+001
1.887518e+003,4.831024e+001
1.888000e+003,4.829389e+001
1.888482e+003,4.827664e+001
1.888964e+003,4.825901e+001
1.889446e+003,4.824166e+001
1.889928e+003,4.822523e+001
1.890410e+003,4.821014e+001
1.890893e+003,4.819645e+001
1.891375e+003,4.818392e+001
1.891857e+003,4.817215e+001
1.892339e+003,4.816071e+001
1.892821e+003,4.814923e+001
1.893303e+003,4.813747e+001
1.893785e+003,4.812531e+001
1.894267e+003,4.811275e+001
1.894750e+003,4.809989e+001
1.895232e+003,4.808688e+001
1.895714e+003,4.807391e+001
1.896196e+003,4.806115e+001
1.896678e+003,4.804871e+001
1.897160e+003,4.803663e+001
1.897642e+003,4.802481e+001
1.898125e+003,4.801306e+001
1.898606e+003,4.800120e+001
1.899089e+003,4.798905e+001
1.899571e+003,4.797657e+001
1.900053e+003,4.796382e+001
1.900535e+003,4.795090e+001
1.901017e+003,4.793795e+001
1.901499e+003,4.792502e+001
1.901981e+003,4.791211e+001
1.902464e+003,4.789912e+001
1.902946e+003,4.788599e+001
1.903428e+003,4.787268e+001
1.903910e+003,4.785926e+001
1.904392e+003,4.784581e+001
1.904874e+003,4.783249e+001
1.905356e+003,4.781934e+001
1.905838e+003,4.780638e+001
1.906321e+003,4.779345e+001
1.906803e+003,4.778046e+001
1.907285e+003,4.776729e+001
1.907767e+003,4.775398e+001
1.908249e+003,4.774060e+001
1.908731e+003,4.772739e+001
1.909213e+003,4.771450e+001
1.909695e+003,4.770206e+001
1.910177e+003,4.769012e+001
1.910660e+003,4.767863e+001
1.911142e+003,4.766749e+001
1.911624e+003,4.765661e+001
1.912106e+003,4.764592e+001
1.912588e+003,4.763530e+001
1.913070e+003,4.762472e+001
1.913552e+003,4.761401e+001
1.914034e+003,4.760307e+001
1.914517e+003,4.759172e+001
1.914999e+003,4.757983e+001
1.915481e+003,4.756733e+001
1.915963e+003,4.755424e+001
1.916445e+003,4.754065e+001
1.916927e+003,4.752678e+001
1.917409e+003,4.751295e+001
1.917892e+003,4.749947e+001
1.918374e+003,4.748666e+001
1.918856e+003,4.747470e+001
1.919338e+003,4.746355e+001
1.919820e+003,4.745304e+001
1.920302e+003,4.744282e+001
1.920784e+003,4.743246e+001
1.921266e+003,4.742162e+001
1.921749e+003,4.741013e+001
1.922231e+003,4.739798e+001
1.922713e+003,4.738550e+001
1.923195e+003,4.737308e+001
1.923677e+003,4.736118e+001
1.924159e+003,4.735004e+001
1.924641e+003,4.733972e+001
1.925123e+003,4.732998e+001
1.925605e+003,4.732055e+001
1.926088e+003,4.731108e+001
1.926570e+003,4.730139e+001
1.927052e+003,4.729145e+001
1.927534e+003,4.728134e+001
1.928016e+003,4.727121e+001
1.928498e+003,4.726109e+001
1.928980e+003,4.725102e+001
1.929462e+003,4.724089e+001
1.929945e+003,4.723063e+001
1.930427e+003,4.722017e+001
1.930909e+003,4.720951e+001
1.931391e+003,4.719878e+001
1.931873e+003,4.718807e+001
1.932355e+003,4.717745e+001
1.932837e+003,4.716690e+001
1.933320e+003,4.715635e+001
1.933802e+003,4.714572e+001
1.934284e+003,4.713497e+001
1.934766e+003,4.712411e+001
1.935248e+003,4.711324e+001
1.935730e+003,4.710245e+001
1.936212e+003,4.709185e+001
1.936694e+003,4.708150e+001
1.937177e+003,4.707138e+001
1.937659e+003,4.706149e+001
1.938141e+003,4.705178e+001
1.938623e+003,4.704224e+001
1.939105e+003,4.703281e+001
1.939587e+003,4.702344e+001
1.940069e+003,4.701401e+001
1.940551e+003,4.700438e+001
1.941033e+003,4.699446e+001
1.941516e+003,4.698426e+001
1.941998e+003,4.697396e+001
1.942480e+003,4.696381e+001
1.942962e+003,4.695411e+001
1.943444e+003,4.694505e+001
1.943926e+003,4.693663e+001
1.944408e+003,4.692868e+001
1.944890e+003,4.692088e+001
1.945373e+003,4.691297e+001
1.945855e+003,4.690477e+001
1.946337e+003,4.689620e+001
1.946819e+003,4.688738e+001
1.947301e+003,4.687844e+001
1.947783e+003,4.686950e+001
1.948265e+003,4.686062e+001
1.948748e+003,4.685181e+001
1.949229e+003,4.684300e+001
1.949712e+003,4.683419e+001
1.950194e+003,4.682539e+001
1.950676e+003,4.681662e+001
1.951158e+003,4.680787e+001
1.951640e+003,4.679913e+001
1.952122e+003,4.679028e+001
1.952604e+003,4.678123e+001
1.953087e+003,4.677193e+001
1.953569e+003,4.676244e+001
1.954051e+003,4.675292e+001
1.954533e+003,4.674364e+001
1.955015e+003,4.673482e+001
1.955497e+003,4.672656e+001
1.955979e+003,4.671882e+001
1.956461e+003,4.671144e+001
1.956944e+003,4.670412e+001
1.957426e+003,4.669667e+001
1.957908e+003,4.668896e+001
1.958390e+003,4.668095e+001
1.958872e+003,4.667274e+001
1.959354e+003,4.666439e+001
1.959836e+003,4.665600e+001
1.960318e+003,4.664759e+001
1.960801e+003,4.663918e+001
1.961283e+003,4.663078e+001
1.961765e+003,4.662251e+001
1.962247e+003,4.661445e+001
1.962729e+003,4.660672e+001
1.963211e+003,4.659939e+001
1.963693e+003,4.659237e+001
1.964176e+003,4.658556e+001
1.964657e+003,4.657878e+001
1.965140e+003,4.657190e+001
1.965622e+003,4.656483e+001
1.966104e+003,4.655759e+001
1.966586e+003,4.655025e+001
1.967068e+003,4.654293e+001
1.967550e+003,4.653574e+001
1.968032e+003,4.652875e+001
1.968515e+003,4.652201e+001
1.968997e+003,4.651559e+001
1.969479e+003,4.650949e+001
1.969961e+003,4.650373e+001
1.970443e+003,4.649828e+001
1.970925e+003,4.649305e+001
1.971407e+003,4.648792e+001
1.971889e+003,4.648272e+001
1.972372e+003,4.647734e+001
1.972854e+003,4.647171e+001
1.973336e+003,4.646588e+001
1.973818e+003,4.645993e+001
1.974300e+003,4.645397e+001
1.974782e+003,4.644805e+001
1.975264e+003,4.644217e+001
1.975746e+003,4.643629e+001
1.976229e+003,4.643038e+001
1.976711e+003,4.642440e+001
1.977193e+003,4.641843e+001
1.977675e+003,4.641253e+001
1.978157e+003,4.640680e+001
1.978639e+003,4.640129e+001
1.979121e+003,4.639594e+001
1.979604e+003,4.639068e+001
1.980085e+003,4.638544e+001
1.980568e+003,4.638020e+001
1.981050e+003,4.637502e+001
1.981532e+003,4.637004e+001
1.982014e+003,4.636538e+001
1.982496e+003,4.636116e+001
1.982978e+003,4.635738e+001
1.983460e+003,4.635395e+001
1.983943e+003,4.635073e+001
1.984425e+003,4.634757e+001
1.984907e+003,4.634438e+001
1.985389e+003,4.634105e+001
1.985871e+003,4.633760e+001
1.986353e+003,4.633398e+001
1.986835e+003,4.633018e+001
1.987317e+003,4.632619e+001
1.987800e+003,4.632196e+001
1.988282e+003,4.631749e+001
1.988764e+003,4.631284e+001
1.989246e+003,4.630807e+001
1.989728e+003,4.630325e+001
1.990210e+003,4.629842e+001
1.990692e+003,4.629358e+001
1.991174e+003,4.628878e+001
1.991656e+003,4.628405e+001
1.992139e+003,4.627951e+001
1.992621e+003,4.627530e+001
1.993103e+003,4.627155e+001
1.993585e+003,4.626831e+001
1.994067e+003,4.626558e+001
1.994549e+003,4.626320e+001
1.995031e+003,4.626099e+001
1.995514e+003,4.625877e+001
1.995996e+003,4.625646e+001
1.996478e+003,4.625401e+001
1.996960e+003,4.625150e+001
1.997442e+003,4.624903e+001
1.997924e+003,4.624668e+001
1.998406e+003,4.624451e+001
1.998888e+003,4.624258e+001
1.999371e+003,4.624089e+001
1.999853e+003,4.623949e+001
2.000335e+003,4.623843e+001
2.000817e+003,4.623769e+001
2.001299e+003,4.623725e+001
2.001781e+003,4.623697e+001
2.002263e+003,4.623663e+001
2.002745e+003,4.623602e+001
2.003228e+003,4.623495e+001
2.003710e+003,4.623340e+001
2.004192e+003,4.623148e+001
2.004674e+003,4.622940e+001
2.005156e+003,4.622739e+001
2.005638e+003,4.622568e+001
2.006120e+003,4.622428e+001
2.006603e+003,4.622318e+001
2.007084e+003,4.622223e+001
2.007567e+003,4.622128e+001
2.008049e+003,4.622021e+001
2.008531e+003,4.621896e+001
2.009013e+003,4.621753e+001
2.009495e+003,4.621598e+001
2.009977e+003,4.621430e+001
2.010459e+003,4.621260e+001
2.010942e+003,4.621093e+001
2.011424e+003,4.620938e+001
2.011906e+003,4.620809e+001
2.012388e+003,4.620711e+001
2.012870e+003,4.620645e+001
2.013352e+003,4.620606e+001
2.013834e+003,4.620576e+001
2.014316e+003,4.620538e+001
2.014799e+003,4.620478e+001
2.015281e+003,4.620392e+001
2.015763e+003,4.620290e+001
2.016245e+003,4.620193e+001
2.016727e+003,4.620126e+001
2.017209e+003,4.620102e+001
2.017691e+003,4.620129e+001
2.018173e+003,4.620202e+001
2.018656e+003,4.620304e+001
2.019138e+003,4.620420e+001
2.019620e+003,4.620538e+001
2.020102e+003,4.620650e+001
2.020584e+003,4.620759e+001
2.021066e+003,4.620861e+001
2.021548e+003,4.620956e+001
2.022031e+003,4.621045e+001
2.022512e+003,4.621126e+001
2.022995e+003,4.621204e+001
2.023477e+003,4.621286e+001
2.023959e+003,4.621380e+001
2.024441e+003,4.621494e+001
2.024923e+003,4.621624e+001
2.025405e+003,4.621765e+001
2.025887e+003,4.621908e+001
2.026370e+003,4.622041e+001
2.026852e+003,4.622165e+001
2.027334e+003,4.622282e+001
2.027816e+003,4.622404e+001
2.028298e+003,4.622539e+001
2.028780e+003,4.622689e+001
2.029262e+003,4.622851e+001
2.029744e+003,4.623009e+001
2.030227e+003,4.623147e+001
2.030709e+003,4.623254e+001
2.031191e+003,4.623326e+001
2.031673e+003,4.623365e+001
2.032155e+003,4.623380e+001
2.032637e+003,4.623381e+001
2.033119e+003,4.623373e+001
2.033601e+003,4.623363e+001
2.034083e+003,4.623355e+001
2.034566e+003,4.623360e+001
2.035048e+003,4.623392e+001
2.035530e+003,4.623465e+001
2.036012e+003,4.623592e+001
2.036494e+003,4.623777e+001
2.036976e+003,4.624012e+001
2.037458e+003,4.624276e+001
2.037940e+003,4.624546e+001
2.038423e+003,4.624805e+001
2.038905e+003,4.625041e+001
2.039387e+003,4.625253e+001
2.039869e+003,4.625451e+001
2.040351e+003,4.625642e+001
2.040833e+003,4.625833e+001
2.041315e+003,4.626028e+001
2.041798e+003,4.626226e+001
2.042280e+003,4.626423e+001
2.042762e+003,4.626619e+001
2.043244e+003,4.626815e+001
2.043726e+003,4.627010e+001
2.044208e+003,4.627206e+001
2.044690e+003,4.627396e+001
2.045172e+003,4.627578e+001
2.045655e+003,4.627749e+001
2.046137e+003,4.627911e+001
2.046619e+003,4.628069e+001
2.047101e+003,4.628234e+001
2.047583e+003,4.628416e+001
2.048065e+003,4.628618e+001
2.048547e+003,4.628839e+001
2.049029e+003,4.629071e+001
2.049511e+003,4.629305e+001
2.049994e+003,4.629534e+001
2.050476e+003,4.629757e+001
2.050958e+003,4.629977e+001
2.051440e+003,4.630198e+001
2.051922e+003,4.630416e+001
2.052404e+003,4.630629e+001
2.052886e+003,4.630825e+001
2.053368e+003,4.630996e+001
2.053851e+003,4.631136e+001
2.054333e+003,4.631253e+001
2.054815e+003,4.631359e+001
2.055297e+003,4.631469e+001
2.055779e+003,4.631592e+001
2.056261e+003,4.631733e+001
2.056743e+003,4.631886e+001
2.057226e+003,4.632040e+001
2.057708e+003,4.632184e+001
2.058190e+003,4.632312e+001
2.058672e+003,4.632426e+001
2.059154e+003,4.632532e+001
2.059636e+003,4.632642e+001
2.060118e+003,4.632762e+001
2.060600e+003,4.632897e+001
2.061083e+003,4.633049e+001
2.061565e+003,4.633217e+001
2.062047e+003,4.633398e+001
2.062529e+003,4.633585e+001
2.063011e+003,4.633771e+001
2.063493e+003,4.633949e+001
2.063975e+003,4.634108e+001
2.064457e+003,4.634242e+001
2.064939e+003,4.634351e+001
2.065422e+003,4.634444e+001
2.065904e+003,4.634531e+001
2.066386e+003,4.634630e+001
2.066868e+003,4.634752e+001
2.067350e+003,4.634898e+001
2.067832e+003,4.635061e+001
2.068314e+003,4.635230e+001
2.068796e+003,4.635392e+001
2.069279e+003,4.635539e+001
2.069761e+003,4.635678e+001
2.070243e+003,4.635814e+001
2.070725e+003,4.635962e+001
2.071207e+003,4.636125e+001
2.071689e+003,4.636300e+001
2.072171e+003,4.636479e+001
2.072654e+003,4.636646e+001
2.073135e+003,4.636793e+001
2.073618e+003,4.636919e+001
2.074100e+003,4.637030e+001
2.074582e+003,4.637140e+001
2.075064e+003,4.637256e+001
2.075546e+003,4.637385e+001
2.076028e+003,4.637524e+001
2.076510e+003,4.637665e+001
2.076993e+003,4.637796e+001
2.077475e+003,4.637911e+001
2.077957e+003,4.638008e+001
2.078439e+003,4.638085e+001
2.078921e+003,4.638144e+001
2.079403e+003,4.638184e+001
2.079885e+003,4.638200e+001
2.080367e+003,4.638190e+001
2.080850e+003,4.638155e+001
2.081332e+003,4.638100e+001
2.081814e+003,4.638033e+001
2.082296e+003,4.637963e+001
2.082778e+003,4.637899e+001
2.083260e+003,4.637845e+001
2.083742e+003,4.637800e+001
2.084224e+003,4.637768e+001
2.084707e+003,4.637751e+001
2.085189e+003,4.637757e+001
2.085671e+003,4.637795e+001
2.086153e+003,4.637870e+001
2.086635e+003,4.637977e+001
2.087117e+003,4.638102e+001
2.087599e+003,4.638226e+001
2.088082e+003,4.638326e+001
2.088563e+003,4.638383e+001
2.089046e+003,4.638393e+001
2.089528e+003,4.638362e+001
2.090010e+003,4.638304e+001
2.090492e+003,4.638233e+001
2.090974e+003,4.638158e+001
2.091456e+003,4.638082e+001
2.091938e+003,4.638002e+001
2.092421e+003,4.637912e+001
2.092903e+003,4.637812e+001
2.093385e+003,4.637702e+001
2.093867e+003,4.637590e+001
2.094349e+003,4.637479e+001
2.094831e+003,4.637374e+001
2.095313e+003,4.637274e+001
2.095795e+003,4.637174e+001
2.096278e+003,4.637073e+001
2.096760e+003,4.636966e+001
2.097242e+003,4.636853e+001
2.097724e+003,4.636738e+001
2.098206e+003,4.636620e+001
2.098688e+003,4.636497e+001
2.099170e+003,4.636369e+001
2.099652e+003,4.636234e+001
2.100135e+003,4.636094e+001
2.100617e+003,4.635955e+001
2.101099e+003,4.635824e+001
2.101581e+003,4.635713e+001
2.102063e+003,4.635621e+001
2.102545e+003,4.635547e+001
2.103027e+003,4.635479e+001
2.103510e+003,4.635408e+001
2.103991e+003,4.635320e+001
2.104474e+003,4.635209e+001
2.104956e+003,4.635076e+001
2.105438e+003,4.634922e+001
2.105920e+003,4.634746e+001
2.106402e+003,4.634549e+001
2.106884e+003,4.634329e+001
2.107366e+003,4.634084e+001
2.107849e+003,4.633820e+001
2.108331e+003,4.633546e+001
2.108813e+003,4.633275e+001
2.109295e+003,4.633023e+001
2.109777e+003,4.632799e+001
2.110259e+003,4.632605e+001
2.110741e+003,4.632434e+001
2.111223e+003,4.632269e+001
2.111706e+003,4.632100e+001
2.112188e+003,4.631911e+001
2.112670e+003,4.631700e+001
2.113152e+003,4.631463e+001
2.113634e+003,4.631205e+001
2.114116e+003,4.630928e+001
2.114598e+003,4.630640e+001
2.115080e+003,4.630347e+001
2.115563e+003,4.630058e+001
2.116045e+003,4.629782e+001
2.116527e+003,4.629531e+001
2.117009e+003,4.629308e+001
2.117491e+003,4.629106e+001
2.117973e+003,4.628909e+001
2.118455e+003,4.628695e+001
2.118938e+003,4.628445e+001
2.119420e+003,4.628144e+001
2.119902e+003,4.627792e+001
2.120384e+003,4.627402e+001
2.120866e+003,4.626995e+001
2.121348e+003,4.626590e+001
2.121830e+003,4.626205e+001
2.122312e+003,4.625848e+001
2.122794e+003,4.625516e+001
2.123277e+003,4.625199e+001
2.123759e+003,4.624888e+001
2.124241e+003,4.624571e+001
2.124723e+003,4.624237e+001
2.125205e+003,4.623878e+001
2.125687e+003,4.623489e+001
2.126169e+003,4.623065e+001
2.126651e+003,4.622610e+001
2.127134e+003,4.622136e+001
2.127616e+003,4.621661e+001
2.128098e+003,4.621207e+001
2.128580e+003,4.620797e+001
2.129062e+003,4.620446e+001
2.129544e+003,4.620156e+001
2.130026e+003,4.619920e+001
2.130509e+003,4.619719e+001
2.130990e+003,4.619532e+001
2.131473e+003,4.619341e+001
2.131955e+003,4.619128e+001
2.132437e+003,4.618886e+001
2.132919e+003,4.618605e+001
2.133401e+003,4.618282e+001
2.133883e+003,4.617915e+001
2.134365e+003,4.617508e+001
2.134848e+003,4.617070e+001
2.135330e+003,4.616617e+001
2.135812e+003,4.616169e+001
2.136294e+003,4.615743e+001
2.136776e+003,4.615351e+001
2.137258e+003,4.614994e+001
2.137740e+003,4.614665e+001
2.138222e+003,4.614351e+001
2.138705e+003,4.614039e+001
2.139187e+003,4.613717e+001
2.139669e+003,4.613380e+001
2.140151e+003,4.613026e+001
2.140633e+003,4.612653e+001
2.141115e+003,4.612260e+001
2.141597e+003,4.611845e+001
2.142079e+003,4.611407e+001
2.142562e+003,4.610949e+001
2.143044e+003,4.610478e+001
2.143526e+003,4.610003e+001
2.144008e+003,4.609532e+001
2.144490e+003,4.609064e+001
2.144972e+003,4.608600e+001
2.145454e+003,4.608127e+001
2.145937e+003,4.607638e+001
2.146418e+003,4.607129e+001
2.146901e+003,4.606604e+001
2.147383e+003,4.606071e+001
2.147865e+003,4.605541e+001
2.148347e+003,4.605021e+001
2.148829e+003,4.604507e+001
2.149311e+003,4.603990e+001
2.149793e+003,4.603458e+001
2.150276e+003,4.602902e+001
2.150758e+003,4.602322e+001
2.151240e+003,4.601727e+001
2.151722e+003,4.601133e+001
2.152204e+003,4.600560e+001
2.152686e+003,4.600023e+001
2.153168e+003,4.599527e+001
2.153650e+003,4.599072e+001
2.154133e+003,4.598655e+001
2.154615e+003,4.598264e+001
2.155097e+003,4.597894e+001
2.155579e+003,4.597532e+001
2.156061e+003,4.597171e+001
2.156543e+003,4.596796e+001
2.157025e+003,4.596403e+001
2.157507e+003,4.595982e+001
2.157990e+003,4.595538e+001
2.158472e+003,4.595079e+001
2.158954e+003,4.594622e+001
2.159436e+003,4.594181e+001
2.159918e+003,4.593762e+001
2.160400e+003,4.593363e+001
2.160882e+003,4.592973e+001
2.161365e+003,4.592573e+001
2.161846e+003,4.592147e+001
2.162329e+003,4.591686e+001
2.162811e+003,4.591190e+001
2.163293e+003,4.590669e+001
2.163775e+003,4.590133e+001
2.164257e+003,4.589597e+001
2.164739e+003,4.589070e+001
2.165221e+003,4.588560e+001
2.165704e+003,4.588073e+001
2.166186e+003,4.587610e+001
2.166668e+003,4.587175e+001
2.167150e+003,4.586766e+001
2.167632e+003,4.586376e+001
2.168114e+003,4.585995e+001
2.168596e+003,4.585607e+001
2.169078e+003,4.585203e+001
2.169561e+003,4.584774e+001
2.170043e+003,4.584323e+001
2.170525e+003,4.583855e+001
2.171007e+003,4.583384e+001
2.171489e+003,4.582912e+001
2.171971e+003,4.582447e+001
2.172453e+003,4.581980e+001
2.172935e+003,4.581506e+001
2.173417e+003,4.581019e+001
2.173900e+003,4.580523e+001
2.174382e+003,4.580021e+001
2.174864e+003,4.579527e+001
2.175346e+003,4.579045e+001
2.175828e+003,4.578576e+001
2.176310e+003,4.578118e+001
2.176792e+003,4.577659e+001
2.177274e+003,4.577190e+001
2.177757e+003,4.576706e+001
2.178239e+003,4.576210e+001
2.178721e+003,4.575703e+001
2.179203e+003,4.575193e+001
2.179685e+003,4.574684e+001
2.180167e+003,4.574177e+001
2.180649e+003,4.573669e+001
2.181132e+003,4.573161e+001
2.181614e+003,4.572657e+001
2.182096e+003,4.572162e+001
2.182578e+003,4.571685e+001
2.183060e+003,4.571229e+001
2.183542e+003,4.570794e+001
2.184024e+003,4.570374e+001
2.184506e+003,4.569955e+001
2.184989e+003,4.569534e+001
2.185471e+003,4.569106e+001
2.185953e+003,4.568674e+001
2.186435e+003,4.568249e+001
2.186917e+003,4.567836e+001
2.187399e+003,4.567443e+001
2.187881e+003,4.567064e+001
2.188363e+003,4.566695e+001
2.188845e+003,4.566328e+001
2.189328e+003,4.565953e+001
2.189810e+003,4.565570e+001
2.190292e+003,4.565178e+001
2.190774e+003,4.564776e+001
2.191256e+003,4.564369e+001
2.191738e+003,4.563953e+001
2.192220e+003,4.563528e+001
2.192702e+003,4.563094e+001
2.193185e+003,4.562651e+001
2.193667e+003,4.562203e+001
2.194149e+003,4.561755e+001
2.194631e+003,4.561309e+001
2.195113e+003,4.560862e+001
2.195595e+003,4.560412e+001
2.196077e+003,4.559951e+001
2.196560e+003,4.559478e+001
2.197042e+003,4.558990e+001
2.197524e+003,4.558495e+001
2.198006e+003,4.557999e+001
2.198488e+003,4.557507e+001
2.198970e+003,4.557023e+001
2.199452e+003,4.556546e+001
2.199934e+003,4.556074e+001
2.200417e+003,4.555605e+001
2.200899e+003,4.555140e+001
2.201381e+003,4.554683e+001
2.201863e+003,4.554236e+001
2.202345e+003,4.553800e+001
2.202827e+003,4.553368e+001
2.203309e+003,4.552937e+001
2.203791e+003,4.552493e+001
2.204273e+003,4.552031e+001
2.204756e+003,4.551550e+001
2.205238e+003,4.551054e+001
2.205720e+003,4.550553e+001
2.206202e+003,4.550051e+001
2.206684e+003,4.549557e+001
2.207166e+003,4.549070e+001
2.207648e+003,4.548592e+001
2.208130e+003,4.548121e+001
2.208613e+003,4.547663e+001
2.209095e+003,4.547218e+001
2.209577e+003,4.546791e+001
2.210059e+003,4.546383e+001
2.210541e+003,4.545992e+001
2.211023e+003,4.545608e+001
2.211505e+003,4.545230e+001
2.211988e+003,4.544850e+001
2.212469e+003,4.544471e+001
2.212952e+003,4.544099e+001
2.213434e+003,4.543739e+001
2.213916e+003,4.543393e+001
2.214398e+003,4.543059e+001
2.214880e+003,4.542730e+001
2.215362e+003,4.542395e+001
2.215844e+003,4.542050e+001
2.216327e+003,4.541695e+001
2.216809e+003,4.541331e+001
2.217291e+003,4.540969e+001
2.217773e+003,4.540613e+001
2.218255e+003,4.540267e+001
2.218737e+003,4.539924e+001
2.219219e+003,4.539578e+001
2.219701e+003,4.539220e+001
2.220184e+003,4.538847e+001
2.220666e+003,4.538456e+001
2.221148e+003,4.538051e+001
2.221630e+003,4.537633e+001
2.222112e+003,4.537202e+001
2.222594e+003,4.536759e+001
2.223076e+003,4.536302e+001
2.223558e+003,4.535832e+001
2.224041e+003,4.535358e+001
2.224523e+003,4.534882e+001
2.225005e+003,4.534414e+001
2.225487e+003,4.533948e+001
2.225969e+003,4.533478e+001
2.226451e+003,4.532993e+001
2.226933e+003,4.532479e+001
2.227416e+003,4.531934e+001
2.227897e+003,4.531361e+001
2.228380e+003,4.530777e+001
2.228862e+003,4.530202e+001
2.229344e+003,4.529654e+001
2.229826e+003,4.529140e+001
2.230308e+003,4.528664e+001
2.230790e+003,4.528214e+001
2.231272e+003,4.527782e+001
2.231755e+003,4.527360e+001
2.232237e+003,4.526943e+001
2.232719e+003,4.526537e+001
2.233201e+003,4.526142e+001
2.233683e+003,4.525763e+001
2.234165e+003,4.525393e+001
2.234647e+003,4.525024e+001
2.235129e+003,4.524648e+001
2.235612e+003,4.524257e+001
2.236094e+003,4.523843e+001
2.236576e+003,4.523409e+001
2.237058e+003,4.522954e+001
2.237540e+003,4.522482e+001
2.238022e+003,4.521992e+001
2.238504e+003,4.521486e+001
2.238986e+003,4.520963e+001
2.239469e+003,4.520428e+001
2.239951e+003,4.519884e+001
2.240433e+003,4.519338e+001
2.240915e+003,4.518797e+001
2.241397e+003,4.518261e+001
2.241879e+003,4.517730e+001
2.242361e+003,4.517199e+001
2.242844e+003,4.516668e+001
2.243326e+003,4.516135e+001
2.243808e+003,4.515601e+001
2.244290e+003,4.515075e+001
2.244772e+003,4.514557e+001
2.245254e+003,4.514052e+001
2.245736e+003,4.513560e+001
2.246218e+003,4.513080e+001
2.246700e+003,4.512615e+001
2.247183e+003,4.512164e+001
2.247665e+003,4.511730e+001
2.248147e+003,4.511309e+001
2.248629e+003,4.510895e+001
2.249111e+003,4.510474e+001
2.249593e+003,4.510027e+001
2.250075e+003,4.509539e+001
2.250557e+003,4.509000e+001
2.251040e+003,4.508413e+001
2.251522e+003,4.507790e+001
2.252004e+003,4.507153e+001
2.252486e+003,4.506523e+001
2.252968e+003,4.505916e+001
2.253450e+003,4.505341e+001
2.253932e+003,4.504800e+001
2.254415e+003,4.504286e+001
2.254896e+003,4.503792e+001
2.255379e+003,4.503305e+001
2.255861e+003,4.502818e+001
2.256343e+003,4.502322e+001
2.256825e+003,4.501805e+001
2.257307e+003,4.501260e+001
2.257789e+003,4.500682e+001
2.258271e+003,4.500072e+001
2.258754e+003,4.499436e+001
2.259236e+003,4.498790e+001
2.259718e+003,4.498147e+001
2.260200e+003,4.497519e+001
2.260682e+003,4.496910e+001
2.261164e+003,4.496320e+001
2.261646e+003,4.495739e+001
2.262128e+003,4.495158e+001
2.262611e+003,4.494568e+001
2.263093e+003,4.493962e+001
2.263575e+003,4.493335e+001
2.264057e+003,4.492683e+001
2.264539e+003,4.492001e+001
2.265021e+003,4.491286e+001
2.265503e+003,4.490538e+001
2.265985e+003,4.489765e+001
2.266468e+003,4.488976e+001
2.266950e+003,4.488190e+001
2.267432e+003,4.487421e+001
2.267914e+003,4.486683e+001
2.268396e+003,4.485978e+001
2.268878e+003,4.485304e+001
2.269360e+003,4.484658e+001
2.269843e+003,4.484032e+001
2.270324e+003,4.483422e+001
2.270807e+003,4.482825e+001
2.271289e+003,4.482239e+001
2.271771e+003,4.481656e+001
2.272253e+003,4.481062e+001
2.272735e+003,4.480438e+001
2.273217e+003,4.479771e+001
2.273699e+003,4.479053e+001
2.274182e+003,4.478288e+001
2.274664e+003,4.477490e+001
2.275146e+003,4.476687e+001
2.275628e+003,4.475898e+001
2.276110e+003,4.475139e+001
2.276592e+003,4.474410e+001
2.277074e+003,4.473702e+001
2.277556e+003,4.473001e+001
2.278039e+003,4.472289e+001
2.278521e+003,4.471553e+001
2.279003e+003,4.470793e+001
2.279485e+003,4.470007e+001
2.279967e+003,4.469201e+001
2.280449e+003,4.468378e+001
2.280931e+003,4.467543e+001
2.281413e+003,4.466701e+001
2.281896e+003,4.465857e+001
2.282378e+003,4.465019e+001
2.282860e+003,4.464194e+001
2.283342e+003,4.463385e+001
2.283824e+003,4.462596e+001
2.284306e+003,4.461822e+001
2.284788e+003,4.461062e+001
2.285271e+003,4.460314e+001
2.285752e+003,4.459574e+001
2.286235e+003,4.458845e+001
2.286717e+003,4.458127e+001
2.287199e+003,4.457420e+001
2.287681e+003,4.456718e+001
2.288163e+003,4.456016e+001
2.288645e+003,4.455307e+001
2.289127e+003,4.454586e+001
2.289610e+003,4.453859e+001
2.290092e+003,4.453130e+001
2.290574e+003,4.452405e+001
2.291056e+003,4.451692e+001
2.291538e+003,4.450988e+001
2.292020e+003,4.450291e+001
2.292502e+003,4.449593e+001
2.292984e+003,4.448888e+001
2.293467e+003,4.448184e+001
2.293949e+003,4.447484e+001
2.294431e+003,4.446795e+001
2.294913e+003,4.446124e+001
2.295395e+003,4.445471e+001
2.295877e+003,4.444829e+001
2.296359e+003,4.444188e+001
2.296841e+003,4.443541e+001
2.297323e+003,4.442886e+001
2.297806e+003,4.442226e+001
2.298288e+003,4.441566e+001
2.298770e+003,4.440914e+001
2.299252e+003,4.440266e+001
2.299734e+003,4.439614e+001
2.300216e+003,4.438949e+001
2.300698e+003,4.438261e+001
2.301180e+003,4.437548e+001
2.301663e+003,4.436819e+001
2.302145e+003,4.436091e+001
2.302627e+003,4.435380e+001
2.303109e+003,4.434703e+001
2.303591e+003,4.434064e+001
2.304073e+003,4.433461e+001
2.304555e+003,4.432883e+001
2.305038e+003,4.432318e+001
2.305520e+003,4.431750e+001
2.306002e+003,4.431171e+001
2.306484e+003,4.430573e+001
2.306966e+003,4.429953e+001
2.307448e+003,4.429306e+001
2.307930e+003,4.428634e+001
2.308412e+003,4.427938e+001
2.308895e+003,4.427225e+001
2.309377e+003,4.426501e+001
2.309859e+003,4.425770e+001
2.310341e+003,4.425029e+001
2.310823e+003,4.424277e+001
2.311305e+003,4.423498e+001
2.311787e+003,4.422687e+001
2.312269e+003,4.421840e+001
2.312751e+003,4.420971e+001
2.313234e+003,4.420101e+001
2.313716e+003,4.419254e+001
2.314198e+003,4.418455e+001
2.314680e+003,4.417720e+001
2.315162e+003,4.417049e+001
2.315644e+003,4.416439e+001
2.316126e+003,4.415874e+001
2.316608e+003,4.415345e+001
2.317091e+003,4.414839e+001
2.317573e+003,4.414351e+001
2.318055e+003,4.413866e+001
2.318537e+003,4.413372e+001
2.319019e+003,4.412850e+001
2.319501e+003,4.412276e+001
2.319983e+003,4.411641e+001
2.320466e+003,4.410939e+001
2.320948e+003,4.410183e+001
2.321430e+003,4.409389e+001
2.321912e+003,4.408576e+001
2.322394e+003,4.407759e+001
2.322876e+003,4.406945e+001
2.323358e+003,4.406135e+001
2.323840e+003,4.405333e+001
2.324323e+003,4.404544e+001
2.324805e+003,4.403784e+001
2.325287e+003,4.403062e+001
2.325769e+003,4.402380e+001
2.326251e+003,4.401728e+001
2.326733e+003,4.401078e+001
2.327215e+003,4.400400e+001
2.327697e+003,4.399663e+001
2.328179e+003,4.398849e+001
2.328662e+003,4.397959e+001
2.329144e+003,4.397010e+001
2.329626e+003,4.396027e+001
2.330108e+003,4.395036e+001
2.330590e+003,4.394056e+001
2.331072e+003,4.393101e+001
2.331554e+003,4.392176e+001
2.332036e+003,4.391280e+001
2.332519e+003,4.390411e+001
2.333001e+003,4.389551e+001
2.333483e+003,4.388672e+001
2.333965e+003,4.387742e+001
2.334447e+003,4.386719e+001
2.334929e+003,4.385582e+001
2.335411e+003,4.384328e+001
2.335894e+003,4.382988e+001
2.336375e+003,4.381610e+001
2.336858e+003,4.380256e+001
2.337340e+003,4.378978e+001
2.337822e+003,4.377806e+001
2.338304e+003,4.376743e+001
2.338786e+003,4.375768e+001
2.339268e+003,4.374867e+001
2.339750e+003,4.374023e+001
2.340233e+003,4.373232e+001
2.340715e+003,4.372496e+001
2.341197e+003,4.371795e+001
2.341679e+003,4.371090e+001
2.342161e+003,4.370303e+001
2.342643e+003,4.369341e+001
2.343125e+003,4.368110e+001
2.343607e+003,4.366552e+001
2.344090e+003,4.364658e+001
2.344572e+003,4.362494e+001
2.345054e+003,4.360178e+001
2.345536e+003,4.357870e+001
2.346018e+003,4.355724e+001
2.346500e+003,4.353862e+001
2.346982e+003,4.352363e+001
2.347464e+003,4.351257e+001
2.347947e+003,4.350531e+001
2.348429e+003,4.350149e+001
2.348911e+003,4.350048e+001
2.349393e+003,4.350158e+001
2.349875e+003,4.350398e+001
2.350357e+003,4.350695e+001
2.350839e+003,4.350983e+001
2.351322e+003,4.351223e+001
2.351803e+003,4.351402e+001
2.352286e+003,4.351542e+001
2.352768e+003,4.351674e+001
2.353250e+003,4.351833e+001
2.353732e+003,4.352027e+001
2.354214e+003,4.352238e+001
2.354696e+003,4.352416e+001
2.355178e+003,4.352500e+001
2.355661e+003,4.352429e+001
2.356143e+003,4.352160e+001
2.356625e+003,4.351665e+001
2.357107e+003,4.350933e+001
2.357589e+003,4.349967e+001
2.358071e+003,4.348784e+001
2.358553e+003,4.347422e+001
2.359035e+003,4.345943e+001
2.359518e+003,4.344419e+001
2.360000e+003,4.342932e+001
2.360482e+003,4.341524e+001
2.360964e+003,4.340216e+001
2.361446e+003,4.338982e+001
2.361928e+003,4.337775e+001
2.362410e+003,4.336534e+001
2.362892e+003,4.335217e+001
2.363375e+003,4.333803e+001
2.363857e+003,4.332285e+001
2.364339e+003,4.330668e+001
2.364821e+003,4.328956e+001
2.365303e+003,4.327150e+001
2.365785e+003,4.325266e+001
2.366267e+003,4.323326e+001
2.366750e+003,4.321370e+001
2.367232e+003,4.319439e+001
2.367714e+003,4.317570e+001
2.368196e+003,4.315773e+001
2.368678e+003,4.314030e+001
2.369160e+003,4.312301e+001
2.369642e+003,4.310545e+001
2.370124e+003,4.308736e+001
2.370606e+003,4.306877e+001
2.371089e+003,4.304996e+001
2.371571e+003,4.303140e+001
2.372053e+003,4.301353e+001
2.372535e+003,4.299662e+001
2.373017e+003,4.298067e+001
2.373499e+003,4.296552e+001
2.373981e+003,4.295082e+001
2.374463e+003,4.293625e+001
2.374946e+003,4.292151e+001
2.375428e+003,4.290643e+001
2.375910e+003,4.289087e+001
2.376392e+003,4.287488e+001
2.376874e+003,4.285847e+001
2.377356e+003,4.284179e+001
2.377838e+003,4.282500e+001
2.378321e+003,4.280828e+001
2.378802e+003,4.279185e+001
2.379285e+003,4.277579e+001
2.379767e+003,4.276017e+001
2.380249e+003,4.274490e+001
2.380731e+003,4.272987e+001
2.381213e+003,4.271495e+001
2.381695e+003,4.270008e+001
2.382177e+003,4.268530e+001
2.382660e+003,4.267066e+001
2.383142e+003,4.265635e+001
2.383624e+003,4.264248e+001
2.384106e+003,4.262916e+001
2.384588e+003,4.261642e+001
2.385070e+003,4.260429e+001
2.385552e+003,4.259275e+001
2.386034e+003,4.258181e+001
2.386517e+003,4.257147e+001
2.386999e+003,4.256175e+001
2.387481e+003,4.255258e+001
2.387963e+003,4.254387e+001
2.388445e+003,4.253543e+001
2.388927e+003,4.252706e+001
2.389409e+003,4.251861e+001
2.389891e+003,4.250994e+001
2.390374e+003,4.250101e+001
2.390856e+003,4.249183e+001
2.391338e+003,4.248242e+001
2.391820e+003,4.247282e+001
2.392302e+003,4.246302e+001
2.392784e+003,4.245304e+001
2.393266e+003,4.244287e+001
2.393749e+003,4.243256e+001
2.394230e+003,4.242220e+001
2.394713e+003,4.241188e+001
2.395195e+003,4.240165e+001
2.395677e+003,4.239155e+001
2.396159e+003,4.238160e+001
2.396641e+003,4.237178e+001
2.397123e+003,4.236211e+001
2.397605e+003,4.235261e+001
2.398088e+003,4.234335e+001
2.398570e+003,4.233435e+001
2.399052e+003,4.232563e+001
2.399534e+003,4.231709e+001
2.400016e+003,4.230859e+001
2.400498e+003,4.229993e+001
2.400980e+003,4.229101e+001
2.401462e+003,4.228170e+001
2.401945e+003,4.227203e+001
2.402427e+003,4.226210e+001
2.402909e+003,4.225200e+001
2.403391e+003,4.224183e+001
2.403873e+003,4.223163e+001
2.404355e+003,4.222139e+001
2.404837e+003,4.221112e+001
2.405319e+003,4.220079e+001
2.405802e+003,4.219045e+001
2.406284e+003,4.218014e+001
2.406766e+003,4.216992e+001
2.407248e+003,4.215986e+001
2.407730e+003,4.214995e+001
2.408212e+003,4.214025e+001
2.408694e+003,4.213078e+001
2.409177e+003,4.212157e+001
2.409658e+003,4.211267e+001
2.410141e+003,4.210410e+001
2.410623e+003,4.209583e+001
2.411105e+003,4.208779e+001
2.411587e+003,4.207981e+001
2.412069e+003,4.207173e+001
2.412551e+003,4.206341e+001
2.413033e+003,4.205476e+001
2.413516e+003,4.204578e+001
2.413998e+003,4.203647e+001
2.414480e+003,4.202692e+001
2.414962e+003,4.201719e+001
2.415444e+003,4.200732e+001
2.415926e+003,4.199734e+001
2.416408e+003,4.198730e+001
2.416890e+003,4.197728e+001
2.417373e+003,4.196738e+001
2.417855e+003,4.195766e+001
2.418337e+003,4.194818e+001
2.418819e+003,4.193895e+001
2.419301e+003,4.192984e+001
2.419783e+003,4.192074e+001
2.420265e+003,4.191153e+001
2.420747e+003,4.190212e+001
2.421229e+003,4.189244e+001
2.421712e+003,4.188250e+001
2.422194e+003,4.187229e+001
2.422676e+003,4.186187e+001
2.423158e+003,4.185125e+001
2.423640e+003,4.184050e+001
2.424122e+003,4.182967e+001
2.424604e+003,4.181889e+001
2.425086e+003,4.180826e+001
2.425569e+003,4.179786e+001
2.426051e+003,4.178773e+001
2.426533e+003,4.177783e+001
2.427015e+003,4.176810e+001
2.427497e+003,4.175842e+001
2.427979e+003,4.174878e+001
2.428461e+003,4.173917e+001
2.428944e+003,4.172965e+001
2.429426e+003,4.172031e+001
2.429908e+003,4.171116e+001
2.430390e+003,4.170219e+001
2.430872e+003,4.169328e+001
2.431354e+003,4.168427e+001
2.431836e+003,4.167500e+001
2.432318e+003,4.166541e+001
2.432801e+003,4.165546e+001
2.433283e+003,4.164518e+001
2.433765e+003,4.163468e+001
2.434247e+003,4.162400e+001
2.434729e+003,4.161320e+001
2.435211e+003,4.160231e+001
2.435693e+003,4.159137e+001
2.436175e+003,4.158041e+001
2.436657e+003,4.156953e+001
2.437140e+003,4.155880e+001
2.437622e+003,4.154823e+001
2.438104e+003,4.153786e+001
2.438586e+003,4.152760e+001
2.439068e+003,4.151739e+001
2.439550e+003,4.150716e+001
2.440032e+003,4.149688e+001
2.440514e+003,4.148653e+001
2.440997e+003,4.147617e+001
2.441479e+003,4.146578e+001
2.441961e+003,4.145536e+001
2.442443e+003,4.144484e+001
2.442925e+003,4.143419e+001
2.443407e+003,4.142337e+001
2.443889e+003,4.141242e+001
2.444372e+003,4.140140e+001
2.444854e+003,4.139041e+001
2.445336e+003,4.137950e+001
2.445818e+003,4.136872e+001
2.446300e+003,4.135799e+001
2.446782e+003,4.134726e+001
2.447264e+003,4.133645e+001
2.447746e+003,4.132557e+001
2.448229e+003,4.131466e+001
2.448711e+003,4.130387e+001
2.449193e+003,4.129327e+001
2.449675e+003,4.128293e+001
2.450157e+003,4.127287e+001
2.450639e+003,4.126302e+001
2.451121e+003,4.125328e+001
2.451604e+003,4.124356e+001
2.452085e+003,4.123375e+001
2.452568e+003,4.122379e+001
2.453050e+003,4.121357e+001
2.453532e+003,4.120302e+001
2.454014e+003,4.119207e+001
2.454496e+003,4.118070e+001
2.454978e+003,4.116895e+001
2.455460e+003,4.115691e+001
2.455943e+003,4.114475e+001
2.456425e+003,4.113265e+001
2.456907e+003,4.112075e+001
2.457389e+003,4.110912e+001
2.457871e+003,4.109779e+001
2.458353e+003,4.108669e+001
2.458835e+003,4.107576e+001
2.459317e+003,4.106496e+001
2.459800e+003,4.105426e+001
2.460282e+003,4.104363e+001
2.460764e+003,4.103307e+001
2.461246e+003,4.102247e+001
2.461728e+003,4.101176e+001
2.462210e+003,4.100084e+001
2.462692e+003,4.098961e+001
2.463174e+003,4.097808e+001
2.463656e+003,4.096632e+001
2.464139e+003,4.095444e+001
2.464621e+003,4.094261e+001
2.465103e+003,4.093095e+001
2.465585e+003,4.091956e+001
2.466067e+003,4.090848e+001
2.466549e+003,4.089773e+001
2.467031e+003,4.088732e+001
2.467513e+003,4.087719e+001
2.467996e+003,4.086724e+001
2.468478e+003,4.085735e+001
2.468960e+003,4.084734e+001
2.469442e+003,4.083704e+001
2.469924e+003,4.082631e+001
2.470406e+003,4.081509e+001
2.470888e+003,4.080347e+001
2.471371e+003,4.079160e+001
2.471853e+003,4.077969e+001
2.472335e+003,4.076789e+001
2.472817e+003,4.075634e+001
2.473299e+003,4.074506e+001
2.473781e+003,4.073397e+001
2.474263e+003,4.072298e+001
2.474745e+003,4.071199e+001
2.475228e+003,4.070094e+001
2.475710e+003,4.068978e+001
2.476192e+003,4.067847e+001
2.476674e+003,4.066698e+001
2.477156e+003,4.065528e+001
2.477638e+003,4.064340e+001
2.478120e+003,4.063136e+001
2.478602e+003,4.061924e+001
2.479084e+003,4.060716e+001
2.479567e+003,4.059518e+001
2.480049e+003,4.058331e+001
2.480531e+003,4.057145e+001
2.481013e+003,4.055947e+001
2.481495e+003,4.054720e+001
2.481977e+003,4.053460e+001
2.482459e+003,4.052166e+001
2.482941e+003,4.050855e+001
2.483424e+003,4.049550e+001
2.483906e+003,4.048273e+001
2.484388e+003,4.047039e+001
2.484870e+003,4.045853e+001
2.485352e+003,4.044708e+001
2.485834e+003,4.043593e+001
2.486316e+003,4.042495e+001
2.486799e+003,4.041404e+001
2.487281e+003,4.040311e+001
2.487763e+003,4.039214e+001
2.488245e+003,4.038108e+001
2.488727e+003,4.036987e+001
2.489209e+003,4.035849e+001
2.489691e+003,4.034690e+001
2.490173e+003,4.033515e+001
2.490656e+003,4.032325e+001
2.491138e+003,4.031128e+001
2.491620e+003,4.029924e+001
2.492102e+003,4.028713e+001
2.492584e+003,4.027491e+001
2.493066e+003,4.026254e+001
2.493548e+003,4.025000e+001
2.494030e+003,4.023736e+001
2.494512e+003,4.022473e+001
2.494995e+003,4.021226e+001
2.495477e+003,4.020005e+001
2.495959e+003,4.018816e+001
2.496441e+003,4.017649e+001
2.496923e+003,4.016497e+001
2.497405e+003,4.015348e+001
2.497887e+003,4.014194e+001
2.498370e+003,4.013034e+001
2.498852e+003,4.011870e+001
2.499334e+003,4.010708e+001
2.499816e+003,4.009550e+001
2.500298e+003,4.008392e+001
2.500780e+003,4.007228e+001
2.501262e+003,4.006053e+001
2.501744e+003,4.004863e+001
2.502227e+003,4.003656e+001
2.502709e+003,4.002438e+001
2.503191e+003,4.001216e+001
2.503673e+003,3.999993e+001
2.504155e+003,3.998772e+001
2.504637e+003,3.997551e+001
2.505119e+003,3.996331e+001
2.505601e+003,3.995111e+001
2.506083e+003,3.993894e+001
2.506566e+003,3.992680e+001
2.507048e+003,3.991468e+001
2.507530e+003,3.990252e+001
2.508012e+003,3.989025e+001
2.508494e+003,3.987776e+001
2.508976e+003,3.986499e+001
2.509458e+003,3.985190e+001
2.509940e+003,3.983857e+001
2.510423e+003,3.982510e+001
2.510905e+003,3.981163e+001
2.511387e+003,3.979827e+001
2.511869e+003,3.978509e+001
2.512351e+003,3.977215e+001
2.512833e+003,3.975951e+001
2.513315e+003,3.974720e+001
2.513798e+003,3.973523e+001
2.514280e+003,3.972362e+001
2.514762e+003,3.971230e+001
2.515244e+003,3.970117e+001
2.515726e+003,3.969005e+001
2.516208e+003,3.967881e+001
2.516690e+003,3.966730e+001
2.517172e+003,3.965552e+001
2.517655e+003,3.964348e+001
2.518137e+003,3.963129e+001
2.518619e+003,3.961905e+001
2.519101e+003,3.960682e+001
2.519583e+003,3.959463e+001
2.520065e+003,3.958244e+001
2.520547e+003,3.957022e+001
2.521029e+003,3.955796e+001
2.521511e+003,3.954567e+001
2.521994e+003,3.953339e+001
2.522476e+003,3.952114e+001
2.522958e+003,3.950892e+001
2.523440e+003,3.949670e+001
2.523922e+003,3.948444e+001
2.524404e+003,3.947214e+001
2.524886e+003,3.945982e+001
2.525368e+003,3.944763e+001
2.525851e+003,3.943568e+001
2.526333e+003,3.942408e+001
2.526815e+003,3.941286e+001
2.527297e+003,3.940196e+001
2.527779e+003,3.939125e+001
2.528261e+003,3.938054e+001
2.528743e+003,3.936966e+001
2.529226e+003,3.935854e+001
2.529708e+003,3.934711e+001
2.530190e+003,3.933543e+001
2.530672e+003,3.932355e+001
2.531154e+003,3.931155e+001
2.531636e+003,3.929947e+001
2.532118e+003,3.928739e+001
2.532600e+003,3.927533e+001
2.533083e+003,3.926330e+001
2.533565e+003,3.925127e+001
2.534047e+003,3.923918e+001
2.534529e+003,3.922697e+001
2.535011e+003,3.921457e+001
2.535493e+003,3.920196e+001
2.535975e+003,3.918921e+001
2.536457e+003,3.917644e+001
2.536939e+003,3.916383e+001
2.537422e+003,3.915158e+001
2.537904e+003,3.913977e+001
2.538386e+003,3.912841e+001
2.538868e+003,3.911742e+001
2.539350e+003,3.910664e+001
2.539832e+003,3.909592e+001
2.540314e+003,3.908514e+001
2.540796e+003,3.907424e+001
2.541279e+003,3.906322e+001
2.541761e+003,3.905207e+001
2.542243e+003,3.904079e+001
2.542725e+003,3.902938e+001
2.543207e+003,3.901781e+001
2.543689e+003,3.900609e+001
2.544171e+003,3.899431e+001
2.544654e+003,3.898256e+001
2.545135e+003,3.897096e+001
2.545618e+003,3.895958e+001
2.546100e+003,3.894841e+001
2.546582e+003,3.893737e+001
2.547064e+003,3.892634e+001
2.547546e+003,3.891520e+001
2.548028e+003,3.890390e+001
2.548510e+003,3.889245e+001
2.548993e+003,3.888092e+001
2.549475e+003,3.886939e+001
2.549957e+003,3.885794e+001
2.550439e+003,3.884652e+001
2.550921e+003,3.883512e+001
2.551403e+003,3.882367e+001
2.551885e+003,3.881216e+001
2.552367e+003,3.880061e+001
2.552850e+003,3.878912e+001
2.553332e+003,3.877774e+001
2.553814e+003,3.876654e+001
2.554296e+003,3.875549e+001
2.554778e+003,3.874455e+001
2.555260e+003,3.873364e+001
2.555742e+003,3.872272e+001
2.556224e+003,3.871178e+001
2.556707e+003,3.870086e+001
2.557189e+003,3.868999e+001
2.557671e+003,3.867919e+001
2.558153e+003,3.866846e+001
2.558635e+003,3.865777e+001
2.559117e+003,3.864705e+001
2.559599e+003,3.863624e+001
2.560082e+003,3.862529e+001
2.560563e+003,3.861420e+001
2.561046e+003,3.860297e+001
2.561528e+003,3.859158e+001
2.562010e+003,3.858002e+001
2.562492e+003,3.856828e+001
2.562974e+003,3.855637e+001
2.563456e+003,3.854433e+001
2.563938e+003,3.853225e+001
2.564421e+003,3.852023e+001
2.564903e+003,3.850838e+001
2.565385e+003,3.849677e+001
2.565867e+003,3.848542e+001
2.566349e+003,3.847432e+001
2.566831e+003,3.846343e+001
2.567313e+003,3.845271e+001
2.567795e+003,3.844207e+001
2.568278e+003,3.843147e+001
2.568760e+003,3.842083e+001
2.569242e+003,3.841011e+001
2.569724e+003,3.839921e+001
2.570206e+003,3.838814e+001
2.570688e+003,3.837688e+001
2.571170e+003,3.836549e+001
2.571652e+003,3.835400e+001
2.572135e+003,3.834246e+001
2.572617e+003,3.833088e+001
2.573099e+003,3.831923e+001
2.573581e+003,3.830750e+001
2.574063e+003,3.829568e+001
2.574545e+003,3.828387e+001
2.575027e+003,3.827216e+001
2.575510e+003,3.826072e+001
2.575991e+003,3.824967e+001
2.576474e+003,3.823903e+001
2.576956e+003,3.822878e+001
2.577438e+003,3.821874e+001
2.577920e+003,3.820877e+001
2.578402e+003,3.819871e+001
2.578884e+003,3.818849e+001
2.579366e+003,3.817811e+001
2.579849e+003,3.816761e+001
2.580331e+003,3.815701e+001
2.580813e+003,3.814633e+001
2.581295e+003,3.813549e+001
2.581777e+003,3.812442e+001
2.582259e+003,3.811303e+001
2.582741e+003,3.810126e+001
2.583223e+003,3.808916e+001
2.583706e+003,3.807676e+001
2.584188e+003,3.806419e+001
2.584670e+003,3.805153e+001
2.585152e+003,3.803886e+001
2.585634e+003,3.802629e+001
2.586116e+003,3.801395e+001
2.586598e+003,3.800196e+001
2.587080e+003,3.799049e+001
2.587563e+003,3.797964e+001
2.588045e+003,3.796944e+001
2.588527e+003,3.795982e+001
2.589009e+003,3.795062e+001
2.589491e+003,3.794160e+001
2.589973e+003,3.793255e+001
2.590455e+003,3.792330e+001
2.590938e+003,3.791375e+001
2.591419e+003,3.790385e+001
2.591902e+003,3.789360e+001
2.592384e+003,3.788298e+001
2.592866e+003,3.787200e+001
2.593348e+003,3.786069e+001
2.593830e+003,3.784915e+001
2.594312e+003,3.783751e+001
2.594794e+003,3.782597e+001
2.595277e+003,3.781473e+001
2.595759e+003,3.780391e+001
2.596241e+003,3.779355e+001
2.596723e+003,3.778357e+001
2.597205e+003,3.777380e+001
2.597687e+003,3.776404e+001
2.598169e+003,3.775410e+001
2.598651e+003,3.774386e+001
2.599134e+003,3.773324e+001
2.599616e+003,3.772222e+001
2.600098e+003,3.771082e+001
2.600580e+003,3.769904e+001
2.601062e+003,3.768698e+001
2.601544e+003,3.767471e+001
2.602026e+003,3.766240e+001
2.602508e+003,3.765021e+001
2.602990e+003,3.763829e+001
2.603473e+003,3.762675e+001
2.603955e+003,3.761560e+001
2.604437e+003,3.760474e+001
2.604919e+003,3.759406e+001
2.605401e+003,3.758343e+001
2.605883e+003,3.757278e+001
2.606365e+003,3.756205e+001
2.606847e+003,3.755129e+001
2.607330e+003,3.754050e+001
2.607812e+003,3.752967e+001
2.608294e+003,3.751877e+001
2.608776e+003,3.750774e+001
2.609258e+003,3.749654e+001
2.609740e+003,3.748517e+001
2.610222e+003,3.747369e+001
2.610705e+003,3.746220e+001
2.611187e+003,3.745081e+001
2.611669e+003,3.743958e+001
2.612151e+003,3.742853e+001
2.612633e+003,3.741765e+001
2.613115e+003,3.740689e+001
2.613597e+003,3.739618e+001
2.614079e+003,3.738551e+001
2.614562e+003,3.737482e+001
2.615044e+003,3.736406e+001
2.615526e+003,3.735317e+001
2.616008e+003,3.734208e+001
2.616490e+003,3.733076e+001
2.616972e+003,3.731924e+001
2.617454e+003,3.730759e+001
2.617936e+003,3.729592e+001
2.618418e+003,3.728435e+001
2.618901e+003,3.727298e+001
2.619383e+003,3.726179e+001
2.619865e+003,3.725073e+001
2.620347e+003,3.723968e+001
2.620829e+003,3.722857e+001
2.621311e+003,3.721732e+001
2.621793e+003,3.720595e+001
2.622276e+003,3.719450e+001
2.622758e+003,3.718303e+001
2.623240e+003,3.717154e+001
2.623722e+003,3.716002e+001
2.624204e+003,3.714844e+001
2.624686e+003,3.713676e+001
2.625168e+003,3.712499e+001
2.625650e+003,3.711316e+001
2.626133e+003,3.710132e+001
2.626615e+003,3.708952e+001
2.627097e+003,3.707779e+001
2.627579e+003,3.706612e+001
2.628061e+003,3.705452e+001
2.628543e+003,3.704295e+001
2.629025e+003,3.703148e+001
2.629507e+003,3.702010e+001
2.629990e+003,3.700889e+001
2.630472e+003,3.699780e+001
2.630954e+003,3.698678e+001
2.631436e+003,3.697573e+001
2.631918e+003,3.696455e+001
2.632400e+003,3.695318e+001
2.632882e+003,3.694163e+001
2.633364e+003,3.692998e+001
2.633846e+003,3.691833e+001
2.634329e+003,3.690678e+001
2.634811e+003,3.689534e+001
2.635293e+003,3.688404e+001
2.635775e+003,3.687281e+001
2.636257e+003,3.686168e+001
2.636739e+003,3.685062e+001
2.637221e+003,3.683968e+001
2.637704e+003,3.682888e+001
2.638186e+003,3.681822e+001
2.638668e+003,3.680758e+001
2.639150e+003,3.679681e+001
2.639632e+003,3.678576e+001
2.640114e+003,3.677433e+001
2.640596e+003,3.676251e+001
2.641078e+003,3.675043e+001
2.641561e+003,3.673825e+001
2.642043e+003,3.672615e+001
2.642525e+003,3.671422e+001
2.643007e+003,3.670244e+001
2.643489e+003,3.669069e+001
2.643971e+003,3.667886e+001
2.644453e+003,3.666679e+001
2.644935e+003,3.665446e+001
2.645417e+003,3.664188e+001
2.645900e+003,3.662915e+001
2.646382e+003,3.661639e+001
2.646864e+003,3.660372e+001
2.647346e+003,3.659119e+001
2.647828e+003,3.657884e+001
2.648310e+003,3.656667e+001
2.648792e+003,3.655466e+001
2.649274e+003,3.654276e+001
2.649757e+003,3.653091e+001
2.650239e+003,3.651904e+001
2.650721e+003,3.650710e+001
2.651203e+003,3.649502e+001
2.651685e+003,3.648286e+001
2.652167e+003,3.647067e+001
2.652649e+003,3.645855e+001
2.653132e+003,3.644657e+001
2.653614e+003,3.643476e+001
2.654096e+003,3.642310e+001
2.654578e+003,3.641148e+001
2.655060e+003,3.639978e+001
2.655542e+003,3.638795e+001
2.656024e+003,3.637598e+001
2.656506e+003,3.636391e+001
2.656989e+003,3.635182e+001
2.657471e+003,3.633977e+001
2.657953e+003,3.632774e+001
2.658435e+003,3.631568e+001
2.658917e+003,3.630350e+001
2.659399e+003,3.629114e+001
2.659881e+003,3.627862e+001
2.660363e+003,3.626602e+001
2.660845e+003,3.625349e+001
2.661328e+003,3.624115e+001
2.661810e+003,3.622909e+001
2.662292e+003,3.621728e+001
2.662774e+003,3.620567e+001
2.663256e+003,3.619413e+001
2.663738e+003,3.618253e+001
2.664220e+003,3.617081e+001
2.664702e+003,3.615894e+001
2.665185e+003,3.614691e+001
2.665667e+003,3.613475e+001
2.666149e+003,3.612255e+001
2.666631e+003,3.611036e+001
2.667113e+003,3.609830e+001
2.667595e+003,3.608644e+001
2.668077e+003,3.607489e+001
2.668560e+003,3.606364e+001
2.669042e+003,3.605262e+001
2.669524e+003,3.604168e+001
2.670006e+003,3.603060e+001
2.670488e+003,3.601920e+001
2.670970e+003,3.600737e+001
2.671452e+003,3.599515e+001
2.671934e+003,3.598267e+001
2.672417e+003,3.597013e+001
2.672899e+003,3.595771e+001
2.673381e+003,3.594552e+001
2.673863e+003,3.593353e+001
2.674345e+003,3.592167e+001
2.674827e+003,3.590982e+001
2.675309e+003,3.589786e+001
2.675791e+003,3.588576e+001
2.676273e+003,3.587355e+001
2.676756e+003,3.586129e+001
2.677238e+003,3.584902e+001
2.677720e+003,3.583680e+001
2.678202e+003,3.582461e+001
2.678684e+003,3.581247e+001
2.679166e+003,3.580037e+001
2.679648e+003,3.578832e+001
2.680130e+003,3.577635e+001
2.680613e+003,3.576445e+001
2.681095e+003,3.575262e+001
2.681577e+003,3.574081e+001
2.682059e+003,3.572895e+001
2.682541e+003,3.571705e+001
2.683023e+003,3.570510e+001
2.683505e+003,3.569312e+001
2.683988e+003,3.568116e+001
2.684469e+003,3.566919e+001
2.684952e+003,3.565721e+001
2.685434e+003,3.564512e+001
2.685916e+003,3.563289e+001
2.686398e+003,3.562051e+001
2.686880e+003,3.560806e+001
2.687362e+003,3.559566e+001
2.687844e+003,3.558344e+001
2.688327e+003,3.557148e+001
2.688809e+003,3.555976e+001
2.689291e+003,3.554819e+001
2.689773e+003,3.553661e+001
2.690255e+003,3.552492e+001
2.690737e+003,3.551305e+001
2.691219e+003,3.550106e+001
2.691701e+003,3.548904e+001
2.692184e+003,3.547714e+001
2.692666e+003,3.546544e+001
2.693148e+003,3.545393e+001
2.693630e+003,3.544255e+001
2.694112e+003,3.543122e+001
2.694594e+003,3.541982e+001
2.695076e+003,3.540828e+001
2.695558e+003,3.539659e+001
2.696041e+003,3.538471e+001
2.696523e+003,3.537262e+001
2.697005e+003,3.536029e+001
2.697487e+003,3.534770e+001
2.697969e+003,3.533484e+001
2.698451e+003,3.532179e+001
2.698933e+003,3.530866e+001
2.699416e+003,3.529557e+001
2.699897e+003,3.528267e+001
2.700380e+003,3.527001e+001
2.700862e+003,3.525756e+001
2.701344e+003,3.524530e+001
2.701826e+003,3.523314e+001
2.702308e+003,3.522104e+001
2.702790e+003,3.520898e+001
2.703272e+003,3.519702e+001
2.703755e+003,3.518518e+001
2.704237e+003,3.517353e+001
2.704719e+003,3.516209e+001
2.705201e+003,3.515086e+001
2.705683e+003,3.513988e+001
2.706165e+003,3.512917e+001
2.706647e+003,3.511878e+001
2.707129e+003,3.510869e+001
2.707612e+003,3.509887e+001
2.708094e+003,3.508918e+001
2.708576e+003,3.507946e+001
2.709058e+003,3.506950e+001
2.709540e+003,3.505917e+001
2.710022e+003,3.504839e+001
2.710504e+003,3.503718e+001
2.710986e+003,3.502566e+001
2.711469e+003,3.501394e+001
2.711951e+003,3.500209e+001
2.712433e+003,3.499018e+001
2.712915e+003,3.497818e+001
2.713397e+003,3.496610e+001
2.713879e+003,3.495393e+001
2.714361e+003,3.494172e+001
2.714844e+003,3.492953e+001
2.715325e+003,3.491740e+001
2.715808e+003,3.490536e+001
2.716290e+003,3.489337e+001
2.716772e+003,3.488140e+001
2.717254e+003,3.486942e+001
2.717736e+003,3.485743e+001
2.718218e+003,3.484549e+001
2.718700e+003,3.483368e+001
2.719183e+003,3.482208e+001
2.719665e+003,3.481073e+001
2.720147e+003,3.479961e+001
2.720629e+003,3.478870e+001
2.721111e+003,3.477794e+001
2.721593e+003,3.476728e+001
2.722075e+003,3.475669e+001
2.722557e+003,3.474615e+001
2.723040e+003,3.473561e+001
2.723522e+003,3.472502e+001
2.724004e+003,3.471428e+001
2.724486e+003,3.470330e+001
2.724968e+003,3.469206e+001
2.725450e+003,3.468057e+001
2.725932e+003,3.466893e+001
2.726414e+003,3.465724e+001
2.726896e+003,3.464557e+001
2.727379e+003,3.463397e+001
2.727861e+003,3.462239e+001
2.728343e+003,3.461076e+001
2.728825e+003,3.459904e+001
2.729307e+003,3.458723e+001
2.729789e+003,3.457541e+001
2.730271e+003,3.456372e+001
2.730753e+003,3.455231e+001
2.731236e+003,3.454133e+001
2.731718e+003,3.453082e+001
2.732200e+003,3.452076e+001
2.732682e+003,3.451104e+001
2.733164e+003,3.450153e+001
2.733646e+003,3.449204e+001
2.734128e+003,3.448238e+001
2.734611e+003,3.447239e+001
2.735093e+003,3.446191e+001
2.735575e+003,3.445086e+001
2.736057e+003,3.443923e+001
2.736539e+003,3.442715e+001
2.737021e+003,3.441476e+001
2.737503e+003,3.440231e+001
2.737985e+003,3.439000e+001
2.738468e+003,3.437795e+001
2.738950e+003,3.436620e+001
2.739432e+003,3.435466e+001
2.739914e+003,3.434323e+001
2.740396e+003,3.433183e+001
2.740878e+003,3.432039e+001
2.741360e+003,3.430898e+001
2.741842e+003,3.429766e+001
2.742324e+003,3.428651e+001
2.742807e+003,3.427555e+001
2.743289e+003,3.426475e+001
2.743771e+003,3.425406e+001
2.744253e+003,3.424342e+001
2.744735e+003,3.423281e+001
2.745217e+003,3.422223e+001
2.745699e+003,3.421171e+001
2.746182e+003,3.420130e+001
2.746664e+003,3.419096e+001
2.747146e+003,3.418064e+001
2.747628e+003,3.417028e+001
2.748110e+003,3.415982e+001
2.748592e+003,3.414931e+001
2.749074e+003,3.413880e+001
2.749556e+003,3.412843e+001
2.750039e+003,3.411824e+001
2.750521e+003,3.410828e+001
2.751003e+003,3.409846e+001
2.751485e+003,3.408866e+001
2.751967e+003,3.407872e+001
2.752449e+003,3.406854e+001
2.752931e+003,3.405808e+001
2.753413e+003,3.404738e+001
2.753896e+003,3.403650e+001
2.754378e+003,3.402557e+001
2.754860e+003,3.401466e+001
2.755342e+003,3.400381e+001
2.755824e+003,3.399303e+001
2.756306e+003,3.398233e+001
2.756788e+003,3.397163e+001
2.757270e+003,3.396086e+001
2.757752e+003,3.394990e+001
2.758235e+003,3.393864e+001
2.758717e+003,3.392697e+001
2.759199e+003,3.391488e+001
2.759681e+003,3.390243e+001
2.760163e+003,3.388979e+001
2.760645e+003,3.387719e+001
2.761127e+003,3.386483e+001
2.761610e+003,3.385286e+001
2.762092e+003,3.384129e+001
2.762574e+003,3.383008e+001
2.763056e+003,3.381910e+001
2.763538e+003,3.380829e+001
2.764020e+003,3.379761e+001
2.764502e+003,3.378711e+001
2.764984e+003,3.377684e+001
2.765467e+003,3.376684e+001
2.765949e+003,3.375707e+001
2.766431e+003,3.374742e+001
2.766913e+003,3.373771e+001
2.767395e+003,3.372782e+001
2.767877e+003,3.371767e+001
2.768359e+003,3.370726e+001
2.768841e+003,3.369667e+001
2.769323e+003,3.368601e+001
2.769806e+003,3.367536e+001
2.770288e+003,3.366473e+001
2.770770e+003,3.365413e+001
2.771252e+003,3.364355e+001
2.771734e+003,3.363301e+001
2.772216e+003,3.362253e+001
2.772698e+003,3.361216e+001
2.773180e+003,3.360191e+001
2.773663e+003,3.359169e+001
2.774145e+003,3.358141e+001
2.774627e+003,3.357091e+001
2.775109e+003,3.356010e+001
2.775591e+003,3.354897e+001
2.776073e+003,3.353759e+001
2.776555e+003,3.352609e+001
2.777038e+003,3.351465e+001
2.777520e+003,3.350335e+001
2.778002e+003,3.349224e+001
2.778484e+003,3.348128e+001
2.778966e+003,3.347038e+001
2.779448e+003,3.345948e+001
2.779930e+003,3.344854e+001
2.780412e+003,3.343756e+001
2.780895e+003,3.342654e+001
2.781377e+003,3.341547e+001
2.781859e+003,3.340433e+001
2.782341e+003,3.339309e+001
2.782823e+003,3.338174e+001
2.783305e+003,3.337035e+001
2.783787e+003,3.335896e+001
2.784269e+003,3.334770e+001
2.784751e+003,3.333665e+001
2.785234e+003,3.332583e+001
2.785716e+003,3.331521e+001
2.786198e+003,3.330471e+001
2.786680e+003,3.329425e+001
2.787162e+003,3.328378e+001
2.787644e+003,3.327325e+001
2.788126e+003,3.326268e+001
2.788608e+003,3.325203e+001
2.789091e+003,3.324128e+001
2.789573e+003,3.323037e+001
2.790055e+003,3.321925e+001
2.790537e+003,3.320791e+001
2.791019e+003,3.319641e+001
2.791501e+003,3.318485e+001
2.791983e+003,3.317337e+001
2.792466e+003,3.316206e+001
2.792948e+003,3.315094e+001
2.793430e+003,3.313995e+001
2.793912e+003,3.312897e+001
2.794394e+003,3.311788e+001
2.794876e+003,3.310658e+001
2.795358e+003,3.309504e+001
2.795840e+003,3.308330e+001
2.796323e+003,3.307141e+001
2.796805e+003,3.305946e+001
2.797287e+003,3.304746e+001
2.797769e+003,3.303547e+001
2.798251e+003,3.302353e+001
2.798733e+003,3.301174e+001
2.799215e+003,3.300020e+001
2.799697e+003,3.298901e+001
2.800179e+003,3.297821e+001
2.800662e+003,3.296775e+001
2.801144e+003,3.295749e+001
2.801626e+003,3.294721e+001
2.802108e+003,3.293676e+001
2.802590e+003,3.292599e+001
2.803072e+003,3.291492e+001
2.803554e+003,3.290364e+001
2.804036e+003,3.289230e+001
2.804519e+003,3.288108e+001
2.805001e+003,3.287005e+001
2.805483e+003,3.285926e+001
2.805965e+003,3.284867e+001
2.806447e+003,3.283820e+001
2.806929e+003,3.282772e+001
2.807411e+003,3.281712e+001
2.807894e+003,3.280626e+001
2.808375e+003,3.279503e+001
2.808858e+003,3.278333e+001
2.809340e+003,3.277109e+001
2.809822e+003,3.275837e+001
2.810304e+003,3.274529e+001
2.810786e+003,3.273201e+001
2.811268e+003,3.271880e+001
2.811750e+003,3.270580e+001
2.812233e+003,3.269313e+001
2.812715e+003,3.268079e+001
2.813197e+003,3.266870e+001
2.813679e+003,3.265676e+001
2.814161e+003,3.264487e+001
2.814643e+003,3.263297e+001
2.815125e+003,3.262102e+001
2.815607e+003,3.260901e+001
2.816090e+003,3.259695e+001
2.816572e+003,3.258480e+001
2.817054e+003,3.257254e+001
2.817536e+003,3.256017e+001
2.818018e+003,3.254773e+001
2.818500e+003,3.253531e+001
2.818982e+003,3.252302e+001
2.819464e+003,3.251092e+001
2.819947e+003,3.249907e+001
2.820429e+003,3.248741e+001
2.820911e+003,3.247591e+001
2.821393e+003,3.246447e+001
2.821875e+003,3.245298e+001
2.822357e+003,3.244141e+001
2.822839e+003,3.242968e+001
2.823322e+003,3.241774e+001
2.823803e+003,3.240555e+001
2.824286e+003,3.239305e+001
2.824768e+003,3.238025e+001
2.825250e+003,3.236721e+001
2.825732e+003,3.235405e+001
2.826214e+003,3.234094e+001
2.826696e+003,3.232806e+001
2.827178e+003,3.231546e+001
2.827661e+003,3.230315e+001
2.828143e+003,3.229098e+001
2.828625e+003,3.227878e+001
2.829107e+003,3.226633e+001
2.829589e+003,3.225348e+001
2.830071e+003,3.224017e+001
2.830553e+003,3.222636e+001
2.831035e+003,3.221211e+001
2.831518e+003,3.219745e+001
2.832000e+003,3.218238e+001
2.832482e+003,3.216693e+001
2.832964e+003,3.215114e+001
2.833446e+003,3.213506e+001
2.833928e+003,3.211881e+001
2.834410e+003,3.210252e+001
2.834892e+003,3.208626e+001
2.835375e+003,3.207006e+001
2.835857e+003,3.205387e+001
2.836339e+003,3.203758e+001
2.836821e+003,3.202106e+001
2.837303e+003,3.200422e+001
2.837785e+003,3.198695e+001
2.838267e+003,3.196921e+001
2.838750e+003,3.195094e+001
2.839231e+003,3.193209e+001
2.839714e+003,3.191255e+001
2.840196e+003,3.189224e+001
2.840678e+003,3.187111e+001
2.841160e+003,3.184912e+001
2.841642e+003,3.182629e+001
2.842124e+003,3.180267e+001
2.842606e+003,3.177826e+001
2.843089e+003,3.175301e+001
2.843571e+003,3.172688e+001
2.844053e+003,3.169984e+001
2.844535e+003,3.167187e+001
2.845017e+003,3.164310e+001
2.845499e+003,3.161375e+001
2.845981e+003,3.158414e+001
2.846463e+003,3.155459e+001
2.846946e+003,3.152543e+001
2.847428e+003,3.149691e+001
2.847910e+003,3.146921e+001
2.848392e+003,3.144251e+001
2.848874e+003,3.141697e+001
2.849356e+003,3.139275e+001
2.849838e+003,3.137008e+001
2.850320e+003,3.134912e+001
2.850802e+003,3.133008e+001
2.851285e+003,3.131308e+001
2.851767e+003,3.129827e+001
2.852249e+003,3.128578e+001
2.852731e+003,3.127569e+001
2.853213e+003,3.126812e+001
2.853695e+003,3.126305e+001
2.854177e+003,3.126039e+001
2.854659e+003,3.125989e+001
2.855142e+003,3.126123e+001
2.855624e+003,3.126400e+001
2.856106e+003,3.126778e+001
2.856588e+003,3.127226e+001
2.857070e+003,3.127719e+001
2.857552e+003,3.128236e+001
2.858034e+003,3.128764e+001
2.858517e+003,3.129289e+001
2.858999e+003,3.129794e+001
2.859481e+003,3.130263e+001
2.859963e+003,3.130684e+001
2.860445e+003,3.131046e+001
2.860927e+003,3.131344e+001
2.861409e+003,3.131569e+001
2.861891e+003,3.131712e+001
2.862374e+003,3.131758e+001
2.862856e+003,3.131688e+001
2.863338e+003,3.131481e+001
2.863820e+003,3.131130e+001
2.864302e+003,3.130638e+001
2.864784e+003,3.130025e+001
2.865266e+003,3.129323e+001
2.865748e+003,3.128566e+001
2.866230e+003,3.127786e+001
2.866713e+003,3.127002e+001
2.867195e+003,3.126224e+001
2.867677e+003,3.125449e+001
2.868159e+003,3.124664e+001
2.868641e+003,3.123858e+001
2.869123e+003,3.123020e+001
2.869605e+003,3.122141e+001
2.870088e+003,3.121218e+001
2.870570e+003,3.120253e+001
2.871052e+003,3.119251e+001
2.871534e+003,3.118225e+001
2.872016e+003,3.117186e+001
2.872498e+003,3.116145e+001
2.872980e+003,3.115109e+001
2.873462e+003,3.114076e+001
2.873945e+003,3.113035e+001
2.874427e+003,3.111972e+001
2.874909e+003,3.110880e+001
2.875391e+003,3.109759e+001
2.875873e+003,3.108619e+001
2.876355e+003,3.107483e+001
2.876837e+003,3.106375e+001
2.877319e+003,3.105312e+001
2.877802e+003,3.104297e+001
2.878284e+003,3.103319e+001
2.878766e+003,3.102357e+001
2.879248e+003,3.101385e+001
2.879730e+003,3.100385e+001
2.880212e+003,3.099348e+001
2.880694e+003,3.098274e+001
2.881176e+003,3.097173e+001
2.881658e+003,3.096057e+001
2.882141e+003,3.094928e+001
2.882623e+003,3.093790e+001
2.883105e+003,3.092639e+001
2.883587e+003,3.091467e+001
2.884069e+003,3.090266e+001
2.884551e+003,3.089034e+001
2.885033e+003,3.087763e+001
2.885516e+003,3.086453e+001
2.885998e+003,3.085099e+001
2.886480e+003,3.083701e+001
2.886962e+003,3.082265e+001
2.887444e+003,3.080799e+001
2.887926e+003,3.079318e+001
2.888408e+003,3.077835e+001
2.888890e+003,3.076359e+001
2.889373e+003,3.074893e+001
2.889855e+003,3.073435e+001
2.890337e+003,3.071977e+001
2.890819e+003,3.070513e+001
2.891301e+003,3.069039e+001
2.891783e+003,3.067553e+001
2.892265e+003,3.066060e+001
2.892747e+003,3.064559e+001
2.893229e+003,3.063049e+001
2.893712e+003,3.061522e+001
2.894194e+003,3.059970e+001
2.894676e+003,3.058389e+001
2.895158e+003,3.056775e+001
2.895640e+003,3.055133e+001
2.896122e+003,3.053470e+001
2.896604e+003,3.051793e+001
2.897086e+003,3.050108e+001
2.897569e+003,3.048417e+001
2.898051e+003,3.046720e+001
2.898533e+003,3.045020e+001
2.899015e+003,3.043319e+001
2.899497e+003,3.041623e+001
2.899979e+003,3.039936e+001
2.900461e+003,3.038258e+001
2.900944e+003,3.036581e+001
2.901426e+003,3.034896e+001
2.901908e+003,3.033194e+001
2.902390e+003,3.031471e+001
2.902872e+003,3.029732e+001
2.903354e+003,3.027987e+001
2.903836e+003,3.026251e+001
2.904318e+003,3.024531e+001
2.904801e+003,3.022827e+001
2.905283e+003,3.021125e+001
2.905765e+003,3.019402e+001
2.906247e+003,3.017636e+001
2.906729e+003,3.015805e+001
2.907211e+003,3.013899e+001
2.907693e+003,3.011911e+001
2.908175e+003,3.009844e+001
2.908657e+003,3.007701e+001
2.909140e+003,3.005481e+001
2.909622e+003,3.003185e+001
2.910104e+003,3.000809e+001
2.910586e+003,2.998354e+001
2.911068e+003,2.995821e+001
2.911550e+003,2.993212e+001
2.912032e+003,2.990526e+001
2.912514e+003,2.987762e+001
2.912997e+003,2.984917e+001
2.913479e+003,2.981990e+001
2.913961e+003,2.978987e+001
2.914443e+003,2.975924e+001
2.914925e+003,2.972823e+001
2.915407e+003,2.969710e+001
2.915889e+003,2.966613e+001
2.916372e+003,2.963553e+001
2.916854e+003,2.960547e+001
2.917336e+003,2.957610e+001
2.917818e+003,2.954755e+001
2.918300e+003,2.952006e+001
2.918782e+003,2.949387e+001
2.919264e+003,2.946927e+001
2.919746e+003,2.944652e+001
2.920229e+003,2.942584e+001
2.920711e+003,2.940734e+001
2.921193e+003,2.939113e+001
2.921675e+003,2.937726e+001
2.922157e+003,2.936577e+001
2.922639e+003,2.935675e+001
2.923121e+003,2.935021e+001
2.923603e+003,2.934615e+001
2.924085e+003,2.934444e+001
2.924568e+003,2.934488e+001
2.925050e+003,2.934721e+001
2.925532e+003,2.935118e+001
2.926014e+003,2.935661e+001
2.926496e+003,2.936334e+001
2.926978e+003,2.937130e+001
2.927460e+003,2.938033e+001
2.927942e+003,2.939028e+001
2.928425e+003,2.940086e+001
2.928907e+003,2.941178e+001
2.929389e+003,2.942270e+001
2.929871e+003,2.943341e+001
2.930353e+003,2.944376e+001
2.930835e+003,2.945372e+001
2.931317e+003,2.946334e+001
2.931800e+003,2.947276e+001
2.932281e+003,2.948210e+001
2.932764e+003,2.949149e+001
2.933246e+003,2.950101e+001
2.933728e+003,2.951072e+001
2.934210e+003,2.952061e+001
2.934692e+003,2.953057e+001
2.935174e+003,2.954040e+001
2.935656e+003,2.954980e+001
2.936139e+003,2.955846e+001
2.936621e+003,2.956606e+001
2.937103e+003,2.957247e+001
2.937585e+003,2.957766e+001
2.938067e+003,2.958179e+001
2.938549e+003,2.958512e+001
2.939031e+003,2.958792e+001
2.939513e+003,2.959041e+001
2.939996e+003,2.959267e+001
2.940478e+003,2.959473e+001
2.940960e+003,2.959650e+001
2.941442e+003,2.959789e+001
2.941924e+003,2.959878e+001
2.942406e+003,2.959908e+001
2.942888e+003,2.959871e+001
2.943370e+003,2.959756e+001
2.943853e+003,2.959554e+001
2.944335e+003,2.959256e+001
2.944817e+003,2.958860e+001
2.945299e+003,2.958372e+001
2.945781e+003,2.957804e+001
2.946263e+003,2.957169e+001
2.946745e+003,2.956480e+001
2.947228e+003,2.955741e+001
2.947709e+003,2.954949e+001
2.948192e+003,2.954094e+001
2.948674e+003,2.953162e+001
2.949156e+003,2.952147e+001
2.949638e+003,2.951049e+001
2.950120e+003,2.949874e+001
2.950602e+003,2.948633e+001
2.951084e+003,2.947338e+001
2.951567e+003,2.946002e+001
2.952049e+003,2.944635e+001
2.952531e+003,2.943247e+001
2.953013e+003,2.941849e+001
2.953495e+003,2.940451e+001
2.953977e+003,2.939061e+001
2.954459e+003,2.937683e+001
2.954941e+003,2.936313e+001
2.955424e+003,2.934949e+001
2.955906e+003,2.933586e+001
2.956388e+003,2.932230e+001
2.956870e+003,2.930894e+001
2.957352e+003,2.929603e+001
2.957834e+003,2.928385e+001
2.958316e+003,2.927264e+001
2.958798e+003,2.926258e+001
2.959281e+003,2.925368e+001
2.959763e+003,2.924590e+001
2.960245e+003,2.923906e+001
2.960727e+003,2.923302e+001
2.961209e+003,2.922760e+001
2.961691e+003,2.922271e+001
2.962173e+003,2.921824e+001
2.962656e+003,2.921412e+001
2.963137e+003,2.921029e+001
2.963620e+003,2.920674e+001
2.964102e+003,2.920350e+001
2.964584e+003,2.920067e+001
2.965066e+003,2.919838e+001
2.965548e+003,2.919674e+001
2.966030e+003,2.919578e+001
2.966512e+003,2.919546e+001
2.966995e+003,2.919558e+001
2.967477e+003,2.919590e+001
2.967959e+003,2.919615e+001
2.968441e+003,2.919608e+001
2.968923e+003,2.919552e+001
2.969405e+003,2.919435e+001
2.969887e+003,2.919250e+001
2.970369e+003,2.918994e+001
2.970852e+003,2.918662e+001
2.971334e+003,2.918256e+001
2.971816e+003,2.917781e+001
2.972298e+003,2.917254e+001
2.972780e+003,2.916693e+001
2.973262e+003,2.916120e+001
2.973744e+003,2.915549e+001
2.974226e+003,2.914992e+001
2.974708e+003,2.914444e+001
2.975191e+003,2.913895e+001
2.975673e+003,2.913335e+001
2.976155e+003,2.912755e+001
2.976637e+003,2.912151e+001
2.977119e+003,2.911525e+001
2.977601e+003,2.910878e+001
2.978083e+003,2.910213e+001
2.978565e+003,2.909525e+001
2.979048e+003,2.908810e+001
2.979530e+003,2.908063e+001
2.980012e+003,2.907283e+001
2.980494e+003,2.906471e+001
2.980976e+003,2.905631e+001
2.981458e+003,2.904765e+001
2.981940e+003,2.903875e+001
2.982423e+003,2.902956e+001
2.982905e+003,2.902007e+001
2.983387e+003,2.901030e+001
2.983869e+003,2.900030e+001
2.984351e+003,2.899022e+001
2.984833e+003,2.898020e+001
2.985315e+003,2.897037e+001
2.985797e+003,2.896075e+001
2.986280e+003,2.895130e+001
2.986762e+003,2.894189e+001
2.987244e+003,2.893237e+001
2.987726e+003,2.892262e+001
2.988208e+003,2.891257e+001
2.988690e+003,2.890222e+001
2.989172e+003,2.889161e+001
2.989654e+003,2.888077e+001
2.990136e+003,2.886973e+001
2.990619e+003,2.885852e+001
2.991101e+003,2.884715e+001
2.991583e+003,2.883569e+001
2.992065e+003,2.882421e+001
2.992547e+003,2.881283e+001
2.993029e+003,2.880164e+001
2.993511e+003,2.879068e+001
2.993994e+003,2.877993e+001
2.994476e+003,2.876935e+001
2.994958e+003,2.875888e+001
2.995440e+003,2.874844e+001
2.995922e+003,2.873802e+001
2.996404e+003,2.872761e+001
2.996886e+003,2.871718e+001
2.997368e+003,2.870673e+001
2.997851e+003,2.869619e+001
2.998333e+003,2.868558e+001
2.998815e+003,2.867484e+001
2.999297e+003,2.866401e+001
2.999779e+003,2.865310e+001
3.000261e+003,2.864212e+001
3.000743e+003,2.863101e+001
3.001225e+003,2.861969e+001
3.001708e+003,2.860803e+001
3.002190e+003,2.859596e+001
3.002672e+003,2.858352e+001
3.003154e+003,2.857082e+001
3.003636e+003,2.855814e+001
3.004118e+003,2.854577e+001
3.004600e+003,2.853395e+001
3.005082e+003,2.852282e+001
3.005564e+003,2.851238e+001
3.006047e+003,2.850250e+001
3.006529e+003,2.849301e+001
3.007011e+003,2.848369e+001
3.007493e+003,2.847441e+001
3.007975e+003,2.846504e+001
3.008457e+003,2.845549e+001
3.008939e+003,2.844571e+001
3.009422e+003,2.843562e+001
3.009904e+003,2.842518e+001
3.010386e+003,2.841444e+001
3.010868e+003,2.840349e+001
3.011350e+003,2.839251e+001
3.011832e+003,2.838173e+001
3.012314e+003,2.837134e+001
3.012796e+003,2.836146e+001
3.013279e+003,2.835211e+001
3.013761e+003,2.834319e+001
3.014243e+003,2.833459e+001
3.014725e+003,2.832611e+001
3.015207e+003,2.831758e+001
3.015689e+003,2.830882e+001
3.016171e+003,2.829965e+001
3.016653e+003,2.828993e+001
3.017135e+003,2.827952e+001
3.017618e+003,2.826835e+001
3.018100e+003,2.825650e+001
3.018582e+003,2.824415e+001
3.019064e+003,2.823157e+001
3.019546e+003,2.821906e+001
3.020028e+003,2.820687e+001
3.020510e+003,2.819514e+001
3.020992e+003,2.818387e+001
3.021475e+003,2.817299e+001
3.021957e+003,2.816237e+001
3.022439e+003,2.815194e+001
3.022921e+003,2.814166e+001
3.023403e+003,2.813157e+001
3.023885e+003,2.812169e+001
3.024367e+003,2.811207e+001
3.024850e+003,2.810264e+001
3.025332e+003,2.809331e+001
3.025814e+003,2.808397e+001
3.026296e+003,2.807453e+001
3.026778e+003,2.806491e+001
3.027260e+003,2.805507e+001
3.027742e+003,2.804496e+001
3.028224e+003,2.803451e+001
3.028707e+003,2.802360e+001
3.029189e+003,2.801217e+001
3.029671e+003,2.800023e+001
3.030153e+003,2.798787e+001
3.030635e+003,2.797533e+001
3.031117e+003,2.796290e+001
3.031599e+003,2.795083e+001
3.032081e+003,2.793932e+001
3.032563e+003,2.792842e+001
3.033046e+003,2.791804e+001
3.033528e+003,2.790802e+001
3.034010e+003,2.789820e+001
3.034492e+003,2.788844e+001
3.034974e+003,2.787864e+001
3.035456e+003,2.786879e+001
3.035938e+003,2.785886e+001
3.036420e+003,2.784883e+001
3.036903e+003,2.783863e+001
3.037385e+003,2.782824e+001
3.037867e+003,2.781762e+001
3.038349e+003,2.780682e+001
3.038831e+003,2.779589e+001
3.039313e+003,2.778490e+001
3.039795e+003,2.777391e+001
3.040278e+003,2.776297e+001
3.040760e+003,2.775208e+001
3.041242e+003,2.774124e+001
3.041724e+003,2.773044e+001
3.042206e+003,2.771970e+001
3.042688e+003,2.770900e+001
3.043170e+003,2.769831e+001
3.043652e+003,2.768756e+001
3.044135e+003,2.767669e+001
3.044617e+003,2.766566e+001
3.045099e+003,2.765446e+001
3.045581e+003,2.764316e+001
3.046063e+003,2.763191e+001
3.046545e+003,2.762084e+001
3.047027e+003,2.761008e+001
3.047509e+003,2.759966e+001
3.047991e+003,2.758949e+001
3.048474e+003,2.757944e+001
3.048956e+003,2.756938e+001
3.049438e+003,2.755919e+001
3.049920e+003,2.754879e+001
3.050402e+003,2.753823e+001
3.050884e+003,2.752755e+001
3.051366e+003,2.751680e+001
3.051848e+003,2.750603e+001
3.052331e+003,2.749530e+001
3.052813e+003,2.748469e+001
3.053295e+003,2.747426e+001
3.053777e+003,2.746409e+001
3.054259e+003,2.745423e+001
3.054741e+003,2.744462e+001
3.055223e+003,2.743514e+001
3.055706e+003,2.742558e+001
3.056188e+003,2.741573e+001
3.056670e+003,2.740544e+001
3.057152e+003,2.739470e+001
3.057634e+003,2.738363e+001
3.058116e+003,2.737242e+001
3.058598e+003,2.736128e+001
3.059080e+003,2.735035e+001
3.059563e+003,2.733966e+001
3.060045e+003,2.732914e+001
3.060527e+003,2.731864e+001
3.061009e+003,2.730802e+001
3.061491e+003,2.729718e+001
3.061973e+003,2.728607e+001
3.062455e+003,2.727468e+001
3.062937e+003,2.726302e+001
3.063419e+003,2.725109e+001
3.063902e+003,2.723890e+001
3.064384e+003,2.722651e+001
3.064866e+003,2.721401e+001
3.065348e+003,2.720156e+001
3.065830e+003,2.718936e+001
3.066312e+003,2.717754e+001
3.066794e+003,2.716621e+001
3.067276e+003,2.715535e+001
3.067759e+003,2.714485e+001
3.068241e+003,2.713461e+001
3.068723e+003,2.712449e+001
3.069205e+003,2.711444e+001
3.069687e+003,2.710444e+001
3.070169e+003,2.709452e+001
3.070651e+003,2.708473e+001
3.071134e+003,2.707504e+001
3.071615e+003,2.706543e+001
3.072098e+003,2.705583e+001
3.072580e+003,2.704617e+001
3.073062e+003,2.703638e+001
3.073544e+003,2.702646e+001
3.074026e+003,2.701637e+001
3.074508e+003,2.700616e+001
3.074990e+003,2.699588e+001
3.075473e+003,2.698561e+001
3.075955e+003,2.697547e+001
3.076437e+003,2.696560e+001
3.076919e+003,2.695608e+001
3.077401e+003,2.694692e+001
3.077883e+003,2.693805e+001
3.078365e+003,2.692925e+001
3.078847e+003,2.692026e+001
3.079330e+003,2.691080e+001
3.079812e+003,2.690074e+001
3.080294e+003,2.689002e+001
3.080776e+003,2.687877e+001
3.081258e+003,2.686720e+001
3.081740e+003,2.685553e+001
3.082222e+003,2.684392e+001
3.082704e+003,2.683242e+001
3.083187e+003,2.682102e+001
3.083669e+003,2.680965e+001
3.084151e+003,2.679828e+001
3.084633e+003,2.678691e+001
3.085115e+003,2.677559e+001
3.085597e+003,2.676434e+001
3.086079e+003,2.675318e+001
3.086562e+003,2.674203e+001
3.087043e+003,2.673081e+001
3.087526e+003,2.671944e+001
3.088008e+003,2.670790e+001
3.088490e+003,2.669626e+001
3.088972e+003,2.668465e+001
3.089454e+003,2.667323e+001
3.089936e+003,2.666214e+001
3.090418e+003,2.665143e+001
3.090901e+003,2.664104e+001
3.091383e+003,2.663088e+001
3.091865e+003,2.662079e+001
3.092347e+003,2.661064e+001
3.092829e+003,2.660030e+001
3.093311e+003,2.658973e+001
3.093793e+003,2.657890e+001
3.094275e+003,2.656785e+001
3.094758e+003,2.655667e+001
3.095240e+003,2.654553e+001
3.095722e+003,2.653459e+001
3.096204e+003,2.652405e+001
3.096686e+003,2.651401e+001
3.097168e+003,2.650450e+001
3.097650e+003,2.649541e+001
3.098132e+003,2.648650e+001
3.098615e+003,2.647751e+001
3.099097e+003,2.646820e+001
3.099579e+003,2.645842e+001
3.100061e+003,2.644814e+001
3.100543e+003,2.643745e+001
3.101025e+003,2.642649e+001
3.101507e+003,2.641540e+001
3.101990e+003,2.640430e+001
3.102471e+003,2.639326e+001
3.102954e+003,2.638235e+001
3.103436e+003,2.637159e+001
3.103918e+003,2.636107e+001
3.104400e+003,2.635085e+001
3.104882e+003,2.634097e+001
3.105364e+003,2.633140e+001
3.105846e+003,2.632207e+001
3.106329e+003,2.631283e+001
3.106811e+003,2.630351e+001
3.107293e+003,2.629399e+001
3.107775e+003,2.628414e+001
3.108257e+003,2.627393e+001
3.108739e+003,2.626334e+001
3.109221e+003,2.625236e+001
3.109703e+003,2.624104e+001
3.110186e+003,2.622944e+001
3.110668e+003,2.621770e+001
3.111150e+003,2.620596e+001
3.111632e+003,2.619436e+001
3.112114e+003,2.618306e+001
3.112596e+003,2.617209e+001
3.113078e+003,2.616138e+001
3.113560e+003,2.615078e+001
3.114042e+003,2.614013e+001
3.114525e+003,2.612928e+001
3.115007e+003,2.611821e+001
3.115489e+003,2.610702e+001
3.115971e+003,2.609586e+001
3.116453e+003,2.608494e+001
3.116935e+003,2.607441e+001
3.117417e+003,2.606429e+001
3.117900e+003,2.605454e+001
3.118382e+003,2.604503e+001
3.118864e+003,2.603563e+001
3.119346e+003,2.602621e+001
3.119828e+003,2.601668e+001
3.120310e+003,2.600698e+001
3.120792e+003,2.599705e+001
3.121274e+003,2.598682e+001
3.121757e+003,2.597626e+001
3.122239e+003,2.596535e+001
3.122721e+003,2.595411e+001
3.123203e+003,2.594263e+001
3.123685e+003,2.593102e+001
3.124167e+003,2.591935e+001
3.124649e+003,2.590772e+001
3.125131e+003,2.589614e+001
3.125614e+003,2.588469e+001
3.126096e+003,2.587343e+001
3.126578e+003,2.586249e+001
3.127060e+003,2.585203e+001
3.127542e+003,2.584217e+001
3.128024e+003,2.583297e+001
3.128506e+003,2.582436e+001
3.128988e+003,2.581612e+001
3.129470e+003,2.580797e+001
3.129953e+003,2.579963e+001
3.130435e+003,2.579085e+001
3.130917e+003,2.578152e+001
3.131399e+003,2.577164e+001
3.131881e+003,2.576129e+001
3.132363e+003,2.575058e+001
3.132845e+003,2.573960e+001
3.133328e+003,2.572843e+001
3.133810e+003,2.571712e+001
3.134292e+003,2.570575e+001
3.134774e+003,2.569437e+001
3.135256e+003,2.568311e+001
3.135738e+003,2.567203e+001
3.136220e+003,2.566122e+001
3.136702e+003,2.565072e+001
3.137185e+003,2.564050e+001
3.137667e+003,2.563055e+001
3.138149e+003,2.562079e+001
3.138631e+003,2.561118e+001
3.139113e+003,2.560159e+001
3.139595e+003,2.559190e+001
3.140077e+003,2.558194e+001
3.140559e+003,2.557158e+001
3.141042e+003,2.556072e+001
3.141524e+003,2.554939e+001
3.142006e+003,2.553771e+001
3.142488e+003,2.552595e+001
3.142970e+003,2.551441e+001
3.143452e+003,2.550331e+001
3.143934e+003,2.549282e+001
3.144417e+003,2.548292e+001
3.144898e+003,2.547348e+001
3.145381e+003,2.546431e+001
3.145863e+003,2.545522e+001
3.146345e+003,2.544603e+001
3.146827e+003,2.543666e+001
3.147309e+003,2.542705e+001
3.147791e+003,2.541721e+001
3.148273e+003,2.540711e+001
3.148756e+003,2.539674e+001
3.149238e+003,2.538612e+001
3.149720e+003,2.537527e+001
3.150202e+003,2.536426e+001
3.150684e+003,2.535313e+001
3.151166e+003,2.534196e+001
3.151648e+003,2.533076e+001
3.152130e+003,2.531956e+001
3.152613e+003,2.530836e+001
3.153095e+003,2.529717e+001
3.153577e+003,2.528604e+001
3.154059e+003,2.527503e+001
3.154541e+003,2.526417e+001
3.155023e+003,2.525347e+001
3.155505e+003,2.524289e+001
3.155987e+003,2.523234e+001
3.156469e+003,2.522178e+001
3.156952e+003,2.521118e+001
3.157434e+003,2.520061e+001
3.157916e+003,2.519019e+001
3.158398e+003,2.518005e+001
3.158880e+003,2.517029e+001
3.159362e+003,2.516090e+001
3.159844e+003,2.515180e+001
3.160326e+003,2.514284e+001
3.160809e+003,2.513389e+001
3.161291e+003,2.512486e+001
3.161773e+003,2.511572e+001
3.162255e+003,2.510649e+001
3.162737e+003,2.509717e+001
3.163219e+003,2.508774e+001
3.163701e+003,2.507813e+001
3.164184e+003,2.506823e+001
3.164666e+003,2.505798e+001
3.165148e+003,2.504737e+001
3.165630e+003,2.503651e+001
3.166112e+003,2.502554e+001
3.166594e+003,2.501462e+001
3.167076e+003,2.500389e+001
3.167558e+003,2.499337e+001
3.168041e+003,2.498303e+001
3.168523e+003,2.497279e+001
3.169005e+003,2.496253e+001
3.169487e+003,2.495215e+001
3.169969e+003,2.494158e+001
3.170451e+003,2.493077e+001
3.170933e+003,2.491966e+001
3.171415e+003,2.490822e+001
3.171897e+003,2.489645e+001
3.172380e+003,2.488442e+001
3.172862e+003,2.487222e+001
3.173344e+003,2.486002e+001
3.173826e+003,2.484795e+001
3.174308e+003,2.483612e+001
3.174790e+003,2.482458e+001
3.175272e+003,2.481329e+001
3.175754e+003,2.480225e+001
3.176237e+003,2.479148e+001
3.176719e+003,2.478108e+001
3.177201e+003,2.477118e+001
3.177683e+003,2.476191e+001
3.178165e+003,2.475330e+001
3.178647e+003,2.474529e+001
3.179129e+003,2.473761e+001
3.179612e+003,2.472996e+001
3.180094e+003,2.472200e+001
3.180576e+003,2.471350e+001
3.181058e+003,2.470436e+001
3.181540e+003,2.469459e+001
3.182022e+003,2.468428e+001
3.182504e+003,2.467356e+001
3.182986e+003,2.466251e+001
3.183469e+003,2.465122e+001
3.183951e+003,2.463974e+001
3.184433e+003,2.462817e+001
3.184915e+003,2.461662e+001
3.185397e+003,2.460525e+001
3.185879e+003,2.459415e+001
3.186361e+003,2.458340e+001
3.186843e+003,2.457294e+001
3.187325e+003,2.456270e+001
3.187808e+003,2.455260e+001
3.188290e+003,2.454257e+001
3.188772e+003,2.453262e+001
3.189254e+003,2.452280e+001
3.189736e+003,2.451313e+001
3.190218e+003,2.450364e+001
3.190700e+003,2.449427e+001
3.191182e+003,2.448489e+001
3.191665e+003,2.447537e+001
3.192147e+003,2.446561e+001
3.192629e+003,2.445557e+001
3.193111e+003,2.444528e+001
3.193593e+003,2.443481e+001
3.194075e+003,2.442425e+001
3.194557e+003,2.441368e+001
3.195040e+003,2.440314e+001
3.195521e+003,2.439269e+001
3.196004e+003,2.438239e+001
3.196486e+003,2.437230e+001
3.196968e+003,2.436244e+001
3.197450e+003,2.435283e+001
3.197932e+003,2.434339e+001
3.198414e+003,2.433398e+001
3.198896e+003,2.432444e+001
3.199379e+003,2.431463e+001
3.199861e+003,2.430445e+001
3.200343e+003,2.429392e+001
3.200825e+003,2.428310e+001
3.201307e+003,2.427210e+001
3.201789e+003,2.426104e+001
3.202271e+003,2.424997e+001
3.202753e+003,2.423893e+001
3.203236e+003,2.422795e+001
3.203718e+003,2.421707e+001
3.204200e+003,2.420633e+001
3.204682e+003,2.419578e+001
3.205164e+003,2.418542e+001
3.205646e+003,2.417523e+001
3.206128e+003,2.416511e+001
3.206610e+003,2.415495e+001
3.207093e+003,2.414466e+001
3.207575e+003,2.413417e+001
3.208057e+003,2.412352e+001
3.208539e+003,2.411275e+001
3.209021e+003,2.410189e+001
3.209503e+003,2.409098e+001
3.209985e+003,2.408002e+001
3.210468e+003,2.406898e+001
3.210949e+003,2.405786e+001
3.211432e+003,2.404673e+001
3.211914e+003,2.403576e+001
3.212396e+003,2.402512e+001
3.212878e+003,2.401495e+001
3.213360e+003,2.400538e+001
3.213842e+003,2.399636e+001
3.214324e+003,2.398779e+001
3.214807e+003,2.397949e+001
3.215289e+003,2.397126e+001
3.215771e+003,2.396292e+001
3.216253e+003,2.395433e+001
3.216735e+003,2.394538e+001
3.217217e+003,2.393600e+001
3.217699e+003,2.392614e+001
3.218181e+003,2.391578e+001
3.218664e+003,2.390499e+001
3.219146e+003,2.389390e+001
3.219628e+003,2.388274e+001
3.220110e+003,2.387171e+001
3.220592e+003,2.386098e+001
3.221074e+003,2.385064e+001
3.221556e+003,2.384063e+001
3.222038e+003,2.383083e+001
3.222521e+003,2.382111e+001
3.223003e+003,2.381136e+001
3.223485e+003,2.380153e+001
3.223967e+003,2.379172e+001
3.224449e+003,2.378200e+001
3.224931e+003,2.377245e+001
3.225413e+003,2.376311e+001
3.225896e+003,2.375394e+001
3.226377e+003,2.374486e+001
3.226860e+003,2.373576e+001
3.227342e+003,2.372654e+001
3.227824e+003,2.371712e+001
3.228306e+003,2.370747e+001
3.228788e+003,2.369759e+001
3.229270e+003,2.368751e+001
3.229752e+003,2.367728e+001
3.230235e+003,2.366701e+001
3.230717e+003,2.365678e+001
3.231199e+003,2.364667e+001
3.231681e+003,2.363670e+001
3.232163e+003,2.362677e+001
3.232645e+003,2.361675e+001
3.233127e+003,2.360638e+001
3.233609e+003,2.359551e+001
3.234092e+003,2.358406e+001
3.234574e+003,2.357210e+001
3.235056e+003,2.355986e+001
3.235538e+003,2.354767e+001
3.236020e+003,2.353585e+001
3.236502e+003,2.352461e+001
3.236984e+003,2.351400e+001
3.237466e+003,2.350390e+001
3.237948e+003,2.349408e+001
3.238431e+003,2.348430e+001
3.238913e+003,2.347432e+001
3.239395e+003,2.346404e+001
3.239877e+003,2.345344e+001
3.240359e+003,2.344261e+001
3.240841e+003,2.343168e+001
3.241323e+003,2.342082e+001
3.241806e+003,2.341020e+001
3.242288e+003,2.339994e+001
3.242770e+003,2.339012e+001
3.243252e+003,2.338073e+001
3.243734e+003,2.337169e+001
3.244216e+003,2.336288e+001
3.244698e+003,2.335413e+001
3.245180e+003,2.334533e+001
3.245663e+003,2.333646e+001
3.246145e+003,2.332759e+001
3.246627e+003,2.331888e+001
3.247109e+003,2.331047e+001
3.247591e+003,2.330247e+001
3.248073e+003,2.329482e+001
3.248555e+003,2.328736e+001
3.249037e+003,2.327977e+001
3.249520e+003,2.327176e+001
3.250002e+003,2.326305e+001
3.250484e+003,2.325348e+001
3.250966e+003,2.324304e+001
3.251448e+003,2.323181e+001
3.251930e+003,2.322000e+001
3.252412e+003,2.320784e+001
3.252894e+003,2.319556e+001
3.253376e+003,2.318344e+001
3.253859e+003,2.317167e+001
3.254341e+003,2.316043e+001
3.254823e+003,2.314977e+001
3.255305e+003,2.313965e+001
3.255787e+003,2.312993e+001
3.256269e+003,2.312039e+001
3.256751e+003,2.311080e+001
3.257234e+003,2.310100e+001
3.257716e+003,2.309093e+001
3.258198e+003,2.308068e+001
3.258680e+003,2.307036e+001
3.259162e+003,2.306016e+001
3.259644e+003,2.305021e+001
3.260126e+003,2.304057e+001
3.260608e+003,2.303126e+001
3.261091e+003,2.302224e+001
3.261573e+003,2.301347e+001
3.262055e+003,2.300488e+001
3.262537e+003,2.299642e+001
3.263019e+003,2.298800e+001
3.263501e+003,2.297951e+001
3.263983e+003,2.297078e+001
3.264465e+003,2.296167e+001
3.264948e+003,2.295213e+001
3.265430e+003,2.294212e+001
3.265912e+003,2.293173e+001
3.266394e+003,2.292108e+001
3.266876e+003,2.291028e+001
3.267358e+003,2.289943e+001
3.267840e+003,2.288857e+001
3.268323e+003,2.287770e+001
3.268804e+003,2.286684e+001
3.269287e+003,2.285604e+001
3.269769e+003,2.284540e+001
3.270251e+003,2.283504e+001
3.270733e+003,2.282505e+001
3.271215e+003,2.281546e+001
3.271697e+003,2.280621e+001
3.272179e+003,2.279719e+001
3.272662e+003,2.278827e+001
3.273144e+003,2.277933e+001
3.273626e+003,2.277029e+001
3.274108e+003,2.276108e+001
3.274590e+003,2.275165e+001
3.275072e+003,2.274196e+001
3.275554e+003,2.273195e+001
3.276036e+003,2.272162e+001
3.276519e+003,2.271102e+001
3.277001e+003,2.270029e+001
3.277483e+003,2.268961e+001
3.277965e+003,2.267916e+001
3.278447e+003,2.266905e+001
3.278929e+003,2.265927e+001
3.279411e+003,2.264970e+001
3.279893e+003,2.264014e+001
3.280375e+003,2.263042e+001
3.280858e+003,2.262042e+001
3.281340e+003,2.261017e+001
3.281822e+003,2.259978e+001
3.282304e+003,2.258947e+001
3.282786e+003,2.257942e+001
3.283268e+003,2.256976e+001
3.283750e+003,2.256054e+001
3.284232e+003,2.255176e+001
3.284715e+003,2.254331e+001
3.285197e+003,2.253510e+001
3.285679e+003,2.252698e+001
3.286161e+003,2.251878e+001
3.286643e+003,2.251032e+001
3.287125e+003,2.250146e+001
3.287607e+003,2.249209e+001
3.288090e+003,2.248220e+001
3.288572e+003,2.247188e+001
3.289054e+003,2.246131e+001
3.289536e+003,2.245069e+001
3.290018e+003,2.244020e+001
3.290500e+003,2.242997e+001
3.290982e+003,2.241999e+001
3.291464e+003,2.241023e+001
3.291947e+003,2.240067e+001
3.292429e+003,2.239127e+001
3.292911e+003,2.238206e+001
3.293393e+003,2.237308e+001
3.293875e+003,2.236431e+001
3.294357e+003,2.235564e+001
3.294839e+003,2.234688e+001
3.295321e+003,2.233777e+001
3.295803e+003,2.232805e+001
3.296286e+003,2.231756e+001
3.296768e+003,2.230624e+001
3.297250e+003,2.229420e+001
3.297732e+003,2.228165e+001
3.298214e+003,2.226890e+001
3.298696e+003,2.225625e+001
3.299178e+003,2.224404e+001
3.299660e+003,2.223257e+001
3.300143e+003,2.222210e+001
3.300625e+003,2.221278e+001
3.301107e+003,2.220468e+001
3.301589e+003,2.219767e+001
3.302071e+003,2.219150e+001
3.302553e+003,2.218571e+001
3.303035e+003,2.217982e+001
3.303518e+003,2.217339e+001
3.304000e+003,2.216604e+001
3.304482e+003,2.215761e+001
3.304964e+003,2.214809e+001
3.305446e+003,2.213762e+001
3.305928e+003,2.212645e+001
3.306410e+003,2.211485e+001
3.306892e+003,2.210312e+001
3.307375e+003,2.209151e+001
3.307857e+003,2.208027e+001
3.308339e+003,2.206951e+001
3.308821e+003,2.205928e+001
3.309303e+003,2.204949e+001
3.309785e+003,2.203999e+001
3.310267e+003,2.203053e+001
3.310749e+003,2.202097e+001
3.311231e+003,2.201122e+001
3.311714e+003,2.200132e+001
3.312196e+003,2.199142e+001
3.312678e+003,2.198165e+001
3.313160e+003,2.197214e+001
3.313642e+003,2.196287e+001
3.314124e+003,2.195374e+001
3.314606e+003,2.194457e+001
3.315088e+003,2.193527e+001
3.315571e+003,2.192577e+001
3.316053e+003,2.191620e+001
3.316535e+003,2.190670e+001
3.317017e+003,2.189746e+001
3.317499e+003,2.188860e+001
3.317981e+003,2.188008e+001
3.318463e+003,2.187176e+001
3.318946e+003,2.186345e+001
3.319427e+003,2.185492e+001
3.319910e+003,2.184601e+001
3.320392e+003,2.183666e+001
3.320874e+003,2.182684e+001
3.321356e+003,2.181662e+001
3.321838e+003,2.180605e+001
3.322320e+003,2.179524e+001
3.322802e+003,2.178432e+001
3.323285e+003,2.177340e+001
3.323767e+003,2.176265e+001
3.324249e+003,2.175214e+001
3.324731e+003,2.174195e+001
3.325213e+003,2.173206e+001
3.325695e+003,2.172239e+001
3.326177e+003,2.171285e+001
3.326659e+003,2.170338e+001
3.327142e+003,2.169398e+001
3.327624e+003,2.168471e+001
3.328106e+003,2.167564e+001
3.328588e+003,2.166681e+001
3.329070e+003,2.165818e+001
3.329552e+003,2.164966e+001
3.330034e+003,2.164108e+001
3.330516e+003,2.163235e+001
3.330999e+003,2.162343e+001
3.331481e+003,2.161434e+001
3.331963e+003,2.160517e+001
3.332445e+003,2.159601e+001
3.332927e+003,2.158689e+001
3.333409e+003,2.157776e+001
3.333891e+003,2.156852e+001
3.334374e+003,2.155909e+001
3.334855e+003,2.154942e+001
3.335338e+003,2.153960e+001
3.335820e+003,2.152973e+001
3.336302e+003,2.151994e+001
3.336784e+003,2.151030e+001
3.337266e+003,2.150079e+001
3.337748e+003,2.149134e+001
3.338230e+003,2.148181e+001
3.338713e+003,2.147215e+001
3.339195e+003,2.146234e+001
3.339677e+003,2.145244e+001
3.340159e+003,2.144255e+001
3.340641e+003,2.143279e+001
3.341123e+003,2.142320e+001
3.341605e+003,2.141379e+001
3.342087e+003,2.140454e+001
3.342570e+003,2.139543e+001
3.343052e+003,2.138643e+001
3.343534e+003,2.137755e+001
3.344016e+003,2.136877e+001
3.344498e+003,2.136004e+001
3.344980e+003,2.135129e+001
3.345462e+003,2.134241e+001
3.345944e+003,2.133334e+001
3.346427e+003,2.132403e+001
3.346909e+003,2.131449e+001
3.347391e+003,2.130477e+001
3.347873e+003,2.129488e+001
3.348355e+003,2.128486e+001
3.348837e+003,2.127470e+001
3.349319e+003,2.126439e+001
3.349802e+003,2.125399e+001
3.350283e+003,2.124358e+001
3.350766e+003,2.123333e+001
3.351248e+003,2.122340e+001
3.351730e+003,2.121390e+001
3.352212e+003,2.120485e+001
3.352694e+003,2.119613e+001
3.353176e+003,2.118758e+001
3.353658e+003,2.117898e+001
3.354141e+003,2.117018e+001
3.354623e+003,2.116112e+001
3.355105e+003,2.115185e+001
3.355587e+003,2.114249e+001
3.356069e+003,2.113318e+001
3.356551e+003,2.112405e+001
3.357033e+003,2.111515e+001
3.357515e+003,2.110656e+001
3.357998e+003,2.109828e+001
3.358480e+003,2.109029e+001
3.358962e+003,2.108254e+001
3.359444e+003,2.107497e+001
3.359926e+003,2.106742e+001
3.360408e+003,2.105974e+001
3.360890e+003,2.105174e+001
3.361372e+003,2.104333e+001
3.361854e+003,2.103455e+001
3.362337e+003,2.102547e+001
3.362819e+003,2.101632e+001
3.363301e+003,2.100729e+001
3.363783e+003,2.099856e+001
3.364265e+003,2.099020e+001
3.364747e+003,2.098223e+001
3.365229e+003,2.097459e+001
3.365712e+003,2.096720e+001
3.366194e+003,2.095997e+001
3.366676e+003,2.095280e+001
3.367158e+003,2.094557e+001
3.367640e+003,2.093811e+001
3.368122e+003,2.093018e+001
3.368604e+003,2.092156e+001
3.369086e+003,2.091209e+001
3.369569e+003,2.090171e+001
3.370051e+003,2.089051e+001
3.370533e+003,2.087868e+001
3.371015e+003,2.086649e+001
3.371497e+003,2.085425e+001
3.371979e+003,2.084221e+001
3.372461e+003,2.083055e+001
3.372943e+003,2.081939e+001
3.373426e+003,2.080880e+001
3.373908e+003,2.079881e+001
3.374390e+003,2.078942e+001
3.374872e+003,2.078057e+001
3.375354e+003,2.077220e+001
3.375836e+003,2.076416e+001
3.376318e+003,2.075637e+001
3.376800e+003,2.074872e+001
3.377282e+003,2.074117e+001
3.377765e+003,2.073371e+001
3.378247e+003,2.072637e+001
3.378729e+003,2.071913e+001
3.379211e+003,2.071192e+001
3.379693e+003,2.070460e+001
3.380175e+003,2.069702e+001
3.380657e+003,2.068899e+001
3.381140e+003,2.068044e+001
3.381622e+003,2.067131e+001
3.382104e+003,2.066169e+001
3.382586e+003,2.065170e+001
3.383068e+003,2.064152e+001
3.383550e+003,2.063132e+001
3.384032e+003,2.062129e+001
3.384514e+003,2.061161e+001
3.384997e+003,2.060242e+001
3.385479e+003,2.059380e+001
3.385961e+003,2.058574e+001
3.386443e+003,2.057818e+001
3.386925e+003,2.057091e+001
3.387407e+003,2.056370e+001
3.387889e+003,2.055634e+001
3.388371e+003,2.054870e+001
3.388854e+003,2.054071e+001
3.389336e+003,2.053243e+001
3.389818e+003,2.052391e+001
3.390300e+003,2.051521e+001
3.390782e+003,2.050631e+001
3.391264e+003,2.049715e+001
3.391746e+003,2.048762e+001
3.392229e+003,2.047765e+001
3.392710e+003,2.046726e+001
3.393193e+003,2.045658e+001
3.393675e+003,2.044575e+001
3.394157e+003,2.043495e+001
3.394639e+003,2.042435e+001
3.395121e+003,2.041404e+001
3.395603e+003,2.040410e+001
3.396085e+003,2.039462e+001
3.396568e+003,2.038575e+001
3.397050e+003,2.037763e+001
3.397532e+003,2.037039e+001
3.398014e+003,2.036404e+001
3.398496e+003,2.035849e+001
3.398978e+003,2.035345e+001
3.399460e+003,2.034855e+001
3.399942e+003,2.034337e+001
3.400425e+003,2.033755e+001
3.400907e+003,2.033084e+001
3.401389e+003,2.032311e+001
3.401871e+003,2.031435e+001
3.402353e+003,2.030467e+001
3.402835e+003,2.029422e+001
3.403317e+003,2.028325e+001
3.403799e+003,2.027202e+001
3.404281e+003,2.026089e+001
3.404764e+003,2.025017e+001
3.405246e+003,2.024010e+001
3.405728e+003,2.023082e+001
3.406210e+003,2.022229e+001
3.406692e+003,2.021429e+001
3.407174e+003,2.020658e+001
3.407656e+003,2.019886e+001
3.408138e+003,2.019095e+001
3.408621e+003,2.018277e+001
3.409103e+003,2.017436e+001
3.409585e+003,2.016582e+001
3.410067e+003,2.015718e+001
3.410549e+003,2.014849e+001
3.411031e+003,2.013968e+001
3.411513e+003,2.013070e+001
3.411996e+003,2.012150e+001
3.412478e+003,2.011214e+001
3.412960e+003,2.010273e+001
3.413442e+003,2.009342e+001
3.413924e+003,2.008437e+001
3.414406e+003,2.007565e+001
3.414888e+003,2.006727e+001
3.415370e+003,2.005917e+001
3.415853e+003,2.005122e+001
3.416335e+003,2.004329e+001
3.416817e+003,2.003522e+001
3.417299e+003,2.002690e+001
3.417781e+003,2.001820e+001
3.418263e+003,2.000904e+001
3.418745e+003,1.999939e+001
3.419227e+003,1.998935e+001
3.419709e+003,1.997907e+001
3.420192e+003,1.996883e+001
3.420674e+003,1.995890e+001
3.421156e+003,1.994951e+001
3.421638e+003,1.994081e+001
3.422120e+003,1.993276e+001
3.422602e+003,1.992525e+001
3.423084e+003,1.991809e+001
3.423566e+003,1.991107e+001
3.424049e+003,1.990404e+001
3.424531e+003,1.989691e+001
3.425013e+003,1.988963e+001
3.425495e+003,1.988222e+001
3.425977e+003,1.987469e+001
3.426459e+003,1.986708e+001
3.426941e+003,1.985942e+001
3.427424e+003,1.985173e+001
3.427906e+003,1.984401e+001
3.428388e+003,1.983622e+001
3.428870e+003,1.982826e+001
3.429352e+003,1.982003e+001
3.429834e+003,1.981142e+001
3.430316e+003,1.980237e+001
3.430798e+003,1.979295e+001
3.431281e+003,1.978335e+001
3.431763e+003,1.977381e+001
3.432245e+003,1.976460e+001
3.432727e+003,1.975588e+001
3.433209e+003,1.974771e+001
3.433691e+003,1.973995e+001
3.434173e+003,1.973242e+001
3.434655e+003,1.972488e+001
3.435137e+003,1.971718e+001
3.435620e+003,1.970925e+001
3.436102e+003,1.970108e+001
3.436584e+003,1.969276e+001
3.437066e+003,1.968435e+001
3.437548e+003,1.967588e+001
3.438030e+003,1.966736e+001
3.438512e+003,1.965875e+001
3.438994e+003,1.965003e+001
3.439477e+003,1.964122e+001
3.439959e+003,1.963234e+001
3.440441e+003,1.962342e+001
3.440923e+003,1.961449e+001
3.441405e+003,1.960556e+001
3.441887e+003,1.959666e+001
3.442369e+003,1.958785e+001
3.442852e+003,1.957916e+001
3.443333e+003,1.957067e+001
3.443816e+003,1.956242e+001
3.444298e+003,1.955435e+001
3.444780e+003,1.954637e+001
3.445262e+003,1.953832e+001
3.445744e+003,1.953006e+001
3.446226e+003,1.952151e+001
3.446708e+003,1.951271e+001
3.447191e+003,1.950381e+001
3.447673e+003,1.949497e+001
3.448155e+003,1.948632e+001
3.448637e+003,1.947790e+001
3.449119e+003,1.946965e+001
3.449601e+003,1.946142e+001
3.450083e+003,1.945311e+001
3.450565e+003,1.944469e+001
3.451048e+003,1.943622e+001
3.451530e+003,1.942785e+001
3.452012e+003,1.941973e+001
3.452494e+003,1.941201e+001
3.452976e+003,1.940470e+001
3.453458e+003,1.939773e+001
3.453940e+003,1.939098e+001
3.454422e+003,1.938430e+001
3.454905e+003,1.937754e+001
3.455387e+003,1.937058e+001
3.455869e+003,1.936330e+001
3.456351e+003,1.935566e+001
3.456833e+003,1.934757e+001
3.457315e+003,1.933904e+001
3.457797e+003,1.933012e+001
3.458280e+003,1.932093e+001
3.458761e+003,1.931161e+001
3.459244e+003,1.930233e+001
3.459726e+003,1.929314e+001
3.460208e+003,1.928408e+001
3.460690e+003,1.927502e+001
3.461172e+003,1.926589e+001
3.461654e+003,1.925661e+001
3.462136e+003,1.924722e+001
3.462619e+003,1.923783e+001
3.463101e+003,1.922864e+001
3.463583e+003,1.921981e+001
3.464065e+003,1.921144e+001
3.464547e+003,1.920353e+001
3.465029e+003,1.919596e+001
3.465511e+003,1.918864e+001
3.465993e+003,1.918143e+001
3.466476e+003,1.917429e+001
3.466958e+003,1.916718e+001
3.467440e+003,1.916007e+001
3.467922e+003,1.915295e+001
3.468404e+003,1.914574e+001
3.468886e+003,1.913836e+001
3.469368e+003,1.913077e+001
3.469850e+003,1.912298e+001
3.470333e+003,1.911506e+001
3.470815e+003,1.910711e+001
3.471297e+003,1.909920e+001
3.471779e+003,1.909137e+001
3.472261e+003,1.908356e+001
3.472743e+003,1.907568e+001
3.473225e+003,1.906762e+001
3.473708e+003,1.905933e+001
3.474189e+003,1.905085e+001
3.474672e+003,1.904226e+001
3.475154e+003,1.903369e+001
3.475636e+003,1.902526e+001
3.476118e+003,1.901706e+001
3.476600e+003,1.900913e+001
3.477082e+003,1.900149e+001
3.477564e+003,1.899414e+001
3.478047e+003,1.898707e+001
3.478529e+003,1.898022e+001
3.479011e+003,1.897346e+001
3.479493e+003,1.896661e+001
3.479975e+003,1.895941e+001
3.480457e+003,1.895164e+001
3.480939e+003,1.894317e+001
3.481421e+003,1.893402e+001
3.481904e+003,1.892437e+001
3.482386e+003,1.891452e+001
3.482868e+003,1.890476e+001
3.483350e+003,1.889534e+001
3.483832e+003,1.888635e+001
3.484314e+003,1.887775e+001
3.484796e+003,1.886944e+001
3.485278e+003,1.886129e+001
3.485760e+003,1.885320e+001
3.486243e+003,1.884512e+001
3.486725e+003,1.883705e+001
3.487207e+003,1.882900e+001
3.487689e+003,1.882099e+001
3.488171e+003,1.881302e+001
3.488653e+003,1.880516e+001
3.489135e+003,1.879742e+001
3.489618e+003,1.878987e+001
3.490100e+003,1.878255e+001
3.490582e+003,1.877543e+001
3.491064e+003,1.876844e+001
3.491546e+003,1.876144e+001
3.492028e+003,1.875427e+001
3.492510e+003,1.874679e+001
3.492992e+003,1.873892e+001
3.493475e+003,1.873066e+001
3.493957e+003,1.872206e+001
3.494439e+003,1.871321e+001
3.494921e+003,1.870422e+001
3.495403e+003,1.869518e+001
3.495885e+003,1.868623e+001
3.496367e+003,1.867750e+001
3.496849e+003,1.866922e+001
3.497332e+003,1.866158e+001
3.497814e+003,1.865472e+001
3.498296e+003,1.864867e+001
3.498778e+003,1.864330e+001
3.499260e+003,1.863832e+001
3.499742e+003,1.863334e+001
3.500224e+003,1.862800e+001
3.500706e+003,1.862201e+001
3.501188e+003,1.861523e+001
3.501671e+003,1.860771e+001
3.502153e+003,1.859960e+001
3.502635e+003,1.859114e+001
3.503117e+003,1.858257e+001
3.503599e+003,1.857408e+001
3.504081e+003,1.856580e+001
3.504563e+003,1.855779e+001
3.505046e+003,1.855002e+001
3.505528e+003,1.854244e+001
3.506010e+003,1.853491e+001
3.506492e+003,1.852727e+001
3.506974e+003,1.851934e+001
3.507456e+003,1.851103e+001
3.507938e+003,1.850229e+001
3.508420e+003,1.849321e+001
3.508903e+003,1.848397e+001
3.509385e+003,1.847480e+001
3.509867e+003,1.846588e+001
3.510349e+003,1.845731e+001
3.510831e+003,1.844908e+001
3.511313e+003,1.844113e+001
3.511795e+003,1.843337e+001
3.512277e+003,1.842578e+001
3.512760e+003,1.841835e+001
3.513242e+003,1.841113e+001
3.513724e+003,1.840411e+001
3.514206e+003,1.839725e+001
3.514688e+003,1.839044e+001
3.515170e+003,1.838352e+001
3.515652e+003,1.837640e+001
3.516135e+003,1.836910e+001
3.516616e+003,1.836169e+001
3.517099e+003,1.835435e+001
3.517581e+003,1.834727e+001
3.518063e+003,1.834053e+001
3.518545e+003,1.833414e+001
3.519027e+003,1.832797e+001
3.519509e+003,1.832188e+001
3.519991e+003,1.831569e+001
3.520474e+003,1.830929e+001
3.520956e+003,1.830263e+001
3.521438e+003,1.829571e+001
3.521920e+003,1.828854e+001
3.522402e+003,1.828115e+001
3.522884e+003,1.827354e+001
3.523366e+003,1.826573e+001
3.523848e+003,1.825770e+001
3.524331e+003,1.824950e+001
3.524813e+003,1.824110e+001
3.525295e+003,1.823251e+001
3.525777e+003,1.822368e+001
3.526259e+003,1.821458e+001
3.526741e+003,1.820522e+001
3.527223e+003,1.819570e+001
3.527705e+003,1.818620e+001
3.528188e+003,1.817694e+001
3.528670e+003,1.816813e+001
3.529152e+003,1.815983e+001
3.529634e+003,1.815198e+001
3.530116e+003,1.814439e+001
3.530598e+003,1.813681e+001
3.531080e+003,1.812905e+001
3.531563e+003,1.812106e+001
3.532044e+003,1.811292e+001
3.532527e+003,1.810479e+001
3.533009e+003,1.809690e+001
3.533491e+003,1.808934e+001
3.533973e+003,1.808216e+001
3.534455e+003,1.807523e+001
3.534937e+003,1.806844e+001
3.535419e+003,1.806166e+001
3.535902e+003,1.805485e+001
3.536384e+003,1.804803e+001
3.536866e+003,1.804128e+001
3.537348e+003,1.803465e+001
3.537830e+003,1.802811e+001
3.538312e+003,1.802159e+001
3.538794e+003,1.801495e+001
3.539276e+003,1.800806e+001
3.539759e+003,1.800084e+001
3.540241e+003,1.799332e+001
3.540723e+003,1.798553e+001
3.541205e+003,1.797761e+001
3.541687e+003,1.796965e+001
3.542169e+003,1.796178e+001
3.542651e+003,1.795407e+001
3.543133e+003,1.794655e+001
3.543615e+003,1.793922e+001
3.544098e+003,1.793202e+001
3.544580e+003,1.792484e+001
3.545062e+003,1.791757e+001
3.545544e+003,1.791010e+001
3.546026e+003,1.790244e+001
3.546508e+003,1.789465e+001
3.546990e+003,1.788693e+001
3.547472e+003,1.787945e+001
3.547955e+003,1.787232e+001
3.548437e+003,1.786552e+001
3.548919e+003,1.785890e+001
3.549401e+003,1.785217e+001
3.549883e+003,1.784506e+001
3.550365e+003,1.783740e+001
3.550847e+003,1.782922e+001
3.551330e+003,1.782074e+001
3.551812e+003,1.781233e+001
3.552294e+003,1.780437e+001
3.552776e+003,1.779717e+001
3.553258e+003,1.779074e+001
3.553740e+003,1.778491e+001
3.554222e+003,1.777934e+001
3.554704e+003,1.777360e+001
3.555187e+003,1.776736e+001
3.555669e+003,1.776033e+001
3.556151e+003,1.775240e+001
3.556633e+003,1.774358e+001
3.557115e+003,1.773400e+001
3.557597e+003,1.772391e+001
3.558079e+003,1.771366e+001
3.558561e+003,1.770365e+001
3.559043e+003,1.769431e+001
3.559526e+003,1.768596e+001
3.560008e+003,1.767873e+001
3.560490e+003,1.767257e+001
3.560972e+003,1.766718e+001
3.561454e+003,1.766213e+001
3.561936e+003,1.765695e+001
3.562418e+003,1.765121e+001
3.562900e+003,1.764460e+001
3.563383e+003,1.763694e+001
3.563865e+003,1.762813e+001
3.564347e+003,1.761815e+001
3.564829e+003,1.760702e+001
3.565311e+003,1.759488e+001
3.565793e+003,1.758208e+001
3.566275e+003,1.756916e+001
3.566758e+003,1.755690e+001
3.567240e+003,1.754607e+001
3.567722e+003,1.753718e+001
3.568204e+003,1.753039e+001
3.568686e+003,1.752544e+001
3.569168e+003,1.752181e+001
3.569650e+003,1.751892e+001
3.570132e+003,1.751623e+001
3.570615e+003,1.751335e+001
3.571097e+003,1.750999e+001
3.571579e+003,1.750595e+001
3.572061e+003,1.750114e+001
3.572543e+003,1.749550e+001
3.573025e+003,1.748908e+001
3.573507e+003,1.748205e+001
3.573989e+003,1.747462e+001
3.574471e+003,1.746707e+001
3.574954e+003,1.745965e+001
3.575436e+003,1.745247e+001
3.575918e+003,1.744554e+001
3.576400e+003,1.743869e+001
3.576882e+003,1.743170e+001
3.577364e+003,1.742442e+001
3.577846e+003,1.741679e+001
3.578328e+003,1.740889e+001
3.578811e+003,1.740095e+001
3.579293e+003,1.739323e+001
3.579775e+003,1.738596e+001
3.580257e+003,1.737924e+001
3.580739e+003,1.737305e+001
3.581221e+003,1.736731e+001
3.581703e+003,1.736185e+001
3.582186e+003,1.735650e+001
3.582667e+003,1.735107e+001
3.583150e+003,1.734535e+001
3.583632e+003,1.733909e+001
3.584114e+003,1.733196e+001
3.584596e+003,1.732361e+001
3.585078e+003,1.731376e+001
3.585560e+003,1.730228e+001
3.586042e+003,1.728935e+001
3.586525e+003,1.727553e+001
3.587007e+003,1.726171e+001
3.587489e+003,1.724893e+001
3.587971e+003,1.723802e+001
3.588453e+003,1.722940e+001
3.588935e+003,1.722298e+001
3.589417e+003,1.721828e+001
3.589899e+003,1.721466e+001
3.590382e+003,1.721146e+001
3.590864e+003,1.720809e+001
3.591346e+003,1.720414e+001
3.591828e+003,1.719930e+001
3.592310e+003,1.719344e+001
3.592792e+003,1.718664e+001
3.593274e+003,1.717910e+001
3.593756e+003,1.717114e+001
3.594239e+003,1.716305e+001
3.594721e+003,1.715505e+001
3.595203e+003,1.714717e+001
3.595685e+003,1.713931e+001
3.596167e+003,1.713130e+001
3.596649e+003,1.712300e+001
3.597131e+003,1.711437e+001
3.597614e+003,1.710549e+001
3.598095e+003,1.709651e+001
3.598578e+003,1.708761e+001
3.599060e+003,1.707892e+001
3.599542e+003,1.707051e+001
3.600024e+003,1.706246e+001
3.600506e+003,1.705479e+001
3.600988e+003,1.704760e+001
3.601470e+003,1.704101e+001
3.601953e+003,1.703508e+001
3.602435e+003,1.702983e+001
3.602917e+003,1.702514e+001
3.603399e+003,1.702080e+001
3.603881e+003,1.701649e+001
3.604363e+003,1.701196e+001
3.604845e+003,1.700694e+001
3.605327e+003,1.700129e+001
3.605810e+003,1.699491e+001
3.606292e+003,1.698782e+001
3.606774e+003,1.698009e+001
3.607256e+003,1.697181e+001
3.607738e+003,1.696314e+001
3.608220e+003,1.695428e+001
3.608702e+003,1.694541e+001
3.609184e+003,1.693666e+001
3.609667e+003,1.692802e+001
3.610149e+003,1.691933e+001
3.610631e+003,1.691035e+001
3.611113e+003,1.690077e+001
3.611595e+003,1.689048e+001
3.612077e+003,1.687958e+001
3.612559e+003,1.686851e+001
3.613042e+003,1.685793e+001
3.613524e+003,1.684855e+001
3.614006e+003,1.684090e+001
3.614488e+003,1.683509e+001
3.614970e+003,1.683084e+001
3.615452e+003,1.682754e+001
3.615934e+003,1.682446e+001
3.616416e+003,1.682089e+001
3.616898e+003,1.681628e+001
3.617381e+003,1.681032e+001
3.617863e+003,1.680299e+001
3.618345e+003,1.679454e+001
3.618827e+003,1.678543e+001
3.619309e+003,1.677624e+001
3.619791e+003,1.676749e+001
3.620273e+003,1.675952e+001
3.620755e+003,1.675247e+001
3.621238e+003,1.674621e+001
3.621720e+003,1.674054e+001
3.622202e+003,1.673520e+001
3.622684e+003,1.672998e+001
3.623166e+003,1.672479e+001
3.623648e+003,1.671962e+001
3.624130e+003,1.671458e+001
3.624612e+003,1.670979e+001
3.625094e+003,1.670529e+001
3.625577e+003,1.670087e+001
3.626059e+003,1.669609e+001
3.626541e+003,1.669018e+001
3.627023e+003,1.668215e+001
3.627505e+003,1.667121e+001
3.627987e+003,1.665710e+001
3.628469e+003,1.664063e+001
3.628952e+003,1.662362e+001
3.629434e+003,1.660814e+001
3.629916e+003,1.659562e+001
3.630398e+003,1.658627e+001
3.630880e+003,1.657949e+001
3.631362e+003,1.657430e+001
3.631844e+003,1.656981e+001
3.632326e+003,1.656543e+001
3.632809e+003,1.656089e+001
3.633291e+003,1.655618e+001
3.633773e+003,1.655140e+001
3.634255e+003,1.654666e+001
3.634737e+003,1.654193e+001
3.635219e+003,1.653712e+001
3.635701e+003,1.653202e+001
3.636183e+003,1.652647e+001
3.636666e+003,1.652036e+001
3.637148e+003,1.651374e+001
3.637630e+003,1.650678e+001
3.638112e+003,1.649972e+001
3.638594e+003,1.649281e+001
3.639076e+003,1.648633e+001
3.639558e+003,1.648041e+001
3.640041e+003,1.647513e+001
3.640522e+003,1.647046e+001
3.641005e+003,1.646628e+001
3.641487e+003,1.646250e+001
3.641969e+003,1.645894e+001
3.642451e+003,1.645547e+001
3.642933e+003,1.645198e+001
3.643415e+003,1.644834e+001
3.643897e+003,1.644439e+001
3.644380e+003,1.643991e+001
3.644862e+003,1.643458e+001
3.645344e+003,1.642802e+001
3.645826e+003,1.641981e+001
3.646308e+003,1.640961e+001
3.646790e+003,1.639729e+001
3.647272e+003,1.638315e+001
3.647754e+003,1.636792e+001
3.648237e+003,1.635278e+001
3.648719e+003,1.633910e+001
3.649201e+003,1.632807e+001
3.649683e+003,1.632022e+001
3.650165e+003,1.631544e+001
3.650647e+003,1.631308e+001
3.651129e+003,1.631223e+001
3.651611e+003,1.631209e+001
3.652094e+003,1.631199e+001
3.652576e+003,1.631143e+001
3.653058e+003,1.631005e+001
3.653540e+003,1.630755e+001
3.654022e+003,1.630379e+001
3.654504e+003,1.629880e+001
3.654986e+003,1.629287e+001
3.655469e+003,1.628653e+001
3.655950e+003,1.628049e+001
3.656433e+003,1.627542e+001
3.656915e+003,1.627168e+001
3.657397e+003,1.626924e+001
3.657879e+003,1.626777e+001
3.658361e+003,1.626681e+001
3.658843e+003,1.626593e+001
3.659325e+003,1.626488e+001
3.659808e+003,1.626353e+001
3.660290e+003,1.626183e+001
3.660772e+003,1.625983e+001
3.661254e+003,1.625757e+001
3.661736e+003,1.625509e+001
3.662218e+003,1.625244e+001
3.662700e+003,1.624969e+001
3.663182e+003,1.624694e+001
3.663665e+003,1.624423e+001
3.664147e+003,1.624162e+001
3.664629e+003,1.623909e+001
3.665111e+003,1.623651e+001
3.665593e+003,1.623371e+001
3.666075e+003,1.623046e+001
3.666557e+003,1.622655e+001
3.667039e+003,1.622178e+001
3.667521e+003,1.621593e+001
3.668004e+003,1.620889e+001
3.668486e+003,1.620068e+001
3.668968e+003,1.619151e+001
3.669450e+003,1.618192e+001
3.669932e+003,1.617269e+001
3.670414e+003,1.616456e+001
3.670896e+003,1.615802e+001
3.671378e+003,1.615310e+001
3.671861e+003,1.614946e+001
3.672343e+003,1.614661e+001
3.672825e+003,1.614395e+001
3.673307e+003,1.614100e+001
3.673789e+003,1.613744e+001
3.674271e+003,1.613329e+001
3.674753e+003,1.612894e+001
3.675236e+003,1.612510e+001
3.675718e+003,1.612246e+001
3.676200e+003,1.612140e+001
3.676682e+003,1.612171e+001
3.677164e+003,1.612288e+001
3.677646e+003,1.612434e+001
3.678128e+003,1.612564e+001
3.678610e+003,1.612649e+001
3.679093e+003,1.612669e+001
3.679575e+003,1.612613e+001
3.680057e+003,1.612475e+001
3.680539e+003,1.612247e+001
3.681021e+003,1.611933e+001
3.681503e+003,1.611544e+001
3.681985e+003,1.611101e+001
3.682467e+003,1.610631e+001
3.682949e+003,1.610163e+001
3.683432e+003,1.609719e+001
3.683914e+003,1.609315e+001
3.684396e+003,1.608953e+001
3.684878e+003,1.608629e+001
3.685360e+003,1.608332e+001
3.685842e+003,1.608054e+001
3.686324e+003,1.607788e+001
3.686806e+003,1.607530e+001
3.687289e+003,1.607277e+001
3.687771e+003,1.607031e+001
3.688253e+003,1.606786e+001
3.688735e+003,1.606545e+001
3.689217e+003,1.606313e+001
3.689699e+003,1.606104e+001
3.690181e+003,1.605933e+001
3.690664e+003,1.605812e+001
3.691146e+003,1.605735e+001
3.691628e+003,1.605689e+001
3.692110e+003,1.605650e+001
3.692592e+003,1.605598e+001
3.693074e+003,1.605520e+001
3.693556e+003,1.605414e+001
3.694038e+003,1.605288e+001
3.694521e+003,1.605147e+001
3.695003e+003,1.605000e+001
3.695485e+003,1.604842e+001
3.695967e+003,1.604663e+001
3.696449e+003,1.604447e+001
3.696931e+003,1.604182e+001
3.697413e+003,1.603866e+001
3.697895e+003,1.603509e+001
3.698377e+003,1.603129e+001
3.698860e+003,1.602748e+001
3.699342e+003,1.602386e+001
3.699824e+003,1.602055e+001
3.700306e+003,1.601757e+001
3.700788e+003,1.601489e+001
3.701270e+003,1.601245e+001
3.701752e+003,1.601020e+001
3.702234e+003,1.600812e+001
3.702717e+003,1.600618e+001
3.703199e+003,1.600434e+001
3.703681e+003,1.600254e+001
3.704163e+003,1.600068e+001
3.704645e+003,1.599865e+001
3.705127e+003,1.599636e+001
3.705609e+003,1.599371e+001
3.706092e+003,1.599059e+001
3.706573e+003,1.598688e+001
3.707056e+003,1.598248e+001
3.707538e+003,1.597730e+001
3.708020e+003,1.597139e+001
3.708502e+003,1.596496e+001
3.708984e+003,1.595846e+001
3.709466e+003,1.595255e+001
3.709948e+003,1.594794e+001
3.710431e+003,1.594519e+001
3.710913e+003,1.594447e+001
3.711395e+003,1.594536e+001
3.711877e+003,1.594703e+001
3.712359e+003,1.594851e+001
3.712841e+003,1.594907e+001
3.713323e+003,1.594838e+001
3.713805e+003,1.594648e+001
3.714288e+003,1.594360e+001
3.714770e+003,1.594004e+001
3.715252e+003,1.593600e+001
3.715734e+003,1.593163e+001
3.716216e+003,1.592698e+001
3.716698e+003,1.592214e+001
3.717180e+003,1.591718e+001
3.717662e+003,1.591227e+001
3.718145e+003,1.590760e+001
3.718627e+003,1.590342e+001
3.719109e+003,1.589987e+001
3.719591e+003,1.589708e+001
3.720073e+003,1.589501e+001
3.720555e+003,1.589351e+001
3.721037e+003,1.589230e+001
3.721520e+003,1.589097e+001
3.722001e+003,1.588915e+001
3.722484e+003,1.588647e+001
3.722966e+003,1.588272e+001
3.723448e+003,1.587795e+001
3.723930e+003,1.587237e+001
3.724412e+003,1.586638e+001
3.724894e+003,1.586036e+001
3.725376e+003,1.585462e+001
3.725859e+003,1.584921e+001
3.726341e+003,1.584397e+001
3.726823e+003,1.583857e+001
3.727305e+003,1.583269e+001
3.727787e+003,1.582619e+001
3.728269e+003,1.581910e+001
3.728751e+003,1.581165e+001
3.729233e+003,1.580416e+001
3.729716e+003,1.579689e+001
3.730198e+003,1.579004e+001
3.730680e+003,1.578357e+001
3.731162e+003,1.577733e+001
3.731644e+003,1.577108e+001
3.732126e+003,1.576472e+001
3.732608e+003,1.575836e+001
3.733090e+003,1.575236e+001
3.733573e+003,1.574727e+001
3.734055e+003,1.574367e+001
3.734537e+003,1.574179e+001
3.735019e+003,1.574142e+001
3.735501e+003,1.574192e+001
3.735983e+003,1.574237e+001
3.736465e+003,1.574197e+001
3.736948e+003,1.574020e+001
3.737430e+003,1.573686e+001
3.737912e+003,1.573198e+001
3.738394e+003,1.572563e+001
3.738876e+003,1.571794e+001
3.739358e+003,1.570898e+001
3.739840e+003,1.569890e+001
3.740322e+003,1.568796e+001
3.740804e+003,1.567655e+001
3.741287e+003,1.566521e+001
3.741769e+003,1.565464e+001
3.742251e+003,1.564556e+001
3.742733e+003,1.563866e+001
3.743215e+003,1.563429e+001
3.743697e+003,1.563215e+001
3.744179e+003,1.563116e+001
3.744661e+003,1.562963e+001
3.745144e+003,1.562605e+001
3.745626e+003,1.561974e+001
3.746108e+003,1.561080e+001
3.746590e+003,1.559996e+001
3.747072e+003,1.558815e+001
3.747554e+003,1.557638e+001
3.748036e+003,1.556559e+001
3.748518e+003,1.555668e+001
3.749000e+003,1.555043e+001
3.749483e+003,1.554738e+001
3.749965e+003,1.554754e+001
3.750447e+003,1.555023e+001
3.750929e+003,1.555420e+001
3.751411e+003,1.555797e+001
3.751893e+003,1.556027e+001
3.752375e+003,1.556032e+001
3.752858e+003,1.555788e+001
3.753340e+003,1.555314e+001
3.753822e+003,1.554650e+001
3.754304e+003,1.553851e+001
3.754786e+003,1.552970e+001
3.755268e+003,1.552067e+001
3.755750e+003,1.551190e+001
3.756232e+003,1.550387e+001
3.756715e+003,1.549687e+001
3.757197e+003,1.549107e+001
3.757679e+003,1.548641e+001
3.758161e+003,1.548265e+001
3.758643e+003,1.547937e+001
3.759125e+003,1.547605e+001
3.759607e+003,1.547219e+001
3.760089e+003,1.546736e+001
3.760572e+003,1.546133e+001
3.761054e+003,1.545405e+001
3.761536e+003,1.544567e+001
3.762018e+003,1.543650e+001
3.762500e+003,1.542692e+001
3.762982e+003,1.541739e+001
3.763464e+003,1.540834e+001
3.763947e+003,1.540006e+001
3.764428e+003,1.539273e+001
3.764911e+003,1.538630e+001
3.765393e+003,1.538059e+001
3.765875e+003,1.537538e+001
3.766357e+003,1.537053e+001
3.766839e+003,1.536610e+001
3.767321e+003,1.536227e+001
3.767803e+003,1.535923e+001
3.768286e+003,1.535705e+001
3.768768e+003,1.535555e+001
3.769250e+003,1.535420e+001
3.769732e+003,1.535231e+001
3.770214e+003,1.534918e+001
3.770696e+003,1.534442e+001
3.771178e+003,1.533800e+001
3.771660e+003,1.533022e+001
3.772143e+003,1.532157e+001
3.772625e+003,1.531252e+001
3.773107e+003,1.530338e+001
3.773589e+003,1.529436e+001
3.774071e+003,1.528553e+001
3.774553e+003,1.527690e+001
3.775035e+003,1.526852e+001
3.775517e+003,1.526046e+001
3.776000e+003,1.525281e+001
3.776482e+003,1.524575e+001
3.776964e+003,1.523939e+001
3.777446e+003,1.523382e+001
3.777928e+003,1.522909e+001
3.778410e+003,1.522503e+001
3.778892e+003,1.522138e+001
3.779375e+003,1.521772e+001
3.779856e+003,1.521360e+001
3.780339e+003,1.520868e+001
3.780821e+003,1.520283e+001
3.781303e+003,1.519616e+001
3.781785e+003,1.518898e+001
3.782267e+003,1.518171e+001
3.782749e+003,1.517479e+001
3.783231e+003,1.516853e+001
3.783714e+003,1.516308e+001
3.784196e+003,1.515836e+001
3.784678e+003,1.515409e+001
3.785160e+003,1.514991e+001
3.785642e+003,1.514555e+001
3.786124e+003,1.514088e+001
3.786606e+003,1.513597e+001
3.787088e+003,1.513103e+001
3.787571e+003,1.512625e+001
3.788053e+003,1.512177e+001
3.788535e+003,1.511757e+001
3.789017e+003,1.511347e+001
3.789499e+003,1.510920e+001
3.789981e+003,1.510445e+001
3.790463e+003,1.509891e+001
3.790945e+003,1.509239e+001
3.791427e+003,1.508484e+001
3.791910e+003,1.507638e+001
3.792392e+003,1.506729e+001
3.792874e+003,1.505802e+001
3.793356e+003,1.504911e+001
3.793838e+003,1.504113e+001
3.794320e+003,1.503450e+001
3.794802e+003,1.502937e+001
3.795284e+003,1.502544e+001
3.795767e+003,1.502201e+001
3.796249e+003,1.501807e+001
3.796731e+003,1.501272e+001
3.797213e+003,1.500550e+001
3.797695e+003,1.499660e+001
3.798177e+003,1.498682e+001
3.798659e+003,1.497738e+001
3.799142e+003,1.496967e+001
3.799624e+003,1.496491e+001
3.800106e+003,1.496369e+001
3.800588e+003,1.496571e+001
3.801070e+003,1.496943e+001
3.801552e+003,1.497253e+001
3.802034e+003,1.497280e+001
3.802516e+003,1.496904e+001
3.802999e+003,1.496142e+001
3.803481e+003,1.495109e+001
3.803963e+003,1.493955e+001
3.804445e+003,1.492831e+001
3.804927e+003,1.491858e+001
3.805409e+003,1.491119e+001
3.805891e+003,1.490637e+001
3.806373e+003,1.490366e+001
3.806855e+003,1.490195e+001
3.807338e+003,1.489987e+001
3.807820e+003,1.489620e+001
3.808302e+003,1.489037e+001
3.808784e+003,1.488244e+001
3.809266e+003,1.487286e+001
3.809748e+003,1.486224e+001
3.810230e+003,1.485101e+001
3.810712e+003,1.483944e+001
3.811195e+003,1.482765e+001
3.811677e+003,1.481571e+001
3.812159e+003,1.480379e+001
3.812641e+003,1.479229e+001
3.813123e+003,1.478184e+001
3.813605e+003,1.477322e+001
3.814087e+003,1.476710e+001
3.814570e+003,1.476373e+001
3.815052e+003,1.476258e+001
3.815534e+003,1.476223e+001
3.816016e+003,1.476078e+001
3.816498e+003,1.475655e+001
3.816980e+003,1.474889e+001
3.817462e+003,1.473826e+001
3.817944e+003,1.472600e+001
3.818427e+003,1.471389e+001
3.818909e+003,1.470369e+001
3.819391e+003,1.469689e+001
3.819873e+003,1.469433e+001
3.820355e+003,1.469586e+001
3.820837e+003,1.470011e+001
3.821319e+003,1.470481e+001
3.821801e+003,1.470769e+001
3.822283e+003,1.470740e+001
3.822766e+003,1.470378e+001
3.823248e+003,1.469756e+001
3.823730e+003,1.468981e+001
3.824212e+003,1.468155e+001
3.824694e+003,1.467361e+001
3.825176e+003,1.466643e+001
3.825658e+003,1.466011e+001
3.826140e+003,1.465433e+001
3.826623e+003,1.464859e+001
3.827105e+003,1.464228e+001
3.827587e+003,1.463502e+001
3.828069e+003,1.462676e+001
3.828551e+003,1.461781e+001
3.829033e+003,1.460873e+001
3.829515e+003,1.460015e+001
3.829998e+003,1.459256e+001
3.830479e+003,1.458622e+001
3.830962e+003,1.458098e+001
3.831444e+003,1.457642e+001
3.831926e+003,1.457192e+001
3.832408e+003,1.456696e+001
3.832890e+003,1.456118e+001
3.833372e+003,1.455455e+001
3.833854e+003,1.454730e+001
3.834337e+003,1.453984e+001
3.834819e+003,1.453260e+001
3.835301e+003,1.452606e+001
3.835783e+003,1.452066e+001
3.836265e+003,1.451672e+001
3.836747e+003,1.451444e+001
3.837229e+003,1.451368e+001
3.837711e+003,1.451397e+001
3.838194e+003,1.451456e+001
3.838676e+003,1.451451e+001
3.839158e+003,1.451309e+001
3.839640e+003,1.451000e+001
3.840122e+003,1.450539e+001
3.840604e+003,1.449981e+001
3.841086e+003,1.449392e+001
3.841568e+003,1.448829e+001
3.842051e+003,1.448324e+001
3.842533e+003,1.447871e+001
3.843015e+003,1.447436e+001
3.843497e+003,1.446969e+001
3.843979e+003,1.446418e+001
3.844461e+003,1.445750e+001
3.844943e+003,1.444949e+001
3.845426e+003,1.444027e+001
3.845907e+003,1.443005e+001
3.846390e+003,1.441904e+001
3.846872e+003,1.440744e+001
3.847354e+003,1.439535e+001
3.847836e+003,1.438284e+001
3.848318e+003,1.436996e+001
3.848800e+003,1.435678e+001
3.849282e+003,1.434348e+001
3.849765e+003,1.433042e+001
3.850247e+003,1.431818e+001
3.850729e+003,1.430770e+001
3.851211e+003,1.430033e+001
3.851693e+003,1.429761e+001
3.852175e+003,1.430076e+001
3.852657e+003,1.430978e+001
3.853139e+003,1.432251e+001
3.853622e+003,1.433506e+001
3.854104e+003,1.434339e+001
3.854586e+003,1.434541e+001
3.855068e+003,1.434129e+001
3.855550e+003,1.433266e+001
3.856032e+003,1.432143e+001
3.856514e+003,1.430921e+001
3.856996e+003,1.429705e+001
3.857479e+003,1.428549e+001
3.857961e+003,1.427466e+001
3.858443e+003,1.426445e+001
3.858925e+003,1.425471e+001
3.859407e+003,1.424531e+001
3.859889e+003,1.423627e+001
3.860371e+003,1.422776e+001
3.860854e+003,1.422010e+001
3.861336e+003,1.421366e+001
3.861818e+003,1.420878e+001
3.862300e+003,1.420573e+001
3.862782e+003,1.420450e+001
3.863264e+003,1.420479e+001
3.863746e+003,1.420586e+001
3.864228e+003,1.420665e+001
3.864710e+003,1.420601e+001
3.865193e+003,1.420306e+001
3.865675e+003,1.419742e+001
3.866157e+003,1.418940e+001
3.866639e+003,1.417984e+001
3.867121e+003,1.416996e+001
3.867603e+003,1.416109e+001
3.868085e+003,1.415436e+001
3.868567e+003,1.415040e+001
3.869050e+003,1.414906e+001
3.869532e+003,1.414923e+001
3.870014e+003,1.414930e+001
3.870496e+003,1.414778e+001
3.870978e+003,1.414394e+001
3.871460e+003,1.413800e+001
3.871942e+003,1.413078e+001
3.872424e+003,1.412321e+001
3.872906e+003,1.411592e+001
3.873389e+003,1.410902e+001
3.873871e+003,1.410211e+001
3.874353e+003,1.409453e+001
3.874835e+003,1.408568e+001
3.875317e+003,1.407532e+001
3.875799e+003,1.406367e+001
3.876281e+003,1.405133e+001
3.876764e+003,1.403909e+001
3.877246e+003,1.402777e+001
3.877728e+003,1.401809e+001
3.878210e+003,1.401060e+001
3.878692e+003,1.400559e+001
3.879174e+003,1.400290e+001
3.879656e+003,1.400185e+001
3.880138e+003,1.400126e+001
3.880621e+003,1.399982e+001
3.881103e+003,1.399645e+001
3.881585e+003,1.399076e+001
3.882067e+003,1.398316e+001
3.882549e+003,1.397461e+001
3.883031e+003,1.396642e+001
3.883513e+003,1.395985e+001
3.883995e+003,1.395579e+001
3.884478e+003,1.395448e+001
3.884960e+003,1.395520e+001
3.885442e+003,1.395646e+001
3.885924e+003,1.395652e+001
3.886406e+003,1.395405e+001
3.886888e+003,1.394861e+001
3.887370e+003,1.394067e+001
3.887853e+003,1.393131e+001
3.888334e+003,1.392173e+001
3.888817e+003,1.391301e+001
3.889299e+003,1.390594e+001
3.889781e+003,1.390088e+001
3.890263e+003,1.389776e+001
3.890745e+003,1.389602e+001
3.891227e+003,1.389471e+001
3.891709e+003,1.389277e+001
3.892192e+003,1.388932e+001
3.892674e+003,1.388383e+001
3.893156e+003,1.387626e+001
3.893638e+003,1.386693e+001
3.894120e+003,1.385636e+001
3.894602e+003,1.384515e+001
3.895084e+003,1.383383e+001
3.895566e+003,1.382286e+001
3.896049e+003,1.381255e+001
3.896531e+003,1.380305e+001
3.897013e+003,1.379439e+001
3.897495e+003,1.378648e+001
3.897977e+003,1.377916e+001
3.898459e+003,1.377223e+001
3.898941e+003,1.376549e+001
3.899423e+003,1.375884e+001
3.899906e+003,1.375232e+001
3.900388e+003,1.374610e+001
3.900870e+003,1.374063e+001
3.901352e+003,1.373647e+001
3.901834e+003,1.373428e+001
3.902316e+003,1.373449e+001
3.902798e+003,1.373715e+001
3.903281e+003,1.374168e+001
3.903762e+003,1.374693e+001
3.904245e+003,1.375136e+001
3.904727e+003,1.375356e+001
3.905209e+003,1.375263e+001
3.905691e+003,1.374840e+001
3.906173e+003,1.374136e+001
3.906655e+003,1.373240e+001
3.907137e+003,1.372250e+001
3.907620e+003,1.371250e+001
3.908102e+003,1.370296e+001
3.908584e+003,1.369417e+001
3.909066e+003,1.368622e+001
3.909548e+003,1.367902e+001
3.910030e+003,1.367248e+001
3.910512e+003,1.366644e+001
3.910994e+003,1.366078e+001
3.911477e+003,1.365540e+001
3.911959e+003,1.365019e+001
3.912441e+003,1.364509e+001
3.912923e+003,1.364010e+001
3.913405e+003,1.363531e+001
3.913887e+003,1.363083e+001
3.914369e+003,1.362678e+001
3.914851e+003,1.362319e+001
3.915333e+003,1.361996e+001
3.915816e+003,1.361682e+001
3.916298e+003,1.361339e+001
3.916780e+003,1.360933e+001
3.917262e+003,1.360446e+001
3.917744e+003,1.359876e+001
3.918226e+003,1.359239e+001
3.918708e+003,1.358560e+001
3.919190e+003,1.357857e+001
3.919673e+003,1.357139e+001
3.920155e+003,1.356411e+001
3.920637e+003,1.355675e+001
3.921119e+003,1.354947e+001
3.921601e+003,1.354253e+001
3.922083e+003,1.353626e+001
3.922565e+003,1.353100e+001
3.923048e+003,1.352691e+001
3.923530e+003,1.352391e+001
3.924012e+003,1.352163e+001
3.924494e+003,1.351951e+001
3.924976e+003,1.351692e+001
3.925458e+003,1.351339e+001
3.925940e+003,1.350864e+001
3.926422e+003,1.350269e+001
3.926905e+003,1.349575e+001
3.927387e+003,1.348811e+001
3.927869e+003,1.348008e+001
3.928351e+003,1.347202e+001
3.928833e+003,1.346425e+001
3.929315e+003,1.345710e+001
3.929797e+003,1.345085e+001
3.930279e+003,1.344567e+001
3.930761e+003,1.344157e+001
3.931244e+003,1.343830e+001
3.931726e+003,1.343548e+001
3.932208e+003,1.343261e+001
3.932690e+003,1.342926e+001
3.933172e+003,1.342520e+001
3.933654e+003,1.342040e+001
3.934136e+003,1.341501e+001
3.934618e+003,1.340931e+001
3.935101e+003,1.340354e+001
3.935583e+003,1.339787e+001
3.936065e+003,1.339235e+001
3.936547e+003,1.338690e+001
3.937029e+003,1.338137e+001
3.937511e+003,1.337552e+001
3.937993e+003,1.336917e+001
3.938476e+003,1.336219e+001
3.938958e+003,1.335458e+001
3.939440e+003,1.334651e+001
3.939922e+003,1.333830e+001
3.940404e+003,1.333039e+001
3.940886e+003,1.332326e+001
3.941368e+003,1.331726e+001
3.941850e+003,1.331253e+001
3.942333e+003,1.330894e+001
3.942815e+003,1.330605e+001
3.943297e+003,1.330332e+001
3.943779e+003,1.330025e+001
3.944261e+003,1.329654e+001
3.944743e+003,1.329215e+001
3.945225e+003,1.328724e+001
3.945707e+003,1.328209e+001
3.946189e+003,1.327703e+001
3.946672e+003,1.327224e+001
3.947154e+003,1.326779e+001
3.947636e+003,1.326362e+001
3.948118e+003,1.325961e+001
3.948600e+003,1.325560e+001
3.949082e+003,1.325142e+001
3.949564e+003,1.324695e+001
3.950046e+003,1.324215e+001
3.950529e+003,1.323698e+001
3.951011e+003,1.323149e+001
3.951493e+003,1.322575e+001
3.951975e+003,1.321994e+001
3.952457e+003,1.321421e+001
3.952939e+003,1.320869e+001
3.953421e+003,1.320344e+001
3.953904e+003,1.319843e+001
3.954385e+003,1.319355e+001
3.954868e+003,1.318866e+001
3.955350e+003,1.318365e+001
3.955832e+003,1.317850e+001
3.956314e+003,1.317324e+001
3.956796e+003,1.316790e+001
3.957278e+003,1.316255e+001
3.957760e+003,1.315718e+001
3.958243e+003,1.315172e+001
3.958725e+003,1.314612e+001
3.959207e+003,1.314037e+001
3.959689e+003,1.313457e+001
3.960171e+003,1.312890e+001
3.960653e+003,1.312357e+001
3.961135e+003,1.311869e+001
3.961617e+003,1.311432e+001
3.962100e+003,1.311030e+001
3.962582e+003,1.310640e+001
3.963064e+003,1.310240e+001
3.963546e+003,1.309814e+001
3.964028e+003,1.309358e+001
3.964510e+003,1.308877e+001
3.964992e+003,1.308382e+001
3.965474e+003,1.307880e+001
3.965957e+003,1.307376e+001
3.966439e+003,1.306871e+001
3.966921e+003,1.306370e+001
3.967403e+003,1.305880e+001
3.967885e+003,1.305416e+001
3.968367e+003,1.304991e+001
3.968849e+003,1.304615e+001
3.969332e+003,1.304286e+001
3.969813e+003,1.303984e+001
3.970296e+003,1.303684e+001
3.970778e+003,1.303356e+001
3.971260e+003,1.302978e+001
3.971742e+003,1.302538e+001
3.972224e+003,1.302031e+001
3.972706e+003,1.301459e+001
3.973188e+003,1.300828e+001
3.973671e+003,1.300138e+001
3.974153e+003,1.299394e+001
3.974635e+003,1.298609e+001
3.975117e+003,1.297810e+001
3.975599e+003,1.297033e+001
3.976081e+003,1.296319e+001
3.976563e+003,1.295704e+001
3.977045e+003,1.295208e+001
3.977528e+003,1.294820e+001
3.978010e+003,1.294512e+001
3.978492e+003,1.294235e+001
3.978974e+003,1.293939e+001
3.979456e+003,1.293582e+001
3.979938e+003,1.293139e+001
3.980420e+003,1.292601e+001
3.980902e+003,1.291982e+001
3.981385e+003,1.291296e+001
3.981867e+003,1.290573e+001
3.982349e+003,1.289841e+001
3.982831e+003,1.289124e+001
3.983313e+003,1.288447e+001
3.983795e+003,1.287824e+001
3.984277e+003,1.287263e+001
3.984760e+003,1.286760e+001
3.985242e+003,1.286300e+001
3.985724e+003,1.285869e+001
3.986206e+003,1.285450e+001
3.986688e+003,1.285037e+001
3.987170e+003,1.284630e+001
3.987652e+003,1.284233e+001
3.988134e+003,1.283849e+001
3.988616e+003,1.283480e+001
3.989099e+003,1.283115e+001
3.989581e+003,1.282738e+001
3.990063e+003,1.282334e+001
3.990545e+003,1.281886e+001
3.991027e+003,1.281391e+001
3.991509e+003,1.280845e+001
3.991991e+003,1.280256e+001
3.992473e+003,1.279637e+001
3.992956e+003,1.278998e+001
3.993438e+003,1.278354e+001
3.993920e+003,1.277722e+001
3.994402e+003,1.277121e+001
3.994884e+003,1.276569e+001
3.995366e+003,1.276081e+001
3.995848e+003,1.275658e+001
3.996330e+003,1.275295e+001
3.996813e+003,1.274976e+001
3.997295e+003,1.274680e+001
3.997777e+003,1.274392e+001
3.998259e+003,1.274104e+001
3.998741e+003,1.273814e+001
3.999223e+003,1.273522e+001
3.999705e+003,1.273225e+001
4.000188e+003,1.272910e+001
