3.996813e+002,0.000000e+000
4.001635e+002,7.323180e+001
4.006456e+002,7.334280e+001
4.011277e+002,7.343735e+001
4.016098e+002,7.350167e+001
4.020919e+002,7.353216e+001
4.025741e+002,7.353462e+001
4.030562e+002,7.352227e+001
4.035383e+002,7.351019e+001
4.040204e+002,7.351043e+001
4.045026e+002,7.352718e+001
4.049847e+002,7.355618e+001
4.054668e+002,7.358656e+001
4.059489e+002,7.360632e+001
4.064311e+002,7.360674e+001
4.069132e+002,7.358607e+001
4.073953e+002,7.354967e+001
4.078774e+002,7.350719e+001
4.083596e+002,7.346918e+001
4.088417e+002,7.344383e+001
4.093238e+002,7.343578e+001
4.098059e+002,7.344669e+001
4.102881e+002,7.347607e+001
4.107702e+002,7.352253e+001
4.112523e+002,7.358379e+001
4.117344e+002,7.365639e+001
4.122166e+002,7.373515e+001
4.126987e+002,7.381335e+001
4.131808e+002,7.388396e+001
4.136629e+002,7.394126e+001
4.141451e+002,7.398246e+001
4.146272e+002,7.400781e+001
4.151093e+002,7.401964e+001
4.155914e+002,7.402122e+001
4.160736e+002,7.401442e+001
4.165557e+002,7.399983e+001
4.170378e+002,7.397661e+001
4.175200e+002,7.394427e+001
4.180021e+002,7.390394e+001
4.184842e+002,7.385895e+001
4.189663e+002,7.381293e+001
4.194484e+002,7.376757e+001
4.199306e+002,7.372028e+001
4.204127e+002,7.366585e+001
4.208948e+002,7.359934e+001
4.213770e+002,7.351923e+001
4.218591e+002,7.342800e+001
4.223412e+002,7.333180e+001
4.228233e+002,7.323884e+001
4.233055e+002,7.315723e+001
4.237876e+002,7.309306e+001
4.242697e+002,7.304958e+001
4.247518e+002,7.302653e+001
4.252339e+002,7.302161e+001
4.257161e+002,7.303099e+001
4.261982e+002,7.305061e+001
4.266803e+002,7.307607e+001
4.271624e+002,7.310313e+001
4.276446e+002,7.312714e+001
4.281267e+002,7.314413e+001
4.286088e+002,7.315154e+001
4.290909e+002,7.314924e+001
4.295731e+002,7.313979e+001
4.300552e+002,7.312772e+001
4.305373e+002,7.311745e+001
4.310194e+002,7.311181e+001
4.315016e+002,7.311018e+001
4.319837e+002,7.310918e+001
4.324658e+002,7.310373e+001
4.329479e+002,7.308941e+001
4.334301e+002,7.306416e+001
4.339122e+002,7.302887e+001
4.343943e+002,7.298680e+001
4.348764e+002,7.294234e+001
4.353586e+002,7.289938e+001
4.358407e+002,7.286081e+001
4.363228e+002,7.282820e+001
4.368049e+002,7.280280e+001
4.372870e+002,7.278559e+001
4.377692e+002,7.277766e+001
4.382513e+002,7.277940e+001
4.387334e+002,7.278999e+001
4.392155e+002,7.280689e+001
4.396977e+002,7.282640e+001
4.401798e+002,7.284454e+001
4.406619e+002,7.285844e+001
4.411440e+002,7.286707e+001
4.416262e+002,7.287154e+001
4.421083e+002,7.287387e+001
4.425904e+002,7.287572e+001
4.430725e+002,7.287679e+001
4.435547e+002,7.287505e+001
4.440368e+002,7.286774e+001
4.445189e+002,7.285323e+001
4.450010e+002,7.283229e+001
4.454832e+002,7.280849e+001
4.459653e+002,7.278688e+001
4.464474e+002,7.277220e+001
4.469295e+002,7.276685e+001
4.474117e+002,7.276998e+001
4.478938e+002,7.277766e+001
4.483759e+002,7.278461e+001
4.488580e+002,7.278581e+001
4.493401e+002,7.277816e+001
4.498223e+002,7.276106e+001
4.503044e+002,7.273613e+001
4.507865e+002,7.270629e+001
4.512687e+002,7.267511e+001
4.517508e+002,7.264584e+001
4.522329e+002,7.262122e+001
4.527150e+002,7.260301e+001
4.531971e+002,7.259165e+001
4.536793e+002,7.258629e+001
4.541614e+002,7.258465e+001
4.546435e+002,7.258340e+001
4.551257e+002,7.257892e+001
4.556078e+002,7.256815e+001
4.560899e+002,7.254974e+001
4.565720e+002,7.252428e+001
4.570542e+002,7.249464e+001
4.575363e+002,7.246463e+001
4.580184e+002,7.243771e+001
4.585005e+002,7.241563e+001
4.589827e+002,7.239843e+001
4.594648e+002,7.238512e+001
4.599469e+002,7.237517e+001
4.604290e+002,7.236889e+001
4.609112e+002,7.236749e+001
4.613933e+002,7.237209e+001
4.618754e+002,7.238296e+001
4.623575e+002,7.239877e+001
4.628397e+002,7.241705e+001
4.633218e+002,7.243491e+001
4.638039e+002,7.245043e+001
4.642860e+002,7.246298e+001
4.647682e+002,7.247328e+001
4.652503e+002,7.248215e+001
4.657324e+002,7.248947e+001
4.662145e+002,7.249330e+001
4.666967e+002,7.249008e+001
4.671788e+002,7.247595e+001
4.676609e+002,7.244849e+001
4.681430e+002,7.240779e+001
4.686252e+002,7.235664e+001
4.691073e+002,7.229975e+001
4.695894e+002,7.224194e+001
4.700715e+002,7.218699e+001
4.705536e+002,7.213740e+001
4.710358e+002,7.209450e+001
4.715179e+002,7.205959e+001
4.720000e+002,7.203439e+001
4.724821e+002,7.202074e+001
4.729643e+002,7.201945e+001
4.734464e+002,7.202906e+001
4.739285e+002,7.204513e+001
4.744106e+002,7.206124e+001
4.748928e+002,7.207073e+001
4.753749e+002,7.206879e+001
4.758570e+002,7.205414e+001
4.763391e+002,7.202928e+001
4.768213e+002,7.199960e+001
4.773034e+002,7.197169e+001
4.777855e+002,7.195100e+001
4.782676e+002,7.194035e+001
4.787498e+002,7.193912e+001
4.792319e+002,7.194408e+001
4.797140e+002,7.195049e+001
4.801961e+002,7.195366e+001
4.806783e+002,7.194994e+001
4.811604e+002,7.193727e+001
4.816425e+002,7.191507e+001
4.821246e+002,7.188418e+001
4.826068e+002,7.184677e+001
4.830889e+002,7.180637e+001
4.835710e+002,7.176728e+001
4.840531e+002,7.173405e+001
4.845352e+002,7.171021e+001
4.850174e+002,7.169741e+001
4.854995e+002,7.169455e+001
4.859816e+002,7.169827e+001
4.864637e+002,7.170384e+001
4.869459e+002,7.170686e+001
4.874280e+002,7.170416e+001
4.879101e+002,7.169460e+001
4.883922e+002,7.167872e+001
4.888744e+002,7.165820e+001
4.893565e+002,7.163466e+001
4.898386e+002,7.160944e+001
4.903207e+002,7.158341e+001
4.908029e+002,7.155754e+001
4.912850e+002,7.153325e+001
4.917671e+002,7.151271e+001
4.922492e+002,7.149837e+001
4.927314e+002,7.149223e+001
4.932135e+002,7.149489e+001
4.936956e+002,7.150514e+001
4.941777e+002,7.152003e+001
4.946599e+002,7.153571e+001
4.951420e+002,7.154818e+001
4.956241e+002,7.155437e+001
4.961062e+002,7.155231e+001
4.965884e+002,7.154153e+001
4.970705e+002,7.152270e+001
4.975526e+002,7.149727e+001
4.980347e+002,7.146730e+001
4.985169e+002,7.143522e+001
4.989990e+002,7.140335e+001
4.994811e+002,7.137368e+001
4.999633e+002,7.134736e+001
5.004454e+002,7.132445e+001
5.009275e+002,7.130380e+001
5.014096e+002,7.128358e+001
5.018917e+002,7.126218e+001
5.023739e+002,7.123887e+001
5.028560e+002,7.121458e+001
5.033381e+002,7.119169e+001
5.038203e+002,7.117302e+001
5.043024e+002,7.116109e+001
5.047845e+002,7.115703e+001
5.052666e+002,7.116035e+001
5.057487e+002,7.116919e+001
5.062309e+002,7.118103e+001
5.067130e+002,7.119317e+001
5.071951e+002,7.120344e+001
5.076772e+002,7.121027e+001
5.081594e+002,7.121260e+001
5.086415e+002,7.120953e+001
5.091236e+002,7.120033e+001
5.096057e+002,7.118462e+001
5.100879e+002,7.116290e+001
5.105700e+002,7.113657e+001
5.110521e+002,7.110824e+001
5.115342e+002,7.108099e+001
5.120164e+002,7.105776e+001
5.124985e+002,7.104063e+001
5.129806e+002,7.103013e+001
5.134627e+002,7.102528e+001
5.139448e+002,7.102403e+001
5.144270e+002,7.102357e+001
5.149091e+002,7.102110e+001
5.153912e+002,7.101408e+001
5.158734e+002,7.100064e+001
5.163555e+002,7.097972e+001
5.168376e+002,7.095135e+001
5.173197e+002,7.091682e+001
5.178019e+002,7.087890e+001
5.182840e+002,7.084118e+001
5.187661e+002,7.080769e+001
5.192482e+002,7.078170e+001
5.197303e+002,7.076505e+001
5.202125e+002,7.075774e+001
5.206946e+002,7.075814e+001
5.211767e+002,7.076359e+001
5.216588e+002,7.077128e+001
5.221410e+002,7.077888e+001
5.226231e+002,7.078484e+001
5.231052e+002,7.078824e+001
5.235873e+002,7.078868e+001
5.240695e+002,7.078580e+001
5.245516e+002,7.077941e+001
5.250337e+002,7.076956e+001
5.255159e+002,7.075704e+001
5.259980e+002,7.074339e+001
5.264801e+002,7.073056e+001
5.269622e+002,7.072044e+001
5.274443e+002,7.071400e+001
5.279265e+002,7.071093e+001
5.284086e+002,7.070969e+001
5.288907e+002,7.070808e+001
5.293728e+002,7.070418e+001
5.298550e+002,7.069687e+001
5.303371e+002,7.068636e+001
5.308192e+002,7.067387e+001
5.313013e+002,7.066129e+001
5.317834e+002,7.065027e+001
5.322656e+002,7.064177e+001
5.327477e+002,7.063581e+001
5.332299e+002,7.063164e+001
5.337120e+002,7.062807e+001
5.341941e+002,7.062379e+001
5.346762e+002,7.061764e+001
5.351583e+002,7.060860e+001
5.356404e+002,7.059578e+001
5.361226e+002,7.057856e+001
5.366047e+002,7.055661e+001
5.370868e+002,7.053021e+001
5.375690e+002,7.050031e+001
5.380511e+002,7.046819e+001
5.385332e+002,7.043536e+001
5.390153e+002,7.040289e+001
5.394974e+002,7.037106e+001
5.399796e+002,7.033952e+001
5.404617e+002,7.030731e+001
5.409438e+002,7.027371e+001
5.414260e+002,7.023851e+001
5.419081e+002,7.020224e+001
5.423902e+002,7.016615e+001
5.428723e+002,7.013156e+001
5.433544e+002,7.009952e+001
5.438365e+002,7.007021e+001
5.443187e+002,7.004298e+001
5.448008e+002,7.001659e+001
5.452830e+002,6.998943e+001
5.457651e+002,6.995998e+001
5.462472e+002,6.992706e+001
5.467293e+002,6.988981e+001
5.472114e+002,6.984763e+001
5.476936e+002,6.980019e+001
5.481757e+002,6.974746e+001
5.486578e+002,6.968976e+001
5.491400e+002,6.962789e+001
5.496221e+002,6.956290e+001
5.501042e+002,6.949583e+001
5.505863e+002,6.942742e+001
5.510684e+002,6.935756e+001
5.515505e+002,6.928552e+001
5.520327e+002,6.920994e+001
5.525148e+002,6.912923e+001
5.529969e+002,6.904211e+001
5.534791e+002,6.894775e+001
5.539612e+002,6.884590e+001
5.544433e+002,6.873679e+001
5.549254e+002,6.862094e+001
5.554076e+002,6.849911e+001
5.558896e+002,6.837233e+001
5.563718e+002,6.824206e+001
5.568539e+002,6.811024e+001
5.573361e+002,6.797938e+001
5.578182e+002,6.785206e+001
5.583003e+002,6.773087e+001
5.587825e+002,6.761771e+001
5.592645e+002,6.751358e+001
5.597467e+002,6.741841e+001
5.602288e+002,6.733127e+001
5.607109e+002,6.725041e+001
5.611931e+002,6.717384e+001
5.616752e+002,6.709961e+001
5.621573e+002,6.702615e+001
5.626394e+002,6.695254e+001
5.631216e+002,6.687862e+001
5.636037e+002,6.680501e+001
5.640858e+002,6.673296e+001
5.645679e+002,6.666398e+001
5.650500e+002,6.659940e+001
5.655322e+002,6.653993e+001
5.660143e+002,6.648553e+001
5.664965e+002,6.643528e+001
5.669785e+002,6.638760e+001
5.674607e+002,6.634088e+001
5.679428e+002,6.629387e+001
5.684249e+002,6.624596e+001
5.689070e+002,6.619721e+001
5.693892e+002,6.614824e+001
5.698713e+002,6.609972e+001
5.703534e+002,6.605212e+001
5.708356e+002,6.600559e+001
5.713177e+002,6.595992e+001
5.717998e+002,6.591485e+001
5.722819e+002,6.587012e+001
5.727640e+002,6.582565e+001
5.732462e+002,6.578142e+001
5.737283e+002,6.573738e+001
5.742104e+002,6.569341e+001
5.746925e+002,6.564930e+001
5.751747e+002,6.560493e+001
5.756568e+002,6.556052e+001
5.761389e+002,6.551682e+001
5.766210e+002,6.547507e+001
5.771031e+002,6.543677e+001
5.775853e+002,6.540337e+001
5.780674e+002,6.537582e+001
5.785496e+002,6.535429e+001
5.790317e+002,6.533791e+001
5.795138e+002,6.532494e+001
5.799959e+002,6.531272e+001
5.804780e+002,6.529823e+001
5.809601e+002,6.527834e+001
5.814423e+002,6.525061e+001
5.819244e+002,6.521364e+001
5.824066e+002,6.516766e+001
5.828887e+002,6.511468e+001
5.833708e+002,6.505833e+001
5.838529e+002,6.500322e+001
5.843350e+002,6.495417e+001
5.848171e+002,6.491508e+001
5.852993e+002,6.488831e+001
5.857814e+002,6.487413e+001
5.862635e+002,6.487087e+001
5.867457e+002,6.487556e+001
5.872278e+002,6.488475e+001
5.877099e+002,6.489529e+001
5.881920e+002,6.490512e+001
5.886741e+002,6.491325e+001
5.891563e+002,6.491985e+001
5.896384e+002,6.492594e+001
5.901205e+002,6.493292e+001
5.906027e+002,6.494246e+001
5.910848e+002,6.495615e+001
5.915669e+002,6.497531e+001
5.920490e+002,6.500079e+001
5.925311e+002,6.503282e+001
5.930133e+002,6.507084e+001
5.934954e+002,6.511362e+001
5.939775e+002,6.515945e+001
5.944597e+002,6.520657e+001
5.949418e+002,6.525363e+001
5.954239e+002,6.529990e+001
5.959060e+002,6.534537e+001
5.963882e+002,6.539063e+001
5.968702e+002,6.543649e+001
5.973524e+002,6.548365e+001
5.978345e+002,6.553237e+001
5.983167e+002,6.558248e+001
5.987988e+002,6.563352e+001
5.992809e+002,6.568493e+001
5.997630e+002,6.573637e+001
6.002451e+002,6.578770e+001
6.007273e+002,6.583916e+001
6.012094e+002,6.589116e+001
6.016915e+002,6.594414e+001
6.021736e+002,6.599853e+001
6.026558e+002,6.605468e+001
6.031379e+002,6.611286e+001
6.036200e+002,6.617326e+001
6.041022e+002,6.623573e+001
6.045842e+002,6.629996e+001
6.050664e+002,6.636520e+001
6.055485e+002,6.643044e+001
6.060306e+002,6.649451e+001
6.065128e+002,6.655637e+001
6.069949e+002,6.661532e+001
6.074770e+002,6.667101e+001
6.079591e+002,6.672360e+001
6.084413e+002,6.677366e+001
6.089234e+002,6.682182e+001
6.094055e+002,6.686883e+001
6.098876e+002,6.691520e+001
6.103698e+002,6.696127e+001
6.108519e+002,6.700698e+001
6.113340e+002,6.705199e+001
6.118162e+002,6.709550e+001
6.122983e+002,6.713660e+001
6.127804e+002,6.717427e+001
6.132625e+002,6.720787e+001
6.137446e+002,6.723729e+001
6.142267e+002,6.726309e+001
6.147089e+002,6.728642e+001
6.151910e+002,6.730855e+001
6.156731e+002,6.733051e+001
6.161553e+002,6.735264e+001
6.166374e+002,6.737436e+001
6.171195e+002,6.739443e+001
6.176016e+002,6.741142e+001
6.180837e+002,6.742435e+001
6.185659e+002,6.743313e+001
6.190480e+002,6.743862e+001
6.195302e+002,6.744242e+001
6.200123e+002,6.744637e+001
6.204944e+002,6.745199e+001
6.209765e+002,6.746018e+001
6.214586e+002,6.747116e+001
6.219407e+002,6.748466e+001
6.224229e+002,6.750008e+001
6.229050e+002,6.751676e+001
6.233871e+002,6.753413e+001
6.238693e+002,6.755160e+001
6.243514e+002,6.756854e+001
6.248335e+002,6.758440e+001
6.253156e+002,6.759869e+001
6.257977e+002,6.761106e+001
6.262798e+002,6.762152e+001
6.267620e+002,6.763033e+001
6.272441e+002,6.763786e+001
6.277263e+002,6.764451e+001
6.282084e+002,6.765045e+001
6.286905e+002,6.765579e+001
6.291726e+002,6.766064e+001
6.296547e+002,6.766530e+001
6.301368e+002,6.767029e+001
6.306190e+002,6.767628e+001
6.311011e+002,6.768397e+001
6.315833e+002,6.769357e+001
6.320654e+002,6.770495e+001
6.325475e+002,6.771738e+001
6.330296e+002,6.773010e+001
6.335117e+002,6.774252e+001
6.339939e+002,6.775458e+001
6.344760e+002,6.776680e+001
6.349581e+002,6.778011e+001
6.354402e+002,6.779536e+001
6.359224e+002,6.781304e+001
6.364045e+002,6.783293e+001
6.368866e+002,6.785434e+001
6.373687e+002,6.787637e+001
6.378508e+002,6.789833e+001
6.383330e+002,6.791997e+001
6.388151e+002,6.794156e+001
6.392972e+002,6.796370e+001
6.397794e+002,6.798705e+001
6.402615e+002,6.801197e+001
6.407436e+002,6.803849e+001
6.412257e+002,6.806644e+001
6.417079e+002,6.809544e+001
6.421899e+002,6.812521e+001
6.426721e+002,6.815550e+001
6.431542e+002,6.818619e+001
6.436364e+002,6.821708e+001
6.441185e+002,6.824806e+001
6.446006e+002,6.827898e+001
6.450827e+002,6.830991e+001
6.455648e+002,6.834105e+001
6.460470e+002,6.837272e+001
6.465291e+002,6.840508e+001
6.470112e+002,6.843789e+001
6.474933e+002,6.847032e+001
6.479755e+002,6.850108e+001
6.484576e+002,6.852867e+001
6.489397e+002,6.855197e+001
6.494219e+002,6.857062e+001
6.499040e+002,6.858522e+001
6.503861e+002,6.859715e+001
6.508682e+002,6.860814e+001
6.513503e+002,6.861979e+001
6.518325e+002,6.863313e+001
6.523146e+002,6.864849e+001
6.527968e+002,6.866566e+001
6.532788e+002,6.868399e+001
6.537610e+002,6.870280e+001
6.542431e+002,6.872133e+001
6.547252e+002,6.873882e+001
6.552073e+002,6.875459e+001
6.556895e+002,6.876796e+001
6.561716e+002,6.877846e+001
6.566537e+002,6.878614e+001
6.571359e+002,6.879149e+001
6.576179e+002,6.879557e+001
6.581001e+002,6.879964e+001
6.585822e+002,6.880484e+001
6.590643e+002,6.881161e+001
6.595464e+002,6.881967e+001
6.600286e+002,6.882800e+001
6.605107e+002,6.883512e+001
6.609928e+002,6.883968e+001
6.614750e+002,6.884084e+001
6.619571e+002,6.883873e+001
6.624392e+002,6.883466e+001
6.629213e+002,6.883118e+001
6.634034e+002,6.883212e+001
6.638856e+002,6.884240e+001
6.643677e+002,6.886816e+001
6.648499e+002,6.891662e+001
6.653320e+002,6.899580e+001
6.658141e+002,6.911359e+001
6.662962e+002,6.927525e+001
6.667783e+002,6.947829e+001
6.672605e+002,6.970584e+001
6.677426e+002,6.992283e+001
6.682247e+002,7.008401e+001
6.687068e+002,7.015530e+001
6.691890e+002,7.013243e+001
6.696711e+002,7.003938e+001
6.701532e+002,6.991072e+001
6.706353e+002,6.977612e+001
6.711174e+002,6.965467e+001
6.715996e+002,6.955614e+001
6.720817e+002,6.948415e+001
6.725638e+002,6.943840e+001
6.730460e+002,6.941657e+001
6.735281e+002,6.941482e+001
6.740102e+002,6.942860e+001
6.744923e+002,6.945309e+001
6.749745e+002,6.948359e+001
6.754565e+002,6.951616e+001
6.759387e+002,6.954784e+001
6.764208e+002,6.957693e+001
6.769030e+002,6.960284e+001
6.773851e+002,6.962589e+001
6.778672e+002,6.964694e+001
6.783493e+002,6.966692e+001
6.788314e+002,6.968655e+001
6.793136e+002,6.970614e+001
6.797957e+002,6.972562e+001
6.802778e+002,6.974474e+001
6.807599e+002,6.976320e+001
6.812421e+002,6.978077e+001
6.817242e+002,6.979720e+001
6.822063e+002,6.981227e+001
6.826885e+002,6.982558e+001
6.831705e+002,6.983666e+001
6.836527e+002,6.984512e+001
6.841348e+002,6.985086e+001
6.846169e+002,6.985419e+001
6.850991e+002,6.985580e+001
6.855812e+002,6.985667e+001
6.860634e+002,6.985781e+001
6.865454e+002,6.986001e+001
6.870276e+002,6.986372e+001
6.875096e+002,6.986909e+001
6.879918e+002,6.987603e+001
6.884739e+002,6.988435e+001
6.889561e+002,6.989368e+001
6.894382e+002,6.990369e+001
6.899203e+002,6.991375e+001
6.904025e+002,6.992316e+001
6.908845e+002,6.993116e+001
6.913667e+002,6.993708e+001
6.918488e+002,6.994048e+001
6.923309e+002,6.994128e+001
6.928130e+002,6.993973e+001
6.932952e+002,6.993629e+001
6.937773e+002,6.993147e+001
6.942594e+002,6.992577e+001
6.947416e+002,6.991956e+001
6.952236e+002,6.991315e+001
6.957058e+002,6.990679e+001
6.961879e+002,6.990073e+001
6.966700e+002,6.989508e+001
6.971522e+002,6.988982e+001
6.976343e+002,6.988479e+001
6.981165e+002,6.987970e+001
6.985985e+002,6.987435e+001
6.990807e+002,6.986876e+001
6.995628e+002,6.986327e+001
7.000449e+002,6.985840e+001
7.005270e+002,6.985480e+001
7.010092e+002,6.985290e+001
7.014913e+002,6.985275e+001
7.019734e+002,6.985413e+001
7.024556e+002,6.985661e+001
7.029377e+002,6.985992e+001
7.034198e+002,6.986407e+001
7.039019e+002,6.986949e+001
7.043840e+002,6.987679e+001
7.048662e+002,6.988645e+001
7.053483e+002,6.989858e+001
7.058304e+002,6.991276e+001
7.063125e+002,6.992804e+001
7.067947e+002,6.994326e+001
7.072768e+002,6.995734e+001
7.077589e+002,6.996944e+001
7.082410e+002,6.997908e+001
7.087231e+002,6.998608e+001
7.092053e+002,6.999049e+001
7.096874e+002,6.999254e+001
7.101696e+002,6.999280e+001
7.106517e+002,6.999216e+001
7.111338e+002,6.999196e+001
7.116159e+002,6.999369e+001
7.120980e+002,6.999873e+001
7.125802e+002,7.000774e+001
7.130623e+002,7.002049e+001
7.135444e+002,7.003573e+001
7.140265e+002,7.005160e+001
7.145087e+002,7.006629e+001
7.149908e+002,7.007867e+001
7.154729e+002,7.008866e+001
7.159550e+002,7.009736e+001
7.164371e+002,7.010632e+001
7.169193e+002,7.011703e+001
7.174014e+002,7.013007e+001
7.178835e+002,7.014480e+001
7.183657e+002,7.015952e+001
7.188478e+002,7.017188e+001
7.193299e+002,7.017976e+001
7.198120e+002,7.018179e+001
7.202942e+002,7.017799e+001
7.207762e+002,7.016957e+001
7.212584e+002,7.015872e+001
7.217405e+002,7.014796e+001
7.222227e+002,7.013967e+001
7.227048e+002,7.013563e+001
7.231869e+002,7.013688e+001
7.236691e+002,7.014362e+001
7.241511e+002,7.015520e+001
7.246333e+002,7.017028e+001
7.251154e+002,7.018706e+001
7.255975e+002,7.020345e+001
7.260797e+002,7.021758e+001
7.265618e+002,7.022816e+001
7.270439e+002,7.023481e+001
7.275260e+002,7.023804e+001
7.280082e+002,7.023918e+001
7.284902e+002,7.024001e+001
7.289724e+002,7.024220e+001
7.294545e+002,7.024698e+001
7.299366e+002,7.025494e+001
7.304188e+002,7.026582e+001
7.309009e+002,7.027867e+001
7.313831e+002,7.029217e+001
7.318651e+002,7.030476e+001
7.323473e+002,7.031516e+001
7.328293e+002,7.032240e+001
7.333115e+002,7.032606e+001
7.337936e+002,7.032648e+001
7.342758e+002,7.032455e+001
7.347579e+002,7.032151e+001
7.352400e+002,7.031874e+001
7.357222e+002,7.031734e+001
7.362042e+002,7.031797e+001
7.366864e+002,7.032068e+001
7.371685e+002,7.032497e+001
7.376506e+002,7.033005e+001
7.381328e+002,7.033513e+001
7.386149e+002,7.033963e+001
7.390970e+002,7.034319e+001
7.395791e+002,7.034588e+001
7.400613e+002,7.034784e+001
7.405434e+002,7.034945e+001
7.410255e+002,7.035101e+001
7.415076e+002,7.035288e+001
7.419897e+002,7.035542e+001
7.424719e+002,7.035895e+001
7.429540e+002,7.036360e+001
7.434362e+002,7.036938e+001
7.439182e+002,7.037600e+001
7.444004e+002,7.038290e+001
7.448825e+002,7.038947e+001
7.453646e+002,7.039509e+001
7.458467e+002,7.039946e+001
7.463289e+002,7.040254e+001
7.468110e+002,7.040449e+001
7.472931e+002,7.040561e+001
7.477753e+002,7.040609e+001
7.482574e+002,7.040607e+001
7.487395e+002,7.040559e+001
7.492216e+002,7.040482e+001
7.497037e+002,7.040404e+001
7.501859e+002,7.040377e+001
7.506680e+002,7.040455e+001
7.511501e+002,7.040676e+001
7.516322e+002,7.041040e+001
7.521144e+002,7.041500e+001
7.525965e+002,7.041974e+001
7.530786e+002,7.042367e+001
7.535608e+002,7.042605e+001
7.540428e+002,7.042660e+001
7.545250e+002,7.042553e+001
7.550071e+002,7.042348e+001
7.554893e+002,7.042130e+001
7.559714e+002,7.041976e+001
7.564535e+002,7.041946e+001
7.569356e+002,7.042087e+001
7.574177e+002,7.042418e+001
7.578999e+002,7.042944e+001
7.583820e+002,7.043659e+001
7.588641e+002,7.044528e+001
7.593463e+002,7.045486e+001
7.598284e+002,7.046445e+001
7.603105e+002,7.047295e+001
7.607926e+002,7.047943e+001
7.612748e+002,7.048322e+001
7.617568e+002,7.048408e+001
7.622390e+002,7.048235e+001
7.627211e+002,7.047863e+001
7.632032e+002,7.047369e+001
7.636854e+002,7.046821e+001
7.641675e+002,7.046273e+001
7.646496e+002,7.045763e+001
7.651317e+002,7.045315e+001
7.656139e+002,7.044963e+001
7.660959e+002,7.044731e+001
7.665781e+002,7.044642e+001
7.670602e+002,7.044695e+001
7.675424e+002,7.044867e+001
7.680245e+002,7.045113e+001
7.685066e+002,7.045368e+001
7.689888e+002,7.045570e+001
7.694708e+002,7.045673e+001
7.699530e+002,7.045644e+001
7.704351e+002,7.045476e+001
7.709172e+002,7.045171e+001
7.713994e+002,7.044740e+001
7.718815e+002,7.044199e+001
7.723636e+002,7.043581e+001
7.728457e+002,7.042932e+001
7.733279e+002,7.042311e+001
7.738099e+002,7.041782e+001
7.742921e+002,7.041394e+001
7.747742e+002,7.041171e+001
7.752563e+002,7.041099e+001
7.757385e+002,7.041137e+001
7.762206e+002,7.041229e+001
7.767028e+002,7.041318e+001
7.771848e+002,7.041371e+001
7.776670e+002,7.041366e+001
7.781491e+002,7.041302e+001
7.786312e+002,7.041183e+001
7.791133e+002,7.041006e+001
7.795955e+002,7.040765e+001
7.800776e+002,7.040458e+001
7.805597e+002,7.040083e+001
7.810419e+002,7.039656e+001
7.815239e+002,7.039188e+001
7.820061e+002,7.038696e+001
7.824882e+002,7.038180e+001
7.829703e+002,7.037630e+001
7.834525e+002,7.037036e+001
7.839346e+002,7.036398e+001
7.844167e+002,7.035738e+001
7.848988e+002,7.035104e+001
7.853810e+002,7.034545e+001
7.858631e+002,7.034113e+001
7.863452e+002,7.033820e+001
7.868273e+002,7.033649e+001
7.873094e+002,7.033543e+001
7.877916e+002,7.033450e+001
7.882737e+002,7.033321e+001
7.887559e+002,7.033137e+001
7.892380e+002,7.032909e+001
7.897201e+002,7.032659e+001
7.902022e+002,7.032404e+001
7.906843e+002,7.032137e+001
7.911665e+002,7.031826e+001
7.916486e+002,7.031426e+001
7.921307e+002,7.030902e+001
7.926128e+002,7.030241e+001
7.930950e+002,7.029469e+001
7.935771e+002,7.028639e+001
7.940592e+002,7.027818e+001
7.945413e+002,7.027066e+001
7.950234e+002,7.026428e+001
7.955056e+002,7.025925e+001
7.959877e+002,7.025562e+001
7.964698e+002,7.025322e+001
7.969520e+002,7.025184e+001
7.974341e+002,7.025115e+001
7.979162e+002,7.025072e+001
7.983983e+002,7.025000e+001
7.988805e+002,7.024861e+001
7.993625e+002,7.024625e+001
7.998447e+002,7.024287e+001
8.003268e+002,7.023870e+001
8.008090e+002,7.023409e+001
8.012911e+002,7.022948e+001
8.017732e+002,7.022507e+001
8.022553e+002,7.022083e+001
8.027374e+002,7.021660e+001
8.032196e+002,7.021210e+001
8.037017e+002,7.020721e+001
8.041838e+002,7.020191e+001
8.046660e+002,7.019641e+001
8.051481e+002,7.019099e+001
8.056302e+002,7.018583e+001
8.061123e+002,7.018095e+001
8.065945e+002,7.017628e+001
8.070765e+002,7.017163e+001
8.075587e+002,7.016687e+001
8.080408e+002,7.016203e+001
8.085229e+002,7.015715e+001
8.090051e+002,7.015240e+001
8.094872e+002,7.014772e+001
8.099694e+002,7.014298e+001
8.104514e+002,7.013791e+001
8.109336e+002,7.013229e+001
8.114156e+002,7.012603e+001
8.118978e+002,7.011934e+001
8.123799e+002,7.011256e+001
8.128621e+002,7.010615e+001
8.133442e+002,7.010049e+001
8.138263e+002,7.009576e+001
8.143085e+002,7.009187e+001
8.147905e+002,7.008853e+001
8.152727e+002,7.008552e+001
8.157548e+002,7.008254e+001
8.162369e+002,7.007937e+001
8.167191e+002,7.007589e+001
8.172012e+002,7.007185e+001
8.176833e+002,7.006703e+001
8.181654e+002,7.006117e+001
8.186476e+002,7.005418e+001
8.191296e+002,7.004608e+001
8.196118e+002,7.003714e+001
8.200939e+002,7.002777e+001
8.205760e+002,7.001836e+001
8.210582e+002,7.000920e+001
8.215403e+002,7.000039e+001
8.220225e+002,6.999192e+001
8.225045e+002,6.998383e+001
8.229867e+002,6.997623e+001
8.234688e+002,6.996943e+001
8.239509e+002,6.996371e+001
8.244330e+002,6.995924e+001
8.249152e+002,6.995586e+001
8.253973e+002,6.995303e+001
8.258794e+002,6.994978e+001
8.263616e+002,6.994521e+001
8.268437e+002,6.993848e+001
8.273258e+002,6.992924e+001
8.278079e+002,6.991768e+001
8.282900e+002,6.990440e+001
8.287722e+002,6.989027e+001
8.292543e+002,6.987636e+001
8.297365e+002,6.986360e+001
8.302185e+002,6.985278e+001
8.307007e+002,6.984446e+001
8.311828e+002,6.983893e+001
8.316649e+002,6.983615e+001
8.321470e+002,6.983569e+001
8.326292e+002,6.983666e+001
8.331113e+002,6.983793e+001
8.335934e+002,6.983817e+001
8.340756e+002,6.983626e+001
8.345577e+002,6.983147e+001
8.350398e+002,6.982363e+001
8.355219e+002,6.981315e+001
8.360040e+002,6.980073e+001
8.364862e+002,6.978734e+001
8.369683e+002,6.977381e+001
8.374504e+002,6.976092e+001
8.379325e+002,6.974924e+001
8.384147e+002,6.973929e+001
8.388968e+002,6.973141e+001
8.393789e+002,6.972578e+001
8.398610e+002,6.972237e+001
8.403431e+002,6.972066e+001
8.408253e+002,6.971987e+001
8.413074e+002,6.971895e+001
8.417896e+002,6.971687e+001
8.422717e+002,6.971291e+001
8.427538e+002,6.970687e+001
8.432359e+002,6.969907e+001
8.437180e+002,6.969020e+001
8.442002e+002,6.968108e+001
8.446823e+002,6.967237e+001
8.451644e+002,6.966442e+001
8.456465e+002,6.965720e+001
8.461287e+002,6.965038e+001
8.466108e+002,6.964346e+001
8.470929e+002,6.963596e+001
8.475751e+002,6.962745e+001
8.480571e+002,6.961765e+001
8.485393e+002,6.960644e+001
8.490214e+002,6.959393e+001
8.495035e+002,6.958050e+001
8.499857e+002,6.956676e+001
8.504678e+002,6.955347e+001
8.509499e+002,6.954140e+001
8.514320e+002,6.953117e+001
8.519142e+002,6.952308e+001
8.523962e+002,6.951698e+001
8.528784e+002,6.951241e+001
8.533605e+002,6.950879e+001
8.538427e+002,6.950545e+001
8.543248e+002,6.950194e+001
8.548069e+002,6.949799e+001
8.552891e+002,6.949345e+001
8.557711e+002,6.948827e+001
8.562533e+002,6.948233e+001
8.567354e+002,6.947552e+001
8.572175e+002,6.946783e+001
8.576996e+002,6.945941e+001
8.581818e+002,6.945058e+001
8.586639e+002,6.944178e+001
8.591460e+002,6.943353e+001
8.596282e+002,6.942609e+001
8.601102e+002,6.941953e+001
8.605924e+002,6.941364e+001
8.610745e+002,6.940804e+001
8.615566e+002,6.940238e+001
8.620388e+002,6.939652e+001
8.625209e+002,6.939048e+001
8.630031e+002,6.938444e+001
8.634851e+002,6.937854e+001
8.639673e+002,6.937283e+001
8.644494e+002,6.936711e+001
8.649315e+002,6.936102e+001
8.654136e+002,6.935418e+001
8.658958e+002,6.934635e+001
8.663779e+002,6.933743e+001
8.668600e+002,6.932767e+001
8.673422e+002,6.931747e+001
8.678242e+002,6.930733e+001
8.683064e+002,6.929767e+001
8.687885e+002,6.928891e+001
8.692706e+002,6.928129e+001
8.697527e+002,6.927483e+001
8.702349e+002,6.926947e+001
8.707170e+002,6.926497e+001
8.711991e+002,6.926099e+001
8.716813e+002,6.925713e+001
8.721634e+002,6.925309e+001
8.726455e+002,6.924876e+001
8.731276e+002,6.924413e+001
8.736097e+002,6.923939e+001
8.740919e+002,6.923474e+001
8.745740e+002,6.923031e+001
8.750562e+002,6.922601e+001
8.755382e+002,6.922156e+001
8.760204e+002,6.921655e+001
8.765025e+002,6.921061e+001
8.769846e+002,6.920363e+001
8.774668e+002,6.919568e+001
8.779489e+002,6.918713e+001
8.784310e+002,6.917845e+001
8.789131e+002,6.917011e+001
8.793953e+002,6.916238e+001
8.798774e+002,6.915545e+001
8.803595e+002,6.914931e+001
8.808416e+002,6.914391e+001
8.813237e+002,6.913918e+001
8.818059e+002,6.913501e+001
8.822880e+002,6.913132e+001
8.827701e+002,6.912788e+001
8.832523e+002,6.912445e+001
8.837344e+002,6.912079e+001
8.842165e+002,6.911666e+001
8.846986e+002,6.911208e+001
8.851808e+002,6.910712e+001
8.856628e+002,6.910201e+001
8.861450e+002,6.909695e+001
8.866271e+002,6.909205e+001
8.871093e+002,6.908724e+001
8.875914e+002,6.908244e+001
8.880735e+002,6.907762e+001
8.885556e+002,6.907285e+001
8.890377e+002,6.906841e+001
8.895199e+002,6.906464e+001
8.900020e+002,6.906181e+001
8.904841e+002,6.906000e+001
8.909662e+002,6.905895e+001
8.914484e+002,6.905815e+001
8.919305e+002,6.905701e+001
8.924126e+002,6.905495e+001
8.928948e+002,6.905161e+001
8.933768e+002,6.904684e+001
8.938590e+002,6.904074e+001
8.943411e+002,6.903347e+001
8.948232e+002,6.902519e+001
8.953054e+002,6.901608e+001
8.957875e+002,6.900634e+001
8.962697e+002,6.899628e+001
8.967517e+002,6.898634e+001
8.972339e+002,6.897700e+001
8.977159e+002,6.896867e+001
8.981981e+002,6.896165e+001
8.986802e+002,6.895592e+001
8.991624e+002,6.895129e+001
8.996445e+002,6.894737e+001
9.001266e+002,6.894383e+001
9.006088e+002,6.894032e+001
9.010908e+002,6.893661e+001
9.015730e+002,6.893253e+001
9.020551e+002,6.892802e+001
9.025372e+002,6.892295e+001
9.030193e+002,6.891730e+001
9.035015e+002,6.891122e+001
9.039836e+002,6.890505e+001
9.044657e+002,6.889928e+001
9.049479e+002,6.889449e+001
9.054299e+002,6.889108e+001
9.059121e+002,6.888920e+001
9.063942e+002,6.888865e+001
9.068763e+002,6.888885e+001
9.073585e+002,6.888906e+001
9.078406e+002,6.888855e+001
9.083228e+002,6.888674e+001
9.088048e+002,6.888332e+001
9.092870e+002,6.887822e+001
9.097691e+002,6.887151e+001
9.102512e+002,6.886337e+001
9.107333e+002,6.885405e+001
9.112155e+002,6.884388e+001
9.116976e+002,6.883337e+001
9.121797e+002,6.882303e+001
9.126619e+002,6.881350e+001
9.131440e+002,6.880522e+001
9.136261e+002,6.879844e+001
9.141082e+002,6.879308e+001
9.145903e+002,6.878879e+001
9.150724e+002,6.878510e+001
9.155546e+002,6.878157e+001
9.160367e+002,6.877789e+001
9.165189e+002,6.877394e+001
9.170010e+002,6.876964e+001
9.174831e+002,6.876501e+001
9.179652e+002,6.876003e+001
9.184473e+002,6.875455e+001
9.189294e+002,6.874858e+001
9.194116e+002,6.874220e+001
9.198937e+002,6.873571e+001
9.203759e+002,6.872958e+001
9.208580e+002,6.872429e+001
9.213401e+002,6.872015e+001
9.218222e+002,6.871724e+001
9.223043e+002,6.871533e+001
9.227864e+002,6.871396e+001
9.232686e+002,6.871263e+001
9.237507e+002,6.871092e+001
9.242328e+002,6.870853e+001
9.247150e+002,6.870538e+001
9.251971e+002,6.870156e+001
9.256792e+002,6.869724e+001
9.261613e+002,6.869259e+001
9.266434e+002,6.868787e+001
9.271255e+002,6.868331e+001
9.276077e+002,6.867917e+001
9.280898e+002,6.867554e+001
9.285720e+002,6.867241e+001
9.290541e+002,6.866953e+001
9.295362e+002,6.866647e+001
9.300183e+002,6.866273e+001
9.305004e+002,6.865797e+001
9.309826e+002,6.865205e+001
9.314647e+002,6.864520e+001
9.319468e+002,6.863794e+001
9.324290e+002,6.863086e+001
9.329111e+002,6.862450e+001
9.333932e+002,6.861909e+001
9.338753e+002,6.861456e+001
9.343574e+002,6.861061e+001
9.348396e+002,6.860681e+001
9.353217e+002,6.860282e+001
9.358038e+002,6.859845e+001
9.362859e+002,6.859366e+001
9.367681e+002,6.858856e+001
9.372502e+002,6.858330e+001
9.377323e+002,6.857804e+001
9.382144e+002,6.857299e+001
9.386966e+002,6.856834e+001
9.391787e+002,6.856430e+001
9.396608e+002,6.856104e+001
9.401429e+002,6.855858e+001
9.406251e+002,6.855674e+001
9.411072e+002,6.855504e+001
9.415893e+002,6.855292e+001
9.420714e+002,6.854974e+001
9.425536e+002,6.854508e+001
9.430357e+002,6.853878e+001
9.435178e+002,6.853103e+001
9.439999e+002,6.852229e+001
9.444821e+002,6.851315e+001
9.449642e+002,6.850417e+001
9.454463e+002,6.849579e+001
9.459284e+002,6.848831e+001
9.464106e+002,6.848196e+001
9.468927e+002,6.847685e+001
9.473748e+002,6.847308e+001
9.478569e+002,6.847063e+001
9.483391e+002,6.846937e+001
9.488212e+002,6.846895e+001
9.493033e+002,6.846889e+001
9.497855e+002,6.846864e+001
9.502676e+002,6.846768e+001
9.507497e+002,6.846566e+001
9.512318e+002,6.846234e+001
9.517139e+002,6.845776e+001
9.521960e+002,6.845206e+001
9.526782e+002,6.844549e+001
9.531603e+002,6.843832e+001
9.536425e+002,6.843100e+001
9.541246e+002,6.842391e+001
9.546067e+002,6.841750e+001
9.550888e+002,6.841213e+001
9.555709e+002,6.840799e+001
9.560530e+002,6.840501e+001
9.565352e+002,6.840285e+001
9.570173e+002,6.840098e+001
9.574995e+002,6.839884e+001
9.579816e+002,6.839600e+001
9.584637e+002,6.839223e+001
9.589458e+002,6.838759e+001
9.594279e+002,6.838219e+001
9.599100e+002,6.837630e+001
9.603922e+002,6.837006e+001
9.608743e+002,6.836354e+001
9.613564e+002,6.835683e+001
9.618386e+002,6.835009e+001
9.623207e+002,6.834353e+001
9.628028e+002,6.833756e+001
9.632849e+002,6.833251e+001
9.637670e+002,6.832865e+001
9.642491e+002,6.832596e+001
9.647313e+002,6.832416e+001
9.652134e+002,6.832277e+001
9.656956e+002,6.832127e+001
9.661777e+002,6.831911e+001
9.666598e+002,6.831603e+001
9.671419e+002,6.831190e+001
9.676240e+002,6.830679e+001
9.681061e+002,6.830092e+001
9.685883e+002,6.829455e+001
9.690704e+002,6.828805e+001
9.695526e+002,6.828178e+001
9.700347e+002,6.827610e+001
9.705168e+002,6.827131e+001
9.709989e+002,6.826753e+001
9.714810e+002,6.826476e+001
9.719631e+002,6.826271e+001
9.724453e+002,6.826103e+001
9.729274e+002,6.825936e+001
9.734095e+002,6.825739e+001
9.738917e+002,6.825497e+001
9.743738e+002,6.825216e+001
9.748559e+002,6.824898e+001
9.753380e+002,6.824552e+001
9.758201e+002,6.824172e+001
9.763023e+002,6.823745e+001
9.767844e+002,6.823254e+001
9.772665e+002,6.822691e+001
9.777487e+002,6.822058e+001
9.782308e+002,6.821375e+001
9.787129e+002,6.820663e+001
9.791950e+002,6.819943e+001
9.796771e+002,6.819225e+001
9.801593e+002,6.818507e+001
9.806414e+002,6.817786e+001
9.811235e+002,6.817059e+001
9.816057e+002,6.816328e+001
9.820878e+002,6.815616e+001
9.825699e+002,6.814939e+001
9.830520e+002,6.814319e+001
9.835342e+002,6.813764e+001
9.840163e+002,6.813276e+001
9.844984e+002,6.812852e+001
9.849805e+002,6.812484e+001
9.854626e+002,6.812176e+001
9.859448e+002,6.811935e+001
9.864269e+002,6.811761e+001
9.869090e+002,6.811650e+001
9.873912e+002,6.811584e+001
9.878733e+002,6.811533e+001
9.883554e+002,6.811460e+001
9.888375e+002,6.811338e+001
9.893196e+002,6.811152e+001
9.898018e+002,6.810901e+001
9.902839e+002,6.810596e+001
9.907660e+002,6.810247e+001
9.912482e+002,6.809860e+001
9.917303e+002,6.809428e+001
9.922124e+002,6.808946e+001
9.926945e+002,6.808404e+001
9.931766e+002,6.807798e+001
9.936588e+002,6.807135e+001
9.941409e+002,6.806429e+001
9.946230e+002,6.805696e+001
9.951052e+002,6.804950e+001
9.955873e+002,6.804208e+001
9.960694e+002,6.803490e+001
9.965515e+002,6.802827e+001
9.970336e+002,6.802245e+001
9.975157e+002,6.801781e+001
9.979979e+002,6.801452e+001
9.984800e+002,6.801254e+001
9.989622e+002,6.801160e+001
9.994443e+002,6.801123e+001
9.999264e+002,6.801092e+001
1.000409e+003,6.801018e+001
1.000891e+003,6.800869e+001
1.001373e+003,6.800640e+001
1.001855e+003,6.800337e+001
1.002337e+003,6.799972e+001
1.002819e+003,6.799554e+001
1.003301e+003,6.799087e+001
1.003783e+003,6.798579e+001
1.004266e+003,6.798035e+001
1.004748e+003,6.797469e+001
1.005230e+003,6.796902e+001
1.005712e+003,6.796351e+001
1.006194e+003,6.795826e+001
1.006676e+003,6.795323e+001
1.007158e+003,6.794829e+001
1.007640e+003,6.794321e+001
1.008122e+003,6.793784e+001
1.008605e+003,6.793215e+001
1.009087e+003,6.792625e+001
1.009569e+003,6.792030e+001
1.010051e+003,6.791451e+001
1.010533e+003,6.790894e+001
1.011015e+003,6.790370e+001
1.011497e+003,6.789880e+001
1.011979e+003,6.789432e+001
1.012462e+003,6.789040e+001
1.012944e+003,6.788721e+001
1.013426e+003,6.788490e+001
1.013908e+003,6.788342e+001
1.014390e+003,6.788252e+001
1.014872e+003,6.788168e+001
1.015354e+003,6.788036e+001
1.015836e+003,6.787801e+001
1.016319e+003,6.787428e+001
1.016801e+003,6.786906e+001
1.017283e+003,6.786248e+001
1.017765e+003,6.785481e+001
1.018247e+003,6.784634e+001
1.018729e+003,6.783737e+001
1.019211e+003,6.782817e+001
1.019693e+003,6.781898e+001
1.020176e+003,6.781004e+001
1.020658e+003,6.780165e+001
1.021140e+003,6.779405e+001
1.021622e+003,6.778736e+001
1.022104e+003,6.778157e+001
1.022586e+003,6.777654e+001
1.023068e+003,6.777202e+001
1.023550e+003,6.776773e+001
1.024033e+003,6.776351e+001
1.024515e+003,6.775923e+001
1.024997e+003,6.775491e+001
1.025479e+003,6.775056e+001
1.025961e+003,6.774619e+001
1.026443e+003,6.774178e+001
1.026925e+003,6.773730e+001
1.027407e+003,6.773274e+001
1.027890e+003,6.772812e+001
1.028372e+003,6.772345e+001
1.028854e+003,6.771877e+001
1.029336e+003,6.771400e+001
1.029818e+003,6.770905e+001
1.030300e+003,6.770382e+001
1.030782e+003,6.769823e+001
1.031264e+003,6.769239e+001
1.031747e+003,6.768646e+001
1.032229e+003,6.768071e+001
1.032711e+003,6.767532e+001
1.033193e+003,6.767031e+001
1.033675e+003,6.766552e+001
1.034157e+003,6.766057e+001
1.034639e+003,6.765509e+001
1.035121e+003,6.764885e+001
1.035604e+003,6.764175e+001
1.036086e+003,6.763396e+001
1.036568e+003,6.762582e+001
1.037050e+003,6.761762e+001
1.037532e+003,6.760965e+001
1.038014e+003,6.760197e+001
1.038496e+003,6.759457e+001
1.038979e+003,6.758730e+001
1.039461e+003,6.758006e+001
1.039943e+003,6.757278e+001
1.040425e+003,6.756541e+001
1.040907e+003,6.755800e+001
1.041389e+003,6.755053e+001
1.041871e+003,6.754301e+001
1.042353e+003,6.753553e+001
1.042835e+003,6.752818e+001
1.043318e+003,6.752118e+001
1.043800e+003,6.751466e+001
1.044282e+003,6.750875e+001
1.044764e+003,6.750338e+001
1.045246e+003,6.749834e+001
1.045728e+003,6.749335e+001
1.046210e+003,6.748811e+001
1.046692e+003,6.748254e+001
1.047175e+003,6.747668e+001
1.047657e+003,6.747074e+001
1.048139e+003,6.746500e+001
1.048621e+003,6.745965e+001
1.049103e+003,6.745468e+001
1.049585e+003,6.744989e+001
1.050067e+003,6.744495e+001
1.050549e+003,6.743951e+001
1.051031e+003,6.743324e+001
1.051514e+003,6.742602e+001
1.051996e+003,6.741776e+001
1.052478e+003,6.740847e+001
1.052960e+003,6.739828e+001
1.053442e+003,6.738728e+001
1.053924e+003,6.737572e+001
1.054406e+003,6.736391e+001
1.054889e+003,6.735217e+001
1.055371e+003,6.734088e+001
1.055853e+003,6.733026e+001
1.056335e+003,6.732021e+001
1.056817e+003,6.731049e+001
1.057299e+003,6.730070e+001
1.057781e+003,6.729049e+001
1.058263e+003,6.727966e+001
1.058746e+003,6.726841e+001
1.059228e+003,6.725710e+001
1.059710e+003,6.724632e+001
1.060192e+003,6.723644e+001
1.060674e+003,6.722765e+001
1.061156e+003,6.721981e+001
1.061638e+003,6.721250e+001
1.062120e+003,6.720518e+001
1.062603e+003,6.719738e+001
1.063085e+003,6.718881e+001
1.063567e+003,6.717937e+001
1.064049e+003,6.716913e+001
1.064531e+003,6.715822e+001
1.065013e+003,6.714682e+001
1.065495e+003,6.713514e+001
1.065977e+003,6.712338e+001
1.066460e+003,6.711185e+001
1.066942e+003,6.710077e+001
1.067424e+003,6.709037e+001
1.067906e+003,6.708072e+001
1.068388e+003,6.707174e+001
1.068870e+003,6.706322e+001
1.069352e+003,6.705492e+001
1.069834e+003,6.704665e+001
1.070317e+003,6.703834e+001
1.070799e+003,6.703011e+001
1.071281e+003,6.702210e+001
1.071763e+003,6.701444e+001
1.072245e+003,6.700710e+001
1.072727e+003,6.699987e+001
1.073209e+003,6.699238e+001
1.073691e+003,6.698419e+001
1.074174e+003,6.697490e+001
1.074656e+003,6.696420e+001
1.075138e+003,6.695196e+001
1.075620e+003,6.693816e+001
1.076102e+003,6.692297e+001
1.076584e+003,6.690668e+001
1.077066e+003,6.688981e+001
1.077548e+003,6.687293e+001
1.078031e+003,6.685670e+001
1.078513e+003,6.684172e+001
1.078995e+003,6.682833e+001
1.079477e+003,6.681658e+001
1.079959e+003,6.680616e+001
1.080441e+003,6.679648e+001
1.080923e+003,6.678688e+001
1.081406e+003,6.677676e+001
1.081888e+003,6.676573e+001
1.082370e+003,6.675362e+001
1.082852e+003,6.674041e+001
1.083334e+003,6.672615e+001
1.083816e+003,6.671082e+001
1.084298e+003,6.669440e+001
1.084780e+003,6.667683e+001
1.085262e+003,6.665822e+001
1.085745e+003,6.663881e+001
1.086227e+003,6.661909e+001
1.086709e+003,6.659956e+001
1.087191e+003,6.658073e+001
1.087673e+003,6.656291e+001
1.088155e+003,6.654613e+001
1.088637e+003,6.653022e+001
1.089119e+003,6.651482e+001
1.089602e+003,6.649953e+001
1.090084e+003,6.648396e+001
1.090566e+003,6.646776e+001
1.091048e+003,6.645068e+001
1.091530e+003,6.643243e+001
1.092012e+003,6.641287e+001
1.092494e+003,6.639191e+001
1.092976e+003,6.636962e+001
1.093458e+003,6.634619e+001
1.093941e+003,6.632190e+001
1.094423e+003,6.629708e+001
1.094905e+003,6.627199e+001
1.095387e+003,6.624678e+001
1.095869e+003,6.622150e+001
1.096351e+003,6.619615e+001
1.096833e+003,6.617079e+001
1.097316e+003,6.614551e+001
1.097798e+003,6.612050e+001
1.098280e+003,6.609598e+001
1.098762e+003,6.607207e+001
1.099244e+003,6.604880e+001
1.099726e+003,6.602608e+001
1.100208e+003,6.600372e+001
1.100690e+003,6.598155e+001
1.101173e+003,6.595946e+001
1.101655e+003,6.593733e+001
1.102137e+003,6.591514e+001
1.102619e+003,6.589282e+001
1.103101e+003,6.587029e+001
1.103583e+003,6.584741e+001
1.104065e+003,6.582416e+001
1.104547e+003,6.580058e+001
1.105030e+003,6.577689e+001
1.105512e+003,6.575343e+001
1.105994e+003,6.573055e+001
1.106476e+003,6.570852e+001
1.106958e+003,6.568752e+001
1.107440e+003,6.566756e+001
1.107922e+003,6.564857e+001
1.108404e+003,6.563052e+001
1.108886e+003,6.561335e+001
1.109369e+003,6.559718e+001
1.109851e+003,6.558207e+001
1.110333e+003,6.556805e+001
1.110815e+003,6.555503e+001
1.111297e+003,6.554276e+001
1.111779e+003,6.553094e+001
1.112261e+003,6.551926e+001
1.112744e+003,6.550755e+001
1.113226e+003,6.549577e+001
1.113708e+003,6.548405e+001
1.114190e+003,6.547257e+001
1.114672e+003,6.546151e+001
1.115154e+003,6.545097e+001
1.115636e+003,6.544098e+001
1.116118e+003,6.543146e+001
1.116601e+003,6.542232e+001
1.117083e+003,6.541346e+001
1.117565e+003,6.540476e+001
1.118047e+003,6.539610e+001
1.118529e+003,6.538741e+001
1.119011e+003,6.537862e+001
1.119493e+003,6.536971e+001
1.119975e+003,6.536076e+001
1.120458e+003,6.535194e+001
1.120940e+003,6.534344e+001
1.121422e+003,6.533546e+001
1.121904e+003,6.532815e+001
1.122386e+003,6.532151e+001
1.122868e+003,6.531550e+001
1.123350e+003,6.530998e+001
1.123832e+003,6.530488e+001
1.124314e+003,6.530013e+001
1.124797e+003,6.529568e+001
1.125279e+003,6.529153e+001
1.125761e+003,6.528761e+001
1.126243e+003,6.528377e+001
1.126725e+003,6.527981e+001
1.127207e+003,6.527557e+001
1.127689e+003,6.527086e+001
1.128172e+003,6.526559e+001
1.128654e+003,6.525980e+001
1.129136e+003,6.525345e+001
1.129618e+003,6.524654e+001
1.130100e+003,6.523905e+001
1.130582e+003,6.523087e+001
1.131064e+003,6.522198e+001
1.131546e+003,6.521248e+001
1.132029e+003,6.520259e+001
1.132511e+003,6.519267e+001
1.132993e+003,6.518314e+001
1.133475e+003,6.517434e+001
1.133957e+003,6.516656e+001
1.134439e+003,6.515981e+001
1.134921e+003,6.515398e+001
1.135403e+003,6.514888e+001
1.135885e+003,6.514420e+001
1.136368e+003,6.513968e+001
1.136850e+003,6.513500e+001
1.137332e+003,6.512990e+001
1.137814e+003,6.512413e+001
1.138296e+003,6.511743e+001
1.138778e+003,6.510971e+001
1.139260e+003,6.510094e+001
1.139742e+003,6.509130e+001
1.140225e+003,6.508105e+001
1.140707e+003,6.507062e+001
1.141189e+003,6.506036e+001
1.141671e+003,6.505062e+001
1.142153e+003,6.504161e+001
1.142635e+003,6.503347e+001
1.143117e+003,6.502625e+001
1.143599e+003,6.501989e+001
1.144082e+003,6.501438e+001
1.144564e+003,6.500957e+001
1.145046e+003,6.500529e+001
1.145528e+003,6.500127e+001
1.146010e+003,6.499728e+001
1.146492e+003,6.499308e+001
1.146974e+003,6.498859e+001
1.147457e+003,6.498376e+001
1.147939e+003,6.497871e+001
1.148421e+003,6.497352e+001
1.148903e+003,6.496826e+001
1.149385e+003,6.496292e+001
1.149867e+003,6.495739e+001
1.150349e+003,6.495155e+001
1.150831e+003,6.494537e+001
1.151313e+003,6.493887e+001
1.151796e+003,6.493230e+001
1.152278e+003,6.492587e+001
1.152760e+003,6.491991e+001
1.153242e+003,6.491459e+001
1.153724e+003,6.491006e+001
1.154206e+003,6.490627e+001
1.154688e+003,6.490317e+001
1.155170e+003,6.490060e+001
1.155653e+003,6.489841e+001
1.156135e+003,6.489641e+001
1.156617e+003,6.489452e+001
1.157099e+003,6.489257e+001
1.157581e+003,6.489055e+001
1.158063e+003,6.488846e+001
1.158545e+003,6.488643e+001
1.159027e+003,6.488466e+001
1.159510e+003,6.488335e+001
1.159992e+003,6.488271e+001
1.160474e+003,6.488278e+001
1.160956e+003,6.488346e+001
1.161438e+003,6.488457e+001
1.161920e+003,6.488586e+001
1.162402e+003,6.488712e+001
1.162885e+003,6.488823e+001
1.163367e+003,6.488921e+001
1.163849e+003,6.489012e+001
1.164331e+003,6.489112e+001
1.164813e+003,6.489231e+001
1.165295e+003,6.489382e+001
1.165777e+003,6.489572e+001
1.166259e+003,6.489812e+001
1.166741e+003,6.490113e+001
1.167224e+003,6.490484e+001
1.167706e+003,6.490930e+001
1.168188e+003,6.491442e+001
1.168670e+003,6.491999e+001
1.169152e+003,6.492577e+001
1.169634e+003,6.493145e+001
1.170116e+003,6.493684e+001
1.170598e+003,6.494189e+001
1.171081e+003,6.494666e+001
1.171563e+003,6.495128e+001
1.172045e+003,6.495589e+001
1.172527e+003,6.496054e+001
1.173009e+003,6.496529e+001
1.173491e+003,6.497009e+001
1.173973e+003,6.497491e+001
1.174455e+003,6.497978e+001
1.174938e+003,6.498483e+001
1.175420e+003,6.499014e+001
1.175902e+003,6.499583e+001
1.176384e+003,6.500193e+001
1.176866e+003,6.500837e+001
1.177348e+003,6.501508e+001
1.177830e+003,6.502203e+001
1.178313e+003,6.502918e+001
1.178795e+003,6.503663e+001
1.179277e+003,6.504442e+001
1.179759e+003,6.505254e+001
1.180241e+003,6.506084e+001
1.180723e+003,6.506908e+001
1.181205e+003,6.507695e+001
1.181687e+003,6.508420e+001
1.182169e+003,6.509071e+001
1.182652e+003,6.509653e+001
1.183134e+003,6.510191e+001
1.183616e+003,6.510708e+001
1.184098e+003,6.511231e+001
1.184580e+003,6.511777e+001
1.185062e+003,6.512346e+001
1.185544e+003,6.512938e+001
1.186026e+003,6.513541e+001
1.186509e+003,6.514153e+001
1.186991e+003,6.514767e+001
1.187473e+003,6.515386e+001
1.187955e+003,6.516008e+001
1.188437e+003,6.516635e+001
1.188919e+003,6.517265e+001
1.189401e+003,6.517897e+001
1.189883e+003,6.518534e+001
1.190366e+003,6.519176e+001
1.190848e+003,6.519823e+001
1.191330e+003,6.520476e+001
1.191812e+003,6.521128e+001
1.192294e+003,6.521777e+001
1.192776e+003,6.522414e+001
1.193258e+003,6.523048e+001
1.193740e+003,6.523687e+001
1.194223e+003,6.524346e+001
1.194705e+003,6.525036e+001
1.195187e+003,6.525761e+001
1.195669e+003,6.526508e+001
1.196151e+003,6.527256e+001
1.196633e+003,6.527976e+001
1.197115e+003,6.528642e+001
1.197597e+003,6.529236e+001
1.198080e+003,6.529758e+001
1.198562e+003,6.530215e+001
1.199044e+003,6.530624e+001
1.199526e+003,6.530997e+001
1.200008e+003,6.531352e+001
1.200490e+003,6.531702e+001
1.200972e+003,6.532055e+001
1.201454e+003,6.532426e+001
1.201937e+003,6.532825e+001
1.202419e+003,6.533253e+001
1.202901e+003,6.533704e+001
1.203383e+003,6.534159e+001
1.203865e+003,6.534594e+001
1.204347e+003,6.534984e+001
1.204829e+003,6.535313e+001
1.205312e+003,6.535583e+001
1.205794e+003,6.535812e+001
1.206276e+003,6.536028e+001
1.206758e+003,6.536259e+001
1.207240e+003,6.536523e+001
1.207722e+003,6.536823e+001
1.208204e+003,6.537148e+001
1.208686e+003,6.537475e+001
1.209168e+003,6.537775e+001
1.209651e+003,6.538030e+001
1.210133e+003,6.538219e+001
1.210615e+003,6.538332e+001
1.211097e+003,6.538361e+001
1.211579e+003,6.538308e+001
1.212061e+003,6.538178e+001
1.212543e+003,6.537989e+001
1.213025e+003,6.537765e+001
1.213508e+003,6.537531e+001
1.213990e+003,6.537318e+001
1.214472e+003,6.537143e+001
1.214954e+003,6.537009e+001
1.215436e+003,6.536911e+001
1.215918e+003,6.536831e+001
1.216400e+003,6.536749e+001
1.216882e+003,6.536647e+001
1.217365e+003,6.536513e+001
1.217847e+003,6.536335e+001
1.218329e+003,6.536108e+001
1.218811e+003,6.535821e+001
1.219293e+003,6.535469e+001
1.219775e+003,6.535052e+001
1.220257e+003,6.534579e+001
1.220740e+003,6.534071e+001
1.221222e+003,6.533554e+001
1.221704e+003,6.533049e+001
1.222186e+003,6.532572e+001
1.222668e+003,6.532118e+001
1.223150e+003,6.531672e+001
1.223632e+003,6.531209e+001
1.224114e+003,6.530706e+001
1.224596e+003,6.530158e+001
1.225079e+003,6.529568e+001
1.225561e+003,6.528955e+001
1.226043e+003,6.528339e+001
1.226525e+003,6.527742e+001
1.227007e+003,6.527175e+001
1.227489e+003,6.526638e+001
1.227971e+003,6.526123e+001
1.228453e+003,6.525623e+001
1.228936e+003,6.525131e+001
1.229418e+003,6.524646e+001
1.229900e+003,6.524162e+001
1.230382e+003,6.523679e+001
1.230864e+003,6.523194e+001
1.231346e+003,6.522709e+001
1.231828e+003,6.522223e+001
1.232310e+003,6.521741e+001
1.232792e+003,6.521265e+001
1.233275e+003,6.520790e+001
1.233757e+003,6.520309e+001
1.234239e+003,6.519803e+001
1.234721e+003,6.519251e+001
1.235203e+003,6.518638e+001
1.235685e+003,6.517963e+001
1.236167e+003,6.517235e+001
1.236650e+003,6.516483e+001
1.237132e+003,6.515735e+001
1.237614e+003,6.515017e+001
1.238096e+003,6.514340e+001
1.238578e+003,6.513708e+001
1.239060e+003,6.513109e+001
1.239542e+003,6.512534e+001
1.240024e+003,6.511979e+001
1.240507e+003,6.511447e+001
1.240989e+003,6.510946e+001
1.241471e+003,6.510474e+001
1.241953e+003,6.510027e+001
1.242435e+003,6.509587e+001
1.242917e+003,6.509129e+001
1.243399e+003,6.508632e+001
1.243881e+003,6.508083e+001
1.244364e+003,6.507488e+001
1.244846e+003,6.506856e+001
1.245328e+003,6.506204e+001
1.245810e+003,6.505553e+001
1.246292e+003,6.504909e+001
1.246774e+003,6.504276e+001
1.247256e+003,6.503646e+001
1.247738e+003,6.503022e+001
1.248220e+003,6.502401e+001
1.248703e+003,6.501789e+001
1.249185e+003,6.501191e+001
1.249667e+003,6.500613e+001
1.250149e+003,6.500052e+001
1.250631e+003,6.499512e+001
1.251113e+003,6.498995e+001
1.251595e+003,6.498502e+001
1.252078e+003,6.498035e+001
1.252560e+003,6.497599e+001
1.253042e+003,6.497195e+001
1.253524e+003,6.496816e+001
1.254006e+003,6.496452e+001
1.254488e+003,6.496101e+001
1.254970e+003,6.495752e+001
1.255452e+003,6.495405e+001
1.255935e+003,6.495058e+001
1.256417e+003,6.494709e+001
1.256899e+003,6.494347e+001
1.257381e+003,6.493954e+001
1.257863e+003,6.493512e+001
1.258345e+003,6.493005e+001
1.258827e+003,6.492439e+001
1.259309e+003,6.491839e+001
1.259792e+003,6.491245e+001
1.260274e+003,6.490711e+001
1.260756e+003,6.490276e+001
1.261238e+003,6.489964e+001
1.261720e+003,6.489771e+001
1.262202e+003,6.489665e+001
1.262684e+003,6.489606e+001
1.263166e+003,6.489548e+001
1.263648e+003,6.489447e+001
1.264131e+003,6.489278e+001
1.264613e+003,6.489021e+001
1.265095e+003,6.488673e+001
1.265577e+003,6.488226e+001
1.266059e+003,6.487687e+001
1.266541e+003,6.487066e+001
1.267023e+003,6.486375e+001
1.267505e+003,6.485639e+001
1.267988e+003,6.484880e+001
1.268470e+003,6.484116e+001
1.268952e+003,6.483358e+001
1.269434e+003,6.482613e+001
1.269916e+003,6.481882e+001
1.270398e+003,6.481170e+001
1.270880e+003,6.480484e+001
1.271363e+003,6.479839e+001
1.271845e+003,6.479248e+001
1.272327e+003,6.478719e+001
1.272809e+003,6.478254e+001
1.273291e+003,6.477837e+001
1.273773e+003,6.477453e+001
1.274255e+003,6.477076e+001
1.274737e+003,6.476688e+001
1.275219e+003,6.476277e+001
1.275702e+003,6.475834e+001
1.276184e+003,6.475356e+001
1.276666e+003,6.474840e+001
1.277148e+003,6.474280e+001
1.277630e+003,6.473676e+001
1.278112e+003,6.473035e+001
1.278594e+003,6.472368e+001
1.279076e+003,6.471690e+001
1.279559e+003,6.471021e+001
1.280041e+003,6.470373e+001
1.280523e+003,6.469749e+001
1.281005e+003,6.469145e+001
1.281487e+003,6.468550e+001
1.281969e+003,6.467957e+001
1.282451e+003,6.467365e+001
1.282933e+003,6.466772e+001
1.283416e+003,6.466190e+001
1.283898e+003,6.465617e+001
1.284380e+003,6.465049e+001
1.284862e+003,6.464475e+001
1.285344e+003,6.463881e+001
1.285826e+003,6.463259e+001
1.286308e+003,6.462611e+001
1.286791e+003,6.461948e+001
1.287273e+003,6.461289e+001
1.287755e+003,6.460654e+001
1.288237e+003,6.460052e+001
1.288719e+003,6.459483e+001
1.289201e+003,6.458932e+001
1.289683e+003,6.458385e+001
1.290165e+003,6.457829e+001
1.290647e+003,6.457262e+001
1.291130e+003,6.456690e+001
1.291612e+003,6.456124e+001
1.292094e+003,6.455571e+001
1.292576e+003,6.455039e+001
1.293058e+003,6.454523e+001
1.293540e+003,6.454019e+001
1.294022e+003,6.453514e+001
1.294504e+003,6.453000e+001
1.294987e+003,6.452464e+001
1.295469e+003,6.451894e+001
1.295951e+003,6.451284e+001
1.296433e+003,6.450624e+001
1.296915e+003,6.449912e+001
1.297397e+003,6.449155e+001
1.297879e+003,6.448364e+001
1.298361e+003,6.447561e+001
1.298844e+003,6.446762e+001
1.299326e+003,6.445979e+001
1.299808e+003,6.445219e+001
1.300290e+003,6.444471e+001
1.300772e+003,6.443726e+001
1.301254e+003,6.442975e+001
1.301736e+003,6.442213e+001
1.302219e+003,6.441446e+001
1.302701e+003,6.440682e+001
1.303183e+003,6.439925e+001
1.303665e+003,6.439175e+001
1.304147e+003,6.438420e+001
1.304629e+003,6.437654e+001
1.305111e+003,6.436862e+001
1.305593e+003,6.436047e+001
1.306075e+003,6.435218e+001
1.306558e+003,6.434390e+001
1.307040e+003,6.433584e+001
1.307522e+003,6.432805e+001
1.308004e+003,6.432059e+001
1.308486e+003,6.431334e+001
1.308968e+003,6.430619e+001
1.309450e+003,6.429897e+001
1.309932e+003,6.429162e+001
1.310415e+003,6.428415e+001
1.310897e+003,6.427660e+001
1.311379e+003,6.426907e+001
1.311861e+003,6.426167e+001
1.312343e+003,6.425448e+001
1.312825e+003,6.424757e+001
1.313307e+003,6.424101e+001
1.313789e+003,6.423479e+001
1.314272e+003,6.422884e+001
1.314754e+003,6.422302e+001
1.315236e+003,6.421712e+001
1.315718e+003,6.421091e+001
1.316200e+003,6.420425e+001
1.316682e+003,6.419711e+001
1.317164e+003,6.418962e+001
1.317646e+003,6.418211e+001
1.318129e+003,6.417493e+001
1.318611e+003,6.416843e+001
1.319093e+003,6.416278e+001
1.319575e+003,6.415799e+001
1.320057e+003,6.415385e+001
1.320539e+003,6.415012e+001
1.321021e+003,6.414646e+001
1.321503e+003,6.414268e+001
1.321986e+003,6.413863e+001
1.322468e+003,6.413420e+001
1.322950e+003,6.412940e+001
1.323432e+003,6.412419e+001
1.323914e+003,6.411856e+001
1.324396e+003,6.411255e+001
1.324878e+003,6.410622e+001
1.325360e+003,6.409968e+001
1.325843e+003,6.409306e+001
1.326325e+003,6.408650e+001
1.326807e+003,6.408011e+001
1.327289e+003,6.407397e+001
1.327771e+003,6.406815e+001
1.328253e+003,6.406268e+001
1.328735e+003,6.405762e+001
1.329218e+003,6.405300e+001
1.329700e+003,6.404880e+001
1.330182e+003,6.404491e+001
1.330664e+003,6.404107e+001
1.331146e+003,6.403698e+001
1.331628e+003,6.403236e+001
1.332110e+003,6.402698e+001
1.332592e+003,6.402073e+001
1.333074e+003,6.401365e+001
1.333557e+003,6.400584e+001
1.334039e+003,6.399738e+001
1.334521e+003,6.398829e+001
1.335003e+003,6.397846e+001
1.335485e+003,6.396772e+001
1.335967e+003,6.395589e+001
1.336449e+003,6.394289e+001
1.336931e+003,6.392886e+001
1.337414e+003,6.391414e+001
1.337896e+003,6.389937e+001
1.338378e+003,6.388525e+001
1.338860e+003,6.387257e+001
1.339342e+003,6.386202e+001
1.339824e+003,6.385396e+001
1.340306e+003,6.384846e+001
1.340788e+003,6.384522e+001
1.341271e+003,6.384362e+001
1.341753e+003,6.384285e+001
1.342235e+003,6.384212e+001
1.342717e+003,6.384070e+001
1.343199e+003,6.383809e+001
1.343681e+003,6.383402e+001
1.344163e+003,6.382856e+001
1.344646e+003,6.382195e+001
1.345128e+003,6.381455e+001
1.345610e+003,6.380679e+001
1.346092e+003,6.379893e+001
1.346574e+003,6.379119e+001
1.347056e+003,6.378362e+001
1.347538e+003,6.377624e+001
1.348020e+003,6.376905e+001
1.348502e+003,6.376207e+001
1.348985e+003,6.375531e+001
1.349467e+003,6.374872e+001
1.349949e+003,6.374215e+001
1.350431e+003,6.373538e+001
1.350913e+003,6.372814e+001
1.351395e+003,6.372025e+001
1.351877e+003,6.371167e+001
1.352359e+003,6.370254e+001
1.352842e+003,6.369318e+001
1.353324e+003,6.368394e+001
1.353806e+003,6.367523e+001
1.354288e+003,6.366725e+001
1.354770e+003,6.366012e+001
1.355252e+003,6.365372e+001
1.355734e+003,6.364782e+001
1.356216e+003,6.364213e+001
1.356698e+003,6.363624e+001
1.357181e+003,6.362975e+001
1.357663e+003,6.362231e+001
1.358145e+003,6.361357e+001
1.358627e+003,6.360332e+001
1.359109e+003,6.359143e+001
1.359591e+003,6.357806e+001
1.360073e+003,6.356357e+001
1.360556e+003,6.354855e+001
1.361038e+003,6.353373e+001
1.361520e+003,6.351995e+001
1.362002e+003,6.350793e+001
1.362484e+003,6.349813e+001
1.362966e+003,6.349064e+001
1.363448e+003,6.348510e+001
1.363930e+003,6.348085e+001
1.364413e+003,6.347702e+001
1.364895e+003,6.347276e+001
1.365377e+003,6.346732e+001
1.365859e+003,6.346028e+001
1.366341e+003,6.345144e+001
1.366823e+003,6.344099e+001
1.367305e+003,6.342945e+001
1.367787e+003,6.341747e+001
1.368270e+003,6.340585e+001
1.368752e+003,6.339507e+001
1.369234e+003,6.338537e+001
1.369716e+003,6.337654e+001
1.370198e+003,6.336805e+001
1.370680e+003,6.335918e+001
1.371162e+003,6.334936e+001
1.371644e+003,6.333820e+001
1.372126e+003,6.332573e+001
1.372609e+003,6.331230e+001
1.373091e+003,6.329858e+001
1.373573e+003,6.328540e+001
1.374055e+003,6.327357e+001
1.374537e+003,6.326354e+001
1.375019e+003,6.325539e+001
1.375501e+003,6.324887e+001
1.375984e+003,6.324338e+001
1.376466e+003,6.323827e+001
1.376948e+003,6.323304e+001
1.377430e+003,6.322726e+001
1.377912e+003,6.322079e+001
1.378394e+003,6.321365e+001
1.378876e+003,6.320597e+001
1.379358e+003,6.319796e+001
1.379841e+003,6.318983e+001
1.380323e+003,6.318168e+001
1.380805e+003,6.317353e+001
1.381287e+003,6.316531e+001
1.381769e+003,6.315691e+001
1.382251e+003,6.314825e+001
1.382733e+003,6.313918e+001
1.383215e+003,6.312966e+001
1.383698e+003,6.311958e+001
1.384180e+003,6.310887e+001
1.384662e+003,6.309748e+001
1.385144e+003,6.308545e+001
1.385626e+003,6.307299e+001
1.386108e+003,6.306060e+001
1.386590e+003,6.304894e+001
1.387072e+003,6.303883e+001
1.387554e+003,6.303086e+001
1.388037e+003,6.302526e+001
1.388519e+003,6.302176e+001
1.389001e+003,6.301962e+001
1.389483e+003,6.301791e+001
1.389965e+003,6.301571e+001
1.390447e+003,6.301224e+001
1.390929e+003,6.300697e+001
1.391411e+003,6.299955e+001
1.391894e+003,6.298983e+001
1.392376e+003,6.297785e+001
1.392858e+003,6.296391e+001
1.393340e+003,6.294854e+001
1.393822e+003,6.293262e+001
1.394304e+003,6.291726e+001
1.394786e+003,6.290348e+001
1.395269e+003,6.289211e+001
1.395751e+003,6.288348e+001
1.396233e+003,6.287743e+001
1.396715e+003,6.287344e+001
1.397197e+003,6.287098e+001
1.397679e+003,6.286960e+001
1.398161e+003,6.286906e+001
1.398643e+003,6.286926e+001
1.399125e+003,6.287004e+001
1.399608e+003,6.287114e+001
1.400090e+003,6.287201e+001
1.400572e+003,6.287199e+001
1.401054e+003,6.287044e+001
1.401536e+003,6.286693e+001
1.402018e+003,6.286127e+001
1.402500e+003,6.285374e+001
1.402982e+003,6.284491e+001
1.403465e+003,6.283568e+001
1.403947e+003,6.282709e+001
1.404429e+003,6.282011e+001
1.404911e+003,6.281543e+001
1.405393e+003,6.281323e+001
1.405875e+003,6.281323e+001
1.406357e+003,6.281472e+001
1.406839e+003,6.281680e+001
1.407322e+003,6.281858e+001
1.407804e+003,6.281940e+001
1.408286e+003,6.281879e+001
1.408768e+003,6.281664e+001
1.409250e+003,6.281311e+001
1.409732e+003,6.280870e+001
1.410214e+003,6.280401e+001
1.410697e+003,6.279968e+001
1.411179e+003,6.279614e+001
1.411661e+003,6.279363e+001
1.412143e+003,6.279202e+001
1.412625e+003,6.279094e+001
1.413107e+003,6.278987e+001
1.413589e+003,6.278825e+001
1.414071e+003,6.278565e+001
1.414553e+003,6.278166e+001
1.415036e+003,6.277604e+001
1.415518e+003,6.276868e+001
1.416000e+003,6.275961e+001
1.416482e+003,6.274919e+001
1.416964e+003,6.273806e+001
1.417446e+003,6.272746e+001
1.417928e+003,6.271894e+001
1.418410e+003,6.271403e+001
1.418893e+003,6.271362e+001
1.419375e+003,6.271742e+001
1.419857e+003,6.272400e+001
1.420339e+003,6.273135e+001
1.420821e+003,6.273764e+001
1.421303e+003,6.274180e+001
1.421785e+003,6.274351e+001
1.422267e+003,6.274313e+001
1.422750e+003,6.274148e+001
1.423232e+003,6.273946e+001
1.423714e+003,6.273788e+001
1.424196e+003,6.273719e+001
1.424678e+003,6.273738e+001
1.425160e+003,6.273806e+001
1.425642e+003,6.273856e+001
1.426125e+003,6.273823e+001
1.426607e+003,6.273655e+001
1.427089e+003,6.273325e+001
1.427571e+003,6.272826e+001
1.428053e+003,6.272189e+001
1.428535e+003,6.271461e+001
1.429017e+003,6.270707e+001
1.429499e+003,6.269995e+001
1.429981e+003,6.269378e+001
1.430464e+003,6.268873e+001
1.430946e+003,6.268461e+001
1.431428e+003,6.268082e+001
1.431910e+003,6.267660e+001
1.432392e+003,6.267122e+001
1.432874e+003,6.266410e+001
1.433356e+003,6.265499e+001
1.433838e+003,6.264397e+001
1.434321e+003,6.263149e+001
1.434803e+003,6.261843e+001
1.435285e+003,6.260608e+001
1.435767e+003,6.259598e+001
1.436249e+003,6.258944e+001
1.436731e+003,6.258718e+001
1.437213e+003,6.258876e+001
1.437696e+003,6.259285e+001
1.438177e+003,6.259770e+001
1.438660e+003,6.260178e+001
1.439142e+003,6.260399e+001
1.439624e+003,6.260382e+001
1.440106e+003,6.260122e+001
1.440588e+003,6.259639e+001
1.441070e+003,6.258979e+001
1.441552e+003,6.258188e+001
1.442035e+003,6.257306e+001
1.442517e+003,6.256355e+001
1.442999e+003,6.255336e+001
1.443481e+003,6.254226e+001
1.443963e+003,6.252993e+001
1.444445e+003,6.251612e+001
1.444927e+003,6.250071e+001
1.445409e+003,6.248383e+001
1.445892e+003,6.246598e+001
1.446374e+003,6.244780e+001
1.446856e+003,6.243015e+001
1.447338e+003,6.241386e+001
1.447820e+003,6.239947e+001
1.448302e+003,6.238713e+001
1.448784e+003,6.237651e+001
1.449266e+003,6.236694e+001
1.449749e+003,6.235760e+001
1.450231e+003,6.234768e+001
1.450713e+003,6.233659e+001
1.451195e+003,6.232399e+001
1.451677e+003,6.230973e+001
1.452159e+003,6.229385e+001
1.452641e+003,6.227644e+001
1.453124e+003,6.225747e+001
1.453605e+003,6.223684e+001
1.454088e+003,6.221423e+001
1.454570e+003,6.218933e+001
1.455052e+003,6.216209e+001
1.455534e+003,6.213318e+001
1.456016e+003,6.210460e+001
1.456498e+003,6.207978e+001
1.456980e+003,6.206291e+001
1.457463e+003,6.205698e+001
1.457945e+003,6.206200e+001
1.458427e+003,6.207508e+001
1.458909e+003,6.209212e+001
1.459391e+003,6.210949e+001
1.459873e+003,6.212473e+001
1.460355e+003,6.213647e+001
1.460837e+003,6.214413e+001
1.461320e+003,6.214751e+001
1.461802e+003,6.214669e+001
1.462284e+003,6.214202e+001
1.462766e+003,6.213419e+001
1.463248e+003,6.212424e+001
1.463730e+003,6.211366e+001
1.464212e+003,6.210413e+001
1.464694e+003,6.209707e+001
1.465177e+003,6.209328e+001
1.465659e+003,6.209256e+001
1.466141e+003,6.209384e+001
1.466623e+003,6.209570e+001
1.467105e+003,6.209670e+001
1.467587e+003,6.209575e+001
1.468069e+003,6.209217e+001
1.468552e+003,6.208553e+001
1.469033e+003,6.207566e+001
1.469516e+003,6.206250e+001
1.469998e+003,6.204617e+001
1.470480e+003,6.202720e+001
1.470962e+003,6.200658e+001
1.471444e+003,6.198599e+001
1.471926e+003,6.196770e+001
1.472408e+003,6.195394e+001
1.472891e+003,6.194610e+001
1.473373e+003,6.194417e+001
1.473855e+003,6.194688e+001
1.474337e+003,6.195237e+001
1.474819e+003,6.195895e+001
1.475301e+003,6.196554e+001
1.475783e+003,6.197157e+001
1.476265e+003,6.197683e+001
1.476748e+003,6.198111e+001
1.477230e+003,6.198418e+001
1.477712e+003,6.198564e+001
1.478194e+003,6.198515e+001
1.478676e+003,6.198244e+001
1.479158e+003,6.197753e+001
1.479640e+003,6.197069e+001
1.480122e+003,6.196244e+001
1.480604e+003,6.195343e+001
1.481087e+003,6.194419e+001
1.481569e+003,6.193507e+001
1.482051e+003,6.192606e+001
1.482533e+003,6.191685e+001
1.483015e+003,6.190690e+001
1.483497e+003,6.189565e+001
1.483979e+003,6.188255e+001
1.484461e+003,6.186723e+001
1.484944e+003,6.184943e+001
1.485426e+003,6.182909e+001
1.485908e+003,6.180627e+001
1.486390e+003,6.178124e+001
1.486872e+003,6.175454e+001
1.487354e+003,6.172701e+001
1.487836e+003,6.169994e+001
1.488319e+003,6.167492e+001
1.488801e+003,6.165374e+001
1.489283e+003,6.163810e+001
1.489765e+003,6.162891e+001
1.490247e+003,6.162593e+001
1.490729e+003,6.162780e+001
1.491211e+003,6.163234e+001
1.491693e+003,6.163727e+001
1.492176e+003,6.164057e+001
1.492658e+003,6.164076e+001
1.493140e+003,6.163688e+001
1.493622e+003,6.162844e+001
1.494104e+003,6.161526e+001
1.494586e+003,6.159763e+001
1.495068e+003,6.157635e+001
1.495550e+003,6.155280e+001
1.496032e+003,6.152887e+001
1.496515e+003,6.150666e+001
1.496997e+003,6.148797e+001
1.497479e+003,6.147390e+001
1.497961e+003,6.146450e+001
1.498443e+003,6.145905e+001
1.498925e+003,6.145641e+001
1.499407e+003,6.145531e+001
1.499890e+003,6.145461e+001
1.500372e+003,6.145327e+001
1.500854e+003,6.145046e+001
1.501336e+003,6.144550e+001
1.501818e+003,6.143782e+001
1.502300e+003,6.142684e+001
1.502782e+003,6.141203e+001
1.503264e+003,6.139260e+001
1.503747e+003,6.136768e+001
1.504229e+003,6.133609e+001
1.504711e+003,6.129688e+001
1.505193e+003,6.124992e+001
1.505675e+003,6.119740e+001
1.506157e+003,6.114515e+001
1.506639e+003,6.110226e+001
1.507121e+003,6.107699e+001
1.507604e+003,6.107167e+001
1.508086e+003,6.108185e+001
1.508568e+003,6.110006e+001
1.509050e+003,6.111981e+001
1.509532e+003,6.113715e+001
1.510014e+003,6.115026e+001
1.510496e+003,6.115871e+001
1.510979e+003,6.116268e+001
1.511460e+003,6.116257e+001
1.511943e+003,6.115880e+001
1.512425e+003,6.115157e+001
1.512907e+003,6.114097e+001
1.513389e+003,6.112696e+001
1.513871e+003,6.110955e+001
1.514353e+003,6.108891e+001
1.514835e+003,6.106554e+001
1.515318e+003,6.104042e+001
1.515800e+003,6.101498e+001
1.516282e+003,6.099083e+001
1.516764e+003,6.096935e+001
1.517246e+003,6.095113e+001
1.517728e+003,6.093575e+001
1.518210e+003,6.092192e+001
1.518692e+003,6.090804e+001
1.519175e+003,6.089265e+001
1.519657e+003,6.087495e+001
1.520139e+003,6.085511e+001
1.520621e+003,6.083450e+001
1.521103e+003,6.081538e+001
1.521585e+003,6.080016e+001
1.522067e+003,6.079022e+001
1.522549e+003,6.078525e+001
1.523031e+003,6.078363e+001
1.523514e+003,6.078315e+001
1.523996e+003,6.078196e+001
1.524478e+003,6.077891e+001
1.524960e+003,6.077374e+001
1.525442e+003,6.076688e+001
1.525924e+003,6.075935e+001
1.526406e+003,6.075233e+001
1.526888e+003,6.074675e+001
1.527371e+003,6.074299e+001
1.527853e+003,6.074076e+001
1.528335e+003,6.073920e+001
1.528817e+003,6.073718e+001
1.529299e+003,6.073353e+001
1.529781e+003,6.072728e+001
1.530263e+003,6.071773e+001
1.530746e+003,6.070455e+001
1.531228e+003,6.068786e+001
1.531710e+003,6.066844e+001
1.532192e+003,6.064779e+001
1.532674e+003,6.062810e+001
1.533156e+003,6.061178e+001
1.533638e+003,6.060048e+001
1.534120e+003,6.059436e+001
1.534603e+003,6.059195e+001
1.535085e+003,6.059077e+001
1.535567e+003,6.058825e+001
1.536049e+003,6.058221e+001
1.536531e+003,6.057102e+001
1.537013e+003,6.055354e+001
1.537495e+003,6.052908e+001
1.537977e+003,6.049755e+001
1.538459e+003,6.045996e+001
1.538942e+003,6.041921e+001
1.539424e+003,6.038039e+001
1.539906e+003,6.034994e+001
1.540388e+003,6.033289e+001
1.540870e+003,6.033020e+001
1.541352e+003,6.033886e+001
1.541834e+003,6.035417e+001
1.542316e+003,6.037231e+001
1.542799e+003,6.039110e+001
1.543281e+003,6.040967e+001
1.543763e+003,6.042784e+001
1.544245e+003,6.044542e+001
1.544727e+003,6.046196e+001
1.545209e+003,6.047670e+001
1.545691e+003,6.048869e+001
1.546174e+003,6.049710e+001
1.546656e+003,6.050141e+001
1.547138e+003,6.050147e+001
1.547620e+003,6.049764e+001
1.548102e+003,6.049068e+001
1.548584e+003,6.048169e+001
1.549066e+003,6.047196e+001
1.549548e+003,6.046261e+001
1.550031e+003,6.045430e+001
1.550513e+003,6.044706e+001
1.550995e+003,6.044027e+001
1.551477e+003,6.043301e+001
1.551959e+003,6.042434e+001
1.552441e+003,6.041366e+001
1.552923e+003,6.040078e+001
1.553405e+003,6.038594e+001
1.553887e+003,6.036949e+001
1.554370e+003,6.035175e+001
1.554852e+003,6.033265e+001
1.555334e+003,6.031165e+001
1.555816e+003,6.028776e+001
1.556298e+003,6.025991e+001
1.556780e+003,6.022747e+001
1.557262e+003,6.019128e+001
1.557744e+003,6.015515e+001
1.558227e+003,6.012673e+001
1.558709e+003,6.011553e+001
1.559191e+003,6.012650e+001
1.559673e+003,6.015503e+001
1.560155e+003,6.019038e+001
1.560637e+003,6.022315e+001
1.561119e+003,6.024861e+001
1.561602e+003,6.026573e+001
1.562083e+003,6.027531e+001
1.562566e+003,6.027859e+001
1.563048e+003,6.027688e+001
1.563530e+003,6.027143e+001
1.564012e+003,6.026335e+001
1.564494e+003,6.025354e+001
1.564976e+003,6.024262e+001
1.565458e+003,6.023077e+001
1.565941e+003,6.021782e+001
1.566423e+003,6.020333e+001
1.566905e+003,6.018690e+001
1.567387e+003,6.016845e+001
1.567869e+003,6.014856e+001
1.568351e+003,6.012856e+001
1.568833e+003,6.011039e+001
1.569315e+003,6.009604e+001
1.569798e+003,6.008662e+001
1.570280e+003,6.008185e+001
1.570762e+003,6.007998e+001
1.571244e+003,6.007864e+001
1.571726e+003,6.007566e+001
1.572208e+003,6.006945e+001
1.572690e+003,6.005915e+001
1.573172e+003,6.004436e+001
1.573655e+003,6.002523e+001
1.574137e+003,6.000230e+001
1.574619e+003,5.997688e+001
1.575101e+003,5.995119e+001
1.575583e+003,5.992820e+001
1.576065e+003,5.991101e+001
1.576547e+003,5.990146e+001
1.577030e+003,5.989933e+001
1.577511e+003,5.990257e+001
1.577994e+003,5.990828e+001
1.578476e+003,5.991390e+001
1.578958e+003,5.991763e+001
1.579440e+003,5.991851e+001
1.579922e+003,5.991628e+001
1.580404e+003,5.991108e+001
1.580886e+003,5.990345e+001
1.581369e+003,5.989400e+001
1.581851e+003,5.988338e+001
1.582333e+003,5.987218e+001
1.582815e+003,5.986088e+001
1.583297e+003,5.984975e+001
1.583779e+003,5.983895e+001
1.584261e+003,5.982858e+001
1.584743e+003,5.981859e+001
1.585226e+003,5.980893e+001
1.585708e+003,5.979953e+001
1.586190e+003,5.979029e+001
1.586672e+003,5.978118e+001
1.587154e+003,5.977219e+001
1.587636e+003,5.976340e+001
1.588118e+003,5.975490e+001
1.588600e+003,5.974677e+001
1.589083e+003,5.973905e+001
1.589565e+003,5.973169e+001
1.590047e+003,5.972458e+001
1.590529e+003,5.971758e+001
1.591011e+003,5.971064e+001
1.591493e+003,5.970372e+001
1.591975e+003,5.969681e+001
1.592458e+003,5.968997e+001
1.592939e+003,5.968323e+001
1.593422e+003,5.967657e+001
1.593904e+003,5.966999e+001
1.594386e+003,5.966344e+001
1.594868e+003,5.965694e+001
1.595350e+003,5.965052e+001
1.595832e+003,5.964420e+001
1.596314e+003,5.963796e+001
1.596797e+003,5.963169e+001
1.597279e+003,5.962517e+001
1.597761e+003,5.961818e+001
1.598243e+003,5.961049e+001
1.598725e+003,5.960199e+001
1.599207e+003,5.959267e+001
1.599689e+003,5.958264e+001
1.600171e+003,5.957211e+001
1.600654e+003,5.956126e+001
1.601136e+003,5.955035e+001
1.601618e+003,5.953953e+001
1.602100e+003,5.952901e+001
1.602582e+003,5.951889e+001
1.603064e+003,5.950927e+001
1.603546e+003,5.950012e+001
1.604028e+003,5.949132e+001
1.604510e+003,5.948256e+001
1.604993e+003,5.947341e+001
1.605475e+003,5.946346e+001
1.605957e+003,5.945239e+001
1.606439e+003,5.944007e+001
1.606921e+003,5.942670e+001
1.607403e+003,5.941273e+001
1.607885e+003,5.939879e+001
1.608367e+003,5.938551e+001
1.608850e+003,5.937337e+001
1.609332e+003,5.936261e+001
1.609814e+003,5.935313e+001
1.610296e+003,5.934460e+001
1.610778e+003,5.933648e+001
1.611260e+003,5.932813e+001
1.611742e+003,5.931890e+001
1.612225e+003,5.930818e+001
1.612707e+003,5.929538e+001
1.613189e+003,5.928011e+001
1.613671e+003,5.926208e+001
1.614153e+003,5.924134e+001
1.614635e+003,5.921840e+001
1.615117e+003,5.919435e+001
1.615599e+003,5.917098e+001
1.616082e+003,5.915053e+001
1.616564e+003,5.913497e+001
1.617046e+003,5.912514e+001
1.617528e+003,5.912026e+001
1.618010e+003,5.911840e+001
1.618492e+003,5.911719e+001
1.618974e+003,5.911472e+001
1.619456e+003,5.910963e+001
1.619938e+003,5.910125e+001
1.620421e+003,5.908942e+001
1.620903e+003,5.907438e+001
1.621385e+003,5.905688e+001
1.621867e+003,5.903817e+001
1.622349e+003,5.901988e+001
1.622831e+003,5.900363e+001
1.623313e+003,5.899054e+001
1.623796e+003,5.898079e+001
1.624278e+003,5.897355e+001
1.624760e+003,5.896737e+001
1.625242e+003,5.896090e+001
1.625724e+003,5.895318e+001
1.626206e+003,5.894396e+001
1.626688e+003,5.893361e+001
1.627170e+003,5.892294e+001
1.627653e+003,5.891285e+001
1.628135e+003,5.890401e+001
1.628617e+003,5.889666e+001
1.629099e+003,5.889040e+001
1.629581e+003,5.888453e+001
1.630063e+003,5.887812e+001
1.630545e+003,5.887036e+001
1.631027e+003,5.886055e+001
1.631510e+003,5.884822e+001
1.631992e+003,5.883293e+001
1.632474e+003,5.881433e+001
1.632956e+003,5.879218e+001
1.633438e+003,5.876638e+001
1.633920e+003,5.873748e+001
1.634402e+003,5.870696e+001
1.634885e+003,5.867758e+001
1.635366e+003,5.865304e+001
1.635849e+003,5.863668e+001
1.636331e+003,5.862975e+001
1.636813e+003,5.863097e+001
1.637295e+003,5.863732e+001
1.637777e+003,5.864566e+001
1.638259e+003,5.865355e+001
1.638741e+003,5.865958e+001
1.639224e+003,5.866302e+001
1.639706e+003,5.866364e+001
1.640188e+003,5.866147e+001
1.640670e+003,5.865663e+001
1.641152e+003,5.864930e+001
1.641634e+003,5.863968e+001
1.642116e+003,5.862783e+001
1.642598e+003,5.861367e+001
1.643081e+003,5.859695e+001
1.643563e+003,5.857727e+001
1.644045e+003,5.855430e+001
1.644527e+003,5.852794e+001
1.645009e+003,5.849878e+001
1.645491e+003,5.846851e+001
1.645973e+003,5.844016e+001
1.646455e+003,5.841732e+001
1.646938e+003,5.840289e+001
1.647420e+003,5.839747e+001
1.647902e+003,5.839906e+001
1.648384e+003,5.840409e+001
1.648866e+003,5.840908e+001
1.649348e+003,5.841130e+001
1.649830e+003,5.840896e+001
1.650313e+003,5.840082e+001
1.650794e+003,5.838594e+001
1.651277e+003,5.836380e+001
1.651759e+003,5.833492e+001
1.652241e+003,5.830216e+001
1.652723e+003,5.827176e+001
1.653205e+003,5.825183e+001
1.653687e+003,5.824749e+001
1.654169e+003,5.825729e+001
1.654652e+003,5.827507e+001
1.655134e+003,5.829469e+001
1.655616e+003,5.831230e+001
1.656098e+003,5.832615e+001
1.656580e+003,5.833582e+001
1.657062e+003,5.834150e+001
1.657544e+003,5.834351e+001
1.658026e+003,5.834220e+001
1.658509e+003,5.833791e+001
1.658991e+003,5.833087e+001
1.659473e+003,5.832130e+001
1.659955e+003,5.830948e+001
1.660437e+003,5.829589e+001
1.660919e+003,5.828135e+001
1.661401e+003,5.826703e+001
1.661883e+003,5.825436e+001
1.662365e+003,5.824464e+001
1.662848e+003,5.823862e+001
1.663330e+003,5.823609e+001
1.663812e+003,5.823593e+001
1.664294e+003,5.823649e+001
1.664776e+003,5.823609e+001
1.665258e+003,5.823332e+001
1.665740e+003,5.822727e+001
1.666222e+003,5.821735e+001
1.666705e+003,5.820338e+001
1.667187e+003,5.818548e+001
1.667669e+003,5.816438e+001
1.668151e+003,5.814139e+001
1.668633e+003,5.811861e+001
1.669115e+003,5.809853e+001
1.669597e+003,5.808343e+001
1.670080e+003,5.807440e+001
1.670562e+003,5.807098e+001
1.671044e+003,5.807146e+001
1.671526e+003,5.807366e+001
1.672008e+003,5.807569e+001
1.672490e+003,5.807627e+001
1.672972e+003,5.807490e+001
1.673454e+003,5.807173e+001
1.673937e+003,5.806754e+001
1.674419e+003,5.806342e+001
1.674901e+003,5.806042e+001
1.675383e+003,5.805922e+001
1.675865e+003,5.805975e+001
1.676347e+003,5.806127e+001
1.676829e+003,5.806274e+001
1.677311e+003,5.806314e+001
1.677793e+003,5.806177e+001
1.678276e+003,5.805820e+001
1.678758e+003,5.805231e+001
1.679240e+003,5.804409e+001
1.679722e+003,5.803358e+001
1.680204e+003,5.802075e+001
1.680686e+003,5.800554e+001
1.681168e+003,5.798775e+001
1.681650e+003,5.796732e+001
1.682133e+003,5.794455e+001
1.682615e+003,5.792067e+001
1.683097e+003,5.789822e+001
1.683579e+003,5.788123e+001
1.684061e+003,5.787359e+001
1.684543e+003,5.787698e+001
1.685025e+003,5.788950e+001
1.685508e+003,5.790680e+001
1.685990e+003,5.792456e+001
1.686472e+003,5.793995e+001
1.686954e+003,5.795185e+001
1.687436e+003,5.796033e+001
1.687918e+003,5.796610e+001
1.688400e+003,5.797015e+001
1.688882e+003,5.797343e+001
1.689365e+003,5.797661e+001
1.689847e+003,5.797992e+001
1.690329e+003,5.798312e+001
1.690811e+003,5.798555e+001
1.691293e+003,5.798641e+001
1.691775e+003,5.798491e+001
1.692257e+003,5.798049e+001
1.692739e+003,5.797278e+001
1.693221e+003,5.796162e+001
1.693704e+003,5.794717e+001
1.694186e+003,5.792993e+001
1.694668e+003,5.791093e+001
1.695150e+003,5.789172e+001
1.695632e+003,5.787396e+001
1.696114e+003,5.785903e+001
1.696596e+003,5.784743e+001
1.697078e+003,5.783870e+001
1.697561e+003,5.783206e+001
1.698043e+003,5.782694e+001
1.698525e+003,5.782353e+001
1.699007e+003,5.782280e+001
1.699489e+003,5.782622e+001
1.699971e+003,5.783481e+001
1.700453e+003,5.784801e+001
1.700936e+003,5.786356e+001
1.701417e+003,5.787842e+001
1.701900e+003,5.789017e+001
1.702382e+003,5.789753e+001
1.702864e+003,5.790054e+001
1.703346e+003,5.789997e+001
1.703828e+003,5.789711e+001
1.704310e+003,5.789355e+001
1.704792e+003,5.789091e+001
1.705275e+003,5.789058e+001
1.705757e+003,5.789329e+001
1.706239e+003,5.789888e+001
1.706721e+003,5.790652e+001
1.707203e+003,5.791500e+001
1.707685e+003,5.792313e+001
1.708167e+003,5.793010e+001
1.708649e+003,5.793542e+001
1.709132e+003,5.793888e+001
1.709614e+003,5.794044e+001
1.710096e+003,5.794003e+001
1.710578e+003,5.793761e+001
1.711060e+003,5.793312e+001
1.711542e+003,5.792649e+001
1.712024e+003,5.791767e+001
1.712506e+003,5.790668e+001
1.712989e+003,5.789359e+001
1.713471e+003,5.787865e+001
1.713953e+003,5.786222e+001
1.714435e+003,5.784493e+001
1.714917e+003,5.782769e+001
1.715399e+003,5.781189e+001
1.715881e+003,5.779939e+001
1.716364e+003,5.779238e+001
1.716845e+003,5.779276e+001
1.717328e+003,5.780140e+001
1.717810e+003,5.781733e+001
1.718292e+003,5.783788e+001
1.718774e+003,5.785970e+001
1.719256e+003,5.787984e+001
1.719738e+003,5.789647e+001
1.720220e+003,5.790888e+001
1.720703e+003,5.791720e+001
1.721185e+003,5.792203e+001
1.721667e+003,5.792420e+001
1.722149e+003,5.792459e+001
1.722631e+003,5.792403e+001
1.723113e+003,5.792317e+001
1.723595e+003,5.792238e+001
1.724077e+003,5.792169e+001
1.724560e+003,5.792089e+001
1.725042e+003,5.791953e+001
1.725524e+003,5.791714e+001
1.726006e+003,5.791333e+001
1.726488e+003,5.790784e+001
1.726970e+003,5.790063e+001
1.727452e+003,5.789177e+001
1.727934e+003,5.788146e+001
1.728417e+003,5.786993e+001
1.728899e+003,5.785744e+001
1.729381e+003,5.784414e+001
1.729863e+003,5.783012e+001
1.730345e+003,5.781538e+001
1.730827e+003,5.779996e+001
1.731309e+003,5.778405e+001
1.731792e+003,5.776820e+001
1.732273e+003,5.775353e+001
1.732756e+003,5.774186e+001
1.733238e+003,5.773532e+001
1.733720e+003,5.773546e+001
1.734202e+003,5.774218e+001
1.734684e+003,5.775330e+001
1.735166e+003,5.776550e+001
1.735648e+003,5.777581e+001
1.736131e+003,5.778250e+001
1.736613e+003,5.778508e+001
1.737095e+003,5.778398e+001
1.737577e+003,5.778009e+001
1.738059e+003,5.777459e+001
1.738541e+003,5.776864e+001
1.739023e+003,5.776325e+001
1.739505e+003,5.775905e+001
1.739988e+003,5.775620e+001
1.740470e+003,5.775431e+001
1.740952e+003,5.775286e+001
1.741434e+003,5.775132e+001
1.741916e+003,5.774937e+001
1.742398e+003,5.774699e+001
1.742880e+003,5.774419e+001
1.743362e+003,5.774103e+001
1.743844e+003,5.773738e+001
1.744327e+003,5.773301e+001
1.744809e+003,5.772752e+001
1.745291e+003,5.772060e+001
1.745773e+003,5.771212e+001
1.746255e+003,5.770217e+001
1.746737e+003,5.769114e+001
1.747219e+003,5.767971e+001
1.747702e+003,5.766873e+001
1.748184e+003,5.765928e+001
1.748666e+003,5.765240e+001
1.749148e+003,5.764903e+001
1.749630e+003,5.764982e+001
1.750112e+003,5.765475e+001
1.750594e+003,5.766316e+001
1.751076e+003,5.767360e+001
1.751559e+003,5.768420e+001
1.752041e+003,5.769313e+001
1.752523e+003,5.769897e+001
1.753005e+003,5.770095e+001
1.753487e+003,5.769896e+001
1.753969e+003,5.769347e+001
1.754451e+003,5.768531e+001
1.754933e+003,5.767552e+001
1.755416e+003,5.766526e+001
1.755898e+003,5.765563e+001
1.756380e+003,5.764738e+001
1.756862e+003,5.764079e+001
1.757344e+003,5.763552e+001
1.757826e+003,5.763086e+001
1.758308e+003,5.762592e+001
1.758791e+003,5.761996e+001
1.759272e+003,5.761262e+001
1.759755e+003,5.760400e+001
1.760237e+003,5.759466e+001
1.760719e+003,5.758545e+001
1.761201e+003,5.757737e+001
1.761683e+003,5.757109e+001
1.762165e+003,5.756676e+001
1.762647e+003,5.756388e+001
1.763130e+003,5.756145e+001
1.763612e+003,5.755832e+001
1.764094e+003,5.755361e+001
1.764576e+003,5.754679e+001
1.765058e+003,5.753773e+001
1.765540e+003,5.752662e+001
1.766022e+003,5.751385e+001
1.766504e+003,5.749993e+001
1.766987e+003,5.748523e+001
1.767469e+003,5.747005e+001
1.767951e+003,5.745445e+001
1.768433e+003,5.743832e+001
1.768915e+003,5.742150e+001
1.769397e+003,5.740395e+001
1.769879e+003,5.738587e+001
1.770361e+003,5.736786e+001
1.770844e+003,5.735093e+001
1.771326e+003,5.733637e+001
1.771808e+003,5.732536e+001
1.772290e+003,5.731858e+001
1.772772e+003,5.731578e+001
1.773254e+003,5.731589e+001
1.773736e+003,5.731738e+001
1.774219e+003,5.731881e+001
1.774700e+003,5.731913e+001
1.775183e+003,5.731775e+001
1.775665e+003,5.731438e+001
1.776147e+003,5.730904e+001
1.776629e+003,5.730183e+001
1.777111e+003,5.729296e+001
1.777593e+003,5.728266e+001
1.778075e+003,5.727132e+001
1.778558e+003,5.725937e+001
1.779040e+003,5.724731e+001
1.779522e+003,5.723564e+001
1.780004e+003,5.722481e+001
1.780486e+003,5.721502e+001
1.780968e+003,5.720623e+001
1.781450e+003,5.719809e+001
1.781932e+003,5.719016e+001
1.782415e+003,5.718196e+001
1.782897e+003,5.717324e+001
1.783379e+003,5.716393e+001
1.783861e+003,5.715420e+001
1.784343e+003,5.714440e+001
1.784825e+003,5.713486e+001
1.785307e+003,5.712578e+001
1.785789e+003,5.711706e+001
1.786271e+003,5.710838e+001
1.786754e+003,5.709922e+001
1.787236e+003,5.708905e+001
1.787718e+003,5.707740e+001
1.788200e+003,5.706400e+001
1.788682e+003,5.704876e+001
1.789164e+003,5.703183e+001
1.789646e+003,5.701361e+001
1.790128e+003,5.699473e+001
1.790611e+003,5.697610e+001
1.791093e+003,5.695882e+001
1.791575e+003,5.694394e+001
1.792057e+003,5.693214e+001
1.792539e+003,5.692350e+001
1.793021e+003,5.691736e+001
1.793503e+003,5.691256e+001
1.793986e+003,5.690795e+001
1.794468e+003,5.690250e+001
1.794950e+003,5.689569e+001
1.795432e+003,5.688728e+001
1.795914e+003,5.687739e+001
1.796396e+003,5.686625e+001
1.796878e+003,5.685418e+001
1.797360e+003,5.684151e+001
1.797843e+003,5.682854e+001
1.798325e+003,5.681561e+001
1.798807e+003,5.680306e+001
1.799289e+003,5.679135e+001
1.799771e+003,5.678086e+001
1.800253e+003,5.677198e+001
1.800735e+003,5.676479e+001
1.801217e+003,5.675908e+001
1.801699e+003,5.675444e+001
1.802182e+003,5.675022e+001
1.802664e+003,5.674582e+001
1.803146e+003,5.674078e+001
1.803628e+003,5.673488e+001
1.804110e+003,5.672799e+001
1.804592e+003,5.672018e+001
1.805074e+003,5.671151e+001
1.805556e+003,5.670201e+001
1.806039e+003,5.669166e+001
1.806521e+003,5.668047e+001
1.807003e+003,5.666841e+001
1.807485e+003,5.665557e+001
1.807967e+003,5.664214e+001
1.808449e+003,5.662840e+001
1.808931e+003,5.661468e+001
1.809414e+003,5.660144e+001
1.809896e+003,5.658906e+001
1.810378e+003,5.657792e+001
1.810860e+003,5.656822e+001
1.811342e+003,5.655999e+001
1.811824e+003,5.655305e+001
1.812306e+003,5.654703e+001
1.812788e+003,5.654142e+001
1.813271e+003,5.653570e+001
1.813753e+003,5.652948e+001
1.814235e+003,5.652250e+001
1.814717e+003,5.651473e+001
1.815199e+003,5.650632e+001
1.815681e+003,5.649753e+001
1.816163e+003,5.648865e+001
1.816645e+003,5.647992e+001
1.817127e+003,5.647145e+001
1.817610e+003,5.646321e+001
1.818092e+003,5.645515e+001
1.818574e+003,5.644716e+001
1.819056e+003,5.643917e+001
1.819538e+003,5.643108e+001
1.820020e+003,5.642279e+001
1.820502e+003,5.641410e+001
1.820984e+003,5.640475e+001
1.821467e+003,5.639450e+001
1.821949e+003,5.638317e+001
1.822431e+003,5.637080e+001
1.822913e+003,5.635763e+001
1.823395e+003,5.634415e+001
1.823877e+003,5.633102e+001
1.824359e+003,5.631882e+001
1.824842e+003,5.630790e+001
1.825323e+003,5.629811e+001
1.825806e+003,5.628898e+001
1.826288e+003,5.627980e+001
1.826770e+003,5.626991e+001
1.827252e+003,5.625893e+001
1.827734e+003,5.624697e+001
1.828216e+003,5.623457e+001
1.828698e+003,5.622276e+001
1.829181e+003,5.621270e+001
1.829663e+003,5.620549e+001
1.830145e+003,5.620161e+001
1.830627e+003,5.620084e+001
1.831109e+003,5.620221e+001
1.831591e+003,5.620448e+001
1.832073e+003,5.620635e+001
1.832555e+003,5.620689e+001
1.833038e+003,5.620559e+001
1.833520e+003,5.620231e+001
1.834002e+003,5.619725e+001
1.834484e+003,5.619090e+001
1.834966e+003,5.618377e+001
1.835448e+003,5.617649e+001
1.835930e+003,5.616953e+001
1.836412e+003,5.616322e+001
1.836895e+003,5.615768e+001
1.837377e+003,5.615285e+001
1.837859e+003,5.614846e+001
1.838341e+003,5.614410e+001
1.838823e+003,5.613924e+001
1.839305e+003,5.613335e+001
1.839787e+003,5.612591e+001
1.840270e+003,5.611652e+001
1.840751e+003,5.610501e+001
1.841234e+003,5.609150e+001
1.841716e+003,5.607646e+001
1.842198e+003,5.606080e+001
1.842680e+003,5.604575e+001
1.843162e+003,5.603270e+001
1.843644e+003,5.602283e+001
1.844126e+003,5.601677e+001
1.844609e+003,5.601432e+001
1.845091e+003,5.601453e+001
1.845573e+003,5.601621e+001
1.846055e+003,5.601825e+001
1.846537e+003,5.601996e+001
1.847019e+003,5.602100e+001
1.847501e+003,5.602139e+001
1.847983e+003,5.602125e+001
1.848466e+003,5.602072e+001
1.848948e+003,5.601986e+001
1.849430e+003,5.601864e+001
1.849912e+003,5.601699e+001
1.850394e+003,5.601480e+001
1.850876e+003,5.601203e+001
1.851358e+003,5.600869e+001
1.851840e+003,5.600486e+001
1.852323e+003,5.600069e+001
1.852805e+003,5.599633e+001
1.853287e+003,5.599191e+001
1.853769e+003,5.598759e+001
1.854251e+003,5.598342e+001
1.854733e+003,5.597938e+001
1.855215e+003,5.597540e+001
1.855698e+003,5.597141e+001
1.856179e+003,5.596726e+001
1.856662e+003,5.596293e+001
1.857144e+003,5.595838e+001
1.857626e+003,5.595370e+001
1.858108e+003,5.594900e+001
1.858590e+003,5.594440e+001
1.859072e+003,5.594000e+001
1.859554e+003,5.593589e+001
1.860037e+003,5.593204e+001
1.860519e+003,5.592841e+001
1.861001e+003,5.592488e+001
1.861483e+003,5.592129e+001
1.861965e+003,5.591746e+001
1.862447e+003,5.591311e+001
1.862929e+003,5.590799e+001
1.863411e+003,5.590182e+001
1.863894e+003,5.589436e+001
1.864376e+003,5.588551e+001
1.864858e+003,5.587528e+001
1.865340e+003,5.586385e+001
1.865822e+003,5.585168e+001
1.866304e+003,5.583938e+001
1.866786e+003,5.582777e+001
1.867268e+003,5.581785e+001
1.867750e+003,5.581054e+001
1.868233e+003,5.580659e+001
1.868715e+003,5.580629e+001
1.869197e+003,5.580934e+001
1.869679e+003,5.581489e+001
1.870161e+003,5.582181e+001
1.870643e+003,5.582887e+001
1.871125e+003,5.583512e+001
1.871608e+003,5.583990e+001
1.872090e+003,5.584294e+001
1.872572e+003,5.584426e+001
1.873054e+003,5.584409e+001
1.873536e+003,5.584278e+001
1.874018e+003,5.584067e+001
1.874500e+003,5.583808e+001
1.874982e+003,5.583520e+001
1.875465e+003,5.583215e+001
1.875947e+003,5.582899e+001
1.876429e+003,5.582573e+001
1.876911e+003,5.582249e+001
1.877393e+003,5.581930e+001
1.877875e+003,5.581632e+001
1.878357e+003,5.581356e+001
1.878839e+003,5.581108e+001
1.879322e+003,5.580879e+001
1.879804e+003,5.580659e+001
1.880286e+003,5.580437e+001
1.880768e+003,5.580202e+001
1.881250e+003,5.579949e+001
1.881732e+003,5.579673e+001
1.882214e+003,5.579372e+001
1.882697e+003,5.579045e+001
1.883178e+003,5.578694e+001
1.883661e+003,5.578314e+001
1.884143e+003,5.577902e+001
1.884625e+003,5.577455e+001
1.885107e+003,5.576968e+001
1.885589e+003,5.576437e+001
1.886071e+003,5.575863e+001
1.886553e+003,5.575254e+001
1.887036e+003,5.574632e+001
1.887518e+003,5.574028e+001
1.888000e+003,5.573487e+001
1.888482e+003,5.573056e+001
1.888964e+003,5.572768e+001
1.889446e+003,5.572631e+001
1.889928e+003,5.572618e+001
1.890410e+003,5.572673e+001
1.890893e+003,5.572722e+001
1.891375e+003,5.572704e+001
1.891857e+003,5.572575e+001
1.892339e+003,5.572327e+001
1.892821e+003,5.571975e+001
1.893303e+003,5.571559e+001
1.893785e+003,5.571125e+001
1.894267e+003,5.570719e+001
1.894750e+003,5.570372e+001
1.895232e+003,5.570094e+001
1.895714e+003,5.569880e+001
1.896196e+003,5.569710e+001
1.896678e+003,5.569559e+001
1.897160e+003,5.569395e+001
1.897642e+003,5.569201e+001
1.898125e+003,5.568959e+001
1.898606e+003,5.568661e+001
1.899089e+003,5.568312e+001
1.899571e+003,5.567923e+001
1.900053e+003,5.567512e+001
1.900535e+003,5.567094e+001
1.901017e+003,5.566686e+001
1.901499e+003,5.566297e+001
1.901981e+003,5.565923e+001
1.902464e+003,5.565561e+001
1.902946e+003,5.565197e+001
1.903428e+003,5.564827e+001
1.903910e+003,5.564442e+001
1.904392e+003,5.564037e+001
1.904874e+003,5.563607e+001
1.905356e+003,5.563145e+001
1.905838e+003,5.562642e+001
1.906321e+003,5.562092e+001
1.906803e+003,5.561493e+001
1.907285e+003,5.560859e+001
1.907767e+003,5.560216e+001
1.908249e+003,5.559595e+001
1.908731e+003,5.559034e+001
1.909213e+003,5.558562e+001
1.909695e+003,5.558188e+001
1.910177e+003,5.557903e+001
1.910660e+003,5.557681e+001
1.911142e+003,5.557486e+001
1.911624e+003,5.557282e+001
1.912106e+003,5.557033e+001
1.912588e+003,5.556707e+001
1.913070e+003,5.556284e+001
1.913552e+003,5.555749e+001
1.914034e+003,5.555098e+001
1.914517e+003,5.554336e+001
1.914999e+003,5.553487e+001
1.915481e+003,5.552592e+001
1.915963e+003,5.551704e+001
1.916445e+003,5.550880e+001
1.916927e+003,5.550174e+001
1.917409e+003,5.549613e+001
1.917892e+003,5.549194e+001
1.918374e+003,5.548880e+001
1.918856e+003,5.548607e+001
1.919338e+003,5.548314e+001
1.919820e+003,5.547952e+001
1.920302e+003,5.547494e+001
1.920784e+003,5.546949e+001
1.921266e+003,5.546342e+001
1.921749e+003,5.545717e+001
1.922231e+003,5.545116e+001
1.922713e+003,5.544580e+001
1.923195e+003,5.544127e+001
1.923677e+003,5.543758e+001
1.924159e+003,5.543454e+001
1.924641e+003,5.543184e+001
1.925123e+003,5.542916e+001
1.925605e+003,5.542624e+001
1.926088e+003,5.542291e+001
1.926570e+003,5.541909e+001
1.927052e+003,5.541484e+001
1.927534e+003,5.541024e+001
1.928016e+003,5.540539e+001
1.928498e+003,5.540034e+001
1.928980e+003,5.539513e+001
1.929462e+003,5.538976e+001
1.929945e+003,5.538418e+001
1.930427e+003,5.537841e+001
1.930909e+003,5.537244e+001
1.931391e+003,5.536630e+001
1.931873e+003,5.536002e+001
1.932355e+003,5.535359e+001
1.932837e+003,5.534698e+001
1.933320e+003,5.534018e+001
1.933802e+003,5.533319e+001
1.934284e+003,5.532604e+001
1.934766e+003,5.531879e+001
1.935248e+003,5.531155e+001
1.935730e+003,5.530445e+001
1.936212e+003,5.529754e+001
1.936694e+003,5.529079e+001
1.937177e+003,5.528406e+001
1.937659e+003,5.527718e+001
1.938141e+003,5.526992e+001
1.938623e+003,5.526208e+001
1.939105e+003,5.525358e+001
1.939587e+003,5.524441e+001
1.940069e+003,5.523474e+001
1.940551e+003,5.522481e+001
1.941033e+003,5.521501e+001
1.941516e+003,5.520576e+001
1.941998e+003,5.519741e+001
1.942480e+003,5.519015e+001
1.942962e+003,5.518401e+001
1.943444e+003,5.517875e+001
1.943926e+003,5.517397e+001
1.944408e+003,5.516922e+001
1.944890e+003,5.516410e+001
1.945373e+003,5.515839e+001
1.945855e+003,5.515199e+001
1.946337e+003,5.514499e+001
1.946819e+003,5.513761e+001
1.947301e+003,5.513006e+001
1.947783e+003,5.512255e+001
1.948265e+003,5.511518e+001
1.948748e+003,5.510801e+001
1.949229e+003,5.510097e+001
1.949712e+003,5.509402e+001
1.950194e+003,5.508706e+001
1.950676e+003,5.507997e+001
1.951158e+003,5.507268e+001
1.951640e+003,5.506508e+001
1.952122e+003,5.505710e+001
1.952604e+003,5.504871e+001
1.953087e+003,5.503997e+001
1.953569e+003,5.503101e+001
1.954051e+003,5.502205e+001
1.954533e+003,5.501335e+001
1.955015e+003,5.500514e+001
1.955497e+003,5.499751e+001
1.955979e+003,5.499047e+001
1.956461e+003,5.498388e+001
1.956944e+003,5.497749e+001
1.957426e+003,5.497106e+001
1.957908e+003,5.496434e+001
1.958390e+003,5.495713e+001
1.958872e+003,5.494931e+001
1.959354e+003,5.494090e+001
1.959836e+003,5.493192e+001
1.960318e+003,5.492252e+001
1.960801e+003,5.491283e+001
1.961283e+003,5.490304e+001
1.961765e+003,5.489333e+001
1.962247e+003,5.488378e+001
1.962729e+003,5.487441e+001
1.963211e+003,5.486513e+001
1.963693e+003,5.485581e+001
1.964176e+003,5.484632e+001
1.964657e+003,5.483659e+001
1.965140e+003,5.482666e+001
1.965622e+003,5.481670e+001
1.966104e+003,5.480693e+001
1.966586e+003,5.479757e+001
1.967068e+003,5.478876e+001
1.967550e+003,5.478049e+001
1.968032e+003,5.477267e+001
1.968515e+003,5.476505e+001
1.968997e+003,5.475747e+001
1.969479e+003,5.474976e+001
1.969961e+003,5.474190e+001
1.970443e+003,5.473392e+001
1.970925e+003,5.472591e+001
1.971407e+003,5.471797e+001
1.971889e+003,5.471010e+001
1.972372e+003,5.470232e+001
1.972854e+003,5.469457e+001
1.973336e+003,5.468678e+001
1.973818e+003,5.467887e+001
1.974300e+003,5.467079e+001
1.974782e+003,5.466248e+001
1.975264e+003,5.465394e+001
1.975746e+003,5.464516e+001
1.976229e+003,5.463617e+001
1.976711e+003,5.462702e+001
1.977193e+003,5.461779e+001
1.977675e+003,5.460852e+001
1.978157e+003,5.459926e+001
1.978639e+003,5.459002e+001
1.979121e+003,5.458076e+001
1.979604e+003,5.457149e+001
1.980085e+003,5.456221e+001
1.980568e+003,5.455296e+001
1.981050e+003,5.454384e+001
1.981532e+003,5.453495e+001
1.982014e+003,5.452637e+001
1.982496e+003,5.451810e+001
1.982978e+003,5.451005e+001
1.983460e+003,5.450211e+001
1.983943e+003,5.449411e+001
1.984425e+003,5.448592e+001
1.984907e+003,5.447751e+001
1.985389e+003,5.446889e+001
1.985871e+003,5.446014e+001
1.986353e+003,5.445134e+001
1.986835e+003,5.444252e+001
1.987317e+003,5.443373e+001
1.987800e+003,5.442489e+001
1.988282e+003,5.441598e+001
1.988764e+003,5.440693e+001
1.989246e+003,5.439773e+001
1.989728e+003,5.438844e+001
1.990210e+003,5.437912e+001
1.990692e+003,5.436990e+001
1.991174e+003,5.436091e+001
1.991656e+003,5.435227e+001
1.992139e+003,5.434411e+001
1.992621e+003,5.433644e+001
1.993103e+003,5.432922e+001
1.993585e+003,5.432231e+001
1.994067e+003,5.431549e+001
1.994549e+003,5.430855e+001
1.995031e+003,5.430127e+001
1.995514e+003,5.429352e+001
1.995996e+003,5.428526e+001
1.996478e+003,5.427657e+001
1.996960e+003,5.426760e+001
1.997442e+003,5.425854e+001
1.997924e+003,5.424954e+001
1.998406e+003,5.424072e+001
1.998888e+003,5.423213e+001
1.999371e+003,5.422373e+001
1.999853e+003,5.421550e+001
2.000335e+003,5.420734e+001
2.000817e+003,5.419923e+001
2.001299e+003,5.419113e+001
2.001781e+003,5.418304e+001
2.002263e+003,5.417495e+001
2.002745e+003,5.416691e+001
2.003228e+003,5.415898e+001
2.003710e+003,5.415121e+001
2.004192e+003,5.414363e+001
2.004674e+003,5.413629e+001
2.005156e+003,5.412907e+001
2.005638e+003,5.412187e+001
2.006120e+003,5.411446e+001
2.006603e+003,5.410668e+001
2.007084e+003,5.409835e+001
2.007567e+003,5.408946e+001
2.008049e+003,5.408009e+001
2.008531e+003,5.407041e+001
2.009013e+003,5.406067e+001
2.009495e+003,5.405113e+001
2.009977e+003,5.404196e+001
2.010459e+003,5.403331e+001
2.010942e+003,5.402523e+001
2.011424e+003,5.401767e+001
2.011906e+003,5.401056e+001
2.012388e+003,5.400373e+001
2.012870e+003,5.399699e+001
2.013352e+003,5.399013e+001
2.013834e+003,5.398293e+001
2.014316e+003,5.397524e+001
2.014799e+003,5.396706e+001
2.015281e+003,5.395847e+001
2.015763e+003,5.394967e+001
2.016245e+003,5.394095e+001
2.016727e+003,5.393259e+001
2.017209e+003,5.392477e+001
2.017691e+003,5.391756e+001
2.018173e+003,5.391089e+001
2.018656e+003,5.390459e+001
2.019138e+003,5.389847e+001
2.019620e+003,5.389234e+001
2.020102e+003,5.388604e+001
2.020584e+003,5.387949e+001
2.021066e+003,5.387263e+001
2.021548e+003,5.386543e+001
2.022031e+003,5.385794e+001
2.022512e+003,5.385019e+001
2.022995e+003,5.384228e+001
2.023477e+003,5.383432e+001
2.023959e+003,5.382645e+001
2.024441e+003,5.381877e+001
2.024923e+003,5.381130e+001
2.025405e+003,5.380404e+001
2.025887e+003,5.379692e+001
2.026370e+003,5.378988e+001
2.026852e+003,5.378288e+001
2.027334e+003,5.377588e+001
2.027816e+003,5.376890e+001
2.028298e+003,5.376193e+001
2.028780e+003,5.375496e+001
2.029262e+003,5.374794e+001
2.029744e+003,5.374081e+001
2.030227e+003,5.373357e+001
2.030709e+003,5.372621e+001
2.031191e+003,5.371879e+001
2.031673e+003,5.371141e+001
2.032155e+003,5.370415e+001
2.032637e+003,5.369704e+001
2.033119e+003,5.369008e+001
2.033601e+003,5.368318e+001
2.034083e+003,5.367620e+001
2.034566e+003,5.366909e+001
2.035048e+003,5.366181e+001
2.035530e+003,5.365437e+001
2.036012e+003,5.364681e+001
2.036494e+003,5.363921e+001
2.036976e+003,5.363164e+001
2.037458e+003,5.362408e+001
2.037940e+003,5.361655e+001
2.038423e+003,5.360904e+001
2.038905e+003,5.360155e+001
2.039387e+003,5.359403e+001
2.039869e+003,5.358647e+001
2.040351e+003,5.357884e+001
2.040833e+003,5.357108e+001
2.041315e+003,5.356315e+001
2.041798e+003,5.355504e+001
2.042280e+003,5.354678e+001
2.042762e+003,5.353845e+001
2.043244e+003,5.353011e+001
2.043726e+003,5.352185e+001
2.044208e+003,5.351375e+001
2.044690e+003,5.350575e+001
2.045172e+003,5.349787e+001
2.045655e+003,5.349006e+001
2.046137e+003,5.348231e+001
2.046619e+003,5.347468e+001
2.047101e+003,5.346720e+001
2.047583e+003,5.345994e+001
2.048065e+003,5.345292e+001
2.048547e+003,5.344609e+001
2.049029e+003,5.343941e+001
2.049511e+003,5.343278e+001
2.049994e+003,5.342611e+001
2.050476e+003,5.341938e+001
2.050958e+003,5.341255e+001
2.051440e+003,5.340563e+001
2.051922e+003,5.339857e+001
2.052404e+003,5.339136e+001
2.052886e+003,5.338393e+001
2.053368e+003,5.337626e+001
2.053851e+003,5.336835e+001
2.054333e+003,5.336029e+001
2.054815e+003,5.335218e+001
2.055297e+003,5.334413e+001
2.055779e+003,5.333619e+001
2.056261e+003,5.332835e+001
2.056743e+003,5.332057e+001
2.057226e+003,5.331277e+001
2.057708e+003,5.330489e+001
2.058190e+003,5.329691e+001
2.058672e+003,5.328888e+001
2.059154e+003,5.328082e+001
2.059636e+003,5.327280e+001
2.060118e+003,5.326479e+001
2.060600e+003,5.325672e+001
2.061083e+003,5.324858e+001
2.061565e+003,5.324025e+001
2.062047e+003,5.323176e+001
2.062529e+003,5.322313e+001
2.063011e+003,5.321446e+001
2.063493e+003,5.320588e+001
2.063975e+003,5.319746e+001
2.064457e+003,5.318930e+001
2.064939e+003,5.318145e+001
2.065422e+003,5.317389e+001
2.065904e+003,5.316659e+001
2.066386e+003,5.315950e+001
2.066868e+003,5.315250e+001
2.067350e+003,5.314548e+001
2.067832e+003,5.313832e+001
2.068314e+003,5.313090e+001
2.068796e+003,5.312317e+001
2.069279e+003,5.311506e+001
2.069761e+003,5.310668e+001
2.070243e+003,5.309804e+001
2.070725e+003,5.308927e+001
2.071207e+003,5.308038e+001
2.071689e+003,5.307141e+001
2.072171e+003,5.306239e+001
2.072654e+003,5.305322e+001
2.073135e+003,5.304395e+001
2.073618e+003,5.303460e+001
2.074100e+003,5.302526e+001
2.074582e+003,5.301600e+001
2.075064e+003,5.300689e+001
2.075546e+003,5.299799e+001
2.076028e+003,5.298928e+001
2.076510e+003,5.298076e+001
2.076993e+003,5.297234e+001
2.077475e+003,5.296396e+001
2.077957e+003,5.295556e+001
2.078439e+003,5.294706e+001
2.078921e+003,5.293836e+001
2.079403e+003,5.292938e+001
2.079885e+003,5.292006e+001
2.080367e+003,5.291044e+001
2.080850e+003,5.290057e+001
2.081332e+003,5.289060e+001
2.081814e+003,5.288069e+001
2.082296e+003,5.287093e+001
2.082778e+003,5.286136e+001
2.083260e+003,5.285193e+001
2.083742e+003,5.284249e+001
2.084224e+003,5.283291e+001
2.084707e+003,5.282308e+001
2.085189e+003,5.281297e+001
2.085671e+003,5.280262e+001
2.086153e+003,5.279216e+001
2.086635e+003,5.278168e+001
2.087117e+003,5.277129e+001
2.087599e+003,5.276104e+001
2.088082e+003,5.275092e+001
2.088563e+003,5.274094e+001
2.089046e+003,5.273109e+001
2.089528e+003,5.272136e+001
2.090010e+003,5.271175e+001
2.090492e+003,5.270227e+001
2.090974e+003,5.269282e+001
2.091456e+003,5.268333e+001
2.091938e+003,5.267377e+001
2.092421e+003,5.266408e+001
2.092903e+003,5.265425e+001
2.093385e+003,5.264434e+001
2.093867e+003,5.263441e+001
2.094349e+003,5.262447e+001
2.094831e+003,5.261456e+001
2.095313e+003,5.260462e+001
2.095795e+003,5.259460e+001
2.096278e+003,5.258445e+001
2.096760e+003,5.257416e+001
2.097242e+003,5.256371e+001
2.097724e+003,5.255320e+001
2.098206e+003,5.254263e+001
2.098688e+003,5.253204e+001
2.099170e+003,5.252142e+001
2.099652e+003,5.251077e+001
2.100135e+003,5.250004e+001
2.100617e+003,5.248926e+001
2.101099e+003,5.247842e+001
2.101581e+003,5.246756e+001
2.102063e+003,5.245668e+001
2.102545e+003,5.244582e+001
2.103027e+003,5.243493e+001
2.103510e+003,5.242405e+001
2.103991e+003,5.241312e+001
2.104474e+003,5.240218e+001
2.104956e+003,5.239121e+001
2.105438e+003,5.238020e+001
2.105920e+003,5.236912e+001
2.106402e+003,5.235794e+001
2.106884e+003,5.234660e+001
2.107366e+003,5.233506e+001
2.107849e+003,5.232335e+001
2.108331e+003,5.231149e+001
2.108813e+003,5.229955e+001
2.109295e+003,5.228758e+001
2.109777e+003,5.227566e+001
2.110259e+003,5.226380e+001
2.110741e+003,5.225201e+001
2.111223e+003,5.224027e+001
2.111706e+003,5.222860e+001
2.112188e+003,5.221699e+001
2.112670e+003,5.220550e+001
2.113152e+003,5.219415e+001
2.113634e+003,5.218294e+001
2.114116e+003,5.217178e+001
2.114598e+003,5.216066e+001
2.115080e+003,5.214946e+001
2.115563e+003,5.213812e+001
2.116045e+003,5.212662e+001
2.116527e+003,5.211491e+001
2.117009e+003,5.210303e+001
2.117491e+003,5.209091e+001
2.117973e+003,5.207855e+001
2.118455e+003,5.206591e+001
2.118938e+003,5.205304e+001
2.119420e+003,5.203999e+001
2.119902e+003,5.202688e+001
2.120384e+003,5.201383e+001
2.120866e+003,5.200101e+001
2.121348e+003,5.198842e+001
2.121830e+003,5.197610e+001
2.122312e+003,5.196399e+001
2.122794e+003,5.195199e+001
2.123277e+003,5.193999e+001
2.123759e+003,5.192795e+001
2.124241e+003,5.191581e+001
2.124723e+003,5.190353e+001
2.125205e+003,5.189112e+001
2.125687e+003,5.187856e+001
2.126169e+003,5.186582e+001
2.126651e+003,5.185294e+001
2.127134e+003,5.183995e+001
2.127616e+003,5.182695e+001
2.128098e+003,5.181401e+001
2.128580e+003,5.180120e+001
2.129062e+003,5.178853e+001
2.129544e+003,5.177598e+001
2.130026e+003,5.176346e+001
2.130509e+003,5.175090e+001
2.130990e+003,5.173828e+001
2.131473e+003,5.172561e+001
2.131955e+003,5.171294e+001
2.132437e+003,5.170034e+001
2.132919e+003,5.168783e+001
2.133401e+003,5.167540e+001
2.133883e+003,5.166302e+001
2.134365e+003,5.165062e+001
2.134848e+003,5.163817e+001
2.135330e+003,5.162564e+001
2.135812e+003,5.161310e+001
2.136294e+003,5.160061e+001
2.136776e+003,5.158817e+001
2.137258e+003,5.157582e+001
2.137740e+003,5.156350e+001
2.138222e+003,5.155115e+001
2.138705e+003,5.153873e+001
2.139187e+003,5.152621e+001
2.139669e+003,5.151362e+001
2.140151e+003,5.150097e+001
2.140633e+003,5.148828e+001
2.141115e+003,5.147560e+001
2.141597e+003,5.146291e+001
2.142079e+003,5.145020e+001
2.142562e+003,5.143747e+001
2.143044e+003,5.142474e+001
2.143526e+003,5.141202e+001
2.144008e+003,5.139932e+001
2.144490e+003,5.138660e+001
2.144972e+003,5.137383e+001
2.145454e+003,5.136092e+001
2.145937e+003,5.134785e+001
2.146418e+003,5.133459e+001
2.146901e+003,5.132120e+001
2.147383e+003,5.130771e+001
2.147865e+003,5.129424e+001
2.148347e+003,5.128083e+001
2.148829e+003,5.126750e+001
2.149311e+003,5.125426e+001
2.149793e+003,5.124110e+001
2.150276e+003,5.122800e+001
2.150758e+003,5.121497e+001
2.151240e+003,5.120201e+001
2.151722e+003,5.118909e+001
2.152204e+003,5.117625e+001
2.152686e+003,5.116342e+001
2.153168e+003,5.115057e+001
2.153650e+003,5.113771e+001
2.154133e+003,5.112488e+001
2.154615e+003,5.111217e+001
2.155097e+003,5.109969e+001
2.155579e+003,5.108745e+001
2.156061e+003,5.107546e+001
2.156543e+003,5.106360e+001
2.157025e+003,5.105176e+001
2.157507e+003,5.103976e+001
2.157990e+003,5.102751e+001
2.158472e+003,5.101499e+001
2.158954e+003,5.100227e+001
2.159436e+003,5.098942e+001
2.159918e+003,5.097649e+001
2.160400e+003,5.096351e+001
2.160882e+003,5.095049e+001
2.161365e+003,5.093737e+001
2.161846e+003,5.092414e+001
2.162329e+003,5.091082e+001
2.162811e+003,5.089745e+001
2.163293e+003,5.088413e+001
2.163775e+003,5.087093e+001
2.164257e+003,5.085789e+001
2.164739e+003,5.084500e+001
2.165221e+003,5.083223e+001
2.165704e+003,5.081957e+001
2.166186e+003,5.080698e+001
2.166668e+003,5.079448e+001
2.167150e+003,5.078207e+001
2.167632e+003,5.076974e+001
2.168114e+003,5.075749e+001
2.168596e+003,5.074527e+001
2.169078e+003,5.073305e+001
2.169561e+003,5.072085e+001
2.170043e+003,5.070872e+001
2.170525e+003,5.069671e+001
2.171007e+003,5.068494e+001
2.171489e+003,5.067338e+001
2.171971e+003,5.066206e+001
2.172453e+003,5.065086e+001
2.172935e+003,5.063972e+001
2.173417e+003,5.062849e+001
2.173900e+003,5.061713e+001
2.174382e+003,5.060559e+001
2.174864e+003,5.059395e+001
2.175346e+003,5.058219e+001
2.175828e+003,5.057036e+001
2.176310e+003,5.055845e+001
2.176792e+003,5.054650e+001
2.177274e+003,5.053449e+001
2.177757e+003,5.052247e+001
2.178239e+003,5.051047e+001
2.178721e+003,5.049851e+001
2.179203e+003,5.048663e+001
2.179685e+003,5.047486e+001
2.180167e+003,5.046321e+001
2.180649e+003,5.045162e+001
2.181132e+003,5.044007e+001
2.181614e+003,5.042851e+001
2.182096e+003,5.041687e+001
2.182578e+003,5.040509e+001
2.183060e+003,5.039304e+001
2.183542e+003,5.038075e+001
2.184024e+003,5.036819e+001
2.184506e+003,5.035546e+001
2.184989e+003,5.034273e+001
2.185471e+003,5.033020e+001
2.185953e+003,5.031804e+001
2.186435e+003,5.030631e+001
2.186917e+003,5.029495e+001
2.187399e+003,5.028379e+001
2.187881e+003,5.027259e+001
2.188363e+003,5.026115e+001
2.188845e+003,5.024937e+001
2.189328e+003,5.023731e+001
2.189810e+003,5.022513e+001
2.190292e+003,5.021306e+001
2.190774e+003,5.020131e+001
2.191256e+003,5.019002e+001
2.191738e+003,5.017914e+001
2.192220e+003,5.016858e+001
2.192702e+003,5.015817e+001
2.193185e+003,5.014777e+001
2.193667e+003,5.013726e+001
2.194149e+003,5.012661e+001
2.194631e+003,5.011580e+001
2.195113e+003,5.010482e+001
2.195595e+003,5.009370e+001
2.196077e+003,5.008241e+001
2.196560e+003,5.007100e+001
2.197042e+003,5.005949e+001
2.197524e+003,5.004794e+001
2.198006e+003,5.003644e+001
2.198488e+003,5.002507e+001
2.198970e+003,5.001388e+001
2.199452e+003,5.000291e+001
2.199934e+003,4.999220e+001
2.200417e+003,4.998172e+001
2.200899e+003,4.997147e+001
2.201381e+003,4.996138e+001
2.201863e+003,4.995137e+001
2.202345e+003,4.994138e+001
2.202827e+003,4.993123e+001
2.203309e+003,4.992091e+001
2.203791e+003,4.991032e+001
2.204273e+003,4.989950e+001
2.204756e+003,4.988857e+001
2.205238e+003,4.987761e+001
2.205720e+003,4.986675e+001
2.206202e+003,4.985599e+001
2.206684e+003,4.984535e+001
2.207166e+003,4.983472e+001
2.207648e+003,4.982404e+001
2.208130e+003,4.981323e+001
2.208613e+003,4.980231e+001
2.209095e+003,4.979131e+001
2.209577e+003,4.978030e+001
2.210059e+003,4.976933e+001
2.210541e+003,4.975841e+001
2.211023e+003,4.974751e+001
2.211505e+003,4.973665e+001
2.211988e+003,4.972580e+001
2.212469e+003,4.971501e+001
2.212952e+003,4.970437e+001
2.213434e+003,4.969395e+001
2.213916e+003,4.968384e+001
2.214398e+003,4.967406e+001
2.214880e+003,4.966457e+001
2.215362e+003,4.965529e+001
2.215844e+003,4.964622e+001
2.216327e+003,4.963726e+001
2.216809e+003,4.962838e+001
2.217291e+003,4.961956e+001
2.217773e+003,4.961074e+001
2.218255e+003,4.960184e+001
2.218737e+003,4.959277e+001
2.219219e+003,4.958348e+001
2.219701e+003,4.957394e+001
2.220184e+003,4.956420e+001
2.220666e+003,4.955434e+001
2.221148e+003,4.954448e+001
2.221630e+003,4.953470e+001
2.222112e+003,4.952501e+001
2.222594e+003,4.951542e+001
2.223076e+003,4.950585e+001
2.223558e+003,4.949621e+001
2.224041e+003,4.948649e+001
2.224523e+003,4.947662e+001
2.225005e+003,4.946662e+001
2.225487e+003,4.945649e+001
2.225969e+003,4.944620e+001
2.226451e+003,4.943580e+001
2.226933e+003,4.942527e+001
2.227416e+003,4.941466e+001
2.227897e+003,4.940401e+001
2.228380e+003,4.939341e+001
2.228862e+003,4.938294e+001
2.229344e+003,4.937263e+001
2.229826e+003,4.936248e+001
2.230308e+003,4.935247e+001
2.230790e+003,4.934256e+001
2.231272e+003,4.933273e+001
2.231755e+003,4.932297e+001
2.232237e+003,4.931327e+001
2.232719e+003,4.930360e+001
2.233201e+003,4.929393e+001
2.233683e+003,4.928421e+001
2.234165e+003,4.927435e+001
2.234647e+003,4.926433e+001
2.235129e+003,4.925420e+001
2.235612e+003,4.924410e+001
2.236094e+003,4.923417e+001
2.236576e+003,4.922453e+001
2.237058e+003,4.921534e+001
2.237540e+003,4.920655e+001
2.238022e+003,4.919812e+001
2.238504e+003,4.918988e+001
2.238986e+003,4.918167e+001
2.239469e+003,4.917335e+001
2.239951e+003,4.916481e+001
2.240433e+003,4.915597e+001
2.240915e+003,4.914681e+001
2.241397e+003,4.913729e+001
2.241879e+003,4.912746e+001
2.242361e+003,4.911733e+001
2.242844e+003,4.910703e+001
2.243326e+003,4.909668e+001
2.243808e+003,4.908647e+001
2.244290e+003,4.907652e+001
2.244772e+003,4.906692e+001
2.245254e+003,4.905763e+001
2.245736e+003,4.904855e+001
2.246218e+003,4.903956e+001
2.246700e+003,4.903054e+001
2.247183e+003,4.902139e+001
2.247665e+003,4.901210e+001
2.248147e+003,4.900272e+001
2.248629e+003,4.899332e+001
2.249111e+003,4.898395e+001
2.249593e+003,4.897464e+001
2.250075e+003,4.896541e+001
2.250557e+003,4.895629e+001
2.251040e+003,4.894728e+001
2.251522e+003,4.893841e+001
2.252004e+003,4.892967e+001
2.252486e+003,4.892106e+001
2.252968e+003,4.891252e+001
2.253450e+003,4.890399e+001
2.253932e+003,4.889544e+001
2.254415e+003,4.888684e+001
2.254896e+003,4.887818e+001
2.255379e+003,4.886950e+001
2.255861e+003,4.886085e+001
2.256343e+003,4.885222e+001
2.256825e+003,4.884361e+001
2.257307e+003,4.883496e+001
2.257789e+003,4.882628e+001
2.258271e+003,4.881757e+001
2.258754e+003,4.880890e+001
2.259236e+003,4.880035e+001
2.259718e+003,4.879200e+001
2.260200e+003,4.878386e+001
2.260682e+003,4.877592e+001
2.261164e+003,4.876808e+001
2.261646e+003,4.876022e+001
2.262128e+003,4.875223e+001
2.262611e+003,4.874406e+001
2.263093e+003,4.873565e+001
2.263575e+003,4.872701e+001
2.264057e+003,4.871811e+001
2.264539e+003,4.870892e+001
2.265021e+003,4.869942e+001
2.265503e+003,4.868955e+001
2.265985e+003,4.867933e+001
2.266468e+003,4.866878e+001
2.266950e+003,4.865802e+001
2.267432e+003,4.864711e+001
2.267914e+003,4.863617e+001
2.268396e+003,4.862523e+001
2.268878e+003,4.861431e+001
2.269360e+003,4.860343e+001
2.269843e+003,4.859258e+001
2.270324e+003,4.858177e+001
2.270807e+003,4.857103e+001
2.271289e+003,4.856035e+001
2.271771e+003,4.854963e+001
2.272253e+003,4.853873e+001
2.272735e+003,4.852749e+001
2.273217e+003,4.851573e+001
2.273699e+003,4.850334e+001
2.274182e+003,4.849033e+001
2.274664e+003,4.847681e+001
2.275146e+003,4.846298e+001
2.275628e+003,4.844907e+001
2.276110e+003,4.843523e+001
2.276592e+003,4.842156e+001
2.277074e+003,4.840802e+001
2.277556e+003,4.839452e+001
2.278039e+003,4.838087e+001
2.278521e+003,4.836691e+001
2.279003e+003,4.835251e+001
2.279485e+003,4.833760e+001
2.279967e+003,4.832225e+001
2.280449e+003,4.830663e+001
2.280931e+003,4.829106e+001
2.281413e+003,4.827593e+001
2.281896e+003,4.826167e+001
2.282378e+003,4.824869e+001
2.282860e+003,4.823724e+001
2.283342e+003,4.822749e+001
2.283824e+003,4.821942e+001
2.284306e+003,4.821288e+001
2.284788e+003,4.820769e+001
2.285271e+003,4.820364e+001
2.285752e+003,4.820053e+001
2.286235e+003,4.819825e+001
2.286717e+003,4.819667e+001
2.287199e+003,4.819566e+001
2.287681e+003,4.819501e+001
2.288163e+003,4.819458e+001
2.288645e+003,4.819416e+001
2.289127e+003,4.819361e+001
2.289610e+003,4.819289e+001
2.290092e+003,4.819201e+001
2.290574e+003,4.819099e+001
2.291056e+003,4.818993e+001
2.291538e+003,4.818885e+001
2.292020e+003,4.818780e+001
2.292502e+003,4.818679e+001
2.292984e+003,4.818587e+001
2.293467e+003,4.818518e+001
2.293949e+003,4.818483e+001
2.294431e+003,4.818495e+001
2.294913e+003,4.818565e+001
2.295395e+003,4.818696e+001
2.295877e+003,4.818883e+001
2.296359e+003,4.819118e+001
2.296841e+003,4.819390e+001
2.297323e+003,4.819691e+001
2.297806e+003,4.820015e+001
2.298288e+003,4.820350e+001
2.298770e+003,4.820687e+001
2.299252e+003,4.821008e+001
2.299734e+003,4.821292e+001
2.300216e+003,4.821523e+001
2.300698e+003,4.821696e+001
2.301180e+003,4.821826e+001
2.301663e+003,4.821947e+001
2.302145e+003,4.822116e+001
2.302627e+003,4.822403e+001
2.303109e+003,4.822878e+001
2.303591e+003,4.823599e+001
2.304073e+003,4.824607e+001
2.304555e+003,4.825913e+001
2.305038e+003,4.827502e+001
2.305520e+003,4.829330e+001
2.306002e+003,4.831342e+001
2.306484e+003,4.833469e+001
2.306966e+003,4.835644e+001
2.307448e+003,4.837811e+001
2.307930e+003,4.839929e+001
2.308412e+003,4.841972e+001
2.308895e+003,4.843930e+001
2.309377e+003,4.845795e+001
2.309859e+003,4.847556e+001
2.310341e+003,4.849197e+001
2.310823e+003,4.850692e+001
2.311305e+003,4.852013e+001
2.311787e+003,4.853144e+001
2.312269e+003,4.854083e+001
2.312751e+003,4.854860e+001
2.313234e+003,4.855528e+001
2.313716e+003,4.856166e+001
2.314198e+003,4.856871e+001
2.314680e+003,4.857744e+001
2.315162e+003,4.858886e+001
2.315644e+003,4.860395e+001
2.316126e+003,4.862351e+001
2.316608e+003,4.864816e+001
2.317091e+003,4.867813e+001
2.317573e+003,4.871331e+001
2.318055e+003,4.875307e+001
2.318537e+003,4.879628e+001
2.319019e+003,4.884152e+001
2.319501e+003,4.888713e+001
2.319983e+003,4.893158e+001
2.320466e+003,4.897361e+001
2.320948e+003,4.901238e+001
2.321430e+003,4.904758e+001
2.321912e+003,4.907922e+001
2.322394e+003,4.910762e+001
2.322876e+003,4.913321e+001
2.323358e+003,4.915649e+001
2.323840e+003,4.917794e+001
2.324323e+003,4.919798e+001
2.324805e+003,4.921695e+001
2.325287e+003,4.923522e+001
2.325769e+003,4.925300e+001
2.326251e+003,4.927055e+001
2.326733e+003,4.928804e+001
2.327215e+003,4.930560e+001
2.327697e+003,4.932331e+001
2.328179e+003,4.934118e+001
2.328662e+003,4.935897e+001
2.329144e+003,4.937621e+001
2.329626e+003,4.939210e+001
2.330108e+003,4.940568e+001
2.330590e+003,4.941605e+001
2.331072e+003,4.942261e+001
2.331554e+003,4.942534e+001
2.332036e+003,4.942485e+001
2.332519e+003,4.942233e+001
2.333001e+003,4.941919e+001
2.333483e+003,4.941675e+001
2.333965e+003,4.941591e+001
2.334447e+003,4.941692e+001
2.334929e+003,4.941948e+001
2.335411e+003,4.942282e+001
2.335894e+003,4.942614e+001
2.336375e+003,4.942877e+001
2.336858e+003,4.943047e+001
2.337340e+003,4.943147e+001
2.337822e+003,4.943233e+001
2.338304e+003,4.943369e+001
2.338786e+003,4.943595e+001
2.339268e+003,4.943906e+001
2.339750e+003,4.944231e+001
2.340233e+003,4.944448e+001
2.340715e+003,4.944390e+001
2.341197e+003,4.943873e+001
2.341679e+003,4.942710e+001
2.342161e+003,4.940703e+001
2.342643e+003,4.937638e+001
2.343125e+003,4.933268e+001
2.343607e+003,4.927340e+001
2.344090e+003,4.919638e+001
2.344572e+003,4.910112e+001
2.345054e+003,4.898953e+001
2.345536e+003,4.886660e+001
2.346018e+003,4.873976e+001
2.346500e+003,4.861757e+001
2.346982e+003,4.850832e+001
2.347464e+003,4.841869e+001
2.347947e+003,4.835332e+001
2.348429e+003,4.831493e+001
2.348911e+003,4.830447e+001
2.349393e+003,4.832150e+001
2.349875e+003,4.836448e+001
2.350357e+003,4.843087e+001
2.350839e+003,4.851714e+001
2.351322e+003,4.861906e+001
2.351803e+003,4.873191e+001
2.352286e+003,4.885099e+001
2.352768e+003,4.897219e+001
2.353250e+003,4.909242e+001
2.353732e+003,4.920962e+001
2.354214e+003,4.932256e+001
2.354696e+003,4.943026e+001
2.355178e+003,4.953165e+001
2.355661e+003,4.962531e+001
2.356143e+003,4.970975e+001
2.356625e+003,4.978350e+001
2.357107e+003,4.984570e+001
2.357589e+003,4.989599e+001
2.358071e+003,4.993465e+001
2.358553e+003,4.996220e+001
2.359035e+003,4.997945e+001
2.359518e+003,4.998706e+001
2.360000e+003,4.998562e+001
2.360482e+003,4.997548e+001
2.360964e+003,4.995689e+001
2.361446e+003,4.992994e+001
2.361928e+003,4.989464e+001
2.362410e+003,4.985100e+001
2.362892e+003,4.979910e+001
2.363375e+003,4.973899e+001
2.363857e+003,4.967088e+001
2.364339e+003,4.959497e+001
2.364821e+003,4.951145e+001
2.365303e+003,4.942068e+001
2.365785e+003,4.932322e+001
2.366267e+003,4.921983e+001
2.366750e+003,4.911159e+001
2.367232e+003,4.899966e+001
2.367714e+003,4.888523e+001
2.368196e+003,4.876923e+001
2.368678e+003,4.865221e+001
2.369160e+003,4.853444e+001
2.369642e+003,4.841594e+001
2.370124e+003,4.829670e+001
2.370606e+003,4.817689e+001
2.371089e+003,4.805692e+001
2.371571e+003,4.793740e+001
2.372053e+003,4.781905e+001
2.372535e+003,4.770270e+001
2.373017e+003,4.758898e+001
2.373499e+003,4.747849e+001
2.373981e+003,4.737157e+001
2.374463e+003,4.726838e+001
2.374946e+003,4.716884e+001
2.375428e+003,4.707264e+001
2.375910e+003,4.697922e+001
2.376392e+003,4.688795e+001
2.376874e+003,4.679814e+001
2.377356e+003,4.670922e+001
2.377838e+003,4.662084e+001
2.378321e+003,4.653292e+001
2.378802e+003,4.644566e+001
2.379285e+003,4.635939e+001
2.379767e+003,4.627460e+001
2.380249e+003,4.619180e+001
2.380731e+003,4.611150e+001
2.381213e+003,4.603415e+001
2.381695e+003,4.596022e+001
2.382177e+003,4.589014e+001
2.382660e+003,4.582423e+001
2.383142e+003,4.576281e+001
2.383624e+003,4.570595e+001
2.384106e+003,4.565368e+001
2.384588e+003,4.560587e+001
2.385070e+003,4.556233e+001
2.385552e+003,4.552283e+001
2.386034e+003,4.548713e+001
2.386517e+003,4.545497e+001
2.386999e+003,4.542611e+001
2.387481e+003,4.540020e+001
2.387963e+003,4.537692e+001
2.388445e+003,4.535584e+001
2.388927e+003,4.533654e+001
2.389409e+003,4.531867e+001
2.389891e+003,4.530191e+001
2.390374e+003,4.528606e+001
2.390856e+003,4.527092e+001
2.391338e+003,4.525641e+001
2.391820e+003,4.524242e+001
2.392302e+003,4.522886e+001
2.392784e+003,4.521568e+001
2.393266e+003,4.520285e+001
2.393749e+003,4.519038e+001
2.394230e+003,4.517830e+001
2.394713e+003,4.516661e+001
2.395195e+003,4.515527e+001
2.395677e+003,4.514420e+001
2.396159e+003,4.513329e+001
2.396641e+003,4.512239e+001
2.397123e+003,4.511143e+001
2.397605e+003,4.510036e+001
2.398088e+003,4.508919e+001
2.398570e+003,4.507798e+001
2.399052e+003,4.506679e+001
2.399534e+003,4.505566e+001
2.400016e+003,4.504456e+001
2.400498e+003,4.503346e+001
2.400980e+003,4.502233e+001
2.401462e+003,4.501111e+001
2.401945e+003,4.499976e+001
2.402427e+003,4.498825e+001
2.402909e+003,4.497654e+001
2.403391e+003,4.496459e+001
2.403873e+003,4.495238e+001
2.404355e+003,4.493991e+001
2.404837e+003,4.492723e+001
2.405319e+003,4.491444e+001
2.405802e+003,4.490167e+001
2.406284e+003,4.488899e+001
2.406766e+003,4.487647e+001
2.407248e+003,4.486412e+001
2.407730e+003,4.485189e+001
2.408212e+003,4.483976e+001
2.408694e+003,4.482776e+001
2.409177e+003,4.481588e+001
2.409658e+003,4.480420e+001
2.410141e+003,4.479276e+001
2.410623e+003,4.478156e+001
2.411105e+003,4.477055e+001
2.411587e+003,4.475958e+001
2.412069e+003,4.474856e+001
2.412551e+003,4.473739e+001
2.413033e+003,4.472602e+001
2.413516e+003,4.471448e+001
2.413998e+003,4.470279e+001
2.414480e+003,4.469101e+001
2.414962e+003,4.467915e+001
2.415444e+003,4.466718e+001
2.415926e+003,4.465508e+001
2.416408e+003,4.464285e+001
2.416890e+003,4.463054e+001
2.417373e+003,4.461819e+001
2.417855e+003,4.460588e+001
2.418337e+003,4.459368e+001
2.418819e+003,4.458158e+001
2.419301e+003,4.456952e+001
2.419783e+003,4.455748e+001
2.420265e+003,4.454545e+001
2.420747e+003,4.453344e+001
2.421229e+003,4.452154e+001
2.421712e+003,4.450985e+001
2.422194e+003,4.449845e+001
2.422676e+003,4.448738e+001
2.423158e+003,4.447659e+001
2.423640e+003,4.446596e+001
2.424122e+003,4.445536e+001
2.424604e+003,4.444463e+001
2.425086e+003,4.443363e+001
2.425569e+003,4.442225e+001
2.426051e+003,4.441041e+001
2.426533e+003,4.439805e+001
2.427015e+003,4.438521e+001
2.427497e+003,4.437194e+001
2.427979e+003,4.435839e+001
2.428461e+003,4.434475e+001
2.428944e+003,4.433120e+001
2.429426e+003,4.431793e+001
2.429908e+003,4.430504e+001
2.430390e+003,4.429253e+001
2.430872e+003,4.428034e+001
2.431354e+003,4.426840e+001
2.431836e+003,4.425659e+001
2.432318e+003,4.424484e+001
2.432801e+003,4.423315e+001
2.433283e+003,4.422150e+001
2.433765e+003,4.420989e+001
2.434247e+003,4.419830e+001
2.434729e+003,4.418667e+001
2.435211e+003,4.417497e+001
2.435693e+003,4.416318e+001
2.436175e+003,4.415128e+001
2.436657e+003,4.413928e+001
2.437140e+003,4.412724e+001
2.437622e+003,4.411510e+001
2.438104e+003,4.410289e+001
2.438586e+003,4.409055e+001
2.439068e+003,4.407807e+001
2.439550e+003,4.406541e+001
2.440032e+003,4.405262e+001
2.440514e+003,4.403973e+001
2.440997e+003,4.402682e+001
2.441479e+003,4.401390e+001
2.441961e+003,4.400100e+001
2.442443e+003,4.398814e+001
2.442925e+003,4.397534e+001
2.443407e+003,4.396265e+001
2.443889e+003,4.395012e+001
2.444372e+003,4.393780e+001
2.444854e+003,4.392569e+001
2.445336e+003,4.391372e+001
2.445818e+003,4.390178e+001
2.446300e+003,4.388968e+001
2.446782e+003,4.387730e+001
2.447264e+003,4.386460e+001
2.447746e+003,4.385163e+001
2.448229e+003,4.383856e+001
2.448711e+003,4.382558e+001
2.449193e+003,4.381287e+001
2.449675e+003,4.380052e+001
2.450157e+003,4.378854e+001
2.450639e+003,4.377683e+001
2.451121e+003,4.376527e+001
2.451604e+003,4.375370e+001
2.452085e+003,4.374204e+001
2.452568e+003,4.373015e+001
2.453050e+003,4.371801e+001
2.453532e+003,4.370554e+001
2.454014e+003,4.369275e+001
2.454496e+003,4.367963e+001
2.454978e+003,4.366628e+001
2.455460e+003,4.365279e+001
2.455943e+003,4.363929e+001
2.456425e+003,4.362593e+001
2.456907e+003,4.361281e+001
2.457389e+003,4.359995e+001
2.457871e+003,4.358735e+001
2.458353e+003,4.357497e+001
2.458835e+003,4.356275e+001
2.459317e+003,4.355067e+001
2.459800e+003,4.353870e+001
2.460282e+003,4.352681e+001
2.460764e+003,4.351494e+001
2.461246e+003,4.350301e+001
2.461728e+003,4.349091e+001
2.462210e+003,4.347860e+001
2.462692e+003,4.346601e+001
2.463174e+003,4.345316e+001
2.463656e+003,4.344010e+001
2.464139e+003,4.342693e+001
2.464621e+003,4.341369e+001
2.465103e+003,4.340042e+001
2.465585e+003,4.338711e+001
2.466067e+003,4.337376e+001
2.466549e+003,4.336039e+001
2.467031e+003,4.334706e+001
2.467513e+003,4.333386e+001
2.467996e+003,4.332085e+001
2.468478e+003,4.330806e+001
2.468960e+003,4.329549e+001
2.469442e+003,4.328305e+001
2.469924e+003,4.327069e+001
2.470406e+003,4.325833e+001
2.470888e+003,4.324594e+001
2.471371e+003,4.323352e+001
2.471853e+003,4.322110e+001
2.472335e+003,4.320869e+001
2.472817e+003,4.319626e+001
2.473299e+003,4.318378e+001
2.473781e+003,4.317121e+001
2.474263e+003,4.315850e+001
2.474745e+003,4.314566e+001
2.475228e+003,4.313272e+001
2.475710e+003,4.311971e+001
2.476192e+003,4.310664e+001
2.476674e+003,4.309350e+001
2.477156e+003,4.308028e+001
2.477638e+003,4.306695e+001
2.478120e+003,4.305355e+001
2.478602e+003,4.304014e+001
2.479084e+003,4.302679e+001
2.479567e+003,4.301358e+001
2.480049e+003,4.300050e+001
2.480531e+003,4.298753e+001
2.481013e+003,4.297454e+001
2.481495e+003,4.296147e+001
2.481977e+003,4.294825e+001
2.482459e+003,4.293484e+001
2.482941e+003,4.292133e+001
2.483424e+003,4.290774e+001
2.483906e+003,4.289413e+001
2.484388e+003,4.288053e+001
2.484870e+003,4.286692e+001
2.485352e+003,4.285331e+001
2.485834e+003,4.283973e+001
2.486316e+003,4.282628e+001
2.486799e+003,4.281306e+001
2.487281e+003,4.280015e+001
2.487763e+003,4.278756e+001
2.488245e+003,4.277519e+001
2.488727e+003,4.276287e+001
2.489209e+003,4.275040e+001
2.489691e+003,4.273759e+001
2.490173e+003,4.272436e+001
2.490656e+003,4.271072e+001
2.491138e+003,4.269680e+001
2.491620e+003,4.268275e+001
2.492102e+003,4.266872e+001
2.492584e+003,4.265485e+001
2.493066e+003,4.264117e+001
2.493548e+003,4.262768e+001
2.494030e+003,4.261442e+001
2.494512e+003,4.260132e+001
2.494995e+003,4.258836e+001
2.495477e+003,4.257546e+001
2.495959e+003,4.256254e+001
2.496441e+003,4.254948e+001
2.496923e+003,4.253621e+001
2.497405e+003,4.252272e+001
2.497887e+003,4.250908e+001
2.498370e+003,4.249541e+001
2.498852e+003,4.248188e+001
2.499334e+003,4.246862e+001
2.499816e+003,4.245572e+001
2.500298e+003,4.244310e+001
2.500780e+003,4.243067e+001
2.501262e+003,4.241824e+001
2.501744e+003,4.240562e+001
2.502227e+003,4.239262e+001
2.502709e+003,4.237916e+001
2.503191e+003,4.236517e+001
2.503673e+003,4.235069e+001
2.504155e+003,4.233585e+001
2.504637e+003,4.232082e+001
2.505119e+003,4.230581e+001
2.505601e+003,4.229107e+001
2.506083e+003,4.227678e+001
2.506566e+003,4.226303e+001
2.507048e+003,4.224986e+001
2.507530e+003,4.223714e+001
2.508012e+003,4.222469e+001
2.508494e+003,4.221231e+001
2.508976e+003,4.219983e+001
2.509458e+003,4.218715e+001
2.509940e+003,4.217427e+001
2.510423e+003,4.216123e+001
2.510905e+003,4.214810e+001
2.511387e+003,4.213499e+001
2.511869e+003,4.212194e+001
2.512351e+003,4.210904e+001
2.512833e+003,4.209633e+001
2.513315e+003,4.208389e+001
2.513798e+003,4.207174e+001
2.514280e+003,4.205986e+001
2.514762e+003,4.204819e+001
2.515244e+003,4.203658e+001
2.515726e+003,4.202486e+001
2.516208e+003,4.201291e+001
2.516690e+003,4.200062e+001
2.517172e+003,4.198803e+001
2.517655e+003,4.197523e+001
2.518137e+003,4.196238e+001
2.518619e+003,4.194960e+001
2.519101e+003,4.193696e+001
2.519583e+003,4.192443e+001
2.520065e+003,4.191195e+001
2.520547e+003,4.189939e+001
2.521029e+003,4.188664e+001
2.521511e+003,4.187360e+001
2.521994e+003,4.186025e+001
2.522476e+003,4.184661e+001
2.522958e+003,4.183267e+001
2.523440e+003,4.181852e+001
2.523922e+003,4.180421e+001
2.524404e+003,4.178984e+001
2.524886e+003,4.177552e+001
2.525368e+003,4.176137e+001
2.525851e+003,4.174748e+001
2.526333e+003,4.173391e+001
2.526815e+003,4.172067e+001
2.527297e+003,4.170774e+001
2.527779e+003,4.169511e+001
2.528261e+003,4.168273e+001
2.528743e+003,4.167059e+001
2.529226e+003,4.165868e+001
2.529708e+003,4.164695e+001
2.530190e+003,4.163532e+001
2.530672e+003,4.162369e+001
2.531154e+003,4.161191e+001
2.531636e+003,4.159989e+001
2.532118e+003,4.158757e+001
2.532600e+003,4.157497e+001
2.533083e+003,4.156216e+001
2.533565e+003,4.154921e+001
2.534047e+003,4.153623e+001
2.534529e+003,4.152322e+001
2.535011e+003,4.151020e+001
2.535493e+003,4.149713e+001
2.535975e+003,4.148402e+001
2.536457e+003,4.147091e+001
2.536939e+003,4.145784e+001
2.537422e+003,4.144487e+001
2.537904e+003,4.143201e+001
2.538386e+003,4.141921e+001
2.538868e+003,4.140643e+001
2.539350e+003,4.139353e+001
2.539832e+003,4.138046e+001
2.540314e+003,4.136723e+001
2.540796e+003,4.135388e+001
2.541279e+003,4.134053e+001
2.541761e+003,4.132726e+001
2.542243e+003,4.131415e+001
2.542725e+003,4.130122e+001
2.543207e+003,4.128841e+001
2.543689e+003,4.127569e+001
2.544171e+003,4.126302e+001
2.544654e+003,4.125034e+001
2.545135e+003,4.123769e+001
2.545618e+003,4.122504e+001
2.546100e+003,4.121245e+001
2.546582e+003,4.119994e+001
2.547064e+003,4.118753e+001
2.547546e+003,4.117534e+001
2.548028e+003,4.116343e+001
2.548510e+003,4.115188e+001
2.548993e+003,4.114073e+001
2.549475e+003,4.112992e+001
2.549957e+003,4.111934e+001
2.550439e+003,4.110872e+001
2.550921e+003,4.109787e+001
2.551403e+003,4.108654e+001
2.551885e+003,4.107464e+001
2.552367e+003,4.106211e+001
2.552850e+003,4.104909e+001
2.553332e+003,4.103574e+001
2.553814e+003,4.102225e+001
2.554296e+003,4.100884e+001
2.554778e+003,4.099566e+001
2.555260e+003,4.098278e+001
2.555742e+003,4.097025e+001
2.556224e+003,4.095803e+001
2.556707e+003,4.094599e+001
2.557189e+003,4.093400e+001
2.557671e+003,4.092192e+001
2.558153e+003,4.090964e+001
2.558635e+003,4.089713e+001
2.559117e+003,4.088443e+001
2.559599e+003,4.087164e+001
2.560082e+003,4.085889e+001
2.560563e+003,4.084631e+001
2.561046e+003,4.083392e+001
2.561528e+003,4.082172e+001
2.562010e+003,4.080960e+001
2.562492e+003,4.079747e+001
2.562974e+003,4.078527e+001
2.563456e+003,4.077297e+001
2.563938e+003,4.076062e+001
2.564421e+003,4.074830e+001
2.564903e+003,4.073608e+001
2.565385e+003,4.072402e+001
2.565867e+003,4.071215e+001
2.566349e+003,4.070044e+001
2.566831e+003,4.068888e+001
2.567313e+003,4.067744e+001
2.567795e+003,4.066608e+001
2.568278e+003,4.065476e+001
2.568760e+003,4.064342e+001
2.569242e+003,4.063198e+001
2.569724e+003,4.062038e+001
2.570206e+003,4.060863e+001
2.570688e+003,4.059674e+001
2.571170e+003,4.058483e+001
2.571652e+003,4.057298e+001
2.572135e+003,4.056125e+001
2.572617e+003,4.054965e+001
2.573099e+003,4.053810e+001
2.573581e+003,4.052647e+001
2.574063e+003,4.051465e+001
2.574545e+003,4.050258e+001
2.575027e+003,4.049030e+001
2.575510e+003,4.047786e+001
2.575991e+003,4.046537e+001
2.576474e+003,4.045295e+001
2.576956e+003,4.044059e+001
2.577438e+003,4.042831e+001
2.577920e+003,4.041602e+001
2.578402e+003,4.040374e+001
2.578884e+003,4.039145e+001
2.579366e+003,4.037923e+001
2.579849e+003,4.036713e+001
2.580331e+003,4.035520e+001
2.580813e+003,4.034345e+001
2.581295e+003,4.033182e+001
2.581777e+003,4.032024e+001
2.582259e+003,4.030862e+001
2.582741e+003,4.029689e+001
2.583223e+003,4.028503e+001
2.583706e+003,4.027303e+001
2.584188e+003,4.026089e+001
2.584670e+003,4.024860e+001
2.585152e+003,4.023619e+001
2.585634e+003,4.022367e+001
2.586116e+003,4.021113e+001
2.586598e+003,4.019870e+001
2.587080e+003,4.018651e+001
2.587563e+003,4.017469e+001
2.588045e+003,4.016328e+001
2.588527e+003,4.015223e+001
2.589009e+003,4.014144e+001
2.589491e+003,4.013072e+001
2.589973e+003,4.011993e+001
2.590455e+003,4.010896e+001
2.590938e+003,4.009779e+001
2.591419e+003,4.008646e+001
2.591902e+003,4.007499e+001
2.592384e+003,4.006344e+001
2.592866e+003,4.005183e+001
2.593348e+003,4.004017e+001
2.593830e+003,4.002846e+001
2.594312e+003,4.001669e+001
2.594794e+003,4.000489e+001
2.595277e+003,3.999308e+001
2.595759e+003,3.998125e+001
2.596241e+003,3.996943e+001
2.596723e+003,3.995759e+001
2.597205e+003,3.994572e+001
2.597687e+003,3.993388e+001
2.598169e+003,3.992208e+001
2.598651e+003,3.991042e+001
2.599134e+003,3.989889e+001
2.599616e+003,3.988750e+001
2.600098e+003,3.987619e+001
2.600580e+003,3.986482e+001
2.601062e+003,3.985332e+001
2.601544e+003,3.984160e+001
2.602026e+003,3.982968e+001
2.602508e+003,3.981760e+001
2.602990e+003,3.980544e+001
2.603473e+003,3.979324e+001
2.603955e+003,3.978101e+001
2.604437e+003,3.976871e+001
2.604919e+003,3.975629e+001
2.605401e+003,3.974374e+001
2.605883e+003,3.973111e+001
2.606365e+003,3.971846e+001
2.606847e+003,3.970594e+001
2.607330e+003,3.969360e+001
2.607812e+003,3.968149e+001
2.608294e+003,3.966957e+001
2.608776e+003,3.965777e+001
2.609258e+003,3.964598e+001
2.609740e+003,3.963413e+001
2.610222e+003,3.962220e+001
2.610705e+003,3.961017e+001
2.611187e+003,3.959807e+001
2.611669e+003,3.958589e+001
2.612151e+003,3.957361e+001
2.612633e+003,3.956120e+001
2.613115e+003,3.954866e+001
2.613597e+003,3.953599e+001
2.614079e+003,3.952327e+001
2.614562e+003,3.951057e+001
2.615044e+003,3.949798e+001
2.615526e+003,3.948558e+001
2.616008e+003,3.947339e+001
2.616490e+003,3.946144e+001
2.616972e+003,3.944973e+001
2.617454e+003,3.943821e+001
2.617936e+003,3.942688e+001
2.618418e+003,3.941568e+001
2.618901e+003,3.940456e+001
2.619383e+003,3.939339e+001
2.619865e+003,3.938213e+001
2.620347e+003,3.937067e+001
2.620829e+003,3.935900e+001
2.621311e+003,3.934715e+001
2.621793e+003,3.933514e+001
2.622276e+003,3.932301e+001
2.622758e+003,3.931075e+001
2.623240e+003,3.929835e+001
2.623722e+003,3.928577e+001
2.624204e+003,3.927298e+001
2.624686e+003,3.926003e+001
2.625168e+003,3.924700e+001
2.625650e+003,3.923402e+001
2.626133e+003,3.922121e+001
2.626615e+003,3.920862e+001
2.627097e+003,3.919620e+001
2.627579e+003,3.918385e+001
2.628061e+003,3.917142e+001
2.628543e+003,3.915878e+001
2.629025e+003,3.914590e+001
2.629507e+003,3.913280e+001
2.629990e+003,3.911960e+001
2.630472e+003,3.910642e+001
2.630954e+003,3.909338e+001
2.631436e+003,3.908054e+001
2.631918e+003,3.906792e+001
2.632400e+003,3.905548e+001
2.632882e+003,3.904316e+001
2.633364e+003,3.903091e+001
2.633846e+003,3.901863e+001
2.634329e+003,3.900625e+001
2.634811e+003,3.899369e+001
2.635293e+003,3.898088e+001
2.635775e+003,3.896780e+001
2.636257e+003,3.895452e+001
2.636739e+003,3.894113e+001
2.637221e+003,3.892777e+001
2.637704e+003,3.891459e+001
2.638186e+003,3.890168e+001
2.638668e+003,3.888903e+001
2.639150e+003,3.887661e+001
2.639632e+003,3.886433e+001
2.640114e+003,3.885209e+001
2.640596e+003,3.883981e+001
2.641078e+003,3.882746e+001
2.641561e+003,3.881504e+001
2.642043e+003,3.880254e+001
2.642525e+003,3.878997e+001
2.643007e+003,3.877736e+001
2.643489e+003,3.876470e+001
2.643971e+003,3.875207e+001
2.644453e+003,3.873952e+001
2.644935e+003,3.872715e+001
2.645417e+003,3.871500e+001
2.645900e+003,3.870304e+001
2.646382e+003,3.869120e+001
2.646864e+003,3.867934e+001
2.647346e+003,3.866732e+001
2.647828e+003,3.865509e+001
2.648310e+003,3.864266e+001
2.648792e+003,3.863011e+001
2.649274e+003,3.861758e+001
2.649757e+003,3.860514e+001
2.650239e+003,3.859286e+001
2.650721e+003,3.858068e+001
2.651203e+003,3.856851e+001
2.651685e+003,3.855621e+001
2.652167e+003,3.854370e+001
2.652649e+003,3.853091e+001
2.653132e+003,3.851786e+001
2.653614e+003,3.850455e+001
2.654096e+003,3.849105e+001
2.654578e+003,3.847739e+001
2.655060e+003,3.846363e+001
2.655542e+003,3.844987e+001
2.656024e+003,3.843619e+001
2.656506e+003,3.842273e+001
2.656989e+003,3.840958e+001
2.657471e+003,3.839680e+001
2.657953e+003,3.838436e+001
2.658435e+003,3.837214e+001
2.658917e+003,3.835998e+001
2.659399e+003,3.834773e+001
2.659881e+003,3.833524e+001
2.660363e+003,3.832246e+001
2.660845e+003,3.830942e+001
2.661328e+003,3.829618e+001
2.661810e+003,3.828283e+001
2.662292e+003,3.826945e+001
2.662774e+003,3.825608e+001
2.663256e+003,3.824277e+001
2.663738e+003,3.822949e+001
2.664220e+003,3.821622e+001
2.664702e+003,3.820290e+001
2.665185e+003,3.818950e+001
2.665667e+003,3.817601e+001
2.666149e+003,3.816243e+001
2.666631e+003,3.814885e+001
2.667113e+003,3.813541e+001
2.667595e+003,3.812221e+001
2.668077e+003,3.810940e+001
2.668560e+003,3.809698e+001
2.669042e+003,3.808489e+001
2.669524e+003,3.807293e+001
2.670006e+003,3.806089e+001
2.670488e+003,3.804856e+001
2.670970e+003,3.803585e+001
2.671452e+003,3.802276e+001
2.671934e+003,3.800941e+001
2.672417e+003,3.799597e+001
2.672899e+003,3.798259e+001
2.673381e+003,3.796935e+001
2.673863e+003,3.795623e+001
2.674345e+003,3.794316e+001
2.674827e+003,3.793000e+001
2.675309e+003,3.791671e+001
2.675791e+003,3.790324e+001
2.676273e+003,3.788965e+001
2.676756e+003,3.787601e+001
2.677238e+003,3.786240e+001
2.677720e+003,3.784889e+001
2.678202e+003,3.783553e+001
2.678684e+003,3.782233e+001
2.679166e+003,3.780933e+001
2.679648e+003,3.779652e+001
2.680130e+003,3.778393e+001
2.680613e+003,3.777150e+001
2.681095e+003,3.775920e+001
2.681577e+003,3.774695e+001
2.682059e+003,3.773463e+001
2.682541e+003,3.772219e+001
2.683023e+003,3.770955e+001
2.683505e+003,3.769670e+001
2.683988e+003,3.768363e+001
2.684469e+003,3.767035e+001
2.684952e+003,3.765685e+001
2.685434e+003,3.764315e+001
2.685916e+003,3.762930e+001
2.686398e+003,3.761531e+001
2.686880e+003,3.760128e+001
2.687362e+003,3.758734e+001
2.687844e+003,3.757360e+001
2.688327e+003,3.756011e+001
2.688809e+003,3.754694e+001
2.689291e+003,3.753411e+001
2.689773e+003,3.752157e+001
2.690255e+003,3.750932e+001
2.690737e+003,3.749730e+001
2.691219e+003,3.748547e+001
2.691701e+003,3.747372e+001
2.692184e+003,3.746195e+001
2.692666e+003,3.744999e+001
2.693148e+003,3.743768e+001
2.693630e+003,3.742495e+001
2.694112e+003,3.741179e+001
2.694594e+003,3.739831e+001
2.695076e+003,3.738469e+001
2.695558e+003,3.737115e+001
2.696041e+003,3.735783e+001
2.696523e+003,3.734481e+001
2.697005e+003,3.733208e+001
2.697487e+003,3.731952e+001
2.697969e+003,3.730700e+001
2.698451e+003,3.729443e+001
2.698933e+003,3.728176e+001
2.699416e+003,3.726900e+001
2.699897e+003,3.725622e+001
2.700380e+003,3.724345e+001
2.700862e+003,3.723076e+001
2.701344e+003,3.721818e+001
2.701826e+003,3.720572e+001
2.702308e+003,3.719337e+001
2.702790e+003,3.718108e+001
2.703272e+003,3.716880e+001
2.703755e+003,3.715644e+001
2.704237e+003,3.714393e+001
2.704719e+003,3.713122e+001
2.705201e+003,3.711829e+001
2.705683e+003,3.710520e+001
2.706165e+003,3.709206e+001
2.706647e+003,3.707906e+001
2.707129e+003,3.706631e+001
2.707612e+003,3.705397e+001
2.708094e+003,3.704205e+001
2.708576e+003,3.703056e+001
2.709058e+003,3.701938e+001
2.709540e+003,3.700841e+001
2.710022e+003,3.699751e+001
2.710504e+003,3.698655e+001
2.710986e+003,3.697536e+001
2.711469e+003,3.696379e+001
2.711951e+003,3.695170e+001
2.712433e+003,3.693900e+001
2.712915e+003,3.692569e+001
2.713397e+003,3.691184e+001
2.713879e+003,3.689768e+001
2.714361e+003,3.688345e+001
2.714844e+003,3.686938e+001
2.715325e+003,3.685565e+001
2.715808e+003,3.684232e+001
2.716290e+003,3.682933e+001
2.716772e+003,3.681659e+001
2.717254e+003,3.680397e+001
2.717736e+003,3.679137e+001
2.718218e+003,3.677875e+001
2.718700e+003,3.676611e+001
2.719183e+003,3.675346e+001
2.719665e+003,3.674084e+001
2.720147e+003,3.672823e+001
2.720629e+003,3.671564e+001
2.721111e+003,3.670310e+001
2.721593e+003,3.669065e+001
2.722075e+003,3.667832e+001
2.722557e+003,3.666615e+001
2.723040e+003,3.665411e+001
2.723522e+003,3.664215e+001
2.724004e+003,3.663014e+001
2.724486e+003,3.661797e+001
2.724968e+003,3.660553e+001
2.725450e+003,3.659280e+001
2.725932e+003,3.657981e+001
2.726414e+003,3.656659e+001
2.726896e+003,3.655323e+001
2.727379e+003,3.653978e+001
2.727861e+003,3.652628e+001
2.728343e+003,3.651277e+001
2.728825e+003,3.649929e+001
2.729307e+003,3.648591e+001
2.729789e+003,3.647272e+001
2.730271e+003,3.645978e+001
2.730753e+003,3.644712e+001
2.731236e+003,3.643474e+001
2.731718e+003,3.642256e+001
2.732200e+003,3.641048e+001
2.732682e+003,3.639844e+001
2.733164e+003,3.638640e+001
2.733646e+003,3.637433e+001
2.734128e+003,3.636227e+001
2.734611e+003,3.635022e+001
2.735093e+003,3.633814e+001
2.735575e+003,3.632603e+001
2.736057e+003,3.631386e+001
2.736539e+003,3.630162e+001
2.737021e+003,3.628934e+001
2.737503e+003,3.627712e+001
2.737985e+003,3.626506e+001
2.738468e+003,3.625326e+001
2.738950e+003,3.624174e+001
2.739432e+003,3.623052e+001
2.739914e+003,3.621952e+001
2.740396e+003,3.620871e+001
2.740878e+003,3.619792e+001
2.741360e+003,3.618707e+001
2.741842e+003,3.617600e+001
2.742324e+003,3.616460e+001
2.742807e+003,3.615276e+001
2.743289e+003,3.614045e+001
2.743771e+003,3.612770e+001
2.744253e+003,3.611467e+001
2.744735e+003,3.610161e+001
2.745217e+003,3.608873e+001
2.745699e+003,3.607623e+001
2.746182e+003,3.606417e+001
2.746664e+003,3.605248e+001
2.747146e+003,3.604098e+001
2.747628e+003,3.602945e+001
2.748110e+003,3.601773e+001
2.748592e+003,3.600576e+001
2.749074e+003,3.599359e+001
2.749556e+003,3.598141e+001
2.750039e+003,3.596935e+001
2.750521e+003,3.595753e+001
2.751003e+003,3.594594e+001
2.751485e+003,3.593449e+001
2.751967e+003,3.592300e+001
2.752449e+003,3.591128e+001
2.752931e+003,3.589923e+001
2.753413e+003,3.588680e+001
2.753896e+003,3.587398e+001
2.754378e+003,3.586091e+001
2.754860e+003,3.584770e+001
2.755342e+003,3.583452e+001
2.755824e+003,3.582151e+001
2.756306e+003,3.580882e+001
2.756788e+003,3.579648e+001
2.757270e+003,3.578456e+001
2.757752e+003,3.577296e+001
2.758235e+003,3.576157e+001
2.758717e+003,3.575021e+001
2.759199e+003,3.573871e+001
2.759681e+003,3.572699e+001
2.760163e+003,3.571501e+001
2.760645e+003,3.570284e+001
2.761127e+003,3.569061e+001
2.761610e+003,3.567842e+001
2.762092e+003,3.566638e+001
2.762574e+003,3.565454e+001
2.763056e+003,3.564288e+001
2.763538e+003,3.563136e+001
2.764020e+003,3.561991e+001
2.764502e+003,3.560843e+001
2.764984e+003,3.559684e+001
2.765467e+003,3.558507e+001
2.765949e+003,3.557306e+001
2.766431e+003,3.556080e+001
2.766913e+003,3.554830e+001
2.767395e+003,3.553570e+001
2.767877e+003,3.552310e+001
2.768359e+003,3.551067e+001
2.768841e+003,3.549847e+001
2.769323e+003,3.548655e+001
2.769806e+003,3.547480e+001
2.770288e+003,3.546308e+001
2.770770e+003,3.545125e+001
2.771252e+003,3.543921e+001
2.771734e+003,3.542695e+001
2.772216e+003,3.541454e+001
2.772698e+003,3.540213e+001
2.773180e+003,3.538984e+001
2.773663e+003,3.537774e+001
2.774145e+003,3.536588e+001
2.774627e+003,3.535419e+001
2.775109e+003,3.534257e+001
2.775591e+003,3.533094e+001
2.776073e+003,3.531925e+001
2.776555e+003,3.530743e+001
2.777038e+003,3.529549e+001
2.777520e+003,3.528344e+001
2.778002e+003,3.527129e+001
2.778484e+003,3.525906e+001
2.778966e+003,3.524679e+001
2.779448e+003,3.523450e+001
2.779930e+003,3.522220e+001
2.780412e+003,3.520988e+001
2.780895e+003,3.519748e+001
2.781377e+003,3.518489e+001
2.781859e+003,3.517203e+001
2.782341e+003,3.515883e+001
2.782823e+003,3.514532e+001
2.783305e+003,3.513159e+001
2.783787e+003,3.511781e+001
2.784269e+003,3.510416e+001
2.784751e+003,3.509079e+001
2.785234e+003,3.507781e+001
2.785716e+003,3.506522e+001
2.786198e+003,3.505299e+001
2.786680e+003,3.504106e+001
2.787162e+003,3.502935e+001
2.787644e+003,3.501780e+001
2.788126e+003,3.500633e+001
2.788608e+003,3.499488e+001
2.789091e+003,3.498334e+001
2.789573e+003,3.497162e+001
2.790055e+003,3.495964e+001
2.790537e+003,3.494735e+001
2.791019e+003,3.493484e+001
2.791501e+003,3.492216e+001
2.791983e+003,3.490946e+001
2.792466e+003,3.489679e+001
2.792948e+003,3.488420e+001
2.793430e+003,3.487165e+001
2.793912e+003,3.485911e+001
2.794394e+003,3.484651e+001
2.794876e+003,3.483383e+001
2.795358e+003,3.482106e+001
2.795840e+003,3.480826e+001
2.796323e+003,3.479545e+001
2.796805e+003,3.478265e+001
2.797287e+003,3.476986e+001
2.797769e+003,3.475706e+001
2.798251e+003,3.474424e+001
2.798733e+003,3.473139e+001
2.799215e+003,3.471855e+001
2.799697e+003,3.470573e+001
2.800179e+003,3.469294e+001
2.800662e+003,3.468013e+001
2.801144e+003,3.466727e+001
2.801626e+003,3.465431e+001
2.802108e+003,3.464125e+001
2.802590e+003,3.462812e+001
2.803072e+003,3.461501e+001
2.803554e+003,3.460202e+001
2.804036e+003,3.458924e+001
2.804519e+003,3.457673e+001
2.805001e+003,3.456443e+001
2.805483e+003,3.455231e+001
2.805965e+003,3.454022e+001
2.806447e+003,3.452808e+001
2.806929e+003,3.451578e+001
2.807411e+003,3.450322e+001
2.807894e+003,3.449036e+001
2.808375e+003,3.447716e+001
2.808858e+003,3.446365e+001
2.809340e+003,3.444991e+001
2.809822e+003,3.443610e+001
2.810304e+003,3.442236e+001
2.810786e+003,3.440886e+001
2.811268e+003,3.439570e+001
2.811750e+003,3.438284e+001
2.812233e+003,3.437014e+001
2.812715e+003,3.435742e+001
2.813197e+003,3.434444e+001
2.813679e+003,3.433107e+001
2.814161e+003,3.431726e+001
2.814643e+003,3.430310e+001
2.815125e+003,3.428872e+001
2.815607e+003,3.427433e+001
2.816090e+003,3.426009e+001
2.816572e+003,3.424612e+001
2.817054e+003,3.423246e+001
2.817536e+003,3.421912e+001
2.818018e+003,3.420605e+001
2.818500e+003,3.419318e+001
2.818982e+003,3.418043e+001
2.819464e+003,3.416765e+001
2.819947e+003,3.415470e+001
2.820429e+003,3.414143e+001
2.820911e+003,3.412778e+001
2.821393e+003,3.411370e+001
2.821875e+003,3.409931e+001
2.822357e+003,3.408474e+001
2.822839e+003,3.407017e+001
2.823322e+003,3.405573e+001
2.823803e+003,3.404150e+001
2.824286e+003,3.402750e+001
2.824768e+003,3.401367e+001
2.825250e+003,3.399997e+001
2.825732e+003,3.398639e+001
2.826214e+003,3.397289e+001
2.826696e+003,3.395950e+001
2.827178e+003,3.394616e+001
2.827661e+003,3.393279e+001
2.828143e+003,3.391919e+001
2.828625e+003,3.390523e+001
2.829107e+003,3.389072e+001
2.829589e+003,3.387560e+001
2.830071e+003,3.385987e+001
2.830553e+003,3.384366e+001
2.831035e+003,3.382711e+001
2.831518e+003,3.381041e+001
2.832000e+003,3.379367e+001
2.832482e+003,3.377701e+001
2.832964e+003,3.376050e+001
2.833446e+003,3.374417e+001
2.833928e+003,3.372805e+001
2.834410e+003,3.371211e+001
2.834892e+003,3.369626e+001
2.835375e+003,3.368037e+001
2.835857e+003,3.366421e+001
2.836339e+003,3.364754e+001
2.836821e+003,3.363015e+001
2.837303e+003,3.361187e+001
2.837785e+003,3.359261e+001
2.838267e+003,3.357242e+001
2.838750e+003,3.355137e+001
2.839231e+003,3.352959e+001
2.839714e+003,3.350718e+001
2.840196e+003,3.348421e+001
2.840678e+003,3.346070e+001
2.841160e+003,3.343659e+001
2.841642e+003,3.341181e+001
2.842124e+003,3.338628e+001
2.842606e+003,3.335987e+001
2.843089e+003,3.333247e+001
2.843571e+003,3.330403e+001
2.844053e+003,3.327451e+001
2.844535e+003,3.324392e+001
2.845017e+003,3.321233e+001
2.845499e+003,3.317983e+001
2.845981e+003,3.314655e+001
2.846463e+003,3.311262e+001
2.846946e+003,3.307820e+001
2.847428e+003,3.304353e+001
2.847910e+003,3.300891e+001
2.848392e+003,3.297475e+001
2.848874e+003,3.294152e+001
2.849356e+003,3.290978e+001
2.849838e+003,3.288005e+001
2.850320e+003,3.285278e+001
2.850802e+003,3.282833e+001
2.851285e+003,3.280692e+001
2.851767e+003,3.278867e+001
2.852249e+003,3.277358e+001
2.852731e+003,3.276159e+001
2.853213e+003,3.275257e+001
2.853695e+003,3.274632e+001
2.854177e+003,3.274258e+001
2.854659e+003,3.274102e+001
2.855142e+003,3.274137e+001
2.855624e+003,3.274332e+001
2.856106e+003,3.274661e+001
2.856588e+003,3.275105e+001
2.857070e+003,3.275641e+001
2.857552e+003,3.276245e+001
2.858034e+003,3.276890e+001
2.858517e+003,3.277539e+001
2.858999e+003,3.278159e+001
2.859481e+003,3.278715e+001
2.859963e+003,3.279187e+001
2.860445e+003,3.279562e+001
2.860927e+003,3.279839e+001
2.861409e+003,3.280024e+001
2.861891e+003,3.280121e+001
2.862374e+003,3.280133e+001
2.862856e+003,3.280057e+001
2.863338e+003,3.279889e+001
2.863820e+003,3.279625e+001
2.864302e+003,3.279263e+001
2.864784e+003,3.278807e+001
2.865266e+003,3.278261e+001
2.865748e+003,3.277628e+001
2.866230e+003,3.276910e+001
2.866713e+003,3.276106e+001
2.867195e+003,3.275215e+001
2.867677e+003,3.274241e+001
2.868159e+003,3.273195e+001
2.868641e+003,3.272087e+001
2.869123e+003,3.270938e+001
2.869605e+003,3.269762e+001
2.870088e+003,3.268570e+001
2.870570e+003,3.267368e+001
2.871052e+003,3.266158e+001
2.871534e+003,3.264943e+001
2.872016e+003,3.263723e+001
2.872498e+003,3.262506e+001
2.872980e+003,3.261302e+001
2.873462e+003,3.260118e+001
2.873945e+003,3.258963e+001
2.874427e+003,3.257839e+001
2.874909e+003,3.256743e+001
2.875391e+003,3.255672e+001
2.875873e+003,3.254617e+001
2.876355e+003,3.253571e+001
2.876837e+003,3.252526e+001
2.877319e+003,3.251473e+001
2.877802e+003,3.250402e+001
2.878284e+003,3.249312e+001
2.878766e+003,3.248201e+001
2.879248e+003,3.247074e+001
2.879730e+003,3.245940e+001
2.880212e+003,3.244806e+001
2.880694e+003,3.243680e+001
2.881176e+003,3.242559e+001
2.881658e+003,3.241436e+001
2.882141e+003,3.240300e+001
2.882623e+003,3.239137e+001
2.883105e+003,3.237934e+001
2.883587e+003,3.236686e+001
2.884069e+003,3.235390e+001
2.884551e+003,3.234048e+001
2.885033e+003,3.232661e+001
2.885516e+003,3.231229e+001
2.885998e+003,3.229753e+001
2.886480e+003,3.228236e+001
2.886962e+003,3.226684e+001
2.887444e+003,3.225104e+001
2.887926e+003,3.223505e+001
2.888408e+003,3.221896e+001
2.888890e+003,3.220278e+001
2.889373e+003,3.218650e+001
2.889855e+003,3.217006e+001
2.890337e+003,3.215342e+001
2.890819e+003,3.213659e+001
2.891301e+003,3.211961e+001
2.891783e+003,3.210256e+001
2.892265e+003,3.208553e+001
2.892747e+003,3.206857e+001
2.893229e+003,3.205161e+001
2.893712e+003,3.203457e+001
2.894194e+003,3.201730e+001
2.894676e+003,3.199973e+001
2.895158e+003,3.198184e+001
2.895640e+003,3.196369e+001
2.896122e+003,3.194541e+001
2.896604e+003,3.192710e+001
2.897086e+003,3.190889e+001
2.897569e+003,3.189083e+001
2.898051e+003,3.187291e+001
2.898533e+003,3.185509e+001
2.899015e+003,3.183731e+001
2.899497e+003,3.181950e+001
2.899979e+003,3.180156e+001
2.900461e+003,3.178339e+001
2.900944e+003,3.176488e+001
2.901426e+003,3.174594e+001
2.901908e+003,3.172649e+001
2.902390e+003,3.170655e+001
2.902872e+003,3.168619e+001
2.903354e+003,3.166555e+001
2.903836e+003,3.164480e+001
2.904318e+003,3.162407e+001
2.904801e+003,3.160344e+001
2.905283e+003,3.158291e+001
2.905765e+003,3.156244e+001
2.906247e+003,3.154195e+001
2.906729e+003,3.152134e+001
2.907211e+003,3.150049e+001
2.907693e+003,3.147933e+001
2.908175e+003,3.145767e+001
2.908657e+003,3.143534e+001
2.909140e+003,3.141218e+001
2.909622e+003,3.138797e+001
2.910104e+003,3.136261e+001
2.910586e+003,3.133601e+001
2.911068e+003,3.130817e+001
2.911550e+003,3.127912e+001
2.912032e+003,3.124893e+001
2.912514e+003,3.121764e+001
2.912997e+003,3.118531e+001
2.913479e+003,3.115202e+001
2.913961e+003,3.111786e+001
2.914443e+003,3.108299e+001
2.914925e+003,3.104761e+001
2.915407e+003,3.101189e+001
2.915889e+003,3.097606e+001
2.916372e+003,3.094026e+001
2.916854e+003,3.090471e+001
2.917336e+003,3.086958e+001
2.917818e+003,3.083514e+001
2.918300e+003,3.080170e+001
2.918782e+003,3.076966e+001
2.919264e+003,3.073940e+001
2.919746e+003,3.071131e+001
2.920229e+003,3.068569e+001
2.920711e+003,3.066279e+001
2.921193e+003,3.064275e+001
2.921675e+003,3.062564e+001
2.922157e+003,3.061141e+001
2.922639e+003,3.060000e+001
2.923121e+003,3.059122e+001
2.923603e+003,3.058488e+001
2.924085e+003,3.058073e+001
2.924568e+003,3.057858e+001
2.925050e+003,3.057831e+001
2.925532e+003,3.057986e+001
2.926014e+003,3.058326e+001
2.926496e+003,3.058851e+001
2.926978e+003,3.059556e+001
2.927460e+003,3.060422e+001
2.927942e+003,3.061421e+001
2.928425e+003,3.062513e+001
2.928907e+003,3.063658e+001
2.929389e+003,3.064824e+001
2.929871e+003,3.065991e+001
2.930353e+003,3.067154e+001
2.930835e+003,3.068321e+001
2.931317e+003,3.069498e+001
2.931800e+003,3.070692e+001
2.932281e+003,3.071904e+001
2.932764e+003,3.073124e+001
2.933246e+003,3.074340e+001
2.933728e+003,3.075537e+001
2.934210e+003,3.076700e+001
2.934692e+003,3.077818e+001
2.935174e+003,3.078880e+001
2.935656e+003,3.079879e+001
2.936139e+003,3.080810e+001
2.936621e+003,3.081673e+001
2.937103e+003,3.082474e+001
2.937585e+003,3.083220e+001
2.938067e+003,3.083917e+001
2.938549e+003,3.084571e+001
2.939031e+003,3.085177e+001
2.939513e+003,3.085723e+001
2.939996e+003,3.086191e+001
2.940478e+003,3.086565e+001
2.940960e+003,3.086832e+001
2.941442e+003,3.086987e+001
2.941924e+003,3.087035e+001
2.942406e+003,3.086983e+001
2.942888e+003,3.086842e+001
2.943370e+003,3.086619e+001
2.943853e+003,3.086319e+001
2.944335e+003,3.085943e+001
2.944817e+003,3.085495e+001
2.945299e+003,3.084978e+001
2.945781e+003,3.084399e+001
2.946263e+003,3.083766e+001
2.946745e+003,3.083081e+001
2.947228e+003,3.082341e+001
2.947709e+003,3.081538e+001
2.948192e+003,3.080660e+001
2.948674e+003,3.079693e+001
2.949156e+003,3.078628e+001
2.949638e+003,3.077458e+001
2.950120e+003,3.076180e+001
2.950602e+003,3.074799e+001
2.951084e+003,3.073317e+001
2.951567e+003,3.071743e+001
2.952049e+003,3.070090e+001
2.952531e+003,3.068375e+001
2.953013e+003,3.066618e+001
2.953495e+003,3.064845e+001
2.953977e+003,3.063077e+001
2.954459e+003,3.061333e+001
2.954941e+003,3.059626e+001
2.955424e+003,3.057962e+001
2.955906e+003,3.056349e+001
2.956388e+003,3.054796e+001
2.956870e+003,3.053318e+001
2.957352e+003,3.051935e+001
2.957834e+003,3.050667e+001
2.958316e+003,3.049533e+001
2.958798e+003,3.048544e+001
2.959281e+003,3.047703e+001
2.959763e+003,3.047002e+001
2.960245e+003,3.046428e+001
2.960727e+003,3.045960e+001
2.961209e+003,3.045574e+001
2.961691e+003,3.045245e+001
2.962173e+003,3.044947e+001
2.962656e+003,3.044658e+001
2.963137e+003,3.044364e+001
2.963620e+003,3.044062e+001
2.964102e+003,3.043762e+001
2.964584e+003,3.043481e+001
2.965066e+003,3.043244e+001
2.965548e+003,3.043069e+001
2.966030e+003,3.042967e+001
2.966512e+003,3.042936e+001
2.966995e+003,3.042964e+001
2.967477e+003,3.043031e+001
2.967959e+003,3.043120e+001
2.968441e+003,3.043216e+001
2.968923e+003,3.043310e+001
2.969405e+003,3.043396e+001
2.969887e+003,3.043468e+001
2.970369e+003,3.043517e+001
2.970852e+003,3.043531e+001
2.971334e+003,3.043503e+001
2.971816e+003,3.043422e+001
2.972298e+003,3.043288e+001
2.972780e+003,3.043101e+001
2.973262e+003,3.042859e+001
2.973744e+003,3.042562e+001
2.974226e+003,3.042201e+001
2.974708e+003,3.041763e+001
2.975191e+003,3.041236e+001
2.975673e+003,3.040616e+001
2.976155e+003,3.039904e+001
2.976637e+003,3.039115e+001
2.977119e+003,3.038267e+001
2.977601e+003,3.037377e+001
2.978083e+003,3.036462e+001
2.978565e+003,3.035529e+001
2.979048e+003,3.034579e+001
2.979530e+003,3.033613e+001
2.980012e+003,3.032631e+001
2.980494e+003,3.031637e+001
2.980976e+003,3.030641e+001
2.981458e+003,3.029650e+001
2.981940e+003,3.028671e+001
2.982423e+003,3.027707e+001
2.982905e+003,3.026757e+001
2.983387e+003,3.025819e+001
2.983869e+003,3.024889e+001
2.984351e+003,3.023964e+001
2.984833e+003,3.023042e+001
2.985315e+003,3.022119e+001
2.985797e+003,3.021189e+001
2.986280e+003,3.020247e+001
2.986762e+003,3.019288e+001
2.987244e+003,3.018308e+001
2.987726e+003,3.017309e+001
2.988208e+003,3.016298e+001
2.988690e+003,3.015282e+001
2.989172e+003,3.014270e+001
2.989654e+003,3.013265e+001
2.990136e+003,3.012267e+001
2.990619e+003,3.011271e+001
2.991101e+003,3.010271e+001
2.991583e+003,3.009263e+001
2.992065e+003,3.008240e+001
2.992547e+003,3.007201e+001
2.993029e+003,3.006140e+001
2.993511e+003,3.005057e+001
2.993994e+003,3.003947e+001
2.994476e+003,3.002809e+001
2.994958e+003,3.001647e+001
2.995440e+003,3.000464e+001
2.995922e+003,2.999269e+001
2.996404e+003,2.998068e+001
2.996886e+003,2.996869e+001
2.997368e+003,2.995672e+001
2.997851e+003,2.994479e+001
2.998333e+003,2.993292e+001
2.998815e+003,2.992115e+001
2.999297e+003,2.990950e+001
2.999779e+003,2.989805e+001
3.000261e+003,2.988682e+001
3.000743e+003,2.987578e+001
3.001225e+003,2.986484e+001
3.001708e+003,2.985387e+001
3.002190e+003,2.984277e+001
3.002672e+003,2.983147e+001
3.003154e+003,2.981999e+001
3.003636e+003,2.980844e+001
3.004118e+003,2.979693e+001
3.004600e+003,2.978560e+001
3.005082e+003,2.977450e+001
3.005564e+003,2.976361e+001
3.006047e+003,2.975286e+001
3.006529e+003,2.974219e+001
3.007011e+003,2.973155e+001
3.007493e+003,2.972095e+001
3.007975e+003,2.971045e+001
3.008457e+003,2.970013e+001
3.008939e+003,2.969005e+001
3.009422e+003,2.968025e+001
3.009904e+003,2.967068e+001
3.010386e+003,2.966130e+001
3.010868e+003,2.965196e+001
3.011350e+003,2.964255e+001
3.011832e+003,2.963293e+001
3.012314e+003,2.962297e+001
3.012796e+003,2.961260e+001
3.013279e+003,2.960179e+001
3.013761e+003,2.959059e+001
3.014243e+003,2.957913e+001
3.014725e+003,2.956758e+001
3.015207e+003,2.955616e+001
3.015689e+003,2.954498e+001
3.016171e+003,2.953414e+001
3.016653e+003,2.952360e+001
3.017135e+003,2.951326e+001
3.017618e+003,2.950301e+001
3.018100e+003,2.949275e+001
3.018582e+003,2.948248e+001
3.019064e+003,2.947220e+001
3.019546e+003,2.946198e+001
3.020028e+003,2.945183e+001
3.020510e+003,2.944172e+001
3.020992e+003,2.943151e+001
3.021475e+003,2.942107e+001
3.021957e+003,2.941027e+001
3.022439e+003,2.939906e+001
3.022921e+003,2.938747e+001
3.023403e+003,2.937568e+001
3.023885e+003,2.936386e+001
3.024367e+003,2.935226e+001
3.024850e+003,2.934101e+001
3.025332e+003,2.933019e+001
3.025814e+003,2.931976e+001
3.026296e+003,2.930957e+001
3.026778e+003,2.929940e+001
3.027260e+003,2.928902e+001
3.027742e+003,2.927816e+001
3.028224e+003,2.926664e+001
3.028707e+003,2.925442e+001
3.029189e+003,2.924157e+001
3.029671e+003,2.922837e+001
3.030153e+003,2.921517e+001
3.030635e+003,2.920236e+001
3.031117e+003,2.919026e+001
3.031599e+003,2.917904e+001
3.032081e+003,2.916869e+001
3.032563e+003,2.915903e+001
3.033046e+003,2.914974e+001
3.033528e+003,2.914056e+001
3.034010e+003,2.913124e+001
3.034492e+003,2.912171e+001
3.034974e+003,2.911197e+001
3.035456e+003,2.910215e+001
3.035938e+003,2.909235e+001
3.036420e+003,2.908270e+001
3.036903e+003,2.907323e+001
3.037385e+003,2.906394e+001
3.037867e+003,2.905476e+001
3.038349e+003,2.904560e+001
3.038831e+003,2.903636e+001
3.039313e+003,2.902688e+001
3.039795e+003,2.901709e+001
3.040278e+003,2.900691e+001
3.040760e+003,2.899633e+001
3.041242e+003,2.898540e+001
3.041724e+003,2.897421e+001
3.042206e+003,2.896284e+001
3.042688e+003,2.895139e+001
3.043170e+003,2.893989e+001
3.043652e+003,2.892830e+001
3.044135e+003,2.891659e+001
3.044617e+003,2.890470e+001
3.045099e+003,2.889264e+001
3.045581e+003,2.888046e+001
3.046063e+003,2.886830e+001
3.046545e+003,2.885628e+001
3.047027e+003,2.884451e+001
3.047509e+003,2.883302e+001
3.047991e+003,2.882179e+001
3.048474e+003,2.881071e+001
3.048956e+003,2.879970e+001
3.049438e+003,2.878868e+001
3.049920e+003,2.877762e+001
3.050402e+003,2.876652e+001
3.050884e+003,2.875540e+001
3.051366e+003,2.874430e+001
3.051848e+003,2.873321e+001
3.052331e+003,2.872217e+001
3.052813e+003,2.871120e+001
3.053295e+003,2.870030e+001
3.053777e+003,2.868953e+001
3.054259e+003,2.867890e+001
3.054741e+003,2.866839e+001
3.055223e+003,2.865794e+001
3.055706e+003,2.864751e+001
3.056188e+003,2.863702e+001
3.056670e+003,2.862643e+001
3.057152e+003,2.861576e+001
3.057634e+003,2.860507e+001
3.058116e+003,2.859442e+001
3.058598e+003,2.858387e+001
3.059080e+003,2.857345e+001
3.059563e+003,2.856314e+001
3.060045e+003,2.855288e+001
3.060527e+003,2.854262e+001
3.061009e+003,2.853230e+001
3.061491e+003,2.852190e+001
3.061973e+003,2.851140e+001
3.062455e+003,2.850077e+001
3.062937e+003,2.849004e+001
3.063419e+003,2.847921e+001
3.063902e+003,2.846833e+001
3.064384e+003,2.845749e+001
3.064866e+003,2.844675e+001
3.065348e+003,2.843619e+001
3.065830e+003,2.842585e+001
3.066312e+003,2.841567e+001
3.066794e+003,2.840553e+001
3.067276e+003,2.839531e+001
3.067759e+003,2.838487e+001
3.068241e+003,2.837413e+001
3.068723e+003,2.836314e+001
3.069205e+003,2.835197e+001
3.069687e+003,2.834076e+001
3.070169e+003,2.832963e+001
3.070651e+003,2.831864e+001
3.071134e+003,2.830782e+001
3.071615e+003,2.829719e+001
3.072098e+003,2.828674e+001
3.072580e+003,2.827650e+001
3.073062e+003,2.826650e+001
3.073544e+003,2.825679e+001
3.074026e+003,2.824736e+001
3.074508e+003,2.823817e+001
3.074990e+003,2.822917e+001
3.075473e+003,2.822025e+001
3.075955e+003,2.821132e+001
3.076437e+003,2.820237e+001
3.076919e+003,2.819334e+001
3.077401e+003,2.818424e+001
3.077883e+003,2.817506e+001
3.078365e+003,2.816571e+001
3.078847e+003,2.815612e+001
3.079330e+003,2.814620e+001
3.079812e+003,2.813591e+001
3.080294e+003,2.812521e+001
3.080776e+003,2.811415e+001
3.081258e+003,2.810281e+001
3.081740e+003,2.809125e+001
3.082222e+003,2.807954e+001
3.082704e+003,2.806774e+001
3.083187e+003,2.805587e+001
3.083669e+003,2.804403e+001
3.084151e+003,2.803226e+001
3.084633e+003,2.802068e+001
3.085115e+003,2.800938e+001
3.085597e+003,2.799843e+001
3.086079e+003,2.798786e+001
3.086562e+003,2.797764e+001
3.087043e+003,2.796775e+001
3.087526e+003,2.795816e+001
3.088008e+003,2.794881e+001
3.088490e+003,2.793970e+001
3.088972e+003,2.793076e+001
3.089454e+003,2.792194e+001
3.089936e+003,2.791312e+001
3.090418e+003,2.790426e+001
3.090901e+003,2.789525e+001
3.091383e+003,2.788613e+001
3.091865e+003,2.787693e+001
3.092347e+003,2.786774e+001
3.092829e+003,2.785863e+001
3.093311e+003,2.784961e+001
3.093793e+003,2.784058e+001
3.094275e+003,2.783140e+001
3.094758e+003,2.782189e+001
3.095240e+003,2.781190e+001
3.095722e+003,2.780139e+001
3.096204e+003,2.779041e+001
3.096686e+003,2.777909e+001
3.097168e+003,2.776762e+001
3.097650e+003,2.775617e+001
3.098132e+003,2.774487e+001
3.098615e+003,2.773386e+001
3.099097e+003,2.772317e+001
3.099579e+003,2.771283e+001
3.100061e+003,2.770282e+001
3.100543e+003,2.769304e+001
3.101025e+003,2.768338e+001
3.101507e+003,2.767366e+001
3.101990e+003,2.766373e+001
3.102471e+003,2.765349e+001
3.102954e+003,2.764296e+001
3.103436e+003,2.763220e+001
3.103918e+003,2.762140e+001
3.104400e+003,2.761070e+001
3.104882e+003,2.760023e+001
3.105364e+003,2.759001e+001
3.105846e+003,2.757999e+001
3.106329e+003,2.757004e+001
3.106811e+003,2.756008e+001
3.107293e+003,2.755009e+001
3.107775e+003,2.754007e+001
3.108257e+003,2.753013e+001
3.108739e+003,2.752037e+001
3.109221e+003,2.751084e+001
3.109703e+003,2.750155e+001
3.110186e+003,2.749244e+001
3.110668e+003,2.748345e+001
3.111150e+003,2.747446e+001
3.111632e+003,2.746540e+001
3.112114e+003,2.745618e+001
3.112596e+003,2.744673e+001
3.113078e+003,2.743694e+001
3.113560e+003,2.742668e+001
3.114042e+003,2.741587e+001
3.114525e+003,2.740444e+001
3.115007e+003,2.739242e+001
3.115489e+003,2.737992e+001
3.115971e+003,2.736713e+001
3.116453e+003,2.735428e+001
3.116935e+003,2.734164e+001
3.117417e+003,2.732941e+001
3.117900e+003,2.731781e+001
3.118382e+003,2.730696e+001
3.118864e+003,2.729692e+001
3.119346e+003,2.728768e+001
3.119828e+003,2.727914e+001
3.120310e+003,2.727111e+001
3.120792e+003,2.726332e+001
3.121274e+003,2.725551e+001
3.121757e+003,2.724746e+001
3.122239e+003,2.723903e+001
3.122721e+003,2.723019e+001
3.123203e+003,2.722103e+001
3.123685e+003,2.721166e+001
3.124167e+003,2.720216e+001
3.124649e+003,2.719259e+001
3.125131e+003,2.718294e+001
3.125614e+003,2.717316e+001
3.126096e+003,2.716323e+001
3.126578e+003,2.715315e+001
3.127060e+003,2.714302e+001
3.127542e+003,2.713291e+001
3.128024e+003,2.712294e+001
3.128506e+003,2.711319e+001
3.128988e+003,2.710364e+001
3.129470e+003,2.709427e+001
3.129953e+003,2.708500e+001
3.130435e+003,2.707578e+001
3.130917e+003,2.706657e+001
3.131399e+003,2.705733e+001
3.131881e+003,2.704805e+001
3.132363e+003,2.703866e+001
3.132845e+003,2.702914e+001
3.133328e+003,2.701945e+001
3.133810e+003,2.700959e+001
3.134292e+003,2.699959e+001
3.134774e+003,2.698951e+001
3.135256e+003,2.697944e+001
3.135738e+003,2.696942e+001
3.136220e+003,2.695943e+001
3.136702e+003,2.694945e+001
3.137185e+003,2.693937e+001
3.137667e+003,2.692916e+001
3.138149e+003,2.691873e+001
3.138631e+003,2.690813e+001
3.139113e+003,2.689739e+001
3.139595e+003,2.688657e+001
3.140077e+003,2.687572e+001
3.140559e+003,2.686492e+001
3.141042e+003,2.685421e+001
3.141524e+003,2.684366e+001
3.142006e+003,2.683338e+001
3.142488e+003,2.682346e+001
3.142970e+003,2.681396e+001
3.143452e+003,2.680490e+001
3.143934e+003,2.679622e+001
3.144417e+003,2.678778e+001
3.144898e+003,2.677941e+001
3.145381e+003,2.677094e+001
3.145863e+003,2.676224e+001
3.146345e+003,2.675330e+001
3.146827e+003,2.674412e+001
3.147309e+003,2.673481e+001
3.147791e+003,2.672545e+001
3.148273e+003,2.671613e+001
3.148756e+003,2.670689e+001
3.149238e+003,2.669775e+001
3.149720e+003,2.668865e+001
3.150202e+003,2.667946e+001
3.150684e+003,2.667009e+001
3.151166e+003,2.666035e+001
3.151648e+003,2.665013e+001
3.152130e+003,2.663938e+001
3.152613e+003,2.662816e+001
3.153095e+003,2.661664e+001
3.153577e+003,2.660505e+001
3.154059e+003,2.659367e+001
3.154541e+003,2.658275e+001
3.155023e+003,2.657240e+001
3.155505e+003,2.656259e+001
3.155987e+003,2.655321e+001
3.156469e+003,2.654404e+001
3.156952e+003,2.653493e+001
3.157434e+003,2.652573e+001
3.157916e+003,2.651642e+001
3.158398e+003,2.650702e+001
3.158880e+003,2.649759e+001
3.159362e+003,2.648819e+001
3.159844e+003,2.647881e+001
3.160326e+003,2.646943e+001
3.160809e+003,2.646002e+001
3.161291e+003,2.645052e+001
3.161773e+003,2.644093e+001
3.162255e+003,2.643124e+001
3.162737e+003,2.642146e+001
3.163219e+003,2.641158e+001
3.163701e+003,2.640162e+001
3.164184e+003,2.639159e+001
3.164666e+003,2.638156e+001
3.165148e+003,2.637157e+001
3.165630e+003,2.636169e+001
3.166112e+003,2.635200e+001
3.166594e+003,2.634249e+001
3.167076e+003,2.633315e+001
3.167558e+003,2.632394e+001
3.168041e+003,2.631484e+001
3.168523e+003,2.630585e+001
3.169005e+003,2.629705e+001
3.169487e+003,2.628852e+001
3.169969e+003,2.628031e+001
3.170451e+003,2.627243e+001
3.170933e+003,2.626474e+001
3.171415e+003,2.625703e+001
3.171897e+003,2.624905e+001
3.172380e+003,2.624054e+001
3.172862e+003,2.623135e+001
3.173344e+003,2.622145e+001
3.173826e+003,2.621090e+001
3.174308e+003,2.619986e+001
3.174790e+003,2.618851e+001
3.175272e+003,2.617705e+001
3.175754e+003,2.616563e+001
3.176237e+003,2.615443e+001
3.176719e+003,2.614356e+001
3.177201e+003,2.613313e+001
3.177683e+003,2.612325e+001
3.178165e+003,2.611391e+001
3.178647e+003,2.610508e+001
3.179129e+003,2.609664e+001
3.179612e+003,2.608844e+001
3.180094e+003,2.608029e+001
3.180576e+003,2.607204e+001
3.181058e+003,2.606357e+001
3.181540e+003,2.605479e+001
3.182022e+003,2.604564e+001
3.182504e+003,2.603607e+001
3.182986e+003,2.602610e+001
3.183469e+003,2.601576e+001
3.183951e+003,2.600516e+001
3.184433e+003,2.599441e+001
3.184915e+003,2.598369e+001
3.185397e+003,2.597315e+001
3.185879e+003,2.596286e+001
3.186361e+003,2.595284e+001
3.186843e+003,2.594302e+001
3.187325e+003,2.593332e+001
3.187808e+003,2.592365e+001
3.188290e+003,2.591398e+001
3.188772e+003,2.590429e+001
3.189254e+003,2.589465e+001
3.189736e+003,2.588508e+001
3.190218e+003,2.587561e+001
3.190700e+003,2.586628e+001
3.191182e+003,2.585705e+001
3.191665e+003,2.584792e+001
3.192147e+003,2.583891e+001
3.192629e+003,2.583006e+001
3.193111e+003,2.582137e+001
3.193593e+003,2.581286e+001
3.194075e+003,2.580449e+001
3.194557e+003,2.579618e+001
3.195040e+003,2.578784e+001
3.195521e+003,2.577936e+001
3.196004e+003,2.577068e+001
3.196486e+003,2.576176e+001
3.196968e+003,2.575259e+001
3.197450e+003,2.574318e+001
3.197932e+003,2.573357e+001
3.198414e+003,2.572378e+001
3.198896e+003,2.571389e+001
3.199379e+003,2.570401e+001
3.199861e+003,2.569425e+001
3.200343e+003,2.568475e+001
3.200825e+003,2.567560e+001
3.201307e+003,2.566679e+001
3.201789e+003,2.565826e+001
3.202271e+003,2.564985e+001
3.202753e+003,2.564138e+001
3.203236e+003,2.563275e+001
3.203718e+003,2.562386e+001
3.204200e+003,2.561474e+001
3.204682e+003,2.560548e+001
3.205164e+003,2.559616e+001
3.205646e+003,2.558684e+001
3.206128e+003,2.557751e+001
3.206610e+003,2.556812e+001
3.207093e+003,2.555861e+001
3.207575e+003,2.554895e+001
3.208057e+003,2.553912e+001
3.208539e+003,2.552921e+001
3.209021e+003,2.551930e+001
3.209503e+003,2.550953e+001
3.209985e+003,2.550000e+001
3.210468e+003,2.549079e+001
3.210949e+003,2.548196e+001
3.211432e+003,2.547351e+001
3.211914e+003,2.546540e+001
3.212396e+003,2.545756e+001
3.212878e+003,2.544984e+001
3.213360e+003,2.544209e+001
3.213842e+003,2.543412e+001
3.214324e+003,2.542577e+001
3.214807e+003,2.541698e+001
3.215289e+003,2.540769e+001
3.215771e+003,2.539799e+001
3.216253e+003,2.538801e+001
3.216735e+003,2.537785e+001
3.217217e+003,2.536767e+001
3.217699e+003,2.535759e+001
3.218181e+003,2.534769e+001
3.218664e+003,2.533805e+001
3.219146e+003,2.532871e+001
3.219628e+003,2.531969e+001
3.220110e+003,2.531090e+001
3.220592e+003,2.530225e+001
3.221074e+003,2.529356e+001
3.221556e+003,2.528468e+001
3.222038e+003,2.527546e+001
3.222521e+003,2.526587e+001
3.223003e+003,2.525595e+001
3.223485e+003,2.524586e+001
3.223967e+003,2.523577e+001
3.224449e+003,2.522582e+001
3.224931e+003,2.521610e+001
3.225413e+003,2.520662e+001
3.225896e+003,2.519735e+001
3.226377e+003,2.518826e+001
3.226860e+003,2.517934e+001
3.227342e+003,2.517064e+001
3.227824e+003,2.516224e+001
3.228306e+003,2.515422e+001
3.228788e+003,2.514657e+001
3.229270e+003,2.513926e+001
3.229752e+003,2.513213e+001
3.230235e+003,2.512499e+001
3.230717e+003,2.511763e+001
3.231199e+003,2.510989e+001
3.231681e+003,2.510166e+001
3.232163e+003,2.509289e+001
3.232645e+003,2.508362e+001
3.233127e+003,2.507394e+001
3.233609e+003,2.506397e+001
3.234092e+003,2.505389e+001
3.234574e+003,2.504384e+001
3.235056e+003,2.503395e+001
3.235538e+003,2.502429e+001
3.236020e+003,2.501488e+001
3.236502e+003,2.500568e+001
3.236984e+003,2.499661e+001
3.237466e+003,2.498759e+001
3.237948e+003,2.497858e+001
3.238431e+003,2.496955e+001
3.238913e+003,2.496053e+001
3.239395e+003,2.495154e+001
3.239877e+003,2.494259e+001
3.240359e+003,2.493365e+001
3.240841e+003,2.492469e+001
3.241323e+003,2.491569e+001
3.241806e+003,2.490664e+001
3.242288e+003,2.489760e+001
3.242770e+003,2.488867e+001
3.243252e+003,2.487997e+001
3.243734e+003,2.487154e+001
3.244216e+003,2.486339e+001
3.244698e+003,2.485545e+001
3.245180e+003,2.484758e+001
3.245663e+003,2.483963e+001
3.246145e+003,2.483148e+001
3.246627e+003,2.482306e+001
3.247109e+003,2.481434e+001
3.247591e+003,2.480539e+001
3.248073e+003,2.479628e+001
3.248555e+003,2.478713e+001
3.249037e+003,2.477806e+001
3.249520e+003,2.476917e+001
3.250002e+003,2.476053e+001
3.250484e+003,2.475216e+001
3.250966e+003,2.474397e+001
3.251448e+003,2.473582e+001
3.251930e+003,2.472751e+001
3.252412e+003,2.471888e+001
3.252894e+003,2.470978e+001
3.253376e+003,2.470019e+001
3.253859e+003,2.469020e+001
3.254341e+003,2.467998e+001
3.254823e+003,2.466974e+001
3.255305e+003,2.465967e+001
3.255787e+003,2.464990e+001
3.256269e+003,2.464047e+001
3.256751e+003,2.463137e+001
3.257234e+003,2.462253e+001
3.257716e+003,2.461388e+001
3.258198e+003,2.460536e+001
3.258680e+003,2.459686e+001
3.259162e+003,2.458832e+001
3.259644e+003,2.457962e+001
3.260126e+003,2.457071e+001
3.260608e+003,2.456155e+001
3.261091e+003,2.455219e+001
3.261573e+003,2.454272e+001
3.262055e+003,2.453326e+001
3.262537e+003,2.452394e+001
3.263019e+003,2.451482e+001
3.263501e+003,2.450588e+001
3.263983e+003,2.449707e+001
3.264465e+003,2.448832e+001
3.264948e+003,2.447960e+001
3.265430e+003,2.447092e+001
3.265912e+003,2.446238e+001
3.266394e+003,2.445404e+001
3.266876e+003,2.444594e+001
3.267358e+003,2.443803e+001
3.267840e+003,2.443014e+001
3.268323e+003,2.442209e+001
3.268804e+003,2.441371e+001
3.269287e+003,2.440491e+001
3.269769e+003,2.439572e+001
3.270251e+003,2.438630e+001
3.270733e+003,2.437685e+001
3.271215e+003,2.436758e+001
3.271697e+003,2.435859e+001
3.272179e+003,2.434991e+001
3.272662e+003,2.434146e+001
3.273144e+003,2.433305e+001
3.273626e+003,2.432454e+001
3.274108e+003,2.431575e+001
3.274590e+003,2.430664e+001
3.275072e+003,2.429722e+001
3.275554e+003,2.428762e+001
3.276036e+003,2.427799e+001
3.276519e+003,2.426855e+001
3.277001e+003,2.425942e+001
3.277483e+003,2.425072e+001
3.277965e+003,2.424241e+001
3.278447e+003,2.423441e+001
3.278929e+003,2.422654e+001
3.279411e+003,2.421863e+001
3.279893e+003,2.421057e+001
3.280375e+003,2.420232e+001
3.280858e+003,2.419397e+001
3.281340e+003,2.418563e+001
3.281822e+003,2.417743e+001
3.282304e+003,2.416944e+001
3.282786e+003,2.416163e+001
3.283268e+003,2.415391e+001
3.283750e+003,2.414609e+001
3.284232e+003,2.413805e+001
3.284715e+003,2.412967e+001
3.285197e+003,2.412095e+001
3.285679e+003,2.411197e+001
3.286161e+003,2.410284e+001
3.286643e+003,2.409369e+001
3.287125e+003,2.408466e+001
3.287607e+003,2.407582e+001
3.288090e+003,2.406726e+001
3.288572e+003,2.405897e+001
3.289054e+003,2.405092e+001
3.289536e+003,2.404303e+001
3.290018e+003,2.403517e+001
3.290500e+003,2.402716e+001
3.290982e+003,2.401884e+001
3.291464e+003,2.401005e+001
3.291947e+003,2.400076e+001
3.292429e+003,2.399100e+001
3.292911e+003,2.398091e+001
3.293393e+003,2.397068e+001
3.293875e+003,2.396053e+001
3.294357e+003,2.395064e+001
3.294839e+003,2.394115e+001
3.295321e+003,2.393214e+001
3.295803e+003,2.392362e+001
3.296286e+003,2.391555e+001
3.296768e+003,2.390787e+001
3.297250e+003,2.390044e+001
3.297732e+003,2.389314e+001
3.298214e+003,2.388579e+001
3.298696e+003,2.387831e+001
3.299178e+003,2.387064e+001
3.299660e+003,2.386281e+001
3.300143e+003,2.385491e+001
3.300625e+003,2.384704e+001
3.301107e+003,2.383927e+001
3.301589e+003,2.383160e+001
3.302071e+003,2.382393e+001
3.302553e+003,2.381610e+001
3.303035e+003,2.380797e+001
3.303518e+003,2.379940e+001
3.304000e+003,2.379036e+001
3.304482e+003,2.378089e+001
3.304964e+003,2.377107e+001
3.305446e+003,2.376103e+001
3.305928e+003,2.375083e+001
3.306410e+003,2.374057e+001
3.306892e+003,2.373030e+001
3.307375e+003,2.372010e+001
3.307857e+003,2.371010e+001
3.308339e+003,2.370044e+001
3.308821e+003,2.369125e+001
3.309303e+003,2.368261e+001
3.309785e+003,2.367448e+001
3.310267e+003,2.366679e+001
3.310749e+003,2.365932e+001
3.311231e+003,2.365188e+001
3.311714e+003,2.364423e+001
3.312196e+003,2.363622e+001
3.312678e+003,2.362772e+001
3.313160e+003,2.361868e+001
3.313642e+003,2.360914e+001
3.314124e+003,2.359917e+001
3.314606e+003,2.358899e+001
3.315088e+003,2.357883e+001
3.315571e+003,2.356896e+001
3.316053e+003,2.355964e+001
3.316535e+003,2.355104e+001
3.317017e+003,2.354316e+001
3.317499e+003,2.353590e+001
3.317981e+003,2.352904e+001
3.318463e+003,2.352231e+001
3.318946e+003,2.351548e+001
3.319427e+003,2.350836e+001
3.319910e+003,2.350092e+001
3.320392e+003,2.349316e+001
3.320874e+003,2.348512e+001
3.321356e+003,2.347681e+001
3.321838e+003,2.346823e+001
3.322320e+003,2.345932e+001
3.322802e+003,2.345007e+001
3.323285e+003,2.344047e+001
3.323767e+003,2.343059e+001
3.324249e+003,2.342054e+001
3.324731e+003,2.341047e+001
3.325213e+003,2.340050e+001
3.325695e+003,2.339072e+001
3.326177e+003,2.338117e+001
3.326659e+003,2.337189e+001
3.327142e+003,2.336282e+001
3.327624e+003,2.335394e+001
3.328106e+003,2.334520e+001
3.328588e+003,2.333654e+001
3.329070e+003,2.332792e+001
3.329552e+003,2.331934e+001
3.330034e+003,2.331079e+001
3.330516e+003,2.330231e+001
3.330999e+003,2.329397e+001
3.331481e+003,2.328582e+001
3.331963e+003,2.327787e+001
3.332445e+003,2.327012e+001
3.332927e+003,2.326247e+001
3.333409e+003,2.325484e+001
3.333891e+003,2.324714e+001
3.334374e+003,2.323932e+001
3.334855e+003,2.323137e+001
3.335338e+003,2.322336e+001
3.335820e+003,2.321529e+001
3.336302e+003,2.320720e+001
3.336784e+003,2.319903e+001
3.337266e+003,2.319076e+001
3.337748e+003,2.318232e+001
3.338230e+003,2.317373e+001
3.338713e+003,2.316504e+001
3.339195e+003,2.315634e+001
3.339677e+003,2.314776e+001
3.340159e+003,2.313937e+001
3.340641e+003,2.313118e+001
3.341123e+003,2.312317e+001
3.341605e+003,2.311526e+001
3.342087e+003,2.310740e+001
3.342570e+003,2.309955e+001
3.343052e+003,2.309170e+001
3.343534e+003,2.308384e+001
3.344016e+003,2.307595e+001
3.344498e+003,2.306798e+001
3.344980e+003,2.305985e+001
3.345462e+003,2.305150e+001
3.345944e+003,2.304291e+001
3.346427e+003,2.303408e+001
3.346909e+003,2.302511e+001
3.347391e+003,2.301609e+001
3.347873e+003,2.300710e+001
3.348355e+003,2.299822e+001
3.348837e+003,2.298948e+001
3.349319e+003,2.298088e+001
3.349802e+003,2.297247e+001
3.350283e+003,2.296429e+001
3.350766e+003,2.295640e+001
3.351248e+003,2.294885e+001
3.351730e+003,2.294165e+001
3.352212e+003,2.293472e+001
3.352694e+003,2.292797e+001
3.353176e+003,2.292128e+001
3.353658e+003,2.291454e+001
3.354141e+003,2.290767e+001
3.354623e+003,2.290062e+001
3.355105e+003,2.289335e+001
3.355587e+003,2.288580e+001
3.356069e+003,2.287787e+001
3.356551e+003,2.286947e+001
3.357033e+003,2.286051e+001
3.357515e+003,2.285101e+001
3.357998e+003,2.284110e+001
3.358480e+003,2.283101e+001
3.358962e+003,2.282098e+001
3.359444e+003,2.281129e+001
3.359926e+003,2.280210e+001
3.360408e+003,2.279345e+001
3.360890e+003,2.278525e+001
3.361372e+003,2.277735e+001
3.361854e+003,2.276955e+001
3.362337e+003,2.276169e+001
3.362819e+003,2.275363e+001
3.363301e+003,2.274532e+001
3.363783e+003,2.273675e+001
3.364265e+003,2.272796e+001
3.364747e+003,2.271908e+001
3.365229e+003,2.271026e+001
3.365712e+003,2.270166e+001
3.366194e+003,2.269348e+001
3.366676e+003,2.268584e+001
3.367158e+003,2.267880e+001
3.367640e+003,2.267229e+001
3.368122e+003,2.266615e+001
3.368604e+003,2.266014e+001
3.369086e+003,2.265400e+001
3.369569e+003,2.264747e+001
3.370051e+003,2.264035e+001
3.370533e+003,2.263251e+001
3.371015e+003,2.262384e+001
3.371497e+003,2.261437e+001
3.371979e+003,2.260420e+001
3.372461e+003,2.259352e+001
3.372943e+003,2.258264e+001
3.373426e+003,2.257191e+001
3.373908e+003,2.256169e+001
3.374390e+003,2.255229e+001
3.374872e+003,2.254385e+001
3.375354e+003,2.253636e+001
3.375836e+003,2.252965e+001
3.376318e+003,2.252345e+001
3.376800e+003,2.251745e+001
3.377282e+003,2.251139e+001
3.377765e+003,2.250511e+001
3.378247e+003,2.249850e+001
3.378729e+003,2.249155e+001
3.379211e+003,2.248423e+001
3.379693e+003,2.247657e+001
3.380175e+003,2.246857e+001
3.380657e+003,2.246026e+001
3.381140e+003,2.245171e+001
3.381622e+003,2.244299e+001
3.382104e+003,2.243423e+001
3.382586e+003,2.242550e+001
3.383068e+003,2.241685e+001
3.383550e+003,2.240830e+001
3.384032e+003,2.239982e+001
3.384514e+003,2.239140e+001
3.384997e+003,2.238300e+001
3.385479e+003,2.237461e+001
3.385961e+003,2.236624e+001
3.386443e+003,2.235787e+001
3.386925e+003,2.234949e+001
3.387407e+003,2.234105e+001
3.387889e+003,2.233253e+001
3.388371e+003,2.232395e+001
3.388854e+003,2.231535e+001
3.389336e+003,2.230684e+001
3.389818e+003,2.229853e+001
3.390300e+003,2.229049e+001
3.390782e+003,2.228277e+001
3.391264e+003,2.227530e+001
3.391746e+003,2.226796e+001
3.392229e+003,2.226062e+001
3.392710e+003,2.225315e+001
3.393193e+003,2.224546e+001
3.393675e+003,2.223753e+001
3.394157e+003,2.222932e+001
3.394639e+003,2.222089e+001
3.395121e+003,2.221231e+001
3.395603e+003,2.220366e+001
3.396085e+003,2.219507e+001
3.396568e+003,2.218664e+001
3.397050e+003,2.217849e+001
3.397532e+003,2.217068e+001
3.398014e+003,2.216318e+001
3.398496e+003,2.215590e+001
3.398978e+003,2.214864e+001
3.399460e+003,2.214124e+001
3.399942e+003,2.213352e+001
3.400425e+003,2.212541e+001
3.400907e+003,2.211694e+001
3.401389e+003,2.210823e+001
3.401871e+003,2.209945e+001
3.402353e+003,2.209076e+001
3.402835e+003,2.208229e+001
3.403317e+003,2.207413e+001
3.403799e+003,2.206627e+001
3.404281e+003,2.205865e+001
3.404764e+003,2.205119e+001
3.405246e+003,2.204376e+001
3.405728e+003,2.203627e+001
3.406210e+003,2.202864e+001
3.406692e+003,2.202085e+001
3.407174e+003,2.201296e+001
3.407656e+003,2.200508e+001
3.408138e+003,2.199734e+001
3.408621e+003,2.198987e+001
3.409103e+003,2.198272e+001
3.409585e+003,2.197588e+001
3.410067e+003,2.196918e+001
3.410549e+003,2.196242e+001
3.411031e+003,2.195536e+001
3.411513e+003,2.194783e+001
3.411996e+003,2.193973e+001
3.412478e+003,2.193107e+001
3.412960e+003,2.192194e+001
3.413442e+003,2.191247e+001
3.413924e+003,2.190281e+001
3.414406e+003,2.189308e+001
3.414888e+003,2.188341e+001
3.415370e+003,2.187389e+001
3.415853e+003,2.186461e+001
3.416335e+003,2.185566e+001
3.416817e+003,2.184708e+001
3.417299e+003,2.183890e+001
3.417781e+003,2.183106e+001
3.418263e+003,2.182348e+001
3.418745e+003,2.181610e+001
3.419227e+003,2.180885e+001
3.419709e+003,2.180170e+001
3.420192e+003,2.179469e+001
3.420674e+003,2.178782e+001
3.421156e+003,2.178110e+001
3.421638e+003,2.177447e+001
3.422120e+003,2.176783e+001
3.422602e+003,2.176106e+001
3.423084e+003,2.175407e+001
3.423566e+003,2.174679e+001
3.424049e+003,2.173923e+001
3.424531e+003,2.173146e+001
3.425013e+003,2.172356e+001
3.425495e+003,2.171560e+001
3.425977e+003,2.170765e+001
3.426459e+003,2.169974e+001
3.426941e+003,2.169188e+001
3.427424e+003,2.168409e+001
3.427906e+003,2.167636e+001
3.428388e+003,2.166873e+001
3.428870e+003,2.166119e+001
3.429352e+003,2.165371e+001
3.429834e+003,2.164631e+001
3.430316e+003,2.163894e+001
3.430798e+003,2.163161e+001
3.431281e+003,2.162430e+001
3.431763e+003,2.161701e+001
3.432245e+003,2.160971e+001
3.432727e+003,2.160232e+001
3.433209e+003,2.159473e+001
3.433691e+003,2.158685e+001
3.434173e+003,2.157862e+001
3.434655e+003,2.157001e+001
3.435137e+003,2.156112e+001
3.435620e+003,2.155209e+001
3.436102e+003,2.154307e+001
3.436584e+003,2.153422e+001
3.437066e+003,2.152563e+001
3.437548e+003,2.151729e+001
3.438030e+003,2.150916e+001
3.438512e+003,2.150114e+001
3.438994e+003,2.149316e+001
3.439477e+003,2.148512e+001
3.439959e+003,2.147698e+001
3.440441e+003,2.146871e+001
3.440923e+003,2.146030e+001
3.441405e+003,2.145180e+001
3.441887e+003,2.144326e+001
3.442369e+003,2.143476e+001
3.442852e+003,2.142641e+001
3.443333e+003,2.141831e+001
3.443816e+003,2.141050e+001
3.444298e+003,2.140301e+001
3.444780e+003,2.139577e+001
3.445262e+003,2.138873e+001
3.445744e+003,2.138186e+001
3.446226e+003,2.137516e+001
3.446708e+003,2.136871e+001
3.447191e+003,2.136260e+001
3.447673e+003,2.135689e+001
3.448155e+003,2.135156e+001
3.448637e+003,2.134641e+001
3.449119e+003,2.134120e+001
3.449601e+003,2.133560e+001
3.450083e+003,2.132929e+001
3.450565e+003,2.132210e+001
3.451048e+003,2.131397e+001
3.451530e+003,2.130501e+001
3.452012e+003,2.129548e+001
3.452494e+003,2.128570e+001
3.452976e+003,2.127601e+001
3.453458e+003,2.126672e+001
3.453940e+003,2.125804e+001
3.454422e+003,2.125002e+001
3.454905e+003,2.124260e+001
3.455387e+003,2.123562e+001
3.455869e+003,2.122882e+001
3.456351e+003,2.122192e+001
3.456833e+003,2.121474e+001
3.457315e+003,2.120718e+001
3.457797e+003,2.119929e+001
3.458280e+003,2.119121e+001
3.458761e+003,2.118317e+001
3.459244e+003,2.117536e+001
3.459726e+003,2.116790e+001
3.460208e+003,2.116080e+001
3.460690e+003,2.115397e+001
3.461172e+003,2.114727e+001
3.461654e+003,2.114060e+001
3.462136e+003,2.113387e+001
3.462619e+003,2.112713e+001
3.463101e+003,2.112046e+001
3.463583e+003,2.111397e+001
3.464065e+003,2.110775e+001
3.464547e+003,2.110181e+001
3.465029e+003,2.109612e+001
3.465511e+003,2.109057e+001
3.465993e+003,2.108499e+001
3.466476e+003,2.107922e+001
3.466958e+003,2.107307e+001
3.467440e+003,2.106638e+001
3.467922e+003,2.105903e+001
3.468404e+003,2.105097e+001
3.468886e+003,2.104224e+001
3.469368e+003,2.103298e+001
3.469850e+003,2.102339e+001
3.470333e+003,2.101376e+001
3.470815e+003,2.100431e+001
3.471297e+003,2.099526e+001
3.471779e+003,2.098669e+001
3.472261e+003,2.097861e+001
3.472743e+003,2.097096e+001
3.473225e+003,2.096366e+001
3.473708e+003,2.095656e+001
3.474189e+003,2.094960e+001
3.474672e+003,2.094269e+001
3.475154e+003,2.093578e+001
3.475636e+003,2.092882e+001
3.476118e+003,2.092178e+001
3.476600e+003,2.091470e+001
3.477082e+003,2.090760e+001
3.477564e+003,2.090056e+001
3.478047e+003,2.089366e+001
3.478529e+003,2.088695e+001
3.479011e+003,2.088043e+001
3.479493e+003,2.087408e+001
3.479975e+003,2.086783e+001
3.480457e+003,2.086163e+001
3.480939e+003,2.085546e+001
3.481421e+003,2.084931e+001
3.481904e+003,2.084319e+001
3.482386e+003,2.083705e+001
3.482868e+003,2.083080e+001
3.483350e+003,2.082429e+001
3.483832e+003,2.081735e+001
3.484314e+003,2.080984e+001
3.484796e+003,2.080172e+001
3.485278e+003,2.079307e+001
3.485760e+003,2.078409e+001
3.486243e+003,2.077503e+001
3.486725e+003,2.076616e+001
3.487207e+003,2.075765e+001
3.487689e+003,2.074961e+001
3.488171e+003,2.074201e+001
3.488653e+003,2.073476e+001
3.489135e+003,2.072772e+001
3.489618e+003,2.072074e+001
3.490100e+003,2.071372e+001
3.490582e+003,2.070658e+001
3.491064e+003,2.069930e+001
3.491546e+003,2.069191e+001
3.492028e+003,2.068449e+001
3.492510e+003,2.067720e+001
3.492992e+003,2.067018e+001
3.493475e+003,2.066357e+001
3.493957e+003,2.065741e+001
3.494439e+003,2.065166e+001
3.494921e+003,2.064614e+001
3.495403e+003,2.064063e+001
3.495885e+003,2.063487e+001
3.496367e+003,2.062870e+001
3.496849e+003,2.062202e+001
3.497332e+003,2.061484e+001
3.497814e+003,2.060722e+001
3.498296e+003,2.059927e+001
3.498778e+003,2.059104e+001
3.499260e+003,2.058255e+001
3.499742e+003,2.057381e+001
3.500224e+003,2.056484e+001
3.500706e+003,2.055570e+001
3.501188e+003,2.054651e+001
3.501671e+003,2.053741e+001
3.502153e+003,2.052855e+001
3.502635e+003,2.052004e+001
3.503117e+003,2.051194e+001
3.503599e+003,2.050423e+001
3.504081e+003,2.049686e+001
3.504563e+003,2.048976e+001
3.505046e+003,2.048287e+001
3.505528e+003,2.047610e+001
3.506010e+003,2.046940e+001
3.506492e+003,2.046272e+001
3.506974e+003,2.045602e+001
3.507456e+003,2.044934e+001
3.507938e+003,2.044275e+001
3.508420e+003,2.043638e+001
3.508903e+003,2.043036e+001
3.509385e+003,2.042478e+001
3.509867e+003,2.041965e+001
3.510349e+003,2.041489e+001
3.510831e+003,2.041032e+001
3.511313e+003,2.040573e+001
3.511795e+003,2.040094e+001
3.512277e+003,2.039581e+001
3.512760e+003,2.039024e+001
3.513242e+003,2.038415e+001
3.513724e+003,2.037748e+001
3.514206e+003,2.037016e+001
3.514688e+003,2.036217e+001
3.515170e+003,2.035351e+001
3.515652e+003,2.034432e+001
3.516135e+003,2.033482e+001
3.516616e+003,2.032528e+001
3.517099e+003,2.031597e+001
3.517581e+003,2.030709e+001
3.518063e+003,2.029868e+001
3.518545e+003,2.029064e+001
3.519027e+003,2.028276e+001
3.519509e+003,2.027480e+001
3.519991e+003,2.026656e+001
3.520474e+003,2.025794e+001
3.520956e+003,2.024902e+001
3.521438e+003,2.023989e+001
3.521920e+003,2.023080e+001
3.522402e+003,2.022195e+001
3.522884e+003,2.021352e+001
3.523366e+003,2.020562e+001
3.523848e+003,2.019826e+001
3.524331e+003,2.019143e+001
3.524813e+003,2.018499e+001
3.525295e+003,2.017883e+001
3.525777e+003,2.017279e+001
3.526259e+003,2.016676e+001
3.526741e+003,2.016065e+001
3.527223e+003,2.015446e+001
3.527705e+003,2.014822e+001
3.528188e+003,2.014197e+001
3.528670e+003,2.013576e+001
3.529152e+003,2.012958e+001
3.529634e+003,2.012337e+001
3.530116e+003,2.011705e+001
3.530598e+003,2.011057e+001
3.531080e+003,2.010390e+001
3.531563e+003,2.009708e+001
3.532044e+003,2.009025e+001
3.532527e+003,2.008352e+001
3.533009e+003,2.007699e+001
3.533491e+003,2.007071e+001
3.533973e+003,2.006469e+001
3.534455e+003,2.005887e+001
3.534937e+003,2.005316e+001
3.535419e+003,2.004745e+001
3.535902e+003,2.004165e+001
3.536384e+003,2.003564e+001
3.536866e+003,2.002932e+001
3.537348e+003,2.002258e+001
3.537830e+003,2.001536e+001
3.538312e+003,2.000767e+001
3.538794e+003,1.999957e+001
3.539276e+003,1.999120e+001
3.539759e+003,1.998273e+001
3.540241e+003,1.997434e+001
3.540723e+003,1.996611e+001
3.541205e+003,1.995805e+001
3.541687e+003,1.995010e+001
3.542169e+003,1.994215e+001
3.542651e+003,1.993409e+001
3.543133e+003,1.992589e+001
3.543615e+003,1.991754e+001
3.544098e+003,1.990913e+001
3.544580e+003,1.990077e+001
3.545062e+003,1.989256e+001
3.545544e+003,1.988460e+001
3.546026e+003,1.987696e+001
3.546508e+003,1.986970e+001
3.546990e+003,1.986284e+001
3.547472e+003,1.985639e+001
3.547955e+003,1.985031e+001
3.548437e+003,1.984451e+001
3.548919e+003,1.983890e+001
3.549401e+003,1.983339e+001
3.549883e+003,1.982793e+001
3.550365e+003,1.982258e+001
3.550847e+003,1.981742e+001
3.551330e+003,1.981260e+001
3.551812e+003,1.980819e+001
3.552294e+003,1.980411e+001
3.552776e+003,1.980017e+001
3.553258e+003,1.979601e+001
3.553740e+003,1.979129e+001
3.554222e+003,1.978571e+001
3.554704e+003,1.977915e+001
3.555187e+003,1.977168e+001
3.555669e+003,1.976347e+001
3.556151e+003,1.975481e+001
3.556633e+003,1.974594e+001
3.557115e+003,1.973707e+001
3.557597e+003,1.972829e+001
3.558079e+003,1.971964e+001
3.558561e+003,1.971110e+001
3.559043e+003,1.970265e+001
3.559526e+003,1.969424e+001
3.560008e+003,1.968585e+001
3.560490e+003,1.967742e+001
3.560972e+003,1.966888e+001
3.561454e+003,1.966011e+001
3.561936e+003,1.965102e+001
3.562418e+003,1.964151e+001
3.562900e+003,1.963155e+001
3.563383e+003,1.962118e+001
3.563865e+003,1.961052e+001
3.564347e+003,1.959980e+001
3.564829e+003,1.958935e+001
3.565311e+003,1.957961e+001
3.565793e+003,1.957110e+001
3.566275e+003,1.956423e+001
3.566758e+003,1.955921e+001
3.567240e+003,1.955590e+001
3.567722e+003,1.955377e+001
3.568204e+003,1.955207e+001
3.568686e+003,1.955008e+001
3.569168e+003,1.954727e+001
3.569650e+003,1.954343e+001
3.570132e+003,1.953859e+001
3.570615e+003,1.953300e+001
3.571097e+003,1.952698e+001
3.571579e+003,1.952086e+001
3.572061e+003,1.951487e+001
3.572543e+003,1.950916e+001
3.573025e+003,1.950371e+001
3.573507e+003,1.949843e+001
3.573989e+003,1.949318e+001
3.574471e+003,1.948776e+001
3.574954e+003,1.948202e+001
3.575436e+003,1.947585e+001
3.575918e+003,1.946919e+001
3.576400e+003,1.946205e+001
3.576882e+003,1.945448e+001
3.577364e+003,1.944662e+001
3.577846e+003,1.943863e+001
3.578328e+003,1.943069e+001
3.578811e+003,1.942297e+001
3.579293e+003,1.941555e+001
3.579775e+003,1.940845e+001
3.580257e+003,1.940156e+001
3.580739e+003,1.939471e+001
3.581221e+003,1.938773e+001
3.581703e+003,1.938036e+001
3.582186e+003,1.937244e+001
3.582667e+003,1.936382e+001
3.583150e+003,1.935442e+001
3.583632e+003,1.934423e+001
3.584114e+003,1.933340e+001
3.584596e+003,1.932221e+001
3.585078e+003,1.931117e+001
3.585560e+003,1.930097e+001
3.586042e+003,1.929246e+001
3.586525e+003,1.928637e+001
3.587007e+003,1.928314e+001
3.587489e+003,1.928260e+001
3.587971e+003,1.928403e+001
3.588453e+003,1.928627e+001
3.588935e+003,1.928818e+001
3.589417e+003,1.928884e+001
3.589899e+003,1.928771e+001
3.590382e+003,1.928458e+001
3.590864e+003,1.927949e+001
3.591346e+003,1.927256e+001
3.591828e+003,1.926401e+001
3.592310e+003,1.925412e+001
3.592792e+003,1.924327e+001
3.593274e+003,1.923189e+001
3.593756e+003,1.922052e+001
3.594239e+003,1.920962e+001
3.594721e+003,1.919958e+001
3.595203e+003,1.919062e+001
3.595685e+003,1.918276e+001
3.596167e+003,1.917584e+001
3.596649e+003,1.916968e+001
3.597131e+003,1.916403e+001
3.597614e+003,1.915872e+001
3.598095e+003,1.915360e+001
3.598578e+003,1.914856e+001
3.599060e+003,1.914347e+001
3.599542e+003,1.913824e+001
3.600024e+003,1.913277e+001
3.600506e+003,1.912704e+001
3.600988e+003,1.912101e+001
3.601470e+003,1.911470e+001
3.601953e+003,1.910806e+001
3.602435e+003,1.910105e+001
3.602917e+003,1.909349e+001
3.603399e+003,1.908522e+001
3.603881e+003,1.907608e+001
3.604363e+003,1.906597e+001
3.604845e+003,1.905491e+001
3.605327e+003,1.904310e+001
3.605810e+003,1.903086e+001
3.606292e+003,1.901865e+001
3.606774e+003,1.900698e+001
3.607256e+003,1.899628e+001
3.607738e+003,1.898686e+001
3.608220e+003,1.897875e+001
3.608702e+003,1.897169e+001
3.609184e+003,1.896528e+001
3.609667e+003,1.895898e+001
3.610149e+003,1.895237e+001
3.610631e+003,1.894514e+001
3.611113e+003,1.893719e+001
3.611595e+003,1.892864e+001
3.612077e+003,1.891982e+001
3.612559e+003,1.891112e+001
3.613042e+003,1.890298e+001
3.613524e+003,1.889570e+001
3.614006e+003,1.888934e+001
3.614488e+003,1.888373e+001
3.614970e+003,1.887858e+001
3.615452e+003,1.887358e+001
3.615934e+003,1.886854e+001
3.616416e+003,1.886340e+001
3.616898e+003,1.885833e+001
3.617381e+003,1.885362e+001
3.617863e+003,1.884954e+001
3.618345e+003,1.884626e+001
3.618827e+003,1.884374e+001
3.619309e+003,1.884166e+001
3.619791e+003,1.883957e+001
3.620273e+003,1.883705e+001
3.620755e+003,1.883387e+001
3.621238e+003,1.882994e+001
3.621720e+003,1.882538e+001
3.622202e+003,1.882031e+001
3.622684e+003,1.881487e+001
3.623166e+003,1.880906e+001
3.623648e+003,1.880280e+001
3.624130e+003,1.879588e+001
3.624612e+003,1.878804e+001
3.625094e+003,1.877901e+001
3.625577e+003,1.876858e+001
3.626059e+003,1.875668e+001
3.626541e+003,1.874350e+001
3.627023e+003,1.872957e+001
3.627505e+003,1.871589e+001
3.627987e+003,1.870372e+001
3.628469e+003,1.869432e+001
3.628952e+003,1.868825e+001
3.629434e+003,1.868505e+001
3.629916e+003,1.868345e+001
3.630398e+003,1.868209e+001
3.630880e+003,1.867998e+001
3.631362e+003,1.867672e+001
3.631844e+003,1.867231e+001
3.632326e+003,1.866703e+001
3.632809e+003,1.866123e+001
3.633291e+003,1.865515e+001
3.633773e+003,1.864894e+001
3.634255e+003,1.864256e+001
3.634737e+003,1.863591e+001
3.635219e+003,1.862886e+001
3.635701e+003,1.862135e+001
3.636183e+003,1.861343e+001
3.636666e+003,1.860522e+001
3.637148e+003,1.859688e+001
3.637630e+003,1.858857e+001
3.638112e+003,1.858039e+001
3.638594e+003,1.857236e+001
3.639076e+003,1.856449e+001
3.639558e+003,1.855672e+001
3.640041e+003,1.854902e+001
3.640522e+003,1.854132e+001
3.641005e+003,1.853359e+001
3.641487e+003,1.852573e+001
3.641969e+003,1.851763e+001
3.642451e+003,1.850914e+001
3.642933e+003,1.850009e+001
3.643415e+003,1.849035e+001
3.643897e+003,1.847979e+001
3.644380e+003,1.846836e+001
3.644862e+003,1.845603e+001
3.645344e+003,1.844287e+001
3.645826e+003,1.842908e+001
3.646308e+003,1.841497e+001
3.646790e+003,1.840109e+001
3.647272e+003,1.838814e+001
3.647754e+003,1.837699e+001
3.648237e+003,1.836840e+001
3.648719e+003,1.836292e+001
3.649201e+003,1.836048e+001
3.649683e+003,1.836044e+001
3.650165e+003,1.836176e+001
3.650647e+003,1.836329e+001
3.651129e+003,1.836412e+001
3.651611e+003,1.836369e+001
3.652094e+003,1.836172e+001
3.652576e+003,1.835823e+001
3.653058e+003,1.835328e+001
3.653540e+003,1.834711e+001
3.654022e+003,1.834004e+001
3.654504e+003,1.833254e+001
3.654986e+003,1.832521e+001
3.655469e+003,1.831873e+001
3.655950e+003,1.831368e+001
3.656433e+003,1.831037e+001
3.656915e+003,1.830870e+001
3.657397e+003,1.830825e+001
3.657879e+003,1.830840e+001
3.658361e+003,1.830856e+001
3.658843e+003,1.830829e+001
3.659325e+003,1.830728e+001
3.659808e+003,1.830539e+001
3.660290e+003,1.830255e+001
3.660772e+003,1.829883e+001
3.661254e+003,1.829437e+001
3.661736e+003,1.828941e+001
3.662218e+003,1.828424e+001
3.662700e+003,1.827913e+001
3.663182e+003,1.827426e+001
3.663665e+003,1.826965e+001
3.664147e+003,1.826508e+001
3.664629e+003,1.826019e+001
3.665111e+003,1.825447e+001
3.665593e+003,1.824745e+001
3.666075e+003,1.823882e+001
3.666557e+003,1.822849e+001
3.667039e+003,1.821678e+001
3.667521e+003,1.820439e+001
3.668004e+003,1.819243e+001
3.668486e+003,1.818225e+001
3.668968e+003,1.817511e+001
3.669450e+003,1.817163e+001
3.669932e+003,1.817141e+001
3.670414e+003,1.817300e+001
3.670896e+003,1.817457e+001
3.671378e+003,1.817460e+001
3.671861e+003,1.817235e+001
3.672343e+003,1.816783e+001
3.672825e+003,1.816175e+001
3.673307e+003,1.815525e+001
3.673789e+003,1.814973e+001
3.674271e+003,1.814656e+001
3.674753e+003,1.814667e+001
3.675236e+003,1.814993e+001
3.675718e+003,1.815500e+001
3.676200e+003,1.815997e+001
3.676682e+003,1.816327e+001
3.677164e+003,1.816431e+001
3.677646e+003,1.816342e+001
3.678128e+003,1.816130e+001
3.678610e+003,1.815870e+001
3.679093e+003,1.815614e+001
3.679575e+003,1.815378e+001
3.680057e+003,1.815152e+001
3.680539e+003,1.814914e+001
3.681021e+003,1.814640e+001
3.681503e+003,1.814315e+001
3.681985e+003,1.813937e+001
3.682467e+003,1.813511e+001
3.682949e+003,1.813037e+001
3.683432e+003,1.812511e+001
3.683914e+003,1.811914e+001
3.684396e+003,1.811228e+001
3.684878e+003,1.810441e+001
3.685360e+003,1.809558e+001
3.685842e+003,1.808611e+001
3.686324e+003,1.807661e+001
3.686806e+003,1.806798e+001
3.687289e+003,1.806133e+001
3.687771e+003,1.805779e+001
3.688253e+003,1.805818e+001
3.688735e+003,1.806278e+001
3.689217e+003,1.807107e+001
3.689699e+003,1.808186e+001
3.690181e+003,1.809361e+001
3.690664e+003,1.810481e+001
3.691146e+003,1.811431e+001
3.691628e+003,1.812135e+001
3.692110e+003,1.812569e+001
3.692592e+003,1.812750e+001
3.693074e+003,1.812721e+001
3.693556e+003,1.812546e+001
3.694038e+003,1.812293e+001
3.694521e+003,1.812017e+001
3.695003e+003,1.811754e+001
3.695485e+003,1.811507e+001
3.695967e+003,1.811253e+001
3.696449e+003,1.810947e+001
3.696931e+003,1.810549e+001
3.697413e+003,1.810029e+001
3.697895e+003,1.809390e+001
3.698377e+003,1.808665e+001
3.698860e+003,1.807917e+001
3.699342e+003,1.807223e+001
3.699824e+003,1.806665e+001
3.700306e+003,1.806306e+001
3.700788e+003,1.806177e+001
3.701270e+003,1.806255e+001
3.701752e+003,1.806466e+001
3.702234e+003,1.806701e+001
3.702717e+003,1.806843e+001
3.703199e+003,1.806803e+001
3.703681e+003,1.806534e+001
3.704163e+003,1.806033e+001
3.704645e+003,1.805327e+001
3.705127e+003,1.804459e+001
3.705609e+003,1.803476e+001
3.706092e+003,1.802415e+001
3.706573e+003,1.801300e+001
3.707056e+003,1.800143e+001
3.707538e+003,1.798960e+001
3.708020e+003,1.797769e+001
3.708502e+003,1.796614e+001
3.708984e+003,1.795557e+001
3.709466e+003,1.794689e+001
3.709948e+003,1.794100e+001
3.710431e+003,1.793851e+001
3.710913e+003,1.793940e+001
3.711395e+003,1.794290e+001
3.711877e+003,1.794762e+001
3.712359e+003,1.795199e+001
3.712841e+003,1.795481e+001
3.713323e+003,1.795549e+001
3.713805e+003,1.795400e+001
3.714288e+003,1.795076e+001
3.714770e+003,1.794633e+001
3.715252e+003,1.794131e+001
3.715734e+003,1.793619e+001
3.716216e+003,1.793136e+001
3.716698e+003,1.792705e+001
3.717180e+003,1.792332e+001
3.717662e+003,1.792014e+001
3.718145e+003,1.791735e+001
3.718627e+003,1.791485e+001
3.719109e+003,1.791259e+001
3.719591e+003,1.791069e+001
3.720073e+003,1.790935e+001
3.720555e+003,1.790881e+001
3.721037e+003,1.790918e+001
3.721520e+003,1.791034e+001
3.722001e+003,1.791188e+001
3.722484e+003,1.791316e+001
3.722966e+003,1.791355e+001
3.723448e+003,1.791265e+001
3.723930e+003,1.791036e+001
3.724412e+003,1.790695e+001
3.724894e+003,1.790286e+001
3.725376e+003,1.789853e+001
3.725859e+003,1.789413e+001
3.726341e+003,1.788951e+001
3.726823e+003,1.788428e+001
3.727305e+003,1.787792e+001
3.727787e+003,1.787012e+001
3.728269e+003,1.786076e+001
3.728751e+003,1.785006e+001
3.729233e+003,1.783831e+001
3.729716e+003,1.782589e+001
3.730198e+003,1.781304e+001
3.730680e+003,1.779990e+001
3.731162e+003,1.778648e+001
3.731644e+003,1.777280e+001
3.732126e+003,1.775906e+001
3.732608e+003,1.774578e+001
3.733090e+003,1.773387e+001
3.733573e+003,1.772445e+001
3.734055e+003,1.771860e+001
3.734537e+003,1.771690e+001
3.735019e+003,1.771903e+001
3.735501e+003,1.772374e+001
3.735983e+003,1.772901e+001
3.736465e+003,1.773282e+001
3.736948e+003,1.773365e+001
3.737430e+003,1.773073e+001
3.737912e+003,1.772396e+001
3.738394e+003,1.771367e+001
3.738876e+003,1.770040e+001
3.739358e+003,1.768474e+001
3.739840e+003,1.766733e+001
3.740322e+003,1.764897e+001
3.740804e+003,1.763057e+001
3.741287e+003,1.761333e+001
3.741769e+003,1.759863e+001
3.742251e+003,1.758802e+001
3.742733e+003,1.758286e+001
3.743215e+003,1.758373e+001
3.743697e+003,1.758966e+001
3.744179e+003,1.759770e+001
3.744661e+003,1.760364e+001
3.745144e+003,1.760382e+001
3.745626e+003,1.759661e+001
3.746108e+003,1.758262e+001
3.746590e+003,1.756380e+001
3.747072e+003,1.754252e+001
3.747554e+003,1.752109e+001
3.748036e+003,1.750157e+001
3.748518e+003,1.748584e+001
3.749000e+003,1.747546e+001
3.749483e+003,1.747148e+001
3.749965e+003,1.747400e+001
3.750447e+003,1.748186e+001
3.750929e+003,1.749271e+001
3.751411e+003,1.750364e+001
3.751893e+003,1.751208e+001
3.752375e+003,1.751631e+001
3.752858e+003,1.751571e+001
3.753340e+003,1.751053e+001
3.753822e+003,1.750155e+001
3.754304e+003,1.748982e+001
3.754786e+003,1.747645e+001
3.755268e+003,1.746250e+001
3.755750e+003,1.744895e+001
3.756232e+003,1.743661e+001
3.756715e+003,1.742618e+001
3.757197e+003,1.741810e+001
3.757679e+003,1.741264e+001
3.758161e+003,1.740972e+001
3.758643e+003,1.740892e+001
3.759125e+003,1.740942e+001
3.759607e+003,1.741010e+001
3.760089e+003,1.740970e+001
3.760572e+003,1.740722e+001
3.761054e+003,1.740202e+001
3.761536e+003,1.739409e+001
3.762018e+003,1.738391e+001
3.762500e+003,1.737238e+001
3.762982e+003,1.736054e+001
3.763464e+003,1.734944e+001
3.763947e+003,1.733981e+001
3.764428e+003,1.733194e+001
3.764911e+003,1.732562e+001
3.765393e+003,1.732021e+001
3.765875e+003,1.731495e+001
3.766357e+003,1.730935e+001
3.766839e+003,1.730333e+001
3.767321e+003,1.729735e+001
3.767803e+003,1.729207e+001
3.768286e+003,1.728815e+001
3.768768e+003,1.728590e+001
3.769250e+003,1.728506e+001
3.769732e+003,1.728483e+001
3.770214e+003,1.728412e+001
3.770696e+003,1.728194e+001
3.771178e+003,1.727775e+001
3.771660e+003,1.727151e+001
3.772143e+003,1.726361e+001
3.772625e+003,1.725453e+001
3.773107e+003,1.724477e+001
3.773589e+003,1.723462e+001
3.774071e+003,1.722424e+001
3.774553e+003,1.721365e+001
3.775035e+003,1.720292e+001
3.775517e+003,1.719218e+001
3.776000e+003,1.718172e+001
3.776482e+003,1.717202e+001
3.776964e+003,1.716364e+001
3.777446e+003,1.715714e+001
3.777928e+003,1.715287e+001
3.778410e+003,1.715075e+001
3.778892e+003,1.715020e+001
3.779375e+003,1.715018e+001
3.779856e+003,1.714946e+001
3.780339e+003,1.714701e+001
3.780821e+003,1.714235e+001
3.781303e+003,1.713556e+001
3.781785e+003,1.712721e+001
3.782267e+003,1.711810e+001
3.782749e+003,1.710905e+001
3.783231e+003,1.710071e+001
3.783714e+003,1.709339e+001
3.784196e+003,1.708707e+001
3.784678e+003,1.708150e+001
3.785160e+003,1.707628e+001
3.785642e+003,1.707106e+001
3.786124e+003,1.706562e+001
3.786606e+003,1.705993e+001
3.787088e+003,1.705403e+001
3.787571e+003,1.704798e+001
3.788053e+003,1.704178e+001
3.788535e+003,1.703540e+001
3.789017e+003,1.702876e+001
3.789499e+003,1.702181e+001
3.789981e+003,1.701451e+001
3.790463e+003,1.700686e+001
3.790945e+003,1.699880e+001
3.791427e+003,1.699027e+001
3.791910e+003,1.698117e+001
3.792392e+003,1.697143e+001
3.792874e+003,1.696112e+001
3.793356e+003,1.695047e+001
3.793838e+003,1.693985e+001
3.794320e+003,1.692973e+001
3.794802e+003,1.692049e+001
3.795284e+003,1.691220e+001
3.795767e+003,1.690454e+001
3.796249e+003,1.689685e+001
3.796731e+003,1.688834e+001
3.797213e+003,1.687853e+001
3.797695e+003,1.686741e+001
3.798177e+003,1.685571e+001
3.798659e+003,1.684473e+001
3.799142e+003,1.683609e+001
3.799624e+003,1.683143e+001
3.800106e+003,1.683185e+001
3.800588e+003,1.683722e+001
3.801070e+003,1.684571e+001
3.801552e+003,1.685408e+001
3.802034e+003,1.685892e+001
3.802516e+003,1.685806e+001
3.802999e+003,1.685128e+001
3.803481e+003,1.683995e+001
3.803963e+003,1.682627e+001
3.804445e+003,1.681256e+001
3.804927e+003,1.680092e+001
3.805409e+003,1.679285e+001
3.805891e+003,1.678903e+001
3.806373e+003,1.678904e+001
3.806855e+003,1.679137e+001
3.807338e+003,1.679389e+001
3.807820e+003,1.679467e+001
3.808302e+003,1.679256e+001
3.808784e+003,1.678737e+001
3.809266e+003,1.677951e+001
3.809748e+003,1.676955e+001
3.810230e+003,1.675791e+001
3.810712e+003,1.674475e+001
3.811195e+003,1.673005e+001
3.811677e+003,1.671382e+001
3.812159e+003,1.669638e+001
3.812641e+003,1.667848e+001
3.813123e+003,1.666140e+001
3.813605e+003,1.664680e+001
3.814087e+003,1.663641e+001
3.814570e+003,1.663146e+001
3.815052e+003,1.663196e+001
3.815534e+003,1.663631e+001
3.816016e+003,1.664154e+001
3.816498e+003,1.664433e+001
3.816980e+003,1.664239e+001
3.817462e+003,1.663515e+001
3.817944e+003,1.662368e+001
3.818427e+003,1.661010e+001
3.818909e+003,1.659699e+001
3.819391e+003,1.658685e+001
3.819873e+003,1.658154e+001
3.820355e+003,1.658167e+001
3.820837e+003,1.658605e+001
3.821319e+003,1.659193e+001
3.821801e+003,1.659609e+001
3.822283e+003,1.659630e+001
3.822766e+003,1.659191e+001
3.823248e+003,1.658368e+001
3.823730e+003,1.657303e+001
3.824212e+003,1.656149e+001
3.824694e+003,1.655033e+001
3.825176e+003,1.654038e+001
3.825658e+003,1.653193e+001
3.826140e+003,1.652471e+001
3.826623e+003,1.651810e+001
3.827105e+003,1.651134e+001
3.827587e+003,1.650387e+001
3.828069e+003,1.649552e+001
3.828551e+003,1.648655e+001
3.829033e+003,1.647750e+001
3.829515e+003,1.646903e+001
3.829998e+003,1.646159e+001
3.830479e+003,1.645527e+001
3.830962e+003,1.644978e+001
3.831444e+003,1.644441e+001
3.831926e+003,1.643829e+001
3.832408e+003,1.643064e+001
3.832890e+003,1.642101e+001
3.833372e+003,1.640940e+001
3.833854e+003,1.639621e+001
3.834337e+003,1.638217e+001
3.834819e+003,1.636824e+001
3.835301e+003,1.635545e+001
3.835783e+003,1.634486e+001
3.836265e+003,1.633737e+001
3.836747e+003,1.633359e+001
3.837229e+003,1.633352e+001
3.837711e+003,1.633648e+001
3.838194e+003,1.634114e+001
3.838676e+003,1.634586e+001
3.839158e+003,1.634916e+001
3.839640e+003,1.635017e+001
3.840122e+003,1.634872e+001
3.840604e+003,1.634529e+001
3.841086e+003,1.634066e+001
3.841568e+003,1.633572e+001
3.842051e+003,1.633113e+001
3.842533e+003,1.632721e+001
3.843015e+003,1.632391e+001
3.843497e+003,1.632082e+001
3.843979e+003,1.631734e+001
3.844461e+003,1.631286e+001
3.844943e+003,1.630690e+001
3.845426e+003,1.629918e+001
3.845907e+003,1.628962e+001
3.846390e+003,1.627826e+001
3.846872e+003,1.626524e+001
3.847354e+003,1.625067e+001
3.847836e+003,1.623467e+001
3.848318e+003,1.621737e+001
3.848800e+003,1.619896e+001
3.849282e+003,1.617981e+001
3.849765e+003,1.616057e+001
3.850247e+003,1.614232e+001
3.850729e+003,1.612670e+001
3.851211e+003,1.611599e+001
3.851693e+003,1.611286e+001
3.852175e+003,1.611957e+001
3.852657e+003,1.613652e+001
3.853139e+003,1.616076e+001
3.853622e+003,1.618635e+001
3.854104e+003,1.620693e+001
3.854586e+003,1.621873e+001
3.855068e+003,1.622139e+001
3.855550e+003,1.621675e+001
3.856032e+003,1.620724e+001
3.856514e+003,1.619493e+001
3.856996e+003,1.618119e+001
3.857479e+003,1.616680e+001
3.857961e+003,1.615213e+001
3.858443e+003,1.613733e+001
3.858925e+003,1.612251e+001
3.859407e+003,1.610785e+001
3.859889e+003,1.609363e+001
3.860371e+003,1.608020e+001
3.860854e+003,1.606795e+001
3.861336e+003,1.605730e+001
3.861818e+003,1.604864e+001
3.862300e+003,1.604229e+001
3.862782e+003,1.603835e+001
3.863264e+003,1.603657e+001
3.863746e+003,1.603618e+001
3.864228e+003,1.603588e+001
3.864710e+003,1.603414e+001
3.865193e+003,1.602958e+001
3.865675e+003,1.602150e+001
3.866157e+003,1.601008e+001
3.866639e+003,1.599628e+001
3.867121e+003,1.598173e+001
3.867603e+003,1.596835e+001
3.868085e+003,1.595798e+001
3.868567e+003,1.595196e+001
3.869050e+003,1.595055e+001
3.869532e+003,1.595272e+001
3.870014e+003,1.595634e+001
3.870496e+003,1.595910e+001
3.870978e+003,1.595949e+001
3.871460e+003,1.595728e+001
3.871942e+003,1.595324e+001
3.872424e+003,1.594857e+001
3.872906e+003,1.594427e+001
3.873389e+003,1.594067e+001
3.873871e+003,1.593737e+001
3.874353e+003,1.593329e+001
3.874835e+003,1.592720e+001
3.875317e+003,1.591822e+001
3.875799e+003,1.590606e+001
3.876281e+003,1.589113e+001
3.876764e+003,1.587433e+001
3.877246e+003,1.585691e+001
3.877728e+003,1.584022e+001
3.878210e+003,1.582563e+001
3.878692e+003,1.581432e+001
3.879174e+003,1.580699e+001
3.879656e+003,1.580355e+001
3.880138e+003,1.580295e+001
3.880621e+003,1.580339e+001
3.881103e+003,1.580300e+001
3.881585e+003,1.580048e+001
3.882067e+003,1.579556e+001
3.882549e+003,1.578894e+001
3.883031e+003,1.578202e+001
3.883513e+003,1.577639e+001
3.883995e+003,1.577339e+001
3.884478e+003,1.577353e+001
3.884960e+003,1.577619e+001
3.885442e+003,1.577956e+001
3.885924e+003,1.578129e+001
3.886406e+003,1.577936e+001
3.886888e+003,1.577286e+001
3.887370e+003,1.576217e+001
3.887853e+003,1.574856e+001
3.888334e+003,1.573374e+001
3.888817e+003,1.571948e+001
3.889299e+003,1.570732e+001
3.889781e+003,1.569838e+001
3.890263e+003,1.569321e+001
3.890745e+003,1.569157e+001
3.891227e+003,1.569240e+001
3.891709e+003,1.569409e+001
3.892192e+003,1.569489e+001
3.892674e+003,1.569341e+001
3.893156e+003,1.568896e+001
3.893638e+003,1.568145e+001
3.894120e+003,1.567123e+001
3.894602e+003,1.565894e+001
3.895084e+003,1.564526e+001
3.895566e+003,1.563089e+001
3.896049e+003,1.561646e+001
3.896531e+003,1.560258e+001
3.897013e+003,1.558978e+001
3.897495e+003,1.557850e+001
3.897977e+003,1.556898e+001
3.898459e+003,1.556130e+001
3.898941e+003,1.555521e+001
3.899423e+003,1.555034e+001
3.899906e+003,1.554616e+001
3.900388e+003,1.554239e+001
3.900870e+003,1.553898e+001
3.901352e+003,1.553628e+001
3.901834e+003,1.553490e+001
3.902316e+003,1.553546e+001
3.902798e+003,1.553818e+001
3.903281e+003,1.554275e+001
3.903762e+003,1.554817e+001
3.904245e+003,1.555305e+001
3.904727e+003,1.555594e+001
3.905209e+003,1.555587e+001
3.905691e+003,1.555248e+001
3.906173e+003,1.554613e+001
3.906655e+003,1.553755e+001
3.907137e+003,1.552766e+001
3.907620e+003,1.551731e+001
3.908102e+003,1.550721e+001
3.908584e+003,1.549779e+001
3.909066e+003,1.548932e+001
3.909548e+003,1.548184e+001
3.910030e+003,1.547523e+001
3.910512e+003,1.546920e+001
3.910994e+003,1.546335e+001
3.911477e+003,1.545720e+001
3.911959e+003,1.545031e+001
3.912441e+003,1.544238e+001
3.912923e+003,1.543334e+001
3.913405e+003,1.542337e+001
3.913887e+003,1.541288e+001
3.914369e+003,1.540242e+001
3.914851e+003,1.539254e+001
3.915333e+003,1.538365e+001
3.915816e+003,1.537599e+001
3.916298e+003,1.536953e+001
3.916780e+003,1.536407e+001
3.917262e+003,1.535926e+001
3.917744e+003,1.535480e+001
3.918226e+003,1.535037e+001
3.918708e+003,1.534576e+001
3.919190e+003,1.534079e+001
3.919673e+003,1.533535e+001
3.920155e+003,1.532938e+001
3.920637e+003,1.532297e+001
3.921119e+003,1.531633e+001
3.921601e+003,1.530982e+001
3.922083e+003,1.530388e+001
3.922565e+003,1.529888e+001
3.923048e+003,1.529499e+001
3.923530e+003,1.529214e+001
3.924012e+003,1.528992e+001
3.924494e+003,1.528771e+001
3.924976e+003,1.528484e+001
3.925458e+003,1.528078e+001
3.925940e+003,1.527528e+001
3.926422e+003,1.526841e+001
3.926905e+003,1.526045e+001
3.927387e+003,1.525184e+001
3.927869e+003,1.524302e+001
3.928351e+003,1.523441e+001
3.928833e+003,1.522636e+001
3.929315e+003,1.521914e+001
3.929797e+003,1.521294e+001
3.930279e+003,1.520790e+001
3.930761e+003,1.520396e+001
3.931244e+003,1.520098e+001
3.931726e+003,1.519863e+001
3.932208e+003,1.519649e+001
3.932690e+003,1.519412e+001
3.933172e+003,1.519118e+001
3.933654e+003,1.518742e+001
3.934136e+003,1.518284e+001
3.934618e+003,1.517755e+001
3.935101e+003,1.517179e+001
3.935583e+003,1.516577e+001
3.936065e+003,1.515967e+001
3.936547e+003,1.515355e+001
3.937029e+003,1.514732e+001
3.937511e+003,1.514079e+001
3.937993e+003,1.513374e+001
3.938476e+003,1.512597e+001
3.938958e+003,1.511746e+001
3.939440e+003,1.510842e+001
3.939922e+003,1.509921e+001
3.940404e+003,1.509030e+001
3.940886e+003,1.508217e+001
3.941368e+003,1.507511e+001
3.941850e+003,1.506912e+001
3.942333e+003,1.506388e+001
3.942815e+003,1.505889e+001
3.943297e+003,1.505357e+001
3.943779e+003,1.504755e+001
3.944261e+003,1.504070e+001
3.944743e+003,1.503323e+001
3.945225e+003,1.502553e+001
3.945707e+003,1.501812e+001
3.946189e+003,1.501145e+001
3.946672e+003,1.500589e+001
3.947154e+003,1.500162e+001
3.947636e+003,1.499866e+001
3.948118e+003,1.499684e+001
3.948600e+003,1.499582e+001
3.949082e+003,1.499516e+001
3.949564e+003,1.499431e+001
3.950046e+003,1.499274e+001
3.950529e+003,1.499002e+001
3.951011e+003,1.498590e+001
3.951493e+003,1.498038e+001
3.951975e+003,1.497366e+001
3.952457e+003,1.496620e+001
3.952939e+003,1.495852e+001
3.953421e+003,1.495113e+001
3.953904e+003,1.494442e+001
3.954385e+003,1.493858e+001
3.954868e+003,1.493364e+001
3.955350e+003,1.492943e+001
3.955832e+003,1.492563e+001
3.956314e+003,1.492194e+001
3.956796e+003,1.491798e+001
3.957278e+003,1.491349e+001
3.957760e+003,1.490826e+001
3.958243e+003,1.490226e+001
3.958725e+003,1.489565e+001
3.959207e+003,1.488871e+001
3.959689e+003,1.488188e+001
3.960171e+003,1.487563e+001
3.960653e+003,1.487029e+001
3.961135e+003,1.486604e+001
3.961617e+003,1.486275e+001
3.962100e+003,1.486008e+001
3.962582e+003,1.485753e+001
3.963064e+003,1.485460e+001
3.963546e+003,1.485087e+001
3.964028e+003,1.484608e+001
3.964510e+003,1.484018e+001
3.964992e+003,1.483325e+001
3.965474e+003,1.482548e+001
3.965957e+003,1.481712e+001
3.966439e+003,1.480851e+001
3.966921e+003,1.479998e+001
3.967403e+003,1.479185e+001
3.967885e+003,1.478444e+001
3.968367e+003,1.477788e+001
3.968849e+003,1.477216e+001
3.969332e+003,1.476706e+001
3.969813e+003,1.476227e+001
3.970296e+003,1.475742e+001
3.970778e+003,1.475222e+001
3.971260e+003,1.474655e+001
3.971742e+003,1.474042e+001
3.972224e+003,1.473399e+001
3.972706e+003,1.472742e+001
3.973188e+003,1.472085e+001
3.973671e+003,1.471433e+001
3.974153e+003,1.470784e+001
3.974635e+003,1.470136e+001
3.975117e+003,1.469492e+001
3.975599e+003,1.468860e+001
3.976081e+003,1.468251e+001
3.976563e+003,1.467675e+001
3.977045e+003,1.467132e+001
3.977528e+003,1.466612e+001
3.978010e+003,1.466098e+001
3.978492e+003,1.465570e+001
3.978974e+003,1.465010e+001
3.979456e+003,1.464412e+001
3.979938e+003,1.463779e+001
3.980420e+003,1.463125e+001
3.980902e+003,1.462471e+001
3.981385e+003,1.461840e+001
3.981867e+003,1.461254e+001
3.982349e+003,1.460731e+001
3.982831e+003,1.460282e+001
3.983313e+003,1.459907e+001
3.983795e+003,1.459593e+001
3.984277e+003,1.459307e+001
3.984760e+003,1.459006e+001
3.985242e+003,1.458640e+001
3.985724e+003,1.458170e+001
3.986206e+003,1.457572e+001
3.986688e+003,1.456852e+001
3.987170e+003,1.456045e+001
3.987652e+003,1.455202e+001
3.988134e+003,1.454382e+001
3.988616e+003,1.453634e+001
3.989099e+003,1.452988e+001
3.989581e+003,1.452450e+001
3.990063e+003,1.452001e+001
3.990545e+003,1.451606e+001
3.991027e+003,1.451229e+001
3.991509e+003,1.450832e+001
3.991991e+003,1.450389e+001
3.992473e+003,1.449880e+001
3.992956e+003,1.449298e+001
3.993438e+003,1.448645e+001
3.993920e+003,1.447931e+001
3.994402e+003,1.447173e+001
3.994884e+003,1.446393e+001
3.995366e+003,1.445612e+001
3.995848e+003,1.444846e+001
3.996330e+003,1.444107e+001
3.996813e+003,1.443402e+001
3.997295e+003,1.442734e+001
3.997777e+003,1.442103e+001
3.998259e+003,1.441507e+001
3.998741e+003,1.440948e+001
3.999223e+003,1.440422e+001
3.999705e+003,1.439920e+001
4.000188e+003,1.439428e+001
