3.996813e+002,0.000000e+000
4.001635e+002,8.060906e+001
4.006456e+002,8.054243e+001
4.011277e+002,8.050846e+001
4.016098e+002,8.049628e+001
4.020919e+002,8.049300e+001
4.025741e+002,8.049132e+001
4.030562e+002,8.049256e+001
4.035383e+002,8.050179e+001
4.040204e+002,8.052126e+001
4.045026e+002,8.054404e+001
4.049847e+002,8.055409e+001
4.054668e+002,8.053152e+001
4.059489e+002,8.046301e+001
4.064311e+002,8.034926e+001
4.069132e+002,8.020757e+001
4.073953e+002,8.006517e+001
4.078774e+002,7.995039e+001
4.083596e+002,7.988228e+001
4.088417e+002,7.986671e+001
4.093238e+002,7.989746e+001
4.098059e+002,7.996198e+001
4.102881e+002,8.004731e+001
4.107702e+002,8.014329e+001
4.112523e+002,8.024097e+001
4.117344e+002,8.033004e+001
4.122166e+002,8.039486e+001
4.126987e+002,8.041685e+001
4.131808e+002,8.037941e+001
4.136629e+002,8.027541e+001
4.141451e+002,8.011185e+001
4.146272e+002,7.990894e+001
4.151093e+002,7.969342e+001
4.155914e+002,7.948995e+001
4.160736e+002,7.931346e+001
4.165557e+002,7.916584e+001
4.170378e+002,7.903708e+001
4.175200e+002,7.891151e+001
4.180021e+002,7.877662e+001
4.184842e+002,7.863084e+001
4.189663e+002,7.848429e+001
4.194484e+002,7.835216e+001
4.199306e+002,7.824348e+001
4.204127e+002,7.815682e+001
4.208948e+002,7.808340e+001
4.213770e+002,7.801531e+001
4.218591e+002,7.795082e+001
4.223412e+002,7.789585e+001
4.228233e+002,7.786066e+001
4.233055e+002,7.785505e+001
4.237876e+002,7.788299e+001
4.242697e+002,7.794090e+001
4.247518e+002,7.801875e+001
4.252339e+002,7.810535e+001
4.257161e+002,7.819260e+001
4.261982e+002,7.827819e+001
4.266803e+002,7.836341e+001
4.271624e+002,7.844959e+001
4.276446e+002,7.853367e+001
4.281267e+002,7.860730e+001
4.286088e+002,7.865866e+001
4.290909e+002,7.867744e+001
4.295731e+002,7.865945e+001
4.300552e+002,7.860943e+001
4.305373e+002,7.853941e+001
4.310194e+002,7.846483e+001
4.315016e+002,7.839920e+001
4.319837e+002,7.835081e+001
4.324658e+002,7.832212e+001
4.329479e+002,7.831223e+001
4.334301e+002,7.831896e+001
4.339122e+002,7.834095e+001
4.343943e+002,7.837635e+001
4.348764e+002,7.842145e+001
4.353586e+002,7.846846e+001
4.358407e+002,7.850638e+001
4.363228e+002,7.852390e+001
4.368049e+002,7.851434e+001
4.372870e+002,7.847915e+001
4.377692e+002,7.842815e+001
4.382513e+002,7.837582e+001
4.387334e+002,7.833621e+001
4.392155e+002,7.831749e+001
4.396977e+002,7.832014e+001
4.401798e+002,7.833747e+001
4.406619e+002,7.835951e+001
4.411440e+002,7.837671e+001
4.416262e+002,7.838374e+001
4.421083e+002,7.837954e+001
4.425904e+002,7.836631e+001
4.430725e+002,7.834627e+001
4.435547e+002,7.832001e+001
4.440368e+002,7.828607e+001
4.445189e+002,7.824276e+001
4.450010e+002,7.819017e+001
4.454832e+002,7.813081e+001
4.459653e+002,7.806875e+001
4.464474e+002,7.800781e+001
4.469295e+002,7.794970e+001
4.474117e+002,7.789376e+001
4.478938e+002,7.783798e+001
4.483759e+002,7.778142e+001
4.488580e+002,7.772524e+001
4.493401e+002,7.767278e+001
4.498223e+002,7.762724e+001
4.503044e+002,7.758978e+001
4.507865e+002,7.755728e+001
4.512687e+002,7.752344e+001
4.517508e+002,7.748093e+001
4.522329e+002,7.742537e+001
4.527150e+002,7.735777e+001
4.531971e+002,7.728481e+001
4.536793e+002,7.721563e+001
4.541614e+002,7.715836e+001
4.546435e+002,7.711649e+001
4.551257e+002,7.708846e+001
4.556078e+002,7.706926e+001
4.560899e+002,7.705428e+001
4.565720e+002,7.704210e+001
4.570542e+002,7.703584e+001
4.575363e+002,7.704054e+001
4.580184e+002,7.705924e+001
4.585005e+002,7.708872e+001
4.589827e+002,7.711958e+001
4.594648e+002,7.713935e+001
4.599469e+002,7.713818e+001
4.604290e+002,7.711283e+001
4.609112e+002,7.706764e+001
4.613933e+002,7.701222e+001
4.618754e+002,7.695775e+001
4.623575e+002,7.691245e+001
4.628397e+002,7.687938e+001
4.633218e+002,7.685619e+001
4.638039e+002,7.683776e+001
4.642860e+002,7.681870e+001
4.647682e+002,7.679587e+001
4.652503e+002,7.676808e+001
4.657324e+002,7.673546e+001
4.662145e+002,7.669740e+001
4.666967e+002,7.665244e+001
4.671788e+002,7.659922e+001
4.676609e+002,7.653872e+001
4.681430e+002,7.647565e+001
4.686252e+002,7.641840e+001
4.691073e+002,7.637655e+001
4.695894e+002,7.635791e+001
4.700715e+002,7.636529e+001
4.705536e+002,7.639600e+001
4.710358e+002,7.644292e+001
4.715179e+002,7.649786e+001
4.720000e+002,7.655458e+001
4.724821e+002,7.661071e+001
4.729643e+002,7.666635e+001
4.734464e+002,7.672156e+001
4.739285e+002,7.677284e+001
4.744106e+002,7.681290e+001
4.748928e+002,7.683211e+001
4.753749e+002,7.682251e+001
4.758570e+002,7.678111e+001
4.763391e+002,7.671160e+001
4.768213e+002,7.662309e+001
4.773034e+002,7.652740e+001
4.777855e+002,7.643492e+001
4.782676e+002,7.635186e+001
4.787498e+002,7.627941e+001
4.792319e+002,7.621529e+001
4.797140e+002,7.615600e+001
4.801961e+002,7.609908e+001
4.806783e+002,7.604363e+001
4.811604e+002,7.599015e+001
4.816425e+002,7.593891e+001
4.821246e+002,7.588988e+001
4.826068e+002,7.584276e+001
4.830889e+002,7.579865e+001
4.835710e+002,7.576080e+001
4.840531e+002,7.573458e+001
4.845352e+002,7.572533e+001
4.850174e+002,7.573589e+001
4.854995e+002,7.576393e+001
4.859816e+002,7.580188e+001
4.864637e+002,7.583853e+001
4.869459e+002,7.586266e+001
4.874280e+002,7.586619e+001
4.879101e+002,7.584618e+001
4.883922e+002,7.580443e+001
4.888744e+002,7.574582e+001
4.893565e+002,7.567580e+001
4.898386e+002,7.559904e+001
4.903207e+002,7.551906e+001
4.908029e+002,7.543945e+001
4.912850e+002,7.536487e+001
4.917671e+002,7.530127e+001
4.922492e+002,7.525438e+001
4.927314e+002,7.522775e+001
4.932135e+002,7.522054e+001
4.936956e+002,7.522716e+001
4.941777e+002,7.523859e+001
4.946599e+002,7.524557e+001
4.951420e+002,7.524105e+001
4.956241e+002,7.522224e+001
4.961062e+002,7.519009e+001
4.965884e+002,7.514784e+001
4.970705e+002,7.509856e+001
4.975526e+002,7.504394e+001
4.980347e+002,7.498407e+001
4.985169e+002,7.491892e+001
4.989990e+002,7.484964e+001
4.994811e+002,7.477974e+001
4.999633e+002,7.471438e+001
5.004454e+002,7.465909e+001
5.009275e+002,7.461759e+001
5.014096e+002,7.459061e+001
5.018917e+002,7.457578e+001
5.023739e+002,7.456926e+001
5.028560e+002,7.456770e+001
5.033381e+002,7.456978e+001
5.038203e+002,7.457607e+001
5.043024e+002,7.458816e+001
5.047845e+002,7.460671e+001
5.052666e+002,7.463068e+001
5.057487e+002,7.465699e+001
5.062309e+002,7.468166e+001
5.067130e+002,7.470100e+001
5.071951e+002,7.471255e+001
5.076772e+002,7.471499e+001
5.081594e+002,7.470757e+001
5.086415e+002,7.468928e+001
5.091236e+002,7.465876e+001
5.096057e+002,7.461500e+001
5.100879e+002,7.455887e+001
5.105700e+002,7.449388e+001
5.110521e+002,7.442616e+001
5.115342e+002,7.436272e+001
5.120164e+002,7.430933e+001
5.124985e+002,7.426817e+001
5.129806e+002,7.423714e+001
5.134627e+002,7.421051e+001
5.139448e+002,7.418143e+001
5.144270e+002,7.414435e+001
5.149091e+002,7.409721e+001
5.153912e+002,7.404166e+001
5.158734e+002,7.398248e+001
5.163555e+002,7.392548e+001
5.168376e+002,7.387585e+001
5.173197e+002,7.383699e+001
5.178019e+002,7.381073e+001
5.182840e+002,7.379749e+001
5.187661e+002,7.379708e+001
5.192482e+002,7.380856e+001
5.197303e+002,7.382986e+001
5.202125e+002,7.385719e+001
5.206946e+002,7.388536e+001
5.211767e+002,7.390847e+001
5.216588e+002,7.392155e+001
5.221410e+002,7.392165e+001
5.226231e+002,7.390863e+001
5.231052e+002,7.388473e+001
5.235873e+002,7.385362e+001
5.240695e+002,7.381906e+001
5.245516e+002,7.378409e+001
5.250337e+002,7.375065e+001
5.255159e+002,7.371993e+001
5.259980e+002,7.369256e+001
5.264801e+002,7.366874e+001
5.269622e+002,7.364764e+001
5.274443e+002,7.362721e+001
5.279265e+002,7.360413e+001
5.284086e+002,7.357456e+001
5.288907e+002,7.353549e+001
5.293728e+002,7.348637e+001
5.298550e+002,7.342971e+001
5.303371e+002,7.337080e+001
5.308192e+002,7.331591e+001
5.313013e+002,7.327013e+001
5.317834e+002,7.323544e+001
5.322656e+002,7.321006e+001
5.327477e+002,7.318934e+001
5.332299e+002,7.316784e+001
5.337120e+002,7.314169e+001
5.341941e+002,7.310982e+001
5.346762e+002,7.307406e+001
5.351583e+002,7.303793e+001
5.356404e+002,7.300449e+001
5.361226e+002,7.297520e+001
5.366047e+002,7.294896e+001
5.370868e+002,7.292303e+001
5.375690e+002,7.289404e+001
5.380511e+002,7.285915e+001
5.385332e+002,7.281664e+001
5.390153e+002,7.276591e+001
5.394974e+002,7.270710e+001
5.399796e+002,7.264082e+001
5.404617e+002,7.256814e+001
5.409438e+002,7.249094e+001
5.414260e+002,7.241185e+001
5.419081e+002,7.233395e+001
5.423902e+002,7.225973e+001
5.428723e+002,7.219045e+001
5.433544e+002,7.212534e+001
5.438365e+002,7.206221e+001
5.443187e+002,7.199863e+001
5.448008e+002,7.193346e+001
5.452830e+002,7.186796e+001
5.457651e+002,7.180563e+001
5.462472e+002,7.175088e+001
5.467293e+002,7.170694e+001
5.472114e+002,7.167395e+001
5.476936e+002,7.164845e+001
5.481757e+002,7.162424e+001
5.486578e+002,7.159457e+001
5.491400e+002,7.155448e+001
5.496221e+002,7.150249e+001
5.501042e+002,7.144061e+001
5.505863e+002,7.137345e+001
5.510684e+002,7.130602e+001
5.515505e+002,7.124220e+001
5.520327e+002,7.118371e+001
5.525148e+002,7.113017e+001
5.529969e+002,7.107971e+001
5.534791e+002,7.102968e+001
5.539612e+002,7.097710e+001
5.544433e+002,7.091883e+001
5.549254e+002,7.085164e+001
5.554076e+002,7.077266e+001
5.558896e+002,7.068008e+001
5.563718e+002,7.057420e+001
5.568539e+002,7.045781e+001
5.573361e+002,7.033589e+001
5.578182e+002,7.021428e+001
5.583003e+002,7.009801e+001
5.587825e+002,6.998981e+001
5.592645e+002,6.988942e+001
5.597467e+002,6.979431e+001
5.602288e+002,6.970105e+001
5.607109e+002,6.960696e+001
5.611931e+002,6.951114e+001
5.616752e+002,6.941434e+001
5.621573e+002,6.931811e+001
5.626394e+002,6.922329e+001
5.631216e+002,6.912926e+001
5.636037e+002,6.903384e+001
5.640858e+002,6.893420e+001
5.645679e+002,6.882815e+001
5.650500e+002,6.871516e+001
5.655322e+002,6.859656e+001
5.660143e+002,6.847505e+001
5.664965e+002,6.835359e+001
5.669785e+002,6.823438e+001
5.674607e+002,6.811814e+001
5.679428e+002,6.800432e+001
5.684249e+002,6.789135e+001
5.689070e+002,6.777734e+001
5.693892e+002,6.766024e+001
5.698713e+002,6.753824e+001
5.703534e+002,6.740977e+001
5.708356e+002,6.727383e+001
5.713177e+002,6.713037e+001
5.717998e+002,6.698074e+001
5.722819e+002,6.682761e+001
5.727640e+002,6.667445e+001
5.732462e+002,6.652448e+001
5.737283e+002,6.637958e+001
5.742104e+002,6.623940e+001
5.746925e+002,6.610152e+001
5.751747e+002,6.596220e+001
5.756568e+002,6.581760e+001
5.761389e+002,6.566486e+001
5.766210e+002,6.550254e+001
5.771031e+002,6.533012e+001
5.775853e+002,6.514722e+001
5.780674e+002,6.495291e+001
5.785496e+002,6.474598e+001
5.790317e+002,6.452589e+001
5.795138e+002,6.429434e+001
5.799959e+002,6.405618e+001
5.804780e+002,6.381926e+001
5.809601e+002,6.359276e+001
5.814423e+002,6.338467e+001
5.819244e+002,6.319916e+001
5.824066e+002,6.303511e+001
5.828887e+002,6.288620e+001
5.833708e+002,6.274267e+001
5.838529e+002,6.259389e+001
5.843350e+002,6.243082e+001
5.848171e+002,6.224772e+001
5.852993e+002,6.204264e+001
5.857814e+002,6.181693e+001
5.862635e+002,6.157420e+001
5.867457e+002,6.131911e+001
5.872278e+002,6.105664e+001
5.877099e+002,6.079154e+001
5.881920e+002,6.052784e+001
5.886741e+002,6.026840e+001
5.891563e+002,6.001445e+001
5.896384e+002,5.976522e+001
5.901205e+002,5.951804e+001
5.906027e+002,5.926896e+001
5.910848e+002,5.901393e+001
5.915669e+002,5.874992e+001
5.920490e+002,5.847581e+001
5.925311e+002,5.819250e+001
5.930133e+002,5.790239e+001
5.934954e+002,5.760848e+001
5.939775e+002,5.731361e+001
5.944597e+002,5.702007e+001
5.949418e+002,5.672958e+001
5.954239e+002,5.644348e+001
5.959060e+002,5.616278e+001
5.963882e+002,5.588790e+001
5.968702e+002,5.561841e+001
5.973524e+002,5.535286e+001
5.978345e+002,5.508869e+001
5.983167e+002,5.482312e+001
5.987988e+002,5.455377e+001
5.992809e+002,5.427961e+001
5.997630e+002,5.400112e+001
6.002451e+002,5.372001e+001
6.007273e+002,5.343834e+001
6.012094e+002,5.315765e+001
6.016915e+002,5.287841e+001
6.021736e+002,5.260013e+001
6.026558e+002,5.232209e+001
6.031379e+002,5.204416e+001
6.036200e+002,5.176737e+001
6.041022e+002,5.149391e+001
6.045842e+002,5.122659e+001
6.050664e+002,5.096787e+001
6.055485e+002,5.071929e+001
6.060306e+002,5.048103e+001
6.065128e+002,5.025229e+001
6.069949e+002,5.003189e+001
6.074770e+002,4.981902e+001
6.079591e+002,4.961353e+001
6.084413e+002,4.941615e+001
6.089234e+002,4.922810e+001
6.094055e+002,4.905093e+001
6.098876e+002,4.888610e+001
6.103698e+002,4.873506e+001
6.108519e+002,4.859908e+001
6.113340e+002,4.847917e+001
6.118162e+002,4.837574e+001
6.122983e+002,4.828828e+001
6.127804e+002,4.821503e+001
6.132625e+002,4.815329e+001
6.137446e+002,4.809986e+001
6.142267e+002,4.805196e+001
6.147089e+002,4.800812e+001
6.151910e+002,4.796872e+001
6.156731e+002,4.793586e+001
6.161553e+002,4.791287e+001
6.166374e+002,4.790332e+001
6.171195e+002,4.791018e+001
6.176016e+002,4.793517e+001
6.180837e+002,4.797881e+001
6.185659e+002,4.804061e+001
6.190480e+002,4.811939e+001
6.195302e+002,4.821346e+001
6.200123e+002,4.832072e+001
6.204944e+002,4.843856e+001
6.209765e+002,4.856395e+001
6.214586e+002,4.869379e+001
6.219407e+002,4.882549e+001
6.224229e+002,4.895738e+001
6.229050e+002,4.908902e+001
6.233871e+002,4.922099e+001
6.238693e+002,4.935432e+001
6.243514e+002,4.948992e+001
6.248335e+002,4.962819e+001
6.253156e+002,4.976913e+001
6.257977e+002,4.991283e+001
6.262798e+002,5.005996e+001
6.267620e+002,5.021210e+001
6.272441e+002,5.037141e+001
6.277263e+002,5.053998e+001
6.282084e+002,5.071887e+001
6.286905e+002,5.090768e+001
6.291726e+002,5.110447e+001
6.296547e+002,5.130631e+001
6.301368e+002,5.151017e+001
6.306190e+002,5.171377e+001
6.311011e+002,5.191587e+001
6.315833e+002,5.211617e+001
6.320654e+002,5.231487e+001
6.325475e+002,5.251216e+001
6.330296e+002,5.270800e+001
6.335117e+002,5.290238e+001
6.339939e+002,5.309557e+001
6.344760e+002,5.328843e+001
6.349581e+002,5.348232e+001
6.354402e+002,5.367868e+001
6.359224e+002,5.387846e+001
6.364045e+002,5.408173e+001
6.368866e+002,5.428770e+001
6.373687e+002,5.449518e+001
6.378508e+002,5.470317e+001
6.383330e+002,5.491140e+001
6.388151e+002,5.512031e+001
6.392972e+002,5.533067e+001
6.397794e+002,5.554293e+001
6.402615e+002,5.575671e+001
6.407436e+002,5.597056e+001
6.412257e+002,5.618235e+001
6.417079e+002,5.638979e+001
6.421899e+002,5.659084e+001
6.426721e+002,5.678401e+001
6.431542e+002,5.696824e+001
6.436364e+002,5.714247e+001
6.441185e+002,5.730564e+001
6.446006e+002,5.745676e+001
6.450827e+002,5.759539e+001
6.455648e+002,5.772213e+001
6.460470e+002,5.783879e+001
6.465291e+002,5.794816e+001
6.470112e+002,5.805326e+001
6.474933e+002,5.815652e+001
6.479755e+002,5.825911e+001
6.484576e+002,5.836079e+001
6.489397e+002,5.846037e+001
6.494219e+002,5.855637e+001
6.499040e+002,5.864773e+001
6.503861e+002,5.873398e+001
6.508682e+002,5.881512e+001
6.513503e+002,5.889123e+001
6.518325e+002,5.896208e+001
6.523146e+002,5.902716e+001
6.527968e+002,5.908599e+001
6.532788e+002,5.913850e+001
6.537610e+002,5.918532e+001
6.542431e+002,5.922762e+001
6.547252e+002,5.926670e+001
6.552073e+002,5.930345e+001
6.556895e+002,5.933809e+001
6.561716e+002,5.937026e+001
6.566537e+002,5.939951e+001
6.571359e+002,5.942597e+001
6.576179e+002,5.945063e+001
6.581001e+002,5.947520e+001
6.585822e+002,5.950164e+001
6.590643e+002,5.953147e+001
6.595464e+002,5.956538e+001
6.600286e+002,5.960323e+001
6.605107e+002,5.964446e+001
6.609928e+002,5.968850e+001
6.614750e+002,5.973493e+001
6.619571e+002,5.978313e+001
6.624392e+002,5.983158e+001
6.629213e+002,5.987713e+001
6.634034e+002,5.991462e+001
6.638856e+002,5.993720e+001
6.643677e+002,5.993676e+001
6.648499e+002,5.990482e+001
6.653320e+002,5.983321e+001
6.658141e+002,5.971535e+001
6.662962e+002,5.954918e+001
6.667783e+002,5.934182e+001
6.672605e+002,5.911573e+001
6.677426e+002,5.891058e+001
6.682247e+002,5.877322e+001
6.687068e+002,5.873588e+001
6.691890e+002,5.879948e+001
6.696711e+002,5.893719e+001
6.701532e+002,5.911237e+001
6.706353e+002,5.929338e+001
6.711174e+002,5.945920e+001
6.715996e+002,5.959813e+001
6.720817e+002,5.970550e+001
6.725638e+002,5.978137e+001
6.730460e+002,5.982905e+001
6.735281e+002,5.985406e+001
6.740102e+002,5.986275e+001
6.744923e+002,5.986103e+001
6.749745e+002,5.985353e+001
6.754565e+002,5.984339e+001
6.759387e+002,5.983270e+001
6.764208e+002,5.982336e+001
6.769030e+002,5.981749e+001
6.773851e+002,5.981733e+001
6.778672e+002,5.982462e+001
6.783493e+002,5.983980e+001
6.788314e+002,5.986143e+001
6.793136e+002,5.988653e+001
6.797957e+002,5.991145e+001
6.802778e+002,5.993299e+001
6.807599e+002,5.994952e+001
6.812421e+002,5.996124e+001
6.817242e+002,5.996983e+001
6.822063e+002,5.997763e+001
6.826885e+002,5.998677e+001
6.831705e+002,5.999854e+001
6.836527e+002,6.001352e+001
6.841348e+002,6.003176e+001
6.846169e+002,6.005334e+001
6.850991e+002,6.007838e+001
6.855812e+002,6.010710e+001
6.860634e+002,6.013942e+001
6.865454e+002,6.017471e+001
6.870276e+002,6.021177e+001
6.875096e+002,6.024919e+001
6.879918e+002,6.028571e+001
6.884739e+002,6.032056e+001
6.889561e+002,6.035351e+001
6.894382e+002,6.038482e+001
6.899203e+002,6.041458e+001
6.904025e+002,6.044278e+001
6.908845e+002,6.046909e+001
6.913667e+002,6.049328e+001
6.918488e+002,6.051546e+001
6.923309e+002,6.053636e+001
6.928130e+002,6.055720e+001
6.932952e+002,6.057932e+001
6.937773e+002,6.060387e+001
6.942594e+002,6.063138e+001
6.947416e+002,6.066182e+001
6.952236e+002,6.069485e+001
6.957058e+002,6.072993e+001
6.961879e+002,6.076658e+001
6.966700e+002,6.080422e+001
6.971522e+002,6.084203e+001
6.976343e+002,6.087875e+001
6.981165e+002,6.091280e+001
6.985985e+002,6.094277e+001
6.990807e+002,6.096789e+001
6.995628e+002,6.098839e+001
7.000449e+002,6.100558e+001
7.005270e+002,6.102128e+001
7.010092e+002,6.103711e+001
7.014913e+002,6.105380e+001
7.019734e+002,6.107098e+001
7.024556e+002,6.108736e+001
7.029377e+002,6.110154e+001
7.034198e+002,6.111274e+001
7.039019e+002,6.112121e+001
7.043840e+002,6.112813e+001
7.048662e+002,6.113501e+001
7.053483e+002,6.114290e+001
7.058304e+002,6.115191e+001
7.063125e+002,6.116114e+001
7.067947e+002,6.116921e+001
7.072768e+002,6.117501e+001
7.077589e+002,6.117824e+001
7.082410e+002,6.117961e+001
7.087231e+002,6.118054e+001
7.092053e+002,6.118249e+001
7.096874e+002,6.118644e+001
7.101696e+002,6.119257e+001
7.106517e+002,6.120037e+001
7.111338e+002,6.120899e+001
7.116159e+002,6.121762e+001
7.120980e+002,6.122557e+001
7.125802e+002,6.123241e+001
7.130623e+002,6.123754e+001
7.135444e+002,6.124031e+001
7.140265e+002,6.123993e+001
7.145087e+002,6.123577e+001
7.149908e+002,6.122748e+001
7.154729e+002,6.121520e+001
7.159550e+002,6.119922e+001
7.164371e+002,6.117986e+001
7.169193e+002,6.115697e+001
7.174014e+002,6.113033e+001
7.178835e+002,6.109989e+001
7.183657e+002,6.106652e+001
7.188478e+002,6.103253e+001
7.193299e+002,6.100156e+001
7.198120e+002,6.097797e+001
7.202942e+002,6.096563e+001
7.207762e+002,6.096666e+001
7.212584e+002,6.098068e+001
7.217405e+002,6.100485e+001
7.222227e+002,6.103484e+001
7.227048e+002,6.106591e+001
7.231869e+002,6.109415e+001
7.236691e+002,6.111704e+001
7.241511e+002,6.113345e+001
7.246333e+002,6.114324e+001
7.251154e+002,6.114674e+001
7.255975e+002,6.114436e+001
7.260797e+002,6.113665e+001
7.265618e+002,6.112435e+001
7.270439e+002,6.110856e+001
7.275260e+002,6.109060e+001
7.280082e+002,6.107178e+001
7.284902e+002,6.105301e+001
7.289724e+002,6.103463e+001
7.294545e+002,6.101648e+001
7.299366e+002,6.099841e+001
7.304188e+002,6.098058e+001
7.309009e+002,6.096392e+001
7.313831e+002,6.094981e+001
7.318651e+002,6.093982e+001
7.323473e+002,6.093493e+001
7.328293e+002,6.093521e+001
7.333115e+002,6.093967e+001
7.337936e+002,6.094670e+001
7.342758e+002,6.095459e+001
7.347579e+002,6.096207e+001
7.352400e+002,6.096844e+001
7.357222e+002,6.097353e+001
7.362042e+002,6.097708e+001
7.366864e+002,6.097861e+001
7.371685e+002,6.097720e+001
7.376506e+002,6.097171e+001
7.381328e+002,6.096136e+001
7.386149e+002,6.094592e+001
7.390970e+002,6.092595e+001
7.395791e+002,6.090266e+001
7.400613e+002,6.087742e+001
7.405434e+002,6.085148e+001
7.410255e+002,6.082573e+001
7.415076e+002,6.080072e+001
7.419897e+002,6.077688e+001
7.424719e+002,6.075473e+001
7.429540e+002,6.073481e+001
7.434362e+002,6.071769e+001
7.439182e+002,6.070362e+001
7.444004e+002,6.069259e+001
7.448825e+002,6.068429e+001
7.453646e+002,6.067845e+001
7.458467e+002,6.067495e+001
7.463289e+002,6.067385e+001
7.468110e+002,6.067513e+001
7.472931e+002,6.067842e+001
7.477753e+002,6.068256e+001
7.482574e+002,6.068573e+001
7.487395e+002,6.068574e+001
7.492216e+002,6.068079e+001
7.497037e+002,6.067004e+001
7.501859e+002,6.065400e+001
7.506680e+002,6.063430e+001
7.511501e+002,6.061317e+001
7.516322e+002,6.059264e+001
7.521144e+002,6.057393e+001
7.525965e+002,6.055730e+001
7.530786e+002,6.054227e+001
7.535608e+002,6.052818e+001
7.540428e+002,6.051459e+001
7.545250e+002,6.050142e+001
7.550071e+002,6.048883e+001
7.554893e+002,6.047682e+001
7.559714e+002,6.046494e+001
7.564535e+002,6.045232e+001
7.569356e+002,6.043793e+001
7.574177e+002,6.042105e+001
7.578999e+002,6.040171e+001
7.583820e+002,6.038066e+001
7.588641e+002,6.035920e+001
7.593463e+002,6.033870e+001
7.598284e+002,6.032016e+001
7.603105e+002,6.030394e+001
7.607926e+002,6.028987e+001
7.612748e+002,6.027741e+001
7.617568e+002,6.026598e+001
7.622390e+002,6.025495e+001
7.627211e+002,6.024380e+001
7.632032e+002,6.023195e+001
7.636854e+002,6.021880e+001
7.641675e+002,6.020392e+001
7.646496e+002,6.018731e+001
7.651317e+002,6.016958e+001
7.656139e+002,6.015192e+001
7.660959e+002,6.013577e+001
7.665781e+002,6.012226e+001
7.670602e+002,6.011177e+001
7.675424e+002,6.010373e+001
7.680245e+002,6.009673e+001
7.685066e+002,6.008916e+001
7.689888e+002,6.007980e+001
7.694708e+002,6.006805e+001
7.699530e+002,6.005416e+001
7.704351e+002,6.003872e+001
7.709172e+002,6.002223e+001
7.713994e+002,6.000465e+001
7.718815e+002,5.998549e+001
7.723636e+002,5.996402e+001
7.728457e+002,5.993987e+001
7.733279e+002,5.991327e+001
7.738099e+002,5.988513e+001
7.742921e+002,5.985686e+001
7.747742e+002,5.982973e+001
7.752563e+002,5.980471e+001
7.757385e+002,5.978209e+001
7.762206e+002,5.976183e+001
7.767028e+002,5.974379e+001
7.771848e+002,5.972788e+001
7.776670e+002,5.971420e+001
7.781491e+002,5.970271e+001
7.786312e+002,5.969299e+001
7.791133e+002,5.968409e+001
7.795955e+002,5.967466e+001
7.800776e+002,5.966332e+001
7.805597e+002,5.964915e+001
7.810419e+002,5.963195e+001
7.815239e+002,5.961222e+001
7.820061e+002,5.959087e+001
7.824882e+002,5.956862e+001
7.829703e+002,5.954580e+001
7.834525e+002,5.952213e+001
7.839346e+002,5.949714e+001
7.844167e+002,5.947045e+001
7.848988e+002,5.944215e+001
7.853810e+002,5.941275e+001
7.858631e+002,5.938293e+001
7.863452e+002,5.935319e+001
7.868273e+002,5.932349e+001
7.873094e+002,5.929332e+001
7.877916e+002,5.926189e+001
7.882737e+002,5.922877e+001
7.887559e+002,5.919410e+001
7.892380e+002,5.915868e+001
7.897201e+002,5.912382e+001
7.902022e+002,5.909079e+001
7.906843e+002,5.906058e+001
7.911665e+002,5.903359e+001
7.916486e+002,5.900985e+001
7.921307e+002,5.898926e+001
7.926128e+002,5.897174e+001
7.930950e+002,5.895734e+001
7.935771e+002,5.894600e+001
7.940592e+002,5.893729e+001
7.945413e+002,5.893025e+001
7.950234e+002,5.892345e+001
7.955056e+002,5.891538e+001
7.959877e+002,5.890481e+001
7.964698e+002,5.889116e+001
7.969520e+002,5.887447e+001
7.974341e+002,5.885519e+001
7.979162e+002,5.883380e+001
7.983983e+002,5.881049e+001
7.988805e+002,5.878509e+001
7.993625e+002,5.875722e+001
7.998447e+002,5.872672e+001
8.003268e+002,5.869377e+001
8.008090e+002,5.865900e+001
8.012911e+002,5.862327e+001
8.017732e+002,5.858737e+001
8.022553e+002,5.855185e+001
8.027374e+002,5.851701e+001
8.032196e+002,5.848315e+001
8.037017e+002,5.845076e+001
8.041838e+002,5.842069e+001
8.046660e+002,5.839388e+001
8.051481e+002,5.837112e+001
8.056302e+002,5.835249e+001
8.061123e+002,5.833721e+001
8.065945e+002,5.832370e+001
8.070765e+002,5.831010e+001
8.075587e+002,5.829470e+001
8.080408e+002,5.827652e+001
8.085229e+002,5.825546e+001
8.090051e+002,5.823203e+001
8.094872e+002,5.820708e+001
8.099694e+002,5.818135e+001
8.104514e+002,5.815521e+001
8.109336e+002,5.812877e+001
8.114156e+002,5.810196e+001
8.118978e+002,5.807464e+001
8.123799e+002,5.804663e+001
8.128621e+002,5.801770e+001
8.133442e+002,5.798742e+001
8.138263e+002,5.795533e+001
8.143085e+002,5.792112e+001
8.147905e+002,5.788501e+001
8.152727e+002,5.784801e+001
8.157548e+002,5.781177e+001
8.162369e+002,5.777819e+001
8.167191e+002,5.774883e+001
8.172012e+002,5.772411e+001
8.176833e+002,5.770311e+001
8.181654e+002,5.768367e+001
8.186476e+002,5.766305e+001
8.191296e+002,5.763869e+001
8.196118e+002,5.760900e+001
8.200939e+002,5.757362e+001
8.205760e+002,5.753338e+001
8.210582e+002,5.748983e+001
8.215403e+002,5.744483e+001
8.220225e+002,5.740006e+001
8.225045e+002,5.735699e+001
8.229867e+002,5.731674e+001
8.234688e+002,5.728022e+001
8.239509e+002,5.724788e+001
8.244330e+002,5.721964e+001
8.249152e+002,5.719470e+001
8.253973e+002,5.717159e+001
8.258794e+002,5.714835e+001
8.263616e+002,5.712339e+001
8.268437e+002,5.709572e+001
8.273258e+002,5.706548e+001
8.278079e+002,5.703376e+001
8.282900e+002,5.700238e+001
8.287722e+002,5.697297e+001
8.292543e+002,5.694669e+001
8.297365e+002,5.692370e+001
8.302185e+002,5.690336e+001
8.307007e+002,5.688449e+001
8.311828e+002,5.686566e+001
8.316649e+002,5.684560e+001
8.321470e+002,5.682332e+001
8.326292e+002,5.679809e+001
8.331113e+002,5.676945e+001
8.335934e+002,5.673735e+001
8.340756e+002,5.670216e+001
8.345577e+002,5.666481e+001
8.350398e+002,5.662673e+001
8.355219e+002,5.658938e+001
8.360040e+002,5.655400e+001
8.364862e+002,5.652112e+001
8.369683e+002,5.649048e+001
8.374504e+002,5.646119e+001
8.379325e+002,5.643216e+001
8.384147e+002,5.640264e+001
8.388968e+002,5.637243e+001
8.393789e+002,5.634196e+001
8.398610e+002,5.631192e+001
8.403431e+002,5.628285e+001
8.408253e+002,5.625476e+001
8.413074e+002,5.622710e+001
8.417896e+002,5.619909e+001
8.422717e+002,5.616994e+001
8.427538e+002,5.613937e+001
8.432359e+002,5.610757e+001
8.437180e+002,5.607505e+001
8.442002e+002,5.604251e+001
8.446823e+002,5.601040e+001
8.451644e+002,5.597893e+001
8.456465e+002,5.594818e+001
8.461287e+002,5.591829e+001
8.466108e+002,5.588947e+001
8.470929e+002,5.586197e+001
8.475751e+002,5.583590e+001
8.480571e+002,5.581080e+001
8.485393e+002,5.578568e+001
8.490214e+002,5.575915e+001
8.495035e+002,5.572981e+001
8.499857e+002,5.569683e+001
8.504678e+002,5.566024e+001
8.509499e+002,5.562103e+001
8.514320e+002,5.558080e+001
8.519142e+002,5.554128e+001
8.523962e+002,5.550388e+001
8.528784e+002,5.546931e+001
8.533605e+002,5.543764e+001
8.538427e+002,5.540833e+001
8.543248e+002,5.538053e+001
8.548069e+002,5.535313e+001
8.552891e+002,5.532502e+001
8.557711e+002,5.529495e+001
8.562533e+002,5.526190e+001
8.567354e+002,5.522514e+001
8.572175e+002,5.518466e+001
8.576996e+002,5.514132e+001
8.581818e+002,5.509661e+001
8.586639e+002,5.505248e+001
8.591460e+002,5.501060e+001
8.596282e+002,5.497187e+001
8.601102e+002,5.493618e+001
8.605924e+002,5.490248e+001
8.610745e+002,5.486941e+001
8.615566e+002,5.483577e+001
8.620388e+002,5.480107e+001
8.625209e+002,5.476567e+001
8.630031e+002,5.473041e+001
8.634851e+002,5.469625e+001
8.639673e+002,5.466372e+001
8.644494e+002,5.463268e+001
8.649315e+002,5.460250e+001
8.654136e+002,5.457222e+001
8.658958e+002,5.454115e+001
8.663779e+002,5.450889e+001
8.668600e+002,5.447556e+001
8.673422e+002,5.444157e+001
8.678242e+002,5.440749e+001
8.683064e+002,5.437389e+001
8.687885e+002,5.434131e+001
8.692706e+002,5.431030e+001
8.697527e+002,5.428137e+001
8.702349e+002,5.425486e+001
8.707170e+002,5.423072e+001
8.711991e+002,5.420830e+001
8.716813e+002,5.418638e+001
8.721634e+002,5.416326e+001
8.726455e+002,5.413725e+001
8.731276e+002,5.410707e+001
8.736097e+002,5.407218e+001
8.740919e+002,5.403286e+001
8.745740e+002,5.399006e+001
8.750562e+002,5.394512e+001
8.755382e+002,5.389938e+001
8.760204e+002,5.385416e+001
8.765025e+002,5.381052e+001
8.769846e+002,5.376941e+001
8.774668e+002,5.373147e+001
8.779489e+002,5.369703e+001
8.784310e+002,5.366584e+001
8.789131e+002,5.363702e+001
8.793953e+002,5.360915e+001
8.798774e+002,5.358058e+001
8.803595e+002,5.354987e+001
8.808416e+002,5.351627e+001
8.813237e+002,5.347978e+001
8.818059e+002,5.344104e+001
8.822880e+002,5.340098e+001
8.827701e+002,5.336039e+001
8.832523e+002,5.331966e+001
8.837344e+002,5.327877e+001
8.842165e+002,5.323772e+001
8.846986e+002,5.319669e+001
8.851808e+002,5.315638e+001
8.856628e+002,5.311786e+001
8.861450e+002,5.308220e+001
8.866271e+002,5.305004e+001
8.871093e+002,5.302129e+001
8.875914e+002,5.299504e+001
8.880735e+002,5.296992e+001
8.885556e+002,5.294460e+001
8.890377e+002,5.291813e+001
8.895199e+002,5.289018e+001
8.900020e+002,5.286106e+001
8.904841e+002,5.283126e+001
8.909662e+002,5.280126e+001
8.914484e+002,5.277128e+001
8.919305e+002,5.274132e+001
8.924126e+002,5.271121e+001
8.928948e+002,5.268087e+001
8.933768e+002,5.265022e+001
8.938590e+002,5.261916e+001
8.943411e+002,5.258748e+001
8.948232e+002,5.255474e+001
8.953054e+002,5.252038e+001
8.957875e+002,5.248400e+001
8.962697e+002,5.244552e+001
8.967517e+002,5.240534e+001
8.972339e+002,5.236422e+001
8.977159e+002,5.232314e+001
8.981981e+002,5.228284e+001
8.986802e+002,5.224371e+001
8.991624e+002,5.220576e+001
8.996445e+002,5.216885e+001
9.001266e+002,5.213281e+001
9.006088e+002,5.209771e+001
9.010908e+002,5.206372e+001
9.015730e+002,5.203094e+001
9.020551e+002,5.199910e+001
9.025372e+002,5.196748e+001
9.030193e+002,5.193505e+001
9.035015e+002,5.190079e+001
9.039836e+002,5.186418e+001
9.044657e+002,5.182536e+001
9.049479e+002,5.178519e+001
9.054299e+002,5.174495e+001
9.059121e+002,5.170583e+001
9.063942e+002,5.166859e+001
9.068763e+002,5.163330e+001
9.073585e+002,5.159952e+001
9.078406e+002,5.156647e+001
9.083228e+002,5.153347e+001
9.088048e+002,5.149998e+001
9.092870e+002,5.146572e+001
9.097691e+002,5.143049e+001
9.102512e+002,5.139407e+001
9.107333e+002,5.135620e+001
9.112155e+002,5.131674e+001
9.116976e+002,5.127582e+001
9.121797e+002,5.123398e+001
9.126619e+002,5.119203e+001
9.131440e+002,5.115096e+001
9.136261e+002,5.111150e+001
9.141082e+002,5.107399e+001
9.145903e+002,5.103825e+001
9.150724e+002,5.100381e+001
9.155546e+002,5.097010e+001
9.160367e+002,5.093669e+001
9.165189e+002,5.090339e+001
9.170010e+002,5.087018e+001
9.174831e+002,5.083699e+001
9.179652e+002,5.080362e+001
9.184473e+002,5.076965e+001
9.189294e+002,5.073475e+001
9.194116e+002,5.069873e+001
9.198937e+002,5.066180e+001
9.203759e+002,5.062445e+001
9.208580e+002,5.058731e+001
9.213401e+002,5.055085e+001
9.218222e+002,5.051513e+001
9.223043e+002,5.047984e+001
9.227864e+002,5.044439e+001
9.232686e+002,5.040825e+001
9.237507e+002,5.037115e+001
9.242328e+002,5.033319e+001
9.247150e+002,5.029476e+001
9.251971e+002,5.025629e+001
9.256792e+002,5.021807e+001
9.261613e+002,5.018016e+001
9.266434e+002,5.014245e+001
9.271255e+002,5.010480e+001
9.276077e+002,5.006719e+001
9.280898e+002,5.002974e+001
9.285720e+002,4.999260e+001
9.290541e+002,4.995577e+001
9.295362e+002,4.991907e+001
9.300183e+002,4.988210e+001
9.305004e+002,4.984442e+001
9.309826e+002,4.980583e+001
9.314647e+002,4.976645e+001
9.319468e+002,4.972683e+001
9.324290e+002,4.968773e+001
9.329111e+002,4.964988e+001
9.333932e+002,4.961375e+001
9.338753e+002,4.957942e+001
9.343574e+002,4.954656e+001
9.348396e+002,4.951462e+001
9.353217e+002,4.948293e+001
9.358038e+002,4.945073e+001
9.362859e+002,4.941729e+001
9.367681e+002,4.938192e+001
9.372502e+002,4.934396e+001
9.377323e+002,4.930304e+001
9.382144e+002,4.925919e+001
9.386966e+002,4.921297e+001
9.391787e+002,4.916549e+001
9.396608e+002,4.911811e+001
9.401429e+002,4.907215e+001
9.406251e+002,4.902845e+001
9.411072e+002,4.898730e+001
9.415893e+002,4.894842e+001
9.420714e+002,4.891121e+001
9.425536e+002,4.887516e+001
9.430357e+002,4.883997e+001
9.435178e+002,4.880563e+001
9.439999e+002,4.877223e+001
9.444821e+002,4.873975e+001
9.449642e+002,4.870782e+001
9.454463e+002,4.867582e+001
9.459284e+002,4.864299e+001
9.464106e+002,4.860883e+001
9.468927e+002,4.857331e+001
9.473748e+002,4.853684e+001
9.478569e+002,4.850015e+001
9.483391e+002,4.846392e+001
9.488212e+002,4.842850e+001
9.493033e+002,4.839379e+001
9.497855e+002,4.835927e+001
9.502676e+002,4.832436e+001
9.507497e+002,4.828867e+001
9.512318e+002,4.825212e+001
9.517139e+002,4.821506e+001
9.521960e+002,4.817797e+001
9.526782e+002,4.814137e+001
9.531603e+002,4.810555e+001
9.536425e+002,4.807057e+001
9.541246e+002,4.803627e+001
9.546067e+002,4.800232e+001
9.550888e+002,4.796833e+001
9.555709e+002,4.793380e+001
9.560530e+002,4.789815e+001
9.565352e+002,4.786072e+001
9.570173e+002,4.782085e+001
9.574995e+002,4.777805e+001
9.579816e+002,4.773224e+001
9.584637e+002,4.768374e+001
9.589458e+002,4.763333e+001
9.594279e+002,4.758205e+001
9.599100e+002,4.753092e+001
9.603922e+002,4.748084e+001
9.608743e+002,4.743240e+001
9.613564e+002,4.738596e+001
9.618386e+002,4.734164e+001
9.623207e+002,4.729948e+001
9.628028e+002,4.725931e+001
9.632849e+002,4.722082e+001
9.637670e+002,4.718345e+001
9.642491e+002,4.714646e+001
9.647313e+002,4.710906e+001
9.652134e+002,4.707065e+001
9.656956e+002,4.703103e+001
9.661777e+002,4.699052e+001
9.666598e+002,4.694979e+001
9.671419e+002,4.690968e+001
9.676240e+002,4.687090e+001
9.681061e+002,4.683370e+001
9.685883e+002,4.679790e+001
9.690704e+002,4.676290e+001
9.695526e+002,4.672794e+001
9.700347e+002,4.669229e+001
9.705168e+002,4.665542e+001
9.709989e+002,4.661705e+001
9.714810e+002,4.657710e+001
9.719631e+002,4.653571e+001
9.724453e+002,4.649316e+001
9.729274e+002,4.644988e+001
9.734095e+002,4.640647e+001
9.738917e+002,4.636354e+001
9.743738e+002,4.632156e+001
9.748559e+002,4.628069e+001
9.753380e+002,4.624068e+001
9.758201e+002,4.620093e+001
9.763023e+002,4.616069e+001
9.767844e+002,4.611946e+001
9.772665e+002,4.607712e+001
9.777487e+002,4.603410e+001
9.782308e+002,4.599118e+001
9.787129e+002,4.594922e+001
9.791950e+002,4.590873e+001
9.796771e+002,4.586971e+001
9.801593e+002,4.583163e+001
9.806414e+002,4.579368e+001
9.811235e+002,4.575502e+001
9.816057e+002,4.571516e+001
9.820878e+002,4.567395e+001
9.825699e+002,4.563152e+001
9.830520e+002,4.558813e+001
9.835342e+002,4.554399e+001
9.840163e+002,4.549919e+001
9.844984e+002,4.545377e+001
9.849805e+002,4.540794e+001
9.854626e+002,4.536207e+001
9.859448e+002,4.531671e+001
9.864269e+002,4.527239e+001
9.869090e+002,4.522942e+001
9.873912e+002,4.518770e+001
9.878733e+002,4.514669e+001
9.883554e+002,4.510567e+001
9.888375e+002,4.506387e+001
9.893196e+002,4.502089e+001
9.898018e+002,4.497660e+001
9.902839e+002,4.493126e+001
9.907660e+002,4.488530e+001
9.912482e+002,4.483909e+001
9.917303e+002,4.479294e+001
9.922124e+002,4.474702e+001
9.926945e+002,4.470149e+001
9.931766e+002,4.465655e+001
9.936588e+002,4.461246e+001
9.941409e+002,4.456945e+001
9.946230e+002,4.452762e+001
9.951052e+002,4.448685e+001
9.955873e+002,4.444680e+001
9.960694e+002,4.440707e+001
9.965515e+002,4.436734e+001
9.970336e+002,4.432745e+001
9.975157e+002,4.428744e+001
9.979979e+002,4.424749e+001
9.984800e+002,4.420770e+001
9.989622e+002,4.416806e+001
9.994443e+002,4.412833e+001
9.999264e+002,4.408828e+001
1.000409e+003,4.404762e+001
1.000891e+003,4.400623e+001
1.001373e+003,4.396408e+001
1.001855e+003,4.392127e+001
1.002337e+003,4.387778e+001
1.002819e+003,4.383358e+001
1.003301e+003,4.378857e+001
1.003783e+003,4.374281e+001
1.004266e+003,4.369653e+001
1.004748e+003,4.365014e+001
1.005230e+003,4.360419e+001
1.005712e+003,4.355906e+001
1.006194e+003,4.351476e+001
1.006676e+003,4.347088e+001
1.007158e+003,4.342663e+001
1.007640e+003,4.338111e+001
1.008122e+003,4.333366e+001
1.008605e+003,4.328415e+001
1.009087e+003,4.323287e+001
1.009569e+003,4.318063e+001
1.010051e+003,4.312835e+001
1.010533e+003,4.307684e+001
1.011015e+003,4.302661e+001
1.011497e+003,4.297793e+001
1.011979e+003,4.293083e+001
1.012462e+003,4.288521e+001
1.012944e+003,4.284095e+001
1.013426e+003,4.279783e+001
1.013908e+003,4.275547e+001
1.014390e+003,4.271337e+001
1.014872e+003,4.267085e+001
1.015354e+003,4.262735e+001
1.015836e+003,4.258254e+001
1.016319e+003,4.253651e+001
1.016801e+003,4.248974e+001
1.017283e+003,4.244293e+001
1.017765e+003,4.239680e+001
1.018247e+003,4.235178e+001
1.018729e+003,4.230800e+001
1.019211e+003,4.226519e+001
1.019693e+003,4.222289e+001
1.020176e+003,4.218061e+001
1.020658e+003,4.213793e+001
1.021140e+003,4.209464e+001
1.021622e+003,4.205066e+001
1.022104e+003,4.200602e+001
1.022586e+003,4.196082e+001
1.023068e+003,4.191524e+001
1.023550e+003,4.186950e+001
1.024033e+003,4.182388e+001
1.024515e+003,4.177857e+001
1.024997e+003,4.173368e+001
1.025479e+003,4.168903e+001
1.025961e+003,4.164431e+001
1.026443e+003,4.159912e+001
1.026925e+003,4.155319e+001
1.027407e+003,4.150647e+001
1.027890e+003,4.145927e+001
1.028372e+003,4.141198e+001
1.028854e+003,4.136497e+001
1.029336e+003,4.131831e+001
1.029818e+003,4.127167e+001
1.030300e+003,4.122433e+001
1.030782e+003,4.117553e+001
1.031264e+003,4.112465e+001
1.031747e+003,4.107158e+001
1.032229e+003,4.101672e+001
1.032711e+003,4.096092e+001
1.033193e+003,4.090524e+001
1.033675e+003,4.085062e+001
1.034157e+003,4.079778e+001
1.034639e+003,4.074709e+001
1.035121e+003,4.069861e+001
1.035604e+003,4.065224e+001
1.036086e+003,4.060768e+001
1.036568e+003,4.056452e+001
1.037050e+003,4.052213e+001
1.037532e+003,4.047977e+001
1.038014e+003,4.043657e+001
1.038496e+003,4.039174e+001
1.038979e+003,4.034472e+001
1.039461e+003,4.029533e+001
1.039943e+003,4.024383e+001
1.040425e+003,4.019084e+001
1.040907e+003,4.013715e+001
1.041389e+003,4.008361e+001
1.041871e+003,4.003091e+001
1.042353e+003,3.997959e+001
1.042835e+003,3.992999e+001
1.043318e+003,3.988226e+001
1.043800e+003,3.983634e+001
1.044282e+003,3.979201e+001
1.044764e+003,3.974880e+001
1.045246e+003,3.970616e+001
1.045728e+003,3.966349e+001
1.046210e+003,3.962031e+001
1.046692e+003,3.957636e+001
1.047175e+003,3.953158e+001
1.047657e+003,3.948601e+001
1.048139e+003,3.943969e+001
1.048621e+003,3.939244e+001
1.049103e+003,3.934398e+001
1.049585e+003,3.929392e+001
1.050067e+003,3.924214e+001
1.050549e+003,3.918887e+001
1.051031e+003,3.913482e+001
1.051514e+003,3.908104e+001
1.051996e+003,3.902865e+001
1.052478e+003,3.897842e+001
1.052960e+003,3.893057e+001
1.053442e+003,3.888463e+001
1.053924e+003,3.883966e+001
1.054406e+003,3.879454e+001
1.054889e+003,3.874831e+001
1.055371e+003,3.870044e+001
1.055853e+003,3.865094e+001
1.056335e+003,3.860013e+001
1.056817e+003,3.854857e+001
1.057299e+003,3.849672e+001
1.057781e+003,3.844490e+001
1.058263e+003,3.839320e+001
1.058746e+003,3.834162e+001
1.059228e+003,3.829005e+001
1.059710e+003,3.823850e+001
1.060192e+003,3.818700e+001
1.060674e+003,3.813567e+001
1.061156e+003,3.808467e+001
1.061638e+003,3.803416e+001
1.062120e+003,3.798428e+001
1.062603e+003,3.793506e+001
1.063085e+003,3.788640e+001
1.063567e+003,3.783810e+001
1.064049e+003,3.778982e+001
1.064531e+003,3.774119e+001
1.065013e+003,3.769200e+001
1.065495e+003,3.764219e+001
1.065977e+003,3.759206e+001
1.066460e+003,3.754207e+001
1.066942e+003,3.749277e+001
1.067424e+003,3.744458e+001
1.067906e+003,3.739752e+001
1.068388e+003,3.735125e+001
1.068870e+003,3.730510e+001
1.069352e+003,3.725829e+001
1.069834e+003,3.721024e+001
1.070317e+003,3.716062e+001
1.070799e+003,3.710956e+001
1.071281e+003,3.705747e+001
1.071763e+003,3.700487e+001
1.072245e+003,3.695223e+001
1.072727e+003,3.689982e+001
1.073209e+003,3.684770e+001
1.073691e+003,3.679580e+001
1.074174e+003,3.674398e+001
1.074656e+003,3.669211e+001
1.075138e+003,3.664012e+001
1.075620e+003,3.658795e+001
1.076102e+003,3.653559e+001
1.076584e+003,3.648306e+001
1.077066e+003,3.643049e+001
1.077548e+003,3.637811e+001
1.078031e+003,3.632627e+001
1.078513e+003,3.627534e+001
1.078995e+003,3.622562e+001
1.079477e+003,3.617724e+001
1.079959e+003,3.613009e+001
1.080441e+003,3.608386e+001
1.080923e+003,3.603821e+001
1.081406e+003,3.599278e+001
1.081888e+003,3.594739e+001
1.082370e+003,3.590194e+001
1.082852e+003,3.585644e+001
1.083334e+003,3.581087e+001
1.083816e+003,3.576514e+001
1.084298e+003,3.571910e+001
1.084780e+003,3.567266e+001
1.085262e+003,3.562584e+001
1.085745e+003,3.557885e+001
1.086227e+003,3.553202e+001
1.086709e+003,3.548576e+001
1.087191e+003,3.544029e+001
1.087673e+003,3.539561e+001
1.088155e+003,3.535139e+001
1.088637e+003,3.530713e+001
1.089119e+003,3.526224e+001
1.089602e+003,3.521625e+001
1.090084e+003,3.516887e+001
1.090566e+003,3.512008e+001
1.091048e+003,3.507002e+001
1.091530e+003,3.501898e+001
1.092012e+003,3.496729e+001
1.092494e+003,3.491536e+001
1.092976e+003,3.486360e+001
1.093458e+003,3.481246e+001
1.093941e+003,3.476237e+001
1.094423e+003,3.471364e+001
1.094905e+003,3.466638e+001
1.095387e+003,3.462044e+001
1.095869e+003,3.457543e+001
1.096351e+003,3.453077e+001
1.096833e+003,3.448593e+001
1.097316e+003,3.444051e+001
1.097798e+003,3.439435e+001
1.098280e+003,3.434761e+001
1.098762e+003,3.430065e+001
1.099244e+003,3.425391e+001
1.099726e+003,3.420779e+001
1.100208e+003,3.416250e+001
1.100690e+003,3.411804e+001
1.101173e+003,3.407417e+001
1.101655e+003,3.403046e+001
1.102137e+003,3.398640e+001
1.102619e+003,3.394149e+001
1.103101e+003,3.389542e+001
1.103583e+003,3.384814e+001
1.104065e+003,3.379996e+001
1.104547e+003,3.375148e+001
1.105030e+003,3.370351e+001
1.105512e+003,3.365686e+001
1.105994e+003,3.361208e+001
1.106476e+003,3.356932e+001
1.106958e+003,3.352823e+001
1.107440e+003,3.348803e+001
1.107922e+003,3.344768e+001
1.108404e+003,3.340621e+001
1.108886e+003,3.336288e+001
1.109369e+003,3.331741e+001
1.109851e+003,3.327002e+001
1.110333e+003,3.322133e+001
1.110815e+003,3.317222e+001
1.111297e+003,3.312362e+001
1.111779e+003,3.307635e+001
1.112261e+003,3.303108e+001
1.112744e+003,3.298811e+001
1.113226e+003,3.294748e+001
1.113708e+003,3.290893e+001
1.114190e+003,3.287198e+001
1.114672e+003,3.283598e+001
1.115154e+003,3.280021e+001
1.115636e+003,3.276403e+001
1.116118e+003,3.272695e+001
1.116601e+003,3.268872e+001
1.117083e+003,3.264934e+001
1.117565e+003,3.260905e+001
1.118047e+003,3.256816e+001
1.118529e+003,3.252706e+001
1.119011e+003,3.248602e+001
1.119493e+003,3.244520e+001
1.119975e+003,3.240467e+001
1.120458e+003,3.236440e+001
1.120940e+003,3.232432e+001
1.121422e+003,3.228446e+001
1.121904e+003,3.224486e+001
1.122386e+003,3.220567e+001
1.122868e+003,3.216706e+001
1.123350e+003,3.212922e+001
1.123832e+003,3.209232e+001
1.124314e+003,3.205644e+001
1.124797e+003,3.202160e+001
1.125279e+003,3.198777e+001
1.125761e+003,3.195483e+001
1.126243e+003,3.192264e+001
1.126725e+003,3.189103e+001
1.127207e+003,3.185987e+001
1.127689e+003,3.182899e+001
1.128172e+003,3.179832e+001
1.128654e+003,3.176779e+001
1.129136e+003,3.173745e+001
1.129618e+003,3.170739e+001
1.130100e+003,3.167776e+001
1.130582e+003,3.164874e+001
1.131064e+003,3.162048e+001
1.131546e+003,3.159302e+001
1.132029e+003,3.156630e+001
1.132511e+003,3.154013e+001
1.132993e+003,3.151433e+001
1.133475e+003,3.148868e+001
1.133957e+003,3.146316e+001
1.134439e+003,3.143790e+001
1.134921e+003,3.141321e+001
1.135403e+003,3.138952e+001
1.135885e+003,3.136719e+001
1.136368e+003,3.134642e+001
1.136850e+003,3.132713e+001
1.137332e+003,3.130894e+001
1.137814e+003,3.129128e+001
1.138296e+003,3.127348e+001
1.138778e+003,3.125502e+001
1.139260e+003,3.123557e+001
1.139742e+003,3.121513e+001
1.140225e+003,3.119401e+001
1.140707e+003,3.117274e+001
1.141189e+003,3.115196e+001
1.141671e+003,3.113230e+001
1.142153e+003,3.111422e+001
1.142635e+003,3.109807e+001
1.143117e+003,3.108392e+001
1.143599e+003,3.107163e+001
1.144082e+003,3.106090e+001
1.144564e+003,3.105130e+001
1.145046e+003,3.104233e+001
1.145528e+003,3.103353e+001
1.146010e+003,3.102459e+001
1.146492e+003,3.101537e+001
1.146974e+003,3.100594e+001
1.147457e+003,3.099659e+001
1.147939e+003,3.098772e+001
1.148421e+003,3.097978e+001
1.148903e+003,3.097320e+001
1.149385e+003,3.096827e+001
1.149867e+003,3.096513e+001
1.150349e+003,3.096373e+001
1.150831e+003,3.096389e+001
1.151313e+003,3.096532e+001
1.151796e+003,3.096765e+001
1.152278e+003,3.097057e+001
1.152760e+003,3.097378e+001
1.153242e+003,3.097714e+001
1.153724e+003,3.098064e+001
1.154206e+003,3.098436e+001
1.154688e+003,3.098852e+001
1.155170e+003,3.099333e+001
1.155653e+003,3.099888e+001
1.156135e+003,3.100519e+001
1.156617e+003,3.101212e+001
1.157099e+003,3.101938e+001
1.157581e+003,3.102672e+001
1.158063e+003,3.103398e+001
1.158545e+003,3.104117e+001
1.159027e+003,3.104853e+001
1.159510e+003,3.105648e+001
1.159992e+003,3.106551e+001
1.160474e+003,3.107607e+001
1.160956e+003,3.108846e+001
1.161438e+003,3.110280e+001
1.161920e+003,3.111903e+001
1.162402e+003,3.113691e+001
1.162885e+003,3.115619e+001
1.163367e+003,3.117662e+001
1.163849e+003,3.119800e+001
1.164331e+003,3.122018e+001
1.164813e+003,3.124308e+001
1.165295e+003,3.126661e+001
1.165777e+003,3.129074e+001
1.166259e+003,3.131544e+001
1.166741e+003,3.134077e+001
1.167224e+003,3.136681e+001
1.167706e+003,3.139370e+001
1.168188e+003,3.142157e+001
1.168670e+003,3.145050e+001
1.169152e+003,3.148054e+001
1.169634e+003,3.151162e+001
1.170116e+003,3.154365e+001
1.170598e+003,3.157652e+001
1.171081e+003,3.161022e+001
1.171563e+003,3.164480e+001
1.172045e+003,3.168040e+001
1.172527e+003,3.171721e+001
1.173009e+003,3.175533e+001
1.173491e+003,3.179477e+001
1.173973e+003,3.183537e+001
1.174455e+003,3.187679e+001
1.174938e+003,3.191852e+001
1.175420e+003,3.196008e+001
1.175902e+003,3.200106e+001
1.176384e+003,3.204123e+001
1.176866e+003,3.208070e+001
1.177348e+003,3.211986e+001
1.177830e+003,3.215934e+001
1.178313e+003,3.219989e+001
1.178795e+003,3.224210e+001
1.179277e+003,3.228634e+001
1.179759e+003,3.233254e+001
1.180241e+003,3.238025e+001
1.180723e+003,3.242876e+001
1.181205e+003,3.247733e+001
1.181687e+003,3.252541e+001
1.182169e+003,3.257293e+001
1.182652e+003,3.262017e+001
1.183134e+003,3.266781e+001
1.183616e+003,3.271659e+001
1.184098e+003,3.276711e+001
1.184580e+003,3.281954e+001
1.185062e+003,3.287366e+001
1.185544e+003,3.292879e+001
1.186026e+003,3.298408e+001
1.186509e+003,3.303873e+001
1.186991e+003,3.309220e+001
1.187473e+003,3.314430e+001
1.187955e+003,3.319526e+001
1.188437e+003,3.324553e+001
1.188919e+003,3.329567e+001
1.189401e+003,3.334617e+001
1.189883e+003,3.339735e+001
1.190366e+003,3.344926e+001
1.190848e+003,3.350170e+001
1.191330e+003,3.355432e+001
1.191812e+003,3.360667e+001
1.192294e+003,3.365829e+001
1.192776e+003,3.370884e+001
1.193258e+003,3.375808e+001
1.193740e+003,3.380598e+001
1.194223e+003,3.385268e+001
1.194705e+003,3.389842e+001
1.195187e+003,3.394350e+001
1.195669e+003,3.398821e+001
1.196151e+003,3.403271e+001
1.196633e+003,3.407711e+001
1.197115e+003,3.412138e+001
1.197597e+003,3.416542e+001
1.198080e+003,3.420905e+001
1.198562e+003,3.425210e+001
1.199044e+003,3.429443e+001
1.199526e+003,3.433595e+001
1.200008e+003,3.437662e+001
1.200490e+003,3.441654e+001
1.200972e+003,3.445583e+001
1.201454e+003,3.449469e+001
1.201937e+003,3.453327e+001
1.202419e+003,3.457161e+001
1.202901e+003,3.460962e+001
1.203383e+003,3.464705e+001
1.203865e+003,3.468349e+001
1.204347e+003,3.471849e+001
1.204829e+003,3.475173e+001
1.205312e+003,3.478293e+001
1.205794e+003,3.481206e+001
1.206276e+003,3.483926e+001
1.206758e+003,3.486475e+001
1.207240e+003,3.488885e+001
1.207722e+003,3.491182e+001
1.208204e+003,3.493385e+001
1.208686e+003,3.495506e+001
1.209168e+003,3.497545e+001
1.209651e+003,3.499490e+001
1.210133e+003,3.501330e+001
1.210615e+003,3.503049e+001
1.211097e+003,3.504639e+001
1.211579e+003,3.506112e+001
1.212061e+003,3.507491e+001
1.212543e+003,3.508815e+001
1.213025e+003,3.510128e+001
1.213508e+003,3.511457e+001
1.213990e+003,3.512801e+001
1.214472e+003,3.514126e+001
1.214954e+003,3.515368e+001
1.215436e+003,3.516453e+001
1.215918e+003,3.517322e+001
1.216400e+003,3.517954e+001
1.216882e+003,3.518377e+001
1.217365e+003,3.518657e+001
1.217847e+003,3.518880e+001
1.218329e+003,3.519125e+001
1.218811e+003,3.519434e+001
1.219293e+003,3.519807e+001
1.219775e+003,3.520206e+001
1.220257e+003,3.520572e+001
1.220740e+003,3.520852e+001
1.221222e+003,3.521008e+001
1.221704e+003,3.521030e+001
1.222186e+003,3.520919e+001
1.222668e+003,3.520687e+001
1.223150e+003,3.520329e+001
1.223632e+003,3.519833e+001
1.224114e+003,3.519168e+001
1.224596e+003,3.518306e+001
1.225079e+003,3.517225e+001
1.225561e+003,3.515925e+001
1.226043e+003,3.514427e+001
1.226525e+003,3.512773e+001
1.227007e+003,3.511022e+001
1.227489e+003,3.509240e+001
1.227971e+003,3.507496e+001
1.228453e+003,3.505854e+001
1.228936e+003,3.504361e+001
1.229418e+003,3.503043e+001
1.229900e+003,3.501902e+001
1.230382e+003,3.500908e+001
1.230864e+003,3.500011e+001
1.231346e+003,3.499150e+001
1.231828e+003,3.498260e+001
1.232310e+003,3.497287e+001
1.232792e+003,3.496192e+001
1.233275e+003,3.494954e+001
1.233757e+003,3.493566e+001
1.234239e+003,3.492032e+001
1.234721e+003,3.490365e+001
1.235203e+003,3.488589e+001
1.235685e+003,3.486735e+001
1.236167e+003,3.484844e+001
1.236650e+003,3.482959e+001
1.237132e+003,3.481119e+001
1.237614e+003,3.479348e+001
1.238096e+003,3.477655e+001
1.238578e+003,3.476037e+001
1.239060e+003,3.474485e+001
1.239542e+003,3.472998e+001
1.240024e+003,3.471588e+001
1.240507e+003,3.470279e+001
1.240989e+003,3.469101e+001
1.241471e+003,3.468073e+001
1.241953e+003,3.467193e+001
1.242435e+003,3.466430e+001
1.242917e+003,3.465733e+001
1.243399e+003,3.465042e+001
1.243881e+003,3.464305e+001
1.244364e+003,3.463496e+001
1.244846e+003,3.462619e+001
1.245328e+003,3.461713e+001
1.245810e+003,3.460829e+001
1.246292e+003,3.460027e+001
1.246774e+003,3.459355e+001
1.247256e+003,3.458850e+001
1.247738e+003,3.458530e+001
1.248220e+003,3.458392e+001
1.248703e+003,3.458422e+001
1.249185e+003,3.458591e+001
1.249667e+003,3.458865e+001
1.250149e+003,3.459207e+001
1.250631e+003,3.459583e+001
1.251113e+003,3.459968e+001
1.251595e+003,3.460358e+001
1.252078e+003,3.460759e+001
1.252560e+003,3.461191e+001
1.253042e+003,3.461676e+001
1.253524e+003,3.462234e+001
1.254006e+003,3.462868e+001
1.254488e+003,3.463573e+001
1.254970e+003,3.464331e+001
1.255452e+003,3.465124e+001
1.255935e+003,3.465935e+001
1.256417e+003,3.466761e+001
1.256899e+003,3.467609e+001
1.257381e+003,3.468500e+001
1.257863e+003,3.469461e+001
1.258345e+003,3.470529e+001
1.258827e+003,3.471740e+001
1.259309e+003,3.473128e+001
1.259792e+003,3.474714e+001
1.260274e+003,3.476502e+001
1.260756e+003,3.478465e+001
1.261238e+003,3.480553e+001
1.261720e+003,3.482684e+001
1.262202e+003,3.484774e+001
1.262684e+003,3.486738e+001
1.263166e+003,3.488523e+001
1.263648e+003,3.490109e+001
1.264131e+003,3.491522e+001
1.264613e+003,3.492823e+001
1.265095e+003,3.494094e+001
1.265577e+003,3.495424e+001
1.266059e+003,3.496889e+001
1.266541e+003,3.498542e+001
1.267023e+003,3.500402e+001
1.267505e+003,3.502458e+001
1.267988e+003,3.504668e+001
1.268470e+003,3.506976e+001
1.268952e+003,3.509313e+001
1.269434e+003,3.511620e+001
1.269916e+003,3.513859e+001
1.270398e+003,3.516011e+001
1.270880e+003,3.518097e+001
1.271363e+003,3.520154e+001
1.271845e+003,3.522236e+001
1.272327e+003,3.524395e+001
1.272809e+003,3.526671e+001
1.273291e+003,3.529084e+001
1.273773e+003,3.531632e+001
1.274255e+003,3.534303e+001
1.274737e+003,3.537073e+001
1.275219e+003,3.539913e+001
1.275702e+003,3.542794e+001
1.276184e+003,3.545681e+001
1.276666e+003,3.548540e+001
1.277148e+003,3.551337e+001
1.277630e+003,3.554045e+001
1.278112e+003,3.556656e+001
1.278594e+003,3.559182e+001
1.279076e+003,3.561651e+001
1.279559e+003,3.564111e+001
1.280041e+003,3.566602e+001
1.280523e+003,3.569159e+001
1.281005e+003,3.571796e+001
1.281487e+003,3.574515e+001
1.281969e+003,3.577304e+001
1.282451e+003,3.580149e+001
1.282933e+003,3.583044e+001
1.283416e+003,3.585986e+001
1.283898e+003,3.588973e+001
1.284380e+003,3.592005e+001
1.284862e+003,3.595070e+001
1.285344e+003,3.598151e+001
1.285826e+003,3.601230e+001
1.286308e+003,3.604289e+001
1.286791e+003,3.607315e+001
1.287273e+003,3.610304e+001
1.287755e+003,3.613257e+001
1.288237e+003,3.616173e+001
1.288719e+003,3.619053e+001
1.289201e+003,3.621898e+001
1.289683e+003,3.624717e+001
1.290165e+003,3.627528e+001
1.290647e+003,3.630358e+001
1.291130e+003,3.633229e+001
1.291612e+003,3.636162e+001
1.292094e+003,3.639153e+001
1.292576e+003,3.642182e+001
1.293058e+003,3.645215e+001
1.293540e+003,3.648206e+001
1.294022e+003,3.651118e+001
1.294504e+003,3.653936e+001
1.294987e+003,3.656662e+001
1.295469e+003,3.659317e+001
1.295951e+003,3.661938e+001
1.296433e+003,3.664566e+001
1.296915e+003,3.667241e+001
1.297397e+003,3.669999e+001
1.297879e+003,3.672865e+001
1.298361e+003,3.675851e+001
1.298844e+003,3.678959e+001
1.299326e+003,3.682168e+001
1.299808e+003,3.685440e+001
1.300290e+003,3.688721e+001
1.300772e+003,3.691964e+001
1.301254e+003,3.695121e+001
1.301736e+003,3.698172e+001
1.302219e+003,3.701116e+001
1.302701e+003,3.703974e+001
1.303183e+003,3.706772e+001
1.303665e+003,3.709537e+001
1.304147e+003,3.712281e+001
1.304629e+003,3.715008e+001
1.305111e+003,3.717710e+001
1.305593e+003,3.720380e+001
1.306075e+003,3.723011e+001
1.306558e+003,3.725600e+001
1.307040e+003,3.728145e+001
1.307522e+003,3.730638e+001
1.308004e+003,3.733069e+001
1.308486e+003,3.735428e+001
1.308968e+003,3.737710e+001
1.309450e+003,3.739925e+001
1.309932e+003,3.742089e+001
1.310415e+003,3.744232e+001
1.310897e+003,3.746383e+001
1.311379e+003,3.748571e+001
1.311861e+003,3.750817e+001
1.312343e+003,3.753141e+001
1.312825e+003,3.755556e+001
1.313307e+003,3.758077e+001
1.313789e+003,3.760706e+001
1.314272e+003,3.763434e+001
1.314754e+003,3.766229e+001
1.315236e+003,3.769038e+001
1.315718e+003,3.771797e+001
1.316200e+003,3.774452e+001
1.316682e+003,3.776973e+001
1.317164e+003,3.779375e+001
1.317646e+003,3.781712e+001
1.318129e+003,3.784066e+001
1.318611e+003,3.786519e+001
1.319093e+003,3.789126e+001
1.319575e+003,3.791901e+001
1.320057e+003,3.794817e+001
1.320539e+003,3.797818e+001
1.321021e+003,3.800841e+001
1.321503e+003,3.803834e+001
1.321986e+003,3.806762e+001
1.322468e+003,3.809608e+001
1.322950e+003,3.812359e+001
1.323432e+003,3.815011e+001
1.323914e+003,3.817557e+001
1.324396e+003,3.820002e+001
1.324878e+003,3.822359e+001
1.325360e+003,3.824658e+001
1.325843e+003,3.826936e+001
1.326325e+003,3.829220e+001
1.326807e+003,3.831527e+001
1.327289e+003,3.833845e+001
1.327771e+003,3.836152e+001
1.328253e+003,3.838413e+001
1.328735e+003,3.840611e+001
1.329218e+003,3.842740e+001
1.329700e+003,3.844821e+001
1.330182e+003,3.846880e+001
1.330664e+003,3.848941e+001
1.331146e+003,3.851012e+001
1.331628e+003,3.853087e+001
1.332110e+003,3.855143e+001
1.332592e+003,3.857161e+001
1.333074e+003,3.859122e+001
1.333557e+003,3.861014e+001
1.334039e+003,3.862824e+001
1.334521e+003,3.864536e+001
1.335003e+003,3.866122e+001
1.335485e+003,3.867556e+001
1.335967e+003,3.868816e+001
1.336449e+003,3.869913e+001
1.336931e+003,3.870889e+001
1.337414e+003,3.871827e+001
1.337896e+003,3.872838e+001
1.338378e+003,3.874038e+001
1.338860e+003,3.875523e+001
1.339342e+003,3.877343e+001
1.339824e+003,3.879493e+001
1.340306e+003,3.881914e+001
1.340788e+003,3.884510e+001
1.341271e+003,3.887167e+001
1.341753e+003,3.889775e+001
1.342235e+003,3.892239e+001
1.342717e+003,3.894493e+001
1.343199e+003,3.896504e+001
1.343681e+003,3.898273e+001
1.344163e+003,3.899835e+001
1.344646e+003,3.901250e+001
1.345128e+003,3.902586e+001
1.345610e+003,3.903903e+001
1.346092e+003,3.905243e+001
1.346574e+003,3.906617e+001
1.347056e+003,3.908019e+001
1.347538e+003,3.909430e+001
1.348020e+003,3.910834e+001
1.348502e+003,3.912216e+001
1.348985e+003,3.913567e+001
1.349467e+003,3.914870e+001
1.349949e+003,3.916103e+001
1.350431e+003,3.917235e+001
1.350913e+003,3.918242e+001
1.351395e+003,3.919117e+001
1.351877e+003,3.919888e+001
1.352359e+003,3.920610e+001
1.352842e+003,3.921358e+001
1.353324e+003,3.922210e+001
1.353806e+003,3.923216e+001
1.354288e+003,3.924395e+001
1.354770e+003,3.925733e+001
1.355252e+003,3.927190e+001
1.355734e+003,3.928720e+001
1.356216e+003,3.930278e+001
1.356698e+003,3.931822e+001
1.357181e+003,3.933302e+001
1.357663e+003,3.934660e+001
1.358145e+003,3.935818e+001
1.358627e+003,3.936697e+001
1.359109e+003,3.937233e+001
1.359591e+003,3.937399e+001
1.360073e+003,3.937233e+001
1.360556e+003,3.936845e+001
1.361038e+003,3.936408e+001
1.361520e+003,3.936128e+001
1.362002e+003,3.936210e+001
1.362484e+003,3.936802e+001
1.362966e+003,3.937963e+001
1.363448e+003,3.939647e+001
1.363930e+003,3.941721e+001
1.364413e+003,3.944007e+001
1.364895e+003,3.946322e+001
1.365377e+003,3.948510e+001
1.365859e+003,3.950473e+001
1.366341e+003,3.952166e+001
1.366823e+003,3.953609e+001
1.367305e+003,3.954866e+001
1.367787e+003,3.956019e+001
1.368270e+003,3.957141e+001
1.368752e+003,3.958257e+001
1.369234e+003,3.959328e+001
1.369716e+003,3.960262e+001
1.370198e+003,3.960938e+001
1.370680e+003,3.961255e+001
1.371162e+003,3.961170e+001
1.371644e+003,3.960718e+001
1.372126e+003,3.960017e+001
1.372609e+003,3.959254e+001
1.373091e+003,3.958641e+001
1.373573e+003,3.958367e+001
1.374055e+003,3.958558e+001
1.374537e+003,3.959245e+001
1.375019e+003,3.960364e+001
1.375501e+003,3.961792e+001
1.375984e+003,3.963379e+001
1.376466e+003,3.964992e+001
1.376948e+003,3.966526e+001
1.377430e+003,3.967919e+001
1.377912e+003,3.969151e+001
1.378394e+003,3.970236e+001
1.378876e+003,3.971222e+001
1.379358e+003,3.972170e+001
1.379841e+003,3.973142e+001
1.380323e+003,3.974169e+001
1.380805e+003,3.975245e+001
1.381287e+003,3.976320e+001
1.381769e+003,3.977314e+001
1.382251e+003,3.978135e+001
1.382733e+003,3.978699e+001
1.383215e+003,3.978958e+001
1.383698e+003,3.978893e+001
1.384180e+003,3.978521e+001
1.384662e+003,3.977888e+001
1.385144e+003,3.977061e+001
1.385626e+003,3.976132e+001
1.386108e+003,3.975214e+001
1.386590e+003,3.974434e+001
1.387072e+003,3.973901e+001
1.387554e+003,3.973676e+001
1.388037e+003,3.973740e+001
1.388519e+003,3.973988e+001
1.389001e+003,3.974255e+001
1.389483e+003,3.974358e+001
1.389965e+003,3.974141e+001
1.390447e+003,3.973491e+001
1.390929e+003,3.972356e+001
1.391411e+003,3.970733e+001
1.391894e+003,3.968650e+001
1.392376e+003,3.966164e+001
1.392858e+003,3.963347e+001
1.393340e+003,3.960305e+001
1.393822e+003,3.957164e+001
1.394304e+003,3.954073e+001
1.394786e+003,3.951178e+001
1.395269e+003,3.948573e+001
1.395751e+003,3.946284e+001
1.396233e+003,3.944265e+001
1.396715e+003,3.942423e+001
1.397197e+003,3.940666e+001
1.397679e+003,3.938942e+001
1.398161e+003,3.937251e+001
1.398643e+003,3.935642e+001
1.399125e+003,3.934173e+001
1.399608e+003,3.932864e+001
1.400090e+003,3.931670e+001
1.400572e+003,3.930479e+001
1.401054e+003,3.929145e+001
1.401536e+003,3.927530e+001
1.402018e+003,3.925540e+001
1.402500e+003,3.923141e+001
1.402982e+003,3.920362e+001
1.403465e+003,3.917279e+001
1.403947e+003,3.914003e+001
1.404429e+003,3.910649e+001
1.404911e+003,3.907325e+001
1.405393e+003,3.904113e+001
1.405875e+003,3.901062e+001
1.406357e+003,3.898186e+001
1.406839e+003,3.895465e+001
1.407322e+003,3.892854e+001
1.407804e+003,3.890287e+001
1.408286e+003,3.887693e+001
1.408768e+003,3.885026e+001
1.409250e+003,3.882265e+001
1.409732e+003,3.879438e+001
1.410214e+003,3.876602e+001
1.410697e+003,3.873829e+001
1.411179e+003,3.871159e+001
1.411661e+003,3.868587e+001
1.412143e+003,3.866044e+001
1.412625e+003,3.863417e+001
1.413107e+003,3.860586e+001
1.413589e+003,3.857450e+001
1.414071e+003,3.853951e+001
1.414553e+003,3.850079e+001
1.415036e+003,3.845849e+001
1.415518e+003,3.841294e+001
1.416000e+003,3.836449e+001
1.416482e+003,3.831366e+001
1.416964e+003,3.826134e+001
1.417446e+003,3.820910e+001
1.417928e+003,3.815924e+001
1.418410e+003,3.811440e+001
1.418893e+003,3.807660e+001
1.419375e+003,3.804623e+001
1.419857e+003,3.802174e+001
1.420339e+003,3.800019e+001
1.420821e+003,3.797849e+001
1.421303e+003,3.795428e+001
1.421785e+003,3.792646e+001
1.422267e+003,3.789508e+001
1.422750e+003,3.786103e+001
1.423232e+003,3.782563e+001
1.423714e+003,3.779019e+001
1.424196e+003,3.775572e+001
1.424678e+003,3.772260e+001
1.425160e+003,3.769063e+001
1.425642e+003,3.765909e+001
1.426125e+003,3.762701e+001
1.426607e+003,3.759343e+001
1.427089e+003,3.755753e+001
1.427571e+003,3.751883e+001
1.428053e+003,3.747729e+001
1.428535e+003,3.743345e+001
1.429017e+003,3.738835e+001
1.429499e+003,3.734337e+001
1.429981e+003,3.729991e+001
1.430464e+003,3.725889e+001
1.430946e+003,3.722050e+001
1.431428e+003,3.718410e+001
1.431910e+003,3.714861e+001
1.432392e+003,3.711267e+001
1.432874e+003,3.707512e+001
1.433356e+003,3.703514e+001
1.433838e+003,3.699230e+001
1.434321e+003,3.694663e+001
1.434803e+003,3.689864e+001
1.435285e+003,3.684950e+001
1.435767e+003,3.680109e+001
1.436249e+003,3.675578e+001
1.436731e+003,3.671578e+001
1.437213e+003,3.668230e+001
1.437696e+003,3.665501e+001
1.438177e+003,3.663219e+001
1.438660e+003,3.661135e+001
1.439142e+003,3.659008e+001
1.439624e+003,3.656651e+001
1.440106e+003,3.653947e+001
1.440588e+003,3.650866e+001
1.441070e+003,3.647434e+001
1.441552e+003,3.643723e+001
1.442035e+003,3.639814e+001
1.442517e+003,3.635767e+001
1.442999e+003,3.631608e+001
1.443481e+003,3.627325e+001
1.443963e+003,3.622882e+001
1.444445e+003,3.618246e+001
1.444927e+003,3.613403e+001
1.445409e+003,3.608364e+001
1.445892e+003,3.603173e+001
1.446374e+003,3.597895e+001
1.446856e+003,3.592609e+001
1.447338e+003,3.587403e+001
1.447820e+003,3.582360e+001
1.448302e+003,3.577546e+001
1.448784e+003,3.572992e+001
1.449266e+003,3.568681e+001
1.449749e+003,3.564550e+001
1.450231e+003,3.560503e+001
1.450713e+003,3.556424e+001
1.451195e+003,3.552211e+001
1.451677e+003,3.547789e+001
1.452159e+003,3.543116e+001
1.452641e+003,3.538175e+001
1.453124e+003,3.532949e+001
1.453605e+003,3.527397e+001
1.454088e+003,3.521438e+001
1.454570e+003,3.514957e+001
1.455052e+003,3.507856e+001
1.455534e+003,3.500141e+001
1.456016e+003,3.492048e+001
1.456498e+003,3.484131e+001
1.456980e+003,3.477181e+001
1.457463e+003,3.471921e+001
1.457945e+003,3.468646e+001
1.458427e+003,3.467105e+001
1.458909e+003,3.466701e+001
1.459391e+003,3.466793e+001
1.459873e+003,3.466885e+001
1.460355e+003,3.466663e+001
1.460837e+003,3.465962e+001
1.461320e+003,3.464705e+001
1.461802e+003,3.462874e+001
1.462284e+003,3.460491e+001
1.462766e+003,3.457627e+001
1.463248e+003,3.454416e+001
1.463730e+003,3.451059e+001
1.464212e+003,3.447800e+001
1.464694e+003,3.444869e+001
1.465177e+003,3.442396e+001
1.465659e+003,3.440366e+001
1.466141e+003,3.438620e+001
1.466623e+003,3.436926e+001
1.467105e+003,3.435057e+001
1.467587e+003,3.432840e+001
1.468069e+003,3.430172e+001
1.468552e+003,3.427015e+001
1.469033e+003,3.423359e+001
1.469516e+003,3.419210e+001
1.469998e+003,3.414587e+001
1.470480e+003,3.409538e+001
1.470962e+003,3.404174e+001
1.471444e+003,3.398702e+001
1.471926e+003,3.393431e+001
1.472408e+003,3.388707e+001
1.472891e+003,3.384798e+001
1.473373e+003,3.381799e+001
1.473855e+003,3.379602e+001
1.474337e+003,3.377982e+001
1.474819e+003,3.376691e+001
1.475301e+003,3.375539e+001
1.475783e+003,3.374401e+001
1.476265e+003,3.373205e+001
1.476748e+003,3.371889e+001
1.477230e+003,3.370378e+001
1.477712e+003,3.368583e+001
1.478194e+003,3.366416e+001
1.478676e+003,3.363820e+001
1.479158e+003,3.360786e+001
1.479640e+003,3.357365e+001
1.480122e+003,3.353652e+001
1.480604e+003,3.349771e+001
1.481087e+003,3.345832e+001
1.481569e+003,3.341907e+001
1.482051e+003,3.338013e+001
1.482533e+003,3.334113e+001
1.483015e+003,3.330139e+001
1.483497e+003,3.326013e+001
1.483979e+003,3.321665e+001
1.484461e+003,3.317041e+001
1.484944e+003,3.312103e+001
1.485426e+003,3.306828e+001
1.485908e+003,3.301217e+001
1.486390e+003,3.295297e+001
1.486872e+003,3.289138e+001
1.487354e+003,3.282856e+001
1.487836e+003,3.276613e+001
1.488319e+003,3.270603e+001
1.488801e+003,3.265023e+001
1.489283e+003,3.260036e+001
1.489765e+003,3.255734e+001
1.490247e+003,3.252106e+001
1.490729e+003,3.249042e+001
1.491211e+003,3.246360e+001
1.491693e+003,3.243850e+001
1.492176e+003,3.241305e+001
1.492658e+003,3.238543e+001
1.493140e+003,3.235412e+001
1.493622e+003,3.231795e+001
1.494104e+003,3.227615e+001
1.494586e+003,3.222853e+001
1.495068e+003,3.217563e+001
1.495550e+003,3.211878e+001
1.496032e+003,3.206013e+001
1.496515e+003,3.200216e+001
1.496997e+003,3.194716e+001
1.497479e+003,3.189673e+001
1.497961e+003,3.185148e+001
1.498443e+003,3.181112e+001
1.498925e+003,3.177479e+001
1.499407e+003,3.174125e+001
1.499890e+003,3.170902e+001
1.500372e+003,3.167647e+001
1.500854e+003,3.164190e+001
1.501336e+003,3.160376e+001
1.501818e+003,3.156073e+001
1.502300e+003,3.151183e+001
1.502782e+003,3.145631e+001
1.503264e+003,3.139352e+001
1.503747e+003,3.132273e+001
1.504229e+003,3.124307e+001
1.504711e+003,3.115386e+001
1.505193e+003,3.105557e+001
1.505675e+003,3.095141e+001
1.506157e+003,3.084880e+001
1.506639e+003,3.075849e+001
1.507121e+003,3.069006e+001
1.507604e+003,3.064638e+001
1.508086e+003,3.062263e+001
1.508568e+003,3.061024e+001
1.509050e+003,3.060124e+001
1.509532e+003,3.059036e+001
1.510014e+003,3.057490e+001
1.510496e+003,3.055392e+001
1.510979e+003,3.052742e+001
1.511460e+003,3.049577e+001
1.511943e+003,3.045929e+001
1.512425e+003,3.041808e+001
1.512907e+003,3.037203e+001
1.513389e+003,3.032095e+001
1.513871e+003,3.026471e+001
1.514353e+003,3.020354e+001
1.514835e+003,3.013818e+001
1.515318e+003,3.006996e+001
1.515800e+003,3.000078e+001
1.516282e+003,2.993277e+001
1.516764e+003,2.986782e+001
1.517246e+003,2.980689e+001
1.517728e+003,2.974977e+001
1.518210e+003,2.969511e+001
1.518692e+003,2.964093e+001
1.519175e+003,2.958508e+001
1.519657e+003,2.952589e+001
1.520139e+003,2.946261e+001
1.520621e+003,2.939598e+001
1.521103e+003,2.932836e+001
1.521585e+003,2.926305e+001
1.522067e+003,2.920306e+001
1.522549e+003,2.914981e+001
1.523031e+003,2.910270e+001
1.523514e+003,2.905976e+001
1.523996e+003,2.901866e+001
1.524478e+003,2.897758e+001
1.524960e+003,2.893560e+001
1.525442e+003,2.889286e+001
1.525924e+003,2.885026e+001
1.526406e+003,2.880899e+001
1.526888e+003,2.876996e+001
1.527371e+003,2.873334e+001
1.527853e+003,2.869844e+001
1.528335e+003,2.866401e+001
1.528817e+003,2.862861e+001
1.529299e+003,2.859105e+001
1.529781e+003,2.855052e+001
1.530263e+003,2.850671e+001
1.530746e+003,2.845969e+001
1.531228e+003,2.841003e+001
1.531710e+003,2.835879e+001
1.532192e+003,2.830776e+001
1.532674e+003,2.825930e+001
1.533156e+003,2.821591e+001
1.533638e+003,2.817921e+001
1.534120e+003,2.814916e+001
1.534603e+003,2.812383e+001
1.535085e+003,2.810009e+001
1.535567e+003,2.807453e+001
1.536049e+003,2.804412e+001
1.536531e+003,2.800647e+001
1.537013e+003,2.795978e+001
1.537495e+003,2.790293e+001
1.537977e+003,2.783566e+001
1.538459e+003,2.775928e+001
1.538942e+003,2.767745e+001
1.539424e+003,2.759662e+001
1.539906e+003,2.752482e+001
1.540388e+003,2.746860e+001
1.540870e+003,2.742987e+001
1.541352e+003,2.740562e+001
1.541834e+003,2.739035e+001
1.542316e+003,2.737885e+001
1.542799e+003,2.736754e+001
1.543281e+003,2.735460e+001
1.543763e+003,2.733949e+001
1.544245e+003,2.732241e+001
1.544727e+003,2.730379e+001
1.545209e+003,2.728392e+001
1.545691e+003,2.726267e+001
1.546174e+003,2.723947e+001
1.546656e+003,2.721340e+001
1.547138e+003,2.718348e+001
1.547620e+003,2.714900e+001
1.548102e+003,2.710981e+001
1.548584e+003,2.706656e+001
1.549066e+003,2.702070e+001
1.549548e+003,2.697413e+001
1.550031e+003,2.692867e+001
1.550513e+003,2.688540e+001
1.550995e+003,2.684434e+001
1.551477e+003,2.680450e+001
1.551959e+003,2.676437e+001
1.552441e+003,2.672245e+001
1.552923e+003,2.667776e+001
1.553405e+003,2.663005e+001
1.553887e+003,2.657971e+001
1.554370e+003,2.652749e+001
1.554852e+003,2.647400e+001
1.555334e+003,2.641937e+001
1.555816e+003,2.636308e+001
1.556298e+003,2.630417e+001
1.556780e+003,2.624182e+001
1.557262e+003,2.617625e+001
1.557744e+003,2.611024e+001
1.558227e+003,2.605004e+001
1.558709e+003,2.600421e+001
1.559191e+003,2.597864e+001
1.559673e+003,2.597157e+001
1.560155e+003,2.597487e+001
1.560637e+003,2.597968e+001
1.561119e+003,2.598023e+001
1.561602e+003,2.597404e+001
1.562083e+003,2.596065e+001
1.562566e+003,2.594061e+001
1.563048e+003,2.591499e+001
1.563530e+003,2.588517e+001
1.564012e+003,2.585276e+001
1.564494e+003,2.581933e+001
1.564976e+003,2.578614e+001
1.565458e+003,2.575364e+001
1.565941e+003,2.572144e+001
1.566423e+003,2.568845e+001
1.566905e+003,2.565336e+001
1.567387e+003,2.561521e+001
1.567869e+003,2.557399e+001
1.568351e+003,2.553099e+001
1.568833e+003,2.548878e+001
1.569315e+003,2.545054e+001
1.569798e+003,2.541888e+001
1.570280e+003,2.539462e+001
1.570762e+003,2.537653e+001
1.571244e+003,2.536198e+001
1.571726e+003,2.534795e+001
1.572208e+003,2.533189e+001
1.572690e+003,2.531196e+001
1.573172e+003,2.528702e+001
1.573655e+003,2.525648e+001
1.574137e+003,2.522039e+001
1.574619e+003,2.517967e+001
1.575101e+003,2.513642e+001
1.575583e+003,2.509399e+001
1.576065e+003,2.505624e+001
1.576547e+003,2.502608e+001
1.577030e+003,2.500423e+001
1.577511e+003,2.498907e+001
1.577994e+003,2.497763e+001
1.578476e+003,2.496697e+001
1.578958e+003,2.495490e+001
1.579440e+003,2.494029e+001
1.579922e+003,2.492289e+001
1.580404e+003,2.490310e+001
1.580886e+003,2.488161e+001
1.581369e+003,2.485913e+001
1.581851e+003,2.483627e+001
1.582333e+003,2.481336e+001
1.582815e+003,2.479061e+001
1.583297e+003,2.476814e+001
1.583779e+003,2.474611e+001
1.584261e+003,2.472473e+001
1.584743e+003,2.470417e+001
1.585226e+003,2.468457e+001
1.585708e+003,2.466588e+001
1.586190e+003,2.464795e+001
1.586672e+003,2.463056e+001
1.587154e+003,2.461354e+001
1.587636e+003,2.459678e+001
1.588118e+003,2.458029e+001
1.588600e+003,2.456409e+001
1.589083e+003,2.454818e+001
1.589565e+003,2.453254e+001
1.590047e+003,2.451711e+001
1.590529e+003,2.450187e+001
1.591011e+003,2.448693e+001
1.591493e+003,2.447244e+001
1.591975e+003,2.445862e+001
1.592458e+003,2.444563e+001
1.592939e+003,2.443354e+001
1.593422e+003,2.442232e+001
1.593904e+003,2.441191e+001
1.594386e+003,2.440228e+001
1.594868e+003,2.439343e+001
1.595350e+003,2.438540e+001
1.595832e+003,2.437814e+001
1.596314e+003,2.437135e+001
1.596797e+003,2.436452e+001
1.597279e+003,2.435699e+001
1.597761e+003,2.434807e+001
1.598243e+003,2.433730e+001
1.598725e+003,2.432457e+001
1.599207e+003,2.431020e+001
1.599689e+003,2.429479e+001
1.600171e+003,2.427912e+001
1.600654e+003,2.426395e+001
1.601136e+003,2.424982e+001
1.601618e+003,2.423706e+001
1.602100e+003,2.422581e+001
1.602582e+003,2.421598e+001
1.603064e+003,2.420741e+001
1.603546e+003,2.419984e+001
1.604028e+003,2.419284e+001
1.604510e+003,2.418596e+001
1.604993e+003,2.417873e+001
1.605475e+003,2.417079e+001
1.605957e+003,2.416196e+001
1.606439e+003,2.415236e+001
1.606921e+003,2.414227e+001
1.607403e+003,2.413212e+001
1.607885e+003,2.412220e+001
1.608367e+003,2.411263e+001
1.608850e+003,2.410323e+001
1.609332e+003,2.409370e+001
1.609814e+003,2.408366e+001
1.610296e+003,2.407285e+001
1.610778e+003,2.406115e+001
1.611260e+003,2.404855e+001
1.611742e+003,2.403506e+001
1.612225e+003,2.402060e+001
1.612707e+003,2.400500e+001
1.613189e+003,2.398810e+001
1.613671e+003,2.396980e+001
1.614153e+003,2.395029e+001
1.614635e+003,2.393012e+001
1.615117e+003,2.391033e+001
1.615599e+003,2.389231e+001
1.616082e+003,2.387747e+001
1.616564e+003,2.386671e+001
1.617046e+003,2.385993e+001
1.617528e+003,2.385598e+001
1.618010e+003,2.385318e+001
1.618492e+003,2.384988e+001
1.618974e+003,2.384492e+001
1.619456e+003,2.383767e+001
1.619938e+003,2.382792e+001
1.620421e+003,2.381584e+001
1.620903e+003,2.380193e+001
1.621385e+003,2.378709e+001
1.621867e+003,2.377244e+001
1.622349e+003,2.375920e+001
1.622831e+003,2.374827e+001
1.623313e+003,2.373980e+001
1.623796e+003,2.373307e+001
1.624278e+003,2.372676e+001
1.624760e+003,2.371956e+001
1.625242e+003,2.371069e+001
1.625724e+003,2.370020e+001
1.626206e+003,2.368892e+001
1.626688e+003,2.367818e+001
1.627170e+003,2.366933e+001
1.627653e+003,2.366333e+001
1.628135e+003,2.366033e+001
1.628617e+003,2.365961e+001
1.629099e+003,2.365978e+001
1.629581e+003,2.365918e+001
1.630063e+003,2.365630e+001
1.630545e+003,2.365002e+001
1.631027e+003,2.363970e+001
1.631510e+003,2.362496e+001
1.631992e+003,2.360570e+001
1.632474e+003,2.358204e+001
1.632956e+003,2.355436e+001
1.633438e+003,2.352352e+001
1.633920e+003,2.349120e+001
1.634402e+003,2.346004e+001
1.634885e+003,2.343354e+001
1.635366e+003,2.341511e+001
1.635849e+003,2.340667e+001
1.636331e+003,2.340764e+001
1.636813e+003,2.341529e+001
1.637295e+003,2.342612e+001
1.637777e+003,2.343731e+001
1.638259e+003,2.344711e+001
1.638741e+003,2.345476e+001
1.639224e+003,2.345996e+001
1.639706e+003,2.346259e+001
1.640188e+003,2.346256e+001
1.640670e+003,2.345973e+001
1.641152e+003,2.345400e+001
1.641634e+003,2.344532e+001
1.642116e+003,2.343365e+001
1.642598e+003,2.341895e+001
1.643081e+003,2.340111e+001
1.643563e+003,2.338002e+001
1.644045e+003,2.335572e+001
1.644527e+003,2.332871e+001
1.645009e+003,2.330028e+001
1.645491e+003,2.327278e+001
1.645973e+003,2.324939e+001
1.646455e+003,2.323320e+001
1.646938e+003,2.322573e+001
1.647420e+003,2.322595e+001
1.647902e+003,2.323061e+001
1.648384e+003,2.323571e+001
1.648866e+003,2.323789e+001
1.649348e+003,2.323501e+001
1.649830e+003,2.322607e+001
1.650313e+003,2.321080e+001
1.650794e+003,2.318961e+001
1.651277e+003,2.316380e+001
1.651759e+003,2.313624e+001
1.652241e+003,2.311207e+001
1.652723e+003,2.309807e+001
1.653205e+003,2.309952e+001
1.653687e+003,2.311606e+001
1.654169e+003,2.314148e+001
1.654652e+003,2.316802e+001
1.655134e+003,2.319045e+001
1.655616e+003,2.320683e+001
1.656098e+003,2.321734e+001
1.656580e+003,2.322304e+001
1.657062e+003,2.322509e+001
1.657544e+003,2.322448e+001
1.658026e+003,2.322179e+001
1.658509e+003,2.321727e+001
1.658991e+003,2.321086e+001
1.659473e+003,2.320252e+001
1.659955e+003,2.319236e+001
1.660437e+003,2.318088e+001
1.660919e+003,2.316909e+001
1.661401e+003,2.315837e+001
1.661883e+003,2.315016e+001
1.662365e+003,2.314541e+001
1.662848e+003,2.314410e+001
1.663330e+003,2.314516e+001
1.663812e+003,2.314673e+001
1.664294e+003,2.314680e+001
1.664776e+003,2.314375e+001
1.665258e+003,2.313663e+001
1.665740e+003,2.312507e+001
1.666222e+003,2.310928e+001
1.666705e+003,2.308990e+001
1.667187e+003,2.306808e+001
1.667669e+003,2.304555e+001
1.668151e+003,2.302454e+001
1.668633e+003,2.300754e+001
1.669115e+003,2.299655e+001
1.669597e+003,2.299224e+001
1.670080e+003,2.299349e+001
1.670562e+003,2.299772e+001
1.671044e+003,2.300200e+001
1.671526e+003,2.300401e+001
1.672008e+003,2.300266e+001
1.672490e+003,2.299804e+001
1.672972e+003,2.299127e+001
1.673454e+003,2.298397e+001
1.673937e+003,2.297798e+001
1.674419e+003,2.297472e+001
1.674901e+003,2.297477e+001
1.675383e+003,2.297757e+001
1.675865e+003,2.298162e+001
1.676347e+003,2.298503e+001
1.676829e+003,2.298627e+001
1.677311e+003,2.298442e+001
1.677793e+003,2.297920e+001
1.678276e+003,2.297067e+001
1.678758e+003,2.295901e+001
1.679240e+003,2.294440e+001
1.679722e+003,2.292691e+001
1.680204e+003,2.290659e+001
1.680686e+003,2.288359e+001
1.681168e+003,2.285833e+001
1.681650e+003,2.283174e+001
1.682133e+003,2.280565e+001
1.682615e+003,2.278302e+001
1.683097e+003,2.276786e+001
1.683579e+003,2.276413e+001
1.684061e+003,2.277367e+001
1.684543e+003,2.279429e+001
1.685025e+003,2.282034e+001
1.685508e+003,2.284549e+001
1.685990e+003,2.286554e+001
1.686472e+003,2.287914e+001
1.686954e+003,2.288707e+001
1.687436e+003,2.289106e+001
1.687918e+003,2.289305e+001
1.688400e+003,2.289459e+001
1.688882e+003,2.289651e+001
1.689365e+003,2.289878e+001
1.689847e+003,2.290053e+001
1.690329e+003,2.290038e+001
1.690811e+003,2.289696e+001
1.691293e+003,2.288923e+001
1.691775e+003,2.287680e+001
1.692257e+003,2.285982e+001
1.692739e+003,2.283887e+001
1.693221e+003,2.281483e+001
1.693704e+003,2.278875e+001
1.694186e+003,2.276188e+001
1.694668e+003,2.273554e+001
1.695150e+003,2.271098e+001
1.695632e+003,2.268894e+001
1.696114e+003,2.266943e+001
1.696596e+003,2.265175e+001
1.697078e+003,2.263500e+001
1.697561e+003,2.261875e+001
1.698043e+003,2.260351e+001
1.698525e+003,2.259084e+001
1.699007e+003,2.258302e+001
1.699489e+003,2.258206e+001
1.699971e+003,2.258827e+001
1.700453e+003,2.259924e+001
1.700936e+003,2.261037e+001
1.701417e+003,2.261698e+001
1.701900e+003,2.261622e+001
1.702382e+003,2.260762e+001
1.702864e+003,2.259247e+001
1.703346e+003,2.257293e+001
1.703828e+003,2.255144e+001
1.704310e+003,2.253038e+001
1.704792e+003,2.251177e+001
1.705275e+003,2.249691e+001
1.705757e+003,2.248623e+001
1.706239e+003,2.247920e+001
1.706721e+003,2.247466e+001
1.707203e+003,2.247124e+001
1.707685e+003,2.246772e+001
1.708167e+003,2.246315e+001
1.708649e+003,2.245682e+001
1.709132e+003,2.244818e+001
1.709614e+003,2.243681e+001
1.710096e+003,2.242241e+001
1.710578e+003,2.240485e+001
1.711060e+003,2.238418e+001
1.711542e+003,2.236056e+001
1.712024e+003,2.233422e+001
1.712506e+003,2.230537e+001
1.712989e+003,2.227422e+001
1.713471e+003,2.224103e+001
1.713953e+003,2.220625e+001
1.714435e+003,2.217069e+001
1.714917e+003,2.213562e+001
1.715399e+003,2.210286e+001
1.715881e+003,2.207463e+001
1.716364e+003,2.205318e+001
1.716845e+003,2.204013e+001
1.717328e+003,2.203565e+001
1.717810e+003,2.203808e+001
1.718292e+003,2.204429e+001
1.718774e+003,2.205069e+001
1.719256e+003,2.205437e+001
1.719738e+003,2.205359e+001
1.720220e+003,2.204774e+001
1.720703e+003,2.203708e+001
1.721185e+003,2.202239e+001
1.721667e+003,2.200477e+001
1.722149e+003,2.198551e+001
1.722631e+003,2.196585e+001
1.723113e+003,2.194680e+001
1.723595e+003,2.192893e+001
1.724077e+003,2.191219e+001
1.724560e+003,2.189598e+001
1.725042e+003,2.187940e+001
1.725524e+003,2.186156e+001
1.726006e+003,2.184183e+001
1.726488e+003,2.182000e+001
1.726970e+003,2.179620e+001
1.727452e+003,2.177084e+001
1.727934e+003,2.174438e+001
1.728417e+003,2.171722e+001
1.728899e+003,2.168955e+001
1.729381e+003,2.166144e+001
1.729863e+003,2.163275e+001
1.730345e+003,2.160333e+001
1.730827e+003,2.157311e+001
1.731309e+003,2.154220e+001
1.731792e+003,2.151110e+001
1.732273e+003,2.148080e+001
1.732756e+003,2.145294e+001
1.733238e+003,2.142943e+001
1.733720e+003,2.141177e+001
1.734202e+003,2.140005e+001
1.734684e+003,2.139251e+001
1.735166e+003,2.138622e+001
1.735648e+003,2.137830e+001
1.736131e+003,2.136684e+001
1.736613e+003,2.135117e+001
1.737095e+003,2.133154e+001
1.737577e+003,2.130886e+001
1.738059e+003,2.128437e+001
1.738541e+003,2.125943e+001
1.739023e+003,2.123521e+001
1.739505e+003,2.121240e+001
1.739988e+003,2.119110e+001
1.740470e+003,2.117084e+001
1.740952e+003,2.115096e+001
1.741434e+003,2.113090e+001
1.741916e+003,2.111047e+001
1.742398e+003,2.108976e+001
1.742880e+003,2.106904e+001
1.743362e+003,2.104849e+001
1.743844e+003,2.102812e+001
1.744327e+003,2.100769e+001
1.744809e+003,2.098687e+001
1.745291e+003,2.096528e+001
1.745773e+003,2.094269e+001
1.746255e+003,2.091904e+001
1.746737e+003,2.089441e+001
1.747219e+003,2.086908e+001
1.747702e+003,2.084347e+001
1.748184e+003,2.081823e+001
1.748666e+003,2.079428e+001
1.749148e+003,2.077267e+001
1.749630e+003,2.075446e+001
1.750112e+003,2.074029e+001
1.750594e+003,2.073001e+001
1.751076e+003,2.072256e+001
1.751559e+003,2.071615e+001
1.752041e+003,2.070880e+001
1.752523e+003,2.069888e+001
1.753005e+003,2.068546e+001
1.753487e+003,2.066843e+001
1.753969e+003,2.064822e+001
1.754451e+003,2.062568e+001
1.754933e+003,2.060181e+001
1.755416e+003,2.057757e+001
1.755898e+003,2.055380e+001
1.756380e+003,2.053108e+001
1.756862e+003,2.050961e+001
1.757344e+003,2.048923e+001
1.757826e+003,2.046951e+001
1.758308e+003,2.044988e+001
1.758791e+003,2.042983e+001
1.759272e+003,2.040908e+001
1.759755e+003,2.038770e+001
1.760237e+003,2.036608e+001
1.760719e+003,2.034492e+001
1.761201e+003,2.032496e+001
1.761683e+003,2.030670e+001
1.762165e+003,2.029015e+001
1.762647e+003,2.027468e+001
1.763130e+003,2.025931e+001
1.763612e+003,2.024304e+001
1.764094e+003,2.022516e+001
1.764576e+003,2.020543e+001
1.765058e+003,2.018401e+001
1.765540e+003,2.016131e+001
1.766022e+003,2.013779e+001
1.766504e+003,2.011375e+001
1.766987e+003,2.008921e+001
1.767469e+003,2.006396e+001
1.767951e+003,2.003764e+001
1.768433e+003,2.000996e+001
1.768915e+003,1.998087e+001
1.769397e+003,1.995075e+001
1.769879e+003,1.992034e+001
1.770361e+003,1.989076e+001
1.770844e+003,1.986337e+001
1.771326e+003,1.983950e+001
1.771808e+003,1.982014e+001
1.772290e+003,1.980554e+001
1.772772e+003,1.979500e+001
1.773254e+003,1.978704e+001
1.773736e+003,1.977989e+001
1.774219e+003,1.977192e+001
1.774700e+003,1.976202e+001
1.775183e+003,1.974959e+001
1.775665e+003,1.973450e+001
1.776147e+003,1.971696e+001
1.776629e+003,1.969738e+001
1.777111e+003,1.967624e+001
1.777593e+003,1.965403e+001
1.778075e+003,1.963122e+001
1.778558e+003,1.960821e+001
1.779040e+003,1.958541e+001
1.779522e+003,1.956322e+001
1.780004e+003,1.954201e+001
1.780486e+003,1.952200e+001
1.780968e+003,1.950322e+001
1.781450e+003,1.948542e+001
1.781932e+003,1.946811e+001
1.782415e+003,1.945074e+001
1.782897e+003,1.943291e+001
1.783379e+003,1.941446e+001
1.783861e+003,1.939551e+001
1.784343e+003,1.937642e+001
1.784825e+003,1.935751e+001
1.785307e+003,1.933890e+001
1.785789e+003,1.932032e+001
1.786271e+003,1.930117e+001
1.786754e+003,1.928069e+001
1.787236e+003,1.925822e+001
1.787718e+003,1.923339e+001
1.788200e+003,1.920623e+001
1.788682e+003,1.917720e+001
1.789164e+003,1.914705e+001
1.789646e+003,1.911677e+001
1.790128e+003,1.908741e+001
1.790611e+003,1.906004e+001
1.791093e+003,1.903555e+001
1.791575e+003,1.901447e+001
1.792057e+003,1.899676e+001
1.792539e+003,1.898183e+001
1.793021e+003,1.896859e+001
1.793503e+003,1.895577e+001
1.793986e+003,1.894232e+001
1.794468e+003,1.892752e+001
1.794950e+003,1.891111e+001
1.795432e+003,1.889309e+001
1.795914e+003,1.887365e+001
1.796396e+003,1.885297e+001
1.796878e+003,1.883116e+001
1.797360e+003,1.880820e+001
1.797843e+003,1.878409e+001
1.798325e+003,1.875894e+001
1.798807e+003,1.873318e+001
1.799289e+003,1.870759e+001
1.799771e+003,1.868319e+001
1.800253e+003,1.866099e+001
1.800735e+003,1.864165e+001
1.801217e+003,1.862521e+001
1.801699e+003,1.861103e+001
1.802182e+003,1.859804e+001
1.802664e+003,1.858505e+001
1.803146e+003,1.857107e+001
1.803628e+003,1.855552e+001
1.804110e+003,1.853822e+001
1.804592e+003,1.851931e+001
1.805074e+003,1.849906e+001
1.805556e+003,1.847775e+001
1.806039e+003,1.845558e+001
1.806521e+003,1.843265e+001
1.807003e+003,1.840903e+001
1.807485e+003,1.838477e+001
1.807967e+003,1.835996e+001
1.808449e+003,1.833471e+001
1.808931e+003,1.830917e+001
1.809414e+003,1.828354e+001
1.809896e+003,1.825806e+001
1.810378e+003,1.823306e+001
1.810860e+003,1.820882e+001
1.811342e+003,1.818556e+001
1.811824e+003,1.816331e+001
1.812306e+003,1.814185e+001
1.812788e+003,1.812077e+001
1.813271e+003,1.809958e+001
1.813753e+003,1.807784e+001
1.814235e+003,1.805536e+001
1.814717e+003,1.803219e+001
1.815199e+003,1.800863e+001
1.815681e+003,1.798506e+001
1.816163e+003,1.796182e+001
1.816645e+003,1.793904e+001
1.817127e+003,1.791659e+001
1.817610e+003,1.789421e+001
1.818092e+003,1.787152e+001
1.818574e+003,1.784826e+001
1.819056e+003,1.782429e+001
1.819538e+003,1.779954e+001
1.820020e+003,1.777401e+001
1.820502e+003,1.774764e+001
1.820984e+003,1.772034e+001
1.821467e+003,1.769208e+001
1.821949e+003,1.766292e+001
1.822431e+003,1.763318e+001
1.822913e+003,1.760337e+001
1.823395e+003,1.757413e+001
1.823877e+003,1.754600e+001
1.824359e+003,1.751918e+001
1.824842e+003,1.749345e+001
1.825323e+003,1.746819e+001
1.825806e+003,1.744263e+001
1.826288e+003,1.741616e+001
1.826770e+003,1.738858e+001
1.827252e+003,1.736017e+001
1.827734e+003,1.733165e+001
1.828216e+003,1.730397e+001
1.828698e+003,1.727812e+001
1.829181e+003,1.725483e+001
1.829663e+003,1.723440e+001
1.830145e+003,1.721649e+001
1.830627e+003,1.720026e+001
1.831109e+003,1.718461e+001
1.831591e+003,1.716843e+001
1.832073e+003,1.715088e+001
1.832555e+003,1.713144e+001
1.833038e+003,1.710994e+001
1.833520e+003,1.708652e+001
1.834002e+003,1.706150e+001
1.834484e+003,1.703538e+001
1.834966e+003,1.700869e+001
1.835448e+003,1.698193e+001
1.835930e+003,1.695543e+001
1.836412e+003,1.692936e+001
1.836895e+003,1.690372e+001
1.837377e+003,1.687834e+001
1.837859e+003,1.685301e+001
1.838341e+003,1.682740e+001
1.838823e+003,1.680117e+001
1.839305e+003,1.677394e+001
1.839787e+003,1.674534e+001
1.840270e+003,1.671515e+001
1.840751e+003,1.668340e+001
1.841234e+003,1.665046e+001
1.841716e+003,1.661708e+001
1.842198e+003,1.658440e+001
1.842680e+003,1.655367e+001
1.843162e+003,1.652598e+001
1.843644e+003,1.650181e+001
1.844126e+003,1.648084e+001
1.844609e+003,1.646195e+001
1.845091e+003,1.644372e+001
1.845573e+003,1.642491e+001
1.846055e+003,1.640483e+001
1.846537e+003,1.638340e+001
1.847019e+003,1.636094e+001
1.847501e+003,1.633789e+001
1.847983e+003,1.631461e+001
1.848466e+003,1.629133e+001
1.848948e+003,1.626812e+001
1.849430e+003,1.624496e+001
1.849912e+003,1.622183e+001
1.850394e+003,1.619872e+001
1.850876e+003,1.617564e+001
1.851358e+003,1.615259e+001
1.851840e+003,1.612947e+001
1.852323e+003,1.610613e+001
1.852805e+003,1.608243e+001
1.853287e+003,1.605821e+001
1.853769e+003,1.603341e+001
1.854251e+003,1.600804e+001
1.854733e+003,1.598217e+001
1.855215e+003,1.595590e+001
1.855698e+003,1.592935e+001
1.856179e+003,1.590265e+001
1.856662e+003,1.587599e+001
1.857144e+003,1.584956e+001
1.857626e+003,1.582362e+001
1.858108e+003,1.579837e+001
1.858590e+003,1.577390e+001
1.859072e+003,1.575018e+001
1.859554e+003,1.572705e+001
1.860037e+003,1.570427e+001
1.860519e+003,1.568163e+001
1.861001e+003,1.565901e+001
1.861483e+003,1.563634e+001
1.861965e+003,1.561359e+001
1.862447e+003,1.559070e+001
1.862929e+003,1.556754e+001
1.863411e+003,1.554390e+001
1.863894e+003,1.551961e+001
1.864376e+003,1.549459e+001
1.864858e+003,1.546895e+001
1.865340e+003,1.544302e+001
1.865822e+003,1.541729e+001
1.866304e+003,1.539229e+001
1.866786e+003,1.536852e+001
1.867268e+003,1.534630e+001
1.867750e+003,1.532575e+001
1.868233e+003,1.530676e+001
1.868715e+003,1.528902e+001
1.869197e+003,1.527211e+001
1.869679e+003,1.525554e+001
1.870161e+003,1.523883e+001
1.870643e+003,1.522155e+001
1.871125e+003,1.520338e+001
1.871608e+003,1.518419e+001
1.872090e+003,1.516402e+001
1.872572e+003,1.514310e+001
1.873054e+003,1.512180e+001
1.873536e+003,1.510053e+001
1.874018e+003,1.507964e+001
1.874500e+003,1.505934e+001
1.874982e+003,1.503967e+001
1.875465e+003,1.502057e+001
1.875947e+003,1.500196e+001
1.876429e+003,1.498379e+001
1.876911e+003,1.496609e+001
1.877393e+003,1.494890e+001
1.877875e+003,1.493221e+001
1.878357e+003,1.491590e+001
1.878839e+003,1.489969e+001
1.879322e+003,1.488329e+001
1.879804e+003,1.486644e+001
1.880286e+003,1.484904e+001
1.880768e+003,1.483119e+001
1.881250e+003,1.481314e+001
1.881732e+003,1.479519e+001
1.882214e+003,1.477754e+001
1.882697e+003,1.476030e+001
1.883178e+003,1.474340e+001
1.883661e+003,1.472671e+001
1.884143e+003,1.471006e+001
1.884625e+003,1.469332e+001
1.885107e+003,1.467640e+001
1.885589e+003,1.465927e+001
1.886071e+003,1.464190e+001
1.886553e+003,1.462432e+001
1.887036e+003,1.460664e+001
1.887518e+003,1.458906e+001
1.888000e+003,1.457196e+001
1.888482e+003,1.455572e+001
1.888964e+003,1.454067e+001
1.889446e+003,1.452691e+001
1.889928e+003,1.451419e+001
1.890410e+003,1.450204e+001
1.890893e+003,1.448982e+001
1.891375e+003,1.447701e+001
1.891857e+003,1.446331e+001
1.892339e+003,1.444872e+001
1.892821e+003,1.443347e+001
1.893303e+003,1.441789e+001
1.893785e+003,1.440230e+001
1.894267e+003,1.438694e+001
1.894750e+003,1.437197e+001
1.895232e+003,1.435747e+001
1.895714e+003,1.434351e+001
1.896196e+003,1.433021e+001
1.896678e+003,1.431766e+001
1.897160e+003,1.430590e+001
1.897642e+003,1.429488e+001
1.898125e+003,1.428447e+001
1.898606e+003,1.427447e+001
1.899089e+003,1.426474e+001
1.899571e+003,1.425527e+001
1.900053e+003,1.424611e+001
1.900535e+003,1.423736e+001
1.901017e+003,1.422907e+001
1.901499e+003,1.422116e+001
1.901981e+003,1.421340e+001
1.902464e+003,1.420546e+001
1.902946e+003,1.419707e+001
1.903428e+003,1.418804e+001
1.903910e+003,1.417837e+001
1.904392e+003,1.416820e+001
1.904874e+003,1.415772e+001
1.905356e+003,1.414710e+001
1.905838e+003,1.413646e+001
1.906321e+003,1.412587e+001
1.906803e+003,1.411544e+001
1.907285e+003,1.410535e+001
1.907767e+003,1.409586e+001
1.908249e+003,1.408721e+001
1.908731e+003,1.407955e+001
1.909213e+003,1.407279e+001
1.909695e+003,1.406659e+001
1.910177e+003,1.406048e+001
1.910660e+003,1.405396e+001
1.911142e+003,1.404670e+001
1.911624e+003,1.403861e+001
1.912106e+003,1.402980e+001
1.912588e+003,1.402050e+001
1.913070e+003,1.401095e+001
1.913552e+003,1.400135e+001
1.914034e+003,1.399183e+001
1.914517e+003,1.398257e+001
1.914999e+003,1.397385e+001
1.915481e+003,1.396603e+001
1.915963e+003,1.395954e+001
1.916445e+003,1.395468e+001
1.916927e+003,1.395142e+001
1.917409e+003,1.394935e+001
1.917892e+003,1.394765e+001
1.918374e+003,1.394536e+001
1.918856e+003,1.394167e+001
1.919338e+003,1.393622e+001
1.919820e+003,1.392919e+001
1.920302e+003,1.392122e+001
1.920784e+003,1.391318e+001
1.921266e+003,1.390597e+001
1.921749e+003,1.390028e+001
1.922231e+003,1.389646e+001
1.922713e+003,1.389445e+001
1.923195e+003,1.389384e+001
1.923677e+003,1.389399e+001
1.924159e+003,1.389421e+001
1.924641e+003,1.389391e+001
1.925123e+003,1.389276e+001
1.925605e+003,1.389068e+001
1.926088e+003,1.388781e+001
1.926570e+003,1.388446e+001
1.927052e+003,1.388096e+001
1.927534e+003,1.387757e+001
1.928016e+003,1.387436e+001
1.928498e+003,1.387126e+001
1.928980e+003,1.386805e+001
1.929462e+003,1.386451e+001
1.929945e+003,1.386054e+001
1.930427e+003,1.385619e+001
1.930909e+003,1.385172e+001
1.931391e+003,1.384746e+001
1.931873e+003,1.384370e+001
1.932355e+003,1.384055e+001
1.932837e+003,1.383797e+001
1.933320e+003,1.383570e+001
1.933802e+003,1.383348e+001
1.934284e+003,1.383110e+001
1.934766e+003,1.382850e+001
1.935248e+003,1.382573e+001
1.935730e+003,1.382294e+001
1.936212e+003,1.382020e+001
1.936694e+003,1.381750e+001
1.937177e+003,1.381467e+001
1.937659e+003,1.381146e+001
1.938141e+003,1.380763e+001
1.938623e+003,1.380306e+001
1.939105e+003,1.379782e+001
1.939587e+003,1.379215e+001
1.940069e+003,1.378645e+001
1.940551e+003,1.378123e+001
1.941033e+003,1.377702e+001
1.941516e+003,1.377430e+001
1.941998e+003,1.377337e+001
1.942480e+003,1.377427e+001
1.942962e+003,1.377673e+001
1.943444e+003,1.378024e+001
1.943926e+003,1.378406e+001
1.944408e+003,1.378749e+001
1.944890e+003,1.379000e+001
1.945373e+003,1.379133e+001
1.945855e+003,1.379157e+001
1.946337e+003,1.379105e+001
1.946819e+003,1.379028e+001
1.947301e+003,1.378970e+001
1.947783e+003,1.378963e+001
1.948265e+003,1.379013e+001
1.948748e+003,1.379106e+001
1.949229e+003,1.379213e+001
1.949712e+003,1.379303e+001
1.950194e+003,1.379349e+001
1.950676e+003,1.379334e+001
1.951158e+003,1.379250e+001
1.951640e+003,1.379095e+001
1.952122e+003,1.378877e+001
1.952604e+003,1.378613e+001
1.953087e+003,1.378326e+001
1.953569e+003,1.378051e+001
1.954051e+003,1.377824e+001
1.954533e+003,1.377677e+001
1.955015e+003,1.377624e+001
1.955497e+003,1.377655e+001
1.955979e+003,1.377744e+001
1.956461e+003,1.377849e+001
1.956944e+003,1.377933e+001
1.957426e+003,1.377970e+001
1.957908e+003,1.377954e+001
1.958390e+003,1.377893e+001
1.958872e+003,1.377802e+001
1.959354e+003,1.377693e+001
1.959836e+003,1.377566e+001
1.960318e+003,1.377413e+001
1.960801e+003,1.377216e+001
1.961283e+003,1.376960e+001
1.961765e+003,1.376637e+001
1.962247e+003,1.376245e+001
1.962729e+003,1.375789e+001
1.963211e+003,1.375282e+001
1.963693e+003,1.374737e+001
1.964176e+003,1.374178e+001
1.964657e+003,1.373636e+001
1.965140e+003,1.373153e+001
1.965622e+003,1.372772e+001
1.966104e+003,1.372528e+001
1.966586e+003,1.372431e+001
1.967068e+003,1.372460e+001
1.967550e+003,1.372562e+001
1.968032e+003,1.372666e+001
1.968515e+003,1.372701e+001
1.968997e+003,1.372616e+001
1.969479e+003,1.372393e+001
1.969961e+003,1.372039e+001
1.970443e+003,1.371586e+001
1.970925e+003,1.371070e+001
1.971407e+003,1.370523e+001
1.971889e+003,1.369965e+001
1.972372e+003,1.369406e+001
1.972854e+003,1.368849e+001
1.973336e+003,1.368295e+001
1.973818e+003,1.367745e+001
1.974300e+003,1.367196e+001
1.974782e+003,1.366644e+001
1.975264e+003,1.366083e+001
1.975746e+003,1.365510e+001
1.976229e+003,1.364930e+001
1.976711e+003,1.364360e+001
1.977193e+003,1.363828e+001
1.977675e+003,1.363363e+001
1.978157e+003,1.362990e+001
1.978639e+003,1.362712e+001
1.979121e+003,1.362513e+001
1.979604e+003,1.362360e+001
1.980085e+003,1.362212e+001
1.980568e+003,1.362033e+001
1.981050e+003,1.361801e+001
1.981532e+003,1.361513e+001
1.982014e+003,1.361175e+001
1.982496e+003,1.360795e+001
1.982978e+003,1.360379e+001
1.983460e+003,1.359928e+001
1.983943e+003,1.359439e+001
1.984425e+003,1.358910e+001
1.984907e+003,1.358344e+001
1.985389e+003,1.357747e+001
1.985871e+003,1.357123e+001
1.986353e+003,1.356474e+001
1.986835e+003,1.355794e+001
1.987317e+003,1.355072e+001
1.987800e+003,1.354305e+001
1.988282e+003,1.353503e+001
1.988764e+003,1.352694e+001
1.989246e+003,1.351919e+001
1.989728e+003,1.351225e+001
1.990210e+003,1.350646e+001
1.990692e+003,1.350194e+001
1.991174e+003,1.349852e+001
1.991656e+003,1.349580e+001
1.992139e+003,1.349322e+001
1.992621e+003,1.349027e+001
1.993103e+003,1.348658e+001
1.993585e+003,1.348199e+001
1.994067e+003,1.347657e+001
1.994549e+003,1.347049e+001
1.995031e+003,1.346402e+001
1.995514e+003,1.345742e+001
1.995996e+003,1.345091e+001
1.996478e+003,1.344463e+001
1.996960e+003,1.343863e+001
1.997442e+003,1.343285e+001
1.997924e+003,1.342713e+001
1.998406e+003,1.342124e+001
1.998888e+003,1.341495e+001
1.999371e+003,1.340811e+001
1.999853e+003,1.340068e+001
2.000335e+003,1.339278e+001
2.000817e+003,1.338459e+001
2.001299e+003,1.337632e+001
2.001781e+003,1.336813e+001
2.002263e+003,1.336008e+001
2.002745e+003,1.335211e+001
2.003228e+003,1.334414e+001
2.003710e+003,1.333605e+001
2.004192e+003,1.332778e+001
2.004674e+003,1.331930e+001
2.005156e+003,1.331062e+001
2.005638e+003,1.330175e+001
2.006120e+003,1.329265e+001
2.006603e+003,1.328332e+001
2.007084e+003,1.327379e+001
2.007567e+003,1.326415e+001
2.008049e+003,1.325456e+001
2.008531e+003,1.324520e+001
2.009013e+003,1.323622e+001
2.009495e+003,1.322766e+001
2.009977e+003,1.321941e+001
2.010459e+003,1.321124e+001
2.010942e+003,1.320284e+001
2.011424e+003,1.319394e+001
2.011906e+003,1.318432e+001
2.012388e+003,1.317394e+001
2.012870e+003,1.316286e+001
2.013352e+003,1.315125e+001
2.013834e+003,1.313935e+001
2.014316e+003,1.312746e+001
2.014799e+003,1.311589e+001
2.015281e+003,1.310500e+001
2.015763e+003,1.309506e+001
2.016245e+003,1.308628e+001
2.016727e+003,1.307869e+001
2.017209e+003,1.307218e+001
2.017691e+003,1.306645e+001
2.018173e+003,1.306111e+001
2.018656e+003,1.305583e+001
2.019138e+003,1.305035e+001
2.019620e+003,1.304451e+001
2.020102e+003,1.303826e+001
2.020584e+003,1.303154e+001
2.021066e+003,1.302424e+001
2.021548e+003,1.301620e+001
2.022031e+003,1.300722e+001
2.022512e+003,1.299719e+001
2.022995e+003,1.298614e+001
2.023477e+003,1.297430e+001
2.023959e+003,1.296207e+001
2.024441e+003,1.294988e+001
2.024923e+003,1.293812e+001
2.025405e+003,1.292701e+001
2.025887e+003,1.291657e+001
2.026370e+003,1.290667e+001
2.026852e+003,1.289710e+001
2.027334e+003,1.288766e+001
2.027816e+003,1.287824e+001
2.028298e+003,1.286879e+001
2.028780e+003,1.285933e+001
2.029262e+003,1.284988e+001
2.029744e+003,1.284047e+001
2.030227e+003,1.283110e+001
2.030709e+003,1.282175e+001
2.031191e+003,1.281242e+001
2.031673e+003,1.280311e+001
2.032155e+003,1.279381e+001
2.032637e+003,1.278446e+001
2.033119e+003,1.277495e+001
2.033601e+003,1.276514e+001
2.034083e+003,1.275488e+001
2.034566e+003,1.274404e+001
2.035048e+003,1.273260e+001
2.035530e+003,1.272062e+001
2.036012e+003,1.270826e+001
2.036494e+003,1.269573e+001
2.036976e+003,1.268331e+001
2.037458e+003,1.267128e+001
2.037940e+003,1.265991e+001
2.038423e+003,1.264940e+001
2.038905e+003,1.263984e+001
2.039387e+003,1.263124e+001
2.039869e+003,1.262342e+001
2.040351e+003,1.261612e+001
2.040833e+003,1.260898e+001
2.041315e+003,1.260170e+001
2.041798e+003,1.259404e+001
2.042280e+003,1.258591e+001
2.042762e+003,1.257731e+001
2.043244e+003,1.256830e+001
2.043726e+003,1.255894e+001
2.044208e+003,1.254919e+001
2.044690e+003,1.253901e+001
2.045172e+003,1.252834e+001
2.045655e+003,1.251723e+001
2.046137e+003,1.250587e+001
2.046619e+003,1.249456e+001
2.047101e+003,1.248367e+001
2.047583e+003,1.247350e+001
2.048065e+003,1.246420e+001
2.048547e+003,1.245571e+001
2.049029e+003,1.244782e+001
2.049511e+003,1.244023e+001
2.049994e+003,1.243265e+001
2.050476e+003,1.242488e+001
2.050958e+003,1.241687e+001
2.051440e+003,1.240865e+001
2.051922e+003,1.240025e+001
2.052404e+003,1.239176e+001
2.052886e+003,1.238318e+001
2.053368e+003,1.237455e+001
2.053851e+003,1.236589e+001
2.054333e+003,1.235728e+001
2.054815e+003,1.234881e+001
2.055297e+003,1.234058e+001
2.055779e+003,1.233266e+001
2.056261e+003,1.232515e+001
2.056743e+003,1.231809e+001
2.057226e+003,1.231154e+001
2.057708e+003,1.230558e+001
2.058190e+003,1.230019e+001
2.058672e+003,1.229529e+001
2.059154e+003,1.229060e+001
2.059636e+003,1.228570e+001
2.060118e+003,1.228005e+001
2.060600e+003,1.227317e+001
2.061083e+003,1.226477e+001
2.061565e+003,1.225487e+001
2.062047e+003,1.224384e+001
2.062529e+003,1.223233e+001
2.063011e+003,1.222109e+001
2.063493e+003,1.221080e+001
2.063975e+003,1.220190e+001
2.064457e+003,1.219451e+001
2.064939e+003,1.218846e+001
2.065422e+003,1.218337e+001
2.065904e+003,1.217879e+001
2.066386e+003,1.217426e+001
2.066868e+003,1.216943e+001
2.067350e+003,1.216401e+001
2.067832e+003,1.215787e+001
2.068314e+003,1.215099e+001
2.068796e+003,1.214342e+001
2.069279e+003,1.213536e+001
2.069761e+003,1.212703e+001
2.070243e+003,1.211870e+001
2.070725e+003,1.211057e+001
2.071207e+003,1.210278e+001
2.071689e+003,1.209536e+001
2.072171e+003,1.208830e+001
2.072654e+003,1.208163e+001
2.073135e+003,1.207539e+001
2.073618e+003,1.206973e+001
2.074100e+003,1.206479e+001
2.074582e+003,1.206070e+001
2.075064e+003,1.205744e+001
2.075546e+003,1.205484e+001
2.076028e+003,1.205261e+001
2.076510e+003,1.205037e+001
2.076993e+003,1.204778e+001
2.077475e+003,1.204458e+001
2.077957e+003,1.204062e+001
2.078439e+003,1.203586e+001
2.078921e+003,1.203035e+001
2.079403e+003,1.202421e+001
2.079885e+003,1.201760e+001
2.080367e+003,1.201074e+001
2.080850e+003,1.200391e+001
2.081332e+003,1.199738e+001
2.081814e+003,1.199135e+001
2.082296e+003,1.198594e+001
2.082778e+003,1.198107e+001
2.083260e+003,1.197655e+001
2.083742e+003,1.197207e+001
2.084224e+003,1.196738e+001
2.084707e+003,1.196228e+001
2.085189e+003,1.195676e+001
2.085671e+003,1.195089e+001
2.086153e+003,1.194481e+001
2.086635e+003,1.193866e+001
2.087117e+003,1.193247e+001
2.087599e+003,1.192626e+001
2.088082e+003,1.192004e+001
2.088563e+003,1.191385e+001
2.089046e+003,1.190784e+001
2.089528e+003,1.190218e+001
2.090010e+003,1.189703e+001
2.090492e+003,1.189244e+001
2.090974e+003,1.188830e+001
2.091456e+003,1.188441e+001
2.091938e+003,1.188047e+001
2.092421e+003,1.187628e+001
2.092903e+003,1.187174e+001
2.093385e+003,1.186694e+001
2.093867e+003,1.186207e+001
2.094349e+003,1.185737e+001
2.094831e+003,1.185304e+001
2.095313e+003,1.184917e+001
2.095795e+003,1.184573e+001
2.096278e+003,1.184254e+001
2.096760e+003,1.183939e+001
2.097242e+003,1.183602e+001
2.097724e+003,1.183221e+001
2.098206e+003,1.182781e+001
2.098688e+003,1.182276e+001
2.099170e+003,1.181715e+001
2.099652e+003,1.181121e+001
2.100135e+003,1.180527e+001
2.100617e+003,1.179974e+001
2.101099e+003,1.179494e+001
2.101581e+003,1.179107e+001
2.102063e+003,1.178811e+001
2.102545e+003,1.178581e+001
2.103027e+003,1.178383e+001
2.103510e+003,1.178179e+001
2.103991e+003,1.177943e+001
2.104474e+003,1.177665e+001
2.104956e+003,1.177351e+001
2.105438e+003,1.177016e+001
2.105920e+003,1.176676e+001
2.106402e+003,1.176335e+001
2.106884e+003,1.175994e+001
2.107366e+003,1.175644e+001
2.107849e+003,1.175282e+001
2.108331e+003,1.174909e+001
2.108813e+003,1.174541e+001
2.109295e+003,1.174195e+001
2.109777e+003,1.173891e+001
2.110259e+003,1.173640e+001
2.110741e+003,1.173442e+001
2.111223e+003,1.173284e+001
2.111706e+003,1.173144e+001
2.112188e+003,1.172998e+001
2.112670e+003,1.172821e+001
2.113152e+003,1.172593e+001
2.113634e+003,1.172299e+001
2.114116e+003,1.171931e+001
2.114598e+003,1.171495e+001
2.115080e+003,1.171006e+001
2.115563e+003,1.170492e+001
2.116045e+003,1.169989e+001
2.116527e+003,1.169533e+001
2.117009e+003,1.169151e+001
2.117491e+003,1.168859e+001
2.117973e+003,1.168652e+001
2.118455e+003,1.168513e+001
2.118938e+003,1.168413e+001
2.119420e+003,1.168327e+001
2.119902e+003,1.168230e+001
2.120384e+003,1.168106e+001
2.120866e+003,1.167939e+001
2.121348e+003,1.167718e+001
2.121830e+003,1.167427e+001
2.122312e+003,1.167054e+001
2.122794e+003,1.166590e+001
2.123277e+003,1.166042e+001
2.123759e+003,1.165427e+001
2.124241e+003,1.164776e+001
2.124723e+003,1.164126e+001
2.125205e+003,1.163511e+001
2.125687e+003,1.162959e+001
2.126169e+003,1.162484e+001
2.126651e+003,1.162090e+001
2.127134e+003,1.161771e+001
2.127616e+003,1.161521e+001
2.128098e+003,1.161324e+001
2.128580e+003,1.161166e+001
2.129062e+003,1.161025e+001
2.129544e+003,1.160877e+001
2.130026e+003,1.160693e+001
2.130509e+003,1.160450e+001
2.130990e+003,1.160128e+001
2.131473e+003,1.159721e+001
2.131955e+003,1.159229e+001
2.132437e+003,1.158663e+001
2.132919e+003,1.158038e+001
2.133401e+003,1.157373e+001
2.133883e+003,1.156688e+001
2.134365e+003,1.156006e+001
2.134848e+003,1.155353e+001
2.135330e+003,1.154752e+001
2.135812e+003,1.154220e+001
2.136294e+003,1.153760e+001
2.136776e+003,1.153361e+001
2.137258e+003,1.152996e+001
2.137740e+003,1.152631e+001
2.138222e+003,1.152235e+001
2.138705e+003,1.151794e+001
2.139187e+003,1.151311e+001
2.139669e+003,1.150810e+001
2.140151e+003,1.150324e+001
2.140633e+003,1.149886e+001
2.141115e+003,1.149518e+001
2.141597e+003,1.149224e+001
2.142079e+003,1.148990e+001
2.142562e+003,1.148790e+001
2.143044e+003,1.148591e+001
2.143526e+003,1.148362e+001
2.144008e+003,1.148077e+001
2.144490e+003,1.147718e+001
2.144972e+003,1.147279e+001
2.145454e+003,1.146764e+001
2.145937e+003,1.146187e+001
2.146418e+003,1.145572e+001
2.146901e+003,1.144945e+001
2.147383e+003,1.144333e+001
2.147865e+003,1.143753e+001
2.148347e+003,1.143210e+001
2.148829e+003,1.142698e+001
2.149311e+003,1.142204e+001
2.149793e+003,1.141712e+001
2.150276e+003,1.141220e+001
2.150758e+003,1.140729e+001
2.151240e+003,1.140255e+001
2.151722e+003,1.139810e+001
2.152204e+003,1.139399e+001
2.152686e+003,1.139017e+001
2.153168e+003,1.138641e+001
2.153650e+003,1.138242e+001
2.154133e+003,1.137788e+001
2.154615e+003,1.137255e+001
2.155097e+003,1.136634e+001
2.155579e+003,1.135928e+001
2.156061e+003,1.135157e+001
2.156543e+003,1.134345e+001
2.157025e+003,1.133522e+001
2.157507e+003,1.132717e+001
2.157990e+003,1.131954e+001
2.158472e+003,1.131252e+001
2.158954e+003,1.130619e+001
2.159436e+003,1.130054e+001
2.159918e+003,1.129545e+001
2.160400e+003,1.129072e+001
2.160882e+003,1.128617e+001
2.161365e+003,1.128163e+001
2.161846e+003,1.127703e+001
2.162329e+003,1.127236e+001
2.162811e+003,1.126767e+001
2.163293e+003,1.126296e+001
2.163775e+003,1.125816e+001
2.164257e+003,1.125312e+001
2.164739e+003,1.124765e+001
2.165221e+003,1.124160e+001
2.165704e+003,1.123494e+001
2.166186e+003,1.122775e+001
2.166668e+003,1.122027e+001
2.167150e+003,1.121275e+001
2.167632e+003,1.120542e+001
2.168114e+003,1.119838e+001
2.168596e+003,1.119163e+001
2.169078e+003,1.118506e+001
2.169561e+003,1.117856e+001
2.170043e+003,1.117202e+001
2.170525e+003,1.116541e+001
2.171007e+003,1.115874e+001
2.171489e+003,1.115199e+001
2.171971e+003,1.114506e+001
2.172453e+003,1.113779e+001
2.172935e+003,1.112998e+001
2.173417e+003,1.112141e+001
2.173900e+003,1.111194e+001
2.174382e+003,1.110155e+001
2.174864e+003,1.109038e+001
2.175346e+003,1.107866e+001
2.175828e+003,1.106669e+001
2.176310e+003,1.105483e+001
2.176792e+003,1.104343e+001
2.177274e+003,1.103280e+001
2.177757e+003,1.102316e+001
2.178239e+003,1.101466e+001
2.178721e+003,1.100729e+001
2.179203e+003,1.100089e+001
2.179685e+003,1.099522e+001
2.180167e+003,1.098993e+001
2.180649e+003,1.098469e+001
2.181132e+003,1.097925e+001
2.181614e+003,1.097347e+001
2.182096e+003,1.096738e+001
2.182578e+003,1.096107e+001
2.183060e+003,1.095469e+001
2.183542e+003,1.094838e+001
2.184024e+003,1.094220e+001
2.184506e+003,1.093617e+001
2.184989e+003,1.093021e+001
2.185471e+003,1.092420e+001
2.185953e+003,1.091798e+001
2.186435e+003,1.091136e+001
2.186917e+003,1.090418e+001
2.187399e+003,1.089632e+001
2.187881e+003,1.088772e+001
2.188363e+003,1.087846e+001
2.188845e+003,1.086877e+001
2.189328e+003,1.085897e+001
2.189810e+003,1.084945e+001
2.190292e+003,1.084056e+001
2.190774e+003,1.083250e+001
2.191256e+003,1.082528e+001
2.191738e+003,1.081872e+001
2.192220e+003,1.081250e+001
2.192702e+003,1.080619e+001
2.193185e+003,1.079944e+001
2.193667e+003,1.079195e+001
2.194149e+003,1.078356e+001
2.194631e+003,1.077427e+001
2.195113e+003,1.076415e+001
2.195595e+003,1.075342e+001
2.196077e+003,1.074231e+001
2.196560e+003,1.073111e+001
2.197042e+003,1.072006e+001
2.197524e+003,1.070938e+001
2.198006e+003,1.069916e+001
2.198488e+003,1.068940e+001
2.198970e+003,1.068000e+001
2.199452e+003,1.067080e+001
2.199934e+003,1.066166e+001
2.200417e+003,1.065247e+001
2.200899e+003,1.064320e+001
2.201381e+003,1.063389e+001
2.201863e+003,1.062462e+001
2.202345e+003,1.061545e+001
2.202827e+003,1.060641e+001
2.203309e+003,1.059751e+001
2.203791e+003,1.058875e+001
2.204273e+003,1.058014e+001
2.204756e+003,1.057174e+001
2.205238e+003,1.056361e+001
2.205720e+003,1.055585e+001
2.206202e+003,1.054855e+001
2.206684e+003,1.054171e+001
2.207166e+003,1.053529e+001
2.207648e+003,1.052917e+001
2.208130e+003,1.052317e+001
2.208613e+003,1.051708e+001
2.209095e+003,1.051066e+001
2.209577e+003,1.050369e+001
2.210059e+003,1.049600e+001
2.210541e+003,1.048750e+001
2.211023e+003,1.047824e+001
2.211505e+003,1.046840e+001
2.211988e+003,1.045823e+001
2.212469e+003,1.044807e+001
2.212952e+003,1.043817e+001
2.213434e+003,1.042872e+001
2.213916e+003,1.041973e+001
2.214398e+003,1.041114e+001
2.214880e+003,1.040282e+001
2.215362e+003,1.039465e+001
2.215844e+003,1.038661e+001
2.216327e+003,1.037870e+001
2.216809e+003,1.037099e+001
2.217291e+003,1.036347e+001
2.217773e+003,1.035607e+001
2.218255e+003,1.034865e+001
2.218737e+003,1.034102e+001
2.219219e+003,1.033305e+001
2.219701e+003,1.032471e+001
2.220184e+003,1.031609e+001
2.220666e+003,1.030738e+001
2.221148e+003,1.029878e+001
2.221630e+003,1.029046e+001
2.222112e+003,1.028251e+001
2.222594e+003,1.027493e+001
2.223076e+003,1.026770e+001
2.223558e+003,1.026080e+001
2.224041e+003,1.025426e+001
2.224523e+003,1.024808e+001
2.225005e+003,1.024226e+001
2.225487e+003,1.023665e+001
2.225969e+003,1.023105e+001
2.226451e+003,1.022516e+001
2.226933e+003,1.021872e+001
2.227416e+003,1.021155e+001
2.227897e+003,1.020364e+001
2.228380e+003,1.019513e+001
2.228862e+003,1.018626e+001
2.229344e+003,1.017732e+001
2.229826e+003,1.016856e+001
2.230308e+003,1.016015e+001
2.230790e+003,1.015220e+001
2.231272e+003,1.014477e+001
2.231755e+003,1.013786e+001
2.232237e+003,1.013143e+001
2.232719e+003,1.012536e+001
2.233201e+003,1.011949e+001
2.233683e+003,1.011357e+001
2.234165e+003,1.010733e+001
2.234647e+003,1.010058e+001
2.235129e+003,1.009322e+001
2.235612e+003,1.008537e+001
2.236094e+003,1.007725e+001
2.236576e+003,1.006916e+001
2.237058e+003,1.006141e+001
2.237540e+003,1.005416e+001
2.238022e+003,1.004749e+001
2.238504e+003,1.004133e+001
2.238986e+003,1.003553e+001
2.239469e+003,1.002997e+001
2.239951e+003,1.002454e+001
2.240433e+003,1.001919e+001
2.240915e+003,1.001393e+001
2.241397e+003,1.000876e+001
2.241879e+003,1.000368e+001
2.242361e+003,9.998684e+000
2.242844e+003,9.993735e+000
2.243326e+003,9.988788e+000
2.243808e+003,9.983775e+000
2.244290e+003,9.978597e+000
2.244772e+003,9.973123e+000
2.245254e+003,9.967199e+000
2.245736e+003,9.960700e+000
2.246218e+003,9.953569e+000
2.246700e+003,9.945881e+000
2.247183e+003,9.937837e+000
2.247665e+003,9.929764e+000
2.248147e+003,9.922026e+000
2.248629e+003,9.914964e+000
2.249111e+003,9.908797e+000
2.249593e+003,9.903625e+000
2.250075e+003,9.899383e+000
2.250557e+003,9.895910e+000
2.251040e+003,9.892975e+000
2.251522e+003,9.890329e+000
2.252004e+003,9.887738e+000
2.252486e+003,9.884979e+000
2.252968e+003,9.881855e+000
2.253450e+003,9.878226e+000
2.253932e+003,9.874012e+000
2.254415e+003,9.869206e+000
2.254896e+003,9.863898e+000
2.255379e+003,9.858242e+000
2.255861e+003,9.852442e+000
2.256343e+003,9.846699e+000
2.256825e+003,9.841177e+000
2.257307e+003,9.835995e+000
2.257789e+003,9.831199e+000
2.258271e+003,9.826783e+000
2.258754e+003,9.822691e+000
2.259236e+003,9.818831e+000
2.259718e+003,9.815084e+000
2.260200e+003,9.811329e+000
2.260682e+003,9.807455e+000
2.261164e+003,9.803397e+000
2.261646e+003,9.799145e+000
2.262128e+003,9.794716e+000
2.262611e+003,9.790155e+000
2.263093e+003,9.785470e+000
2.263575e+003,9.780609e+000
2.264057e+003,9.775466e+000
2.264539e+003,9.769921e+000
2.265021e+003,9.763906e+000
2.265503e+003,9.757486e+000
2.265985e+003,9.750884e+000
2.266468e+003,9.744457e+000
2.266950e+003,9.738639e+000
2.267432e+003,9.733816e+000
2.267914e+003,9.730218e+000
2.268396e+003,9.727873e+000
2.268878e+003,9.726605e+000
2.269360e+003,9.726090e+000
2.269843e+003,9.725942e+000
2.270324e+003,9.725800e+000
2.270807e+003,9.725374e+000
2.271289e+003,9.724472e+000
2.271771e+003,9.722994e+000
2.272253e+003,9.720912e+000
2.272735e+003,9.718277e+000
2.273217e+003,9.715195e+000
2.273699e+003,9.711842e+000
2.274182e+003,9.708405e+000
2.274664e+003,9.705070e+000
2.275146e+003,9.701956e+000
2.275628e+003,9.699095e+000
2.276110e+003,9.696420e+000
2.276592e+003,9.693822e+000
2.277074e+003,9.691194e+000
2.277556e+003,9.688478e+000
2.278039e+003,9.685695e+000
2.278521e+003,9.682916e+000
2.279003e+003,9.680237e+000
2.279485e+003,9.677706e+000
2.279967e+003,9.675323e+000
2.280449e+003,9.673038e+000
2.280931e+003,9.670776e+000
2.281413e+003,9.668489e+000
2.281896e+003,9.666166e+000
2.282378e+003,9.663829e+000
2.282860e+003,9.661475e+000
2.283342e+003,9.659066e+000
2.283824e+003,9.656482e+000
2.284306e+003,9.653555e+000
2.284788e+003,9.650124e+000
2.285271e+003,9.646081e+000
2.285752e+003,9.641438e+000
2.286235e+003,9.636326e+000
2.286717e+003,9.630984e+000
2.287199e+003,9.625687e+000
2.287681e+003,9.620698e+000
2.288163e+003,9.616217e+000
2.288645e+003,9.612333e+000
2.289127e+003,9.609030e+000
2.289610e+003,9.606174e+000
2.290092e+003,9.603522e+000
2.290574e+003,9.600750e+000
2.291056e+003,9.597485e+000
2.291538e+003,9.593369e+000
2.292020e+003,9.588145e+000
2.292502e+003,9.581705e+000
2.292984e+003,9.574153e+000
2.293467e+003,9.565767e+000
2.293949e+003,9.556950e+000
2.294431e+003,9.548124e+000
2.294913e+003,9.539626e+000
2.295395e+003,9.531667e+000
2.295877e+003,9.524298e+000
2.296359e+003,9.517455e+000
2.296841e+003,9.511003e+000
2.297323e+003,9.504791e+000
2.297806e+003,9.498663e+000
2.298288e+003,9.492458e+000
2.298770e+003,9.485996e+000
2.299252e+003,9.479078e+000
2.299734e+003,9.471521e+000
2.300216e+003,9.463192e+000
2.300698e+003,9.454046e+000
2.301180e+003,9.444136e+000
2.301663e+003,9.433582e+000
2.302145e+003,9.422505e+000
2.302627e+003,9.410977e+000
2.303109e+003,9.398983e+000
2.303591e+003,9.386466e+000
2.304073e+003,9.373370e+000
2.304555e+003,9.359753e+000
2.305038e+003,9.345809e+000
2.305520e+003,9.331892e+000
2.306002e+003,9.318445e+000
2.306484e+003,9.305892e+000
2.306966e+003,9.294538e+000
2.307448e+003,9.284498e+000
2.307930e+003,9.275666e+000
2.308412e+003,9.267759e+000
2.308895e+003,9.260385e+000
2.309377e+003,9.253104e+000
2.309859e+003,9.245507e+000
2.310341e+003,9.237264e+000
2.310823e+003,9.228153e+000
2.311305e+003,9.218125e+000
2.311787e+003,9.207301e+000
2.312269e+003,9.195985e+000
2.312751e+003,9.184606e+000
2.313234e+003,9.173610e+000
2.313716e+003,9.163330e+000
2.314198e+003,9.153841e+000
2.314680e+003,9.144880e+000
2.315162e+003,9.135865e+000
2.315644e+003,9.125977e+000
2.316126e+003,9.114344e+000
2.316608e+003,9.100232e+000
2.317091e+003,9.083228e+000
2.317573e+003,9.063351e+000
2.318055e+003,9.041076e+000
2.318537e+003,9.017288e+000
2.319019e+003,8.993152e+000
2.319501e+003,8.969894e+000
2.319983e+003,8.948626e+000
2.320466e+003,8.930099e+000
2.320948e+003,8.914601e+000
2.321430e+003,8.901882e+000
2.321912e+003,8.891220e+000
2.322394e+003,8.881604e+000
2.322876e+003,8.871963e+000
2.323358e+003,8.861389e+000
2.323840e+003,8.849302e+000
2.324323e+003,8.835482e+000
2.324805e+003,8.820016e+000
2.325287e+003,8.803151e+000
2.325769e+003,8.785209e+000
2.326251e+003,8.766517e+000
2.326733e+003,8.747457e+000
2.327215e+003,8.728517e+000
2.327697e+003,8.710373e+000
2.328179e+003,8.693851e+000
2.328662e+003,8.679812e+000
2.329144e+003,8.668932e+000
2.329626e+003,8.661478e+000
2.330108e+003,8.657167e+000
2.330590e+003,8.655156e+000
2.331072e+003,8.654191e+000
2.331554e+003,8.652851e+000
2.332036e+003,8.649840e+000
2.332519e+003,8.644197e+000
2.333001e+003,8.635420e+000
2.333483e+003,8.623497e+000
2.333965e+003,8.608892e+000
2.334447e+003,8.592501e+000
2.334929e+003,8.575535e+000
2.335411e+003,8.559424e+000
2.335894e+003,8.545580e+000
2.336375e+003,8.535149e+000
2.336858e+003,8.528754e+000
2.337340e+003,8.526328e+000
2.337822e+003,8.527119e+000
2.338304e+003,8.529863e+000
2.338786e+003,8.533119e+000
2.339268e+003,8.535598e+000
2.339750e+003,8.536447e+000
2.340233e+003,8.535392e+000
2.340715e+003,8.532734e+000
2.341197e+003,8.529253e+000
2.341679e+003,8.526095e+000
2.342161e+003,8.524687e+000
2.342643e+003,8.526614e+000
2.343125e+003,8.533484e+000
2.343607e+003,8.546636e+000
2.344090e+003,8.566703e+000
2.344572e+003,8.593200e+000
2.345054e+003,8.624290e+000
2.345536e+003,8.656994e+000
2.346018e+003,8.687778e+000
2.346500e+003,8.713335e+000
2.346982e+003,8.731182e+000
2.347464e+003,8.739901e+000
2.347947e+003,8.739076e+000
2.348429e+003,8.729005e+000
2.348911e+003,8.710406e+000
2.349393e+003,8.684195e+000
2.349875e+003,8.651402e+000
2.350357e+003,8.613135e+000
2.350839e+003,8.570625e+000
2.351322e+003,8.525244e+000
2.351803e+003,8.478462e+000
2.352286e+003,8.431728e+000
2.352768e+003,8.386275e+000
2.353250e+003,8.342992e+000
2.353732e+003,8.302388e+000
2.354214e+003,8.264680e+000
2.354696e+003,8.229990e+000
2.355178e+003,8.198461e+000
2.355661e+003,8.170323e+000
2.356143e+003,8.145798e+000
2.356625e+003,8.124967e+000
2.357107e+003,8.107690e+000
2.357589e+003,8.093641e+000
2.358071e+003,8.082435e+000
2.358553e+003,8.073797e+000
2.359035e+003,8.067679e+000
2.359518e+003,8.064224e+000
2.360000e+003,8.063663e+000
2.360482e+003,8.066092e+000
2.360964e+003,8.071411e+000
2.361446e+003,8.079305e+000
2.361928e+003,8.089377e+000
2.362410e+003,8.101279e+000
2.362892e+003,8.114818e+000
2.363375e+003,8.129969e+000
2.363857e+003,8.146778e+000
2.364339e+003,8.165228e+000
2.364821e+003,8.185163e+000
2.365303e+003,8.206311e+000
2.365785e+003,8.228282e+000
2.366267e+003,8.250759e+000
2.366750e+003,8.273496e+000
2.367232e+003,8.296384e+000
2.367714e+003,8.319391e+000
2.368196e+003,8.342530e+000
2.368678e+003,8.365806e+000
2.369160e+003,8.389204e+000
2.369642e+003,8.412739e+000
2.370124e+003,8.436478e+000
2.370606e+003,8.460551e+000
2.371089e+003,8.485121e+000
2.371571e+003,8.510336e+000
2.372053e+003,8.536245e+000
2.372535e+003,8.562748e+000
2.373017e+003,8.589591e+000
2.373499e+003,8.616385e+000
2.373981e+003,8.642672e+000
2.374463e+003,8.668017e+000
2.374946e+003,8.692085e+000
2.375428e+003,8.714690e+000
2.375910e+003,8.735842e+000
2.376392e+003,8.755730e+000
2.376874e+003,8.774691e+000
2.377356e+003,8.793122e+000
2.377838e+003,8.811407e+000
2.378321e+003,8.829827e+000
2.378802e+003,8.848498e+000
2.379285e+003,8.867375e+000
2.379767e+003,8.886249e+000
2.380249e+003,8.904799e+000
2.380731e+003,8.922670e+000
2.381213e+003,8.939490e+000
2.381695e+003,8.954933e+000
2.382177e+003,8.968711e+000
2.382660e+003,8.980599e+000
2.383142e+003,8.990462e+000
2.383624e+003,8.998270e+000
2.384106e+003,9.004141e+000
2.384588e+003,9.008348e+000
2.385070e+003,9.011288e+000
2.385552e+003,9.013423e+000
2.386034e+003,9.015178e+000
2.386517e+003,9.016832e+000
2.386999e+003,9.018460e+000
2.387481e+003,9.019936e+000
2.387963e+003,9.021000e+000
2.388445e+003,9.021377e+000
2.388927e+003,9.020905e+000
2.389409e+003,9.019598e+000
2.389891e+003,9.017656e+000
2.390374e+003,9.015392e+000
2.390856e+003,9.013110e+000
2.391338e+003,9.011022e+000
2.391820e+003,9.009187e+000
2.392302e+003,9.007528e+000
2.392784e+003,9.005909e+000
2.393266e+003,9.004210e+000
2.393749e+003,9.002383e+000
2.394230e+003,9.000474e+000
2.394713e+003,8.998566e+000
2.395195e+003,8.996718e+000
2.395677e+003,8.994923e+000
2.396159e+003,8.993093e+000
2.396641e+003,8.991083e+000
2.397123e+003,8.988755e+000
2.397605e+003,8.986029e+000
2.398088e+003,8.982911e+000
2.398570e+003,8.979482e+000
2.399052e+003,8.975869e+000
2.399534e+003,8.972196e+000
2.400016e+003,8.968544e+000
2.400498e+003,8.964964e+000
2.400980e+003,8.961469e+000
2.401462e+003,8.958065e+000
2.401945e+003,8.954782e+000
2.402427e+003,8.951666e+000
2.402909e+003,8.948781e+000
2.403391e+003,8.946187e+000
2.403873e+003,8.943928e+000
2.404355e+003,8.941986e+000
2.404837e+003,8.940293e+000
2.405319e+003,8.938730e+000
2.405802e+003,8.937127e+000
2.406284e+003,8.935328e+000
2.406766e+003,8.933208e+000
2.407248e+003,8.930751e+000
2.407730e+003,8.928059e+000
2.408212e+003,8.925339e+000
2.408694e+003,8.922871e+000
2.409177e+003,8.920891e+000
2.409658e+003,8.919535e+000
2.410141e+003,8.918767e+000
2.410623e+003,8.918386e+000
2.411105e+003,8.918106e+000
2.411587e+003,8.917654e+000
2.412069e+003,8.916891e+000
2.412551e+003,8.915857e+000
2.413033e+003,8.914768e+000
2.413516e+003,8.913912e+000
2.413998e+003,8.913521e+000
2.414480e+003,8.913676e+000
2.414962e+003,8.914254e+000
2.415444e+003,8.914962e+000
2.415926e+003,8.915435e+000
2.416408e+003,8.915366e+000
2.416890e+003,8.914572e+000
2.417373e+003,8.913032e+000
2.417855e+003,8.910845e+000
2.418337e+003,8.908161e+000
2.418819e+003,8.905103e+000
2.419301e+003,8.901752e+000
2.419783e+003,8.898147e+000
2.420265e+003,8.894347e+000
2.420747e+003,8.890487e+000
2.421229e+003,8.886786e+000
2.421712e+003,8.883541e+000
2.422194e+003,8.881040e+000
2.422676e+003,8.879496e+000
2.423158e+003,8.878971e+000
2.423640e+003,8.879350e+000
2.424122e+003,8.880343e+000
2.424604e+003,8.881565e+000
2.425086e+003,8.882610e+000
2.425569e+003,8.883149e+000
2.426051e+003,8.883008e+000
2.426533e+003,8.882211e+000
2.427015e+003,8.880976e+000
2.427497e+003,8.879650e+000
2.427979e+003,8.878635e+000
2.428461e+003,8.878263e+000
2.428944e+003,8.878704e+000
2.429426e+003,8.879912e+000
2.429908e+003,8.881648e+000
2.430390e+003,8.883539e+000
2.430872e+003,8.885206e+000
2.431354e+003,8.886352e+000
2.431836e+003,8.886833e+000
2.432318e+003,8.886662e+000
2.432801e+003,8.885938e+000
2.433283e+003,8.884753e+000
2.433765e+003,8.883143e+000
2.434247e+003,8.881030e+000
2.434729e+003,8.878307e+000
2.435211e+003,8.874892e+000
2.435693e+003,8.870827e+000
2.436175e+003,8.866331e+000
2.436657e+003,8.861785e+000
2.437140e+003,8.857675e+000
2.437622e+003,8.854465e+000
2.438104e+003,8.852518e+000
2.438586e+003,8.852023e+000
2.439068e+003,8.852979e+000
2.439550e+003,8.855211e+000
2.440032e+003,8.858403e+000
2.440514e+003,8.862157e+000
2.440997e+003,8.866035e+000
2.441479e+003,8.869594e+000
2.441961e+003,8.872439e+000
2.442443e+003,8.874292e+000
2.442925e+003,8.875031e+000
2.443407e+003,8.874731e+000
2.443889e+003,8.873645e+000
2.444372e+003,8.872159e+000
2.444854e+003,8.870699e+000
2.445336e+003,8.869632e+000
2.445818e+003,8.869187e+000
2.446300e+003,8.869425e+000
2.446782e+003,8.870235e+000
2.447264e+003,8.871384e+000
2.447746e+003,8.872585e+000
2.448229e+003,8.873557e+000
2.448711e+003,8.874079e+000
2.449193e+003,8.874024e+000
2.449675e+003,8.873384e+000
2.450157e+003,8.872271e+000
2.450639e+003,8.870890e+000
2.451121e+003,8.869510e+000
2.451604e+003,8.868382e+000
2.452085e+003,8.867664e+000
2.452568e+003,8.867392e+000
2.453050e+003,8.867426e+000
2.453532e+003,8.867520e+000
2.454014e+003,8.867389e+000
2.454496e+003,8.866787e+000
2.454978e+003,8.865598e+000
2.455460e+003,8.863844e+000
2.455943e+003,8.861670e+000
2.456425e+003,8.859281e+000
2.456907e+003,8.856877e+000
2.457389e+003,8.854627e+000
2.457871e+003,8.852668e+000
2.458353e+003,8.851131e+000
2.458835e+003,8.850167e+000
2.459317e+003,8.849926e+000
2.459800e+003,8.850498e+000
2.460282e+003,8.851853e+000
2.460764e+003,8.853763e+000
2.461246e+003,8.855800e+000
2.461728e+003,8.857418e+000
2.462210e+003,8.858074e+000
2.462692e+003,8.857404e+000
2.463174e+003,8.855327e+000
2.463656e+003,8.852100e+000
2.464139e+003,8.848246e+000
2.464621e+003,8.844410e+000
2.465103e+003,8.841196e+000
2.465585e+003,8.839006e+000
2.466067e+003,8.837971e+000
2.466549e+003,8.837929e+000
2.467031e+003,8.838513e+000
2.467513e+003,8.839254e+000
2.467996e+003,8.839697e+000
2.468478e+003,8.839505e+000
2.468960e+003,8.838522e+000
2.469442e+003,8.836802e+000
2.469924e+003,8.834590e+000
2.470406e+003,8.832259e+000
2.470888e+003,8.830222e+000
2.471371e+003,8.828826e+000
2.471853e+003,8.828258e+000
2.472335e+003,8.828467e+000
2.472817e+003,8.829170e+000
2.473299e+003,8.829912e+000
2.473781e+003,8.830184e+000
2.474263e+003,8.829556e+000
2.474745e+003,8.827807e+000
2.475228e+003,8.824971e+000
2.475710e+003,8.821326e+000
2.476192e+003,8.817315e+000
2.476674e+003,8.813419e+000
2.477156e+003,8.810041e+000
2.477638e+003,8.807424e+000
2.478120e+003,8.805611e+000
2.478602e+003,8.804462e+000
2.479084e+003,8.803728e+000
2.479567e+003,8.803104e+000
2.480049e+003,8.802307e+000
2.480531e+003,8.801133e+000
2.481013e+003,8.799473e+000
2.481495e+003,8.797318e+000
2.481977e+003,8.794719e+000
2.482459e+003,8.791754e+000
2.482941e+003,8.788490e+000
2.483424e+003,8.784950e+000
2.483906e+003,8.781096e+000
2.484388e+003,8.776857e+000
2.484870e+003,8.772172e+000
2.485352e+003,8.767022e+000
2.485834e+003,8.761477e+000
2.486316e+003,8.755682e+000
2.486799e+003,8.749855e+000
2.487281e+003,8.744234e+000
2.487763e+003,8.739015e+000
2.488245e+003,8.734335e+000
2.488727e+003,8.730239e+000
2.489209e+003,8.726673e+000
2.489691e+003,8.723522e+000
2.490173e+003,8.720608e+000
2.490656e+003,8.717731e+000
2.491138e+003,8.714688e+000
2.491620e+003,8.711295e+000
2.492102e+003,8.707416e+000
2.492584e+003,8.702974e+000
2.493066e+003,8.697991e+000
2.493548e+003,8.692551e+000
2.494030e+003,8.686791e+000
2.494512e+003,8.680861e+000
2.494995e+003,8.674887e+000
2.495477e+003,8.668956e+000
2.495959e+003,8.663117e+000
2.496441e+003,8.657432e+000
2.496923e+003,8.651964e+000
2.497405e+003,8.646822e+000
2.497887e+003,8.642102e+000
2.498370e+003,8.637874e+000
2.498852e+003,8.634127e+000
2.499334e+003,8.630741e+000
2.499816e+003,8.627523e+000
2.500298e+003,8.624280e+000
2.500780e+003,8.620875e+000
2.501262e+003,8.617287e+000
2.501744e+003,8.613608e+000
2.502227e+003,8.609984e+000
2.502709e+003,8.606519e+000
2.503191e+003,8.603183e+000
2.503673e+003,8.599777e+000
2.504155e+003,8.595969e+000
2.504637e+003,8.591385e+000
2.505119e+003,8.585748e+000
2.505601e+003,8.578964e+000
2.506083e+003,8.571174e+000
2.506566e+003,8.562703e+000
2.507048e+003,8.553960e+000
2.507530e+003,8.545329e+000
2.508012e+003,8.537060e+000
2.508494e+003,8.529239e+000
2.508976e+003,8.521811e+000
2.509458e+003,8.514654e+000
2.509940e+003,8.507642e+000
2.510423e+003,8.500701e+000
2.510905e+003,8.493846e+000
2.511387e+003,8.487119e+000
2.511869e+003,8.480582e+000
2.512351e+003,8.474250e+000
2.512833e+003,8.468051e+000
2.513315e+003,8.461846e+000
2.513798e+003,8.455431e+000
2.514280e+003,8.448589e+000
2.514762e+003,8.441143e+000
2.515244e+003,8.433007e+000
2.515726e+003,8.424214e+000
2.516208e+003,8.414926e+000
2.516690e+003,8.405415e+000
2.517172e+003,8.395998e+000
2.517655e+003,8.386991e+000
2.518137e+003,8.378622e+000
2.518619e+003,8.371004e+000
2.519101e+003,8.364106e+000
2.519583e+003,8.357783e+000
2.520065e+003,8.351807e+000
2.520547e+003,8.345923e+000
2.521029e+003,8.339890e+000
2.521511e+003,8.333513e+000
2.521994e+003,8.326667e+000
2.522476e+003,8.319292e+000
2.522958e+003,8.311400e+000
2.523440e+003,8.303079e+000
2.523922e+003,8.294443e+000
2.524404e+003,8.285628e+000
2.524886e+003,8.276730e+000
2.525368e+003,8.267761e+000
2.525851e+003,8.258644e+000
2.526333e+003,8.249224e+000
2.526815e+003,8.239326e+000
2.527297e+003,8.228849e+000
2.527779e+003,8.217832e+000
2.528261e+003,8.206498e+000
2.528743e+003,8.195211e+000
2.529226e+003,8.184422e+000
2.529708e+003,8.174534e+000
2.530190e+003,8.165797e+000
2.530672e+003,8.158258e+000
2.531154e+003,8.151758e+000
2.531636e+003,8.145988e+000
2.532118e+003,8.140583e+000
2.532600e+003,8.135176e+000
2.533083e+003,8.129466e+000
2.533565e+003,8.123222e+000
2.534047e+003,8.116273e+000
2.534529e+003,8.108505e+000
2.535011e+003,8.099871e+000
2.535493e+003,8.090394e+000
2.535975e+003,8.080207e+000
2.536457e+003,8.069541e+000
2.536939e+003,8.058691e+000
2.537422e+003,8.047967e+000
2.537904e+003,8.037605e+000
2.538386e+003,8.027731e+000
2.538868e+003,8.018343e+000
2.539350e+003,8.009327e+000
2.539832e+003,8.000530e+000
2.540314e+003,7.991800e+000
2.540796e+003,7.983057e+000
2.541279e+003,7.974287e+000
2.541761e+003,7.965549e+000
2.542243e+003,7.956928e+000
2.542725e+003,7.948519e+000
2.543207e+003,7.940377e+000
2.543689e+003,7.932513e+000
2.544171e+003,7.924876e+000
2.544654e+003,7.917362e+000
2.545135e+003,7.909828e+000
2.545618e+003,7.902112e+000
2.546100e+003,7.894081e+000
2.546582e+003,7.885660e+000
2.547064e+003,7.876855e+000
2.547546e+003,7.867767e+000
2.548028e+003,7.858541e+000
2.548510e+003,7.849337e+000
2.548993e+003,7.840276e+000
2.549475e+003,7.831395e+000
2.549957e+003,7.822671e+000
2.550439e+003,7.814054e+000
2.550921e+003,7.805502e+000
2.551403e+003,7.797045e+000
2.551885e+003,7.788759e+000
2.552367e+003,7.780746e+000
2.552850e+003,7.773041e+000
2.553332e+003,7.765587e+000
2.553814e+003,7.758179e+000
2.554296e+003,7.750510e+000
2.554778e+003,7.742237e+000
2.555260e+003,7.733075e+000
2.555742e+003,7.722856e+000
2.556224e+003,7.711576e+000
2.556707e+003,7.699362e+000
2.557189e+003,7.686446e+000
2.557671e+003,7.673088e+000
2.558153e+003,7.659556e+000
2.558635e+003,7.646110e+000
2.559117e+003,7.633005e+000
2.559599e+003,7.620490e+000
2.560082e+003,7.608799e+000
2.560563e+003,7.598116e+000
2.561046e+003,7.588515e+000
2.561528e+003,7.579929e+000
2.562010e+003,7.572161e+000
2.562492e+003,7.564879e+000
2.562974e+003,7.557716e+000
2.563456e+003,7.550315e+000
2.563938e+003,7.542411e+000
2.564421e+003,7.533853e+000
2.564903e+003,7.524636e+000
2.565385e+003,7.514877e+000
2.565867e+003,7.504799e+000
2.566349e+003,7.494690e+000
2.566831e+003,7.484868e+000
2.567313e+003,7.475625e+000
2.567795e+003,7.467184e+000
2.568278e+003,7.459632e+000
2.568760e+003,7.452894e+000
2.569242e+003,7.446728e+000
2.569724e+003,7.440750e+000
2.570206e+003,7.434510e+000
2.570688e+003,7.427570e+000
2.571170e+003,7.419578e+000
2.571652e+003,7.410339e+000
2.572135e+003,7.399829e+000
2.572617e+003,7.388205e+000
2.573099e+003,7.375774e+000
2.573581e+003,7.362949e+000
2.574063e+003,7.350183e+000
2.574545e+003,7.337922e+000
2.575027e+003,7.326524e+000
2.575510e+003,7.316209e+000
2.575991e+003,7.307010e+000
2.576474e+003,7.298782e+000
2.576956e+003,7.291228e+000
2.577438e+003,7.283987e+000
2.577920e+003,7.276704e+000
2.578402e+003,7.269137e+000
2.578884e+003,7.261179e+000
2.579366e+003,7.252869e+000
2.579849e+003,7.244342e+000
2.580331e+003,7.235762e+000
2.580813e+003,7.227260e+000
2.581295e+003,7.218903e+000
2.581777e+003,7.210670e+000
2.582259e+003,7.202489e+000
2.582741e+003,7.194248e+000
2.583223e+003,7.185831e+000
2.583706e+003,7.177144e+000
2.584188e+003,7.168113e+000
2.584670e+003,7.158706e+000
2.585152e+003,7.148936e+000
2.585634e+003,7.138869e+000
2.586116e+003,7.128624e+000
2.586598e+003,7.118348e+000
2.587080e+003,7.108191e+000
2.587563e+003,7.098276e+000
2.588045e+003,7.088664e+000
2.588527e+003,7.079367e+000
2.589009e+003,7.070375e+000
2.589491e+003,7.061696e+000
2.589973e+003,7.053403e+000
2.590455e+003,7.045637e+000
2.590938e+003,7.038591e+000
2.591419e+003,7.032444e+000
2.591902e+003,7.027297e+000
2.592384e+003,7.023104e+000
2.592866e+003,7.019655e+000
2.593348e+003,7.016593e+000
2.593830e+003,7.013482e+000
2.594312e+003,7.009864e+000
2.594794e+003,7.005356e+000
2.595277e+003,6.999697e+000
2.595759e+003,6.992785e+000
2.596241e+003,6.984667e+000
2.596723e+003,6.975534e+000
2.597205e+003,6.965665e+000
2.597687e+003,6.955383e+000
2.598169e+003,6.945004e+000
2.598651e+003,6.934797e+000
2.599134e+003,6.924952e+000
2.599616e+003,6.915575e+000
2.600098e+003,6.906713e+000
2.600580e+003,6.898366e+000
2.601062e+003,6.890524e+000
2.601544e+003,6.883173e+000
2.602026e+003,6.876281e+000
2.602508e+003,6.869781e+000
2.602990e+003,6.863551e+000
2.603473e+003,6.857406e+000
2.603955e+003,6.851130e+000
2.604437e+003,6.844538e+000
2.604919e+003,6.837504e+000
2.605401e+003,6.830030e+000
2.605883e+003,6.822222e+000
2.606365e+003,6.814264e+000
2.606847e+003,6.806351e+000
2.607330e+003,6.798620e+000
2.607812e+003,6.791107e+000
2.608294e+003,6.783747e+000
2.608776e+003,6.776401e+000
2.609258e+003,6.768914e+000
2.609740e+003,6.761151e+000
2.610222e+003,6.753060e+000
2.610705e+003,6.744669e+000
2.611187e+003,6.736098e+000
2.611669e+003,6.727540e+000
2.612151e+003,6.719241e+000
2.612633e+003,6.711452e+000
2.613115e+003,6.704410e+000
2.613597e+003,6.698255e+000
2.614079e+003,6.693000e+000
2.614562e+003,6.688499e+000
2.615044e+003,6.684460e+000
2.615526e+003,6.680507e+000
2.616008e+003,6.676278e+000
2.616490e+003,6.671516e+000
2.616972e+003,6.666151e+000
2.617454e+003,6.660291e+000
2.617936e+003,6.654197e+000
2.618418e+003,6.648169e+000
2.618901e+003,6.642463e+000
2.619383e+003,6.637206e+000
2.619865e+003,6.632398e+000
2.620347e+003,6.627912e+000
2.620829e+003,6.623583e+000
2.621311e+003,6.619246e+000
2.621793e+003,6.614779e+000
2.622276e+003,6.610110e+000
2.622758e+003,6.605200e+000
2.623240e+003,6.600018e+000
2.623722e+003,6.594535e+000
2.624204e+003,6.588722e+000
2.624686e+003,6.582565e+000
2.625168e+003,6.576064e+000
2.625650e+003,6.569242e+000
2.626133e+003,6.562124e+000
2.626615e+003,6.554726e+000
2.627097e+003,6.547058e+000
2.627579e+003,6.539146e+000
2.628061e+003,6.531036e+000
2.628543e+003,6.522835e+000
2.629025e+003,6.514687e+000
2.629507e+003,6.506757e+000
2.629990e+003,6.499187e+000
2.630472e+003,6.492052e+000
2.630954e+003,6.485339e+000
2.631436e+003,6.478969e+000
2.631918e+003,6.472825e+000
2.632400e+003,6.466831e+000
2.632882e+003,6.460954e+000
2.633364e+003,6.455253e+000
2.633846e+003,6.449833e+000
2.634329e+003,6.444828e+000
2.634811e+003,6.440332e+000
2.635293e+003,6.436404e+000
2.635775e+003,6.433019e+000
2.636257e+003,6.430092e+000
2.636739e+003,6.427464e+000
2.637221e+003,6.424925e+000
2.637704e+003,6.422205e+000
2.638186e+003,6.419000e+000
2.638668e+003,6.415009e+000
2.639150e+003,6.409997e+000
2.639632e+003,6.403832e+000
2.640114e+003,6.396557e+000
2.640596e+003,6.388373e+000
2.641078e+003,6.379631e+000
2.641561e+003,6.370743e+000
2.642043e+003,6.362115e+000
2.642525e+003,6.354063e+000
2.643007e+003,6.346790e+000
2.643489e+003,6.340363e+000
2.643971e+003,6.334741e+000
2.644453e+003,6.329812e+000
2.644935e+003,6.325418e+000
2.645417e+003,6.321375e+000
2.645900e+003,6.317496e+000
2.646382e+003,6.313603e+000
2.646864e+003,6.309560e+000
2.647346e+003,6.305280e+000
2.647828e+003,6.300756e+000
2.648310e+003,6.296042e+000
2.648792e+003,6.291228e+000
2.649274e+003,6.286384e+000
2.649757e+003,6.281537e+000
2.650239e+003,6.276634e+000
2.650721e+003,6.271569e+000
2.651203e+003,6.266211e+000
2.651685e+003,6.260463e+000
2.652167e+003,6.254298e+000
2.652649e+003,6.247778e+000
2.653132e+003,6.241035e+000
2.653614e+003,6.234235e+000
2.654096e+003,6.227537e+000
2.654578e+003,6.221073e+000
2.655060e+003,6.214926e+000
2.655542e+003,6.209146e+000
2.656024e+003,6.203744e+000
2.656506e+003,6.198702e+000
2.656989e+003,6.193974e+000
2.657471e+003,6.189482e+000
2.657953e+003,6.185113e+000
2.658435e+003,6.180764e+000
2.658917e+003,6.176341e+000
2.659399e+003,6.171807e+000
2.659881e+003,6.167176e+000
2.660363e+003,6.162502e+000
2.660845e+003,6.157857e+000
2.661328e+003,6.153284e+000
2.661810e+003,6.148771e+000
2.662292e+003,6.144262e+000
2.662774e+003,6.139657e+000
2.663256e+003,6.134871e+000
2.663738e+003,6.129839e+000
2.664220e+003,6.124558e+000
2.664702e+003,6.119068e+000
2.665185e+003,6.113436e+000
2.665667e+003,6.107730e+000
2.666149e+003,6.101998e+000
2.666631e+003,6.096253e+000
2.667113e+003,6.090482e+000
2.667595e+003,6.084651e+000
2.668077e+003,6.078724e+000
2.668560e+003,6.072670e+000
2.669042e+003,6.066473e+000
2.669524e+003,6.060137e+000
2.670006e+003,6.053694e+000
2.670488e+003,6.047200e+000
2.670970e+003,6.040739e+000
2.671452e+003,6.034398e+000
2.671934e+003,6.028279e+000
2.672417e+003,6.022472e+000
2.672899e+003,6.017051e+000
2.673381e+003,6.012060e+000
2.673863e+003,6.007521e+000
2.674345e+003,6.003396e+000
2.674827e+003,5.999593e+000
2.675309e+003,5.995921e+000
2.675791e+003,5.992111e+000
2.676273e+003,5.987825e+000
2.676756e+003,5.982723e+000
2.677238e+003,5.976546e+000
2.677720e+003,5.969200e+000
2.678202e+003,5.960799e+000
2.678684e+003,5.951662e+000
2.679166e+003,5.942232e+000
2.679648e+003,5.932975e+000
2.680130e+003,5.924242e+000
2.680613e+003,5.916205e+000
2.681095e+003,5.908825e+000
2.681577e+003,5.901921e+000
2.682059e+003,5.895252e+000
2.682541e+003,5.888625e+000
2.683023e+003,5.881950e+000
2.683505e+003,5.875269e+000
2.683988e+003,5.868698e+000
2.684469e+003,5.862390e+000
2.684952e+003,5.856471e+000
2.685434e+003,5.851030e+000
2.685916e+003,5.846107e+000
2.686398e+003,5.841720e+000
2.686880e+003,5.837855e+000
2.687362e+003,5.834473e+000
2.687844e+003,5.831466e+000
2.688327e+003,5.828646e+000
2.688809e+003,5.825740e+000
2.689291e+003,5.822440e+000
2.689773e+003,5.818436e+000
2.690255e+003,5.813514e+000
2.690737e+003,5.807583e+000
2.691219e+003,5.800697e+000
2.691701e+003,5.793024e+000
2.692184e+003,5.784799e+000
2.692666e+003,5.776271e+000
2.693148e+003,5.767669e+000
2.693630e+003,5.759180e+000
2.694112e+003,5.750956e+000
2.694594e+003,5.743123e+000
2.695076e+003,5.735785e+000
2.695558e+003,5.729002e+000
2.696041e+003,5.722802e+000
2.696523e+003,5.717153e+000
2.697005e+003,5.711970e+000
2.697487e+003,5.707124e+000
2.697969e+003,5.702458e+000
2.698451e+003,5.697788e+000
2.698933e+003,5.692915e+000
2.699416e+003,5.687649e+000
2.699897e+003,5.681812e+000
2.700380e+003,5.675291e+000
2.700862e+003,5.668072e+000
2.701344e+003,5.660269e+000
2.701826e+003,5.652129e+000
2.702308e+003,5.644005e+000
2.702790e+003,5.636282e+000
2.703272e+003,5.629297e+000
2.703755e+003,5.623264e+000
2.704237e+003,5.618241e+000
2.704719e+003,5.614123e+000
2.705201e+003,5.610680e+000
2.705683e+003,5.607599e+000
2.706165e+003,5.604543e+000
2.706647e+003,5.601176e+000
2.707129e+003,5.597194e+000
2.707612e+003,5.592348e+000
2.708094e+003,5.586484e+000
2.708576e+003,5.579572e+000
2.709058e+003,5.571724e+000
2.709540e+003,5.563206e+000
2.710022e+003,5.554376e+000
2.710504e+003,5.545625e+000
2.710986e+003,5.537292e+000
2.711469e+003,5.529607e+000
2.711951e+003,5.522684e+000
2.712433e+003,5.516544e+000
2.712915e+003,5.511162e+000
2.713397e+003,5.506513e+000
2.713879e+003,5.502563e+000
2.714361e+003,5.499241e+000
2.714844e+003,5.496377e+000
2.715325e+003,5.493668e+000
2.715808e+003,5.490696e+000
2.716290e+003,5.487018e+000
2.716772e+003,5.482273e+000
2.717254e+003,5.476321e+000
2.717736e+003,5.469284e+000
2.718218e+003,5.461537e+000
2.718700e+003,5.453582e+000
2.719183e+003,5.445909e+000
2.719665e+003,5.438844e+000
2.720147e+003,5.432488e+000
2.720629e+003,5.426707e+000
2.721111e+003,5.421236e+000
2.721593e+003,5.415781e+000
2.722075e+003,5.410137e+000
2.722557e+003,5.404240e+000
2.723040e+003,5.398160e+000
2.723522e+003,5.392049e+000
2.724004e+003,5.386087e+000
2.724486e+003,5.380400e+000
2.724968e+003,5.375047e+000
2.725450e+003,5.369993e+000
2.725932e+003,5.365143e+000
2.726414e+003,5.360356e+000
2.726896e+003,5.355474e+000
2.727379e+003,5.350358e+000
2.727861e+003,5.344915e+000
2.728343e+003,5.339122e+000
2.728825e+003,5.333030e+000
2.729307e+003,5.326753e+000
2.729789e+003,5.320445e+000
2.730271e+003,5.314246e+000
2.730753e+003,5.308247e+000
2.731236e+003,5.302466e+000
2.731718e+003,5.296870e+000
2.732200e+003,5.291388e+000
2.732682e+003,5.285961e+000
2.733164e+003,5.280560e+000
2.733646e+003,5.275197e+000
2.734128e+003,5.269894e+000
2.734611e+003,5.264663e+000
2.735093e+003,5.259467e+000
2.735575e+003,5.254250e+000
2.736057e+003,5.248934e+000
2.736539e+003,5.243481e+000
2.737021e+003,5.237902e+000
2.737503e+003,5.232278e+000
2.737985e+003,5.226733e+000
2.738468e+003,5.221393e+000
2.738950e+003,5.216351e+000
2.739432e+003,5.211644e+000
2.739914e+003,5.207251e+000
2.740396e+003,5.203129e+000
2.740878e+003,5.199217e+000
2.741360e+003,5.195479e+000
2.741842e+003,5.191879e+000
2.742324e+003,5.188380e+000
2.742807e+003,5.184904e+000
2.743289e+003,5.181341e+000
2.743771e+003,5.177524e+000
2.744253e+003,5.173280e+000
2.744735e+003,5.168443e+000
2.745217e+003,5.162908e+000
2.745699e+003,5.156659e+000
2.746182e+003,5.149784e+000
2.746664e+003,5.142475e+000
2.747146e+003,5.135019e+000
2.747628e+003,5.127738e+000
2.748110e+003,5.120949e+000
2.748592e+003,5.114890e+000
2.749074e+003,5.109674e+000
2.749556e+003,5.105261e+000
2.750039e+003,5.101462e+000
2.750521e+003,5.098001e+000
2.751003e+003,5.094596e+000
2.751485e+003,5.091021e+000
2.751967e+003,5.087173e+000
2.752449e+003,5.083068e+000
2.752931e+003,5.078793e+000
2.753413e+003,5.074440e+000
2.753896e+003,5.070039e+000
2.754378e+003,5.065539e+000
2.754860e+003,5.060822e+000
2.755342e+003,5.055766e+000
2.755824e+003,5.050317e+000
2.756306e+003,5.044526e+000
2.756788e+003,5.038554e+000
2.757270e+003,5.032608e+000
2.757752e+003,5.026886e+000
2.758235e+003,5.021481e+000
2.758717e+003,5.016376e+000
2.759199e+003,5.011427e+000
2.759681e+003,5.006451e+000
2.760163e+003,5.001266e+000
2.760645e+003,4.995781e+000
2.761127e+003,4.990013e+000
2.761610e+003,4.984086e+000
2.762092e+003,4.978209e+000
2.762574e+003,4.972635e+000
2.763056e+003,4.967600e+000
2.763538e+003,4.963298e+000
2.764020e+003,4.959828e+000
2.764502e+003,4.957177e+000
2.764984e+003,4.955195e+000
2.765467e+003,4.953610e+000
2.765949e+003,4.952047e+000
2.766431e+003,4.950103e+000
2.766913e+003,4.947410e+000
2.767395e+003,4.943723e+000
2.767877e+003,4.938965e+000
2.768359e+003,4.933257e+000
2.768841e+003,4.926891e+000
2.769323e+003,4.920281e+000
2.769806e+003,4.913883e+000
2.770288e+003,4.908128e+000
2.770770e+003,4.903346e+000
2.771252e+003,4.899716e+000
2.771734e+003,4.897231e+000
2.772216e+003,4.895691e+000
2.772698e+003,4.894726e+000
2.773180e+003,4.893842e+000
2.773663e+003,4.892512e+000
2.774145e+003,4.890289e+000
2.774627e+003,4.886879e+000
2.775109e+003,4.882226e+000
2.775591e+003,4.876494e+000
2.776073e+003,4.870043e+000
2.776555e+003,4.863321e+000
2.777038e+003,4.856760e+000
2.777520e+003,4.850687e+000
2.778002e+003,4.845285e+000
2.778484e+003,4.840578e+000
2.778966e+003,4.836478e+000
2.779448e+003,4.832820e+000
2.779930e+003,4.829422e+000
2.780412e+003,4.826106e+000
2.780895e+003,4.822715e+000
2.781377e+003,4.819120e+000
2.781859e+003,4.815238e+000
2.782341e+003,4.811018e+000
2.782823e+003,4.806476e+000
2.783305e+003,4.801664e+000
2.783787e+003,4.796677e+000
2.784269e+003,4.791615e+000
2.784751e+003,4.786568e+000
2.785234e+003,4.781599e+000
2.785716e+003,4.776765e+000
2.786198e+003,4.772099e+000
2.786680e+003,4.767654e+000
2.787162e+003,4.763463e+000
2.787644e+003,4.759564e+000
2.788126e+003,4.755939e+000
2.788608e+003,4.752518e+000
2.789091e+003,4.749173e+000
2.789573e+003,4.745753e+000
2.790055e+003,4.742119e+000
2.790537e+003,4.738204e+000
2.791019e+003,4.734029e+000
2.791501e+003,4.729703e+000
2.791983e+003,4.725394e+000
2.792466e+003,4.721263e+000
2.792948e+003,4.717422e+000
2.793430e+003,4.713909e+000
2.793912e+003,4.710658e+000
2.794394e+003,4.707538e+000
2.794876e+003,4.704357e+000
2.795358e+003,4.700906e+000
2.795840e+003,4.696995e+000
2.796323e+003,4.692473e+000
2.796805e+003,4.687274e+000
2.797287e+003,4.681455e+000
2.797769e+003,4.675195e+000
2.798251e+003,4.668812e+000
2.798733e+003,4.662684e+000
2.799215e+003,4.657192e+000
2.799697e+003,4.652612e+000
2.800179e+003,4.649043e+000
2.800662e+003,4.646369e+000
2.801144e+003,4.644296e+000
2.801626e+003,4.642419e+000
2.802108e+003,4.640347e+000
2.802590e+003,4.637802e+000
2.803072e+003,4.634690e+000
2.803554e+003,4.631112e+000
2.804036e+003,4.627326e+000
2.804519e+003,4.623660e+000
2.805001e+003,4.620423e+000
2.805483e+003,4.617806e+000
2.805965e+003,4.615836e+000
2.806447e+003,4.614342e+000
2.806929e+003,4.612991e+000
2.807411e+003,4.611346e+000
2.807894e+003,4.608950e+000
2.808375e+003,4.605432e+000
2.808858e+003,4.600606e+000
2.809340e+003,4.594496e+000
2.809822e+003,4.587369e+000
2.810304e+003,4.579635e+000
2.810786e+003,4.571786e+000
2.811268e+003,4.564257e+000
2.811750e+003,4.557365e+000
2.812233e+003,4.551256e+000
2.812715e+003,4.545950e+000
2.813197e+003,4.541379e+000
2.813679e+003,4.537466e+000
2.814161e+003,4.534157e+000
2.814643e+003,4.531423e+000
2.815125e+003,4.529223e+000
2.815607e+003,4.527454e+000
2.816090e+003,4.525917e+000
2.816572e+003,4.524332e+000
2.817054e+003,4.522377e+000
2.817536e+003,4.519775e+000
2.818018e+003,4.516339e+000
2.818500e+003,4.512046e+000
2.818982e+003,4.507003e+000
2.819464e+003,4.501432e+000
2.819947e+003,4.495605e+000
2.820429e+003,4.489799e+000
2.820911e+003,4.484239e+000
2.821393e+003,4.479093e+000
2.821875e+003,4.474438e+000
2.822357e+003,4.470286e+000
2.822839e+003,4.466572e+000
2.823322e+003,4.463186e+000
2.823803e+003,4.459991e+000
2.824286e+003,4.456875e+000
2.824768e+003,4.453775e+000
2.825250e+003,4.450708e+000
2.825732e+003,4.447750e+000
2.826214e+003,4.445005e+000
2.826696e+003,4.442557e+000
2.827178e+003,4.440417e+000
2.827661e+003,4.438504e+000
2.828143e+003,4.436672e+000
2.828625e+003,4.434739e+000
2.829107e+003,4.432564e+000
2.829589e+003,4.430073e+000
2.830071e+003,4.427284e+000
2.830553e+003,4.424277e+000
2.831035e+003,4.421164e+000
2.831518e+003,4.418024e+000
2.832000e+003,4.414905e+000
2.832482e+003,4.411795e+000
2.832964e+003,4.408648e+000
2.833446e+003,4.405388e+000
2.833928e+003,4.401931e+000
2.834410e+003,4.398176e+000
2.834892e+003,4.394007e+000
2.835375e+003,4.389292e+000
2.835857e+003,4.383922e+000
2.836339e+003,4.377809e+000
2.836821e+003,4.370934e+000
2.837303e+003,4.363363e+000
2.837785e+003,4.355217e+000
2.838267e+003,4.346661e+000
2.838750e+003,4.337858e+000
2.839231e+003,4.328954e+000
2.839714e+003,4.320077e+000
2.840196e+003,4.311360e+000
2.840678e+003,4.302971e+000
2.841160e+003,4.295115e+000
2.841642e+003,4.288034e+000
2.842124e+003,4.281949e+000
2.842606e+003,4.277003e+000
2.843089e+003,4.273206e+000
2.843571e+003,4.270423e+000
2.844053e+003,4.268369e+000
2.844535e+003,4.266667e+000
2.845017e+003,4.264907e+000
2.845499e+003,4.262702e+000
2.845981e+003,4.259728e+000
2.846463e+003,4.255741e+000
2.846946e+003,4.250587e+000
2.847428e+003,4.244208e+000
2.847910e+003,4.236632e+000
2.848392e+003,4.227995e+000
2.848874e+003,4.218511e+000
2.849356e+003,4.208484e+000
2.849838e+003,4.198260e+000
2.850320e+003,4.188208e+000
2.850802e+003,4.178689e+000
2.851285e+003,4.170035e+000
2.851767e+003,4.162539e+000
2.852249e+003,4.156435e+000
2.852731e+003,4.151886e+000
2.853213e+003,4.148940e+000
2.853695e+003,4.147492e+000
2.854177e+003,4.147253e+000
2.854659e+003,4.147751e+000
2.855142e+003,4.148376e+000
2.855624e+003,4.148462e+000
2.856106e+003,4.147405e+000
2.856588e+003,4.144764e+000
2.857070e+003,4.140368e+000
2.857552e+003,4.134337e+000
2.858034e+003,4.127086e+000
2.858517e+003,4.119231e+000
2.858999e+003,4.111516e+000
2.859481e+003,4.104648e+000
2.859963e+003,4.099219e+000
2.860445e+003,4.095562e+000
2.860927e+003,4.093727e+000
2.861409e+003,4.093462e+000
2.861891e+003,4.094271e+000
2.862374e+003,4.095528e+000
2.862856e+003,4.096611e+000
2.863338e+003,4.097034e+000
2.863820e+003,4.096539e+000
2.864302e+003,4.095119e+000
2.864784e+003,4.092982e+000
2.865266e+003,4.090453e+000
2.865748e+003,4.087855e+000
2.866230e+003,4.085413e+000
2.866713e+003,4.083205e+000
2.867195e+003,4.081151e+000
2.867677e+003,4.079059e+000
2.868159e+003,4.076698e+000
2.868641e+003,4.073860e+000
2.869123e+003,4.070414e+000
2.869605e+003,4.066338e+000
2.870088e+003,4.061720e+000
2.870570e+003,4.056768e+000
2.871052e+003,4.051763e+000
2.871534e+003,4.047032e+000
2.872016e+003,4.042887e+000
2.872498e+003,4.039567e+000
2.872980e+003,4.037186e+000
2.873462e+003,4.035690e+000
2.873945e+003,4.034873e+000
2.874427e+003,4.034420e+000
2.874909e+003,4.033956e+000
2.875391e+003,4.033134e+000
2.875873e+003,4.031663e+000
2.876355e+003,4.029351e+000
2.876837e+003,4.026075e+000
2.877319e+003,4.021777e+000
2.877802e+003,4.016438e+000
2.878284e+003,4.010094e+000
2.878766e+003,4.002858e+000
2.879248e+003,3.994953e+000
2.879730e+003,3.986709e+000
2.880212e+003,3.978568e+000
2.880694e+003,3.971006e+000
2.881176e+003,3.964459e+000
2.881658e+003,3.959240e+000
2.882141e+003,3.955491e+000
2.882623e+003,3.953157e+000
2.883105e+003,3.952013e+000
2.883587e+003,3.951716e+000
2.884069e+003,3.951862e+000
2.884551e+003,3.952062e+000
2.885033e+003,3.951966e+000
2.885516e+003,3.951318e+000
2.885998e+003,3.949970e+000
2.886480e+003,3.947875e+000
2.886962e+003,3.945104e+000
2.887444e+003,3.941789e+000
2.887926e+003,3.938107e+000
2.888408e+003,3.934215e+000
2.888890e+003,3.930216e+000
2.889373e+003,3.926124e+000
2.889855e+003,3.921903e+000
2.890337e+003,3.917463e+000
2.890819e+003,3.912740e+000
2.891301e+003,3.907714e+000
2.891783e+003,3.902455e+000
2.892265e+003,3.897099e+000
2.892747e+003,3.891813e+000
2.893229e+003,3.886760e+000
2.893712e+003,3.882049e+000
2.894194e+003,3.877709e+000
2.894676e+003,3.873703e+000
2.895158e+003,3.869925e+000
2.895640e+003,3.866258e+000
2.896122e+003,3.862595e+000
2.896604e+003,3.858862e+000
2.897086e+003,3.855035e+000
2.897569e+003,3.851141e+000
2.898051e+003,3.847231e+000
2.898533e+003,3.843364e+000
2.899015e+003,3.839579e+000
2.899497e+003,3.835869e+000
2.899979e+003,3.832182e+000
2.900461e+003,3.828420e+000
2.900944e+003,3.824471e+000
2.901426e+003,3.820239e+000
2.901908e+003,3.815675e+000
2.902390e+003,3.810795e+000
2.902872e+003,3.805660e+000
2.903354e+003,3.800377e+000
2.903836e+003,3.795047e+000
2.904318e+003,3.789756e+000
2.904801e+003,3.784558e+000
2.905283e+003,3.779490e+000
2.905765e+003,3.774577e+000
2.906247e+003,3.769855e+000
2.906729e+003,3.765358e+000
2.907211e+003,3.761115e+000
2.907693e+003,3.757136e+000
2.908175e+003,3.753390e+000
2.908657e+003,3.749814e+000
2.909140e+003,3.746341e+000
2.909622e+003,3.742913e+000
2.910104e+003,3.739523e+000
2.910586e+003,3.736193e+000
2.911068e+003,3.732988e+000
2.911550e+003,3.729955e+000
2.912032e+003,3.727108e+000
2.912514e+003,3.724396e+000
2.912997e+003,3.721711e+000
2.913479e+003,3.718900e+000
2.913961e+003,3.715801e+000
2.914443e+003,3.712265e+000
2.914925e+003,3.708177e+000
2.915407e+003,3.703476e+000
2.915889e+003,3.698148e+000
2.916372e+003,3.692232e+000
2.916854e+003,3.685834e+000
2.917336e+003,3.679104e+000
2.917818e+003,3.672245e+000
2.918300e+003,3.665460e+000
2.918782e+003,3.658944e+000
2.919264e+003,3.652826e+000
2.919746e+003,3.647167e+000
2.920229e+003,3.641953e+000
2.920711e+003,3.637134e+000
2.921193e+003,3.632634e+000
2.921675e+003,3.628406e+000
2.922157e+003,3.624397e+000
2.922639e+003,3.620566e+000
2.923121e+003,3.616842e+000
2.923603e+003,3.613126e+000
2.924085e+003,3.609303e+000
2.924568e+003,3.605288e+000
2.925050e+003,3.601072e+000
2.925532e+003,3.596760e+000
2.926014e+003,3.592567e+000
2.926496e+003,3.588777e+000
2.926978e+003,3.585654e+000
2.927460e+003,3.583363e+000
2.927942e+003,3.581915e+000
2.928425e+003,3.581168e+000
2.928907e+003,3.580867e+000
2.929389e+003,3.580732e+000
2.929871e+003,3.580539e+000
2.930353e+003,3.580187e+000
2.930835e+003,3.579715e+000
2.931317e+003,3.579258e+000
2.931800e+003,3.579005e+000
2.932281e+003,3.579127e+000
2.932764e+003,3.579719e+000
2.933246e+003,3.580783e+000
2.933728e+003,3.582216e+000
2.934210e+003,3.583856e+000
2.934692e+003,3.585507e+000
2.935174e+003,3.586981e+000
2.935656e+003,3.588129e+000
2.936139e+003,3.588873e+000
2.936621e+003,3.589173e+000
2.937103e+003,3.589039e+000
2.937585e+003,3.588478e+000
2.938067e+003,3.587498e+000
2.938549e+003,3.586083e+000
2.939031e+003,3.584225e+000
2.939513e+003,3.581946e+000
2.939996e+003,3.579337e+000
2.940478e+003,3.576572e+000
2.940960e+003,3.573901e+000
2.941442e+003,3.571590e+000
2.941924e+003,3.569873e+000
2.942406e+003,3.568865e+000
2.942888e+003,3.568539e+000
2.943370e+003,3.568705e+000
2.943853e+003,3.569074e+000
2.944335e+003,3.569306e+000
2.944817e+003,3.569094e+000
2.945299e+003,3.568210e+000
2.945781e+003,3.566552e+000
2.946263e+003,3.564139e+000
2.946745e+003,3.561099e+000
2.947228e+003,3.557659e+000
2.947709e+003,3.554112e+000
2.948192e+003,3.550764e+000
2.948674e+003,3.547903e+000
2.949156e+003,3.545704e+000
2.949638e+003,3.544200e+000
2.950120e+003,3.543238e+000
2.950602e+003,3.542505e+000
2.951084e+003,3.541599e+000
2.951567e+003,3.540159e+000
2.952049e+003,3.537960e+000
2.952531e+003,3.535001e+000
2.953013e+003,3.531497e+000
2.953495e+003,3.527813e+000
2.953977e+003,3.524319e+000
2.954459e+003,3.521272e+000
2.954941e+003,3.518706e+000
2.955424e+003,3.516440e+000
2.955906e+003,3.514127e+000
2.956388e+003,3.511398e+000
2.956870e+003,3.507978e+000
2.957352e+003,3.503807e+000
2.957834e+003,3.499053e+000
2.958316e+003,3.494085e+000
2.958798e+003,3.489362e+000
2.959281e+003,3.485335e+000
2.959763e+003,3.482305e+000
2.960245e+003,3.480384e+000
2.960727e+003,3.479448e+000
2.961209e+003,3.479201e+000
2.961691e+003,3.479237e+000
2.962173e+003,3.479139e+000
2.962656e+003,3.478577e+000
2.963137e+003,3.477377e+000
2.963620e+003,3.475528e+000
2.964102e+003,3.473181e+000
2.964584e+003,3.470553e+000
2.965066e+003,3.467878e+000
2.965548e+003,3.465333e+000
2.966030e+003,3.463013e+000
2.966512e+003,3.460950e+000
2.966995e+003,3.459167e+000
2.967477e+003,3.457702e+000
2.967959e+003,3.456647e+000
2.968441e+003,3.456096e+000
2.968923e+003,3.456108e+000
2.969405e+003,3.456622e+000
2.969887e+003,3.457422e+000
2.970369e+003,3.458136e+000
2.970852e+003,3.458333e+000
2.971334e+003,3.457587e+000
2.971816e+003,3.455631e+000
2.972298e+003,3.452392e+000
2.972780e+003,3.448044e+000
2.973262e+003,3.442946e+000
2.973744e+003,3.437577e+000
2.974226e+003,3.432425e+000
2.974708e+003,3.427923e+000
2.975191e+003,3.424365e+000
2.975673e+003,3.421890e+000
2.976155e+003,3.420461e+000
2.976637e+003,3.419888e+000
2.977119e+003,3.419859e+000
2.977601e+003,3.419988e+000
2.978083e+003,3.419899e+000
2.978565e+003,3.419304e+000
2.979048e+003,3.418044e+000
2.979530e+003,3.416136e+000
2.980012e+003,3.413710e+000
2.980494e+003,3.410986e+000
2.980976e+003,3.408160e+000
2.981458e+003,3.405370e+000
2.981940e+003,3.402664e+000
2.982423e+003,3.400061e+000
2.982905e+003,3.397577e+000
2.983387e+003,3.395315e+000
2.983869e+003,3.393446e+000
2.984351e+003,3.392195e+000
2.984833e+003,3.391742e+000
2.985315e+003,3.392143e+000
2.985797e+003,3.393266e+000
2.986280e+003,3.394802e+000
2.986762e+003,3.396323e+000
2.987244e+003,3.397390e+000
2.987726e+003,3.397640e+000
2.988208e+003,3.396882e+000
2.988690e+003,3.395087e+000
2.989172e+003,3.392373e+000
2.989654e+003,3.388936e+000
2.990136e+003,3.385005e+000
2.990619e+003,3.380783e+000
2.991101e+003,3.376444e+000
2.991583e+003,3.372106e+000
2.992065e+003,3.367840e+000
2.992547e+003,3.363660e+000
2.993029e+003,3.359501e+000
2.993511e+003,3.355242e+000
2.993994e+003,3.350716e+000
2.994476e+003,3.345762e+000
2.994958e+003,3.340283e+000
2.995440e+003,3.334306e+000
2.995922e+003,3.328008e+000
2.996404e+003,3.321714e+000
2.996886e+003,3.315847e+000
2.997368e+003,3.310846e+000
2.997851e+003,3.307093e+000
2.998333e+003,3.304809e+000
2.998815e+003,3.304009e+000
2.999297e+003,3.304479e+000
2.999779e+003,3.305817e+000
3.000261e+003,3.307486e+000
3.000743e+003,3.308935e+000
3.001225e+003,3.309698e+000
3.001708e+003,3.309500e+000
3.002190e+003,3.308286e+000
3.002672e+003,3.306228e+000
3.003154e+003,3.303637e+000
3.003636e+003,3.300879e+000
3.004118e+003,3.298256e+000
3.004600e+003,3.295954e+000
3.005082e+003,3.294004e+000
3.005564e+003,3.292346e+000
3.006047e+003,3.290856e+000
3.006529e+003,3.289423e+000
3.007011e+003,3.287961e+000
3.007493e+003,3.286417e+000
3.007975e+003,3.284733e+000
3.008457e+003,3.282838e+000
3.008939e+003,3.280642e+000
3.009422e+003,3.278087e+000
3.009904e+003,3.275177e+000
3.010386e+003,3.272033e+000
3.010868e+003,3.268856e+000
3.011350e+003,3.265902e+000
3.011832e+003,3.263372e+000
3.012314e+003,3.261346e+000
3.012796e+003,3.259742e+000
3.013279e+003,3.258350e+000
3.013761e+003,3.256894e+000
3.014243e+003,3.255145e+000
3.014725e+003,3.252997e+000
3.015207e+003,3.250493e+000
3.015689e+003,3.247787e+000
3.016171e+003,3.245076e+000
3.016653e+003,3.242506e+000
3.017135e+003,3.240131e+000
3.017618e+003,3.237890e+000
3.018100e+003,3.235661e+000
3.018582e+003,3.233310e+000
3.019064e+003,3.230763e+000
3.019546e+003,3.228030e+000
3.020028e+003,3.225221e+000
3.020510e+003,3.222507e+000
3.020992e+003,3.220098e+000
3.021475e+003,3.218170e+000
3.021957e+003,3.216844e+000
3.022439e+003,3.216120e+000
3.022921e+003,3.215872e+000
3.023403e+003,3.215836e+000
3.023885e+003,3.215632e+000
3.024367e+003,3.214825e+000
3.024850e+003,3.213015e+000
3.025332e+003,3.209923e+000
3.025814e+003,3.205489e+000
3.026296e+003,3.199882e+000
3.026778e+003,3.193499e+000
3.027260e+003,3.186875e+000
3.027742e+003,3.180576e+000
3.028224e+003,3.175084e+000
3.028707e+003,3.170716e+000
3.029189e+003,3.167559e+000
3.029671e+003,3.165477e+000
3.030153e+003,3.164140e+000
3.030635e+003,3.163093e+000
3.031117e+003,3.161842e+000
3.031599e+003,3.159951e+000
3.032081e+003,3.157131e+000
3.032563e+003,3.153332e+000
3.033046e+003,3.148737e+000
3.033528e+003,3.143773e+000
3.034010e+003,3.138978e+000
3.034492e+003,3.134902e+000
3.034974e+003,3.131955e+000
3.035456e+003,3.130303e+000
3.035938e+003,3.129831e+000
3.036420e+003,3.130201e+000
3.036903e+003,3.130947e+000
3.037385e+003,3.131622e+000
3.037867e+003,3.131909e+000
3.038349e+003,3.131696e+000
3.038831e+003,3.131055e+000
3.039313e+003,3.130191e+000
3.039795e+003,3.129346e+000
3.040278e+003,3.128721e+000
3.040760e+003,3.128409e+000
3.041242e+003,3.128390e+000
3.041724e+003,3.128521e+000
3.042206e+003,3.128577e+000
3.042688e+003,3.128287e+000
3.043170e+003,3.127378e+000
3.043652e+003,3.125613e+000
3.044135e+003,3.122869e+000
3.044617e+003,3.119143e+000
3.045099e+003,3.114600e+000
3.045581e+003,3.109528e+000
3.046063e+003,3.104305e+000
3.046545e+003,3.099307e+000
3.047027e+003,3.094831e+000
3.047509e+003,3.091041e+000
3.047991e+003,3.087957e+000
3.048474e+003,3.085474e+000
3.048956e+003,3.083438e+000
3.049438e+003,3.081672e+000
3.049920e+003,3.080050e+000
3.050402e+003,3.078484e+000
3.050884e+003,3.076924e+000
3.051366e+003,3.075334e+000
3.051848e+003,3.073697e+000
3.052331e+003,3.072000e+000
3.052813e+003,3.070254e+000
3.053295e+003,3.068485e+000
3.053777e+003,3.066750e+000
3.054259e+003,3.065105e+000
3.054741e+003,3.063587e+000
3.055223e+003,3.062211e+000
3.055706e+003,3.060980e+000
3.056188e+003,3.059877e+000
3.056670e+003,3.058922e+000
3.057152e+003,3.058134e+000
3.057634e+003,3.057555e+000
3.058116e+003,3.057190e+000
3.058598e+003,3.056998e+000
3.059080e+003,3.056876e+000
3.059563e+003,3.056692e+000
3.060045e+003,3.056317e+000
3.060527e+003,3.055680e+000
3.061009e+003,3.054787e+000
3.061491e+003,3.053721e+000
3.061973e+003,3.052587e+000
3.062455e+003,3.051456e+000
3.062937e+003,3.050323e+000
3.063419e+003,3.049103e+000
3.063902e+003,3.047649e+000
3.064384e+003,3.045831e+000
3.064866e+003,3.043567e+000
3.065348e+003,3.040881e+000
3.065830e+003,3.037867e+000
3.066312e+003,3.034659e+000
3.066794e+003,3.031360e+000
3.067276e+003,3.028023e+000
3.067759e+003,3.024623e+000
3.068241e+003,3.021101e+000
3.068723e+003,3.017397e+000
3.069205e+003,3.013508e+000
3.069687e+003,3.009493e+000
3.070169e+003,3.005475e+000
3.070651e+003,3.001618e+000
3.071134e+003,2.998100e+000
3.071615e+003,2.995071e+000
3.072098e+003,2.992659e+000
3.072580e+003,2.990938e+000
3.073062e+003,2.989921e+000
3.073544e+003,2.989546e+000
3.074026e+003,2.989650e+000
3.074508e+003,2.989967e+000
3.074990e+003,2.990162e+000
3.075473e+003,2.989865e+000
3.075955e+003,2.988744e+000
3.076437e+003,2.986578e+000
3.076919e+003,2.983301e+000
3.077401e+003,2.979021e+000
3.077883e+003,2.973994e+000
3.078365e+003,2.968563e+000
3.078847e+003,2.963097e+000
3.079330e+003,2.957910e+000
3.079812e+003,2.953216e+000
3.080294e+003,2.949094e+000
3.080776e+003,2.945503e+000
3.081258e+003,2.942295e+000
3.081740e+003,2.939258e+000
3.082222e+003,2.936162e+000
3.082704e+003,2.932837e+000
3.083187e+003,2.929185e+000
3.083669e+003,2.925227e+000
3.084151e+003,2.921097e+000
3.084633e+003,2.917013e+000
3.085115e+003,2.913226e+000
3.085597e+003,2.909952e+000
3.086079e+003,2.907327e+000
3.086562e+003,2.905371e+000
3.087043e+003,2.903982e+000
3.087526e+003,2.902977e+000
3.088008e+003,2.902115e+000
3.088490e+003,2.901176e+000
3.088972e+003,2.900004e+000
3.089454e+003,2.898545e+000
3.089936e+003,2.896858e+000
3.090418e+003,2.895128e+000
3.090901e+003,2.893594e+000
3.091383e+003,2.892513e+000
3.091865e+003,2.892063e+000
3.092347e+003,2.892301e+000
3.092829e+003,2.893109e+000
3.093311e+003,2.894211e+000
3.093793e+003,2.895233e+000
3.094275e+003,2.895812e+000
3.094758e+003,2.895665e+000
3.095240e+003,2.894702e+000
3.095722e+003,2.892990e+000
3.096204e+003,2.890752e+000
3.096686e+003,2.888246e+000
3.097168e+003,2.885699e+000
3.097650e+003,2.883225e+000
3.098132e+003,2.880840e+000
3.098615e+003,2.878483e+000
3.099097e+003,2.876092e+000
3.099579e+003,2.873646e+000
3.100061e+003,2.871202e+000
3.100543e+003,2.868854e+000
3.101025e+003,2.866688e+000
3.101507e+003,2.864732e+000
3.101990e+003,2.862931e+000
3.102471e+003,2.861155e+000
3.102954e+003,2.859256e+000
3.103436e+003,2.857110e+000
3.103918e+003,2.854681e+000
3.104400e+003,2.852026e+000
3.104882e+003,2.849277e+000
3.105364e+003,2.846586e+000
3.105846e+003,2.844111e+000
3.106329e+003,2.841940e+000
3.106811e+003,2.840115e+000
3.107293e+003,2.838600e+000
3.107775e+003,2.837325e+000
3.108257e+003,2.836189e+000
3.108739e+003,2.835084e+000
3.109221e+003,2.833920e+000
3.109703e+003,2.832642e+000
3.110186e+003,2.831231e+000
3.110668e+003,2.829720e+000
3.111150e+003,2.828158e+000
3.111632e+003,2.826595e+000
3.112114e+003,2.825039e+000
3.112596e+003,2.823435e+000
3.113078e+003,2.821664e+000
3.113560e+003,2.819597e+000
3.114042e+003,2.817126e+000
3.114525e+003,2.814246e+000
3.115007e+003,2.811062e+000
3.115489e+003,2.807805e+000
3.115971e+003,2.804752e+000
3.116453e+003,2.802156e+000
3.116935e+003,2.800162e+000
3.117417e+003,2.798773e+000
3.117900e+003,2.797849e+000
3.118382e+003,2.797177e+000
3.118864e+003,2.796539e+000
3.119346e+003,2.795809e+000
3.119828e+003,2.794981e+000
3.120310e+003,2.794158e+000
3.120792e+003,2.793491e+000
3.121274e+003,2.793109e+000
3.121757e+003,2.793015e+000
3.122239e+003,2.793064e+000
3.122721e+003,2.792952e+000
3.123203e+003,2.792304e+000
3.123685e+003,2.790758e+000
3.124167e+003,2.788095e+000
3.124649e+003,2.784312e+000
3.125131e+003,2.779670e+000
3.125614e+003,2.774639e+000
3.126096e+003,2.769811e+000
3.126578e+003,2.765733e+000
3.127060e+003,2.762784e+000
3.127542e+003,2.761066e+000
3.128024e+003,2.760394e+000
3.128506e+003,2.760358e+000
3.128988e+003,2.760482e+000
3.129470e+003,2.760363e+000
3.129953e+003,2.759809e+000
3.130435e+003,2.758872e+000
3.130917e+003,2.757811e+000
3.131399e+003,2.756972e+000
3.131881e+003,2.756636e+000
3.132363e+003,2.756889e+000
3.132845e+003,2.757577e+000
3.133328e+003,2.758319e+000
3.133810e+003,2.758627e+000
3.134292e+003,2.758015e+000
3.134774e+003,2.756155e+000
3.135256e+003,2.752928e+000
3.135738e+003,2.748451e+000
3.136220e+003,2.743036e+000
3.136702e+003,2.737129e+000
3.137185e+003,2.731205e+000
3.137667e+003,2.725715e+000
3.138149e+003,2.721006e+000
3.138631e+003,2.717297e+000
3.139113e+003,2.714649e+000
3.139595e+003,2.712960e+000
3.140077e+003,2.712004e+000
3.140559e+003,2.711469e+000
3.141042e+003,2.711012e+000
3.141524e+003,2.710336e+000
3.142006e+003,2.709221e+000
3.142488e+003,2.707581e+000
3.142970e+003,2.705447e+000
3.143452e+003,2.702970e+000
3.143934e+003,2.700367e+000
3.144417e+003,2.697903e+000
3.144898e+003,2.695826e+000
3.145381e+003,2.694338e+000
3.145863e+003,2.693560e+000
3.146345e+003,2.693501e+000
3.146827e+003,2.694063e+000
3.147309e+003,2.695040e+000
3.147791e+003,2.696156e+000
3.148273e+003,2.697127e+000
3.148756e+003,2.697703e+000
3.149238e+003,2.697725e+000
3.149720e+003,2.697131e+000
3.150202e+003,2.695961e+000
3.150684e+003,2.694305e+000
3.151166e+003,2.692279e+000
3.151648e+003,2.689979e+000
3.152130e+003,2.687481e+000
3.152613e+003,2.684830e+000
3.153095e+003,2.682066e+000
3.153577e+003,2.679216e+000
3.154059e+003,2.676308e+000
3.154541e+003,2.673340e+000
3.155023e+003,2.670280e+000
3.155505e+003,2.667059e+000
3.155987e+003,2.663612e+000
3.156469e+003,2.659899e+000
3.156952e+003,2.655971e+000
3.157434e+003,2.651959e+000
3.157916e+003,2.648099e+000
3.158398e+003,2.644658e+000
3.158880e+003,2.641882e+000
3.159362e+003,2.639920e+000
3.159844e+003,2.638790e+000
3.160326e+003,2.638370e+000
3.160809e+003,2.638436e+000
3.161291e+003,2.638712e+000
3.161773e+003,2.638937e+000
3.162255e+003,2.638908e+000
3.162737e+003,2.638495e+000
3.163219e+003,2.637653e+000
3.163701e+003,2.636406e+000
3.164184e+003,2.634807e+000
3.164666e+003,2.632945e+000
3.165148e+003,2.630906e+000
3.165630e+003,2.628788e+000
3.166112e+003,2.626688e+000
3.166594e+003,2.624713e+000
3.167076e+003,2.622962e+000
3.167558e+003,2.621552e+000
3.168041e+003,2.620569e+000
3.168523e+003,2.620080e+000
3.169005e+003,2.620079e+000
3.169487e+003,2.620481e+000
3.169969e+003,2.621111e+000
3.170451e+003,2.621710e+000
3.170933e+003,2.621984e+000
3.171415e+003,2.621661e+000
3.171897e+003,2.620539e+000
3.172380e+003,2.618525e+000
3.172862e+003,2.615638e+000
3.173344e+003,2.611997e+000
3.173826e+003,2.607762e+000
3.174308e+003,2.603105e+000
3.174790e+003,2.598162e+000
3.175272e+003,2.593082e+000
3.175754e+003,2.588000e+000
3.176237e+003,2.583093e+000
3.176719e+003,2.578561e+000
3.177201e+003,2.574615e+000
3.177683e+003,2.571421e+000
3.178165e+003,2.569037e+000
3.178647e+003,2.567383e+000
3.179129e+003,2.566245e+000
3.179612e+003,2.565324e+000
3.180094e+003,2.564317e+000
3.180576e+003,2.562994e+000
3.181058e+003,2.561276e+000
3.181540e+003,2.559236e+000
3.182022e+003,2.557091e+000
3.182504e+003,2.555126e+000
3.182986e+003,2.553629e+000
3.183469e+003,2.552804e+000
3.183951e+003,2.552737e+000
3.184433e+003,2.553348e+000
3.184915e+003,2.554439e+000
3.185397e+003,2.555717e+000
3.185879e+003,2.556858e+000
3.186361e+003,2.557579e+000
3.186843e+003,2.557689e+000
3.187325e+003,2.557105e+000
3.187808e+003,2.555862e+000
3.188290e+003,2.554067e+000
3.188772e+003,2.551873e+000
3.189254e+003,2.549422e+000
3.189736e+003,2.546836e+000
3.190218e+003,2.544185e+000
3.190700e+003,2.541528e+000
3.191182e+003,2.538910e+000
3.191665e+003,2.536372e+000
3.192147e+003,2.533936e+000
3.192629e+003,2.531595e+000
3.193111e+003,2.529294e+000
3.193593e+003,2.526941e+000
3.194075e+003,2.524434e+000
3.194557e+003,2.521738e+000
3.195040e+003,2.518890e+000
3.195521e+003,2.516061e+000
3.196004e+003,2.513479e+000
3.196486e+003,2.511387e+000
3.196968e+003,2.509922e+000
3.197450e+003,2.509052e+000
3.197932e+003,2.508554e+000
3.198414e+003,2.508088e+000
3.198896e+003,2.507294e+000
3.199379e+003,2.505938e+000
3.199861e+003,2.503988e+000
3.200343e+003,2.501658e+000
3.200825e+003,2.499324e+000
3.201307e+003,2.497414e+000
3.201789e+003,2.496260e+000
3.202271e+003,2.496002e+000
3.202753e+003,2.496540e+000
3.203236e+003,2.497568e+000
3.203718e+003,2.498670e+000
3.204200e+003,2.499441e+000
3.204682e+003,2.499584e+000
3.205164e+003,2.498973e+000
3.205646e+003,2.497649e+000
3.206128e+003,2.495800e+000
3.206610e+003,2.493665e+000
3.207093e+003,2.491469e+000
3.207575e+003,2.489356e+000
3.208057e+003,2.487358e+000
3.208539e+003,2.485380e+000
3.209021e+003,2.483245e+000
3.209503e+003,2.480739e+000
3.209985e+003,2.477681e+000
3.210468e+003,2.473970e+000
3.210949e+003,2.469633e+000
3.211432e+003,2.464800e+000
3.211914e+003,2.459699e+000
3.212396e+003,2.454601e+000
3.212878e+003,2.449782e+000
3.213360e+003,2.445478e+000
3.213842e+003,2.441892e+000
3.214324e+003,2.439160e+000
3.214807e+003,2.437355e+000
3.215289e+003,2.436476e+000
3.215771e+003,2.436424e+000
3.216253e+003,2.437009e+000
3.216735e+003,2.437935e+000
3.217217e+003,2.438855e+000
3.217699e+003,2.439436e+000
3.218181e+003,2.439413e+000
3.218664e+003,2.438673e+000
3.219146e+003,2.437243e+000
3.219628e+003,2.435284e+000
3.220110e+003,2.433004e+000
3.220592e+003,2.430577e+000
3.221074e+003,2.428086e+000
3.221556e+003,2.425503e+000
3.222038e+003,2.422742e+000
3.222521e+003,2.419720e+000
3.223003e+003,2.416448e+000
3.223485e+003,2.413081e+000
3.223967e+003,2.409916e+000
3.224449e+003,2.407328e+000
3.224931e+003,2.405692e+000
3.225413e+003,2.405285e+000
3.225896e+003,2.406191e+000
3.226377e+003,2.408295e+000
3.226860e+003,2.411256e+000
3.227342e+003,2.414603e+000
3.227824e+003,2.417792e+000
3.228306e+003,2.420311e+000
3.228788e+003,2.421748e+000
3.229270e+003,2.421883e+000
3.229752e+003,2.420677e+000
3.230235e+003,2.418295e+000
3.230717e+003,2.415040e+000
3.231199e+003,2.411301e+000
3.231681e+003,2.407472e+000
3.232163e+003,2.403896e+000
3.232645e+003,2.400827e+000
3.233127e+003,2.398425e+000
3.233609e+003,2.396768e+000
3.234092e+003,2.395871e+000
3.234574e+003,2.395689e+000
3.235056e+003,2.396129e+000
3.235538e+003,2.397023e+000
3.236020e+003,2.398129e+000
3.236502e+003,2.399120e+000
3.236984e+003,2.399641e+000
3.237466e+003,2.399335e+000
3.237948e+003,2.397922e+000
3.238431e+003,2.395241e+000
3.238913e+003,2.391285e+000
3.239395e+003,2.386191e+000
3.239877e+003,2.380212e+000
3.240359e+003,2.373679e+000
3.240841e+003,2.366966e+000
3.241323e+003,2.360445e+000
3.241806e+003,2.354486e+000
3.242288e+003,2.349425e+000
3.242770e+003,2.345545e+000
3.243252e+003,2.343050e+000
3.243734e+003,2.342030e+000
3.244216e+003,2.342426e+000
3.244698e+003,2.344035e+000
3.245180e+003,2.346513e+000
3.245663e+003,2.349422e+000
3.246145e+003,2.352290e+000
3.246627e+003,2.354682e+000
3.247109e+003,2.356251e+000
3.247591e+003,2.356780e+000
3.248073e+003,2.356205e+000
3.248555e+003,2.354604e+000
3.249037e+003,2.352165e+000
3.249520e+003,2.349161e+000
3.250002e+003,2.345873e+000
3.250484e+003,2.342563e+000
3.250966e+003,2.339429e+000
3.251448e+003,2.336597e+000
3.251930e+003,2.334110e+000
3.252412e+003,2.331965e+000
3.252894e+003,2.330115e+000
3.253376e+003,2.328487e+000
3.253859e+003,2.326988e+000
3.254341e+003,2.325511e+000
3.254823e+003,2.323943e+000
3.255305e+003,2.322183e+000
3.255787e+003,2.320182e+000
3.256269e+003,2.317982e+000
3.256751e+003,2.315719e+000
3.257234e+003,2.313625e+000
3.257716e+003,2.311954e+000
3.258198e+003,2.310929e+000
3.258680e+003,2.310649e+000
3.259162e+003,2.311054e+000
3.259644e+003,2.311922e+000
3.260126e+003,2.312941e+000
3.260608e+003,2.313780e+000
3.261091e+003,2.314178e+000
3.261573e+003,2.313995e+000
3.262055e+003,2.313222e+000
3.262537e+003,2.311930e+000
3.263019e+003,2.310204e+000
3.263501e+003,2.308094e+000
3.263983e+003,2.305586e+000
3.264465e+003,2.302605e+000
3.264948e+003,2.299077e+000
3.265430e+003,2.294955e+000
3.265912e+003,2.290299e+000
3.266394e+003,2.285267e+000
3.266876e+003,2.280131e+000
3.267358e+003,2.275223e+000
3.267840e+003,2.270907e+000
3.268323e+003,2.267504e+000
3.268804e+003,2.265241e+000
3.269287e+003,2.264205e+000
3.269769e+003,2.264313e+000
3.270251e+003,2.265315e+000
3.270733e+003,2.266836e+000
3.271215e+003,2.268438e+000
3.271697e+003,2.269713e+000
3.272179e+003,2.270357e+000
3.272662e+003,2.270216e+000
3.273144e+003,2.269290e+000
3.273626e+003,2.267697e+000
3.274108e+003,2.265611e+000
3.274590e+003,2.263197e+000
3.275072e+003,2.260575e+000
3.275554e+003,2.257819e+000
3.276036e+003,2.254964e+000
3.276519e+003,2.252035e+000
3.277001e+003,2.249052e+000
3.277483e+003,2.246036e+000
3.277965e+003,2.242989e+000
3.278447e+003,2.239902e+000
3.278929e+003,2.236760e+000
3.279411e+003,2.233610e+000
3.279893e+003,2.230566e+000
3.280375e+003,2.227858e+000
3.280858e+003,2.225766e+000
3.281340e+003,2.224568e+000
3.281822e+003,2.224407e+000
3.282304e+003,2.225219e+000
3.282786e+003,2.226671e+000
3.283268e+003,2.228225e+000
3.283750e+003,2.229246e+000
3.284232e+003,2.229168e+000
3.284715e+003,2.227648e+000
3.285197e+003,2.224666e+000
3.285679e+003,2.220548e+000
3.286161e+003,2.215874e+000
3.286643e+003,2.211358e+000
3.287125e+003,2.207686e+000
3.287607e+003,2.205359e+000
3.288090e+003,2.204609e+000
3.288572e+003,2.205347e+000
3.289054e+003,2.207206e+000
3.289536e+003,2.209632e+000
3.290018e+003,2.212013e+000
3.290500e+003,2.213823e+000
3.290982e+003,2.214756e+000
3.291464e+003,2.214774e+000
3.291947e+003,2.214102e+000
3.292429e+003,2.213123e+000
3.292911e+003,2.212232e+000
3.293393e+003,2.211685e+000
3.293875e+003,2.211486e+000
3.294357e+003,2.211378e+000
3.294839e+003,2.210940e+000
3.295321e+003,2.209733e+000
3.295803e+003,2.207483e+000
3.296286e+003,2.204177e+000
3.296768e+003,2.200110e+000
3.297250e+003,2.195783e+000
3.297732e+003,2.191754e+000
3.298214e+003,2.188464e+000
3.298696e+003,2.186132e+000
3.299178e+003,2.184702e+000
3.299660e+003,2.183904e+000
3.300143e+003,2.183372e+000
3.300625e+003,2.182770e+000
3.301107e+003,2.181897e+000
3.301589e+003,2.180717e+000
3.302071e+003,2.179344e+000
3.302553e+003,2.177999e+000
3.303035e+003,2.176905e+000
3.303518e+003,2.176249e+000
3.304000e+003,2.176098e+000
3.304482e+003,2.176413e+000
3.304964e+003,2.177035e+000
3.305446e+003,2.177735e+000
3.305928e+003,2.178255e+000
3.306410e+003,2.178394e+000
3.306892e+003,2.178030e+000
3.307375e+003,2.177179e+000
3.307857e+003,2.175966e+000
3.308339e+003,2.174597e+000
3.308821e+003,2.173276e+000
3.309303e+003,2.172141e+000
3.309785e+003,2.171207e+000
3.310267e+003,2.170374e+000
3.310749e+003,2.169452e+000
3.311231e+003,2.168245e+000
3.311714e+003,2.166588e+000
3.312196e+003,2.164422e+000
3.312678e+003,2.161766e+000
3.313160e+003,2.158721e+000
3.313642e+003,2.155414e+000
3.314124e+003,2.151986e+000
3.314606e+003,2.148574e+000
3.315088e+003,2.145326e+000
3.315571e+003,2.142404e+000
3.316053e+003,2.140000e+000
3.316535e+003,2.138304e+000
3.317017e+003,2.137465e+000
3.317499e+003,2.137553e+000
3.317981e+003,2.138523e+000
3.318463e+003,2.140195e+000
3.318946e+003,2.142291e+000
3.319427e+003,2.144447e+000
3.319910e+003,2.146284e+000
3.320392e+003,2.147447e+000
3.320874e+003,2.147644e+000
3.321356e+003,2.146680e+000
3.321838e+003,2.144501e+000
3.322320e+003,2.141185e+000
3.322802e+003,2.136958e+000
3.323285e+003,2.132165e+000
3.323767e+003,2.127231e+000
3.324249e+003,2.122592e+000
3.324731e+003,2.118623e+000
3.325213e+003,2.115580e+000
3.325695e+003,2.113575e+000
3.326177e+003,2.112560e+000
3.326659e+003,2.112367e+000
3.327142e+003,2.112732e+000
3.327624e+003,2.113348e+000
3.328106e+003,2.113900e+000
3.328588e+003,2.114100e+000
3.329070e+003,2.113723e+000
3.329552e+003,2.112650e+000
3.330034e+003,2.110868e+000
3.330516e+003,2.108497e+000
3.330999e+003,2.105753e+000
3.331481e+003,2.102907e+000
3.331963e+003,2.100219e+000
3.332445e+003,2.097866e+000
3.332927e+003,2.095933e+000
3.333409e+003,2.094403e+000
3.333891e+003,2.093204e+000
3.334374e+003,2.092286e+000
3.334855e+003,2.091644e+000
3.335338e+003,2.091341e+000
3.335820e+003,2.091476e+000
3.336302e+003,2.092116e+000
3.336784e+003,2.093229e+000
3.337266e+003,2.094666e+000
3.337748e+003,2.096153e+000
3.338230e+003,2.097361e+000
3.338713e+003,2.097979e+000
3.339195e+003,2.097798e+000
3.339677e+003,2.096746e+000
3.340159e+003,2.094897e+000
3.340641e+003,2.092439e+000
3.341123e+003,2.089642e+000
3.341605e+003,2.086792e+000
3.342087e+003,2.084188e+000
3.342570e+003,2.082086e+000
3.343052e+003,2.080701e+000
3.343534e+003,2.080167e+000
3.344016e+003,2.080511e+000
3.344498e+003,2.081616e+000
3.344980e+003,2.083221e+000
3.345462e+003,2.084929e+000
3.345944e+003,2.086270e+000
3.346427e+003,2.086772e+000
3.346909e+003,2.086067e+000
3.347391e+003,2.083956e+000
3.347873e+003,2.080443e+000
3.348355e+003,2.075741e+000
3.348837e+003,2.070223e+000
3.349319e+003,2.064329e+000
3.349802e+003,2.058514e+000
3.350283e+003,2.053150e+000
3.350766e+003,2.048503e+000
3.351248e+003,2.044716e+000
3.351730e+003,2.041822e+000
3.352212e+003,2.039765e+000
3.352694e+003,2.038447e+000
3.353176e+003,2.037729e+000
3.353658e+003,2.037462e+000
3.354141e+003,2.037464e+000
3.354623e+003,2.037553e+000
3.355105e+003,2.037546e+000
3.355587e+003,2.037292e+000
3.356069e+003,2.036713e+000
3.356551e+003,2.035845e+000
3.357033e+003,2.034834e+000
3.357515e+003,2.033933e+000
3.357998e+003,2.033412e+000
3.358480e+003,2.033504e+000
3.358962e+003,2.034314e+000
3.359444e+003,2.035778e+000
3.359926e+003,2.037664e+000
3.360408e+003,2.039649e+000
3.360890e+003,2.041385e+000
3.361372e+003,2.042599e+000
3.361854e+003,2.043152e+000
3.362337e+003,2.043059e+000
3.362819e+003,2.042449e+000
3.363301e+003,2.041513e+000
3.363783e+003,2.040435e+000
3.364265e+003,2.039356e+000
3.364747e+003,2.038329e+000
3.365229e+003,2.037338e+000
3.365712e+003,2.036295e+000
3.366194e+003,2.035070e+000
3.366676e+003,2.033514e+000
3.367158e+003,2.031481e+000
3.367640e+003,2.028877e+000
3.368122e+003,2.025702e+000
3.368604e+003,2.022073e+000
3.369086e+003,2.018222e+000
3.369569e+003,2.014456e+000
3.370051e+003,2.011072e+000
3.370533e+003,2.008259e+000
3.371015e+003,2.006021e+000
3.371497e+003,2.004139e+000
3.371979e+003,2.002238e+000
3.372461e+003,1.999873e+000
3.372943e+003,1.996683e+000
3.373426e+003,1.992500e+000
3.373908e+003,1.987428e+000
3.374390e+003,1.981818e+000
3.374872e+003,1.976181e+000
3.375354e+003,1.971063e+000
3.375836e+003,1.966920e+000
3.376318e+003,1.964033e+000
3.376800e+003,1.962482e+000
3.377282e+003,1.962165e+000
3.377765e+003,1.962865e+000
3.378247e+003,1.964306e+000
3.378729e+003,1.966209e+000
3.379211e+003,1.968313e+000
3.379693e+003,1.970388e+000
3.380175e+003,1.972219e+000
3.380657e+003,1.973620e+000
3.381140e+003,1.974415e+000
3.381622e+003,1.974475e+000
3.382104e+003,1.973732e+000
3.382586e+003,1.972205e+000
3.383068e+003,1.970016e+000
3.383550e+003,1.967411e+000
3.384032e+003,1.964712e+000
3.384514e+003,1.962285e+000
3.384997e+003,1.960447e+000
3.385479e+003,1.959403e+000
3.385961e+003,1.959173e+000
3.386443e+003,1.959580e+000
3.386925e+003,1.960293e+000
3.387407e+003,1.960922e+000
3.387889e+003,1.961133e+000
3.388371e+003,1.960756e+000
3.388854e+003,1.959828e+000
3.389336e+003,1.958590e+000
3.389818e+003,1.957386e+000
3.390300e+003,1.956549e+000
3.390782e+003,1.956275e+000
3.391264e+003,1.956566e+000
3.391746e+003,1.957204e+000
3.392229e+003,1.957824e+000
3.392710e+003,1.958028e+000
3.393193e+003,1.957477e+000
3.393675e+003,1.955983e+000
3.394157e+003,1.953523e+000
3.394639e+003,1.950227e+000
3.395121e+003,1.946332e+000
3.395603e+003,1.942135e+000
3.396085e+003,1.937965e+000
3.396568e+003,1.934155e+000
3.397050e+003,1.931030e+000
3.397532e+003,1.928874e+000
3.398014e+003,1.927892e+000
3.398496e+003,1.928156e+000
3.398978e+003,1.929572e+000
3.399460e+003,1.931860e+000
3.399942e+003,1.934583e+000
3.400425e+003,1.937214e+000
3.400907e+003,1.939229e+000
3.401389e+003,1.940218e+000
3.401871e+003,1.939952e+000
3.402353e+003,1.938442e+000
3.402835e+003,1.935924e+000
3.403317e+003,1.932781e+000
3.403799e+003,1.929470e+000
3.404281e+003,1.926380e+000
3.404764e+003,1.923773e+000
3.405246e+003,1.921730e+000
3.405728e+003,1.920166e+000
3.406210e+003,1.918887e+000
3.406692e+003,1.917668e+000
3.407174e+003,1.916332e+000
3.407656e+003,1.914792e+000
3.408138e+003,1.913042e+000
3.408621e+003,1.911138e+000
3.409103e+003,1.909146e+000
3.409585e+003,1.907092e+000
3.410067e+003,1.904973e+000
3.410549e+003,1.902778e+000
3.411031e+003,1.900520e+000
3.411513e+003,1.898294e+000
3.411996e+003,1.896261e+000
3.412478e+003,1.894624e+000
3.412960e+003,1.893547e+000
3.413442e+003,1.893085e+000
3.413924e+003,1.893116e+000
3.414406e+003,1.893372e+000
3.414888e+003,1.893468e+000
3.415370e+003,1.893028e+000
3.415853e+003,1.891774e+000
3.416335e+003,1.889628e+000
3.416817e+003,1.886729e+000
3.417299e+003,1.883415e+000
3.417781e+003,1.880142e+000
3.418263e+003,1.877409e+000
3.418745e+003,1.875645e+000
3.419227e+003,1.875148e+000
3.419709e+003,1.876018e+000
3.420192e+003,1.878162e+000
3.420674e+003,1.881279e+000
3.421156e+003,1.884912e+000
3.421638e+003,1.888492e+000
3.422120e+003,1.891440e+000
3.422602e+003,1.893232e+000
3.423084e+003,1.893488e+000
3.423566e+003,1.892022e+000
3.424049e+003,1.888889e+000
3.424531e+003,1.884362e+000
3.425013e+003,1.878900e+000
3.425495e+003,1.873067e+000
3.425977e+003,1.867462e+000
3.426459e+003,1.862601e+000
3.426941e+003,1.858852e+000
3.427424e+003,1.856362e+000
3.427906e+003,1.855053e+000
3.428388e+003,1.854635e+000
3.428870e+003,1.854677e+000
3.429352e+003,1.854698e+000
3.429834e+003,1.854281e+000
3.430316e+003,1.853151e+000
3.430798e+003,1.851237e+000
3.431281e+003,1.848665e+000
3.431763e+003,1.845723e+000
3.432245e+003,1.842785e+000
3.432727e+003,1.840220e+000
3.433209e+003,1.838328e+000
3.433691e+003,1.837290e+000
3.434173e+003,1.837146e+000
3.434655e+003,1.837800e+000
3.435137e+003,1.839017e+000
3.435620e+003,1.840469e+000
3.436102e+003,1.841731e+000
3.436584e+003,1.842372e+000
3.437066e+003,1.841993e+000
3.437548e+003,1.840343e+000
3.438030e+003,1.837382e+000
3.438512e+003,1.833320e+000
3.438994e+003,1.828607e+000
3.439477e+003,1.823838e+000
3.439959e+003,1.819641e+000
3.440441e+003,1.816513e+000
3.440923e+003,1.814725e+000
3.441405e+003,1.814253e+000
3.441887e+003,1.814804e+000
3.442369e+003,1.815909e+000
3.442852e+003,1.817035e+000
3.443333e+003,1.817716e+000
3.443816e+003,1.817627e+000
3.444298e+003,1.816607e+000
3.444780e+003,1.814655e+000
3.445262e+003,1.811896e+000
3.445744e+003,1.808538e+000
3.446226e+003,1.804842e+000
3.446708e+003,1.801093e+000
3.447191e+003,1.797579e+000
3.447673e+003,1.794554e+000
3.448155e+003,1.792219e+000
3.448637e+003,1.790688e+000
3.449119e+003,1.790006e+000
3.449601e+003,1.790137e+000
3.450083e+003,1.790985e+000
3.450565e+003,1.792395e+000
3.451048e+003,1.794183e+000
3.451530e+003,1.796121e+000
3.452012e+003,1.797951e+000
3.452494e+003,1.799413e+000
3.452976e+003,1.800292e+000
3.453458e+003,1.800457e+000
3.453940e+003,1.799913e+000
3.454422e+003,1.798825e+000
3.454905e+003,1.797489e+000
3.455387e+003,1.796265e+000
3.455869e+003,1.795485e+000
3.456351e+003,1.795345e+000
3.456833e+003,1.795852e+000
3.457315e+003,1.796797e+000
3.457797e+003,1.797817e+000
3.458280e+003,1.798492e+000
3.458761e+003,1.798447e+000
3.459244e+003,1.797470e+000
3.459726e+003,1.795546e+000
3.460208e+003,1.792851e+000
3.460690e+003,1.789700e+000
3.461172e+003,1.786442e+000
3.461654e+003,1.783378e+000
3.462136e+003,1.780685e+000
3.462619e+003,1.778417e+000
3.463101e+003,1.776527e+000
3.463583e+003,1.774909e+000
3.464065e+003,1.773469e+000
3.464547e+003,1.772152e+000
3.465029e+003,1.770929e+000
3.465511e+003,1.769780e+000
3.465993e+003,1.768626e+000
3.466476e+003,1.767332e+000
3.466958e+003,1.765707e+000
3.467440e+003,1.763580e+000
3.467922e+003,1.760872e+000
3.468404e+003,1.757696e+000
3.468886e+003,1.754389e+000
3.469368e+003,1.751463e+000
3.469850e+003,1.749514e+000
3.470333e+003,1.749068e+000
3.470815e+003,1.750434e+000
3.471297e+003,1.753598e+000
3.471779e+003,1.758218e+000
3.472261e+003,1.763701e+000
3.472743e+003,1.769311e+000
3.473225e+003,1.774342e+000
3.473708e+003,1.778214e+000
3.474189e+003,1.780550e+000
3.474672e+003,1.781181e+000
3.475154e+003,1.780102e+000
3.475636e+003,1.777431e+000
3.476118e+003,1.773372e+000
3.476600e+003,1.768208e+000
3.477082e+003,1.762294e+000
3.477564e+003,1.756056e+000
3.478047e+003,1.749976e+000
3.478529e+003,1.744535e+000
3.479011e+003,1.740142e+000
3.479493e+003,1.737068e+000
3.479975e+003,1.735397e+000
3.480457e+003,1.735016e+000
3.480939e+003,1.735647e+000
3.481421e+003,1.736893e+000
3.481904e+003,1.738343e+000
3.482386e+003,1.739635e+000
3.482868e+003,1.740521e+000
3.483350e+003,1.740888e+000
3.483832e+003,1.740782e+000
3.484314e+003,1.740356e+000
3.484796e+003,1.739837e+000
3.485278e+003,1.739468e+000
3.485760e+003,1.739441e+000
3.486243e+003,1.739847e+000
3.486725e+003,1.740635e+000
3.487207e+003,1.741621e+000
3.487689e+003,1.742524e+000
3.488171e+003,1.743029e+000
3.488653e+003,1.742869e+000
3.489135e+003,1.741876e+000
3.489618e+003,1.740012e+000
3.490100e+003,1.737367e+000
3.490582e+003,1.734122e+000
3.491064e+003,1.730504e+000
3.491546e+003,1.726768e+000
3.492028e+003,1.723150e+000
3.492510e+003,1.719866e+000
3.492992e+003,1.717080e+000
3.493475e+003,1.714905e+000
3.493957e+003,1.713375e+000
3.494439e+003,1.712454e+000
3.494921e+003,1.712042e+000
3.495403e+003,1.712015e+000
3.495885e+003,1.712257e+000
3.496367e+003,1.712692e+000
3.496849e+003,1.713273e+000
3.497332e+003,1.713984e+000
3.497814e+003,1.714775e+000
3.498296e+003,1.715557e+000
3.498778e+003,1.716181e+000
3.499260e+003,1.716491e+000
3.499742e+003,1.716368e+000
3.500224e+003,1.715792e+000
3.500706e+003,1.714878e+000
3.501188e+003,1.713847e+000
3.501671e+003,1.712969e+000
3.502153e+003,1.712446e+000
3.502635e+003,1.712320e+000
3.503117e+003,1.712434e+000
3.503599e+003,1.712446e+000
3.504081e+003,1.711933e+000
3.504563e+003,1.710508e+000
3.505046e+003,1.707943e+000
3.505528e+003,1.704208e+000
3.506010e+003,1.699479e+000
3.506492e+003,1.694084e+000
3.506974e+003,1.688440e+000
3.507456e+003,1.682976e+000
3.507938e+003,1.678059e+000
3.508420e+003,1.673934e+000
3.508903e+003,1.670673e+000
3.509385e+003,1.668166e+000
3.509867e+003,1.666123e+000
3.510349e+003,1.664165e+000
3.510831e+003,1.661936e+000
3.511313e+003,1.659219e+000
3.511795e+003,1.656034e+000
3.512277e+003,1.652656e+000
3.512760e+003,1.649578e+000
3.513242e+003,1.647386e+000
3.513724e+003,1.646607e+000
3.514206e+003,1.647568e+000
3.514688e+003,1.650308e+000
3.515170e+003,1.654566e+000
3.515652e+003,1.659851e+000
3.516135e+003,1.665557e+000
3.516616e+003,1.671088e+000
3.517099e+003,1.675955e+000
3.517581e+003,1.679806e+000
3.518063e+003,1.682431e+000
3.518545e+003,1.683722e+000
3.519027e+003,1.683644e+000
3.519509e+003,1.682221e+000
3.519991e+003,1.679540e+000
3.520474e+003,1.675764e+000
3.520956e+003,1.671150e+000
3.521438e+003,1.666006e+000
3.521920e+003,1.660667e+000
3.522402e+003,1.655419e+000
3.522884e+003,1.650454e+000
3.523366e+003,1.645848e+000
3.523848e+003,1.641578e+000
3.524331e+003,1.637585e+000
3.524813e+003,1.633831e+000
3.525295e+003,1.630350e+000
3.525777e+003,1.627247e+000
3.526259e+003,1.624690e+000
3.526741e+003,1.622830e+000
3.527223e+003,1.621774e+000
3.527705e+003,1.621506e+000
3.528188e+003,1.621912e+000
3.528670e+003,1.622769e+000
3.529152e+003,1.623811e+000
3.529634e+003,1.624755e+000
3.530116e+003,1.625364e+000
3.530598e+003,1.625468e+000
3.531080e+003,1.624988e+000
3.531563e+003,1.623957e+000
3.532044e+003,1.622512e+000
3.532527e+003,1.620910e+000
3.533009e+003,1.619487e+000
3.533491e+003,1.618624e+000
3.533973e+003,1.618680e+000
3.534455e+003,1.619891e+000
3.534937e+003,1.622321e+000
3.535419e+003,1.625777e+000
3.535902e+003,1.629848e+000
3.536384e+003,1.633952e+000
3.536866e+003,1.637481e+000
3.537348e+003,1.639924e+000
3.537830e+003,1.640999e+000
3.538312e+003,1.640685e+000
3.538794e+003,1.639210e+000
3.539276e+003,1.636946e+000
3.539759e+003,1.634309e+000
3.540241e+003,1.631636e+000
3.540723e+003,1.629116e+000
3.541205e+003,1.626764e+000
3.541687e+003,1.624467e+000
3.542169e+003,1.622057e+000
3.542651e+003,1.619400e+000
3.543133e+003,1.616473e+000
3.543615e+003,1.613412e+000
3.544098e+003,1.610495e+000
3.544580e+003,1.608078e+000
3.545062e+003,1.606491e+000
3.545544e+003,1.605949e+000
3.546026e+003,1.606466e+000
3.546508e+003,1.607837e+000
3.546990e+003,1.609705e+000
3.547472e+003,1.611658e+000
3.547955e+003,1.613351e+000
3.548437e+003,1.614581e+000
3.548919e+003,1.615340e+000
3.549401e+003,1.615779e+000
3.549883e+003,1.616143e+000
3.550365e+003,1.616678e+000
3.550847e+003,1.617515e+000
3.551330e+003,1.618611e+000
3.551812e+003,1.619712e+000
3.552294e+003,1.620413e+000
3.552776e+003,1.620273e+000
3.553258e+003,1.618957e+000
3.553740e+003,1.616340e+000
3.554222e+003,1.612542e+000
3.554704e+003,1.607872e+000
3.555187e+003,1.602732e+000
3.555669e+003,1.597495e+000
3.556151e+003,1.592424e+000
3.556633e+003,1.587655e+000
3.557115e+003,1.583218e+000
3.557597e+003,1.579117e+000
3.558079e+003,1.575406e+000
3.558561e+003,1.572206e+000
3.559043e+003,1.569722e+000
3.559526e+003,1.568140e+000
3.560008e+003,1.567548e+000
3.560490e+003,1.567848e+000
3.560972e+003,1.568754e+000
3.561454e+003,1.569838e+000
3.561936e+003,1.570653e+000
3.562418e+003,1.570875e+000
3.562900e+003,1.570406e+000
3.563383e+003,1.569427e+000
3.563865e+003,1.568372e+000
3.564347e+003,1.567843e+000
3.564829e+003,1.568467e+000
3.565311e+003,1.570721e+000
3.565793e+003,1.574754e+000
3.566275e+003,1.580236e+000
3.566758e+003,1.586370e+000
3.567240e+003,1.592046e+000
3.567722e+003,1.596167e+000
3.568204e+003,1.597952e+000
3.568686e+003,1.597130e+000
3.569168e+003,1.593910e+000
3.569650e+003,1.588844e+000
3.570132e+003,1.582644e+000
3.570615e+003,1.576061e+000
3.571097e+003,1.569765e+000
3.571579e+003,1.564294e+000
3.572061e+003,1.559997e+000
3.572543e+003,1.557011e+000
3.573025e+003,1.555259e+000
3.573507e+003,1.554459e+000
3.573989e+003,1.554197e+000
3.574471e+003,1.554011e+000
3.574954e+003,1.553497e+000
3.575436e+003,1.552387e+000
3.575918e+003,1.550611e+000
3.576400e+003,1.548305e+000
3.576882e+003,1.545761e+000
3.577364e+003,1.543361e+000
3.577846e+003,1.541488e+000
3.578328e+003,1.540434e+000
3.578811e+003,1.540350e+000
3.579293e+003,1.541206e+000
3.579775e+003,1.542813e+000
3.580257e+003,1.544852e+000
3.580739e+003,1.546935e+000
3.581221e+003,1.548666e+000
3.581703e+003,1.549702e+000
3.582186e+003,1.549793e+000
3.582667e+003,1.548827e+000
3.583150e+003,1.546845e+000
3.583632e+003,1.544043e+000
3.584114e+003,1.540764e+000
3.584596e+003,1.537457e+000
3.585078e+003,1.534609e+000
3.585560e+003,1.532646e+000
3.586042e+003,1.531824e+000
3.586525e+003,1.532132e+000
3.587007e+003,1.533253e+000
3.587489e+003,1.534660e+000
3.587971e+003,1.535819e+000
3.588453e+003,1.536379e+000
3.588935e+003,1.536283e+000
3.589417e+003,1.535698e+000
3.589899e+003,1.534890e+000
3.590382e+003,1.534077e+000
3.590864e+003,1.533337e+000
3.591346e+003,1.532598e+000
3.591828e+003,1.531696e+000
3.592310e+003,1.530468e+000
3.592792e+003,1.528844e+000
3.593274e+003,1.526904e+000
3.593756e+003,1.524873e+000
3.594239e+003,1.523047e+000
3.594721e+003,1.521646e+000
3.595203e+003,1.520728e+000
3.595685e+003,1.520152e+000
3.596167e+003,1.519634e+000
3.596649e+003,1.518899e+000
3.597131e+003,1.517788e+000
3.597614e+003,1.516365e+000
3.598095e+003,1.514895e+000
3.598578e+003,1.513767e+000
3.599060e+003,1.513349e+000
3.599542e+003,1.513850e+000
3.600024e+003,1.515195e+000
3.600506e+003,1.517015e+000
3.600988e+003,1.518695e+000
3.601470e+003,1.519553e+000
3.601953e+003,1.519018e+000
3.602435e+003,1.516764e+000
3.602917e+003,1.512793e+000
3.603399e+003,1.507416e+000
3.603881e+003,1.501185e+000
3.604363e+003,1.494791e+000
3.604845e+003,1.488950e+000
3.605327e+003,1.484321e+000
3.605810e+003,1.481417e+000
3.606292e+003,1.480532e+000
3.606774e+003,1.481677e+000
3.607256e+003,1.484587e+000
3.607738e+003,1.488739e+000
3.608220e+003,1.493457e+000
3.608702e+003,1.498080e+000
3.609184e+003,1.502094e+000
3.609667e+003,1.505228e+000
3.610149e+003,1.507454e+000
3.610631e+003,1.508945e+000
3.611113e+003,1.509992e+000
3.611595e+003,1.510929e+000
3.612077e+003,1.512058e+000
3.612559e+003,1.513573e+000
3.613042e+003,1.515495e+000
3.613524e+003,1.517651e+000
3.614006e+003,1.519686e+000
3.614488e+003,1.521161e+000
3.614970e+003,1.521671e+000
3.615452e+003,1.520956e+000
3.615934e+003,1.518970e+000
3.616416e+003,1.515925e+000
3.616898e+003,1.512263e+000
3.617381e+003,1.508593e+000
3.617863e+003,1.505538e+000
3.618345e+003,1.503552e+000
3.618827e+003,1.502723e+000
3.619309e+003,1.502711e+000
3.619791e+003,1.502846e+000
3.620273e+003,1.502372e+000
3.620755e+003,1.500728e+000
3.621238e+003,1.497672e+000
3.621720e+003,1.493286e+000
3.622202e+003,1.487863e+000
3.622684e+003,1.481770e+000
3.623166e+003,1.475330e+000
3.623648e+003,1.468742e+000
3.624130e+003,1.462091e+000
3.624612e+003,1.455384e+000
3.625094e+003,1.448660e+000
3.625577e+003,1.442104e+000
3.626059e+003,1.436178e+000
3.626541e+003,1.431707e+000
3.627023e+003,1.429852e+000
3.627505e+003,1.431901e+000
3.627987e+003,1.438753e+000
3.628469e+003,1.450266e+000
3.628952e+003,1.464904e+000
3.629434e+003,1.480132e+000
3.629916e+003,1.493461e+000
3.630398e+003,1.503368e+000
3.630880e+003,1.509526e+000
3.631362e+003,1.512457e+000
3.631844e+003,1.513082e+000
3.632326e+003,1.512341e+000
3.632809e+003,1.511018e+000
3.633291e+003,1.509661e+000
3.633773e+003,1.508602e+000
3.634255e+003,1.508019e+000
3.634737e+003,1.508033e+000
3.635219e+003,1.508768e+000
3.635701e+003,1.510378e+000
3.636183e+003,1.513019e+000
3.636666e+003,1.516743e+000
3.637148e+003,1.521437e+000
3.637630e+003,1.526770e+000
3.638112e+003,1.532215e+000
3.638594e+003,1.537161e+000
3.639076e+003,1.541028e+000
3.639558e+003,1.543428e+000
3.640041e+003,1.544217e+000
3.640522e+003,1.543526e+000
3.641005e+003,1.541686e+000
3.641487e+003,1.539147e+000
3.641969e+003,1.536375e+000
3.642451e+003,1.533786e+000
3.642933e+003,1.531717e+000
3.643415e+003,1.530427e+000
3.643897e+003,1.530113e+000
3.644380e+003,1.530921e+000
3.644862e+003,1.532955e+000
3.645344e+003,1.536255e+000
3.645826e+003,1.540787e+000
3.646308e+003,1.546435e+000
3.646790e+003,1.553018e+000
3.647272e+003,1.560344e+000
3.647754e+003,1.568263e+000
3.648237e+003,1.576692e+000
3.648719e+003,1.585513e+000
3.649201e+003,1.594448e+000
3.649683e+003,1.602942e+000
3.650165e+003,1.610210e+000
3.650647e+003,1.615478e+000
3.651129e+003,1.618229e+000
3.651611e+003,1.618380e+000
3.652094e+003,1.616247e+000
3.652576e+003,1.612459e+000
3.653058e+003,1.607817e+000
3.653540e+003,1.603223e+000
3.654022e+003,1.599599e+000
3.654504e+003,1.597814e+000
3.654986e+003,1.598541e+000
3.655469e+003,1.602110e+000
3.655950e+003,1.608360e+000
3.656433e+003,1.616636e+000
3.656915e+003,1.626004e+000
3.657397e+003,1.635553e+000
3.657879e+003,1.644655e+000
3.658361e+003,1.653036e+000
3.658843e+003,1.660697e+000
3.659325e+003,1.667752e+000
3.659808e+003,1.674295e+000
3.660290e+003,1.680320e+000
3.660772e+003,1.685712e+000
3.661254e+003,1.690312e+000
3.661736e+003,1.693985e+000
3.662218e+003,1.696681e+000
3.662700e+003,1.698460e+000
3.663182e+003,1.699465e+000
3.663665e+003,1.699848e+000
3.664147e+003,1.699707e+000
3.664629e+003,1.699063e+000
3.665111e+003,1.697894e+000
3.665593e+003,1.696236e+000
3.666075e+003,1.694311e+000
3.666557e+003,1.692662e+000
3.667039e+003,1.692248e+000
3.667521e+003,1.694406e+000
3.668004e+003,1.700628e+000
3.668486e+003,1.712061e+000
3.668968e+003,1.728808e+000
3.669450e+003,1.749310e+000
3.669932e+003,1.770388e+000
3.670414e+003,1.788250e+000
3.670896e+003,1.799951e+000
3.671378e+003,1.804397e+000
3.671861e+003,1.802433e+000
3.672343e+003,1.796310e+000
3.672825e+003,1.789069e+000
3.673307e+003,1.784051e+000
3.673789e+003,1.784461e+000
3.674271e+003,1.792694e+000
3.674753e+003,1.809355e+000
3.675236e+003,1.832486e+000
3.675718e+003,1.857865e+000
3.676200e+003,1.880782e+000
3.676682e+003,1.898141e+000
3.677164e+003,1.909326e+000
3.677646e+003,1.915625e+000
3.678128e+003,1.919075e+000
3.678610e+003,1.921550e+000
3.679093e+003,1.924326e+000
3.679575e+003,1.927972e+000
3.680057e+003,1.932495e+000
3.680539e+003,1.937567e+000
3.681021e+003,1.942766e+000
3.681503e+003,1.947749e+000
3.681985e+003,1.952304e+000
3.682467e+003,1.956335e+000
3.682949e+003,1.959774e+000
3.683432e+003,1.962548e+000
3.683914e+003,1.964572e+000
3.684396e+003,1.965823e+000
3.684878e+003,1.966403e+000
3.685360e+003,1.966591e+000
3.685842e+003,1.966858e+000
3.686324e+003,1.967817e+000
3.686806e+003,1.970142e+000
3.687289e+003,1.974432e+000
3.687771e+003,1.981099e+000
3.688253e+003,1.990234e+000
3.688735e+003,2.001574e+000
3.689217e+003,2.014559e+000
3.689699e+003,2.028452e+000
3.690181e+003,2.042483e+000
3.690664e+003,2.055944e+000
3.691146e+003,2.068231e+000
3.691628e+003,2.078915e+000
3.692110e+003,2.087785e+000
3.692592e+003,2.094901e+000
3.693074e+003,2.100569e+000
3.693556e+003,2.105282e+000
3.694038e+003,2.109572e+000
3.694521e+003,2.113847e+000
3.695003e+003,2.118247e+000
3.695485e+003,2.122585e+000
3.695967e+003,2.126400e+000
3.696449e+003,2.129155e+000
3.696931e+003,2.130472e+000
3.697413e+003,2.130392e+000
3.697895e+003,2.129484e+000
3.698377e+003,2.128827e+000
3.698860e+003,2.129807e+000
3.699342e+003,2.133826e+000
3.699824e+003,2.141949e+000
3.700306e+003,2.154528e+000
3.700788e+003,2.170953e+000
3.701270e+003,2.189663e+000
3.701752e+003,2.208481e+000
3.702234e+003,2.225242e+000
3.702717e+003,2.238415e+000
3.703199e+003,2.247473e+000
3.703681e+003,2.252833e+000
3.704163e+003,2.255535e+000
3.704645e+003,2.256802e+000
3.705127e+003,2.257708e+000
3.705609e+003,2.258979e+000
3.706092e+003,2.260948e+000
3.706573e+003,2.263622e+000
3.707056e+003,2.266831e+000
3.707538e+003,2.270404e+000
3.708020e+003,2.274340e+000
3.708502e+003,2.278904e+000
3.708984e+003,2.284654e+000
3.709466e+003,2.292328e+000
3.709948e+003,2.302626e+000
3.710431e+003,2.315841e+000
3.710913e+003,2.331588e+000
3.711395e+003,2.348687e+000
3.711877e+003,2.365354e+000
3.712359e+003,2.379707e+000
3.712841e+003,2.390273e+000
3.713323e+003,2.396331e+000
3.713805e+003,2.397907e+000
3.714288e+003,2.395609e+000
3.714770e+003,2.390380e+000
3.715252e+003,2.383307e+000
3.715734e+003,2.375494e+000
3.716216e+003,2.367939e+000
3.716698e+003,2.361499e+000
3.717180e+003,2.356798e+000
3.717662e+003,2.354210e+000
3.718145e+003,2.353842e+000
3.718627e+003,2.355592e+000
3.719109e+003,2.359231e+000
3.719591e+003,2.364460e+000
3.720073e+003,2.370947e+000
3.720555e+003,2.378307e+000
3.721037e+003,2.386069e+000
3.721520e+003,2.393681e+000
3.722001e+003,2.400582e+000
3.722484e+003,2.406346e+000
3.722966e+003,2.410844e+000
3.723448e+003,2.414342e+000
3.723930e+003,2.417454e+000
3.724412e+003,2.420951e+000
3.724894e+003,2.425500e+000
3.725376e+003,2.431362e+000
3.725859e+003,2.438209e+000
3.726341e+003,2.445176e+000
3.726823e+003,2.451107e+000
3.727305e+003,2.454959e+000
3.727787e+003,2.456129e+000
3.728269e+003,2.454579e+000
3.728751e+003,2.450769e+000
3.729233e+003,2.445458e+000
3.729716e+003,2.439447e+000
3.730198e+003,2.433394e+000
3.730680e+003,2.427744e+000
3.731162e+003,2.422741e+000
3.731644e+003,2.418590e+000
3.732126e+003,2.415725e+000
3.732608e+003,2.415009e+000
3.733090e+003,2.417771e+000
3.733573e+003,2.425543e+000
3.734055e+003,2.439488e+000
3.734537e+003,2.459688e+000
3.735019e+003,2.484595e+000
3.735501e+003,2.511066e+000
3.735983e+003,2.535150e+000
3.736465e+003,2.553330e+000
3.736948e+003,2.563563e+000
3.737430e+003,2.565537e+000
3.737912e+003,2.560269e+000
3.738394e+003,2.549368e+000
3.738876e+003,2.534435e+000
3.739358e+003,2.516778e+000
3.739840e+003,2.497401e+000
3.740322e+003,2.477211e+000
3.740804e+003,2.457306e+000
3.741287e+003,2.439239e+000
3.741769e+003,2.425195e+000
3.742251e+003,2.417909e+000
3.742733e+003,2.420182e+000
3.743215e+003,2.433751e+000
3.743697e+003,2.457719e+000
3.744179e+003,2.487576e+000
3.744661e+003,2.516131e+000
3.745144e+003,2.536576e+000
3.745626e+003,2.545385e+000
3.746108e+003,2.543081e+000
3.746590e+003,2.532949e+000
3.747072e+003,2.519315e+000
3.747554e+003,2.506423e+000
3.748036e+003,2.497856e+000
3.748518e+003,2.496275e+000
3.749000e+003,2.503090e+000
3.749483e+003,2.518090e+000
3.749965e+003,2.539208e+000
3.750447e+003,2.562799e+000
3.750929e+003,2.584598e+000
3.751411e+003,2.601002e+000
3.751893e+003,2.610026e+000
3.752375e+003,2.611510e+000
3.752858e+003,2.606626e+000
3.753340e+003,2.597212e+000
3.753822e+003,2.585188e+000
3.754304e+003,2.572253e+000
3.754786e+003,2.559726e+000
3.755268e+003,2.548567e+000
3.755750e+003,2.539409e+000
3.756232e+003,2.532655e+000
3.756715e+003,2.528543e+000
3.757197e+003,2.527237e+000
3.757679e+003,2.528812e+000
3.758161e+003,2.533180e+000
3.758643e+003,2.539899e+000
3.759125e+003,2.548046e+000
3.759607e+003,2.556208e+000
3.760089e+003,2.562729e+000
3.760572e+003,2.566152e+000
3.761054e+003,2.565666e+000
3.761536e+003,2.561362e+000
3.762018e+003,2.554228e+000
3.762500e+003,2.545895e+000
3.762982e+003,2.538287e+000
3.763464e+003,2.533176e+000
3.763947e+003,2.531766e+000
3.764428e+003,2.534315e+000
3.764911e+003,2.540042e+000
3.765393e+003,2.547328e+000
3.765875e+003,2.554298e+000
3.766357e+003,2.559475e+000
3.766839e+003,2.562261e+000
3.767321e+003,2.563002e+000
3.767803e+003,2.562762e+000
3.768286e+003,2.562842e+000
3.768768e+003,2.564298e+000
3.769250e+003,2.567544e+000
3.769732e+003,2.572187e+000
3.770214e+003,2.577168e+000
3.770696e+003,2.581195e+000
3.771178e+003,2.583215e+000
3.771660e+003,2.582722e+000
3.772143e+003,2.579775e+000
3.772625e+003,2.574850e+000
3.773107e+003,2.568615e+000
3.773589e+003,2.561735e+000
3.774071e+003,2.554771e+000
3.774553e+003,2.548147e+000
3.775035e+003,2.542200e+000
3.775517e+003,2.537249e+000
3.776000e+003,2.533682e+000
3.776482e+003,2.531968e+000
3.776964e+003,2.532631e+000
3.777446e+003,2.536088e+000
3.777928e+003,2.542416e+000
3.778410e+003,2.551130e+000
3.778892e+003,2.561068e+000
3.779375e+003,2.570565e+000
3.779856e+003,2.577886e+000
3.780339e+003,2.581764e+000
3.780821e+003,2.581795e+000
3.781303e+003,2.578469e+000
3.781785e+003,2.572962e+000
3.782267e+003,2.566747e+000
3.782749e+003,2.561246e+000
3.783231e+003,2.557515e+000
3.783714e+003,2.556061e+000
3.784196e+003,2.556773e+000
3.784678e+003,2.559020e+000
3.785160e+003,2.561888e+000
3.785642e+003,2.564461e+000
3.786124e+003,2.566068e+000
3.786606e+003,2.566389e+000
3.787088e+003,2.565411e+000
3.787571e+003,2.563320e+000
3.788053e+003,2.560364e+000
3.788535e+003,2.556760e+000
3.789017e+003,2.552644e+000
3.789499e+003,2.548054e+000
3.789981e+003,2.542945e+000
3.790463e+003,2.537235e+000
3.790945e+003,2.530859e+000
3.791427e+003,2.523842e+000
3.791910e+003,2.516396e+000
3.792392e+003,2.508996e+000
3.792874e+003,2.502387e+000
3.793356e+003,2.497524e+000
3.793838e+003,2.495412e+000
3.794320e+003,2.496828e+000
3.794802e+003,2.501981e+000
3.795284e+003,2.510202e+000
3.795767e+003,2.519876e+000
3.796249e+003,2.528735e+000
3.796731e+003,2.534531e+000
3.797213e+003,2.535801e+000
3.797695e+003,2.532389e+000
3.798177e+003,2.525528e+000
3.798659e+003,2.517556e+000
3.799142e+003,2.511429e+000
3.799624e+003,2.510087e+000
3.800106e+003,2.515605e+000
3.800588e+003,2.528216e+000
3.801070e+003,2.545608e+000
3.801552e+003,2.563280e+000
3.802034e+003,2.576240e+000
3.802516e+003,2.581100e+000
3.802999e+003,2.577219e+000
3.803481e+003,2.566408e+000
3.803963e+003,2.551860e+000
3.804445e+003,2.537168e+000
3.804927e+003,2.525604e+000
3.805409e+003,2.519610e+000
3.805891e+003,2.520328e+000
3.806373e+003,2.527185e+000
3.806855e+003,2.537957e+000
3.807338e+003,2.549474e+000
3.807820e+003,2.558829e+000
3.808302e+003,2.564329e+000
3.808784e+003,2.565723e+000
3.809266e+003,2.563742e+000
3.809748e+003,2.559406e+000
3.810230e+003,2.553486e+000
3.810712e+003,2.546297e+000
3.811195e+003,2.537784e+000
3.811677e+003,2.527804e+000
3.812159e+003,2.516493e+000
3.812641e+003,2.504549e+000
3.813123e+003,2.493352e+000
3.813605e+003,2.484818e+000
3.814087e+003,2.480976e+000
3.814570e+003,2.483231e+000
3.815052e+003,2.491501e+000
3.815534e+003,2.503689e+000
3.816016e+003,2.516025e+000
3.816498e+003,2.524409e+000
3.816980e+003,2.526075e+000
3.817462e+003,2.520543e+000
3.817944e+003,2.509544e+000
3.818427e+003,2.496344e+000
3.818909e+003,2.484931e+000
3.819391e+003,2.479221e+000
3.819873e+003,2.482118e+000
3.820355e+003,2.494371e+000
3.820837e+003,2.513750e+000
3.821319e+003,2.535398e+000
3.821801e+003,2.553738e+000
3.822283e+003,2.564852e+000
3.822766e+003,2.567693e+000
3.823248e+003,2.563713e+000
3.823730e+003,2.555665e+000
3.824212e+003,2.546467e+000
3.824694e+003,2.538467e+000
3.825176e+003,2.533031e+000
3.825658e+003,2.530397e+000
3.826140e+003,2.529743e+000
3.826623e+003,2.529592e+000
3.827105e+003,2.528389e+000
3.827587e+003,2.525110e+000
3.828069e+003,2.519597e+000
3.828551e+003,2.512532e+000
3.829033e+003,2.505108e+000
3.829515e+003,2.498577e+000
3.829998e+003,2.493837e+000
3.830479e+003,2.491113e+000
3.830962e+003,2.489870e+000
3.831444e+003,2.488969e+000
3.831926e+003,2.487034e+000
3.832408e+003,2.482964e+000
3.832890e+003,2.476327e+000
3.833372e+003,2.467537e+000
3.833854e+003,2.457767e+000
3.834337e+003,2.448667e+000
3.834819e+003,2.442022e+000
3.835301e+003,2.439393e+000
3.835783e+003,2.441782e+000
3.836265e+003,2.449346e+000
3.836747e+003,2.461245e+000
3.837229e+003,2.475684e+000
3.837711e+003,2.490283e+000
3.838194e+003,2.502691e+000
3.838676e+003,2.511246e+000
3.839158e+003,2.515378e+000
3.839640e+003,2.515578e+000
3.840122e+003,2.513060e+000
3.840604e+003,2.509272e+000
3.841086e+003,2.505528e+000
3.841568e+003,2.502778e+000
3.842051e+003,2.501537e+000
3.842533e+003,2.501895e+000
3.843015e+003,2.503578e+000
3.843497e+003,2.506042e+000
3.843979e+003,2.508585e+000
3.844461e+003,2.510477e+000
3.844943e+003,2.511058e+000
3.845426e+003,2.509813e+000
3.845907e+003,2.506393e+000
3.846390e+003,2.500607e+000
3.846872e+003,2.492394e+000
3.847354e+003,2.481798e+000
3.847836e+003,2.468979e+000
3.848318e+003,2.454265e+000
3.848800e+003,2.438205e+000
3.849282e+003,2.421689e+000
3.849765e+003,2.406056e+000
3.850247e+003,2.393227e+000
3.850729e+003,2.385771e+000
3.851211e+003,2.386778e+000
3.851693e+003,2.399317e+000
3.852175e+003,2.425166e+000
3.852657e+003,2.462981e+000
3.853139e+003,2.507031e+000
3.853622e+003,2.548425e+000
3.854104e+003,2.578954e+000
3.854586e+003,2.594637e+000
3.855068e+003,2.596197e+000
3.855550e+003,2.587077e+000
3.856032e+003,2.571201e+000
3.856514e+003,2.551761e+000
3.856996e+003,2.530934e+000
3.857479e+003,2.510073e+000
3.857961e+003,2.490031e+000
3.858443e+003,2.471401e+000
3.858925e+003,2.454681e+000
3.859407e+003,2.440310e+000
3.859889e+003,2.428649e+000
3.860371e+003,2.419909e+000
3.860854e+003,2.414134e+000
3.861336e+003,2.411209e+000
3.861818e+003,2.410940e+000
3.862300e+003,2.413094e+000
3.862782e+003,2.417348e+000
3.863264e+003,2.423183e+000
3.863746e+003,2.429708e+000
3.864228e+003,2.435641e+000
3.864710e+003,2.439539e+000
3.865193e+003,2.440246e+000
3.865675e+003,2.437368e+000
3.866157e+003,2.431531e+000
3.866639e+003,2.424303e+000
3.867121e+003,2.417925e+000
3.867603e+003,2.414835e+000
3.868085e+003,2.417066e+000
3.868567e+003,2.425529e+000
3.869050e+003,2.439353e+000
3.869532e+003,2.455746e+000
3.870014e+003,2.470784e+000
3.870496e+003,2.480958e+000
3.870978e+003,2.484597e+000
3.871460e+003,2.482315e+000
3.871942e+003,2.476418e+000
3.872424e+003,2.469821e+000
3.872906e+003,2.465064e+000
3.873389e+003,2.463584e+000
3.873871e+003,2.465372e+000
3.874353e+003,2.469070e+000
3.874835e+003,2.472538e+000
3.875317e+003,2.473686e+000
3.875799e+003,2.471216e+000
3.876281e+003,2.464971e+000
3.876764e+003,2.455873e+000
3.877246e+003,2.445627e+000
3.877728e+003,2.436346e+000
3.878210e+003,2.430114e+000
3.878692e+003,2.428536e+000
3.879174e+003,2.432151e+000
3.879656e+003,2.439992e+000
3.880138e+003,2.449560e+000
3.880621e+003,2.457497e+000
3.881103e+003,2.460777e+000
3.881585e+003,2.457807e+000
3.882067e+003,2.448889e+000
3.882549e+003,2.436015e+000
3.883031e+003,2.422258e+000
3.883513e+003,2.411046e+000
3.883995e+003,2.405397e+000
3.884478e+003,2.407095e+000
3.884960e+003,2.415961e+000
3.885442e+003,2.429638e+000
3.885924e+003,2.444221e+000
3.886406e+003,2.455732e+000
3.886888e+003,2.461513e+000
3.887370e+003,2.460899e+000
3.887853e+003,2.454975e+000
3.888334e+003,2.445883e+000
3.888817e+003,2.436106e+000
3.889299e+003,2.427929e+000
3.889781e+003,2.423027e+000
3.890263e+003,2.422159e+000
3.890745e+003,2.424968e+000
3.891227e+003,2.430063e+000
3.891709e+003,2.435451e+000
3.892192e+003,2.439199e+000
3.892674e+003,2.440021e+000
3.893156e+003,2.437537e+000
3.893638e+003,2.432121e+000
3.894120e+003,2.424603e+000
3.894602e+003,2.415968e+000
3.895084e+003,2.407139e+000
3.895566e+003,2.398884e+000
3.896049e+003,2.391797e+000
3.896531e+003,2.386293e+000
3.897013e+003,2.382618e+000
3.897495e+003,2.380808e+000
3.897977e+003,2.380661e+000
3.898459e+003,2.381697e+000
3.898941e+003,2.383207e+000
3.899423e+003,2.384372e+000
3.899906e+003,2.384485e+000
3.900388e+003,2.383196e+000
3.900870e+003,2.380683e+000
3.901352e+003,2.377667e+000
3.901834e+003,2.375277e+000
3.902316e+003,2.374761e+000
3.902798e+003,2.377138e+000
3.903281e+003,2.382852e+000
3.903762e+003,2.391573e+000
3.904245e+003,2.402233e+000
3.904727e+003,2.413315e+000
3.905209e+003,2.423277e+000
3.905691e+003,2.430951e+000
3.906173e+003,2.435714e+000
3.906655e+003,2.437510e+000
3.907137e+003,2.436720e+000
3.907620e+003,2.433980e+000
3.908102e+003,2.430035e+000
3.908584e+003,2.425601e+000
3.909066e+003,2.421236e+000
3.909548e+003,2.417262e+000
3.910030e+003,2.413705e+000
3.910512e+003,2.410293e+000
3.910994e+003,2.406549e+000
3.911477e+003,2.401955e+000
3.911959e+003,2.396167e+000
3.912441e+003,2.389189e+000
3.912923e+003,2.381461e+000
3.913405e+003,2.373811e+000
3.913887e+003,2.367290e+000
3.914369e+003,2.362936e+000
3.914851e+003,2.361497e+000
3.915333e+003,2.363225e+000
3.915816e+003,2.367778e+000
3.916298e+003,2.374288e+000
3.916780e+003,2.381559e+000
3.917262e+003,2.388375e+000
3.917744e+003,2.393752e+000
3.918226e+003,2.397074e+000
3.918708e+003,2.398100e+000
3.919190e+003,2.396850e+000
3.919673e+003,2.393546e+000
3.920155e+003,2.388565e+000
3.920637e+003,2.382466e+000
3.921119e+003,2.376012e+000
3.921601e+003,2.370139e+000
3.922083e+003,2.365846e+000
3.922565e+003,2.363991e+000
3.923048e+003,2.365040e+000
3.923530e+003,2.368885e+000
3.924012e+003,2.374749e+000
3.924494e+003,2.381313e+000
3.924976e+003,2.387038e+000
3.925458e+003,2.390582e+000
3.925940e+003,2.391150e+000
3.926422e+003,2.388628e+000
3.926905e+003,2.383525e+000
3.927387e+003,2.376761e+000
3.927869e+003,2.369430e+000
3.928351e+003,2.362605e+000
3.928833e+003,2.357208e+000
3.929315e+003,2.353967e+000
3.929797e+003,2.353361e+000
3.930279e+003,2.355608e+000
3.930761e+003,2.360600e+000
3.931244e+003,2.367885e+000
3.931726e+003,2.376652e+000
3.932208e+003,2.385806e+000
3.932690e+003,2.394138e+000
3.933172e+003,2.400540e+000
3.933654e+003,2.404235e+000
3.934136e+003,2.404910e+000
3.934618e+003,2.402746e+000
3.935101e+003,2.398350e+000
3.935583e+003,2.392591e+000
3.936065e+003,2.386411e+000
3.936547e+003,2.380643e+000
3.937029e+003,2.375843e+000
3.937511e+003,2.372214e+000
3.937993e+003,2.369621e+000
3.938476e+003,2.367700e+000
3.938958e+003,2.366026e+000
3.939440e+003,2.364302e+000
3.939922e+003,2.362460e+000
3.940404e+003,2.360715e+000
3.940886e+003,2.359460e+000
3.941368e+003,2.359117e+000
3.941850e+003,2.359940e+000
3.942333e+003,2.361851e+000
3.942815e+003,2.364416e+000
3.943297e+003,2.366943e+000
3.943779e+003,2.368676e+000
3.944261e+003,2.369039e+000
3.944743e+003,2.367779e+000
3.945225e+003,2.365038e+000
3.945707e+003,2.361297e+000
3.946189e+003,2.357285e+000
3.946672e+003,2.353851e+000
3.947154e+003,2.351804e+000
3.947636e+003,2.351752e+000
3.948118e+003,2.353975e+000
3.948600e+003,2.358317e+000
3.949082e+003,2.364187e+000
3.949564e+003,2.370641e+000
3.950046e+003,2.376577e+000
3.950529e+003,2.380969e+000
3.951011e+003,2.383095e+000
3.951493e+003,2.382701e+000
3.951975e+003,2.380065e+000
3.952457e+003,2.375905e+000
3.952939e+003,2.371212e+000
3.953421e+003,2.366996e+000
3.953904e+003,2.364029e+000
3.954385e+003,2.362655e+000
3.954868e+003,2.362716e+000
3.955350e+003,2.363604e+000
3.955832e+003,2.364438e+000
3.956314e+003,2.364309e+000
3.956796e+003,2.362521e+000
3.957278e+003,2.358769e+000
3.957760e+003,2.353204e+000
3.958243e+003,2.346424e+000
3.958725e+003,2.339312e+000
3.959207e+003,2.332877e+000
3.959689e+003,2.328032e+000
3.960171e+003,2.325432e+000
3.960653e+003,2.325333e+000
3.961135e+003,2.327557e+000
3.961617e+003,2.331513e+000
3.962100e+003,2.336332e+000
3.962582e+003,2.341061e+000
3.963064e+003,2.344832e+000
3.963546e+003,2.347076e+000
3.964028e+003,2.347564e+000
3.964510e+003,2.346440e+000
3.964992e+003,2.344121e+000
3.965474e+003,2.341170e+000
3.965957e+003,2.338162e+000
3.966439e+003,2.335562e+000
3.966921e+003,2.333652e+000
3.967403e+003,2.332520e+000
3.967885e+003,2.332074e+000
3.968367e+003,2.332116e+000
3.968849e+003,2.332418e+000
3.969332e+003,2.332787e+000
3.969813e+003,2.333102e+000
3.970296e+003,2.333347e+000
3.970778e+003,2.333567e+000
3.971260e+003,2.333825e+000
3.971742e+003,2.334149e+000
3.972224e+003,2.334480e+000
3.972706e+003,2.334638e+000
3.973188e+003,2.334347e+000
3.973671e+003,2.333292e+000
3.974153e+003,2.331197e+000
3.974635e+003,2.327913e+000
3.975117e+003,2.323484e+000
3.975599e+003,2.318170e+000
3.976081e+003,2.312440e+000
3.976563e+003,2.306903e+000
3.977045e+003,2.302222e+000
3.977528e+003,2.299034e+000
3.978010e+003,2.297850e+000
3.978492e+003,2.298954e+000
3.978974e+003,2.302347e+000
3.979456e+003,2.307694e+000
3.979938e+003,2.314327e+000
3.980420e+003,2.321306e+000
3.980902e+003,2.327570e+000
3.981385e+003,2.332119e+000
3.981867e+003,2.334234e+000
3.982349e+003,2.333636e+000
3.982831e+003,2.330562e+000
3.983313e+003,2.325708e+000
3.983795e+003,2.320056e+000
3.984277e+003,2.314633e+000
3.984760e+003,2.310276e+000
3.985242e+003,2.307466e+000
3.985724e+003,2.306270e+000
3.986206e+003,2.306412e+000
3.986688e+003,2.307415e+000
3.987170e+003,2.308764e+000
3.987652e+003,2.310049e+000
3.988134e+003,2.311018e+000
3.988616e+003,2.311570e+000
3.989099e+003,2.311673e+000
3.989581e+003,2.311299e+000
3.990063e+003,2.310342e+000
3.990545e+003,2.308619e+000
3.991027e+003,2.305921e+000
3.991509e+003,2.302099e+000
3.991991e+003,2.297155e+000
3.992473e+003,2.291319e+000
3.992956e+003,2.285065e+000
3.993438e+003,2.279058e+000
3.993920e+003,2.274035e+000
3.994402e+003,2.270666e+000
3.994884e+003,2.269365e+000
3.995366e+003,2.270195e+000
3.995848e+003,2.272792e+000
3.996330e+003,2.276440e+000
3.996813e+003,2.280197e+000
3.997295e+003,2.283106e+000
3.997777e+003,2.284405e+000
3.998259e+003,2.283690e+000
3.998741e+003,2.280999e+000
3.999223e+003,2.276783e+000
3.999705e+003,2.271787e+000
4.000188e+003,2.266881e+000
