3.996813e+002,0.000000e+000
4.001635e+002,8.111584e+001
4.006456e+002,8.100064e+001
4.011277e+002,8.092760e+001
4.016098e+002,8.088293e+001
4.020919e+002,8.084984e+001
4.025741e+002,8.081931e+001
4.030562e+002,8.079346e+001
4.035383e+002,8.078116e+001
4.040204e+002,8.078892e+001
4.045026e+002,8.081236e+001
4.049847e+002,8.083271e+001
4.054668e+002,8.082117e+001
4.059489e+002,8.074854e+001
4.064311e+002,8.059746e+001
4.069132e+002,8.036903e+001
4.073953e+002,8.008341e+001
4.078774e+002,7.977269e+001
4.083596e+002,7.947163e+001
4.088417e+002,7.921031e+001
4.093238e+002,7.901027e+001
4.098059e+002,7.888440e+001
4.102881e+002,7.883862e+001
4.107702e+002,7.887232e+001
4.112523e+002,7.897850e+001
4.117344e+002,7.914212e+001
4.122166e+002,7.933995e+001
4.126987e+002,7.954343e+001
4.131808e+002,7.972423e+001
4.136629e+002,7.986122e+001
4.141451e+002,7.994602e+001
4.146272e+002,7.998291e+001
4.151093e+002,7.998482e+001
4.155914e+002,7.996557e+001
4.160736e+002,7.993285e+001
4.165557e+002,7.988400e+001
4.170378e+002,7.980621e+001
4.175200e+002,7.968172e+001
4.180021e+002,7.949691e+001
4.184842e+002,7.925195e+001
4.189663e+002,7.896389e+001
4.194484e+002,7.865790e+001
4.199306e+002,7.835365e+001
4.204127e+002,7.805624e+001
4.208948e+002,7.775853e+001
4.213770e+002,7.744965e+001
4.218591e+002,7.712408e+001
4.223412e+002,7.678543e+001
4.228233e+002,7.644693e+001
4.233055e+002,7.612709e+001
4.237876e+002,7.584529e+001
4.242697e+002,7.561666e+001
4.247518e+002,7.544878e+001
4.252339e+002,7.534087e+001
4.257161e+002,7.528534e+001
4.261982e+002,7.526997e+001
4.266803e+002,7.528056e+001
4.271624e+002,7.530255e+001
4.276446e+002,7.532280e+001
4.281267e+002,7.533125e+001
4.286088e+002,7.532269e+001
4.290909e+002,7.529790e+001
4.295731e+002,7.526316e+001
4.300552e+002,7.522729e+001
4.305373e+002,7.519744e+001
4.310194e+002,7.517500e+001
4.315016e+002,7.515395e+001
4.319837e+002,7.512294e+001
4.324658e+002,7.507044e+001
4.329479e+002,7.499074e+001
4.334301e+002,7.488806e+001
4.339122e+002,7.477639e+001
4.343943e+002,7.467548e+001
4.348764e+002,7.460387e+001
4.353586e+002,7.457227e+001
4.358407e+002,7.457986e+001
4.363228e+002,7.461529e+001
4.368049e+002,7.466157e+001
4.372870e+002,7.470316e+001
4.377692e+002,7.473118e+001
4.382513e+002,7.474536e+001
4.387334e+002,7.475185e+001
4.392155e+002,7.475948e+001
4.396977e+002,7.477642e+001
4.401798e+002,7.480806e+001
4.406619e+002,7.485710e+001
4.411440e+002,7.492412e+001
4.416262e+002,7.500813e+001
4.421083e+002,7.510692e+001
4.425904e+002,7.521601e+001
4.430725e+002,7.532880e+001
4.435547e+002,7.543771e+001
4.440368e+002,7.553622e+001
4.445189e+002,7.562176e+001
4.450010e+002,7.569711e+001
4.454832e+002,7.576943e+001
4.459653e+002,7.584774e+001
4.464474e+002,7.593882e+001
4.469295e+002,7.604453e+001
4.474117e+002,7.616085e+001
4.478938e+002,7.628006e+001
4.483759e+002,7.639434e+001
4.488580e+002,7.649923e+001
4.493401e+002,7.659534e+001
4.498223e+002,7.668712e+001
4.503044e+002,7.677972e+001
4.507865e+002,7.687579e+001
4.512687e+002,7.697301e+001
4.517508e+002,7.706481e+001
4.522329e+002,7.714258e+001
4.527150e+002,7.719949e+001
4.531971e+002,7.723297e+001
4.536793e+002,7.724545e+001
4.541614e+002,7.724250e+001
4.546435e+002,7.723064e+001
4.551257e+002,7.721554e+001
4.556078e+002,7.720175e+001
4.560899e+002,7.719334e+001
4.565720e+002,7.719436e+001
4.570542e+002,7.720811e+001
4.575363e+002,7.723483e+001
4.580184e+002,7.726908e+001
4.585005e+002,7.729909e+001
4.589827e+002,7.730946e+001
4.594648e+002,7.728638e+001
4.599469e+002,7.722284e+001
4.604290e+002,7.712160e+001
4.609112e+002,7.699477e+001
4.613933e+002,7.686039e+001
4.618754e+002,7.673728e+001
4.623575e+002,7.663962e+001
4.628397e+002,7.657354e+001
4.633218e+002,7.653667e+001
4.638039e+002,7.652045e+001
4.642860e+002,7.651466e+001
4.647682e+002,7.651161e+001
4.652503e+002,7.650842e+001
4.657324e+002,7.650704e+001
4.662145e+002,7.651254e+001
4.666967e+002,7.653059e+001
4.671788e+002,7.656591e+001
4.676609e+002,7.662112e+001
4.681430e+002,7.669688e+001
4.686252e+002,7.679190e+001
4.691073e+002,7.690262e+001
4.695894e+002,7.702257e+001
4.700715e+002,7.714204e+001
4.705536e+002,7.724841e+001
4.710358e+002,7.732835e+001
4.715179e+002,7.737091e+001
4.720000e+002,7.737160e+001
4.724821e+002,7.733386e+001
4.729643e+002,7.726860e+001
4.734464e+002,7.718981e+001
4.739285e+002,7.711022e+001
4.744106e+002,7.703793e+001
4.748928e+002,7.697589e+001
4.753749e+002,7.692391e+001
4.758570e+002,7.688108e+001
4.763391e+002,7.684719e+001
4.768213e+002,7.682320e+001
4.773034e+002,7.680980e+001
4.777855e+002,7.680598e+001
4.782676e+002,7.680814e+001
4.787498e+002,7.681065e+001
4.792319e+002,7.680758e+001
4.797140e+002,7.679466e+001
4.801961e+002,7.677065e+001
4.806783e+002,7.673742e+001
4.811604e+002,7.669852e+001
4.816425e+002,7.665803e+001
4.821246e+002,7.661911e+001
4.826068e+002,7.658400e+001
4.830889e+002,7.655447e+001
4.835710e+002,7.653253e+001
4.840531e+002,7.652015e+001
4.845352e+002,7.651873e+001
4.850174e+002,7.652757e+001
4.854995e+002,7.654324e+001
4.859816e+002,7.656023e+001
4.864637e+002,7.657275e+001
4.869459e+002,7.657690e+001
4.874280e+002,7.657261e+001
4.879101e+002,7.656339e+001
4.883922e+002,7.655516e+001
4.888744e+002,7.655336e+001
4.893565e+002,7.656068e+001
4.898386e+002,7.657604e+001
4.903207e+002,7.659508e+001
4.908029e+002,7.661240e+001
4.912850e+002,7.662421e+001
4.917671e+002,7.662957e+001
4.922492e+002,7.663063e+001
4.927314e+002,7.663077e+001
4.932135e+002,7.663245e+001
4.936956e+002,7.663572e+001
4.941777e+002,7.663810e+001
4.946599e+002,7.663593e+001
4.951420e+002,7.662622e+001
4.956241e+002,7.660783e+001
4.961062e+002,7.658192e+001
4.965884e+002,7.655090e+001
4.970705e+002,7.651734e+001
4.975526e+002,7.648286e+001
4.980347e+002,7.644830e+001
4.985169e+002,7.641405e+001
4.989990e+002,7.638129e+001
4.994811e+002,7.635207e+001
4.999633e+002,7.632920e+001
5.004454e+002,7.631494e+001
5.009275e+002,7.631009e+001
5.014096e+002,7.631328e+001
5.018917e+002,7.632146e+001
5.023739e+002,7.633137e+001
5.028560e+002,7.634104e+001
5.033381e+002,7.635036e+001
5.038203e+002,7.636108e+001
5.043024e+002,7.637519e+001
5.047845e+002,7.639397e+001
5.052666e+002,7.641726e+001
5.057487e+002,7.644387e+001
5.062309e+002,7.647240e+001
5.067130e+002,7.650215e+001
5.071951e+002,7.653313e+001
5.076772e+002,7.656547e+001
5.081594e+002,7.659786e+001
5.086415e+002,7.662698e+001
5.091236e+002,7.664745e+001
5.096057e+002,7.665353e+001
5.100879e+002,7.664124e+001
5.105700e+002,7.661039e+001
5.110521e+002,7.656510e+001
5.115342e+002,7.651295e+001
5.120164e+002,7.646254e+001
5.124985e+002,7.642098e+001
5.129806e+002,7.639205e+001
5.134627e+002,7.637589e+001
5.139448e+002,7.636998e+001
5.144270e+002,7.637109e+001
5.149091e+002,7.637632e+001
5.153912e+002,7.638419e+001
5.158734e+002,7.639377e+001
5.163555e+002,7.640409e+001
5.168376e+002,7.641329e+001
5.173197e+002,7.641881e+001
5.178019e+002,7.641819e+001
5.182840e+002,7.641027e+001
5.187661e+002,7.639574e+001
5.192482e+002,7.637713e+001
5.197303e+002,7.635754e+001
5.202125e+002,7.633970e+001
5.206946e+002,7.632526e+001
5.211767e+002,7.631494e+001
5.216588e+002,7.630913e+001
5.221410e+002,7.630863e+001
5.226231e+002,7.631475e+001
5.231052e+002,7.632877e+001
5.235873e+002,7.635104e+001
5.240695e+002,7.637984e+001
5.245516e+002,7.641142e+001
5.250337e+002,7.644058e+001
5.255159e+002,7.646237e+001
5.259980e+002,7.647374e+001
5.264801e+002,7.647433e+001
5.269622e+002,7.646627e+001
5.274443e+002,7.645251e+001
5.279265e+002,7.643551e+001
5.284086e+002,7.641617e+001
5.288907e+002,7.639420e+001
5.293728e+002,7.636916e+001
5.298550e+002,7.634155e+001
5.303371e+002,7.631361e+001
5.308192e+002,7.628886e+001
5.313013e+002,7.627079e+001
5.317834e+002,7.626166e+001
5.322656e+002,7.626135e+001
5.327477e+002,7.626763e+001
5.332299e+002,7.627690e+001
5.337120e+002,7.628580e+001
5.341941e+002,7.629219e+001
5.346762e+002,7.629563e+001
5.351583e+002,7.629691e+001
5.356404e+002,7.629712e+001
5.361226e+002,7.629696e+001
5.366047e+002,7.629652e+001
5.370868e+002,7.629555e+001
5.375690e+002,7.629408e+001
5.380511e+002,7.629259e+001
5.385332e+002,7.629204e+001
5.390153e+002,7.629305e+001
5.394974e+002,7.629539e+001
5.399796e+002,7.629774e+001
5.404617e+002,7.629794e+001
5.409438e+002,7.629398e+001
5.414260e+002,7.628481e+001
5.419081e+002,7.627066e+001
5.423902e+002,7.625285e+001
5.428723e+002,7.623284e+001
5.433544e+002,7.621151e+001
5.438365e+002,7.618862e+001
5.443187e+002,7.616325e+001
5.448008e+002,7.613454e+001
5.452830e+002,7.610258e+001
5.457651e+002,7.606879e+001
5.462472e+002,7.603555e+001
5.467293e+002,7.600523e+001
5.472114e+002,7.597934e+001
5.476936e+002,7.595802e+001
5.481757e+002,7.594047e+001
5.486578e+002,7.592570e+001
5.491400e+002,7.591357e+001
5.496221e+002,7.590478e+001
5.501042e+002,7.590056e+001
5.505863e+002,7.590141e+001
5.510684e+002,7.590623e+001
5.515505e+002,7.591187e+001
5.520327e+002,7.591393e+001
5.525148e+002,7.590812e+001
5.529969e+002,7.589188e+001
5.534791e+002,7.586528e+001
5.539612e+002,7.583105e+001
5.544433e+002,7.579344e+001
5.549254e+002,7.575675e+001
5.554076e+002,7.572416e+001
5.558896e+002,7.569716e+001
5.563718e+002,7.567583e+001
5.568539e+002,7.565960e+001
5.573361e+002,7.564786e+001
5.578182e+002,7.564023e+001
5.583003e+002,7.563624e+001
5.587825e+002,7.563492e+001
5.592645e+002,7.563454e+001
5.597467e+002,7.563309e+001
5.602288e+002,7.562868e+001
5.607109e+002,7.562045e+001
5.611931e+002,7.560879e+001
5.616752e+002,7.559492e+001
5.621573e+002,7.558012e+001
5.626394e+002,7.556490e+001
5.631216e+002,7.554854e+001
5.636037e+002,7.552959e+001
5.640858e+002,7.550671e+001
5.645679e+002,7.547987e+001
5.650500e+002,7.545058e+001
5.655322e+002,7.542192e+001
5.660143e+002,7.539718e+001
5.664965e+002,7.537884e+001
5.669785e+002,7.536758e+001
5.674607e+002,7.536221e+001
5.679428e+002,7.536008e+001
5.684249e+002,7.535844e+001
5.689070e+002,7.535497e+001
5.693892e+002,7.534842e+001
5.698713e+002,7.533826e+001
5.703534e+002,7.532420e+001
5.708356e+002,7.530598e+001
5.713177e+002,7.528358e+001
5.717998e+002,7.525755e+001
5.722819e+002,7.522958e+001
5.727640e+002,7.520246e+001
5.732462e+002,7.517938e+001
5.737283e+002,7.516299e+001
5.742104e+002,7.515436e+001
5.746925e+002,7.515238e+001
5.751747e+002,7.515430e+001
5.756568e+002,7.515655e+001
5.761389e+002,7.515610e+001
5.766210e+002,7.515108e+001
5.771031e+002,7.514085e+001
5.775853e+002,7.512514e+001
5.780674e+002,7.510315e+001
5.785496e+002,7.507323e+001
5.790317e+002,7.503339e+001
5.795138e+002,7.498252e+001
5.799959e+002,7.492207e+001
5.804780e+002,7.485655e+001
5.809601e+002,7.479347e+001
5.814423e+002,7.474145e+001
5.819244e+002,7.470795e+001
5.824066e+002,7.469719e+001
5.828887e+002,7.470895e+001
5.833708e+002,7.473873e+001
5.838529e+002,7.477920e+001
5.843350e+002,7.482195e+001
5.848171e+002,7.485948e+001
5.852993e+002,7.488631e+001
5.857814e+002,7.489960e+001
5.862635e+002,7.489912e+001
5.867457e+002,7.488670e+001
5.872278e+002,7.486576e+001
5.877099e+002,7.484061e+001
5.881920e+002,7.481566e+001
5.886741e+002,7.479497e+001
5.891563e+002,7.478108e+001
5.896384e+002,7.477484e+001
5.901205e+002,7.477500e+001
5.906027e+002,7.477881e+001
5.910848e+002,7.478262e+001
5.915669e+002,7.478312e+001
5.920490e+002,7.477790e+001
5.925311e+002,7.476598e+001
5.930133e+002,7.474749e+001
5.934954e+002,7.472333e+001
5.939775e+002,7.469476e+001
5.944597e+002,7.466319e+001
5.949418e+002,7.463024e+001
5.954239e+002,7.459776e+001
5.959060e+002,7.456750e+001
5.963882e+002,7.454090e+001
5.968702e+002,7.451827e+001
5.973524e+002,7.449850e+001
5.978345e+002,7.447945e+001
5.983167e+002,7.445840e+001
5.987988e+002,7.443338e+001
5.992809e+002,7.440399e+001
5.997630e+002,7.437176e+001
6.002451e+002,7.433971e+001
6.007273e+002,7.431127e+001
6.012094e+002,7.428896e+001
6.016915e+002,7.427359e+001
6.021736e+002,7.426420e+001
6.026558e+002,7.425867e+001
6.031379e+002,7.425462e+001
6.036200e+002,7.425031e+001
6.041022e+002,7.424480e+001
6.045842e+002,7.423781e+001
6.050664e+002,7.422916e+001
6.055485e+002,7.421833e+001
6.060306e+002,7.420454e+001
6.065128e+002,7.418706e+001
6.069949e+002,7.416597e+001
6.074770e+002,7.414239e+001
6.079591e+002,7.411860e+001
6.084413e+002,7.409733e+001
6.089234e+002,7.408108e+001
6.094055e+002,7.407143e+001
6.098876e+002,7.406868e+001
6.103698e+002,7.407201e+001
6.108519e+002,7.407983e+001
6.113340e+002,7.409004e+001
6.118162e+002,7.410037e+001
6.122983e+002,7.410825e+001
6.127804e+002,7.411086e+001
6.132625e+002,7.410543e+001
6.137446e+002,7.408971e+001
6.142267e+002,7.406278e+001
6.147089e+002,7.402571e+001
6.151910e+002,7.398157e+001
6.156731e+002,7.393501e+001
6.161553e+002,7.389104e+001
6.166374e+002,7.385384e+001
6.171195e+002,7.382565e+001
6.176016e+002,7.380653e+001
6.180837e+002,7.379468e+001
6.185659e+002,7.378741e+001
6.190480e+002,7.378205e+001
6.195302e+002,7.377662e+001
6.200123e+002,7.377001e+001
6.204944e+002,7.376178e+001
6.209765e+002,7.375196e+001
6.214586e+002,7.374092e+001
6.219407e+002,7.372932e+001
6.224229e+002,7.371832e+001
6.229050e+002,7.370940e+001
6.233871e+002,7.370399e+001
6.238693e+002,7.370305e+001
6.243514e+002,7.370652e+001
6.248335e+002,7.371314e+001
6.253156e+002,7.372081e+001
6.257977e+002,7.372712e+001
6.262798e+002,7.373017e+001
6.267620e+002,7.372887e+001
6.272441e+002,7.372326e+001
6.277263e+002,7.371384e+001
6.282084e+002,7.370132e+001
6.286905e+002,7.368615e+001
6.291726e+002,7.366855e+001
6.296547e+002,7.364874e+001
6.301368e+002,7.362726e+001
6.306190e+002,7.360509e+001
6.311011e+002,7.358347e+001
6.315833e+002,7.356344e+001
6.320654e+002,7.354550e+001
6.325475e+002,7.352931e+001
6.330296e+002,7.351393e+001
6.335117e+002,7.349835e+001
6.339939e+002,7.348184e+001
6.344760e+002,7.346431e+001
6.349581e+002,7.344608e+001
6.354402e+002,7.342741e+001
6.359224e+002,7.340813e+001
6.364045e+002,7.338749e+001
6.368866e+002,7.336447e+001
6.373687e+002,7.333841e+001
6.378508e+002,7.330965e+001
6.383330e+002,7.327969e+001
6.388151e+002,7.325105e+001
6.392972e+002,7.322630e+001
6.397794e+002,7.320735e+001
6.402615e+002,7.319479e+001
6.407436e+002,7.318773e+001
6.412257e+002,7.318416e+001
6.417079e+002,7.318165e+001
6.421899e+002,7.317784e+001
6.426721e+002,7.317087e+001
6.431542e+002,7.315915e+001
6.436364e+002,7.314149e+001
6.441185e+002,7.311689e+001
6.446006e+002,7.308496e+001
6.450827e+002,7.304614e+001
6.455648e+002,7.300222e+001
6.460470e+002,7.295612e+001
6.465291e+002,7.291147e+001
6.470112e+002,7.287160e+001
6.474933e+002,7.283875e+001
6.479755e+002,7.281328e+001
6.484576e+002,7.279389e+001
6.489397e+002,7.277813e+001
6.494219e+002,7.276331e+001
6.499040e+002,7.274736e+001
6.503861e+002,7.272942e+001
6.508682e+002,7.270957e+001
6.513503e+002,7.268874e+001
6.518325e+002,7.266810e+001
6.523146e+002,7.264897e+001
6.527968e+002,7.263261e+001
6.532788e+002,7.262038e+001
6.537610e+002,7.261352e+001
6.542431e+002,7.261288e+001
6.547252e+002,7.261858e+001
6.552073e+002,7.262968e+001
6.556895e+002,7.264431e+001
6.561716e+002,7.266022e+001
6.566537e+002,7.267542e+001
6.571359e+002,7.268890e+001
6.576179e+002,7.270077e+001
6.581001e+002,7.271210e+001
6.585822e+002,7.272412e+001
6.590643e+002,7.273762e+001
6.595464e+002,7.275263e+001
6.600286e+002,7.276851e+001
6.605107e+002,7.278448e+001
6.609928e+002,7.280010e+001
6.614750e+002,7.281535e+001
6.619571e+002,7.283009e+001
6.624392e+002,7.284335e+001
6.629213e+002,7.285245e+001
6.634034e+002,7.285267e+001
6.638856e+002,7.283767e+001
6.643677e+002,7.280012e+001
6.648499e+002,7.273277e+001
6.653320e+002,7.262951e+001
6.658141e+002,7.248705e+001
6.662962e+002,7.230745e+001
6.667783e+002,7.210227e+001
6.672605e+002,7.189591e+001
6.677426e+002,7.172427e+001
6.682247e+002,7.162329e+001
6.687068e+002,7.161197e+001
6.691890e+002,7.168259e+001
6.696711e+002,7.180769e+001
6.701532e+002,7.195515e+001
6.706353e+002,7.209946e+001
6.711174e+002,7.222497e+001
6.715996e+002,7.232450e+001
6.720817e+002,7.239700e+001
6.725638e+002,7.244554e+001
6.730460e+002,7.247552e+001
6.735281e+002,7.249330e+001
6.740102e+002,7.250446e+001
6.744923e+002,7.251260e+001
6.749745e+002,7.251869e+001
6.754565e+002,7.252164e+001
6.759387e+002,7.251942e+001
6.764208e+002,7.251060e+001
6.769030e+002,7.249525e+001
6.773851e+002,7.247523e+001
6.778672e+002,7.245340e+001
6.783493e+002,7.243264e+001
6.788314e+002,7.241489e+001
6.793136e+002,7.240085e+001
6.797957e+002,7.239005e+001
6.802778e+002,7.238177e+001
6.807599e+002,7.237540e+001
6.812421e+002,7.237109e+001
6.817242e+002,7.236933e+001
6.822063e+002,7.237082e+001
6.826885e+002,7.237595e+001
6.831705e+002,7.238477e+001
6.836527e+002,7.239685e+001
6.841348e+002,7.241174e+001
6.846169e+002,7.242888e+001
6.850991e+002,7.244760e+001
6.855812e+002,7.246694e+001
6.860634e+002,7.248542e+001
6.865454e+002,7.250132e+001
6.870276e+002,7.251296e+001
6.875096e+002,7.251931e+001
6.879918e+002,7.252054e+001
6.884739e+002,7.251790e+001
6.889561e+002,7.251347e+001
6.894382e+002,7.250909e+001
6.899203e+002,7.250585e+001
6.904025e+002,7.250365e+001
6.908845e+002,7.250144e+001
6.913667e+002,7.249802e+001
6.918488e+002,7.249269e+001
6.923309e+002,7.248592e+001
6.928130e+002,7.247924e+001
6.932952e+002,7.247467e+001
6.937773e+002,7.247408e+001
6.942594e+002,7.247849e+001
6.947416e+002,7.248785e+001
6.952236e+002,7.250124e+001
6.957058e+002,7.251727e+001
6.961879e+002,7.253435e+001
6.966700e+002,7.255104e+001
6.971522e+002,7.256578e+001
6.976343e+002,7.257697e+001
6.981165e+002,7.258292e+001
6.985985e+002,7.258224e+001
6.990807e+002,7.257426e+001
6.995628e+002,7.255951e+001
7.000449e+002,7.253964e+001
7.005270e+002,7.251721e+001
7.010092e+002,7.249488e+001
7.014913e+002,7.247486e+001
7.019734e+002,7.245837e+001
7.024556e+002,7.244582e+001
7.029377e+002,7.243708e+001
7.034198e+002,7.243199e+001
7.039019e+002,7.243066e+001
7.043840e+002,7.243327e+001
7.048662e+002,7.243967e+001
7.053483e+002,7.244904e+001
7.058304e+002,7.245971e+001
7.063125e+002,7.246942e+001
7.067947e+002,7.247598e+001
7.072768e+002,7.247795e+001
7.077589e+002,7.247511e+001
7.082410e+002,7.246835e+001
7.087231e+002,7.245912e+001
7.092053e+002,7.244880e+001
7.096874e+002,7.243816e+001
7.101696e+002,7.242731e+001
7.106517e+002,7.241599e+001
7.111338e+002,7.240412e+001
7.116159e+002,7.239215e+001
7.120980e+002,7.238121e+001
7.125802e+002,7.237258e+001
7.130623e+002,7.236729e+001
7.135444e+002,7.236553e+001
7.140265e+002,7.236655e+001
7.145087e+002,7.236872e+001
7.149908e+002,7.237009e+001
7.154729e+002,7.236869e+001
7.159550e+002,7.236292e+001
7.164371e+002,7.235152e+001
7.169193e+002,7.233369e+001
7.174014e+002,7.230920e+001
7.178835e+002,7.227858e+001
7.183657e+002,7.224346e+001
7.188478e+002,7.220670e+001
7.193299e+002,7.217213e+001
7.198120e+002,7.214380e+001
7.202942e+002,7.212496e+001
7.207762e+002,7.211710e+001
7.212584e+002,7.211945e+001
7.217405e+002,7.212926e+001
7.222227e+002,7.214258e+001
7.227048e+002,7.215549e+001
7.231869e+002,7.216486e+001
7.236691e+002,7.216888e+001
7.241511e+002,7.216708e+001
7.246333e+002,7.215982e+001
7.251154e+002,7.214795e+001
7.255975e+002,7.213255e+001
7.260797e+002,7.211488e+001
7.265618e+002,7.209637e+001
7.270439e+002,7.207867e+001
7.275260e+002,7.206332e+001
7.280082e+002,7.205130e+001
7.284902e+002,7.204269e+001
7.289724e+002,7.203651e+001
7.294545e+002,7.203095e+001
7.299366e+002,7.202391e+001
7.304188e+002,7.201376e+001
7.309009e+002,7.199969e+001
7.313831e+002,7.198200e+001
7.318651e+002,7.196163e+001
7.323473e+002,7.193985e+001
7.328293e+002,7.191788e+001
7.333115e+002,7.189663e+001
7.337936e+002,7.187689e+001
7.342758e+002,7.185935e+001
7.347579e+002,7.184472e+001
7.352400e+002,7.183352e+001
7.357222e+002,7.182574e+001
7.362042e+002,7.182056e+001
7.366864e+002,7.181646e+001
7.371685e+002,7.181152e+001
7.376506e+002,7.180409e+001
7.381328e+002,7.179346e+001
7.386149e+002,7.178010e+001
7.390970e+002,7.176550e+001
7.395791e+002,7.175155e+001
7.400613e+002,7.173980e+001
7.405434e+002,7.173089e+001
7.410255e+002,7.172451e+001
7.415076e+002,7.171958e+001
7.419897e+002,7.171489e+001
7.424719e+002,7.170952e+001
7.429540e+002,7.170303e+001
7.434362e+002,7.169529e+001
7.439182e+002,7.168618e+001
7.444004e+002,7.167537e+001
7.448825e+002,7.166238e+001
7.453646e+002,7.164684e+001
7.458467e+002,7.162890e+001
7.463289e+002,7.160938e+001
7.468110e+002,7.158966e+001
7.472931e+002,7.157115e+001
7.477753e+002,7.155479e+001
7.482574e+002,7.154052e+001
7.487395e+002,7.152744e+001
7.492216e+002,7.151398e+001
7.497037e+002,7.149871e+001
7.501859e+002,7.148074e+001
7.506680e+002,7.146001e+001
7.511501e+002,7.143718e+001
7.516322e+002,7.141325e+001
7.521144e+002,7.138921e+001
7.525965e+002,7.136578e+001
7.530786e+002,7.134341e+001
7.535608e+002,7.132242e+001
7.540428e+002,7.130314e+001
7.545250e+002,7.128584e+001
7.550071e+002,7.127062e+001
7.554893e+002,7.125719e+001
7.559714e+002,7.124496e+001
7.564535e+002,7.123308e+001
7.569356e+002,7.122094e+001
7.574177e+002,7.120834e+001
7.578999e+002,7.119559e+001
7.583820e+002,7.118336e+001
7.588641e+002,7.117215e+001
7.593463e+002,7.116199e+001
7.598284e+002,7.115223e+001
7.603105e+002,7.114180e+001
7.607926e+002,7.112962e+001
7.612748e+002,7.111522e+001
7.617568e+002,7.109888e+001
7.622390e+002,7.108164e+001
7.627211e+002,7.106477e+001
7.632032e+002,7.104917e+001
7.636854e+002,7.103516e+001
7.641675e+002,7.102233e+001
7.646496e+002,7.100991e+001
7.651317e+002,7.099725e+001
7.656139e+002,7.098418e+001
7.660959e+002,7.097097e+001
7.665781e+002,7.095805e+001
7.670602e+002,7.094564e+001
7.675424e+002,7.093346e+001
7.680245e+002,7.092077e+001
7.685066e+002,7.090675e+001
7.689888e+002,7.089091e+001
7.694708e+002,7.087337e+001
7.699530e+002,7.085487e+001
7.704351e+002,7.083634e+001
7.709172e+002,7.081840e+001
7.713994e+002,7.080103e+001
7.718815e+002,7.078346e+001
7.723636e+002,7.076469e+001
7.728457e+002,7.074384e+001
7.733279e+002,7.072063e+001
7.738099e+002,7.069555e+001
7.742921e+002,7.066961e+001
7.747742e+002,7.064397e+001
7.752563e+002,7.061948e+001
7.757385e+002,7.059658e+001
7.762206e+002,7.057533e+001
7.767028e+002,7.055569e+001
7.771848e+002,7.053764e+001
7.776670e+002,7.052124e+001
7.781491e+002,7.050642e+001
7.786312e+002,7.049269e+001
7.791133e+002,7.047916e+001
7.795955e+002,7.046464e+001
7.800776e+002,7.044811e+001
7.805597e+002,7.042918e+001
7.810419e+002,7.040833e+001
7.815239e+002,7.038684e+001
7.820061e+002,7.036633e+001
7.824882e+002,7.034821e+001
7.829703e+002,7.033308e+001
7.834525e+002,7.032064e+001
7.839346e+002,7.030988e+001
7.844167e+002,7.029952e+001
7.848988e+002,7.028840e+001
7.853810e+002,7.027579e+001
7.858631e+002,7.026144e+001
7.863452e+002,7.024538e+001
7.868273e+002,7.022770e+001
7.873094e+002,7.020862e+001
7.877916e+002,7.018846e+001
7.882737e+002,7.016779e+001
7.887559e+002,7.014739e+001
7.892380e+002,7.012814e+001
7.897201e+002,7.011055e+001
7.902022e+002,7.009448e+001
7.906843e+002,7.007918e+001
7.911665e+002,7.006329e+001
7.916486e+002,7.004549e+001
7.921307e+002,7.002496e+001
7.926128e+002,7.000173e+001
7.930950e+002,6.997663e+001
7.935771e+002,6.995096e+001
7.940592e+002,6.992590e+001
7.945413e+002,6.990224e+001
7.950234e+002,6.988010e+001
7.955056e+002,6.985905e+001
7.959877e+002,6.983856e+001
7.964698e+002,6.981821e+001
7.969520e+002,6.979780e+001
7.974341e+002,6.977728e+001
7.979162e+002,6.975661e+001
7.983983e+002,6.973554e+001
7.988805e+002,6.971385e+001
7.993625e+002,6.969148e+001
7.998447e+002,6.966885e+001
8.003268e+002,6.964680e+001
8.008090e+002,6.962637e+001
8.012911e+002,6.960832e+001
8.017732e+002,6.959275e+001
8.022553e+002,6.957873e+001
8.027374e+002,6.956466e+001
8.032196e+002,6.954875e+001
8.037017e+002,6.952975e+001
8.041838e+002,6.950741e+001
8.046660e+002,6.948251e+001
8.051481e+002,6.945657e+001
8.056302e+002,6.943115e+001
8.061123e+002,6.940726e+001
8.065945e+002,6.938516e+001
8.070765e+002,6.936426e+001
8.075587e+002,6.934354e+001
8.080408e+002,6.932198e+001
8.085229e+002,6.929879e+001
8.090051e+002,6.927354e+001
8.094872e+002,6.924612e+001
8.099694e+002,6.921656e+001
8.104514e+002,6.918510e+001
8.109336e+002,6.915214e+001
8.114156e+002,6.911835e+001
8.118978e+002,6.908456e+001
8.123799e+002,6.905164e+001
8.128621e+002,6.902010e+001
8.133442e+002,6.898991e+001
8.138263e+002,6.896046e+001
8.143085e+002,6.893088e+001
8.147905e+002,6.890037e+001
8.152727e+002,6.886875e+001
8.157548e+002,6.883650e+001
8.162369e+002,6.880462e+001
8.167191e+002,6.877422e+001
8.172012e+002,6.874593e+001
8.176833e+002,6.871966e+001
8.181654e+002,6.869463e+001
8.186476e+002,6.866976e+001
8.191296e+002,6.864417e+001
8.196118e+002,6.861756e+001
8.200939e+002,6.859035e+001
8.205760e+002,6.856329e+001
8.210582e+002,6.853716e+001
8.215403e+002,6.851225e+001
8.220225e+002,6.848839e+001
8.225045e+002,6.846492e+001
8.229867e+002,6.844114e+001
8.234688e+002,6.841652e+001
8.239509e+002,6.839081e+001
8.244330e+002,6.836390e+001
8.249152e+002,6.833564e+001
8.253973e+002,6.830566e+001
8.258794e+002,6.827339e+001
8.263616e+002,6.823837e+001
8.268437e+002,6.820042e+001
8.273258e+002,6.815992e+001
8.278079e+002,6.811773e+001
8.282900e+002,6.807484e+001
8.287722e+002,6.803209e+001
8.292543e+002,6.798989e+001
8.297365e+002,6.794820e+001
8.302185e+002,6.790662e+001
8.307007e+002,6.786489e+001
8.311828e+002,6.782294e+001
8.316649e+002,6.778104e+001
8.321470e+002,6.773961e+001
8.326292e+002,6.769900e+001
8.331113e+002,6.765926e+001
8.335934e+002,6.762024e+001
8.340756e+002,6.758170e+001
8.345577e+002,6.754351e+001
8.350398e+002,6.750583e+001
8.355219e+002,6.746893e+001
8.360040e+002,6.743299e+001
8.364862e+002,6.739790e+001
8.369683e+002,6.736301e+001
8.374504e+002,6.732743e+001
8.379325e+002,6.729011e+001
8.384147e+002,6.725041e+001
8.388968e+002,6.720817e+001
8.393789e+002,6.716373e+001
8.398610e+002,6.711760e+001
8.403431e+002,6.707029e+001
8.408253e+002,6.702208e+001
8.413074e+002,6.697300e+001
8.417896e+002,6.692316e+001
8.422717e+002,6.687289e+001
8.427538e+002,6.682291e+001
8.432359e+002,6.677406e+001
8.437180e+002,6.672703e+001
8.442002e+002,6.668193e+001
8.446823e+002,6.663809e+001
8.451644e+002,6.659419e+001
8.456465e+002,6.654869e+001
8.461287e+002,6.650031e+001
8.466108e+002,6.644836e+001
8.470929e+002,6.639291e+001
8.475751e+002,6.633456e+001
8.480571e+002,6.627406e+001
8.485393e+002,6.621193e+001
8.490214e+002,6.614850e+001
8.495035e+002,6.608378e+001
8.499857e+002,6.601779e+001
8.504678e+002,6.595065e+001
8.509499e+002,6.588264e+001
8.514320e+002,6.581405e+001
8.519142e+002,6.574501e+001
8.523962e+002,6.567542e+001
8.528784e+002,6.560509e+001
8.533605e+002,6.553383e+001
8.538427e+002,6.546178e+001
8.543248e+002,6.538948e+001
8.548069e+002,6.531771e+001
8.552891e+002,6.524712e+001
8.557711e+002,6.517797e+001
8.562533e+002,6.510989e+001
8.567354e+002,6.504205e+001
8.572175e+002,6.497336e+001
8.576996e+002,6.490297e+001
8.581818e+002,6.483054e+001
8.586639e+002,6.475619e+001
8.591460e+002,6.468037e+001
8.596282e+002,6.460360e+001
8.601102e+002,6.452612e+001
8.605924e+002,6.444801e+001
8.610745e+002,6.436916e+001
8.615566e+002,6.428957e+001
8.620388e+002,6.420940e+001
8.625209e+002,6.412897e+001
8.630031e+002,6.404855e+001
8.634851e+002,6.396817e+001
8.639673e+002,6.388754e+001
8.644494e+002,6.380611e+001
8.649315e+002,6.372340e+001
8.654136e+002,6.363927e+001
8.658958e+002,6.355404e+001
8.663779e+002,6.346841e+001
8.668600e+002,6.338325e+001
8.673422e+002,6.329912e+001
8.678242e+002,6.321623e+001
8.683064e+002,6.313431e+001
8.687885e+002,6.305294e+001
8.692706e+002,6.297178e+001
8.697527e+002,6.289074e+001
8.702349e+002,6.281017e+001
8.707170e+002,6.273041e+001
8.711991e+002,6.265172e+001
8.716813e+002,6.257399e+001
8.721634e+002,6.249678e+001
8.726455e+002,6.241943e+001
8.731276e+002,6.234129e+001
8.736097e+002,6.226189e+001
8.740919e+002,6.218106e+001
8.745740e+002,6.209874e+001
8.750562e+002,6.201490e+001
8.755382e+002,6.192956e+001
8.760204e+002,6.184278e+001
8.765025e+002,6.175487e+001
8.769846e+002,6.166655e+001
8.774668e+002,6.157895e+001
8.779489e+002,6.149328e+001
8.784310e+002,6.141060e+001
8.789131e+002,6.133138e+001
8.793953e+002,6.125538e+001
8.798774e+002,6.118179e+001
8.803595e+002,6.110952e+001
8.808416e+002,6.103762e+001
8.813237e+002,6.096557e+001
8.818059e+002,6.089342e+001
8.822880e+002,6.082156e+001
8.827701e+002,6.075051e+001
8.832523e+002,6.068066e+001
8.837344e+002,6.061215e+001
8.842165e+002,6.054498e+001
8.846986e+002,6.047913e+001
8.851808e+002,6.041467e+001
8.856628e+002,6.035187e+001
8.861450e+002,6.029097e+001
8.866271e+002,6.023222e+001
8.871093e+002,6.017570e+001
8.875914e+002,6.012139e+001
8.880735e+002,6.006926e+001
8.885556e+002,6.001943e+001
8.890377e+002,5.997208e+001
8.895199e+002,5.992736e+001
8.900020e+002,5.988519e+001
8.904841e+002,5.984500e+001
8.909662e+002,5.980588e+001
8.914484e+002,5.976661e+001
8.919305e+002,5.972610e+001
8.924126e+002,5.968367e+001
8.928948e+002,5.963921e+001
8.933768e+002,5.959321e+001
8.938590e+002,5.954642e+001
8.943411e+002,5.949954e+001
8.948232e+002,5.945317e+001
8.953054e+002,5.940763e+001
8.957875e+002,5.936315e+001
8.962697e+002,5.932011e+001
8.967517e+002,5.927909e+001
8.972339e+002,5.924083e+001
8.977159e+002,5.920595e+001
8.981981e+002,5.917476e+001
8.986802e+002,5.914708e+001
8.991624e+002,5.912228e+001
8.996445e+002,5.909943e+001
9.001266e+002,5.907767e+001
9.006088e+002,5.905633e+001
9.010908e+002,5.903503e+001
9.015730e+002,5.901357e+001
9.020551e+002,5.899174e+001
9.025372e+002,5.896937e+001
9.030193e+002,5.894627e+001
9.035015e+002,5.892247e+001
9.039836e+002,5.889833e+001
9.044657e+002,5.887460e+001
9.049479e+002,5.885227e+001
9.054299e+002,5.883228e+001
9.059121e+002,5.881519e+001
9.063942e+002,5.880109e+001
9.068763e+002,5.878952e+001
9.073585e+002,5.877978e+001
9.078406e+002,5.877129e+001
9.083228e+002,5.876371e+001
9.088048e+002,5.875714e+001
9.092870e+002,5.875182e+001
9.097691e+002,5.874802e+001
9.102512e+002,5.874585e+001
9.107333e+002,5.874521e+001
9.112155e+002,5.874590e+001
9.116976e+002,5.874778e+001
9.121797e+002,5.875087e+001
9.126619e+002,5.875543e+001
9.131440e+002,5.876166e+001
9.136261e+002,5.876968e+001
9.141082e+002,5.877934e+001
9.145903e+002,5.879031e+001
9.150724e+002,5.880226e+001
9.155546e+002,5.881498e+001
9.160367e+002,5.882850e+001
9.165189e+002,5.884308e+001
9.170010e+002,5.885885e+001
9.174831e+002,5.887576e+001
9.179652e+002,5.889345e+001
9.184473e+002,5.891133e+001
9.189294e+002,5.892897e+001
9.194116e+002,5.894626e+001
9.198937e+002,5.896361e+001
9.203759e+002,5.898193e+001
9.208580e+002,5.900217e+001
9.213401e+002,5.902509e+001
9.218222e+002,5.905084e+001
9.223043e+002,5.907897e+001
9.227864e+002,5.910862e+001
9.232686e+002,5.913875e+001
9.237507e+002,5.916859e+001
9.242328e+002,5.919767e+001
9.247150e+002,5.922583e+001
9.251971e+002,5.925317e+001
9.256792e+002,5.927972e+001
9.261613e+002,5.930569e+001
9.266434e+002,5.933128e+001
9.271255e+002,5.935710e+001
9.276077e+002,5.938400e+001
9.280898e+002,5.941306e+001
9.285720e+002,5.944526e+001
9.290541e+002,5.948119e+001
9.295362e+002,5.952079e+001
9.300183e+002,5.956340e+001
9.305004e+002,5.960803e+001
9.309826e+002,5.965369e+001
9.314647e+002,5.969973e+001
9.319468e+002,5.974606e+001
9.324290e+002,5.979295e+001
9.329111e+002,5.984092e+001
9.333932e+002,5.989035e+001
9.338753e+002,5.994135e+001
9.343574e+002,5.999372e+001
9.348396e+002,6.004712e+001
9.353217e+002,6.010105e+001
9.358038e+002,6.015517e+001
9.362859e+002,6.020911e+001
9.367681e+002,6.026257e+001
9.372502e+002,6.031521e+001
9.377323e+002,6.036680e+001
9.382144e+002,6.041726e+001
9.386966e+002,6.046683e+001
9.391787e+002,6.051604e+001
9.396608e+002,6.056560e+001
9.401429e+002,6.061613e+001
9.406251e+002,6.066786e+001
9.411072e+002,6.072054e+001
9.415893e+002,6.077353e+001
9.420714e+002,6.082610e+001
9.425536e+002,6.087778e+001
9.430357e+002,6.092854e+001
9.435178e+002,6.097894e+001
9.439999e+002,6.102977e+001
9.444821e+002,6.108186e+001
9.449642e+002,6.113563e+001
9.454463e+002,6.119109e+001
9.459284e+002,6.124783e+001
9.464106e+002,6.130523e+001
9.468927e+002,6.136268e+001
9.473748e+002,6.141975e+001
9.478569e+002,6.147606e+001
9.483391e+002,6.153135e+001
9.488212e+002,6.158532e+001
9.493033e+002,6.163772e+001
9.497855e+002,6.168850e+001
9.502676e+002,6.173791e+001
9.507497e+002,6.178659e+001
9.512318e+002,6.183542e+001
9.517139e+002,6.188518e+001
9.521960e+002,6.193627e+001
9.526782e+002,6.198854e+001
9.531603e+002,6.204126e+001
9.536425e+002,6.209343e+001
9.541246e+002,6.214410e+001
9.546067e+002,6.219266e+001
9.550888e+002,6.223905e+001
9.555709e+002,6.228349e+001
9.560530e+002,6.232633e+001
9.565352e+002,6.236782e+001
9.570173e+002,6.240804e+001
9.574995e+002,6.244692e+001
9.579816e+002,6.248447e+001
9.584637e+002,6.252084e+001
9.589458e+002,6.255633e+001
9.594279e+002,6.259121e+001
9.599100e+002,6.262556e+001
9.603922e+002,6.265908e+001
9.608743e+002,6.269127e+001
9.613564e+002,6.272156e+001
9.618386e+002,6.274980e+001
9.623207e+002,6.277634e+001
9.628028e+002,6.280210e+001
9.632849e+002,6.282824e+001
9.637670e+002,6.285587e+001
9.642491e+002,6.288554e+001
9.647313e+002,6.291723e+001
9.652134e+002,6.295036e+001
9.656956e+002,6.298400e+001
9.661777e+002,6.301725e+001
9.666598e+002,6.304941e+001
9.671419e+002,6.307994e+001
9.676240e+002,6.310849e+001
9.681061e+002,6.313471e+001
9.685883e+002,6.315833e+001
9.690704e+002,6.317920e+001
9.695526e+002,6.319746e+001
9.700347e+002,6.321364e+001
9.705168e+002,6.322859e+001
9.709989e+002,6.324326e+001
9.714810e+002,6.325845e+001
9.719631e+002,6.327453e+001
9.724453e+002,6.329148e+001
9.729274e+002,6.330891e+001
9.734095e+002,6.332631e+001
9.738917e+002,6.334323e+001
9.743738e+002,6.335941e+001
9.748559e+002,6.337462e+001
9.753380e+002,6.338868e+001
9.758201e+002,6.340128e+001
9.763023e+002,6.341208e+001
9.767844e+002,6.342080e+001
9.772665e+002,6.342737e+001
9.777487e+002,6.343200e+001
9.782308e+002,6.343510e+001
9.787129e+002,6.343703e+001
9.791950e+002,6.343790e+001
9.796771e+002,6.343757e+001
9.801593e+002,6.343564e+001
9.806414e+002,6.343179e+001
9.811235e+002,6.342606e+001
9.816057e+002,6.341893e+001
9.820878e+002,6.341130e+001
9.825699e+002,6.340415e+001
9.830520e+002,6.339816e+001
9.835342e+002,6.339350e+001
9.840163e+002,6.338974e+001
9.844984e+002,6.338615e+001
9.849805e+002,6.338195e+001
9.854626e+002,6.337674e+001
9.859448e+002,6.337049e+001
9.864269e+002,6.336349e+001
9.869090e+002,6.335611e+001
9.873912e+002,6.334856e+001
9.878733e+002,6.334079e+001
9.883554e+002,6.333262e+001
9.888375e+002,6.332387e+001
9.893196e+002,6.331454e+001
9.898018e+002,6.330488e+001
9.902839e+002,6.329525e+001
9.907660e+002,6.328594e+001
9.912482e+002,6.327705e+001
9.917303e+002,6.326849e+001
9.922124e+002,6.326007e+001
9.926945e+002,6.325169e+001
9.931766e+002,6.324337e+001
9.936588e+002,6.323526e+001
9.941409e+002,6.322734e+001
9.946230e+002,6.321937e+001
9.951052e+002,6.321065e+001
9.955873e+002,6.320031e+001
9.960694e+002,6.318754e+001
9.965515e+002,6.317193e+001
9.970336e+002,6.315370e+001
9.975157e+002,6.313365e+001
9.979979e+002,6.311281e+001
9.984800e+002,6.309211e+001
9.989622e+002,6.307198e+001
9.994443e+002,6.305233e+001
9.999264e+002,6.303266e+001
1.000409e+003,6.301246e+001
1.000891e+003,6.299137e+001
1.001373e+003,6.296958e+001
1.001855e+003,6.294761e+001
1.002337e+003,6.292617e+001
1.002819e+003,6.290593e+001
1.003301e+003,6.288730e+001
1.003783e+003,6.287045e+001
1.004266e+003,6.285533e+001
1.004748e+003,6.284167e+001
1.005230e+003,6.282904e+001
1.005712e+003,6.281679e+001
1.006194e+003,6.280406e+001
1.006676e+003,6.278979e+001
1.007158e+003,6.277306e+001
1.007640e+003,6.275330e+001
1.008122e+003,6.273071e+001
1.008605e+003,6.270612e+001
1.009087e+003,6.268095e+001
1.009569e+003,6.265668e+001
1.010051e+003,6.263445e+001
1.010533e+003,6.261462e+001
1.011015e+003,6.259690e+001
1.011497e+003,6.258036e+001
1.011979e+003,6.256406e+001
1.012462e+003,6.254724e+001
1.012944e+003,6.252960e+001
1.013426e+003,6.251125e+001
1.013908e+003,6.249240e+001
1.014390e+003,6.247324e+001
1.014872e+003,6.245377e+001
1.015354e+003,6.243386e+001
1.015836e+003,6.241346e+001
1.016319e+003,6.239262e+001
1.016801e+003,6.237163e+001
1.017283e+003,6.235081e+001
1.017765e+003,6.233039e+001
1.018247e+003,6.231033e+001
1.018729e+003,6.229043e+001
1.019211e+003,6.227043e+001
1.019693e+003,6.225024e+001
1.020176e+003,6.223009e+001
1.020658e+003,6.221042e+001
1.021140e+003,6.219165e+001
1.021622e+003,6.217403e+001
1.022104e+003,6.215734e+001
1.022586e+003,6.214106e+001
1.023068e+003,6.212450e+001
1.023550e+003,6.210719e+001
1.024033e+003,6.208903e+001
1.024515e+003,6.207034e+001
1.024997e+003,6.205161e+001
1.025479e+003,6.203320e+001
1.025961e+003,6.201516e+001
1.026443e+003,6.199711e+001
1.026925e+003,6.197838e+001
1.027407e+003,6.195847e+001
1.027890e+003,6.193711e+001
1.028372e+003,6.191447e+001
1.028854e+003,6.189109e+001
1.029336e+003,6.186750e+001
1.029818e+003,6.184419e+001
1.030300e+003,6.182146e+001
1.030782e+003,6.179941e+001
1.031264e+003,6.177816e+001
1.031747e+003,6.175784e+001
1.032229e+003,6.173868e+001
1.032711e+003,6.172070e+001
1.033193e+003,6.170368e+001
1.033675e+003,6.168698e+001
1.034157e+003,6.166974e+001
1.034639e+003,6.165113e+001
1.035121e+003,6.163070e+001
1.035604e+003,6.160858e+001
1.036086e+003,6.158546e+001
1.036568e+003,6.156236e+001
1.037050e+003,6.154019e+001
1.037532e+003,6.151962e+001
1.038014e+003,6.150082e+001
1.038496e+003,6.148365e+001
1.038979e+003,6.146790e+001
1.039461e+003,6.145338e+001
1.039943e+003,6.144012e+001
1.040425e+003,6.142808e+001
1.040907e+003,6.141710e+001
1.041389e+003,6.140672e+001
1.041871e+003,6.139614e+001
1.042353e+003,6.138457e+001
1.042835e+003,6.137144e+001
1.043318e+003,6.135648e+001
1.043800e+003,6.133990e+001
1.044282e+003,6.132202e+001
1.044764e+003,6.130314e+001
1.045246e+003,6.128324e+001
1.045728e+003,6.126208e+001
1.046210e+003,6.123927e+001
1.046692e+003,6.121473e+001
1.047175e+003,6.118872e+001
1.047657e+003,6.116206e+001
1.048139e+003,6.113574e+001
1.048621e+003,6.111066e+001
1.049103e+003,6.108740e+001
1.049585e+003,6.106605e+001
1.050067e+003,6.104633e+001
1.050549e+003,6.102782e+001
1.051031e+003,6.101019e+001
1.051514e+003,6.099329e+001
1.051996e+003,6.097700e+001
1.052478e+003,6.096119e+001
1.052960e+003,6.094543e+001
1.053442e+003,6.092921e+001
1.053924e+003,6.091199e+001
1.054406e+003,6.089346e+001
1.054889e+003,6.087369e+001
1.055371e+003,6.085323e+001
1.055853e+003,6.083271e+001
1.056335e+003,6.081275e+001
1.056817e+003,6.079359e+001
1.057299e+003,6.077511e+001
1.057781e+003,6.075695e+001
1.058263e+003,6.073872e+001
1.058746e+003,6.072023e+001
1.059228e+003,6.070153e+001
1.059710e+003,6.068266e+001
1.060192e+003,6.066365e+001
1.060674e+003,6.064424e+001
1.061156e+003,6.062403e+001
1.061638e+003,6.060263e+001
1.062120e+003,6.058002e+001
1.062603e+003,6.055666e+001
1.063085e+003,6.053347e+001
1.063567e+003,6.051154e+001
1.064049e+003,6.049172e+001
1.064531e+003,6.047430e+001
1.065013e+003,6.045893e+001
1.065495e+003,6.044471e+001
1.065977e+003,6.043057e+001
1.066460e+003,6.041567e+001
1.066942e+003,6.039945e+001
1.067424e+003,6.038184e+001
1.067906e+003,6.036298e+001
1.068388e+003,6.034312e+001
1.068870e+003,6.032252e+001
1.069352e+003,6.030145e+001
1.069834e+003,6.028030e+001
1.070317e+003,6.025962e+001
1.070799e+003,6.024005e+001
1.071281e+003,6.022217e+001
1.071763e+003,6.020631e+001
1.072245e+003,6.019241e+001
1.072727e+003,6.018006e+001
1.073209e+003,6.016866e+001
1.073691e+003,6.015765e+001
1.074174e+003,6.014667e+001
1.074656e+003,6.013551e+001
1.075138e+003,6.012399e+001
1.075620e+003,6.011172e+001
1.076102e+003,6.009815e+001
1.076584e+003,6.008257e+001
1.077066e+003,6.006447e+001
1.077548e+003,6.004385e+001
1.078031e+003,6.002124e+001
1.078513e+003,5.999776e+001
1.078995e+003,5.997466e+001
1.079477e+003,5.995295e+001
1.079959e+003,5.993307e+001
1.080441e+003,5.991483e+001
1.080923e+003,5.989769e+001
1.081406e+003,5.988108e+001
1.081888e+003,5.986473e+001
1.082370e+003,5.984879e+001
1.082852e+003,5.983368e+001
1.083334e+003,5.981975e+001
1.083816e+003,5.980706e+001
1.084298e+003,5.979527e+001
1.084780e+003,5.978365e+001
1.085262e+003,5.977147e+001
1.085745e+003,5.975816e+001
1.086227e+003,5.974357e+001
1.086709e+003,5.972783e+001
1.087191e+003,5.971115e+001
1.087673e+003,5.969377e+001
1.088155e+003,5.967573e+001
1.088637e+003,5.965702e+001
1.089119e+003,5.963771e+001
1.089602e+003,5.961797e+001
1.090084e+003,5.959816e+001
1.090566e+003,5.957858e+001
1.091048e+003,5.955929e+001
1.091530e+003,5.953999e+001
1.092012e+003,5.952005e+001
1.092494e+003,5.949883e+001
1.092976e+003,5.947597e+001
1.093458e+003,5.945169e+001
1.093941e+003,5.942689e+001
1.094423e+003,5.940290e+001
1.094905e+003,5.938116e+001
1.095387e+003,5.936280e+001
1.095869e+003,5.934840e+001
1.096351e+003,5.933787e+001
1.096833e+003,5.933055e+001
1.097316e+003,5.932543e+001
1.097798e+003,5.932132e+001
1.098280e+003,5.931692e+001
1.098762e+003,5.931103e+001
1.099244e+003,5.930255e+001
1.099726e+003,5.929071e+001
1.100208e+003,5.927521e+001
1.100690e+003,5.925633e+001
1.101173e+003,5.923489e+001
1.101655e+003,5.921201e+001
1.102137e+003,5.918872e+001
1.102619e+003,5.916571e+001
1.103101e+003,5.914309e+001
1.103583e+003,5.912053e+001
1.104065e+003,5.909760e+001
1.104547e+003,5.907410e+001
1.105030e+003,5.905025e+001
1.105512e+003,5.902682e+001
1.105994e+003,5.900462e+001
1.106476e+003,5.898431e+001
1.106958e+003,5.896600e+001
1.107440e+003,5.894918e+001
1.107922e+003,5.893289e+001
1.108404e+003,5.891610e+001
1.108886e+003,5.889816e+001
1.109369e+003,5.887896e+001
1.109851e+003,5.885886e+001
1.110333e+003,5.883863e+001
1.110815e+003,5.881902e+001
1.111297e+003,5.880066e+001
1.111779e+003,5.878385e+001
1.112261e+003,5.876873e+001
1.112744e+003,5.875517e+001
1.113226e+003,5.874298e+001
1.113708e+003,5.873166e+001
1.114190e+003,5.872054e+001
1.114672e+003,5.870874e+001
1.115154e+003,5.869530e+001
1.115636e+003,5.867953e+001
1.116118e+003,5.866113e+001
1.116601e+003,5.864049e+001
1.117083e+003,5.861852e+001
1.117565e+003,5.859632e+001
1.118047e+003,5.857500e+001
1.118529e+003,5.855515e+001
1.119011e+003,5.853692e+001
1.119493e+003,5.852005e+001
1.119975e+003,5.850410e+001
1.120458e+003,5.848867e+001
1.120940e+003,5.847355e+001
1.121422e+003,5.845867e+001
1.121904e+003,5.844392e+001
1.122386e+003,5.842900e+001
1.122868e+003,5.841348e+001
1.123350e+003,5.839680e+001
1.123832e+003,5.837861e+001
1.124314e+003,5.835883e+001
1.124797e+003,5.833780e+001
1.125279e+003,5.831612e+001
1.125761e+003,5.829446e+001
1.126243e+003,5.827339e+001
1.126725e+003,5.825331e+001
1.127207e+003,5.823434e+001
1.127689e+003,5.821659e+001
1.128172e+003,5.820009e+001
1.128654e+003,5.818485e+001
1.129136e+003,5.817081e+001
1.129618e+003,5.815773e+001
1.130100e+003,5.814515e+001
1.130582e+003,5.813250e+001
1.131064e+003,5.811927e+001
1.131546e+003,5.810523e+001
1.132029e+003,5.809047e+001
1.132511e+003,5.807544e+001
1.132993e+003,5.806068e+001
1.133475e+003,5.804655e+001
1.133957e+003,5.803311e+001
1.134439e+003,5.802001e+001
1.134921e+003,5.800667e+001
1.135403e+003,5.799253e+001
1.135885e+003,5.797722e+001
1.136368e+003,5.796063e+001
1.136850e+003,5.794280e+001
1.137332e+003,5.792389e+001
1.137814e+003,5.790398e+001
1.138296e+003,5.788313e+001
1.138778e+003,5.786147e+001
1.139260e+003,5.783930e+001
1.139742e+003,5.781718e+001
1.140225e+003,5.779580e+001
1.140707e+003,5.777573e+001
1.141189e+003,5.775721e+001
1.141671e+003,5.773993e+001
1.142153e+003,5.772318e+001
1.142635e+003,5.770604e+001
1.143117e+003,5.768774e+001
1.143599e+003,5.766795e+001
1.144082e+003,5.764696e+001
1.144564e+003,5.762541e+001
1.145046e+003,5.760409e+001
1.145528e+003,5.758366e+001
1.146010e+003,5.756444e+001
1.146492e+003,5.754641e+001
1.146974e+003,5.752932e+001
1.147457e+003,5.751287e+001
1.147939e+003,5.749676e+001
1.148421e+003,5.748071e+001
1.148903e+003,5.746448e+001
1.149385e+003,5.744775e+001
1.149867e+003,5.743021e+001
1.150349e+003,5.741164e+001
1.150831e+003,5.739207e+001
1.151313e+003,5.737177e+001
1.151796e+003,5.735126e+001
1.152278e+003,5.733105e+001
1.152760e+003,5.731149e+001
1.153242e+003,5.729261e+001
1.153724e+003,5.727418e+001
1.154206e+003,5.725592e+001
1.154688e+003,5.723766e+001
1.155170e+003,5.721944e+001
1.155653e+003,5.720158e+001
1.156135e+003,5.718438e+001
1.156617e+003,5.716796e+001
1.157099e+003,5.715208e+001
1.157581e+003,5.713609e+001
1.158063e+003,5.711929e+001
1.158545e+003,5.710109e+001
1.159027e+003,5.708133e+001
1.159510e+003,5.706034e+001
1.159992e+003,5.703882e+001
1.160474e+003,5.701752e+001
1.160956e+003,5.699701e+001
1.161438e+003,5.697749e+001
1.161920e+003,5.695886e+001
1.162402e+003,5.694078e+001
1.162885e+003,5.692298e+001
1.163367e+003,5.690532e+001
1.163849e+003,5.688773e+001
1.164331e+003,5.687030e+001
1.164813e+003,5.685300e+001
1.165295e+003,5.683568e+001
1.165777e+003,5.681813e+001
1.166259e+003,5.680018e+001
1.166741e+003,5.678176e+001
1.167224e+003,5.676296e+001
1.167706e+003,5.674393e+001
1.168188e+003,5.672476e+001
1.168670e+003,5.670541e+001
1.169152e+003,5.668578e+001
1.169634e+003,5.666567e+001
1.170116e+003,5.664505e+001
1.170598e+003,5.662404e+001
1.171081e+003,5.660294e+001
1.171563e+003,5.658208e+001
1.172045e+003,5.656169e+001
1.172527e+003,5.654176e+001
1.173009e+003,5.652217e+001
1.173491e+003,5.650264e+001
1.173973e+003,5.648307e+001
1.174455e+003,5.646355e+001
1.174938e+003,5.644430e+001
1.175420e+003,5.642562e+001
1.175902e+003,5.640760e+001
1.176384e+003,5.639006e+001
1.176866e+003,5.637262e+001
1.177348e+003,5.635480e+001
1.177830e+003,5.633627e+001
1.178313e+003,5.631703e+001
1.178795e+003,5.629741e+001
1.179277e+003,5.627781e+001
1.179759e+003,5.625860e+001
1.180241e+003,5.623988e+001
1.180723e+003,5.622139e+001
1.181205e+003,5.620269e+001
1.181687e+003,5.618338e+001
1.182169e+003,5.616332e+001
1.182652e+003,5.614274e+001
1.183134e+003,5.612207e+001
1.183616e+003,5.610182e+001
1.184098e+003,5.608231e+001
1.184580e+003,5.606367e+001
1.185062e+003,5.604572e+001
1.185544e+003,5.602821e+001
1.186026e+003,5.601089e+001
1.186509e+003,5.599363e+001
1.186991e+003,5.597637e+001
1.187473e+003,5.595906e+001
1.187955e+003,5.594157e+001
1.188437e+003,5.592368e+001
1.188919e+003,5.590520e+001
1.189401e+003,5.588600e+001
1.189883e+003,5.586617e+001
1.190366e+003,5.584592e+001
1.190848e+003,5.582551e+001
1.191330e+003,5.580513e+001
1.191812e+003,5.578474e+001
1.192294e+003,5.576424e+001
1.192776e+003,5.574349e+001
1.193258e+003,5.572256e+001
1.193740e+003,5.570173e+001
1.194223e+003,5.568160e+001
1.194705e+003,5.566277e+001
1.195187e+003,5.564561e+001
1.195669e+003,5.563009e+001
1.196151e+003,5.561571e+001
1.196633e+003,5.560162e+001
1.197115e+003,5.558686e+001
1.197597e+003,5.557066e+001
1.198080e+003,5.555258e+001
1.198562e+003,5.553253e+001
1.199044e+003,5.551072e+001
1.199526e+003,5.548756e+001
1.200008e+003,5.546355e+001
1.200490e+003,5.543921e+001
1.200972e+003,5.541510e+001
1.201454e+003,5.539177e+001
1.201937e+003,5.536969e+001
1.202419e+003,5.534907e+001
1.202901e+003,5.532990e+001
1.203383e+003,5.531181e+001
1.203865e+003,5.529433e+001
1.204347e+003,5.527701e+001
1.204829e+003,5.525967e+001
1.205312e+003,5.524242e+001
1.205794e+003,5.522571e+001
1.206276e+003,5.520995e+001
1.206758e+003,5.519536e+001
1.207240e+003,5.518176e+001
1.207722e+003,5.516856e+001
1.208204e+003,5.515497e+001
1.208686e+003,5.514022e+001
1.209168e+003,5.512387e+001
1.209651e+003,5.510582e+001
1.210133e+003,5.508633e+001
1.210615e+003,5.506574e+001
1.211097e+003,5.504433e+001
1.211579e+003,5.502223e+001
1.212061e+003,5.499939e+001
1.212543e+003,5.497580e+001
1.213025e+003,5.495153e+001
1.213508e+003,5.492693e+001
1.213990e+003,5.490242e+001
1.214472e+003,5.487850e+001
1.214954e+003,5.485559e+001
1.215436e+003,5.483395e+001
1.215918e+003,5.481366e+001
1.216400e+003,5.479477e+001
1.216882e+003,5.477723e+001
1.217365e+003,5.476097e+001
1.217847e+003,5.474575e+001
1.218329e+003,5.473116e+001
1.218811e+003,5.471652e+001
1.219293e+003,5.470117e+001
1.219775e+003,5.468444e+001
1.220257e+003,5.466609e+001
1.220740e+003,5.464616e+001
1.221222e+003,5.462515e+001
1.221704e+003,5.460364e+001
1.222186e+003,5.458215e+001
1.222668e+003,5.456092e+001
1.223150e+003,5.453986e+001
1.223632e+003,5.451874e+001
1.224114e+003,5.449739e+001
1.224596e+003,5.447581e+001
1.225079e+003,5.445430e+001
1.225561e+003,5.443324e+001
1.226043e+003,5.441297e+001
1.226525e+003,5.439354e+001
1.227007e+003,5.437463e+001
1.227489e+003,5.435578e+001
1.227971e+003,5.433651e+001
1.228453e+003,5.431657e+001
1.228936e+003,5.429606e+001
1.229418e+003,5.427544e+001
1.229900e+003,5.425526e+001
1.230382e+003,5.423603e+001
1.230864e+003,5.421802e+001
1.231346e+003,5.420122e+001
1.231828e+003,5.418538e+001
1.232310e+003,5.417017e+001
1.232792e+003,5.415515e+001
1.233275e+003,5.413998e+001
1.233757e+003,5.412430e+001
1.234239e+003,5.410783e+001
1.234721e+003,5.409031e+001
1.235203e+003,5.407160e+001
1.235685e+003,5.405179e+001
1.236167e+003,5.403115e+001
1.236650e+003,5.401007e+001
1.237132e+003,5.398895e+001
1.237614e+003,5.396801e+001
1.238096e+003,5.394726e+001
1.238578e+003,5.392654e+001
1.239060e+003,5.390561e+001
1.239542e+003,5.388442e+001
1.240024e+003,5.386314e+001
1.240507e+003,5.384215e+001
1.240989e+003,5.382193e+001
1.241471e+003,5.380280e+001
1.241953e+003,5.378475e+001
1.242435e+003,5.376756e+001
1.242917e+003,5.375072e+001
1.243399e+003,5.373366e+001
1.243881e+003,5.371599e+001
1.244364e+003,5.369753e+001
1.244846e+003,5.367820e+001
1.245328e+003,5.365806e+001
1.245810e+003,5.363713e+001
1.246292e+003,5.361539e+001
1.246774e+003,5.359290e+001
1.247256e+003,5.356989e+001
1.247738e+003,5.354685e+001
1.248220e+003,5.352446e+001
1.248703e+003,5.350341e+001
1.249185e+003,5.348417e+001
1.249667e+003,5.346680e+001
1.250149e+003,5.345090e+001
1.250631e+003,5.343573e+001
1.251113e+003,5.342044e+001
1.251595e+003,5.340430e+001
1.252078e+003,5.338693e+001
1.252560e+003,5.336824e+001
1.253042e+003,5.334843e+001
1.253524e+003,5.332785e+001
1.254006e+003,5.330682e+001
1.254488e+003,5.328571e+001
1.254970e+003,5.326489e+001
1.255452e+003,5.324471e+001
1.255935e+003,5.322544e+001
1.256417e+003,5.320728e+001
1.256899e+003,5.319018e+001
1.257381e+003,5.317384e+001
1.257863e+003,5.315780e+001
1.258345e+003,5.314161e+001
1.258827e+003,5.312498e+001
1.259309e+003,5.310789e+001
1.259792e+003,5.309065e+001
1.260274e+003,5.307362e+001
1.260756e+003,5.305713e+001
1.261238e+003,5.304124e+001
1.261720e+003,5.302569e+001
1.262202e+003,5.300998e+001
1.262684e+003,5.299363e+001
1.263166e+003,5.297631e+001
1.263648e+003,5.295792e+001
1.264131e+003,5.293860e+001
1.264613e+003,5.291857e+001
1.265095e+003,5.289804e+001
1.265577e+003,5.287713e+001
1.266059e+003,5.285578e+001
1.266541e+003,5.283401e+001
1.267023e+003,5.281187e+001
1.267505e+003,5.278942e+001
1.267988e+003,5.276679e+001
1.268470e+003,5.274405e+001
1.268952e+003,5.272111e+001
1.269434e+003,5.269788e+001
1.269916e+003,5.267426e+001
1.270398e+003,5.265034e+001
1.270880e+003,5.262640e+001
1.271363e+003,5.260297e+001
1.271845e+003,5.258059e+001
1.272327e+003,5.255962e+001
1.272809e+003,5.254015e+001
1.273291e+003,5.252187e+001
1.273773e+003,5.250419e+001
1.274255e+003,5.248648e+001
1.274737e+003,5.246810e+001
1.275219e+003,5.244863e+001
1.275702e+003,5.242791e+001
1.276184e+003,5.240595e+001
1.276666e+003,5.238289e+001
1.277148e+003,5.235912e+001
1.277630e+003,5.233505e+001
1.278112e+003,5.231134e+001
1.278594e+003,5.228862e+001
1.279076e+003,5.226745e+001
1.279559e+003,5.224807e+001
1.280041e+003,5.223034e+001
1.280523e+003,5.221358e+001
1.281005e+003,5.219688e+001
1.281487e+003,5.217924e+001
1.281969e+003,5.215992e+001
1.282451e+003,5.213864e+001
1.282933e+003,5.211561e+001
1.283416e+003,5.209140e+001
1.283898e+003,5.206670e+001
1.284380e+003,5.204214e+001
1.284862e+003,5.201811e+001
1.285344e+003,5.199488e+001
1.285826e+003,5.197256e+001
1.286308e+003,5.195131e+001
1.286791e+003,5.193129e+001
1.287273e+003,5.191248e+001
1.287755e+003,5.189471e+001
1.288237e+003,5.187749e+001
1.288719e+003,5.186009e+001
1.289201e+003,5.184178e+001
1.289683e+003,5.182201e+001
1.290165e+003,5.180061e+001
1.290647e+003,5.177784e+001
1.291130e+003,5.175422e+001
1.291612e+003,5.173041e+001
1.292094e+003,5.170692e+001
1.292576e+003,5.168403e+001
1.293058e+003,5.166177e+001
1.293540e+003,5.164006e+001
1.294022e+003,5.161883e+001
1.294504e+003,5.159805e+001
1.294987e+003,5.157778e+001
1.295469e+003,5.155797e+001
1.295951e+003,5.153851e+001
1.296433e+003,5.151920e+001
1.296915e+003,5.149970e+001
1.297397e+003,5.147987e+001
1.297879e+003,5.145959e+001
1.298361e+003,5.143896e+001
1.298844e+003,5.141810e+001
1.299326e+003,5.139712e+001
1.299808e+003,5.137592e+001
1.300290e+003,5.135433e+001
1.300772e+003,5.133215e+001
1.301254e+003,5.130933e+001
1.301736e+003,5.128601e+001
1.302219e+003,5.126255e+001
1.302701e+003,5.123933e+001
1.303183e+003,5.121661e+001
1.303665e+003,5.119439e+001
1.304147e+003,5.117244e+001
1.304629e+003,5.115031e+001
1.305111e+003,5.112773e+001
1.305593e+003,5.110459e+001
1.306075e+003,5.108113e+001
1.306558e+003,5.105780e+001
1.307040e+003,5.103513e+001
1.307522e+003,5.101346e+001
1.308004e+003,5.099298e+001
1.308486e+003,5.097362e+001
1.308968e+003,5.095520e+001
1.309450e+003,5.093755e+001
1.309932e+003,5.092049e+001
1.310415e+003,5.090386e+001
1.310897e+003,5.088732e+001
1.311379e+003,5.087039e+001
1.311861e+003,5.085238e+001
1.312343e+003,5.083263e+001
1.312825e+003,5.081073e+001
1.313307e+003,5.078664e+001
1.313789e+003,5.076086e+001
1.314272e+003,5.073415e+001
1.314754e+003,5.070741e+001
1.315236e+003,5.068141e+001
1.315718e+003,5.065664e+001
1.316200e+003,5.063327e+001
1.316682e+003,5.061129e+001
1.317164e+003,5.059060e+001
1.317646e+003,5.057111e+001
1.318129e+003,5.055267e+001
1.318611e+003,5.053506e+001
1.319093e+003,5.051790e+001
1.319575e+003,5.050066e+001
1.320057e+003,5.048280e+001
1.320539e+003,5.046392e+001
1.321021e+003,5.044389e+001
1.321503e+003,5.042291e+001
1.321986e+003,5.040140e+001
1.322468e+003,5.037987e+001
1.322950e+003,5.035866e+001
1.323432e+003,5.033795e+001
1.323914e+003,5.031770e+001
1.324396e+003,5.029784e+001
1.324878e+003,5.027832e+001
1.325360e+003,5.025916e+001
1.325843e+003,5.024050e+001
1.326325e+003,5.022237e+001
1.326807e+003,5.020469e+001
1.327289e+003,5.018716e+001
1.327771e+003,5.016934e+001
1.328253e+003,5.015081e+001
1.328735e+003,5.013130e+001
1.329218e+003,5.011074e+001
1.329700e+003,5.008937e+001
1.330182e+003,5.006749e+001
1.330664e+003,5.004542e+001
1.331146e+003,5.002330e+001
1.331628e+003,5.000121e+001
1.332110e+003,4.997903e+001
1.332592e+003,4.995663e+001
1.333074e+003,4.993393e+001
1.333557e+003,4.991080e+001
1.334039e+003,4.988713e+001
1.334521e+003,4.986279e+001
1.335003e+003,4.983757e+001
1.335485e+003,4.981138e+001
1.335967e+003,4.978421e+001
1.336449e+003,4.975633e+001
1.336931e+003,4.972824e+001
1.337414e+003,4.970066e+001
1.337896e+003,4.967442e+001
1.338378e+003,4.965023e+001
1.338860e+003,4.962864e+001
1.339342e+003,4.960987e+001
1.339824e+003,4.959391e+001
1.340306e+003,4.958046e+001
1.340788e+003,4.956900e+001
1.341271e+003,4.955888e+001
1.341753e+003,4.954933e+001
1.342235e+003,4.953951e+001
1.342717e+003,4.952864e+001
1.343199e+003,4.951615e+001
1.343681e+003,4.950172e+001
1.344163e+003,4.948542e+001
1.344646e+003,4.946758e+001
1.345128e+003,4.944872e+001
1.345610e+003,4.942940e+001
1.346092e+003,4.941004e+001
1.346574e+003,4.939094e+001
1.347056e+003,4.937220e+001
1.347538e+003,4.935390e+001
1.348020e+003,4.933605e+001
1.348502e+003,4.931873e+001
1.348985e+003,4.930183e+001
1.349467e+003,4.928518e+001
1.349949e+003,4.926838e+001
1.350431e+003,4.925090e+001
1.350913e+003,4.923231e+001
1.351395e+003,4.921242e+001
1.351877e+003,4.919141e+001
1.352359e+003,4.916982e+001
1.352842e+003,4.914841e+001
1.353324e+003,4.912795e+001
1.353806e+003,4.910899e+001
1.354288e+003,4.909173e+001
1.354770e+003,4.907602e+001
1.355252e+003,4.906158e+001
1.355734e+003,4.904803e+001
1.356216e+003,4.903509e+001
1.356698e+003,4.902249e+001
1.357181e+003,4.901006e+001
1.357663e+003,4.899752e+001
1.358145e+003,4.898457e+001
1.358627e+003,4.897087e+001
1.359109e+003,4.895618e+001
1.359591e+003,4.894053e+001
1.360073e+003,4.892420e+001
1.360556e+003,4.890774e+001
1.361038e+003,4.889188e+001
1.361520e+003,4.887727e+001
1.362002e+003,4.886443e+001
1.362484e+003,4.885349e+001
1.362966e+003,4.884432e+001
1.363448e+003,4.883647e+001
1.363930e+003,4.882937e+001
1.364413e+003,4.882237e+001
1.364895e+003,4.881490e+001
1.365377e+003,4.880645e+001
1.365859e+003,4.879664e+001
1.366341e+003,4.878535e+001
1.366823e+003,4.877273e+001
1.367305e+003,4.875917e+001
1.367787e+003,4.874522e+001
1.368270e+003,4.873144e+001
1.368752e+003,4.871811e+001
1.369234e+003,4.870514e+001
1.369716e+003,4.869213e+001
1.370198e+003,4.867853e+001
1.370680e+003,4.866391e+001
1.371162e+003,4.864816e+001
1.371644e+003,4.863162e+001
1.372126e+003,4.861500e+001
1.372609e+003,4.859917e+001
1.373091e+003,4.858495e+001
1.373573e+003,4.857288e+001
1.374055e+003,4.856302e+001
1.374537e+003,4.855514e+001
1.375019e+003,4.854871e+001
1.375501e+003,4.854323e+001
1.375984e+003,4.853829e+001
1.376466e+003,4.853364e+001
1.376948e+003,4.852913e+001
1.377430e+003,4.852464e+001
1.377912e+003,4.852011e+001
1.378394e+003,4.851552e+001
1.378876e+003,4.851091e+001
1.379358e+003,4.850640e+001
1.379841e+003,4.850201e+001
1.380323e+003,4.849765e+001
1.380805e+003,4.849297e+001
1.381287e+003,4.848743e+001
1.381769e+003,4.848038e+001
1.382251e+003,4.847130e+001
1.382733e+003,4.845987e+001
1.383215e+003,4.844617e+001
1.383698e+003,4.843063e+001
1.384180e+003,4.841391e+001
1.384662e+003,4.839680e+001
1.385144e+003,4.838013e+001
1.385626e+003,4.836469e+001
1.386108e+003,4.835109e+001
1.386590e+003,4.833978e+001
1.387072e+003,4.833083e+001
1.387554e+003,4.832376e+001
1.388037e+003,4.831764e+001
1.388519e+003,4.831119e+001
1.389001e+003,4.830310e+001
1.389483e+003,4.829233e+001
1.389965e+003,4.827840e+001
1.390447e+003,4.826140e+001
1.390929e+003,4.824187e+001
1.391411e+003,4.822071e+001
1.391894e+003,4.819884e+001
1.392376e+003,4.817714e+001
1.392858e+003,4.815621e+001
1.393340e+003,4.813633e+001
1.393822e+003,4.811753e+001
1.394304e+003,4.809957e+001
1.394786e+003,4.808210e+001
1.395269e+003,4.806469e+001
1.395751e+003,4.804695e+001
1.396233e+003,4.802859e+001
1.396715e+003,4.800947e+001
1.397197e+003,4.798960e+001
1.397679e+003,4.796924e+001
1.398161e+003,4.794880e+001
1.398643e+003,4.792868e+001
1.399125e+003,4.790910e+001
1.399608e+003,4.788988e+001
1.400090e+003,4.787049e+001
1.400572e+003,4.785021e+001
1.401054e+003,4.782838e+001
1.401536e+003,4.780469e+001
1.402018e+003,4.777930e+001
1.402500e+003,4.775282e+001
1.402982e+003,4.772610e+001
1.403465e+003,4.770010e+001
1.403947e+003,4.767552e+001
1.404429e+003,4.765266e+001
1.404911e+003,4.763136e+001
1.405393e+003,4.761104e+001
1.405875e+003,4.759105e+001
1.406357e+003,4.757079e+001
1.406839e+003,4.754988e+001
1.407322e+003,4.752816e+001
1.407804e+003,4.750557e+001
1.408286e+003,4.748220e+001
1.408768e+003,4.745817e+001
1.409250e+003,4.743377e+001
1.409732e+003,4.740934e+001
1.410214e+003,4.738531e+001
1.410697e+003,4.736195e+001
1.411179e+003,4.733934e+001
1.411661e+003,4.731716e+001
1.412143e+003,4.729479e+001
1.412625e+003,4.727143e+001
1.413107e+003,4.724633e+001
1.413589e+003,4.721893e+001
1.414071e+003,4.718899e+001
1.414553e+003,4.715655e+001
1.415036e+003,4.712184e+001
1.415518e+003,4.708518e+001
1.416000e+003,4.704699e+001
1.416482e+003,4.700793e+001
1.416964e+003,4.696897e+001
1.417446e+003,4.693148e+001
1.417928e+003,4.689712e+001
1.418410e+003,4.686732e+001
1.418893e+003,4.684263e+001
1.419375e+003,4.682233e+001
1.419857e+003,4.680464e+001
1.420339e+003,4.678741e+001
1.420821e+003,4.676906e+001
1.421303e+003,4.674893e+001
1.421785e+003,4.672722e+001
1.422267e+003,4.670463e+001
1.422750e+003,4.668192e+001
1.423232e+003,4.665955e+001
1.423714e+003,4.663750e+001
1.424196e+003,4.661522e+001
1.424678e+003,4.659192e+001
1.425160e+003,4.656689e+001
1.425642e+003,4.653978e+001
1.426125e+003,4.651062e+001
1.426607e+003,4.647986e+001
1.427089e+003,4.644809e+001
1.427571e+003,4.641608e+001
1.428053e+003,4.638457e+001
1.428535e+003,4.635437e+001
1.429017e+003,4.632621e+001
1.429499e+003,4.630062e+001
1.429981e+003,4.627769e+001
1.430464e+003,4.625689e+001
1.430946e+003,4.623710e+001
1.431428e+003,4.621679e+001
1.431910e+003,4.619449e+001
1.432392e+003,4.616911e+001
1.432874e+003,4.614027e+001
1.433356e+003,4.610832e+001
1.433838e+003,4.607434e+001
1.434321e+003,4.603997e+001
1.434803e+003,4.600723e+001
1.435285e+003,4.597821e+001
1.435767e+003,4.595462e+001
1.436249e+003,4.593721e+001
1.436731e+003,4.592539e+001
1.437213e+003,4.591727e+001
1.437696e+003,4.591031e+001
1.438177e+003,4.590219e+001
1.438660e+003,4.589133e+001
1.439142e+003,4.587705e+001
1.439624e+003,4.585930e+001
1.440106e+003,4.583852e+001
1.440588e+003,4.581538e+001
1.441070e+003,4.579066e+001
1.441552e+003,4.576507e+001
1.442035e+003,4.573904e+001
1.442517e+003,4.571268e+001
1.442999e+003,4.568578e+001
1.443481e+003,4.565789e+001
1.443963e+003,4.562858e+001
1.444445e+003,4.559763e+001
1.444927e+003,4.556515e+001
1.445409e+003,4.553160e+001
1.445892e+003,4.549762e+001
1.446374e+003,4.546392e+001
1.446856e+003,4.543110e+001
1.447338e+003,4.539951e+001
1.447820e+003,4.536920e+001
1.448302e+003,4.534005e+001
1.448784e+003,4.531173e+001
1.449266e+003,4.528388e+001
1.449749e+003,4.525610e+001
1.450231e+003,4.522793e+001
1.450713e+003,4.519887e+001
1.451195e+003,4.516844e+001
1.451677e+003,4.513622e+001
1.452159e+003,4.510190e+001
1.452641e+003,4.506533e+001
1.453124e+003,4.502653e+001
1.453605e+003,4.498569e+001
1.454088e+003,4.494316e+001
1.454570e+003,4.489972e+001
1.455052e+003,4.485681e+001
1.455534e+003,4.481697e+001
1.456016e+003,4.478387e+001
1.456498e+003,4.476165e+001
1.456980e+003,4.475306e+001
1.457463e+003,4.475755e+001
1.457945e+003,4.477073e+001
1.458427e+003,4.478638e+001
1.458909e+003,4.479912e+001
1.459391e+003,4.480589e+001
1.459873e+003,4.480579e+001
1.460355e+003,4.479939e+001
1.460837e+003,4.478788e+001
1.461320e+003,4.477271e+001
1.461802e+003,4.475533e+001
1.462284e+003,4.473715e+001
1.462766e+003,4.471960e+001
1.463248e+003,4.470406e+001
1.463730e+003,4.469174e+001
1.464212e+003,4.468337e+001
1.464694e+003,4.467880e+001
1.465177e+003,4.467690e+001
1.465659e+003,4.467568e+001
1.466141e+003,4.467299e+001
1.466623e+003,4.466695e+001
1.467105e+003,4.465651e+001
1.467587e+003,4.464129e+001
1.468069e+003,4.462156e+001
1.468552e+003,4.459790e+001
1.469033e+003,4.457111e+001
1.469516e+003,4.454202e+001
1.469998e+003,4.451167e+001
1.470480e+003,4.448132e+001
1.470962e+003,4.445255e+001
1.471444e+003,4.442729e+001
1.471926e+003,4.440739e+001
1.472408e+003,4.439397e+001
1.472891e+003,4.438686e+001
1.473373e+003,4.438457e+001
1.473855e+003,4.438497e+001
1.474337e+003,4.438604e+001
1.474819e+003,4.438651e+001
1.475301e+003,4.438593e+001
1.475783e+003,4.438427e+001
1.476265e+003,4.438157e+001
1.476748e+003,4.437766e+001
1.477230e+003,4.437209e+001
1.477712e+003,4.436430e+001
1.478194e+003,4.435398e+001
1.478676e+003,4.434119e+001
1.479158e+003,4.432655e+001
1.479640e+003,4.431100e+001
1.480122e+003,4.429565e+001
1.480604e+003,4.428128e+001
1.481087e+003,4.426817e+001
1.481569e+003,4.425579e+001
1.482051e+003,4.424310e+001
1.482533e+003,4.422878e+001
1.483015e+003,4.421169e+001
1.483497e+003,4.419121e+001
1.483979e+003,4.416719e+001
1.484461e+003,4.413995e+001
1.484944e+003,4.411007e+001
1.485426e+003,4.407829e+001
1.485908e+003,4.404535e+001
1.486390e+003,4.401220e+001
1.486872e+003,4.397989e+001
1.487354e+003,4.394981e+001
1.487836e+003,4.392353e+001
1.488319e+003,4.390256e+001
1.488801e+003,4.388793e+001
1.489283e+003,4.387966e+001
1.489765e+003,4.387650e+001
1.490247e+003,4.387605e+001
1.490729e+003,4.387545e+001
1.491211e+003,4.387217e+001
1.491693e+003,4.386454e+001
1.492176e+003,4.385189e+001
1.492658e+003,4.383432e+001
1.493140e+003,4.381243e+001
1.493622e+003,4.378711e+001
1.494104e+003,4.375949e+001
1.494586e+003,4.373091e+001
1.495068e+003,4.370291e+001
1.495550e+003,4.367703e+001
1.496032e+003,4.365453e+001
1.496515e+003,4.363609e+001
1.496997e+003,4.362144e+001
1.497479e+003,4.360965e+001
1.497961e+003,4.359940e+001
1.498443e+003,4.358939e+001
1.498925e+003,4.357861e+001
1.499407e+003,4.356630e+001
1.499890e+003,4.355177e+001
1.500372e+003,4.353430e+001
1.500854e+003,4.351312e+001
1.501336e+003,4.348754e+001
1.501818e+003,4.345705e+001
1.502300e+003,4.342142e+001
1.502782e+003,4.338074e+001
1.503264e+003,4.333530e+001
1.503747e+003,4.328566e+001
1.504229e+003,4.323271e+001
1.504711e+003,4.317799e+001
1.505193e+003,4.312430e+001
1.505675e+003,4.307614e+001
1.506157e+003,4.303926e+001
1.506639e+003,4.301849e+001
1.507121e+003,4.301438e+001
1.507604e+003,4.302216e+001
1.508086e+003,4.303426e+001
1.508568e+003,4.304428e+001
1.509050e+003,4.304873e+001
1.509532e+003,4.304663e+001
1.510014e+003,4.303844e+001
1.510496e+003,4.302510e+001
1.510979e+003,4.300752e+001
1.511460e+003,4.298634e+001
1.511943e+003,4.296182e+001
1.512425e+003,4.293403e+001
1.512907e+003,4.290294e+001
1.513389e+003,4.286870e+001
1.513871e+003,4.283171e+001
1.514353e+003,4.279269e+001
1.514835e+003,4.275261e+001
1.515318e+003,4.271246e+001
1.515800e+003,4.267303e+001
1.516282e+003,4.263467e+001
1.516764e+003,4.259714e+001
1.517246e+003,4.255981e+001
1.517728e+003,4.252197e+001
1.518210e+003,4.248320e+001
1.518692e+003,4.244364e+001
1.519175e+003,4.240403e+001
1.519657e+003,4.236557e+001
1.520139e+003,4.232974e+001
1.520621e+003,4.229792e+001
1.521103e+003,4.227085e+001
1.521585e+003,4.224818e+001
1.522067e+003,4.222850e+001
1.522549e+003,4.220984e+001
1.523031e+003,4.219048e+001
1.523514e+003,4.216939e+001
1.523996e+003,4.214643e+001
1.524478e+003,4.212200e+001
1.524960e+003,4.209691e+001
1.525442e+003,4.207203e+001
1.525924e+003,4.204808e+001
1.526406e+003,4.202536e+001
1.526888e+003,4.200364e+001
1.527371e+003,4.198223e+001
1.527853e+003,4.196017e+001
1.528335e+003,4.193653e+001
1.528817e+003,4.191074e+001
1.529299e+003,4.188268e+001
1.529781e+003,4.185270e+001
1.530263e+003,4.182149e+001
1.530746e+003,4.179010e+001
1.531228e+003,4.175975e+001
1.531710e+003,4.173184e+001
1.532192e+003,4.170764e+001
1.532674e+003,4.168790e+001
1.533156e+003,4.167234e+001
1.533638e+003,4.165931e+001
1.534120e+003,4.164609e+001
1.534603e+003,4.162973e+001
1.535085e+003,4.160786e+001
1.535567e+003,4.157910e+001
1.536049e+003,4.154295e+001
1.536531e+003,4.149958e+001
1.537013e+003,4.144970e+001
1.537495e+003,4.139456e+001
1.537977e+003,4.133623e+001
1.538459e+003,4.127795e+001
1.538942e+003,4.122424e+001
1.539424e+003,4.118026e+001
1.539906e+003,4.114998e+001
1.540388e+003,4.113400e+001
1.540870e+003,4.112912e+001
1.541352e+003,4.113023e+001
1.541834e+003,4.113284e+001
1.542316e+003,4.113436e+001
1.542799e+003,4.113373e+001
1.543281e+003,4.113070e+001
1.543763e+003,4.112511e+001
1.544245e+003,4.111668e+001
1.544727e+003,4.110493e+001
1.545209e+003,4.108941e+001
1.545691e+003,4.106975e+001
1.546174e+003,4.104584e+001
1.546656e+003,4.101778e+001
1.547138e+003,4.098593e+001
1.547620e+003,4.095086e+001
1.548102e+003,4.091351e+001
1.548584e+003,4.087500e+001
1.549066e+003,4.083670e+001
1.549548e+003,4.079977e+001
1.550031e+003,4.076495e+001
1.550513e+003,4.073224e+001
1.550995e+003,4.070096e+001
1.551477e+003,4.066993e+001
1.551959e+003,4.063794e+001
1.552441e+003,4.060393e+001
1.552923e+003,4.056725e+001
1.553405e+003,4.052763e+001
1.553887e+003,4.048506e+001
1.554370e+003,4.043966e+001
1.554852e+003,4.039153e+001
1.555334e+003,4.034069e+001
1.555816e+003,4.028731e+001
1.556298e+003,4.023184e+001
1.556780e+003,4.017563e+001
1.557262e+003,4.012150e+001
1.557744e+003,4.007430e+001
1.558227e+003,4.004024e+001
1.558709e+003,4.002380e+001
1.559191e+003,4.002331e+001
1.559673e+003,4.003047e+001
1.560155e+003,4.003571e+001
1.560637e+003,4.003333e+001
1.561119e+003,4.002215e+001
1.561602e+003,4.000336e+001
1.562083e+003,3.997876e+001
1.562566e+003,3.995000e+001
1.563048e+003,3.991835e+001
1.563530e+003,3.988491e+001
1.564012e+003,3.985061e+001
1.564494e+003,3.981624e+001
1.564976e+003,3.978236e+001
1.565458e+003,3.974920e+001
1.565941e+003,3.971661e+001
1.566423e+003,3.968419e+001
1.566905e+003,3.965157e+001
1.567387e+003,3.961864e+001
1.567869e+003,3.958575e+001
1.568351e+003,3.955372e+001
1.568833e+003,3.952359e+001
1.569315e+003,3.949618e+001
1.569798e+003,3.947149e+001
1.570280e+003,3.944861e+001
1.570762e+003,3.942598e+001
1.571244e+003,3.940208e+001
1.571726e+003,3.937583e+001
1.572208e+003,3.934679e+001
1.572690e+003,3.931493e+001
1.573172e+003,3.928056e+001
1.573655e+003,3.924411e+001
1.574137e+003,3.920624e+001
1.574619e+003,3.916793e+001
1.575101e+003,3.913067e+001
1.575583e+003,3.909628e+001
1.576065e+003,3.906647e+001
1.576547e+003,3.904201e+001
1.577030e+003,3.902225e+001
1.577511e+003,3.900538e+001
1.577994e+003,3.898921e+001
1.578476e+003,3.897191e+001
1.578958e+003,3.895237e+001
1.579440e+003,3.893023e+001
1.579922e+003,3.890572e+001
1.580404e+003,3.887944e+001
1.580886e+003,3.885217e+001
1.581369e+003,3.882472e+001
1.581851e+003,3.879773e+001
1.582333e+003,3.877161e+001
1.582815e+003,3.874657e+001
1.583297e+003,3.872258e+001
1.583779e+003,3.869946e+001
1.584261e+003,3.867689e+001
1.584743e+003,3.865446e+001
1.585226e+003,3.863172e+001
1.585708e+003,3.860825e+001
1.586190e+003,3.858387e+001
1.586672e+003,3.855868e+001
1.587154e+003,3.853307e+001
1.587636e+003,3.850764e+001
1.588118e+003,3.848301e+001
1.588600e+003,3.845958e+001
1.589083e+003,3.843740e+001
1.589565e+003,3.841624e+001
1.590047e+003,3.839567e+001
1.590529e+003,3.837534e+001
1.591011e+003,3.835515e+001
1.591493e+003,3.833530e+001
1.591975e+003,3.831622e+001
1.592458e+003,3.829840e+001
1.592939e+003,3.828209e+001
1.593422e+003,3.826733e+001
1.593904e+003,3.825374e+001
1.594386e+003,3.824082e+001
1.594868e+003,3.822795e+001
1.595350e+003,3.821461e+001
1.595832e+003,3.820038e+001
1.596314e+003,3.818502e+001
1.596797e+003,3.816835e+001
1.597279e+003,3.815038e+001
1.597761e+003,3.813116e+001
1.598243e+003,3.811097e+001
1.598725e+003,3.809016e+001
1.599207e+003,3.806926e+001
1.599689e+003,3.804867e+001
1.600171e+003,3.802864e+001
1.600654e+003,3.800918e+001
1.601136e+003,3.799002e+001
1.601618e+003,3.797079e+001
1.602100e+003,3.795112e+001
1.602582e+003,3.793078e+001
1.603064e+003,3.790976e+001
1.603546e+003,3.788813e+001
1.604028e+003,3.786600e+001
1.604510e+003,3.784345e+001
1.604993e+003,3.782047e+001
1.605475e+003,3.779708e+001
1.605957e+003,3.777345e+001
1.606439e+003,3.774991e+001
1.606921e+003,3.772696e+001
1.607403e+003,3.770513e+001
1.607885e+003,3.768483e+001
1.608367e+003,3.766616e+001
1.608850e+003,3.764890e+001
1.609332e+003,3.763250e+001
1.609814e+003,3.761632e+001
1.610296e+003,3.759970e+001
1.610778e+003,3.758206e+001
1.611260e+003,3.756288e+001
1.611742e+003,3.754169e+001
1.612225e+003,3.751803e+001
1.612707e+003,3.749156e+001
1.613189e+003,3.746219e+001
1.613671e+003,3.743022e+001
1.614153e+003,3.739653e+001
1.614635e+003,3.736269e+001
1.615117e+003,3.733088e+001
1.615599e+003,3.730350e+001
1.616082e+003,3.728243e+001
1.616564e+003,3.726810e+001
1.617046e+003,3.725904e+001
1.617528e+003,3.725239e+001
1.618010e+003,3.724505e+001
1.618492e+003,3.723479e+001
1.618974e+003,3.722055e+001
1.619456e+003,3.720222e+001
1.619938e+003,3.718018e+001
1.620421e+003,3.715508e+001
1.620903e+003,3.712764e+001
1.621385e+003,3.709878e+001
1.621867e+003,3.706957e+001
1.622349e+003,3.704115e+001
1.622831e+003,3.701447e+001
1.623313e+003,3.698995e+001
1.623796e+003,3.696729e+001
1.624278e+003,3.694559e+001
1.624760e+003,3.692384e+001
1.625242e+003,3.690135e+001
1.625724e+003,3.687801e+001
1.626206e+003,3.685435e+001
1.626688e+003,3.683127e+001
1.627170e+003,3.680970e+001
1.627653e+003,3.679028e+001
1.628135e+003,3.677299e+001
1.628617e+003,3.675720e+001
1.629099e+003,3.674185e+001
1.629581e+003,3.672575e+001
1.630063e+003,3.670801e+001
1.630545e+003,3.668805e+001
1.631027e+003,3.666566e+001
1.631510e+003,3.664083e+001
1.631992e+003,3.661371e+001
1.632474e+003,3.658451e+001
1.632956e+003,3.655363e+001
1.633438e+003,3.652172e+001
1.633920e+003,3.648988e+001
1.634402e+003,3.645959e+001
1.634885e+003,3.643258e+001
1.635366e+003,3.641016e+001
1.635849e+003,3.639260e+001
1.636331e+003,3.637881e+001
1.636813e+003,3.636705e+001
1.637295e+003,3.635563e+001
1.637777e+003,3.634356e+001
1.638259e+003,3.633047e+001
1.638741e+003,3.631630e+001
1.639224e+003,3.630103e+001
1.639706e+003,3.628449e+001
1.640188e+003,3.626640e+001
1.640670e+003,3.624648e+001
1.641152e+003,3.622454e+001
1.641634e+003,3.620051e+001
1.642116e+003,3.617444e+001
1.642598e+003,3.614644e+001
1.643081e+003,3.611658e+001
1.643563e+003,3.608499e+001
1.644045e+003,3.605194e+001
1.644527e+003,3.601820e+001
1.645009e+003,3.598513e+001
1.645491e+003,3.595488e+001
1.645973e+003,3.592979e+001
1.646455e+003,3.591143e+001
1.646938e+003,3.589946e+001
1.647420e+003,3.589131e+001
1.647902e+003,3.588326e+001
1.648384e+003,3.587208e+001
1.648866e+003,3.585590e+001
1.649348e+003,3.583438e+001
1.649830e+003,3.580818e+001
1.650313e+003,3.577855e+001
1.650794e+003,3.574706e+001
1.651277e+003,3.571577e+001
1.651759e+003,3.568739e+001
1.652241e+003,3.566524e+001
1.652723e+003,3.565222e+001
1.653205e+003,3.564871e+001
1.653687e+003,3.565131e+001
1.654169e+003,3.565464e+001
1.654652e+003,3.565448e+001
1.655134e+003,3.564925e+001
1.655616e+003,3.563922e+001
1.656098e+003,3.562541e+001
1.656580e+003,3.560882e+001
1.657062e+003,3.559022e+001
1.657544e+003,3.557001e+001
1.658026e+003,3.554837e+001
1.658509e+003,3.552518e+001
1.658991e+003,3.550031e+001
1.659473e+003,3.547374e+001
1.659955e+003,3.544573e+001
1.660437e+003,3.541704e+001
1.660919e+003,3.538890e+001
1.661401e+003,3.536280e+001
1.661883e+003,3.534012e+001
1.662365e+003,3.532156e+001
1.662848e+003,3.530672e+001
1.663330e+003,3.529414e+001
1.663812e+003,3.528178e+001
1.664294e+003,3.526771e+001
1.664776e+003,3.525059e+001
1.665258e+003,3.522985e+001
1.665740e+003,3.520551e+001
1.666222e+003,3.517803e+001
1.666705e+003,3.514814e+001
1.667187e+003,3.511691e+001
1.667669e+003,3.508572e+001
1.668151e+003,3.505631e+001
1.668633e+003,3.503045e+001
1.669115e+003,3.500940e+001
1.669597e+003,3.499327e+001
1.670080e+003,3.498071e+001
1.670562e+003,3.496931e+001
1.671044e+003,3.495661e+001
1.671526e+003,3.494089e+001
1.672008e+003,3.492156e+001
1.672490e+003,3.489917e+001
1.672972e+003,3.487493e+001
1.673454e+003,3.485048e+001
1.673937e+003,3.482737e+001
1.674419e+003,3.480673e+001
1.674901e+003,3.478879e+001
1.675383e+003,3.477285e+001
1.675865e+003,3.475757e+001
1.676347e+003,3.474148e+001
1.676829e+003,3.472353e+001
1.677311e+003,3.470325e+001
1.677793e+003,3.468060e+001
1.678276e+003,3.465569e+001
1.678758e+003,3.462865e+001
1.679240e+003,3.459957e+001
1.679722e+003,3.456848e+001
1.680204e+003,3.453552e+001
1.680686e+003,3.450103e+001
1.681168e+003,3.446577e+001
1.681650e+003,3.443102e+001
1.682133e+003,3.439885e+001
1.682615e+003,3.437220e+001
1.683097e+003,3.435447e+001
1.683579e+003,3.434824e+001
1.684061e+003,3.435333e+001
1.684543e+003,3.436559e+001
1.685025e+003,3.437839e+001
1.685508e+003,3.438573e+001
1.685990e+003,3.438450e+001
1.686472e+003,3.437451e+001
1.686954e+003,3.435741e+001
1.687436e+003,3.433556e+001
1.687918e+003,3.431144e+001
1.688400e+003,3.428720e+001
1.688882e+003,3.426442e+001
1.689365e+003,3.424386e+001
1.689847e+003,3.422533e+001
1.690329e+003,3.420783e+001
1.690811e+003,3.418997e+001
1.691293e+003,3.417042e+001
1.691775e+003,3.414832e+001
1.692257e+003,3.412340e+001
1.692739e+003,3.409594e+001
1.693221e+003,3.406660e+001
1.693704e+003,3.403637e+001
1.694186e+003,3.400628e+001
1.694668e+003,3.397738e+001
1.695150e+003,3.395042e+001
1.695632e+003,3.392559e+001
1.696114e+003,3.390240e+001
1.696596e+003,3.388000e+001
1.697078e+003,3.385762e+001
1.697561e+003,3.383511e+001
1.698043e+003,3.381310e+001
1.698525e+003,3.379295e+001
1.699007e+003,3.377626e+001
1.699489e+003,3.376416e+001
1.699971e+003,3.375619e+001
1.700453e+003,3.374994e+001
1.700936e+003,3.374172e+001
1.701417e+003,3.372843e+001
1.701900e+003,3.370874e+001
1.702382e+003,3.368320e+001
1.702864e+003,3.365354e+001
1.703346e+003,3.362201e+001
1.703828e+003,3.359082e+001
1.704310e+003,3.356192e+001
1.704792e+003,3.353659e+001
1.705275e+003,3.351524e+001
1.705757e+003,3.349726e+001
1.706239e+003,3.348128e+001
1.706721e+003,3.346569e+001
1.707203e+003,3.344918e+001
1.707685e+003,3.343096e+001
1.708167e+003,3.341079e+001
1.708649e+003,3.338866e+001
1.709132e+003,3.336463e+001
1.709614e+003,3.333869e+001
1.710096e+003,3.331078e+001
1.710578e+003,3.328087e+001
1.711060e+003,3.324892e+001
1.711542e+003,3.321503e+001
1.712024e+003,3.317937e+001
1.712506e+003,3.314214e+001
1.712989e+003,3.310361e+001
1.713471e+003,3.306419e+001
1.713953e+003,3.302451e+001
1.714435e+003,3.298550e+001
1.714917e+003,3.294841e+001
1.715399e+003,3.291474e+001
1.715881e+003,3.288602e+001
1.716364e+003,3.286337e+001
1.716845e+003,3.284702e+001
1.717328e+003,3.283595e+001
1.717810e+003,3.282800e+001
1.718292e+003,3.282051e+001
1.718774e+003,3.281121e+001
1.719256e+003,3.279876e+001
1.719738e+003,3.278273e+001
1.720220e+003,3.276331e+001
1.720703e+003,3.274103e+001
1.721185e+003,3.271654e+001
1.721667e+003,3.269056e+001
1.722149e+003,3.266383e+001
1.722631e+003,3.263706e+001
1.723113e+003,3.261077e+001
1.723595e+003,3.258517e+001
1.724077e+003,3.256009e+001
1.724560e+003,3.253505e+001
1.725042e+003,3.250939e+001
1.725524e+003,3.248262e+001
1.726006e+003,3.245446e+001
1.726488e+003,3.242493e+001
1.726970e+003,3.239428e+001
1.727452e+003,3.236278e+001
1.727934e+003,3.233052e+001
1.728417e+003,3.229741e+001
1.728899e+003,3.226313e+001
1.729381e+003,3.222736e+001
1.729863e+003,3.218993e+001
1.730345e+003,3.215105e+001
1.730827e+003,3.211134e+001
1.731309e+003,3.207190e+001
1.731792e+003,3.203425e+001
1.732273e+003,3.200026e+001
1.732756e+003,3.197192e+001
1.733238e+003,3.195072e+001
1.733720e+003,3.193675e+001
1.734202e+003,3.192807e+001
1.734684e+003,3.192113e+001
1.735166e+003,3.191220e+001
1.735648e+003,3.189868e+001
1.736131e+003,3.187967e+001
1.736613e+003,3.185555e+001
1.737095e+003,3.182743e+001
1.737577e+003,3.179679e+001
1.738059e+003,3.176518e+001
1.738541e+003,3.173400e+001
1.739023e+003,3.170432e+001
1.739505e+003,3.167658e+001
1.739988e+003,3.165059e+001
1.740470e+003,3.162560e+001
1.740952e+003,3.160081e+001
1.741434e+003,3.157572e+001
1.741916e+003,3.155021e+001
1.742398e+003,3.152450e+001
1.742880e+003,3.149889e+001
1.743362e+003,3.147343e+001
1.743844e+003,3.144790e+001
1.744327e+003,3.142177e+001
1.744809e+003,3.139439e+001
1.745291e+003,3.136535e+001
1.745773e+003,3.133457e+001
1.746255e+003,3.130241e+001
1.746737e+003,3.126966e+001
1.747219e+003,3.123734e+001
1.747702e+003,3.120663e+001
1.748184e+003,3.117871e+001
1.748666e+003,3.115463e+001
1.749148e+003,3.113522e+001
1.749630e+003,3.112090e+001
1.750112e+003,3.111137e+001
1.750594e+003,3.110548e+001
1.751076e+003,3.110126e+001
1.751559e+003,3.109638e+001
1.752041e+003,3.108870e+001
1.752523e+003,3.107682e+001
1.753005e+003,3.106031e+001
1.753487e+003,3.103963e+001
1.753969e+003,3.101576e+001
1.754451e+003,3.098996e+001
1.754933e+003,3.096344e+001
1.755416e+003,3.093716e+001
1.755898e+003,3.091174e+001
1.756380e+003,3.088732e+001
1.756862e+003,3.086368e+001
1.757344e+003,3.084038e+001
1.757826e+003,3.081694e+001
1.758308e+003,3.079309e+001
1.758791e+003,3.076879e+001
1.759272e+003,3.074430e+001
1.759755e+003,3.072017e+001
1.760237e+003,3.069712e+001
1.760719e+003,3.067589e+001
1.761201e+003,3.065707e+001
1.761683e+003,3.064070e+001
1.762165e+003,3.062617e+001
1.762647e+003,3.061230e+001
1.763130e+003,3.059765e+001
1.763612e+003,3.058100e+001
1.764094e+003,3.056164e+001
1.764576e+003,3.053946e+001
1.765058e+003,3.051486e+001
1.765540e+003,3.048857e+001
1.766022e+003,3.046144e+001
1.766504e+003,3.043422e+001
1.766987e+003,3.040747e+001
1.767469e+003,3.038144e+001
1.767951e+003,3.035623e+001
1.768433e+003,3.033176e+001
1.768915e+003,3.030809e+001
1.769397e+003,3.028542e+001
1.769879e+003,3.026411e+001
1.770361e+003,3.024464e+001
1.770844e+003,3.022739e+001
1.771326e+003,3.021256e+001
1.771808e+003,3.019999e+001
1.772290e+003,3.018918e+001
1.772772e+003,3.017941e+001
1.773254e+003,3.016993e+001
1.773736e+003,3.016018e+001
1.774219e+003,3.014972e+001
1.774700e+003,3.013824e+001
1.775183e+003,3.012547e+001
1.775665e+003,3.011117e+001
1.776147e+003,3.009513e+001
1.776629e+003,3.007728e+001
1.777111e+003,3.005765e+001
1.777593e+003,3.003646e+001
1.778075e+003,3.001405e+001
1.778558e+003,2.999092e+001
1.779040e+003,2.996755e+001
1.779522e+003,2.994447e+001
1.780004e+003,2.992210e+001
1.780486e+003,2.990074e+001
1.780968e+003,2.988048e+001
1.781450e+003,2.986124e+001
1.781932e+003,2.984280e+001
1.782415e+003,2.982496e+001
1.782897e+003,2.980756e+001
1.783379e+003,2.979060e+001
1.783861e+003,2.977418e+001
1.784343e+003,2.975842e+001
1.784825e+003,2.974329e+001
1.785307e+003,2.972851e+001
1.785789e+003,2.971354e+001
1.786271e+003,2.969765e+001
1.786754e+003,2.968009e+001
1.787236e+003,2.966038e+001
1.787718e+003,2.963839e+001
1.788200e+003,2.961443e+001
1.788682e+003,2.958913e+001
1.789164e+003,2.956348e+001
1.789646e+003,2.953858e+001
1.790128e+003,2.951554e+001
1.790611e+003,2.949531e+001
1.791093e+003,2.947849e+001
1.791575e+003,2.946497e+001
1.792057e+003,2.945398e+001
1.792539e+003,2.944406e+001
1.793021e+003,2.943351e+001
1.793503e+003,2.942085e+001
1.793986e+003,2.940523e+001
1.794468e+003,2.938645e+001
1.794950e+003,2.936494e+001
1.795432e+003,2.934151e+001
1.795914e+003,2.931713e+001
1.796396e+003,2.929272e+001
1.796878e+003,2.926898e+001
1.797360e+003,2.924631e+001
1.797843e+003,2.922490e+001
1.798325e+003,2.920470e+001
1.798807e+003,2.918567e+001
1.799289e+003,2.916780e+001
1.799771e+003,2.915124e+001
1.800253e+003,2.913610e+001
1.800735e+003,2.912241e+001
1.801217e+003,2.910992e+001
1.801699e+003,2.909820e+001
1.802182e+003,2.908660e+001
1.802664e+003,2.907453e+001
1.803146e+003,2.906153e+001
1.803628e+003,2.904735e+001
1.804110e+003,2.903188e+001
1.804592e+003,2.901509e+001
1.805074e+003,2.899695e+001
1.805556e+003,2.897745e+001
1.806039e+003,2.895658e+001
1.806521e+003,2.893451e+001
1.807003e+003,2.891156e+001
1.807485e+003,2.888826e+001
1.807967e+003,2.886525e+001
1.808449e+003,2.884319e+001
1.808931e+003,2.882259e+001
1.809414e+003,2.880376e+001
1.809896e+003,2.878668e+001
1.810378e+003,2.877109e+001
1.810860e+003,2.875656e+001
1.811342e+003,2.874244e+001
1.811824e+003,2.872808e+001
1.812306e+003,2.871279e+001
1.812788e+003,2.869601e+001
1.813271e+003,2.867731e+001
1.813753e+003,2.865658e+001
1.814235e+003,2.863397e+001
1.814717e+003,2.861001e+001
1.815199e+003,2.858538e+001
1.815681e+003,2.856088e+001
1.816163e+003,2.853716e+001
1.816645e+003,2.851457e+001
1.817127e+003,2.849316e+001
1.817610e+003,2.847269e+001
1.818092e+003,2.845276e+001
1.818574e+003,2.843299e+001
1.819056e+003,2.841307e+001
1.819538e+003,2.839281e+001
1.820020e+003,2.837207e+001
1.820502e+003,2.835072e+001
1.820984e+003,2.832864e+001
1.821467e+003,2.830581e+001
1.821949e+003,2.828235e+001
1.822431e+003,2.825858e+001
1.822913e+003,2.823502e+001
1.823395e+003,2.821216e+001
1.823877e+003,2.819036e+001
1.824359e+003,2.816954e+001
1.824842e+003,2.814919e+001
1.825323e+003,2.812842e+001
1.825806e+003,2.810638e+001
1.826288e+003,2.808249e+001
1.826770e+003,2.805678e+001
1.827252e+003,2.802983e+001
1.827734e+003,2.800266e+001
1.828216e+003,2.797652e+001
1.828698e+003,2.795250e+001
1.829181e+003,2.793131e+001
1.829663e+003,2.791299e+001
1.830145e+003,2.789684e+001
1.830627e+003,2.788167e+001
1.831109e+003,2.786609e+001
1.831591e+003,2.784900e+001
1.832073e+003,2.782972e+001
1.832555e+003,2.780809e+001
1.833038e+003,2.778436e+001
1.833520e+003,2.775905e+001
1.834002e+003,2.773288e+001
1.834484e+003,2.770653e+001
1.834966e+003,2.768063e+001
1.835448e+003,2.765554e+001
1.835930e+003,2.763136e+001
1.836412e+003,2.760792e+001
1.836895e+003,2.758483e+001
1.837377e+003,2.756166e+001
1.837859e+003,2.753797e+001
1.838341e+003,2.751339e+001
1.838823e+003,2.748761e+001
1.839305e+003,2.746040e+001
1.839787e+003,2.743160e+001
1.840270e+003,2.740118e+001
1.840751e+003,2.736938e+001
1.841234e+003,2.733679e+001
1.841716e+003,2.730442e+001
1.842198e+003,2.727360e+001
1.842680e+003,2.724581e+001
1.843162e+003,2.722221e+001
1.843644e+003,2.720318e+001
1.844126e+003,2.718801e+001
1.844609e+003,2.717507e+001
1.845091e+003,2.716229e+001
1.845573e+003,2.714792e+001
1.846055e+003,2.713098e+001
1.846537e+003,2.711122e+001
1.847019e+003,2.708901e+001
1.847501e+003,2.706491e+001
1.847983e+003,2.703951e+001
1.848466e+003,2.701331e+001
1.848948e+003,2.698665e+001
1.849430e+003,2.695986e+001
1.849912e+003,2.693321e+001
1.850394e+003,2.690698e+001
1.850876e+003,2.688135e+001
1.851358e+003,2.685638e+001
1.851840e+003,2.683202e+001
1.852323e+003,2.680805e+001
1.852805e+003,2.678423e+001
1.853287e+003,2.676036e+001
1.853769e+003,2.673632e+001
1.854251e+003,2.671210e+001
1.854733e+003,2.668776e+001
1.855215e+003,2.666335e+001
1.855698e+003,2.663890e+001
1.856179e+003,2.661441e+001
1.856662e+003,2.658989e+001
1.857144e+003,2.656537e+001
1.857626e+003,2.654096e+001
1.858108e+003,2.651677e+001
1.858590e+003,2.649287e+001
1.859072e+003,2.646921e+001
1.859554e+003,2.644563e+001
1.860037e+003,2.642187e+001
1.860519e+003,2.639766e+001
1.861001e+003,2.637280e+001
1.861483e+003,2.634718e+001
1.861965e+003,2.632078e+001
1.862447e+003,2.629360e+001
1.862929e+003,2.626566e+001
1.863411e+003,2.623692e+001
1.863894e+003,2.620741e+001
1.864376e+003,2.617725e+001
1.864858e+003,2.614672e+001
1.865340e+003,2.611631e+001
1.865822e+003,2.608658e+001
1.866304e+003,2.605813e+001
1.866786e+003,2.603141e+001
1.867268e+003,2.600657e+001
1.867750e+003,2.598343e+001
1.868233e+003,2.596149e+001
1.868715e+003,2.594005e+001
1.869197e+003,2.591842e+001
1.869679e+003,2.589607e+001
1.870161e+003,2.587273e+001
1.870643e+003,2.584834e+001
1.871125e+003,2.582300e+001
1.871608e+003,2.579691e+001
1.872090e+003,2.577031e+001
1.872572e+003,2.574349e+001
1.873054e+003,2.571674e+001
1.873536e+003,2.569030e+001
1.874018e+003,2.566439e+001
1.874500e+003,2.563914e+001
1.874982e+003,2.561457e+001
1.875465e+003,2.559074e+001
1.875947e+003,2.556764e+001
1.876429e+003,2.554529e+001
1.876911e+003,2.552365e+001
1.877393e+003,2.550257e+001
1.877875e+003,2.548173e+001
1.878357e+003,2.546064e+001
1.878839e+003,2.543870e+001
1.879322e+003,2.541536e+001
1.879804e+003,2.539029e+001
1.880286e+003,2.536348e+001
1.880768e+003,2.533527e+001
1.881250e+003,2.530623e+001
1.881732e+003,2.527703e+001
1.882214e+003,2.524825e+001
1.882697e+003,2.522026e+001
1.883178e+003,2.519317e+001
1.883661e+003,2.516695e+001
1.884143e+003,2.514137e+001
1.884625e+003,2.511622e+001
1.885107e+003,2.509122e+001
1.885589e+003,2.506616e+001
1.886071e+003,2.504083e+001
1.886553e+003,2.501515e+001
1.887036e+003,2.498915e+001
1.887518e+003,2.496307e+001
1.888000e+003,2.493727e+001
1.888482e+003,2.491223e+001
1.888964e+003,2.488828e+001
1.889446e+003,2.486550e+001
1.889928e+003,2.484363e+001
1.890410e+003,2.482207e+001
1.890893e+003,2.480022e+001
1.891375e+003,2.477762e+001
1.891857e+003,2.475414e+001
1.892339e+003,2.473009e+001
1.892821e+003,2.470601e+001
1.893303e+003,2.468256e+001
1.893785e+003,2.466020e+001
1.894267e+003,2.463916e+001
1.894750e+003,2.461932e+001
1.895232e+003,2.460024e+001
1.895714e+003,2.458137e+001
1.896196e+003,2.456217e+001
1.896678e+003,2.454222e+001
1.897160e+003,2.452133e+001
1.897642e+003,2.449944e+001
1.898125e+003,2.447668e+001
1.898606e+003,2.445328e+001
1.899089e+003,2.442964e+001
1.899571e+003,2.440618e+001
1.900053e+003,2.438332e+001
1.900535e+003,2.436137e+001
1.901017e+003,2.434044e+001
1.901499e+003,2.432035e+001
1.901981e+003,2.430073e+001
1.902464e+003,2.428104e+001
1.902946e+003,2.426082e+001
1.903428e+003,2.423978e+001
1.903910e+003,2.421784e+001
1.904392e+003,2.419513e+001
1.904874e+003,2.417190e+001
1.905356e+003,2.414839e+001
1.905838e+003,2.412483e+001
1.906321e+003,2.410140e+001
1.906803e+003,2.407828e+001
1.907285e+003,2.405572e+001
1.907767e+003,2.403400e+001
1.908249e+003,2.401338e+001
1.908731e+003,2.399396e+001
1.909213e+003,2.397564e+001
1.909695e+003,2.395811e+001
1.910177e+003,2.394091e+001
1.910660e+003,2.392362e+001
1.911142e+003,2.390596e+001
1.911624e+003,2.388788e+001
1.912106e+003,2.386946e+001
1.912588e+003,2.385085e+001
1.913070e+003,2.383213e+001
1.913552e+003,2.381330e+001
1.914034e+003,2.379429e+001
1.914517e+003,2.377506e+001
1.914999e+003,2.375566e+001
1.915481e+003,2.373633e+001
1.915963e+003,2.371736e+001
1.916445e+003,2.369908e+001
1.916927e+003,2.368160e+001
1.917409e+003,2.366481e+001
1.917892e+003,2.364830e+001
1.918374e+003,2.363157e+001
1.918856e+003,2.361422e+001
1.919338e+003,2.359608e+001
1.919820e+003,2.357725e+001
1.920302e+003,2.355807e+001
1.920784e+003,2.353894e+001
1.921266e+003,2.352023e+001
1.921749e+003,2.350218e+001
1.922231e+003,2.348490e+001
1.922713e+003,2.346834e+001
1.923195e+003,2.345235e+001
1.923677e+003,2.343669e+001
1.924159e+003,2.342107e+001
1.924641e+003,2.340523e+001
1.925123e+003,2.338889e+001
1.925605e+003,2.337192e+001
1.926088e+003,2.335428e+001
1.926570e+003,2.333610e+001
1.927052e+003,2.331763e+001
1.927534e+003,2.329916e+001
1.928016e+003,2.328096e+001
1.928498e+003,2.326317e+001
1.928980e+003,2.324580e+001
1.929462e+003,2.322875e+001
1.929945e+003,2.321187e+001
1.930427e+003,2.319508e+001
1.930909e+003,2.317833e+001
1.931391e+003,2.316160e+001
1.931873e+003,2.314491e+001
1.932355e+003,2.312819e+001
1.932837e+003,2.311133e+001
1.933320e+003,2.309418e+001
1.933802e+003,2.307667e+001
1.934284e+003,2.305882e+001
1.934766e+003,2.304076e+001
1.935248e+003,2.302267e+001
1.935730e+003,2.300471e+001
1.936212e+003,2.298693e+001
1.936694e+003,2.296928e+001
1.937177e+003,2.295166e+001
1.937659e+003,2.293400e+001
1.938141e+003,2.291636e+001
1.938623e+003,2.289895e+001
1.939105e+003,2.288206e+001
1.939587e+003,2.286602e+001
1.940069e+003,2.285100e+001
1.940551e+003,2.283702e+001
1.941033e+003,2.282390e+001
1.941516e+003,2.281129e+001
1.941998e+003,2.279883e+001
1.942480e+003,2.278618e+001
1.942962e+003,2.277312e+001
1.943444e+003,2.275956e+001
1.943926e+003,2.274547e+001
1.944408e+003,2.273089e+001
1.944890e+003,2.271591e+001
1.945373e+003,2.270064e+001
1.945855e+003,2.268519e+001
1.946337e+003,2.266972e+001
1.946819e+003,2.265429e+001
1.947301e+003,2.263890e+001
1.947783e+003,2.262341e+001
1.948265e+003,2.260765e+001
1.948748e+003,2.259142e+001
1.949229e+003,2.257466e+001
1.949712e+003,2.255746e+001
1.950194e+003,2.254007e+001
1.950676e+003,2.252277e+001
1.951158e+003,2.250580e+001
1.951640e+003,2.248923e+001
1.952122e+003,2.247296e+001
1.952604e+003,2.245675e+001
1.953087e+003,2.244038e+001
1.953569e+003,2.242372e+001
1.954051e+003,2.240685e+001
1.954533e+003,2.238998e+001
1.955015e+003,2.237340e+001
1.955497e+003,2.235731e+001
1.955979e+003,2.234179e+001
1.956461e+003,2.232680e+001
1.956944e+003,2.231221e+001
1.957426e+003,2.229790e+001
1.957908e+003,2.228386e+001
1.958390e+003,2.227011e+001
1.958872e+003,2.225673e+001
1.959354e+003,2.224371e+001
1.959836e+003,2.223096e+001
1.960318e+003,2.221825e+001
1.960801e+003,2.220530e+001
1.961283e+003,2.219180e+001
1.961765e+003,2.217752e+001
1.962247e+003,2.216225e+001
1.962729e+003,2.214592e+001
1.963211e+003,2.212849e+001
1.963693e+003,2.211002e+001
1.964176e+003,2.209064e+001
1.964657e+003,2.207067e+001
1.965140e+003,2.205054e+001
1.965622e+003,2.203082e+001
1.966104e+003,2.201208e+001
1.966586e+003,2.199477e+001
1.967068e+003,2.197906e+001
1.967550e+003,2.196483e+001
1.968032e+003,2.195167e+001
1.968515e+003,2.193907e+001
1.968997e+003,2.192644e+001
1.969479e+003,2.191335e+001
1.969961e+003,2.189949e+001
1.970443e+003,2.188474e+001
1.970925e+003,2.186905e+001
1.971407e+003,2.185251e+001
1.971889e+003,2.183528e+001
1.972372e+003,2.181763e+001
1.972854e+003,2.179985e+001
1.973336e+003,2.178227e+001
1.973818e+003,2.176509e+001
1.974300e+003,2.174837e+001
1.974782e+003,2.173195e+001
1.975264e+003,2.171552e+001
1.975746e+003,2.169876e+001
1.976229e+003,2.168147e+001
1.976711e+003,2.166368e+001
1.977193e+003,2.164564e+001
1.977675e+003,2.162777e+001
1.978157e+003,2.161050e+001
1.978639e+003,2.159406e+001
1.979121e+003,2.157848e+001
1.979604e+003,2.156351e+001
1.980085e+003,2.154880e+001
1.980568e+003,2.153393e+001
1.981050e+003,2.151860e+001
1.981532e+003,2.150261e+001
1.982014e+003,2.148589e+001
1.982496e+003,2.146843e+001
1.982978e+003,2.145026e+001
1.983460e+003,2.143140e+001
1.983943e+003,2.141198e+001
1.984425e+003,2.139221e+001
1.984907e+003,2.137239e+001
1.985389e+003,2.135287e+001
1.985871e+003,2.133398e+001
1.986353e+003,2.131593e+001
1.986835e+003,2.129876e+001
1.987317e+003,2.128231e+001
1.987800e+003,2.126640e+001
1.988282e+003,2.125080e+001
1.988764e+003,2.123537e+001
1.989246e+003,2.122002e+001
1.989728e+003,2.120473e+001
1.990210e+003,2.118944e+001
1.990692e+003,2.117404e+001
1.991174e+003,2.115833e+001
1.991656e+003,2.114208e+001
1.992139e+003,2.112511e+001
1.992621e+003,2.110729e+001
1.993103e+003,2.108858e+001
1.993585e+003,2.106903e+001
1.994067e+003,2.104870e+001
1.994549e+003,2.102770e+001
1.995031e+003,2.100619e+001
1.995514e+003,2.098437e+001
1.995996e+003,2.096256e+001
1.996478e+003,2.094110e+001
1.996960e+003,2.092035e+001
1.997442e+003,2.090057e+001
1.997924e+003,2.088185e+001
1.998406e+003,2.086407e+001
1.998888e+003,2.084699e+001
1.999371e+003,2.083027e+001
1.999853e+003,2.081362e+001
2.000335e+003,2.079680e+001
2.000817e+003,2.077967e+001
2.001299e+003,2.076217e+001
2.001781e+003,2.074423e+001
2.002263e+003,2.072583e+001
2.002745e+003,2.070699e+001
2.003228e+003,2.068776e+001
2.003710e+003,2.066833e+001
2.004192e+003,2.064892e+001
2.004674e+003,2.062977e+001
2.005156e+003,2.061106e+001
2.005638e+003,2.059285e+001
2.006120e+003,2.057505e+001
2.006603e+003,2.055748e+001
2.007084e+003,2.053997e+001
2.007567e+003,2.052234e+001
2.008049e+003,2.050451e+001
2.008531e+003,2.048643e+001
2.009013e+003,2.046804e+001
2.009495e+003,2.044923e+001
2.009977e+003,2.042988e+001
2.010459e+003,2.040987e+001
2.010942e+003,2.038921e+001
2.011424e+003,2.036803e+001
2.011906e+003,2.034659e+001
2.012388e+003,2.032524e+001
2.012870e+003,2.030424e+001
2.013352e+003,2.028372e+001
2.013834e+003,2.026366e+001
2.014316e+003,2.024386e+001
2.014799e+003,2.022412e+001
2.015281e+003,2.020432e+001
2.015763e+003,2.018443e+001
2.016245e+003,2.016456e+001
2.016727e+003,2.014488e+001
2.017209e+003,2.012553e+001
2.017691e+003,2.010654e+001
2.018173e+003,2.008786e+001
2.018656e+003,2.006936e+001
2.019138e+003,2.005092e+001
2.019620e+003,2.003243e+001
2.020102e+003,2.001383e+001
2.020584e+003,1.999507e+001
2.021066e+003,1.997611e+001
2.021548e+003,1.995687e+001
2.022031e+003,1.993729e+001
2.022512e+003,1.991739e+001
2.022995e+003,1.989720e+001
2.023477e+003,1.987685e+001
2.023959e+003,1.985646e+001
2.024441e+003,1.983612e+001
2.024923e+003,1.981581e+001
2.025405e+003,1.979548e+001
2.025887e+003,1.977504e+001
2.026370e+003,1.975446e+001
2.026852e+003,1.973378e+001
2.027334e+003,1.971315e+001
2.027816e+003,1.969272e+001
2.028298e+003,1.967262e+001
2.028780e+003,1.965285e+001
2.029262e+003,1.963334e+001
2.029744e+003,1.961399e+001
2.030227e+003,1.959473e+001
2.030709e+003,1.957560e+001
2.031191e+003,1.955672e+001
2.031673e+003,1.953819e+001
2.032155e+003,1.952007e+001
2.032637e+003,1.950223e+001
2.033119e+003,1.948440e+001
2.033601e+003,1.946626e+001
2.034083e+003,1.944752e+001
2.034566e+003,1.942808e+001
2.035048e+003,1.940800e+001
2.035530e+003,1.938751e+001
2.036012e+003,1.936687e+001
2.036494e+003,1.934625e+001
2.036976e+003,1.932572e+001
2.037458e+003,1.930524e+001
2.037940e+003,1.928473e+001
2.038423e+003,1.926423e+001
2.038905e+003,1.924389e+001
2.039387e+003,1.922396e+001
2.039869e+003,1.920474e+001
2.040351e+003,1.918645e+001
2.040833e+003,1.916913e+001
2.041315e+003,1.915264e+001
2.041798e+003,1.913674e+001
2.042280e+003,1.912109e+001
2.042762e+003,1.910538e+001
2.043244e+003,1.908932e+001
2.043726e+003,1.907271e+001
2.044208e+003,1.905538e+001
2.044690e+003,1.903724e+001
2.045172e+003,1.901829e+001
2.045655e+003,1.899867e+001
2.046137e+003,1.897865e+001
2.046619e+003,1.895859e+001
2.047101e+003,1.893883e+001
2.047583e+003,1.891963e+001
2.048065e+003,1.890107e+001
2.048547e+003,1.888305e+001
2.049029e+003,1.886537e+001
2.049511e+003,1.884782e+001
2.049994e+003,1.883026e+001
2.050476e+003,1.881269e+001
2.050958e+003,1.879517e+001
2.051440e+003,1.877779e+001
2.051922e+003,1.876052e+001
2.052404e+003,1.874324e+001
2.052886e+003,1.872578e+001
2.053368e+003,1.870797e+001
2.053851e+003,1.868976e+001
2.054333e+003,1.867127e+001
2.054815e+003,1.865272e+001
2.055297e+003,1.863442e+001
2.055779e+003,1.861663e+001
2.056261e+003,1.859948e+001
2.056743e+003,1.858300e+001
2.057226e+003,1.856712e+001
2.057708e+003,1.855171e+001
2.058190e+003,1.853664e+001
2.058672e+003,1.852172e+001
2.059154e+003,1.850675e+001
2.059636e+003,1.849143e+001
2.060118e+003,1.847547e+001
2.060600e+003,1.845862e+001
2.061083e+003,1.844080e+001
2.061565e+003,1.842212e+001
2.062047e+003,1.840292e+001
2.062529e+003,1.838362e+001
2.063011e+003,1.836466e+001
2.063493e+003,1.834629e+001
2.063975e+003,1.832858e+001
2.064457e+003,1.831135e+001
2.064939e+003,1.829436e+001
2.065422e+003,1.827737e+001
2.065904e+003,1.826030e+001
2.066386e+003,1.824322e+001
2.066868e+003,1.822634e+001
2.067350e+003,1.820992e+001
2.067832e+003,1.819418e+001
2.068314e+003,1.817923e+001
2.068796e+003,1.816510e+001
2.069279e+003,1.815170e+001
2.069761e+003,1.813885e+001
2.070243e+003,1.812634e+001
2.070725e+003,1.811389e+001
2.071207e+003,1.810122e+001
2.071689e+003,1.808813e+001
2.072171e+003,1.807447e+001
2.072654e+003,1.806030e+001
2.073135e+003,1.804581e+001
2.073618e+003,1.803127e+001
2.074100e+003,1.801695e+001
2.074582e+003,1.800302e+001
2.075064e+003,1.798940e+001
2.075546e+003,1.797588e+001
2.076028e+003,1.796213e+001
2.076510e+003,1.794790e+001
2.076993e+003,1.793305e+001
2.077475e+003,1.791766e+001
2.077957e+003,1.790195e+001
2.078439e+003,1.788623e+001
2.078921e+003,1.787077e+001
2.079403e+003,1.785572e+001
2.079885e+003,1.784117e+001
2.080367e+003,1.782711e+001
2.080850e+003,1.781358e+001
2.081332e+003,1.780061e+001
2.081814e+003,1.778825e+001
2.082296e+003,1.777652e+001
2.082778e+003,1.776532e+001
2.083260e+003,1.775447e+001
2.083742e+003,1.774371e+001
2.084224e+003,1.773279e+001
2.084707e+003,1.772155e+001
2.085189e+003,1.770993e+001
2.085671e+003,1.769798e+001
2.086153e+003,1.768576e+001
2.086635e+003,1.767335e+001
2.087117e+003,1.766073e+001
2.087599e+003,1.764787e+001
2.088082e+003,1.763477e+001
2.088563e+003,1.762147e+001
2.089046e+003,1.760809e+001
2.089528e+003,1.759478e+001
2.090010e+003,1.758166e+001
2.090492e+003,1.756877e+001
2.090974e+003,1.755605e+001
2.091456e+003,1.754339e+001
2.091938e+003,1.753072e+001
2.092421e+003,1.751800e+001
2.092903e+003,1.750529e+001
2.093385e+003,1.749267e+001
2.093867e+003,1.748016e+001
2.094349e+003,1.746769e+001
2.094831e+003,1.745506e+001
2.095313e+003,1.744203e+001
2.095795e+003,1.742844e+001
2.096278e+003,1.741429e+001
2.096760e+003,1.739982e+001
2.097242e+003,1.738543e+001
2.097724e+003,1.737160e+001
2.098206e+003,1.735875e+001
2.098688e+003,1.734717e+001
2.099170e+003,1.733694e+001
2.099652e+003,1.732798e+001
2.100135e+003,1.732006e+001
2.100617e+003,1.731289e+001
2.101099e+003,1.730606e+001
2.101581e+003,1.729917e+001
2.102063e+003,1.729173e+001
2.102545e+003,1.728329e+001
2.103027e+003,1.727354e+001
2.103510e+003,1.726235e+001
2.103991e+003,1.724985e+001
2.104474e+003,1.723645e+001
2.104956e+003,1.722270e+001
2.105438e+003,1.720917e+001
2.105920e+003,1.719627e+001
2.106402e+003,1.718421e+001
2.106884e+003,1.717294e+001
2.107366e+003,1.716224e+001
2.107849e+003,1.715178e+001
2.108331e+003,1.714124e+001
2.108813e+003,1.713037e+001
2.109295e+003,1.711901e+001
2.109777e+003,1.710707e+001
2.110259e+003,1.709458e+001
2.110741e+003,1.708164e+001
2.111223e+003,1.706849e+001
2.111706e+003,1.705546e+001
2.112188e+003,1.704291e+001
2.112670e+003,1.703115e+001
2.113152e+003,1.702032e+001
2.113634e+003,1.701034e+001
2.114116e+003,1.700097e+001
2.114598e+003,1.699184e+001
2.115080e+003,1.698261e+001
2.115563e+003,1.697306e+001
2.116045e+003,1.696315e+001
2.116527e+003,1.695297e+001
2.117009e+003,1.694265e+001
2.117491e+003,1.693229e+001
2.117973e+003,1.692191e+001
2.118455e+003,1.691146e+001
2.118938e+003,1.690090e+001
2.119420e+003,1.689025e+001
2.119902e+003,1.687962e+001
2.120384e+003,1.686919e+001
2.120866e+003,1.685912e+001
2.121348e+003,1.684947e+001
2.121830e+003,1.684019e+001
2.122312e+003,1.683112e+001
2.122794e+003,1.682208e+001
2.123277e+003,1.681295e+001
2.123759e+003,1.680373e+001
2.124241e+003,1.679450e+001
2.124723e+003,1.678539e+001
2.125205e+003,1.677651e+001
2.125687e+003,1.676789e+001
2.126169e+003,1.675946e+001
2.126651e+003,1.675115e+001
2.127134e+003,1.674288e+001
2.127616e+003,1.673461e+001
2.128098e+003,1.672626e+001
2.128580e+003,1.671775e+001
2.129062e+003,1.670889e+001
2.129544e+003,1.669943e+001
2.130026e+003,1.668909e+001
2.130509e+003,1.667769e+001
2.130990e+003,1.666522e+001
2.131473e+003,1.665187e+001
2.131955e+003,1.663798e+001
2.132437e+003,1.662400e+001
2.132919e+003,1.661032e+001
2.133401e+003,1.659721e+001
2.133883e+003,1.658481e+001
2.134365e+003,1.657318e+001
2.134848e+003,1.656229e+001
2.135330e+003,1.655212e+001
2.135812e+003,1.654267e+001
2.136294e+003,1.653387e+001
2.136776e+003,1.652562e+001
2.137258e+003,1.651770e+001
2.137740e+003,1.650981e+001
2.138222e+003,1.650166e+001
2.138705e+003,1.649297e+001
2.139187e+003,1.648356e+001
2.139669e+003,1.647336e+001
2.140151e+003,1.646239e+001
2.140633e+003,1.645074e+001
2.141115e+003,1.643857e+001
2.141597e+003,1.642610e+001
2.142079e+003,1.641358e+001
2.142562e+003,1.640129e+001
2.143044e+003,1.638948e+001
2.143526e+003,1.637827e+001
2.144008e+003,1.636761e+001
2.144490e+003,1.635726e+001
2.144972e+003,1.634687e+001
2.145454e+003,1.633603e+001
2.145937e+003,1.632449e+001
2.146418e+003,1.631215e+001
2.146901e+003,1.629916e+001
2.147383e+003,1.628578e+001
2.147865e+003,1.627229e+001
2.148347e+003,1.625891e+001
2.148829e+003,1.624574e+001
2.149311e+003,1.623281e+001
2.149793e+003,1.622013e+001
2.150276e+003,1.620778e+001
2.150758e+003,1.619592e+001
2.151240e+003,1.618475e+001
2.151722e+003,1.617437e+001
2.152204e+003,1.616475e+001
2.152686e+003,1.615567e+001
2.153168e+003,1.614676e+001
2.153650e+003,1.613764e+001
2.154133e+003,1.612801e+001
2.154615e+003,1.611777e+001
2.155097e+003,1.610697e+001
2.155579e+003,1.609584e+001
2.156061e+003,1.608460e+001
2.156543e+003,1.607350e+001
2.157025e+003,1.606270e+001
2.157507e+003,1.605231e+001
2.157990e+003,1.604238e+001
2.158472e+003,1.603289e+001
2.158954e+003,1.602373e+001
2.159436e+003,1.601462e+001
2.159918e+003,1.600516e+001
2.160400e+003,1.599485e+001
2.160882e+003,1.598321e+001
2.161365e+003,1.596994e+001
2.161846e+003,1.595506e+001
2.162329e+003,1.593889e+001
2.162811e+003,1.592204e+001
2.163293e+003,1.590521e+001
2.163775e+003,1.588903e+001
2.164257e+003,1.587390e+001
2.164739e+003,1.586002e+001
2.165221e+003,1.584732e+001
2.165704e+003,1.583565e+001
2.166186e+003,1.582481e+001
2.166668e+003,1.581460e+001
2.167150e+003,1.580489e+001
2.167632e+003,1.579547e+001
2.168114e+003,1.578614e+001
2.168596e+003,1.577664e+001
2.169078e+003,1.576674e+001
2.169561e+003,1.575630e+001
2.170043e+003,1.574526e+001
2.170525e+003,1.573369e+001
2.171007e+003,1.572171e+001
2.171489e+003,1.570943e+001
2.171971e+003,1.569696e+001
2.172453e+003,1.568435e+001
2.172935e+003,1.567168e+001
2.173417e+003,1.565906e+001
2.173900e+003,1.564666e+001
2.174382e+003,1.563467e+001
2.174864e+003,1.562319e+001
2.175346e+003,1.561222e+001
2.175828e+003,1.560159e+001
2.176310e+003,1.559097e+001
2.176792e+003,1.558001e+001
2.177274e+003,1.556839e+001
2.177757e+003,1.555593e+001
2.178239e+003,1.554263e+001
2.178721e+003,1.552862e+001
2.179203e+003,1.551414e+001
2.179685e+003,1.549945e+001
2.180167e+003,1.548482e+001
2.180649e+003,1.547046e+001
2.181132e+003,1.545654e+001
2.181614e+003,1.544316e+001
2.182096e+003,1.543030e+001
2.182578e+003,1.541786e+001
2.183060e+003,1.540561e+001
2.183542e+003,1.539326e+001
2.184024e+003,1.538051e+001
2.184506e+003,1.536722e+001
2.184989e+003,1.535336e+001
2.185471e+003,1.533909e+001
2.185953e+003,1.532464e+001
2.186435e+003,1.531026e+001
2.186917e+003,1.529610e+001
2.187399e+003,1.528218e+001
2.187881e+003,1.526837e+001
2.188363e+003,1.525455e+001
2.188845e+003,1.524061e+001
2.189328e+003,1.522652e+001
2.189810e+003,1.521237e+001
2.190292e+003,1.519829e+001
2.190774e+003,1.518440e+001
2.191256e+003,1.517079e+001
2.191738e+003,1.515749e+001
2.192220e+003,1.514453e+001
2.192702e+003,1.513195e+001
2.193185e+003,1.511981e+001
2.193667e+003,1.510814e+001
2.194149e+003,1.509694e+001
2.194631e+003,1.508607e+001
2.195113e+003,1.507532e+001
2.195595e+003,1.506442e+001
2.196077e+003,1.505316e+001
2.196560e+003,1.504142e+001
2.197042e+003,1.502920e+001
2.197524e+003,1.501663e+001
2.198006e+003,1.500383e+001
2.198488e+003,1.499090e+001
2.198970e+003,1.497784e+001
2.199452e+003,1.496461e+001
2.199934e+003,1.495116e+001
2.200417e+003,1.493751e+001
2.200899e+003,1.492373e+001
2.201381e+003,1.490996e+001
2.201863e+003,1.489630e+001
2.202345e+003,1.488278e+001
2.202827e+003,1.486933e+001
2.203309e+003,1.485582e+001
2.203791e+003,1.484214e+001
2.204273e+003,1.482822e+001
2.204756e+003,1.481409e+001
2.205238e+003,1.479986e+001
2.205720e+003,1.478557e+001
2.206202e+003,1.477123e+001
2.206684e+003,1.475673e+001
2.207166e+003,1.474196e+001
2.207648e+003,1.472688e+001
2.208130e+003,1.471163e+001
2.208613e+003,1.469656e+001
2.209095e+003,1.468212e+001
2.209577e+003,1.466880e+001
2.210059e+003,1.465690e+001
2.210541e+003,1.464645e+001
2.211023e+003,1.463713e+001
2.211505e+003,1.462843e+001
2.211988e+003,1.461974e+001
2.212469e+003,1.461053e+001
2.212952e+003,1.460043e+001
2.213434e+003,1.458927e+001
2.213916e+003,1.457711e+001
2.214398e+003,1.456407e+001
2.214880e+003,1.455035e+001
2.215362e+003,1.453615e+001
2.215844e+003,1.452167e+001
2.216327e+003,1.450710e+001
2.216809e+003,1.449263e+001
2.217291e+003,1.447843e+001
2.217773e+003,1.446462e+001
2.218255e+003,1.445127e+001
2.218737e+003,1.443843e+001
2.219219e+003,1.442606e+001
2.219701e+003,1.441413e+001
2.220184e+003,1.440258e+001
2.220666e+003,1.439128e+001
2.221148e+003,1.438009e+001
2.221630e+003,1.436880e+001
2.222112e+003,1.435723e+001
2.222594e+003,1.434521e+001
2.223076e+003,1.433272e+001
2.223558e+003,1.431987e+001
2.224041e+003,1.430692e+001
2.224523e+003,1.429415e+001
2.225005e+003,1.428183e+001
2.225487e+003,1.427010e+001
2.225969e+003,1.425896e+001
2.226451e+003,1.424824e+001
2.226933e+003,1.423773e+001
2.227416e+003,1.422720e+001
2.227897e+003,1.421647e+001
2.228380e+003,1.420542e+001
2.228862e+003,1.419401e+001
2.229344e+003,1.418225e+001
2.229826e+003,1.417021e+001
2.230308e+003,1.415805e+001
2.230790e+003,1.414602e+001
2.231272e+003,1.413440e+001
2.231755e+003,1.412348e+001
2.232237e+003,1.411344e+001
2.232719e+003,1.410423e+001
2.233201e+003,1.409558e+001
2.233683e+003,1.408700e+001
2.234165e+003,1.407796e+001
2.234647e+003,1.406803e+001
2.235129e+003,1.405700e+001
2.235612e+003,1.404496e+001
2.236094e+003,1.403223e+001
2.236576e+003,1.401925e+001
2.237058e+003,1.400643e+001
2.237540e+003,1.399402e+001
2.238022e+003,1.398216e+001
2.238504e+003,1.397086e+001
2.238986e+003,1.396006e+001
2.239469e+003,1.394976e+001
2.239951e+003,1.393997e+001
2.240433e+003,1.393068e+001
2.240915e+003,1.392181e+001
2.241397e+003,1.391322e+001
2.241879e+003,1.390465e+001
2.242361e+003,1.389587e+001
2.242844e+003,1.388670e+001
2.243326e+003,1.387703e+001
2.243808e+003,1.386690e+001
2.244290e+003,1.385638e+001
2.244772e+003,1.384557e+001
2.245254e+003,1.383452e+001
2.245736e+003,1.382329e+001
2.246218e+003,1.381194e+001
2.246700e+003,1.380056e+001
2.247183e+003,1.378934e+001
2.247665e+003,1.377846e+001
2.248147e+003,1.376806e+001
2.248629e+003,1.375816e+001
2.249111e+003,1.374869e+001
2.249593e+003,1.373950e+001
2.250075e+003,1.373043e+001
2.250557e+003,1.372140e+001
2.251040e+003,1.371247e+001
2.251522e+003,1.370373e+001
2.252004e+003,1.369530e+001
2.252486e+003,1.368721e+001
2.252968e+003,1.367935e+001
2.253450e+003,1.367147e+001
2.253932e+003,1.366330e+001
2.254415e+003,1.365460e+001
2.254896e+003,1.364528e+001
2.255379e+003,1.363541e+001
2.255861e+003,1.362516e+001
2.256343e+003,1.361477e+001
2.256825e+003,1.360445e+001
2.257307e+003,1.359437e+001
2.257789e+003,1.358467e+001
2.258271e+003,1.357542e+001
2.258754e+003,1.356670e+001
2.259236e+003,1.355851e+001
2.259718e+003,1.355078e+001
2.260200e+003,1.354329e+001
2.260682e+003,1.353571e+001
2.261164e+003,1.352761e+001
2.261646e+003,1.351862e+001
2.262128e+003,1.350849e+001
2.262611e+003,1.349716e+001
2.263093e+003,1.348484e+001
2.263575e+003,1.347193e+001
2.264057e+003,1.345895e+001
2.264539e+003,1.344645e+001
2.265021e+003,1.343490e+001
2.265503e+003,1.342468e+001
2.265985e+003,1.341598e+001
2.266468e+003,1.340884e+001
2.266950e+003,1.340307e+001
2.267432e+003,1.339836e+001
2.267914e+003,1.339418e+001
2.268396e+003,1.338998e+001
2.268878e+003,1.338527e+001
2.269360e+003,1.337970e+001
2.269843e+003,1.337313e+001
2.270324e+003,1.336567e+001
2.270807e+003,1.335755e+001
2.271289e+003,1.334905e+001
2.271771e+003,1.334038e+001
2.272253e+003,1.333163e+001
2.272735e+003,1.332281e+001
2.273217e+003,1.331393e+001
2.273699e+003,1.330502e+001
2.274182e+003,1.329623e+001
2.274664e+003,1.328776e+001
2.275146e+003,1.327982e+001
2.275628e+003,1.327250e+001
2.276110e+003,1.326581e+001
2.276592e+003,1.325960e+001
2.277074e+003,1.325367e+001
2.277556e+003,1.324786e+001
2.278039e+003,1.324208e+001
2.278521e+003,1.323631e+001
2.279003e+003,1.323059e+001
2.279485e+003,1.322495e+001
2.279967e+003,1.321935e+001
2.280449e+003,1.321371e+001
2.280931e+003,1.320792e+001
2.281413e+003,1.320189e+001
2.281896e+003,1.319560e+001
2.282378e+003,1.318904e+001
2.282860e+003,1.318220e+001
2.283342e+003,1.317500e+001
2.283824e+003,1.316730e+001
2.284306e+003,1.315893e+001
2.284788e+003,1.314974e+001
2.285271e+003,1.313969e+001
2.285752e+003,1.312890e+001
2.286235e+003,1.311763e+001
2.286717e+003,1.310622e+001
2.287199e+003,1.309498e+001
2.287681e+003,1.308415e+001
2.288163e+003,1.307381e+001
2.288645e+003,1.306395e+001
2.289127e+003,1.305445e+001
2.289610e+003,1.304521e+001
2.290092e+003,1.303613e+001
2.290574e+003,1.302713e+001
2.291056e+003,1.301816e+001
2.291538e+003,1.300918e+001
2.292020e+003,1.300017e+001
2.292502e+003,1.299113e+001
2.292984e+003,1.298211e+001
2.293467e+003,1.297319e+001
2.293949e+003,1.296442e+001
2.294431e+003,1.295581e+001
2.294913e+003,1.294726e+001
2.295395e+003,1.293862e+001
2.295877e+003,1.292965e+001
2.296359e+003,1.292019e+001
2.296841e+003,1.291014e+001
2.297323e+003,1.289949e+001
2.297806e+003,1.288831e+001
2.298288e+003,1.287667e+001
2.298770e+003,1.286456e+001
2.299252e+003,1.285193e+001
2.299734e+003,1.283867e+001
2.300216e+003,1.282473e+001
2.300698e+003,1.281016e+001
2.301180e+003,1.279518e+001
2.301663e+003,1.278011e+001
2.302145e+003,1.276532e+001
2.302627e+003,1.275109e+001
2.303109e+003,1.273759e+001
2.303591e+003,1.272476e+001
2.304073e+003,1.271245e+001
2.304555e+003,1.270039e+001
2.305038e+003,1.268826e+001
2.305520e+003,1.267575e+001
2.306002e+003,1.266261e+001
2.306484e+003,1.264861e+001
2.306966e+003,1.263363e+001
2.307448e+003,1.261769e+001
2.307930e+003,1.260098e+001
2.308412e+003,1.258388e+001
2.308895e+003,1.256687e+001
2.309377e+003,1.255046e+001
2.309859e+003,1.253506e+001
2.310341e+003,1.252084e+001
2.310823e+003,1.250779e+001
2.311305e+003,1.249572e+001
2.311787e+003,1.248441e+001
2.312269e+003,1.247369e+001
2.312751e+003,1.246348e+001
2.313234e+003,1.245372e+001
2.313716e+003,1.244429e+001
2.314198e+003,1.243485e+001
2.314680e+003,1.242483e+001
2.315162e+003,1.241351e+001
2.315644e+003,1.240010e+001
2.316126e+003,1.238400e+001
2.316608e+003,1.236487e+001
2.317091e+003,1.234273e+001
2.317573e+003,1.231788e+001
2.318055e+003,1.229086e+001
2.318537e+003,1.226237e+001
2.319019e+003,1.223314e+001
2.319501e+003,1.220406e+001
2.319983e+003,1.217600e+001
2.320466e+003,1.214985e+001
2.320948e+003,1.212634e+001
2.321430e+003,1.210589e+001
2.321912e+003,1.208847e+001
2.322394e+003,1.207361e+001
2.322876e+003,1.206046e+001
2.323358e+003,1.204812e+001
2.323840e+003,1.203578e+001
2.324323e+003,1.202298e+001
2.324805e+003,1.200957e+001
2.325287e+003,1.199562e+001
2.325769e+003,1.198120e+001
2.326251e+003,1.196630e+001
2.326733e+003,1.195075e+001
2.327215e+003,1.193435e+001
2.327697e+003,1.191704e+001
2.328179e+003,1.189907e+001
2.328662e+003,1.188101e+001
2.329144e+003,1.186366e+001
2.329626e+003,1.184785e+001
2.330108e+003,1.183424e+001
2.330590e+003,1.182311e+001
2.331072e+003,1.181435e+001
2.331554e+003,1.180757e+001
2.332036e+003,1.180221e+001
2.332519e+003,1.179761e+001
2.333001e+003,1.179318e+001
2.333483e+003,1.178831e+001
2.333965e+003,1.178245e+001
2.334447e+003,1.177513e+001
2.334929e+003,1.176610e+001
2.335411e+003,1.175530e+001
2.335894e+003,1.174301e+001
2.336375e+003,1.172973e+001
2.336858e+003,1.171602e+001
2.337340e+003,1.170238e+001
2.337822e+003,1.168908e+001
2.338304e+003,1.167618e+001
2.338786e+003,1.166359e+001
2.339268e+003,1.165123e+001
2.339750e+003,1.163914e+001
2.340233e+003,1.162759e+001
2.340715e+003,1.161708e+001
2.341197e+003,1.160821e+001
2.341679e+003,1.160173e+001
2.342161e+003,1.159837e+001
2.342643e+003,1.159896e+001
2.343125e+003,1.160419e+001
2.343607e+003,1.161456e+001
2.344090e+003,1.163002e+001
2.344572e+003,1.164976e+001
2.345054e+003,1.167202e+001
2.345536e+003,1.169438e+001
2.346018e+003,1.171409e+001
2.346500e+003,1.172870e+001
2.346982e+003,1.173643e+001
2.347464e+003,1.173639e+001
2.347947e+003,1.172843e+001
2.348429e+003,1.171299e+001
2.348911e+003,1.169082e+001
2.349393e+003,1.166286e+001
2.349875e+003,1.163013e+001
2.350357e+003,1.159375e+001
2.350839e+003,1.155490e+001
2.351322e+003,1.151478e+001
2.351803e+003,1.147450e+001
2.352286e+003,1.143497e+001
2.352768e+003,1.139670e+001
2.353250e+003,1.135988e+001
2.353732e+003,1.132448e+001
2.354214e+003,1.129053e+001
2.354696e+003,1.125831e+001
2.355178e+003,1.122839e+001
2.355661e+003,1.120150e+001
2.356143e+003,1.117823e+001
2.356625e+003,1.115871e+001
2.357107e+003,1.114254e+001
2.357589e+003,1.112886e+001
2.358071e+003,1.111672e+001
2.358553e+003,1.110538e+001
2.359035e+003,1.109456e+001
2.359518e+003,1.108436e+001
2.360000e+003,1.107514e+001
2.360482e+003,1.106716e+001
2.360964e+003,1.106049e+001
2.361446e+003,1.105501e+001
2.361928e+003,1.105065e+001
2.362410e+003,1.104746e+001
2.362892e+003,1.104580e+001
2.363375e+003,1.104615e+001
2.363857e+003,1.104896e+001
2.364339e+003,1.105429e+001
2.364821e+003,1.106180e+001
2.365303e+003,1.107080e+001
2.365785e+003,1.108049e+001
2.366267e+003,1.109030e+001
2.366750e+003,1.110007e+001
2.367232e+003,1.111010e+001
2.367714e+003,1.112098e+001
2.368196e+003,1.113340e+001
2.368678e+003,1.114786e+001
2.369160e+003,1.116455e+001
2.369642e+003,1.118332e+001
2.370124e+003,1.120360e+001
2.370606e+003,1.122464e+001
2.371089e+003,1.124548e+001
2.371571e+003,1.126515e+001
2.372053e+003,1.128277e+001
2.372535e+003,1.129777e+001
2.373017e+003,1.130993e+001
2.373499e+003,1.131956e+001
2.373981e+003,1.132736e+001
2.374463e+003,1.133431e+001
2.374946e+003,1.134141e+001
2.375428e+003,1.134944e+001
2.375910e+003,1.135880e+001
2.376392e+003,1.136948e+001
2.376874e+003,1.138113e+001
2.377356e+003,1.139324e+001
2.377838e+003,1.140526e+001
2.378321e+003,1.141677e+001
2.378802e+003,1.142746e+001
2.379285e+003,1.143709e+001
2.379767e+003,1.144549e+001
2.380249e+003,1.145251e+001
2.380731e+003,1.145801e+001
2.381213e+003,1.146199e+001
2.381695e+003,1.146453e+001
2.382177e+003,1.146588e+001
2.382660e+003,1.146634e+001
2.383142e+003,1.146624e+001
2.383624e+003,1.146578e+001
2.384106e+003,1.146506e+001
2.384588e+003,1.146400e+001
2.385070e+003,1.146244e+001
2.385552e+003,1.146019e+001
2.386034e+003,1.145708e+001
2.386517e+003,1.145304e+001
2.386999e+003,1.144804e+001
2.387481e+003,1.144209e+001
2.387963e+003,1.143523e+001
2.388445e+003,1.142748e+001
2.388927e+003,1.141893e+001
2.389409e+003,1.140971e+001
2.389891e+003,1.140000e+001
2.390374e+003,1.139006e+001
2.390856e+003,1.138011e+001
2.391338e+003,1.137032e+001
2.391820e+003,1.136078e+001
2.392302e+003,1.135148e+001
2.392784e+003,1.134235e+001
2.393266e+003,1.133332e+001
2.393749e+003,1.132435e+001
2.394230e+003,1.131544e+001
2.394713e+003,1.130666e+001
2.395195e+003,1.129812e+001
2.395677e+003,1.128996e+001
2.396159e+003,1.128232e+001
2.396641e+003,1.127537e+001
2.397123e+003,1.126923e+001
2.397605e+003,1.126396e+001
2.398088e+003,1.125948e+001
2.398570e+003,1.125556e+001
2.399052e+003,1.125178e+001
2.399534e+003,1.124763e+001
2.400016e+003,1.124261e+001
2.400498e+003,1.123638e+001
2.400980e+003,1.122884e+001
2.401462e+003,1.122017e+001
2.401945e+003,1.121079e+001
2.402427e+003,1.120126e+001
2.402909e+003,1.119205e+001
2.403391e+003,1.118355e+001
2.403873e+003,1.117590e+001
2.404355e+003,1.116909e+001
2.404837e+003,1.116291e+001
2.405319e+003,1.115710e+001
2.405802e+003,1.115134e+001
2.406284e+003,1.114533e+001
2.406766e+003,1.113877e+001
2.407248e+003,1.113146e+001
2.407730e+003,1.112331e+001
2.408212e+003,1.111441e+001
2.408694e+003,1.110502e+001
2.409177e+003,1.109552e+001
2.409658e+003,1.108636e+001
2.410141e+003,1.107791e+001
2.410623e+003,1.107036e+001
2.411105e+003,1.106367e+001
2.411587e+003,1.105760e+001
2.412069e+003,1.105177e+001
2.412551e+003,1.104582e+001
2.413033e+003,1.103944e+001
2.413516e+003,1.103247e+001
2.413998e+003,1.102491e+001
2.414480e+003,1.101687e+001
2.414962e+003,1.100854e+001
2.415444e+003,1.100016e+001
2.415926e+003,1.099202e+001
2.416408e+003,1.098438e+001
2.416890e+003,1.097745e+001
2.417373e+003,1.097137e+001
2.417855e+003,1.096610e+001
2.418337e+003,1.096143e+001
2.418819e+003,1.095700e+001
2.419301e+003,1.095238e+001
2.419783e+003,1.094721e+001
2.420265e+003,1.094124e+001
2.420747e+003,1.093441e+001
2.421229e+003,1.092680e+001
2.421712e+003,1.091863e+001
2.422194e+003,1.091011e+001
2.422676e+003,1.090145e+001
2.423158e+003,1.089283e+001
2.423640e+003,1.088444e+001
2.424122e+003,1.087648e+001
2.424604e+003,1.086922e+001
2.425086e+003,1.086291e+001
2.425569e+003,1.085773e+001
2.426051e+003,1.085369e+001
2.426533e+003,1.085065e+001
2.427015e+003,1.084831e+001
2.427497e+003,1.084628e+001
2.427979e+003,1.084418e+001
2.428461e+003,1.084176e+001
2.428944e+003,1.083880e+001
2.429426e+003,1.083521e+001
2.429908e+003,1.083092e+001
2.430390e+003,1.082586e+001
2.430872e+003,1.081997e+001
2.431354e+003,1.081327e+001
2.431836e+003,1.080589e+001
2.432318e+003,1.079805e+001
2.432801e+003,1.079007e+001
2.433283e+003,1.078231e+001
2.433765e+003,1.077499e+001
2.434247e+003,1.076824e+001
2.434729e+003,1.076196e+001
2.435211e+003,1.075599e+001
2.435693e+003,1.075008e+001
2.436175e+003,1.074405e+001
2.436657e+003,1.073778e+001
2.437140e+003,1.073130e+001
2.437622e+003,1.072469e+001
2.438104e+003,1.071809e+001
2.438586e+003,1.071166e+001
2.439068e+003,1.070556e+001
2.439550e+003,1.069993e+001
2.440032e+003,1.069488e+001
2.440514e+003,1.069045e+001
2.440997e+003,1.068657e+001
2.441479e+003,1.068308e+001
2.441961e+003,1.067971e+001
2.442443e+003,1.067617e+001
2.442925e+003,1.067220e+001
2.443407e+003,1.066769e+001
2.443889e+003,1.066264e+001
2.444372e+003,1.065722e+001
2.444854e+003,1.065168e+001
2.445336e+003,1.064627e+001
2.445818e+003,1.064122e+001
2.446300e+003,1.063668e+001
2.446782e+003,1.063277e+001
2.447264e+003,1.062954e+001
2.447746e+003,1.062699e+001
2.448229e+003,1.062501e+001
2.448711e+003,1.062339e+001
2.449193e+003,1.062177e+001
2.449675e+003,1.061965e+001
2.450157e+003,1.061655e+001
2.450639e+003,1.061207e+001
2.451121e+003,1.060605e+001
2.451604e+003,1.059864e+001
2.452085e+003,1.059022e+001
2.452568e+003,1.058137e+001
2.453050e+003,1.057265e+001
2.453532e+003,1.056452e+001
2.454014e+003,1.055723e+001
2.454496e+003,1.055083e+001
2.454978e+003,1.054519e+001
2.455460e+003,1.054011e+001
2.455943e+003,1.053538e+001
2.456425e+003,1.053081e+001
2.456907e+003,1.052625e+001
2.457389e+003,1.052159e+001
2.457871e+003,1.051674e+001
2.458353e+003,1.051162e+001
2.458835e+003,1.050622e+001
2.459317e+003,1.050058e+001
2.459800e+003,1.049475e+001
2.460282e+003,1.048886e+001
2.460764e+003,1.048301e+001
2.461246e+003,1.047734e+001
2.461728e+003,1.047195e+001
2.462210e+003,1.046698e+001
2.462692e+003,1.046253e+001
2.463174e+003,1.045869e+001
2.463656e+003,1.045544e+001
2.464139e+003,1.045268e+001
2.464621e+003,1.045018e+001
2.465103e+003,1.044764e+001
2.465585e+003,1.044473e+001
2.466067e+003,1.044123e+001
2.466549e+003,1.043707e+001
2.467031e+003,1.043235e+001
2.467513e+003,1.042723e+001
2.467996e+003,1.042194e+001
2.468478e+003,1.041657e+001
2.468960e+003,1.041112e+001
2.469442e+003,1.040546e+001
2.469924e+003,1.039944e+001
2.470406e+003,1.039295e+001
2.470888e+003,1.038605e+001
2.471371e+003,1.037894e+001
2.471853e+003,1.037195e+001
2.472335e+003,1.036542e+001
2.472817e+003,1.035965e+001
2.473299e+003,1.035480e+001
2.473781e+003,1.035095e+001
2.474263e+003,1.034804e+001
2.474745e+003,1.034596e+001
2.475228e+003,1.034451e+001
2.475710e+003,1.034348e+001
2.476192e+003,1.034255e+001
2.476674e+003,1.034138e+001
2.477156e+003,1.033964e+001
2.477638e+003,1.033702e+001
2.478120e+003,1.033334e+001
2.478602e+003,1.032854e+001
2.479084e+003,1.032271e+001
2.479567e+003,1.031604e+001
2.480049e+003,1.030877e+001
2.480531e+003,1.030114e+001
2.481013e+003,1.029341e+001
2.481495e+003,1.028584e+001
2.481977e+003,1.027867e+001
2.482459e+003,1.027213e+001
2.482941e+003,1.026640e+001
2.483424e+003,1.026153e+001
2.483906e+003,1.025742e+001
2.484388e+003,1.025383e+001
2.484870e+003,1.025047e+001
2.485352e+003,1.024703e+001
2.485834e+003,1.024335e+001
2.486316e+003,1.023941e+001
2.486799e+003,1.023530e+001
2.487281e+003,1.023117e+001
2.487763e+003,1.022710e+001
2.488245e+003,1.022304e+001
2.488727e+003,1.021877e+001
2.489209e+003,1.021399e+001
2.489691e+003,1.020842e+001
2.490173e+003,1.020189e+001
2.490656e+003,1.019443e+001
2.491138e+003,1.018624e+001
2.491620e+003,1.017766e+001
2.492102e+003,1.016910e+001
2.492584e+003,1.016089e+001
2.493066e+003,1.015331e+001
2.493548e+003,1.014648e+001
2.494030e+003,1.014045e+001
2.494512e+003,1.013513e+001
2.494995e+003,1.013038e+001
2.495477e+003,1.012600e+001
2.495959e+003,1.012181e+001
2.496441e+003,1.011764e+001
2.496923e+003,1.011339e+001
2.497405e+003,1.010905e+001
2.497887e+003,1.010468e+001
2.498370e+003,1.010032e+001
2.498852e+003,1.009603e+001
2.499334e+003,1.009176e+001
2.499816e+003,1.008737e+001
2.500298e+003,1.008272e+001
2.500780e+003,1.007765e+001
2.501262e+003,1.007210e+001
2.501744e+003,1.006613e+001
2.502227e+003,1.005988e+001
2.502709e+003,1.005353e+001
2.503191e+003,1.004723e+001
2.503673e+003,1.004104e+001
2.504155e+003,1.003497e+001
2.504637e+003,1.002899e+001
2.505119e+003,1.002304e+001
2.505601e+003,1.001714e+001
2.506083e+003,1.001130e+001
2.506566e+003,1.000552e+001
2.507048e+003,9.999744e+000
2.507530e+003,9.993834e+000
2.508012e+003,9.987585e+000
2.508494e+003,9.980815e+000
2.508976e+003,9.973403e+000
2.509458e+003,9.965364e+000
2.509940e+003,9.956836e+000
2.510423e+003,9.948054e+000
2.510905e+003,9.939260e+000
2.511387e+003,9.930654e+000
2.511869e+003,9.922348e+000
2.512351e+003,9.914415e+000
2.512833e+003,9.906884e+000
2.513315e+003,9.899812e+000
2.513798e+003,9.893273e+000
2.514280e+003,9.887354e+000
2.514762e+003,9.882083e+000
2.515244e+003,9.877409e+000
2.515726e+003,9.873178e+000
2.516208e+003,9.869154e+000
2.516690e+003,9.865062e+000
2.517172e+003,9.860655e+000
2.517655e+003,9.855753e+000
2.518137e+003,9.850272e+000
2.518619e+003,9.844214e+000
2.519101e+003,9.837672e+000
2.519583e+003,9.830790e+000
2.520065e+003,9.823771e+000
2.520547e+003,9.816822e+000
2.521029e+003,9.810135e+000
2.521511e+003,9.803831e+000
2.521994e+003,9.797914e+000
2.522476e+003,9.792250e+000
2.522958e+003,9.786601e+000
2.523440e+003,9.780661e+000
2.523922e+003,9.774171e+000
2.524404e+003,9.766964e+000
2.524886e+003,9.759032e+000
2.525368e+003,9.750510e+000
2.525851e+003,9.741629e+000
2.526333e+003,9.732635e+000
2.526815e+003,9.723755e+000
2.527297e+003,9.715154e+000
2.527779e+003,9.706948e+000
2.528261e+003,9.699219e+000
2.528743e+003,9.692032e+000
2.529226e+003,9.685419e+000
2.529708e+003,9.679366e+000
2.530190e+003,9.673757e+000
2.530672e+003,9.668411e+000
2.531154e+003,9.663097e+000
2.531636e+003,9.657593e+000
2.532118e+003,9.651748e+000
2.532600e+003,9.645526e+000
2.533083e+003,9.638987e+000
2.533565e+003,9.632263e+000
2.534047e+003,9.625478e+000
2.534529e+003,9.618714e+000
2.535011e+003,9.611992e+000
2.535493e+003,9.605304e+000
2.535975e+003,9.598631e+000
2.536457e+003,9.591995e+000
2.536939e+003,9.585443e+000
2.537422e+003,9.579054e+000
2.537904e+003,9.572859e+000
2.538386e+003,9.566857e+000
2.538868e+003,9.560972e+000
2.539350e+003,9.555093e+000
2.539832e+003,9.549088e+000
2.540314e+003,9.542840e+000
2.540796e+003,9.536243e+000
2.541279e+003,9.529221e+000
2.541761e+003,9.521715e+000
2.542243e+003,9.513708e+000
2.542725e+003,9.505252e+000
2.543207e+003,9.496509e+000
2.543689e+003,9.487733e+000
2.544171e+003,9.479257e+000
2.544654e+003,9.471383e+000
2.545135e+003,9.464314e+000
2.545618e+003,9.458052e+000
2.546100e+003,9.452399e+000
2.546582e+003,9.447004e+000
2.547064e+003,9.441489e+000
2.547546e+003,9.435559e+000
2.548028e+003,9.429110e+000
2.548510e+003,9.422227e+000
2.548993e+003,9.415141e+000
2.549475e+003,9.408106e+000
2.549957e+003,9.401314e+000
2.550439e+003,9.394836e+000
2.550921e+003,9.388638e+000
2.551403e+003,9.382627e+000
2.551885e+003,9.376737e+000
2.552367e+003,9.370953e+000
2.552850e+003,9.365335e+000
2.553332e+003,9.359941e+000
2.553814e+003,9.354801e+000
2.554296e+003,9.349832e+000
2.554778e+003,9.344863e+000
2.555260e+003,9.339627e+000
2.555742e+003,9.333850e+000
2.556224e+003,9.327286e+000
2.556707e+003,9.319810e+000
2.557189e+003,9.311422e+000
2.557671e+003,9.302299e+000
2.558153e+003,9.292750e+000
2.558635e+003,9.283214e+000
2.559117e+003,9.274160e+000
2.559599e+003,9.266024e+000
2.560082e+003,9.259068e+000
2.560563e+003,9.253325e+000
2.561046e+003,9.248540e+000
2.561528e+003,9.244224e+000
2.562010e+003,9.239765e+000
2.562492e+003,9.234606e+000
2.562974e+003,9.228382e+000
2.563456e+003,9.221034e+000
2.563938e+003,9.212798e+000
2.564421e+003,9.204127e+000
2.564903e+003,9.195525e+000
2.565385e+003,9.187410e+000
2.565867e+003,9.180013e+000
2.566349e+003,9.173354e+000
2.566831e+003,9.167295e+000
2.567313e+003,9.161650e+000
2.567795e+003,9.156258e+000
2.568278e+003,9.151042e+000
2.568760e+003,9.146012e+000
2.569242e+003,9.141200e+000
2.569724e+003,9.136617e+000
2.570206e+003,9.132213e+000
2.570688e+003,9.127833e+000
2.571170e+003,9.123257e+000
2.571652e+003,9.118206e+000
2.572135e+003,9.112421e+000
2.572617e+003,9.105696e+000
2.573099e+003,9.097930e+000
2.573581e+003,9.089168e+000
2.574063e+003,9.079608e+000
2.574545e+003,9.069583e+000
2.575027e+003,9.059530e+000
2.575510e+003,9.049888e+000
2.575991e+003,9.041021e+000
2.576474e+003,9.033144e+000
2.576956e+003,9.026286e+000
2.577438e+003,9.020303e+000
2.577920e+003,9.014955e+000
2.578402e+003,9.009972e+000
2.578884e+003,9.005162e+000
2.579366e+003,9.000430e+000
2.579849e+003,8.995822e+000
2.580331e+003,8.991458e+000
2.580813e+003,8.987502e+000
2.581295e+003,8.984082e+000
2.581777e+003,8.981263e+000
2.582259e+003,8.978981e+000
2.582741e+003,8.977065e+000
2.583223e+003,8.975230e+000
2.583706e+003,8.973122e+000
2.584188e+003,8.970367e+000
2.584670e+003,8.966654e+000
2.585152e+003,8.961800e+000
2.585634e+003,8.955825e+000
2.586116e+003,8.948927e+000
2.586598e+003,8.941471e+000
2.587080e+003,8.933878e+000
2.587563e+003,8.926513e+000
2.588045e+003,8.919582e+000
2.588527e+003,8.913088e+000
2.589009e+003,8.906838e+000
2.589491e+003,8.900525e+000
2.589973e+003,8.893817e+000
2.590455e+003,8.886476e+000
2.590938e+003,8.878418e+000
2.591419e+003,8.869760e+000
2.591902e+003,8.860784e+000
2.592384e+003,8.851921e+000
2.592866e+003,8.843685e+000
2.593348e+003,8.836607e+000
2.593830e+003,8.831151e+000
2.594312e+003,8.827631e+000
2.594794e+003,8.826122e+000
2.595277e+003,8.826412e+000
2.595759e+003,8.827978e+000
2.596241e+003,8.830068e+000
2.596723e+003,8.831814e+000
2.597205e+003,8.832432e+000
2.597687e+003,8.831351e+000
2.598169e+003,8.828349e+000
2.598651e+003,8.823539e+000
2.599134e+003,8.817334e+000
2.599616e+003,8.810285e+000
2.600098e+003,8.802950e+000
2.600580e+003,8.795758e+000
2.601062e+003,8.788959e+000
2.601544e+003,8.782602e+000
2.602026e+003,8.776598e+000
2.602508e+003,8.770773e+000
2.602990e+003,8.764946e+000
2.603473e+003,8.758979e+000
2.603955e+003,8.752812e+000
2.604437e+003,8.746469e+000
2.604919e+003,8.740069e+000
2.605401e+003,8.733774e+000
2.605883e+003,8.727780e+000
2.606365e+003,8.722251e+000
2.606847e+003,8.717284e+000
2.607330e+003,8.712883e+000
2.607812e+003,8.708966e+000
2.608294e+003,8.705379e+000
2.608776e+003,8.701963e+000
2.609258e+003,8.698567e+000
2.609740e+003,8.695101e+000
2.610222e+003,8.691508e+000
2.610705e+003,8.687767e+000
2.611187e+003,8.683870e+000
2.611669e+003,8.679810e+000
2.612151e+003,8.675573e+000
2.612633e+003,8.671174e+000
2.613115e+003,8.666639e+000
2.613597e+003,8.662011e+000
2.614079e+003,8.657334e+000
2.614562e+003,8.652641e+000
2.615044e+003,8.647923e+000
2.615526e+003,8.643172e+000
2.616008e+003,8.638378e+000
2.616490e+003,8.633583e+000
2.616972e+003,8.628872e+000
2.617454e+003,8.624374e+000
2.617936e+003,8.620194e+000
2.618418e+003,8.616390e+000
2.618901e+003,8.612913e+000
2.619383e+003,8.609632e+000
2.619865e+003,8.606354e+000
2.620347e+003,8.602920e+000
2.620829e+003,8.599225e+000
2.621311e+003,8.595271e+000
2.621793e+003,8.591131e+000
2.622276e+003,8.586913e+000
2.622758e+003,8.582689e+000
2.623240e+003,8.578478e+000
2.623722e+003,8.574231e+000
2.624204e+003,8.569881e+000
2.624686e+003,8.565350e+000
2.625168e+003,8.560603e+000
2.625650e+003,8.555643e+000
2.626133e+003,8.550508e+000
2.626615e+003,8.545261e+000
2.627097e+003,8.539992e+000
2.627579e+003,8.534837e+000
2.628061e+003,8.529983e+000
2.628543e+003,8.525653e+000
2.629025e+003,8.522077e+000
2.629507e+003,8.519393e+000
2.629990e+003,8.517600e+000
2.630472e+003,8.516479e+000
2.630954e+003,8.515637e+000
2.631436e+003,8.514587e+000
2.631918e+003,8.512882e+000
2.632400e+003,8.510234e+000
2.632882e+003,8.506588e+000
2.633364e+003,8.502112e+000
2.633846e+003,8.497132e+000
2.634329e+003,8.491998e+000
2.634811e+003,8.486990e+000
2.635293e+003,8.482245e+000
2.635775e+003,8.477766e+000
2.636257e+003,8.473453e+000
2.636739e+003,8.469174e+000
2.637221e+003,8.464805e+000
2.637704e+003,8.460255e+000
2.638186e+003,8.455473e+000
2.638668e+003,8.450439e+000
2.639150e+003,8.445172e+000
2.639632e+003,8.439736e+000
2.640114e+003,8.434251e+000
2.640596e+003,8.428875e+000
2.641078e+003,8.423769e+000
2.641561e+003,8.419058e+000
2.642043e+003,8.414764e+000
2.642525e+003,8.410800e+000
2.643007e+003,8.406981e+000
2.643489e+003,8.403095e+000
2.643971e+003,8.398951e+000
2.644453e+003,8.394450e+000
2.644935e+003,8.389594e+000
2.645417e+003,8.384471e+000
2.645900e+003,8.379214e+000
2.646382e+003,8.373960e+000
2.646864e+003,8.368825e+000
2.647346e+003,8.363903e+000
2.647828e+003,8.359266e+000
2.648310e+003,8.354965e+000
2.648792e+003,8.351016e+000
2.649274e+003,8.347371e+000
2.649757e+003,8.343893e+000
2.650239e+003,8.340385e+000
2.650721e+003,8.336620e+000
2.651203e+003,8.332420e+000
2.651685e+003,8.327720e+000
2.652167e+003,8.322604e+000
2.652649e+003,8.317273e+000
2.653132e+003,8.311983e+000
2.653614e+003,8.306944e+000
2.654096e+003,8.302265e+000
2.654578e+003,8.297905e+000
2.655060e+003,8.293716e+000
2.655542e+003,8.289506e+000
2.656024e+003,8.285110e+000
2.656506e+003,8.280453e+000
2.656989e+003,8.275552e+000
2.657471e+003,8.270491e+000
2.657953e+003,8.265396e+000
2.658435e+003,8.260371e+000
2.658917e+003,8.255510e+000
2.659399e+003,8.250868e+000
2.659881e+003,8.246485e+000
2.660363e+003,8.242376e+000
2.660845e+003,8.238526e+000
2.661328e+003,8.234867e+000
2.661810e+003,8.231259e+000
2.662292e+003,8.227520e+000
2.662774e+003,8.223458e+000
2.663256e+003,8.218901e+000
2.663738e+003,8.213782e+000
2.664220e+003,8.208134e+000
2.664702e+003,8.202105e+000
2.665185e+003,8.195913e+000
2.665667e+003,8.189810e+000
2.666149e+003,8.183995e+000
2.666631e+003,8.178607e+000
2.667113e+003,8.173669e+000
2.667595e+003,8.169102e+000
2.668077e+003,8.164733e+000
2.668560e+003,8.160340e+000
2.669042e+003,8.155696e+000
2.669524e+003,8.150633e+000
2.670006e+003,8.145087e+000
2.670488e+003,8.139136e+000
2.670970e+003,8.132961e+000
2.671452e+003,8.126812e+000
2.671934e+003,8.120912e+000
2.672417e+003,8.115401e+000
2.672899e+003,8.110279e+000
2.673381e+003,8.105426e+000
2.673863e+003,8.100648e+000
2.674345e+003,8.095769e+000
2.674827e+003,8.090684e+000
2.675309e+003,8.085402e+000
2.675791e+003,8.079999e+000
2.676273e+003,8.074566e+000
2.676756e+003,8.069138e+000
2.677238e+003,8.063664e+000
2.677720e+003,8.058019e+000
2.678202e+003,8.052073e+000
2.678684e+003,8.045758e+000
2.679166e+003,8.039139e+000
2.679648e+003,8.032400e+000
2.680130e+003,8.025825e+000
2.680613e+003,8.019702e+000
2.681095e+003,8.014256e+000
2.681577e+003,8.009589e+000
2.682059e+003,8.005672e+000
2.682541e+003,8.002347e+000
2.683023e+003,7.999391e+000
2.683505e+003,7.996521e+000
2.683988e+003,7.993462e+000
2.684469e+003,7.989943e+000
2.684952e+003,7.985752e+000
2.685434e+003,7.980753e+000
2.685916e+003,7.974943e+000
2.686398e+003,7.968455e+000
2.686880e+003,7.961550e+000
2.687362e+003,7.954563e+000
2.687844e+003,7.947833e+000
2.688327e+003,7.941601e+000
2.688809e+003,7.935973e+000
2.689291e+003,7.930880e+000
2.689773e+003,7.926143e+000
2.690255e+003,7.921502e+000
2.690737e+003,7.916685e+000
2.691219e+003,7.911463e+000
2.691701e+003,7.905666e+000
2.692184e+003,7.899173e+000
2.692666e+003,7.891922e+000
2.693148e+003,7.883915e+000
2.693630e+003,7.875233e+000
2.694112e+003,7.866048e+000
2.694594e+003,7.856623e+000
2.695076e+003,7.847273e+000
2.695558e+003,7.838315e+000
2.696041e+003,7.829991e+000
2.696523e+003,7.822425e+000
2.697005e+003,7.815602e+000
2.697487e+003,7.809402e+000
2.697969e+003,7.803630e+000
2.698451e+003,7.798114e+000
2.698933e+003,7.792717e+000
2.699416e+003,7.787374e+000
2.699897e+003,7.782084e+000
2.700380e+003,7.776892e+000
2.700862e+003,7.771851e+000
2.701344e+003,7.767018e+000
2.701826e+003,7.762416e+000
2.702308e+003,7.758032e+000
2.702790e+003,7.753796e+000
2.703272e+003,7.749580e+000
2.703755e+003,7.745206e+000
2.704237e+003,7.740468e+000
2.704719e+003,7.735172e+000
2.705201e+003,7.729204e+000
2.705683e+003,7.722533e+000
2.706165e+003,7.715238e+000
2.706647e+003,7.707480e+000
2.707129e+003,7.699450e+000
2.707612e+003,7.691316e+000
2.708094e+003,7.683210e+000
2.708576e+003,7.675212e+000
2.709058e+003,7.667397e+000
2.709540e+003,7.659854e+000
2.710022e+003,7.652720e+000
2.710504e+003,7.646168e+000
2.710986e+003,7.640366e+000
2.711469e+003,7.635425e+000
2.711951e+003,7.631359e+000
2.712433e+003,7.628057e+000
2.712915e+003,7.625299e+000
2.713397e+003,7.622793e+000
2.713879e+003,7.620225e+000
2.714361e+003,7.617312e+000
2.714844e+003,7.613839e+000
2.715325e+003,7.609686e+000
2.715808e+003,7.604822e+000
2.716290e+003,7.599323e+000
2.716772e+003,7.593335e+000
2.717254e+003,7.587049e+000
2.717736e+003,7.580654e+000
2.718218e+003,7.574289e+000
2.718700e+003,7.567997e+000
2.719183e+003,7.561713e+000
2.719665e+003,7.555291e+000
2.720147e+003,7.548544e+000
2.720629e+003,7.541330e+000
2.721111e+003,7.533587e+000
2.721593e+003,7.525376e+000
2.722075e+003,7.516872e+000
2.722557e+003,7.508340e+000
2.723040e+003,7.500084e+000
2.723522e+003,7.492400e+000
2.724004e+003,7.485564e+000
2.724486e+003,7.479801e+000
2.724968e+003,7.475255e+000
2.725450e+003,7.471956e+000
2.725932e+003,7.469790e+000
2.726414e+003,7.468456e+000
2.726896e+003,7.467500e+000
2.727379e+003,7.466357e+000
2.727861e+003,7.464451e+000
2.728343e+003,7.461324e+000
2.728825e+003,7.456712e+000
2.729307e+003,7.450602e+000
2.729789e+003,7.443191e+000
2.730271e+003,7.434825e+000
2.730753e+003,7.425890e+000
2.731236e+003,7.416736e+000
2.731718e+003,7.407650e+000
2.732200e+003,7.398840e+000
2.732682e+003,7.390478e+000
2.733164e+003,7.382727e+000
2.733646e+003,7.375734e+000
2.734128e+003,7.369623e+000
2.734611e+003,7.364444e+000
2.735093e+003,7.360155e+000
2.735575e+003,7.356617e+000
2.736057e+003,7.353617e+000
2.736539e+003,7.350905e+000
2.737021e+003,7.348249e+000
2.737503e+003,7.345447e+000
2.737985e+003,7.342335e+000
2.738468e+003,7.338792e+000
2.738950e+003,7.334727e+000
2.739432e+003,7.330078e+000
2.739914e+003,7.324841e+000
2.740396e+003,7.319058e+000
2.740878e+003,7.312837e+000
2.741360e+003,7.306304e+000
2.741842e+003,7.299596e+000
2.742324e+003,7.292809e+000
2.742807e+003,7.285990e+000
2.743289e+003,7.279130e+000
2.743771e+003,7.272207e+000
2.744253e+003,7.265198e+000
2.744735e+003,7.258116e+000
2.745217e+003,7.250996e+000
2.745699e+003,7.243894e+000
2.746182e+003,7.236867e+000
2.746664e+003,7.229969e+000
2.747146e+003,7.223246e+000
2.747628e+003,7.216774e+000
2.748110e+003,7.210643e+000
2.748592e+003,7.204947e+000
2.749074e+003,7.199769e+000
2.749556e+003,7.195117e+000
2.750039e+003,7.190917e+000
2.750521e+003,7.186989e+000
2.751003e+003,7.183107e+000
2.751485e+003,7.179047e+000
2.751967e+003,7.174634e+000
2.752449e+003,7.169803e+000
2.752931e+003,7.164578e+000
2.753413e+003,7.159067e+000
2.753896e+003,7.153401e+000
2.754378e+003,7.147710e+000
2.754860e+003,7.142095e+000
2.755342e+003,7.136633e+000
2.755824e+003,7.131359e+000
2.756306e+003,7.126284e+000
2.756788e+003,7.121352e+000
2.757270e+003,7.116465e+000
2.757752e+003,7.111462e+000
2.758235e+003,7.106174e+000
2.758717e+003,7.100467e+000
2.759199e+003,7.094316e+000
2.759681e+003,7.087827e+000
2.760163e+003,7.081232e+000
2.760645e+003,7.074819e+000
2.761127e+003,7.068853e+000
2.761610e+003,7.063491e+000
2.762092e+003,7.058755e+000
2.762574e+003,7.054553e+000
2.763056e+003,7.050752e+000
2.763538e+003,7.047236e+000
2.764020e+003,7.043966e+000
2.764502e+003,7.040953e+000
2.764984e+003,7.038208e+000
2.765467e+003,7.035657e+000
2.765949e+003,7.033100e+000
2.766431e+003,7.030219e+000
2.766913e+003,7.026652e+000
2.767395e+003,7.022096e+000
2.767877e+003,7.016419e+000
2.768359e+003,7.009706e+000
2.768841e+003,7.002257e+000
2.769323e+003,6.994499e+000
2.769806e+003,6.986899e+000
2.770288e+003,6.979858e+000
2.770770e+003,6.973647e+000
2.771252e+003,6.968371e+000
2.771734e+003,6.964002e+000
2.772216e+003,6.960392e+000
2.772698e+003,6.957310e+000
2.773180e+003,6.954467e+000
2.773663e+003,6.951556e+000
2.774145e+003,6.948286e+000
2.774627e+003,6.944431e+000
2.775109e+003,6.939862e+000
2.775591e+003,6.934590e+000
2.776073e+003,6.928751e+000
2.776555e+003,6.922592e+000
2.777038e+003,6.916381e+000
2.777520e+003,6.910393e+000
2.778002e+003,6.904819e+000
2.778484e+003,6.899766e+000
2.778966e+003,6.895241e+000
2.779448e+003,6.891178e+000
2.779930e+003,6.887459e+000
2.780412e+003,6.883956e+000
2.780895e+003,6.880543e+000
2.781377e+003,6.877111e+000
2.781859e+003,6.873600e+000
2.782341e+003,6.869993e+000
2.782823e+003,6.866302e+000
2.783305e+003,6.862566e+000
2.783787e+003,6.858821e+000
2.784269e+003,6.855087e+000
2.784751e+003,6.851347e+000
2.785234e+003,6.847568e+000
2.785716e+003,6.843717e+000
2.786198e+003,6.839793e+000
2.786680e+003,6.835839e+000
2.787162e+003,6.831924e+000
2.787644e+003,6.828124e+000
2.788126e+003,6.824479e+000
2.788608e+003,6.820971e+000
2.789091e+003,6.817509e+000
2.789573e+003,6.813966e+000
2.790055e+003,6.810223e+000
2.790537e+003,6.806204e+000
2.791019e+003,6.801918e+000
2.791501e+003,6.797443e+000
2.791983e+003,6.792909e+000
2.792466e+003,6.788455e+000
2.792948e+003,6.784194e+000
2.793430e+003,6.780186e+000
2.793912e+003,6.776434e+000
2.794394e+003,6.772870e+000
2.794876e+003,6.769369e+000
2.795358e+003,6.765752e+000
2.795840e+003,6.761815e+000
2.796323e+003,6.757341e+000
2.796805e+003,6.752173e+000
2.797287e+003,6.746238e+000
2.797769e+003,6.739609e+000
2.798251e+003,6.732494e+000
2.798733e+003,6.725205e+000
2.799215e+003,6.718090e+000
2.799697e+003,6.711467e+000
2.800179e+003,6.705544e+000
2.800662e+003,6.700412e+000
2.801144e+003,6.696043e+000
2.801626e+003,6.692336e+000
2.802108e+003,6.689125e+000
2.802590e+003,6.686214e+000
2.803072e+003,6.683371e+000
2.803554e+003,6.680325e+000
2.804036e+003,6.676795e+000
2.804519e+003,6.672531e+000
2.805001e+003,6.667399e+000
2.805483e+003,6.661443e+000
2.805965e+003,6.654897e+000
2.806447e+003,6.648144e+000
2.806929e+003,6.641602e+000
2.807411e+003,6.635591e+000
2.807894e+003,6.630219e+000
2.808375e+003,6.625354e+000
2.808858e+003,6.620688e+000
2.809340e+003,6.615856e+000
2.809822e+003,6.610600e+000
2.810304e+003,6.604851e+000
2.810786e+003,6.598772e+000
2.811268e+003,6.592668e+000
2.811750e+003,6.586871e+000
2.812233e+003,6.581604e+000
2.812715e+003,6.576901e+000
2.813197e+003,6.572625e+000
2.813679e+003,6.568520e+000
2.814161e+003,6.564326e+000
2.814643e+003,6.559882e+000
2.815125e+003,6.555182e+000
2.815607e+003,6.550348e+000
2.816090e+003,6.545616e+000
2.816572e+003,6.541246e+000
2.817054e+003,6.537460e+000
2.817536e+003,6.534383e+000
2.818018e+003,6.532021e+000
2.818500e+003,6.530246e+000
2.818982e+003,6.528811e+000
2.819464e+003,6.527384e+000
2.819947e+003,6.525604e+000
2.820429e+003,6.523146e+000
2.820911e+003,6.519785e+000
2.821393e+003,6.515434e+000
2.821875e+003,6.510164e+000
2.822357e+003,6.504152e+000
2.822839e+003,6.497635e+000
2.823322e+003,6.490821e+000
2.823803e+003,6.483866e+000
2.824286e+003,6.476858e+000
2.824768e+003,6.469852e+000
2.825250e+003,6.462918e+000
2.825732e+003,6.456187e+000
2.826214e+003,6.449843e+000
2.826696e+003,6.444103e+000
2.827178e+003,6.439140e+000
2.827661e+003,6.435023e+000
2.828143e+003,6.431689e+000
2.828625e+003,6.428938e+000
2.829107e+003,6.426481e+000
2.829589e+003,6.424006e+000
2.830071e+003,6.421252e+000
2.830553e+003,6.418043e+000
2.831035e+003,6.414320e+000
2.831518e+003,6.410118e+000
2.832000e+003,6.405545e+000
2.832482e+003,6.400739e+000
2.832964e+003,6.395823e+000
2.833446e+003,6.390889e+000
2.833928e+003,6.385976e+000
2.834410e+003,6.381071e+000
2.834892e+003,6.376119e+000
2.835375e+003,6.371061e+000
2.835857e+003,6.365868e+000
2.836339e+003,6.360561e+000
2.836821e+003,6.355222e+000
2.837303e+003,6.349963e+000
2.837785e+003,6.344901e+000
2.838267e+003,6.340104e+000
2.838750e+003,6.335569e+000
2.839231e+003,6.331202e+000
2.839714e+003,6.326867e+000
2.840196e+003,6.322410e+000
2.840678e+003,6.317715e+000
2.841160e+003,6.312715e+000
2.841642e+003,6.307419e+000
2.842124e+003,6.301882e+000
2.842606e+003,6.296185e+000
2.843089e+003,6.290425e+000
2.843571e+003,6.284686e+000
2.844053e+003,6.279050e+000
2.844535e+003,6.273582e+000
2.845017e+003,6.268306e+000
2.845499e+003,6.263194e+000
2.845981e+003,6.258139e+000
2.846463e+003,6.252982e+000
2.846946e+003,6.247539e+000
2.847428e+003,6.241662e+000
2.847910e+003,6.235313e+000
2.848392e+003,6.228583e+000
2.848874e+003,6.221684e+000
2.849356e+003,6.214890e+000
2.849838e+003,6.208445e+000
2.850320e+003,6.202495e+000
2.850802e+003,6.197034e+000
2.851285e+003,6.191937e+000
2.851767e+003,6.187012e+000
2.852249e+003,6.182086e+000
2.852731e+003,6.177067e+000
2.853213e+003,6.171959e+000
2.853695e+003,6.166864e+000
2.854177e+003,6.161896e+000
2.854659e+003,6.157150e+000
2.855142e+003,6.152640e+000
2.855624e+003,6.148312e+000
2.856106e+003,6.144040e+000
2.856588e+003,6.139677e+000
2.857070e+003,6.135093e+000
2.857552e+003,6.130204e+000
2.858034e+003,6.124995e+000
2.858517e+003,6.119532e+000
2.858999e+003,6.113969e+000
2.859481e+003,6.108523e+000
2.859963e+003,6.103441e+000
2.860445e+003,6.098944e+000
2.860927e+003,6.095175e+000
2.861409e+003,6.092141e+000
2.861891e+003,6.089699e+000
2.862374e+003,6.087585e+000
2.862856e+003,6.085471e+000
2.863338e+003,6.083038e+000
2.863820e+003,6.080047e+000
2.864302e+003,6.076368e+000
2.864784e+003,6.071982e+000
2.865266e+003,6.066956e+000
2.865748e+003,6.061406e+000
2.866230e+003,6.055470e+000
2.866713e+003,6.049308e+000
2.867195e+003,6.043096e+000
2.867677e+003,6.037020e+000
2.868159e+003,6.031255e+000
2.868641e+003,6.025928e+000
2.869123e+003,6.021092e+000
2.869605e+003,6.016695e+000
2.870088e+003,6.012619e+000
2.870570e+003,6.008735e+000
2.871052e+003,6.004939e+000
2.871534e+003,6.001215e+000
2.872016e+003,5.997618e+000
2.872498e+003,5.994226e+000
2.872980e+003,5.991065e+000
2.873462e+003,5.988051e+000
2.873945e+003,5.984964e+000
2.874427e+003,5.981516e+000
2.874909e+003,5.977421e+000
2.875391e+003,5.972514e+000
2.875873e+003,5.966812e+000
2.876355e+003,5.960536e+000
2.876837e+003,5.954062e+000
2.877319e+003,5.947822e+000
2.877802e+003,5.942204e+000
2.878284e+003,5.937468e+000
2.878766e+003,5.933700e+000
2.879248e+003,5.930787e+000
2.879730e+003,5.928448e+000
2.880212e+003,5.926252e+000
2.880694e+003,5.923696e+000
2.881176e+003,5.920263e+000
2.881658e+003,5.915537e+000
2.882141e+003,5.909286e+000
2.882623e+003,5.901555e+000
2.883105e+003,5.892671e+000
2.883587e+003,5.883218e+000
2.884069e+003,5.873900e+000
2.884551e+003,5.865400e+000
2.885033e+003,5.858230e+000
2.885516e+003,5.852627e+000
2.885998e+003,5.848555e+000
2.886480e+003,5.845759e+000
2.886962e+003,5.843869e+000
2.887444e+003,5.842514e+000
2.887926e+003,5.841389e+000
2.888408e+003,5.840272e+000
2.888890e+003,5.839014e+000
2.889373e+003,5.837487e+000
2.889855e+003,5.835572e+000
2.890337e+003,5.833161e+000
2.890819e+003,5.830165e+000
2.891301e+003,5.826551e+000
2.891783e+003,5.822356e+000
2.892265e+003,5.817655e+000
2.892747e+003,5.812540e+000
2.893229e+003,5.807085e+000
2.893712e+003,5.801315e+000
2.894194e+003,5.795224e+000
2.894676e+003,5.788784e+000
2.895158e+003,5.781982e+000
2.895640e+003,5.774868e+000
2.896122e+003,5.767549e+000
2.896604e+003,5.760204e+000
2.897086e+003,5.753065e+000
2.897569e+003,5.746396e+000
2.898051e+003,5.740462e+000
2.898533e+003,5.735461e+000
2.899015e+003,5.731502e+000
2.899497e+003,5.728550e+000
2.899979e+003,5.726413e+000
2.900461e+003,5.724756e+000
2.900944e+003,5.723173e+000
2.901426e+003,5.721259e+000
2.901908e+003,5.718706e+000
2.902390e+003,5.715359e+000
2.902872e+003,5.711224e+000
2.903354e+003,5.706440e+000
2.903836e+003,5.701208e+000
2.904318e+003,5.695722e+000
2.904801e+003,5.690145e+000
2.905283e+003,5.684610e+000
2.905765e+003,5.679253e+000
2.906247e+003,5.674229e+000
2.906729e+003,5.669723e+000
2.907211e+003,5.665887e+000
2.907693e+003,5.662786e+000
2.908175e+003,5.660312e+000
2.908657e+003,5.658169e+000
2.909140e+003,5.655926e+000
2.909622e+003,5.653086e+000
2.910104e+003,5.649240e+000
2.910586e+003,5.644173e+000
2.911068e+003,5.637906e+000
2.911550e+003,5.630710e+000
2.912032e+003,5.623008e+000
2.912514e+003,5.615292e+000
2.912997e+003,5.607997e+000
2.913479e+003,5.601448e+000
2.913961e+003,5.595793e+000
2.914443e+003,5.591031e+000
2.914925e+003,5.587019e+000
2.915407e+003,5.583534e+000
2.915889e+003,5.580311e+000
2.916372e+003,5.577110e+000
2.916854e+003,5.573763e+000
2.917336e+003,5.570207e+000
2.917818e+003,5.566473e+000
2.918300e+003,5.562663e+000
2.918782e+003,5.558898e+000
2.919264e+003,5.555247e+000
2.919746e+003,5.551683e+000
2.920229e+003,5.548086e+000
2.920711e+003,5.544274e+000
2.921193e+003,5.540077e+000
2.921675e+003,5.535398e+000
2.922157e+003,5.530265e+000
2.922639e+003,5.524827e+000
2.923121e+003,5.519315e+000
2.923603e+003,5.513994e+000
2.924085e+003,5.509095e+000
2.924568e+003,5.504776e+000
2.925050e+003,5.501125e+000
2.925532e+003,5.498128e+000
2.926014e+003,5.495708e+000
2.926496e+003,5.493721e+000
2.926978e+003,5.491980e+000
2.927460e+003,5.490275e+000
2.927942e+003,5.488412e+000
2.928425e+003,5.486252e+000
2.928907e+003,5.483750e+000
2.929389e+003,5.480934e+000
2.929871e+003,5.477888e+000
2.930353e+003,5.474689e+000
2.930835e+003,5.471349e+000
2.931317e+003,5.467779e+000
2.931800e+003,5.463835e+000
2.932281e+003,5.459379e+000
2.932764e+003,5.454382e+000
2.933246e+003,5.448987e+000
2.933728e+003,5.443513e+000
2.934210e+003,5.438405e+000
2.934692e+003,5.434097e+000
2.935174e+003,5.430890e+000
2.935656e+003,5.428867e+000
2.936139e+003,5.427864e+000
2.936621e+003,5.427533e+000
2.937103e+003,5.427439e+000
2.937585e+003,5.427169e+000
2.938067e+003,5.426409e+000
2.938549e+003,5.424974e+000
2.939031e+003,5.422804e+000
2.939513e+003,5.419926e+000
2.939996e+003,5.416442e+000
2.940478e+003,5.412515e+000
2.940960e+003,5.408350e+000
2.941442e+003,5.404178e+000
2.941924e+003,5.400222e+000
2.942406e+003,5.396646e+000
2.942888e+003,5.393504e+000
2.943370e+003,5.390721e+000
2.943853e+003,5.388124e+000
2.944335e+003,5.385487e+000
2.944817e+003,5.382617e+000
2.945299e+003,5.379420e+000
2.945781e+003,5.375923e+000
2.946263e+003,5.372262e+000
2.946745e+003,5.368628e+000
2.947228e+003,5.365211e+000
2.947709e+003,5.362154e+000
2.948192e+003,5.359516e+000
2.948674e+003,5.357284e+000
2.949156e+003,5.355367e+000
2.949638e+003,5.353628e+000
2.950120e+003,5.351871e+000
2.950602e+003,5.349879e+000
2.951084e+003,5.347425e+000
2.951567e+003,5.344325e+000
2.952049e+003,5.340480e+000
2.952531e+003,5.335928e+000
2.953013e+003,5.330857e+000
2.953495e+003,5.325581e+000
2.953977e+003,5.320477e+000
2.954459e+003,5.315901e+000
2.954941e+003,5.312117e+000
2.955424e+003,5.309226e+000
2.955906e+003,5.307167e+000
2.956388e+003,5.305715e+000
2.956870e+003,5.304544e+000
2.957352e+003,5.303262e+000
2.957834e+003,5.301490e+000
2.958316e+003,5.298913e+000
2.958798e+003,5.295347e+000
2.959281e+003,5.290781e+000
2.959763e+003,5.285414e+000
2.960245e+003,5.279602e+000
2.960727e+003,5.273821e+000
2.961209e+003,5.268540e+000
2.961691e+003,5.264098e+000
2.962173e+003,5.260612e+000
2.962656e+003,5.257947e+000
2.963137e+003,5.255750e+000
2.963620e+003,5.253556e+000
2.964102e+003,5.250933e+000
2.964584e+003,5.247581e+000
2.965066e+003,5.243420e+000
2.965548e+003,5.238576e+000
2.966030e+003,5.233322e+000
2.966512e+003,5.227976e+000
2.966995e+003,5.222817e+000
2.967477e+003,5.218022e+000
2.967959e+003,5.213638e+000
2.968441e+003,5.209606e+000
2.968923e+003,5.205804e+000
2.969405e+003,5.202119e+000
2.969887e+003,5.198499e+000
2.970369e+003,5.194983e+000
2.970852e+003,5.191731e+000
2.971334e+003,5.188980e+000
2.971816e+003,5.186991e+000
2.972298e+003,5.185951e+000
2.972780e+003,5.185891e+000
2.973262e+003,5.186606e+000
2.973744e+003,5.187661e+000
2.974226e+003,5.188439e+000
2.974708e+003,5.188264e+000
2.975191e+003,5.186553e+000
2.975673e+003,5.182929e+000
2.976155e+003,5.177315e+000
2.976637e+003,5.169927e+000
2.977119e+003,5.161225e+000
2.977601e+003,5.151816e+000
2.978083e+003,5.142359e+000
2.978565e+003,5.133492e+000
2.979048e+003,5.125767e+000
2.979530e+003,5.119633e+000
2.980012e+003,5.115402e+000
2.980494e+003,5.113210e+000
2.980976e+003,5.113002e+000
2.981458e+003,5.114498e+000
2.981940e+003,5.117234e+000
2.982423e+003,5.120603e+000
2.982905e+003,5.123959e+000
2.983387e+003,5.126707e+000
2.983869e+003,5.128395e+000
2.984351e+003,5.128751e+000
2.984833e+003,5.127688e+000
2.985315e+003,5.125275e+000
2.985797e+003,5.121696e+000
2.986280e+003,5.117188e+000
2.986762e+003,5.112023e+000
2.987244e+003,5.106444e+000
2.987726e+003,5.100661e+000
2.988208e+003,5.094797e+000
2.988690e+003,5.088897e+000
2.989172e+003,5.082934e+000
2.989654e+003,5.076845e+000
2.990136e+003,5.070606e+000
2.990619e+003,5.064285e+000
2.991101e+003,5.058069e+000
2.991583e+003,5.052231e+000
2.992065e+003,5.047068e+000
2.992547e+003,5.042789e+000
2.993029e+003,5.039417e+000
2.993511e+003,5.036767e+000
2.993994e+003,5.034467e+000
2.994476e+003,5.032077e+000
2.994958e+003,5.029205e+000
2.995440e+003,5.025614e+000
2.995922e+003,5.021285e+000
2.996404e+003,5.016391e+000
2.996886e+003,5.011240e+000
2.997368e+003,5.006165e+000
2.997851e+003,5.001455e+000
2.998333e+003,4.997312e+000
2.998815e+003,4.993825e+000
2.999297e+003,4.991004e+000
2.999779e+003,4.988791e+000
3.000261e+003,4.987069e+000
3.000743e+003,4.985682e+000
3.001225e+003,4.984442e+000
3.001708e+003,4.983134e+000
3.002190e+003,4.981562e+000
3.002672e+003,4.979562e+000
3.003154e+003,4.977031e+000
3.003636e+003,4.973945e+000
3.004118e+003,4.970341e+000
3.004600e+003,4.966313e+000
3.005082e+003,4.961986e+000
3.005564e+003,4.957507e+000
3.006047e+003,4.953048e+000
3.006529e+003,4.948781e+000
3.007011e+003,4.944886e+000
3.007493e+003,4.941510e+000
3.007975e+003,4.938760e+000
3.008457e+003,4.936659e+000
3.008939e+003,4.935162e+000
3.009422e+003,4.934157e+000
3.009904e+003,4.933497e+000
3.010386e+003,4.933016e+000
3.010868e+003,4.932549e+000
3.011350e+003,4.931930e+000
3.011832e+003,4.930994e+000
3.012314e+003,4.929581e+000
3.012796e+003,4.927554e+000
3.013279e+003,4.924846e+000
3.013761e+003,4.921484e+000
3.014243e+003,4.917607e+000
3.014725e+003,4.913447e+000
3.015207e+003,4.909271e+000
3.015689e+003,4.905300e+000
3.016171e+003,4.901664e+000
3.016653e+003,4.898373e+000
3.017135e+003,4.895332e+000
3.017618e+003,4.892414e+000
3.018100e+003,4.889509e+000
3.018582e+003,4.886567e+000
3.019064e+003,4.883615e+000
3.019546e+003,4.880700e+000
3.020028e+003,4.877845e+000
3.020510e+003,4.875006e+000
3.020992e+003,4.872066e+000
3.021475e+003,4.868846e+000
3.021957e+003,4.865160e+000
3.022439e+003,4.860863e+000
3.022921e+003,4.855887e+000
3.023403e+003,4.850280e+000
3.023885e+003,4.844182e+000
3.024367e+003,4.837848e+000
3.024850e+003,4.831599e+000
3.025332e+003,4.825811e+000
3.025814e+003,4.820850e+000
3.026296e+003,4.816993e+000
3.026778e+003,4.814353e+000
3.027260e+003,4.812827e+000
3.027742e+003,4.812083e+000
3.028224e+003,4.811622e+000
3.028707e+003,4.810901e+000
3.029189e+003,4.809477e+000
3.029671e+003,4.807126e+000
3.030153e+003,4.803892e+000
3.030635e+003,4.800065e+000
3.031117e+003,4.796053e+000
3.031599e+003,4.792243e+000
3.032081e+003,4.788878e+000
3.032563e+003,4.785997e+000
3.033046e+003,4.783464e+000
3.033528e+003,4.781044e+000
3.034010e+003,4.778502e+000
3.034492e+003,4.775683e+000
3.034974e+003,4.772544e+000
3.035456e+003,4.769123e+000
3.035938e+003,4.765509e+000
3.036420e+003,4.761788e+000
3.036903e+003,4.758029e+000
3.037385e+003,4.754277e+000
3.037867e+003,4.750569e+000
3.038349e+003,4.746934e+000
3.038831e+003,4.743406e+000
3.039313e+003,4.739996e+000
3.039795e+003,4.736682e+000
3.040278e+003,4.733408e+000
3.040760e+003,4.730090e+000
3.041242e+003,4.726632e+000
3.041724e+003,4.722959e+000
3.042206e+003,4.719044e+000
3.042688e+003,4.714898e+000
3.043170e+003,4.710593e+000
3.043652e+003,4.706242e+000
3.044135e+003,4.701989e+000
3.044617e+003,4.697999e+000
3.045099e+003,4.694407e+000
3.045581e+003,4.691296e+000
3.046063e+003,4.688648e+000
3.046545e+003,4.686317e+000
3.047027e+003,4.684049e+000
3.047509e+003,4.681540e+000
3.047991e+003,4.678518e+000
3.048474e+003,4.674852e+000
3.048956e+003,4.670586e+000
3.049438e+003,4.665966e+000
3.049920e+003,4.661351e+000
3.050402e+003,4.657108e+000
3.050884e+003,4.653494e+000
3.051366e+003,4.650559e+000
3.051848e+003,4.648157e+000
3.052331e+003,4.645987e+000
3.052813e+003,4.643690e+000
3.053295e+003,4.640948e+000
3.053777e+003,4.637557e+000
3.054259e+003,4.633453e+000
3.054741e+003,4.628702e+000
3.055223e+003,4.623464e+000
3.055706e+003,4.617967e+000
3.056188e+003,4.612477e+000
3.056670e+003,4.607280e+000
3.057152e+003,4.602642e+000
3.057634e+003,4.598788e+000
3.058116e+003,4.595846e+000
3.058598e+003,4.593821e+000
3.059080e+003,4.592587e+000
3.059563e+003,4.591912e+000
3.060045e+003,4.591524e+000
3.060527e+003,4.591150e+000
3.061009e+003,4.590563e+000
3.061491e+003,4.589602e+000
3.061973e+003,4.588146e+000
3.062455e+003,4.586082e+000
3.062937e+003,4.583309e+000
3.063419e+003,4.579762e+000
3.063902e+003,4.575444e+000
3.064384e+003,4.570477e+000
3.064866e+003,4.565125e+000
3.065348e+003,4.559754e+000
3.065830e+003,4.554770e+000
3.066312e+003,4.550519e+000
3.066794e+003,4.547210e+000
3.067276e+003,4.544879e+000
3.067759e+003,4.543401e+000
3.068241e+003,4.542532e+000
3.068723e+003,4.541984e+000
3.069205e+003,4.541461e+000
3.069687e+003,4.540697e+000
3.070169e+003,4.539453e+000
3.070651e+003,4.537532e+000
3.071134e+003,4.534816e+000
3.071615e+003,4.531281e+000
3.072098e+003,4.527045e+000
3.072580e+003,4.522375e+000
3.073062e+003,4.517629e+000
3.073544e+003,4.513190e+000
3.074026e+003,4.509351e+000
3.074508e+003,4.506238e+000
3.074990e+003,4.503779e+000
3.075473e+003,4.501747e+000
3.075955e+003,4.499834e+000
3.076437e+003,4.497781e+000
3.076919e+003,4.495453e+000
3.077401e+003,4.492876e+000
3.077883e+003,4.490216e+000
3.078365e+003,4.487711e+000
3.078847e+003,4.485576e+000
3.079330e+003,4.483934e+000
3.079812e+003,4.482772e+000
3.080294e+003,4.481946e+000
3.080776e+003,4.481213e+000
3.081258e+003,4.480272e+000
3.081740e+003,4.478824e+000
3.082222e+003,4.476604e+000
3.082704e+003,4.473437e+000
3.083187e+003,4.469244e+000
3.083669e+003,4.464054e+000
3.084151e+003,4.458013e+000
3.084633e+003,4.451351e+000
3.085115e+003,4.444361e+000
3.085597e+003,4.437372e+000
3.086079e+003,4.430712e+000
3.086562e+003,4.424684e+000
3.087043e+003,4.419547e+000
3.087526e+003,4.415504e+000
3.088008e+003,4.412646e+000
3.088490e+003,4.410968e+000
3.088972e+003,4.410322e+000
3.089454e+003,4.410452e+000
3.089936e+003,4.411018e+000
3.090418e+003,4.411669e+000
3.090901e+003,4.412118e+000
3.091383e+003,4.412189e+000
3.091865e+003,4.411853e+000
3.092347e+003,4.411201e+000
3.092829e+003,4.410378e+000
3.093311e+003,4.409515e+000
3.093793e+003,4.408682e+000
3.094275e+003,4.407853e+000
3.094758e+003,4.406924e+000
3.095240e+003,4.405748e+000
3.095722e+003,4.404169e+000
3.096204e+003,4.402056e+000
3.096686e+003,4.399312e+000
3.097168e+003,4.395878e+000
3.097650e+003,4.391722e+000
3.098132e+003,4.386869e+000
3.098615e+003,4.381414e+000
3.099097e+003,4.375528e+000
3.099579e+003,4.369456e+000
3.100061e+003,4.363483e+000
3.100543e+003,4.357879e+000
3.101025e+003,4.352828e+000
3.101507e+003,4.348413e+000
3.101990e+003,4.344598e+000
3.102471e+003,4.341279e+000
3.102954e+003,4.338322e+000
3.103436e+003,4.335608e+000
3.103918e+003,4.333058e+000
3.104400e+003,4.330610e+000
3.104882e+003,4.328192e+000
3.105364e+003,4.325703e+000
3.105846e+003,4.323011e+000
3.106329e+003,4.319992e+000
3.106811e+003,4.316558e+000
3.107293e+003,4.312709e+000
3.107775e+003,4.308538e+000
3.108257e+003,4.304201e+000
3.108739e+003,4.299866e+000
3.109221e+003,4.295669e+000
3.109703e+003,4.291667e+000
3.110186e+003,4.287862e+000
3.110668e+003,4.284218e+000
3.111150e+003,4.280723e+000
3.111632e+003,4.277425e+000
3.112114e+003,4.274453e+000
3.112596e+003,4.272006e+000
3.113078e+003,4.270303e+000
3.113560e+003,4.269543e+000
3.114042e+003,4.269841e+000
3.114525e+003,4.271196e+000
3.115007e+003,4.273459e+000
3.115489e+003,4.276344e+000
3.115971e+003,4.279457e+000
3.116453e+003,4.282342e+000
3.116935e+003,4.284551e+000
3.117417e+003,4.285709e+000
3.117900e+003,4.285583e+000
3.118382e+003,4.284078e+000
3.118864e+003,4.281235e+000
3.119346e+003,4.277188e+000
3.119828e+003,4.272088e+000
3.120310e+003,4.266069e+000
3.120792e+003,4.259251e+000
3.121274e+003,4.251751e+000
3.121757e+003,4.243762e+000
3.122239e+003,4.235580e+000
3.122721e+003,4.227612e+000
3.123203e+003,4.220336e+000
3.123685e+003,4.214207e+000
3.124167e+003,4.209550e+000
3.124649e+003,4.206492e+000
3.125131e+003,4.204932e+000
3.125614e+003,4.204598e+000
3.126096e+003,4.205114e+000
3.126578e+003,4.206093e+000
3.127060e+003,4.207224e+000
3.127542e+003,4.208292e+000
3.128024e+003,4.209179e+000
3.128506e+003,4.209824e+000
3.128988e+003,4.210175e+000
3.129470e+003,4.210178e+000
3.129953e+003,4.209739e+000
3.130435e+003,4.208766e+000
3.130917e+003,4.207154e+000
3.131399e+003,4.204825e+000
3.131881e+003,4.201747e+000
3.132363e+003,4.197953e+000
3.132845e+003,4.193566e+000
3.133328e+003,4.188813e+000
3.133810e+003,4.184016e+000
3.134292e+003,4.179562e+000
3.134774e+003,4.175838e+000
3.135256e+003,4.173161e+000
3.135738e+003,4.171708e+000
3.136220e+003,4.171475e+000
3.136702e+003,4.172276e+000
3.137185e+003,4.173793e+000
3.137667e+003,4.175614e+000
3.138149e+003,4.177326e+000
3.138631e+003,4.178563e+000
3.139113e+003,4.179028e+000
3.139595e+003,4.178518e+000
3.140077e+003,4.176937e+000
3.140559e+003,4.174286e+000
3.141042e+003,4.170692e+000
3.141524e+003,4.166389e+000
3.142006e+003,4.161703e+000
3.142488e+003,4.157008e+000
3.142970e+003,4.152640e+000
3.143452e+003,4.148821e+000
3.143934e+003,4.145613e+000
3.144417e+003,4.142895e+000
3.144898e+003,4.140415e+000
3.145381e+003,4.137844e+000
3.145863e+003,4.134886e+000
3.146345e+003,4.131342e+000
3.146827e+003,4.127156e+000
3.147309e+003,4.122408e+000
3.147791e+003,4.117288e+000
3.148273e+003,4.112035e+000
3.148756e+003,4.106896e+000
3.149238e+003,4.102093e+000
3.149720e+003,4.097786e+000
3.150202e+003,4.094080e+000
3.150684e+003,4.091027e+000
3.151166e+003,4.088619e+000
3.151648e+003,4.086823e+000
3.152130e+003,4.085562e+000
3.152613e+003,4.084758e+000
3.153095e+003,4.084326e+000
3.153577e+003,4.084173e+000
3.154059e+003,4.084217e+000
3.154541e+003,4.084367e+000
3.155023e+003,4.084517e+000
3.155505e+003,4.084553e+000
3.155987e+003,4.084350e+000
3.156469e+003,4.083783e+000
3.156952e+003,4.082727e+000
3.157434e+003,4.081083e+000
3.157916e+003,4.078775e+000
3.158398e+003,4.075788e+000
3.158880e+003,4.072180e+000
3.159362e+003,4.068099e+000
3.159844e+003,4.063795e+000
3.160326e+003,4.059593e+000
3.160809e+003,4.055823e+000
3.161291e+003,4.052761e+000
3.161773e+003,4.050521e+000
3.162255e+003,4.049009e+000
3.162737e+003,4.047930e+000
3.163219e+003,4.046848e+000
3.163701e+003,4.045314e+000
3.164184e+003,4.042987e+000
3.164666e+003,4.039738e+000
3.165148e+003,4.035663e+000
3.165630e+003,4.031049e+000
3.166112e+003,4.026255e+000
3.166594e+003,4.021595e+000
3.167076e+003,4.017240e+000
3.167558e+003,4.013203e+000
3.168041e+003,4.009367e+000
3.168523e+003,4.005559e+000
3.169005e+003,4.001654e+000
3.169487e+003,3.997623e+000
3.169969e+003,3.993560e+000
3.170451e+003,3.989651e+000
3.170933e+003,3.986140e+000
3.171415e+003,3.983260e+000
3.171897e+003,3.981215e+000
3.172380e+003,3.980115e+000
3.172862e+003,3.979978e+000
3.173344e+003,3.980703e+000
3.173826e+003,3.982067e+000
3.174308e+003,3.983753e+000
3.174790e+003,3.985375e+000
3.175272e+003,3.986565e+000
3.175754e+003,3.987035e+000
3.176237e+003,3.986647e+000
3.176719e+003,3.985434e+000
3.177201e+003,3.983580e+000
3.177683e+003,3.981357e+000
3.178165e+003,3.979023e+000
3.178647e+003,3.976766e+000
3.179129e+003,3.974649e+000
3.179612e+003,3.972621e+000
3.180094e+003,3.970549e+000
3.180576e+003,3.968277e+000
3.181058e+003,3.965672e+000
3.181540e+003,3.962643e+000
3.182022e+003,3.959165e+000
3.182504e+003,3.955251e+000
3.182986e+003,3.950967e+000
3.183469e+003,3.946425e+000
3.183951e+003,3.941777e+000
3.184433e+003,3.937220e+000
3.184915e+003,3.932978e+000
3.185397e+003,3.929269e+000
3.185879e+003,3.926285e+000
3.186361e+003,3.924137e+000
3.186843e+003,3.922855e+000
3.187325e+003,3.922369e+000
3.187808e+003,3.922503e+000
3.188290e+003,3.922998e+000
3.188772e+003,3.923519e+000
3.189254e+003,3.923700e+000
3.189736e+003,3.923195e+000
3.190218e+003,3.921730e+000
3.190700e+003,3.919179e+000
3.191182e+003,3.915611e+000
3.191665e+003,3.911266e+000
3.192147e+003,3.906537e+000
3.192629e+003,3.901861e+000
3.193111e+003,3.897615e+000
3.193593e+003,3.894035e+000
3.194075e+003,3.891187e+000
3.194557e+003,3.888975e+000
3.195040e+003,3.887217e+000
3.195521e+003,3.885724e+000
3.196004e+003,3.884351e+000
3.196486e+003,3.883020e+000
3.196968e+003,3.881696e+000
3.197450e+003,3.880345e+000
3.197932e+003,3.878891e+000
3.198414e+003,3.877226e+000
3.198896e+003,3.875231e+000
3.199379e+003,3.872825e+000
3.199861e+003,3.870019e+000
3.200343e+003,3.866927e+000
3.200825e+003,3.863743e+000
3.201307e+003,3.860708e+000
3.201789e+003,3.858040e+000
3.202271e+003,3.855905e+000
3.202753e+003,3.854383e+000
3.203236e+003,3.853470e+000
3.203718e+003,3.853083e+000
3.204200e+003,3.853077e+000
3.204682e+003,3.853246e+000
3.205164e+003,3.853350e+000
3.205646e+003,3.853131e+000
3.206128e+003,3.852362e+000
3.206610e+003,3.850896e+000
3.207093e+003,3.848683e+000
3.207575e+003,3.845800e+000
3.208057e+003,3.842430e+000
3.208539e+003,3.838805e+000
3.209021e+003,3.835162e+000
3.209503e+003,3.831680e+000
3.209985e+003,3.828469e+000
3.210468e+003,3.825572e+000
3.210949e+003,3.822980e+000
3.211432e+003,3.820656e+000
3.211914e+003,3.818556e+000
3.212396e+003,3.816622e+000
3.212878e+003,3.814786e+000
3.213360e+003,3.812976e+000
3.213842e+003,3.811135e+000
3.214324e+003,3.809244e+000
3.214807e+003,3.807355e+000
3.215289e+003,3.805570e+000
3.215771e+003,3.804033e+000
3.216253e+003,3.802845e+000
3.216735e+003,3.802021e+000
3.217217e+003,3.801452e+000
3.217699e+003,3.800915e+000
3.218181e+003,3.800119e+000
3.218664e+003,3.798794e+000
3.219146e+003,3.796758e+000
3.219628e+003,3.793986e+000
3.220110e+003,3.790608e+000
3.220592e+003,3.786891e+000
3.221074e+003,3.783151e+000
3.221556e+003,3.779709e+000
3.222038e+003,3.776835e+000
3.222521e+003,3.774703e+000
3.223003e+003,3.773385e+000
3.223485e+003,3.772848e+000
3.223967e+003,3.772965e+000
3.224449e+003,3.773525e+000
3.224931e+003,3.774251e+000
3.225413e+003,3.774841e+000
3.225896e+003,3.774997e+000
3.226377e+003,3.774448e+000
3.226860e+003,3.772995e+000
3.227342e+003,3.770512e+000
3.227824e+003,3.766943e+000
3.228306e+003,3.762315e+000
3.228788e+003,3.756720e+000
3.229270e+003,3.750329e+000
3.229752e+003,3.743400e+000
3.230235e+003,3.736263e+000
3.230717e+003,3.729314e+000
3.231199e+003,3.722954e+000
3.231681e+003,3.717539e+000
3.232163e+003,3.713330e+000
3.232645e+003,3.710435e+000
3.233127e+003,3.708802e+000
3.233609e+003,3.708240e+000
3.234092e+003,3.708443e+000
3.234574e+003,3.709057e+000
3.235056e+003,3.709734e+000
3.235538e+003,3.710192e+000
3.236020e+003,3.710276e+000
3.236502e+003,3.709956e+000
3.236984e+003,3.709366e+000
3.237466e+003,3.708740e+000
3.237948e+003,3.708348e+000
3.238431e+003,3.708398e+000
3.238913e+003,3.708937e+000
3.239395e+003,3.709801e+000
3.239877e+003,3.710624e+000
3.240359e+003,3.710906e+000
3.240841e+003,3.710170e+000
3.241323e+003,3.708087e+000
3.241806e+003,3.704592e+000
3.242288e+003,3.699893e+000
3.242770e+003,3.694430e+000
3.243252e+003,3.688731e+000
3.243734e+003,3.683307e+000
3.244216e+003,3.678504e+000
3.244698e+003,3.674498e+000
3.245180e+003,3.671292e+000
3.245663e+003,3.668784e+000
3.246145e+003,3.666837e+000
3.246627e+003,3.665334e+000
3.247109e+003,3.664157e+000
3.247591e+003,3.663189e+000
3.248073e+003,3.662286e+000
3.248555e+003,3.661284e+000
3.249037e+003,3.660020e+000
3.249520e+003,3.658382e+000
3.250002e+003,3.656335e+000
3.250484e+003,3.653944e+000
3.250966e+003,3.651341e+000
3.251448e+003,3.648684e+000
3.251930e+003,3.646085e+000
3.252412e+003,3.643604e+000
3.252894e+003,3.641229e+000
3.253376e+003,3.638890e+000
3.253859e+003,3.636508e+000
3.254341e+003,3.634029e+000
3.254823e+003,3.631443e+000
3.255305e+003,3.628789e+000
3.255787e+003,3.626141e+000
3.256269e+003,3.623598e+000
3.256751e+003,3.621240e+000
3.257234e+003,3.619101e+000
3.257716e+003,3.617144e+000
3.258198e+003,3.615242e+000
3.258680e+003,3.613175e+000
3.259162e+003,3.610681e+000
3.259644e+003,3.607526e+000
3.260126e+003,3.603591e+000
3.260608e+003,3.598931e+000
3.261091e+003,3.593803e+000
3.261573e+003,3.588610e+000
3.262055e+003,3.583811e+000
3.262537e+003,3.579764e+000
3.263019e+003,3.576654e+000
3.263501e+003,3.574435e+000
3.263983e+003,3.572895e+000
3.264465e+003,3.571752e+000
3.264948e+003,3.570784e+000
3.265430e+003,3.569907e+000
3.265912e+003,3.569191e+000
3.266394e+003,3.568776e+000
3.266876e+003,3.568750e+000
3.267358e+003,3.569066e+000
3.267840e+003,3.569473e+000
3.268323e+003,3.569574e+000
3.268804e+003,3.568913e+000
3.269287e+003,3.567137e+000
3.269769e+003,3.564103e+000
3.270251e+003,3.559933e+000
3.270733e+003,3.554977e+000
3.271215e+003,3.549746e+000
3.271697e+003,3.544764e+000
3.272179e+003,3.540454e+000
3.272662e+003,3.537081e+000
3.273144e+003,3.534670e+000
3.273626e+003,3.533067e+000
3.274108e+003,3.531979e+000
3.274590e+003,3.531054e+000
3.275072e+003,3.529982e+000
3.275554e+003,3.528557e+000
3.276036e+003,3.526738e+000
3.276519e+003,3.524617e+000
3.277001e+003,3.522388e+000
3.277483e+003,3.520255e+000
3.277965e+003,3.518343e+000
3.278447e+003,3.516644e+000
3.278929e+003,3.514991e+000
3.279411e+003,3.513149e+000
3.279893e+003,3.510881e+000
3.280375e+003,3.508065e+000
3.280858e+003,3.504747e+000
3.281340e+003,3.501156e+000
3.281822e+003,3.497628e+000
3.282304e+003,3.494516e+000
3.282786e+003,3.492075e+000
3.283268e+003,3.490408e+000
3.283750e+003,3.489459e+000
3.284232e+003,3.489051e+000
3.284715e+003,3.488945e+000
3.285197e+003,3.488920e+000
3.285679e+003,3.488793e+000
3.286161e+003,3.488434e+000
3.286643e+003,3.487762e+000
3.287125e+003,3.486729e+000
3.287607e+003,3.485329e+000
3.288090e+003,3.483591e+000
3.288572e+003,3.481590e+000
3.289054e+003,3.479443e+000
3.289536e+003,3.477257e+000
3.290018e+003,3.475111e+000
3.290500e+003,3.473018e+000
3.290982e+003,3.470927e+000
3.291464e+003,3.468754e+000
3.291947e+003,3.466426e+000
3.292429e+003,3.463918e+000
3.292911e+003,3.461286e+000
3.293393e+003,3.458626e+000
3.293875e+003,3.456042e+000
3.294357e+003,3.453596e+000
3.294839e+003,3.451284e+000
3.295321e+003,3.449051e+000
3.295803e+003,3.446821e+000
3.296286e+003,3.444565e+000
3.296768e+003,3.442328e+000
3.297250e+003,3.440226e+000
3.297732e+003,3.438419e+000
3.298214e+003,3.437030e+000
3.298696e+003,3.436123e+000
3.299178e+003,3.435662e+000
3.299660e+003,3.435529e+000
3.300143e+003,3.435566e+000
3.300625e+003,3.435628e+000
3.301107e+003,3.435598e+000
3.301589e+003,3.435393e+000
3.302071e+003,3.434927e+000
3.302553e+003,3.434077e+000
3.303035e+003,3.432664e+000
3.303518e+003,3.430475e+000
3.304000e+003,3.427304e+000
3.304482e+003,3.423054e+000
3.304964e+003,3.417787e+000
3.305446e+003,3.411796e+000
3.305928e+003,3.405562e+000
3.306410e+003,3.399703e+000
3.306892e+003,3.394859e+000
3.307375e+003,3.391540e+000
3.307857e+003,3.390009e+000
3.308339e+003,3.390222e+000
3.308821e+003,3.391814e+000
3.309303e+003,3.394169e+000
3.309785e+003,3.396563e+000
3.310267e+003,3.398316e+000
3.310749e+003,3.398937e+000
3.311231e+003,3.398211e+000
3.311714e+003,3.396220e+000
3.312196e+003,3.393298e+000
3.312678e+003,3.389913e+000
3.313160e+003,3.386562e+000
3.313642e+003,3.383632e+000
3.314124e+003,3.381336e+000
3.314606e+003,3.379694e+000
3.315088e+003,3.378542e+000
3.315571e+003,3.377605e+000
3.316053e+003,3.376594e+000
3.316535e+003,3.375265e+000
3.317017e+003,3.373485e+000
3.317499e+003,3.371259e+000
3.317981e+003,3.368719e+000
3.318463e+003,3.366068e+000
3.318946e+003,3.363529e+000
3.319427e+003,3.361277e+000
3.319910e+003,3.359408e+000
3.320392e+003,3.357918e+000
3.320874e+003,3.356748e+000
3.321356e+003,3.355819e+000
3.321838e+003,3.355090e+000
3.322320e+003,3.354577e+000
3.322802e+003,3.354319e+000
3.323285e+003,3.354344e+000
3.323767e+003,3.354600e+000
3.324249e+003,3.354913e+000
3.324731e+003,3.355007e+000
3.325213e+003,3.354585e+000
3.325695e+003,3.353417e+000
3.326177e+003,3.351463e+000
3.326659e+003,3.348897e+000
3.327142e+003,3.346070e+000
3.327624e+003,3.343404e+000
3.328106e+003,3.341213e+000
3.328588e+003,3.339591e+000
3.329070e+003,3.338339e+000
3.329552e+003,3.337032e+000
3.330034e+003,3.335163e+000
3.330516e+003,3.332312e+000
3.330999e+003,3.328320e+000
3.331481e+003,3.323371e+000
3.331963e+003,3.317951e+000
3.332445e+003,3.312721e+000
3.332927e+003,3.308350e+000
3.333409e+003,3.305330e+000
3.333891e+003,3.303862e+000
3.334374e+003,3.303828e+000
3.334855e+003,3.304822e+000
3.335338e+003,3.306275e+000
3.335820e+003,3.307587e+000
3.336302e+003,3.308246e+000
3.336784e+003,3.307928e+000
3.337266e+003,3.306542e+000
3.337748e+003,3.304218e+000
3.338230e+003,3.301255e+000
3.338713e+003,3.298040e+000
3.339195e+003,3.294965e+000
3.339677e+003,3.292337e+000
3.340159e+003,3.290324e+000
3.340641e+003,3.288941e+000
3.341123e+003,3.288059e+000
3.341605e+003,3.287453e+000
3.342087e+003,3.286854e+000
3.342570e+003,3.286006e+000
3.343052e+003,3.284723e+000
3.343534e+003,3.282914e+000
3.344016e+003,3.280603e+000
3.344498e+003,3.277923e+000
3.344980e+003,3.275098e+000
3.345462e+003,3.272390e+000
3.345944e+003,3.270040e+000
3.346427e+003,3.268189e+000
3.346909e+003,3.266828e+000
3.347391e+003,3.265771e+000
3.347873e+003,3.264674e+000
3.348355e+003,3.263127e+000
3.348837e+003,3.260757e+000
3.349319e+003,3.257352e+000
3.349802e+003,3.252908e+000
3.350283e+003,3.247658e+000
3.350766e+003,3.242001e+000
3.351248e+003,3.236401e+000
3.351730e+003,3.231266e+000
3.352212e+003,3.226878e+000
3.352694e+003,3.223350e+000
3.353176e+003,3.220654e+000
3.353658e+003,3.218659e+000
3.354141e+003,3.217201e+000
3.354623e+003,3.216112e+000
3.355105e+003,3.215228e+000
3.355587e+003,3.214378e+000
3.356069e+003,3.213402e+000
3.356551e+003,3.212128e+000
3.357033e+003,3.210429e+000
3.357515e+003,3.208225e+000
3.357998e+003,3.205526e+000
3.358480e+003,3.202424e+000
3.358962e+003,3.199059e+000
3.359444e+003,3.195618e+000
3.359926e+003,3.192237e+000
3.360408e+003,3.189038e+000
3.360890e+003,3.186081e+000
3.361372e+003,3.183379e+000
3.361854e+003,3.180923e+000
3.362337e+003,3.178704e+000
3.362819e+003,3.176712e+000
3.363301e+003,3.174955e+000
3.363783e+003,3.173461e+000
3.364265e+003,3.172265e+000
3.364747e+003,3.171406e+000
3.365229e+003,3.170885e+000
3.365712e+003,3.170637e+000
3.366194e+003,3.170516e+000
3.366676e+003,3.170277e+000
3.367158e+003,3.169633e+000
3.367640e+003,3.168308e+000
3.368122e+003,3.166138e+000
3.368604e+003,3.163128e+000
3.369086e+003,3.159475e+000
3.369569e+003,3.155531e+000
3.370051e+003,3.151714e+000
3.370533e+003,3.148383e+000
3.371015e+003,3.145755e+000
3.371497e+003,3.143876e+000
3.371979e+003,3.142650e+000
3.372461e+003,3.141942e+000
3.372943e+003,3.141649e+000
3.373426e+003,3.141771e+000
3.373908e+003,3.142404e+000
3.374390e+003,3.143672e+000
3.374872e+003,3.145628e+000
3.375354e+003,3.148172e+000
3.375836e+003,3.151011e+000
3.376318e+003,3.153705e+000
3.376800e+003,3.155729e+000
3.377282e+003,3.156604e+000
3.377765e+003,3.155983e+000
3.378247e+003,3.153706e+000
3.378729e+003,3.149820e+000
3.379211e+003,3.144538e+000
3.379693e+003,3.138217e+000
3.380175e+003,3.131284e+000
3.380657e+003,3.124194e+000
3.381140e+003,3.117382e+000
3.381622e+003,3.111205e+000
3.382104e+003,3.105883e+000
3.382586e+003,3.101481e+000
3.383068e+003,3.097895e+000
3.383550e+003,3.094877e+000
3.384032e+003,3.092129e+000
3.384514e+003,3.089377e+000
3.384997e+003,3.086462e+000
3.385479e+003,3.083395e+000
3.385961e+003,3.080345e+000
3.386443e+003,3.077577e+000
3.386925e+003,3.075377e+000
3.387407e+003,3.073933e+000
3.387889e+003,3.073284e+000
3.388371e+003,3.073276e+000
3.388854e+003,3.073595e+000
3.389336e+003,3.073844e+000
3.389818e+003,3.073638e+000
3.390300e+003,3.072716e+000
3.390782e+003,3.071019e+000
3.391264e+003,3.068740e+000
3.391746e+003,3.066291e+000
3.392229e+003,3.064187e+000
3.392710e+003,3.062935e+000
3.393193e+003,3.062869e+000
3.393675e+003,3.064039e+000
3.394157e+003,3.066180e+000
3.394639e+003,3.068768e+000
3.395121e+003,3.071141e+000
3.395603e+003,3.072655e+000
3.396085e+003,3.072832e+000
3.396568e+003,3.071452e+000
3.397050e+003,3.068588e+000
3.397532e+003,3.064563e+000
3.398014e+003,3.059858e+000
3.398496e+003,3.055009e+000
3.398978e+003,3.050516e+000
3.399460e+003,3.046777e+000
3.399942e+003,3.044044e+000
3.400425e+003,3.042406e+000
3.400907e+003,3.041802e+000
3.401389e+003,3.042014e+000
3.401871e+003,3.042696e+000
3.402353e+003,3.043447e+000
3.402835e+003,3.043862e+000
3.403317e+003,3.043620e+000
3.403799e+003,3.042517e+000
3.404281e+003,3.040505e+000
3.404764e+003,3.037676e+000
3.405246e+003,3.034210e+000
3.405728e+003,3.030343e+000
3.406210e+003,3.026315e+000
3.406692e+003,3.022368e+000
3.407174e+003,3.018744e+000
3.407656e+003,3.015657e+000
3.408138e+003,3.013294e+000
3.408621e+003,3.011758e+000
3.409103e+003,3.011039e+000
3.409585e+003,3.010948e+000
3.410067e+003,3.011157e+000
3.410549e+003,3.011222e+000
3.411031e+003,3.010680e+000
3.411513e+003,3.009134e+000
3.411996e+003,3.006351e+000
3.412478e+003,3.002307e+000
3.412960e+003,2.997202e+000
3.413442e+003,2.991424e+000
3.413924e+003,2.985487e+000
3.414406e+003,2.979952e+000
3.414888e+003,2.975359e+000
3.415370e+003,2.972114e+000
3.415853e+003,2.970439e+000
3.416335e+003,2.970317e+000
3.416817e+003,2.971488e+000
3.417299e+003,2.973481e+000
3.417781e+003,2.975735e+000
3.418263e+003,2.977684e+000
3.418745e+003,2.978914e+000
3.419227e+003,2.979190e+000
3.419709e+003,2.978497e+000
3.420192e+003,2.976971e+000
3.420674e+003,2.974813e+000
3.421156e+003,2.972198e+000
3.421638e+003,2.969230e+000
3.422120e+003,2.965964e+000
3.422602e+003,2.962454e+000
3.423084e+003,2.958810e+000
3.423566e+003,2.955222e+000
3.424049e+003,2.951933e+000
3.424531e+003,2.949154e+000
3.425013e+003,2.946979e+000
3.425495e+003,2.945337e+000
3.425977e+003,2.943987e+000
3.426459e+003,2.942600e+000
3.426941e+003,2.940844e+000
3.427424e+003,2.938484e+000
3.427906e+003,2.935466e+000
3.428388e+003,2.931898e+000
3.428870e+003,2.928020e+000
3.429352e+003,2.924128e+000
3.429834e+003,2.920502e+000
3.430316e+003,2.917386e+000
3.430798e+003,2.914940e+000
3.431281e+003,2.913249e+000
3.431763e+003,2.912322e+000
3.432245e+003,2.912105e+000
3.432727e+003,2.912463e+000
3.433209e+003,2.913205e+000
3.433691e+003,2.914115e+000
3.434173e+003,2.914986e+000
3.434655e+003,2.915641e+000
3.435137e+003,2.915956e+000
3.435620e+003,2.915845e+000
3.436102e+003,2.915238e+000
3.436584e+003,2.914063e+000
3.437066e+003,2.912233e+000
3.437548e+003,2.909685e+000
3.438030e+003,2.906424e+000
3.438512e+003,2.902536e+000
3.438994e+003,2.898216e+000
3.439477e+003,2.893734e+000
3.439959e+003,2.889357e+000
3.440441e+003,2.885289e+000
3.440923e+003,2.881646e+000
3.441405e+003,2.878440e+000
3.441887e+003,2.875646e+000
3.442369e+003,2.873243e+000
3.442852e+003,2.871274e+000
3.443333e+003,2.869833e+000
3.443816e+003,2.869006e+000
3.444298e+003,2.868798e+000
3.444780e+003,2.869048e+000
3.445262e+003,2.869426e+000
3.445744e+003,2.869482e+000
3.446226e+003,2.868748e+000
3.446708e+003,2.866901e+000
3.447191e+003,2.863860e+000
3.447673e+003,2.859835e+000
3.448155e+003,2.855261e+000
3.448637e+003,2.850683e+000
3.449119e+003,2.846593e+000
3.449601e+003,2.843318e+000
3.450083e+003,2.840963e+000
3.450565e+003,2.839424e+000
3.451048e+003,2.838451e+000
3.451530e+003,2.837743e+000
3.452012e+003,2.837044e+000
3.452494e+003,2.836211e+000
3.452976e+003,2.835258e+000
3.453458e+003,2.834340e+000
3.453940e+003,2.833669e+000
3.454422e+003,2.833448e+000
3.454905e+003,2.833764e+000
3.455387e+003,2.834532e+000
3.455869e+003,2.835479e+000
3.456351e+003,2.836201e+000
3.456833e+003,2.836275e+000
3.457315e+003,2.835377e+000
3.457797e+003,2.833376e+000
3.458280e+003,2.830372e+000
3.458761e+003,2.826654e+000
3.459244e+003,2.822604e+000
3.459726e+003,2.818544e+000
3.460208e+003,2.814663e+000
3.460690e+003,2.810948e+000
3.461172e+003,2.807242e+000
3.461654e+003,2.803329e+000
3.462136e+003,2.799078e+000
3.462619e+003,2.794547e+000
3.463101e+003,2.790020e+000
3.463583e+003,2.785966e+000
3.464065e+003,2.782943e+000
3.464547e+003,2.781439e+000
3.465029e+003,2.781749e+000
3.465511e+003,2.783870e+000
3.465993e+003,2.787469e+000
3.466476e+003,2.791939e+000
3.466958e+003,2.796508e+000
3.467440e+003,2.800377e+000
3.467922e+003,2.802878e+000
3.468404e+003,2.803595e+000
3.468886e+003,2.802421e+000
3.469368e+003,2.799531e+000
3.469850e+003,2.795315e+000
3.470333e+003,2.790274e+000
3.470815e+003,2.784912e+000
3.471297e+003,2.779639e+000
3.471779e+003,2.774766e+000
3.472261e+003,2.770478e+000
3.472743e+003,2.766876e+000
3.473225e+003,2.763983e+000
3.473708e+003,2.761770e+000
3.474189e+003,2.760153e+000
3.474672e+003,2.758996e+000
3.475154e+003,2.758120e+000
3.475636e+003,2.757361e+000
3.476118e+003,2.756588e+000
3.476600e+003,2.755775e+000
3.477082e+003,2.754968e+000
3.477564e+003,2.754267e+000
3.478047e+003,2.753740e+000
3.478529e+003,2.753354e+000
3.479011e+003,2.752938e+000
3.479493e+003,2.752205e+000
3.479975e+003,2.750843e+000
3.480457e+003,2.748658e+000
3.480939e+003,2.745663e+000
3.481421e+003,2.742134e+000
3.481904e+003,2.738565e+000
3.482386e+003,2.735514e+000
3.482868e+003,2.733449e+000
3.483350e+003,2.732588e+000
3.483832e+003,2.732864e+000
3.484314e+003,2.733951e+000
3.484796e+003,2.735376e+000
3.485278e+003,2.736654e+000
3.485760e+003,2.737404e+000
3.486243e+003,2.737415e+000
3.486725e+003,2.736648e+000
3.487207e+003,2.735214e+000
3.487689e+003,2.733310e+000
3.488171e+003,2.731176e+000
3.488653e+003,2.729024e+000
3.489135e+003,2.727026e+000
3.489618e+003,2.725300e+000
3.490100e+003,2.723895e+000
3.490582e+003,2.722813e+000
3.491064e+003,2.722008e+000
3.491546e+003,2.721407e+000
3.492028e+003,2.720929e+000
3.492510e+003,2.720455e+000
3.492992e+003,2.719842e+000
3.493475e+003,2.718903e+000
3.493957e+003,2.717402e+000
3.494439e+003,2.715069e+000
3.494921e+003,2.711684e+000
3.495403e+003,2.707149e+000
3.495885e+003,2.701570e+000
3.496367e+003,2.695277e+000
3.496849e+003,2.688790e+000
3.497332e+003,2.682689e+000
3.497814e+003,2.677475e+000
3.498296e+003,2.673419e+000
3.498778e+003,2.670497e+000
3.499260e+003,2.668418e+000
3.499742e+003,2.666747e+000
3.500224e+003,2.665029e+000
3.500706e+003,2.662958e+000
3.501188e+003,2.660469e+000
3.501671e+003,2.657734e+000
3.502153e+003,2.655091e+000
3.502635e+003,2.652915e+000
3.503117e+003,2.651478e+000
3.503599e+003,2.650855e+000
3.504081e+003,2.650889e+000
3.504563e+003,2.651250e+000
3.505046e+003,2.651522e+000
3.505528e+003,2.651292e+000
3.506010e+003,2.650220e+000
3.506492e+003,2.648104e+000
3.506974e+003,2.644904e+000
3.507456e+003,2.640771e+000
3.507938e+003,2.636033e+000
3.508420e+003,2.631196e+000
3.508903e+003,2.626859e+000
3.509385e+003,2.623610e+000
3.509867e+003,2.621893e+000
3.510349e+003,2.621915e+000
3.510831e+003,2.623557e+000
3.511313e+003,2.626425e+000
3.511795e+003,2.629884e+000
3.512277e+003,2.633189e+000
3.512760e+003,2.635617e+000
3.513242e+003,2.636573e+000
3.513724e+003,2.635680e+000
3.514206e+003,2.632851e+000
3.514688e+003,2.628291e+000
3.515170e+003,2.622470e+000
3.515652e+003,2.616018e+000
3.516135e+003,2.609617e+000
3.516616e+003,2.603877e+000
3.517099e+003,2.599224e+000
3.517581e+003,2.595826e+000
3.518063e+003,2.593634e+000
3.518545e+003,2.592421e+000
3.519027e+003,2.591891e+000
3.519509e+003,2.591776e+000
3.519991e+003,2.591865e+000
3.520474e+003,2.592014e+000
3.520956e+003,2.592103e+000
3.521438e+003,2.591964e+000
3.521920e+003,2.591366e+000
3.522402e+003,2.590033e+000
3.522884e+003,2.587728e+000
3.523366e+003,2.584327e+000
3.523848e+003,2.579929e+000
3.524331e+003,2.574837e+000
3.524813e+003,2.569536e+000
3.525295e+003,2.564558e+000
3.525777e+003,2.560394e+000
3.526259e+003,2.557389e+000
3.526741e+003,2.555699e+000
3.527223e+003,2.555288e+000
3.527705e+003,2.555968e+000
3.528188e+003,2.557455e+000
3.528670e+003,2.559434e+000
3.529152e+003,2.561607e+000
3.529634e+003,2.563727e+000
3.530116e+003,2.565628e+000
3.530598e+003,2.567207e+000
3.531080e+003,2.568417e+000
3.531563e+003,2.569233e+000
3.532044e+003,2.569628e+000
3.532527e+003,2.569551e+000
3.533009e+003,2.568914e+000
3.533491e+003,2.567626e+000
3.533973e+003,2.565634e+000
3.534455e+003,2.562976e+000
3.534937e+003,2.559800e+000
3.535419e+003,2.556368e+000
3.535902e+003,2.552987e+000
3.536384e+003,2.549917e+000
3.536866e+003,2.547275e+000
3.537348e+003,2.545002e+000
3.537830e+003,2.542880e+000
3.538312e+003,2.540639e+000
3.538794e+003,2.538058e+000
3.539276e+003,2.535085e+000
3.539759e+003,2.531864e+000
3.540241e+003,2.528711e+000
3.540723e+003,2.525998e+000
3.541205e+003,2.524058e+000
3.541687e+003,2.523051e+000
3.542169e+003,2.522933e+000
3.542651e+003,2.523441e+000
3.543133e+003,2.524198e+000
3.543615e+003,2.524813e+000
3.544098e+003,2.525003e+000
3.544580e+003,2.524684e+000
3.545062e+003,2.523989e+000
3.545544e+003,2.523221e+000
3.546026e+003,2.522772e+000
3.546508e+003,2.522955e+000
3.546990e+003,2.523934e+000
3.547472e+003,2.525660e+000
3.547955e+003,2.527900e+000
3.548437e+003,2.530283e+000
3.548919e+003,2.532412e+000
3.549401e+003,2.533916e+000
3.549883e+003,2.534514e+000
3.550365e+003,2.534028e+000
3.550847e+003,2.532371e+000
3.551330e+003,2.529552e+000
3.551812e+003,2.525652e+000
3.552294e+003,2.520802e+000
3.552776e+003,2.515177e+000
3.553258e+003,2.508979e+000
3.553740e+003,2.502435e+000
3.554222e+003,2.495743e+000
3.554704e+003,2.489073e+000
3.555187e+003,2.482514e+000
3.555669e+003,2.476080e+000
3.556151e+003,2.469713e+000
3.556633e+003,2.463334e+000
3.557115e+003,2.456909e+000
3.557597e+003,2.450524e+000
3.558079e+003,2.444400e+000
3.558561e+003,2.438897e+000
3.559043e+003,2.434418e+000
3.559526e+003,2.431317e+000
3.560008e+003,2.429785e+000
3.560490e+003,2.429776e+000
3.560972e+003,2.431037e+000
3.561454e+003,2.433184e+000
3.561936e+003,2.435798e+000
3.562418e+003,2.438560e+000
3.562900e+003,2.441314e+000
3.563383e+003,2.444078e+000
3.563865e+003,2.446983e+000
3.564347e+003,2.450227e+000
3.564829e+003,2.453964e+000
3.565311e+003,2.458215e+000
3.565793e+003,2.462786e+000
3.566275e+003,2.467270e+000
3.566758e+003,2.471067e+000
3.567240e+003,2.473537e+000
3.567722e+003,2.474157e+000
3.568204e+003,2.472671e+000
3.568686e+003,2.469129e+000
3.569168e+003,2.463846e+000
3.569650e+003,2.457281e+000
3.570132e+003,2.449957e+000
3.570615e+003,2.442393e+000
3.571097e+003,2.435052e+000
3.571579e+003,2.428315e+000
3.572061e+003,2.422475e+000
3.572543e+003,2.417709e+000
3.573025e+003,2.414085e+000
3.573507e+003,2.411539e+000
3.573989e+003,2.409875e+000
3.574471e+003,2.408794e+000
3.574954e+003,2.407898e+000
3.575436e+003,2.406761e+000
3.575918e+003,2.405002e+000
3.576400e+003,2.402372e+000
3.576882e+003,2.398828e+000
3.577364e+003,2.394536e+000
3.577846e+003,2.389860e+000
3.578328e+003,2.385268e+000
3.578811e+003,2.381211e+000
3.579293e+003,2.378017e+000
3.579775e+003,2.375835e+000
3.580257e+003,2.374626e+000
3.580739e+003,2.374219e+000
3.581221e+003,2.374417e+000
3.581703e+003,2.375039e+000
3.582186e+003,2.376007e+000
3.582667e+003,2.377336e+000
3.583150e+003,2.379090e+000
3.583632e+003,2.381378e+000
3.584114e+003,2.384290e+000
3.584596e+003,2.387882e+000
3.585078e+003,2.392137e+000
3.585560e+003,2.396911e+000
3.586042e+003,2.401891e+000
3.586525e+003,2.406546e+000
3.587007e+003,2.410154e+000
3.587489e+003,2.412002e+000
3.587971e+003,2.411561e+000
3.588453e+003,2.408724e+000
3.588935e+003,2.403841e+000
3.589417e+003,2.397603e+000
3.589899e+003,2.390862e+000
3.590382e+003,2.384442e+000
3.590864e+003,2.378996e+000
3.591346e+003,2.374965e+000
3.591828e+003,2.372542e+000
3.592310e+003,2.371688e+000
3.592792e+003,2.372155e+000
3.593274e+003,2.373532e+000
3.593756e+003,2.375333e+000
3.594239e+003,2.377066e+000
3.594721e+003,2.378299e+000
3.595203e+003,2.378767e+000
3.595685e+003,2.378346e+000
3.596167e+003,2.377096e+000
3.596649e+003,2.375184e+000
3.597131e+003,2.372840e+000
3.597614e+003,2.370315e+000
3.598095e+003,2.367803e+000
3.598578e+003,2.365408e+000
3.599060e+003,2.363125e+000
3.599542e+003,2.360846e+000
3.600024e+003,2.358399e+000
3.600506e+003,2.355581e+000
3.600988e+003,2.352234e+000
3.601470e+003,2.348279e+000
3.601953e+003,2.343745e+000
3.602435e+003,2.338732e+000
3.602917e+003,2.333445e+000
3.603399e+003,2.328119e+000
3.603881e+003,2.323046e+000
3.604363e+003,2.318533e+000
3.604845e+003,2.314910e+000
3.605327e+003,2.312499e+000
3.605810e+003,2.311569e+000
3.606292e+003,2.312312e+000
3.606774e+003,2.314754e+000
3.607256e+003,2.318734e+000
3.607738e+003,2.323877e+000
3.608220e+003,2.329619e+000
3.608702e+003,2.335301e+000
3.609184e+003,2.340288e+000
3.609667e+003,2.344047e+000
3.610149e+003,2.346193e+000
3.610631e+003,2.346505e+000
3.611113e+003,2.344916e+000
3.611595e+003,2.341539e+000
3.612077e+003,2.336650e+000
3.612559e+003,2.330696e+000
3.613042e+003,2.324245e+000
3.613524e+003,2.317862e+000
3.614006e+003,2.312007e+000
3.614488e+003,2.306947e+000
3.614970e+003,2.302716e+000
3.615452e+003,2.299206e+000
3.615934e+003,2.296190e+000
3.616416e+003,2.293443e+000
3.616898e+003,2.290768e+000
3.617381e+003,2.288064e+000
3.617863e+003,2.285340e+000
3.618345e+003,2.282773e+000
3.618827e+003,2.280668e+000
3.619309e+003,2.279436e+000
3.619791e+003,2.279414e+000
3.620273e+003,2.280755e+000
3.620755e+003,2.283329e+000
3.621238e+003,2.286730e+000
3.621720e+003,2.290339e+000
3.622202e+003,2.293462e+000
3.622684e+003,2.295442e+000
3.623166e+003,2.295806e+000
3.623648e+003,2.294320e+000
3.624130e+003,2.291054e+000
3.624612e+003,2.286376e+000
3.625094e+003,2.280889e+000
3.625577e+003,2.275371e+000
3.626059e+003,2.270716e+000
3.626541e+003,2.267911e+000
3.627023e+003,2.267947e+000
3.627505e+003,2.271652e+000
3.627987e+003,2.279347e+000
3.628469e+003,2.290414e+000
3.628952e+003,2.303184e+000
3.629434e+003,2.315384e+000
3.629916e+003,2.325007e+000
3.630398e+003,2.330930e+000
3.630880e+003,2.333035e+000
3.631362e+003,2.331856e+000
3.631844e+003,2.328269e+000
3.632326e+003,2.323237e+000
3.632809e+003,2.317695e+000
3.633291e+003,2.312448e+000
3.633773e+003,2.308134e+000
3.634255e+003,2.305124e+000
3.634737e+003,2.303529e+000
3.635219e+003,2.303196e+000
3.635701e+003,2.303812e+000
3.636183e+003,2.304992e+000
3.636666e+003,2.306377e+000
3.637148e+003,2.307686e+000
3.637630e+003,2.308766e+000
3.638112e+003,2.309599e+000
3.638594e+003,2.310297e+000
3.639076e+003,2.311020e+000
3.639558e+003,2.311911e+000
3.640041e+003,2.312994e+000
3.640522e+003,2.314108e+000
3.641005e+003,2.314892e+000
3.641487e+003,2.314886e+000
3.641969e+003,2.313648e+000
3.642451e+003,2.310923e+000
3.642933e+003,2.306744e+000
3.643415e+003,2.301450e+000
3.643897e+003,2.295601e+000
3.644380e+003,2.289845e+000
3.644862e+003,2.284766e+000
3.645344e+003,2.280817e+000
3.645826e+003,2.278262e+000
3.646308e+003,2.277256e+000
3.646790e+003,2.277962e+000
3.647272e+003,2.280671e+000
3.647754e+003,2.285861e+000
3.648237e+003,2.294018e+000
3.648719e+003,2.305257e+000
3.649201e+003,2.318922e+000
3.649683e+003,2.333438e+000
3.650165e+003,2.346739e+000
3.650647e+003,2.356949e+000
3.651129e+003,2.363048e+000
3.651611e+003,2.365027e+000
3.652094e+003,2.363681e+000
3.652576e+003,2.360204e+000
3.653058e+003,2.355912e+000
3.653540e+003,2.352015e+000
3.654022e+003,2.349546e+000
3.654504e+003,2.349290e+000
3.654986e+003,2.351706e+000
3.655469e+003,2.356869e+000
3.655950e+003,2.364432e+000
3.656433e+003,2.373708e+000
3.656915e+003,2.383914e+000
3.657397e+003,2.394387e+000
3.657879e+003,2.404736e+000
3.658361e+003,2.414808e+000
3.658843e+003,2.424572e+000
3.659325e+003,2.433976e+000
3.659808e+003,2.442872e+000
3.660290e+003,2.450982e+000
3.660772e+003,2.457990e+000
3.661254e+003,2.463608e+000
3.661736e+003,2.467702e+000
3.662218e+003,2.470320e+000
3.662700e+003,2.471702e+000
3.663182e+003,2.472190e+000
3.663665e+003,2.472141e+000
3.664147e+003,2.471836e+000
3.664629e+003,2.471469e+000
3.665111e+003,2.471145e+000
3.665593e+003,2.470990e+000
3.666075e+003,2.471198e+000
3.666557e+003,2.472133e+000
3.667039e+003,2.474339e+000
3.667521e+003,2.478475e+000
3.668004e+003,2.485137e+000
3.668486e+003,2.494566e+000
3.668968e+003,2.506260e+000
3.669450e+003,2.518802e+000
3.669932e+003,2.530069e+000
3.670414e+003,2.537972e+000
3.670896e+003,2.541258e+000
3.671378e+003,2.539900e+000
3.671861e+003,2.534922e+000
3.672343e+003,2.528056e+000
3.672825e+003,2.521390e+000
3.673307e+003,2.517247e+000
3.673789e+003,2.517965e+000
3.674271e+003,2.525469e+000
3.674753e+003,2.540510e+000
3.675236e+003,2.561832e+000
3.675718e+003,2.586160e+000
3.676200e+003,2.609475e+000
3.676682e+003,2.628727e+000
3.677164e+003,2.642843e+000
3.677646e+003,2.652344e+000
3.678128e+003,2.658557e+000
3.678610e+003,2.662824e+000
3.679093e+003,2.666114e+000
3.679575e+003,2.668906e+000
3.680057e+003,2.671297e+000
3.680539e+003,2.673174e+000
3.681021e+003,2.674433e+000
3.681503e+003,2.675106e+000
3.681985e+003,2.675404e+000
3.682467e+003,2.675658e+000
3.682949e+003,2.676192e+000
3.683432e+003,2.677215e+000
3.683914e+003,2.678777e+000
3.684396e+003,2.680771e+000
3.684878e+003,2.683057e+000
3.685360e+003,2.685530e+000
3.685842e+003,2.688267e+000
3.686324e+003,2.691570e+000
3.686806e+003,2.695949e+000
3.687289e+003,2.702044e+000
3.687771e+003,2.710455e+000
3.688253e+003,2.721464e+000
3.688735e+003,2.734837e+000
3.689217e+003,2.749728e+000
3.689699e+003,2.764859e+000
3.690181e+003,2.778829e+000
3.690664e+003,2.790473e+000
3.691146e+003,2.799066e+000
3.691628e+003,2.804405e+000
3.692110e+003,2.806767e+000
3.692592e+003,2.806842e+000
3.693074e+003,2.805550e+000
3.693556e+003,2.803925e+000
3.694038e+003,2.802916e+000
3.694521e+003,2.803240e+000
3.695003e+003,2.805233e+000
3.695485e+003,2.808839e+000
3.695967e+003,2.813613e+000
3.696449e+003,2.818921e+000
3.696931e+003,2.824130e+000
3.697413e+003,2.828859e+000
3.697895e+003,2.833080e+000
3.698377e+003,2.837137e+000
3.698860e+003,2.841608e+000
3.699342e+003,2.847146e+000
3.699824e+003,2.854236e+000
3.700306e+003,2.863054e+000
3.700788e+003,2.873341e+000
3.701270e+003,2.884442e+000
3.701752e+003,2.895519e+000
3.702234e+003,2.905792e+000
3.702717e+003,2.914767e+000
3.703199e+003,2.922322e+000
3.703681e+003,2.928623e+000
3.704163e+003,2.933929e+000
3.704645e+003,2.938424e+000
3.705127e+003,2.942098e+000
3.705609e+003,2.944733e+000
3.706092e+003,2.945970e+000
3.706573e+003,2.945421e+000
3.707056e+003,2.942880e+000
3.707538e+003,2.938501e+000
3.708020e+003,2.932986e+000
3.708502e+003,2.927675e+000
3.708984e+003,2.924505e+000
3.709466e+003,2.925735e+000
3.709948e+003,2.933450e+000
3.710431e+003,2.948811e+000
3.710913e+003,2.971418e+000
3.711395e+003,2.998993e+000
3.711877e+003,3.027893e+000
3.712359e+003,3.054174e+000
3.712841e+003,3.074817e+000
3.713323e+003,3.088380e+000
3.713805e+003,3.095024e+000
3.714288e+003,3.096002e+000
3.714770e+003,3.093093e+000
3.715252e+003,3.088108e+000
3.715734e+003,3.082596e+000
3.716216e+003,3.077700e+000
3.716698e+003,3.074084e+000
3.717180e+003,3.072003e+000
3.717662e+003,3.071394e+000
3.718145e+003,3.072023e+000
3.718627e+003,3.073685e+000
3.719109e+003,3.076257e+000
3.719591e+003,3.079746e+000
3.720073e+003,3.084130e+000
3.720555e+003,3.089210e+000
3.721037e+003,3.094465e+000
3.721520e+003,3.099048e+000
3.722001e+003,3.101943e+000
3.722484e+003,3.102341e+000
3.722966e+003,3.099949e+000
3.723448e+003,3.095253e+000
3.723930e+003,3.089444e+000
3.724412e+003,3.084158e+000
3.724894e+003,3.080974e+000
3.725376e+003,3.080942e+000
3.725859e+003,3.084205e+000
3.726341e+003,3.089970e+000
3.726823e+003,3.096796e+000
3.727305e+003,3.103180e+000
3.727787e+003,3.108049e+000
3.728269e+003,3.111063e+000
3.728751e+003,3.112570e+000
3.729233e+003,3.113347e+000
3.729716e+003,3.114250e+000
3.730198e+003,3.115907e+000
3.730680e+003,3.118503e+000
3.731162e+003,3.121773e+000
3.731644e+003,3.125178e+000
3.732126e+003,3.128260e+000
3.732608e+003,3.131047e+000
3.733090e+003,3.134251e+000
3.733573e+003,3.139110e+000
3.734055e+003,3.146905e+000
3.734537e+003,3.158226e+000
3.735019e+003,3.172462e+000
3.735501e+003,3.187677e+000
3.735983e+003,3.201202e+000
3.736465e+003,3.210629e+000
3.736948e+003,3.214562e+000
3.737430e+003,3.212866e+000
3.737912e+003,3.206293e+000
3.738394e+003,3.195958e+000
3.738876e+003,3.182899e+000
3.739358e+003,3.167818e+000
3.739840e+003,3.151191e+000
3.740322e+003,3.133393e+000
3.740804e+003,3.114970e+000
3.741287e+003,3.096846e+000
3.741769e+003,3.080520e+000
3.742251e+003,3.068075e+000
3.742733e+003,3.061971e+000
3.743215e+003,3.064286e+000
3.743697e+003,3.075588e+000
3.744179e+003,3.093817e+000
3.744661e+003,3.114450e+000
3.745144e+003,3.132306e+000
3.745626e+003,3.143844e+000
3.746108e+003,3.148155e+000
3.746590e+003,3.146520e+000
3.747072e+003,3.141273e+000
3.747554e+003,3.135037e+000
3.748036e+003,3.130288e+000
3.748518e+003,3.129191e+000
3.749000e+003,3.133414e+000
3.749483e+003,3.143887e+000
3.749965e+003,3.160372e+000
3.750447e+003,3.181230e+000
3.750929e+003,3.203558e+000
3.751411e+003,3.223904e+000
3.751893e+003,3.239173e+000
3.752375e+003,3.247409e+000
3.752858e+003,3.248034e+000
3.753340e+003,3.241714e+000
3.753822e+003,3.229950e+000
3.754304e+003,3.214710e+000
3.754786e+003,3.198108e+000
3.755268e+003,3.182185e+000
3.755750e+003,3.168737e+000
3.756232e+003,3.159189e+000
3.756715e+003,3.154462e+000
3.757197e+003,3.154902e+000
3.757679e+003,3.160176e+000
3.758161e+003,3.169305e+000
3.758643e+003,3.180717e+000
3.759125e+003,3.192475e+000
3.759607e+003,3.202605e+000
3.760089e+003,3.209486e+000
3.760572e+003,3.212152e+000
3.761054e+003,3.210514e+000
3.761536e+003,3.205252e+000
3.762018e+003,3.197651e+000
3.762500e+003,3.189274e+000
3.762982e+003,3.181684e+000
3.763464e+003,3.176169e+000
3.763947e+003,3.173479e+000
3.764428e+003,3.173628e+000
3.764911e+003,3.175966e+000
3.765393e+003,3.179382e+000
3.765875e+003,3.182770e+000
3.766357e+003,3.185469e+000
3.766839e+003,3.187463e+000
3.767321e+003,3.189312e+000
3.767803e+003,3.191806e+000
3.768286e+003,3.195523e+000
3.768768e+003,3.200493e+000
3.769250e+003,3.206035e+000
3.769732e+003,3.210946e+000
3.770214e+003,3.213928e+000
3.770696e+003,3.214137e+000
3.771178e+003,3.211458e+000
3.771660e+003,3.206474e+000
3.772143e+003,3.200097e+000
3.772625e+003,3.193235e+000
3.773107e+003,3.186468e+000
3.773589e+003,3.179981e+000
3.774071e+003,3.173615e+000
3.774553e+003,3.167058e+000
3.775035e+003,3.160064e+000
3.775517e+003,3.152676e+000
3.776000e+003,3.145315e+000
3.776482e+003,3.138779e+000
3.776964e+003,3.134073e+000
3.777446e+003,3.132150e+000
3.777928e+003,3.133566e+000
3.778410e+003,3.138178e+000
3.778892e+003,3.145019e+000
3.779375e+003,3.152462e+000
3.779856e+003,3.158699e+000
3.780339e+003,3.162367e+000
3.780821e+003,3.162954e+000
3.781303e+003,3.160901e+000
3.781785e+003,3.157312e+000
3.782267e+003,3.153606e+000
3.782749e+003,3.151086e+000
3.783231e+003,3.150616e+000
3.783714e+003,3.152390e+000
3.784196e+003,3.155933e+000
3.784678e+003,3.160236e+000
3.785160e+003,3.164138e+000
3.785642e+003,3.166689e+000
3.786124e+003,3.167466e+000
3.786606e+003,3.166636e+000
3.787088e+003,3.164836e+000
3.787571e+003,3.162884e+000
3.788053e+003,3.161546e+000
3.788535e+003,3.161292e+000
3.789017e+003,3.162225e+000
3.789499e+003,3.164019e+000
3.789981e+003,3.166049e+000
3.790463e+003,3.167509e+000
3.790945e+003,3.167607e+000
3.791427e+003,3.165759e+000
3.791910e+003,3.161751e+000
3.792392e+003,3.155832e+000
3.792874e+003,3.148737e+000
3.793356e+003,3.141556e+000
3.793838e+003,3.135567e+000
3.794320e+003,3.131940e+000
3.794802e+003,3.131406e+000
3.795284e+003,3.133906e+000
3.795767e+003,3.138491e+000
3.796249e+003,3.143503e+000
3.796731e+003,3.147157e+000
3.797213e+003,3.148211e+000
3.797695e+003,3.146521e+000
3.798177e+003,3.143167e+000
3.798659e+003,3.140238e+000
3.799142e+003,3.140337e+000
3.799624e+003,3.145928e+000
3.800106e+003,3.158401e+000
3.800588e+003,3.177104e+000
3.801070e+003,3.198757e+000
3.801552e+003,3.218176e+000
3.802034e+003,3.230228e+000
3.802516e+003,3.232045e+000
3.802999e+003,3.223818e+000
3.803481e+003,3.208141e+000
3.803963e+003,3.188707e+000
3.804445e+003,3.169255e+000
3.804927e+003,3.152936e+000
3.805409e+003,3.141952e+000
3.805891e+003,3.137161e+000
3.806373e+003,3.137880e+000
3.806855e+003,3.141962e+000
3.807338e+003,3.146575e+000
3.807820e+003,3.149265e+000
3.808302e+003,3.148808e+000
3.808784e+003,3.145280e+000
3.809266e+003,3.139596e+000
3.809748e+003,3.132838e+000
3.810230e+003,3.125769e+000
3.810712e+003,3.118607e+000
3.811195e+003,3.111154e+000
3.811677e+003,3.103039e+000
3.812159e+003,3.094074e+000
3.812641e+003,3.084543e+000
3.813123e+003,3.075373e+000
3.813605e+003,3.068009e+000
3.814087e+003,3.064107e+000
3.814570e+003,3.064876e+000
3.815052e+003,3.070397e+000
3.815534e+003,3.079144e+000
3.816016e+003,3.088260e+000
3.816498e+003,3.094648e+000
3.816980e+003,3.096322e+000
3.817462e+003,3.093129e+000
3.817944e+003,3.086679e+000
3.818427e+003,3.079701e+000
3.818909e+003,3.075344e+000
3.819391e+003,3.076403e+000
3.819873e+003,3.084522e+000
3.820355e+003,3.099292e+000
3.820837e+003,3.117833e+000
3.821319e+003,3.135534e+000
3.821801e+003,3.147966e+000
3.822283e+003,3.152733e+000
3.822766e+003,3.150095e+000
3.823248e+003,3.142180e+000
3.823730e+003,3.131830e+000
3.824212e+003,3.121654e+000
3.824694e+003,3.113544e+000
3.825176e+003,3.108465e+000
3.825658e+003,3.106371e+000
3.826140e+003,3.106336e+000
3.826623e+003,3.106888e+000
3.827105e+003,3.106506e+000
3.827587e+003,3.104112e+000
3.828069e+003,3.099363e+000
3.828551e+003,3.092621e+000
3.829033e+003,3.084749e+000
3.829515e+003,3.076785e+000
3.829998e+003,3.069629e+000
3.830479e+003,3.063892e+000
3.830962e+003,3.059748e+000
3.831444e+003,3.056975e+000
3.831926e+003,3.055052e+000
3.832408e+003,3.053370e+000
3.832890e+003,3.051396e+000
3.833372e+003,3.048838e+000
3.833854e+003,3.045657e+000
3.834337e+003,3.042149e+000
3.834819e+003,3.038832e+000
3.835301e+003,3.036491e+000
3.835783e+003,3.036008e+000
3.836265e+003,3.038247e+000
3.836747e+003,3.043748e+000
3.837229e+003,3.052438e+000
3.837711e+003,3.063416e+000
3.838194e+003,3.075078e+000
3.838676e+003,3.085537e+000
3.839158e+003,3.093240e+000
3.839640e+003,3.097432e+000
3.840122e+003,3.098328e+000
3.840604e+003,3.096927e+000
3.841086e+003,3.094631e+000
3.841568e+003,3.092759e+000
3.842051e+003,3.092243e+000
3.842533e+003,3.093323e+000
3.843015e+003,3.095532e+000
3.843497e+003,3.097785e+000
3.843979e+003,3.098747e+000
3.844461e+003,3.097195e+000
3.844943e+003,3.092378e+000
3.845426e+003,3.084113e+000
3.845907e+003,3.072799e+000
3.846390e+003,3.059197e+000
3.846872e+003,3.044234e+000
3.847354e+003,3.028779e+000
3.847836e+003,3.013561e+000
3.848318e+003,2.999110e+000
3.848800e+003,2.985868e+000
3.849282e+003,2.974252e+000
3.849765e+003,2.964930e+000
3.850247e+003,2.958912e+000
3.850729e+003,2.957723e+000
3.851211e+003,2.963234e+000
3.851693e+003,2.977262e+000
3.852175e+003,3.000454e+000
3.852657e+003,3.030943e+000
3.853139e+003,3.063652e+000
3.853622e+003,3.091676e+000
3.854104e+003,3.109527e+000
3.854586e+003,3.115591e+000
3.855068e+003,3.111869e+000
3.855550e+003,3.102032e+000
3.856032e+003,3.089598e+000
3.856514e+003,3.077052e+000
3.856996e+003,3.065708e+000
3.857479e+003,3.055948e+000
3.857961e+003,3.047501e+000
3.858443e+003,3.039774e+000
3.858925e+003,3.032079e+000
3.859407e+003,3.023868e+000
3.859889e+003,3.014900e+000
3.860371e+003,3.005350e+000
3.860854e+003,2.995836e+000
3.861336e+003,2.987423e+000
3.861818e+003,2.981450e+000
3.862300e+003,2.979309e+000
3.862782e+003,2.981987e+000
3.863264e+003,2.989639e+000
3.863746e+003,3.001180e+000
3.864228e+003,3.014351e+000
3.864710e+003,3.026193e+000
3.865193e+003,3.034034e+000
3.865675e+003,3.036350e+000
3.866157e+003,3.033249e+000
3.866639e+003,3.026318e+000
3.867121e+003,3.018220e+000
3.867603e+003,3.011991e+000
3.868085e+003,3.010354e+000
3.868567e+003,3.014831e+000
3.869050e+003,3.025045e+000
3.869532e+003,3.038410e+000
3.870014e+003,3.050945e+000
3.870496e+003,3.058801e+000
3.870978e+003,3.059946e+000
3.871460e+003,3.054704e+000
3.871942e+003,3.045242e+000
3.872424e+003,3.034478e+000
3.872906e+003,3.025067e+000
3.873389e+003,3.018653e+000
3.873871e+003,3.015508e+000
3.874353e+003,3.014599e+000
3.874835e+003,3.014158e+000
3.875317e+003,3.012444e+000
3.875799e+003,3.008449e+000
3.876281e+003,3.002159e+000
3.876764e+003,2.994482e+000
3.877246e+003,2.986858e+000
3.877728e+003,2.980898e+000
3.878210e+003,2.977927e+000
3.878692e+003,2.978641e+000
3.879174e+003,2.982706e+000
3.879656e+003,2.988680e+000
3.880138e+003,2.994256e+000
3.880621e+003,2.997080e+000
3.881103e+003,2.995584e+000
3.881585e+003,2.989640e+000
3.882067e+003,2.980501e+000
3.882549e+003,2.970373e+000
3.883031e+003,2.961773e+000
3.883513e+003,2.956994e+000
3.883995e+003,2.957492e+000
3.884478e+003,2.963400e+000
3.884960e+003,2.973173e+000
3.885442e+003,2.983799e+000
3.885924e+003,2.991658e+000
3.886406e+003,2.993854e+000
3.886888e+003,2.989161e+000
3.887370e+003,2.978188e+000
3.887853e+003,2.962849e+000
3.888334e+003,2.945740e+000
3.888817e+003,2.929560e+000
3.889299e+003,2.916771e+000
3.889781e+003,2.909304e+000
3.890263e+003,2.908216e+000
3.890745e+003,2.913337e+000
3.891227e+003,2.923160e+000
3.891709e+003,2.935081e+000
3.892192e+003,2.946170e+000
3.892674e+003,2.953964e+000
3.893156e+003,2.957044e+000
3.893638e+003,2.955106e+000
3.894120e+003,2.948738e+000
3.894602e+003,2.939059e+000
3.895084e+003,2.927447e+000
3.895566e+003,2.915318e+000
3.896049e+003,2.904046e+000
3.896531e+003,2.894841e+000
3.897013e+003,2.888688e+000
3.897495e+003,2.886193e+000
3.897977e+003,2.887485e+000
3.898459e+003,2.892089e+000
3.898941e+003,2.898977e+000
3.899423e+003,2.906737e+000
3.899906e+003,2.913969e+000
3.900388e+003,2.919686e+000
3.900870e+003,2.923656e+000
3.901352e+003,2.926402e+000
3.901834e+003,2.929022e+000
3.902316e+003,2.932747e+000
3.902798e+003,2.938485e+000
3.903281e+003,2.946347e+000
3.903762e+003,2.955585e+000
3.904245e+003,2.964739e+000
3.904727e+003,2.972159e+000
3.905209e+003,2.976524e+000
3.905691e+003,2.977269e+000
3.906173e+003,2.974621e+000
3.906655e+003,2.969445e+000
3.907137e+003,2.962894e+000
3.907620e+003,2.956161e+000
3.908102e+003,2.950206e+000
3.908584e+003,2.945661e+000
3.909066e+003,2.942734e+000
3.909548e+003,2.941243e+000
3.910030e+003,2.940655e+000
3.910512e+003,2.940227e+000
3.910994e+003,2.939133e+000
3.911477e+003,2.936691e+000
3.911959e+003,2.932462e+000
3.912441e+003,2.926405e+000
3.912923e+003,2.918824e+000
3.913405e+003,2.910327e+000
3.913887e+003,2.901662e+000
3.914369e+003,2.893581e+000
3.914851e+003,2.886681e+000
3.915333e+003,2.881366e+000
3.915816e+003,2.877789e+000
3.916298e+003,2.875944e+000
3.916780e+003,2.875695e+000
3.917262e+003,2.876834e+000
3.917744e+003,2.879079e+000
3.918226e+003,2.882020e+000
3.918708e+003,2.885062e+000
3.919190e+003,2.887476e+000
3.919673e+003,2.888511e+000
3.920155e+003,2.887625e+000
3.920637e+003,2.884685e+000
3.921119e+003,2.880110e+000
3.921601e+003,2.874874e+000
3.922083e+003,2.870325e+000
3.922565e+003,2.867848e+000
3.923048e+003,2.868522e+000
3.923530e+003,2.872724e+000
3.924012e+003,2.879963e+000
3.924494e+003,2.888865e+000
3.924976e+003,2.897562e+000
3.925458e+003,2.904150e+000
3.925940e+003,2.907238e+000
3.926422e+003,2.906211e+000
3.926905e+003,2.901310e+000
3.927387e+003,2.893456e+000
3.927869e+003,2.883985e+000
3.928351e+003,2.874387e+000
3.928833e+003,2.866082e+000
3.929315e+003,2.860216e+000
3.929797e+003,2.857547e+000
3.930279e+003,2.858296e+000
3.930761e+003,2.862134e+000
3.931244e+003,2.868204e+000
3.931726e+003,2.875293e+000
3.932208e+003,2.882031e+000
3.932690e+003,2.887209e+000
3.933172e+003,2.889974e+000
3.933654e+003,2.889976e+000
3.934136e+003,2.887311e+000
3.934618e+003,2.882459e+000
3.935101e+003,2.876076e+000
3.935583e+003,2.868863e+000
3.936065e+003,2.861438e+000
3.936547e+003,2.854294e+000
3.937029e+003,2.847759e+000
3.937511e+003,2.842054e+000
3.937993e+003,2.837302e+000
3.938476e+003,2.833628e+000
3.938958e+003,2.831179e+000
3.939440e+003,2.830169e+000
3.939922e+003,2.830807e+000
3.940404e+003,2.833256e+000
3.940886e+003,2.837466e+000
3.941368e+003,2.843110e+000
3.941850e+003,2.849486e+000
3.942333e+003,2.855629e+000
3.942815e+003,2.860453e+000
3.943297e+003,2.863062e+000
3.943779e+003,2.862941e+000
3.944261e+003,2.860117e+000
3.944743e+003,2.855105e+000
3.945225e+003,2.848787e+000
3.945707e+003,2.842179e+000
3.946189e+003,2.836296e+000
3.946672e+003,2.831940e+000
3.947154e+003,2.829633e+000
3.947636e+003,2.829506e+000
3.948118e+003,2.831289e+000
3.948600e+003,2.834402e+000
3.949082e+003,2.838049e+000
3.949564e+003,2.841380e+000
3.950046e+003,2.843721e+000
3.950529e+003,2.844673e+000
3.951011e+003,2.844216e+000
3.951493e+003,2.842686e+000
3.951975e+003,2.840682e+000
3.952457e+003,2.838906e+000
3.952939e+003,2.838015e+000
3.953421e+003,2.838411e+000
3.953904e+003,2.840204e+000
3.954385e+003,2.843151e+000
3.954868e+003,2.846766e+000
3.955350e+003,2.850412e+000
3.955832e+003,2.853475e+000
3.956314e+003,2.855450e+000
3.956796e+003,2.856069e+000
3.957278e+003,2.855283e+000
3.957760e+003,2.853296e+000
3.958243e+003,2.850479e+000
3.958725e+003,2.847345e+000
3.959207e+003,2.844431e+000
3.959689e+003,2.842207e+000
3.960171e+003,2.840928e+000
3.960653e+003,2.840574e+000
3.961135e+003,2.840744e+000
3.961617e+003,2.840760e+000
3.962100e+003,2.839796e+000
3.962582e+003,2.837155e+000
3.963064e+003,2.832468e+000
3.963546e+003,2.825868e+000
3.964028e+003,2.818000e+000
3.964510e+003,2.809877e+000
3.964992e+003,2.802583e+000
3.965474e+003,2.797046e+000
3.965957e+003,2.793758e+000
3.966439e+003,2.792734e+000
3.966921e+003,2.793505e+000
3.967403e+003,2.795352e+000
3.967885e+003,2.797497e+000
3.968367e+003,2.799347e+000
3.968849e+003,2.800587e+000
3.969332e+003,2.801216e+000
3.969813e+003,2.801426e+000
3.970296e+003,2.801483e+000
3.970778e+003,2.801548e+000
3.971260e+003,2.801622e+000
3.971742e+003,2.801521e+000
3.972224e+003,2.800949e+000
3.972706e+003,2.799597e+000
3.973188e+003,2.797272e+000
3.973671e+003,2.793940e+000
3.974153e+003,2.789784e+000
3.974635e+003,2.785105e+000
3.975117e+003,2.780271e+000
3.975599e+003,2.775582e+000
3.976081e+003,2.771242e+000
3.976563e+003,2.767284e+000
3.977045e+003,2.763672e+000
3.977528e+003,2.760351e+000
3.978010e+003,2.757368e+000
3.978492e+003,2.754894e+000
3.978974e+003,2.753216e+000
3.979456e+003,2.752666e+000
3.979938e+003,2.753503e+000
3.980420e+003,2.755750e+000
3.980902e+003,2.759209e+000
3.981385e+003,2.763421e+000
3.981867e+003,2.767818e+000
3.982349e+003,2.771842e+000
3.982831e+003,2.775094e+000
3.983313e+003,2.777421e+000
3.983795e+003,2.778926e+000
3.984277e+003,2.779868e+000
3.984760e+003,2.780582e+000
3.985242e+003,2.781368e+000
3.985724e+003,2.782442e+000
3.986206e+003,2.783875e+000
3.986688e+003,2.785671e+000
3.987170e+003,2.787738e+000
3.987652e+003,2.789952e+000
3.988134e+003,2.792114e+000
3.988616e+003,2.793991e+000
3.989099e+003,2.795295e+000
3.989581e+003,2.795731e+000
3.990063e+003,2.795006e+000
3.990545e+003,2.792928e+000
3.991027e+003,2.789428e+000
3.991509e+003,2.784613e+000
3.991991e+003,2.778730e+000
3.992473e+003,2.772175e+000
3.992956e+003,2.765405e+000
3.993438e+003,2.758916e+000
3.993920e+003,2.753117e+000
3.994402e+003,2.748319e+000
3.994884e+003,2.744646e+000
3.995366e+003,2.742048e+000
3.995848e+003,2.740278e+000
3.996330e+003,2.739015e+000
3.996813e+003,2.737916e+000
3.997295e+003,2.736728e+000
3.997777e+003,2.735327e+000
3.998259e+003,2.733772e+000
3.998741e+003,2.732215e+000
3.999223e+003,2.730885e+000
3.999705e+003,2.729950e+000
4.000188e+003,2.729536e+000
