3.996813e+002,0.000000e+000
4.001635e+002,6.764729e+001
4.006456e+002,6.747580e+001
4.011277e+002,6.733360e+001
4.016098e+002,6.720606e+001
4.020919e+002,6.708016e+001
4.025741e+002,6.695104e+001
4.030562e+002,6.682610e+001
4.035383e+002,6.672066e+001
4.040204e+002,6.665217e+001
4.045026e+002,6.663242e+001
4.049847e+002,6.666483e+001
4.054668e+002,6.674446e+001
4.059489e+002,6.686336e+001
4.064311e+002,6.701553e+001
4.069132e+002,6.720074e+001
4.073953e+002,6.742207e+001
4.078774e+002,6.768117e+001
4.083596e+002,6.797186e+001
4.088417e+002,6.827744e+001
4.093238e+002,6.857159e+001
4.098059e+002,6.882538e+001
4.102881e+002,6.901427e+001
4.107702e+002,6.912494e+001
4.112523e+002,6.915594e+001
4.117344e+002,6.911493e+001
4.122166e+002,6.901347e+001
4.126987e+002,6.886359e+001
4.131808e+002,6.867603e+001
4.136629e+002,6.846185e+001
4.141451e+002,6.823326e+001
4.146272e+002,6.800435e+001
4.151093e+002,6.778913e+001
4.155914e+002,6.759952e+001
4.160736e+002,6.744331e+001
4.165557e+002,6.732473e+001
4.170378e+002,6.724521e+001
4.175200e+002,6.720599e+001
4.180021e+002,6.720877e+001
4.184842e+002,6.725453e+001
4.189663e+002,6.733868e+001
4.194484e+002,6.744814e+001
4.199306e+002,6.756176e+001
4.204127e+002,6.765758e+001
4.208948e+002,6.771874e+001
4.213770e+002,6.773862e+001
4.218591e+002,6.772005e+001
4.223412e+002,6.767322e+001
4.228233e+002,6.761054e+001
4.233055e+002,6.754261e+001
4.237876e+002,6.747477e+001
4.242697e+002,6.740698e+001
4.247518e+002,6.733605e+001
4.252339e+002,6.725978e+001
4.257161e+002,6.718006e+001
4.261982e+002,6.710384e+001
4.266803e+002,6.704020e+001
4.271624e+002,6.699657e+001
4.276446e+002,6.697495e+001
4.281267e+002,6.697104e+001
4.286088e+002,6.697557e+001
4.290909e+002,6.697820e+001
4.295731e+002,6.697083e+001
4.300552e+002,6.694997e+001
4.305373e+002,6.691598e+001
4.310194e+002,6.687103e+001
4.315016e+002,6.681606e+001
4.319837e+002,6.675007e+001
4.324658e+002,6.667117e+001
4.329479e+002,6.657970e+001
4.334301e+002,6.648048e+001
4.339122e+002,6.638406e+001
4.343943e+002,6.630428e+001
4.348764e+002,6.625446e+001
4.353586e+002,6.624244e+001
4.358407e+002,6.626797e+001
4.363228e+002,6.632240e+001
4.368049e+002,6.639213e+001
4.372870e+002,6.646278e+001
4.377692e+002,6.652387e+001
4.382513e+002,6.656999e+001
4.387334e+002,6.660035e+001
4.392155e+002,6.661640e+001
4.396977e+002,6.662009e+001
4.401798e+002,6.661297e+001
4.406619e+002,6.659663e+001
4.411440e+002,6.657318e+001
4.416262e+002,6.654587e+001
4.421083e+002,6.651765e+001
4.425904e+002,6.648978e+001
4.430725e+002,6.646027e+001
4.435547e+002,6.642443e+001
4.440368e+002,6.637661e+001
4.445189e+002,6.631350e+001
4.450010e+002,6.623602e+001
4.454832e+002,6.615022e+001
4.459653e+002,6.606511e+001
4.464474e+002,6.599001e+001
4.469295e+002,6.593128e+001
4.474117e+002,6.589126e+001
4.478938e+002,6.586841e+001
4.483759e+002,6.585947e+001
4.488580e+002,6.586144e+001
4.493401e+002,6.587289e+001
4.498223e+002,6.589349e+001
4.503044e+002,6.592254e+001
4.507865e+002,6.595724e+001
4.512687e+002,6.599253e+001
4.517508e+002,6.602180e+001
4.522329e+002,6.603954e+001
4.527150e+002,6.604328e+001
4.531971e+002,6.603479e+001
4.536793e+002,6.601839e+001
4.541614e+002,6.599859e+001
4.546435e+002,6.597722e+001
4.551257e+002,6.595277e+001
4.556078e+002,6.592080e+001
4.560899e+002,6.587674e+001
4.565720e+002,6.581809e+001
4.570542e+002,6.574665e+001
4.575363e+002,6.566742e+001
4.580184e+002,6.558586e+001
4.585005e+002,6.550429e+001
4.589827e+002,6.542041e+001
4.594648e+002,6.532860e+001
4.599469e+002,6.522371e+001
4.604290e+002,6.510423e+001
4.609112e+002,6.497484e+001
4.613933e+002,6.484529e+001
4.618754e+002,6.472845e+001
4.623575e+002,6.463651e+001
4.628397e+002,6.457816e+001
4.633218e+002,6.455634e+001
4.638039e+002,6.456851e+001
4.642860e+002,6.460758e+001
4.647682e+002,6.466409e+001
4.652503e+002,6.472755e+001
4.657324e+002,6.478783e+001
4.662145e+002,6.483567e+001
4.666967e+002,6.486428e+001
4.671788e+002,6.487060e+001
4.676609e+002,6.485705e+001
4.681430e+002,6.483138e+001
4.686252e+002,6.480551e+001
4.691073e+002,6.479191e+001
4.695894e+002,6.480002e+001
4.700715e+002,6.483292e+001
4.705536e+002,6.488634e+001
4.710358e+002,6.494937e+001
4.715179e+002,6.500774e+001
4.720000e+002,6.504778e+001
4.724821e+002,6.506068e+001
4.729643e+002,6.504402e+001
4.734464e+002,6.500130e+001
4.739285e+002,6.493932e+001
4.744106e+002,6.486597e+001
4.748928e+002,6.478880e+001
4.753749e+002,6.471523e+001
4.758570e+002,6.465277e+001
4.763391e+002,6.460914e+001
4.768213e+002,6.459098e+001
4.773034e+002,6.460207e+001
4.777855e+002,6.464159e+001
4.782676e+002,6.470412e+001
4.787498e+002,6.478065e+001
4.792319e+002,6.486150e+001
4.797140e+002,6.493860e+001
4.801961e+002,6.500742e+001
4.806783e+002,6.506622e+001
4.811604e+002,6.511467e+001
4.816425e+002,6.515157e+001
4.821246e+002,6.517400e+001
4.826068e+002,6.517750e+001
4.830889e+002,6.515831e+001
4.835710e+002,6.511536e+001
4.840531e+002,6.505199e+001
4.845352e+002,6.497527e+001
4.850174e+002,6.489402e+001
4.854995e+002,6.481593e+001
4.859816e+002,6.474559e+001
4.864637e+002,6.468409e+001
4.869459e+002,6.463007e+001
4.874280e+002,6.458131e+001
4.879101e+002,6.453644e+001
4.883922e+002,6.449493e+001
4.888744e+002,6.445657e+001
4.893565e+002,6.442023e+001
4.898386e+002,6.438354e+001
4.903207e+002,6.434309e+001
4.908029e+002,6.429610e+001
4.912850e+002,6.424195e+001
4.917671e+002,6.418346e+001
4.922492e+002,6.412647e+001
4.927314e+002,6.407837e+001
4.932135e+002,6.404546e+001
4.936956e+002,6.403156e+001
4.941777e+002,6.403680e+001
4.946599e+002,6.405872e+001
4.951420e+002,6.409306e+001
4.956241e+002,6.413535e+001
4.961062e+002,6.418124e+001
4.965884e+002,6.422675e+001
4.970705e+002,6.426749e+001
4.975526e+002,6.429878e+001
4.980347e+002,6.431570e+001
4.985169e+002,6.431439e+001
4.989990e+002,6.429259e+001
4.994811e+002,6.425067e+001
4.999633e+002,6.419116e+001
5.004454e+002,6.411800e+001
5.009275e+002,6.403521e+001
5.014096e+002,6.394596e+001
5.018917e+002,6.385204e+001
5.023739e+002,6.375412e+001
5.028560e+002,6.365229e+001
5.033381e+002,6.354697e+001
5.038203e+002,6.343893e+001
5.043024e+002,6.332967e+001
5.047845e+002,6.322099e+001
5.052666e+002,6.311543e+001
5.057487e+002,6.301595e+001
5.062309e+002,6.292614e+001
5.067130e+002,6.284947e+001
5.071951e+002,6.278857e+001
5.076772e+002,6.274371e+001
5.081594e+002,6.271218e+001
5.086415e+002,6.268838e+001
5.091236e+002,6.266516e+001
5.096057e+002,6.263600e+001
5.100879e+002,6.259713e+001
5.105700e+002,6.254868e+001
5.110521e+002,6.249474e+001
5.115342e+002,6.244141e+001
5.120164e+002,6.239465e+001
5.124985e+002,6.235781e+001
5.129806e+002,6.233076e+001
5.134627e+002,6.231016e+001
5.139448e+002,6.229129e+001
5.144270e+002,6.226984e+001
5.149091e+002,6.224391e+001
5.153912e+002,6.221416e+001
5.158734e+002,6.218357e+001
5.163555e+002,6.215595e+001
5.168376e+002,6.213498e+001
5.173197e+002,6.212321e+001
5.178019e+002,6.212228e+001
5.182840e+002,6.213298e+001
5.187661e+002,6.215570e+001
5.192482e+002,6.219027e+001
5.197303e+002,6.223539e+001
5.202125e+002,6.228837e+001
5.206946e+002,6.234510e+001
5.211767e+002,6.240084e+001
5.216588e+002,6.245122e+001
5.221410e+002,6.249326e+001
5.226231e+002,6.252606e+001
5.231052e+002,6.255030e+001
5.235873e+002,6.256766e+001
5.240695e+002,6.257962e+001
5.245516e+002,6.258708e+001
5.250337e+002,6.259006e+001
5.255159e+002,6.258832e+001
5.259980e+002,6.258187e+001
5.264801e+002,6.257135e+001
5.269622e+002,6.255776e+001
5.274443e+002,6.254205e+001
5.279265e+002,6.252437e+001
5.284086e+002,6.250452e+001
5.288907e+002,6.248216e+001
5.293728e+002,6.245793e+001
5.298550e+002,6.243383e+001
5.303371e+002,6.241346e+001
5.308192e+002,6.240098e+001
5.313013e+002,6.239998e+001
5.317834e+002,6.241219e+001
5.322656e+002,6.243697e+001
5.327477e+002,6.247171e+001
5.332299e+002,6.251273e+001
5.337120e+002,6.255659e+001
5.341941e+002,6.260088e+001
5.346762e+002,6.264423e+001
5.351583e+002,6.268578e+001
5.356404e+002,6.272435e+001
5.361226e+002,6.275827e+001
5.366047e+002,6.278548e+001
5.370868e+002,6.280450e+001
5.375690e+002,6.281522e+001
5.380511e+002,6.281957e+001
5.385332e+002,6.282104e+001
5.390153e+002,6.282384e+001
5.394974e+002,6.283163e+001
5.399796e+002,6.284681e+001
5.404617e+002,6.287028e+001
5.409438e+002,6.290190e+001
5.414260e+002,6.294120e+001
5.419081e+002,6.298791e+001
5.423902e+002,6.304189e+001
5.428723e+002,6.310278e+001
5.433544e+002,6.316912e+001
5.438365e+002,6.323835e+001
5.443187e+002,6.330672e+001
5.448008e+002,6.337035e+001
5.452830e+002,6.342607e+001
5.457651e+002,6.347240e+001
5.462472e+002,6.350958e+001
5.467293e+002,6.353940e+001
5.472114e+002,6.356431e+001
5.476936e+002,6.358697e+001
5.481757e+002,6.360975e+001
5.486578e+002,6.363494e+001
5.491400e+002,6.366459e+001
5.496221e+002,6.370048e+001
5.501042e+002,6.374361e+001
5.505863e+002,6.379352e+001
5.510684e+002,6.384802e+001
5.515505e+002,6.390341e+001
5.520327e+002,6.395525e+001
5.525148e+002,6.399976e+001
5.529969e+002,6.403460e+001
5.534791e+002,6.405950e+001
5.539612e+002,6.407562e+001
5.544433e+002,6.408473e+001
5.549254e+002,6.408804e+001
5.554076e+002,6.408581e+001
5.558896e+002,6.407745e+001
5.563718e+002,6.406262e+001
5.568539e+002,6.404192e+001
5.573361e+002,6.401743e+001
5.578182e+002,6.399232e+001
5.583003e+002,6.396991e+001
5.587825e+002,6.395249e+001
5.592645e+002,6.394082e+001
5.597467e+002,6.393410e+001
5.602288e+002,6.393089e+001
5.607109e+002,6.393006e+001
5.611931e+002,6.393155e+001
5.616752e+002,6.393625e+001
5.621573e+002,6.394535e+001
5.626394e+002,6.395924e+001
5.631216e+002,6.397684e+001
5.636037e+002,6.399553e+001
5.640858e+002,6.401183e+001
5.645679e+002,6.402235e+001
5.650500e+002,6.402499e+001
5.655322e+002,6.401909e+001
5.660143e+002,6.400539e+001
5.664965e+002,6.398544e+001
5.669785e+002,6.396105e+001
5.674607e+002,6.393401e+001
5.679428e+002,6.390623e+001
5.684249e+002,6.387989e+001
5.689070e+002,6.385756e+001
5.693892e+002,6.384166e+001
5.698713e+002,6.383400e+001
5.703534e+002,6.383493e+001
5.708356e+002,6.384319e+001
5.713177e+002,6.385622e+001
5.717998e+002,6.387099e+001
5.722819e+002,6.388485e+001
5.727640e+002,6.389620e+001
5.732462e+002,6.390441e+001
5.737283e+002,6.390940e+001
5.742104e+002,6.391094e+001
5.746925e+002,6.390843e+001
5.751747e+002,6.390094e+001
5.756568e+002,6.388786e+001
5.761389e+002,6.386956e+001
5.766210e+002,6.384776e+001
5.771031e+002,6.382493e+001
5.775853e+002,6.380355e+001
5.780674e+002,6.378499e+001
5.785496e+002,6.376891e+001
5.790317e+002,6.375352e+001
5.795138e+002,6.373645e+001
5.799959e+002,6.371583e+001
5.804780e+002,6.369151e+001
5.809601e+002,6.366518e+001
5.814423e+002,6.363999e+001
5.819244e+002,6.361943e+001
5.824066e+002,6.360644e+001
5.828887e+002,6.360234e+001
5.833708e+002,6.360702e+001
5.838529e+002,6.361895e+001
5.843350e+002,6.363583e+001
5.848171e+002,6.365503e+001
5.852993e+002,6.367382e+001
5.857814e+002,6.368967e+001
5.862635e+002,6.370050e+001
5.867457e+002,6.370500e+001
5.872278e+002,6.370312e+001
5.877099e+002,6.369610e+001
5.881920e+002,6.368636e+001
5.886741e+002,6.367683e+001
5.891563e+002,6.367000e+001
5.896384e+002,6.366713e+001
5.901205e+002,6.366790e+001
5.906027e+002,6.367052e+001
5.910848e+002,6.367246e+001
5.915669e+002,6.367129e+001
5.920490e+002,6.366558e+001
5.925311e+002,6.365491e+001
5.930133e+002,6.363980e+001
5.934954e+002,6.362123e+001
5.939775e+002,6.360018e+001
5.944597e+002,6.357761e+001
5.949418e+002,6.355464e+001
5.954239e+002,6.353271e+001
5.959060e+002,6.351357e+001
5.963882e+002,6.349891e+001
5.968702e+002,6.348978e+001
5.973524e+002,6.348615e+001
5.978345e+002,6.348691e+001
5.983167e+002,6.349010e+001
5.987988e+002,6.349373e+001
5.992809e+002,6.349634e+001
5.997630e+002,6.349736e+001
6.002451e+002,6.349666e+001
6.007273e+002,6.349406e+001
6.012094e+002,6.348854e+001
6.016915e+002,6.347839e+001
6.021736e+002,6.346154e+001
6.026558e+002,6.343666e+001
6.031379e+002,6.340404e+001
6.036200e+002,6.336620e+001
6.041022e+002,6.332726e+001
6.045842e+002,6.329202e+001
6.050664e+002,6.326442e+001
6.055485e+002,6.324661e+001
6.060306e+002,6.323842e+001
6.065128e+002,6.323792e+001
6.069949e+002,6.324223e+001
6.074770e+002,6.324865e+001
6.079591e+002,6.325508e+001
6.084413e+002,6.326036e+001
6.089234e+002,6.326376e+001
6.094055e+002,6.326484e+001
6.098876e+002,6.326327e+001
6.103698e+002,6.325902e+001
6.108519e+002,6.325261e+001
6.113340e+002,6.324521e+001
6.118162e+002,6.323834e+001
6.122983e+002,6.323316e+001
6.127804e+002,6.322973e+001
6.132625e+002,6.322669e+001
6.137446e+002,6.322144e+001
6.142267e+002,6.321093e+001
6.147089e+002,6.319290e+001
6.151910e+002,6.316676e+001
6.156731e+002,6.313406e+001
6.161553e+002,6.309827e+001
6.166374e+002,6.306366e+001
6.171195e+002,6.303427e+001
6.176016e+002,6.301284e+001
6.180837e+002,6.300052e+001
6.185659e+002,6.299677e+001
6.190480e+002,6.299997e+001
6.195302e+002,6.300795e+001
6.200123e+002,6.301852e+001
6.204944e+002,6.302980e+001
6.209765e+002,6.304043e+001
6.214586e+002,6.304976e+001
6.219407e+002,6.305800e+001
6.224229e+002,6.306602e+001
6.229050e+002,6.307521e+001
6.233871e+002,6.308674e+001
6.238693e+002,6.310103e+001
6.243514e+002,6.311713e+001
6.248335e+002,6.313278e+001
6.253156e+002,6.314482e+001
6.257977e+002,6.315011e+001
6.262798e+002,6.314633e+001
6.267620e+002,6.313283e+001
6.272441e+002,6.311041e+001
6.277263e+002,6.308107e+001
6.282084e+002,6.304707e+001
6.286905e+002,6.301051e+001
6.291726e+002,6.297298e+001
6.296547e+002,6.293567e+001
6.301368e+002,6.289975e+001
6.306190e+002,6.286662e+001
6.311011e+002,6.283778e+001
6.315833e+002,6.281463e+001
6.320654e+002,6.279786e+001
6.325475e+002,6.278720e+001
6.330296e+002,6.278148e+001
6.335117e+002,6.277897e+001
6.339939e+002,6.277785e+001
6.344760e+002,6.277688e+001
6.349581e+002,6.277530e+001
6.354402e+002,6.277286e+001
6.359224e+002,6.276929e+001
6.364045e+002,6.276418e+001
6.368866e+002,6.275676e+001
6.373687e+002,6.274637e+001
6.378508e+002,6.273265e+001
6.383330e+002,6.271592e+001
6.388151e+002,6.269699e+001
6.392972e+002,6.267679e+001
6.397794e+002,6.265585e+001
6.402615e+002,6.263391e+001
6.407436e+002,6.260998e+001
6.412257e+002,6.258279e+001
6.417079e+002,6.255140e+001
6.421899e+002,6.251584e+001
6.426721e+002,6.247713e+001
6.431542e+002,6.243705e+001
6.436364e+002,6.239739e+001
6.441185e+002,6.235928e+001
6.446006e+002,6.232269e+001
6.450827e+002,6.228646e+001
6.455648e+002,6.224867e+001
6.460470e+002,6.220744e+001
6.465291e+002,6.216157e+001
6.470112e+002,6.211111e+001
6.474933e+002,6.205746e+001
6.479755e+002,6.200324e+001
6.484576e+002,6.195185e+001
6.489397e+002,6.190697e+001
6.494219e+002,6.187162e+001
6.499040e+002,6.184764e+001
6.503861e+002,6.183502e+001
6.508682e+002,6.183187e+001
6.513503e+002,6.183450e+001
6.518325e+002,6.183845e+001
6.523146e+002,6.183944e+001
6.527968e+002,6.183461e+001
6.532788e+002,6.182325e+001
6.537610e+002,6.180702e+001
6.542431e+002,6.178918e+001
6.547252e+002,6.177359e+001
6.552073e+002,6.176337e+001
6.556895e+002,6.176012e+001
6.561716e+002,6.176365e+001
6.566537e+002,6.177250e+001
6.571359e+002,6.178467e+001
6.576179e+002,6.179850e+001
6.581001e+002,6.181298e+001
6.585822e+002,6.182778e+001
6.590643e+002,6.184296e+001
6.595464e+002,6.185880e+001
6.600286e+002,6.187560e+001
6.605107e+002,6.189415e+001
6.609928e+002,6.191571e+001
6.614750e+002,6.194189e+001
6.619571e+002,6.197368e+001
6.624392e+002,6.200991e+001
6.629213e+002,6.204575e+001
6.634034e+002,6.207166e+001
6.638856e+002,6.207327e+001
6.643677e+002,6.203226e+001
6.648499e+002,6.192810e+001
6.653320e+002,6.174076e+001
6.658141e+002,6.145528e+001
6.662962e+002,6.106948e+001
6.667783e+002,6.060479e+001
6.672605e+002,6.011604e+001
6.677426e+002,5.968881e+001
6.682247e+002,5.941395e+001
6.687068e+002,5.934701e+001
6.691890e+002,5.948299e+001
6.696711e+002,5.976613e+001
6.701532e+002,6.012204e+001
6.706353e+002,6.048507e+001
6.711174e+002,6.080999e+001
6.715996e+002,6.107198e+001
6.720817e+002,6.126233e+001
6.725638e+002,6.138405e+001
6.730460e+002,6.144803e+001
6.735281e+002,6.146939e+001
6.740102e+002,6.146400e+001
6.744923e+002,6.144533e+001
6.749745e+002,6.142256e+001
6.754565e+002,6.140016e+001
6.759387e+002,6.137912e+001
6.764208e+002,6.135867e+001
6.769030e+002,6.133787e+001
6.773851e+002,6.131644e+001
6.778672e+002,6.129496e+001
6.783493e+002,6.127430e+001
6.788314e+002,6.125537e+001
6.793136e+002,6.123874e+001
6.797957e+002,6.122503e+001
6.802778e+002,6.121490e+001
6.807599e+002,6.120932e+001
6.812421e+002,6.120928e+001
6.817242e+002,6.121535e+001
6.822063e+002,6.122721e+001
6.826885e+002,6.124359e+001
6.831705e+002,6.126230e+001
6.836527e+002,6.128101e+001
6.841348e+002,6.129772e+001
6.846169e+002,6.131137e+001
6.850991e+002,6.132187e+001
6.855812e+002,6.132996e+001
6.860634e+002,6.133675e+001
6.865454e+002,6.134353e+001
6.870276e+002,6.135140e+001
6.875096e+002,6.136142e+001
6.879918e+002,6.137436e+001
6.884739e+002,6.139096e+001
6.889561e+002,6.141153e+001
6.894382e+002,6.143586e+001
6.899203e+002,6.146320e+001
6.904025e+002,6.149253e+001
6.908845e+002,6.152272e+001
6.913667e+002,6.155310e+001
6.918488e+002,6.158344e+001
6.923309e+002,6.161395e+001
6.928130e+002,6.164485e+001
6.932952e+002,6.167601e+001
6.937773e+002,6.170662e+001
6.942594e+002,6.173542e+001
6.947416e+002,6.176112e+001
6.952236e+002,6.178296e+001
6.957058e+002,6.180096e+001
6.961879e+002,6.181599e+001
6.966700e+002,6.182920e+001
6.971522e+002,6.184151e+001
6.976343e+002,6.185295e+001
6.981165e+002,6.186294e+001
6.985985e+002,6.187040e+001
6.990807e+002,6.187471e+001
6.995628e+002,6.187605e+001
7.000449e+002,6.187569e+001
7.005270e+002,6.187558e+001
7.010092e+002,6.187760e+001
7.014913e+002,6.188284e+001
7.019734e+002,6.189132e+001
7.024556e+002,6.190203e+001
7.029377e+002,6.191352e+001
7.034198e+002,6.192448e+001
7.039019e+002,6.193415e+001
7.043840e+002,6.194230e+001
7.048662e+002,6.194893e+001
7.053483e+002,6.195369e+001
7.058304e+002,6.195583e+001
7.063125e+002,6.195409e+001
7.067947e+002,6.194729e+001
7.072768e+002,6.193462e+001
7.077589e+002,6.191617e+001
7.082410e+002,6.189267e+001
7.087231e+002,6.186526e+001
7.092053e+002,6.183494e+001
7.096874e+002,6.180242e+001
7.101696e+002,6.176804e+001
7.106517e+002,6.173215e+001
7.111338e+002,6.169535e+001
7.116159e+002,6.165884e+001
7.120980e+002,6.162416e+001
7.125802e+002,6.159294e+001
7.130623e+002,6.156628e+001
7.135444e+002,6.154455e+001
7.140265e+002,6.152709e+001
7.145087e+002,6.151249e+001
7.149908e+002,6.149864e+001
7.154729e+002,6.148304e+001
7.159550e+002,6.146293e+001
7.164371e+002,6.143549e+001
7.169193e+002,6.139806e+001
7.174014e+002,6.134899e+001
7.178835e+002,6.128798e+001
7.183657e+002,6.121692e+001
7.188478e+002,6.113982e+001
7.193299e+002,6.106231e+001
7.198120e+002,6.099036e+001
7.202942e+002,6.092877e+001
7.207762e+002,6.087983e+001
7.212584e+002,6.084291e+001
7.217405e+002,6.081483e+001
7.222227e+002,6.079104e+001
7.227048e+002,6.076709e+001
7.231869e+002,6.073972e+001
7.236691e+002,6.070734e+001
7.241511e+002,6.066979e+001
7.246333e+002,6.062766e+001
7.251154e+002,6.058176e+001
7.255975e+002,6.053265e+001
7.260797e+002,6.048067e+001
7.265618e+002,6.042607e+001
7.270439e+002,6.036935e+001
7.275260e+002,6.031116e+001
7.280082e+002,6.025208e+001
7.284902e+002,6.019239e+001
7.289724e+002,6.013193e+001
7.294545e+002,6.007009e+001
7.299366e+002,6.000645e+001
7.304188e+002,5.994094e+001
7.309009e+002,5.987442e+001
7.313831e+002,5.980837e+001
7.318651e+002,5.974460e+001
7.323473e+002,5.968468e+001
7.328293e+002,5.962943e+001
7.333115e+002,5.957876e+001
7.337936e+002,5.953191e+001
7.342758e+002,5.948765e+001
7.347579e+002,5.944481e+001
7.352400e+002,5.940232e+001
7.357222e+002,5.935932e+001
7.362042e+002,5.931488e+001
7.366864e+002,5.926812e+001
7.371685e+002,5.921814e+001
7.376506e+002,5.916434e+001
7.381328e+002,5.910656e+001
7.386149e+002,5.904525e+001
7.390970e+002,5.898119e+001
7.395791e+002,5.891525e+001
7.400613e+002,5.884798e+001
7.405434e+002,5.877942e+001
7.410255e+002,5.870925e+001
7.415076e+002,5.863713e+001
7.419897e+002,5.856312e+001
7.424719e+002,5.848794e+001
7.429540e+002,5.841291e+001
7.434362e+002,5.833976e+001
7.439182e+002,5.827002e+001
7.444004e+002,5.820478e+001
7.448825e+002,5.814447e+001
7.453646e+002,5.808891e+001
7.458467e+002,5.803749e+001
7.463289e+002,5.798940e+001
7.468110e+002,5.794358e+001
7.472931e+002,5.789878e+001
7.477753e+002,5.785343e+001
7.482574e+002,5.780584e+001
7.487395e+002,5.775439e+001
7.492216e+002,5.769802e+001
7.497037e+002,5.763642e+001
7.501859e+002,5.757043e+001
7.506680e+002,5.750157e+001
7.511501e+002,5.743182e+001
7.516322e+002,5.736298e+001
7.521144e+002,5.729638e+001
7.525965e+002,5.723269e+001
7.530786e+002,5.717200e+001
7.535608e+002,5.711408e+001
7.540428e+002,5.705855e+001
7.545250e+002,5.700492e+001
7.550071e+002,5.695263e+001
7.554893e+002,5.690092e+001
7.559714e+002,5.684895e+001
7.564535e+002,5.679599e+001
7.569356e+002,5.674163e+001
7.574177e+002,5.668601e+001
7.578999e+002,5.662989e+001
7.583820e+002,5.657431e+001
7.588641e+002,5.652032e+001
7.593463e+002,5.646866e+001
7.598284e+002,5.641969e+001
7.603105e+002,5.637344e+001
7.607926e+002,5.633002e+001
7.612748e+002,5.628973e+001
7.617568e+002,5.625327e+001
7.622390e+002,5.622132e+001
7.627211e+002,5.619434e+001
7.632032e+002,5.617200e+001
7.636854e+002,5.615327e+001
7.641675e+002,5.613657e+001
7.646496e+002,5.612032e+001
7.651317e+002,5.610350e+001
7.656139e+002,5.608603e+001
7.660959e+002,5.606875e+001
7.665781e+002,5.605302e+001
7.670602e+002,5.604021e+001
7.675424e+002,5.603113e+001
7.680245e+002,5.602588e+001
7.685066e+002,5.602382e+001
7.689888e+002,5.602397e+001
7.694708e+002,5.602536e+001
7.699530e+002,5.602731e+001
7.704351e+002,5.602953e+001
7.709172e+002,5.603211e+001
7.713994e+002,5.603542e+001
7.718815e+002,5.603998e+001
7.723636e+002,5.604645e+001
7.728457e+002,5.605547e+001
7.733279e+002,5.606760e+001
7.738099e+002,5.608298e+001
7.742921e+002,5.610123e+001
7.747742e+002,5.612134e+001
7.752563e+002,5.614193e+001
7.757385e+002,5.616164e+001
7.762206e+002,5.617969e+001
7.767028e+002,5.619629e+001
7.771848e+002,5.621273e+001
7.776670e+002,5.623100e+001
7.781491e+002,5.625325e+001
7.786312e+002,5.628102e+001
7.791133e+002,5.631493e+001
7.795955e+002,5.635444e+001
7.800776e+002,5.639827e+001
7.805597e+002,5.644485e+001
7.810419e+002,5.649284e+001
7.815239e+002,5.654129e+001
7.820061e+002,5.658980e+001
7.824882e+002,5.663819e+001
7.829703e+002,5.668644e+001
7.834525e+002,5.673444e+001
7.839346e+002,5.678217e+001
7.844167e+002,5.682978e+001
7.848988e+002,5.687770e+001
7.853810e+002,5.692651e+001
7.858631e+002,5.697686e+001
7.863452e+002,5.702905e+001
7.868273e+002,5.708310e+001
7.873094e+002,5.713861e+001
7.877916e+002,5.719506e+001
7.882737e+002,5.725203e+001
7.887559e+002,5.730936e+001
7.892380e+002,5.736707e+001
7.897201e+002,5.742519e+001
7.902022e+002,5.748346e+001
7.906843e+002,5.754137e+001
7.911665e+002,5.759807e+001
7.916486e+002,5.765276e+001
7.921307e+002,5.770497e+001
7.926128e+002,5.775482e+001
7.930950e+002,5.780289e+001
7.935771e+002,5.785006e+001
7.940592e+002,5.789723e+001
7.945413e+002,5.794505e+001
7.950234e+002,5.799388e+001
7.955056e+002,5.804387e+001
7.959877e+002,5.809510e+001
7.964698e+002,5.814763e+001
7.969520e+002,5.820143e+001
7.974341e+002,5.825618e+001
7.979162e+002,5.831116e+001
7.983983e+002,5.836535e+001
7.988805e+002,5.841769e+001
7.993625e+002,5.846755e+001
7.998447e+002,5.851492e+001
8.003268e+002,5.856058e+001
8.008090e+002,5.860566e+001
8.012911e+002,5.865125e+001
8.017732e+002,5.869769e+001
8.022553e+002,5.874449e+001
8.027374e+002,5.879044e+001
8.032196e+002,5.883410e+001
8.037017e+002,5.887441e+001
8.041838e+002,5.891111e+001
8.046660e+002,5.894477e+001
8.051481e+002,5.897651e+001
8.056302e+002,5.900739e+001
8.061123e+002,5.903815e+001
8.065945e+002,5.906885e+001
8.070765e+002,5.909922e+001
8.075587e+002,5.912878e+001
8.080408e+002,5.915731e+001
8.085229e+002,5.918468e+001
8.090051e+002,5.921094e+001
8.094872e+002,5.923603e+001
8.099694e+002,5.925962e+001
8.104514e+002,5.928141e+001
8.109336e+002,5.930120e+001
8.114156e+002,5.931932e+001
8.118978e+002,5.933673e+001
8.123799e+002,5.935475e+001
8.128621e+002,5.937461e+001
8.133442e+002,5.939682e+001
8.138263e+002,5.942089e+001
8.143085e+002,5.944529e+001
8.147905e+002,5.946790e+001
8.152727e+002,5.948661e+001
8.157548e+002,5.950002e+001
8.162369e+002,5.950757e+001
8.167191e+002,5.950967e+001
8.172012e+002,5.950729e+001
8.176833e+002,5.950153e+001
8.181654e+002,5.949344e+001
8.186476e+002,5.948388e+001
8.191296e+002,5.947356e+001
8.196118e+002,5.946338e+001
8.200939e+002,5.945415e+001
8.205760e+002,5.944661e+001
8.210582e+002,5.944120e+001
8.215403e+002,5.943784e+001
8.220225e+002,5.943595e+001
8.225045e+002,5.943470e+001
8.229867e+002,5.943319e+001
8.234688e+002,5.943077e+001
8.239509e+002,5.942708e+001
8.244330e+002,5.942203e+001
8.249152e+002,5.941549e+001
8.253973e+002,5.940737e+001
8.258794e+002,5.939748e+001
8.263616e+002,5.938569e+001
8.268437e+002,5.937208e+001
8.273258e+002,5.935705e+001
8.278079e+002,5.934120e+001
8.282900e+002,5.932509e+001
8.287722e+002,5.930915e+001
8.292543e+002,5.929347e+001
8.297365e+002,5.927794e+001
8.302185e+002,5.926245e+001
8.307007e+002,5.924702e+001
8.311828e+002,5.923192e+001
8.316649e+002,5.921745e+001
8.321470e+002,5.920380e+001
8.326292e+002,5.919076e+001
8.331113e+002,5.917772e+001
8.335934e+002,5.916393e+001
8.340756e+002,5.914891e+001
8.345577e+002,5.913271e+001
8.350398e+002,5.911608e+001
8.355219e+002,5.910027e+001
8.360040e+002,5.908652e+001
8.364862e+002,5.907561e+001
8.369683e+002,5.906761e+001
8.374504e+002,5.906187e+001
8.379325e+002,5.905738e+001
8.384147e+002,5.905322e+001
8.388968e+002,5.904892e+001
8.393789e+002,5.904447e+001
8.398610e+002,5.904006e+001
8.403431e+002,5.903580e+001
8.408253e+002,5.903129e+001
8.413074e+002,5.902564e+001
8.417896e+002,5.901773e+001
8.422717e+002,5.900653e+001
8.427538e+002,5.899160e+001
8.432359e+002,5.897322e+001
8.437180e+002,5.895227e+001
8.442002e+002,5.893002e+001
8.446823e+002,5.890786e+001
8.451644e+002,5.888692e+001
8.456465e+002,5.886810e+001
8.461287e+002,5.885198e+001
8.466108e+002,5.883886e+001
8.470929e+002,5.882870e+001
8.475751e+002,5.882106e+001
8.480571e+002,5.881504e+001
8.485393e+002,5.880940e+001
8.490214e+002,5.880285e+001
8.495035e+002,5.879437e+001
8.499857e+002,5.878345e+001
8.504678e+002,5.877023e+001
8.509499e+002,5.875528e+001
8.514320e+002,5.873935e+001
8.519142e+002,5.872281e+001
8.523962e+002,5.870575e+001
8.528784e+002,5.868782e+001
8.533605e+002,5.866868e+001
8.538427e+002,5.864817e+001
8.543248e+002,5.862660e+001
8.548069e+002,5.860468e+001
8.552891e+002,5.858322e+001
8.557711e+002,5.856277e+001
8.562533e+002,5.854353e+001
8.567354e+002,5.852528e+001
8.572175e+002,5.850766e+001
8.576996e+002,5.849044e+001
8.581818e+002,5.847382e+001
8.586639e+002,5.845834e+001
8.591460e+002,5.844459e+001
8.596282e+002,5.843303e+001
8.601102e+002,5.842372e+001
8.605924e+002,5.841624e+001
8.610745e+002,5.840995e+001
8.615566e+002,5.840422e+001
8.620388e+002,5.839854e+001
8.625209e+002,5.839264e+001
8.630031e+002,5.838631e+001
8.634851e+002,5.837919e+001
8.639673e+002,5.837079e+001
8.644494e+002,5.836051e+001
8.649315e+002,5.834797e+001
8.654136e+002,5.833326e+001
8.658958e+002,5.831702e+001
8.663779e+002,5.830026e+001
8.668600e+002,5.828406e+001
8.673422e+002,5.826905e+001
8.678242e+002,5.825530e+001
8.683064e+002,5.824223e+001
8.687885e+002,5.822902e+001
8.692706e+002,5.821498e+001
8.697527e+002,5.819995e+001
8.702349e+002,5.818437e+001
8.707170e+002,5.816908e+001
8.711991e+002,5.815503e+001
8.716813e+002,5.814291e+001
8.721634e+002,5.813294e+001
8.726455e+002,5.812492e+001
8.731276e+002,5.811824e+001
8.736097e+002,5.811227e+001
8.740919e+002,5.810639e+001
8.745740e+002,5.810004e+001
8.750562e+002,5.809276e+001
8.755382e+002,5.808417e+001
8.760204e+002,5.807405e+001
8.765025e+002,5.806245e+001
8.769846e+002,5.804966e+001
8.774668e+002,5.803619e+001
8.779489e+002,5.802253e+001
8.784310e+002,5.800899e+001
8.789131e+002,5.799545e+001
8.793953e+002,5.798151e+001
8.798774e+002,5.796670e+001
8.803595e+002,5.795090e+001
8.808416e+002,5.793455e+001
8.813237e+002,5.791871e+001
8.818059e+002,5.790473e+001
8.822880e+002,5.789380e+001
8.827701e+002,5.788637e+001
8.832523e+002,5.788201e+001
8.837344e+002,5.787941e+001
8.842165e+002,5.787678e+001
8.846986e+002,5.787230e+001
8.851808e+002,5.786470e+001
8.856628e+002,5.785331e+001
8.861450e+002,5.783807e+001
8.866271e+002,5.781937e+001
8.871093e+002,5.779782e+001
8.875914e+002,5.777416e+001
8.880735e+002,5.774931e+001
8.885556e+002,5.772430e+001
8.890377e+002,5.770025e+001
8.895199e+002,5.767809e+001
8.900020e+002,5.765831e+001
8.904841e+002,5.764068e+001
8.909662e+002,5.762433e+001
8.914484e+002,5.760801e+001
8.919305e+002,5.759063e+001
8.924126e+002,5.757159e+001
8.928948e+002,5.755120e+001
8.933768e+002,5.753045e+001
8.938590e+002,5.751063e+001
8.943411e+002,5.749282e+001
8.948232e+002,5.747746e+001
8.953054e+002,5.746429e+001
8.957875e+002,5.745258e+001
8.962697e+002,5.744130e+001
8.967517e+002,5.742972e+001
8.972339e+002,5.741745e+001
8.977159e+002,5.740446e+001
8.981981e+002,5.739082e+001
8.986802e+002,5.737667e+001
8.991624e+002,5.736209e+001
8.996445e+002,5.734727e+001
9.001266e+002,5.733250e+001
9.006088e+002,5.731838e+001
9.010908e+002,5.730553e+001
9.015730e+002,5.729446e+001
9.020551e+002,5.728520e+001
9.025372e+002,5.727734e+001
9.030193e+002,5.727000e+001
9.035015e+002,5.726220e+001
9.039836e+002,5.725322e+001
9.044657e+002,5.724281e+001
9.049479e+002,5.723108e+001
9.054299e+002,5.721838e+001
9.059121e+002,5.720483e+001
9.063942e+002,5.719028e+001
9.068763e+002,5.717420e+001
9.073585e+002,5.715614e+001
9.078406e+002,5.713585e+001
9.083228e+002,5.711377e+001
9.088048e+002,5.709088e+001
9.092870e+002,5.706853e+001
9.097691e+002,5.704789e+001
9.102512e+002,5.702969e+001
9.107333e+002,5.701396e+001
9.112155e+002,5.700014e+001
9.116976e+002,5.698734e+001
9.121797e+002,5.697472e+001
9.126619e+002,5.696173e+001
9.131440e+002,5.694825e+001
9.136261e+002,5.693442e+001
9.141082e+002,5.692071e+001
9.145903e+002,5.690761e+001
9.150724e+002,5.689566e+001
9.155546e+002,5.688528e+001
9.160367e+002,5.687677e+001
9.165189e+002,5.687012e+001
9.170010e+002,5.686487e+001
9.174831e+002,5.686013e+001
9.179652e+002,5.685464e+001
9.184473e+002,5.684724e+001
9.189294e+002,5.683717e+001
9.194116e+002,5.682431e+001
9.198937e+002,5.680947e+001
9.203759e+002,5.679389e+001
9.208580e+002,5.677894e+001
9.213401e+002,5.676553e+001
9.218222e+002,5.675390e+001
9.223043e+002,5.674352e+001
9.227864e+002,5.673338e+001
9.232686e+002,5.672248e+001
9.237507e+002,5.671012e+001
9.242328e+002,5.669613e+001
9.247150e+002,5.668078e+001
9.251971e+002,5.666457e+001
9.256792e+002,5.664806e+001
9.261613e+002,5.663161e+001
9.266434e+002,5.661557e+001
9.271255e+002,5.660014e+001
9.276077e+002,5.658566e+001
9.280898e+002,5.657225e+001
9.285720e+002,5.655997e+001
9.290541e+002,5.654839e+001
9.295362e+002,5.653678e+001
9.300183e+002,5.652414e+001
9.305004e+002,5.650958e+001
9.309826e+002,5.649261e+001
9.314647e+002,5.647338e+001
9.319468e+002,5.645262e+001
9.324290e+002,5.643143e+001
9.329111e+002,5.641090e+001
9.333932e+002,5.639181e+001
9.338753e+002,5.637460e+001
9.343574e+002,5.635935e+001
9.348396e+002,5.634593e+001
9.353217e+002,5.633429e+001
9.358038e+002,5.632433e+001
9.362859e+002,5.631595e+001
9.367681e+002,5.630879e+001
9.372502e+002,5.630233e+001
9.377323e+002,5.629579e+001
9.382144e+002,5.628844e+001
9.386966e+002,5.627972e+001
9.391787e+002,5.626949e+001
9.396608e+002,5.625789e+001
9.401429e+002,5.624529e+001
9.406251e+002,5.623197e+001
9.411072e+002,5.621808e+001
9.415893e+002,5.620356e+001
9.420714e+002,5.618829e+001
9.425536e+002,5.617215e+001
9.430357e+002,5.615517e+001
9.435178e+002,5.613735e+001
9.439999e+002,5.611861e+001
9.444821e+002,5.609871e+001
9.449642e+002,5.607722e+001
9.454463e+002,5.605388e+001
9.459284e+002,5.602882e+001
9.464106e+002,5.600284e+001
9.468927e+002,5.597750e+001
9.473748e+002,5.595474e+001
9.478569e+002,5.593646e+001
9.483391e+002,5.592387e+001
9.488212e+002,5.591723e+001
9.493033e+002,5.591558e+001
9.497855e+002,5.591714e+001
9.502676e+002,5.591968e+001
9.507497e+002,5.592101e+001
9.512318e+002,5.591936e+001
9.517139e+002,5.591352e+001
9.521960e+002,5.590287e+001
9.526782e+002,5.588734e+001
9.531603e+002,5.586737e+001
9.536425e+002,5.584385e+001
9.541246e+002,5.581809e+001
9.546067e+002,5.579167e+001
9.550888e+002,5.576619e+001
9.555709e+002,5.574295e+001
9.560530e+002,5.572266e+001
9.565352e+002,5.570546e+001
9.570173e+002,5.569102e+001
9.574995e+002,5.567885e+001
9.579816e+002,5.566853e+001
9.584637e+002,5.565986e+001
9.589458e+002,5.565271e+001
9.594279e+002,5.564683e+001
9.599100e+002,5.564151e+001
9.603922e+002,5.563568e+001
9.608743e+002,5.562801e+001
9.613564e+002,5.561747e+001
9.618386e+002,5.560367e+001
9.623207e+002,5.558722e+001
9.628028e+002,5.556955e+001
9.632849e+002,5.555256e+001
9.637670e+002,5.553793e+001
9.642491e+002,5.552667e+001
9.647313e+002,5.551880e+001
9.652134e+002,5.551345e+001
9.656956e+002,5.550920e+001
9.661777e+002,5.550455e+001
9.666598e+002,5.549825e+001
9.671419e+002,5.548944e+001
9.676240e+002,5.547775e+001
9.681061e+002,5.546317e+001
9.685883e+002,5.544600e+001
9.690704e+002,5.542686e+001
9.695526e+002,5.540659e+001
9.700347e+002,5.538622e+001
9.705168e+002,5.536684e+001
9.709989e+002,5.534930e+001
9.714810e+002,5.533409e+001
9.719631e+002,5.532121e+001
9.724453e+002,5.531029e+001
9.729274e+002,5.530091e+001
9.734095e+002,5.529267e+001
9.738917e+002,5.528548e+001
9.743738e+002,5.527938e+001
9.748559e+002,5.527438e+001
9.753380e+002,5.527010e+001
9.758201e+002,5.526582e+001
9.763023e+002,5.526043e+001
9.767844e+002,5.525287e+001
9.772665e+002,5.524238e+001
9.777487e+002,5.522891e+001
9.782308e+002,5.521302e+001
9.787129e+002,5.519577e+001
9.791950e+002,5.517827e+001
9.796771e+002,5.516142e+001
9.801593e+002,5.514573e+001
9.806414e+002,5.513131e+001
9.811235e+002,5.511806e+001
9.816057e+002,5.510600e+001
9.820878e+002,5.509508e+001
9.825699e+002,5.508534e+001
9.830520e+002,5.507659e+001
9.835342e+002,5.506846e+001
9.840163e+002,5.506020e+001
9.844984e+002,5.505103e+001
9.849805e+002,5.504021e+001
9.854626e+002,5.502739e+001
9.859448e+002,5.501255e+001
9.864269e+002,5.499604e+001
9.869090e+002,5.497836e+001
9.873912e+002,5.496008e+001
9.878733e+002,5.494169e+001
9.883554e+002,5.492372e+001
9.888375e+002,5.490672e+001
9.893196e+002,5.489136e+001
9.898018e+002,5.487822e+001
9.902839e+002,5.486771e+001
9.907660e+002,5.485983e+001
9.912482e+002,5.485418e+001
9.917303e+002,5.484999e+001
9.922124e+002,5.484638e+001
9.926945e+002,5.484263e+001
9.931766e+002,5.483831e+001
9.936588e+002,5.483329e+001
9.941409e+002,5.482758e+001
9.946230e+002,5.482117e+001
9.951052e+002,5.481391e+001
9.955873e+002,5.480543e+001
9.960694e+002,5.479550e+001
9.965515e+002,5.478407e+001
9.970336e+002,5.477148e+001
9.975157e+002,5.475826e+001
9.979979e+002,5.474506e+001
9.984800e+002,5.473217e+001
9.989622e+002,5.471954e+001
9.994443e+002,5.470672e+001
9.999264e+002,5.469302e+001
1.000409e+003,5.467789e+001
1.000891e+003,5.466118e+001
1.001373e+003,5.464310e+001
1.001855e+003,5.462430e+001
1.002337e+003,5.460548e+001
1.002819e+003,5.458731e+001
1.003301e+003,5.457027e+001
1.003783e+003,5.455466e+001
1.004266e+003,5.454072e+001
1.004748e+003,5.452858e+001
1.005230e+003,5.451833e+001
1.005712e+003,5.450981e+001
1.006194e+003,5.450258e+001
1.006676e+003,5.449591e+001
1.007158e+003,5.448892e+001
1.007640e+003,5.448090e+001
1.008122e+003,5.447141e+001
1.008605e+003,5.446052e+001
1.009087e+003,5.444857e+001
1.009569e+003,5.443599e+001
1.010051e+003,5.442293e+001
1.010533e+003,5.440922e+001
1.011015e+003,5.439441e+001
1.011497e+003,5.437812e+001
1.011979e+003,5.436032e+001
1.012462e+003,5.434159e+001
1.012944e+003,5.432305e+001
1.013426e+003,5.430598e+001
1.013908e+003,5.429143e+001
1.014390e+003,5.427991e+001
1.014872e+003,5.427108e+001
1.015354e+003,5.426406e+001
1.015836e+003,5.425755e+001
1.016319e+003,5.425038e+001
1.016801e+003,5.424161e+001
1.017283e+003,5.423073e+001
1.017765e+003,5.421755e+001
1.018247e+003,5.420212e+001
1.018729e+003,5.418478e+001
1.019211e+003,5.416607e+001
1.019693e+003,5.414687e+001
1.020176e+003,5.412830e+001
1.020658e+003,5.411145e+001
1.021140e+003,5.409718e+001
1.021622e+003,5.408567e+001
1.022104e+003,5.407639e+001
1.022586e+003,5.406805e+001
1.023068e+003,5.405906e+001
1.023550e+003,5.404786e+001
1.024033e+003,5.403342e+001
1.024515e+003,5.401540e+001
1.024997e+003,5.399417e+001
1.025479e+003,5.397052e+001
1.025961e+003,5.394554e+001
1.026443e+003,5.392028e+001
1.026925e+003,5.389569e+001
1.027407e+003,5.387259e+001
1.027890e+003,5.385166e+001
1.028372e+003,5.383325e+001
1.028854e+003,5.381734e+001
1.029336e+003,5.380330e+001
1.029818e+003,5.379008e+001
1.030300e+003,5.377625e+001
1.030782e+003,5.376041e+001
1.031264e+003,5.374163e+001
1.031747e+003,5.371961e+001
1.032229e+003,5.369477e+001
1.032711e+003,5.366811e+001
1.033193e+003,5.364075e+001
1.033675e+003,5.361380e+001
1.034157e+003,5.358807e+001
1.034639e+003,5.356406e+001
1.035121e+003,5.354206e+001
1.035604e+003,5.352223e+001
1.036086e+003,5.350449e+001
1.036568e+003,5.348863e+001
1.037050e+003,5.347400e+001
1.037532e+003,5.345972e+001
1.038014e+003,5.344474e+001
1.038496e+003,5.342818e+001
1.038979e+003,5.340958e+001
1.039461e+003,5.338914e+001
1.039943e+003,5.336755e+001
1.040425e+003,5.334581e+001
1.040907e+003,5.332478e+001
1.041389e+003,5.330494e+001
1.041871e+003,5.328621e+001
1.042353e+003,5.326814e+001
1.042835e+003,5.325009e+001
1.043318e+003,5.323158e+001
1.043800e+003,5.321241e+001
1.044282e+003,5.319268e+001
1.044764e+003,5.317264e+001
1.045246e+003,5.315266e+001
1.045728e+003,5.313297e+001
1.046210e+003,5.311379e+001
1.046692e+003,5.309531e+001
1.047175e+003,5.307763e+001
1.047657e+003,5.306082e+001
1.048139e+003,5.304473e+001
1.048621e+003,5.302892e+001
1.049103e+003,5.301272e+001
1.049585e+003,5.299535e+001
1.050067e+003,5.297624e+001
1.050549e+003,5.295528e+001
1.051031e+003,5.293289e+001
1.051514e+003,5.290986e+001
1.051996e+003,5.288721e+001
1.052478e+003,5.286562e+001
1.052960e+003,5.284542e+001
1.053442e+003,5.282647e+001
1.053924e+003,5.280835e+001
1.054406e+003,5.279065e+001
1.054889e+003,5.277321e+001
1.055371e+003,5.275616e+001
1.055853e+003,5.273980e+001
1.056335e+003,5.272432e+001
1.056817e+003,5.270969e+001
1.057299e+003,5.269554e+001
1.057781e+003,5.268131e+001
1.058263e+003,5.266637e+001
1.058746e+003,5.265034e+001
1.059228e+003,5.263308e+001
1.059710e+003,5.261463e+001
1.060192e+003,5.259518e+001
1.060674e+003,5.257488e+001
1.061156e+003,5.255386e+001
1.061638e+003,5.253239e+001
1.062120e+003,5.251085e+001
1.062603e+003,5.248981e+001
1.063085e+003,5.246994e+001
1.063567e+003,5.245173e+001
1.064049e+003,5.243530e+001
1.064531e+003,5.242032e+001
1.065013e+003,5.240609e+001
1.065495e+003,5.239169e+001
1.065977e+003,5.237641e+001
1.066460e+003,5.235990e+001
1.066942e+003,5.234216e+001
1.067424e+003,5.232349e+001
1.067906e+003,5.230414e+001
1.068388e+003,5.228441e+001
1.068870e+003,5.226442e+001
1.069352e+003,5.224435e+001
1.069834e+003,5.222448e+001
1.070317e+003,5.220537e+001
1.070799e+003,5.218766e+001
1.071281e+003,5.217182e+001
1.071763e+003,5.215794e+001
1.072245e+003,5.214565e+001
1.072727e+003,5.213414e+001
1.073209e+003,5.212246e+001
1.073691e+003,5.210989e+001
1.074174e+003,5.209618e+001
1.074656e+003,5.208157e+001
1.075138e+003,5.206662e+001
1.075620e+003,5.205187e+001
1.076102e+003,5.203771e+001
1.076584e+003,5.202416e+001
1.077066e+003,5.201120e+001
1.077548e+003,5.199878e+001
1.078031e+003,5.198708e+001
1.078513e+003,5.197650e+001
1.078995e+003,5.196745e+001
1.079477e+003,5.196007e+001
1.079959e+003,5.195402e+001
1.080441e+003,5.194850e+001
1.080923e+003,5.194238e+001
1.081406e+003,5.193454e+001
1.081888e+003,5.192422e+001
1.082370e+003,5.191119e+001
1.082852e+003,5.189567e+001
1.083334e+003,5.187828e+001
1.083816e+003,5.185983e+001
1.084298e+003,5.184109e+001
1.084780e+003,5.182291e+001
1.085262e+003,5.180603e+001
1.085745e+003,5.179129e+001
1.086227e+003,5.177929e+001
1.086709e+003,5.177041e+001
1.087191e+003,5.176442e+001
1.087673e+003,5.176062e+001
1.088155e+003,5.175769e+001
1.088637e+003,5.175420e+001
1.089119e+003,5.174876e+001
1.089602e+003,5.174056e+001
1.090084e+003,5.172935e+001
1.090566e+003,5.171552e+001
1.091048e+003,5.169981e+001
1.091530e+003,5.168317e+001
1.092012e+003,5.166644e+001
1.092494e+003,5.165036e+001
1.092976e+003,5.163544e+001
1.093458e+003,5.162212e+001
1.093941e+003,5.161068e+001
1.094423e+003,5.160126e+001
1.094905e+003,5.159379e+001
1.095387e+003,5.158813e+001
1.095869e+003,5.158402e+001
1.096351e+003,5.158118e+001
1.096833e+003,5.157939e+001
1.097316e+003,5.157840e+001
1.097798e+003,5.157780e+001
1.098280e+003,5.157693e+001
1.098762e+003,5.157483e+001
1.099244e+003,5.157042e+001
1.099726e+003,5.156283e+001
1.100208e+003,5.155175e+001
1.100690e+003,5.153770e+001
1.101173e+003,5.152202e+001
1.101655e+003,5.150640e+001
1.102137e+003,5.149246e+001
1.102619e+003,5.148105e+001
1.103101e+003,5.147208e+001
1.103583e+003,5.146449e+001
1.104065e+003,5.145666e+001
1.104547e+003,5.144700e+001
1.105030e+003,5.143455e+001
1.105512e+003,5.141915e+001
1.105994e+003,5.140147e+001
1.106476e+003,5.138261e+001
1.106958e+003,5.136378e+001
1.107440e+003,5.134594e+001
1.107922e+003,5.132969e+001
1.108404e+003,5.131528e+001
1.108886e+003,5.130278e+001
1.109369e+003,5.129218e+001
1.109851e+003,5.128329e+001
1.110333e+003,5.127584e+001
1.110815e+003,5.126932e+001
1.111297e+003,5.126304e+001
1.111779e+003,5.125622e+001
1.112261e+003,5.124817e+001
1.112744e+003,5.123842e+001
1.113226e+003,5.122676e+001
1.113708e+003,5.121322e+001
1.114190e+003,5.119793e+001
1.114672e+003,5.118111e+001
1.115154e+003,5.116306e+001
1.115636e+003,5.114425e+001
1.116118e+003,5.112532e+001
1.116601e+003,5.110709e+001
1.117083e+003,5.109044e+001
1.117565e+003,5.107601e+001
1.118047e+003,5.106410e+001
1.118529e+003,5.105453e+001
1.119011e+003,5.104675e+001
1.119493e+003,5.104013e+001
1.119975e+003,5.103411e+001
1.120458e+003,5.102845e+001
1.120940e+003,5.102314e+001
1.121422e+003,5.101829e+001
1.121904e+003,5.101376e+001
1.122386e+003,5.100920e+001
1.122868e+003,5.100389e+001
1.123350e+003,5.099704e+001
1.123832e+003,5.098797e+001
1.124314e+003,5.097642e+001
1.124797e+003,5.096252e+001
1.125279e+003,5.094669e+001
1.125761e+003,5.092949e+001
1.126243e+003,5.091130e+001
1.126725e+003,5.089238e+001
1.127207e+003,5.087284e+001
1.127689e+003,5.085282e+001
1.128172e+003,5.083259e+001
1.128654e+003,5.081254e+001
1.129136e+003,5.079316e+001
1.129618e+003,5.077480e+001
1.130100e+003,5.075767e+001
1.130582e+003,5.074178e+001
1.131064e+003,5.072706e+001
1.131546e+003,5.071351e+001
1.132029e+003,5.070127e+001
1.132511e+003,5.069050e+001
1.132993e+003,5.068139e+001
1.133475e+003,5.067377e+001
1.133957e+003,5.066723e+001
1.134439e+003,5.066105e+001
1.134921e+003,5.065446e+001
1.135403e+003,5.064691e+001
1.135885e+003,5.063826e+001
1.136368e+003,5.062872e+001
1.136850e+003,5.061878e+001
1.137332e+003,5.060883e+001
1.137814e+003,5.059905e+001
1.138296e+003,5.058923e+001
1.138778e+003,5.057891e+001
1.139260e+003,5.056760e+001
1.139742e+003,5.055505e+001
1.140225e+003,5.054130e+001
1.140707e+003,5.052674e+001
1.141189e+003,5.051189e+001
1.141671e+003,5.049723e+001
1.142153e+003,5.048302e+001
1.142635e+003,5.046930e+001
1.143117e+003,5.045581e+001
1.143599e+003,5.044223e+001
1.144082e+003,5.042818e+001
1.144564e+003,5.041334e+001
1.145046e+003,5.039754e+001
1.145528e+003,5.038083e+001
1.146010e+003,5.036342e+001
1.146492e+003,5.034592e+001
1.146974e+003,5.032909e+001
1.147457e+003,5.031393e+001
1.147939e+003,5.030120e+001
1.148421e+003,5.029134e+001
1.148903e+003,5.028410e+001
1.149385e+003,5.027868e+001
1.149867e+003,5.027381e+001
1.150349e+003,5.026812e+001
1.150831e+003,5.026050e+001
1.151313e+003,5.025039e+001
1.151796e+003,5.023776e+001
1.152278e+003,5.022311e+001
1.152760e+003,5.020713e+001
1.153242e+003,5.019054e+001
1.153724e+003,5.017392e+001
1.154206e+003,5.015770e+001
1.154688e+003,5.014223e+001
1.155170e+003,5.012780e+001
1.155653e+003,5.011462e+001
1.156135e+003,5.010273e+001
1.156617e+003,5.009184e+001
1.157099e+003,5.008138e+001
1.157581e+003,5.007061e+001
1.158063e+003,5.005878e+001
1.158545e+003,5.004543e+001
1.159027e+003,5.003054e+001
1.159510e+003,5.001453e+001
1.159992e+003,4.999814e+001
1.160474e+003,4.998212e+001
1.160956e+003,4.996703e+001
1.161438e+003,4.995308e+001
1.161920e+003,4.994019e+001
1.162402e+003,4.992797e+001
1.162885e+003,4.991599e+001
1.163367e+003,4.990373e+001
1.163849e+003,4.989075e+001
1.164331e+003,4.987664e+001
1.164813e+003,4.986108e+001
1.165295e+003,4.984393e+001
1.165777e+003,4.982535e+001
1.166259e+003,4.980584e+001
1.166741e+003,4.978619e+001
1.167224e+003,4.976731e+001
1.167706e+003,4.974996e+001
1.168188e+003,4.973449e+001
1.168670e+003,4.972078e+001
1.169152e+003,4.970824e+001
1.169634e+003,4.969606e+001
1.170116e+003,4.968349e+001
1.170598e+003,4.967009e+001
1.171081e+003,4.965572e+001
1.171563e+003,4.964069e+001
1.172045e+003,4.962537e+001
1.172527e+003,4.961021e+001
1.173009e+003,4.959552e+001
1.173491e+003,4.958153e+001
1.173973e+003,4.956835e+001
1.174455e+003,4.955600e+001
1.174938e+003,4.954439e+001
1.175420e+003,4.953327e+001
1.175902e+003,4.952219e+001
1.176384e+003,4.951054e+001
1.176866e+003,4.949773e+001
1.177348e+003,4.948343e+001
1.177830e+003,4.946763e+001
1.178313e+003,4.945084e+001
1.178795e+003,4.943376e+001
1.179277e+003,4.941720e+001
1.179759e+003,4.940167e+001
1.180241e+003,4.938727e+001
1.180723e+003,4.937364e+001
1.181205e+003,4.936021e+001
1.181687e+003,4.934640e+001
1.182169e+003,4.933195e+001
1.182652e+003,4.931693e+001
1.183134e+003,4.930173e+001
1.183616e+003,4.928681e+001
1.184098e+003,4.927258e+001
1.184580e+003,4.925918e+001
1.185062e+003,4.924656e+001
1.185544e+003,4.923445e+001
1.186026e+003,4.922253e+001
1.186509e+003,4.921041e+001
1.186991e+003,4.919777e+001
1.187473e+003,4.918429e+001
1.187955e+003,4.916980e+001
1.188437e+003,4.915426e+001
1.188919e+003,4.913795e+001
1.189401e+003,4.912136e+001
1.189883e+003,4.910521e+001
1.190366e+003,4.909015e+001
1.190848e+003,4.907661e+001
1.191330e+003,4.906458e+001
1.191812e+003,4.905362e+001
1.192294e+003,4.904300e+001
1.192776e+003,4.903202e+001
1.193258e+003,4.902024e+001
1.193740e+003,4.900770e+001
1.194223e+003,4.899472e+001
1.194705e+003,4.898185e+001
1.195187e+003,4.896941e+001
1.195669e+003,4.895743e+001
1.196151e+003,4.894555e+001
1.196633e+003,4.893319e+001
1.197115e+003,4.891978e+001
1.197597e+003,4.890500e+001
1.198080e+003,4.888889e+001
1.198562e+003,4.887177e+001
1.199044e+003,4.885415e+001
1.199526e+003,4.883652e+001
1.200008e+003,4.881927e+001
1.200490e+003,4.880275e+001
1.200972e+003,4.878717e+001
1.201454e+003,4.877278e+001
1.201937e+003,4.875971e+001
1.202419e+003,4.874794e+001
1.202901e+003,4.873718e+001
1.203383e+003,4.872691e+001
1.203865e+003,4.871647e+001
1.204347e+003,4.870523e+001
1.204829e+003,4.869287e+001
1.205312e+003,4.867942e+001
1.205794e+003,4.866526e+001
1.206276e+003,4.865096e+001
1.206758e+003,4.863699e+001
1.207240e+003,4.862360e+001
1.207722e+003,4.861073e+001
1.208204e+003,4.859814e+001
1.208686e+003,4.858549e+001
1.209168e+003,4.857251e+001
1.209651e+003,4.855904e+001
1.210133e+003,4.854503e+001
1.210615e+003,4.853034e+001
1.211097e+003,4.851483e+001
1.211579e+003,4.849832e+001
1.212061e+003,4.848074e+001
1.212543e+003,4.846225e+001
1.213025e+003,4.844329e+001
1.213508e+003,4.842448e+001
1.213990e+003,4.840646e+001
1.214472e+003,4.838959e+001
1.214954e+003,4.837393e+001
1.215436e+003,4.835921e+001
1.215918e+003,4.834500e+001
1.216400e+003,4.833090e+001
1.216882e+003,4.831678e+001
1.217365e+003,4.830279e+001
1.217847e+003,4.828922e+001
1.218329e+003,4.827637e+001
1.218811e+003,4.826432e+001
1.219293e+003,4.825294e+001
1.219775e+003,4.824192e+001
1.220257e+003,4.823090e+001
1.220740e+003,4.821963e+001
1.221222e+003,4.820797e+001
1.221704e+003,4.819590e+001
1.222186e+003,4.818333e+001
1.222668e+003,4.817011e+001
1.223150e+003,4.815594e+001
1.223632e+003,4.814060e+001
1.224114e+003,4.812399e+001
1.224596e+003,4.810639e+001
1.225079e+003,4.808830e+001
1.225561e+003,4.807042e+001
1.226043e+003,4.805344e+001
1.226525e+003,4.803773e+001
1.227007e+003,4.802337e+001
1.227489e+003,4.801006e+001
1.227971e+003,4.799726e+001
1.228453e+003,4.798436e+001
1.228936e+003,4.797081e+001
1.229418e+003,4.795622e+001
1.229900e+003,4.794038e+001
1.230382e+003,4.792336e+001
1.230864e+003,4.790544e+001
1.231346e+003,4.788720e+001
1.231828e+003,4.786940e+001
1.232310e+003,4.785284e+001
1.232792e+003,4.783819e+001
1.233275e+003,4.782570e+001
1.233757e+003,4.781509e+001
1.234239e+003,4.780558e+001
1.234721e+003,4.779604e+001
1.235203e+003,4.778542e+001
1.235685e+003,4.777297e+001
1.236167e+003,4.775850e+001
1.236650e+003,4.774238e+001
1.237132e+003,4.772538e+001
1.237614e+003,4.770830e+001
1.238096e+003,4.769185e+001
1.238578e+003,4.767638e+001
1.239060e+003,4.766201e+001
1.239542e+003,4.764860e+001
1.240024e+003,4.763602e+001
1.240507e+003,4.762412e+001
1.240989e+003,4.761274e+001
1.241471e+003,4.760162e+001
1.241953e+003,4.759047e+001
1.242435e+003,4.757888e+001
1.242917e+003,4.756656e+001
1.243399e+003,4.755334e+001
1.243881e+003,4.753931e+001
1.244364e+003,4.752473e+001
1.244846e+003,4.750989e+001
1.245328e+003,4.749495e+001
1.245810e+003,4.747983e+001
1.246292e+003,4.746429e+001
1.246774e+003,4.744802e+001
1.247256e+003,4.743086e+001
1.247738e+003,4.741296e+001
1.248220e+003,4.739471e+001
1.248703e+003,4.737668e+001
1.249185e+003,4.735934e+001
1.249667e+003,4.734304e+001
1.250149e+003,4.732782e+001
1.250631e+003,4.731362e+001
1.251113e+003,4.730029e+001
1.251595e+003,4.728782e+001
1.252078e+003,4.727628e+001
1.252560e+003,4.726583e+001
1.253042e+003,4.725650e+001
1.253524e+003,4.724811e+001
1.254006e+003,4.724022e+001
1.254488e+003,4.723227e+001
1.254970e+003,4.722362e+001
1.255452e+003,4.721376e+001
1.255935e+003,4.720237e+001
1.256417e+003,4.718927e+001
1.256899e+003,4.717437e+001
1.257381e+003,4.715768e+001
1.257863e+003,4.713924e+001
1.258345e+003,4.711926e+001
1.258827e+003,4.709816e+001
1.259309e+003,4.707656e+001
1.259792e+003,4.705518e+001
1.260274e+003,4.703470e+001
1.260756e+003,4.701547e+001
1.261238e+003,4.699752e+001
1.261720e+003,4.698052e+001
1.262202e+003,4.696403e+001
1.262684e+003,4.694761e+001
1.263166e+003,4.693108e+001
1.263648e+003,4.691445e+001
1.264131e+003,4.689791e+001
1.264613e+003,4.688158e+001
1.265095e+003,4.686545e+001
1.265577e+003,4.684935e+001
1.266059e+003,4.683305e+001
1.266541e+003,4.681640e+001
1.267023e+003,4.679943e+001
1.267505e+003,4.678233e+001
1.267988e+003,4.676540e+001
1.268470e+003,4.674881e+001
1.268952e+003,4.673257e+001
1.269434e+003,4.671653e+001
1.269916e+003,4.670049e+001
1.270398e+003,4.668437e+001
1.270880e+003,4.666836e+001
1.271363e+003,4.665284e+001
1.271845e+003,4.663831e+001
1.272327e+003,4.662516e+001
1.272809e+003,4.661349e+001
1.273291e+003,4.660304e+001
1.273773e+003,4.659327e+001
1.274255e+003,4.658345e+001
1.274737e+003,4.657293e+001
1.275219e+003,4.656113e+001
1.275702e+003,4.654763e+001
1.276184e+003,4.653214e+001
1.276666e+003,4.651448e+001
1.277148e+003,4.649463e+001
1.277630e+003,4.647287e+001
1.278112e+003,4.644975e+001
1.278594e+003,4.642621e+001
1.279076e+003,4.640334e+001
1.279559e+003,4.638219e+001
1.280041e+003,4.636344e+001
1.280523e+003,4.634729e+001
1.281005e+003,4.633333e+001
1.281487e+003,4.632078e+001
1.281969e+003,4.630868e+001
1.282451e+003,4.629622e+001
1.282933e+003,4.628289e+001
1.283416e+003,4.626849e+001
1.283898e+003,4.625303e+001
1.284380e+003,4.623660e+001
1.284862e+003,4.621926e+001
1.285344e+003,4.620103e+001
1.285826e+003,4.618193e+001
1.286308e+003,4.616209e+001
1.286791e+003,4.614172e+001
1.287273e+003,4.612117e+001
1.287755e+003,4.610076e+001
1.288237e+003,4.608076e+001
1.288719e+003,4.606137e+001
1.289201e+003,4.604273e+001
1.289683e+003,4.602493e+001
1.290165e+003,4.600811e+001
1.290647e+003,4.599241e+001
1.291130e+003,4.597787e+001
1.291612e+003,4.596429e+001
1.292094e+003,4.595125e+001
1.292576e+003,4.593809e+001
1.293058e+003,4.592410e+001
1.293540e+003,4.590870e+001
1.294022e+003,4.589163e+001
1.294504e+003,4.587299e+001
1.294987e+003,4.585323e+001
1.295469e+003,4.583295e+001
1.295951e+003,4.581279e+001
1.296433e+003,4.579325e+001
1.296915e+003,4.577465e+001
1.297397e+003,4.575709e+001
1.297879e+003,4.574054e+001
1.298361e+003,4.572478e+001
1.298844e+003,4.570955e+001
1.299326e+003,4.569439e+001
1.299808e+003,4.567881e+001
1.300290e+003,4.566235e+001
1.300772e+003,4.564468e+001
1.301254e+003,4.562565e+001
1.301736e+003,4.560541e+001
1.302219e+003,4.558426e+001
1.302701e+003,4.556260e+001
1.303183e+003,4.554071e+001
1.303665e+003,4.551883e+001
1.304147e+003,4.549701e+001
1.304629e+003,4.547536e+001
1.305111e+003,4.545401e+001
1.305593e+003,4.543327e+001
1.306075e+003,4.541352e+001
1.306558e+003,4.539512e+001
1.307040e+003,4.537820e+001
1.307522e+003,4.536262e+001
1.308004e+003,4.534792e+001
1.308486e+003,4.533353e+001
1.308968e+003,4.531877e+001
1.309450e+003,4.530317e+001
1.309932e+003,4.528640e+001
1.310415e+003,4.526835e+001
1.310897e+003,4.524903e+001
1.311379e+003,4.522861e+001
1.311861e+003,4.520729e+001
1.312343e+003,4.518547e+001
1.312825e+003,4.516366e+001
1.313307e+003,4.514246e+001
1.313789e+003,4.512237e+001
1.314272e+003,4.510364e+001
1.314754e+003,4.508604e+001
1.315236e+003,4.506900e+001
1.315718e+003,4.505162e+001
1.316200e+003,4.503303e+001
1.316682e+003,4.501262e+001
1.317164e+003,4.499035e+001
1.317646e+003,4.496671e+001
1.318129e+003,4.494267e+001
1.318611e+003,4.491930e+001
1.319093e+003,4.489756e+001
1.319575e+003,4.487804e+001
1.320057e+003,4.486097e+001
1.320539e+003,4.484617e+001
1.321021e+003,4.483331e+001
1.321503e+003,4.482201e+001
1.321986e+003,4.481182e+001
1.322468e+003,4.480233e+001
1.322950e+003,4.479313e+001
1.323432e+003,4.478378e+001
1.323914e+003,4.477387e+001
1.324396e+003,4.476308e+001
1.324878e+003,4.475122e+001
1.325360e+003,4.473816e+001
1.325843e+003,4.472382e+001
1.326325e+003,4.470810e+001
1.326807e+003,4.469091e+001
1.327289e+003,4.467216e+001
1.327771e+003,4.465194e+001
1.328253e+003,4.463062e+001
1.328735e+003,4.460883e+001
1.329218e+003,4.458747e+001
1.329700e+003,4.456746e+001
1.330182e+003,4.454949e+001
1.330664e+003,4.453397e+001
1.331146e+003,4.452081e+001
1.331628e+003,4.450950e+001
1.332110e+003,4.449933e+001
1.332592e+003,4.448952e+001
1.333074e+003,4.447924e+001
1.333557e+003,4.446787e+001
1.334039e+003,4.445478e+001
1.334521e+003,4.443943e+001
1.335003e+003,4.442131e+001
1.335485e+003,4.439990e+001
1.335967e+003,4.437475e+001
1.336449e+003,4.434560e+001
1.336931e+003,4.431240e+001
1.337414e+003,4.427555e+001
1.337896e+003,4.423590e+001
1.338378e+003,4.419502e+001
1.338860e+003,4.415500e+001
1.339342e+003,4.411837e+001
1.339824e+003,4.408762e+001
1.340306e+003,4.406466e+001
1.340788e+003,4.405031e+001
1.341271e+003,4.404409e+001
1.341753e+003,4.404429e+001
1.342235e+003,4.404849e+001
1.342717e+003,4.405403e+001
1.343199e+003,4.405863e+001
1.343681e+003,4.406066e+001
1.344163e+003,4.405944e+001
1.344646e+003,4.405497e+001
1.345128e+003,4.404778e+001
1.345610e+003,4.403844e+001
1.346092e+003,4.402737e+001
1.346574e+003,4.401469e+001
1.347056e+003,4.400036e+001
1.347538e+003,4.398438e+001
1.348020e+003,4.396707e+001
1.348502e+003,4.394902e+001
1.348985e+003,4.393119e+001
1.349467e+003,4.391448e+001
1.349949e+003,4.389962e+001
1.350431e+003,4.388681e+001
1.350913e+003,4.387577e+001
1.351395e+003,4.386573e+001
1.351877e+003,4.385573e+001
1.352359e+003,4.384475e+001
1.352842e+003,4.383200e+001
1.353324e+003,4.381702e+001
1.353806e+003,4.379986e+001
1.354288e+003,4.378106e+001
1.354770e+003,4.376167e+001
1.355252e+003,4.374305e+001
1.355734e+003,4.372663e+001
1.356216e+003,4.371357e+001
1.356698e+003,4.370442e+001
1.357181e+003,4.369891e+001
1.357663e+003,4.369591e+001
1.358145e+003,4.369356e+001
1.358627e+003,4.368959e+001
1.359109e+003,4.368171e+001
1.359591e+003,4.366799e+001
1.360073e+003,4.364727e+001
1.360556e+003,4.361948e+001
1.361038e+003,4.358585e+001
1.361520e+003,4.354905e+001
1.362002e+003,4.351284e+001
1.362484e+003,4.348161e+001
1.362966e+003,4.345925e+001
1.363448e+003,4.344820e+001
1.363930e+003,4.344872e+001
1.364413e+003,4.345892e+001
1.364895e+003,4.347528e+001
1.365377e+003,4.349355e+001
1.365859e+003,4.350969e+001
1.366341e+003,4.352066e+001
1.366823e+003,4.352485e+001
1.367305e+003,4.352240e+001
1.367787e+003,4.351489e+001
1.368270e+003,4.350488e+001
1.368752e+003,4.349495e+001
1.369234e+003,4.348698e+001
1.369716e+003,4.348151e+001
1.370198e+003,4.347768e+001
1.370680e+003,4.347356e+001
1.371162e+003,4.346673e+001
1.371644e+003,4.345505e+001
1.372126e+003,4.343714e+001
1.372609e+003,4.341301e+001
1.373091e+003,4.338416e+001
1.373573e+003,4.335360e+001
1.374055e+003,4.332514e+001
1.374537e+003,4.330250e+001
1.375019e+003,4.328831e+001
1.375501e+003,4.328331e+001
1.375984e+003,4.328646e+001
1.376466e+003,4.329537e+001
1.376948e+003,4.330715e+001
1.377430e+003,4.331913e+001
1.377912e+003,4.332948e+001
1.378394e+003,4.333738e+001
1.378876e+003,4.334298e+001
1.379358e+003,4.334701e+001
1.379841e+003,4.335037e+001
1.380323e+003,4.335369e+001
1.380805e+003,4.335725e+001
1.381287e+003,4.336091e+001
1.381769e+003,4.336431e+001
1.382251e+003,4.336712e+001
1.382733e+003,4.336900e+001
1.383215e+003,4.336951e+001
1.383698e+003,4.336800e+001
1.384180e+003,4.336335e+001
1.384662e+003,4.335421e+001
1.385144e+003,4.333930e+001
1.385626e+003,4.331798e+001
1.386108e+003,4.329086e+001
1.386590e+003,4.326024e+001
1.387072e+003,4.322982e+001
1.387554e+003,4.320385e+001
1.388037e+003,4.318590e+001
1.388519e+003,4.317776e+001
1.389001e+003,4.317912e+001
1.389483e+003,4.318785e+001
1.389965e+003,4.320072e+001
1.390447e+003,4.321418e+001
1.390929e+003,4.322469e+001
1.391411e+003,4.322904e+001
1.391894e+003,4.322442e+001
1.392376e+003,4.320872e+001
1.392858e+003,4.318091e+001
1.393340e+003,4.314169e+001
1.393822e+003,4.309391e+001
1.394304e+003,4.304248e+001
1.394786e+003,4.299326e+001
1.395269e+003,4.295132e+001
1.395751e+003,4.291938e+001
1.396233e+003,4.289713e+001
1.396715e+003,4.288166e+001
1.397197e+003,4.286896e+001
1.397679e+003,4.285547e+001
1.398161e+003,4.283944e+001
1.398643e+003,4.282139e+001
1.399125e+003,4.280374e+001
1.399608e+003,4.278955e+001
1.400090e+003,4.278106e+001
1.400572e+003,4.277853e+001
1.401054e+003,4.278013e+001
1.401536e+003,4.278253e+001
1.402018e+003,4.278185e+001
1.402500e+003,4.277471e+001
1.402982e+003,4.275902e+001
1.403465e+003,4.273444e+001
1.403947e+003,4.270265e+001
1.404429e+003,4.266686e+001
1.404911e+003,4.263118e+001
1.405393e+003,4.259948e+001
1.405875e+003,4.257438e+001
1.406357e+003,4.255664e+001
1.406839e+003,4.254533e+001
1.407322e+003,4.253818e+001
1.407804e+003,4.253251e+001
1.408286e+003,4.252578e+001
1.408768e+003,4.251617e+001
1.409250e+003,4.250287e+001
1.409732e+003,4.248608e+001
1.410214e+003,4.246679e+001
1.410697e+003,4.244636e+001
1.411179e+003,4.242597e+001
1.411661e+003,4.240636e+001
1.412143e+003,4.238761e+001
1.412625e+003,4.236934e+001
1.413107e+003,4.235095e+001
1.413589e+003,4.233190e+001
1.414071e+003,4.231170e+001
1.414553e+003,4.228982e+001
1.415036e+003,4.226525e+001
1.415518e+003,4.223640e+001
1.416000e+003,4.220091e+001
1.416482e+003,4.215611e+001
1.416964e+003,4.209977e+001
1.417446e+003,4.203153e+001
1.417928e+003,4.195424e+001
1.418410e+003,4.187463e+001
1.418893e+003,4.180209e+001
1.419375e+003,4.174568e+001
1.419857e+003,4.171056e+001
1.420339e+003,4.169621e+001
1.420821e+003,4.169740e+001
1.421303e+003,4.170657e+001
1.421785e+003,4.171627e+001
1.422267e+003,4.172076e+001
1.422750e+003,4.171683e+001
1.423232e+003,4.170407e+001
1.423714e+003,4.168454e+001
1.424196e+003,4.166196e+001
1.424678e+003,4.164039e+001
1.425160e+003,4.162280e+001
1.425642e+003,4.161004e+001
1.426125e+003,4.160073e+001
1.426607e+003,4.159182e+001
1.427089e+003,4.157955e+001
1.427571e+003,4.156063e+001
1.428053e+003,4.153303e+001
1.428535e+003,4.149671e+001
1.429017e+003,4.145380e+001
1.429499e+003,4.140827e+001
1.429981e+003,4.136496e+001
1.430464e+003,4.132838e+001
1.430946e+003,4.130165e+001
1.431428e+003,4.128581e+001
1.431910e+003,4.127980e+001
1.432392e+003,4.128083e+001
1.432874e+003,4.128490e+001
1.433356e+003,4.128709e+001
1.433838e+003,4.128201e+001
1.434321e+003,4.126423e+001
1.434803e+003,4.122932e+001
1.435285e+003,4.117532e+001
1.435767e+003,4.110473e+001
1.436249e+003,4.102551e+001
1.436731e+003,4.094980e+001
1.437213e+003,4.088985e+001
1.437696e+003,4.085349e+001
1.438177e+003,4.084165e+001
1.438660e+003,4.084953e+001
1.439142e+003,4.086931e+001
1.439624e+003,4.089291e+001
1.440106e+003,4.091374e+001
1.440588e+003,4.092741e+001
1.441070e+003,4.093193e+001
1.441552e+003,4.092740e+001
1.442035e+003,4.091539e+001
1.442517e+003,4.089828e+001
1.442999e+003,4.087824e+001
1.443481e+003,4.085677e+001
1.443963e+003,4.083423e+001
1.444445e+003,4.080994e+001
1.444927e+003,4.078250e+001
1.445409e+003,4.075029e+001
1.445892e+003,4.071210e+001
1.446374e+003,4.066777e+001
1.446856e+003,4.061858e+001
1.447338e+003,4.056741e+001
1.447820e+003,4.051810e+001
1.448302e+003,4.047450e+001
1.448784e+003,4.043925e+001
1.449266e+003,4.041305e+001
1.449749e+003,4.039466e+001
1.450231e+003,4.038166e+001
1.450713e+003,4.037134e+001
1.451195e+003,4.036155e+001
1.451677e+003,4.035112e+001
1.452159e+003,4.033976e+001
1.452641e+003,4.032737e+001
1.453124e+003,4.031323e+001
1.453605e+003,4.029513e+001
1.454088e+003,4.026881e+001
1.454570e+003,4.022807e+001
1.455052e+003,4.016570e+001
1.455534e+003,4.007586e+001
1.456016e+003,3.995813e+001
1.456498e+003,3.982183e+001
1.456980e+003,3.968731e+001
1.457463e+003,3.957997e+001
1.457945e+003,3.951911e+001
1.458427e+003,3.950986e+001
1.458909e+003,3.954414e+001
1.459391e+003,3.960746e+001
1.459873e+003,3.968530e+001
1.460355e+003,3.976601e+001
1.460837e+003,3.984116e+001
1.461320e+003,3.990482e+001
1.461802e+003,3.995272e+001
1.462284e+003,3.998172e+001
1.462766e+003,3.999011e+001
1.463248e+003,3.997810e+001
1.463730e+003,3.994867e+001
1.464212e+003,3.990799e+001
1.464694e+003,3.986467e+001
1.465177e+003,3.982776e+001
1.465659e+003,3.980422e+001
1.466141e+003,3.979705e+001
1.466623e+003,3.980522e+001
1.467105e+003,3.982484e+001
1.467587e+003,3.985076e+001
1.468069e+003,3.987775e+001
1.468552e+003,3.990096e+001
1.469033e+003,3.991592e+001
1.469516e+003,3.991843e+001
1.469998e+003,3.990460e+001
1.470480e+003,3.987141e+001
1.470962e+003,3.981780e+001
1.471444e+003,3.974620e+001
1.471926e+003,3.966368e+001
1.472408e+003,3.958125e+001
1.472891e+003,3.951079e+001
1.473373e+003,3.946095e+001
1.473855e+003,3.943441e+001
1.474337e+003,3.942812e+001
1.474819e+003,3.943598e+001
1.475301e+003,3.945164e+001
1.475783e+003,3.947037e+001
1.476265e+003,3.948950e+001
1.476748e+003,3.950811e+001
1.477230e+003,3.952610e+001
1.477712e+003,3.954333e+001
1.478194e+003,3.955923e+001
1.478676e+003,3.957263e+001
1.479158e+003,3.958222e+001
1.479640e+003,3.958695e+001
1.480122e+003,3.958651e+001
1.480604e+003,3.958158e+001
1.481087e+003,3.957375e+001
1.481569e+003,3.956505e+001
1.482051e+003,3.955733e+001
1.482533e+003,3.955161e+001
1.483015e+003,3.954778e+001
1.483497e+003,3.954457e+001
1.483979e+003,3.953999e+001
1.484461e+003,3.953162e+001
1.484944e+003,3.951720e+001
1.485426e+003,3.949484e+001
1.485908e+003,3.946336e+001
1.486390e+003,3.942229e+001
1.486872e+003,3.937193e+001
1.487354e+003,3.931333e+001
1.487836e+003,3.924843e+001
1.488319e+003,3.918030e+001
1.488801e+003,3.911347e+001
1.489283e+003,3.905384e+001
1.489765e+003,3.900784e+001
1.490247e+003,3.898078e+001
1.490729e+003,3.897516e+001
1.491211e+003,3.898979e+001
1.491693e+003,3.902015e+001
1.492176e+003,3.905967e+001
1.492658e+003,3.910105e+001
1.493140e+003,3.913718e+001
1.493622e+003,3.916174e+001
1.494104e+003,3.916959e+001
1.494586e+003,3.915725e+001
1.495068e+003,3.912358e+001
1.495550e+003,3.907064e+001
1.496032e+003,3.900391e+001
1.496515e+003,3.893172e+001
1.496997e+003,3.886329e+001
1.497479e+003,3.880630e+001
1.497961e+003,3.876499e+001
1.498443e+003,3.873998e+001
1.498925e+003,3.872923e+001
1.499407e+003,3.872950e+001
1.499890e+003,3.873762e+001
1.500372e+003,3.875106e+001
1.500854e+003,3.876787e+001
1.501336e+003,3.878648e+001
1.501818e+003,3.880526e+001
1.502300e+003,3.882214e+001
1.502782e+003,3.883415e+001
1.503264e+003,3.883698e+001
1.503747e+003,3.882446e+001
1.504229e+003,3.878837e+001
1.504711e+003,3.871888e+001
1.505193e+003,3.860706e+001
1.505675e+003,3.845035e+001
1.506157e+003,3.826040e+001
1.506639e+003,3.806697e+001
1.507121e+003,3.790884e+001
1.507604e+003,3.781415e+001
1.508086e+003,3.778731e+001
1.508568e+003,3.781320e+001
1.509050e+003,3.787002e+001
1.509532e+003,3.793875e+001
1.510014e+003,3.800647e+001
1.510496e+003,3.806590e+001
1.510979e+003,3.811397e+001
1.511460e+003,3.815031e+001
1.511943e+003,3.817600e+001
1.512425e+003,3.819239e+001
1.512907e+003,3.820022e+001
1.513389e+003,3.819918e+001
1.513871e+003,3.818779e+001
1.514353e+003,3.816398e+001
1.514835e+003,3.812601e+001
1.515318e+003,3.807368e+001
1.515800e+003,3.800949e+001
1.516282e+003,3.793902e+001
1.516764e+003,3.786977e+001
1.517246e+003,3.780880e+001
1.517728e+003,3.776007e+001
1.518210e+003,3.772292e+001
1.518692e+003,3.769238e+001
1.519175e+003,3.766082e+001
1.519657e+003,3.762043e+001
1.520139e+003,3.756593e+001
1.520621e+003,3.749728e+001
1.521103e+003,3.742096e+001
1.521585e+003,3.734852e+001
1.522067e+003,3.729181e+001
1.522549e+003,3.725763e+001
1.523031e+003,3.724537e+001
1.523514e+003,3.724845e+001
1.523996e+003,3.725783e+001
1.524478e+003,3.726520e+001
1.524960e+003,3.726496e+001
1.525442e+003,3.725510e+001
1.525924e+003,3.723720e+001
1.526406e+003,3.721555e+001
1.526888e+003,3.719551e+001
1.527371e+003,3.718176e+001
1.527853e+003,3.717685e+001
1.528335e+003,3.718078e+001
1.528817e+003,3.719133e+001
1.529299e+003,3.720491e+001
1.529781e+003,3.721721e+001
1.530263e+003,3.722362e+001
1.530746e+003,3.721957e+001
1.531228e+003,3.720106e+001
1.531710e+003,3.716544e+001
1.532192e+003,3.711311e+001
1.532674e+003,3.704894e+001
1.533156e+003,3.698265e+001
1.533638e+003,3.692656e+001
1.534120e+003,3.689112e+001
1.534603e+003,3.688096e+001
1.535085e+003,3.689388e+001
1.535567e+003,3.692259e+001
1.536049e+003,3.695745e+001
1.536531e+003,3.698824e+001
1.537013e+003,3.700498e+001
1.537495e+003,3.699784e+001
1.537977e+003,3.695761e+001
1.538459e+003,3.687710e+001
1.538942e+003,3.675491e+001
1.539424e+003,3.660007e+001
1.539906e+003,3.643416e+001
1.540388e+003,3.628541e+001
1.540870e+003,3.617636e+001
1.541352e+003,3.611443e+001
1.541834e+003,3.609296e+001
1.542316e+003,3.609859e+001
1.542799e+003,3.611851e+001
1.543281e+003,3.614370e+001
1.543763e+003,3.616964e+001
1.544245e+003,3.619521e+001
1.544727e+003,3.622124e+001
1.545209e+003,3.624877e+001
1.545691e+003,3.627779e+001
1.546174e+003,3.630674e+001
1.546656e+003,3.633258e+001
1.547138e+003,3.635161e+001
1.547620e+003,3.636037e+001
1.548102e+003,3.635673e+001
1.548584e+003,3.634072e+001
1.549066e+003,3.631480e+001
1.549548e+003,3.628350e+001
1.550031e+003,3.625193e+001
1.550513e+003,3.622403e+001
1.550995e+003,3.620120e+001
1.551477e+003,3.618200e+001
1.551959e+003,3.616311e+001
1.552441e+003,3.614090e+001
1.552923e+003,3.611312e+001
1.553405e+003,3.607985e+001
1.553887e+003,3.604360e+001
1.554370e+003,3.600827e+001
1.554852e+003,3.597718e+001
1.555334e+003,3.595104e+001
1.555816e+003,3.592642e+001
1.556298e+003,3.589509e+001
1.556780e+003,3.584435e+001
1.557262e+003,3.575894e+001
1.557744e+003,3.562672e+001
1.558227e+003,3.544963e+001
1.558709e+003,3.525476e+001
1.559191e+003,3.508953e+001
1.559673e+003,3.499406e+001
1.560155e+003,3.497689e+001
1.560637e+003,3.501884e+001
1.561119e+003,3.509240e+001
1.561602e+003,3.517477e+001
1.562083e+003,3.525106e+001
1.562566e+003,3.531281e+001
1.563048e+003,3.535619e+001
1.563530e+003,3.538073e+001
1.564012e+003,3.538874e+001
1.564494e+003,3.538459e+001
1.564976e+003,3.537339e+001
1.565458e+003,3.535950e+001
1.565941e+003,3.534510e+001
1.566423e+003,3.532942e+001
1.566905e+003,3.530919e+001
1.567387e+003,3.527980e+001
1.567869e+003,3.523715e+001
1.568351e+003,3.517978e+001
1.568833e+003,3.511062e+001
1.569315e+003,3.503754e+001
1.569798e+003,3.497148e+001
1.570280e+003,3.492248e+001
1.570762e+003,3.489604e+001
1.571244e+003,3.489162e+001
1.571726e+003,3.490396e+001
1.572208e+003,3.492535e+001
1.572690e+003,3.494744e+001
1.573172e+003,3.496202e+001
1.573655e+003,3.496141e+001
1.574137e+003,3.493888e+001
1.574619e+003,3.488997e+001
1.575101e+003,3.481479e+001
1.575583e+003,3.472039e+001
1.576065e+003,3.462092e+001
1.576547e+003,3.453362e+001
1.577030e+003,3.447203e+001
1.577511e+003,3.444120e+001
1.577994e+003,3.443761e+001
1.578476e+003,3.445273e+001
1.578958e+003,3.447694e+001
1.579440e+003,3.450209e+001
1.579922e+003,3.452243e+001
1.580404e+003,3.453469e+001
1.580886e+003,3.453785e+001
1.581369e+003,3.453255e+001
1.581851e+003,3.452044e+001
1.582333e+003,3.450360e+001
1.582815e+003,3.448399e+001
1.583297e+003,3.446313e+001
1.583779e+003,3.444205e+001
1.584261e+003,3.442137e+001
1.584743e+003,3.440138e+001
1.585226e+003,3.438219e+001
1.585708e+003,3.436370e+001
1.586190e+003,3.434566e+001
1.586672e+003,3.432774e+001
1.587154e+003,3.430961e+001
1.587636e+003,3.429110e+001
1.588118e+003,3.427226e+001
1.588600e+003,3.425333e+001
1.589083e+003,3.423470e+001
1.589565e+003,3.421672e+001
1.590047e+003,3.419964e+001
1.590529e+003,3.418346e+001
1.591011e+003,3.416795e+001
1.591493e+003,3.415267e+001
1.591975e+003,3.413710e+001
1.592458e+003,3.412067e+001
1.592939e+003,3.410297e+001
1.593422e+003,3.408383e+001
1.593904e+003,3.406345e+001
1.594386e+003,3.404247e+001
1.594868e+003,3.402197e+001
1.595350e+003,3.400319e+001
1.595832e+003,3.398730e+001
1.596314e+003,3.397499e+001
1.596797e+003,3.396626e+001
1.597279e+003,3.396037e+001
1.597761e+003,3.395599e+001
1.598243e+003,3.395156e+001
1.598725e+003,3.394561e+001
1.599207e+003,3.393708e+001
1.599689e+003,3.392545e+001
1.600171e+003,3.391069e+001
1.600654e+003,3.389322e+001
1.601136e+003,3.387366e+001
1.601618e+003,3.385278e+001
1.602100e+003,3.383134e+001
1.602582e+003,3.381015e+001
1.603064e+003,3.378985e+001
1.603546e+003,3.377095e+001
1.604028e+003,3.375356e+001
1.604510e+003,3.373743e+001
1.604993e+003,3.372190e+001
1.605475e+003,3.370607e+001
1.605957e+003,3.368906e+001
1.606439e+003,3.367024e+001
1.606921e+003,3.364945e+001
1.607403e+003,3.362696e+001
1.607885e+003,3.360337e+001
1.608367e+003,3.357944e+001
1.608850e+003,3.355589e+001
1.609332e+003,3.353338e+001
1.609814e+003,3.351260e+001
1.610296e+003,3.349432e+001
1.610778e+003,3.347941e+001
1.611260e+003,3.346864e+001
1.611742e+003,3.346224e+001
1.612225e+003,3.345964e+001
1.612707e+003,3.345905e+001
1.613189e+003,3.345744e+001
1.613671e+003,3.345068e+001
1.614153e+003,3.343402e+001
1.614635e+003,3.340286e+001
1.615117e+003,3.335426e+001
1.615599e+003,3.328882e+001
1.616082e+003,3.321231e+001
1.616564e+003,3.313550e+001
1.617046e+003,3.307114e+001
1.617528e+003,3.302900e+001
1.618010e+003,3.301252e+001
1.618492e+003,3.301857e+001
1.618974e+003,3.304000e+001
1.619456e+003,3.306831e+001
1.619938e+003,3.309546e+001
1.620421e+003,3.311469e+001
1.620903e+003,3.312085e+001
1.621385e+003,3.311093e+001
1.621867e+003,3.308471e+001
1.622349e+003,3.304527e+001
1.622831e+003,3.299885e+001
1.623313e+003,3.295325e+001
1.623796e+003,3.291540e+001
1.624278e+003,3.288902e+001
1.624760e+003,3.287388e+001
1.625242e+003,3.286658e+001
1.625724e+003,3.286236e+001
1.626206e+003,3.285677e+001
1.626688e+003,3.284684e+001
1.627170e+003,3.283168e+001
1.627653e+003,3.281262e+001
1.628135e+003,3.279249e+001
1.628617e+003,3.277486e+001
1.629099e+003,3.276282e+001
1.629581e+003,3.275817e+001
1.630063e+003,3.276113e+001
1.630545e+003,3.277046e+001
1.631027e+003,3.278380e+001
1.631510e+003,3.279800e+001
1.631992e+003,3.280922e+001
1.632474e+003,3.281286e+001
1.632956e+003,3.280350e+001
1.633438e+003,3.277531e+001
1.633920e+003,3.272304e+001
1.634402e+003,3.264430e+001
1.634885e+003,3.254280e+001
1.635366e+003,3.243055e+001
1.635849e+003,3.232602e+001
1.636331e+003,3.224723e+001
1.636813e+003,3.220415e+001
1.637295e+003,3.219612e+001
1.637777e+003,3.221480e+001
1.638259e+003,3.224921e+001
1.638741e+003,3.228926e+001
1.639224e+003,3.232745e+001
1.639706e+003,3.235910e+001
1.640188e+003,3.238218e+001
1.640670e+003,3.239678e+001
1.641152e+003,3.240443e+001
1.641634e+003,3.240718e+001
1.642116e+003,3.240667e+001
1.642598e+003,3.240331e+001
1.643081e+003,3.239589e+001
1.643563e+003,3.238139e+001
1.644045e+003,3.235550e+001
1.644527e+003,3.231329e+001
1.645009e+003,3.225090e+001
1.645491e+003,3.216785e+001
1.645973e+003,3.206966e+001
1.646455e+003,3.196888e+001
1.646938e+003,3.188236e+001
1.647420e+003,3.182487e+001
1.647902e+003,3.180331e+001
1.648384e+003,3.181528e+001
1.648866e+003,3.185209e+001
1.649348e+003,3.190265e+001
1.649830e+003,3.195569e+001
1.650313e+003,3.200006e+001
1.650794e+003,3.202398e+001
1.651277e+003,3.201446e+001
1.651759e+003,3.195899e+001
1.652241e+003,3.185169e+001
1.652723e+003,3.170384e+001
1.653205e+003,3.154919e+001
1.653687e+003,3.143066e+001
1.654169e+003,3.137440e+001
1.654652e+003,3.137871e+001
1.655134e+003,3.142472e+001
1.655616e+003,3.149142e+001
1.656098e+003,3.156307e+001
1.656580e+003,3.163010e+001
1.657062e+003,3.168753e+001
1.657544e+003,3.173336e+001
1.658026e+003,3.176727e+001
1.658509e+003,3.178972e+001
1.658991e+003,3.180130e+001
1.659473e+003,3.180226e+001
1.659955e+003,3.179239e+001
1.660437e+003,3.177122e+001
1.660919e+003,3.173873e+001
1.661401e+003,3.169614e+001
1.661883e+003,3.164678e+001
1.662365e+003,3.159621e+001
1.662848e+003,3.155121e+001
1.663330e+003,3.151784e+001
1.663812e+003,3.149943e+001
1.664294e+003,3.149582e+001
1.664776e+003,3.150374e+001
1.665258e+003,3.151808e+001
1.665740e+003,3.153301e+001
1.666222e+003,3.154283e+001
1.666705e+003,3.154231e+001
1.667187e+003,3.152719e+001
1.667669e+003,3.149470e+001
1.668151e+003,3.144473e+001
1.668633e+003,3.138074e+001
1.669115e+003,3.131027e+001
1.669597e+003,3.124346e+001
1.670080e+003,3.119002e+001
1.670562e+003,3.115590e+001
1.671044e+003,3.114171e+001
1.671526e+003,3.114342e+001
1.672008e+003,3.115432e+001
1.672490e+003,3.116702e+001
1.672972e+003,3.117479e+001
1.673454e+003,3.117252e+001
1.673937e+003,3.115775e+001
1.674419e+003,3.113147e+001
1.674901e+003,3.109840e+001
1.675383e+003,3.106563e+001
1.675865e+003,3.104019e+001
1.676347e+003,3.102619e+001
1.676829e+003,3.102374e+001
1.677311e+003,3.102973e+001
1.677793e+003,3.103955e+001
1.678276e+003,3.104888e+001
1.678758e+003,3.105471e+001
1.679240e+003,3.105575e+001
1.679722e+003,3.105208e+001
1.680204e+003,3.104431e+001
1.680686e+003,3.103250e+001
1.681168e+003,3.101509e+001
1.681650e+003,3.098847e+001
1.682133e+003,3.094726e+001
1.682615e+003,3.088621e+001
1.683097e+003,3.080354e+001
1.683579e+003,3.070535e+001
1.684061e+003,3.060709e+001
1.684543e+003,3.052869e+001
1.685025e+003,3.048437e+001
1.685508e+003,3.047610e+001
1.685990e+003,3.049542e+001
1.686472e+003,3.052984e+001
1.686954e+003,3.056808e+001
1.687436e+003,3.060228e+001
1.687918e+003,3.062815e+001
1.688400e+003,3.064449e+001
1.688882e+003,3.065254e+001
1.689365e+003,3.065530e+001
1.689847e+003,3.065650e+001
1.690329e+003,3.065953e+001
1.690811e+003,3.066648e+001
1.691293e+003,3.067766e+001
1.691775e+003,3.069147e+001
1.692257e+003,3.070474e+001
1.692739e+003,3.071315e+001
1.693221e+003,3.071162e+001
1.693704e+003,3.069505e+001
1.694186e+003,3.065957e+001
1.694668e+003,3.060444e+001
1.695150e+003,3.053396e+001
1.695632e+003,3.045765e+001
1.696114e+003,3.038756e+001
1.696596e+003,3.033313e+001
1.697078e+003,3.029741e+001
1.697561e+003,3.027621e+001
1.698043e+003,3.026046e+001
1.698525e+003,3.023956e+001
1.699007e+003,3.020512e+001
1.699489e+003,3.015472e+001
1.699971e+003,3.009428e+001
1.700453e+003,3.003671e+001
1.700936e+003,2.999556e+001
1.701417e+003,2.997797e+001
1.701900e+003,2.998237e+001
1.702382e+003,3.000113e+001
1.702864e+003,3.002485e+001
1.703346e+003,3.004516e+001
1.703828e+003,3.005624e+001
1.704310e+003,3.005529e+001
1.704792e+003,3.004286e+001
1.705275e+003,3.002250e+001
1.705757e+003,2.999970e+001
1.706239e+003,2.997990e+001
1.706721e+003,2.996665e+001
1.707203e+003,2.996067e+001
1.707685e+003,2.996030e+001
1.708167e+003,2.996260e+001
1.708649e+003,2.996471e+001
1.709132e+003,2.996449e+001
1.709614e+003,2.996090e+001
1.710096e+003,2.995374e+001
1.710578e+003,2.994331e+001
1.711060e+003,2.992997e+001
1.711542e+003,2.991378e+001
1.712024e+003,2.989444e+001
1.712506e+003,2.987131e+001
1.712989e+003,2.984363e+001
1.713471e+003,2.981064e+001
1.713953e+003,2.977165e+001
1.714435e+003,2.972598e+001
1.714917e+003,2.967293e+001
1.715399e+003,2.961195e+001
1.715881e+003,2.954325e+001
1.716364e+003,2.946894e+001
1.716845e+003,2.939396e+001
1.717328e+003,2.932603e+001
1.717810e+003,2.927370e+001
1.718292e+003,2.924313e+001
1.718774e+003,2.923580e+001
1.719256e+003,2.924833e+001
1.719738e+003,2.927433e+001
1.720220e+003,2.930654e+001
1.720703e+003,2.933841e+001
1.721185e+003,2.936483e+001
1.721667e+003,2.938240e+001
1.722149e+003,2.938957e+001
1.722631e+003,2.938648e+001
1.723113e+003,2.937481e+001
1.723595e+003,2.935731e+001
1.724077e+003,2.933706e+001
1.724560e+003,2.931667e+001
1.725042e+003,2.929768e+001
1.725524e+003,2.928034e+001
1.726006e+003,2.926380e+001
1.726488e+003,2.924654e+001
1.726970e+003,2.922692e+001
1.727452e+003,2.920367e+001
1.727934e+003,2.917632e+001
1.728417e+003,2.914545e+001
1.728899e+003,2.911263e+001
1.729381e+003,2.907997e+001
1.729863e+003,2.904932e+001
1.730345e+003,2.902146e+001
1.730827e+003,2.899527e+001
1.731309e+003,2.896750e+001
1.731792e+003,2.893319e+001
1.732273e+003,2.888680e+001
1.732756e+003,2.882459e+001
1.733238e+003,2.874764e+001
1.733720e+003,2.866407e+001
1.734202e+003,2.858753e+001
1.734684e+003,2.853137e+001
1.735166e+003,2.850237e+001
1.735648e+003,2.849865e+001
1.736131e+003,2.851232e+001
1.736613e+003,2.853346e+001
1.737095e+003,2.855301e+001
1.737577e+003,2.856406e+001
1.738059e+003,2.856240e+001
1.738541e+003,2.854685e+001
1.739023e+003,2.851922e+001
1.739505e+003,2.848382e+001
1.739988e+003,2.844619e+001
1.740470e+003,2.841121e+001
1.740952e+003,2.838171e+001
1.741434e+003,2.835814e+001
1.741916e+003,2.833918e+001
1.742398e+003,2.832290e+001
1.742880e+003,2.830761e+001
1.743362e+003,2.829237e+001
1.743844e+003,2.827689e+001
1.744327e+003,2.826124e+001
1.744809e+003,2.824550e+001
1.745291e+003,2.822953e+001
1.745773e+003,2.821287e+001
1.746255e+003,2.819499e+001
1.746737e+003,2.817530e+001
1.747219e+003,2.815342e+001
1.747702e+003,2.812908e+001
1.748184e+003,2.810216e+001
1.748666e+003,2.807269e+001
1.749148e+003,2.804113e+001
1.749630e+003,2.800853e+001
1.750112e+003,2.797687e+001
1.750594e+003,2.794888e+001
1.751076e+003,2.792759e+001
1.751559e+003,2.791525e+001
1.752041e+003,2.791258e+001
1.752523e+003,2.791840e+001
1.753005e+003,2.792987e+001
1.753487e+003,2.794314e+001
1.753969e+003,2.795410e+001
1.754451e+003,2.795900e+001
1.754933e+003,2.795520e+001
1.755416e+003,2.794171e+001
1.755898e+003,2.791964e+001
1.756380e+003,2.789213e+001
1.756862e+003,2.786362e+001
1.757344e+003,2.783831e+001
1.757826e+003,2.781883e+001
1.758308e+003,2.780531e+001
1.758791e+003,2.779561e+001
1.759272e+003,2.778610e+001
1.759755e+003,2.777295e+001
1.760237e+003,2.775328e+001
1.760719e+003,2.772622e+001
1.761201e+003,2.769343e+001
1.761683e+003,2.765890e+001
1.762165e+003,2.762766e+001
1.762647e+003,2.760403e+001
1.763130e+003,2.759009e+001
1.763612e+003,2.758520e+001
1.764094e+003,2.758658e+001
1.764576e+003,2.759039e+001
1.765058e+003,2.759273e+001
1.765540e+003,2.759039e+001
1.766022e+003,2.758139e+001
1.766504e+003,2.756518e+001
1.766987e+003,2.754274e+001
1.767469e+003,2.751621e+001
1.767951e+003,2.748810e+001
1.768433e+003,2.746043e+001
1.768915e+003,2.743392e+001
1.769397e+003,2.740774e+001
1.769879e+003,2.737976e+001
1.770361e+003,2.734747e+001
1.770844e+003,2.730914e+001
1.771326e+003,2.726508e+001
1.771808e+003,2.721831e+001
1.772290e+003,2.717413e+001
1.772772e+003,2.713836e+001
1.773254e+003,2.711508e+001
1.773736e+003,2.710526e+001
1.774219e+003,2.710697e+001
1.774700e+003,2.711657e+001
1.775183e+003,2.712998e+001
1.775665e+003,2.714375e+001
1.776147e+003,2.715536e+001
1.776629e+003,2.716318e+001
1.777111e+003,2.716634e+001
1.777593e+003,2.716440e+001
1.778075e+003,2.715718e+001
1.778558e+003,2.714482e+001
1.779040e+003,2.712784e+001
1.779522e+003,2.710740e+001
1.780004e+003,2.708523e+001
1.780486e+003,2.706341e+001
1.780968e+003,2.704384e+001
1.781450e+003,2.702762e+001
1.781932e+003,2.701476e+001
1.782415e+003,2.700420e+001
1.782897e+003,2.699429e+001
1.783379e+003,2.698339e+001
1.783861e+003,2.697052e+001
1.784343e+003,2.695573e+001
1.784825e+003,2.694005e+001
1.785307e+003,2.692513e+001
1.785789e+003,2.691261e+001
1.786271e+003,2.690343e+001
1.786754e+003,2.689762e+001
1.787236e+003,2.689412e+001
1.787718e+003,2.689120e+001
1.788200e+003,2.688667e+001
1.788682e+003,2.687832e+001
1.789164e+003,2.686401e+001
1.789646e+003,2.684203e+001
1.790128e+003,2.681139e+001
1.790611e+003,2.677235e+001
1.791093e+003,2.672687e+001
1.791575e+003,2.667875e+001
1.792057e+003,2.663313e+001
1.792539e+003,2.659510e+001
1.793021e+003,2.656816e+001
1.793503e+003,2.655329e+001
1.793986e+003,2.654900e+001
1.794468e+003,2.655224e+001
1.794950e+003,2.655946e+001
1.795432e+003,2.656747e+001
1.795914e+003,2.657375e+001
1.796396e+003,2.657659e+001
1.796878e+003,2.657495e+001
1.797360e+003,2.656833e+001
1.797843e+003,2.655659e+001
1.798325e+003,2.654001e+001
1.798807e+003,2.651929e+001
1.799289e+003,2.649570e+001
1.799771e+003,2.647096e+001
1.800253e+003,2.644709e+001
1.800735e+003,2.642601e+001
1.801217e+003,2.640908e+001
1.801699e+003,2.639678e+001
1.802182e+003,2.638865e+001
1.802664e+003,2.638353e+001
1.803146e+003,2.637993e+001
1.803628e+003,2.637648e+001
1.804110e+003,2.637206e+001
1.804592e+003,2.636594e+001
1.805074e+003,2.635769e+001
1.805556e+003,2.634711e+001
1.806039e+003,2.633411e+001
1.806521e+003,2.631868e+001
1.807003e+003,2.630089e+001
1.807485e+003,2.628088e+001
1.807967e+003,2.625889e+001
1.808449e+003,2.623525e+001
1.808931e+003,2.621039e+001
1.809414e+003,2.618492e+001
1.809896e+003,2.615958e+001
1.810378e+003,2.613535e+001
1.810860e+003,2.611328e+001
1.811342e+003,2.609439e+001
1.811824e+003,2.607933e+001
1.812306e+003,2.606817e+001
1.812788e+003,2.606030e+001
1.813271e+003,2.605446e+001
1.813753e+003,2.604909e+001
1.814235e+003,2.604257e+001
1.814717e+003,2.603365e+001
1.815199e+003,2.602163e+001
1.815681e+003,2.600650e+001
1.816163e+003,2.598875e+001
1.816645e+003,2.596926e+001
1.817127e+003,2.594891e+001
1.817610e+003,2.592847e+001
1.818092e+003,2.590844e+001
1.818574e+003,2.588910e+001
1.819056e+003,2.587061e+001
1.819538e+003,2.585307e+001
1.820020e+003,2.583646e+001
1.820502e+003,2.582063e+001
1.820984e+003,2.580507e+001
1.821467e+003,2.578902e+001
1.821949e+003,2.577142e+001
1.822431e+003,2.575121e+001
1.822913e+003,2.572764e+001
1.823395e+003,2.570060e+001
1.823877e+003,2.567078e+001
1.824359e+003,2.563975e+001
1.824842e+003,2.560949e+001
1.825323e+003,2.558179e+001
1.825806e+003,2.555763e+001
1.826288e+003,2.553676e+001
1.826770e+003,2.551786e+001
1.827252e+003,2.549883e+001
1.827734e+003,2.547748e+001
1.828216e+003,2.545216e+001
1.828698e+003,2.542238e+001
1.829181e+003,2.538925e+001
1.829663e+003,2.535539e+001
1.830145e+003,2.532421e+001
1.830627e+003,2.529885e+001
1.831109e+003,2.528098e+001
1.831591e+003,2.527041e+001
1.832073e+003,2.526537e+001
1.832555e+003,2.526315e+001
1.833038e+003,2.526099e+001
1.833520e+003,2.525663e+001
1.834002e+003,2.524866e+001
1.834484e+003,2.523663e+001
1.834966e+003,2.522095e+001
1.835448e+003,2.520250e+001
1.835930e+003,2.518242e+001
1.836412e+003,2.516170e+001
1.836895e+003,2.514108e+001
1.837377e+003,2.512102e+001
1.837859e+003,2.510186e+001
1.838341e+003,2.508380e+001
1.838823e+003,2.506695e+001
1.839305e+003,2.505115e+001
1.839787e+003,2.503588e+001
1.840270e+003,2.502005e+001
1.840751e+003,2.500216e+001
1.841234e+003,2.498041e+001
1.841716e+003,2.495305e+001
1.842198e+003,2.491896e+001
1.842680e+003,2.487813e+001
1.843162e+003,2.483215e+001
1.843644e+003,2.478425e+001
1.844126e+003,2.473861e+001
1.844609e+003,2.469922e+001
1.845091e+003,2.466854e+001
1.845573e+003,2.464697e+001
1.846055e+003,2.463304e+001
1.846537e+003,2.462422e+001
1.847019e+003,2.461773e+001
1.847501e+003,2.461123e+001
1.847983e+003,2.460306e+001
1.848466e+003,2.459236e+001
1.848948e+003,2.457899e+001
1.849430e+003,2.456327e+001
1.849912e+003,2.454570e+001
1.850394e+003,2.452675e+001
1.850876e+003,2.450667e+001
1.851358e+003,2.448552e+001
1.851840e+003,2.446326e+001
1.852323e+003,2.443991e+001
1.852805e+003,2.441567e+001
1.853287e+003,2.439095e+001
1.853769e+003,2.436623e+001
1.854251e+003,2.434191e+001
1.854733e+003,2.431813e+001
1.855215e+003,2.429480e+001
1.855698e+003,2.427153e+001
1.856179e+003,2.424794e+001
1.856662e+003,2.422371e+001
1.857144e+003,2.419886e+001
1.857626e+003,2.417363e+001
1.858108e+003,2.414842e+001
1.858590e+003,2.412361e+001
1.859072e+003,2.409945e+001
1.859554e+003,2.407592e+001
1.860037e+003,2.405287e+001
1.860519e+003,2.403005e+001
1.861001e+003,2.400731e+001
1.861483e+003,2.398456e+001
1.861965e+003,2.396183e+001
1.862447e+003,2.393910e+001
1.862929e+003,2.391625e+001
1.863411e+003,2.389300e+001
1.863894e+003,2.386891e+001
1.864376e+003,2.384348e+001
1.864858e+003,2.381618e+001
1.865340e+003,2.378651e+001
1.865822e+003,2.375406e+001
1.866304e+003,2.371858e+001
1.866786e+003,2.368009e+001
1.867268e+003,2.363910e+001
1.867750e+003,2.359682e+001
1.868233e+003,2.355515e+001
1.868715e+003,2.351650e+001
1.869197e+003,2.348318e+001
1.869679e+003,2.345673e+001
1.870161e+003,2.343744e+001
1.870643e+003,2.342438e+001
1.871125e+003,2.341566e+001
1.871608e+003,2.340908e+001
1.872090e+003,2.340250e+001
1.872572e+003,2.339429e+001
1.873054e+003,2.338339e+001
1.873536e+003,2.336934e+001
1.874018e+003,2.335216e+001
1.874500e+003,2.333217e+001
1.874982e+003,2.330985e+001
1.875465e+003,2.328576e+001
1.875947e+003,2.326046e+001
1.876429e+003,2.323458e+001
1.876911e+003,2.320871e+001
1.877393e+003,2.318341e+001
1.877875e+003,2.315909e+001
1.878357e+003,2.313593e+001
1.878839e+003,2.311386e+001
1.879322e+003,2.309261e+001
1.879804e+003,2.307187e+001
1.880286e+003,2.305130e+001
1.880768e+003,2.303070e+001
1.881250e+003,2.300996e+001
1.881732e+003,2.298896e+001
1.882214e+003,2.296764e+001
1.882697e+003,2.294586e+001
1.883178e+003,2.292353e+001
1.883661e+003,2.290069e+001
1.884143e+003,2.287752e+001
1.884625e+003,2.285426e+001
1.885107e+003,2.283111e+001
1.885589e+003,2.280805e+001
1.886071e+003,2.278469e+001
1.886553e+003,2.276031e+001
1.887036e+003,2.273411e+001
1.887518e+003,2.270544e+001
1.888000e+003,2.267426e+001
1.888482e+003,2.264129e+001
1.888964e+003,2.260806e+001
1.889446e+003,2.257645e+001
1.889928e+003,2.254824e+001
1.890410e+003,2.252441e+001
1.890893e+003,2.250493e+001
1.891375e+003,2.248876e+001
1.891857e+003,2.247425e+001
1.892339e+003,2.245959e+001
1.892821e+003,2.244327e+001
1.893303e+003,2.242437e+001
1.893785e+003,2.240270e+001
1.894267e+003,2.237875e+001
1.894750e+003,2.235357e+001
1.895232e+003,2.232846e+001
1.895714e+003,2.230468e+001
1.896196e+003,2.228316e+001
1.896678e+003,2.226429e+001
1.897160e+003,2.224788e+001
1.897642e+003,2.223325e+001
1.898125e+003,2.221944e+001
1.898606e+003,2.220543e+001
1.899089e+003,2.219040e+001
1.899571e+003,2.217381e+001
1.900053e+003,2.215557e+001
1.900535e+003,2.213585e+001
1.901017e+003,2.211502e+001
1.901499e+003,2.209347e+001
1.901981e+003,2.207150e+001
1.902464e+003,2.204935e+001
1.902946e+003,2.202716e+001
1.903428e+003,2.200506e+001
1.903910e+003,2.198326e+001
1.904392e+003,2.196193e+001
1.904874e+003,2.194119e+001
1.905356e+003,2.192102e+001
1.905838e+003,2.190120e+001
1.906321e+003,2.188136e+001
1.906803e+003,2.186108e+001
1.907285e+003,2.184010e+001
1.907767e+003,2.181833e+001
1.908249e+003,2.179603e+001
1.908731e+003,2.177363e+001
1.909213e+003,2.175172e+001
1.909695e+003,2.173081e+001
1.910177e+003,2.171130e+001
1.910660e+003,2.169335e+001
1.911142e+003,2.167700e+001
1.911624e+003,2.166216e+001
1.912106e+003,2.164864e+001
1.912588e+003,2.163622e+001
1.913070e+003,2.162453e+001
1.913552e+003,2.161304e+001
1.914034e+003,2.160102e+001
1.914517e+003,2.158764e+001
1.914999e+003,2.157204e+001
1.915481e+003,2.155349e+001
1.915963e+003,2.153162e+001
1.916445e+003,2.150661e+001
1.916927e+003,2.147930e+001
1.917409e+003,2.145113e+001
1.917892e+003,2.142387e+001
1.918374e+003,2.139915e+001
1.918856e+003,2.137805e+001
1.919338e+003,2.136072e+001
1.919820e+003,2.134643e+001
1.920302e+003,2.133384e+001
1.920784e+003,2.132141e+001
1.921266e+003,2.130785e+001
1.921749e+003,2.129245e+001
1.922231e+003,2.127529e+001
1.922713e+003,2.125720e+001
1.923195e+003,2.123945e+001
1.923677e+003,2.122324e+001
1.924159e+003,2.120933e+001
1.924641e+003,2.119775e+001
1.925123e+003,2.118789e+001
1.925605e+003,2.117879e+001
1.926088e+003,2.116946e+001
1.926570e+003,2.115924e+001
1.927052e+003,2.114785e+001
1.927534e+003,2.113538e+001
1.928016e+003,2.112213e+001
1.928498e+003,2.110836e+001
1.928980e+003,2.109419e+001
1.929462e+003,2.107959e+001
1.929945e+003,2.106444e+001
1.930427e+003,2.104871e+001
1.930909e+003,2.103249e+001
1.931391e+003,2.101608e+001
1.931873e+003,2.099985e+001
1.932355e+003,2.098414e+001
1.932837e+003,2.096913e+001
1.933320e+003,2.095483e+001
1.933802e+003,2.094110e+001
1.934284e+003,2.092769e+001
1.934766e+003,2.091439e+001
1.935248e+003,2.090102e+001
1.935730e+003,2.088745e+001
1.936212e+003,2.087365e+001
1.936694e+003,2.085958e+001
1.937177e+003,2.084522e+001
1.937659e+003,2.083058e+001
1.938141e+003,2.081563e+001
1.938623e+003,2.080027e+001
1.939105e+003,2.078432e+001
1.939587e+003,2.076746e+001
1.940069e+003,2.074934e+001
1.940551e+003,2.072965e+001
1.941033e+003,2.070835e+001
1.941516e+003,2.068577e+001
1.941998e+003,2.066269e+001
1.942480e+003,2.064018e+001
1.942962e+003,2.061935e+001
1.943444e+003,2.060100e+001
1.943926e+003,2.058538e+001
1.944408e+003,2.057222e+001
1.944890e+003,2.056084e+001
1.945373e+003,2.055043e+001
1.945855e+003,2.054032e+001
1.946337e+003,2.053005e+001
1.946819e+003,2.051946e+001
1.947301e+003,2.050850e+001
1.947783e+003,2.049722e+001
1.948265e+003,2.048558e+001
1.948748e+003,2.047356e+001
1.949229e+003,2.046107e+001
1.949712e+003,2.044816e+001
1.950194e+003,2.043492e+001
1.950676e+003,2.042151e+001
1.951158e+003,2.040805e+001
1.951640e+003,2.039451e+001
1.952122e+003,2.038077e+001
1.952604e+003,2.036658e+001
1.953087e+003,2.035177e+001
1.953569e+003,2.033631e+001
1.954051e+003,2.032040e+001
1.954533e+003,2.030440e+001
1.955015e+003,2.028871e+001
1.955497e+003,2.027361e+001
1.955979e+003,2.025917e+001
1.956461e+003,2.024524e+001
1.956944e+003,2.023148e+001
1.957426e+003,2.021760e+001
1.957908e+003,2.020340e+001
1.958390e+003,2.018884e+001
1.958872e+003,2.017404e+001
1.959354e+003,2.015921e+001
1.959836e+003,2.014459e+001
1.960318e+003,2.013041e+001
1.960801e+003,2.011681e+001
1.961283e+003,2.010393e+001
1.961765e+003,2.009177e+001
1.962247e+003,2.008022e+001
1.962729e+003,2.006893e+001
1.963211e+003,2.005740e+001
1.963693e+003,2.004495e+001
1.964176e+003,2.003094e+001
1.964657e+003,2.001490e+001
1.965140e+003,1.999672e+001
1.965622e+003,1.997676e+001
1.966104e+003,1.995572e+001
1.966586e+003,1.993456e+001
1.967068e+003,1.991421e+001
1.967550e+003,1.989538e+001
1.968032e+003,1.987845e+001
1.968515e+003,1.986342e+001
1.968997e+003,1.985005e+001
1.969479e+003,1.983794e+001
1.969961e+003,1.982664e+001
1.970443e+003,1.981562e+001
1.970925e+003,1.980439e+001
1.971407e+003,1.979243e+001
1.971889e+003,1.977927e+001
1.972372e+003,1.976460e+001
1.972854e+003,1.974835e+001
1.973336e+003,1.973069e+001
1.973818e+003,1.971206e+001
1.974300e+003,1.969300e+001
1.974782e+003,1.967409e+001
1.975264e+003,1.965581e+001
1.975746e+003,1.963848e+001
1.976229e+003,1.962229e+001
1.976711e+003,1.960728e+001
1.977193e+003,1.959337e+001
1.977675e+003,1.958045e+001
1.978157e+003,1.956822e+001
1.978639e+003,1.955631e+001
1.979121e+003,1.954428e+001
1.979604e+003,1.953167e+001
1.980085e+003,1.951813e+001
1.980568e+003,1.950349e+001
1.981050e+003,1.948781e+001
1.981532e+003,1.947127e+001
1.982014e+003,1.945415e+001
1.982496e+003,1.943663e+001
1.982978e+003,1.941885e+001
1.983460e+003,1.940079e+001
1.983943e+003,1.938241e+001
1.984425e+003,1.936370e+001
1.984907e+003,1.934478e+001
1.985389e+003,1.932585e+001
1.985871e+003,1.930717e+001
1.986353e+003,1.928894e+001
1.986835e+003,1.927125e+001
1.987317e+003,1.925401e+001
1.987800e+003,1.923699e+001
1.988282e+003,1.921987e+001
1.988764e+003,1.920231e+001
1.989246e+003,1.918403e+001
1.989728e+003,1.916486e+001
1.990210e+003,1.914477e+001
1.990692e+003,1.912396e+001
1.991174e+003,1.910285e+001
1.991656e+003,1.908207e+001
1.992139e+003,1.906236e+001
1.992621e+003,1.904443e+001
1.993103e+003,1.902870e+001
1.993585e+003,1.901518e+001
1.994067e+003,1.900346e+001
1.994549e+003,1.899271e+001
1.995031e+003,1.898202e+001
1.995514e+003,1.897050e+001
1.995996e+003,1.895761e+001
1.996478e+003,1.894315e+001
1.996960e+003,1.892730e+001
1.997442e+003,1.891046e+001
1.997924e+003,1.889310e+001
1.998406e+003,1.887555e+001
1.998888e+003,1.885799e+001
1.999371e+003,1.884046e+001
1.999853e+003,1.882287e+001
2.000335e+003,1.880515e+001
2.000817e+003,1.878728e+001
2.001299e+003,1.876923e+001
2.001781e+003,1.875099e+001
2.002263e+003,1.873256e+001
2.002745e+003,1.871389e+001
2.003228e+003,1.869495e+001
2.003710e+003,1.867576e+001
2.004192e+003,1.865638e+001
2.004674e+003,1.863689e+001
2.005156e+003,1.861738e+001
2.005638e+003,1.859788e+001
2.006120e+003,1.857837e+001
2.006603e+003,1.855886e+001
2.007084e+003,1.853940e+001
2.007567e+003,1.852015e+001
2.008049e+003,1.850133e+001
2.008531e+003,1.848316e+001
2.009013e+003,1.846571e+001
2.009495e+003,1.844891e+001
2.009977e+003,1.843246e+001
2.010459e+003,1.841600e+001
2.010942e+003,1.839915e+001
2.011424e+003,1.838167e+001
2.011906e+003,1.836349e+001
2.012388e+003,1.834464e+001
2.012870e+003,1.832520e+001
2.013352e+003,1.830515e+001
2.013834e+003,1.828439e+001
2.014316e+003,1.826278e+001
2.014799e+003,1.824026e+001
2.015281e+003,1.821701e+001
2.015763e+003,1.819348e+001
2.016245e+003,1.817031e+001
2.016727e+003,1.814815e+001
2.017209e+003,1.812753e+001
2.017691e+003,1.810855e+001
2.018173e+003,1.809100e+001
2.018656e+003,1.807433e+001
2.019138e+003,1.805789e+001
2.019620e+003,1.804113e+001
2.020102e+003,1.802373e+001
2.020584e+003,1.800556e+001
2.021066e+003,1.798673e+001
2.021548e+003,1.796741e+001
2.022031e+003,1.794784e+001
2.022512e+003,1.792815e+001
2.022995e+003,1.790851e+001
2.023477e+003,1.788899e+001
2.023959e+003,1.786965e+001
2.024441e+003,1.785050e+001
2.024923e+003,1.783155e+001
2.025405e+003,1.781276e+001
2.025887e+003,1.779416e+001
2.026370e+003,1.777580e+001
2.026852e+003,1.775781e+001
2.027334e+003,1.774037e+001
2.027816e+003,1.772359e+001
2.028298e+003,1.770747e+001
2.028780e+003,1.769181e+001
2.029262e+003,1.767625e+001
2.029744e+003,1.766034e+001
2.030227e+003,1.764363e+001
2.030709e+003,1.762589e+001
2.031191e+003,1.760711e+001
2.031673e+003,1.758753e+001
2.032155e+003,1.756748e+001
2.032637e+003,1.754733e+001
2.033119e+003,1.752731e+001
2.033601e+003,1.750747e+001
2.034083e+003,1.748773e+001
2.034566e+003,1.746796e+001
2.035048e+003,1.744800e+001
2.035530e+003,1.742779e+001
2.036012e+003,1.740732e+001
2.036494e+003,1.738666e+001
2.036976e+003,1.736588e+001
2.037458e+003,1.734511e+001
2.037940e+003,1.732449e+001
2.038423e+003,1.730418e+001
2.038905e+003,1.728435e+001
2.039387e+003,1.726518e+001
2.039869e+003,1.724673e+001
2.040351e+003,1.722902e+001
2.040833e+003,1.721190e+001
2.041315e+003,1.719520e+001
2.041798e+003,1.717872e+001
2.042280e+003,1.716235e+001
2.042762e+003,1.714599e+001
2.043244e+003,1.712964e+001
2.043726e+003,1.711328e+001
2.044208e+003,1.709686e+001
2.044690e+003,1.708031e+001
2.045172e+003,1.706355e+001
2.045655e+003,1.704658e+001
2.046137e+003,1.702945e+001
2.046619e+003,1.701232e+001
2.047101e+003,1.699536e+001
2.047583e+003,1.697864e+001
2.048065e+003,1.696213e+001
2.048547e+003,1.694569e+001
2.049029e+003,1.692910e+001
2.049511e+003,1.691218e+001
2.049994e+003,1.689489e+001
2.050476e+003,1.687730e+001
2.050958e+003,1.685958e+001
2.051440e+003,1.684186e+001
2.051922e+003,1.682420e+001
2.052404e+003,1.680649e+001
2.052886e+003,1.678855e+001
2.053368e+003,1.677018e+001
2.053851e+003,1.675132e+001
2.054333e+003,1.673208e+001
2.054815e+003,1.671272e+001
2.055297e+003,1.669359e+001
2.055779e+003,1.667498e+001
2.056261e+003,1.665708e+001
2.056743e+003,1.663992e+001
2.057226e+003,1.662341e+001
2.057708e+003,1.660739e+001
2.058190e+003,1.659171e+001
2.058672e+003,1.657619e+001
2.059154e+003,1.656064e+001
2.059636e+003,1.654488e+001
2.060118e+003,1.652867e+001
2.060600e+003,1.651185e+001
2.061083e+003,1.649435e+001
2.061565e+003,1.647630e+001
2.062047e+003,1.645803e+001
2.062529e+003,1.643998e+001
2.063011e+003,1.642259e+001
2.063493e+003,1.640619e+001
2.063975e+003,1.639093e+001
2.064457e+003,1.637671e+001
2.064939e+003,1.636328e+001
2.065422e+003,1.635038e+001
2.065904e+003,1.633772e+001
2.066386e+003,1.632513e+001
2.066868e+003,1.631247e+001
2.067350e+003,1.629968e+001
2.067832e+003,1.628668e+001
2.068314e+003,1.627338e+001
2.068796e+003,1.625973e+001
2.069279e+003,1.624567e+001
2.069761e+003,1.623119e+001
2.070243e+003,1.621628e+001
2.070725e+003,1.620090e+001
2.071207e+003,1.618501e+001
2.071689e+003,1.616850e+001
2.072171e+003,1.615137e+001
2.072654e+003,1.613371e+001
2.073135e+003,1.611578e+001
2.073618e+003,1.609799e+001
2.074100e+003,1.608084e+001
2.074582e+003,1.606476e+001
2.075064e+003,1.605005e+001
2.075546e+003,1.603678e+001
2.076028e+003,1.602485e+001
2.076510e+003,1.601398e+001
2.076993e+003,1.600388e+001
2.077475e+003,1.599422e+001
2.077957e+003,1.598471e+001
2.078439e+003,1.597507e+001
2.078921e+003,1.596507e+001
2.079403e+003,1.595448e+001
2.079885e+003,1.594322e+001
2.080367e+003,1.593130e+001
2.080850e+003,1.591894e+001
2.081332e+003,1.590646e+001
2.081814e+003,1.589421e+001
2.082296e+003,1.588242e+001
2.082778e+003,1.587116e+001
2.083260e+003,1.586033e+001
2.083742e+003,1.584972e+001
2.084224e+003,1.583914e+001
2.084707e+003,1.582855e+001
2.085189e+003,1.581802e+001
2.085671e+003,1.580771e+001
2.086153e+003,1.579771e+001
2.086635e+003,1.578795e+001
2.087117e+003,1.577813e+001
2.087599e+003,1.576781e+001
2.088082e+003,1.575654e+001
2.088563e+003,1.574407e+001
2.089046e+003,1.573040e+001
2.089528e+003,1.571584e+001
2.090010e+003,1.570087e+001
2.090492e+003,1.568601e+001
2.090974e+003,1.567166e+001
2.091456e+003,1.565803e+001
2.091938e+003,1.564518e+001
2.092421e+003,1.563308e+001
2.092903e+003,1.562165e+001
2.093385e+003,1.561084e+001
2.093867e+003,1.560055e+001
2.094349e+003,1.559069e+001
2.094831e+003,1.558104e+001
2.095313e+003,1.557132e+001
2.095795e+003,1.556126e+001
2.096278e+003,1.555069e+001
2.096760e+003,1.553954e+001
2.097242e+003,1.552794e+001
2.097724e+003,1.551607e+001
2.098206e+003,1.550418e+001
2.098688e+003,1.549243e+001
2.099170e+003,1.548095e+001
2.099652e+003,1.546974e+001
2.100135e+003,1.545881e+001
2.100617e+003,1.544817e+001
2.101099e+003,1.543784e+001
2.101581e+003,1.542783e+001
2.102063e+003,1.541809e+001
2.102545e+003,1.540852e+001
2.103027e+003,1.539899e+001
2.103510e+003,1.538938e+001
2.103991e+003,1.537966e+001
2.104474e+003,1.536989e+001
2.104956e+003,1.536023e+001
2.105438e+003,1.535083e+001
2.105920e+003,1.534181e+001
2.106402e+003,1.533312e+001
2.106884e+003,1.532461e+001
2.107366e+003,1.531604e+001
2.107849e+003,1.530718e+001
2.108331e+003,1.529787e+001
2.108813e+003,1.528806e+001
2.109295e+003,1.527777e+001
2.109777e+003,1.526711e+001
2.110259e+003,1.525621e+001
2.110741e+003,1.524520e+001
2.111223e+003,1.523416e+001
2.111706e+003,1.522321e+001
2.112188e+003,1.521243e+001
2.112670e+003,1.520189e+001
2.113152e+003,1.519156e+001
2.113634e+003,1.518138e+001
2.114116e+003,1.517125e+001
2.114598e+003,1.516106e+001
2.115080e+003,1.515080e+001
2.115563e+003,1.514058e+001
2.116045e+003,1.513059e+001
2.116527e+003,1.512109e+001
2.117009e+003,1.511228e+001
2.117491e+003,1.510419e+001
2.117973e+003,1.509670e+001
2.118455e+003,1.508958e+001
2.118938e+003,1.508251e+001
2.119420e+003,1.507527e+001
2.119902e+003,1.506771e+001
2.120384e+003,1.505982e+001
2.120866e+003,1.505164e+001
2.121348e+003,1.504321e+001
2.121830e+003,1.503450e+001
2.122312e+003,1.502545e+001
2.122794e+003,1.501596e+001
2.123277e+003,1.500598e+001
2.123759e+003,1.499556e+001
2.124241e+003,1.498483e+001
2.124723e+003,1.497397e+001
2.125205e+003,1.496317e+001
2.125687e+003,1.495262e+001
2.126169e+003,1.494241e+001
2.126651e+003,1.493262e+001
2.127134e+003,1.492325e+001
2.127616e+003,1.491427e+001
2.128098e+003,1.490556e+001
2.128580e+003,1.489689e+001
2.129062e+003,1.488799e+001
2.129544e+003,1.487855e+001
2.130026e+003,1.486836e+001
2.130509e+003,1.485740e+001
2.130990e+003,1.484588e+001
2.131473e+003,1.483419e+001
2.131955e+003,1.482278e+001
2.132437e+003,1.481200e+001
2.132919e+003,1.480199e+001
2.133401e+003,1.479257e+001
2.133883e+003,1.478338e+001
2.134365e+003,1.477395e+001
2.134848e+003,1.476394e+001
2.135330e+003,1.475314e+001
2.135812e+003,1.474166e+001
2.136294e+003,1.472973e+001
2.136776e+003,1.471768e+001
2.137258e+003,1.470584e+001
2.137740e+003,1.469447e+001
2.138222e+003,1.468374e+001
2.138705e+003,1.467383e+001
2.139187e+003,1.466481e+001
2.139669e+003,1.465677e+001
2.140151e+003,1.464961e+001
2.140633e+003,1.464314e+001
2.141115e+003,1.463699e+001
2.141597e+003,1.463073e+001
2.142079e+003,1.462391e+001
2.142562e+003,1.461623e+001
2.143044e+003,1.460758e+001
2.143526e+003,1.459805e+001
2.144008e+003,1.458784e+001
2.144490e+003,1.457723e+001
2.144972e+003,1.456645e+001
2.145454e+003,1.455568e+001
2.145937e+003,1.454506e+001
2.146418e+003,1.453473e+001
2.146901e+003,1.452479e+001
2.147383e+003,1.451533e+001
2.147865e+003,1.450634e+001
2.148347e+003,1.449768e+001
2.148829e+003,1.448908e+001
2.149311e+003,1.448021e+001
2.149793e+003,1.447079e+001
2.150276e+003,1.446072e+001
2.150758e+003,1.445011e+001
2.151240e+003,1.443927e+001
2.151722e+003,1.442861e+001
2.152204e+003,1.441849e+001
2.152686e+003,1.440908e+001
2.153168e+003,1.440032e+001
2.153650e+003,1.439193e+001
2.154133e+003,1.438350e+001
2.154615e+003,1.437464e+001
2.155097e+003,1.436503e+001
2.155579e+003,1.435452e+001
2.156061e+003,1.434308e+001
2.156543e+003,1.433085e+001
2.157025e+003,1.431805e+001
2.157507e+003,1.430498e+001
2.157990e+003,1.429199e+001
2.158472e+003,1.427942e+001
2.158954e+003,1.426754e+001
2.159436e+003,1.425648e+001
2.159918e+003,1.424623e+001
2.160400e+003,1.423659e+001
2.160882e+003,1.422725e+001
2.161365e+003,1.421787e+001
2.161846e+003,1.420820e+001
2.162329e+003,1.419811e+001
2.162811e+003,1.418758e+001
2.163293e+003,1.417670e+001
2.163775e+003,1.416560e+001
2.164257e+003,1.415438e+001
2.164739e+003,1.414313e+001
2.165221e+003,1.413193e+001
2.165704e+003,1.412089e+001
2.166186e+003,1.411014e+001
2.166668e+003,1.409976e+001
2.167150e+003,1.408978e+001
2.167632e+003,1.408014e+001
2.168114e+003,1.407063e+001
2.168596e+003,1.406098e+001
2.169078e+003,1.405094e+001
2.169561e+003,1.404031e+001
2.170043e+003,1.402906e+001
2.170525e+003,1.401727e+001
2.171007e+003,1.400506e+001
2.171489e+003,1.399261e+001
2.171971e+003,1.398004e+001
2.172453e+003,1.396744e+001
2.172935e+003,1.395489e+001
2.173417e+003,1.394248e+001
2.173900e+003,1.393032e+001
2.174382e+003,1.391851e+001
2.174864e+003,1.390706e+001
2.175346e+003,1.389588e+001
2.175828e+003,1.388474e+001
2.176310e+003,1.387337e+001
2.176792e+003,1.386151e+001
2.177274e+003,1.384900e+001
2.177757e+003,1.383588e+001
2.178239e+003,1.382231e+001
2.178721e+003,1.380854e+001
2.179203e+003,1.379485e+001
2.179685e+003,1.378144e+001
2.180167e+003,1.376846e+001
2.180649e+003,1.375598e+001
2.181132e+003,1.374409e+001
2.181614e+003,1.373284e+001
2.182096e+003,1.372229e+001
2.182578e+003,1.371238e+001
2.183060e+003,1.370295e+001
2.183542e+003,1.369370e+001
2.184024e+003,1.368426e+001
2.184506e+003,1.367430e+001
2.184989e+003,1.366359e+001
2.185471e+003,1.365208e+001
2.185953e+003,1.363990e+001
2.186435e+003,1.362725e+001
2.186917e+003,1.361438e+001
2.187399e+003,1.360142e+001
2.187881e+003,1.358837e+001
2.188363e+003,1.357518e+001
2.188845e+003,1.356176e+001
2.189328e+003,1.354807e+001
2.189810e+003,1.353417e+001
2.190292e+003,1.352018e+001
2.190774e+003,1.350626e+001
2.191256e+003,1.349256e+001
2.191738e+003,1.347918e+001
2.192220e+003,1.346614e+001
2.192702e+003,1.345345e+001
2.193185e+003,1.344103e+001
2.193667e+003,1.342879e+001
2.194149e+003,1.341659e+001
2.194631e+003,1.340426e+001
2.195113e+003,1.339164e+001
2.195595e+003,1.337863e+001
2.196077e+003,1.336520e+001
2.196560e+003,1.335149e+001
2.197042e+003,1.333770e+001
2.197524e+003,1.332408e+001
2.198006e+003,1.331081e+001
2.198488e+003,1.329794e+001
2.198970e+003,1.328541e+001
2.199452e+003,1.327305e+001
2.199934e+003,1.326071e+001
2.200417e+003,1.324830e+001
2.200899e+003,1.323587e+001
2.201381e+003,1.322360e+001
2.201863e+003,1.321168e+001
2.202345e+003,1.320025e+001
2.202827e+003,1.318938e+001
2.203309e+003,1.317901e+001
2.203791e+003,1.316900e+001
2.204273e+003,1.315923e+001
2.204756e+003,1.314960e+001
2.205238e+003,1.314005e+001
2.205720e+003,1.313051e+001
2.206202e+003,1.312090e+001
2.206684e+003,1.311102e+001
2.207166e+003,1.310066e+001
2.207648e+003,1.308960e+001
2.208130e+003,1.307769e+001
2.208613e+003,1.306491e+001
2.209095e+003,1.305135e+001
2.209577e+003,1.303721e+001
2.210059e+003,1.302274e+001
2.210541e+003,1.300818e+001
2.211023e+003,1.299378e+001
2.211505e+003,1.297975e+001
2.211988e+003,1.296629e+001
2.212469e+003,1.295355e+001
2.212952e+003,1.294162e+001
2.213434e+003,1.293048e+001
2.213916e+003,1.291995e+001
2.214398e+003,1.290976e+001
2.214880e+003,1.289960e+001
2.215362e+003,1.288919e+001
2.215844e+003,1.287836e+001
2.216327e+003,1.286705e+001
2.216809e+003,1.285532e+001
2.217291e+003,1.284319e+001
2.217773e+003,1.283068e+001
2.218255e+003,1.281775e+001
2.218737e+003,1.280434e+001
2.219219e+003,1.279051e+001
2.219701e+003,1.277649e+001
2.220184e+003,1.276266e+001
2.220666e+003,1.274949e+001
2.221148e+003,1.273740e+001
2.221630e+003,1.272659e+001
2.222112e+003,1.271698e+001
2.222594e+003,1.270821e+001
2.223076e+003,1.269973e+001
2.223558e+003,1.269102e+001
2.224041e+003,1.268171e+001
2.224523e+003,1.267169e+001
2.225005e+003,1.266106e+001
2.225487e+003,1.265014e+001
2.225969e+003,1.263925e+001
2.226451e+003,1.262869e+001
2.226933e+003,1.261863e+001
2.227416e+003,1.260914e+001
2.227897e+003,1.260016e+001
2.228380e+003,1.259157e+001
2.228862e+003,1.258315e+001
2.229344e+003,1.257466e+001
2.229826e+003,1.256583e+001
2.230308e+003,1.255646e+001
2.230790e+003,1.254639e+001
2.231272e+003,1.253564e+001
2.231755e+003,1.252436e+001
2.232237e+003,1.251278e+001
2.232719e+003,1.250118e+001
2.233201e+003,1.248981e+001
2.233683e+003,1.247880e+001
2.234165e+003,1.246819e+001
2.234647e+003,1.245793e+001
2.235129e+003,1.244796e+001
2.235612e+003,1.243822e+001
2.236094e+003,1.242867e+001
2.236576e+003,1.241926e+001
2.237058e+003,1.240990e+001
2.237540e+003,1.240048e+001
2.238022e+003,1.239088e+001
2.238504e+003,1.238097e+001
2.238986e+003,1.237072e+001
2.239469e+003,1.236013e+001
2.239951e+003,1.234925e+001
2.240433e+003,1.233811e+001
2.240915e+003,1.232673e+001
2.241397e+003,1.231507e+001
2.241879e+003,1.230315e+001
2.242361e+003,1.229107e+001
2.242844e+003,1.227908e+001
2.243326e+003,1.226755e+001
2.243808e+003,1.225694e+001
2.244290e+003,1.224759e+001
2.244772e+003,1.223968e+001
2.245254e+003,1.223307e+001
2.245736e+003,1.222736e+001
2.246218e+003,1.222197e+001
2.246700e+003,1.221627e+001
2.247183e+003,1.220973e+001
2.247665e+003,1.220204e+001
2.248147e+003,1.219308e+001
2.248629e+003,1.218300e+001
2.249111e+003,1.217207e+001
2.249593e+003,1.216070e+001
2.250075e+003,1.214933e+001
2.250557e+003,1.213841e+001
2.251040e+003,1.212834e+001
2.251522e+003,1.211938e+001
2.252004e+003,1.211163e+001
2.252486e+003,1.210496e+001
2.252968e+003,1.209908e+001
2.253450e+003,1.209357e+001
2.253932e+003,1.208803e+001
2.254415e+003,1.208212e+001
2.254896e+003,1.207566e+001
2.255379e+003,1.206859e+001
2.255861e+003,1.206088e+001
2.256343e+003,1.205251e+001
2.256825e+003,1.204340e+001
2.257307e+003,1.203347e+001
2.257789e+003,1.202267e+001
2.258271e+003,1.201108e+001
2.258754e+003,1.199898e+001
2.259236e+003,1.198679e+001
2.259718e+003,1.197496e+001
2.260200e+003,1.196391e+001
2.260682e+003,1.195383e+001
2.261164e+003,1.194473e+001
2.261646e+003,1.193641e+001
2.262128e+003,1.192857e+001
2.262611e+003,1.192090e+001
2.263093e+003,1.191318e+001
2.263575e+003,1.190529e+001
2.264057e+003,1.189722e+001
2.264539e+003,1.188900e+001
2.265021e+003,1.188070e+001
2.265503e+003,1.187237e+001
2.265985e+003,1.186405e+001
2.266468e+003,1.185577e+001
2.266950e+003,1.184755e+001
2.267432e+003,1.183937e+001
2.267914e+003,1.183122e+001
2.268396e+003,1.182308e+001
2.268878e+003,1.181497e+001
2.269360e+003,1.180692e+001
2.269843e+003,1.179910e+001
2.270324e+003,1.179171e+001
2.270807e+003,1.178497e+001
2.271289e+003,1.177904e+001
2.271771e+003,1.177395e+001
2.272253e+003,1.176959e+001
2.272735e+003,1.176568e+001
2.273217e+003,1.176190e+001
2.273699e+003,1.175789e+001
2.274182e+003,1.175340e+001
2.274664e+003,1.174826e+001
2.275146e+003,1.174244e+001
2.275628e+003,1.173601e+001
2.276110e+003,1.172911e+001
2.276592e+003,1.172195e+001
2.277074e+003,1.171480e+001
2.277556e+003,1.170795e+001
2.278039e+003,1.170172e+001
2.278521e+003,1.169635e+001
2.279003e+003,1.169201e+001
2.279485e+003,1.168874e+001
2.279967e+003,1.168642e+001
2.280449e+003,1.168488e+001
2.280931e+003,1.168383e+001
2.281413e+003,1.168299e+001
2.281896e+003,1.168206e+001
2.282378e+003,1.168071e+001
2.282860e+003,1.167857e+001
2.283342e+003,1.167522e+001
2.283824e+003,1.167028e+001
2.284306e+003,1.166346e+001
2.284788e+003,1.165465e+001
2.285271e+003,1.164397e+001
2.285752e+003,1.163179e+001
2.286235e+003,1.161864e+001
2.286717e+003,1.160504e+001
2.287199e+003,1.159150e+001
2.287681e+003,1.157833e+001
2.288163e+003,1.156571e+001
2.288645e+003,1.155371e+001
2.289127e+003,1.154234e+001
2.289610e+003,1.153156e+001
2.290092e+003,1.152130e+001
2.290574e+003,1.151137e+001
2.291056e+003,1.150148e+001
2.291538e+003,1.149123e+001
2.292020e+003,1.148022e+001
2.292502e+003,1.146817e+001
2.292984e+003,1.145504e+001
2.293467e+003,1.144107e+001
2.293949e+003,1.142671e+001
2.294431e+003,1.141249e+001
2.294913e+003,1.139885e+001
2.295395e+003,1.138598e+001
2.295877e+003,1.137373e+001
2.296359e+003,1.136170e+001
2.296841e+003,1.134933e+001
2.297323e+003,1.133607e+001
2.297806e+003,1.132156e+001
2.298288e+003,1.130564e+001
2.298770e+003,1.128846e+001
2.299252e+003,1.127037e+001
2.299734e+003,1.125186e+001
2.300216e+003,1.123349e+001
2.300698e+003,1.121576e+001
2.301180e+003,1.119904e+001
2.301663e+003,1.118351e+001
2.302145e+003,1.116904e+001
2.302627e+003,1.115529e+001
2.303109e+003,1.114171e+001
2.303591e+003,1.112763e+001
2.304073e+003,1.111246e+001
2.304555e+003,1.109576e+001
2.305038e+003,1.107729e+001
2.305520e+003,1.105706e+001
2.306002e+003,1.103520e+001
2.306484e+003,1.101195e+001
2.306966e+003,1.098757e+001
2.307448e+003,1.096233e+001
2.307930e+003,1.093650e+001
2.308412e+003,1.091042e+001
2.308895e+003,1.088447e+001
2.309377e+003,1.085903e+001
2.309859e+003,1.083444e+001
2.310341e+003,1.081094e+001
2.310823e+003,1.078860e+001
2.311305e+003,1.076738e+001
2.311787e+003,1.074716e+001
2.312269e+003,1.072781e+001
2.312751e+003,1.070916e+001
2.313234e+003,1.069106e+001
2.313716e+003,1.067325e+001
2.314198e+003,1.065533e+001
2.314680e+003,1.063675e+001
2.315162e+003,1.061689e+001
2.315644e+003,1.059516e+001
2.316126e+003,1.057114e+001
2.316608e+003,1.054465e+001
2.317091e+003,1.051574e+001
2.317573e+003,1.048467e+001
2.318055e+003,1.045177e+001
2.318537e+003,1.041740e+001
2.319019e+003,1.038191e+001
2.319501e+003,1.034568e+001
2.319983e+003,1.030923e+001
2.320466e+003,1.027324e+001
2.320948e+003,1.023856e+001
2.321430e+003,1.020604e+001
2.321912e+003,1.017647e+001
2.322394e+003,1.015031e+001
2.322876e+003,1.012759e+001
2.323358e+003,1.010794e+001
2.323840e+003,1.009056e+001
2.324323e+003,1.007439e+001
2.324805e+003,1.005825e+001
2.325287e+003,1.004095e+001
2.325769e+003,1.002154e+001
2.326251e+003,9.999326e+000
2.326733e+003,9.974124e+000
2.327215e+003,9.946264e+000
2.327697e+003,9.916625e+000
2.328179e+003,9.886508e+000
2.328662e+003,9.857428e+000
2.329144e+003,9.830794e+000
2.329626e+003,9.807669e+000
2.330108e+003,9.788556e+000
2.330590e+003,9.773369e+000
2.331072e+003,9.761513e+000
2.331554e+003,9.752086e+000
2.332036e+003,9.744033e+000
2.332519e+003,9.736339e+000
2.333001e+003,9.728060e+000
2.333483e+003,9.718456e+000
2.333965e+003,9.706996e+000
2.334447e+003,9.693486e+000
2.334929e+003,9.678098e+000
2.335411e+003,9.661404e+000
2.335894e+003,9.644211e+000
2.336375e+003,9.627400e+000
2.336858e+003,9.611602e+000
2.337340e+003,9.597048e+000
2.337822e+003,9.583468e+000
2.338304e+003,9.570283e+000
2.338786e+003,9.556823e+000
2.339268e+003,9.542711e+000
2.339750e+003,9.528025e+000
2.340233e+003,9.513369e+000
2.340715e+003,9.499667e+000
2.341197e+003,9.487993e+000
2.341679e+003,9.479299e+000
2.342161e+003,9.474389e+000
2.342643e+003,9.473960e+000
2.343125e+003,9.478801e+000
2.343607e+003,9.489820e+000
2.344090e+003,9.507987e+000
2.344572e+003,9.533924e+000
2.345054e+003,9.567525e+000
2.345536e+003,9.607530e+000
2.346018e+003,9.651525e+000
2.346500e+003,9.696203e+000
2.346982e+003,9.737895e+000
2.347464e+003,9.773089e+000
2.347947e+003,9.798820e+000
2.348429e+003,9.812819e+000
2.348911e+003,9.813581e+000
2.349393e+003,9.800323e+000
2.349875e+003,9.773018e+000
2.350357e+003,9.732405e+000
2.350839e+003,9.680075e+000
2.351322e+003,9.618380e+000
2.351803e+003,9.550278e+000
2.352286e+003,9.478922e+000
2.352768e+003,9.407254e+000
2.353250e+003,9.337540e+000
2.353732e+003,9.271263e+000
2.354214e+003,9.209162e+000
2.354696e+003,9.151567e+000
2.355178e+003,9.098660e+000
2.355661e+003,9.050648e+000
2.356143e+003,9.007668e+000
2.356625e+003,8.969729e+000
2.357107e+003,8.936498e+000
2.357589e+003,8.907361e+000
2.358071e+003,8.881514e+000
2.358553e+003,8.858257e+000
2.359035e+003,8.837120e+000
2.359518e+003,8.817978e+000
2.360000e+003,8.800914e+000
2.360482e+003,8.786199e+000
2.360964e+003,8.774110e+000
2.361446e+003,8.764967e+000
2.361928e+003,8.759146e+000
2.362410e+003,8.757174e+000
2.362892e+003,8.759635e+000
2.363375e+003,8.767099e+000
2.363857e+003,8.779845e+000
2.364339e+003,8.797798e+000
2.364821e+003,8.820420e+000
2.365303e+003,8.846870e+000
2.365785e+003,8.876190e+000
2.366267e+003,8.907553e+000
2.366750e+003,8.940337e+000
2.367232e+003,8.974173e+000
2.367714e+003,9.008783e+000
2.368196e+003,9.043950e+000
2.368678e+003,9.079382e+000
2.369160e+003,9.114816e+000
2.369642e+003,9.150046e+000
2.370124e+003,9.185054e+000
2.370606e+003,9.219979e+000
2.371089e+003,9.255082e+000
2.371571e+003,9.290571e+000
2.372053e+003,9.326551e+000
2.372535e+003,9.362941e+000
2.373017e+003,9.399535e+000
2.373499e+003,9.436107e+000
2.373981e+003,9.472548e+000
2.374463e+003,9.508887e+000
2.374946e+003,9.545321e+000
2.375428e+003,9.582072e+000
2.375910e+003,9.619343e+000
2.376392e+003,9.657176e+000
2.376874e+003,9.695481e+000
2.377356e+003,9.734025e+000
2.377838e+003,9.772511e+000
2.378321e+003,9.810595e+000
2.378802e+003,9.847953e+000
2.379285e+003,9.884237e+000
2.379767e+003,9.919121e+000
2.380249e+003,9.952253e+000
2.380731e+003,9.983327e+000
2.381213e+003,1.001208e+001
2.381695e+003,1.003836e+001
2.382177e+003,1.006210e+001
2.382660e+003,1.008332e+001
2.383142e+003,1.010204e+001
2.383624e+003,1.011833e+001
2.384106e+003,1.013223e+001
2.384588e+003,1.014380e+001
2.385070e+003,1.015314e+001
2.385552e+003,1.016043e+001
2.386034e+003,1.016586e+001
2.386517e+003,1.016966e+001
2.386999e+003,1.017202e+001
2.387481e+003,1.017303e+001
2.387963e+003,1.017271e+001
2.388445e+003,1.017106e+001
2.388927e+003,1.016812e+001
2.389409e+003,1.016402e+001
2.389891e+003,1.015902e+001
2.390374e+003,1.015341e+001
2.390856e+003,1.014746e+001
2.391338e+003,1.014131e+001
2.391820e+003,1.013492e+001
2.392302e+003,1.012811e+001
2.392784e+003,1.012064e+001
2.393266e+003,1.011239e+001
2.393749e+003,1.010337e+001
2.394230e+003,1.009381e+001
2.394713e+003,1.008411e+001
2.395195e+003,1.007470e+001
2.395677e+003,1.006594e+001
2.396159e+003,1.005804e+001
2.396641e+003,1.005107e+001
2.397123e+003,1.004491e+001
2.397605e+003,1.003942e+001
2.398088e+003,1.003440e+001
2.398570e+003,1.002968e+001
2.399052e+003,1.002515e+001
2.399534e+003,1.002067e+001
2.400016e+003,1.001615e+001
2.400498e+003,1.001148e+001
2.400980e+003,1.000658e+001
2.401462e+003,1.000142e+001
2.401945e+003,9.995999e+000
2.402427e+003,9.990315e+000
2.402909e+003,9.984409e+000
2.403391e+003,9.978288e+000
2.403873e+003,9.971964e+000
2.404355e+003,9.965424e+000
2.404837e+003,9.958683e+000
2.405319e+003,9.951749e+000
2.405802e+003,9.944650e+000
2.406284e+003,9.937390e+000
2.406766e+003,9.929976e+000
2.407248e+003,9.922400e+000
2.407730e+003,9.914680e+000
2.408212e+003,9.906883e+000
2.408694e+003,9.899142e+000
2.409177e+003,9.891637e+000
2.409658e+003,9.884575e+000
2.410141e+003,9.878101e+000
2.410623e+003,9.872300e+000
2.411105e+003,9.867125e+000
2.411587e+003,9.862444e+000
2.412069e+003,9.858047e+000
2.412551e+003,9.853720e+000
2.413033e+003,9.849250e+000
2.413516e+003,9.844452e+000
2.413998e+003,9.839166e+000
2.414480e+003,9.833302e+000
2.414962e+003,9.826832e+000
2.415444e+003,9.819865e+000
2.415926e+003,9.812633e+000
2.416408e+003,9.805494e+000
2.416890e+003,9.798845e+000
2.417373e+003,9.793014e+000
2.417855e+003,9.788130e+000
2.418337e+003,9.784094e+000
2.418819e+003,9.780565e+000
2.419301e+003,9.777094e+000
2.419783e+003,9.773250e+000
2.420265e+003,9.768801e+000
2.420747e+003,9.763736e+000
2.421229e+003,9.758278e+000
2.421712e+003,9.752731e+000
2.422194e+003,9.747375e+000
2.422676e+003,9.742317e+000
2.423158e+003,9.737490e+000
2.423640e+003,9.732683e+000
2.424122e+003,9.727688e+000
2.424604e+003,9.722395e+000
2.425086e+003,9.716884e+000
2.425569e+003,9.711384e+000
2.426051e+003,9.706242e+000
2.426533e+003,9.701765e+000
2.427015e+003,9.698158e+000
2.427497e+003,9.695426e+000
2.427979e+003,9.693402e+000
2.428461e+003,9.691767e+000
2.428944e+003,9.690130e+000
2.429426e+003,9.688093e+000
2.429908e+003,9.685355e+000
2.430390e+003,9.681728e+000
2.430872e+003,9.677211e+000
2.431354e+003,9.671959e+000
2.431836e+003,9.666276e+000
2.432318e+003,9.660520e+000
2.432801e+003,9.655015e+000
2.433283e+003,9.649946e+000
2.433765e+003,9.645329e+000
2.434247e+003,9.641020e+000
2.434729e+003,9.636783e+000
2.435211e+003,9.632406e+000
2.435693e+003,9.627821e+000
2.436175e+003,9.623119e+000
2.436657e+003,9.618551e+000
2.437140e+003,9.614399e+000
2.437622e+003,9.610895e+000
2.438104e+003,9.608084e+000
2.438586e+003,9.605829e+000
2.439068e+003,9.603829e+000
2.439550e+003,9.601732e+000
2.440032e+003,9.599220e+000
2.440514e+003,9.596112e+000
2.440997e+003,9.592356e+000
2.441479e+003,9.588044e+000
2.441961e+003,9.583323e+000
2.442443e+003,9.578371e+000
2.442925e+003,9.573324e+000
2.443407e+003,9.568291e+000
2.443889e+003,9.563322e+000
2.444372e+003,9.558437e+000
2.444854e+003,9.553611e+000
2.445336e+003,9.548796e+000
2.445818e+003,9.543933e+000
2.446300e+003,9.538983e+000
2.446782e+003,9.533956e+000
2.447264e+003,9.528943e+000
2.447746e+003,9.524096e+000
2.448229e+003,9.519622e+000
2.448711e+003,9.515710e+000
2.449193e+003,9.512496e+000
2.449675e+003,9.510001e+000
2.450157e+003,9.508143e+000
2.450639e+003,9.506718e+000
2.451121e+003,9.505459e+000
2.451604e+003,9.504058e+000
2.452085e+003,9.502208e+000
2.452568e+003,9.499623e+000
2.453050e+003,9.496112e+000
2.453532e+003,9.491587e+000
2.454014e+003,9.486115e+000
2.454496e+003,9.479923e+000
2.454978e+003,9.473398e+000
2.455460e+003,9.466980e+000
2.455943e+003,9.461098e+000
2.456425e+003,9.456032e+000
2.456907e+003,9.451891e+000
2.457389e+003,9.448574e+000
2.457871e+003,9.445863e+000
2.458353e+003,9.443478e+000
2.458835e+003,9.441204e+000
2.459317e+003,9.438899e+000
2.459800e+003,9.436510e+000
2.460282e+003,9.434006e+000
2.460764e+003,9.431339e+000
2.461246e+003,9.428417e+000
2.461728e+003,9.425136e+000
2.462210e+003,9.421435e+000
2.462692e+003,9.417367e+000
2.463174e+003,9.413101e+000
2.463656e+003,9.408898e+000
2.464139e+003,9.405005e+000
2.464621e+003,9.401582e+000
2.465103e+003,9.398618e+000
2.465585e+003,9.395942e+000
2.466067e+003,9.393275e+000
2.466549e+003,9.390347e+000
2.467031e+003,9.386964e+000
2.467513e+003,9.383076e+000
2.467996e+003,9.378746e+000
2.468478e+003,9.374125e+000
2.468960e+003,9.369351e+000
2.469442e+003,9.364536e+000
2.469924e+003,9.359743e+000
2.470406e+003,9.355005e+000
2.470888e+003,9.350350e+000
2.471371e+003,9.345840e+000
2.471853e+003,9.341532e+000
2.472335e+003,9.337495e+000
2.472817e+003,9.333753e+000
2.473299e+003,9.330311e+000
2.473781e+003,9.327126e+000
2.474263e+003,9.324169e+000
2.474745e+003,9.321412e+000
2.475228e+003,9.318854e+000
2.475710e+003,9.316483e+000
2.476192e+003,9.314288e+000
2.476674e+003,9.312212e+000
2.477156e+003,9.310176e+000
2.477638e+003,9.308074e+000
2.478120e+003,9.305809e+000
2.478602e+003,9.303299e+000
2.479084e+003,9.300486e+000
2.479567e+003,9.297324e+000
2.480049e+003,9.293803e+000
2.480531e+003,9.289930e+000
2.481013e+003,9.285775e+000
2.481495e+003,9.281452e+000
2.481977e+003,9.277131e+000
2.482459e+003,9.272996e+000
2.482941e+003,9.269176e+000
2.483424e+003,9.265676e+000
2.483906e+003,9.262373e+000
2.484388e+003,9.259022e+000
2.484870e+003,9.255331e+000
2.485352e+003,9.251078e+000
2.485834e+003,9.246196e+000
2.486316e+003,9.240809e+000
2.486799e+003,9.235210e+000
2.487281e+003,9.229757e+000
2.487763e+003,9.224794e+000
2.488245e+003,9.220538e+000
2.488727e+003,9.217056e+000
2.489209e+003,9.214263e+000
2.489691e+003,9.211990e+000
2.490173e+003,9.210010e+000
2.490656e+003,9.208096e+000
2.491138e+003,9.205993e+000
2.491620e+003,9.203473e+000
2.492102e+003,9.200298e+000
2.492584e+003,9.196287e+000
2.493066e+003,9.191351e+000
2.493548e+003,9.185551e+000
2.494030e+003,9.179103e+000
2.494512e+003,9.172362e+000
2.494995e+003,9.165728e+000
2.495477e+003,9.159597e+000
2.495959e+003,9.154246e+000
2.496441e+003,9.149829e+000
2.496923e+003,9.146343e+000
2.497405e+003,9.143699e+000
2.497887e+003,9.141693e+000
2.498370e+003,9.140074e+000
2.498852e+003,9.138502e+000
2.499334e+003,9.136607e+000
2.499816e+003,9.133975e+000
2.500298e+003,9.130245e+000
2.500780e+003,9.125159e+000
2.501262e+003,9.118654e+000
2.501744e+003,9.110873e+000
2.502227e+003,9.102165e+000
2.502709e+003,9.092986e+000
2.503191e+003,9.083857e+000
2.503673e+003,9.075230e+000
2.504155e+003,9.067480e+000
2.504637e+003,9.060868e+000
2.505119e+003,9.055567e+000
2.505601e+003,9.051638e+000
2.506083e+003,9.049046e+000
2.506566e+003,9.047586e+000
2.507048e+003,9.046917e+000
2.507530e+003,9.046540e+000
2.508012e+003,9.045889e+000
2.508494e+003,9.044433e+000
2.508976e+003,9.041808e+000
2.509458e+003,9.037887e+000
2.509940e+003,9.032813e+000
2.510423e+003,9.026928e+000
2.510905e+003,9.020678e+000
2.511387e+003,9.014474e+000
2.511869e+003,9.008617e+000
2.512351e+003,9.003238e+000
2.512833e+003,8.998325e+000
2.513315e+003,8.993774e+000
2.513798e+003,8.989452e+000
2.514280e+003,8.985222e+000
2.514762e+003,8.980989e+000
2.515244e+003,8.976686e+000
2.515726e+003,8.972258e+000
2.516208e+003,8.967653e+000
2.516690e+003,8.962841e+000
2.517172e+003,8.957772e+000
2.517655e+003,8.952423e+000
2.518137e+003,8.946751e+000
2.518619e+003,8.940744e+000
2.519101e+003,8.934399e+000
2.519583e+003,8.927752e+000
2.520065e+003,8.920876e+000
2.520547e+003,8.913894e+000
2.521029e+003,8.906930e+000
2.521511e+003,8.900092e+000
2.521994e+003,8.893395e+000
2.522476e+003,8.886797e+000
2.522958e+003,8.880171e+000
2.523440e+003,8.873389e+000
2.523922e+003,8.866375e+000
2.524404e+003,8.859169e+000
2.524886e+003,8.851921e+000
2.525368e+003,8.844862e+000
2.525851e+003,8.838203e+000
2.526333e+003,8.832080e+000
2.526815e+003,8.826472e+000
2.527297e+003,8.821244e+000
2.527779e+003,8.816158e+000
2.528261e+003,8.811003e+000
2.528743e+003,8.805635e+000
2.529226e+003,8.800038e+000
2.529708e+003,8.794297e+000
2.530190e+003,8.788584e+000
2.530672e+003,8.783083e+000
2.531154e+003,8.777961e+000
2.531636e+003,8.773330e+000
2.532118e+003,8.769255e+000
2.532600e+003,8.765708e+000
2.533083e+003,8.762609e+000
2.533565e+003,8.759761e+000
2.534047e+003,8.756900e+000
2.534529e+003,8.753696e+000
2.535011e+003,8.749830e+000
2.535493e+003,8.745050e+000
2.535975e+003,8.739255e+000
2.536457e+003,8.732503e+000
2.536939e+003,8.725015e+000
2.537422e+003,8.717079e+000
2.537904e+003,8.709014e+000
2.538386e+003,8.701069e+000
2.538868e+003,8.693411e+000
2.539350e+003,8.686119e+000
2.539832e+003,8.679244e+000
2.540314e+003,8.672801e+000
2.540796e+003,8.666831e+000
2.541279e+003,8.661340e+000
2.541761e+003,8.656334e+000
2.542243e+003,8.651755e+000
2.542725e+003,8.647494e+000
2.543207e+003,8.643403e+000
2.543689e+003,8.639340e+000
2.544171e+003,8.635163e+000
2.544654e+003,8.630763e+000
2.545135e+003,8.626033e+000
2.545618e+003,8.620889e+000
2.546100e+003,8.615253e+000
2.546582e+003,8.609084e+000
2.547064e+003,8.602392e+000
2.547546e+003,8.595292e+000
2.548028e+003,8.587973e+000
2.548510e+003,8.580680e+000
2.548993e+003,8.573635e+000
2.549475e+003,8.566996e+000
2.549957e+003,8.560784e+000
2.550439e+003,8.554912e+000
2.550921e+003,8.549190e+000
2.551403e+003,8.543430e+000
2.551885e+003,8.537475e+000
2.552367e+003,8.531265e+000
2.552850e+003,8.524822e+000
2.553332e+003,8.518269e+000
2.553814e+003,8.511752e+000
2.554296e+003,8.505463e+000
2.554778e+003,8.499564e+000
2.555260e+003,8.494209e+000
2.555742e+003,8.489489e+000
2.556224e+003,8.485421e+000
2.556707e+003,8.481895e+000
2.557189e+003,8.478710e+000
2.557671e+003,8.475548e+000
2.558153e+003,8.472067e+000
2.558635e+003,8.467945e+000
2.559117e+003,8.462979e+000
2.559599e+003,8.457108e+000
2.560082e+003,8.450449e+000
2.560563e+003,8.443224e+000
2.561046e+003,8.435755e+000
2.561528e+003,8.428365e+000
2.562010e+003,8.421368e+000
2.562492e+003,8.415008e+000
2.562974e+003,8.409464e+000
2.563456e+003,8.404796e+000
2.563938e+003,8.400966e+000
2.564421e+003,8.397789e+000
2.564903e+003,8.395003e+000
2.565385e+003,8.392282e+000
2.565867e+003,8.389338e+000
2.566349e+003,8.385971e+000
2.566831e+003,8.382141e+000
2.567313e+003,8.377938e+000
2.567795e+003,8.373530e+000
2.568278e+003,8.369049e+000
2.568760e+003,8.364535e+000
2.569242e+003,8.359881e+000
2.569724e+003,8.354874e+000
2.570206e+003,8.349278e+000
2.570688e+003,8.342967e+000
2.571170e+003,8.335973e+000
2.571652e+003,8.328538e+000
2.572135e+003,8.321032e+000
2.572617e+003,8.313874e+000
2.573099e+003,8.307413e+000
2.573581e+003,8.301847e+000
2.574063e+003,8.297186e+000
2.574545e+003,8.293293e+000
2.575027e+003,8.289931e+000
2.575510e+003,8.286836e+000
2.575991e+003,8.283749e+000
2.576474e+003,8.280466e+000
2.576956e+003,8.276821e+000
2.577438e+003,8.272700e+000
2.577920e+003,8.268007e+000
2.578402e+003,8.262688e+000
2.578884e+003,8.256700e+000
2.579366e+003,8.250039e+000
2.579849e+003,8.242713e+000
2.580331e+003,8.234798e+000
2.580813e+003,8.226432e+000
2.581295e+003,8.217855e+000
2.581777e+003,8.209402e+000
2.582259e+003,8.201506e+000
2.582741e+003,8.194609e+000
2.583223e+003,8.189095e+000
2.583706e+003,8.185181e+000
2.584188e+003,8.182878e+000
2.584670e+003,8.181965e+000
2.585152e+003,8.182051e+000
2.585634e+003,8.182653e+000
2.586116e+003,8.183329e+000
2.586598e+003,8.183706e+000
2.587080e+003,8.183558e+000
2.587563e+003,8.182762e+000
2.588045e+003,8.181287e+000
2.588527e+003,8.179145e+000
2.589009e+003,8.176396e+000
2.589491e+003,8.173141e+000
2.589973e+003,8.169538e+000
2.590455e+003,8.165791e+000
2.590938e+003,8.162122e+000
2.591419e+003,8.158686e+000
2.591902e+003,8.155559e+000
2.592384e+003,8.152667e+000
2.592866e+003,8.149830e+000
2.593348e+003,8.146789e+000
2.593830e+003,8.143304e+000
2.594312e+003,8.139200e+000
2.594794e+003,8.134429e+000
2.595277e+003,8.129029e+000
2.595759e+003,8.123145e+000
2.596241e+003,8.116955e+000
2.596723e+003,8.110654e+000
2.597205e+003,8.104421e+000
2.597687e+003,8.098431e+000
2.598169e+003,8.092825e+000
2.598651e+003,8.087717e+000
2.599134e+003,8.083148e+000
2.599616e+003,8.079124e+000
2.600098e+003,8.075591e+000
2.600580e+003,8.072476e+000
2.601062e+003,8.069725e+000
2.601544e+003,8.067319e+000
2.602026e+003,8.065271e+000
2.602508e+003,8.063611e+000
2.602990e+003,8.062296e+000
2.603473e+003,8.061224e+000
2.603955e+003,8.060190e+000
2.604437e+003,8.058938e+000
2.604919e+003,8.057215e+000
2.605401e+003,8.054848e+000
2.605883e+003,8.051785e+000
2.606365e+003,8.048104e+000
2.606847e+003,8.043958e+000
2.607330e+003,8.039545e+000
2.607812e+003,8.035037e+000
2.608294e+003,8.030556e+000
2.608776e+003,8.026177e+000
2.609258e+003,8.021965e+000
2.609740e+003,8.017962e+000
2.610222e+003,8.014234e+000
2.610705e+003,8.010807e+000
2.611187e+003,8.007704e+000
2.611669e+003,8.004880e+000
2.612151e+003,8.002261e+000
2.612633e+003,7.999744e+000
2.613115e+003,7.997246e+000
2.613597e+003,7.994714e+000
2.614079e+003,7.992140e+000
2.614562e+003,7.989530e+000
2.615044e+003,7.986907e+000
2.615526e+003,7.984272e+000
2.616008e+003,7.981608e+000
2.616490e+003,7.978861e+000
2.616972e+003,7.975966e+000
2.617454e+003,7.972836e+000
2.617936e+003,7.969378e+000
2.618418e+003,7.965471e+000
2.618901e+003,7.961034e+000
2.619383e+003,7.956031e+000
2.619865e+003,7.950542e+000
2.620347e+003,7.944770e+000
2.620829e+003,7.939055e+000
2.621311e+003,7.933805e+000
2.621793e+003,7.929394e+000
2.622276e+003,7.926061e+000
2.622758e+003,7.923853e+000
2.623240e+003,7.922606e+000
2.623722e+003,7.922013e+000
2.624204e+003,7.921719e+000
2.624686e+003,7.921429e+000
2.625168e+003,7.920949e+000
2.625650e+003,7.920197e+000
2.626133e+003,7.919123e+000
2.626615e+003,7.917675e+000
2.627097e+003,7.915732e+000
2.627579e+003,7.913152e+000
2.628061e+003,7.909799e+000
2.628543e+003,7.905646e+000
2.629025e+003,7.900798e+000
2.629507e+003,7.895482e+000
2.629990e+003,7.889970e+000
2.630472e+003,7.884516e+000
2.630954e+003,7.879241e+000
2.631436e+003,7.874154e+000
2.631918e+003,7.869163e+000
2.632400e+003,7.864192e+000
2.632882e+003,7.859227e+000
2.633364e+003,7.854381e+000
2.633846e+003,7.849835e+000
2.634329e+003,7.845818e+000
2.634811e+003,7.842465e+000
2.635293e+003,7.839797e+000
2.635775e+003,7.837685e+000
2.636257e+003,7.835900e+000
2.636739e+003,7.834183e+000
2.637221e+003,7.832317e+000
2.637704e+003,7.830168e+000
2.638186e+003,7.827718e+000
2.638668e+003,7.825022e+000
2.639150e+003,7.822180e+000
2.639632e+003,7.819285e+000
2.640114e+003,7.816415e+000
2.640596e+003,7.813590e+000
2.641078e+003,7.810794e+000
2.641561e+003,7.807970e+000
2.642043e+003,7.805057e+000
2.642525e+003,7.802021e+000
2.643007e+003,7.798885e+000
2.643489e+003,7.795736e+000
2.643971e+003,7.792737e+000
2.644453e+003,7.790047e+000
2.644935e+003,7.787794e+000
2.645417e+003,7.785961e+000
2.645900e+003,7.784402e+000
2.646382e+003,7.782818e+000
2.646864e+003,7.780849e+000
2.647346e+003,7.778175e+000
2.647828e+003,7.774624e+000
2.648310e+003,7.770215e+000
2.648792e+003,7.765166e+000
2.649274e+003,7.759789e+000
2.649757e+003,7.754424e+000
2.650239e+003,7.749306e+000
2.650721e+003,7.744520e+000
2.651203e+003,7.740001e+000
2.651685e+003,7.735597e+000
2.652167e+003,7.731122e+000
2.652649e+003,7.726460e+000
2.653132e+003,7.721562e+000
2.653614e+003,7.716493e+000
2.654096e+003,7.711378e+000
2.654578e+003,7.706394e+000
2.655060e+003,7.701735e+000
2.655542e+003,7.697602e+000
2.656024e+003,7.694169e+000
2.656506e+003,7.691578e+000
2.656989e+003,7.689890e+000
2.657471e+003,7.689080e+000
2.657953e+003,7.689008e+000
2.658435e+003,7.689448e+000
2.658917e+003,7.690112e+000
2.659399e+003,7.690726e+000
2.659881e+003,7.691053e+000
2.660363e+003,7.690951e+000
2.660845e+003,7.690341e+000
2.661328e+003,7.689228e+000
2.661810e+003,7.687626e+000
2.662292e+003,7.685542e+000
2.662774e+003,7.682949e+000
2.663256e+003,7.679784e+000
2.663738e+003,7.675961e+000
2.664220e+003,7.671408e+000
2.664702e+003,7.666079e+000
2.665185e+003,7.660021e+000
2.665667e+003,7.653370e+000
2.666149e+003,7.646378e+000
2.666631e+003,7.639363e+000
2.667113e+003,7.632694e+000
2.667595e+003,7.626693e+000
2.668077e+003,7.621585e+000
2.668560e+003,7.617437e+000
2.669042e+003,7.614156e+000
2.669524e+003,7.611514e+000
2.670006e+003,7.609214e+000
2.670488e+003,7.606955e+000
2.670970e+003,7.604484e+000
2.671452e+003,7.601624e+000
2.671934e+003,7.598261e+000
2.672417e+003,7.594314e+000
2.672899e+003,7.589751e+000
2.673381e+003,7.584578e+000
2.673863e+003,7.578884e+000
2.674345e+003,7.572856e+000
2.674827e+003,7.566792e+000
2.675309e+003,7.561036e+000
2.675791e+003,7.555916e+000
2.676273e+003,7.551629e+000
2.676756e+003,7.548205e+000
2.677238e+003,7.545473e+000
2.677720e+003,7.543127e+000
2.678202e+003,7.540807e+000
2.678684e+003,7.538203e+000
2.679166e+003,7.535112e+000
2.679648e+003,7.531460e+000
2.680130e+003,7.527272e+000
2.680613e+003,7.522649e+000
2.681095e+003,7.517708e+000
2.681577e+003,7.512595e+000
2.682059e+003,7.507464e+000
2.682541e+003,7.502506e+000
2.683023e+003,7.497906e+000
2.683505e+003,7.493812e+000
2.683988e+003,7.490267e+000
2.684469e+003,7.487201e+000
2.684952e+003,7.484406e+000
2.685434e+003,7.481615e+000
2.685916e+003,7.478572e+000
2.686398e+003,7.475106e+000
2.686880e+003,7.471175e+000
2.687362e+003,7.466845e+000
2.687844e+003,7.462207e+000
2.688327e+003,7.457346e+000
2.688809e+003,7.452257e+000
2.689291e+003,7.446876e+000
2.689773e+003,7.441094e+000
2.690255e+003,7.434861e+000
2.690737e+003,7.428187e+000
2.691219e+003,7.421169e+000
2.691701e+003,7.413938e+000
2.692184e+003,7.406636e+000
2.692666e+003,7.399360e+000
2.693148e+003,7.392193e+000
2.693630e+003,7.385214e+000
2.694112e+003,7.378574e+000
2.694594e+003,7.372466e+000
2.695076e+003,7.367118e+000
2.695558e+003,7.362689e+000
2.696041e+003,7.359200e+000
2.696523e+003,7.356472e+000
2.697005e+003,7.354148e+000
2.697487e+003,7.351760e+000
2.697969e+003,7.348878e+000
2.698451e+003,7.345205e+000
2.698933e+003,7.340653e+000
2.699416e+003,7.335320e+000
2.699897e+003,7.329444e+000
2.700380e+003,7.323296e+000
2.700862e+003,7.317100e+000
2.701344e+003,7.311005e+000
2.701826e+003,7.305106e+000
2.702308e+003,7.299455e+000
2.702790e+003,7.294121e+000
2.703272e+003,7.289161e+000
2.703755e+003,7.284625e+000
2.704237e+003,7.280507e+000
2.704719e+003,7.276731e+000
2.705201e+003,7.273135e+000
2.705683e+003,7.269527e+000
2.706165e+003,7.265708e+000
2.706647e+003,7.261541e+000
2.707129e+003,7.256938e+000
2.707612e+003,7.251898e+000
2.708094e+003,7.246469e+000
2.708576e+003,7.240728e+000
2.709058e+003,7.234769e+000
2.709540e+003,7.228699e+000
2.710022e+003,7.222615e+000
2.710504e+003,7.216602e+000
2.710986e+003,7.210708e+000
2.711469e+003,7.204952e+000
2.711951e+003,7.199293e+000
2.712433e+003,7.193681e+000
2.712915e+003,7.188050e+000
2.713397e+003,7.182393e+000
2.713879e+003,7.176734e+000
2.714361e+003,7.171176e+000
2.714844e+003,7.165818e+000
2.715325e+003,7.160755e+000
2.715808e+003,7.156011e+000
2.716290e+003,7.151549e+000
2.716772e+003,7.147269e+000
2.717254e+003,7.143054e+000
2.717736e+003,7.138803e+000
2.718218e+003,7.134472e+000
2.718700e+003,7.130077e+000
2.719183e+003,7.125693e+000
2.719665e+003,7.121415e+000
2.720147e+003,7.117338e+000
2.720629e+003,7.113510e+000
2.721111e+003,7.109928e+000
2.721593e+003,7.106496e+000
2.722075e+003,7.103035e+000
2.722557e+003,7.099290e+000
2.723040e+003,7.094978e+000
2.723522e+003,7.089844e+000
2.724004e+003,7.083747e+000
2.724486e+003,7.076711e+000
2.724968e+003,7.068979e+000
2.725450e+003,7.060946e+000
2.725932e+003,7.053115e+000
2.726414e+003,7.045944e+000
2.726896e+003,7.039776e+000
2.727379e+003,7.034725e+000
2.727861e+003,7.030687e+000
2.728343e+003,7.027366e+000
2.728825e+003,7.024365e+000
2.729307e+003,7.021272e+000
2.729789e+003,7.017726e+000
2.730271e+003,7.013462e+000
2.730753e+003,7.008335e+000
2.731236e+003,7.002307e+000
2.731718e+003,6.995463e+000
2.732200e+003,6.987997e+000
2.732682e+003,6.980197e+000
2.733164e+003,6.972425e+000
2.733646e+003,6.965045e+000
2.734128e+003,6.958356e+000
2.734611e+003,6.952538e+000
2.735093e+003,6.947605e+000
2.735575e+003,6.943431e+000
2.736057e+003,6.939784e+000
2.736539e+003,6.936416e+000
2.737021e+003,6.933103e+000
2.737503e+003,6.929700e+000
2.737985e+003,6.926129e+000
2.738468e+003,6.922371e+000
2.738950e+003,6.918436e+000
2.739432e+003,6.914365e+000
2.739914e+003,6.910215e+000
2.740396e+003,6.906099e+000
2.740878e+003,6.902154e+000
2.741360e+003,6.898548e+000
2.741842e+003,6.895406e+000
2.742324e+003,6.892795e+000
2.742807e+003,6.890651e+000
2.743289e+003,6.888803e+000
2.743771e+003,6.886990e+000
2.744253e+003,6.884934e+000
2.744735e+003,6.882409e+000
2.745217e+003,6.879304e+000
2.745699e+003,6.875615e+000
2.746182e+003,6.871471e+000
2.746664e+003,6.867059e+000
2.747146e+003,6.862585e+000
2.747628e+003,6.858215e+000
2.748110e+003,6.854045e+000
2.748592e+003,6.850058e+000
2.749074e+003,6.846151e+000
2.749556e+003,6.842136e+000
2.750039e+003,6.837820e+000
2.750521e+003,6.833045e+000
2.751003e+003,6.827765e+000
2.751485e+003,6.822083e+000
2.751967e+003,6.816254e+000
2.752449e+003,6.810615e+000
2.752931e+003,6.805498e+000
2.753413e+003,6.801111e+000
2.753896e+003,6.797475e+000
2.754378e+003,6.794386e+000
2.754860e+003,6.791479e+000
2.755342e+003,6.788316e+000
2.755824e+003,6.784529e+000
2.756306e+003,6.779899e+000
2.756788e+003,6.774422e+000
2.757270e+003,6.768272e+000
2.757752e+003,6.761769e+000
2.758235e+003,6.755275e+000
2.758717e+003,6.749134e+000
2.759199e+003,6.743609e+000
2.759681e+003,6.738873e+000
2.760163e+003,6.734988e+000
2.760645e+003,6.731904e+000
2.761127e+003,6.729450e+000
2.761610e+003,6.727380e+000
2.762092e+003,6.725381e+000
2.762574e+003,6.723152e+000
2.763056e+003,6.720448e+000
2.763538e+003,6.717168e+000
2.764020e+003,6.713343e+000
2.764502e+003,6.709146e+000
2.764984e+003,6.704788e+000
2.765467e+003,6.700473e+000
2.765949e+003,6.696305e+000
2.766431e+003,6.692275e+000
2.766913e+003,6.688266e+000
2.767395e+003,6.684131e+000
2.767877e+003,6.679730e+000
2.768359e+003,6.675005e+000
2.768841e+003,6.669987e+000
2.769323e+003,6.664801e+000
2.769806e+003,6.659620e+000
2.770288e+003,6.654636e+000
2.770770e+003,6.650011e+000
2.771252e+003,6.645864e+000
2.771734e+003,6.642240e+000
2.772216e+003,6.639117e+000
2.772698e+003,6.636381e+000
2.773180e+003,6.633879e+000
2.773663e+003,6.631415e+000
2.774145e+003,6.628825e+000
2.774627e+003,6.625989e+000
2.775109e+003,6.622888e+000
2.775591e+003,6.619569e+000
2.776073e+003,6.616132e+000
2.776555e+003,6.612649e+000
2.777038e+003,6.609143e+000
2.777520e+003,6.605543e+000
2.778002e+003,6.601719e+000
2.778484e+003,6.597534e+000
2.778966e+003,6.592906e+000
2.779448e+003,6.587869e+000
2.779930e+003,6.582587e+000
2.780412e+003,6.577302e+000
2.780895e+003,6.572287e+000
2.781377e+003,6.567762e+000
2.781859e+003,6.563838e+000
2.782341e+003,6.560482e+000
2.782823e+003,6.557552e+000
2.783305e+003,6.554821e+000
2.783787e+003,6.552048e+000
2.784269e+003,6.549019e+000
2.784751e+003,6.545618e+000
2.785234e+003,6.541820e+000
2.785716e+003,6.537716e+000
2.786198e+003,6.533477e+000
2.786680e+003,6.529332e+000
2.787162e+003,6.525485e+000
2.787644e+003,6.522091e+000
2.788126e+003,6.519180e+000
2.788608e+003,6.516679e+000
2.789091e+003,6.514420e+000
2.789573e+003,6.512195e+000
2.790055e+003,6.509800e+000
2.790537e+003,6.507091e+000
2.791019e+003,6.503961e+000
2.791501e+003,6.500342e+000
2.791983e+003,6.496140e+000
2.792466e+003,6.491246e+000
2.792948e+003,6.485536e+000
2.793430e+003,6.478936e+000
2.793912e+003,6.471480e+000
2.794394e+003,6.463388e+000
2.794876e+003,6.455056e+000
2.795358e+003,6.447001e+000
2.795840e+003,6.439748e+000
2.796323e+003,6.433712e+000
2.796805e+003,6.429080e+000
2.797287e+003,6.425790e+000
2.797769e+003,6.423548e+000
2.798251e+003,6.421933e+000
2.798733e+003,6.420510e+000
2.799215e+003,6.418945e+000
2.799697e+003,6.417035e+000
2.800179e+003,6.414755e+000
2.800662e+003,6.412204e+000
2.801144e+003,6.409556e+000
2.801626e+003,6.407000e+000
2.802108e+003,6.404694e+000
2.802590e+003,6.402735e+000
2.803072e+003,6.401149e+000
2.803554e+003,6.399876e+000
2.804036e+003,6.398816e+000
2.804519e+003,6.397817e+000
2.805001e+003,6.396724e+000
2.805483e+003,6.395369e+000
2.805965e+003,6.393597e+000
2.806447e+003,6.391244e+000
2.806929e+003,6.388145e+000
2.807411e+003,6.384112e+000
2.807894e+003,6.378998e+000
2.808375e+003,6.372709e+000
2.808858e+003,6.365302e+000
2.809340e+003,6.356998e+000
2.809822e+003,6.348220e+000
2.810304e+003,6.339520e+000
2.810786e+003,6.331496e+000
2.811268e+003,6.324661e+000
2.811750e+003,6.319351e+000
2.812233e+003,6.315656e+000
2.812715e+003,6.313428e+000
2.813197e+003,6.312340e+000
2.813679e+003,6.311987e+000
2.814161e+003,6.311968e+000
2.814643e+003,6.311947e+000
2.815125e+003,6.311676e+000
2.815607e+003,6.311009e+000
2.816090e+003,6.309863e+000
2.816572e+003,6.308226e+000
2.817054e+003,6.306129e+000
2.817536e+003,6.303654e+000
2.818018e+003,6.300897e+000
2.818500e+003,6.297950e+000
2.818982e+003,6.294855e+000
2.819464e+003,6.291587e+000
2.819947e+003,6.288053e+000
2.820429e+003,6.284130e+000
2.820911e+003,6.279693e+000
2.821393e+003,6.274692e+000
2.821875e+003,6.269161e+000
2.822357e+003,6.263228e+000
2.822839e+003,6.257077e+000
2.823322e+003,6.250917e+000
2.823803e+003,6.244941e+000
2.824286e+003,6.239308e+000
2.824768e+003,6.234130e+000
2.825250e+003,6.229477e+000
2.825732e+003,6.225375e+000
2.826214e+003,6.221799e+000
2.826696e+003,6.218659e+000
2.827178e+003,6.215817e+000
2.827661e+003,6.213103e+000
2.828143e+003,6.210374e+000
2.828625e+003,6.207533e+000
2.829107e+003,6.204580e+000
2.829589e+003,6.201560e+000
2.830071e+003,6.198530e+000
2.830553e+003,6.195483e+000
2.831035e+003,6.192308e+000
2.831518e+003,6.188796e+000
2.832000e+003,6.184698e+000
2.832482e+003,6.179811e+000
2.832964e+003,6.174084e+000
2.833446e+003,6.167647e+000
2.833928e+003,6.160797e+000
2.834410e+003,6.153912e+000
2.834892e+003,6.147350e+000
2.835375e+003,6.141341e+000
2.835857e+003,6.135959e+000
2.836339e+003,6.131111e+000
2.836821e+003,6.126615e+000
2.837303e+003,6.122257e+000
2.837785e+003,6.117858e+000
2.838267e+003,6.113279e+000
2.838750e+003,6.108440e+000
2.839231e+003,6.103303e+000
2.839714e+003,6.097868e+000
2.840196e+003,6.092179e+000
2.840678e+003,6.086345e+000
2.841160e+003,6.080531e+000
2.841642e+003,6.074949e+000
2.842124e+003,6.069780e+000
2.842606e+003,6.065146e+000
2.843089e+003,6.061052e+000
2.843571e+003,6.057373e+000
2.844053e+003,6.053906e+000
2.844535e+003,6.050436e+000
2.845017e+003,6.046795e+000
2.845499e+003,6.042934e+000
2.845981e+003,6.038906e+000
2.846463e+003,6.034876e+000
2.846946e+003,6.031043e+000
2.847428e+003,6.027604e+000
2.847910e+003,6.024695e+000
2.848392e+003,6.022386e+000
2.848874e+003,6.020645e+000
2.849356e+003,6.019365e+000
2.849838e+003,6.018350e+000
2.850320e+003,6.017365e+000
2.850802e+003,6.016152e+000
2.851285e+003,6.014490e+000
2.851767e+003,6.012219e+000
2.852249e+003,6.009280e+000
2.852731e+003,6.005702e+000
2.853213e+003,6.001587e+000
2.853695e+003,5.997037e+000
2.854177e+003,5.992124e+000
2.854659e+003,5.986846e+000
2.855142e+003,5.981164e+000
2.855624e+003,5.975023e+000
2.856106e+003,5.968436e+000
2.856588e+003,5.961533e+000
2.857070e+003,5.954585e+000
2.857552e+003,5.947967e+000
2.858034e+003,5.942118e+000
2.858517e+003,5.937435e+000
2.858999e+003,5.934178e+000
2.859481e+003,5.932399e+000
2.859963e+003,5.931898e+000
2.860445e+003,5.932227e+000
2.860927e+003,5.932759e+000
2.861409e+003,5.932765e+000
2.861891e+003,5.931571e+000
2.862374e+003,5.928679e+000
2.862856e+003,5.923887e+000
2.863338e+003,5.917330e+000
2.863820e+003,5.909453e+000
2.864302e+003,5.900897e+000
2.864784e+003,5.892343e+000
2.865266e+003,5.884346e+000
2.865748e+003,5.877246e+000
2.866230e+003,5.871106e+000
2.866713e+003,5.865808e+000
2.867195e+003,5.861123e+000
2.867677e+003,5.856852e+000
2.868159e+003,5.852901e+000
2.868641e+003,5.849292e+000
2.869123e+003,5.846102e+000
2.869605e+003,5.843416e+000
2.870088e+003,5.841238e+000
2.870570e+003,5.839487e+000
2.871052e+003,5.837980e+000
2.871534e+003,5.836506e+000
2.872016e+003,5.834849e+000
2.872498e+003,5.832829e+000
2.872980e+003,5.830287e+000
2.873462e+003,5.827107e+000
2.873945e+003,5.823189e+000
2.874427e+003,5.818497e+000
2.874909e+003,5.813066e+000
2.875391e+003,5.807069e+000
2.875873e+003,5.800808e+000
2.876355e+003,5.794684e+000
2.876837e+003,5.789124e+000
2.877319e+003,5.784503e+000
2.877802e+003,5.781043e+000
2.878284e+003,5.778775e+000
2.878766e+003,5.777529e+000
2.879248e+003,5.776987e+000
2.879730e+003,5.776720e+000
2.880212e+003,5.776292e+000
2.880694e+003,5.775292e+000
2.881176e+003,5.773409e+000
2.881658e+003,5.770451e+000
2.882141e+003,5.766384e+000
2.882623e+003,5.761316e+000
2.883105e+003,5.755496e+000
2.883587e+003,5.749250e+000
2.884069e+003,5.742922e+000
2.884551e+003,5.736798e+000
2.885033e+003,5.731074e+000
2.885516e+003,5.725839e+000
2.885998e+003,5.721111e+000
2.886480e+003,5.716876e+000
2.886962e+003,5.713134e+000
2.887444e+003,5.709889e+000
2.887926e+003,5.707133e+000
2.888408e+003,5.704772e+000
2.888890e+003,5.702602e+000
2.889373e+003,5.700304e+000
2.889855e+003,5.697507e+000
2.890337e+003,5.693871e+000
2.890819e+003,5.689203e+000
2.891301e+003,5.683502e+000
2.891783e+003,5.676979e+000
2.892265e+003,5.669957e+000
2.892747e+003,5.662817e+000
2.893229e+003,5.655868e+000
2.893712e+003,5.649302e+000
2.894194e+003,5.643186e+000
2.894676e+003,5.637504e+000
2.895158e+003,5.632188e+000
2.895640e+003,5.627182e+000
2.896122e+003,5.622424e+000
2.896604e+003,5.617887e+000
2.897086e+003,5.613532e+000
2.897569e+003,5.609338e+000
2.898051e+003,5.605304e+000
2.898533e+003,5.601475e+000
2.899015e+003,5.597935e+000
2.899497e+003,5.594799e+000
2.899979e+003,5.592150e+000
2.900461e+003,5.590000e+000
2.900944e+003,5.588255e+000
2.901426e+003,5.586706e+000
2.901908e+003,5.585081e+000
2.902390e+003,5.583099e+000
2.902872e+003,5.580535e+000
2.903354e+003,5.577266e+000
2.903836e+003,5.573270e+000
2.904318e+003,5.568624e+000
2.904801e+003,5.563464e+000
2.905283e+003,5.557989e+000
2.905765e+003,5.552437e+000
2.906247e+003,5.547096e+000
2.906729e+003,5.542274e+000
2.907211e+003,5.538281e+000
2.907693e+003,5.535345e+000
2.908175e+003,5.533590e+000
2.908657e+003,5.532982e+000
2.909140e+003,5.533340e+000
2.909622e+003,5.534358e+000
2.910104e+003,5.535686e+000
2.910586e+003,5.536961e+000
2.911068e+003,5.537863e+000
2.911550e+003,5.538096e+000
2.912032e+003,5.537418e+000
2.912514e+003,5.535599e+000
2.912997e+003,5.532465e+000
2.913479e+003,5.527899e+000
2.913961e+003,5.521913e+000
2.914443e+003,5.514652e+000
2.914925e+003,5.506414e+000
2.915407e+003,5.497617e+000
2.915889e+003,5.488749e+000
2.916372e+003,5.480315e+000
2.916854e+003,5.472789e+000
2.917336e+003,5.466578e+000
2.917818e+003,5.461978e+000
2.918300e+003,5.459156e+000
2.918782e+003,5.458089e+000
2.919264e+003,5.458533e+000
2.919746e+003,5.460016e+000
2.920229e+003,5.461874e+000
2.920711e+003,5.463346e+000
2.921193e+003,5.463711e+000
2.921675e+003,5.462458e+000
2.922157e+003,5.459361e+000
2.922639e+003,5.454546e+000
2.923121e+003,5.448415e+000
2.923603e+003,5.441564e+000
2.924085e+003,5.434610e+000
2.924568e+003,5.428095e+000
2.925050e+003,5.422380e+000
2.925532e+003,5.417635e+000
2.926014e+003,5.413856e+000
2.926496e+003,5.410903e+000
2.926978e+003,5.408554e+000
2.927460e+003,5.406566e+000
2.927942e+003,5.404704e+000
2.928425e+003,5.402786e+000
2.928907e+003,5.400715e+000
2.929389e+003,5.398498e+000
2.929871e+003,5.396252e+000
2.930353e+003,5.394152e+000
2.930835e+003,5.392375e+000
2.931317e+003,5.391032e+000
2.931800e+003,5.390107e+000
2.932281e+003,5.389438e+000
2.932764e+003,5.388733e+000
2.933246e+003,5.387638e+000
2.933728e+003,5.385805e+000
2.934210e+003,5.382984e+000
2.934692e+003,5.379059e+000
2.935174e+003,5.374097e+000
2.935656e+003,5.368323e+000
2.936139e+003,5.362093e+000
2.936621e+003,5.355811e+000
2.937103e+003,5.349870e+000
2.937585e+003,5.344544e+000
2.938067e+003,5.339939e+000
2.938549e+003,5.335949e+000
2.939031e+003,5.332313e+000
2.939513e+003,5.328692e+000
2.939996e+003,5.324812e+000
2.940478e+003,5.320575e+000
2.940960e+003,5.316149e+000
2.941442e+003,5.311920e+000
2.941924e+003,5.308411e+000
2.942406e+003,5.306078e+000
2.942888e+003,5.305167e+000
2.943370e+003,5.305582e+000
2.943853e+003,5.306909e+000
2.944335e+003,5.308489e+000
2.944817e+003,5.309615e+000
2.945299e+003,5.309705e+000
2.945781e+003,5.308421e+000
2.946263e+003,5.305707e+000
2.946745e+003,5.301756e+000
2.947228e+003,5.296902e+000
2.947709e+003,5.291518e+000
2.948192e+003,5.285939e+000
2.948674e+003,5.280452e+000
2.949156e+003,5.275278e+000
2.949638e+003,5.270602e+000
2.950120e+003,5.266564e+000
2.950602e+003,5.263250e+000
2.951084e+003,5.260665e+000
2.951567e+003,5.258717e+000
2.952049e+003,5.257217e+000
2.952531e+003,5.255947e+000
2.953013e+003,5.254678e+000
2.953495e+003,5.253257e+000
2.953977e+003,5.251587e+000
2.954459e+003,5.249665e+000
2.954941e+003,5.247508e+000
2.955424e+003,5.245146e+000
2.955906e+003,5.242572e+000
2.956388e+003,5.239762e+000
2.956870e+003,5.236672e+000
2.957352e+003,5.233301e+000
2.957834e+003,5.229697e+000
2.958316e+003,5.225990e+000
2.958798e+003,5.222373e+000
2.959281e+003,5.219074e+000
2.959763e+003,5.216291e+000
2.960245e+003,5.214146e+000
2.960727e+003,5.212630e+000
2.961209e+003,5.211576e+000
2.961691e+003,5.210666e+000
2.962173e+003,5.209484e+000
2.962656e+003,5.207601e+000
2.963137e+003,5.204685e+000
2.963620e+003,5.200573e+000
2.964102e+003,5.195353e+000
2.964584e+003,5.189336e+000
2.965066e+003,5.183002e+000
2.965548e+003,5.176896e+000
2.966030e+003,5.171517e+000
2.966512e+003,5.167215e+000
2.966995e+003,5.164165e+000
2.967477e+003,5.162346e+000
2.967959e+003,5.161612e+000
2.968441e+003,5.161713e+000
2.968923e+003,5.162355e+000
2.969405e+003,5.163212e+000
2.969887e+003,5.163953e+000
2.970369e+003,5.164241e+000
2.970852e+003,5.163779e+000
2.971334e+003,5.162335e+000
2.971816e+003,5.159801e+000
2.972298e+003,5.156188e+000
2.972780e+003,5.151649e+000
2.973262e+003,5.146424e+000
2.973744e+003,5.140800e+000
2.974226e+003,5.135054e+000
2.974708e+003,5.129432e+000
2.975191e+003,5.124135e+000
2.975673e+003,5.119335e+000
2.976155e+003,5.115169e+000
2.976637e+003,5.111738e+000
2.977119e+003,5.109070e+000
2.977601e+003,5.107088e+000
2.978083e+003,5.105590e+000
2.978565e+003,5.104258e+000
2.979048e+003,5.102715e+000
2.979530e+003,5.100609e+000
2.980012e+003,5.097687e+000
2.980494e+003,5.093869e+000
2.980976e+003,5.089255e+000
2.981458e+003,5.084114e+000
2.981940e+003,5.078801e+000
2.982423e+003,5.073707e+000
2.982905e+003,5.069166e+000
2.983387e+003,5.065420e+000
2.983869e+003,5.062579e+000
2.984351e+003,5.060625e+000
2.984833e+003,5.059400e+000
2.985315e+003,5.058655e+000
2.985797e+003,5.058086e+000
2.986280e+003,5.057404e+000
2.986762e+003,5.056396e+000
2.987244e+003,5.054973e+000
2.987726e+003,5.053202e+000
2.988208e+003,5.051278e+000
2.988690e+003,5.049450e+000
2.989172e+003,5.047952e+000
2.989654e+003,5.046895e+000
2.990136e+003,5.046234e+000
2.990619e+003,5.045746e+000
2.991101e+003,5.045105e+000
2.991583e+003,5.043952e+000
2.992065e+003,5.042019e+000
2.992547e+003,5.039187e+000
2.993029e+003,5.035546e+000
2.993511e+003,5.031359e+000
2.993994e+003,5.027007e+000
2.994476e+003,5.022878e+000
2.994958e+003,5.019272e+000
2.995440e+003,5.016310e+000
2.995922e+003,5.013918e+000
2.996404e+003,5.011841e+000
2.996886e+003,5.009730e+000
2.997368e+003,5.007247e+000
2.997851e+003,5.004174e+000
2.998333e+003,5.000466e+000
2.998815e+003,4.996265e+000
2.999297e+003,4.991838e+000
2.999779e+003,4.987482e+000
3.000261e+003,4.983419e+000
3.000743e+003,4.979737e+000
3.001225e+003,4.976369e+000
3.001708e+003,4.973163e+000
3.002190e+003,4.969945e+000
3.002672e+003,4.966618e+000
3.003154e+003,4.963190e+000
3.003636e+003,4.959772e+000
3.004118e+003,4.956507e+000
3.004600e+003,4.953513e+000
3.005082e+003,4.950804e+000
3.005564e+003,4.948289e+000
3.006047e+003,4.945776e+000
3.006529e+003,4.943048e+000
3.007011e+003,4.939923e+000
3.007493e+003,4.936289e+000
3.007975e+003,4.932130e+000
3.008457e+003,4.927506e+000
3.008939e+003,4.922544e+000
3.009422e+003,4.917418e+000
3.009904e+003,4.912328e+000
3.010386e+003,4.907515e+000
3.010868e+003,4.903220e+000
3.011350e+003,4.899674e+000
3.011832e+003,4.897026e+000
3.012314e+003,4.895311e+000
3.012796e+003,4.894404e+000
3.013279e+003,4.894027e+000
3.013761e+003,4.893786e+000
3.014243e+003,4.893242e+000
3.014725e+003,4.891985e+000
3.015207e+003,4.889709e+000
3.015689e+003,4.886239e+000
3.016171e+003,4.881565e+000
3.016653e+003,4.875827e+000
3.017135e+003,4.869279e+000
3.017618e+003,4.862252e+000
3.018100e+003,4.855117e+000
3.018582e+003,4.848232e+000
3.019064e+003,4.841910e+000
3.019546e+003,4.836386e+000
3.020028e+003,4.831816e+000
3.020510e+003,4.828280e+000
3.020992e+003,4.825813e+000
3.021475e+003,4.824404e+000
3.021957e+003,4.824018e+000
3.022439e+003,4.824549e+000
3.022921e+003,4.825810e+000
3.023403e+003,4.827481e+000
3.023885e+003,4.829128e+000
3.024367e+003,4.830246e+000
3.024850e+003,4.830350e+000
3.025332e+003,4.829092e+000
3.025814e+003,4.826337e+000
3.026296e+003,4.822215e+000
3.026778e+003,4.817070e+000
3.027260e+003,4.811370e+000
3.027742e+003,4.805579e+000
3.028224e+003,4.800069e+000
3.028707e+003,4.795047e+000
3.029189e+003,4.790566e+000
3.029671e+003,4.786584e+000
3.030153e+003,4.783011e+000
3.030635e+003,4.779745e+000
3.031117e+003,4.776700e+000
3.031599e+003,4.773786e+000
3.032081e+003,4.770901e+000
3.032563e+003,4.767941e+000
3.033046e+003,4.764822e+000
3.033528e+003,4.761542e+000
3.034010e+003,4.758196e+000
3.034492e+003,4.755004e+000
3.034974e+003,4.752244e+000
3.035456e+003,4.750207e+000
3.035938e+003,4.749092e+000
3.036420e+003,4.748947e+000
3.036903e+003,4.749649e+000
3.037385e+003,4.750919e+000
3.037867e+003,4.752389e+000
3.038349e+003,4.753677e+000
3.038831e+003,4.754438e+000
3.039313e+003,4.754434e+000
3.039795e+003,4.753543e+000
3.040278e+003,4.751757e+000
3.040760e+003,4.749178e+000
3.041242e+003,4.745965e+000
3.041724e+003,4.742316e+000
3.042206e+003,4.738396e+000
3.042688e+003,4.734313e+000
3.043170e+003,4.730093e+000
3.043652e+003,4.725684e+000
3.044135e+003,4.721009e+000
3.044617e+003,4.716016e+000
3.045099e+003,4.710760e+000
3.045581e+003,4.705421e+000
3.046063e+003,4.700309e+000
3.046545e+003,4.695771e+000
3.047027e+003,4.692116e+000
3.047509e+003,4.689508e+000
3.047991e+003,4.687904e+000
3.048474e+003,4.687047e+000
3.048956e+003,4.686528e+000
3.049438e+003,4.685893e+000
3.049920e+003,4.684758e+000
3.050402e+003,4.682892e+000
3.050884e+003,4.680281e+000
3.051366e+003,4.677089e+000
3.051848e+003,4.673620e+000
3.052331e+003,4.670204e+000
3.052813e+003,4.667132e+000
3.053295e+003,4.664556e+000
3.053777e+003,4.662471e+000
3.054259e+003,4.660687e+000
3.054741e+003,4.658885e+000
3.055223e+003,4.656672e+000
3.055706e+003,4.653680e+000
3.056188e+003,4.649644e+000
3.056670e+003,4.644486e+000
3.057152e+003,4.638330e+000
3.057634e+003,4.631500e+000
3.058116e+003,4.624459e+000
3.058598e+003,4.617724e+000
3.059080e+003,4.611765e+000
3.059563e+003,4.606921e+000
3.060045e+003,4.603338e+000
3.060527e+003,4.600953e+000
3.061009e+003,4.599505e+000
3.061491e+003,4.598600e+000
3.061973e+003,4.597785e+000
3.062455e+003,4.596657e+000
3.062937e+003,4.594938e+000
3.063419e+003,4.592539e+000
3.063902e+003,4.589571e+000
3.064384e+003,4.586309e+000
3.064866e+003,4.583100e+000
3.065348e+003,4.580272e+000
3.065830e+003,4.578034e+000
3.066312e+003,4.576439e+000
3.066794e+003,4.575383e+000
3.067276e+003,4.574670e+000
3.067759e+003,4.574084e+000
3.068241e+003,4.573467e+000
3.068723e+003,4.572744e+000
3.069205e+003,4.571904e+000
3.069687e+003,4.570959e+000
3.070169e+003,4.569870e+000
3.070651e+003,4.568531e+000
3.071134e+003,4.566747e+000
3.071615e+003,4.564296e+000
3.072098e+003,4.560993e+000
3.072580e+003,4.556741e+000
3.073062e+003,4.551602e+000
3.073544e+003,4.545770e+000
3.074026e+003,4.539577e+000
3.074508e+003,4.533435e+000
3.074990e+003,4.527794e+000
3.075473e+003,4.523077e+000
3.075955e+003,4.519630e+000
3.076437e+003,4.517665e+000
3.076919e+003,4.517206e+000
3.077401e+003,4.518048e+000
3.077883e+003,4.519780e+000
3.078365e+003,4.521829e+000
3.078847e+003,4.523569e+000
3.079330e+003,4.524449e+000
3.079812e+003,4.524108e+000
3.080294e+003,4.522450e+000
3.080776e+003,4.519645e+000
3.081258e+003,4.516040e+000
3.081740e+003,4.512053e+000
3.082222e+003,4.508040e+000
3.082704e+003,4.504220e+000
3.083187e+003,4.500619e+000
3.083669e+003,4.497146e+000
3.084151e+003,4.493639e+000
3.084633e+003,4.489975e+000
3.085115e+003,4.486130e+000
3.085597e+003,4.482221e+000
3.086079e+003,4.478480e+000
3.086562e+003,4.475200e+000
3.087043e+003,4.472653e+000
3.087526e+003,4.471009e+000
3.088008e+003,4.470267e+000
3.088490e+003,4.470244e+000
3.088972e+003,4.470571e+000
3.089454e+003,4.470773e+000
3.089936e+003,4.470355e+000
3.090418e+003,4.468922e+000
3.090901e+003,4.466259e+000
3.091383e+003,4.462399e+000
3.091865e+003,4.457610e+000
3.092347e+003,4.452335e+000
3.092829e+003,4.447088e+000
3.093311e+003,4.442362e+000
3.093793e+003,4.438508e+000
3.094275e+003,4.435717e+000
3.094758e+003,4.433975e+000
3.095240e+003,4.433121e+000
3.095722e+003,4.432868e+000
3.096204e+003,4.432877e+000
3.096686e+003,4.432786e+000
3.097168e+003,4.432276e+000
3.097650e+003,4.431094e+000
3.098132e+003,4.429102e+000
3.098615e+003,4.426286e+000
3.099097e+003,4.422770e+000
3.099579e+003,4.418789e+000
3.100061e+003,4.414644e+000
3.100543e+003,4.410612e+000
3.101025e+003,4.406909e+000
3.101507e+003,4.403623e+000
3.101990e+003,4.400709e+000
3.102471e+003,4.398018e+000
3.102954e+003,4.395338e+000
3.103436e+003,4.392447e+000
3.103918e+003,4.389164e+000
3.104400e+003,4.385362e+000
3.104882e+003,4.380993e+000
3.105364e+003,4.376101e+000
3.105846e+003,4.370807e+000
3.106329e+003,4.365313e+000
3.106811e+003,4.359885e+000
3.107293e+003,4.354807e+000
3.107775e+003,4.350341e+000
3.108257e+003,4.346659e+000
3.108739e+003,4.343822e+000
3.109221e+003,4.341773e+000
3.109703e+003,4.340368e+000
3.110186e+003,4.339425e+000
3.110668e+003,4.338772e+000
3.111150e+003,4.338285e+000
3.111632e+003,4.337882e+000
3.112114e+003,4.337503e+000
3.112596e+003,4.337094e+000
3.113078e+003,4.336576e+000
3.113560e+003,4.335885e+000
3.114042e+003,4.334968e+000
3.114525e+003,4.333837e+000
3.115007e+003,4.332558e+000
3.115489e+003,4.331239e+000
3.115971e+003,4.329965e+000
3.116453e+003,4.328771e+000
3.116935e+003,4.327589e+000
3.117417e+003,4.326285e+000
3.117900e+003,4.324686e+000
3.118382e+003,4.322659e+000
3.118864e+003,4.320164e+000
3.119346e+003,4.317262e+000
3.119828e+003,4.314108e+000
3.120310e+003,4.310894e+000
3.120792e+003,4.307804e+000
3.121274e+003,4.304979e+000
3.121757e+003,4.302511e+000
3.122239e+003,4.300467e+000
3.122721e+003,4.298891e+000
3.123203e+003,4.297807e+000
3.123685e+003,4.297196e+000
3.124167e+003,4.296960e+000
3.124649e+003,4.296905e+000
3.125131e+003,4.296747e+000
3.125614e+003,4.296168e+000
3.126096e+003,4.294910e+000
3.126578e+003,4.292843e+000
3.127060e+003,4.290052e+000
3.127542e+003,4.286798e+000
3.128024e+003,4.283485e+000
3.128506e+003,4.280516e+000
3.128988e+003,4.278201e+000
3.129470e+003,4.276621e+000
3.129953e+003,4.275604e+000
3.130435e+003,4.274740e+000
3.130917e+003,4.273470e+000
3.131399e+003,4.271222e+000
3.131881e+003,4.267559e+000
3.132363e+003,4.262317e+000
3.132845e+003,4.255675e+000
3.133328e+003,4.248155e+000
3.133810e+003,4.240541e+000
3.134292e+003,4.233702e+000
3.134774e+003,4.228440e+000
3.135256e+003,4.225285e+000
3.135738e+003,4.224405e+000
3.136220e+003,4.225582e+000
3.136702e+003,4.228300e+000
3.137185e+003,4.231859e+000
3.137667e+003,4.235573e+000
3.138149e+003,4.238890e+000
3.138631e+003,4.241479e+000
3.139113e+003,4.243224e+000
3.139595e+003,4.244174e+000
3.140077e+003,4.244445e+000
3.140559e+003,4.244136e+000
3.141042e+003,4.243278e+000
3.141524e+003,4.241829e+000
3.142006e+003,4.239695e+000
3.142488e+003,4.236797e+000
3.142970e+003,4.233081e+000
3.143452e+003,4.228580e+000
3.143934e+003,4.223402e+000
3.144417e+003,4.217731e+000
3.144898e+003,4.211807e+000
3.145381e+003,4.205914e+000
3.145863e+003,4.200335e+000
3.146345e+003,4.195322e+000
3.146827e+003,4.191047e+000
3.147309e+003,4.187573e+000
3.147791e+003,4.184827e+000
3.148273e+003,4.182603e+000
3.148756e+003,4.180601e+000
3.149238e+003,4.178489e+000
3.149720e+003,4.175967e+000
3.150202e+003,4.172836e+000
3.150684e+003,4.169037e+000
3.151166e+003,4.164665e+000
3.151648e+003,4.159944e+000
3.152130e+003,4.155184e+000
3.152613e+003,4.150714e+000
3.153095e+003,4.146824e+000
3.153577e+003,4.143691e+000
3.154059e+003,4.141354e+000
3.154541e+003,4.139688e+000
3.155023e+003,4.138447e+000
3.155505e+003,4.137320e+000
3.155987e+003,4.136006e+000
3.156469e+003,4.134293e+000
3.156952e+003,4.132116e+000
3.157434e+003,4.129562e+000
3.157916e+003,4.126854e+000
3.158398e+003,4.124268e+000
3.158880e+003,4.122064e+000
3.159362e+003,4.120422e+000
3.159844e+003,4.119399e+000
3.160326e+003,4.118914e+000
3.160809e+003,4.118782e+000
3.161291e+003,4.118751e+000
3.161773e+003,4.118540e+000
3.162255e+003,4.117885e+000
3.162737e+003,4.116566e+000
3.163219e+003,4.114439e+000
3.163701e+003,4.111474e+000
3.164184e+003,4.107760e+000
3.164666e+003,4.103522e+000
3.165148e+003,4.099099e+000
3.165630e+003,4.094879e+000
3.166112e+003,4.091245e+000
3.166594e+003,4.088487e+000
3.167076e+003,4.086734e+000
3.167558e+003,4.085939e+000
3.168041e+003,4.085877e+000
3.168523e+003,4.086214e+000
3.169005e+003,4.086558e+000
3.169487e+003,4.086558e+000
3.169969e+003,4.085940e+000
3.170451e+003,4.084544e+000
3.170933e+003,4.082326e+000
3.171415e+003,4.079338e+000
3.171897e+003,4.075677e+000
3.172380e+003,4.071477e+000
3.172862e+003,4.066876e+000
3.173344e+003,4.062018e+000
3.173826e+003,4.057066e+000
3.174308e+003,4.052226e+000
3.174790e+003,4.047744e+000
3.175272e+003,4.043925e+000
3.175754e+003,4.041065e+000
3.176237e+003,4.039406e+000
3.176719e+003,4.039069e+000
3.177201e+003,4.039985e+000
3.177683e+003,4.041875e+000
3.178165e+003,4.044299e+000
3.178647e+003,4.046724e+000
3.179129e+003,4.048646e+000
3.179612e+003,4.049677e+000
3.180094e+003,4.049610e+000
3.180576e+003,4.048414e+000
3.181058e+003,4.046187e+000
3.181540e+003,4.043092e+000
3.182022e+003,4.039290e+000
3.182504e+003,4.034920e+000
3.182986e+003,4.030111e+000
3.183469e+003,4.025012e+000
3.183951e+003,4.019818e+000
3.184433e+003,4.014768e+000
3.184915e+003,4.010113e+000
3.185397e+003,4.006058e+000
3.185879e+003,4.002720e+000
3.186361e+003,4.000116e+000
3.186843e+003,3.998192e+000
3.187325e+003,3.996870e+000
3.187808e+003,3.996125e+000
3.188290e+003,3.995978e+000
3.188772e+003,3.996508e+000
3.189254e+003,3.997766e+000
3.189736e+003,3.999718e+000
3.190218e+003,4.002181e+000
3.190700e+003,4.004842e+000
3.191182e+003,4.007285e+000
3.191665e+003,4.009099e+000
3.192147e+003,4.009969e+000
3.192629e+003,4.009737e+000
3.193111e+003,4.008421e+000
3.193593e+003,4.006182e+000
3.194075e+003,4.003264e+000
3.194557e+003,3.999921e+000
3.195040e+003,3.996346e+000
3.195521e+003,3.992669e+000
3.196004e+003,3.988938e+000
3.196486e+003,3.985135e+000
3.196968e+003,3.981211e+000
3.197450e+003,3.977113e+000
3.197932e+003,3.972808e+000
3.198414e+003,3.968318e+000
3.198896e+003,3.963714e+000
3.199379e+003,3.959125e+000
3.199861e+003,3.954713e+000
3.200343e+003,3.950652e+000
3.200825e+003,3.947068e+000
3.201307e+003,3.944035e+000
3.201789e+003,3.941547e+000
3.202271e+003,3.939547e+000
3.202753e+003,3.937942e+000
3.203236e+003,3.936648e+000
3.203718e+003,3.935608e+000
3.204200e+003,3.934808e+000
3.204682e+003,3.934240e+000
3.205164e+003,3.933884e+000
3.205646e+003,3.933668e+000
3.206128e+003,3.933459e+000
3.206610e+003,3.933043e+000
3.207093e+003,3.932160e+000
3.207575e+003,3.930529e+000
3.208057e+003,3.927914e+000
3.208539e+003,3.924144e+000
3.209021e+003,3.919196e+000
3.209503e+003,3.913220e+000
3.209985e+003,3.906576e+000
3.210468e+003,3.899797e+000
3.210949e+003,3.893528e+000
3.211432e+003,3.888424e+000
3.211914e+003,3.885020e+000
3.212396e+003,3.883608e+000
3.212878e+003,3.884162e+000
3.213360e+003,3.886317e+000
3.213842e+003,3.889451e+000
3.214324e+003,3.892800e+000
3.214807e+003,3.895623e+000
3.215289e+003,3.897330e+000
3.215771e+003,3.897581e+000
3.216253e+003,3.896307e+000
3.216735e+003,3.893682e+000
3.217217e+003,3.890045e+000
3.217699e+003,3.885831e+000
3.218181e+003,3.881495e+000
3.218664e+003,3.877450e+000
3.219146e+003,3.874009e+000
3.219628e+003,3.871359e+000
3.220110e+003,3.869529e+000
3.220592e+003,3.868393e+000
3.221074e+003,3.867683e+000
3.221556e+003,3.867060e+000
3.222038e+003,3.866156e+000
3.222521e+003,3.864655e+000
3.223003e+003,3.862347e+000
3.223485e+003,3.859149e+000
3.223967e+003,3.855119e+000
3.224449e+003,3.850433e+000
3.224931e+003,3.845360e+000
3.225413e+003,3.840230e+000
3.225896e+003,3.835394e+000
3.226377e+003,3.831169e+000
3.226860e+003,3.827808e+000
3.227342e+003,3.825426e+000
3.227824e+003,3.823981e+000
3.228306e+003,3.823271e+000
3.228788e+003,3.822968e+000
3.229270e+003,3.822703e+000
3.229752e+003,3.822142e+000
3.230235e+003,3.821079e+000
3.230717e+003,3.819452e+000
3.231199e+003,3.817358e+000
3.231681e+003,3.814956e+000
3.232163e+003,3.812433e+000
3.232645e+003,3.809918e+000
3.233127e+003,3.807464e+000
3.233609e+003,3.805057e+000
3.234092e+003,3.802650e+000
3.234574e+003,3.800224e+000
3.235056e+003,3.797806e+000
3.235538e+003,3.795472e+000
3.236020e+003,3.793326e+000
3.236502e+003,3.791456e+000
3.236984e+003,3.789908e+000
3.237466e+003,3.788641e+000
3.237948e+003,3.787550e+000
3.238431e+003,3.786458e+000
3.238913e+003,3.785169e+000
3.239395e+003,3.783490e+000
3.239877e+003,3.781277e+000
3.240359e+003,3.778466e+000
3.240841e+003,3.775099e+000
3.241323e+003,3.771320e+000
3.241806e+003,3.767359e+000
3.242288e+003,3.763470e+000
3.242770e+003,3.759893e+000
3.243252e+003,3.756785e+000
3.243734e+003,3.754196e+000
3.244216e+003,3.752083e+000
3.244698e+003,3.750342e+000
3.245180e+003,3.748866e+000
3.245663e+003,3.747585e+000
3.246145e+003,3.746478e+000
3.246627e+003,3.745548e+000
3.247109e+003,3.744780e+000
3.247591e+003,3.744094e+000
3.248073e+003,3.743346e+000
3.248555e+003,3.742351e+000
3.249037e+003,3.740927e+000
3.249520e+003,3.738982e+000
3.250002e+003,3.736525e+000
3.250484e+003,3.733683e+000
3.250966e+003,3.730643e+000
3.251448e+003,3.727592e+000
3.251930e+003,3.724651e+000
3.252412e+003,3.721861e+000
3.252894e+003,3.719171e+000
3.253376e+003,3.716506e+000
3.253859e+003,3.713819e+000
3.254341e+003,3.711130e+000
3.254823e+003,3.708549e+000
3.255305e+003,3.706260e+000
3.255787e+003,3.704484e+000
3.256269e+003,3.703424e+000
3.256751e+003,3.703225e+000
3.257234e+003,3.703950e+000
3.257716e+003,3.705541e+000
3.258198e+003,3.707835e+000
3.258680e+003,3.710549e+000
3.259162e+003,3.713335e+000
3.259644e+003,3.715804e+000
3.260126e+003,3.717603e+000
3.260608e+003,3.718453e+000
3.261091e+003,3.718199e+000
3.261573e+003,3.716798e+000
3.262055e+003,3.714313e+000
3.262537e+003,3.710847e+000
3.263019e+003,3.706519e+000
3.263501e+003,3.701439e+000
3.263983e+003,3.695722e+000
3.264465e+003,3.689522e+000
3.264948e+003,3.683048e+000
3.265430e+003,3.676586e+000
3.265912e+003,3.670463e+000
3.266394e+003,3.664971e+000
3.266876e+003,3.660304e+000
3.267358e+003,3.656497e+000
3.267840e+003,3.653422e+000
3.268323e+003,3.650820e+000
3.268804e+003,3.648390e+000
3.269287e+003,3.645866e+000
3.269769e+003,3.643113e+000
3.270251e+003,3.640150e+000
3.270733e+003,3.637143e+000
3.271215e+003,3.634375e+000
3.271697e+003,3.632163e+000
3.272179e+003,3.630773e+000
3.272662e+003,3.630350e+000
3.273144e+003,3.630863e+000
3.273626e+003,3.632068e+000
3.274108e+003,3.633526e+000
3.274590e+003,3.634657e+000
3.275072e+003,3.634847e+000
3.275554e+003,3.633584e+000
3.276036e+003,3.630587e+000
3.276519e+003,3.625894e+000
3.277001e+003,3.619889e+000
3.277483e+003,3.613234e+000
3.277965e+003,3.606741e+000
3.278447e+003,3.601202e+000
3.278929e+003,3.597221e+000
3.279411e+003,3.595091e+000
3.279893e+003,3.594761e+000
3.280375e+003,3.595852e+000
3.280858e+003,3.597743e+000
3.281340e+003,3.599715e+000
3.281822e+003,3.601073e+000
3.282304e+003,3.601270e+000
3.282786e+003,3.599997e+000
3.283268e+003,3.597234e+000
3.283750e+003,3.593237e+000
3.284232e+003,3.588480e+000
3.284715e+003,3.583556e+000
3.285197e+003,3.579052e+000
3.285679e+003,3.575424e+000
3.286161e+003,3.572901e+000
3.286643e+003,3.571466e+000
3.287125e+003,3.570878e+000
3.287607e+003,3.570772e+000
3.288090e+003,3.570749e+000
3.288572e+003,3.570498e+000
3.289054e+003,3.569847e+000
3.289536e+003,3.568770e+000
3.290018e+003,3.567372e+000
3.290500e+003,3.565828e+000
3.290982e+003,3.564331e+000
3.291464e+003,3.563046e+000
3.291947e+003,3.562095e+000
3.292429e+003,3.561531e+000
3.292911e+003,3.561345e+000
3.293393e+003,3.561444e+000
3.293875e+003,3.561660e+000
3.294357e+003,3.561769e+000
3.294839e+003,3.561514e+000
3.295321e+003,3.560658e+000
3.295803e+003,3.559042e+000
3.296286e+003,3.556610e+000
3.296768e+003,3.553447e+000
3.297250e+003,3.549738e+000
3.297732e+003,3.545750e+000
3.298214e+003,3.541750e+000
3.298696e+003,3.537981e+000
3.299178e+003,3.534606e+000
3.299660e+003,3.531706e+000
3.300143e+003,3.529284e+000
3.300625e+003,3.527284e+000
3.301107e+003,3.525605e+000
3.301589e+003,3.524132e+000
3.302071e+003,3.522753e+000
3.302553e+003,3.521368e+000
3.303035e+003,3.519893e+000
3.303518e+003,3.518265e+000
3.304000e+003,3.516428e+000
3.304482e+003,3.514321e+000
3.304964e+003,3.511882e+000
3.305446e+003,3.509059e+000
3.305928e+003,3.505832e+000
3.306410e+003,3.502266e+000
3.306892e+003,3.498504e+000
3.307375e+003,3.494779e+000
3.307857e+003,3.491368e+000
3.308339e+003,3.488510e+000
3.308821e+003,3.486331e+000
3.309303e+003,3.484792e+000
3.309785e+003,3.483699e+000
3.310267e+003,3.482750e+000
3.310749e+003,3.481629e+000
3.311231e+003,3.480106e+000
3.311714e+003,3.478076e+000
3.312196e+003,3.475587e+000
3.312678e+003,3.472766e+000
3.313160e+003,3.469759e+000
3.313642e+003,3.466656e+000
3.314124e+003,3.463484e+000
3.314606e+003,3.460220e+000
3.315088e+003,3.456863e+000
3.315571e+003,3.453509e+000
3.316053e+003,3.450377e+000
3.316535e+003,3.447783e+000
3.317017e+003,3.446076e+000
3.317499e+003,3.445530e+000
3.317981e+003,3.446243e+000
3.318463e+003,3.448076e+000
3.318946e+003,3.450666e+000
3.319427e+003,3.453477e+000
3.319910e+003,3.455919e+000
3.320392e+003,3.457465e+000
3.320874e+003,3.457764e+000
3.321356e+003,3.456716e+000
3.321838e+003,3.454487e+000
3.322320e+003,3.451459e+000
3.322802e+003,3.448156e+000
3.323285e+003,3.445099e+000
3.323767e+003,3.442698e+000
3.324249e+003,3.441134e+000
3.324731e+003,3.440332e+000
3.325213e+003,3.439987e+000
3.325695e+003,3.439642e+000
3.326177e+003,3.438837e+000
3.326659e+003,3.437219e+000
3.327142e+003,3.434635e+000
3.327624e+003,3.431171e+000
3.328106e+003,3.427088e+000
3.328588e+003,3.422751e+000
3.329070e+003,3.418532e+000
3.329552e+003,3.414722e+000
3.330034e+003,3.411489e+000
3.330516e+003,3.408883e+000
3.330999e+003,3.406857e+000
3.331481e+003,3.405311e+000
3.331963e+003,3.404124e+000
3.332445e+003,3.403174e+000
3.332927e+003,3.402359e+000
3.333409e+003,3.401595e+000
3.333891e+003,3.400825e+000
3.334374e+003,3.400028e+000
3.334855e+003,3.399211e+000
3.335338e+003,3.398416e+000
3.335820e+003,3.397681e+000
3.336302e+003,3.397032e+000
3.336784e+003,3.396450e+000
3.337266e+003,3.395881e+000
3.337748e+003,3.395234e+000
3.338230e+003,3.394417e+000
3.338713e+003,3.393361e+000
3.339195e+003,3.392051e+000
3.339677e+003,3.390521e+000
3.340159e+003,3.388863e+000
3.340641e+003,3.387202e+000
3.341123e+003,3.385667e+000
3.341605e+003,3.384366e+000
3.342087e+003,3.383355e+000
3.342570e+003,3.382614e+000
3.343052e+003,3.382049e+000
3.343534e+003,3.381481e+000
3.344016e+003,3.380686e+000
3.344498e+003,3.379420e+000
3.344980e+003,3.377474e+000
3.345462e+003,3.374715e+000
3.345944e+003,3.371111e+000
3.346427e+003,3.366733e+000
3.346909e+003,3.361737e+000
3.347391e+003,3.356315e+000
3.347873e+003,3.350672e+000
3.348355e+003,3.344995e+000
3.348837e+003,3.339447e+000
3.349319e+003,3.334196e+000
3.349802e+003,3.329414e+000
3.350283e+003,3.325294e+000
3.350766e+003,3.322014e+000
3.351248e+003,3.319710e+000
3.351730e+003,3.318420e+000
3.352212e+003,3.318067e+000
3.352694e+003,3.318440e+000
3.353176e+003,3.319249e+000
3.353658e+003,3.320165e+000
3.354141e+003,3.320894e+000
3.354623e+003,3.321230e+000
3.355105e+003,3.321064e+000
3.355587e+003,3.320371e+000
3.356069e+003,3.319188e+000
3.356551e+003,3.317538e+000
3.357033e+003,3.315422e+000
3.357515e+003,3.312774e+000
3.357998e+003,3.309498e+000
3.358480e+003,3.305503e+000
3.358962e+003,3.300755e+000
3.359444e+003,3.295343e+000
3.359926e+003,3.289488e+000
3.360408e+003,3.283556e+000
3.360890e+003,3.277981e+000
3.361372e+003,3.273192e+000
3.361854e+003,3.269508e+000
3.362337e+003,3.267056e+000
3.362819e+003,3.265727e+000
3.363301e+003,3.265196e+000
3.363783e+003,3.264996e+000
3.364265e+003,3.264619e+000
3.364747e+003,3.263624e+000
3.365229e+003,3.261707e+000
3.365712e+003,3.258730e+000
3.366194e+003,3.254723e+000
3.366676e+003,3.249825e+000
3.367158e+003,3.244248e+000
3.367640e+003,3.238259e+000
3.368122e+003,3.232170e+000
3.368604e+003,3.226328e+000
3.369086e+003,3.221127e+000
3.369569e+003,3.216941e+000
3.370051e+003,3.214085e+000
3.370533e+003,3.212731e+000
3.371015e+003,3.212864e+000
3.371497e+003,3.214278e+000
3.371979e+003,3.216599e+000
3.372461e+003,3.219379e+000
3.372943e+003,3.222187e+000
3.373426e+003,3.224667e+000
3.373908e+003,3.226607e+000
3.374390e+003,3.227915e+000
3.374872e+003,3.228621e+000
3.375354e+003,3.228823e+000
3.375836e+003,3.228669e+000
3.376318e+003,3.228321e+000
3.376800e+003,3.227930e+000
3.377282e+003,3.227625e+000
3.377765e+003,3.227468e+000
3.378247e+003,3.227427e+000
3.378729e+003,3.227371e+000
3.379211e+003,3.227083e+000
3.379693e+003,3.226301e+000
3.380175e+003,3.224795e+000
3.380657e+003,3.222423e+000
3.381140e+003,3.219181e+000
3.381622e+003,3.215203e+000
3.382104e+003,3.210711e+000
3.382586e+003,3.205973e+000
3.383068e+003,3.201234e+000
3.383550e+003,3.196679e+000
3.384032e+003,3.192408e+000
3.384514e+003,3.188462e+000
3.384997e+003,3.184833e+000
3.385479e+003,3.181497e+000
3.385961e+003,3.178415e+000
3.386443e+003,3.175551e+000
3.386925e+003,3.172873e+000
3.387407e+003,3.170348e+000
3.387889e+003,3.167968e+000
3.388371e+003,3.165754e+000
3.388854e+003,3.163754e+000
3.389336e+003,3.162061e+000
3.389818e+003,3.160774e+000
3.390300e+003,3.159986e+000
3.390782e+003,3.159774e+000
3.391264e+003,3.160163e+000
3.391746e+003,3.161119e+000
3.392229e+003,3.162549e+000
3.392710e+003,3.164291e+000
3.393193e+003,3.166134e+000
3.393675e+003,3.167832e+000
3.394157e+003,3.169131e+000
3.394639e+003,3.169830e+000
3.395121e+003,3.169802e+000
3.395603e+003,3.169042e+000
3.396085e+003,3.167660e+000
3.396568e+003,3.165846e+000
3.397050e+003,3.163825e+000
3.397532e+003,3.161780e+000
3.398014e+003,3.159808e+000
3.398496e+003,3.157901e+000
3.398978e+003,3.155973e+000
3.399460e+003,3.153914e+000
3.399942e+003,3.151645e+000
3.400425e+003,3.149166e+000
3.400907e+003,3.146551e+000
3.401389e+003,3.143921e+000
3.401871e+003,3.141397e+000
3.402353e+003,3.139055e+000
3.402835e+003,3.136888e+000
3.403317e+003,3.134813e+000
3.403799e+003,3.132684e+000
3.404281e+003,3.130326e+000
3.404764e+003,3.127564e+000
3.405246e+003,3.124251e+000
3.405728e+003,3.120289e+000
3.406210e+003,3.115635e+000
3.406692e+003,3.110331e+000
3.407174e+003,3.104494e+000
3.407656e+003,3.098327e+000
3.408138e+003,3.092105e+000
3.408621e+003,3.086148e+000
3.409103e+003,3.080769e+000
3.409585e+003,3.076239e+000
3.410067e+003,3.072754e+000
3.410549e+003,3.070388e+000
3.411031e+003,3.069096e+000
3.411513e+003,3.068711e+000
3.411996e+003,3.068969e+000
3.412478e+003,3.069554e+000
3.412960e+003,3.070154e+000
3.413442e+003,3.070544e+000
3.413924e+003,3.070631e+000
3.414406e+003,3.070491e+000
3.414888e+003,3.070338e+000
3.415370e+003,3.070445e+000
3.415853e+003,3.071006e+000
3.416335e+003,3.072046e+000
3.416817e+003,3.073331e+000
3.417299e+003,3.074399e+000
3.417781e+003,3.074669e+000
3.418263e+003,3.073615e+000
3.418745e+003,3.070940e+000
3.419227e+003,3.066703e+000
3.419709e+003,3.061327e+000
3.420192e+003,3.055500e+000
3.420674e+003,3.049986e+000
3.421156e+003,3.045428e+000
3.421638e+003,3.042179e+000
3.422120e+003,3.040282e+000
3.422602e+003,3.039505e+000
3.423084e+003,3.039469e+000
3.423566e+003,3.039797e+000
3.424049e+003,3.040192e+000
3.424531e+003,3.040473e+000
3.425013e+003,3.040573e+000
3.425495e+003,3.040482e+000
3.425977e+003,3.040208e+000
3.426459e+003,3.039736e+000
3.426941e+003,3.039021e+000
3.427424e+003,3.037983e+000
3.427906e+003,3.036520e+000
3.428388e+003,3.034513e+000
3.428870e+003,3.031852e+000
3.429352e+003,3.028490e+000
3.429834e+003,3.024477e+000
3.430316e+003,3.020010e+000
3.430798e+003,3.015439e+000
3.431281e+003,3.011207e+000
3.431763e+003,3.007759e+000
3.432245e+003,3.005408e+000
3.432727e+003,3.004233e+000
3.433209e+003,3.004038e+000
3.433691e+003,3.004390e+000
3.434173e+003,3.004731e+000
3.434655e+003,3.004550e+000
3.435137e+003,3.003511e+000
3.435620e+003,3.001548e+000
3.436102e+003,2.998852e+000
3.436584e+003,2.995800e+000
3.437066e+003,2.992831e+000
3.437548e+003,2.990321e+000
3.438030e+003,2.988496e+000
3.438512e+003,2.987384e+000
3.438994e+003,2.986855e+000
3.439477e+003,2.986657e+000
3.439959e+003,2.986502e+000
3.440441e+003,2.986130e+000
3.440923e+003,2.985374e+000
3.441405e+003,2.984178e+000
3.441887e+003,2.982596e+000
3.442369e+003,2.980769e+000
3.442852e+003,2.978845e+000
3.443333e+003,2.976929e+000
3.443816e+003,2.975023e+000
3.444298e+003,2.973017e+000
3.444780e+003,2.970719e+000
3.445262e+003,2.967934e+000
3.445744e+003,2.964531e+000
3.446226e+003,2.960519e+000
3.446708e+003,2.956061e+000
3.447191e+003,2.951443e+000
3.447673e+003,2.946977e+000
3.448155e+003,2.942936e+000
3.448637e+003,2.939515e+000
3.449119e+003,2.936810e+000
3.449601e+003,2.934883e+000
3.450083e+003,2.933789e+000
3.450565e+003,2.933593e+000
3.451048e+003,2.934346e+000
3.451530e+003,2.936009e+000
3.452012e+003,2.938389e+000
3.452494e+003,2.941126e+000
3.452976e+003,2.943727e+000
3.453458e+003,2.945658e+000
3.453940e+003,2.946474e+000
3.454422e+003,2.945935e+000
3.454905e+003,2.944048e+000
3.455387e+003,2.941041e+000
3.455869e+003,2.937294e+000
3.456351e+003,2.933230e+000
3.456833e+003,2.929221e+000
3.457315e+003,2.925543e+000
3.457797e+003,2.922352e+000
3.458280e+003,2.919707e+000
3.458761e+003,2.917593e+000
3.459244e+003,2.915921e+000
3.459726e+003,2.914544e+000
3.460208e+003,2.913259e+000
3.460690e+003,2.911850e+000
3.461172e+003,2.910123e+000
3.461654e+003,2.907962e+000
3.462136e+003,2.905355e+000
3.462619e+003,2.902390e+000
3.463101e+003,2.899209e+000
3.463583e+003,2.895923e+000
3.464065e+003,2.892569e+000
3.464547e+003,2.889068e+000
3.465029e+003,2.885278e+000
3.465511e+003,2.881049e+000
3.465993e+003,2.876312e+000
3.466476e+003,2.871141e+000
3.466958e+003,2.865766e+000
3.467440e+003,2.860523e+000
3.467922e+003,2.855776e+000
3.468404e+003,2.851838e+000
3.468886e+003,2.848902e+000
3.469368e+003,2.847010e+000
3.469850e+003,2.846082e+000
3.470333e+003,2.845927e+000
3.470815e+003,2.846302e+000
3.471297e+003,2.846911e+000
3.471779e+003,2.847461e+000
3.472261e+003,2.847648e+000
3.472743e+003,2.847203e+000
3.473225e+003,2.845887e+000
3.473708e+003,2.843546e+000
3.474189e+003,2.840106e+000
3.474672e+003,2.835602e+000
3.475154e+003,2.830177e+000
3.475636e+003,2.824079e+000
3.476118e+003,2.817647e+000
3.476600e+003,2.811295e+000
3.477082e+003,2.805460e+000
3.477564e+003,2.800563e+000
3.478047e+003,2.796958e+000
3.478529e+003,2.794844e+000
3.479011e+003,2.794230e+000
3.479493e+003,2.794925e+000
3.479975e+003,2.796561e+000
3.480457e+003,2.798677e+000
3.480939e+003,2.800815e+000
3.481421e+003,2.802638e+000
3.481904e+003,2.803988e+000
3.482386e+003,2.804901e+000
3.482868e+003,2.805567e+000
3.483350e+003,2.806232e+000
3.483832e+003,2.807114e+000
3.484314e+003,2.808319e+000
3.484796e+003,2.809798e+000
3.485278e+003,2.811353e+000
3.485760e+003,2.812668e+000
3.486243e+003,2.813363e+000
3.486725e+003,2.813076e+000
3.487207e+003,2.811554e+000
3.487689e+003,2.808711e+000
3.488171e+003,2.804678e+000
3.488653e+003,2.799779e+000
3.489135e+003,2.794474e+000
3.489618e+003,2.789244e+000
3.490100e+003,2.784477e+000
3.490582e+003,2.780383e+000
3.491064e+003,2.776964e+000
3.491546e+003,2.774040e+000
3.492028e+003,2.771351e+000
3.492510e+003,2.768650e+000
3.492992e+003,2.765800e+000
3.493475e+003,2.762808e+000
3.493957e+003,2.759821e+000
3.494439e+003,2.757040e+000
3.494921e+003,2.754668e+000
3.495403e+003,2.752831e+000
3.495885e+003,2.751547e+000
3.496367e+003,2.750753e+000
3.496849e+003,2.750325e+000
3.497332e+003,2.750127e+000
3.497814e+003,2.750031e+000
3.498296e+003,2.749914e+000
3.498778e+003,2.749644e+000
3.499260e+003,2.749085e+000
3.499742e+003,2.748092e+000
3.500224e+003,2.746543e+000
3.500706e+003,2.744382e+000
3.501188e+003,2.741652e+000
3.501671e+003,2.738505e+000
3.502153e+003,2.735188e+000
3.502635e+003,2.731996e+000
3.503117e+003,2.729210e+000
3.503599e+003,2.727035e+000
3.504081e+003,2.725574e+000
3.504563e+003,2.724803e+000
3.505046e+003,2.724597e+000
3.505528e+003,2.724751e+000
3.506010e+003,2.725017e+000
3.506492e+003,2.725124e+000
3.506974e+003,2.724818e+000
3.507456e+003,2.723876e+000
3.507938e+003,2.722136e+000
3.508420e+003,2.719527e+000
3.508903e+003,2.716075e+000
3.509385e+003,2.711900e+000
3.509867e+003,2.707205e+000
3.510349e+003,2.702260e+000
3.510831e+003,2.697362e+000
3.511313e+003,2.692825e+000
3.511795e+003,2.688942e+000
3.512277e+003,2.685974e+000
3.512760e+003,2.684103e+000
3.513242e+003,2.683392e+000
3.513724e+003,2.683765e+000
3.514206e+003,2.684997e+000
3.514688e+003,2.686751e+000
3.515170e+003,2.688634e+000
3.515652e+003,2.690264e+000
3.516135e+003,2.691330e+000
3.516616e+003,2.691630e+000
3.517099e+003,2.691062e+000
3.517581e+003,2.689601e+000
3.518063e+003,2.687275e+000
3.518545e+003,2.684120e+000
3.519027e+003,2.680199e+000
3.519509e+003,2.675585e+000
3.519991e+003,2.670406e+000
3.520474e+003,2.664845e+000
3.520956e+003,2.659135e+000
3.521438e+003,2.653533e+000
3.521920e+003,2.648275e+000
3.522402e+003,2.643536e+000
3.522884e+003,2.639392e+000
3.523366e+003,2.635805e+000
3.523848e+003,2.632639e+000
3.524331e+003,2.629699e+000
3.524813e+003,2.626784e+000
3.525295e+003,2.623747e+000
3.525777e+003,2.620559e+000
3.526259e+003,2.617342e+000
3.526741e+003,2.614376e+000
3.527223e+003,2.612072e+000
3.527705e+003,2.610885e+000
3.528188e+003,2.611197e+000
3.528670e+003,2.613198e+000
3.529152e+003,2.616795e+000
3.529634e+003,2.621597e+000
3.530116e+003,2.626972e+000
3.530598e+003,2.632182e+000
3.531080e+003,2.636513e+000
3.531563e+003,2.639421e+000
3.532044e+003,2.640597e+000
3.532527e+003,2.639981e+000
3.533009e+003,2.637711e+000
3.533491e+003,2.634064e+000
3.533973e+003,2.629366e+000
3.534455e+003,2.623968e+000
3.534937e+003,2.618210e+000
3.535419e+003,2.612452e+000
3.535902e+003,2.607063e+000
3.536384e+003,2.602414e+000
3.536866e+003,2.598826e+000
3.537348e+003,2.596511e+000
3.537830e+003,2.595505e+000
3.538312e+003,2.595657e+000
3.538794e+003,2.596632e+000
3.539276e+003,2.597989e+000
3.539759e+003,2.599274e+000
3.540241e+003,2.600116e+000
3.540723e+003,2.600311e+000
3.541205e+003,2.599864e+000
3.541687e+003,2.598964e+000
3.542169e+003,2.597927e+000
3.542651e+003,2.597084e+000
3.543133e+003,2.596667e+000
3.543615e+003,2.596731e+000
3.544098e+003,2.597098e+000
3.544580e+003,2.597397e+000
3.545062e+003,2.597156e+000
3.545544e+003,2.595933e+000
3.546026e+003,2.593451e+000
3.546508e+003,2.589649e+000
3.546990e+003,2.584697e+000
3.547472e+003,2.578902e+000
3.547955e+003,2.572599e+000
3.548437e+003,2.566053e+000
3.548919e+003,2.559435e+000
3.549401e+003,2.552826e+000
3.549883e+003,2.546272e+000
3.550365e+003,2.539839e+000
3.550847e+003,2.533639e+000
3.551330e+003,2.527843e+000
3.551812e+003,2.522627e+000
3.552294e+003,2.518129e+000
3.552776e+003,2.514409e+000
3.553258e+003,2.511440e+000
3.553740e+003,2.509135e+000
3.554222e+003,2.507374e+000
3.554704e+003,2.506043e+000
3.555187e+003,2.505033e+000
3.555669e+003,2.504226e+000
3.556151e+003,2.503473e+000
3.556633e+003,2.502614e+000
3.557115e+003,2.501504e+000
3.557597e+003,2.500062e+000
3.558079e+003,2.498334e+000
3.558561e+003,2.496499e+000
3.559043e+003,2.494857e+000
3.559526e+003,2.493726e+000
3.560008e+003,2.493335e+000
3.560490e+003,2.493734e+000
3.560972e+003,2.494732e+000
3.561454e+003,2.495934e+000
3.561936e+003,2.496809e+000
3.562418e+003,2.496834e+000
3.562900e+003,2.495586e+000
3.563383e+003,2.492802e+000
3.563865e+003,2.488428e+000
3.564347e+003,2.482602e+000
3.564829e+003,2.475653e+000
3.565311e+003,2.468084e+000
3.565793e+003,2.460561e+000
3.566275e+003,2.453836e+000
3.566758e+003,2.448637e+000
3.567240e+003,2.445498e+000
3.567722e+003,2.444611e+000
3.568204e+003,2.445795e+000
3.568686e+003,2.448592e+000
3.569168e+003,2.452414e+000
3.569650e+003,2.456694e+000
3.570132e+003,2.460986e+000
3.570615e+003,2.464991e+000
3.571097e+003,2.468536e+000
3.571579e+003,2.471554e+000
3.572061e+003,2.474032e+000
3.572543e+003,2.475968e+000
3.573025e+003,2.477352e+000
3.573507e+003,2.478141e+000
3.573989e+003,2.478261e+000
3.574471e+003,2.477641e+000
3.574954e+003,2.476235e+000
3.575436e+003,2.474060e+000
3.575918e+003,2.471224e+000
3.576400e+003,2.467921e+000
3.576882e+003,2.464410e+000
3.577364e+003,2.460956e+000
3.577846e+003,2.457763e+000
3.578328e+003,2.454922e+000
3.578811e+003,2.452358e+000
3.579293e+003,2.449858e+000
3.579775e+003,2.447127e+000
3.580257e+003,2.443877e+000
3.580739e+003,2.439935e+000
3.581221e+003,2.435308e+000
3.581703e+003,2.430202e+000
3.582186e+003,2.424983e+000
3.582667e+003,2.420064e+000
3.583150e+003,2.415802e+000
3.583632e+003,2.412408e+000
3.584114e+003,2.409894e+000
3.584596e+003,2.408080e+000
3.585078e+003,2.406639e+000
3.585560e+003,2.405197e+000
3.586042e+003,2.403446e+000
3.586525e+003,2.401258e+000
3.587007e+003,2.398768e+000
3.587489e+003,2.396349e+000
3.587971e+003,2.394480e+000
3.588453e+003,2.393565e+000
3.588935e+003,2.393775e+000
3.589417e+003,2.394986e+000
3.589899e+003,2.396841e+000
3.590382e+003,2.398824e+000
3.590864e+003,2.400379e+000
3.591346e+003,2.400991e+000
3.591828e+003,2.400279e+000
3.592310e+003,2.398054e+000
3.592792e+003,2.394375e+000
3.593274e+003,2.389564e+000
3.593756e+003,2.384177e+000
3.594239e+003,2.378875e+000
3.594721e+003,2.374301e+000
3.595203e+003,2.370956e+000
3.595685e+003,2.369092e+000
3.596167e+003,2.368730e+000
3.596649e+003,2.369691e+000
3.597131e+003,2.371671e+000
3.597614e+003,2.374307e+000
3.598095e+003,2.377219e+000
3.598578e+003,2.380034e+000
3.599060e+003,2.382418e+000
3.599542e+003,2.384100e+000
3.600024e+003,2.384919e+000
3.600506e+003,2.384835e+000
3.600988e+003,2.383939e+000
3.601470e+003,2.382429e+000
3.601953e+003,2.380541e+000
3.602435e+003,2.378485e+000
3.602917e+003,2.376406e+000
3.603399e+003,2.374352e+000
3.603881e+003,2.372288e+000
3.604363e+003,2.370103e+000
3.604845e+003,2.367677e+000
3.605327e+003,2.364891e+000
3.605810e+003,2.361691e+000
3.606292e+003,2.358126e+000
3.606774e+003,2.354388e+000
3.607256e+003,2.350827e+000
3.607738e+003,2.347904e+000
3.608220e+003,2.346080e+000
3.608702e+003,2.345679e+000
3.609184e+003,2.346752e+000
3.609667e+003,2.349017e+000
3.610149e+003,2.351912e+000
3.610631e+003,2.354684e+000
3.611113e+003,2.356543e+000
3.611595e+003,2.356816e+000
3.612077e+003,2.355092e+000
3.612559e+003,2.351341e+000
3.613042e+003,2.345947e+000
3.613524e+003,2.339628e+000
3.614006e+003,2.333229e+000
3.614488e+003,2.327496e+000
3.614970e+003,2.322907e+000
3.615452e+003,2.319591e+000
3.615934e+003,2.317390e+000
3.616416e+003,2.315954e+000
3.616898e+003,2.314883e+000
3.617381e+003,2.313868e+000
3.617863e+003,2.312818e+000
3.618345e+003,2.311924e+000
3.618827e+003,2.311618e+000
3.619309e+003,2.312398e+000
3.619791e+003,2.314607e+000
3.620273e+003,2.318208e+000
3.620755e+003,2.322778e+000
3.621238e+003,2.327585e+000
3.621720e+003,2.331819e+000
3.622202e+003,2.334768e+000
3.622684e+003,2.335996e+000
3.623166e+003,2.335397e+000
3.623648e+003,2.333202e+000
3.624130e+003,2.329897e+000
3.624612e+003,2.326080e+000
3.625094e+003,2.322299e+000
3.625577e+003,2.318914e+000
3.626059e+003,2.316037e+000
3.626541e+003,2.313537e+000
3.627023e+003,2.311149e+000
3.627505e+003,2.308681e+000
3.627987e+003,2.306216e+000
3.628469e+003,2.304285e+000
3.628952e+003,2.303718e+000
3.629434e+003,2.305298e+000
3.629916e+003,2.309374e+000
3.630398e+003,2.315757e+000
3.630880e+003,2.323849e+000
3.631362e+003,2.332869e+000
3.631844e+003,2.342002e+000
3.632326e+003,2.350454e+000
3.632809e+003,2.357491e+000
3.633291e+003,2.362497e+000
3.633773e+003,2.365099e+000
3.634255e+003,2.365236e+000
3.634737e+003,2.363224e+000
3.635219e+003,2.359688e+000
3.635701e+003,2.355404e+000
3.636183e+003,2.351143e+000
3.636666e+003,2.347491e+000
3.637148e+003,2.344777e+000
3.637630e+003,2.343060e+000
3.638112e+003,2.342173e+000
3.638594e+003,2.341830e+000
3.639076e+003,2.341716e+000
3.639558e+003,2.341593e+000
3.640041e+003,2.341341e+000
3.640522e+003,2.340973e+000
3.641005e+003,2.340594e+000
3.641487e+003,2.340377e+000
3.641969e+003,2.340495e+000
3.642451e+003,2.341115e+000
3.642933e+003,2.342353e+000
3.643415e+003,2.344271e+000
3.643897e+003,2.346862e+000
3.644380e+003,2.350031e+000
3.644862e+003,2.353578e+000
3.645344e+003,2.357194e+000
3.645826e+003,2.360447e+000
3.646308e+003,2.362824e+000
3.646790e+003,2.363792e+000
3.647272e+003,2.362930e+000
3.647754e+003,2.360076e+000
3.648237e+003,2.355470e+000
3.648719e+003,2.349841e+000
3.649201e+003,2.344293e+000
3.649683e+003,2.340024e+000
3.650165e+003,2.337999e+000
3.650647e+003,2.338666e+000
3.651129e+003,2.341944e+000
3.651611e+003,2.347377e+000
3.652094e+003,2.354339e+000
3.652576e+003,2.362201e+000
3.653058e+003,2.370393e+000
3.653540e+003,2.378447e+000
3.654022e+003,2.385965e+000
3.654504e+003,2.392642e+000
3.654986e+003,2.398267e+000
3.655469e+003,2.402802e+000
3.655950e+003,2.406378e+000
3.656433e+003,2.409316e+000
3.656915e+003,2.412054e+000
3.657397e+003,2.415004e+000
3.657879e+003,2.418479e+000
3.658361e+003,2.422632e+000
3.658843e+003,2.427464e+000
3.659325e+003,2.432850e+000
3.659808e+003,2.438567e+000
3.660290e+003,2.444339e+000
3.660772e+003,2.449871e+000
3.661254e+003,2.454923e+000
3.661736e+003,2.459376e+000
3.662218e+003,2.463269e+000
3.662700e+003,2.466813e+000
3.663182e+003,2.470356e+000
3.663665e+003,2.474292e+000
3.664147e+003,2.478954e+000
3.664629e+003,2.484537e+000
3.665111e+003,2.491042e+000
3.665593e+003,2.498279e+000
3.666075e+003,2.505901e+000
3.666557e+003,2.513480e+000
3.667039e+003,2.520565e+000
3.667521e+003,2.526758e+000
3.668004e+003,2.531764e+000
3.668486e+003,2.535439e+000
3.668968e+003,2.537840e+000
3.669450e+003,2.539235e+000
3.669932e+003,2.540024e+000
3.670414e+003,2.540648e+000
3.670896e+003,2.541453e+000
3.671378e+003,2.542661e+000
3.671861e+003,2.544437e+000
3.672343e+003,2.546982e+000
3.672825e+003,2.550605e+000
3.673307e+003,2.555741e+000
3.673789e+003,2.562891e+000
3.674271e+003,2.572417e+000
3.674753e+003,2.584288e+000
3.675236e+003,2.597842e+000
3.675718e+003,2.611895e+000
3.676200e+003,2.625244e+000
3.676682e+003,2.637201e+000
3.677164e+003,2.647774e+000
3.677646e+003,2.657430e+000
3.678128e+003,2.666748e+000
3.678610e+003,2.676140e+000
3.679093e+003,2.685752e+000
3.679575e+003,2.695450e+000
3.680057e+003,2.704929e+000
3.680539e+003,2.713820e+000
3.681021e+003,2.721814e+000
3.681503e+003,2.728730e+000
3.681985e+003,2.734512e+000
3.682467e+003,2.739195e+000
3.682949e+003,2.742856e+000
3.683432e+003,2.745580e+000
3.683914e+003,2.747489e+000
3.684396e+003,2.748763e+000
3.684878e+003,2.749652e+000
3.685360e+003,2.750487e+000
3.685842e+003,2.751639e+000
3.686324e+003,2.753471e+000
3.686806e+003,2.756266e+000
3.687289e+003,2.760187e+000
3.687771e+003,2.765279e+000
3.688253e+003,2.771514e+000
3.688735e+003,2.778863e+000
3.689217e+003,2.787357e+000
3.689699e+003,2.797013e+000
3.690181e+003,2.807738e+000
3.690664e+003,2.819188e+000
3.691146e+003,2.830757e+000
3.691628e+003,2.841679e+000
3.692110e+003,2.851227e+000
3.692592e+003,2.858900e+000
3.693074e+003,2.864546e+000
3.693556e+003,2.868407e+000
3.694038e+003,2.871043e+000
3.694521e+003,2.873179e+000
3.695003e+003,2.875555e+000
3.695485e+003,2.878757e+000
3.695967e+003,2.883077e+000
3.696449e+003,2.888491e+000
3.696931e+003,2.894702e+000
3.697413e+003,2.901254e+000
3.697895e+003,2.907699e+000
3.698377e+003,2.913701e+000
3.698860e+003,2.919122e+000
3.699342e+003,2.924037e+000
3.699824e+003,2.928728e+000
3.700306e+003,2.933618e+000
3.700788e+003,2.939183e+000
3.701270e+003,2.945833e+000
3.701752e+003,2.953782e+000
3.702234e+003,2.962923e+000
3.702717e+003,2.972848e+000
3.703199e+003,2.982902e+000
3.703681e+003,2.992328e+000
3.704163e+003,3.000377e+000
3.704645e+003,3.006413e+000
3.705127e+003,3.009984e+000
3.705609e+003,3.010875e+000
3.706092e+003,3.009146e+000
3.706573e+003,3.005183e+000
3.707056e+003,2.999696e+000
3.707538e+003,2.993735e+000
3.708020e+003,2.988614e+000
3.708502e+003,2.985780e+000
3.708984e+003,2.986650e+000
3.709466e+003,2.992321e+000
3.709948e+003,3.003277e+000
3.710431e+003,3.019098e+000
3.710913e+003,3.038359e+000
3.711395e+003,3.058828e+000
3.711877e+003,3.078058e+000
3.712359e+003,3.094063e+000
3.712841e+003,3.105813e+000
3.713323e+003,3.113319e+000
3.713805e+003,3.117350e+000
3.714288e+003,3.119022e+000
3.714770e+003,3.119457e+000
3.715252e+003,3.119565e+000
3.715734e+003,3.119955e+000
3.716216e+003,3.120931e+000
3.716698e+003,3.122535e+000
3.717180e+003,3.124661e+000
3.717662e+003,3.127150e+000
3.718145e+003,3.129940e+000
3.718627e+003,3.133140e+000
3.719109e+003,3.137026e+000
3.719591e+003,3.141950e+000
3.720073e+003,3.148140e+000
3.720555e+003,3.155526e+000
3.721037e+003,3.163603e+000
3.721520e+003,3.171464e+000
3.722001e+003,3.178026e+000
3.722484e+003,3.182351e+000
3.722966e+003,3.184011e+000
3.723448e+003,3.183281e+000
3.723930e+003,3.181077e+000
3.724412e+003,3.178676e+000
3.724894e+003,3.177323e+000
3.725376e+003,3.177778e+000
3.725859e+003,3.180053e+000
3.726341e+003,3.183421e+000
3.726823e+003,3.186673e+000
3.727305e+003,3.188599e+000
3.727787e+003,3.188400e+000
3.728269e+003,3.185905e+000
3.728751e+003,3.181544e+000
3.729233e+003,3.176138e+000
3.729716e+003,3.170670e+000
3.730198e+003,3.166021e+000
3.730680e+003,3.162792e+000
3.731162e+003,3.161195e+000
3.731644e+003,3.161036e+000
3.732126e+003,3.161873e+000
3.732608e+003,3.163239e+000
3.733090e+003,3.164921e+000
3.733573e+003,3.167125e+000
3.734055e+003,3.170466e+000
3.734537e+003,3.175745e+000
3.735019e+003,3.183609e+000
3.735501e+003,3.194185e+000
3.735983e+003,3.206888e+000
3.736465e+003,3.220564e+000
3.736948e+003,3.233744e+000
3.737430e+003,3.245022e+000
3.737912e+003,3.253239e+000
3.738394e+003,3.257576e+000
3.738876e+003,3.257576e+000
3.739358e+003,3.253175e+000
3.739840e+003,3.244736e+000
3.740322e+003,3.233111e+000
3.740804e+003,3.219674e+000
3.741287e+003,3.206292e+000
3.741769e+003,3.195264e+000
3.742251e+003,3.189121e+000
3.742733e+003,3.190161e+000
3.743215e+003,3.199626e+000
3.743697e+003,3.216592e+000
3.744179e+003,3.237412e+000
3.744661e+003,3.256588e+000
3.745144e+003,3.269089e+000
3.745626e+003,3.272436e+000
3.746108e+003,3.267092e+000
3.746590e+003,3.255404e+000
3.747072e+003,3.240382e+000
3.747554e+003,3.224905e+000
3.748036e+003,3.211415e+000
3.748518e+003,3.201785e+000
3.749000e+003,3.197227e+000
3.749483e+003,3.198089e+000
3.749965e+003,3.203714e+000
3.750447e+003,3.212525e+000
3.750929e+003,3.222515e+000
3.751411e+003,3.231821e+000
3.751893e+003,3.239273e+000
3.752375e+003,3.244458e+000
3.752858e+003,3.247541e+000
3.753340e+003,3.248932e+000
3.753822e+003,3.249071e+000
3.754304e+003,3.248310e+000
3.754786e+003,3.246902e+000
3.755268e+003,3.245047e+000
3.755750e+003,3.242930e+000
3.756232e+003,3.240798e+000
3.756715e+003,3.238972e+000
3.757197e+003,3.237877e+000
3.757679e+003,3.237924e+000
3.758161e+003,3.239400e+000
3.758643e+003,3.242268e+000
3.759125e+003,3.246058e+000
3.759607e+003,3.249905e+000
3.760089e+003,3.252751e+000
3.760572e+003,3.253704e+000
3.761054e+003,3.252317e+000
3.761536e+003,3.248747e+000
3.762018e+003,3.243683e+000
3.762500e+003,3.238160e+000
3.762982e+003,3.233291e+000
3.763464e+003,3.230021e+000
3.763947e+003,3.228869e+000
3.764428e+003,3.229804e+000
3.764911e+003,3.232234e+000
3.765393e+003,3.235211e+000
3.765875e+003,3.237791e+000
3.766357e+003,3.239362e+000
3.766839e+003,3.239841e+000
3.767321e+003,3.239637e+000
3.767803e+003,3.239434e+000
3.768286e+003,3.239951e+000
3.768768e+003,3.241705e+000
3.769250e+003,3.244894e+000
3.769732e+003,3.249378e+000
3.770214e+003,3.254797e+000
3.770696e+003,3.260727e+000
3.771178e+003,3.266811e+000
3.771660e+003,3.272764e+000
3.772143e+003,3.278325e+000
3.772625e+003,3.283165e+000
3.773107e+003,3.286828e+000
3.773589e+003,3.288794e+000
3.774071e+003,3.288569e+000
3.774553e+003,3.285828e+000
3.775035e+003,3.280566e+000
3.775517e+003,3.273147e+000
3.776000e+003,3.264285e+000
3.776482e+003,3.254952e+000
3.776964e+003,3.246196e+000
3.777446e+003,3.238959e+000
3.777928e+003,3.233885e+000
3.778410e+003,3.231159e+000
3.778892e+003,3.230463e+000
3.779375e+003,3.231045e+000
3.779856e+003,3.231999e+000
3.780339e+003,3.232596e+000
3.780821e+003,3.232515e+000
3.781303e+003,3.231932e+000
3.781785e+003,3.231395e+000
3.782267e+003,3.231621e+000
3.782749e+003,3.233264e+000
3.783231e+003,3.236686e+000
3.783714e+003,3.241821e+000
3.784196e+003,3.248127e+000
3.784678e+003,3.254685e+000
3.785160e+003,3.260434e+000
3.785642e+003,3.264421e+000
3.786124e+003,3.266023e+000
3.786606e+003,3.265058e+000
3.787088e+003,3.261732e+000
3.787571e+003,3.256567e+000
3.788053e+003,3.250278e+000
3.788535e+003,3.243649e+000
3.789017e+003,3.237469e+000
3.789499e+003,3.232415e+000
3.789981e+003,3.228959e+000
3.790463e+003,3.227293e+000
3.790945e+003,3.227286e+000
3.791427e+003,3.228525e+000
3.791910e+003,3.230427e+000
3.792392e+003,3.232405e+000
3.792874e+003,3.234011e+000
3.793356e+003,3.235009e+000
3.793838e+003,3.235368e+000
3.794320e+003,3.235161e+000
3.794802e+003,3.234404e+000
3.795284e+003,3.232950e+000
3.795767e+003,3.230459e+000
3.796249e+003,3.226545e+000
3.796731e+003,3.221003e+000
3.797213e+003,3.214065e+000
3.797695e+003,3.206480e+000
3.798177e+003,3.199478e+000
3.798659e+003,3.194528e+000
3.799142e+003,3.193075e+000
3.799624e+003,3.196138e+000
3.800106e+003,3.203818e+000
3.800588e+003,3.214862e+000
3.801070e+003,3.226607e+000
3.801552e+003,3.235714e+000
3.802034e+003,3.239532e+000
3.802516e+003,3.237214e+000
3.802999e+003,3.229885e+000
3.803481e+003,3.219945e+000
3.803963e+003,3.210196e+000
3.804445e+003,3.203203e+000
3.804927e+003,3.200940e+000
3.805409e+003,3.204480e+000
3.805891e+003,3.213708e+000
3.806373e+003,3.227111e+000
3.806855e+003,3.242006e+000
3.807338e+003,3.255329e+000
3.807820e+003,3.264675e+000
3.808302e+003,3.268959e+000
3.808784e+003,3.268414e+000
3.809266e+003,3.264052e+000
3.809748e+003,3.257065e+000
3.810230e+003,3.248391e+000
3.810712e+003,3.238619e+000
3.811195e+003,3.228064e+000
3.811677e+003,3.216967e+000
3.812159e+003,3.205725e+000
3.812641e+003,3.195061e+000
3.813123e+003,3.186017e+000
3.813605e+003,3.179855e+000
3.814087e+003,3.177694e+000
3.814570e+003,3.180040e+000
3.815052e+003,3.186251e+000
3.815534e+003,3.194375e+000
3.816016e+003,3.201553e+000
3.816498e+003,3.205083e+000
3.816980e+003,3.203445e+000
3.817462e+003,3.196728e+000
3.817944e+003,3.186349e+000
3.818427e+003,3.174468e+000
3.818909e+003,3.163430e+000
3.819391e+003,3.155298e+000
3.819873e+003,3.151451e+000
3.820355e+003,3.152122e+000
3.820837e+003,3.156116e+000
3.821319e+003,3.161145e+000
3.821801e+003,3.164733e+000
3.822283e+003,3.165265e+000
3.822766e+003,3.162430e+000
3.823248e+003,3.156965e+000
3.823730e+003,3.150091e+000
3.824212e+003,3.143044e+000
3.824694e+003,3.136794e+000
3.825176e+003,3.131916e+000
3.825658e+003,3.128539e+000
3.826140e+003,3.126411e+000
3.826623e+003,3.125033e+000
3.827105e+003,3.123879e+000
3.827587e+003,3.122625e+000
3.828069e+003,3.121268e+000
3.828551e+003,3.120105e+000
3.829033e+003,3.119622e+000
3.829515e+003,3.120287e+000
3.829998e+003,3.122389e+000
3.830479e+003,3.125891e+000
3.830962e+003,3.130379e+000
3.831444e+003,3.135152e+000
3.831926e+003,3.139369e+000
3.832408e+003,3.142277e+000
3.832890e+003,3.143389e+000
3.833372e+003,3.142539e+000
3.833854e+003,3.139875e+000
3.834337e+003,3.135767e+000
3.834819e+003,3.130730e+000
3.835301e+003,3.125374e+000
3.835783e+003,3.120387e+000
3.836265e+003,3.116466e+000
3.836747e+003,3.114235e+000
3.837229e+003,3.114036e+000
3.837711e+003,3.115794e+000
3.838194e+003,3.118898e+000
3.838676e+003,3.122366e+000
3.839158e+003,3.125087e+000
3.839640e+003,3.126230e+000
3.840122e+003,3.125443e+000
3.840604e+003,3.122980e+000
3.841086e+003,3.119563e+000
3.841568e+003,3.116217e+000
3.842051e+003,3.114029e+000
3.842533e+003,3.113862e+000
3.843015e+003,3.116158e+000
3.843497e+003,3.120806e+000
3.843979e+003,3.127129e+000
3.844461e+003,3.134079e+000
3.844943e+003,3.140441e+000
3.845426e+003,3.145108e+000
3.845907e+003,3.147209e+000
3.846390e+003,3.146175e+000
3.846872e+003,3.141711e+000
3.847354e+003,3.133747e+000
3.847836e+003,3.122404e+000
3.848318e+003,3.108007e+000
3.848800e+003,3.091120e+000
3.849282e+003,3.072624e+000
3.849765e+003,3.053819e+000
3.850247e+003,3.036510e+000
3.850729e+003,3.023108e+000
3.851211e+003,3.016574e+000
3.851693e+003,3.020036e+000
3.852175e+003,3.035802e+000
3.852657e+003,3.063716e+000
3.853139e+003,3.099788e+000
3.853622e+003,3.136786e+000
3.854104e+003,3.167248e+000
3.854586e+003,3.186749e+000
3.855068e+003,3.194793e+000
3.855550e+003,3.193494e+000
3.856032e+003,3.185757e+000
3.856514e+003,3.174147e+000
3.856996e+003,3.160585e+000
3.857479e+003,3.146358e+000
3.857961e+003,3.132349e+000
3.858443e+003,3.119187e+000
3.858925e+003,3.107350e+000
3.859407e+003,3.097151e+000
3.859889e+003,3.088729e+000
3.860371e+003,3.081981e+000
3.860854e+003,3.076627e+000
3.861336e+003,3.072278e+000
3.861818e+003,3.068610e+000
3.862300e+003,3.065500e+000
3.862782e+003,3.063083e+000
3.863264e+003,3.061615e+000
3.863746e+003,3.061245e+000
3.864228e+003,3.061784e+000
3.864710e+003,3.062617e+000
3.865193e+003,3.062915e+000
3.865675e+003,3.061977e+000
3.866157e+003,3.059576e+000
3.866639e+003,3.056113e+000
3.867121e+003,3.052508e+000
3.867603e+003,3.049978e+000
3.868085e+003,3.049628e+000
3.868567e+003,3.051995e+000
3.869050e+003,3.056657e+000
3.869532e+003,3.062182e+000
3.870014e+003,3.066609e+000
3.870496e+003,3.068335e+000
3.870978e+003,3.066880e+000
3.871460e+003,3.063023e+000
3.871942e+003,3.058361e+000
3.872424e+003,3.054636e+000
3.872906e+003,3.053111e+000
3.873389e+003,3.054178e+000
3.873871e+003,3.057225e+000
3.874353e+003,3.060873e+000
3.874835e+003,3.063483e+000
3.875317e+003,3.063792e+000
3.875799e+003,3.061292e+000
3.876281e+003,3.056321e+000
3.876764e+003,3.049829e+000
3.877246e+003,3.043088e+000
3.877728e+003,3.037385e+000
3.878210e+003,3.033797e+000
3.878692e+003,3.032969e+000
3.879174e+003,3.034933e+000
3.879656e+003,3.038958e+000
3.880138e+003,3.043679e+000
3.880621e+003,3.047489e+000
3.881103e+003,3.049075e+000
3.881585e+003,3.047896e+000
3.882067e+003,3.044307e+000
3.882549e+003,3.039379e+000
3.883031e+003,3.034597e+000
3.883513e+003,3.031452e+000
3.883995e+003,3.031078e+000
3.884478e+003,3.033804e+000
3.884960e+003,3.038858e+000
3.885442e+003,3.044393e+000
3.885924e+003,3.048033e+000
3.886406e+003,3.047716e+000
3.886888e+003,3.042445e+000
3.887370e+003,3.032469e+000
3.887853e+003,3.019044e+000
3.888334e+003,3.004021e+000
3.888817e+003,2.989470e+000
3.889299e+003,2.977436e+000
3.889781e+003,2.969686e+000
3.890263e+003,2.967400e+000
3.890745e+003,2.970844e+000
3.891227e+003,2.979104e+000
3.891709e+003,2.990226e+000
3.892192e+003,3.001692e+000
3.892674e+003,3.011127e+000
3.893156e+003,3.016833e+000
3.893638e+003,3.018002e+000
3.894120e+003,3.014631e+000
3.894602e+003,3.007313e+000
3.895084e+003,2.997016e+000
3.895566e+003,2.984957e+000
3.896049e+003,2.972453e+000
3.896531e+003,2.960825e+000
3.897013e+003,2.951276e+000
3.897495e+003,2.944729e+000
3.897977e+003,2.941641e+000
3.898459e+003,2.941903e+000
3.898941e+003,2.944811e+000
3.899423e+003,2.949257e+000
3.899906e+003,2.954039e+000
3.900388e+003,2.958273e+000
3.900870e+003,2.961621e+000
3.901352e+003,2.964373e+000
3.901834e+003,2.967224e+000
3.902316e+003,2.970973e+000
3.902798e+003,2.976123e+000
3.903281e+003,2.982689e+000
3.903762e+003,2.990155e+000
3.904245e+003,2.997666e+000
3.904727e+003,3.004359e+000
3.905209e+003,3.009641e+000
3.905691e+003,3.013288e+000
3.906173e+003,3.015357e+000
3.906655e+003,3.015975e+000
3.907137e+003,3.015203e+000
3.907620e+003,3.012939e+000
3.908102e+003,3.009001e+000
3.908584e+003,3.003253e+000
3.909066e+003,2.995780e+000
3.909548e+003,2.986969e+000
3.910030e+003,2.977523e+000
3.910512e+003,2.968301e+000
3.910994e+003,2.960111e+000
3.911477e+003,2.953471e+000
3.911959e+003,2.948483e+000
3.912441e+003,2.944847e+000
3.912923e+003,2.942010e+000
3.913405e+003,2.939399e+000
3.913887e+003,2.936611e+000
3.914369e+003,2.933537e+000
3.914851e+003,2.930361e+000
3.915333e+003,2.927462e+000
3.915816e+003,2.925251e+000
3.916298e+003,2.924005e+000
3.916780e+003,2.923778e+000
3.917262e+003,2.924387e+000
3.917744e+003,2.925499e+000
3.918226e+003,2.926741e+000
3.918708e+003,2.927812e+000
3.919190e+003,2.928529e+000
3.919673e+003,2.928845e+000
3.920155e+003,2.928815e+000
3.920637e+003,2.928609e+000
3.921119e+003,2.928473e+000
3.921601e+003,2.928751e+000
3.922083e+003,2.929819e+000
3.922565e+003,2.932049e+000
3.923048e+003,2.935685e+000
3.923530e+003,2.940754e+000
3.924012e+003,2.946981e+000
3.924494e+003,2.953799e+000
3.924976e+003,2.960430e+000
3.925458e+003,2.966067e+000
3.925940e+003,2.970051e+000
3.926422e+003,2.972000e+000
3.926905e+003,2.971854e+000
3.927387e+003,2.969829e+000
3.927869e+003,2.966344e+000
3.928351e+003,2.961957e+000
3.928833e+003,2.957271e+000
3.929315e+003,2.952884e+000
3.929797e+003,2.949288e+000
3.930279e+003,2.946803e+000
3.930761e+003,2.945500e+000
3.931244e+003,2.945173e+000
3.931726e+003,2.945351e+000
3.932208e+003,2.945426e+000
3.932690e+003,2.944824e+000
3.933172e+003,2.943165e+000
3.933654e+003,2.940375e+000
3.934136e+003,2.936724e+000
3.934618e+003,2.932744e+000
3.935101e+003,2.929076e+000
3.935583e+003,2.926284e+000
3.936065e+003,2.924725e+000
3.936547e+003,2.924403e+000
3.937029e+003,2.924974e+000
3.937511e+003,2.925796e+000
3.937993e+003,2.926125e+000
3.938476e+003,2.925297e+000
3.938958e+003,2.922930e+000
3.939440e+003,2.919028e+000
3.939922e+003,2.913953e+000
3.940404e+003,2.908301e+000
3.940886e+003,2.902719e+000
3.941368e+003,2.897674e+000
3.941850e+003,2.893344e+000
3.942333e+003,2.889606e+000
3.942815e+003,2.886126e+000
3.943297e+003,2.882599e+000
3.943779e+003,2.878917e+000
3.944261e+003,2.875266e+000
3.944743e+003,2.872093e+000
3.945225e+003,2.869924e+000
3.945707e+003,2.869197e+000
3.946189e+003,2.870083e+000
3.946672e+003,2.872424e+000
3.947154e+003,2.875727e+000
3.947636e+003,2.879291e+000
3.948118e+003,2.882382e+000
3.948600e+003,2.884415e+000
3.949082e+003,2.885062e+000
3.949564e+003,2.884319e+000
3.950046e+003,2.882448e+000
3.950529e+003,2.879904e+000
3.951011e+003,2.877230e+000
3.951493e+003,2.874981e+000
3.951975e+003,2.873648e+000
3.952457e+003,2.873601e+000
3.952939e+003,2.875000e+000
3.953421e+003,2.877777e+000
3.953904e+003,2.881565e+000
3.954385e+003,2.885786e+000
3.954868e+003,2.889732e+000
3.955350e+003,2.892727e+000
3.955832e+003,2.894307e+000
3.956314e+003,2.894325e+000
3.956796e+003,2.893010e+000
3.957278e+003,2.890903e+000
3.957760e+003,2.888714e+000
3.958243e+003,2.887141e+000
3.958725e+003,2.886703e+000
3.959207e+003,2.887620e+000
3.959689e+003,2.889757e+000
3.960171e+003,2.892666e+000
3.960653e+003,2.895672e+000
3.961135e+003,2.898011e+000
3.961617e+003,2.898973e+000
3.962100e+003,2.898082e+000
3.962582e+003,2.895177e+000
3.963064e+003,2.890483e+000
3.963546e+003,2.884545e+000
3.964028e+003,2.878141e+000
3.964510e+003,2.872066e+000
3.964992e+003,2.866986e+000
3.965474e+003,2.863272e+000
3.965957e+003,2.860939e+000
3.966439e+003,2.859666e+000
3.966921e+003,2.858903e+000
3.967403e+003,2.858027e+000
3.967885e+003,2.856523e+000
3.968367e+003,2.854078e+000
3.968849e+003,2.850672e+000
3.969332e+003,2.846514e+000
3.969813e+003,2.841980e+000
3.970296e+003,2.837510e+000
3.970778e+003,2.833505e+000
3.971260e+003,2.830287e+000
3.971742e+003,2.828081e+000
3.972224e+003,2.827004e+000
3.972706e+003,2.827106e+000
3.973188e+003,2.828354e+000
3.973671e+003,2.830627e+000
3.974153e+003,2.833716e+000
3.974635e+003,2.837303e+000
3.975117e+003,2.840990e+000
3.975599e+003,2.844344e+000
3.976081e+003,2.846953e+000
3.976563e+003,2.848524e+000
3.977045e+003,2.848920e+000
3.977528e+003,2.848216e+000
3.978010e+003,2.846676e+000
3.978492e+003,2.844711e+000
3.978974e+003,2.842781e+000
3.979456e+003,2.841298e+000
3.979938e+003,2.840533e+000
3.980420e+003,2.840562e+000
3.980902e+003,2.841250e+000
3.981385e+003,2.842298e+000
3.981867e+003,2.843323e+000
3.982349e+003,2.843955e+000
3.982831e+003,2.843895e+000
3.983313e+003,2.843008e+000
3.983795e+003,2.841277e+000
3.984277e+003,2.838828e+000
3.984760e+003,2.835853e+000
3.985242e+003,2.832594e+000
3.985724e+003,2.829306e+000
3.986206e+003,2.826232e+000
3.986688e+003,2.823579e+000
3.987170e+003,2.821501e+000
3.987652e+003,2.820072e+000
3.988134e+003,2.819278e+000
3.988616e+003,2.819013e+000
3.989099e+003,2.819095e+000
3.989581e+003,2.819293e+000
3.990063e+003,2.819383e+000
3.990545e+003,2.819178e+000
3.991027e+003,2.818579e+000
3.991509e+003,2.817566e+000
3.991991e+003,2.816228e+000
3.992473e+003,2.814725e+000
3.992956e+003,2.813288e+000
3.993438e+003,2.812146e+000
3.993920e+003,2.811519e+000
3.994402e+003,2.811531e+000
3.994884e+003,2.812169e+000
3.995366e+003,2.813227e+000
3.995848e+003,2.814354e+000
3.996330e+003,2.815082e+000
3.996813e+003,2.814936e+000
3.997295e+003,2.813543e+000
3.997777e+003,2.810755e+000
3.998259e+003,2.806674e+000
3.998741e+003,2.801666e+000
3.999223e+003,2.796254e+000
3.999705e+003,2.791054e+000
4.000188e+003,2.786619e+000
