3.996813e+002,0.000000e+000
4.001635e+002,6.441243e+001
4.006456e+002,6.457368e+001
4.011277e+002,6.471039e+001
4.016098e+002,6.480392e+001
4.020919e+002,6.484633e+001
4.025741e+002,6.484203e+001
4.030562e+002,6.480597e+001
4.035383e+002,6.475745e+001
4.040204e+002,6.471294e+001
4.045026e+002,6.468048e+001
4.049847e+002,6.465852e+001
4.054668e+002,6.463934e+001
4.059489e+002,6.461547e+001
4.064311e+002,6.458513e+001
4.069132e+002,6.455437e+001
4.073953e+002,6.453457e+001
4.078774e+002,6.453677e+001
4.083596e+002,6.456631e+001
4.088417e+002,6.462005e+001
4.093238e+002,6.468845e+001
4.098059e+002,6.475992e+001
4.102881e+002,6.482581e+001
4.107702e+002,6.488295e+001
4.112523e+002,6.493293e+001
4.117344e+002,6.497894e+001
4.122166e+002,6.502180e+001
4.126987e+002,6.505894e+001
4.131808e+002,6.508524e+001
4.136629e+002,6.509673e+001
4.141451e+002,6.509285e+001
4.146272e+002,6.507704e+001
4.151093e+002,6.505449e+001
4.155914e+002,6.502824e+001
4.160736e+002,6.499578e+001
4.165557e+002,6.494788e+001
4.170378e+002,6.487089e+001
4.175200e+002,6.475278e+001
4.180021e+002,6.459246e+001
4.184842e+002,6.440681e+001
4.189663e+002,6.422780e+001
4.194484e+002,6.408929e+001
4.199306e+002,6.401015e+001
4.204127e+002,6.398835e+001
4.208948e+002,6.400749e+001
4.213770e+002,6.404842e+001
4.218591e+002,6.409705e+001
4.223412e+002,6.414755e+001
4.228233e+002,6.420027e+001
4.233055e+002,6.425813e+001
4.237876e+002,6.432260e+001
4.242697e+002,6.439131e+001
4.247518e+002,6.445863e+001
4.252339e+002,6.451811e+001
4.257161e+002,6.456567e+001
4.261982e+002,6.460122e+001
4.266803e+002,6.462799e+001
4.271624e+002,6.465066e+001
4.276446e+002,6.467242e+001
4.281267e+002,6.469408e+001
4.286088e+002,6.471409e+001
4.290909e+002,6.473052e+001
4.295731e+002,6.474242e+001
4.300552e+002,6.475064e+001
4.305373e+002,6.475720e+001
4.310194e+002,6.476360e+001
4.315016e+002,6.476927e+001
4.319837e+002,6.477158e+001
4.324658e+002,6.476690e+001
4.329479e+002,6.475314e+001
4.334301e+002,6.473104e+001
4.339122e+002,6.470453e+001
4.343943e+002,6.467897e+001
4.348764e+002,6.465849e+001
4.353586e+002,6.464365e+001
4.358407e+002,6.463092e+001
4.363228e+002,6.461422e+001
4.368049e+002,6.458817e+001
4.372870e+002,6.455083e+001
4.377692e+002,6.450495e+001
4.382513e+002,6.445652e+001
4.387334e+002,6.441239e+001
4.392155e+002,6.437750e+001
4.396977e+002,6.435368e+001
4.401798e+002,6.434000e+001
4.406619e+002,6.433448e+001
4.411440e+002,6.433545e+001
4.416262e+002,6.434267e+001
4.421083e+002,6.435661e+001
4.425904e+002,6.437709e+001
4.430725e+002,6.440174e+001
4.435547e+002,6.442581e+001
4.440368e+002,6.444374e+001
4.445189e+002,6.445134e+001
4.450010e+002,6.444780e+001
4.454832e+002,6.443587e+001
4.459653e+002,6.442061e+001
4.464474e+002,6.440698e+001
4.469295e+002,6.439783e+001
4.474117e+002,6.439303e+001
4.478938e+002,6.439029e+001
4.483759e+002,6.438704e+001
4.488580e+002,6.438204e+001
4.493401e+002,6.437581e+001
4.498223e+002,6.436970e+001
4.503044e+002,6.436420e+001
4.507865e+002,6.435722e+001
4.512687e+002,6.434396e+001
4.517508e+002,6.431813e+001
4.522329e+002,6.427477e+001
4.527150e+002,6.421241e+001
4.531971e+002,6.413437e+001
4.536793e+002,6.404739e+001
4.541614e+002,6.395943e+001
4.546435e+002,6.387721e+001
4.551257e+002,6.380529e+001
4.556078e+002,6.374639e+001
4.560899e+002,6.370296e+001
4.565720e+002,6.367792e+001
4.570542e+002,6.367463e+001
4.575363e+002,6.369498e+001
4.580184e+002,6.373710e+001
4.585005e+002,6.379405e+001
4.589827e+002,6.385497e+001
4.594648e+002,6.390861e+001
4.599469e+002,6.394674e+001
4.604290e+002,6.396643e+001
4.609112e+002,6.396973e+001
4.613933e+002,6.396217e+001
4.618754e+002,6.395013e+001
4.623575e+002,6.393870e+001
4.628397e+002,6.393056e+001
4.633218e+002,6.392630e+001
4.638039e+002,6.392558e+001
4.642860e+002,6.392826e+001
4.647682e+002,6.393453e+001
4.652503e+002,6.394419e+001
4.657324e+002,6.395552e+001
4.662145e+002,6.396443e+001
4.666967e+002,6.396519e+001
4.671788e+002,6.395249e+001
4.676609e+002,6.392428e+001
4.681430e+002,6.388338e+001
4.686252e+002,6.383726e+001
4.691073e+002,6.379553e+001
4.695894e+002,6.376624e+001
4.700715e+002,6.375290e+001
4.705536e+002,6.375295e+001
4.710358e+002,6.375883e+001
4.715179e+002,6.376112e+001
4.720000e+002,6.375234e+001
4.724821e+002,6.373019e+001
4.729643e+002,6.369785e+001
4.734464e+002,6.366196e+001
4.739285e+002,6.362881e+001
4.744106e+002,6.360176e+001
4.748928e+002,6.358059e+001
4.753749e+002,6.356298e+001
4.758570e+002,6.354639e+001
4.763391e+002,6.352980e+001
4.768213e+002,6.351394e+001
4.773034e+002,6.350071e+001
4.777855e+002,6.349165e+001
4.782676e+002,6.348709e+001
4.787498e+002,6.348605e+001
4.792319e+002,6.348687e+001
4.797140e+002,6.348851e+001
4.801961e+002,6.349112e+001
4.806783e+002,6.349575e+001
4.811604e+002,6.350370e+001
4.816425e+002,6.351512e+001
4.821246e+002,6.352855e+001
4.826068e+002,6.354116e+001
4.830889e+002,6.354988e+001
4.835710e+002,6.355247e+001
4.840531e+002,6.354834e+001
4.845352e+002,6.353819e+001
4.850174e+002,6.352311e+001
4.854995e+002,6.350348e+001
4.859816e+002,6.347871e+001
4.864637e+002,6.344786e+001
4.869459e+002,6.341106e+001
4.874280e+002,6.337020e+001
4.879101e+002,6.332916e+001
4.883922e+002,6.329277e+001
4.888744e+002,6.326520e+001
4.893565e+002,6.324822e+001
4.898386e+002,6.324067e+001
4.903207e+002,6.323883e+001
4.908029e+002,6.323814e+001
4.912850e+002,6.323472e+001
4.917671e+002,6.322681e+001
4.922492e+002,6.321464e+001
4.927314e+002,6.319967e+001
4.932135e+002,6.318314e+001
4.936956e+002,6.316543e+001
4.941777e+002,6.314599e+001
4.946599e+002,6.312445e+001
4.951420e+002,6.310137e+001
4.956241e+002,6.307865e+001
4.961062e+002,6.305910e+001
4.965884e+002,6.304509e+001
4.970705e+002,6.303736e+001
4.975526e+002,6.303436e+001
4.980347e+002,6.303287e+001
4.985169e+002,6.302910e+001
4.989990e+002,6.302020e+001
4.994811e+002,6.300531e+001
4.999633e+002,6.298548e+001
5.004454e+002,6.296289e+001
5.009275e+002,6.293963e+001
5.014096e+002,6.291663e+001
5.018917e+002,6.289340e+001
5.023739e+002,6.286879e+001
5.028560e+002,6.284166e+001
5.033381e+002,6.281166e+001
5.038203e+002,6.277921e+001
5.043024e+002,6.274499e+001
5.047845e+002,6.270921e+001
5.052666e+002,6.267133e+001
5.057487e+002,6.263048e+001
5.062309e+002,6.258611e+001
5.067130e+002,6.253877e+001
5.071951e+002,6.249031e+001
5.076772e+002,6.244319e+001
5.081594e+002,6.239951e+001
5.086415e+002,6.235985e+001
5.091236e+002,6.232291e+001
5.096057e+002,6.228601e+001
5.100879e+002,6.224617e+001
5.105700e+002,6.220130e+001
5.110521e+002,6.215081e+001
5.115342e+002,6.209571e+001
5.120164e+002,6.203789e+001
5.124985e+002,6.197925e+001
5.129806e+002,6.192114e+001
5.134627e+002,6.186429e+001
5.139448e+002,6.180919e+001
5.144270e+002,6.175658e+001
5.149091e+002,6.170760e+001
5.153912e+002,6.166351e+001
5.158734e+002,6.162506e+001
5.163555e+002,6.159180e+001
5.168376e+002,6.156200e+001
5.173197e+002,6.153312e+001
5.178019e+002,6.150296e+001
5.182840e+002,6.147053e+001
5.187661e+002,6.143653e+001
5.192482e+002,6.140290e+001
5.197303e+002,6.137183e+001
5.202125e+002,6.134476e+001
5.206946e+002,6.132183e+001
5.211767e+002,6.130202e+001
5.216588e+002,6.128387e+001
5.221410e+002,6.126610e+001
5.226231e+002,6.124815e+001
5.231052e+002,6.122991e+001
5.235873e+002,6.121149e+001
5.240695e+002,6.119269e+001
5.245516e+002,6.117294e+001
5.250337e+002,6.115163e+001
5.255159e+002,6.112874e+001
5.259980e+002,6.110531e+001
5.264801e+002,6.108345e+001
5.269622e+002,6.106553e+001
5.274443e+002,6.105338e+001
5.279265e+002,6.104738e+001
5.284086e+002,6.104644e+001
5.288907e+002,6.104852e+001
5.293728e+002,6.105151e+001
5.298550e+002,6.105409e+001
5.303371e+002,6.105598e+001
5.308192e+002,6.105773e+001
5.313013e+002,6.105997e+001
5.317834e+002,6.106278e+001
5.322656e+002,6.106520e+001
5.327477e+002,6.106574e+001
5.332299e+002,6.106289e+001
5.337120e+002,6.105595e+001
5.341941e+002,6.104542e+001
5.346762e+002,6.103279e+001
5.351583e+002,6.101994e+001
5.356404e+002,6.100834e+001
5.361226e+002,6.099868e+001
5.366047e+002,6.099093e+001
5.370868e+002,6.098483e+001
5.375690e+002,6.098040e+001
5.380511e+002,6.097815e+001
5.385332e+002,6.097879e+001
5.390153e+002,6.098270e+001
5.394974e+002,6.098934e+001
5.399796e+002,6.099709e+001
5.404617e+002,6.100378e+001
5.409438e+002,6.100740e+001
5.414260e+002,6.100708e+001
5.419081e+002,6.100330e+001
5.423902e+002,6.099774e+001
5.428723e+002,6.099238e+001
5.433544e+002,6.098863e+001
5.438365e+002,6.098667e+001
5.443187e+002,6.098540e+001
5.448008e+002,6.098312e+001
5.452830e+002,6.097812e+001
5.457651e+002,6.096939e+001
5.462472e+002,6.095679e+001
5.467293e+002,6.094071e+001
5.472114e+002,6.092165e+001
5.476936e+002,6.089982e+001
5.481757e+002,6.087531e+001
5.486578e+002,6.084832e+001
5.491400e+002,6.081960e+001
5.496221e+002,6.079060e+001
5.501042e+002,6.076314e+001
5.505863e+002,6.073882e+001
5.510684e+002,6.071850e+001
5.515505e+002,6.070198e+001
5.520327e+002,6.068819e+001
5.525148e+002,6.067588e+001
5.529969e+002,6.066410e+001
5.534791e+002,6.065265e+001
5.539612e+002,6.064186e+001
5.544433e+002,6.063231e+001
5.549254e+002,6.062409e+001
5.554076e+002,6.061671e+001
5.558896e+002,6.060922e+001
5.563718e+002,6.060064e+001
5.568539e+002,6.059056e+001
5.573361e+002,6.057938e+001
5.578182e+002,6.056809e+001
5.583003e+002,6.055781e+001
5.587825e+002,6.054914e+001
5.592645e+002,6.054193e+001
5.597467e+002,6.053540e+001
5.602288e+002,6.052865e+001
5.607109e+002,6.052125e+001
5.611931e+002,6.051347e+001
5.616752e+002,6.050625e+001
5.621573e+002,6.050075e+001
5.626394e+002,6.049778e+001
5.631216e+002,6.049750e+001
5.636037e+002,6.049951e+001
5.640858e+002,6.050320e+001
5.645679e+002,6.050819e+001
5.650500e+002,6.051451e+001
5.655322e+002,6.052253e+001
5.660143e+002,6.053251e+001
5.664965e+002,6.054425e+001
5.669785e+002,6.055698e+001
5.674607e+002,6.056960e+001
5.679428e+002,6.058124e+001
5.684249e+002,6.059170e+001
5.689070e+002,6.060159e+001
5.693892e+002,6.061203e+001
5.698713e+002,6.062389e+001
5.703534e+002,6.063719e+001
5.708356e+002,6.065079e+001
5.713177e+002,6.066277e+001
5.717998e+002,6.067105e+001
5.722819e+002,6.067428e+001
5.727640e+002,6.067232e+001
5.732462e+002,6.066629e+001
5.737283e+002,6.065820e+001
5.742104e+002,6.065030e+001
5.746925e+002,6.064438e+001
5.751747e+002,6.064167e+001
5.756568e+002,6.064272e+001
5.761389e+002,6.064767e+001
5.766210e+002,6.065644e+001
5.771031e+002,6.066884e+001
5.775853e+002,6.068450e+001
5.780674e+002,6.070290e+001
5.785496e+002,6.072333e+001
5.790317e+002,6.074527e+001
5.795138e+002,6.076843e+001
5.799959e+002,6.079290e+001
5.804780e+002,6.081885e+001
5.809601e+002,6.084611e+001
5.814423e+002,6.087372e+001
5.819244e+002,6.089982e+001
5.824066e+002,6.092183e+001
5.828887e+002,6.093746e+001
5.833708e+002,6.094550e+001
5.838529e+002,6.094642e+001
5.843350e+002,6.094235e+001
5.848171e+002,6.093650e+001
5.852993e+002,6.093200e+001
5.857814e+002,6.093096e+001
5.862635e+002,6.093388e+001
5.867457e+002,6.093996e+001
5.872278e+002,6.094757e+001
5.877099e+002,6.095533e+001
5.881920e+002,6.096243e+001
5.886741e+002,6.096876e+001
5.891563e+002,6.097452e+001
5.896384e+002,6.097962e+001
5.901205e+002,6.098351e+001
5.906027e+002,6.098515e+001
5.910848e+002,6.098369e+001
5.915669e+002,6.097894e+001
5.920490e+002,6.097167e+001
5.925311e+002,6.096344e+001
5.930133e+002,6.095598e+001
5.934954e+002,6.095041e+001
5.939775e+002,6.094679e+001
5.944597e+002,6.094424e+001
5.949418e+002,6.094139e+001
5.954239e+002,6.093699e+001
5.959060e+002,6.093044e+001
5.963882e+002,6.092185e+001
5.968702e+002,6.091184e+001
5.973524e+002,6.090113e+001
5.978345e+002,6.089022e+001
5.983167e+002,6.087943e+001
5.987988e+002,6.086901e+001
5.992809e+002,6.085944e+001
5.997630e+002,6.085130e+001
6.002451e+002,6.084521e+001
6.007273e+002,6.084133e+001
6.012094e+002,6.083912e+001
6.016915e+002,6.083744e+001
6.021736e+002,6.083494e+001
6.026558e+002,6.083079e+001
6.031379e+002,6.082507e+001
6.036200e+002,6.081900e+001
6.041022e+002,6.081433e+001
6.045842e+002,6.081268e+001
6.050664e+002,6.081466e+001
6.055485e+002,6.081953e+001
6.060306e+002,6.082547e+001
6.065128e+002,6.083012e+001
6.069949e+002,6.083154e+001
6.074770e+002,6.082881e+001
6.079591e+002,6.082203e+001
6.084413e+002,6.081219e+001
6.089234e+002,6.080038e+001
6.094055e+002,6.078761e+001
6.098876e+002,6.077451e+001
6.103698e+002,6.076161e+001
6.108519e+002,6.074952e+001
6.113340e+002,6.073912e+001
6.118162e+002,6.073112e+001
6.122983e+002,6.072561e+001
6.127804e+002,6.072161e+001
6.132625e+002,6.071687e+001
6.137446e+002,6.070850e+001
6.142267e+002,6.069376e+001
6.147089e+002,6.067120e+001
6.151910e+002,6.064145e+001
6.156731e+002,6.060736e+001
6.161553e+002,6.057355e+001
6.166374e+002,6.054515e+001
6.171195e+002,6.052661e+001
6.176016e+002,6.052057e+001
6.180837e+002,6.052743e+001
6.185659e+002,6.054536e+001
6.190480e+002,6.057093e+001
6.195302e+002,6.059972e+001
6.200123e+002,6.062714e+001
6.204944e+002,6.064908e+001
6.209765e+002,6.066233e+001
6.214586e+002,6.066520e+001
6.219407e+002,6.065784e+001
6.224229e+002,6.064222e+001
6.229050e+002,6.062181e+001
6.233871e+002,6.060075e+001
6.238693e+002,6.058289e+001
6.243514e+002,6.057084e+001
6.248335e+002,6.056541e+001
6.253156e+002,6.056569e+001
6.257977e+002,6.056954e+001
6.262798e+002,6.057439e+001
6.267620e+002,6.057807e+001
6.272441e+002,6.057906e+001
6.277263e+002,6.057676e+001
6.282084e+002,6.057116e+001
6.286905e+002,6.056255e+001
6.291726e+002,6.055139e+001
6.296547e+002,6.053827e+001
6.301368e+002,6.052384e+001
6.306190e+002,6.050874e+001
6.311011e+002,6.049339e+001
6.315833e+002,6.047781e+001
6.320654e+002,6.046149e+001
6.325475e+002,6.044351e+001
6.330296e+002,6.042300e+001
6.335117e+002,6.039965e+001
6.339939e+002,6.037408e+001
6.344760e+002,6.034784e+001
6.349581e+002,6.032299e+001
6.354402e+002,6.030143e+001
6.359224e+002,6.028415e+001
6.364045e+002,6.027088e+001
6.368866e+002,6.026033e+001
6.373687e+002,6.025065e+001
6.378508e+002,6.024023e+001
6.383330e+002,6.022824e+001
6.388151e+002,6.021481e+001
6.392972e+002,6.020073e+001
6.397794e+002,6.018696e+001
6.402615e+002,6.017411e+001
6.407436e+002,6.016214e+001
6.412257e+002,6.015040e+001
6.417079e+002,6.013770e+001
6.421899e+002,6.012275e+001
6.426721e+002,6.010417e+001
6.431542e+002,6.008073e+001
6.436364e+002,6.005127e+001
6.441185e+002,6.001496e+001
6.446006e+002,5.997156e+001
6.450827e+002,5.992165e+001
6.455648e+002,5.986692e+001
6.460470e+002,5.980995e+001
6.465291e+002,5.975393e+001
6.470112e+002,5.970185e+001
6.474933e+002,5.965608e+001
6.479755e+002,5.961791e+001
6.484576e+002,5.958760e+001
6.489397e+002,5.956481e+001
6.494219e+002,5.954890e+001
6.499040e+002,5.953936e+001
6.503861e+002,5.953581e+001
6.508682e+002,5.953772e+001
6.513503e+002,5.954412e+001
6.518325e+002,5.955340e+001
6.523146e+002,5.956353e+001
6.527968e+002,5.957246e+001
6.532788e+002,5.957873e+001
6.537610e+002,5.958181e+001
6.542431e+002,5.958232e+001
6.547252e+002,5.958179e+001
6.552073e+002,5.958220e+001
6.556895e+002,5.958554e+001
6.561716e+002,5.959348e+001
6.566537e+002,5.960712e+001
6.571359e+002,5.962683e+001
6.576179e+002,5.965219e+001
6.581001e+002,5.968176e+001
6.585822e+002,5.971331e+001
6.590643e+002,5.974405e+001
6.595464e+002,5.977133e+001
6.600286e+002,5.979363e+001
6.605107e+002,5.981134e+001
6.609928e+002,5.982702e+001
6.614750e+002,5.984479e+001
6.619571e+002,5.986878e+001
6.624392e+002,5.990114e+001
6.629213e+002,5.994024e+001
6.634034e+002,5.997965e+001
6.638856e+002,6.000849e+001
6.643677e+002,6.001236e+001
6.648499e+002,5.997482e+001
6.653320e+002,5.987904e+001
6.658141e+002,5.971011e+001
6.662962e+002,5.946008e+001
6.667783e+002,5.913622e+001
6.672605e+002,5.877205e+001
6.677426e+002,5.843181e+001
6.682247e+002,5.819460e+001
6.687068e+002,5.811731e+001
6.691890e+002,5.820431e+001
6.696711e+002,5.841181e+001
6.701532e+002,5.867799e+001
6.706353e+002,5.894940e+001
6.711174e+002,5.919072e+001
6.715996e+002,5.938361e+001
6.720817e+002,5.952215e+001
6.725638e+002,5.960900e+001
6.730460e+002,5.965255e+001
6.735281e+002,5.966452e+001
6.740102e+002,5.965753e+001
6.744923e+002,5.964257e+001
6.749745e+002,5.962725e+001
6.754565e+002,5.961530e+001
6.759387e+002,5.960722e+001
6.764208e+002,5.960164e+001
6.769030e+002,5.959690e+001
6.773851e+002,5.959189e+001
6.778672e+002,5.958643e+001
6.783493e+002,5.958096e+001
6.788314e+002,5.957622e+001
6.793136e+002,5.957288e+001
6.797957e+002,5.957159e+001
6.802778e+002,5.957305e+001
6.807599e+002,5.957798e+001
6.812421e+002,5.958702e+001
6.817242e+002,5.960044e+001
6.822063e+002,5.961784e+001
6.826885e+002,5.963828e+001
6.831705e+002,5.966045e+001
6.836527e+002,5.968314e+001
6.841348e+002,5.970573e+001
6.846169e+002,5.972823e+001
6.850991e+002,5.975115e+001
6.855812e+002,5.977511e+001
6.860634e+002,5.980044e+001
6.865454e+002,5.982701e+001
6.870276e+002,5.985438e+001
6.875096e+002,5.988217e+001
6.879918e+002,5.991049e+001
6.884739e+002,5.993997e+001
6.889561e+002,5.997164e+001
6.894382e+002,6.000642e+001
6.899203e+002,6.004477e+001
6.904025e+002,6.008641e+001
6.908845e+002,6.013039e+001
6.913667e+002,6.017545e+001
6.918488e+002,6.022041e+001
6.923309e+002,6.026431e+001
6.928130e+002,6.030650e+001
6.932952e+002,6.034637e+001
6.937773e+002,6.038334e+001
6.942594e+002,6.041680e+001
6.947416e+002,6.044644e+001
6.952236e+002,6.047253e+001
6.957058e+002,6.049612e+001
6.961879e+002,6.051880e+001
6.966700e+002,6.054235e+001
6.971522e+002,6.056805e+001
6.976343e+002,6.059623e+001
6.981165e+002,6.062620e+001
6.985985e+002,6.065667e+001
6.990807e+002,6.068634e+001
6.995628e+002,6.071460e+001
7.000449e+002,6.074160e+001
7.005270e+002,6.076819e+001
7.010092e+002,6.079530e+001
7.014913e+002,6.082333e+001
7.019734e+002,6.085185e+001
7.024556e+002,6.087964e+001
7.029377e+002,6.090528e+001
7.034198e+002,6.092756e+001
7.039019e+002,6.094600e+001
7.043840e+002,6.096081e+001
7.048662e+002,6.097265e+001
7.053483e+002,6.098210e+001
7.058304e+002,6.098940e+001
7.063125e+002,6.099447e+001
7.067947e+002,6.099720e+001
7.072768e+002,6.099783e+001
7.077589e+002,6.099713e+001
7.082410e+002,6.099634e+001
7.087231e+002,6.099680e+001
7.092053e+002,6.099943e+001
7.096874e+002,6.100447e+001
7.101696e+002,6.101140e+001
7.106517e+002,6.101924e+001
7.111338e+002,6.102699e+001
7.116159e+002,6.103395e+001
7.120980e+002,6.103983e+001
7.125802e+002,6.104461e+001
7.130623e+002,6.104832e+001
7.135444e+002,6.105078e+001
7.140265e+002,6.105149e+001
7.145087e+002,6.104985e+001
7.149908e+002,6.104515e+001
7.154729e+002,6.103674e+001
7.159550e+002,6.102401e+001
7.164371e+002,6.100636e+001
7.169193e+002,6.098336e+001
7.174014e+002,6.095490e+001
7.178835e+002,6.092191e+001
7.183657e+002,6.088655e+001
7.188478e+002,6.085252e+001
7.193299e+002,6.082439e+001
7.198120e+002,6.080668e+001
7.202942e+002,6.080260e+001
7.207762e+002,6.081292e+001
7.212584e+002,6.083562e+001
7.217405e+002,6.086650e+001
7.222227e+002,6.090030e+001
7.227048e+002,6.093215e+001
7.231869e+002,6.095865e+001
7.236691e+002,6.097825e+001
7.241511e+002,6.099110e+001
7.246333e+002,6.099837e+001
7.251154e+002,6.100156e+001
7.255975e+002,6.100200e+001
7.260797e+002,6.100068e+001
7.265618e+002,6.099836e+001
7.270439e+002,6.099572e+001
7.275260e+002,6.099332e+001
7.280082e+002,6.099154e+001
7.284902e+002,6.099041e+001
7.289724e+002,6.098942e+001
7.294545e+002,6.098785e+001
7.299366e+002,6.098495e+001
7.304188e+002,6.098037e+001
7.309009e+002,6.097432e+001
7.313831e+002,6.096748e+001
7.318651e+002,6.096066e+001
7.323473e+002,6.095441e+001
7.328293e+002,6.094871e+001
7.333115e+002,6.094310e+001
7.337936e+002,6.093692e+001
7.342758e+002,6.092976e+001
7.347579e+002,6.092167e+001
7.352400e+002,6.091325e+001
7.357222e+002,6.090522e+001
7.362042e+002,6.089822e+001
7.366864e+002,6.089236e+001
7.371685e+002,6.088736e+001
7.376506e+002,6.088271e+001
7.381328e+002,6.087801e+001
7.386149e+002,6.087325e+001
7.390970e+002,6.086882e+001
7.395791e+002,6.086531e+001
7.400613e+002,6.086310e+001
7.405434e+002,6.086226e+001
7.410255e+002,6.086237e+001
7.415076e+002,6.086289e+001
7.419897e+002,6.086330e+001
7.424719e+002,6.086341e+001
7.429540e+002,6.086325e+001
7.434362e+002,6.086293e+001
7.439182e+002,6.086234e+001
7.444004e+002,6.086105e+001
7.448825e+002,6.085839e+001
7.453646e+002,6.085377e+001
7.458467e+002,6.084696e+001
7.463289e+002,6.083833e+001
7.468110e+002,6.082864e+001
7.472931e+002,6.081882e+001
7.477753e+002,6.080950e+001
7.482574e+002,6.080083e+001
7.487395e+002,6.079247e+001
7.492216e+002,6.078391e+001
7.497037e+002,6.077482e+001
7.501859e+002,6.076533e+001
7.506680e+002,6.075596e+001
7.511501e+002,6.074739e+001
7.516322e+002,6.074012e+001
7.521144e+002,6.073414e+001
7.525965e+002,6.072900e+001
7.530786e+002,6.072396e+001
7.535608e+002,6.071842e+001
7.540428e+002,6.071209e+001
7.545250e+002,6.070514e+001
7.550071e+002,6.069796e+001
7.554893e+002,6.069095e+001
7.559714e+002,6.068429e+001
7.564535e+002,6.067790e+001
7.569356e+002,6.067160e+001
7.574177e+002,6.066530e+001
7.578999e+002,6.065907e+001
7.583820e+002,6.065314e+001
7.588641e+002,6.064771e+001
7.593463e+002,6.064271e+001
7.598284e+002,6.063771e+001
7.603105e+002,6.063216e+001
7.607926e+002,6.062559e+001
7.612748e+002,6.061791e+001
7.617568e+002,6.060952e+001
7.622390e+002,6.060113e+001
7.627211e+002,6.059340e+001
7.632032e+002,6.058659e+001
7.636854e+002,6.058030e+001
7.641675e+002,6.057367e+001
7.646496e+002,6.056572e+001
7.651317e+002,6.055582e+001
7.656139e+002,6.054403e+001
7.660959e+002,6.053101e+001
7.665781e+002,6.051794e+001
7.670602e+002,6.050589e+001
7.675424e+002,6.049555e+001
7.680245e+002,6.048706e+001
7.685066e+002,6.048005e+001
7.689888e+002,6.047393e+001
7.694708e+002,6.046807e+001
7.699530e+002,6.046191e+001
7.704351e+002,6.045497e+001
7.709172e+002,6.044678e+001
7.713994e+002,6.043680e+001
7.718815e+002,6.042478e+001
7.723636e+002,6.041080e+001
7.728457e+002,6.039548e+001
7.733279e+002,6.037996e+001
7.738099e+002,6.036560e+001
7.742921e+002,6.035349e+001
7.747742e+002,6.034409e+001
7.752563e+002,6.033696e+001
7.757385e+002,6.033108e+001
7.762206e+002,6.032510e+001
7.767028e+002,6.031804e+001
7.771848e+002,6.030946e+001
7.776670e+002,6.029955e+001
7.781491e+002,6.028895e+001
7.786312e+002,6.027818e+001
7.791133e+002,6.026751e+001
7.795955e+002,6.025679e+001
7.800776e+002,6.024574e+001
7.805597e+002,6.023415e+001
7.810419e+002,6.022222e+001
7.815239e+002,6.021050e+001
7.820061e+002,6.019966e+001
7.824882e+002,6.019015e+001
7.829703e+002,6.018188e+001
7.834525e+002,6.017431e+001
7.839346e+002,6.016655e+001
7.844167e+002,6.015772e+001
7.848988e+002,6.014728e+001
7.853810e+002,6.013512e+001
7.858631e+002,6.012152e+001
7.863452e+002,6.010688e+001
7.868273e+002,6.009163e+001
7.873094e+002,6.007608e+001
7.877916e+002,6.006055e+001
7.882737e+002,6.004549e+001
7.887559e+002,6.003146e+001
7.892380e+002,6.001906e+001
7.897201e+002,6.000860e+001
7.902022e+002,5.999999e+001
7.906843e+002,5.999250e+001
7.911665e+002,5.998503e+001
7.916486e+002,5.997649e+001
7.921307e+002,5.996617e+001
7.926128e+002,5.995398e+001
7.930950e+002,5.994043e+001
7.935771e+002,5.992641e+001
7.940592e+002,5.991280e+001
7.945413e+002,5.990014e+001
7.950234e+002,5.988857e+001
7.955056e+002,5.987798e+001
7.959877e+002,5.986816e+001
7.964698e+002,5.985900e+001
7.969520e+002,5.985052e+001
7.974341e+002,5.984265e+001
7.979162e+002,5.983505e+001
7.983983e+002,5.982703e+001
7.988805e+002,5.981767e+001
7.993625e+002,5.980608e+001
7.998447e+002,5.979178e+001
8.003268e+002,5.977487e+001
8.008090e+002,5.975602e+001
8.012911e+002,5.973624e+001
8.017732e+002,5.971651e+001
8.022553e+002,5.969753e+001
8.027374e+002,5.967967e+001
8.032196e+002,5.966308e+001
8.037017e+002,5.964786e+001
8.041838e+002,5.963424e+001
8.046660e+002,5.962244e+001
8.051481e+002,5.961261e+001
8.056302e+002,5.960451e+001
8.061123e+002,5.959740e+001
8.065945e+002,5.959027e+001
8.070765e+002,5.958198e+001
8.075587e+002,5.957168e+001
8.080408e+002,5.955900e+001
8.085229e+002,5.954405e+001
8.090051e+002,5.952731e+001
8.094872e+002,5.950937e+001
8.099694e+002,5.949063e+001
8.104514e+002,5.947140e+001
8.109336e+002,5.945193e+001
8.114156e+002,5.943256e+001
8.118978e+002,5.941376e+001
8.123799e+002,5.939609e+001
8.128621e+002,5.937992e+001
8.133442e+002,5.936530e+001
8.138263e+002,5.935189e+001
8.143085e+002,5.933904e+001
8.147905e+002,5.932617e+001
8.152727e+002,5.931292e+001
8.157548e+002,5.929928e+001
8.162369e+002,5.928553e+001
8.167191e+002,5.927193e+001
8.172012e+002,5.925848e+001
8.176833e+002,5.924493e+001
8.181654e+002,5.923072e+001
8.186476e+002,5.921540e+001
8.191296e+002,5.919896e+001
8.196118e+002,5.918181e+001
8.200939e+002,5.916473e+001
8.205760e+002,5.914851e+001
8.210582e+002,5.913354e+001
8.215403e+002,5.911971e+001
8.220225e+002,5.910636e+001
8.225045e+002,5.909267e+001
8.229867e+002,5.907805e+001
8.234688e+002,5.906234e+001
8.239509e+002,5.904585e+001
8.244330e+002,5.902919e+001
8.249152e+002,5.901278e+001
8.253973e+002,5.899673e+001
8.258794e+002,5.898074e+001
8.263616e+002,5.896428e+001
8.268437e+002,5.894682e+001
8.273258e+002,5.892814e+001
8.278079e+002,5.890834e+001
8.282900e+002,5.888779e+001
8.287722e+002,5.886683e+001
8.292543e+002,5.884575e+001
8.297365e+002,5.882470e+001
8.302185e+002,5.880376e+001
8.307007e+002,5.878312e+001
8.311828e+002,5.876309e+001
8.316649e+002,5.874401e+001
8.321470e+002,5.872610e+001
8.326292e+002,5.870920e+001
8.331113e+002,5.869275e+001
8.335934e+002,5.867600e+001
8.340756e+002,5.865821e+001
8.345577e+002,5.863898e+001
8.350398e+002,5.861844e+001
8.355219e+002,5.859711e+001
8.360040e+002,5.857570e+001
8.364862e+002,5.855473e+001
8.369683e+002,5.853444e+001
8.374504e+002,5.851468e+001
8.379325e+002,5.849524e+001
8.384147e+002,5.847592e+001
8.388968e+002,5.845683e+001
8.393789e+002,5.843823e+001
8.398610e+002,5.842041e+001
8.403431e+002,5.840347e+001
8.408253e+002,5.838714e+001
8.413074e+002,5.837089e+001
8.417896e+002,5.835420e+001
8.422717e+002,5.833673e+001
8.427538e+002,5.831850e+001
8.432359e+002,5.829982e+001
8.437180e+002,5.828101e+001
8.442002e+002,5.826226e+001
8.446823e+002,5.824339e+001
8.451644e+002,5.822394e+001
8.456465e+002,5.820347e+001
8.461287e+002,5.818182e+001
8.466108e+002,5.815921e+001
8.470929e+002,5.813635e+001
8.475751e+002,5.811402e+001
8.480571e+002,5.809293e+001
8.485393e+002,5.807328e+001
8.490214e+002,5.805497e+001
8.495035e+002,5.803756e+001
8.499857e+002,5.802053e+001
8.504678e+002,5.800356e+001
8.509499e+002,5.798646e+001
8.514320e+002,5.796915e+001
8.519142e+002,5.795147e+001
8.523962e+002,5.793313e+001
8.528784e+002,5.791377e+001
8.533605e+002,5.789311e+001
8.538427e+002,5.787113e+001
8.543248e+002,5.784814e+001
8.548069e+002,5.782465e+001
8.552891e+002,5.780116e+001
8.557711e+002,5.777793e+001
8.562533e+002,5.775486e+001
8.567354e+002,5.773160e+001
8.572175e+002,5.770778e+001
8.576996e+002,5.768328e+001
8.581818e+002,5.765837e+001
8.586639e+002,5.763360e+001
8.591460e+002,5.760955e+001
8.596282e+002,5.758663e+001
8.601102e+002,5.756484e+001
8.605924e+002,5.754381e+001
8.610745e+002,5.752307e+001
8.615566e+002,5.750223e+001
8.620388e+002,5.748120e+001
8.625209e+002,5.746017e+001
8.630031e+002,5.743936e+001
8.634851e+002,5.741890e+001
8.639673e+002,5.739857e+001
8.644494e+002,5.737797e+001
8.649315e+002,5.735663e+001
8.654136e+002,5.733425e+001
8.658958e+002,5.731090e+001
8.663779e+002,5.728695e+001
8.668600e+002,5.726287e+001
8.673422e+002,5.723898e+001
8.678242e+002,5.721530e+001
8.683064e+002,5.719154e+001
8.687885e+002,5.716734e+001
8.692706e+002,5.714243e+001
8.697527e+002,5.711684e+001
8.702349e+002,5.709096e+001
8.707170e+002,5.706530e+001
8.711991e+002,5.704037e+001
8.716813e+002,5.701641e+001
8.721634e+002,5.699335e+001
8.726455e+002,5.697097e+001
8.731276e+002,5.694889e+001
8.736097e+002,5.692679e+001
8.740919e+002,5.690430e+001
8.745740e+002,5.688103e+001
8.750562e+002,5.685657e+001
8.755382e+002,5.683049e+001
8.760204e+002,5.680249e+001
8.765025e+002,5.677268e+001
8.769846e+002,5.674162e+001
8.774668e+002,5.671023e+001
8.779489e+002,5.667960e+001
8.784310e+002,5.665052e+001
8.789131e+002,5.662324e+001
8.793953e+002,5.659736e+001
8.798774e+002,5.657197e+001
8.803595e+002,5.654605e+001
8.808416e+002,5.651880e+001
8.813237e+002,5.648993e+001
8.818059e+002,5.645959e+001
8.822880e+002,5.642825e+001
8.827701e+002,5.639627e+001
8.832523e+002,5.636389e+001
8.837344e+002,5.633103e+001
8.842165e+002,5.629764e+001
8.846986e+002,5.626371e+001
8.851808e+002,5.622955e+001
8.856628e+002,5.619559e+001
8.861450e+002,5.616228e+001
8.866271e+002,5.612975e+001
8.871093e+002,5.609780e+001
8.875914e+002,5.606582e+001
8.880735e+002,5.603322e+001
8.885556e+002,5.599958e+001
8.890377e+002,5.596484e+001
8.895199e+002,5.592935e+001
8.900020e+002,5.589367e+001
8.904841e+002,5.585819e+001
8.909662e+002,5.582303e+001
8.914484e+002,5.578803e+001
8.919305e+002,5.575283e+001
8.924126e+002,5.571712e+001
8.928948e+002,5.568081e+001
8.933768e+002,5.564406e+001
8.938590e+002,5.560718e+001
8.943411e+002,5.557040e+001
8.948232e+002,5.553378e+001
8.953054e+002,5.549719e+001
8.957875e+002,5.546042e+001
8.962697e+002,5.542336e+001
8.967517e+002,5.538607e+001
8.972339e+002,5.534874e+001
8.977159e+002,5.531156e+001
8.981981e+002,5.527455e+001
8.986802e+002,5.523742e+001
8.991624e+002,5.519974e+001
8.996445e+002,5.516105e+001
9.001266e+002,5.512115e+001
9.006088e+002,5.508015e+001
9.010908e+002,5.503854e+001
9.015730e+002,5.499690e+001
9.020551e+002,5.495577e+001
9.025372e+002,5.491533e+001
9.030193e+002,5.487556e+001
9.035015e+002,5.483622e+001
9.039836e+002,5.479710e+001
9.044657e+002,5.475813e+001
9.049479e+002,5.471941e+001
9.054299e+002,5.468112e+001
9.059121e+002,5.464333e+001
9.063942e+002,5.460596e+001
9.068763e+002,5.456882e+001
9.073585e+002,5.453165e+001
9.078406e+002,5.449436e+001
9.083228e+002,5.445695e+001
9.088048e+002,5.441961e+001
9.092870e+002,5.438245e+001
9.097691e+002,5.434541e+001
9.102512e+002,5.430824e+001
9.107333e+002,5.427057e+001
9.112155e+002,5.423215e+001
9.116976e+002,5.419304e+001
9.121797e+002,5.415366e+001
9.126619e+002,5.411466e+001
9.131440e+002,5.407674e+001
9.136261e+002,5.404033e+001
9.141082e+002,5.400534e+001
9.145903e+002,5.397125e+001
9.150724e+002,5.393725e+001
9.155546e+002,5.390255e+001
9.160367e+002,5.386655e+001
9.165189e+002,5.382901e+001
9.170010e+002,5.378999e+001
9.174831e+002,5.374970e+001
9.179652e+002,5.370849e+001
9.184473e+002,5.366668e+001
9.189294e+002,5.362465e+001
9.194116e+002,5.358289e+001
9.198937e+002,5.354197e+001
9.203759e+002,5.350240e+001
9.208580e+002,5.346458e+001
9.213401e+002,5.342854e+001
9.218222e+002,5.339400e+001
9.223043e+002,5.336039e+001
9.227864e+002,5.332714e+001
9.232686e+002,5.329378e+001
9.237507e+002,5.326006e+001
9.242328e+002,5.322598e+001
9.247150e+002,5.319156e+001
9.251971e+002,5.315674e+001
9.256792e+002,5.312135e+001
9.261613e+002,5.308511e+001
9.266434e+002,5.304786e+001
9.271255e+002,5.300968e+001
9.276077e+002,5.297100e+001
9.280898e+002,5.293251e+001
9.285720e+002,5.289490e+001
9.290541e+002,5.285866e+001
9.295362e+002,5.282389e+001
9.300183e+002,5.279033e+001
9.305004e+002,5.275754e+001
9.309826e+002,5.272506e+001
9.314647e+002,5.269268e+001
9.319468e+002,5.266035e+001
9.324290e+002,5.262827e+001
9.329111e+002,5.259660e+001
9.333932e+002,5.256544e+001
9.338753e+002,5.253474e+001
9.343574e+002,5.250440e+001
9.348396e+002,5.247434e+001
9.353217e+002,5.244455e+001
9.358038e+002,5.241508e+001
9.362859e+002,5.238600e+001
9.367681e+002,5.235732e+001
9.372502e+002,5.232896e+001
9.377323e+002,5.230091e+001
9.382144e+002,5.227321e+001
9.386966e+002,5.224614e+001
9.391787e+002,5.222008e+001
9.396608e+002,5.219540e+001
9.401429e+002,5.217221e+001
9.406251e+002,5.215017e+001
9.411072e+002,5.212857e+001
9.415893e+002,5.210643e+001
9.420714e+002,5.208290e+001
9.425536e+002,5.205748e+001
9.430357e+002,5.203027e+001
9.435178e+002,5.200182e+001
9.439999e+002,5.197301e+001
9.444821e+002,5.194464e+001
9.449642e+002,5.191721e+001
9.454463e+002,5.189090e+001
9.459284e+002,5.186558e+001
9.464106e+002,5.184103e+001
9.468927e+002,5.181705e+001
9.473748e+002,5.179361e+001
9.478569e+002,5.177068e+001
9.483391e+002,5.174825e+001
9.488212e+002,5.172610e+001
9.493033e+002,5.170399e+001
9.497855e+002,5.168170e+001
9.502676e+002,5.165913e+001
9.507497e+002,5.163646e+001
9.512318e+002,5.161403e+001
9.517139e+002,5.159225e+001
9.521960e+002,5.157135e+001
9.526782e+002,5.155131e+001
9.531603e+002,5.153186e+001
9.536425e+002,5.151257e+001
9.541246e+002,5.149306e+001
9.546067e+002,5.147312e+001
9.550888e+002,5.145275e+001
9.555709e+002,5.143210e+001
9.560530e+002,5.141135e+001
9.565352e+002,5.139063e+001
9.570173e+002,5.136993e+001
9.574995e+002,5.134930e+001
9.579816e+002,5.132884e+001
9.584637e+002,5.130876e+001
9.589458e+002,5.128931e+001
9.594279e+002,5.127073e+001
9.599100e+002,5.125305e+001
9.603922e+002,5.123614e+001
9.608743e+002,5.121967e+001
9.613564e+002,5.120333e+001
9.618386e+002,5.118692e+001
9.623207e+002,5.117048e+001
9.628028e+002,5.115418e+001
9.632849e+002,5.113819e+001
9.637670e+002,5.112255e+001
9.642491e+002,5.110710e+001
9.647313e+002,5.109150e+001
9.652134e+002,5.107545e+001
9.656956e+002,5.105879e+001
9.661777e+002,5.104166e+001
9.666598e+002,5.102443e+001
9.671419e+002,5.100754e+001
9.676240e+002,5.099136e+001
9.681061e+002,5.097599e+001
9.685883e+002,5.096136e+001
9.690704e+002,5.094727e+001
9.695526e+002,5.093359e+001
9.700347e+002,5.092037e+001
9.705168e+002,5.090781e+001
9.709989e+002,5.089613e+001
9.714810e+002,5.088541e+001
9.719631e+002,5.087546e+001
9.724453e+002,5.086585e+001
9.729274e+002,5.085594e+001
9.734095e+002,5.084523e+001
9.738917e+002,5.083340e+001
9.743738e+002,5.082044e+001
9.748559e+002,5.080659e+001
9.753380e+002,5.079227e+001
9.758201e+002,5.077785e+001
9.763023e+002,5.076374e+001
9.767844e+002,5.075024e+001
9.772665e+002,5.073759e+001
9.777487e+002,5.072598e+001
9.782308e+002,5.071547e+001
9.787129e+002,5.070593e+001
9.791950e+002,5.069699e+001
9.796771e+002,5.068810e+001
9.801593e+002,5.067865e+001
9.806414e+002,5.066819e+001
9.811235e+002,5.065660e+001
9.816057e+002,5.064409e+001
9.820878e+002,5.063121e+001
9.825699e+002,5.061853e+001
9.830520e+002,5.060654e+001
9.835342e+002,5.059537e+001
9.840163e+002,5.058494e+001
9.844984e+002,5.057501e+001
9.849805e+002,5.056536e+001
9.854626e+002,5.055592e+001
9.859448e+002,5.054677e+001
9.864269e+002,5.053811e+001
9.869090e+002,5.052996e+001
9.873912e+002,5.052227e+001
9.878733e+002,5.051478e+001
9.883554e+002,5.050719e+001
9.888375e+002,5.049936e+001
9.893196e+002,5.049129e+001
9.898018e+002,5.048324e+001
9.902839e+002,5.047554e+001
9.907660e+002,5.046846e+001
9.912482e+002,5.046207e+001
9.917303e+002,5.045619e+001
9.922124e+002,5.045061e+001
9.926945e+002,5.044511e+001
9.931766e+002,5.043960e+001
9.936588e+002,5.043415e+001
9.941409e+002,5.042896e+001
9.946230e+002,5.042413e+001
9.951052e+002,5.041964e+001
9.955873e+002,5.041533e+001
9.960694e+002,5.041095e+001
9.965515e+002,5.040630e+001
9.970336e+002,5.040131e+001
9.975157e+002,5.039608e+001
9.979979e+002,5.039077e+001
9.984800e+002,5.038555e+001
9.989622e+002,5.038050e+001
9.994443e+002,5.037562e+001
9.999264e+002,5.037093e+001
1.000409e+003,5.036644e+001
1.000891e+003,5.036231e+001
1.001373e+003,5.035867e+001
1.001855e+003,5.035556e+001
1.002337e+003,5.035289e+001
1.002819e+003,5.035032e+001
1.003301e+003,5.034745e+001
1.003783e+003,5.034393e+001
1.004266e+003,5.033969e+001
1.004748e+003,5.033498e+001
1.005230e+003,5.033032e+001
1.005712e+003,5.032635e+001
1.006194e+003,5.032357e+001
1.006676e+003,5.032226e+001
1.007158e+003,5.032233e+001
1.007640e+003,5.032353e+001
1.008122e+003,5.032550e+001
1.008605e+003,5.032798e+001
1.009087e+003,5.033075e+001
1.009569e+003,5.033372e+001
1.010051e+003,5.033674e+001
1.010533e+003,5.033957e+001
1.011015e+003,5.034198e+001
1.011497e+003,5.034384e+001
1.011979e+003,5.034521e+001
1.012462e+003,5.034644e+001
1.012944e+003,5.034807e+001
1.013426e+003,5.035070e+001
1.013908e+003,5.035470e+001
1.014390e+003,5.036012e+001
1.014872e+003,5.036663e+001
1.015354e+003,5.037366e+001
1.015836e+003,5.038062e+001
1.016319e+003,5.038702e+001
1.016801e+003,5.039262e+001
1.017283e+003,5.039743e+001
1.017765e+003,5.040159e+001
1.018247e+003,5.040532e+001
1.018729e+003,5.040879e+001
1.019211e+003,5.041222e+001
1.019693e+003,5.041584e+001
1.020176e+003,5.041993e+001
1.020658e+003,5.042468e+001
1.021140e+003,5.043018e+001
1.021622e+003,5.043626e+001
1.022104e+003,5.044254e+001
1.022586e+003,5.044846e+001
1.023068e+003,5.045358e+001
1.023550e+003,5.045762e+001
1.024033e+003,5.046069e+001
1.024515e+003,5.046320e+001
1.024997e+003,5.046576e+001
1.025479e+003,5.046895e+001
1.025961e+003,5.047315e+001
1.026443e+003,5.047856e+001
1.026925e+003,5.048518e+001
1.027407e+003,5.049294e+001
1.027890e+003,5.050175e+001
1.028372e+003,5.051151e+001
1.028854e+003,5.052209e+001
1.029336e+003,5.053317e+001
1.029818e+003,5.054428e+001
1.030300e+003,5.055490e+001
1.030782e+003,5.056454e+001
1.031264e+003,5.057298e+001
1.031747e+003,5.058022e+001
1.032229e+003,5.058662e+001
1.032711e+003,5.059265e+001
1.033193e+003,5.059877e+001
1.033675e+003,5.060531e+001
1.034157e+003,5.061252e+001
1.034639e+003,5.062058e+001
1.035121e+003,5.062966e+001
1.035604e+003,5.064004e+001
1.036086e+003,5.065187e+001
1.036568e+003,5.066513e+001
1.037050e+003,5.067949e+001
1.037532e+003,5.069421e+001
1.038014e+003,5.070843e+001
1.038496e+003,5.072137e+001
1.038979e+003,5.073255e+001
1.039461e+003,5.074210e+001
1.039943e+003,5.075053e+001
1.040425e+003,5.075870e+001
1.040907e+003,5.076737e+001
1.041389e+003,5.077703e+001
1.041871e+003,5.078780e+001
1.042353e+003,5.079948e+001
1.042835e+003,5.081174e+001
1.043318e+003,5.082428e+001
1.043800e+003,5.083693e+001
1.044282e+003,5.084959e+001
1.044764e+003,5.086218e+001
1.045246e+003,5.087455e+001
1.045728e+003,5.088646e+001
1.046210e+003,5.089767e+001
1.046692e+003,5.090814e+001
1.047175e+003,5.091805e+001
1.047657e+003,5.092778e+001
1.048139e+003,5.093778e+001
1.048621e+003,5.094838e+001
1.049103e+003,5.095970e+001
1.049585e+003,5.097161e+001
1.050067e+003,5.098384e+001
1.050549e+003,5.099622e+001
1.051031e+003,5.100867e+001
1.051514e+003,5.102137e+001
1.051996e+003,5.103456e+001
1.052478e+003,5.104841e+001
1.052960e+003,5.106287e+001
1.053442e+003,5.107767e+001
1.053924e+003,5.109238e+001
1.054406e+003,5.110662e+001
1.054889e+003,5.112010e+001
1.055371e+003,5.113276e+001
1.055853e+003,5.114468e+001
1.056335e+003,5.115596e+001
1.056817e+003,5.116668e+001
1.057299e+003,5.117690e+001
1.057781e+003,5.118666e+001
1.058263e+003,5.119618e+001
1.058746e+003,5.120578e+001
1.059228e+003,5.121585e+001
1.059710e+003,5.122673e+001
1.060192e+003,5.123854e+001
1.060674e+003,5.125108e+001
1.061156e+003,5.126398e+001
1.061638e+003,5.127681e+001
1.062120e+003,5.128935e+001
1.062603e+003,5.130169e+001
1.063085e+003,5.131417e+001
1.063567e+003,5.132729e+001
1.064049e+003,5.134143e+001
1.064531e+003,5.135670e+001
1.065013e+003,5.137288e+001
1.065495e+003,5.138953e+001
1.065977e+003,5.140616e+001
1.066460e+003,5.142244e+001
1.066942e+003,5.143819e+001
1.067424e+003,5.145344e+001
1.067906e+003,5.146826e+001
1.068388e+003,5.148267e+001
1.068870e+003,5.149662e+001
1.069352e+003,5.151011e+001
1.069834e+003,5.152318e+001
1.070317e+003,5.153596e+001
1.070799e+003,5.154868e+001
1.071281e+003,5.156153e+001
1.071763e+003,5.157455e+001
1.072245e+003,5.158758e+001
1.072727e+003,5.160041e+001
1.073209e+003,5.161287e+001
1.073691e+003,5.162502e+001
1.074174e+003,5.163715e+001
1.074656e+003,5.164972e+001
1.075138e+003,5.166315e+001
1.075620e+003,5.167756e+001
1.076102e+003,5.169263e+001
1.076584e+003,5.170785e+001
1.077066e+003,5.172248e+001
1.077548e+003,5.173604e+001
1.078031e+003,5.174834e+001
1.078513e+003,5.175952e+001
1.078995e+003,5.176997e+001
1.079477e+003,5.178001e+001
1.079959e+003,5.178977e+001
1.080441e+003,5.179917e+001
1.080923e+003,5.180805e+001
1.081406e+003,5.181640e+001
1.081888e+003,5.182445e+001
1.082370e+003,5.183272e+001
1.082852e+003,5.184182e+001
1.083334e+003,5.185222e+001
1.083816e+003,5.186407e+001
1.084298e+003,5.187714e+001
1.084780e+003,5.189089e+001
1.085262e+003,5.190477e+001
1.085745e+003,5.191828e+001
1.086227e+003,5.193120e+001
1.086709e+003,5.194352e+001
1.087191e+003,5.195529e+001
1.087673e+003,5.196656e+001
1.088155e+003,5.197737e+001
1.088637e+003,5.198769e+001
1.089119e+003,5.199761e+001
1.089602e+003,5.200735e+001
1.090084e+003,5.201717e+001
1.090566e+003,5.202727e+001
1.091048e+003,5.203770e+001
1.091530e+003,5.204818e+001
1.092012e+003,5.205828e+001
1.092494e+003,5.206753e+001
1.092976e+003,5.207560e+001
1.093458e+003,5.208252e+001
1.093941e+003,5.208857e+001
1.094423e+003,5.209420e+001
1.094905e+003,5.209987e+001
1.095387e+003,5.210572e+001
1.095869e+003,5.211173e+001
1.096351e+003,5.211770e+001
1.096833e+003,5.212345e+001
1.097316e+003,5.212899e+001
1.097798e+003,5.213445e+001
1.098280e+003,5.214008e+001
1.098762e+003,5.214606e+001
1.099244e+003,5.215244e+001
1.099726e+003,5.215911e+001
1.100208e+003,5.216590e+001
1.100690e+003,5.217276e+001
1.101173e+003,5.217976e+001
1.101655e+003,5.218710e+001
1.102137e+003,5.219495e+001
1.102619e+003,5.220330e+001
1.103101e+003,5.221188e+001
1.103583e+003,5.222013e+001
1.104065e+003,5.222753e+001
1.104547e+003,5.223363e+001
1.105030e+003,5.223836e+001
1.105512e+003,5.224189e+001
1.105994e+003,5.224461e+001
1.106476e+003,5.224685e+001
1.106958e+003,5.224876e+001
1.107440e+003,5.225032e+001
1.107922e+003,5.225139e+001
1.108404e+003,5.225190e+001
1.108886e+003,5.225200e+001
1.109369e+003,5.225200e+001
1.109851e+003,5.225228e+001
1.110333e+003,5.225312e+001
1.110815e+003,5.225456e+001
1.111297e+003,5.225630e+001
1.111779e+003,5.225798e+001
1.112261e+003,5.225922e+001
1.112744e+003,5.225985e+001
1.113226e+003,5.225988e+001
1.113708e+003,5.225951e+001
1.114190e+003,5.225895e+001
1.114672e+003,5.225830e+001
1.115154e+003,5.225755e+001
1.115636e+003,5.225666e+001
1.116118e+003,5.225562e+001
1.116601e+003,5.225457e+001
1.117083e+003,5.225373e+001
1.117565e+003,5.225328e+001
1.118047e+003,5.225317e+001
1.118529e+003,5.225319e+001
1.119011e+003,5.225284e+001
1.119493e+003,5.225165e+001
1.119975e+003,5.224928e+001
1.120458e+003,5.224570e+001
1.120940e+003,5.224118e+001
1.121422e+003,5.223613e+001
1.121904e+003,5.223090e+001
1.122386e+003,5.222561e+001
1.122868e+003,5.222022e+001
1.123350e+003,5.221447e+001
1.123832e+003,5.220823e+001
1.124314e+003,5.220151e+001
1.124797e+003,5.219455e+001
1.125279e+003,5.218770e+001
1.125761e+003,5.218129e+001
1.126243e+003,5.217545e+001
1.126725e+003,5.217016e+001
1.127207e+003,5.216524e+001
1.127689e+003,5.216048e+001
1.128172e+003,5.215580e+001
1.128654e+003,5.215122e+001
1.129136e+003,5.214681e+001
1.129618e+003,5.214257e+001
1.130100e+003,5.213841e+001
1.130582e+003,5.213412e+001
1.131064e+003,5.212952e+001
1.131546e+003,5.212451e+001
1.132029e+003,5.211924e+001
1.132511e+003,5.211391e+001
1.132993e+003,5.210883e+001
1.133475e+003,5.210409e+001
1.133957e+003,5.209964e+001
1.134439e+003,5.209521e+001
1.134921e+003,5.209053e+001
1.135403e+003,5.208537e+001
1.135885e+003,5.207976e+001
1.136368e+003,5.207390e+001
1.136850e+003,5.206804e+001
1.137332e+003,5.206230e+001
1.137814e+003,5.205659e+001
1.138296e+003,5.205067e+001
1.138778e+003,5.204425e+001
1.139260e+003,5.203716e+001
1.139742e+003,5.202948e+001
1.140225e+003,5.202151e+001
1.140707e+003,5.201365e+001
1.141189e+003,5.200615e+001
1.141671e+003,5.199910e+001
1.142153e+003,5.199230e+001
1.142635e+003,5.198545e+001
1.143117e+003,5.197831e+001
1.143599e+003,5.197080e+001
1.144082e+003,5.196307e+001
1.144564e+003,5.195531e+001
1.145046e+003,5.194768e+001
1.145528e+003,5.194014e+001
1.146010e+003,5.193245e+001
1.146492e+003,5.192429e+001
1.146974e+003,5.191550e+001
1.147457e+003,5.190601e+001
1.147939e+003,5.189608e+001
1.148421e+003,5.188608e+001
1.148903e+003,5.187634e+001
1.149385e+003,5.186710e+001
1.149867e+003,5.185836e+001
1.150349e+003,5.185006e+001
1.150831e+003,5.184208e+001
1.151313e+003,5.183440e+001
1.151796e+003,5.182701e+001
1.152278e+003,5.181990e+001
1.152760e+003,5.181292e+001
1.153242e+003,5.180569e+001
1.153724e+003,5.179780e+001
1.154206e+003,5.178882e+001
1.154688e+003,5.177854e+001
1.155170e+003,5.176712e+001
1.155653e+003,5.175497e+001
1.156135e+003,5.174267e+001
1.156617e+003,5.173076e+001
1.157099e+003,5.171949e+001
1.157581e+003,5.170891e+001
1.158063e+003,5.169881e+001
1.158545e+003,5.168897e+001
1.159027e+003,5.167916e+001
1.159510e+003,5.166930e+001
1.159992e+003,5.165939e+001
1.160474e+003,5.164933e+001
1.160956e+003,5.163898e+001
1.161438e+003,5.162815e+001
1.161920e+003,5.161665e+001
1.162402e+003,5.160448e+001
1.162885e+003,5.159187e+001
1.163367e+003,5.157918e+001
1.163849e+003,5.156686e+001
1.164331e+003,5.155523e+001
1.164813e+003,5.154435e+001
1.165295e+003,5.153401e+001
1.165777e+003,5.152385e+001
1.166259e+003,5.151347e+001
1.166741e+003,5.150266e+001
1.167224e+003,5.149134e+001
1.167706e+003,5.147956e+001
1.168188e+003,5.146744e+001
1.168670e+003,5.145498e+001
1.169152e+003,5.144215e+001
1.169634e+003,5.142894e+001
1.170116e+003,5.141537e+001
1.170598e+003,5.140161e+001
1.171081e+003,5.138788e+001
1.171563e+003,5.137439e+001
1.172045e+003,5.136120e+001
1.172527e+003,5.134819e+001
1.173009e+003,5.133505e+001
1.173491e+003,5.132156e+001
1.173973e+003,5.130756e+001
1.174455e+003,5.129317e+001
1.174938e+003,5.127869e+001
1.175420e+003,5.126443e+001
1.175902e+003,5.125059e+001
1.176384e+003,5.123709e+001
1.176866e+003,5.122371e+001
1.177348e+003,5.121009e+001
1.177830e+003,5.119596e+001
1.178313e+003,5.118129e+001
1.178795e+003,5.116623e+001
1.179277e+003,5.115110e+001
1.179759e+003,5.113614e+001
1.180241e+003,5.112143e+001
1.180723e+003,5.110687e+001
1.181205e+003,5.109226e+001
1.181687e+003,5.107748e+001
1.182169e+003,5.106251e+001
1.182652e+003,5.104755e+001
1.183134e+003,5.103287e+001
1.183616e+003,5.101865e+001
1.184098e+003,5.100496e+001
1.184580e+003,5.099163e+001
1.185062e+003,5.097847e+001
1.185544e+003,5.096527e+001
1.186026e+003,5.095201e+001
1.186509e+003,5.093876e+001
1.186991e+003,5.092569e+001
1.187473e+003,5.091290e+001
1.187955e+003,5.090039e+001
1.188437e+003,5.088799e+001
1.188919e+003,5.087550e+001
1.189401e+003,5.086278e+001
1.189883e+003,5.084986e+001
1.190366e+003,5.083681e+001
1.190848e+003,5.082376e+001
1.191330e+003,5.081077e+001
1.191812e+003,5.079768e+001
1.192294e+003,5.078426e+001
1.192776e+003,5.077026e+001
1.193258e+003,5.075560e+001
1.193740e+003,5.074044e+001
1.194223e+003,5.072511e+001
1.194705e+003,5.071003e+001
1.195187e+003,5.069551e+001
1.195669e+003,5.068161e+001
1.196151e+003,5.066813e+001
1.196633e+003,5.065475e+001
1.197115e+003,5.064120e+001
1.197597e+003,5.062736e+001
1.198080e+003,5.061330e+001
1.198562e+003,5.059925e+001
1.199044e+003,5.058540e+001
1.199526e+003,5.057182e+001
1.200008e+003,5.055841e+001
1.200490e+003,5.054495e+001
1.200972e+003,5.053126e+001
1.201454e+003,5.051721e+001
1.201937e+003,5.050286e+001
1.202419e+003,5.048834e+001
1.202901e+003,5.047373e+001
1.203383e+003,5.045904e+001
1.203865e+003,5.044419e+001
1.204347e+003,5.042902e+001
1.204829e+003,5.041352e+001
1.205312e+003,5.039775e+001
1.205794e+003,5.038194e+001
1.206276e+003,5.036637e+001
1.206758e+003,5.035117e+001
1.207240e+003,5.033640e+001
1.207722e+003,5.032188e+001
1.208204e+003,5.030746e+001
1.208686e+003,5.029296e+001
1.209168e+003,5.027837e+001
1.209651e+003,5.026382e+001
1.210133e+003,5.024949e+001
1.210615e+003,5.023552e+001
1.211097e+003,5.022186e+001
1.211579e+003,5.020832e+001
1.212061e+003,5.019466e+001
1.212543e+003,5.018067e+001
1.213025e+003,5.016634e+001
1.213508e+003,5.015178e+001
1.213990e+003,5.013724e+001
1.214472e+003,5.012293e+001
1.214954e+003,5.010891e+001
1.215436e+003,5.009513e+001
1.215918e+003,5.008150e+001
1.216400e+003,5.006789e+001
1.216882e+003,5.005429e+001
1.217365e+003,5.004077e+001
1.217847e+003,5.002741e+001
1.218329e+003,5.001422e+001
1.218811e+003,5.000102e+001
1.219293e+003,4.998756e+001
1.219775e+003,4.997351e+001
1.220257e+003,4.995865e+001
1.220740e+003,4.994296e+001
1.221222e+003,4.992656e+001
1.221704e+003,4.990976e+001
1.222186e+003,4.989281e+001
1.222668e+003,4.987593e+001
1.223150e+003,4.985929e+001
1.223632e+003,4.984299e+001
1.224114e+003,4.982716e+001
1.224596e+003,4.981198e+001
1.225079e+003,4.979759e+001
1.225561e+003,4.978400e+001
1.226043e+003,4.977103e+001
1.226525e+003,4.975824e+001
1.227007e+003,4.974505e+001
1.227489e+003,4.973098e+001
1.227971e+003,4.971573e+001
1.228453e+003,4.969940e+001
1.228936e+003,4.968236e+001
1.229418e+003,4.966516e+001
1.229900e+003,4.964830e+001
1.230382e+003,4.963208e+001
1.230864e+003,4.961650e+001
1.231346e+003,4.960141e+001
1.231828e+003,4.958661e+001
1.232310e+003,4.957193e+001
1.232792e+003,4.955737e+001
1.233275e+003,4.954302e+001
1.233757e+003,4.952901e+001
1.234239e+003,4.951535e+001
1.234721e+003,4.950196e+001
1.235203e+003,4.948870e+001
1.235685e+003,4.947548e+001
1.236167e+003,4.946221e+001
1.236650e+003,4.944893e+001
1.237132e+003,4.943570e+001
1.237614e+003,4.942247e+001
1.238096e+003,4.940907e+001
1.238578e+003,4.939526e+001
1.239060e+003,4.938079e+001
1.239542e+003,4.936554e+001
1.240024e+003,4.934960e+001
1.240507e+003,4.933325e+001
1.240989e+003,4.931679e+001
1.241471e+003,4.930056e+001
1.241953e+003,4.928472e+001
1.242435e+003,4.926929e+001
1.242917e+003,4.925421e+001
1.243399e+003,4.923948e+001
1.243881e+003,4.922512e+001
1.244364e+003,4.921122e+001
1.244846e+003,4.919791e+001
1.245328e+003,4.918514e+001
1.245810e+003,4.917274e+001
1.246292e+003,4.916038e+001
1.246774e+003,4.914775e+001
1.247256e+003,4.913463e+001
1.247738e+003,4.912106e+001
1.248220e+003,4.910723e+001
1.248703e+003,4.909340e+001
1.249185e+003,4.907981e+001
1.249667e+003,4.906650e+001
1.250149e+003,4.905338e+001
1.250631e+003,4.904026e+001
1.251113e+003,4.902696e+001
1.251595e+003,4.901346e+001
1.252078e+003,4.899991e+001
1.252560e+003,4.898653e+001
1.253042e+003,4.897357e+001
1.253524e+003,4.896114e+001
1.254006e+003,4.894926e+001
1.254488e+003,4.893786e+001
1.254970e+003,4.892686e+001
1.255452e+003,4.891623e+001
1.255935e+003,4.890596e+001
1.256417e+003,4.889599e+001
1.256899e+003,4.888613e+001
1.257381e+003,4.887605e+001
1.257863e+003,4.886534e+001
1.258345e+003,4.885368e+001
1.258827e+003,4.884089e+001
1.259309e+003,4.882715e+001
1.259792e+003,4.881285e+001
1.260274e+003,4.879845e+001
1.260756e+003,4.878436e+001
1.261238e+003,4.877068e+001
1.261720e+003,4.875732e+001
1.262202e+003,4.874397e+001
1.262684e+003,4.873031e+001
1.263166e+003,4.871622e+001
1.263648e+003,4.870166e+001
1.264131e+003,4.868674e+001
1.264613e+003,4.867157e+001
1.265095e+003,4.865610e+001
1.265577e+003,4.864017e+001
1.266059e+003,4.862357e+001
1.266541e+003,4.860617e+001
1.267023e+003,4.858798e+001
1.267505e+003,4.856921e+001
1.267988e+003,4.855019e+001
1.268470e+003,4.853123e+001
1.268952e+003,4.851252e+001
1.269434e+003,4.849413e+001
1.269916e+003,4.847604e+001
1.270398e+003,4.845826e+001
1.270880e+003,4.844086e+001
1.271363e+003,4.842403e+001
1.271845e+003,4.840796e+001
1.272327e+003,4.839283e+001
1.272809e+003,4.837861e+001
1.273291e+003,4.836512e+001
1.273773e+003,4.835210e+001
1.274255e+003,4.833931e+001
1.274737e+003,4.832654e+001
1.275219e+003,4.831371e+001
1.275702e+003,4.830075e+001
1.276184e+003,4.828757e+001
1.276666e+003,4.827402e+001
1.277148e+003,4.825989e+001
1.277630e+003,4.824508e+001
1.278112e+003,4.822963e+001
1.278594e+003,4.821381e+001
1.279076e+003,4.819805e+001
1.279559e+003,4.818279e+001
1.280041e+003,4.816839e+001
1.280523e+003,4.815488e+001
1.281005e+003,4.814207e+001
1.281487e+003,4.812965e+001
1.281969e+003,4.811721e+001
1.282451e+003,4.810455e+001
1.282933e+003,4.809155e+001
1.283416e+003,4.807832e+001
1.283898e+003,4.806491e+001
1.284380e+003,4.805135e+001
1.284862e+003,4.803756e+001
1.285344e+003,4.802342e+001
1.285826e+003,4.800887e+001
1.286308e+003,4.799392e+001
1.286791e+003,4.797878e+001
1.287273e+003,4.796367e+001
1.287755e+003,4.794880e+001
1.288237e+003,4.793424e+001
1.288719e+003,4.791993e+001
1.289201e+003,4.790571e+001
1.289683e+003,4.789145e+001
1.290165e+003,4.787707e+001
1.290647e+003,4.786263e+001
1.291130e+003,4.784820e+001
1.291612e+003,4.783385e+001
1.292094e+003,4.781956e+001
1.292576e+003,4.780519e+001
1.293058e+003,4.779057e+001
1.293540e+003,4.777560e+001
1.294022e+003,4.776033e+001
1.294504e+003,4.774485e+001
1.294987e+003,4.772938e+001
1.295469e+003,4.771402e+001
1.295951e+003,4.769880e+001
1.296433e+003,4.768364e+001
1.296915e+003,4.766840e+001
1.297397e+003,4.765300e+001
1.297879e+003,4.763750e+001
1.298361e+003,4.762204e+001
1.298844e+003,4.760682e+001
1.299326e+003,4.759195e+001
1.299808e+003,4.757738e+001
1.300290e+003,4.756297e+001
1.300772e+003,4.754851e+001
1.301254e+003,4.753385e+001
1.301736e+003,4.751899e+001
1.302219e+003,4.750407e+001
1.302701e+003,4.748928e+001
1.303183e+003,4.747476e+001
1.303665e+003,4.746050e+001
1.304147e+003,4.744639e+001
1.304629e+003,4.743221e+001
1.305111e+003,4.741782e+001
1.305593e+003,4.740321e+001
1.306075e+003,4.738848e+001
1.306558e+003,4.737385e+001
1.307040e+003,4.735945e+001
1.307522e+003,4.734532e+001
1.308004e+003,4.733129e+001
1.308486e+003,4.731710e+001
1.308968e+003,4.730247e+001
1.309450e+003,4.728724e+001
1.309932e+003,4.727136e+001
1.310415e+003,4.725492e+001
1.310897e+003,4.723808e+001
1.311379e+003,4.722102e+001
1.311861e+003,4.720393e+001
1.312343e+003,4.718703e+001
1.312825e+003,4.717056e+001
1.313307e+003,4.715477e+001
1.313789e+003,4.713988e+001
1.314272e+003,4.712591e+001
1.314754e+003,4.711270e+001
1.315236e+003,4.709982e+001
1.315718e+003,4.708668e+001
1.316200e+003,4.707278e+001
1.316682e+003,4.705788e+001
1.317164e+003,4.704200e+001
1.317646e+003,4.702560e+001
1.318129e+003,4.700930e+001
1.318611e+003,4.699376e+001
1.319093e+003,4.697945e+001
1.319575e+003,4.696656e+001
1.320057e+003,4.695501e+001
1.320539e+003,4.694453e+001
1.321021e+003,4.693481e+001
1.321503e+003,4.692562e+001
1.321986e+003,4.691672e+001
1.322468e+003,4.690792e+001
1.322950e+003,4.689899e+001
1.323432e+003,4.688965e+001
1.323914e+003,4.687965e+001
1.324396e+003,4.686882e+001
1.324878e+003,4.685712e+001
1.325360e+003,4.684462e+001
1.325843e+003,4.683153e+001
1.326325e+003,4.681807e+001
1.326807e+003,4.680439e+001
1.327289e+003,4.679058e+001
1.327771e+003,4.677671e+001
1.328253e+003,4.676284e+001
1.328735e+003,4.674911e+001
1.329218e+003,4.673567e+001
1.329700e+003,4.672261e+001
1.330182e+003,4.670998e+001
1.330664e+003,4.669769e+001
1.331146e+003,4.668552e+001
1.331628e+003,4.667324e+001
1.332110e+003,4.666066e+001
1.332592e+003,4.664766e+001
1.333074e+003,4.663419e+001
1.333557e+003,4.662017e+001
1.334039e+003,4.660543e+001
1.334521e+003,4.658969e+001
1.335003e+003,4.657259e+001
1.335485e+003,4.655380e+001
1.335967e+003,4.653316e+001
1.336449e+003,4.651078e+001
1.336931e+003,4.648699e+001
1.337414e+003,4.646246e+001
1.337896e+003,4.643797e+001
1.338378e+003,4.641441e+001
1.338860e+003,4.639267e+001
1.339342e+003,4.637352e+001
1.339824e+003,4.635757e+001
1.340306e+003,4.634513e+001
1.340788e+003,4.633605e+001
1.341271e+003,4.632978e+001
1.341753e+003,4.632537e+001
1.342235e+003,4.632166e+001
1.342717e+003,4.631746e+001
1.343199e+003,4.631188e+001
1.343681e+003,4.630437e+001
1.344163e+003,4.629488e+001
1.344646e+003,4.628375e+001
1.345128e+003,4.627148e+001
1.345610e+003,4.625858e+001
1.346092e+003,4.624534e+001
1.346574e+003,4.623178e+001
1.347056e+003,4.621778e+001
1.347538e+003,4.620320e+001
1.348020e+003,4.618799e+001
1.348502e+003,4.617233e+001
1.348985e+003,4.615653e+001
1.349467e+003,4.614095e+001
1.349949e+003,4.612581e+001
1.350431e+003,4.611119e+001
1.350913e+003,4.609698e+001
1.351395e+003,4.608300e+001
1.351877e+003,4.606906e+001
1.352359e+003,4.605499e+001
1.352842e+003,4.604073e+001
1.353324e+003,4.602621e+001
1.353806e+003,4.601139e+001
1.354288e+003,4.599622e+001
1.354770e+003,4.598074e+001
1.355252e+003,4.596508e+001
1.355734e+003,4.594956e+001
1.356216e+003,4.593452e+001
1.356698e+003,4.592024e+001
1.357181e+003,4.590681e+001
1.357663e+003,4.589400e+001
1.358145e+003,4.588131e+001
1.358627e+003,4.586798e+001
1.359109e+003,4.585325e+001
1.359591e+003,4.583647e+001
1.360073e+003,4.581724e+001
1.360556e+003,4.579554e+001
1.361038e+003,4.577180e+001
1.361520e+003,4.574695e+001
1.362002e+003,4.572231e+001
1.362484e+003,4.569941e+001
1.362966e+003,4.567966e+001
1.363448e+003,4.566399e+001
1.363930e+003,4.565255e+001
1.364413e+003,4.564465e+001
1.364895e+003,4.563894e+001
1.365377e+003,4.563377e+001
1.365859e+003,4.562749e+001
1.366341e+003,4.561881e+001
1.366823e+003,4.560707e+001
1.367305e+003,4.559233e+001
1.367787e+003,4.557531e+001
1.368270e+003,4.555722e+001
1.368752e+003,4.553933e+001
1.369234e+003,4.552254e+001
1.369716e+003,4.550712e+001
1.370198e+003,4.549267e+001
1.370680e+003,4.547826e+001
1.371162e+003,4.546269e+001
1.371644e+003,4.544490e+001
1.372126e+003,4.542411e+001
1.372609e+003,4.540020e+001
1.373091e+003,4.537376e+001
1.373573e+003,4.534621e+001
1.374055e+003,4.531949e+001
1.374537e+003,4.529563e+001
1.375019e+003,4.527616e+001
1.375501e+003,4.526168e+001
1.375984e+003,4.525176e+001
1.376466e+003,4.524516e+001
1.376948e+003,4.524019e+001
1.377430e+003,4.523527e+001
1.377912e+003,4.522917e+001
1.378394e+003,4.522126e+001
1.378876e+003,4.521149e+001
1.379358e+003,4.520031e+001
1.379841e+003,4.518827e+001
1.380323e+003,4.517595e+001
1.380805e+003,4.516363e+001
1.381287e+003,4.515141e+001
1.381769e+003,4.513919e+001
1.382251e+003,4.512687e+001
1.382733e+003,4.511436e+001
1.383215e+003,4.510151e+001
1.383698e+003,4.508809e+001
1.384180e+003,4.507364e+001
1.384662e+003,4.505753e+001
1.385144e+003,4.503915e+001
1.385626e+003,4.501814e+001
1.386108e+003,4.499479e+001
1.386590e+003,4.497019e+001
1.387072e+003,4.494619e+001
1.387554e+003,4.492487e+001
1.388037e+003,4.490792e+001
1.388519e+003,4.489610e+001
1.389001e+003,4.488911e+001
1.389483e+003,4.488580e+001
1.389965e+003,4.488462e+001
1.390447e+003,4.488395e+001
1.390929e+003,4.488232e+001
1.391411e+003,4.487844e+001
1.391894e+003,4.487119e+001
1.392376e+003,4.485966e+001
1.392858e+003,4.484337e+001
1.393340e+003,4.482248e+001
1.393822e+003,4.479807e+001
1.394304e+003,4.477211e+001
1.394786e+003,4.474708e+001
1.395269e+003,4.472519e+001
1.395751e+003,4.470765e+001
1.396233e+003,4.469435e+001
1.396715e+003,4.468413e+001
1.397197e+003,4.467539e+001
1.397679e+003,4.466688e+001
1.398161e+003,4.465811e+001
1.398643e+003,4.464962e+001
1.399125e+003,4.464260e+001
1.399608e+003,4.463828e+001
1.400090e+003,4.463728e+001
1.400572e+003,4.463924e+001
1.401054e+003,4.464295e+001
1.401536e+003,4.464665e+001
1.402018e+003,4.464857e+001
1.402500e+003,4.464736e+001
1.402982e+003,4.464227e+001
1.403465e+003,4.463335e+001
1.403947e+003,4.462145e+001
1.404429e+003,4.460808e+001
1.404911e+003,4.459503e+001
1.405393e+003,4.458397e+001
1.405875e+003,4.457603e+001
1.406357e+003,4.457149e+001
1.406839e+003,4.456993e+001
1.407322e+003,4.457037e+001
1.407804e+003,4.457156e+001
1.408286e+003,4.457237e+001
1.408768e+003,4.457198e+001
1.409250e+003,4.456999e+001
1.409732e+003,4.456653e+001
1.410214e+003,4.456210e+001
1.410697e+003,4.455740e+001
1.411179e+003,4.455304e+001
1.411661e+003,4.454937e+001
1.412143e+003,4.454636e+001
1.412625e+003,4.454373e+001
1.413107e+003,4.454103e+001
1.413589e+003,4.453785e+001
1.414071e+003,4.453379e+001
1.414553e+003,4.452851e+001
1.415036e+003,4.452154e+001
1.415518e+003,4.451227e+001
1.416000e+003,4.449994e+001
1.416482e+003,4.448378e+001
1.416964e+003,4.446348e+001
1.417446e+003,4.443956e+001
1.417928e+003,4.441386e+001
1.418410e+003,4.438945e+001
1.418893e+003,4.436991e+001
1.419375e+003,4.435791e+001
1.419857e+003,4.435416e+001
1.420339e+003,4.435714e+001
1.420821e+003,4.436403e+001
1.421303e+003,4.437185e+001
1.421785e+003,4.437814e+001
1.422267e+003,4.438140e+001
1.422750e+003,4.438111e+001
1.423232e+003,4.437765e+001
1.423714e+003,4.437206e+001
1.424196e+003,4.436573e+001
1.424678e+003,4.435998e+001
1.425160e+003,4.435558e+001
1.425642e+003,4.435252e+001
1.426125e+003,4.435013e+001
1.426607e+003,4.434717e+001
1.427089e+003,4.434231e+001
1.427571e+003,4.433443e+001
1.428053e+003,4.432298e+001
1.428535e+003,4.430819e+001
1.429017e+003,4.429111e+001
1.429499e+003,4.427345e+001
1.429981e+003,4.425709e+001
1.430464e+003,4.424358e+001
1.430946e+003,4.423367e+001
1.431428e+003,4.422723e+001
1.431910e+003,4.422337e+001
1.432392e+003,4.422079e+001
1.432874e+003,4.421800e+001
1.433356e+003,4.421355e+001
1.433838e+003,4.420603e+001
1.434321e+003,4.419415e+001
1.434803e+003,4.417702e+001
1.435285e+003,4.415450e+001
1.435767e+003,4.412774e+001
1.436249e+003,4.409953e+001
1.436731e+003,4.407362e+001
1.437213e+003,4.405354e+001
1.437696e+003,4.404107e+001
1.438177e+003,4.403576e+001
1.438660e+003,4.403542e+001
1.439142e+003,4.403724e+001
1.439624e+003,4.403857e+001
1.440106e+003,4.403742e+001
1.440588e+003,4.403268e+001
1.441070e+003,4.402406e+001
1.441552e+003,4.401194e+001
1.442035e+003,4.399706e+001
1.442517e+003,4.398034e+001
1.442999e+003,4.396243e+001
1.443481e+003,4.394369e+001
1.443963e+003,4.392404e+001
1.444445e+003,4.390308e+001
1.444927e+003,4.388021e+001
1.445409e+003,4.385480e+001
1.445892e+003,4.382643e+001
1.446374e+003,4.379501e+001
1.446856e+003,4.376107e+001
1.447338e+003,4.372584e+001
1.447820e+003,4.369099e+001
1.448302e+003,4.365834e+001
1.448784e+003,4.362919e+001
1.449266e+003,4.360403e+001
1.449749e+003,4.358244e+001
1.450231e+003,4.356330e+001
1.450713e+003,4.354531e+001
1.451195e+003,4.352735e+001
1.451677e+003,4.350876e+001
1.452159e+003,4.348933e+001
1.452641e+003,4.346909e+001
1.453124e+003,4.344797e+001
1.453605e+003,4.342537e+001
1.454088e+003,4.339994e+001
1.454570e+003,4.336948e+001
1.455052e+003,4.333137e+001
1.455534e+003,4.328341e+001
1.456016e+003,4.322545e+001
1.456498e+003,4.316129e+001
1.456980e+003,4.309913e+001
1.457463e+003,4.304904e+001
1.457945e+003,4.301818e+001
1.458427e+003,4.300757e+001
1.458909e+003,4.301304e+001
1.459391e+003,4.302845e+001
1.459873e+003,4.304819e+001
1.460355e+003,4.306814e+001
1.460837e+003,4.308553e+001
1.461320e+003,4.309843e+001
1.461802e+003,4.310537e+001
1.462284e+003,4.310520e+001
1.462766e+003,4.309713e+001
1.463248e+003,4.308113e+001
1.463730e+003,4.305823e+001
1.464212e+003,4.303083e+001
1.464694e+003,4.300239e+001
1.465177e+003,4.297656e+001
1.465659e+003,4.295606e+001
1.466141e+003,4.294195e+001
1.466623e+003,4.293362e+001
1.467105e+003,4.292940e+001
1.467587e+003,4.292719e+001
1.468069e+003,4.292492e+001
1.468552e+003,4.292067e+001
1.469033e+003,4.291260e+001
1.469516e+003,4.289882e+001
1.469998e+003,4.287747e+001
1.470480e+003,4.284690e+001
1.470962e+003,4.280646e+001
1.471444e+003,4.275718e+001
1.471926e+003,4.270255e+001
1.472408e+003,4.264818e+001
1.472891e+003,4.260021e+001
1.473373e+003,4.256299e+001
1.473855e+003,4.253769e+001
1.474337e+003,4.252256e+001
1.474819e+003,4.251444e+001
1.475301e+003,4.251026e+001
1.475783e+003,4.250784e+001
1.476265e+003,4.250597e+001
1.476748e+003,4.250412e+001
1.477230e+003,4.250200e+001
1.477712e+003,4.249911e+001
1.478194e+003,4.249475e+001
1.478676e+003,4.248805e+001
1.479158e+003,4.247824e+001
1.479640e+003,4.246482e+001
1.480122e+003,4.244786e+001
1.480604e+003,4.242790e+001
1.481087e+003,4.240602e+001
1.481569e+003,4.238353e+001
1.482051e+003,4.236159e+001
1.482533e+003,4.234096e+001
1.483015e+003,4.232182e+001
1.483497e+003,4.230375e+001
1.483979e+003,4.228591e+001
1.484461e+003,4.226720e+001
1.484944e+003,4.224646e+001
1.485426e+003,4.222272e+001
1.485908e+003,4.219522e+001
1.486390e+003,4.216359e+001
1.486872e+003,4.212782e+001
1.487354e+003,4.208827e+001
1.487836e+003,4.204578e+001
1.488319e+003,4.200166e+001
1.488801e+003,4.195785e+001
1.489283e+003,4.191692e+001
1.489765e+003,4.188174e+001
1.490247e+003,4.185470e+001
1.490729e+003,4.183698e+001
1.491211e+003,4.182811e+001
1.491693e+003,4.182611e+001
1.492176e+003,4.182814e+001
1.492658e+003,4.183105e+001
1.493140e+003,4.183182e+001
1.493622e+003,4.182774e+001
1.494104e+003,4.181669e+001
1.494586e+003,4.179725e+001
1.495068e+003,4.176897e+001
1.495550e+003,4.173277e+001
1.496032e+003,4.169098e+001
1.496515e+003,4.164709e+001
1.496997e+003,4.160498e+001
1.497479e+003,4.156786e+001
1.497961e+003,4.153756e+001
1.498443e+003,4.151443e+001
1.498925e+003,4.149776e+001
1.499407e+003,4.148635e+001
1.499890e+003,4.147892e+001
1.500372e+003,4.147428e+001
1.500854e+003,4.147139e+001
1.501336e+003,4.146931e+001
1.501818e+003,4.146711e+001
1.502300e+003,4.146375e+001
1.502782e+003,4.145797e+001
1.503264e+003,4.144796e+001
1.503747e+003,4.143120e+001
1.504229e+003,4.140412e+001
1.504711e+003,4.136226e+001
1.505193e+003,4.130120e+001
1.505675e+003,4.121910e+001
1.506157e+003,4.112086e+001
1.506639e+003,4.102077e+001
1.507121e+003,4.093843e+001
1.507604e+003,4.088800e+001
1.508086e+003,4.087087e+001
1.508568e+003,4.087848e+001
1.509050e+003,4.089958e+001
1.509532e+003,4.092518e+001
1.510014e+003,4.094976e+001
1.510496e+003,4.097057e+001
1.510979e+003,4.098667e+001
1.511460e+003,4.099807e+001
1.511943e+003,4.100512e+001
1.512425e+003,4.100807e+001
1.512907e+003,4.100683e+001
1.513389e+003,4.100097e+001
1.513871e+003,4.098971e+001
1.514353e+003,4.097229e+001
1.514835e+003,4.094830e+001
1.515318e+003,4.091817e+001
1.515800e+003,4.088352e+001
1.516282e+003,4.084721e+001
1.516764e+003,4.081274e+001
1.517246e+003,4.078308e+001
1.517728e+003,4.075954e+001
1.518210e+003,4.074119e+001
1.518692e+003,4.072523e+001
1.519175e+003,4.070777e+001
1.519657e+003,4.068499e+001
1.520139e+003,4.065434e+001
1.520621e+003,4.061584e+001
1.521103e+003,4.057286e+001
1.521585e+003,4.053141e+001
1.522067e+003,4.049771e+001
1.522549e+003,4.047538e+001
1.523031e+003,4.046423e+001
1.523514e+003,4.046104e+001
1.523996e+003,4.046154e+001
1.524478e+003,4.046189e+001
1.524960e+003,4.045966e+001
1.525442e+003,4.045401e+001
1.525924e+003,4.044566e+001
1.526406e+003,4.043637e+001
1.526888e+003,4.042818e+001
1.527371e+003,4.042264e+001
1.527853e+003,4.042041e+001
1.528335e+003,4.042116e+001
1.528817e+003,4.042384e+001
1.529299e+003,4.042702e+001
1.529781e+003,4.042915e+001
1.530263e+003,4.042862e+001
1.530746e+003,4.042378e+001
1.531228e+003,4.041312e+001
1.531710e+003,4.039558e+001
1.532192e+003,4.037129e+001
1.532674e+003,4.034223e+001
1.533156e+003,4.031240e+001
1.533638e+003,4.028687e+001
1.534120e+003,4.026980e+001
1.534603e+003,4.026268e+001
1.535085e+003,4.026417e+001
1.535567e+003,4.027085e+001
1.536049e+003,4.027866e+001
1.536531e+003,4.028348e+001
1.537013e+003,4.028151e+001
1.537495e+003,4.026913e+001
1.537977e+003,4.024310e+001
1.538459e+003,4.020111e+001
1.538942e+003,4.014342e+001
1.539424e+003,4.007486e+001
1.539906e+003,4.000565e+001
1.540388e+003,3.994839e+001
1.540870e+003,3.991203e+001
1.541352e+003,3.989787e+001
1.541834e+003,3.990108e+001
1.542316e+003,3.991471e+001
1.542799e+003,3.993288e+001
1.543281e+003,3.995192e+001
1.543763e+003,3.997018e+001
1.544245e+003,3.998738e+001
1.544727e+003,4.000386e+001
1.545209e+003,4.001996e+001
1.545691e+003,4.003548e+001
1.546174e+003,4.004964e+001
1.546656e+003,4.006114e+001
1.547138e+003,4.006851e+001
1.547620e+003,4.007055e+001
1.548102e+003,4.006666e+001
1.548584e+003,4.005717e+001
1.549066e+003,4.004346e+001
1.549548e+003,4.002771e+001
1.550031e+003,4.001221e+001
1.550513e+003,3.999868e+001
1.550995e+003,3.998761e+001
1.551477e+003,3.997829e+001
1.551959e+003,3.996925e+001
1.552441e+003,3.995889e+001
1.552923e+003,3.994618e+001
1.553405e+003,3.993093e+001
1.553887e+003,3.991383e+001
1.554370e+003,3.989602e+001
1.554852e+003,3.987851e+001
1.555334e+003,3.986140e+001
1.555816e+003,3.984350e+001
1.556298e+003,3.982208e+001
1.556780e+003,3.979305e+001
1.557262e+003,3.975181e+001
1.557744e+003,3.969530e+001
1.558227e+003,3.962620e+001
1.558709e+003,3.955656e+001
1.559191e+003,3.950428e+001
1.559673e+003,3.948125e+001
1.560155e+003,3.948590e+001
1.560637e+003,3.950788e+001
1.561119e+003,3.953641e+001
1.561602e+003,3.956396e+001
1.562083e+003,3.958630e+001
1.562566e+003,3.960137e+001
1.563048e+003,3.960854e+001
1.563530e+003,3.960823e+001
1.564012e+003,3.960178e+001
1.564494e+003,3.959116e+001
1.564976e+003,3.957853e+001
1.565458e+003,3.956553e+001
1.565941e+003,3.955276e+001
1.566423e+003,3.953960e+001
1.566905e+003,3.952433e+001
1.567387e+003,3.950486e+001
1.567869e+003,3.947940e+001
1.568351e+003,3.944738e+001
1.568833e+003,3.941018e+001
1.569315e+003,3.937132e+001
1.569798e+003,3.933552e+001
1.570280e+003,3.930692e+001
1.570762e+003,3.928748e+001
1.571244e+003,3.927661e+001
1.571726e+003,3.927185e+001
1.572208e+003,3.926993e+001
1.572690e+003,3.926749e+001
1.573172e+003,3.926136e+001
1.573655e+003,3.924857e+001
1.574137e+003,3.922658e+001
1.574619e+003,3.919384e+001
1.575101e+003,3.915081e+001
1.575583e+003,3.910098e+001
1.576065e+003,3.905083e+001
1.576547e+003,3.900780e+001
1.577030e+003,3.897719e+001
1.577511e+003,3.896011e+001
1.577994e+003,3.895396e+001
1.578476e+003,3.895438e+001
1.578958e+003,3.895702e+001
1.579440e+003,3.895846e+001
1.579922e+003,3.895657e+001
1.580404e+003,3.895032e+001
1.580886e+003,3.893959e+001
1.581369e+003,3.892493e+001
1.581851e+003,3.890726e+001
1.582333e+003,3.888767e+001
1.582815e+003,3.886720e+001
1.583297e+003,3.884670e+001
1.583779e+003,3.882681e+001
1.584261e+003,3.880786e+001
1.584743e+003,3.878997e+001
1.585226e+003,3.877297e+001
1.585708e+003,3.875655e+001
1.586190e+003,3.874030e+001
1.586672e+003,3.872384e+001
1.587154e+003,3.870695e+001
1.587636e+003,3.868962e+001
1.588118e+003,3.867204e+001
1.588600e+003,3.865449e+001
1.589083e+003,3.863730e+001
1.589565e+003,3.862070e+001
1.590047e+003,3.860482e+001
1.590529e+003,3.858965e+001
1.591011e+003,3.857516e+001
1.591493e+003,3.856124e+001
1.591975e+003,3.854774e+001
1.592458e+003,3.853448e+001
1.592939e+003,3.852121e+001
1.593422e+003,3.850778e+001
1.593904e+003,3.849402e+001
1.594386e+003,3.848001e+001
1.594868e+003,3.846603e+001
1.595350e+003,3.845245e+001
1.595832e+003,3.843964e+001
1.596314e+003,3.842779e+001
1.596797e+003,3.841676e+001
1.597279e+003,3.840611e+001
1.597761e+003,3.839520e+001
1.598243e+003,3.838330e+001
1.598725e+003,3.836994e+001
1.599207e+003,3.835482e+001
1.599689e+003,3.833797e+001
1.600171e+003,3.831962e+001
1.600654e+003,3.830015e+001
1.601136e+003,3.827993e+001
1.601618e+003,3.825939e+001
1.602100e+003,3.823896e+001
1.602582e+003,3.821905e+001
1.603064e+003,3.820001e+001
1.603546e+003,3.818208e+001
1.604028e+003,3.816518e+001
1.604510e+003,3.814899e+001
1.604993e+003,3.813293e+001
1.605475e+003,3.811631e+001
1.605957e+003,3.809860e+001
1.606439e+003,3.807949e+001
1.606921e+003,3.805908e+001
1.607403e+003,3.803781e+001
1.607885e+003,3.801625e+001
1.608367e+003,3.799497e+001
1.608850e+003,3.797434e+001
1.609332e+003,3.795452e+001
1.609814e+003,3.793550e+001
1.610296e+003,3.791725e+001
1.610778e+003,3.789980e+001
1.611260e+003,3.788320e+001
1.611742e+003,3.786736e+001
1.612225e+003,3.785196e+001
1.612707e+003,3.783625e+001
1.613189e+003,3.781911e+001
1.613671e+003,3.779904e+001
1.614153e+003,3.777435e+001
1.614635e+003,3.774355e+001
1.615117e+003,3.770588e+001
1.615599e+003,3.766215e+001
1.616082e+003,3.761522e+001
1.616564e+003,3.756995e+001
1.617046e+003,3.753161e+001
1.617528e+003,3.750383e+001
1.618010e+003,3.748732e+001
1.618492e+003,3.748007e+001
1.618974e+003,3.747863e+001
1.619456e+003,3.747924e+001
1.619938e+003,3.747841e+001
1.620421e+003,3.747328e+001
1.620903e+003,3.746165e+001
1.621385e+003,3.744231e+001
1.621867e+003,3.741531e+001
1.622349e+003,3.738238e+001
1.622831e+003,3.734676e+001
1.623313e+003,3.731236e+001
1.623796e+003,3.728245e+001
1.624278e+003,3.725851e+001
1.624760e+003,3.723997e+001
1.625242e+003,3.722486e+001
1.625724e+003,3.721073e+001
1.626206e+003,3.719554e+001
1.626688e+003,3.717813e+001
1.627170e+003,3.715836e+001
1.627653e+003,3.713705e+001
1.628135e+003,3.711562e+001
1.628617e+003,3.709560e+001
1.629099e+003,3.707819e+001
1.629581e+003,3.706395e+001
1.630063e+003,3.705273e+001
1.630545e+003,3.704387e+001
1.631027e+003,3.703632e+001
1.631510e+003,3.702871e+001
1.631992e+003,3.701948e+001
1.632474e+003,3.700670e+001
1.632956e+003,3.698810e+001
1.633438e+003,3.696120e+001
1.633920e+003,3.692375e+001
1.634402e+003,3.687473e+001
1.634885e+003,3.681580e+001
1.635366e+003,3.675247e+001
1.635849e+003,3.669319e+001
1.636331e+003,3.664610e+001
1.636813e+003,3.661536e+001
1.637295e+003,3.660016e+001
1.637777e+003,3.659631e+001
1.638259e+003,3.659882e+001
1.638741e+003,3.660331e+001
1.639224e+003,3.660669e+001
1.639706e+003,3.660714e+001
1.640188e+003,3.660393e+001
1.640670e+003,3.659728e+001
1.641152e+003,3.658791e+001
1.641634e+003,3.657679e+001
1.642116e+003,3.656468e+001
1.642598e+003,3.655176e+001
1.643081e+003,3.653740e+001
1.643563e+003,3.652012e+001
1.644045e+003,3.649772e+001
1.644527e+003,3.646762e+001
1.645009e+003,3.642763e+001
1.645491e+003,3.637709e+001
1.645973e+003,3.631837e+001
1.646455e+003,3.625758e+001
1.646938e+003,3.620330e+001
1.647420e+003,3.616320e+001
1.647902e+003,3.614077e+001
1.648384e+003,3.613465e+001
1.648866e+003,3.614043e+001
1.649348e+003,3.615270e+001
1.649830e+003,3.616628e+001
1.650313e+003,3.617616e+001
1.650794e+003,3.617701e+001
1.651277e+003,3.616277e+001
1.651759e+003,3.612716e+001
1.652241e+003,3.606653e+001
1.652723e+003,3.598549e+001
1.653205e+003,3.590041e+001
1.653687e+003,3.583301e+001
1.654169e+003,3.579640e+001
1.654652e+003,3.578906e+001
1.655134e+003,3.580097e+001
1.655616e+003,3.582164e+001
1.656098e+003,3.584357e+001
1.656580e+003,3.586250e+001
1.657062e+003,3.587637e+001
1.657544e+003,3.588450e+001
1.658026e+003,3.588694e+001
1.658509e+003,3.588402e+001
1.658991e+003,3.587607e+001
1.659473e+003,3.586324e+001
1.659955e+003,3.584544e+001
1.660437e+003,3.582249e+001
1.660919e+003,3.579444e+001
1.661401e+003,3.576199e+001
1.661883e+003,3.572684e+001
1.662365e+003,3.569170e+001
1.662848e+003,3.565979e+001
1.663330e+003,3.563379e+001
1.663812e+003,3.561503e+001
1.664294e+003,3.560313e+001
1.664776e+003,3.559638e+001
1.665258e+003,3.559225e+001
1.665740e+003,3.558807e+001
1.666222e+003,3.558119e+001
1.666705e+003,3.556918e+001
1.667187e+003,3.555004e+001
1.667669e+003,3.552246e+001
1.668151e+003,3.548639e+001
1.668633e+003,3.544367e+001
1.669115e+003,3.539824e+001
1.669597e+003,3.535537e+001
1.670080e+003,3.531996e+001
1.670562e+003,3.529481e+001
1.671044e+003,3.527983e+001
1.671526e+003,3.527264e+001
1.672008e+003,3.526970e+001
1.672490e+003,3.526735e+001
1.672972e+003,3.526230e+001
1.673454e+003,3.525214e+001
1.673937e+003,3.523560e+001
1.674419e+003,3.521301e+001
1.674901e+003,3.518653e+001
1.675383e+003,3.515959e+001
1.675865e+003,3.513572e+001
1.676347e+003,3.511720e+001
1.676829e+003,3.510437e+001
1.677311e+003,3.509595e+001
1.677793e+003,3.508985e+001
1.678276e+003,3.508400e+001
1.678758e+003,3.507691e+001
1.679240e+003,3.506786e+001
1.679722e+003,3.505677e+001
1.680204e+003,3.504391e+001
1.680686e+003,3.502929e+001
1.681168e+003,3.501220e+001
1.681650e+003,3.499086e+001
1.682133e+003,3.496256e+001
1.682615e+003,3.492446e+001
1.683097e+003,3.487543e+001
1.683579e+003,3.481845e+001
1.684061e+003,3.476170e+001
1.684543e+003,3.471585e+001
1.685025e+003,3.468832e+001
1.685508e+003,3.467970e+001
1.685990e+003,3.468512e+001
1.686472e+003,3.469787e+001
1.686954e+003,3.471222e+001
1.687436e+003,3.472425e+001
1.687918e+003,3.473186e+001
1.688400e+003,3.473441e+001
1.688882e+003,3.473239e+001
1.689365e+003,3.472713e+001
1.689847e+003,3.472034e+001
1.690329e+003,3.471367e+001
1.690811e+003,3.470825e+001
1.691293e+003,3.470444e+001
1.691775e+003,3.470177e+001
1.692257e+003,3.469901e+001
1.692739e+003,3.469437e+001
1.693221e+003,3.468566e+001
1.693704e+003,3.467059e+001
1.694186e+003,3.464726e+001
1.694668e+003,3.461519e+001
1.695150e+003,3.457618e+001
1.695632e+003,3.453456e+001
1.696114e+003,3.449607e+001
1.696596e+003,3.446537e+001
1.697078e+003,3.444408e+001
1.697561e+003,3.443036e+001
1.698043e+003,3.442004e+001
1.698525e+003,3.440825e+001
1.699007e+003,3.439110e+001
1.699489e+003,3.436735e+001
1.699971e+003,3.433942e+001
1.700453e+003,3.431276e+001
1.700936e+003,3.429298e+001
1.701417e+003,3.428289e+001
1.701900e+003,3.428164e+001
1.702382e+003,3.428601e+001
1.702864e+003,3.429223e+001
1.703346e+003,3.429700e+001
1.703828e+003,3.429817e+001
1.704310e+003,3.429469e+001
1.704792e+003,3.428684e+001
1.705275e+003,3.427607e+001
1.705757e+003,3.426453e+001
1.706239e+003,3.425444e+001
1.706721e+003,3.424715e+001
1.707203e+003,3.424296e+001
1.707685e+003,3.424119e+001
1.708167e+003,3.424065e+001
1.708649e+003,3.424012e+001
1.709132e+003,3.423867e+001
1.709614e+003,3.423573e+001
1.710096e+003,3.423107e+001
1.710578e+003,3.422468e+001
1.711060e+003,3.421664e+001
1.711542e+003,3.420691e+001
1.712024e+003,3.419538e+001
1.712506e+003,3.418174e+001
1.712989e+003,3.416569e+001
1.713471e+003,3.414697e+001
1.713953e+003,3.412545e+001
1.714435e+003,3.410117e+001
1.714917e+003,3.407432e+001
1.715399e+003,3.404531e+001
1.715881e+003,3.401487e+001
1.716364e+003,3.398434e+001
1.716845e+003,3.395588e+001
1.717328e+003,3.393224e+001
1.717810e+003,3.391604e+001
1.718292e+003,3.390863e+001
1.718774e+003,3.390954e+001
1.719256e+003,3.391678e+001
1.719738e+003,3.392764e+001
1.720220e+003,3.393933e+001
1.720703e+003,3.394962e+001
1.721185e+003,3.395685e+001
1.721667e+003,3.396011e+001
1.722149e+003,3.395915e+001
1.722631e+003,3.395444e+001
1.723113e+003,3.394698e+001
1.723595e+003,3.393807e+001
1.724077e+003,3.392896e+001
1.724560e+003,3.392052e+001
1.725042e+003,3.391304e+001
1.725524e+003,3.390619e+001
1.726006e+003,3.389933e+001
1.726488e+003,3.389156e+001
1.726970e+003,3.388214e+001
1.727452e+003,3.387048e+001
1.727934e+003,3.385637e+001
1.728417e+003,3.383997e+001
1.728899e+003,3.382187e+001
1.729381e+003,3.380287e+001
1.729863e+003,3.378376e+001
1.730345e+003,3.376500e+001
1.730827e+003,3.374649e+001
1.731309e+003,3.372741e+001
1.731792e+003,3.370637e+001
1.732273e+003,3.368193e+001
1.732756e+003,3.365335e+001
1.733238e+003,3.362164e+001
1.733720e+003,3.359007e+001
1.734202e+003,3.356332e+001
1.734684e+003,3.354525e+001
1.735166e+003,3.353688e+001
1.735648e+003,3.353634e+001
1.736131e+003,3.354016e+001
1.736613e+003,3.354478e+001
1.737095e+003,3.354733e+001
1.737577e+003,3.354588e+001
1.738059e+003,3.353947e+001
1.738541e+003,3.352815e+001
1.739023e+003,3.351283e+001
1.739505e+003,3.349508e+001
1.739988e+003,3.347666e+001
1.740470e+003,3.345900e+001
1.740952e+003,3.344276e+001
1.741434e+003,3.342796e+001
1.741916e+003,3.341413e+001
1.742398e+003,3.340079e+001
1.742880e+003,3.338755e+001
1.743362e+003,3.337426e+001
1.743844e+003,3.336087e+001
1.744327e+003,3.334731e+001
1.744809e+003,3.333340e+001
1.745291e+003,3.331888e+001
1.745773e+003,3.330338e+001
1.746255e+003,3.328662e+001
1.746737e+003,3.326842e+001
1.747219e+003,3.324882e+001
1.747702e+003,3.322804e+001
1.748184e+003,3.320652e+001
1.748666e+003,3.318486e+001
1.749148e+003,3.316382e+001
1.749630e+003,3.314421e+001
1.750112e+003,3.312685e+001
1.750594e+003,3.311242e+001
1.751076e+003,3.310126e+001
1.751559e+003,3.309323e+001
1.752041e+003,3.308770e+001
1.752523e+003,3.308372e+001
1.753005e+003,3.308018e+001
1.753487e+003,3.307592e+001
1.753969e+003,3.306993e+001
1.754451e+003,3.306134e+001
1.754933e+003,3.304959e+001
1.755416e+003,3.303453e+001
1.755898e+003,3.301658e+001
1.756380e+003,3.299674e+001
1.756862e+003,3.297635e+001
1.757344e+003,3.295671e+001
1.757826e+003,3.293862e+001
1.758308e+003,3.292210e+001
1.758791e+003,3.290639e+001
1.759272e+003,3.289036e+001
1.759755e+003,3.287281e+001
1.760237e+003,3.285297e+001
1.760719e+003,3.283075e+001
1.761201e+003,3.280700e+001
1.761683e+003,3.278327e+001
1.762165e+003,3.276136e+001
1.762647e+003,3.274262e+001
1.763130e+003,3.272746e+001
1.763612e+003,3.271531e+001
1.764094e+003,3.270494e+001
1.764576e+003,3.269490e+001
1.765058e+003,3.268383e+001
1.765540e+003,3.267067e+001
1.766022e+003,3.265478e+001
1.766504e+003,3.263596e+001
1.766987e+003,3.261447e+001
1.767469e+003,3.259093e+001
1.767951e+003,3.256613e+001
1.768433e+003,3.254071e+001
1.768915e+003,3.251494e+001
1.769397e+003,3.248861e+001
1.769879e+003,3.246111e+001
1.770361e+003,3.243169e+001
1.770844e+003,3.240002e+001
1.771326e+003,3.236658e+001
1.771808e+003,3.233298e+001
1.772290e+003,3.230158e+001
1.772772e+003,3.227477e+001
1.773254e+003,3.225396e+001
1.773736e+003,3.223907e+001
1.774219e+003,3.222880e+001
1.774700e+003,3.222126e+001
1.775183e+003,3.221455e+001
1.775665e+003,3.220719e+001
1.776147e+003,3.219816e+001
1.776629e+003,3.218690e+001
1.777111e+003,3.217313e+001
1.777593e+003,3.215677e+001
1.778075e+003,3.213781e+001
1.778558e+003,3.211637e+001
1.779040e+003,3.209282e+001
1.779522e+003,3.206777e+001
1.780004e+003,3.204219e+001
1.780486e+003,3.201718e+001
1.780968e+003,3.199366e+001
1.781450e+003,3.197211e+001
1.781932e+003,3.195234e+001
1.782415e+003,3.193363e+001
1.782897e+003,3.191496e+001
1.783379e+003,3.189536e+001
1.783861e+003,3.187427e+001
1.784343e+003,3.185167e+001
1.784825e+003,3.182809e+001
1.785307e+003,3.180440e+001
1.785789e+003,3.178145e+001
1.786271e+003,3.175983e+001
1.786754e+003,3.173965e+001
1.787236e+003,3.172056e+001
1.787718e+003,3.170193e+001
1.788200e+003,3.168285e+001
1.788682e+003,3.166242e+001
1.789164e+003,3.163967e+001
1.789646e+003,3.161375e+001
1.790128e+003,3.158405e+001
1.790611e+003,3.155051e+001
1.791093e+003,3.151385e+001
1.791575e+003,3.147578e+001
1.792057e+003,3.143867e+001
1.792539e+003,3.140494e+001
1.793021e+003,3.137621e+001
1.793503e+003,3.135281e+001
1.793986e+003,3.133389e+001
1.794468e+003,3.131789e+001
1.794950e+003,3.130322e+001
1.795432e+003,3.128851e+001
1.795914e+003,3.127284e+001
1.796396e+003,3.125571e+001
1.796878e+003,3.123688e+001
1.797360e+003,3.121627e+001
1.797843e+003,3.119386e+001
1.798325e+003,3.116967e+001
1.798807e+003,3.114388e+001
1.799289e+003,3.111684e+001
1.799771e+003,3.108921e+001
1.800253e+003,3.106183e+001
1.800735e+003,3.103558e+001
1.801217e+003,3.101112e+001
1.801699e+003,3.098877e+001
1.802182e+003,3.096842e+001
1.802664e+003,3.094963e+001
1.803146e+003,3.093184e+001
1.803628e+003,3.091447e+001
1.804110e+003,3.089702e+001
1.804592e+003,3.087910e+001
1.805074e+003,3.086040e+001
1.805556e+003,3.084071e+001
1.806039e+003,3.081990e+001
1.806521e+003,3.079791e+001
1.807003e+003,3.077483e+001
1.807485e+003,3.075073e+001
1.807967e+003,3.072579e+001
1.808449e+003,3.070010e+001
1.808931e+003,3.067375e+001
1.809414e+003,3.064683e+001
1.809896e+003,3.061954e+001
1.810378e+003,3.059226e+001
1.810860e+003,3.056561e+001
1.811342e+003,3.054028e+001
1.811824e+003,3.051684e+001
1.812306e+003,3.049551e+001
1.812788e+003,3.047607e+001
1.813271e+003,3.045790e+001
1.813753e+003,3.044016e+001
1.814235e+003,3.042198e+001
1.814717e+003,3.040275e+001
1.815199e+003,3.038223e+001
1.815681e+003,3.036052e+001
1.816163e+003,3.033801e+001
1.816645e+003,3.031519e+001
1.817127e+003,3.029245e+001
1.817610e+003,3.027005e+001
1.818092e+003,3.024805e+001
1.818574e+003,3.022639e+001
1.819056e+003,3.020501e+001
1.819538e+003,3.018387e+001
1.820020e+003,3.016291e+001
1.820502e+003,3.014204e+001
1.820984e+003,3.012103e+001
1.821467e+003,3.009950e+001
1.821949e+003,3.007701e+001
1.822431e+003,3.005307e+001
1.822913e+003,3.002735e+001
1.823395e+003,2.999989e+001
1.823877e+003,2.997108e+001
1.824359e+003,2.994176e+001
1.824842e+003,2.991298e+001
1.825323e+003,2.988571e+001
1.825806e+003,2.986051e+001
1.826288e+003,2.983735e+001
1.826770e+003,2.981563e+001
1.827252e+003,2.979434e+001
1.827734e+003,2.977240e+001
1.828216e+003,2.974897e+001
1.828698e+003,2.972375e+001
1.829181e+003,2.969728e+001
1.829663e+003,2.967089e+001
1.830145e+003,2.964635e+001
1.830627e+003,2.962523e+001
1.831109e+003,2.960823e+001
1.831591e+003,2.959505e+001
1.832073e+003,2.958450e+001
1.832555e+003,2.957500e+001
1.833038e+003,2.956503e+001
1.833520e+003,2.955343e+001
1.834002e+003,2.953959e+001
1.834484e+003,2.952342e+001
1.834966e+003,2.950530e+001
1.835448e+003,2.948579e+001
1.835930e+003,2.946550e+001
1.836412e+003,2.944490e+001
1.836895e+003,2.942429e+001
1.837377e+003,2.940387e+001
1.837859e+003,2.938380e+001
1.838341e+003,2.936427e+001
1.838823e+003,2.934542e+001
1.839305e+003,2.932727e+001
1.839787e+003,2.930954e+001
1.840270e+003,2.929171e+001
1.840751e+003,2.927300e+001
1.841234e+003,2.925253e+001
1.841716e+003,2.922950e+001
1.842198e+003,2.920346e+001
1.842680e+003,2.917451e+001
1.843162e+003,2.914355e+001
1.843644e+003,2.911213e+001
1.844126e+003,2.908219e+001
1.844609e+003,2.905551e+001
1.845091e+003,2.903319e+001
1.845573e+003,2.901537e+001
1.846055e+003,2.900146e+001
1.846537e+003,2.899034e+001
1.847019e+003,2.898079e+001
1.847501e+003,2.897171e+001
1.847983e+003,2.896222e+001
1.848466e+003,2.895175e+001
1.848948e+003,2.894005e+001
1.849430e+003,2.892716e+001
1.849912e+003,2.891333e+001
1.850394e+003,2.889886e+001
1.850876e+003,2.888401e+001
1.851358e+003,2.886888e+001
1.851840e+003,2.885352e+001
1.852323e+003,2.883788e+001
1.852805e+003,2.882193e+001
1.853287e+003,2.880577e+001
1.853769e+003,2.878950e+001
1.854251e+003,2.877325e+001
1.854733e+003,2.875705e+001
1.855215e+003,2.874080e+001
1.855698e+003,2.872435e+001
1.856179e+003,2.870750e+001
1.856662e+003,2.869017e+001
1.857144e+003,2.867246e+001
1.857626e+003,2.865461e+001
1.858108e+003,2.863693e+001
1.858590e+003,2.861966e+001
1.859072e+003,2.860288e+001
1.859554e+003,2.858652e+001
1.860037e+003,2.857036e+001
1.860519e+003,2.855420e+001
1.861001e+003,2.853796e+001
1.861483e+003,2.852166e+001
1.861965e+003,2.850546e+001
1.862447e+003,2.848952e+001
1.862929e+003,2.847390e+001
1.863411e+003,2.845851e+001
1.863894e+003,2.844315e+001
1.864376e+003,2.842751e+001
1.864858e+003,2.841125e+001
1.865340e+003,2.839403e+001
1.865822e+003,2.837555e+001
1.866304e+003,2.835554e+001
1.866786e+003,2.833384e+001
1.867268e+003,2.831054e+001
1.867750e+003,2.828617e+001
1.868233e+003,2.826171e+001
1.868715e+003,2.823859e+001
1.869197e+003,2.821824e+001
1.869679e+003,2.820165e+001
1.870161e+003,2.818909e+001
1.870643e+003,2.817999e+001
1.871125e+003,2.817324e+001
1.871608e+003,2.816750e+001
1.872090e+003,2.816156e+001
1.872572e+003,2.815457e+001
1.873054e+003,2.814607e+001
1.873536e+003,2.813603e+001
1.874018e+003,2.812465e+001
1.874500e+003,2.811226e+001
1.874982e+003,2.809917e+001
1.875465e+003,2.808560e+001
1.875947e+003,2.807171e+001
1.876429e+003,2.805760e+001
1.876911e+003,2.804333e+001
1.877393e+003,2.802902e+001
1.877875e+003,2.801473e+001
1.878357e+003,2.800049e+001
1.878839e+003,2.798626e+001
1.879322e+003,2.797198e+001
1.879804e+003,2.795761e+001
1.880286e+003,2.794314e+001
1.880768e+003,2.792862e+001
1.881250e+003,2.791409e+001
1.881732e+003,2.789951e+001
1.882214e+003,2.788480e+001
1.882697e+003,2.786978e+001
1.883178e+003,2.785434e+001
1.883661e+003,2.783844e+001
1.884143e+003,2.782220e+001
1.884625e+003,2.780587e+001
1.885107e+003,2.778969e+001
1.885589e+003,2.777378e+001
1.886071e+003,2.775806e+001
1.886553e+003,2.774222e+001
1.887036e+003,2.772586e+001
1.887518e+003,2.770868e+001
1.888000e+003,2.769062e+001
1.888482e+003,2.767199e+001
1.888964e+003,2.765342e+001
1.889446e+003,2.763566e+001
1.889928e+003,2.761930e+001
1.890410e+003,2.760458e+001
1.890893e+003,2.759131e+001
1.891375e+003,2.757899e+001
1.891857e+003,2.756700e+001
1.892339e+003,2.755477e+001
1.892821e+003,2.754191e+001
1.893303e+003,2.752826e+001
1.893785e+003,2.751386e+001
1.894267e+003,2.749885e+001
1.894750e+003,2.748351e+001
1.895232e+003,2.746811e+001
1.895714e+003,2.745296e+001
1.896196e+003,2.743827e+001
1.896678e+003,2.742415e+001
1.897160e+003,2.741053e+001
1.897642e+003,2.739720e+001
1.898125e+003,2.738389e+001
1.898606e+003,2.737030e+001
1.899089e+003,2.735623e+001
1.899571e+003,2.734166e+001
1.900053e+003,2.732667e+001
1.900535e+003,2.731148e+001
1.901017e+003,2.729627e+001
1.901499e+003,2.728112e+001
1.901981e+003,2.726602e+001
1.902464e+003,2.725082e+001
1.902946e+003,2.723545e+001
1.903428e+003,2.721983e+001
1.903910e+003,2.720403e+001
1.904392e+003,2.718816e+001
1.904874e+003,2.717231e+001
1.905356e+003,2.715649e+001
1.905838e+003,2.714058e+001
1.906321e+003,2.712440e+001
1.906803e+003,2.710779e+001
1.907285e+003,2.709073e+001
1.907767e+003,2.707334e+001
1.908249e+003,2.705589e+001
1.908731e+003,2.703871e+001
1.909213e+003,2.702205e+001
1.909695e+003,2.700604e+001
1.910177e+003,2.699068e+001
1.910660e+003,2.697581e+001
1.911142e+003,2.696133e+001
1.911624e+003,2.694712e+001
1.912106e+003,2.693312e+001
1.912588e+003,2.691927e+001
1.913070e+003,2.690543e+001
1.913552e+003,2.689137e+001
1.914034e+003,2.687679e+001
1.914517e+003,2.686137e+001
1.914999e+003,2.684484e+001
1.915481e+003,2.682709e+001
1.915963e+003,2.680815e+001
1.916445e+003,2.678828e+001
1.916927e+003,2.676788e+001
1.917409e+003,2.674742e+001
1.917892e+003,2.672738e+001
1.918374e+003,2.670811e+001
1.918856e+003,2.668977e+001
1.919338e+003,2.667229e+001
1.919820e+003,2.665541e+001
1.920302e+003,2.663872e+001
1.920784e+003,2.662183e+001
1.921266e+003,2.660443e+001
1.921749e+003,2.658642e+001
1.922231e+003,2.656797e+001
1.922713e+003,2.654947e+001
1.923195e+003,2.653141e+001
1.923677e+003,2.651423e+001
1.924159e+003,2.649807e+001
1.924641e+003,2.648281e+001
1.925123e+003,2.646803e+001
1.925605e+003,2.645329e+001
1.926088e+003,2.643820e+001
1.926570e+003,2.642259e+001
1.927052e+003,2.640649e+001
1.927534e+003,2.639009e+001
1.928016e+003,2.637358e+001
1.928498e+003,2.635705e+001
1.928980e+003,2.634042e+001
1.929462e+003,2.632354e+001
1.929945e+003,2.630622e+001
1.930427e+003,2.628839e+001
1.930909e+003,2.627010e+001
1.931391e+003,2.625153e+001
1.931873e+003,2.623285e+001
1.932355e+003,2.621417e+001
1.932837e+003,2.619551e+001
1.933320e+003,2.617673e+001
1.933802e+003,2.615770e+001
1.934284e+003,2.613836e+001
1.934766e+003,2.611872e+001
1.935248e+003,2.609892e+001
1.935730e+003,2.607914e+001
1.936212e+003,2.605950e+001
1.936694e+003,2.604008e+001
1.937177e+003,2.602087e+001
1.937659e+003,2.600180e+001
1.938141e+003,2.598280e+001
1.938623e+003,2.596377e+001
1.939105e+003,2.594459e+001
1.939587e+003,2.592512e+001
1.940069e+003,2.590515e+001
1.940551e+003,2.588445e+001
1.941033e+003,2.586294e+001
1.941516e+003,2.584069e+001
1.941998e+003,2.581807e+001
1.942480e+003,2.579563e+001
1.942962e+003,2.577397e+001
1.943444e+003,2.575351e+001
1.943926e+003,2.573437e+001
1.944408e+003,2.571634e+001
1.944890e+003,2.569900e+001
1.945373e+003,2.568188e+001
1.945855e+003,2.566464e+001
1.946337e+003,2.564713e+001
1.946819e+003,2.562938e+001
1.947301e+003,2.561151e+001
1.947783e+003,2.559358e+001
1.948265e+003,2.557554e+001
1.948748e+003,2.555727e+001
1.949229e+003,2.553858e+001
1.949712e+003,2.551934e+001
1.950194e+003,2.549953e+001
1.950676e+003,2.547925e+001
1.951158e+003,2.545867e+001
1.951640e+003,2.543796e+001
1.952122e+003,2.541724e+001
1.952604e+003,2.539655e+001
1.953087e+003,2.537593e+001
1.953569e+003,2.535540e+001
1.954051e+003,2.533500e+001
1.954533e+003,2.531479e+001
1.955015e+003,2.529479e+001
1.955497e+003,2.527493e+001
1.955979e+003,2.525508e+001
1.956461e+003,2.523508e+001
1.956944e+003,2.521484e+001
1.957426e+003,2.519435e+001
1.957908e+003,2.517375e+001
1.958390e+003,2.515325e+001
1.958872e+003,2.513303e+001
1.959354e+003,2.511319e+001
1.959836e+003,2.509367e+001
1.960318e+003,2.507432e+001
1.960801e+003,2.505497e+001
1.961283e+003,2.503552e+001
1.961765e+003,2.501590e+001
1.962247e+003,2.499615e+001
1.962729e+003,2.497626e+001
1.963211e+003,2.495617e+001
1.963693e+003,2.493571e+001
1.964176e+003,2.491463e+001
1.964657e+003,2.489277e+001
1.965140e+003,2.487009e+001
1.965622e+003,2.484675e+001
1.966104e+003,2.482313e+001
1.966586e+003,2.479973e+001
1.967068e+003,2.477699e+001
1.967550e+003,2.475523e+001
1.968032e+003,2.473456e+001
1.968515e+003,2.471490e+001
1.968997e+003,2.469604e+001
1.969479e+003,2.467774e+001
1.969961e+003,2.465978e+001
1.970443e+003,2.464193e+001
1.970925e+003,2.462401e+001
1.971407e+003,2.460584e+001
1.971889e+003,2.458731e+001
1.972372e+003,2.456837e+001
1.972854e+003,2.454909e+001
1.973336e+003,2.452960e+001
1.973818e+003,2.451006e+001
1.974300e+003,2.449061e+001
1.974782e+003,2.447127e+001
1.975264e+003,2.445197e+001
1.975746e+003,2.443255e+001
1.976229e+003,2.441289e+001
1.976711e+003,2.439292e+001
1.977193e+003,2.437266e+001
1.977675e+003,2.435224e+001
1.978157e+003,2.433177e+001
1.978639e+003,2.431135e+001
1.979121e+003,2.429099e+001
1.979604e+003,2.427067e+001
1.980085e+003,2.425037e+001
1.980568e+003,2.423009e+001
1.981050e+003,2.420993e+001
1.981532e+003,2.418999e+001
1.982014e+003,2.417038e+001
1.982496e+003,2.415108e+001
1.982978e+003,2.413205e+001
1.983460e+003,2.411315e+001
1.983943e+003,2.409427e+001
1.984425e+003,2.407533e+001
1.984907e+003,2.405636e+001
1.985389e+003,2.403741e+001
1.985871e+003,2.401857e+001
1.986353e+003,2.399980e+001
1.986835e+003,2.398105e+001
1.987317e+003,2.396218e+001
1.987800e+003,2.394309e+001
1.988282e+003,2.392371e+001
1.988764e+003,2.390406e+001
1.989246e+003,2.388419e+001
1.989728e+003,2.386418e+001
1.990210e+003,2.384411e+001
1.990692e+003,2.382405e+001
1.991174e+003,2.380407e+001
1.991656e+003,2.378434e+001
1.992139e+003,2.376510e+001
1.992621e+003,2.374658e+001
1.993103e+003,2.372897e+001
1.993585e+003,2.371226e+001
1.994067e+003,2.369628e+001
1.994549e+003,2.368066e+001
1.995031e+003,2.366497e+001
1.995514e+003,2.364889e+001
1.995996e+003,2.363220e+001
1.996478e+003,2.361490e+001
1.996960e+003,2.359710e+001
1.997442e+003,2.357895e+001
1.997924e+003,2.356060e+001
1.998406e+003,2.354208e+001
1.998888e+003,2.352342e+001
1.999371e+003,2.350468e+001
1.999853e+003,2.348598e+001
2.000335e+003,2.346753e+001
2.000817e+003,2.344956e+001
2.001299e+003,2.343223e+001
2.001781e+003,2.341551e+001
2.002263e+003,2.339922e+001
2.002745e+003,2.338304e+001
2.003228e+003,2.336666e+001
2.003710e+003,2.334991e+001
2.004192e+003,2.333278e+001
2.004674e+003,2.331545e+001
2.005156e+003,2.329817e+001
2.005638e+003,2.328115e+001
2.006120e+003,2.326451e+001
2.006603e+003,2.324823e+001
2.007084e+003,2.323220e+001
2.007567e+003,2.321632e+001
2.008049e+003,2.320047e+001
2.008531e+003,2.318464e+001
2.009013e+003,2.316881e+001
2.009495e+003,2.315295e+001
2.009977e+003,2.313703e+001
2.010459e+003,2.312098e+001
2.010942e+003,2.310479e+001
2.011424e+003,2.308851e+001
2.011906e+003,2.307221e+001
2.012388e+003,2.305601e+001
2.012870e+003,2.303995e+001
2.013352e+003,2.302394e+001
2.013834e+003,2.300784e+001
2.014316e+003,2.299141e+001
2.014799e+003,2.297450e+001
2.015281e+003,2.295709e+001
2.015763e+003,2.293933e+001
2.016245e+003,2.292152e+001
2.016727e+003,2.290400e+001
2.017209e+003,2.288705e+001
2.017691e+003,2.287081e+001
2.018173e+003,2.285529e+001
2.018656e+003,2.284038e+001
2.019138e+003,2.282596e+001
2.019620e+003,2.281195e+001
2.020102e+003,2.279830e+001
2.020584e+003,2.278493e+001
2.021066e+003,2.277179e+001
2.021548e+003,2.275876e+001
2.022031e+003,2.274571e+001
2.022512e+003,2.273255e+001
2.022995e+003,2.271925e+001
2.023477e+003,2.270588e+001
2.023959e+003,2.269251e+001
2.024441e+003,2.267923e+001
2.024923e+003,2.266602e+001
2.025405e+003,2.265278e+001
2.025887e+003,2.263940e+001
2.026370e+003,2.262579e+001
2.026852e+003,2.261194e+001
2.027334e+003,2.259797e+001
2.027816e+003,2.258407e+001
2.028298e+003,2.257038e+001
2.028780e+003,2.255700e+001
2.029262e+003,2.254389e+001
2.029744e+003,2.253092e+001
2.030227e+003,2.251793e+001
2.030709e+003,2.250482e+001
2.031191e+003,2.249155e+001
2.031673e+003,2.247818e+001
2.032155e+003,2.246476e+001
2.032637e+003,2.245130e+001
2.033119e+003,2.243774e+001
2.033601e+003,2.242401e+001
2.034083e+003,2.241006e+001
2.034566e+003,2.239592e+001
2.035048e+003,2.238171e+001
2.035530e+003,2.236767e+001
2.036012e+003,2.235396e+001
2.036494e+003,2.234072e+001
2.036976e+003,2.232792e+001
2.037458e+003,2.231546e+001
2.037940e+003,2.230318e+001
2.038423e+003,2.229095e+001
2.038905e+003,2.227872e+001
2.039387e+003,2.226651e+001
2.039869e+003,2.225434e+001
2.040351e+003,2.224222e+001
2.040833e+003,2.223010e+001
2.041315e+003,2.221789e+001
2.041798e+003,2.220549e+001
2.042280e+003,2.219284e+001
2.042762e+003,2.217996e+001
2.043244e+003,2.216693e+001
2.043726e+003,2.215383e+001
2.044208e+003,2.214071e+001
2.044690e+003,2.212763e+001
2.045172e+003,2.211459e+001
2.045655e+003,2.210164e+001
2.046137e+003,2.208883e+001
2.046619e+003,2.207626e+001
2.047101e+003,2.206400e+001
2.047583e+003,2.205208e+001
2.048065e+003,2.204038e+001
2.048547e+003,2.202875e+001
2.049029e+003,2.201701e+001
2.049511e+003,2.200506e+001
2.049994e+003,2.199292e+001
2.050476e+003,2.198070e+001
2.050958e+003,2.196857e+001
2.051440e+003,2.195664e+001
2.051922e+003,2.194487e+001
2.052404e+003,2.193311e+001
2.052886e+003,2.192109e+001
2.053368e+003,2.190862e+001
2.053851e+003,2.189564e+001
2.054333e+003,2.188223e+001
2.054815e+003,2.186866e+001
2.055297e+003,2.185521e+001
2.055779e+003,2.184214e+001
2.056261e+003,2.182956e+001
2.056743e+003,2.181748e+001
2.057226e+003,2.180584e+001
2.057708e+003,2.179456e+001
2.058190e+003,2.178359e+001
2.058672e+003,2.177294e+001
2.059154e+003,2.176256e+001
2.059636e+003,2.175236e+001
2.060118e+003,2.174214e+001
2.060600e+003,2.173165e+001
2.061083e+003,2.172068e+001
2.061565e+003,2.170908e+001
2.062047e+003,2.169685e+001
2.062529e+003,2.168410e+001
2.063011e+003,2.167103e+001
2.063493e+003,2.165784e+001
2.063975e+003,2.164470e+001
2.064457e+003,2.163171e+001
2.064939e+003,2.161898e+001
2.065422e+003,2.160661e+001
2.065904e+003,2.159468e+001
2.066386e+003,2.158325e+001
2.066868e+003,2.157228e+001
2.067350e+003,2.156162e+001
2.067832e+003,2.155106e+001
2.068314e+003,2.154030e+001
2.068796e+003,2.152916e+001
2.069279e+003,2.151755e+001
2.069761e+003,2.150556e+001
2.070243e+003,2.149339e+001
2.070725e+003,2.148125e+001
2.071207e+003,2.146930e+001
2.071689e+003,2.145758e+001
2.072171e+003,2.144604e+001
2.072654e+003,2.143456e+001
2.073135e+003,2.142303e+001
2.073618e+003,2.141140e+001
2.074100e+003,2.139962e+001
2.074582e+003,2.138767e+001
2.075064e+003,2.137547e+001
2.075546e+003,2.136294e+001
2.076028e+003,2.134997e+001
2.076510e+003,2.133656e+001
2.076993e+003,2.132286e+001
2.077475e+003,2.130910e+001
2.077957e+003,2.129561e+001
2.078439e+003,2.128267e+001
2.078921e+003,2.127042e+001
2.079403e+003,2.125883e+001
2.079885e+003,2.124769e+001
2.080367e+003,2.123674e+001
2.080850e+003,2.122573e+001
2.081332e+003,2.121452e+001
2.081814e+003,2.120306e+001
2.082296e+003,2.119139e+001
2.082778e+003,2.117956e+001
2.083260e+003,2.116757e+001
2.083742e+003,2.115542e+001
2.084224e+003,2.114309e+001
2.084707e+003,2.113058e+001
2.085189e+003,2.111798e+001
2.085671e+003,2.110536e+001
2.086153e+003,2.109280e+001
2.086635e+003,2.108029e+001
2.087117e+003,2.106776e+001
2.087599e+003,2.105512e+001
2.088082e+003,2.104224e+001
2.088563e+003,2.102913e+001
2.089046e+003,2.101584e+001
2.089528e+003,2.100250e+001
2.090010e+003,2.098926e+001
2.090492e+003,2.097617e+001
2.090974e+003,2.096323e+001
2.091456e+003,2.095034e+001
2.091938e+003,2.093742e+001
2.092421e+003,2.092443e+001
2.092903e+003,2.091138e+001
2.093385e+003,2.089838e+001
2.093867e+003,2.088550e+001
2.094349e+003,2.087277e+001
2.094831e+003,2.086018e+001
2.095313e+003,2.084764e+001
2.095795e+003,2.083509e+001
2.096278e+003,2.082251e+001
2.096760e+003,2.080996e+001
2.097242e+003,2.079753e+001
2.097724e+003,2.078526e+001
2.098206e+003,2.077312e+001
2.098688e+003,2.076097e+001
2.099170e+003,2.074858e+001
2.099652e+003,2.073577e+001
2.100135e+003,2.072243e+001
2.100617e+003,2.070859e+001
2.101099e+003,2.069437e+001
2.101581e+003,2.067997e+001
2.102063e+003,2.066553e+001
2.102545e+003,2.065115e+001
2.103027e+003,2.063684e+001
2.103510e+003,2.062260e+001
2.103991e+003,2.060848e+001
2.104474e+003,2.059453e+001
2.104956e+003,2.058086e+001
2.105438e+003,2.056754e+001
2.105920e+003,2.055458e+001
2.106402e+003,2.054185e+001
2.106884e+003,2.052921e+001
2.107366e+003,2.051645e+001
2.107849e+003,2.050346e+001
2.108331e+003,2.049024e+001
2.108813e+003,2.047683e+001
2.109295e+003,2.046334e+001
2.109777e+003,2.044980e+001
2.110259e+003,2.043621e+001
2.110741e+003,2.042250e+001
2.111223e+003,2.040858e+001
2.111706e+003,2.039440e+001
2.112188e+003,2.038002e+001
2.112670e+003,2.036550e+001
2.113152e+003,2.035097e+001
2.113634e+003,2.033649e+001
2.114116e+003,2.032208e+001
2.114598e+003,2.030771e+001
2.115080e+003,2.029334e+001
2.115563e+003,2.027898e+001
2.116045e+003,2.026467e+001
2.116527e+003,2.025050e+001
2.117009e+003,2.023652e+001
2.117491e+003,2.022273e+001
2.117973e+003,2.020903e+001
2.118455e+003,2.019528e+001
2.118938e+003,2.018136e+001
2.119420e+003,2.016720e+001
2.119902e+003,2.015284e+001
2.120384e+003,2.013836e+001
2.120866e+003,2.012386e+001
2.121348e+003,2.010939e+001
2.121830e+003,2.009490e+001
2.122312e+003,2.008030e+001
2.122794e+003,2.006551e+001
2.123277e+003,2.005049e+001
2.123759e+003,2.003529e+001
2.124241e+003,2.002002e+001
2.124723e+003,2.000485e+001
2.125205e+003,1.998986e+001
2.125687e+003,1.997511e+001
2.126169e+003,1.996059e+001
2.126651e+003,1.994627e+001
2.127134e+003,1.993213e+001
2.127616e+003,1.991819e+001
2.128098e+003,1.990448e+001
2.128580e+003,1.989094e+001
2.129062e+003,1.987746e+001
2.129544e+003,1.986385e+001
2.130026e+003,1.984992e+001
2.130509e+003,1.983549e+001
2.130990e+003,1.982055e+001
2.131473e+003,1.980522e+001
2.131955e+003,1.978973e+001
2.132437e+003,1.977433e+001
2.132919e+003,1.975923e+001
2.133401e+003,1.974451e+001
2.133883e+003,1.973015e+001
2.134365e+003,1.971609e+001
2.134848e+003,1.970222e+001
2.135330e+003,1.968850e+001
2.135812e+003,1.967486e+001
2.136294e+003,1.966128e+001
2.136776e+003,1.964764e+001
2.137258e+003,1.963381e+001
2.137740e+003,1.961966e+001
2.138222e+003,1.960511e+001
2.138705e+003,1.959022e+001
2.139187e+003,1.957514e+001
2.139669e+003,1.956012e+001
2.140151e+003,1.954537e+001
2.140633e+003,1.953103e+001
2.141115e+003,1.951709e+001
2.141597e+003,1.950341e+001
2.142079e+003,1.948982e+001
2.142562e+003,1.947621e+001
2.143044e+003,1.946251e+001
2.143526e+003,1.944877e+001
2.144008e+003,1.943508e+001
2.144490e+003,1.942150e+001
2.144972e+003,1.940802e+001
2.145454e+003,1.939457e+001
2.145937e+003,1.938103e+001
2.146418e+003,1.936732e+001
2.146901e+003,1.935336e+001
2.147383e+003,1.933918e+001
2.147865e+003,1.932481e+001
2.148347e+003,1.931028e+001
2.148829e+003,1.929562e+001
2.149311e+003,1.928087e+001
2.149793e+003,1.926610e+001
2.150276e+003,1.925143e+001
2.150758e+003,1.923703e+001
2.151240e+003,1.922304e+001
2.151722e+003,1.920953e+001
2.152204e+003,1.919646e+001
2.152686e+003,1.918365e+001
2.153168e+003,1.917084e+001
2.153650e+003,1.915781e+001
2.154133e+003,1.914439e+001
2.154615e+003,1.913059e+001
2.155097e+003,1.911647e+001
2.155579e+003,1.910220e+001
2.156061e+003,1.908789e+001
2.156543e+003,1.907361e+001
2.157025e+003,1.905937e+001
2.157507e+003,1.904515e+001
2.157990e+003,1.903097e+001
2.158472e+003,1.901690e+001
2.158954e+003,1.900303e+001
2.159436e+003,1.898940e+001
2.159918e+003,1.897602e+001
2.160400e+003,1.896280e+001
2.160882e+003,1.894961e+001
2.161365e+003,1.893630e+001
2.161846e+003,1.892283e+001
2.162329e+003,1.890924e+001
2.162811e+003,1.889562e+001
2.163293e+003,1.888209e+001
2.163775e+003,1.886872e+001
2.164257e+003,1.885551e+001
2.164739e+003,1.884239e+001
2.165221e+003,1.882930e+001
2.165704e+003,1.881621e+001
2.166186e+003,1.880314e+001
2.166668e+003,1.879014e+001
2.167150e+003,1.877728e+001
2.167632e+003,1.876454e+001
2.168114e+003,1.875182e+001
2.168596e+003,1.873901e+001
2.169078e+003,1.872600e+001
2.169561e+003,1.871278e+001
2.170043e+003,1.869943e+001
2.170525e+003,1.868609e+001
2.171007e+003,1.867294e+001
2.171489e+003,1.866004e+001
2.171971e+003,1.864738e+001
2.172453e+003,1.863490e+001
2.172935e+003,1.862245e+001
2.173417e+003,1.861000e+001
2.173900e+003,1.859756e+001
2.174382e+003,1.858520e+001
2.174864e+003,1.857302e+001
2.175346e+003,1.856105e+001
2.175828e+003,1.854923e+001
2.176310e+003,1.853743e+001
2.176792e+003,1.852553e+001
2.177274e+003,1.851342e+001
2.177757e+003,1.850111e+001
2.178239e+003,1.848870e+001
2.178721e+003,1.847631e+001
2.179203e+003,1.846407e+001
2.179685e+003,1.845205e+001
2.180167e+003,1.844028e+001
2.180649e+003,1.842875e+001
2.181132e+003,1.841745e+001
2.181614e+003,1.840637e+001
2.182096e+003,1.839551e+001
2.182578e+003,1.838485e+001
2.183060e+003,1.837429e+001
2.183542e+003,1.836367e+001
2.184024e+003,1.835284e+001
2.184506e+003,1.834168e+001
2.184989e+003,1.833021e+001
2.185471e+003,1.831851e+001
2.185953e+003,1.830678e+001
2.186435e+003,1.829519e+001
2.186917e+003,1.828384e+001
2.187399e+003,1.827271e+001
2.187881e+003,1.826168e+001
2.188363e+003,1.825066e+001
2.188845e+003,1.823955e+001
2.189328e+003,1.822837e+001
2.189810e+003,1.821725e+001
2.190292e+003,1.820631e+001
2.190774e+003,1.819566e+001
2.191256e+003,1.818533e+001
2.191738e+003,1.817527e+001
2.192220e+003,1.816539e+001
2.192702e+003,1.815561e+001
2.193185e+003,1.814590e+001
2.193667e+003,1.813629e+001
2.194149e+003,1.812681e+001
2.194631e+003,1.811744e+001
2.195113e+003,1.810811e+001
2.195595e+003,1.809869e+001
2.196077e+003,1.808903e+001
2.196560e+003,1.807904e+001
2.197042e+003,1.806869e+001
2.197524e+003,1.805807e+001
2.198006e+003,1.804731e+001
2.198488e+003,1.803654e+001
2.198970e+003,1.802591e+001
2.199452e+003,1.801551e+001
2.199934e+003,1.800543e+001
2.200417e+003,1.799573e+001
2.200899e+003,1.798649e+001
2.201381e+003,1.797772e+001
2.201863e+003,1.796942e+001
2.202345e+003,1.796143e+001
2.202827e+003,1.795356e+001
2.203309e+003,1.794557e+001
2.203791e+003,1.793726e+001
2.204273e+003,1.792853e+001
2.204756e+003,1.791938e+001
2.205238e+003,1.790991e+001
2.205720e+003,1.790025e+001
2.206202e+003,1.789052e+001
2.206684e+003,1.788077e+001
2.207166e+003,1.787104e+001
2.207648e+003,1.786134e+001
2.208130e+003,1.785172e+001
2.208613e+003,1.784226e+001
2.209095e+003,1.783309e+001
2.209577e+003,1.782426e+001
2.210059e+003,1.781578e+001
2.210541e+003,1.780757e+001
2.211023e+003,1.779947e+001
2.211505e+003,1.779137e+001
2.211988e+003,1.778318e+001
2.212469e+003,1.777489e+001
2.212952e+003,1.776655e+001
2.213434e+003,1.775825e+001
2.213916e+003,1.775001e+001
2.214398e+003,1.774181e+001
2.214880e+003,1.773360e+001
2.215362e+003,1.772533e+001
2.215844e+003,1.771702e+001
2.216327e+003,1.770868e+001
2.216809e+003,1.770039e+001
2.217291e+003,1.769220e+001
2.217773e+003,1.768405e+001
2.218255e+003,1.767585e+001
2.218737e+003,1.766746e+001
2.219219e+003,1.765879e+001
2.219701e+003,1.764986e+001
2.220184e+003,1.764080e+001
2.220666e+003,1.763181e+001
2.221148e+003,1.762312e+001
2.221630e+003,1.761485e+001
2.222112e+003,1.760704e+001
2.222594e+003,1.759958e+001
2.223076e+003,1.759231e+001
2.223558e+003,1.758510e+001
2.224041e+003,1.757787e+001
2.224523e+003,1.757062e+001
2.225005e+003,1.756338e+001
2.225487e+003,1.755617e+001
2.225969e+003,1.754898e+001
2.226451e+003,1.754175e+001
2.226933e+003,1.753442e+001
2.227416e+003,1.752696e+001
2.227897e+003,1.751938e+001
2.228380e+003,1.751169e+001
2.228862e+003,1.750395e+001
2.229344e+003,1.749613e+001
2.229826e+003,1.748821e+001
2.230308e+003,1.748014e+001
2.230790e+003,1.747192e+001
2.231272e+003,1.746359e+001
2.231755e+003,1.745528e+001
2.232237e+003,1.744713e+001
2.232719e+003,1.743924e+001
2.233201e+003,1.743159e+001
2.233683e+003,1.742406e+001
2.234165e+003,1.741642e+001
2.234647e+003,1.740850e+001
2.235129e+003,1.740017e+001
2.235612e+003,1.739144e+001
2.236094e+003,1.738246e+001
2.236576e+003,1.737341e+001
2.237058e+003,1.736448e+001
2.237540e+003,1.735579e+001
2.238022e+003,1.734735e+001
2.238504e+003,1.733915e+001
2.238986e+003,1.733116e+001
2.239469e+003,1.732334e+001
2.239951e+003,1.731569e+001
2.240433e+003,1.730818e+001
2.240915e+003,1.730079e+001
2.241397e+003,1.729341e+001
2.241879e+003,1.728596e+001
2.242361e+003,1.727837e+001
2.242844e+003,1.727062e+001
2.243326e+003,1.726280e+001
2.243808e+003,1.725501e+001
2.244290e+003,1.724735e+001
2.244772e+003,1.723986e+001
2.245254e+003,1.723248e+001
2.245736e+003,1.722510e+001
2.246218e+003,1.721758e+001
2.246700e+003,1.720981e+001
2.247183e+003,1.720177e+001
2.247665e+003,1.719348e+001
2.248147e+003,1.718499e+001
2.248629e+003,1.717635e+001
2.249111e+003,1.716757e+001
2.249593e+003,1.715865e+001
2.250075e+003,1.714961e+001
2.250557e+003,1.714052e+001
2.251040e+003,1.713150e+001
2.251522e+003,1.712269e+001
2.252004e+003,1.711421e+001
2.252486e+003,1.710609e+001
2.252968e+003,1.709824e+001
2.253450e+003,1.709051e+001
2.253932e+003,1.708272e+001
2.254415e+003,1.707473e+001
2.254896e+003,1.706645e+001
2.255379e+003,1.705788e+001
2.255861e+003,1.704900e+001
2.256343e+003,1.703982e+001
2.256825e+003,1.703026e+001
2.257307e+003,1.702027e+001
2.257789e+003,1.700984e+001
2.258271e+003,1.699900e+001
2.258754e+003,1.698791e+001
2.259236e+003,1.697677e+001
2.259718e+003,1.696577e+001
2.260200e+003,1.695505e+001
2.260682e+003,1.694468e+001
2.261164e+003,1.693460e+001
2.261646e+003,1.692480e+001
2.262128e+003,1.691523e+001
2.262611e+003,1.690592e+001
2.263093e+003,1.689693e+001
2.263575e+003,1.688828e+001
2.264057e+003,1.687996e+001
2.264539e+003,1.687183e+001
2.265021e+003,1.686373e+001
2.265503e+003,1.685548e+001
2.265985e+003,1.684694e+001
2.266468e+003,1.683809e+001
2.266950e+003,1.682899e+001
2.267432e+003,1.681972e+001
2.267914e+003,1.681036e+001
2.268396e+003,1.680095e+001
2.268878e+003,1.679149e+001
2.269360e+003,1.678197e+001
2.269843e+003,1.677242e+001
2.270324e+003,1.676293e+001
2.270807e+003,1.675362e+001
2.271289e+003,1.674458e+001
2.271771e+003,1.673590e+001
2.272253e+003,1.672754e+001
2.272735e+003,1.671945e+001
2.273217e+003,1.671156e+001
2.273699e+003,1.670383e+001
2.274182e+003,1.669627e+001
2.274664e+003,1.668898e+001
2.275146e+003,1.668200e+001
2.275628e+003,1.667538e+001
2.276110e+003,1.666907e+001
2.276592e+003,1.666300e+001
2.277074e+003,1.665709e+001
2.277556e+003,1.665128e+001
2.278039e+003,1.664561e+001
2.278521e+003,1.664011e+001
2.279003e+003,1.663481e+001
2.279485e+003,1.662966e+001
2.279967e+003,1.662453e+001
2.280449e+003,1.661919e+001
2.280931e+003,1.661342e+001
2.281413e+003,1.660699e+001
2.281896e+003,1.659973e+001
2.282378e+003,1.659153e+001
2.282860e+003,1.658230e+001
2.283342e+003,1.657197e+001
2.283824e+003,1.656045e+001
2.284306e+003,1.654767e+001
2.284788e+003,1.653365e+001
2.285271e+003,1.651850e+001
2.285752e+003,1.650246e+001
2.286235e+003,1.648584e+001
2.286717e+003,1.646897e+001
2.287199e+003,1.645211e+001
2.287681e+003,1.643541e+001
2.288163e+003,1.641888e+001
2.288645e+003,1.640244e+001
2.289127e+003,1.638596e+001
2.289610e+003,1.636929e+001
2.290092e+003,1.635229e+001
2.290574e+003,1.633483e+001
2.291056e+003,1.631682e+001
2.291538e+003,1.629817e+001
2.292020e+003,1.627888e+001
2.292502e+003,1.625903e+001
2.292984e+003,1.623882e+001
2.293467e+003,1.621847e+001
2.293949e+003,1.619826e+001
2.294431e+003,1.617835e+001
2.294913e+003,1.615878e+001
2.295395e+003,1.613944e+001
2.295877e+003,1.612014e+001
2.296359e+003,1.610069e+001
2.296841e+003,1.608094e+001
2.297323e+003,1.606089e+001
2.297806e+003,1.604061e+001
2.298288e+003,1.602021e+001
2.298770e+003,1.599976e+001
2.299252e+003,1.597925e+001
2.299734e+003,1.595860e+001
2.300216e+003,1.593769e+001
2.300698e+003,1.591646e+001
2.301180e+003,1.589481e+001
2.301663e+003,1.587273e+001
2.302145e+003,1.585012e+001
2.302627e+003,1.582683e+001
2.303109e+003,1.580264e+001
2.303591e+003,1.577726e+001
2.304073e+003,1.575046e+001
2.304555e+003,1.572212e+001
2.305038e+003,1.569225e+001
2.305520e+003,1.566102e+001
2.306002e+003,1.562868e+001
2.306484e+003,1.559544e+001
2.306966e+003,1.556151e+001
2.307448e+003,1.552704e+001
2.307930e+003,1.549220e+001
2.308412e+003,1.545723e+001
2.308895e+003,1.542246e+001
2.309377e+003,1.538831e+001
2.309859e+003,1.535521e+001
2.310341e+003,1.532349e+001
2.310823e+003,1.529334e+001
2.311305e+003,1.526479e+001
2.311787e+003,1.523773e+001
2.312269e+003,1.521193e+001
2.312751e+003,1.518707e+001
2.313234e+003,1.516276e+001
2.313716e+003,1.513850e+001
2.314198e+003,1.511365e+001
2.314680e+003,1.508747e+001
2.315162e+003,1.505921e+001
2.315644e+003,1.502828e+001
2.316126e+003,1.499427e+001
2.316608e+003,1.495710e+001
2.317091e+003,1.491694e+001
2.317573e+003,1.487414e+001
2.318055e+003,1.482913e+001
2.318537e+003,1.478236e+001
2.319019e+003,1.473423e+001
2.319501e+003,1.468524e+001
2.319983e+003,1.463603e+001
2.320466e+003,1.458736e+001
2.320948e+003,1.454015e+001
2.321430e+003,1.449528e+001
2.321912e+003,1.445345e+001
2.322394e+003,1.441500e+001
2.322876e+003,1.437984e+001
2.323358e+003,1.434753e+001
2.323840e+003,1.431733e+001
2.324323e+003,1.428838e+001
2.324805e+003,1.425980e+001
2.325287e+003,1.423079e+001
2.325769e+003,1.420068e+001
2.326251e+003,1.416905e+001
2.326733e+003,1.413574e+001
2.327215e+003,1.410101e+001
2.327697e+003,1.406547e+001
2.328179e+003,1.403007e+001
2.328662e+003,1.399593e+001
2.329144e+003,1.396413e+001
2.329626e+003,1.393543e+001
2.330108e+003,1.391024e+001
2.330590e+003,1.388853e+001
2.331072e+003,1.386996e+001
2.331554e+003,1.385392e+001
2.332036e+003,1.383972e+001
2.332519e+003,1.382652e+001
2.333001e+003,1.381342e+001
2.333483e+003,1.379945e+001
2.333965e+003,1.378376e+001
2.334447e+003,1.376577e+001
2.334929e+003,1.374535e+001
2.335411e+003,1.372294e+001
2.335894e+003,1.369942e+001
2.336375e+003,1.367588e+001
2.336858e+003,1.365323e+001
2.337340e+003,1.363194e+001
2.337822e+003,1.361188e+001
2.338304e+003,1.359249e+001
2.338786e+003,1.357310e+001
2.339268e+003,1.355329e+001
2.339750e+003,1.353313e+001
2.340233e+003,1.351327e+001
2.340715e+003,1.349470e+001
2.341197e+003,1.347863e+001
2.341679e+003,1.346630e+001
2.342161e+003,1.345901e+001
2.342643e+003,1.345836e+001
2.343125e+003,1.346633e+001
2.343607e+003,1.348514e+001
2.344090e+003,1.351677e+001
2.344572e+003,1.356201e+001
2.345054e+003,1.361968e+001
2.345536e+003,1.368630e+001
2.346018e+003,1.375655e+001
2.346500e+003,1.382429e+001
2.346982e+003,1.388373e+001
2.347464e+003,1.393022e+001
2.347947e+003,1.396055e+001
2.348429e+003,1.397284e+001
2.348911e+003,1.396626e+001
2.349393e+003,1.394081e+001
2.349875e+003,1.389720e+001
2.350357e+003,1.383691e+001
2.350839e+003,1.376220e+001
2.351322e+003,1.367617e+001
2.351803e+003,1.358253e+001
2.352286e+003,1.348517e+001
2.352768e+003,1.338756e+001
2.353250e+003,1.329219e+001
2.353732e+003,1.320044e+001
2.354214e+003,1.311279e+001
2.354696e+003,1.302930e+001
2.355178e+003,1.295016e+001
2.355661e+003,1.287587e+001
2.356143e+003,1.280718e+001
2.356625e+003,1.274481e+001
2.357107e+003,1.268921e+001
2.357589e+003,1.264050e+001
2.358071e+003,1.259861e+001
2.358553e+003,1.256354e+001
2.359035e+003,1.253545e+001
2.359518e+003,1.251455e+001
2.360000e+003,1.250096e+001
2.360482e+003,1.249435e+001
2.360964e+003,1.249400e+001
2.361446e+003,1.249894e+001
2.361928e+003,1.250833e+001
2.362410e+003,1.252172e+001
2.362892e+003,1.253921e+001
2.363375e+003,1.256122e+001
2.363857e+003,1.258824e+001
2.364339e+003,1.262053e+001
2.364821e+003,1.265793e+001
2.365303e+003,1.270000e+001
2.365785e+003,1.274615e+001
2.366267e+003,1.279589e+001
2.366750e+003,1.284882e+001
2.367232e+003,1.290466e+001
2.367714e+003,1.296300e+001
2.368196e+003,1.302329e+001
2.368678e+003,1.308478e+001
2.369160e+003,1.314672e+001
2.369642e+003,1.320851e+001
2.370124e+003,1.326985e+001
2.370606e+003,1.333076e+001
2.371089e+003,1.339142e+001
2.371571e+003,1.345202e+001
2.372053e+003,1.351260e+001
2.372535e+003,1.357295e+001
2.373017e+003,1.363270e+001
2.373499e+003,1.369140e+001
2.373981e+003,1.374870e+001
2.374463e+003,1.380437e+001
2.374946e+003,1.385836e+001
2.375428e+003,1.391077e+001
2.375910e+003,1.396173e+001
2.376392e+003,1.401144e+001
2.376874e+003,1.406014e+001
2.377356e+003,1.410806e+001
2.377838e+003,1.415546e+001
2.378321e+003,1.420254e+001
2.378802e+003,1.424936e+001
2.379285e+003,1.429583e+001
2.379767e+003,1.434163e+001
2.380249e+003,1.438629e+001
2.380731e+003,1.442926e+001
2.381213e+003,1.447002e+001
2.381695e+003,1.450818e+001
2.382177e+003,1.454349e+001
2.382660e+003,1.457585e+001
2.383142e+003,1.460519e+001
2.383624e+003,1.463147e+001
2.384106e+003,1.465461e+001
2.384588e+003,1.467452e+001
2.385070e+003,1.469116e+001
2.385552e+003,1.470457e+001
2.386034e+003,1.471491e+001
2.386517e+003,1.472248e+001
2.386999e+003,1.472762e+001
2.387481e+003,1.473068e+001
2.387963e+003,1.473198e+001
2.388445e+003,1.473177e+001
2.388927e+003,1.473028e+001
2.389409e+003,1.472771e+001
2.389891e+003,1.472429e+001
2.390374e+003,1.472026e+001
2.390856e+003,1.471588e+001
2.391338e+003,1.471134e+001
2.391820e+003,1.470680e+001
2.392302e+003,1.470232e+001
2.392784e+003,1.469793e+001
2.393266e+003,1.469363e+001
2.393749e+003,1.468937e+001
2.394230e+003,1.468509e+001
2.394713e+003,1.468070e+001
2.395195e+003,1.467607e+001
2.395677e+003,1.467108e+001
2.396159e+003,1.466562e+001
2.396641e+003,1.465968e+001
2.397123e+003,1.465337e+001
2.397605e+003,1.464686e+001
2.398088e+003,1.464037e+001
2.398570e+003,1.463410e+001
2.399052e+003,1.462814e+001
2.399534e+003,1.462249e+001
2.400016e+003,1.461706e+001
2.400498e+003,1.461174e+001
2.400980e+003,1.460647e+001
2.401462e+003,1.460123e+001
2.401945e+003,1.459605e+001
2.402427e+003,1.459097e+001
2.402909e+003,1.458600e+001
2.403391e+003,1.458109e+001
2.403873e+003,1.457613e+001
2.404355e+003,1.457106e+001
2.404837e+003,1.456583e+001
2.405319e+003,1.456048e+001
2.405802e+003,1.455509e+001
2.406284e+003,1.454974e+001
2.406766e+003,1.454445e+001
2.407248e+003,1.453916e+001
2.407730e+003,1.453376e+001
2.408212e+003,1.452816e+001
2.408694e+003,1.452231e+001
2.409177e+003,1.451625e+001
2.409658e+003,1.451013e+001
2.410141e+003,1.450409e+001
2.410623e+003,1.449827e+001
2.411105e+003,1.449272e+001
2.411587e+003,1.448743e+001
2.412069e+003,1.448232e+001
2.412551e+003,1.447730e+001
2.413033e+003,1.447231e+001
2.413516e+003,1.446732e+001
2.413998e+003,1.446231e+001
2.414480e+003,1.445723e+001
2.414962e+003,1.445203e+001
2.415444e+003,1.444665e+001
2.415926e+003,1.444103e+001
2.416408e+003,1.443523e+001
2.416890e+003,1.442931e+001
2.417373e+003,1.442344e+001
2.417855e+003,1.441775e+001
2.418337e+003,1.441234e+001
2.418819e+003,1.440718e+001
2.419301e+003,1.440222e+001
2.419783e+003,1.439733e+001
2.420265e+003,1.439242e+001
2.420747e+003,1.438744e+001
2.421229e+003,1.438240e+001
2.421712e+003,1.437733e+001
2.422194e+003,1.437226e+001
2.422676e+003,1.436720e+001
2.423158e+003,1.436213e+001
2.423640e+003,1.435700e+001
2.424122e+003,1.435183e+001
2.424604e+003,1.434664e+001
2.425086e+003,1.434146e+001
2.425569e+003,1.433634e+001
2.426051e+003,1.433127e+001
2.426533e+003,1.432619e+001
2.427015e+003,1.432103e+001
2.427497e+003,1.431571e+001
2.427979e+003,1.431022e+001
2.428461e+003,1.430460e+001
2.428944e+003,1.429894e+001
2.429426e+003,1.429332e+001
2.429908e+003,1.428780e+001
2.430390e+003,1.428237e+001
2.430872e+003,1.427699e+001
2.431354e+003,1.427164e+001
2.431836e+003,1.426630e+001
2.432318e+003,1.426104e+001
2.432801e+003,1.425596e+001
2.433283e+003,1.425114e+001
2.433765e+003,1.424659e+001
2.434247e+003,1.424225e+001
2.434729e+003,1.423796e+001
2.435211e+003,1.423357e+001
2.435693e+003,1.422893e+001
2.436175e+003,1.422397e+001
2.436657e+003,1.421871e+001
2.437140e+003,1.421320e+001
2.437622e+003,1.420750e+001
2.438104e+003,1.420169e+001
2.438586e+003,1.419581e+001
2.439068e+003,1.418995e+001
2.439550e+003,1.418418e+001
2.440032e+003,1.417862e+001
2.440514e+003,1.417336e+001
2.440997e+003,1.416841e+001
2.441479e+003,1.416370e+001
2.441961e+003,1.415910e+001
2.442443e+003,1.415436e+001
2.442925e+003,1.414933e+001
2.443407e+003,1.414389e+001
2.443889e+003,1.413807e+001
2.444372e+003,1.413203e+001
2.444854e+003,1.412594e+001
2.445336e+003,1.411999e+001
2.445818e+003,1.411431e+001
2.446300e+003,1.410891e+001
2.446782e+003,1.410377e+001
2.447264e+003,1.409880e+001
2.447746e+003,1.409391e+001
2.448229e+003,1.408903e+001
2.448711e+003,1.408407e+001
2.449193e+003,1.407895e+001
2.449675e+003,1.407357e+001
2.450157e+003,1.406784e+001
2.450639e+003,1.406175e+001
2.451121e+003,1.405534e+001
2.451604e+003,1.404873e+001
2.452085e+003,1.404210e+001
2.452568e+003,1.403560e+001
2.453050e+003,1.402932e+001
2.453532e+003,1.402328e+001
2.454014e+003,1.401742e+001
2.454496e+003,1.401166e+001
2.454978e+003,1.400591e+001
2.455460e+003,1.400015e+001
2.455943e+003,1.399438e+001
2.456425e+003,1.398859e+001
2.456907e+003,1.398276e+001
2.457389e+003,1.397679e+001
2.457871e+003,1.397060e+001
2.458353e+003,1.396408e+001
2.458835e+003,1.395722e+001
2.459317e+003,1.395009e+001
2.459800e+003,1.394282e+001
2.460282e+003,1.393558e+001
2.460764e+003,1.392850e+001
2.461246e+003,1.392166e+001
2.461728e+003,1.391504e+001
2.462210e+003,1.390861e+001
2.462692e+003,1.390231e+001
2.463174e+003,1.389613e+001
2.463656e+003,1.389008e+001
2.464139e+003,1.388414e+001
2.464621e+003,1.387832e+001
2.465103e+003,1.387254e+001
2.465585e+003,1.386673e+001
2.466067e+003,1.386080e+001
2.466549e+003,1.385472e+001
2.467031e+003,1.384850e+001
2.467513e+003,1.384223e+001
2.467996e+003,1.383595e+001
2.468478e+003,1.382972e+001
2.468960e+003,1.382351e+001
2.469442e+003,1.381726e+001
2.469924e+003,1.381090e+001
2.470406e+003,1.380436e+001
2.470888e+003,1.379764e+001
2.471371e+003,1.379078e+001
2.471853e+003,1.378382e+001
2.472335e+003,1.377680e+001
2.472817e+003,1.376976e+001
2.473299e+003,1.376269e+001
2.473781e+003,1.375565e+001
2.474263e+003,1.374871e+001
2.474745e+003,1.374199e+001
2.475228e+003,1.373560e+001
2.475710e+003,1.372960e+001
2.476192e+003,1.372398e+001
2.476674e+003,1.371860e+001
2.477156e+003,1.371325e+001
2.477638e+003,1.370774e+001
2.478120e+003,1.370193e+001
2.478602e+003,1.369578e+001
2.479084e+003,1.368934e+001
2.479567e+003,1.368274e+001
2.480049e+003,1.367606e+001
2.480531e+003,1.366939e+001
2.481013e+003,1.366271e+001
2.481495e+003,1.365601e+001
2.481977e+003,1.364923e+001
2.482459e+003,1.364238e+001
2.482941e+003,1.363551e+001
2.483424e+003,1.362866e+001
2.483906e+003,1.362188e+001
2.484388e+003,1.361521e+001
2.484870e+003,1.360861e+001
2.485352e+003,1.360205e+001
2.485834e+003,1.359549e+001
2.486316e+003,1.358889e+001
2.486799e+003,1.358223e+001
2.487281e+003,1.357543e+001
2.487763e+003,1.356843e+001
2.488245e+003,1.356111e+001
2.488727e+003,1.355343e+001
2.489209e+003,1.354538e+001
2.489691e+003,1.353708e+001
2.490173e+003,1.352876e+001
2.490656e+003,1.352067e+001
2.491138e+003,1.351304e+001
2.491620e+003,1.350599e+001
2.492102e+003,1.349948e+001
2.492584e+003,1.349336e+001
2.493066e+003,1.348741e+001
2.493548e+003,1.348139e+001
2.494030e+003,1.347517e+001
2.494512e+003,1.346871e+001
2.494995e+003,1.346204e+001
2.495477e+003,1.345524e+001
2.495959e+003,1.344839e+001
2.496441e+003,1.344155e+001
2.496923e+003,1.343474e+001
2.497405e+003,1.342797e+001
2.497887e+003,1.342125e+001
2.498370e+003,1.341460e+001
2.498852e+003,1.340800e+001
2.499334e+003,1.340138e+001
2.499816e+003,1.339468e+001
2.500298e+003,1.338780e+001
2.500780e+003,1.338070e+001
2.501262e+003,1.337339e+001
2.501744e+003,1.336595e+001
2.502227e+003,1.335852e+001
2.502709e+003,1.335120e+001
2.503191e+003,1.334409e+001
2.503673e+003,1.333717e+001
2.504155e+003,1.333037e+001
2.504637e+003,1.332361e+001
2.505119e+003,1.331684e+001
2.505601e+003,1.331006e+001
2.506083e+003,1.330331e+001
2.506566e+003,1.329668e+001
2.507048e+003,1.329018e+001
2.507530e+003,1.328379e+001
2.508012e+003,1.327744e+001
2.508494e+003,1.327102e+001
2.508976e+003,1.326444e+001
2.509458e+003,1.325768e+001
2.509940e+003,1.325074e+001
2.510423e+003,1.324367e+001
2.510905e+003,1.323649e+001
2.511387e+003,1.322925e+001
2.511869e+003,1.322193e+001
2.512351e+003,1.321456e+001
2.512833e+003,1.320721e+001
2.513315e+003,1.319995e+001
2.513798e+003,1.319294e+001
2.514280e+003,1.318624e+001
2.514762e+003,1.317989e+001
2.515244e+003,1.317381e+001
2.515726e+003,1.316783e+001
2.516208e+003,1.316177e+001
2.516690e+003,1.315548e+001
2.517172e+003,1.314886e+001
2.517655e+003,1.314191e+001
2.518137e+003,1.313472e+001
2.518619e+003,1.312737e+001
2.519101e+003,1.311997e+001
2.519583e+003,1.311262e+001
2.520065e+003,1.310540e+001
2.520547e+003,1.309838e+001
2.521029e+003,1.309166e+001
2.521511e+003,1.308531e+001
2.521994e+003,1.307933e+001
2.522476e+003,1.307367e+001
2.522958e+003,1.306821e+001
2.523440e+003,1.306279e+001
2.523922e+003,1.305725e+001
2.524404e+003,1.305150e+001
2.524886e+003,1.304554e+001
2.525368e+003,1.303942e+001
2.525851e+003,1.303323e+001
2.526333e+003,1.302702e+001
2.526815e+003,1.302078e+001
2.527297e+003,1.301445e+001
2.527779e+003,1.300794e+001
2.528261e+003,1.300119e+001
2.528743e+003,1.299422e+001
2.529226e+003,1.298710e+001
2.529708e+003,1.297995e+001
2.530190e+003,1.297292e+001
2.530672e+003,1.296608e+001
2.531154e+003,1.295949e+001
2.531636e+003,1.295315e+001
2.532118e+003,1.294703e+001
2.532600e+003,1.294108e+001
2.533083e+003,1.293526e+001
2.533565e+003,1.292951e+001
2.534047e+003,1.292375e+001
2.534529e+003,1.291792e+001
2.535011e+003,1.291192e+001
2.535493e+003,1.290577e+001
2.535975e+003,1.289949e+001
2.536457e+003,1.289319e+001
2.536939e+003,1.288699e+001
2.537422e+003,1.288101e+001
2.537904e+003,1.287527e+001
2.538386e+003,1.286973e+001
2.538868e+003,1.286431e+001
2.539350e+003,1.285890e+001
2.539832e+003,1.285345e+001
2.540314e+003,1.284799e+001
2.540796e+003,1.284259e+001
2.541279e+003,1.283734e+001
2.541761e+003,1.283228e+001
2.542243e+003,1.282738e+001
2.542725e+003,1.282254e+001
2.543207e+003,1.281761e+001
2.543689e+003,1.281248e+001
2.544171e+003,1.280709e+001
2.544654e+003,1.280145e+001
2.545135e+003,1.279563e+001
2.545618e+003,1.278972e+001
2.546100e+003,1.278380e+001
2.546582e+003,1.277794e+001
2.547064e+003,1.277220e+001
2.547546e+003,1.276662e+001
2.548028e+003,1.276127e+001
2.548510e+003,1.275619e+001
2.548993e+003,1.275140e+001
2.549475e+003,1.274687e+001
2.549957e+003,1.274252e+001
2.550439e+003,1.273823e+001
2.550921e+003,1.273392e+001
2.551403e+003,1.272953e+001
2.551885e+003,1.272506e+001
2.552367e+003,1.272058e+001
2.552850e+003,1.271612e+001
2.553332e+003,1.271168e+001
2.553814e+003,1.270718e+001
2.554296e+003,1.270250e+001
2.554778e+003,1.269751e+001
2.555260e+003,1.269213e+001
2.555742e+003,1.268635e+001
2.556224e+003,1.268027e+001
2.556707e+003,1.267402e+001
2.557189e+003,1.266775e+001
2.557671e+003,1.266159e+001
2.558153e+003,1.265561e+001
2.558635e+003,1.264983e+001
2.559117e+003,1.264427e+001
2.559599e+003,1.263893e+001
2.560082e+003,1.263380e+001
2.560563e+003,1.262882e+001
2.561046e+003,1.262393e+001
2.561528e+003,1.261900e+001
2.562010e+003,1.261393e+001
2.562492e+003,1.260863e+001
2.562974e+003,1.260310e+001
2.563456e+003,1.259743e+001
2.563938e+003,1.259179e+001
2.564421e+003,1.258634e+001
2.564903e+003,1.258123e+001
2.565385e+003,1.257652e+001
2.565867e+003,1.257218e+001
2.566349e+003,1.256810e+001
2.566831e+003,1.256415e+001
2.567313e+003,1.256022e+001
2.567795e+003,1.255622e+001
2.568278e+003,1.255209e+001
2.568760e+003,1.254781e+001
2.569242e+003,1.254335e+001
2.569724e+003,1.253870e+001
2.570206e+003,1.253391e+001
2.570688e+003,1.252902e+001
2.571170e+003,1.252415e+001
2.571652e+003,1.251941e+001
2.572135e+003,1.251491e+001
2.572617e+003,1.251069e+001
2.573099e+003,1.250673e+001
2.573581e+003,1.250294e+001
2.574063e+003,1.249919e+001
2.574545e+003,1.249537e+001
2.575027e+003,1.249137e+001
2.575510e+003,1.248716e+001
2.575991e+003,1.248272e+001
2.576474e+003,1.247803e+001
2.576956e+003,1.247314e+001
2.577438e+003,1.246806e+001
2.577920e+003,1.246286e+001
2.578402e+003,1.245764e+001
2.578884e+003,1.245250e+001
2.579366e+003,1.244755e+001
2.579849e+003,1.244283e+001
2.580331e+003,1.243831e+001
2.580813e+003,1.243391e+001
2.581295e+003,1.242951e+001
2.581777e+003,1.242503e+001
2.582259e+003,1.242045e+001
2.582741e+003,1.241584e+001
2.583223e+003,1.241132e+001
2.583706e+003,1.240700e+001
2.584188e+003,1.240294e+001
2.584670e+003,1.239913e+001
2.585152e+003,1.239549e+001
2.585634e+003,1.239191e+001
2.586116e+003,1.238828e+001
2.586598e+003,1.238456e+001
2.587080e+003,1.238074e+001
2.587563e+003,1.237686e+001
2.588045e+003,1.237296e+001
2.588527e+003,1.236902e+001
2.589009e+003,1.236505e+001
2.589491e+003,1.236101e+001
2.589973e+003,1.235691e+001
2.590455e+003,1.235281e+001
2.590938e+003,1.234876e+001
2.591419e+003,1.234483e+001
2.591902e+003,1.234104e+001
2.592384e+003,1.233734e+001
2.592866e+003,1.233364e+001
2.593348e+003,1.232983e+001
2.593830e+003,1.232585e+001
2.594312e+003,1.232165e+001
2.594794e+003,1.231725e+001
2.595277e+003,1.231268e+001
2.595759e+003,1.230797e+001
2.596241e+003,1.230313e+001
2.596723e+003,1.229815e+001
2.597205e+003,1.229305e+001
2.597687e+003,1.228786e+001
2.598169e+003,1.228266e+001
2.598651e+003,1.227758e+001
2.599134e+003,1.227272e+001
2.599616e+003,1.226816e+001
2.600098e+003,1.226389e+001
2.600580e+003,1.225988e+001
2.601062e+003,1.225606e+001
2.601544e+003,1.225235e+001
2.602026e+003,1.224871e+001
2.602508e+003,1.224511e+001
2.602990e+003,1.224154e+001
2.603473e+003,1.223793e+001
2.603955e+003,1.223422e+001
2.604437e+003,1.223033e+001
2.604919e+003,1.222620e+001
2.605401e+003,1.222184e+001
2.605883e+003,1.221731e+001
2.606365e+003,1.221274e+001
2.606847e+003,1.220825e+001
2.607330e+003,1.220393e+001
2.607812e+003,1.219979e+001
2.608294e+003,1.219577e+001
2.608776e+003,1.219177e+001
2.609258e+003,1.218768e+001
2.609740e+003,1.218341e+001
2.610222e+003,1.217892e+001
2.610705e+003,1.217420e+001
2.611187e+003,1.216926e+001
2.611669e+003,1.216414e+001
2.612151e+003,1.215887e+001
2.612633e+003,1.215356e+001
2.613115e+003,1.214831e+001
2.613597e+003,1.214325e+001
2.614079e+003,1.213848e+001
2.614562e+003,1.213405e+001
2.615044e+003,1.212988e+001
2.615526e+003,1.212583e+001
2.616008e+003,1.212171e+001
2.616490e+003,1.211734e+001
2.616972e+003,1.211263e+001
2.617454e+003,1.210760e+001
2.617936e+003,1.210235e+001
2.618418e+003,1.209704e+001
2.618901e+003,1.209181e+001
2.619383e+003,1.208677e+001
2.619865e+003,1.208193e+001
2.620347e+003,1.207728e+001
2.620829e+003,1.207279e+001
2.621311e+003,1.206843e+001
2.621793e+003,1.206421e+001
2.622276e+003,1.206012e+001
2.622758e+003,1.205612e+001
2.623240e+003,1.205216e+001
2.623722e+003,1.204815e+001
2.624204e+003,1.204398e+001
2.624686e+003,1.203959e+001
2.625168e+003,1.203498e+001
2.625650e+003,1.203016e+001
2.626133e+003,1.202520e+001
2.626615e+003,1.202015e+001
2.627097e+003,1.201505e+001
2.627579e+003,1.200991e+001
2.628061e+003,1.200477e+001
2.628543e+003,1.199964e+001
2.629025e+003,1.199460e+001
2.629507e+003,1.198971e+001
2.629990e+003,1.198500e+001
2.630472e+003,1.198044e+001
2.630954e+003,1.197595e+001
2.631436e+003,1.197143e+001
2.631918e+003,1.196675e+001
2.632400e+003,1.196184e+001
2.632882e+003,1.195672e+001
2.633364e+003,1.195143e+001
2.633846e+003,1.194606e+001
2.634329e+003,1.194067e+001
2.634811e+003,1.193529e+001
2.635293e+003,1.192992e+001
2.635775e+003,1.192455e+001
2.636257e+003,1.191916e+001
2.636739e+003,1.191377e+001
2.637221e+003,1.190844e+001
2.637704e+003,1.190320e+001
2.638186e+003,1.189808e+001
2.638668e+003,1.189306e+001
2.639150e+003,1.188808e+001
2.639632e+003,1.188311e+001
2.640114e+003,1.187812e+001
2.640596e+003,1.187309e+001
2.641078e+003,1.186804e+001
2.641561e+003,1.186297e+001
2.642043e+003,1.185784e+001
2.642525e+003,1.185261e+001
2.643007e+003,1.184719e+001
2.643489e+003,1.184154e+001
2.643971e+003,1.183568e+001
2.644453e+003,1.182967e+001
2.644935e+003,1.182363e+001
2.645417e+003,1.181766e+001
2.645900e+003,1.181182e+001
2.646382e+003,1.180615e+001
2.646864e+003,1.180062e+001
2.647346e+003,1.179521e+001
2.647828e+003,1.178995e+001
2.648310e+003,1.178491e+001
2.648792e+003,1.178015e+001
2.649274e+003,1.177572e+001
2.649757e+003,1.177159e+001
2.650239e+003,1.176761e+001
2.650721e+003,1.176357e+001
2.651203e+003,1.175924e+001
2.651685e+003,1.175441e+001
2.652167e+003,1.174900e+001
2.652649e+003,1.174299e+001
2.653132e+003,1.173648e+001
2.653614e+003,1.172959e+001
2.654096e+003,1.172245e+001
2.654578e+003,1.171518e+001
2.655060e+003,1.170788e+001
2.655542e+003,1.170066e+001
2.656024e+003,1.169360e+001
2.656506e+003,1.168681e+001
2.656989e+003,1.168035e+001
2.657471e+003,1.167422e+001
2.657953e+003,1.166836e+001
2.658435e+003,1.166268e+001
2.658917e+003,1.165712e+001
2.659399e+003,1.165163e+001
2.659881e+003,1.164623e+001
2.660363e+003,1.164098e+001
2.660845e+003,1.163597e+001
2.661328e+003,1.163121e+001
2.661810e+003,1.162667e+001
2.662292e+003,1.162223e+001
2.662774e+003,1.161777e+001
2.663256e+003,1.161313e+001
2.663738e+003,1.160822e+001
2.664220e+003,1.160298e+001
2.664702e+003,1.159737e+001
2.665185e+003,1.159141e+001
2.665667e+003,1.158510e+001
2.666149e+003,1.157849e+001
2.666631e+003,1.157165e+001
2.667113e+003,1.156473e+001
2.667595e+003,1.155790e+001
2.668077e+003,1.155133e+001
2.668560e+003,1.154511e+001
2.669042e+003,1.153925e+001
2.669524e+003,1.153363e+001
2.670006e+003,1.152804e+001
2.670488e+003,1.152229e+001
2.670970e+003,1.151621e+001
2.671452e+003,1.150976e+001
2.671934e+003,1.150302e+001
2.672417e+003,1.149614e+001
2.672899e+003,1.148932e+001
2.673381e+003,1.148271e+001
2.673863e+003,1.147639e+001
2.674345e+003,1.147038e+001
2.674827e+003,1.146465e+001
2.675309e+003,1.145914e+001
2.675791e+003,1.145379e+001
2.676273e+003,1.144852e+001
2.676756e+003,1.144327e+001
2.677238e+003,1.143796e+001
2.677720e+003,1.143253e+001
2.678202e+003,1.142694e+001
2.678684e+003,1.142117e+001
2.679166e+003,1.141523e+001
2.679648e+003,1.140917e+001
2.680130e+003,1.140301e+001
2.680613e+003,1.139674e+001
2.681095e+003,1.139034e+001
2.681577e+003,1.138379e+001
2.682059e+003,1.137711e+001
2.682541e+003,1.137033e+001
2.683023e+003,1.136360e+001
2.683505e+003,1.135702e+001
2.683988e+003,1.135070e+001
2.684469e+003,1.134468e+001
2.684952e+003,1.133892e+001
2.685434e+003,1.133331e+001
2.685916e+003,1.132777e+001
2.686398e+003,1.132221e+001
2.686880e+003,1.131661e+001
2.687362e+003,1.131101e+001
2.687844e+003,1.130546e+001
2.688327e+003,1.129999e+001
2.688809e+003,1.129462e+001
2.689291e+003,1.128931e+001
2.689773e+003,1.128407e+001
2.690255e+003,1.127886e+001
2.690737e+003,1.127373e+001
2.691219e+003,1.126867e+001
2.691701e+003,1.126368e+001
2.692184e+003,1.125870e+001
2.692666e+003,1.125360e+001
2.693148e+003,1.124824e+001
2.693630e+003,1.124255e+001
2.694112e+003,1.123651e+001
2.694594e+003,1.123019e+001
2.695076e+003,1.122376e+001
2.695558e+003,1.121737e+001
2.696041e+003,1.121115e+001
2.696523e+003,1.120512e+001
2.697005e+003,1.119922e+001
2.697487e+003,1.119337e+001
2.697969e+003,1.118748e+001
2.698451e+003,1.118153e+001
2.698933e+003,1.117555e+001
2.699416e+003,1.116963e+001
2.699897e+003,1.116382e+001
2.700380e+003,1.115816e+001
2.700862e+003,1.115263e+001
2.701344e+003,1.114718e+001
2.701826e+003,1.114178e+001
2.702308e+003,1.113639e+001
2.702790e+003,1.113102e+001
2.703272e+003,1.112567e+001
2.703755e+003,1.112034e+001
2.704237e+003,1.111499e+001
2.704719e+003,1.110959e+001
2.705201e+003,1.110411e+001
2.705683e+003,1.109858e+001
2.706165e+003,1.109306e+001
2.706647e+003,1.108764e+001
2.707129e+003,1.108243e+001
2.707612e+003,1.107744e+001
2.708094e+003,1.107264e+001
2.708576e+003,1.106795e+001
2.709058e+003,1.106323e+001
2.709540e+003,1.105840e+001
2.710022e+003,1.105342e+001
2.710504e+003,1.104831e+001
2.710986e+003,1.104311e+001
2.711469e+003,1.103784e+001
2.711951e+003,1.103250e+001
2.712433e+003,1.102704e+001
2.712915e+003,1.102143e+001
2.713397e+003,1.101566e+001
2.713879e+003,1.100978e+001
2.714361e+003,1.100391e+001
2.714844e+003,1.099814e+001
2.715325e+003,1.099258e+001
2.715808e+003,1.098722e+001
2.716290e+003,1.098204e+001
2.716772e+003,1.097694e+001
2.717254e+003,1.097184e+001
2.717736e+003,1.096668e+001
2.718218e+003,1.096145e+001
2.718700e+003,1.095619e+001
2.719183e+003,1.095092e+001
2.719665e+003,1.094564e+001
2.720147e+003,1.094033e+001
2.720629e+003,1.093499e+001
2.721111e+003,1.092963e+001
2.721593e+003,1.092431e+001
2.722075e+003,1.091910e+001
2.722557e+003,1.091409e+001
2.723040e+003,1.090933e+001
2.723522e+003,1.090481e+001
2.724004e+003,1.090046e+001
2.724486e+003,1.089618e+001
2.724968e+003,1.089186e+001
2.725450e+003,1.088745e+001
2.725932e+003,1.088291e+001
2.726414e+003,1.087824e+001
2.726896e+003,1.087343e+001
2.727379e+003,1.086847e+001
2.727861e+003,1.086330e+001
2.728343e+003,1.085790e+001
2.728825e+003,1.085226e+001
2.729307e+003,1.084644e+001
2.729789e+003,1.084053e+001
2.730271e+003,1.083466e+001
2.730753e+003,1.082894e+001
2.731236e+003,1.082346e+001
2.731718e+003,1.081826e+001
2.732200e+003,1.081335e+001
2.732682e+003,1.080872e+001
2.733164e+003,1.080435e+001
2.733646e+003,1.080022e+001
2.734128e+003,1.079626e+001
2.734611e+003,1.079239e+001
2.735093e+003,1.078846e+001
2.735575e+003,1.078434e+001
2.736057e+003,1.077995e+001
2.736539e+003,1.077526e+001
2.737021e+003,1.077034e+001
2.737503e+003,1.076536e+001
2.737985e+003,1.076047e+001
2.738468e+003,1.075584e+001
2.738950e+003,1.075152e+001
2.739432e+003,1.074749e+001
2.739914e+003,1.074367e+001
2.740396e+003,1.073994e+001
2.740878e+003,1.073617e+001
2.741360e+003,1.073229e+001
2.741842e+003,1.072824e+001
2.742324e+003,1.072398e+001
2.742807e+003,1.071951e+001
2.743289e+003,1.071483e+001
2.743771e+003,1.071000e+001
2.744253e+003,1.070509e+001
2.744735e+003,1.070019e+001
2.745217e+003,1.069542e+001
2.745699e+003,1.069083e+001
2.746182e+003,1.068644e+001
2.746664e+003,1.068217e+001
2.747146e+003,1.067795e+001
2.747628e+003,1.067367e+001
2.748110e+003,1.066930e+001
2.748592e+003,1.066485e+001
2.749074e+003,1.066041e+001
2.749556e+003,1.065604e+001
2.750039e+003,1.065181e+001
2.750521e+003,1.064771e+001
2.751003e+003,1.064369e+001
2.751485e+003,1.063966e+001
2.751967e+003,1.063557e+001
2.752449e+003,1.063137e+001
2.752931e+003,1.062710e+001
2.753413e+003,1.062278e+001
2.753896e+003,1.061846e+001
2.754378e+003,1.061414e+001
2.754860e+003,1.060979e+001
2.755342e+003,1.060540e+001
2.755824e+003,1.060096e+001
2.756306e+003,1.059651e+001
2.756788e+003,1.059211e+001
2.757270e+003,1.058782e+001
2.757752e+003,1.058366e+001
2.758235e+003,1.057962e+001
2.758717e+003,1.057560e+001
2.759199e+003,1.057151e+001
2.759681e+003,1.056724e+001
2.760163e+003,1.056275e+001
2.760645e+003,1.055804e+001
2.761127e+003,1.055313e+001
2.761610e+003,1.054808e+001
2.762092e+003,1.054292e+001
2.762574e+003,1.053770e+001
2.763056e+003,1.053247e+001
2.763538e+003,1.052731e+001
2.764020e+003,1.052233e+001
2.764502e+003,1.051766e+001
2.764984e+003,1.051339e+001
2.765467e+003,1.050955e+001
2.765949e+003,1.050609e+001
2.766431e+003,1.050290e+001
2.766913e+003,1.049982e+001
2.767395e+003,1.049670e+001
2.767877e+003,1.049345e+001
2.768359e+003,1.049001e+001
2.768841e+003,1.048638e+001
2.769323e+003,1.048255e+001
2.769806e+003,1.047852e+001
2.770288e+003,1.047428e+001
2.770770e+003,1.046981e+001
2.771252e+003,1.046513e+001
2.771734e+003,1.046026e+001
2.772216e+003,1.045527e+001
2.772698e+003,1.045020e+001
2.773180e+003,1.044509e+001
2.773663e+003,1.043992e+001
2.774145e+003,1.043469e+001
2.774627e+003,1.042936e+001
2.775109e+003,1.042396e+001
2.775591e+003,1.041856e+001
2.776073e+003,1.041326e+001
2.776555e+003,1.040819e+001
2.777038e+003,1.040344e+001
2.777520e+003,1.039906e+001
2.778002e+003,1.039505e+001
2.778484e+003,1.039136e+001
2.778966e+003,1.038791e+001
2.779448e+003,1.038467e+001
2.779930e+003,1.038157e+001
2.780412e+003,1.037854e+001
2.780895e+003,1.037551e+001
2.781377e+003,1.037235e+001
2.781859e+003,1.036897e+001
2.782341e+003,1.036525e+001
2.782823e+003,1.036115e+001
2.783305e+003,1.035665e+001
2.783787e+003,1.035182e+001
2.784269e+003,1.034672e+001
2.784751e+003,1.034143e+001
2.785234e+003,1.033601e+001
2.785716e+003,1.033055e+001
2.786198e+003,1.032514e+001
2.786680e+003,1.031991e+001
2.787162e+003,1.031501e+001
2.787644e+003,1.031059e+001
2.788126e+003,1.030668e+001
2.788608e+003,1.030323e+001
2.789091e+003,1.030009e+001
2.789573e+003,1.029703e+001
2.790055e+003,1.029384e+001
2.790537e+003,1.029036e+001
2.791019e+003,1.028657e+001
2.791501e+003,1.028254e+001
2.791983e+003,1.027840e+001
2.792466e+003,1.027423e+001
2.792948e+003,1.027008e+001
2.793430e+003,1.026584e+001
2.793912e+003,1.026138e+001
2.794394e+003,1.025653e+001
2.794876e+003,1.025122e+001
2.795358e+003,1.024545e+001
2.795840e+003,1.023933e+001
2.796323e+003,1.023307e+001
2.796805e+003,1.022689e+001
2.797287e+003,1.022100e+001
2.797769e+003,1.021555e+001
2.798251e+003,1.021063e+001
2.798733e+003,1.020628e+001
2.799215e+003,1.020244e+001
2.799697e+003,1.019901e+001
2.800179e+003,1.019582e+001
2.800662e+003,1.019265e+001
2.801144e+003,1.018932e+001
2.801626e+003,1.018565e+001
2.802108e+003,1.018155e+001
2.802590e+003,1.017702e+001
2.803072e+003,1.017213e+001
2.803554e+003,1.016700e+001
2.804036e+003,1.016178e+001
2.804519e+003,1.015658e+001
2.805001e+003,1.015149e+001
2.805483e+003,1.014659e+001
2.805965e+003,1.014193e+001
2.806447e+003,1.013760e+001
2.806929e+003,1.013360e+001
2.807411e+003,1.012994e+001
2.807894e+003,1.012653e+001
2.808375e+003,1.012322e+001
2.808858e+003,1.011981e+001
2.809340e+003,1.011611e+001
2.809822e+003,1.011199e+001
2.810304e+003,1.010740e+001
2.810786e+003,1.010239e+001
2.811268e+003,1.009706e+001
2.811750e+003,1.009151e+001
2.812233e+003,1.008586e+001
2.812715e+003,1.008015e+001
2.813197e+003,1.007443e+001
2.813679e+003,1.006874e+001
2.814161e+003,1.006311e+001
2.814643e+003,1.005761e+001
2.815125e+003,1.005231e+001
2.815607e+003,1.004722e+001
2.816090e+003,1.004236e+001
2.816572e+003,1.003766e+001
2.817054e+003,1.003306e+001
2.817536e+003,1.002849e+001
2.818018e+003,1.002393e+001
2.818500e+003,1.001935e+001
2.818982e+003,1.001477e+001
2.819464e+003,1.001019e+001
2.819947e+003,1.000564e+001
2.820429e+003,1.000109e+001
2.820911e+003,9.996558e+000
2.821393e+003,9.992022e+000
2.821875e+003,9.987506e+000
2.822357e+003,9.983020e+000
2.822839e+003,9.978559e+000
2.823322e+003,9.974090e+000
2.823803e+003,9.969566e+000
2.824286e+003,9.964941e+000
2.824768e+003,9.960220e+000
2.825250e+003,9.955445e+000
2.825732e+003,9.950726e+000
2.826214e+003,9.946166e+000
2.826696e+003,9.941844e+000
2.827178e+003,9.937737e+000
2.827661e+003,9.933730e+000
2.828143e+003,9.929622e+000
2.828625e+003,9.925216e+000
2.829107e+003,9.920344e+000
2.829589e+003,9.914958e+000
2.830071e+003,9.909109e+000
2.830553e+003,9.902938e+000
2.831035e+003,9.896610e+000
2.831518e+003,9.890276e+000
2.832000e+003,9.884039e+000
2.832482e+003,9.877966e+000
2.832964e+003,9.872080e+000
2.833446e+003,9.866417e+000
2.833928e+003,9.861008e+000
2.834410e+003,9.855866e+000
2.834892e+003,9.850983e+000
2.835375e+003,9.846288e+000
2.835857e+003,9.841670e+000
2.836339e+003,9.837005e+000
2.836821e+003,9.832173e+000
2.837303e+003,9.827125e+000
2.837785e+003,9.821866e+000
2.838267e+003,9.816483e+000
2.838750e+003,9.811087e+000
2.839231e+003,9.805787e+000
2.839714e+003,9.800674e+000
2.840196e+003,9.795786e+000
2.840678e+003,9.791102e+000
2.841160e+003,9.786551e+000
2.841642e+003,9.782019e+000
2.842124e+003,9.777364e+000
2.842606e+003,9.772429e+000
2.843089e+003,9.767077e+000
2.843571e+003,9.761234e+000
2.844053e+003,9.754911e+000
2.844535e+003,9.748200e+000
2.845017e+003,9.741291e+000
2.845499e+003,9.734394e+000
2.845981e+003,9.727713e+000
2.846463e+003,9.721371e+000
2.846946e+003,9.715416e+000
2.847428e+003,9.709820e+000
2.847910e+003,9.704509e+000
2.848392e+003,9.699398e+000
2.848874e+003,9.694433e+000
2.849356e+003,9.689586e+000
2.849838e+003,9.684838e+000
2.850320e+003,9.680167e+000
2.850802e+003,9.675545e+000
2.851285e+003,9.670931e+000
2.851767e+003,9.666317e+000
2.852249e+003,9.661722e+000
2.852731e+003,9.657217e+000
2.853213e+003,9.652887e+000
2.853695e+003,9.648822e+000
2.854177e+003,9.645062e+000
2.854659e+003,9.641604e+000
2.855142e+003,9.638394e+000
2.855624e+003,9.635359e+000
2.856106e+003,9.632423e+000
2.856588e+003,9.629531e+000
2.857070e+003,9.626636e+000
2.857552e+003,9.623677e+000
2.858034e+003,9.620571e+000
2.858517e+003,9.617212e+000
2.858999e+003,9.613498e+000
2.859481e+003,9.609394e+000
2.859963e+003,9.604920e+000
2.860445e+003,9.600204e+000
2.860927e+003,9.595427e+000
2.861409e+003,9.590765e+000
2.861891e+003,9.586339e+000
2.862374e+003,9.582162e+000
2.862856e+003,9.578156e+000
2.863338e+003,9.574176e+000
2.863820e+003,9.570035e+000
2.864302e+003,9.565597e+000
2.864784e+003,9.560767e+000
2.865266e+003,9.555519e+000
2.865748e+003,9.549878e+000
2.866230e+003,9.543906e+000
2.866713e+003,9.537708e+000
2.867195e+003,9.531445e+000
2.867677e+003,9.525305e+000
2.868159e+003,9.519522e+000
2.868641e+003,9.514297e+000
2.869123e+003,9.509786e+000
2.869605e+003,9.506011e+000
2.870088e+003,9.502886e+000
2.870570e+003,9.500202e+000
2.871052e+003,9.497702e+000
2.871534e+003,9.495125e+000
2.872016e+003,9.492266e+000
2.872498e+003,9.488997e+000
2.872980e+003,9.485256e+000
2.873462e+003,9.481040e+000
2.873945e+003,9.476362e+000
2.874427e+003,9.471266e+000
2.874909e+003,9.465827e+000
2.875391e+003,9.460155e+000
2.875873e+003,9.454421e+000
2.876355e+003,9.448810e+000
2.876837e+003,9.443493e+000
2.877319e+003,9.438571e+000
2.877802e+003,9.434062e+000
2.878284e+003,9.429870e+000
2.878766e+003,9.425846e+000
2.879248e+003,9.421810e+000
2.879730e+003,9.417624e+000
2.880212e+003,9.413206e+000
2.880694e+003,9.408540e+000
2.881176e+003,9.403669e+000
2.881658e+003,9.398672e+000
2.882141e+003,9.393640e+000
2.882623e+003,9.388660e+000
2.883105e+003,9.383818e+000
2.883587e+003,9.379185e+000
2.884069e+003,9.374819e+000
2.884551e+003,9.370729e+000
2.885033e+003,9.366882e+000
2.885516e+003,9.363195e+000
2.885998e+003,9.359565e+000
2.886480e+003,9.355877e+000
2.886962e+003,9.352036e+000
2.887444e+003,9.347971e+000
2.887926e+003,9.343650e+000
2.888408e+003,9.339045e+000
2.888890e+003,9.334138e+000
2.889373e+003,9.328924e+000
2.889855e+003,9.323419e+000
2.890337e+003,9.317714e+000
2.890819e+003,9.311947e+000
2.891301e+003,9.306324e+000
2.891783e+003,9.301073e+000
2.892265e+003,9.296385e+000
2.892747e+003,9.292359e+000
2.893229e+003,9.288983e+000
2.893712e+003,9.286128e+000
2.894194e+003,9.283603e+000
2.894676e+003,9.281174e+000
2.895158e+003,9.278654e+000
2.895640e+003,9.275899e+000
2.896122e+003,9.272811e+000
2.896604e+003,9.269344e+000
2.897086e+003,9.265489e+000
2.897569e+003,9.261254e+000
2.898051e+003,9.256705e+000
2.898533e+003,9.251926e+000
2.899015e+003,9.247046e+000
2.899497e+003,9.242184e+000
2.899979e+003,9.237440e+000
2.900461e+003,9.232842e+000
2.900944e+003,9.228353e+000
2.901426e+003,9.223879e+000
2.901908e+003,9.219323e+000
2.902390e+003,9.214607e+000
2.902872e+003,9.209722e+000
2.903354e+003,9.204706e+000
2.903836e+003,9.199655e+000
2.904318e+003,9.194647e+000
2.904801e+003,9.189754e+000
2.905283e+003,9.185000e+000
2.905765e+003,9.180403e+000
2.906247e+003,9.175943e+000
2.906729e+003,9.171620e+000
2.907211e+003,9.167425e+000
2.907693e+003,9.163347e+000
2.908175e+003,9.159352e+000
2.908657e+003,9.155398e+000
2.909140e+003,9.151430e+000
2.909622e+003,9.147426e+000
2.910104e+003,9.143379e+000
2.910586e+003,9.139327e+000
2.911068e+003,9.135305e+000
2.911550e+003,9.131328e+000
2.912032e+003,9.127362e+000
2.912514e+003,9.123337e+000
2.912997e+003,9.119145e+000
2.913479e+003,9.114725e+000
2.913961e+003,9.110069e+000
2.914443e+003,9.105255e+000
2.914925e+003,9.100422e+000
2.915407e+003,9.095722e+000
2.915889e+003,9.091270e+000
2.916372e+003,9.087097e+000
2.916854e+003,9.083150e+000
2.917336e+003,9.079319e+000
2.917818e+003,9.075476e+000
2.918300e+003,9.071527e+000
2.918782e+003,9.067421e+000
2.919264e+003,9.063139e+000
2.919746e+003,9.058687e+000
2.920229e+003,9.054069e+000
2.920711e+003,9.049274e+000
2.921193e+003,9.044318e+000
2.921675e+003,9.039227e+000
2.922157e+003,9.034082e+000
2.922639e+003,9.029023e+000
2.923121e+003,9.024217e+000
2.923603e+003,9.019837e+000
2.924085e+003,9.016032e+000
2.924568e+003,9.012901e+000
2.925050e+003,9.010492e+000
2.925532e+003,9.008771e+000
2.926014e+003,9.007655e+000
2.926496e+003,9.006963e+000
2.926978e+003,9.006458e+000
2.927460e+003,9.005851e+000
2.927942e+003,9.004839e+000
2.928425e+003,9.003154e+000
2.928907e+003,9.000653e+000
2.929389e+003,8.997311e+000
2.929871e+003,8.993264e+000
2.930353e+003,8.988751e+000
2.930835e+003,8.984066e+000
2.931317e+003,8.979466e+000
2.931800e+003,8.975155e+000
2.932281e+003,8.971225e+000
2.932764e+003,8.967702e+000
2.933246e+003,8.964537e+000
2.933728e+003,8.961667e+000
2.934210e+003,8.958994e+000
2.934692e+003,8.956413e+000
2.935174e+003,8.953793e+000
2.935656e+003,8.951001e+000
2.936139e+003,8.947914e+000
2.936621e+003,8.944467e+000
2.937103e+003,8.940651e+000
2.937585e+003,8.936557e+000
2.938067e+003,8.932316e+000
2.938549e+003,8.928095e+000
2.939031e+003,8.924020e+000
2.939513e+003,8.920160e+000
2.939996e+003,8.916514e+000
2.940478e+003,8.913034e+000
2.940960e+003,8.909620e+000
2.941442e+003,8.906187e+000
2.941924e+003,8.902647e+000
2.942406e+003,8.898952e+000
2.942888e+003,8.895074e+000
2.943370e+003,8.891039e+000
2.943853e+003,8.886916e+000
2.944335e+003,8.882851e+000
2.944817e+003,8.879008e+000
2.945299e+003,8.875563e+000
2.945781e+003,8.872632e+000
2.946263e+003,8.870216e+000
2.946745e+003,8.868192e+000
2.947228e+003,8.866323e+000
2.947709e+003,8.864323e+000
2.948192e+003,8.861962e+000
2.948674e+003,8.859101e+000
2.949156e+003,8.855761e+000
2.949638e+003,8.852061e+000
2.950120e+003,8.848194e+000
2.950602e+003,8.844303e+000
2.951084e+003,8.840473e+000
2.951567e+003,8.836683e+000
2.952049e+003,8.832879e+000
2.952531e+003,8.828982e+000
2.953013e+003,8.824970e+000
2.953495e+003,8.820875e+000
2.953977e+003,8.816784e+000
2.954459e+003,8.812764e+000
2.954941e+003,8.808860e+000
2.955424e+003,8.805050e+000
2.955906e+003,8.801281e+000
2.956388e+003,8.797465e+000
2.956870e+003,8.793571e+000
2.957352e+003,8.789593e+000
2.957834e+003,8.785594e+000
2.958316e+003,8.781659e+000
2.958798e+003,8.777889e+000
2.959281e+003,8.774366e+000
2.959763e+003,8.771169e+000
2.960245e+003,8.768316e+000
2.960727e+003,8.765824e+000
2.961209e+003,8.763647e+000
2.961691e+003,8.761694e+000
2.962173e+003,8.759810e+000
2.962656e+003,8.757805e+000
2.963137e+003,8.755484e+000
2.963620e+003,8.752689e+000
2.964102e+003,8.749349e+000
2.964584e+003,8.745488e+000
2.965066e+003,8.741218e+000
2.965548e+003,8.736701e+000
2.966030e+003,8.732096e+000
2.966512e+003,8.727526e+000
2.966995e+003,8.723048e+000
2.967477e+003,8.718688e+000
2.967959e+003,8.714428e+000
2.968441e+003,8.710253e+000
2.968923e+003,8.706141e+000
2.969405e+003,8.702085e+000
2.969887e+003,8.698066e+000
2.970369e+003,8.694067e+000
2.970852e+003,8.690075e+000
2.971334e+003,8.686111e+000
2.971816e+003,8.682204e+000
2.972298e+003,8.678417e+000
2.972780e+003,8.674804e+000
2.973262e+003,8.671386e+000
2.973744e+003,8.668126e+000
2.974226e+003,8.664953e+000
2.974708e+003,8.661767e+000
2.975191e+003,8.658513e+000
2.975673e+003,8.655181e+000
2.976155e+003,8.651852e+000
2.976637e+003,8.648644e+000
2.977119e+003,8.645677e+000
2.977601e+003,8.642998e+000
2.978083e+003,8.640566e+000
2.978565e+003,8.638240e+000
2.979048e+003,8.635818e+000
2.979530e+003,8.633089e+000
2.980012e+003,8.629902e+000
2.980494e+003,8.626172e+000
2.980976e+003,8.621909e+000
2.981458e+003,8.617188e+000
2.981940e+003,8.612131e+000
2.982423e+003,8.606879e+000
2.982905e+003,8.601609e+000
2.983387e+003,8.596485e+000
2.983869e+003,8.591672e+000
2.984351e+003,8.587296e+000
2.984833e+003,8.583408e+000
2.985315e+003,8.579981e+000
2.985797e+003,8.576890e+000
2.986280e+003,8.573953e+000
2.986762e+003,8.570989e+000
2.987244e+003,8.567829e+000
2.987726e+003,8.564396e+000
2.988208e+003,8.560667e+000
2.988690e+003,8.556677e+000
2.989172e+003,8.552485e+000
2.989654e+003,8.548140e+000
2.990136e+003,8.543689e+000
2.990619e+003,8.539192e+000
2.991101e+003,8.534726e+000
2.991583e+003,8.530407e+000
2.992065e+003,8.526345e+000
2.992547e+003,8.522645e+000
2.993029e+003,8.519327e+000
2.993511e+003,8.516346e+000
2.993994e+003,8.513561e+000
2.994476e+003,8.510809e+000
2.994958e+003,8.507922e+000
2.995440e+003,8.504797e+000
2.995922e+003,8.501391e+000
2.996404e+003,8.497737e+000
2.996886e+003,8.493889e+000
2.997368e+003,8.489900e+000
2.997851e+003,8.485797e+000
2.998333e+003,8.481589e+000
2.998815e+003,8.477266e+000
2.999297e+003,8.472826e+000
2.999779e+003,8.468284e+000
3.000261e+003,8.463688e+000
3.000743e+003,8.459095e+000
3.001225e+003,8.454588e+000
3.001708e+003,8.450243e+000
3.002190e+003,8.446140e+000
3.002672e+003,8.442318e+000
3.003154e+003,8.438790e+000
3.003636e+003,8.435495e+000
3.004118e+003,8.432313e+000
3.004600e+003,8.429052e+000
3.005082e+003,8.425524e+000
3.005564e+003,8.421556e+000
3.006047e+003,8.417089e+000
3.006529e+003,8.412181e+000
3.007011e+003,8.407033e+000
3.007493e+003,8.401914e+000
3.007975e+003,8.397119e+000
3.008457e+003,8.392876e+000
3.008939e+003,8.389328e+000
3.009422e+003,8.386504e+000
3.009904e+003,8.384345e+000
3.010386e+003,8.382721e+000
3.010868e+003,8.381474e+000
3.011350e+003,8.380400e+000
3.011832e+003,8.379267e+000
3.012314e+003,8.377795e+000
3.012796e+003,8.375704e+000
3.013279e+003,8.372741e+000
3.013761e+003,8.368771e+000
3.014243e+003,8.363798e+000
3.014725e+003,8.358029e+000
3.015207e+003,8.351801e+000
3.015689e+003,8.345525e+000
3.016171e+003,8.339580e+000
3.016653e+003,8.334243e+000
3.017135e+003,8.329625e+000
3.017618e+003,8.325705e+000
3.018100e+003,8.322327e+000
3.018582e+003,8.319314e+000
3.019064e+003,8.316476e+000
3.019546e+003,8.313664e+000
3.020028e+003,8.310760e+000
3.020510e+003,8.307692e+000
3.020992e+003,8.304403e+000
3.021475e+003,8.300899e+000
3.021957e+003,8.297190e+000
3.022439e+003,8.293351e+000
3.022921e+003,8.289474e+000
3.023403e+003,8.285654e+000
3.023885e+003,8.281961e+000
3.024367e+003,8.278437e+000
3.024850e+003,8.275064e+000
3.025332e+003,8.271821e+000
3.025814e+003,8.268654e+000
3.026296e+003,8.265540e+000
3.026778e+003,8.262453e+000
3.027260e+003,8.259383e+000
3.027742e+003,8.256304e+000
3.028224e+003,8.253191e+000
3.028707e+003,8.250000e+000
3.029189e+003,8.246727e+000
3.029671e+003,8.243381e+000
3.030153e+003,8.240010e+000
3.030635e+003,8.236673e+000
3.031117e+003,8.233409e+000
3.031599e+003,8.230191e+000
3.032081e+003,8.226935e+000
3.032563e+003,8.223514e+000
3.033046e+003,8.219790e+000
3.033528e+003,8.215659e+000
3.034010e+003,8.211119e+000
3.034492e+003,8.206235e+000
3.034974e+003,8.201163e+000
3.035456e+003,8.196070e+000
3.035938e+003,8.191141e+000
3.036420e+003,8.186496e+000
3.036903e+003,8.182240e+000
3.037385e+003,8.178411e+000
3.037867e+003,8.175028e+000
3.038349e+003,8.172065e+000
3.038831e+003,8.169468e+000
3.039313e+003,8.167130e+000
3.039795e+003,8.164923e+000
3.040278e+003,8.162687e+000
3.040760e+003,8.160291e+000
3.041242e+003,8.157613e+000
3.041724e+003,8.154610e+000
3.042206e+003,8.151268e+000
3.042688e+003,8.147621e+000
3.043170e+003,8.143717e+000
3.043652e+003,8.139622e+000
3.044135e+003,8.135401e+000
3.044617e+003,8.131160e+000
3.045099e+003,8.126998e+000
3.045581e+003,8.123044e+000
3.046063e+003,8.119396e+000
3.046545e+003,8.116103e+000
3.047027e+003,8.113128e+000
3.047509e+003,8.110352e+000
3.047991e+003,8.107609e+000
3.048474e+003,8.104734e+000
3.048956e+003,8.101590e+000
3.049438e+003,8.098138e+000
3.049920e+003,8.094398e+000
3.050402e+003,8.090442e+000
3.050884e+003,8.086345e+000
3.051366e+003,8.082160e+000
3.051848e+003,8.077890e+000
3.052331e+003,8.073540e+000
3.052813e+003,8.069113e+000
3.053295e+003,8.064657e+000
3.053777e+003,8.060260e+000
3.054259e+003,8.056043e+000
3.054741e+003,8.052115e+000
3.055223e+003,8.048550e+000
3.055706e+003,8.045350e+000
3.056188e+003,8.042463e+000
3.056670e+003,8.039773e+000
3.057152e+003,8.037154e+000
3.057634e+003,8.034472e+000
3.058116e+003,8.031611e+000
3.058598e+003,8.028485e+000
3.059080e+003,8.025051e+000
3.059563e+003,8.021302e+000
3.060045e+003,8.017303e+000
3.060527e+003,8.013143e+000
3.061009e+003,8.008948e+000
3.061491e+003,8.004839e+000
3.061973e+003,8.000913e+000
3.062455e+003,7.997202e+000
3.062937e+003,7.993705e+000
3.063419e+003,7.990379e+000
3.063902e+003,7.987183e+000
3.064384e+003,7.984067e+000
3.064866e+003,7.981014e+000
3.065348e+003,7.977992e+000
3.065830e+003,7.974969e+000
3.066312e+003,7.971868e+000
3.066794e+003,7.968613e+000
3.067276e+003,7.965132e+000
3.067759e+003,7.961422e+000
3.068241e+003,7.957535e+000
3.068723e+003,7.953609e+000
3.069205e+003,7.949794e+000
3.069687e+003,7.946222e+000
3.070169e+003,7.942940e+000
3.070651e+003,7.939913e+000
3.071134e+003,7.937025e+000
3.071615e+003,7.934146e+000
3.072098e+003,7.931177e+000
3.072580e+003,7.928086e+000
3.073062e+003,7.924900e+000
3.073544e+003,7.921710e+000
3.074026e+003,7.918575e+000
3.074508e+003,7.915539e+000
3.074990e+003,7.912601e+000
3.075473e+003,7.909744e+000
3.075955e+003,7.906932e+000
3.076437e+003,7.904181e+000
3.076919e+003,7.901501e+000
3.077401e+003,7.898917e+000
3.077883e+003,7.896395e+000
3.078365e+003,7.893868e+000
3.078847e+003,7.891215e+000
3.079330e+003,7.888314e+000
3.079812e+003,7.885069e+000
3.080294e+003,7.881477e+000
3.080776e+003,7.877589e+000
3.081258e+003,7.873537e+000
3.081740e+003,7.869457e+000
3.082222e+003,7.865467e+000
3.082704e+003,7.861617e+000
3.083187e+003,7.857921e+000
3.083669e+003,7.854331e+000
3.084151e+003,7.850802e+000
3.084633e+003,7.847273e+000
3.085115e+003,7.843709e+000
3.085597e+003,7.840084e+000
3.086079e+003,7.836400e+000
3.086562e+003,7.832686e+000
3.087043e+003,7.829017e+000
3.087526e+003,7.825473e+000
3.088008e+003,7.822170e+000
3.088490e+003,7.819178e+000
3.088972e+003,7.816522e+000
3.089454e+003,7.814139e+000
3.089936e+003,7.811904e+000
3.090418e+003,7.809643e+000
3.090901e+003,7.807223e+000
3.091383e+003,7.804556e+000
3.091865e+003,7.801660e+000
3.092347e+003,7.798616e+000
3.092829e+003,7.795550e+000
3.093311e+003,7.792552e+000
3.093793e+003,7.789672e+000
3.094275e+003,7.786894e+000
3.094758e+003,7.784180e+000
3.095240e+003,7.781471e+000
3.095722e+003,7.778765e+000
3.096204e+003,7.776074e+000
3.096686e+003,7.773423e+000
3.097168e+003,7.770790e+000
3.097650e+003,7.768115e+000
3.098132e+003,7.765258e+000
3.098615e+003,7.762097e+000
3.099097e+003,7.758519e+000
3.099579e+003,7.754521e+000
3.100061e+003,7.750201e+000
3.100543e+003,7.745769e+000
3.101025e+003,7.741466e+000
3.101507e+003,7.737532e+000
3.101990e+003,7.734119e+000
3.102471e+003,7.731300e+000
3.102954e+003,7.729003e+000
3.103436e+003,7.727095e+000
3.103918e+003,7.725366e+000
3.104400e+003,7.723601e+000
3.104882e+003,7.721581e+000
3.105364e+003,7.719143e+000
3.105846e+003,7.716180e+000
3.106329e+003,7.712679e+000
3.106811e+003,7.708700e+000
3.107293e+003,7.704378e+000
3.107775e+003,7.699868e+000
3.108257e+003,7.695328e+000
3.108739e+003,7.690856e+000
3.109221e+003,7.686508e+000
3.109703e+003,7.682285e+000
3.110186e+003,7.678193e+000
3.110668e+003,7.674237e+000
3.111150e+003,7.670484e+000
3.111632e+003,7.667004e+000
3.112114e+003,7.663888e+000
3.112596e+003,7.661177e+000
3.113078e+003,7.658854e+000
3.113560e+003,7.656830e+000
3.114042e+003,7.654978e+000
3.114525e+003,7.653142e+000
3.115007e+003,7.651196e+000
3.115489e+003,7.649043e+000
3.115971e+003,7.646633e+000
3.116453e+003,7.643942e+000
3.116935e+003,7.640982e+000
3.117417e+003,7.637779e+000
3.117900e+003,7.634395e+000
3.118382e+003,7.630893e+000
3.118864e+003,7.627378e+000
3.119346e+003,7.623932e+000
3.119828e+003,7.620625e+000
3.120310e+003,7.617477e+000
3.120792e+003,7.614481e+000
3.121274e+003,7.611592e+000
3.121757e+003,7.608783e+000
3.122239e+003,7.606034e+000
3.122721e+003,7.603370e+000
3.123203e+003,7.600811e+000
3.123685e+003,7.598373e+000
3.124167e+003,7.596018e+000
3.124649e+003,7.593670e+000
3.125131e+003,7.591225e+000
3.125614e+003,7.588602e+000
3.126096e+003,7.585739e+000
3.126578e+003,7.582654e+000
3.127060e+003,7.579392e+000
3.127542e+003,7.576014e+000
3.128024e+003,7.572551e+000
3.128506e+003,7.569000e+000
3.128988e+003,7.565317e+000
3.129470e+003,7.561482e+000
3.129953e+003,7.557495e+000
3.130435e+003,7.553446e+000
3.130917e+003,7.549456e+000
3.131399e+003,7.545670e+000
3.131881e+003,7.542188e+000
3.132363e+003,7.539027e+000
3.132845e+003,7.536137e+000
3.133328e+003,7.533410e+000
3.133810e+003,7.530721e+000
3.134292e+003,7.528002e+000
3.134774e+003,7.525220e+000
3.135256e+003,7.522402e+000
3.135738e+003,7.519559e+000
3.136220e+003,7.516701e+000
3.136702e+003,7.513777e+000
3.137185e+003,7.510743e+000
3.137667e+003,7.507528e+000
3.138149e+003,7.504143e+000
3.138631e+003,7.500636e+000
3.139113e+003,7.497126e+000
3.139595e+003,7.493731e+000
3.140077e+003,7.490558e+000
3.140559e+003,7.487641e+000
3.141042e+003,7.484970e+000
3.141524e+003,7.482439e+000
3.142006e+003,7.479948e+000
3.142488e+003,7.477386e+000
3.142970e+003,7.474685e+000
3.143452e+003,7.471816e+000
3.143934e+003,7.468802e+000
3.144417e+003,7.465693e+000
3.144898e+003,7.462576e+000
3.145381e+003,7.459516e+000
3.145863e+003,7.456575e+000
3.146345e+003,7.453767e+000
3.146827e+003,7.451065e+000
3.147309e+003,7.448387e+000
3.147791e+003,7.445631e+000
3.148273e+003,7.442690e+000
3.148756e+003,7.439505e+000
3.149238e+003,7.436055e+000
3.149720e+003,7.432409e+000
3.150202e+003,7.428657e+000
3.150684e+003,7.424929e+000
3.151166e+003,7.421332e+000
3.151648e+003,7.417952e+000
3.152130e+003,7.414825e+000
3.152613e+003,7.411981e+000
3.153095e+003,7.409395e+000
3.153577e+003,7.407057e+000
3.154059e+003,7.404902e+000
3.154541e+003,7.402844e+000
3.155023e+003,7.400753e+000
3.155505e+003,7.398502e+000
3.155987e+003,7.395976e+000
3.156469e+003,7.393143e+000
3.156952e+003,7.390037e+000
3.157434e+003,7.386789e+000
3.157916e+003,7.383559e+000
3.158398e+003,7.380493e+000
3.158880e+003,7.377656e+000
3.159362e+003,7.375041e+000
3.159844e+003,7.372537e+000
3.160326e+003,7.370023e+000
3.160809e+003,7.367375e+000
3.161291e+003,7.364538e+000
3.161773e+003,7.361503e+000
3.162255e+003,7.358312e+000
3.162737e+003,7.354990e+000
3.163219e+003,7.351547e+000
3.163701e+003,7.347956e+000
3.164184e+003,7.344196e+000
3.164666e+003,7.340272e+000
3.165148e+003,7.336263e+000
3.165630e+003,7.332287e+000
3.166112e+003,7.328507e+000
3.166594e+003,7.325053e+000
3.167076e+003,7.322010e+000
3.167558e+003,7.319354e+000
3.168041e+003,7.317016e+000
3.168523e+003,7.314857e+000
3.169005e+003,7.312761e+000
3.169487e+003,7.310633e+000
3.169969e+003,7.308427e+000
3.170451e+003,7.306137e+000
3.170933e+003,7.303779e+000
3.171415e+003,7.301367e+000
3.171897e+003,7.298930e+000
3.172380e+003,7.296459e+000
3.172862e+003,7.293964e+000
3.173344e+003,7.291412e+000
3.173826e+003,7.288772e+000
3.174308e+003,7.285977e+000
3.174790e+003,7.282959e+000
3.175272e+003,7.279651e+000
3.175754e+003,7.276029e+000
3.176237e+003,7.272101e+000
3.176719e+003,7.267955e+000
3.177201e+003,7.263690e+000
3.177683e+003,7.259430e+000
3.178165e+003,7.255260e+000
3.178647e+003,7.251241e+000
3.179129e+003,7.247367e+000
3.179612e+003,7.243639e+000
3.180094e+003,7.240037e+000
3.180576e+003,7.236584e+000
3.181058e+003,7.233303e+000
3.181540e+003,7.230230e+000
3.182022e+003,7.227365e+000
3.182504e+003,7.224687e+000
3.182986e+003,7.222127e+000
3.183469e+003,7.219622e+000
3.183951e+003,7.217107e+000
3.184433e+003,7.214567e+000
3.184915e+003,7.212008e+000
3.185397e+003,7.209460e+000
3.185879e+003,7.206933e+000
3.186361e+003,7.204417e+000
3.186843e+003,7.201870e+000
3.187325e+003,7.199250e+000
3.187808e+003,7.196502e+000
3.188290e+003,7.193628e+000
3.188772e+003,7.190657e+000
3.189254e+003,7.187655e+000
3.189736e+003,7.184694e+000
3.190218e+003,7.181849e+000
3.190700e+003,7.179152e+000
3.191182e+003,7.176635e+000
3.191665e+003,7.174271e+000
3.192147e+003,7.172031e+000
3.192629e+003,7.169846e+000
3.193111e+003,7.167615e+000
3.193593e+003,7.165227e+000
3.194075e+003,7.162579e+000
3.194557e+003,7.159596e+000
3.195040e+003,7.156295e+000
3.195521e+003,7.152734e+000
3.196004e+003,7.149067e+000
3.196486e+003,7.145426e+000
3.196968e+003,7.141936e+000
3.197450e+003,7.138614e+000
3.197932e+003,7.135417e+000
3.198414e+003,7.132228e+000
3.198896e+003,7.128973e+000
3.199379e+003,7.125605e+000
3.199861e+003,7.122198e+000
3.200343e+003,7.118880e+000
3.200825e+003,7.115807e+000
3.201307e+003,7.113071e+000
3.201789e+003,7.110677e+000
3.202271e+003,7.108520e+000
3.202753e+003,7.106441e+000
3.203236e+003,7.104246e+000
3.203718e+003,7.101844e+000
3.204200e+003,7.099212e+000
3.204682e+003,7.096437e+000
3.205164e+003,7.093658e+000
3.205646e+003,7.091015e+000
3.206128e+003,7.088591e+000
3.206610e+003,7.086411e+000
3.207093e+003,7.084403e+000
3.207575e+003,7.082479e+000
3.208057e+003,7.080506e+000
3.208539e+003,7.078382e+000
3.209021e+003,7.076021e+000
3.209503e+003,7.073381e+000
3.209985e+003,7.070454e+000
3.210468e+003,7.067274e+000
3.210949e+003,7.063873e+000
3.211432e+003,7.060315e+000
3.211914e+003,7.056617e+000
3.212396e+003,7.052786e+000
3.212878e+003,7.048781e+000
3.213360e+003,7.044567e+000
3.213842e+003,7.040114e+000
3.214324e+003,7.035482e+000
3.214807e+003,7.030796e+000
3.215289e+003,7.026277e+000
3.215771e+003,7.022161e+000
3.216253e+003,7.018659e+000
3.216735e+003,7.015867e+000
3.217217e+003,7.013753e+000
3.217699e+003,7.012141e+000
3.218181e+003,7.010786e+000
3.218664e+003,7.009413e+000
3.219146e+003,7.007818e+000
3.219628e+003,7.005871e+000
3.220110e+003,7.003562e+000
3.220592e+003,7.000924e+000
3.221074e+003,6.998040e+000
3.221556e+003,6.994953e+000
3.222038e+003,6.991707e+000
3.222521e+003,6.988309e+000
3.223003e+003,6.984787e+000
3.223485e+003,6.981173e+000
3.223967e+003,6.977540e+000
3.224449e+003,6.973962e+000
3.224931e+003,6.970526e+000
3.225413e+003,6.967293e+000
3.225896e+003,6.964317e+000
3.226377e+003,6.961608e+000
3.226860e+003,6.959180e+000
3.227342e+003,6.957016e+000
3.227824e+003,6.955100e+000
3.228306e+003,6.953379e+000
3.228788e+003,6.951801e+000
3.229270e+003,6.950266e+000
3.229752e+003,6.948694e+000
3.230235e+003,6.946968e+000
3.230717e+003,6.944999e+000
3.231199e+003,6.942694e+000
3.231681e+003,6.939981e+000
3.232163e+003,6.936807e+000
3.232645e+003,6.933158e+000
3.233127e+003,6.929061e+000
3.233609e+003,6.924628e+000
3.234092e+003,6.919989e+000
3.234574e+003,6.915349e+000
3.235056e+003,6.910875e+000
3.235538e+003,6.906710e+000
3.236020e+003,6.902912e+000
3.236502e+003,6.899475e+000
3.236984e+003,6.896318e+000
3.237466e+003,6.893361e+000
3.237948e+003,6.890528e+000
3.238431e+003,6.887802e+000
3.238913e+003,6.885185e+000
3.239395e+003,6.882720e+000
3.239877e+003,6.880428e+000
3.240359e+003,6.878304e+000
3.240841e+003,6.876315e+000
3.241323e+003,6.874423e+000
3.241806e+003,6.872573e+000
3.242288e+003,6.870758e+000
3.242770e+003,6.868954e+000
3.243252e+003,6.867157e+000
3.243734e+003,6.865315e+000
3.244216e+003,6.863359e+000
3.244698e+003,6.861187e+000
3.245180e+003,6.858712e+000
3.245663e+003,6.855872e+000
3.246145e+003,6.852677e+000
3.246627e+003,6.849183e+000
3.247109e+003,6.845500e+000
3.247591e+003,6.841729e+000
3.248073e+003,6.837972e+000
3.248555e+003,6.834290e+000
3.249037e+003,6.830729e+000
3.249520e+003,6.827284e+000
3.250002e+003,6.823958e+000
3.250484e+003,6.820715e+000
3.250966e+003,6.817512e+000
3.251448e+003,6.814276e+000
3.251930e+003,6.810954e+000
3.252412e+003,6.807494e+000
3.252894e+003,6.803936e+000
3.253376e+003,6.800370e+000
3.253859e+003,6.796971e+000
3.254341e+003,6.793927e+000
3.254823e+003,6.791393e+000
3.255305e+003,6.789407e+000
3.255787e+003,6.787890e+000
3.256269e+003,6.786627e+000
3.256751e+003,6.785339e+000
3.257234e+003,6.783726e+000
3.257716e+003,6.781566e+000
3.258198e+003,6.778726e+000
3.258680e+003,6.775212e+000
3.259162e+003,6.771109e+000
3.259644e+003,6.766596e+000
3.260126e+003,6.761870e+000
3.260608e+003,6.757168e+000
3.261091e+003,6.752678e+000
3.261573e+003,6.748594e+000
3.262055e+003,6.745028e+000
3.262537e+003,6.742040e+000
3.263019e+003,6.739585e+000
3.263501e+003,6.737564e+000
3.263983e+003,6.735819e+000
3.264465e+003,6.734204e+000
3.264948e+003,6.732592e+000
3.265430e+003,6.730926e+000
3.265912e+003,6.729192e+000
3.266394e+003,6.727404e+000
3.266876e+003,6.725568e+000
3.267358e+003,6.723672e+000
3.267840e+003,6.721655e+000
3.268323e+003,6.719472e+000
3.268804e+003,6.717075e+000
3.269287e+003,6.714475e+000
3.269769e+003,6.711715e+000
3.270251e+003,6.708880e+000
3.270733e+003,6.706023e+000
3.271215e+003,6.703189e+000
3.271697e+003,6.700375e+000
3.272179e+003,6.697576e+000
3.272662e+003,6.694765e+000
3.273144e+003,6.691967e+000
3.273626e+003,6.689228e+000
3.274108e+003,6.686621e+000
3.274590e+003,6.684201e+000
3.275072e+003,6.682011e+000
3.275554e+003,6.680012e+000
3.276036e+003,6.678154e+000
3.276519e+003,6.676336e+000
3.277001e+003,6.674468e+000
3.277483e+003,6.672478e+000
3.277965e+003,6.670312e+000
3.278447e+003,6.667949e+000
3.278929e+003,6.665384e+000
3.279411e+003,6.662635e+000
3.279893e+003,6.659761e+000
3.280375e+003,6.656808e+000
3.280858e+003,6.653868e+000
3.281340e+003,6.651003e+000
3.281822e+003,6.648254e+000
3.282304e+003,6.645591e+000
3.282786e+003,6.642940e+000
3.283268e+003,6.640156e+000
3.283750e+003,6.637114e+000
3.284232e+003,6.633690e+000
3.284715e+003,6.629859e+000
3.285197e+003,6.625660e+000
3.285679e+003,6.621233e+000
3.286161e+003,6.616756e+000
3.286643e+003,6.612438e+000
3.287125e+003,6.608460e+000
3.287607e+003,6.604968e+000
3.288090e+003,6.602009e+000
3.288572e+003,6.599575e+000
3.289054e+003,6.597538e+000
3.289536e+003,6.595727e+000
3.290018e+003,6.593903e+000
3.290500e+003,6.591850e+000
3.290982e+003,6.589390e+000
3.291464e+003,6.586456e+000
3.291947e+003,6.583076e+000
3.292429e+003,6.579394e+000
3.292911e+003,6.575587e+000
3.293393e+003,6.571849e+000
3.293875e+003,6.568292e+000
3.294357e+003,6.564952e+000
3.294839e+003,6.561787e+000
3.295321e+003,6.558724e+000
3.295803e+003,6.555663e+000
3.296286e+003,6.552573e+000
3.296768e+003,6.549444e+000
3.297250e+003,6.546322e+000
3.297732e+003,6.543271e+000
3.298214e+003,6.540356e+000
3.298696e+003,6.537627e+000
3.299178e+003,6.535140e+000
3.299660e+003,6.532918e+000
3.300143e+003,6.530991e+000
3.300625e+003,6.529328e+000
3.301107e+003,6.527883e+000
3.301589e+003,6.526539e+000
3.302071e+003,6.525160e+000
3.302553e+003,6.523600e+000
3.303035e+003,6.521776e+000
3.303518e+003,6.519655e+000
3.304000e+003,6.517312e+000
3.304482e+003,6.514851e+000
3.304964e+003,6.512391e+000
3.305446e+003,6.509986e+000
3.305928e+003,6.507614e+000
3.306410e+003,6.505150e+000
3.306892e+003,6.502452e+000
3.307375e+003,6.499371e+000
3.307857e+003,6.495842e+000
3.308339e+003,6.491889e+000
3.308821e+003,6.487658e+000
3.309303e+003,6.483351e+000
3.309785e+003,6.479213e+000
3.310267e+003,6.475454e+000
3.310749e+003,6.472251e+000
3.311231e+003,6.469661e+000
3.311714e+003,6.467675e+000
3.312196e+003,6.466158e+000
3.312678e+003,6.464902e+000
3.313160e+003,6.463622e+000
3.313642e+003,6.462049e+000
3.314124e+003,6.459936e+000
3.314606e+003,6.457173e+000
3.315088e+003,6.453765e+000
3.315571e+003,6.449873e+000
3.316053e+003,6.445736e+000
3.316535e+003,6.441619e+000
3.317017e+003,6.437739e+000
3.317499e+003,6.434216e+000
3.317981e+003,6.431077e+000
3.318463e+003,6.428271e+000
3.318946e+003,6.425688e+000
3.319427e+003,6.423245e+000
3.319910e+003,6.420851e+000
3.320392e+003,6.418460e+000
3.320874e+003,6.416004e+000
3.321356e+003,6.413440e+000
3.321838e+003,6.410710e+000
3.322320e+003,6.407812e+000
3.322802e+003,6.404757e+000
3.323285e+003,6.401642e+000
3.323767e+003,6.398585e+000
3.324249e+003,6.395732e+000
3.324731e+003,6.393165e+000
3.325213e+003,6.390929e+000
3.325695e+003,6.388978e+000
3.326177e+003,6.387229e+000
3.326659e+003,6.385543e+000
3.327142e+003,6.383815e+000
3.327624e+003,6.381933e+000
3.328106e+003,6.379832e+000
3.328588e+003,6.377450e+000
3.329070e+003,6.374764e+000
3.329552e+003,6.371746e+000
3.330034e+003,6.368450e+000
3.330516e+003,6.364944e+000
3.330999e+003,6.361369e+000
3.331481e+003,6.357868e+000
3.331963e+003,6.354585e+000
3.332445e+003,6.351586e+000
3.332927e+003,6.348877e+000
3.333409e+003,6.346382e+000
3.333891e+003,6.344014e+000
3.334374e+003,6.341683e+000
3.334855e+003,6.339378e+000
3.335338e+003,6.337118e+000
3.335820e+003,6.335001e+000
3.336302e+003,6.333091e+000
3.336784e+003,6.331435e+000
3.337266e+003,6.329984e+000
3.337748e+003,6.328651e+000
3.338230e+003,6.327290e+000
3.338713e+003,6.325767e+000
3.339195e+003,6.323960e+000
3.339677e+003,6.321815e+000
3.340159e+003,6.319295e+000
3.340641e+003,6.316429e+000
3.341123e+003,6.313267e+000
3.341605e+003,6.309911e+000
3.342087e+003,6.306455e+000
3.342570e+003,6.303025e+000
3.343052e+003,6.299702e+000
3.343534e+003,6.296531e+000
3.344016e+003,6.293454e+000
3.344498e+003,6.290359e+000
3.344980e+003,6.287073e+000
3.345462e+003,6.283463e+000
3.345944e+003,6.279449e+000
3.346427e+003,6.275096e+000
3.346909e+003,6.270578e+000
3.347391e+003,6.266187e+000
3.347873e+003,6.262214e+000
3.348355e+003,6.258917e+000
3.348837e+003,6.256424e+000
3.349319e+003,6.254734e+000
3.349802e+003,6.253674e+000
3.350283e+003,6.253003e+000
3.350766e+003,6.252395e+000
3.351248e+003,6.251564e+000
3.351730e+003,6.250273e+000
3.352212e+003,6.248406e+000
3.352694e+003,6.245951e+000
3.353176e+003,6.243040e+000
3.353658e+003,6.239853e+000
3.354141e+003,6.236640e+000
3.354623e+003,6.233599e+000
3.355105e+003,6.230863e+000
3.355587e+003,6.228425e+000
3.356069e+003,6.226193e+000
3.356551e+003,6.223988e+000
3.357033e+003,6.221641e+000
3.357515e+003,6.218996e+000
3.357998e+003,6.216029e+000
3.358480e+003,6.212771e+000
3.358962e+003,6.209340e+000
3.359444e+003,6.205849e+000
3.359926e+003,6.202399e+000
3.360408e+003,6.199030e+000
3.360890e+003,6.195750e+000
3.361372e+003,6.192521e+000
3.361854e+003,6.189324e+000
3.362337e+003,6.186138e+000
3.362819e+003,6.182974e+000
3.363301e+003,6.179836e+000
3.363783e+003,6.176742e+000
3.364265e+003,6.173705e+000
3.364747e+003,6.170747e+000
3.365229e+003,6.167874e+000
3.365712e+003,6.165137e+000
3.366194e+003,6.162558e+000
3.366676e+003,6.160166e+000
3.367158e+003,6.157943e+000
3.367640e+003,6.155853e+000
3.368122e+003,6.153809e+000
3.368604e+003,6.151742e+000
3.369086e+003,6.149571e+000
3.369569e+003,6.147261e+000
3.370051e+003,6.144792e+000
3.370533e+003,6.142171e+000
3.371015e+003,6.139388e+000
3.371497e+003,6.136434e+000
3.371979e+003,6.133283e+000
3.372461e+003,6.129931e+000
3.372943e+003,6.126366e+000
3.373426e+003,6.122636e+000
3.373908e+003,6.118782e+000
3.374390e+003,6.114872e+000
3.374872e+003,6.110949e+000
3.375354e+003,6.107065e+000
3.375836e+003,6.103248e+000
3.376318e+003,6.099561e+000
3.376800e+003,6.096067e+000
3.377282e+003,6.092883e+000
3.377765e+003,6.090102e+000
3.378247e+003,6.087803e+000
3.378729e+003,6.085994e+000
3.379211e+003,6.084608e+000
3.379693e+003,6.083525e+000
3.380175e+003,6.082610e+000
3.380657e+003,6.081728e+000
3.381140e+003,6.080821e+000
3.381622e+003,6.079845e+000
3.382104e+003,6.078807e+000
3.382586e+003,6.077678e+000
3.383068e+003,6.076412e+000
3.383550e+003,6.074897e+000
3.384032e+003,6.073023e+000
3.384514e+003,6.070669e+000
3.384997e+003,6.067798e+000
3.385479e+003,6.064414e+000
3.385961e+003,6.060605e+000
3.386443e+003,6.056477e+000
3.386925e+003,6.052160e+000
3.387407e+003,6.047762e+000
3.387889e+003,6.043394e+000
3.388371e+003,6.039117e+000
3.388854e+003,6.035035e+000
3.389336e+003,6.031212e+000
3.389818e+003,6.027720e+000
3.390300e+003,6.024587e+000
3.390782e+003,6.021816e+000
3.391264e+003,6.019352e+000
3.391746e+003,6.017156e+000
3.392229e+003,6.015153e+000
3.392710e+003,6.013318e+000
3.393193e+003,6.011629e+000
3.393675e+003,6.010097e+000
3.394157e+003,6.008704e+000
3.394639e+003,6.007431e+000
3.395121e+003,6.006199e+000
3.395603e+003,6.004948e+000
3.396085e+003,6.003574e+000
3.396568e+003,6.002041e+000
3.397050e+003,6.000295e+000
3.397532e+003,5.998332e+000
3.398014e+003,5.996124e+000
3.398496e+003,5.993661e+000
3.398978e+003,5.990885e+000
3.399460e+003,5.987765e+000
3.399942e+003,5.984253e+000
3.400425e+003,5.980367e+000
3.400907e+003,5.976151e+000
3.401389e+003,5.971705e+000
3.401871e+003,5.967160e+000
3.402353e+003,5.962669e+000
3.402835e+003,5.958387e+000
3.403317e+003,5.954471e+000
3.403799e+003,5.951012e+000
3.404281e+003,5.948092e+000
3.404764e+003,5.945688e+000
3.405246e+003,5.943721e+000
3.405728e+003,5.942005e+000
3.406210e+003,5.940324e+000
3.406692e+003,5.938429e+000
3.407174e+003,5.936148e+000
3.407656e+003,5.933380e+000
3.408138e+003,5.930181e+000
3.408621e+003,5.926685e+000
3.409103e+003,5.923119e+000
3.409585e+003,5.919675e+000
3.410067e+003,5.916480e+000
3.410549e+003,5.913544e+000
3.411031e+003,5.910768e+000
3.411513e+003,5.907959e+000
3.411996e+003,5.904931e+000
3.412478e+003,5.901516e+000
3.412960e+003,5.897661e+000
3.413442e+003,5.893403e+000
3.413924e+003,5.888903e+000
3.414406e+003,5.884377e+000
3.414888e+003,5.880095e+000
3.415370e+003,5.876277e+000
3.415853e+003,5.873116e+000
3.416335e+003,5.870686e+000
3.416817e+003,5.868979e+000
3.417299e+003,5.867888e+000
3.417781e+003,5.867259e+000
3.418263e+003,5.866899e+000
3.418745e+003,5.866638e+000
3.419227e+003,5.866306e+000
3.419709e+003,5.865780e+000
3.420192e+003,5.864924e+000
3.420674e+003,5.863618e+000
3.421156e+003,5.861736e+000
3.421638e+003,5.859197e+000
3.422120e+003,5.855961e+000
3.422602e+003,5.852112e+000
3.423084e+003,5.847818e+000
3.423566e+003,5.843363e+000
3.424049e+003,5.839023e+000
3.424531e+003,5.835062e+000
3.425013e+003,5.831610e+000
3.425495e+003,5.828661e+000
3.425977e+003,5.826069e+000
3.426459e+003,5.823606e+000
3.426941e+003,5.821011e+000
3.427424e+003,5.818102e+000
3.427906e+003,5.814772e+000
3.428388e+003,5.811049e+000
3.428870e+003,5.807040e+000
3.429352e+003,5.802917e+000
3.429834e+003,5.798851e+000
3.430316e+003,5.795011e+000
3.430798e+003,5.791503e+000
3.431281e+003,5.788412e+000
3.431763e+003,5.785744e+000
3.432245e+003,5.783487e+000
3.432727e+003,5.781575e+000
3.433209e+003,5.779942e+000
3.433691e+003,5.778510e+000
3.434173e+003,5.777236e+000
3.434655e+003,5.776050e+000
3.435137e+003,5.774931e+000
3.435620e+003,5.773804e+000
3.436102e+003,5.772593e+000
3.436584e+003,5.771169e+000
3.437066e+003,5.769426e+000
3.437548e+003,5.767259e+000
3.438030e+003,5.764658e+000
3.438512e+003,5.761663e+000
3.438994e+003,5.758412e+000
3.439477e+003,5.755048e+000
3.439959e+003,5.751699e+000
3.440441e+003,5.748416e+000
3.440923e+003,5.745179e+000
3.441405e+003,5.741907e+000
3.441887e+003,5.738545e+000
3.442369e+003,5.735059e+000
3.442852e+003,5.731524e+000
3.443333e+003,5.728050e+000
3.443816e+003,5.724790e+000
3.444298e+003,5.721825e+000
3.444780e+003,5.719166e+000
3.445262e+003,5.716703e+000
3.445744e+003,5.714284e+000
3.446226e+003,5.711714e+000
3.446708e+003,5.708891e+000
3.447191e+003,5.705774e+000
3.447673e+003,5.702446e+000
3.448155e+003,5.699025e+000
3.448637e+003,5.695665e+000
3.449119e+003,5.692482e+000
3.449601e+003,5.689560e+000
3.450083e+003,5.686909e+000
3.450565e+003,5.684550e+000
3.451048e+003,5.682442e+000
3.451530e+003,5.680552e+000
3.452012e+003,5.678801e+000
3.452494e+003,5.677094e+000
3.452976e+003,5.675289e+000
3.453458e+003,5.673286e+000
3.453940e+003,5.670967e+000
3.454422e+003,5.668330e+000
3.454905e+003,5.665409e+000
3.455387e+003,5.662339e+000
3.455869e+003,5.659275e+000
3.456351e+003,5.656379e+000
3.456833e+003,5.653767e+000
3.457315e+003,5.651507e+000
3.457797e+003,5.649562e+000
3.458280e+003,5.647879e+000
3.458761e+003,5.646335e+000
3.459244e+003,5.644831e+000
3.459726e+003,5.643265e+000
3.460208e+003,5.641592e+000
3.460690e+003,5.639781e+000
3.461172e+003,5.637856e+000
3.461654e+003,5.635829e+000
3.462136e+003,5.633728e+000
3.462619e+003,5.631521e+000
3.463101e+003,5.629168e+000
3.463583e+003,5.626578e+000
3.464065e+003,5.623682e+000
3.464547e+003,5.620431e+000
3.465029e+003,5.616868e+000
3.465511e+003,5.613077e+000
3.465993e+003,5.609235e+000
3.466476e+003,5.605504e+000
3.466958e+003,5.602042e+000
3.467440e+003,5.598899e+000
3.467922e+003,5.596062e+000
3.468404e+003,5.593406e+000
3.468886e+003,5.590798e+000
3.469368e+003,5.588073e+000
3.469850e+003,5.585141e+000
3.470333e+003,5.581949e+000
3.470815e+003,5.578532e+000
3.471297e+003,5.574954e+000
3.471779e+003,5.571323e+000
3.472261e+003,5.567766e+000
3.472743e+003,5.564423e+000
3.473225e+003,5.561395e+000
3.473708e+003,5.558785e+000
3.474189e+003,5.556600e+000
3.474672e+003,5.554793e+000
3.475154e+003,5.553208e+000
3.475636e+003,5.551649e+000
3.476118e+003,5.549885e+000
3.476600e+003,5.547750e+000
3.477082e+003,5.545132e+000
3.477564e+003,5.542051e+000
3.478047e+003,5.538576e+000
3.478529e+003,5.534847e+000
3.479011e+003,5.530966e+000
3.479493e+003,5.527003e+000
3.479975e+003,5.522957e+000
3.480457e+003,5.518808e+000
3.480939e+003,5.514488e+000
3.481421e+003,5.510001e+000
3.481904e+003,5.505362e+000
3.482386e+003,5.500679e+000
3.482868e+003,5.496073e+000
3.483350e+003,5.491695e+000
3.483832e+003,5.487675e+000
3.484314e+003,5.484133e+000
3.484796e+003,5.481129e+000
3.485278e+003,5.478706e+000
3.485760e+003,5.476833e+000
3.486243e+003,5.475447e+000
3.486725e+003,5.474430e+000
3.487207e+003,5.473656e+000
3.487689e+003,5.472999e+000
3.488171e+003,5.472392e+000
3.488653e+003,5.471792e+000
3.489135e+003,5.471243e+000
3.489618e+003,5.470762e+000
3.490100e+003,5.470367e+000
3.490582e+003,5.469979e+000
3.491064e+003,5.469465e+000
3.491546e+003,5.468613e+000
3.492028e+003,5.467215e+000
3.492510e+003,5.465075e+000
3.492992e+003,5.462112e+000
3.493475e+003,5.458332e+000
3.493957e+003,5.453882e+000
3.494439e+003,5.448982e+000
3.494921e+003,5.443932e+000
3.495403e+003,5.439032e+000
3.495885e+003,5.434570e+000
3.496367e+003,5.430712e+000
3.496849e+003,5.427552e+000
3.497332e+003,5.425007e+000
3.497814e+003,5.422913e+000
3.498296e+003,5.420995e+000
3.498778e+003,5.418997e+000
3.499260e+003,5.416693e+000
3.499742e+003,5.413999e+000
3.500224e+003,5.410918e+000
3.500706e+003,5.407594e+000
3.501188e+003,5.404185e+000
3.501671e+003,5.400829e+000
3.502153e+003,5.397571e+000
3.502635e+003,5.394340e+000
3.503117e+003,5.391001e+000
3.503599e+003,5.387441e+000
3.504081e+003,5.383596e+000
3.504563e+003,5.379552e+000
3.505046e+003,5.375470e+000
3.505528e+003,5.371568e+000
3.506010e+003,5.368002e+000
3.506492e+003,5.364869e+000
3.506974e+003,5.362121e+000
3.507456e+003,5.359657e+000
3.507938e+003,5.357304e+000
3.508420e+003,5.354958e+000
3.508903e+003,5.352545e+000
3.509385e+003,5.350111e+000
3.509867e+003,5.347731e+000
3.510349e+003,5.345538e+000
3.510831e+003,5.343605e+000
3.511313e+003,5.341968e+000
3.511795e+003,5.340550e+000
3.512277e+003,5.339248e+000
3.512760e+003,5.337866e+000
3.513242e+003,5.336239e+000
3.513724e+003,5.334199e+000
3.514206e+003,5.331664e+000
3.514688e+003,5.328608e+000
3.515170e+003,5.325138e+000
3.515652e+003,5.321408e+000
3.516135e+003,5.317654e+000
3.516616e+003,5.314087e+000
3.517099e+003,5.310894e+000
3.517581e+003,5.308161e+000
3.518063e+003,5.305885e+000
3.518545e+003,5.303972e+000
3.519027e+003,5.302297e+000
3.519509e+003,5.300678e+000
3.519991e+003,5.298973e+000
3.520474e+003,5.297021e+000
3.520956e+003,5.294702e+000
3.521438e+003,5.291902e+000
3.521920e+003,5.288571e+000
3.522402e+003,5.284706e+000
3.522884e+003,5.280415e+000
3.523366e+003,5.275865e+000
3.523848e+003,5.271323e+000
3.524331e+003,5.267033e+000
3.524813e+003,5.263206e+000
3.525295e+003,5.259945e+000
3.525777e+003,5.257258e+000
3.526259e+003,5.255064e+000
3.526741e+003,5.253257e+000
3.527223e+003,5.251672e+000
3.527705e+003,5.250190e+000
3.528188e+003,5.248656e+000
3.528670e+003,5.246937e+000
3.529152e+003,5.244859e+000
3.529634e+003,5.242284e+000
3.530116e+003,5.239107e+000
3.530598e+003,5.235347e+000
3.531080e+003,5.231109e+000
3.531563e+003,5.226650e+000
3.532044e+003,5.222262e+000
3.532527e+003,5.218262e+000
3.533009e+003,5.214859e+000
3.533491e+003,5.212164e+000
3.533973e+003,5.210135e+000
3.534455e+003,5.208641e+000
3.534937e+003,5.207435e+000
3.535419e+003,5.206311e+000
3.535902e+003,5.205038e+000
3.536384e+003,5.203485e+000
3.536866e+003,5.201552e+000
3.537348e+003,5.199225e+000
3.537830e+003,5.196516e+000
3.538312e+003,5.193506e+000
3.538794e+003,5.190254e+000
3.539276e+003,5.186878e+000
3.539759e+003,5.183450e+000
3.540241e+003,5.180064e+000
3.540723e+003,5.176779e+000
3.541205e+003,5.173666e+000
3.541687e+003,5.170806e+000
3.542169e+003,5.168316e+000
3.542651e+003,5.166280e+000
3.543133e+003,5.164792e+000
3.543615e+003,5.163810e+000
3.544098e+003,5.163197e+000
3.544580e+003,5.162650e+000
3.545062e+003,5.161787e+000
3.545544e+003,5.160222e+000
3.546026e+003,5.157725e+000
3.546508e+003,5.154252e+000
3.546990e+003,5.150015e+000
3.547472e+003,5.145329e+000
3.547955e+003,5.140564e+000
3.548437e+003,5.135983e+000
3.548919e+003,5.131715e+000
3.549401e+003,5.127756e+000
3.549883e+003,5.124057e+000
3.550365e+003,5.120527e+000
3.550847e+003,5.117177e+000
3.551330e+003,5.114019e+000
3.551812e+003,5.111132e+000
3.552294e+003,5.108524e+000
3.552776e+003,5.106175e+000
3.553258e+003,5.103961e+000
3.553740e+003,5.101769e+000
3.554222e+003,5.099481e+000
3.554704e+003,5.097070e+000
3.555187e+003,5.094551e+000
3.555669e+003,5.091992e+000
3.556151e+003,5.089426e+000
3.556633e+003,5.086838e+000
3.557115e+003,5.084153e+000
3.557597e+003,5.081281e+000
3.558079e+003,5.078109e+000
3.558561e+003,5.074638e+000
3.559043e+003,5.070901e+000
3.559526e+003,5.067038e+000
3.560008e+003,5.063180e+000
3.560490e+003,5.059452e+000
3.560972e+003,5.055885e+000
3.561454e+003,5.052479e+000
3.561936e+003,5.049152e+000
3.562418e+003,5.045878e+000
3.562900e+003,5.042633e+000
3.563383e+003,5.039474e+000
3.563865e+003,5.036503e+000
3.564347e+003,5.033854e+000
3.564829e+003,5.031674e+000
3.565311e+003,5.030112e+000
3.565793e+003,5.029219e+000
3.566275e+003,5.029005e+000
3.566758e+003,5.029302e+000
3.567240e+003,5.029865e+000
3.567722e+003,5.030308e+000
3.568204e+003,5.030297e+000
3.568686e+003,5.029539e+000
3.569168e+003,5.027910e+000
3.569650e+003,5.025371e+000
3.570132e+003,5.022048e+000
3.570615e+003,5.018094e+000
3.571097e+003,5.013739e+000
3.571579e+003,5.009197e+000
3.572061e+003,5.004697e+000
3.572543e+003,5.000427e+000
3.573025e+003,4.996561e+000
3.573507e+003,4.993178e+000
3.573989e+003,4.990342e+000
3.574471e+003,4.987985e+000
3.574954e+003,4.985999e+000
3.575436e+003,4.984179e+000
3.575918e+003,4.982319e+000
3.576400e+003,4.980197e+000
3.576882e+003,4.977711e+000
3.577364e+003,4.974816e+000
3.577846e+003,4.971629e+000
3.578328e+003,4.968299e+000
3.578811e+003,4.965035e+000
3.579293e+003,4.961978e+000
3.579775e+003,4.959196e+000
3.580257e+003,4.956656e+000
3.580739e+003,4.954278e+000
3.581221e+003,4.951917e+000
3.581703e+003,4.949481e+000
3.582186e+003,4.946877e+000
3.582667e+003,4.944071e+000
3.583150e+003,4.941024e+000
3.583632e+003,4.937722e+000
3.584114e+003,4.934113e+000
3.584596e+003,4.930182e+000
3.585078e+003,4.925909e+000
3.585560e+003,4.921363e+000
3.586042e+003,4.916655e+000
3.586525e+003,4.911998e+000
3.587007e+003,4.907598e+000
3.587489e+003,4.903651e+000
3.587971e+003,4.900229e+000
3.588453e+003,4.897338e+000
3.588935e+003,4.894826e+000
3.589417e+003,4.892567e+000
3.589899e+003,4.890390e+000
3.590382e+003,4.888185e+000
3.590864e+003,4.885838e+000
3.591346e+003,4.883296e+000
3.591828e+003,4.880531e+000
3.592310e+003,4.877601e+000
3.592792e+003,4.874596e+000
3.593274e+003,4.871710e+000
3.593756e+003,4.869103e+000
3.594239e+003,4.866944e+000
3.594721e+003,4.865280e+000
3.595203e+003,4.864043e+000
3.595685e+003,4.863076e+000
3.596167e+003,4.862191e+000
3.596649e+003,4.861193e+000
3.597131e+003,4.859978e+000
3.597614e+003,4.858468e+000
3.598095e+003,4.856677e+000
3.598578e+003,4.854599e+000
3.599060e+003,4.852279e+000
3.599542e+003,4.849741e+000
3.600024e+003,4.847078e+000
3.600506e+003,4.844371e+000
3.600988e+003,4.841747e+000
3.601470e+003,4.839280e+000
3.601953e+003,4.837001e+000
3.602435e+003,4.834815e+000
3.602917e+003,4.832573e+000
3.603399e+003,4.830072e+000
3.603881e+003,4.827184e+000
3.604363e+003,4.823826e+000
3.604845e+003,4.820121e+000
3.605327e+003,4.816281e+000
3.605810e+003,4.812665e+000
3.606292e+003,4.809631e+000
3.606774e+003,4.807480e+000
3.607256e+003,4.806321e+000
3.607738e+003,4.806051e+000
3.608220e+003,4.806312e+000
3.608702e+003,4.806669e+000
3.609184e+003,4.806667e+000
3.609667e+003,4.806014e+000
3.610149e+003,4.804574e+000
3.610631e+003,4.802380e+000
3.611113e+003,4.799575e+000
3.611595e+003,4.796381e+000
3.612077e+003,4.792990e+000
3.612559e+003,4.789612e+000
3.613042e+003,4.786327e+000
3.613524e+003,4.783164e+000
3.614006e+003,4.780020e+000
3.614488e+003,4.776787e+000
3.614970e+003,4.773336e+000
3.615452e+003,4.769646e+000
3.615934e+003,4.765737e+000
3.616416e+003,4.761773e+000
3.616898e+003,4.757925e+000
3.617381e+003,4.754403e+000
3.617863e+003,4.751320e+000
3.618345e+003,4.748712e+000
3.618827e+003,4.746474e+000
3.619309e+003,4.744481e+000
3.619791e+003,4.742551e+000
3.620273e+003,4.740652e+000
3.620755e+003,4.738760e+000
3.621238e+003,4.736936e+000
3.621720e+003,4.735179e+000
3.622202e+003,4.733483e+000
3.622684e+003,4.731743e+000
3.623166e+003,4.729893e+000
3.623648e+003,4.727833e+000
3.624130e+003,4.725560e+000
3.624612e+003,4.723088e+000
3.625094e+003,4.720503e+000
3.625577e+003,4.717895e+000
3.626059e+003,4.715345e+000
3.626541e+003,4.712916e+000
3.627023e+003,4.710677e+000
3.627505e+003,4.708636e+000
3.627987e+003,4.706878e+000
3.628469e+003,4.705405e+000
3.628952e+003,4.704239e+000
3.629434e+003,4.703260e+000
3.629916e+003,4.702353e+000
3.630398e+003,4.701349e+000
3.630880e+003,4.700196e+000
3.631362e+003,4.698876e+000
3.631844e+003,4.697512e+000
3.632326e+003,4.696240e+000
3.632809e+003,4.695263e+000
3.633291e+003,4.694729e+000
3.633773e+003,4.694749e+000
3.634255e+003,4.695313e+000
3.634737e+003,4.696329e+000
3.635219e+003,4.697558e+000
3.635701e+003,4.698782e+000
3.636183e+003,4.699720e+000
3.636666e+003,4.700176e+000
3.637148e+003,4.699995e+000
3.637630e+003,4.699133e+000
3.638112e+003,4.697640e+000
3.638594e+003,4.695726e+000
3.639076e+003,4.693647e+000
3.639558e+003,4.691755e+000
3.640041e+003,4.690331e+000
3.640522e+003,4.689591e+000
3.641005e+003,4.689565e+000
3.641487e+003,4.690120e+000
3.641969e+003,4.690971e+000
3.642451e+003,4.691790e+000
3.642933e+003,4.692215e+000
3.643415e+003,4.692017e+000
3.643897e+003,4.691030e+000
3.644380e+003,4.689229e+000
3.644862e+003,4.686646e+000
3.645344e+003,4.683407e+000
3.645826e+003,4.679658e+000
3.646308e+003,4.675658e+000
3.646790e+003,4.671702e+000
3.647272e+003,4.668226e+000
3.647754e+003,4.665674e+000
3.648237e+003,4.664460e+000
3.648719e+003,4.664764e+000
3.649201e+003,4.666494e+000
3.649683e+003,4.669207e+000
3.650165e+003,4.672395e+000
3.650647e+003,4.675536e+000
3.651129e+003,4.678390e+000
3.651611e+003,4.680884e+000
3.652094e+003,4.683139e+000
3.652576e+003,4.685295e+000
3.653058e+003,4.687531e+000
3.653540e+003,4.689958e+000
3.654022e+003,4.692669e+000
3.654504e+003,4.695643e+000
3.654986e+003,4.698812e+000
3.655469e+003,4.701959e+000
3.655950e+003,4.704842e+000
3.656433e+003,4.707188e+000
3.656915e+003,4.708848e+000
3.657397e+003,4.709817e+000
3.657879e+003,4.710277e+000
3.658361e+003,4.710449e+000
3.658843e+003,4.710615e+000
3.659325e+003,4.710950e+000
3.659808e+003,4.711562e+000
3.660290e+003,4.712426e+000
3.660772e+003,4.713436e+000
3.661254e+003,4.714410e+000
3.661736e+003,4.715179e+000
3.662218e+003,4.715592e+000
3.662700e+003,4.715585e+000
3.663182e+003,4.715144e+000
3.663665e+003,4.714321e+000
3.664147e+003,4.713189e+000
3.664629e+003,4.711854e+000
3.665111e+003,4.710434e+000
3.665593e+003,4.709138e+000
3.666075e+003,4.708199e+000
3.666557e+003,4.707980e+000
3.667039e+003,4.708858e+000
3.667521e+003,4.711230e+000
3.668004e+003,4.715330e+000
3.668486e+003,4.721079e+000
3.668968e+003,4.727854e+000
3.669450e+003,4.734556e+000
3.669932e+003,4.739797e+000
3.670414e+003,4.742537e+000
3.670896e+003,4.742383e+000
3.671378e+003,4.739766e+000
3.671861e+003,4.735590e+000
3.672343e+003,4.730976e+000
3.672825e+003,4.727067e+000
3.673307e+003,4.724994e+000
3.673789e+003,4.725727e+000
3.674271e+003,4.729965e+000
3.674753e+003,4.737650e+000
3.675236e+003,4.747758e+000
3.675718e+003,4.758372e+000
3.676200e+003,4.767559e+000
3.676682e+003,4.774168e+000
3.677164e+003,4.778194e+000
3.677646e+003,4.780324e+000
3.678128e+003,4.781517e+000
3.678610e+003,4.782547e+000
3.679093e+003,4.783928e+000
3.679575e+003,4.785808e+000
3.680057e+003,4.788102e+000
3.680539e+003,4.790552e+000
3.681021e+003,4.792885e+000
3.681503e+003,4.794844e+000
3.681985e+003,4.796297e+000
3.682467e+003,4.797151e+000
3.682949e+003,4.797389e+000
3.683432e+003,4.796986e+000
3.683914e+003,4.795966e+000
3.684396e+003,4.794370e+000
3.684878e+003,4.792363e+000
3.685360e+003,4.790173e+000
3.685842e+003,4.788195e+000
3.686324e+003,4.786889e+000
3.686806e+003,4.786770e+000
3.687289e+003,4.788298e+000
3.687771e+003,4.791777e+000
3.688253e+003,4.797210e+000
3.688735e+003,4.804315e+000
3.689217e+003,4.812464e+000
3.689699e+003,4.820977e+000
3.690181e+003,4.829154e+000
3.690664e+003,4.836515e+000
3.691146e+003,4.842718e+000
3.691628e+003,4.847653e+000
3.692110e+003,4.851317e+000
3.692592e+003,4.853897e+000
3.693074e+003,4.855655e+000
3.693556e+003,4.856964e+000
3.694038e+003,4.858150e+000
3.694521e+003,4.859489e+000
3.695003e+003,4.861066e+000
3.695485e+003,4.862814e+000
3.695967e+003,4.864507e+000
3.696449e+003,4.865886e+000
3.696931e+003,4.866722e+000
3.697413e+003,4.867014e+000
3.697895e+003,4.866922e+000
3.698377e+003,4.866841e+000
3.698860e+003,4.867257e+000
3.699342e+003,4.868669e+000
3.699824e+003,4.871433e+000
3.700306e+003,4.875731e+000
3.700788e+003,4.881386e+000
3.701270e+003,4.887975e+000
3.701752e+003,4.894803e+000
3.702234e+003,4.901179e+000
3.702717e+003,4.906511e+000
3.703199e+003,4.910471e+000
3.703681e+003,4.912975e+000
3.704163e+003,4.914146e+000
3.704645e+003,4.914165e+000
3.705127e+003,4.913272e+000
3.705609e+003,4.911650e+000
3.706092e+003,4.909501e+000
3.706573e+003,4.906991e+000
3.707056e+003,4.904382e+000
3.707538e+003,4.901999e+000
3.708020e+003,4.900356e+000
3.708502e+003,4.900097e+000
3.708984e+003,4.902036e+000
3.709466e+003,4.906927e+000
3.709948e+003,4.915325e+000
3.710431e+003,4.927226e+000
3.710913e+003,4.941900e+000
3.711395e+003,4.957849e+000
3.711877e+003,4.973242e+000
3.712359e+003,4.986339e+000
3.712841e+003,4.996088e+000
3.713323e+003,5.002138e+000
3.713805e+003,5.004815e+000
3.714288e+003,5.004734e+000
3.714770e+003,5.002671e+000
3.715252e+003,4.999317e+000
3.715734e+003,4.995300e+000
3.716216e+003,4.991081e+000
3.716698e+003,4.987041e+000
3.717180e+003,4.983388e+000
3.717662e+003,4.980248e+000
3.718145e+003,4.977614e+000
3.718627e+003,4.975429e+000
3.719109e+003,4.973605e+000
3.719591e+003,4.972103e+000
3.720073e+003,4.970878e+000
3.720555e+003,4.969963e+000
3.721037e+003,4.969336e+000
3.721520e+003,4.968983e+000
3.722001e+003,4.968838e+000
3.722484e+003,4.968903e+000
3.722966e+003,4.969247e+000
3.723448e+003,4.970130e+000
3.723930e+003,4.971881e+000
3.724412e+003,4.974855e+000
3.724894e+003,4.979166e+000
3.725376e+003,4.984585e+000
3.725859e+003,4.990401e+000
3.726341e+003,4.995584e+000
3.726823e+003,4.999047e+000
3.727305e+003,5.000045e+000
3.727787e+003,4.998319e+000
3.728269e+003,4.994242e+000
3.728751e+003,4.988552e+000
3.729233e+003,4.982229e+000
3.729716e+003,4.976190e+000
3.730198e+003,4.971176e+000
3.730680e+003,4.967598e+000
3.731162e+003,4.965584e+000
3.731644e+003,4.964990e+000
3.732126e+003,4.965672e+000
3.732608e+003,4.967571e+000
3.733090e+003,4.970955e+000
3.733573e+003,4.976255e+000
3.734055e+003,4.983846e+000
3.734537e+003,4.993637e+000
3.735019e+003,5.004827e+000
3.735501e+003,5.015875e+000
3.735983e+003,5.025082e+000
3.736465e+003,5.031065e+000
3.736948e+003,5.033288e+000
3.737430e+003,5.031953e+000
3.737912e+003,5.027760e+000
3.738394e+003,5.021451e+000
3.738876e+003,5.013649e+000
3.739358e+003,5.004726e+000
3.739840e+003,4.994970e+000
3.740322e+003,4.984657e+000
3.740804e+003,4.974312e+000
3.741287e+003,4.964764e+000
3.741769e+003,4.957278e+000
3.742251e+003,4.953428e+000
3.742733e+003,4.954851e+000
3.743215e+003,4.962482e+000
3.743697e+003,4.975775e+000
3.744179e+003,4.991983e+000
3.744661e+003,5.006929e+000
3.745144e+003,5.016677e+000
3.745626e+003,5.019369e+000
3.746108e+003,5.015406e+000
3.746590e+003,5.006764e+000
3.747072e+003,4.995867e+000
3.747554e+003,4.985132e+000
3.748036e+003,4.976645e+000
3.748518e+003,4.972199e+000
3.749000e+003,4.973125e+000
3.749483e+003,4.980019e+000
3.749965e+003,4.992402e+000
3.750447e+003,5.008543e+000
3.750929e+003,5.025609e+000
3.751411e+003,5.040601e+000
3.751893e+003,5.051119e+000
3.752375e+003,5.055999e+000
3.752858e+003,5.055215e+000
3.753340e+003,5.049654e+000
3.753822e+003,5.040579e+000
3.754304e+003,5.029419e+000
3.754786e+003,5.017488e+000
3.755268e+003,5.005980e+000
3.755750e+003,4.995852e+000
3.756232e+003,4.987874e+000
3.756715e+003,4.982550e+000
3.757197e+003,4.980178e+000
3.757679e+003,4.980730e+000
3.758161e+003,4.983867e+000
3.758643e+003,4.988825e+000
3.759125e+003,4.994546e+000
3.759607e+003,4.999715e+000
3.760089e+003,5.003133e+000
3.760572e+003,5.003938e+000
3.761054e+003,5.001859e+000
3.761536e+003,4.997198e+000
3.762018e+003,4.990771e+000
3.762500e+003,4.983603e+000
3.762982e+003,4.976774e+000
3.763464e+003,4.971113e+000
3.763947e+003,4.967068e+000
3.764428e+003,4.964538e+000
3.764911e+003,4.962951e+000
3.765393e+003,4.961494e+000
3.765875e+003,4.959502e+000
3.766357e+003,4.956740e+000
3.766839e+003,4.953609e+000
3.767321e+003,4.950942e+000
3.767803e+003,4.949763e+000
3.768286e+003,4.950861e+000
3.768768e+003,4.954491e+000
3.769250e+003,4.960130e+000
3.769732e+003,4.966628e+000
3.770214e+003,4.972508e+000
3.770696e+003,4.976568e+000
3.771178e+003,4.978208e+000
3.771660e+003,4.977530e+000
3.772143e+003,4.975112e+000
3.772625e+003,4.971688e+000
3.773107e+003,4.967864e+000
3.773589e+003,4.964003e+000
3.774071e+003,4.960151e+000
3.774553e+003,4.956233e+000
3.775035e+003,4.952105e+000
3.775517e+003,4.947792e+000
3.776000e+003,4.943530e+000
3.776482e+003,4.939831e+000
3.776964e+003,4.937341e+000
3.777446e+003,4.936701e+000
3.777928e+003,4.938231e+000
3.778410e+003,4.941749e+000
3.778892e+003,4.946381e+000
3.779375e+003,4.950800e+000
3.779856e+003,4.953561e+000
3.780339e+003,4.953657e+000
3.780821e+003,4.950814e+000
3.781303e+003,4.945557e+000
3.781785e+003,4.938920e+000
3.782267e+003,4.932206e+000
3.782749e+003,4.926587e+000
3.783231e+003,4.922921e+000
3.783714e+003,4.921536e+000
3.784196e+003,4.922227e+000
3.784678e+003,4.924301e+000
3.785160e+003,4.926863e+000
3.785642e+003,4.929030e+000
3.786124e+003,4.930245e+000
3.786606e+003,4.930268e+000
3.787088e+003,4.929223e+000
3.787571e+003,4.927384e+000
3.788053e+003,4.925100e+000
3.788535e+003,4.922654e+000
3.789017e+003,4.920251e+000
3.789499e+003,4.917912e+000
3.789981e+003,4.915572e+000
3.790463e+003,4.912996e+000
3.790945e+003,4.909913e+000
3.791427e+003,4.906033e+000
3.791910e+003,4.901216e+000
3.792392e+003,4.895525e+000
3.792874e+003,4.889334e+000
3.793356e+003,4.883265e+000
3.793838e+003,4.878136e+000
3.794320e+003,4.874685e+000
3.794802e+003,4.873354e+000
3.795284e+003,4.873975e+000
3.795767e+003,4.875661e+000
3.796249e+003,4.876974e+000
3.796731e+003,4.876429e+000
3.797213e+003,4.872993e+000
3.797695e+003,4.866598e+000
3.798177e+003,4.858115e+000
3.798659e+003,4.849257e+000
3.799142e+003,4.842163e+000
3.799624e+003,4.839004e+000
3.800106e+003,4.841305e+000
3.800588e+003,4.849279e+000
3.801070e+003,4.861195e+000
3.801552e+003,4.873735e+000
3.802034e+003,4.883208e+000
3.802516e+003,4.887271e+000
3.802999e+003,4.885623e+000
3.803481e+003,4.879715e+000
3.803963e+003,4.871853e+000
3.804445e+003,4.864486e+000
3.804927e+003,4.859632e+000
3.805409e+003,4.858649e+000
3.805891e+003,4.861791e+000
3.806373e+003,4.868144e+000
3.806855e+003,4.875713e+000
3.807338e+003,4.882164e+000
3.807820e+003,4.885649e+000
3.808302e+003,4.885484e+000
3.808784e+003,4.881993e+000
3.809266e+003,4.876149e+000
3.809748e+003,4.868924e+000
3.810230e+003,4.861022e+000
3.810712e+003,4.852764e+000
3.811195e+003,4.844191e+000
3.811677e+003,4.835282e+000
3.812159e+003,4.826202e+000
3.812641e+003,4.817408e+000
3.813123e+003,4.809749e+000
3.813605e+003,4.804258e+000
3.814087e+003,4.801898e+000
3.814570e+003,4.803006e+000
3.815052e+003,4.806935e+000
3.815534e+003,4.811793e+000
3.816016e+003,4.815055e+000
3.816498e+003,4.814499e+000
3.816980e+003,4.809283e+000
3.817462e+003,4.800137e+000
3.817944e+003,4.789122e+000
3.818427e+003,4.778939e+000
3.818909e+003,4.772449e+000
3.819391e+003,4.772072e+000
3.819873e+003,4.779191e+000
3.820355e+003,4.793226e+000
3.820837e+003,4.811347e+000
3.821319e+003,4.828978e+000
3.821801e+003,4.841772e+000
3.822283e+003,4.847322e+000
3.822766e+003,4.845749e+000
3.823248e+003,4.838878e+000
3.823730e+003,4.829229e+000
3.824212e+003,4.819113e+000
3.824694e+003,4.810319e+000
3.825176e+003,4.803857e+000
3.825658e+003,4.799988e+000
3.826140e+003,4.798232e+000
3.826623e+003,4.797602e+000
3.827105e+003,4.796987e+000
3.827587e+003,4.795553e+000
3.828069e+003,4.792946e+000
3.828551e+003,4.789371e+000
3.829033e+003,4.785352e+000
3.829515e+003,4.781519e+000
3.829998e+003,4.778323e+000
3.830479e+003,4.775922e+000
3.830962e+003,4.774059e+000
3.831444e+003,4.772234e+000
3.831926e+003,4.769818e+000
3.832408e+003,4.766351e+000
3.832890e+003,4.761651e+000
3.833372e+003,4.755908e+000
3.833854e+003,4.749579e+000
3.834337e+003,4.743318e+000
3.834819e+003,4.737853e+000
3.835301e+003,4.733943e+000
3.835783e+003,4.732223e+000
3.836265e+003,4.733203e+000
3.836747e+003,4.736998e+000
3.837229e+003,4.743254e+000
3.837711e+003,4.750996e+000
3.838194e+003,4.758856e+000
3.838676e+003,4.765337e+000
3.839158e+003,4.769369e+000
3.839640e+003,4.770519e+000
3.840122e+003,4.769159e+000
3.840604e+003,4.766131e+000
3.841086e+003,4.762545e+000
3.841568e+003,4.759393e+000
3.842051e+003,4.757318e+000
3.842533e+003,4.756489e+000
3.843015e+003,4.756604e+000
3.843497e+003,4.756990e+000
3.843979e+003,4.756881e+000
3.844461e+003,4.755597e+000
3.844943e+003,4.752769e+000
3.845426e+003,4.748329e+000
3.845907e+003,4.742462e+000
3.846390e+003,4.735402e+000
3.846872e+003,4.727373e+000
3.847354e+003,4.718433e+000
3.847836e+003,4.708556e+000
3.848318e+003,4.697635e+000
3.848800e+003,4.685696e+000
3.849282e+003,4.672992e+000
3.849765e+003,4.660218e+000
3.850247e+003,4.648600e+000
3.850729e+003,4.640038e+000
3.851211e+003,4.636903e+000
3.851693e+003,4.641769e+000
3.852175e+003,4.656265e+000
3.852657e+003,4.679694e+000
3.853139e+003,4.707898e+000
3.853622e+003,4.734348e+000
3.854104e+003,4.753180e+000
3.854586e+003,4.762000e+000
3.855068e+003,4.761855e+000
3.855550e+003,4.755615e+000
3.856032e+003,4.746142e+000
3.856514e+003,4.735576e+000
3.856996e+003,4.725141e+000
3.857479e+003,4.715362e+000
3.857961e+003,4.706345e+000
3.858443e+003,4.698016e+000
3.858925e+003,4.690248e+000
3.859407e+003,4.683044e+000
3.859889e+003,4.676476e+000
3.860371e+003,4.670762e+000
3.860854e+003,4.666171e+000
3.861336e+003,4.663037e+000
3.861818e+003,4.661659e+000
3.862300e+003,4.662257e+000
3.862782e+003,4.664773e+000
3.863264e+003,4.668749e+000
3.863746e+003,4.673184e+000
3.864228e+003,4.676694e+000
3.864710e+003,4.677811e+000
3.865193e+003,4.675555e+000
3.865675e+003,4.669757e+000
3.866157e+003,4.661213e+000
3.866639e+003,4.651422e+000
3.867121e+003,4.642327e+000
3.867603e+003,4.635835e+000
3.868085e+003,4.633443e+000
3.868567e+003,4.635680e+000
3.869050e+003,4.641765e+000
3.869532e+003,4.649512e+000
3.870014e+003,4.656173e+000
3.870496e+003,4.659499e+000
3.870978e+003,4.658847e+000
3.871460e+003,4.655163e+000
3.871942e+003,4.650423e+000
3.872424e+003,4.646680e+000
3.872906e+003,4.645343e+000
3.873389e+003,4.646729e+000
3.873871e+003,4.649988e+000
3.874353e+003,4.653355e+000
3.874835e+003,4.654907e+000
3.875317e+003,4.653187e+000
3.875799e+003,4.647761e+000
3.876281e+003,4.639146e+000
3.876764e+003,4.628636e+000
3.877246e+003,4.617852e+000
3.877728e+003,4.608500e+000
3.878210e+003,4.602033e+000
3.878692e+003,4.599458e+000
3.879174e+003,4.600919e+000
3.879656e+003,4.605553e+000
3.880138e+003,4.611493e+000
3.880621e+003,4.616475e+000
3.881103e+003,4.618619e+000
3.881585e+003,4.617175e+000
3.882067e+003,4.612592e+000
3.882549e+003,4.606369e+000
3.883031e+003,4.600404e+000
3.883513e+003,4.596584e+000
3.883995e+003,4.596193e+000
3.884478e+003,4.599505e+000
3.884960e+003,4.605443e+000
3.885442e+003,4.611840e+000
3.885924e+003,4.616085e+000
3.886406e+003,4.616253e+000
3.886888e+003,4.611729e+000
3.887370e+003,4.603302e+000
3.887853e+003,4.592661e+000
3.888334e+003,4.581837e+000
3.888817e+003,4.572762e+000
3.889299e+003,4.567024e+000
3.889781e+003,4.565563e+000
3.890263e+003,4.568554e+000
3.890745e+003,4.575139e+000
3.891227e+003,4.583602e+000
3.891709e+003,4.591711e+000
3.892192e+003,4.597445e+000
3.892674e+003,4.599455e+000
3.893156e+003,4.597384e+000
3.893638e+003,4.591598e+000
3.894120e+003,4.582961e+000
3.894602e+003,4.572477e+000
3.895084e+003,4.561145e+000
3.895566e+003,4.549857e+000
3.896049e+003,4.539420e+000
3.896531e+003,4.530513e+000
3.897013e+003,4.523743e+000
3.897495e+003,4.519506e+000
3.897977e+003,4.518015e+000
3.898459e+003,4.519107e+000
3.898941e+003,4.522296e+000
3.899423e+003,4.526766e+000
3.899906e+003,4.531632e+000
3.900388e+003,4.536130e+000
3.900870e+003,4.539920e+000
3.901352e+003,4.543081e+000
3.901834e+003,4.546119e+000
3.902316e+003,4.549597e+000
3.902798e+003,4.553944e+000
3.903281e+003,4.559118e+000
3.903762e+003,4.564555e+000
3.904245e+003,4.569303e+000
3.904727e+003,4.572342e+000
3.905209e+003,4.572905e+000
3.905691e+003,4.570761e+000
3.906173e+003,4.566133e+000
3.906655e+003,4.559633e+000
3.907137e+003,4.552032e+000
3.907620e+003,4.544116e+000
3.908102e+003,4.536541e+000
3.908584e+003,4.529842e+000
3.909066e+003,4.524337e+000
3.909548e+003,4.520164e+000
3.910030e+003,4.517217e+000
3.910512e+003,4.515213e+000
3.910994e+003,4.513682e+000
3.911477e+003,4.512102e+000
3.911959e+003,4.509981e+000
3.912441e+003,4.507039e+000
3.912923e+003,4.503210e+000
3.913405e+003,4.498755e+000
3.913887e+003,4.494130e+000
3.914369e+003,4.489929e+000
3.914851e+003,4.486706e+000
3.915333e+003,4.484899e+000
3.915816e+003,4.484670e+000
3.916298e+003,4.485949e+000
3.916780e+003,4.488405e+000
3.917262e+003,4.491599e+000
3.917744e+003,4.494976e+000
3.918226e+003,4.498023e+000
3.918708e+003,4.500226e+000
3.919190e+003,4.501115e+000
3.919673e+003,4.500322e+000
3.920155e+003,4.497674e+000
3.920637e+003,4.493211e+000
3.921119e+003,4.487337e+000
3.921601e+003,4.480690e+000
3.922083e+003,4.474117e+000
3.922565e+003,4.468452e+000
3.923048e+003,4.464366e+000
3.923530e+003,4.462124e+000
3.924012e+003,4.461545e+000
3.924494e+003,4.461973e+000
3.924976e+003,4.462526e+000
3.925458e+003,4.462279e+000
3.925940e+003,4.460611e+000
3.926422e+003,4.457274e+000
3.926905e+003,4.452461e+000
3.927387e+003,4.446690e+000
3.927869e+003,4.440693e+000
3.928351e+003,4.435243e+000
3.928833e+003,4.431108e+000
3.929315e+003,4.428862e+000
3.929797e+003,4.428852e+000
3.930279e+003,4.431061e+000
3.930761e+003,4.435132e+000
3.931244e+003,4.440323e+000
3.931726e+003,4.445727e+000
3.932208e+003,4.450359e+000
3.932690e+003,4.453484e+000
3.933172e+003,4.454665e+000
3.933654e+003,4.453900e+000
3.934136e+003,4.451513e+000
3.934618e+003,4.448040e+000
3.935101e+003,4.444064e+000
3.935583e+003,4.440104e+000
3.936065e+003,4.436453e+000
3.936547e+003,4.433235e+000
3.937029e+003,4.430316e+000
3.937511e+003,4.427463e+000
3.937993e+003,4.424384e+000
3.938476e+003,4.420930e+000
3.938958e+003,4.417107e+000
3.939440e+003,4.413198e+000
3.939922e+003,4.409672e+000
3.940404e+003,4.407125e+000
3.940886e+003,4.406034e+000
3.941368e+003,4.406657e+000
3.941850e+003,4.408809e+000
3.942333e+003,4.411919e+000
3.942815e+003,4.415125e+000
3.943297e+003,4.417567e+000
3.943779e+003,4.418588e+000
3.944261e+003,4.418001e+000
3.944743e+003,4.415983e+000
3.945225e+003,4.413050e+000
3.945707e+003,4.409795e+000
3.946189e+003,4.406752e+000
3.946672e+003,4.404240e+000
3.947154e+003,4.402376e+000
3.947636e+003,4.401011e+000
3.948118e+003,4.399932e+000
3.948600e+003,4.398851e+000
3.949082e+003,4.397586e+000
3.949564e+003,4.396050e+000
3.950046e+003,4.394241e+000
3.950529e+003,4.392242e+000
3.951011e+003,4.390169e+000
3.951493e+003,4.388100e+000
3.951975e+003,4.386142e+000
3.952457e+003,4.384345e+000
3.952939e+003,4.382752e+000
3.953421e+003,4.381351e+000
3.953904e+003,4.380135e+000
3.954385e+003,4.379024e+000
3.954868e+003,4.377979e+000
3.955350e+003,4.376945e+000
3.955832e+003,4.375916e+000
3.956314e+003,4.374887e+000
3.956796e+003,4.373880e+000
3.957278e+003,4.372869e+000
3.957760e+003,4.371813e+000
3.958243e+003,4.370608e+000
3.958725e+003,4.369178e+000
3.959207e+003,4.367415e+000
3.959689e+003,4.365319e+000
3.960171e+003,4.362919e+000
3.960653e+003,4.360320e+000
3.961135e+003,4.357623e+000
3.961617e+003,4.354943e+000
3.962100e+003,4.352333e+000
3.962582e+003,4.349823e+000
3.963064e+003,4.347389e+000
3.963546e+003,4.345028e+000
3.964028e+003,4.342714e+000
3.964510e+003,4.340451e+000
3.964992e+003,4.338235e+000
3.965474e+003,4.336072e+000
3.965957e+003,4.333972e+000
3.966439e+003,4.331973e+000
3.966921e+003,4.330115e+000
3.967403e+003,4.328499e+000
3.967885e+003,4.327196e+000
3.968367e+003,4.326275e+000
3.968849e+003,4.325717e+000
3.969332e+003,4.325442e+000
3.969813e+003,4.325261e+000
3.970296e+003,4.324999e+000
3.970778e+003,4.324469e+000
3.971260e+003,4.323603e+000
3.971742e+003,4.322428e+000
3.972224e+003,4.321106e+000
3.972706e+003,4.319857e+000
3.973188e+003,4.318917e+000
3.973671e+003,4.318466e+000
3.974153e+003,4.318594e+000
3.974635e+003,4.319222e+000
3.975117e+003,4.320193e+000
3.975599e+003,4.321198e+000
3.976081e+003,4.321925e+000
3.976563e+003,4.322048e+000
3.977045e+003,4.321346e+000
3.977528e+003,4.319698e+000
3.978010e+003,4.317169e+000
3.978492e+003,4.313936e+000
3.978974e+003,4.310307e+000
3.979456e+003,4.306574e+000
3.979938e+003,4.303020e+000
3.980420e+003,4.299807e+000
3.980902e+003,4.296983e+000
3.981385e+003,4.294524e+000
3.981867e+003,4.292377e+000
3.982349e+003,4.290472e+000
3.982831e+003,4.288817e+000
3.983313e+003,4.287397e+000
3.983795e+003,4.286208e+000
3.984277e+003,4.285154e+000
3.984760e+003,4.284107e+000
3.985242e+003,4.282890e+000
3.985724e+003,4.281399e+000
3.986206e+003,4.279622e+000
3.986688e+003,4.277744e+000
3.987170e+003,4.276041e+000
3.987652e+003,4.274864e+000
3.988134e+003,4.274475e+000
3.988616e+003,4.274959e+000
3.989099e+003,4.276157e+000
3.989581e+003,4.277719e+000
3.990063e+003,4.279139e+000
3.990545e+003,4.279970e+000
3.991027e+003,4.279873e+000
3.991509e+003,4.278763e+000
3.991991e+003,4.276740e+000
3.992473e+003,4.274111e+000
3.992956e+003,4.271221e+000
3.993438e+003,4.268436e+000
3.993920e+003,4.265994e+000
3.994402e+003,4.264048e+000
3.994884e+003,4.262578e+000
3.995366e+003,4.261493e+000
3.995848e+003,4.260623e+000
3.996330e+003,4.259790e+000
3.996813e+003,4.258862e+000
3.997295e+003,4.257777e+000
3.997777e+003,4.256510e+000
3.998259e+003,4.255131e+000
3.998741e+003,4.253688e+000
3.999223e+003,4.252242e+000
3.999705e+003,4.250779e+000
4.000188e+003,4.249288e+000
