3.996813e+002,0.000000e+000
4.001635e+002,7.627470e+001
4.006456e+002,7.652442e+001
4.011277e+002,7.676924e+001
4.016098e+002,7.696703e+001
4.020919e+002,7.708096e+001
4.025741e+002,7.709323e+001
4.030562e+002,7.701268e+001
4.035383e+002,7.686835e+001
4.040204e+002,7.669666e+001
4.045026e+002,7.652633e+001
4.049847e+002,7.637083e+001
4.054668e+002,7.622875e+001
4.059489e+002,7.609240e+001
4.064311e+002,7.595723e+001
4.069132e+002,7.582764e+001
4.073953e+002,7.571422e+001
4.078774e+002,7.562666e+001
4.083596e+002,7.556554e+001
4.088417e+002,7.552073e+001
4.093238e+002,7.547582e+001
4.098059e+002,7.541803e+001
4.102881e+002,7.534580e+001
4.107702e+002,7.527171e+001
4.112523e+002,7.521618e+001
4.117344e+002,7.519705e+001
4.122166e+002,7.521860e+001
4.126987e+002,7.526759e+001
4.131808e+002,7.531688e+001
4.136629e+002,7.533644e+001
4.141451e+002,7.530498e+001
4.146272e+002,7.521715e+001
4.151093e+002,7.508298e+001
4.155914e+002,7.492133e+001
4.160736e+002,7.475154e+001
4.165557e+002,7.458774e+001
4.170378e+002,7.443800e+001
4.175200e+002,7.430748e+001
4.180021e+002,7.420229e+001
4.184842e+002,7.413146e+001
4.189663e+002,7.410163e+001
4.194484e+002,7.410931e+001
4.199306e+002,7.413702e+001
4.204127e+002,7.415915e+001
4.208948e+002,7.415358e+001
4.213770e+002,7.411157e+001
4.218591e+002,7.404099e+001
4.223412e+002,7.396336e+001
4.228233e+002,7.390575e+001
4.233055e+002,7.389143e+001
4.237876e+002,7.393113e+001
4.242697e+002,7.401920e+001
4.247518e+002,7.413602e+001
4.252339e+002,7.425658e+001
4.257161e+002,7.435953e+001
4.261982e+002,7.443399e+001
4.266803e+002,7.447952e+001
4.271624e+002,7.450191e+001
4.276446e+002,7.450687e+001
4.281267e+002,7.449648e+001
4.286088e+002,7.446902e+001
4.290909e+002,7.442233e+001
4.295731e+002,7.435703e+001
4.300552e+002,7.427814e+001
4.305373e+002,7.419315e+001
4.310194e+002,7.410830e+001
4.315016e+002,7.402451e+001
4.319837e+002,7.393707e+001
4.324658e+002,7.383830e+001
4.329479e+002,7.372337e+001
4.334301e+002,7.359405e+001
4.339122e+002,7.346004e+001
4.343943e+002,7.333540e+001
4.348764e+002,7.323277e+001
4.353586e+002,7.315776e+001
4.358407e+002,7.310680e+001
4.363228e+002,7.306965e+001
4.368049e+002,7.303566e+001
4.372870e+002,7.299963e+001
4.377692e+002,7.296487e+001
4.382513e+002,7.294034e+001
4.387334e+002,7.293565e+001
4.392155e+002,7.295490e+001
4.396977e+002,7.299387e+001
4.401798e+002,7.304082e+001
4.406619e+002,7.308098e+001
4.411440e+002,7.310127e+001
4.416262e+002,7.309500e+001
4.421083e+002,7.306194e+001
4.425904e+002,7.300626e+001
4.430725e+002,7.293190e+001
4.435547e+002,7.284029e+001
4.440368e+002,7.273052e+001
4.445189e+002,7.260252e+001
4.450010e+002,7.245979e+001
4.454832e+002,7.231035e+001
4.459653e+002,7.216440e+001
4.464474e+002,7.203054e+001
4.469295e+002,7.191196e+001
4.474117e+002,7.180572e+001
4.478938e+002,7.170515e+001
4.483759e+002,7.160461e+001
4.488580e+002,7.150342e+001
4.493401e+002,7.140730e+001
4.498223e+002,7.132572e+001
4.503044e+002,7.126737e+001
4.507865e+002,7.123510e+001
4.512687e+002,7.122387e+001
4.517508e+002,7.122236e+001
4.522329e+002,7.121790e+001
4.527150e+002,7.120173e+001
4.531971e+002,7.117227e+001
4.536793e+002,7.113383e+001
4.541614e+002,7.109219e+001
4.546435e+002,7.104889e+001
4.551257e+002,7.099822e+001
4.556078e+002,7.092735e+001
4.560899e+002,7.082090e+001
4.565720e+002,7.066719e+001
4.570542e+002,7.046461e+001
4.575363e+002,7.022356e+001
4.580184e+002,6.996353e+001
4.585005e+002,6.970518e+001
4.589827e+002,6.946345e+001
4.594648e+002,6.924452e+001
4.599469e+002,6.904806e+001
4.604290e+002,6.887135e+001
4.609112e+002,6.871278e+001
4.613933e+002,6.857263e+001
4.618754e+002,6.845184e+001
4.623575e+002,6.834944e+001
4.628397e+002,6.826166e+001
4.633218e+002,6.818226e+001
4.638039e+002,6.810530e+001
4.642860e+002,6.802718e+001
4.647682e+002,6.794807e+001
4.652503e+002,6.787040e+001
4.657324e+002,6.779618e+001
4.662145e+002,6.772409e+001
4.666967e+002,6.764857e+001
4.671788e+002,6.756136e+001
4.676609e+002,6.745533e+001
4.681430e+002,6.732785e+001
4.686252e+002,6.718240e+001
4.691073e+002,6.702668e+001
4.695894e+002,6.686886e+001
4.700715e+002,6.671342e+001
4.705536e+002,6.655903e+001
4.710358e+002,6.639926e+001
4.715179e+002,6.622627e+001
4.720000e+002,6.603479e+001
4.724821e+002,6.582526e+001
4.729643e+002,6.560322e+001
4.734464e+002,6.537602e+001
4.739285e+002,6.514832e+001
4.744106e+002,6.492000e+001
4.748928e+002,6.468690e+001
4.753749e+002,6.444418e+001
4.758570e+002,6.418967e+001
4.763391e+002,6.392569e+001
4.768213e+002,6.365840e+001
4.773034e+002,6.339514e+001
4.777855e+002,6.314132e+001
4.782676e+002,6.289828e+001
4.787498e+002,6.266360e+001
4.792319e+002,6.243319e+001
4.797140e+002,6.220381e+001
4.801961e+002,6.197512e+001
4.806783e+002,6.174927e+001
4.811604e+002,6.152917e+001
4.816425e+002,6.131584e+001
4.821246e+002,6.110700e+001
4.826068e+002,6.089708e+001
4.830889e+002,6.067941e+001
4.835710e+002,6.044865e+001
4.840531e+002,6.020258e+001
4.845352e+002,5.994218e+001
4.850174e+002,5.966999e+001
4.854995e+002,5.938791e+001
4.859816e+002,5.909595e+001
4.864637e+002,5.879253e+001
4.869459e+002,5.847615e+001
4.874280e+002,5.814705e+001
4.879101e+002,5.780812e+001
4.883922e+002,5.746425e+001
4.888744e+002,5.712104e+001
4.893565e+002,5.678308e+001
4.898386e+002,5.645347e+001
4.903207e+002,5.613435e+001
4.908029e+002,5.582834e+001
4.912850e+002,5.553935e+001
4.917671e+002,5.527250e+001
4.922492e+002,5.503215e+001
4.927314e+002,5.481979e+001
4.932135e+002,5.463207e+001
4.936956e+002,5.446128e+001
4.941777e+002,5.429767e+001
4.946599e+002,5.413322e+001
4.951420e+002,5.396489e+001
4.956241e+002,5.379594e+001
4.961062e+002,5.363456e+001
4.965884e+002,5.349057e+001
4.970705e+002,5.337138e+001
4.975526e+002,5.327919e+001
4.980347e+002,5.321017e+001
4.985169e+002,5.315629e+001
4.989990e+002,5.310801e+001
4.994811e+002,5.305730e+001
4.999633e+002,5.299929e+001
5.004454e+002,5.293294e+001
5.009275e+002,5.286011e+001
5.014096e+002,5.278481e+001
5.018917e+002,5.271234e+001
5.023739e+002,5.264887e+001
5.028560e+002,5.260079e+001
5.033381e+002,5.257391e+001
5.038203e+002,5.257186e+001
5.043024e+002,5.259499e+001
5.047845e+002,5.263945e+001
5.052666e+002,5.269774e+001
5.057487e+002,5.276046e+001
5.062309e+002,5.281889e+001
5.067130e+002,5.286747e+001
5.071951e+002,5.290507e+001
5.076772e+002,5.293456e+001
5.081594e+002,5.296072e+001
5.086415e+002,5.298781e+001
5.091236e+002,5.301786e+001
5.096057e+002,5.305065e+001
5.100879e+002,5.308502e+001
5.105700e+002,5.312064e+001
5.110521e+002,5.315909e+001
5.115342e+002,5.320361e+001
5.120164e+002,5.325780e+001
5.124985e+002,5.332375e+001
5.129806e+002,5.340093e+001
5.134627e+002,5.348622e+001
5.139448e+002,5.357536e+001
5.144270e+002,5.366457e+001
5.149091e+002,5.375198e+001
5.153912e+002,5.383776e+001
5.158734e+002,5.392346e+001
5.163555e+002,5.401046e+001
5.168376e+002,5.409916e+001
5.173197e+002,5.418883e+001
5.178019e+002,5.427865e+001
5.182840e+002,5.436892e+001
5.187661e+002,5.446172e+001
5.192482e+002,5.456044e+001
5.197303e+002,5.466849e+001
5.202125e+002,5.478764e+001
5.206946e+002,5.491745e+001
5.211767e+002,5.505560e+001
5.216588e+002,5.519919e+001
5.221410e+002,5.534624e+001
5.226231e+002,5.549640e+001
5.231052e+002,5.565062e+001
5.235873e+002,5.581012e+001
5.240695e+002,5.597478e+001
5.245516e+002,5.614245e+001
5.250337e+002,5.630912e+001
5.255159e+002,5.647058e+001
5.259980e+002,5.662404e+001
5.264801e+002,5.676950e+001
5.269622e+002,5.690957e+001
5.274443e+002,5.704824e+001
5.279265e+002,5.718893e+001
5.284086e+002,5.733337e+001
5.288907e+002,5.748135e+001
5.293728e+002,5.763172e+001
5.298550e+002,5.778334e+001
5.303371e+002,5.793597e+001
5.308192e+002,5.809013e+001
5.313013e+002,5.824647e+001
5.317834e+002,5.840473e+001
5.322656e+002,5.856341e+001
5.327477e+002,5.872009e+001
5.332299e+002,5.887256e+001
5.337120e+002,5.901969e+001
5.341941e+002,5.916190e+001
5.346762e+002,5.930039e+001
5.351583e+002,5.943583e+001
5.356404e+002,5.956712e+001
5.361226e+002,5.969094e+001
5.366047e+002,5.980282e+001
5.370868e+002,5.989895e+001
5.375690e+002,5.997819e+001
5.380511e+002,6.004300e+001
5.385332e+002,6.009879e+001
5.390153e+002,6.015202e+001
5.394974e+002,6.020776e+001
5.399796e+002,6.026778e+001
5.404617e+002,6.033025e+001
5.409438e+002,6.039067e+001
5.414260e+002,6.044363e+001
5.419081e+002,6.048457e+001
5.423902e+002,6.051062e+001
5.428723e+002,6.052052e+001
5.433544e+002,6.051377e+001
5.438365e+002,6.049007e+001
5.443187e+002,6.044921e+001
5.448008e+002,6.039177e+001
5.452830e+002,6.031978e+001
5.457651e+002,6.023729e+001
5.462472e+002,6.014987e+001
5.467293e+002,6.006334e+001
5.472114e+002,5.998239e+001
5.476936e+002,5.990949e+001
5.481757e+002,5.984497e+001
5.486578e+002,5.978764e+001
5.491400e+002,5.973591e+001
5.496221e+002,5.968862e+001
5.501042e+002,5.964515e+001
5.505863e+002,5.960513e+001
5.510684e+002,5.956777e+001
5.515505e+002,5.953178e+001
5.520327e+002,5.949569e+001
5.525148e+002,5.945860e+001
5.529969e+002,5.942080e+001
5.534791e+002,5.938369e+001
5.539612e+002,5.934888e+001
5.544433e+002,5.931713e+001
5.549254e+002,5.928720e+001
5.554076e+002,5.925576e+001
5.558896e+002,5.921840e+001
5.563718e+002,5.917138e+001
5.568539e+002,5.911313e+001
5.573361e+002,5.904520e+001
5.578182e+002,5.897162e+001
5.583003e+002,5.889753e+001
5.587825e+002,5.882736e+001
5.592645e+002,5.876361e+001
5.597467e+002,5.870662e+001
5.602288e+002,5.865521e+001
5.607109e+002,5.860766e+001
5.611931e+002,5.856246e+001
5.616752e+002,5.851836e+001
5.621573e+002,5.847392e+001
5.626394e+002,5.842692e+001
5.631216e+002,5.837440e+001
5.636037e+002,5.831340e+001
5.640858e+002,5.824221e+001
5.645679e+002,5.816131e+001
5.650500e+002,5.807377e+001
5.655322e+002,5.798443e+001
5.660143e+002,5.789837e+001
5.664965e+002,5.781928e+001
5.669785e+002,5.774862e+001
5.674607e+002,5.768568e+001
5.679428e+002,5.762869e+001
5.684249e+002,5.757608e+001
5.689070e+002,5.752726e+001
5.693892e+002,5.748248e+001
5.698713e+002,5.744208e+001
5.703534e+002,5.740524e+001
5.708356e+002,5.736964e+001
5.713177e+002,5.733176e+001
5.717998e+002,5.728814e+001
5.722819e+002,5.723648e+001
5.727640e+002,5.717657e+001
5.732462e+002,5.710993e+001
5.737283e+002,5.703901e+001
5.742104e+002,5.696601e+001
5.746925e+002,5.689224e+001
5.751747e+002,5.681813e+001
5.756568e+002,5.674405e+001
5.761389e+002,5.667082e+001
5.766210e+002,5.660006e+001
5.771031e+002,5.653328e+001
5.775853e+002,5.647097e+001
5.780674e+002,5.641131e+001
5.785496e+002,5.635036e+001
5.790317e+002,5.628298e+001
5.795138e+002,5.620498e+001
5.799959e+002,5.611495e+001
5.804780e+002,5.601549e+001
5.809601e+002,5.591258e+001
5.814423e+002,5.581391e+001
5.819244e+002,5.572623e+001
5.824066e+002,5.565345e+001
5.828887e+002,5.559570e+001
5.833708e+002,5.555006e+001
5.838529e+002,5.551197e+001
5.843350e+002,5.547692e+001
5.848171e+002,5.544144e+001
5.852993e+002,5.540350e+001
5.857814e+002,5.536197e+001
5.862635e+002,5.531627e+001
5.867457e+002,5.526590e+001
5.872278e+002,5.521073e+001
5.877099e+002,5.515122e+001
5.881920e+002,5.508868e+001
5.886741e+002,5.502488e+001
5.891563e+002,5.496159e+001
5.896384e+002,5.489972e+001
5.901205e+002,5.483909e+001
5.906027e+002,5.477859e+001
5.910848e+002,5.471714e+001
5.915669e+002,5.465445e+001
5.920490e+002,5.459166e+001
5.925311e+002,5.453098e+001
5.930133e+002,5.447492e+001
5.934954e+002,5.442513e+001
5.939775e+002,5.438181e+001
5.944597e+002,5.434361e+001
5.949418e+002,5.430848e+001
5.954239e+002,5.427438e+001
5.959060e+002,5.424000e+001
5.963882e+002,5.420464e+001
5.968702e+002,5.416793e+001
5.973524e+002,5.412907e+001
5.978345e+002,5.408667e+001
5.983167e+002,5.403902e+001
5.987988e+002,5.398495e+001
5.992809e+002,5.392464e+001
5.997630e+002,5.386004e+001
6.002451e+002,5.379435e+001
6.007273e+002,5.373108e+001
6.012094e+002,5.367270e+001
6.016915e+002,5.361980e+001
6.021736e+002,5.357119e+001
6.026558e+002,5.352452e+001
6.031379e+002,5.347739e+001
6.036200e+002,5.342820e+001
6.041022e+002,5.337642e+001
6.045842e+002,5.332234e+001
6.050664e+002,5.326637e+001
6.055485e+002,5.320869e+001
6.060306e+002,5.314917e+001
6.065128e+002,5.308778e+001
6.069949e+002,5.302504e+001
6.074770e+002,5.296223e+001
6.079591e+002,5.290099e+001
6.084413e+002,5.284272e+001
6.089234e+002,5.278777e+001
6.094055e+002,5.273529e+001
6.098876e+002,5.268355e+001
6.103698e+002,5.263092e+001
6.108519e+002,5.257658e+001
6.113340e+002,5.252107e+001
6.118162e+002,5.246577e+001
6.122983e+002,5.241208e+001
6.127804e+002,5.236018e+001
6.132625e+002,5.230858e+001
6.137446e+002,5.225429e+001
6.142267e+002,5.219387e+001
6.147089e+002,5.212479e+001
6.151910e+002,5.204646e+001
6.156731e+002,5.196056e+001
6.161553e+002,5.187065e+001
6.166374e+002,5.178094e+001
6.171195e+002,5.169538e+001
6.176016e+002,5.161675e+001
6.180837e+002,5.154671e+001
6.185659e+002,5.148593e+001
6.190480e+002,5.143449e+001
6.195302e+002,5.139207e+001
6.200123e+002,5.135776e+001
6.204944e+002,5.132987e+001
6.209765e+002,5.130592e+001
6.214586e+002,5.128297e+001
6.219407e+002,5.125822e+001
6.224229e+002,5.122969e+001
6.229050e+002,5.119647e+001
6.233871e+002,5.115856e+001
6.238693e+002,5.111636e+001
6.243514e+002,5.107009e+001
6.248335e+002,5.101941e+001
6.253156e+002,5.096384e+001
6.257977e+002,5.090334e+001
6.262798e+002,5.083894e+001
6.267620e+002,5.077297e+001
6.272441e+002,5.070857e+001
6.277263e+002,5.064876e+001
6.282084e+002,5.059524e+001
6.286905e+002,5.054785e+001
6.291726e+002,5.050454e+001
6.296547e+002,5.046222e+001
6.301368e+002,5.041778e+001
6.306190e+002,5.036906e+001
6.311011e+002,5.031532e+001
6.315833e+002,5.025695e+001
6.320654e+002,5.019501e+001
6.325475e+002,5.013052e+001
6.330296e+002,5.006422e+001
6.335117e+002,4.999670e+001
6.339939e+002,4.992855e+001
6.344760e+002,4.986068e+001
6.349581e+002,4.979418e+001
6.354402e+002,4.972995e+001
6.359224e+002,4.966820e+001
6.364045e+002,4.960828e+001
6.368866e+002,4.954874e+001
6.373687e+002,4.948795e+001
6.378508e+002,4.942464e+001
6.383330e+002,4.935835e+001
6.388151e+002,4.928942e+001
6.392972e+002,4.921872e+001
6.397794e+002,4.914705e+001
6.402615e+002,4.907497e+001
6.407436e+002,4.900263e+001
6.412257e+002,4.893016e+001
6.417079e+002,4.885779e+001
6.421899e+002,4.878599e+001
6.426721e+002,4.871507e+001
6.431542e+002,4.864491e+001
6.436364e+002,4.857448e+001
6.441185e+002,4.850215e+001
6.446006e+002,4.842603e+001
6.450827e+002,4.834502e+001
6.455648e+002,4.825941e+001
6.460470e+002,4.817111e+001
6.465291e+002,4.808303e+001
6.470112e+002,4.799836e+001
6.474933e+002,4.791931e+001
6.479755e+002,4.784655e+001
6.484576e+002,4.777928e+001
6.489397e+002,4.771585e+001
6.494219e+002,4.765455e+001
6.499040e+002,4.759442e+001
6.503861e+002,4.753519e+001
6.508682e+002,4.747707e+001
6.513503e+002,4.742003e+001
6.518325e+002,4.736355e+001
6.523146e+002,4.730660e+001
6.527968e+002,4.724823e+001
6.532788e+002,4.718798e+001
6.537610e+002,4.712617e+001
6.542431e+002,4.706371e+001
6.547252e+002,4.700153e+001
6.552073e+002,4.693994e+001
6.556895e+002,4.687845e+001
6.561716e+002,4.681608e+001
6.566537e+002,4.675206e+001
6.571359e+002,4.668655e+001
6.576179e+002,4.662103e+001
6.581001e+002,4.655778e+001
6.585822e+002,4.649916e+001
6.590643e+002,4.644645e+001
6.595464e+002,4.639935e+001
6.600286e+002,4.635609e+001
6.605107e+002,4.631427e+001
6.609928e+002,4.627185e+001
6.614750e+002,4.622793e+001
6.619571e+002,4.618265e+001
6.624392e+002,4.613652e+001
6.629213e+002,4.608911e+001
6.634034e+002,4.603796e+001
6.638856e+002,4.597806e+001
6.643677e+002,4.590202e+001
6.648499e+002,4.580050e+001
6.653320e+002,4.566323e+001
6.658141e+002,4.548063e+001
6.662962e+002,4.524691e+001
6.667783e+002,4.496563e+001
6.672605e+002,4.465678e+001
6.677426e+002,4.435987e+001
6.682247e+002,4.412483e+001
6.687068e+002,4.398943e+001
6.691890e+002,4.395995e+001
6.696711e+002,4.401201e+001
6.701532e+002,4.410772e+001
6.706353e+002,4.421197e+001
6.711174e+002,4.429971e+001
6.715996e+002,4.435632e+001
6.720817e+002,4.437578e+001
6.725638e+002,4.435843e+001
6.730460e+002,4.430947e+001
6.735281e+002,4.423703e+001
6.740102e+002,4.415013e+001
6.744923e+002,4.405651e+001
6.749745e+002,4.396119e+001
6.754565e+002,4.386608e+001
6.759387e+002,4.377107e+001
6.764208e+002,4.367522e+001
6.769030e+002,4.357823e+001
6.773851e+002,4.348079e+001
6.778672e+002,4.338443e+001
6.783493e+002,4.329066e+001
6.788314e+002,4.320039e+001
6.793136e+002,4.311353e+001
6.797957e+002,4.302936e+001
6.802778e+002,4.294703e+001
6.807599e+002,4.286598e+001
6.812421e+002,4.278605e+001
6.817242e+002,4.270705e+001
6.822063e+002,4.262838e+001
6.826885e+002,4.254869e+001
6.831705e+002,4.246608e+001
6.836527e+002,4.237867e+001
6.841348e+002,4.228529e+001
6.846169e+002,4.218596e+001
6.850991e+002,4.208194e+001
6.855812e+002,4.197533e+001
6.860634e+002,4.186838e+001
6.865454e+002,4.176305e+001
6.870276e+002,4.166066e+001
6.875096e+002,4.156194e+001
6.879918e+002,4.146725e+001
6.884739e+002,4.137663e+001
6.889561e+002,4.128973e+001
6.894382e+002,4.120570e+001
6.899203e+002,4.112307e+001
6.904025e+002,4.103999e+001
6.908845e+002,4.095465e+001
6.913667e+002,4.086593e+001
6.918488e+002,4.077377e+001
6.923309e+002,4.067910e+001
6.928130e+002,4.058343e+001
6.932952e+002,4.048812e+001
6.937773e+002,4.039362e+001
6.942594e+002,4.029926e+001
6.947416e+002,4.020346e+001
6.952236e+002,4.010445e+001
6.957058e+002,4.000094e+001
6.961879e+002,3.989270e+001
6.966700e+002,3.978055e+001
6.971522e+002,3.966605e+001
6.976343e+002,3.955091e+001
6.981165e+002,3.943663e+001
6.985985e+002,3.932422e+001
6.990807e+002,3.921443e+001
6.995628e+002,3.910779e+001
7.000449e+002,3.900481e+001
7.005270e+002,3.890572e+001
7.010092e+002,3.881034e+001
7.014913e+002,3.871775e+001
7.019734e+002,3.862651e+001
7.024556e+002,3.853494e+001
7.029377e+002,3.844177e+001
7.034198e+002,3.834656e+001
7.039019e+002,3.824989e+001
7.043840e+002,3.815303e+001
7.048662e+002,3.805742e+001
7.053483e+002,3.796399e+001
7.058304e+002,3.787289e+001
7.063125e+002,3.778349e+001
7.067947e+002,3.769488e+001
7.072768e+002,3.760622e+001
7.077589e+002,3.751710e+001
7.082410e+002,3.742751e+001
7.087231e+002,3.733749e+001
7.092053e+002,3.724674e+001
7.096874e+002,3.715453e+001
7.101696e+002,3.705980e+001
7.106517e+002,3.696161e+001
7.111338e+002,3.685974e+001
7.116159e+002,3.675495e+001
7.120980e+002,3.664894e+001
7.125802e+002,3.654398e+001
7.130623e+002,3.644220e+001
7.135444e+002,3.634526e+001
7.140265e+002,3.625385e+001
7.145087e+002,3.616783e+001
7.149908e+002,3.608634e+001
7.154729e+002,3.600802e+001
7.159550e+002,3.593120e+001
7.164371e+002,3.585410e+001
7.169193e+002,3.577508e+001
7.174014e+002,3.569306e+001
7.178835e+002,3.560797e+001
7.183657e+002,3.552120e+001
7.188478e+002,3.543567e+001
7.193299e+002,3.535540e+001
7.198120e+002,3.528452e+001
7.202942e+002,3.522615e+001
7.207762e+002,3.518132e+001
7.212584e+002,3.514868e+001
7.217405e+002,3.512476e+001
7.222227e+002,3.510514e+001
7.227048e+002,3.508553e+001
7.231869e+002,3.506282e+001
7.236691e+002,3.503553e+001
7.241511e+002,3.500372e+001
7.246333e+002,3.496845e+001
7.251154e+002,3.493121e+001
7.255975e+002,3.489342e+001
7.260797e+002,3.485622e+001
7.265618e+002,3.482036e+001
7.270439e+002,3.478632e+001
7.275260e+002,3.475433e+001
7.280082e+002,3.472439e+001
7.284902e+002,3.469634e+001
7.289724e+002,3.466996e+001
7.294545e+002,3.464520e+001
7.299366e+002,3.462246e+001
7.304188e+002,3.460261e+001
7.309009e+002,3.458690e+001
7.313831e+002,3.457655e+001
7.318651e+002,3.457238e+001
7.323473e+002,3.457443e+001
7.328293e+002,3.458197e+001
7.333115e+002,3.459377e+001
7.337936e+002,3.460871e+001
7.342758e+002,3.462606e+001
7.347579e+002,3.464577e+001
7.352400e+002,3.466815e+001
7.357222e+002,3.469356e+001
7.362042e+002,3.472193e+001
7.366864e+002,3.475264e+001
7.371685e+002,3.478474e+001
7.376506e+002,3.481747e+001
7.381328e+002,3.485066e+001
7.386149e+002,3.488502e+001
7.390970e+002,3.492183e+001
7.395791e+002,3.496252e+001
7.400613e+002,3.500793e+001
7.405434e+002,3.505796e+001
7.410255e+002,3.511164e+001
7.415076e+002,3.516753e+001
7.419897e+002,3.522433e+001
7.424719e+002,3.528143e+001
7.429540e+002,3.533903e+001
7.434362e+002,3.539789e+001
7.439182e+002,3.545889e+001
7.444004e+002,3.552256e+001
7.448825e+002,3.558885e+001
7.453646e+002,3.565726e+001
7.458467e+002,3.572716e+001
7.463289e+002,3.579805e+001
7.468110e+002,3.586977e+001
7.472931e+002,3.594252e+001
7.477753e+002,3.601655e+001
7.482574e+002,3.609212e+001
7.487395e+002,3.616942e+001
7.492216e+002,3.624864e+001
7.497037e+002,3.633007e+001
7.501859e+002,3.641413e+001
7.506680e+002,3.650117e+001
7.511501e+002,3.659130e+001
7.516322e+002,3.668409e+001
7.521144e+002,3.677863e+001
7.525965e+002,3.687381e+001
7.530786e+002,3.696867e+001
7.535608e+002,3.706286e+001
7.540428e+002,3.715675e+001
7.545250e+002,3.725115e+001
7.550071e+002,3.734697e+001
7.554893e+002,3.744469e+001
7.559714e+002,3.754413e+001
7.564535e+002,3.764458e+001
7.569356e+002,3.774526e+001
7.574177e+002,3.784571e+001
7.578999e+002,3.794612e+001
7.583820e+002,3.804716e+001
7.588641e+002,3.814962e+001
7.593463e+002,3.825393e+001
7.598284e+002,3.835987e+001
7.603105e+002,3.846657e+001
7.607926e+002,3.857303e+001
7.612748e+002,3.867846e+001
7.617568e+002,3.878268e+001
7.622390e+002,3.888610e+001
7.627211e+002,3.898933e+001
7.632032e+002,3.909272e+001
7.636854e+002,3.919616e+001
7.641675e+002,3.929897e+001
7.646496e+002,3.940033e+001
7.651317e+002,3.949971e+001
7.656139e+002,3.959710e+001
7.660959e+002,3.969301e+001
7.665781e+002,3.978807e+001
7.670602e+002,3.988259e+001
7.675424e+002,3.997640e+001
7.680245e+002,4.006878e+001
7.685066e+002,4.015911e+001
7.689888e+002,4.024722e+001
7.694708e+002,4.033374e+001
7.699530e+002,4.041997e+001
7.704351e+002,4.050734e+001
7.709172e+002,4.059669e+001
7.713994e+002,4.068786e+001
7.718815e+002,4.077960e+001
7.723636e+002,4.087009e+001
7.728457e+002,4.095767e+001
7.733279e+002,4.104152e+001
7.738099e+002,4.112189e+001
7.742921e+002,4.119991e+001
7.747742e+002,4.127700e+001
7.752563e+002,4.135424e+001
7.757385e+002,4.143200e+001
7.762206e+002,4.150992e+001
7.767028e+002,4.158717e+001
7.771848e+002,4.166287e+001
7.776670e+002,4.173630e+001
7.781491e+002,4.180698e+001
7.786312e+002,4.187454e+001
7.791133e+002,4.193869e+001
7.795955e+002,4.199920e+001
7.800776e+002,4.205612e+001
7.805597e+002,4.211005e+001
7.810419e+002,4.216215e+001
7.815239e+002,4.221398e+001
7.820061e+002,4.226708e+001
7.824882e+002,4.232243e+001
7.829703e+002,4.238013e+001
7.834525e+002,4.243938e+001
7.839346e+002,4.249879e+001
7.844167e+002,4.255688e+001
7.848988e+002,4.261241e+001
7.853810e+002,4.266464e+001
7.858631e+002,4.271329e+001
7.863452e+002,4.275832e+001
7.868273e+002,4.279985e+001
7.873094e+002,4.283812e+001
7.877916e+002,4.287377e+001
7.882737e+002,4.290776e+001
7.887559e+002,4.294139e+001
7.892380e+002,4.297578e+001
7.897201e+002,4.301146e+001
7.902022e+002,4.304782e+001
7.906843e+002,4.308324e+001
7.911665e+002,4.311535e+001
7.916486e+002,4.314194e+001
7.921307e+002,4.316158e+001
7.926128e+002,4.317414e+001
7.930950e+002,4.318064e+001
7.935771e+002,4.318273e+001
7.940592e+002,4.318197e+001
7.945413e+002,4.317939e+001
7.950234e+002,4.317546e+001
7.955056e+002,4.317044e+001
7.959877e+002,4.316486e+001
7.964698e+002,4.315979e+001
7.969520e+002,4.315668e+001
7.974341e+002,4.315681e+001
7.979162e+002,4.316060e+001
7.983983e+002,4.316722e+001
7.988805e+002,4.317456e+001
7.993625e+002,4.318003e+001
7.998447e+002,4.318119e+001
8.003268e+002,4.317657e+001
8.008090e+002,4.316585e+001
8.012911e+002,4.314974e+001
8.017732e+002,4.312931e+001
8.022553e+002,4.310555e+001
8.027374e+002,4.307910e+001
8.032196e+002,4.305032e+001
8.037017e+002,4.301959e+001
8.041838e+002,4.298761e+001
8.046660e+002,4.295528e+001
8.051481e+002,4.292345e+001
8.056302e+002,4.289244e+001
8.061123e+002,4.286182e+001
8.065945e+002,4.283039e+001
8.070765e+002,4.279671e+001
8.075587e+002,4.275964e+001
8.080408e+002,4.271877e+001
8.085229e+002,4.267453e+001
8.090051e+002,4.262791e+001
8.094872e+002,4.258000e+001
8.099694e+002,4.253151e+001
8.104514e+002,4.248268e+001
8.109336e+002,4.243347e+001
8.114156e+002,4.238378e+001
8.118978e+002,4.233379e+001
8.123799e+002,4.228383e+001
8.128621e+002,4.223415e+001
8.133442e+002,4.218455e+001
8.138263e+002,4.213412e+001
8.143085e+002,4.208149e+001
8.147905e+002,4.202517e+001
8.152727e+002,4.196414e+001
8.157548e+002,4.189823e+001
8.162369e+002,4.182811e+001
8.167191e+002,4.175499e+001
8.172012e+002,4.168015e+001
8.176833e+002,4.160458e+001
8.181654e+002,4.152882e+001
8.186476e+002,4.145322e+001
8.191296e+002,4.137814e+001
8.196118e+002,4.130413e+001
8.200939e+002,4.123180e+001
8.205760e+002,4.116146e+001
8.210582e+002,4.109276e+001
8.215403e+002,4.102456e+001
8.220225e+002,4.095517e+001
8.225045e+002,4.088302e+001
8.229867e+002,4.080717e+001
8.234688e+002,4.072785e+001
8.239509e+002,4.064633e+001
8.244330e+002,4.056446e+001
8.249152e+002,4.048396e+001
8.253973e+002,4.040583e+001
8.258794e+002,4.033018e+001
8.263616e+002,4.025634e+001
8.268437e+002,4.018338e+001
8.273258e+002,4.011049e+001
8.278079e+002,4.003720e+001
8.282900e+002,3.996334e+001
8.287722e+002,3.988884e+001
8.292543e+002,3.981355e+001
8.297365e+002,3.973717e+001
8.302185e+002,3.965961e+001
8.307007e+002,3.958106e+001
8.311828e+002,3.950215e+001
8.316649e+002,3.942365e+001
8.321470e+002,3.934616e+001
8.326292e+002,3.926973e+001
8.331113e+002,3.919361e+001
8.335934e+002,3.911655e+001
8.340756e+002,3.903736e+001
8.345577e+002,3.895546e+001
8.350398e+002,3.887125e+001
8.355219e+002,3.878606e+001
8.360040e+002,3.870176e+001
8.364862e+002,3.861993e+001
8.369683e+002,3.854153e+001
8.374504e+002,3.846653e+001
8.379325e+002,3.839431e+001
8.384147e+002,3.832392e+001
8.388968e+002,3.825466e+001
8.393789e+002,3.818611e+001
8.398610e+002,3.811809e+001
8.403431e+002,3.805032e+001
8.408253e+002,3.798227e+001
8.413074e+002,3.791307e+001
8.417896e+002,3.784194e+001
8.422717e+002,3.776847e+001
8.427538e+002,3.769299e+001
8.432359e+002,3.761648e+001
8.437180e+002,3.754031e+001
8.442002e+002,3.746572e+001
8.446823e+002,3.739340e+001
8.451644e+002,3.732338e+001
8.456465e+002,3.725512e+001
8.461287e+002,3.718791e+001
8.466108e+002,3.712109e+001
8.470929e+002,3.705422e+001
8.475751e+002,3.698700e+001
8.480571e+002,3.691909e+001
8.485393e+002,3.685000e+001
8.490214e+002,3.677922e+001
8.495035e+002,3.670653e+001
8.499857e+002,3.663220e+001
8.504678e+002,3.655721e+001
8.509499e+002,3.648294e+001
8.514320e+002,3.641079e+001
8.519142e+002,3.634163e+001
8.523962e+002,3.627544e+001
8.528784e+002,3.621143e+001
8.533605e+002,3.614837e+001
8.538427e+002,3.608517e+001
8.543248e+002,3.602143e+001
8.548069e+002,3.595738e+001
8.552891e+002,3.589383e+001
8.557711e+002,3.583162e+001
8.562533e+002,3.577122e+001
8.567354e+002,3.571262e+001
8.572175e+002,3.565535e+001
8.576996e+002,3.559889e+001
8.581818e+002,3.554300e+001
8.586639e+002,3.548771e+001
8.591460e+002,3.543328e+001
8.596282e+002,3.537987e+001
8.601102e+002,3.532723e+001
8.605924e+002,3.527478e+001
8.610745e+002,3.522177e+001
8.615566e+002,3.516765e+001
8.620388e+002,3.511238e+001
8.625209e+002,3.505642e+001
8.630031e+002,3.500063e+001
8.634851e+002,3.494572e+001
8.639673e+002,3.489205e+001
8.644494e+002,3.483934e+001
8.649315e+002,3.478696e+001
8.654136e+002,3.473413e+001
8.658958e+002,3.468039e+001
8.663779e+002,3.462569e+001
8.668600e+002,3.457038e+001
8.673422e+002,3.451499e+001
8.678242e+002,3.446002e+001
8.683064e+002,3.440577e+001
8.687885e+002,3.435239e+001
8.692706e+002,3.430005e+001
8.697527e+002,3.424901e+001
8.702349e+002,3.419961e+001
8.707170e+002,3.415216e+001
8.711991e+002,3.410662e+001
8.716813e+002,3.406252e+001
8.721634e+002,3.401894e+001
8.726455e+002,3.397482e+001
8.731276e+002,3.392914e+001
8.736097e+002,3.388136e+001
8.740919e+002,3.383138e+001
8.745740e+002,3.377956e+001
8.750562e+002,3.372647e+001
8.755382e+002,3.367269e+001
8.760204e+002,3.361880e+001
8.765025e+002,3.356542e+001
8.769846e+002,3.351324e+001
8.774668e+002,3.346305e+001
8.779489e+002,3.341560e+001
8.784310e+002,3.337127e+001
8.789131e+002,3.332990e+001
8.793953e+002,3.329068e+001
8.798774e+002,3.325226e+001
8.803595e+002,3.321322e+001
8.808416e+002,3.317237e+001
8.813237e+002,3.312906e+001
8.818059e+002,3.308320e+001
8.822880e+002,3.303504e+001
8.827701e+002,3.298489e+001
8.832523e+002,3.293294e+001
8.837344e+002,3.287923e+001
8.842165e+002,3.282396e+001
8.846986e+002,3.276769e+001
8.851808e+002,3.271148e+001
8.856628e+002,3.265677e+001
8.861450e+002,3.260509e+001
8.866271e+002,3.255754e+001
8.871093e+002,3.251451e+001
8.875914e+002,3.247568e+001
8.880735e+002,3.244018e+001
8.885556e+002,3.240699e+001
8.890377e+002,3.237530e+001
8.895199e+002,3.234447e+001
8.900020e+002,3.231412e+001
8.904841e+002,3.228364e+001
8.909662e+002,3.225220e+001
8.914484e+002,3.221863e+001
8.919305e+002,3.218173e+001
8.924126e+002,3.214066e+001
8.928948e+002,3.209528e+001
8.933768e+002,3.204617e+001
8.938590e+002,3.199460e+001
8.943411e+002,3.194200e+001
8.948232e+002,3.188964e+001
8.953054e+002,3.183838e+001
8.957875e+002,3.178860e+001
8.962697e+002,3.174035e+001
8.967517e+002,3.169351e+001
8.972339e+002,3.164799e+001
8.977159e+002,3.160372e+001
8.981981e+002,3.156059e+001
8.986802e+002,3.151839e+001
8.991624e+002,3.147686e+001
8.996445e+002,3.143578e+001
9.001266e+002,3.139514e+001
9.006088e+002,3.135517e+001
9.010908e+002,3.131628e+001
9.015730e+002,3.127891e+001
9.020551e+002,3.124318e+001
9.025372e+002,3.120885e+001
9.030193e+002,3.117528e+001
9.035015e+002,3.114164e+001
9.039836e+002,3.110715e+001
9.044657e+002,3.107135e+001
9.049479e+002,3.103410e+001
9.054299e+002,3.099559e+001
9.059121e+002,3.095609e+001
9.063942e+002,3.091592e+001
9.068763e+002,3.087533e+001
9.073585e+002,3.083461e+001
9.078406e+002,3.079407e+001
9.083228e+002,3.075409e+001
9.088048e+002,3.071496e+001
9.092870e+002,3.067677e+001
9.097691e+002,3.063920e+001
9.102512e+002,3.060167e+001
9.107333e+002,3.056352e+001
9.112155e+002,3.052442e+001
9.116976e+002,3.048458e+001
9.121797e+002,3.044485e+001
9.126619e+002,3.040649e+001
9.131440e+002,3.037069e+001
9.136261e+002,3.033806e+001
9.141082e+002,3.030842e+001
9.145903e+002,3.028075e+001
9.150724e+002,3.025362e+001
9.155546e+002,3.022563e+001
9.160367e+002,3.019586e+001
9.165189e+002,3.016403e+001
9.170010e+002,3.013037e+001
9.174831e+002,3.009535e+001
9.179652e+002,3.005930e+001
9.184473e+002,3.002229e+001
9.189294e+002,2.998416e+001
9.194116e+002,2.994471e+001
9.198937e+002,2.990396e+001
9.203759e+002,2.986222e+001
9.208580e+002,2.982008e+001
9.213401e+002,2.977821e+001
9.218222e+002,2.973726e+001
9.223043e+002,2.969769e+001
9.227864e+002,2.965989e+001
9.232686e+002,2.962412e+001
9.237507e+002,2.959065e+001
9.242328e+002,2.955954e+001
9.247150e+002,2.953059e+001
9.251971e+002,2.950313e+001
9.256792e+002,2.947613e+001
9.261613e+002,2.944833e+001
9.266434e+002,2.941864e+001
9.271255e+002,2.938648e+001
9.276077e+002,2.935196e+001
9.280898e+002,2.931581e+001
9.285720e+002,2.927907e+001
9.290541e+002,2.924274e+001
9.295362e+002,2.920743e+001
9.300183e+002,2.917328e+001
9.305004e+002,2.914013e+001
9.309826e+002,2.910776e+001
9.314647e+002,2.907611e+001
9.319468e+002,2.904530e+001
9.324290e+002,2.901557e+001
9.329111e+002,2.898697e+001
9.333932e+002,2.895930e+001
9.338753e+002,2.893203e+001
9.343574e+002,2.890457e+001
9.348396e+002,2.887650e+001
9.353217e+002,2.884783e+001
9.358038e+002,2.881891e+001
9.362859e+002,2.879036e+001
9.367681e+002,2.876258e+001
9.372502e+002,2.873561e+001
9.377323e+002,2.870897e+001
9.382144e+002,2.868186e+001
9.386966e+002,2.865344e+001
9.391787e+002,2.862314e+001
9.396608e+002,2.859084e+001
9.401429e+002,2.855687e+001
9.406251e+002,2.852173e+001
9.411072e+002,2.848597e+001
9.415893e+002,2.844994e+001
9.420714e+002,2.841386e+001
9.425536e+002,2.837786e+001
9.430357e+002,2.834205e+001
9.435178e+002,2.830659e+001
9.439999e+002,2.827157e+001
9.444821e+002,2.823696e+001
9.449642e+002,2.820245e+001
9.454463e+002,2.816756e+001
9.459284e+002,2.813186e+001
9.464106e+002,2.809514e+001
9.468927e+002,2.805763e+001
9.473748e+002,2.801998e+001
9.478569e+002,2.798313e+001
9.483391e+002,2.794802e+001
9.488212e+002,2.791530e+001
9.493033e+002,2.788523e+001
9.497855e+002,2.785767e+001
9.502676e+002,2.783216e+001
9.507497e+002,2.780808e+001
9.512318e+002,2.778473e+001
9.517139e+002,2.776132e+001
9.521960e+002,2.773698e+001
9.526782e+002,2.771074e+001
9.531603e+002,2.768174e+001
9.536425e+002,2.764934e+001
9.541246e+002,2.761345e+001
9.546067e+002,2.757455e+001
9.550888e+002,2.753366e+001
9.555709e+002,2.749214e+001
9.560530e+002,2.745135e+001
9.565352e+002,2.741242e+001
9.570173e+002,2.737606e+001
9.574995e+002,2.734261e+001
9.579816e+002,2.731207e+001
9.584637e+002,2.728429e+001
9.589458e+002,2.725888e+001
9.594279e+002,2.723530e+001
9.599100e+002,2.721274e+001
9.603922e+002,2.719015e+001
9.608743e+002,2.716640e+001
9.613564e+002,2.714042e+001
9.618386e+002,2.711147e+001
9.623207e+002,2.707925e+001
9.628028e+002,2.704387e+001
9.632849e+002,2.700577e+001
9.637670e+002,2.696553e+001
9.642491e+002,2.692380e+001
9.647313e+002,2.688127e+001
9.652134e+002,2.683876e+001
9.656956e+002,2.679730e+001
9.661777e+002,2.675797e+001
9.666598e+002,2.672176e+001
9.671419e+002,2.668925e+001
9.676240e+002,2.666029e+001
9.681061e+002,2.663403e+001
9.685883e+002,2.660899e+001
9.690704e+002,2.658352e+001
9.695526e+002,2.655620e+001
9.700347e+002,2.652623e+001
9.705168e+002,2.649347e+001
9.709989e+002,2.645835e+001
9.714810e+002,2.642155e+001
9.719631e+002,2.638373e+001
9.724453e+002,2.634534e+001
9.729274e+002,2.630663e+001
9.734095e+002,2.626776e+001
9.738917e+002,2.622892e+001
9.743738e+002,2.619036e+001
9.748559e+002,2.615238e+001
9.753380e+002,2.611511e+001
9.758201e+002,2.607856e+001
9.763023e+002,2.604251e+001
9.767844e+002,2.600673e+001
9.772665e+002,2.597102e+001
9.777487e+002,2.593528e+001
9.782308e+002,2.589950e+001
9.787129e+002,2.586357e+001
9.791950e+002,2.582712e+001
9.796771e+002,2.578951e+001
9.801593e+002,2.574990e+001
9.806414e+002,2.570761e+001
9.811235e+002,2.566229e+001
9.816057e+002,2.561418e+001
9.820878e+002,2.556408e+001
9.825699e+002,2.551312e+001
9.830520e+002,2.546249e+001
9.835342e+002,2.541305e+001
9.840163e+002,2.536529e+001
9.844984e+002,2.531926e+001
9.849805e+002,2.527471e+001
9.854626e+002,2.523125e+001
9.859448e+002,2.518843e+001
9.864269e+002,2.514581e+001
9.869090e+002,2.510289e+001
9.873912e+002,2.505928e+001
9.878733e+002,2.501468e+001
9.883554e+002,2.496914e+001
9.888375e+002,2.492306e+001
9.893196e+002,2.487718e+001
9.898018e+002,2.483239e+001
9.902839e+002,2.478934e+001
9.907660e+002,2.474824e+001
9.912482e+002,2.470867e+001
9.917303e+002,2.466970e+001
9.922124e+002,2.463022e+001
9.926945e+002,2.458929e+001
9.931766e+002,2.454638e+001
9.936588e+002,2.450149e+001
9.941409e+002,2.445494e+001
9.946230e+002,2.440712e+001
9.951052e+002,2.435829e+001
9.955873e+002,2.430847e+001
9.960694e+002,2.425759e+001
9.965515e+002,2.420561e+001
9.970336e+002,2.415280e+001
9.975157e+002,2.409965e+001
9.979979e+002,2.404683e+001
9.984800e+002,2.399489e+001
9.989622e+002,2.394411e+001
9.994443e+002,2.389441e+001
9.999264e+002,2.384544e+001
1.000409e+003,2.379678e+001
1.000891e+003,2.374815e+001
1.001373e+003,2.369944e+001
1.001855e+003,2.365073e+001
1.002337e+003,2.360209e+001
1.002819e+003,2.355343e+001
1.003301e+003,2.350448e+001
1.003783e+003,2.345484e+001
1.004266e+003,2.340411e+001
1.004748e+003,2.335204e+001
1.005230e+003,2.329859e+001
1.005712e+003,2.324390e+001
1.006194e+003,2.318823e+001
1.006676e+003,2.313189e+001
1.007158e+003,2.307517e+001
1.007640e+003,2.301849e+001
1.008122e+003,2.296237e+001
1.008605e+003,2.290745e+001
1.009087e+003,2.285431e+001
1.009569e+003,2.280332e+001
1.010051e+003,2.275438e+001
1.010533e+003,2.270687e+001
1.011015e+003,2.265972e+001
1.011497e+003,2.261180e+001
1.011979e+003,2.256212e+001
1.012462e+003,2.251025e+001
1.012944e+003,2.245629e+001
1.013426e+003,2.240086e+001
1.013908e+003,2.234476e+001
1.014390e+003,2.228870e+001
1.014872e+003,2.223309e+001
1.015354e+003,2.217802e+001
1.015836e+003,2.212331e+001
1.016319e+003,2.206867e+001
1.016801e+003,2.201378e+001
1.017283e+003,2.195840e+001
1.017765e+003,2.190232e+001
1.018247e+003,2.184541e+001
1.018729e+003,2.178758e+001
1.019211e+003,2.172896e+001
1.019693e+003,2.166987e+001
1.020176e+003,2.161086e+001
1.020658e+003,2.155258e+001
1.021140e+003,2.149565e+001
1.021622e+003,2.144047e+001
1.022104e+003,2.138710e+001
1.022586e+003,2.133538e+001
1.023068e+003,2.128500e+001
1.023550e+003,2.123570e+001
1.024033e+003,2.118737e+001
1.024515e+003,2.114002e+001
1.024997e+003,2.109362e+001
1.025479e+003,2.104794e+001
1.025961e+003,2.100246e+001
1.026443e+003,2.095643e+001
1.026925e+003,2.090907e+001
1.027407e+003,2.085983e+001
1.027890e+003,2.080857e+001
1.028372e+003,2.075561e+001
1.028854e+003,2.070152e+001
1.029336e+003,2.064696e+001
1.029818e+003,2.059236e+001
1.030300e+003,2.053781e+001
1.030782e+003,2.048316e+001
1.031264e+003,2.042817e+001
1.031747e+003,2.037272e+001
1.032229e+003,2.031696e+001
1.032711e+003,2.026134e+001
1.033193e+003,2.020650e+001
1.033675e+003,2.015306e+001
1.034157e+003,2.010154e+001
1.034639e+003,2.005220e+001
1.035121e+003,2.000508e+001
1.035604e+003,1.995999e+001
1.036086e+003,1.991654e+001
1.036568e+003,1.987424e+001
1.037050e+003,1.983245e+001
1.037532e+003,1.979053e+001
1.038014e+003,1.974785e+001
1.038496e+003,1.970395e+001
1.038979e+003,1.965860e+001
1.039461e+003,1.961177e+001
1.039943e+003,1.956362e+001
1.040425e+003,1.951432e+001
1.040907e+003,1.946397e+001
1.041389e+003,1.941256e+001
1.041871e+003,1.936003e+001
1.042353e+003,1.930642e+001
1.042835e+003,1.925197e+001
1.043318e+003,1.919718e+001
1.043800e+003,1.914267e+001
1.044282e+003,1.908913e+001
1.044764e+003,1.903705e+001
1.045246e+003,1.898666e+001
1.045728e+003,1.893793e+001
1.046210e+003,1.889068e+001
1.046692e+003,1.884471e+001
1.047175e+003,1.879989e+001
1.047657e+003,1.875612e+001
1.048139e+003,1.871331e+001
1.048621e+003,1.867126e+001
1.049103e+003,1.862958e+001
1.049585e+003,1.858780e+001
1.050067e+003,1.854550e+001
1.050549e+003,1.850242e+001
1.051031e+003,1.845859e+001
1.051514e+003,1.841430e+001
1.051996e+003,1.836993e+001
1.052478e+003,1.832586e+001
1.052960e+003,1.828230e+001
1.053442e+003,1.823929e+001
1.053924e+003,1.819680e+001
1.054406e+003,1.815483e+001
1.054889e+003,1.811340e+001
1.055371e+003,1.807259e+001
1.055853e+003,1.803239e+001
1.056335e+003,1.799263e+001
1.056817e+003,1.795287e+001
1.057299e+003,1.791248e+001
1.057781e+003,1.787086e+001
1.058263e+003,1.782752e+001
1.058746e+003,1.778230e+001
1.059228e+003,1.773534e+001
1.059710e+003,1.768699e+001
1.060192e+003,1.763773e+001
1.060674e+003,1.758802e+001
1.061156e+003,1.753835e+001
1.061638e+003,1.748927e+001
1.062120e+003,1.744140e+001
1.062603e+003,1.739547e+001
1.063085e+003,1.735218e+001
1.063567e+003,1.731201e+001
1.064049e+003,1.727504e+001
1.064531e+003,1.724086e+001
1.065013e+003,1.720863e+001
1.065495e+003,1.717735e+001
1.065977e+003,1.714606e+001
1.066460e+003,1.711411e+001
1.066942e+003,1.708124e+001
1.067424e+003,1.704753e+001
1.067906e+003,1.701325e+001
1.068388e+003,1.697871e+001
1.068870e+003,1.694418e+001
1.069352e+003,1.690986e+001
1.069834e+003,1.687593e+001
1.070317e+003,1.684256e+001
1.070799e+003,1.680989e+001
1.071281e+003,1.677800e+001
1.071763e+003,1.674676e+001
1.072245e+003,1.671587e+001
1.072727e+003,1.668490e+001
1.073209e+003,1.665347e+001
1.073691e+003,1.662130e+001
1.074174e+003,1.658837e+001
1.074656e+003,1.655482e+001
1.075138e+003,1.652085e+001
1.075620e+003,1.648661e+001
1.076102e+003,1.645210e+001
1.076584e+003,1.641726e+001
1.077066e+003,1.638214e+001
1.077548e+003,1.634701e+001
1.078031e+003,1.631247e+001
1.078513e+003,1.627931e+001
1.078995e+003,1.624829e+001
1.079477e+003,1.621987e+001
1.079959e+003,1.619397e+001
1.080441e+003,1.616995e+001
1.080923e+003,1.614672e+001
1.081406e+003,1.612307e+001
1.081888e+003,1.609794e+001
1.082370e+003,1.607066e+001
1.082852e+003,1.604102e+001
1.083334e+003,1.600926e+001
1.083816e+003,1.597587e+001
1.084298e+003,1.594151e+001
1.084780e+003,1.590695e+001
1.085262e+003,1.587295e+001
1.085745e+003,1.584030e+001
1.086227e+003,1.580965e+001
1.086709e+003,1.578146e+001
1.087191e+003,1.575585e+001
1.087673e+003,1.573257e+001
1.088155e+003,1.571100e+001
1.088637e+003,1.569037e+001
1.089119e+003,1.566987e+001
1.089602e+003,1.564886e+001
1.090084e+003,1.562697e+001
1.090566e+003,1.560408e+001
1.091048e+003,1.558020e+001
1.091530e+003,1.555544e+001
1.092012e+003,1.552983e+001
1.092494e+003,1.550342e+001
1.092976e+003,1.547629e+001
1.093458e+003,1.544857e+001
1.093941e+003,1.542047e+001
1.094423e+003,1.539226e+001
1.094905e+003,1.536417e+001
1.095387e+003,1.533637e+001
1.095869e+003,1.530898e+001
1.096351e+003,1.528208e+001
1.096833e+003,1.525575e+001
1.097316e+003,1.523016e+001
1.097798e+003,1.520545e+001
1.098280e+003,1.518173e+001
1.098762e+003,1.515897e+001
1.099244e+003,1.513699e+001
1.099726e+003,1.511548e+001
1.100208e+003,1.509411e+001
1.100690e+003,1.507262e+001
1.101173e+003,1.505087e+001
1.101655e+003,1.502886e+001
1.102137e+003,1.500659e+001
1.102619e+003,1.498405e+001
1.103101e+003,1.496112e+001
1.103583e+003,1.493760e+001
1.104065e+003,1.491333e+001
1.104547e+003,1.488824e+001
1.105030e+003,1.486246e+001
1.105512e+003,1.483625e+001
1.105994e+003,1.480995e+001
1.106476e+003,1.478385e+001
1.106958e+003,1.475812e+001
1.107440e+003,1.473286e+001
1.107922e+003,1.470814e+001
1.108404e+003,1.468413e+001
1.108886e+003,1.466110e+001
1.109369e+003,1.463936e+001
1.109851e+003,1.461916e+001
1.110333e+003,1.460050e+001
1.110815e+003,1.458310e+001
1.111297e+003,1.456635e+001
1.111779e+003,1.454947e+001
1.112261e+003,1.453172e+001
1.112744e+003,1.451250e+001
1.113226e+003,1.449147e+001
1.113708e+003,1.446853e+001
1.114190e+003,1.444376e+001
1.114672e+003,1.441731e+001
1.115154e+003,1.438945e+001
1.115636e+003,1.436049e+001
1.116118e+003,1.433090e+001
1.116601e+003,1.430124e+001
1.117083e+003,1.427211e+001
1.117565e+003,1.424402e+001
1.118047e+003,1.421728e+001
1.118529e+003,1.419191e+001
1.119011e+003,1.416768e+001
1.119493e+003,1.414425e+001
1.119975e+003,1.412130e+001
1.120458e+003,1.409869e+001
1.120940e+003,1.407643e+001
1.121422e+003,1.405460e+001
1.121904e+003,1.403326e+001
1.122386e+003,1.401231e+001
1.122868e+003,1.399148e+001
1.123350e+003,1.397042e+001
1.123832e+003,1.394882e+001
1.124314e+003,1.392653e+001
1.124797e+003,1.390363e+001
1.125279e+003,1.388033e+001
1.125761e+003,1.385689e+001
1.126243e+003,1.383348e+001
1.126725e+003,1.381009e+001
1.127207e+003,1.378660e+001
1.127689e+003,1.376278e+001
1.128172e+003,1.373845e+001
1.128654e+003,1.371352e+001
1.129136e+003,1.368797e+001
1.129618e+003,1.366184e+001
1.130100e+003,1.363519e+001
1.130582e+003,1.360806e+001
1.131064e+003,1.358054e+001
1.131546e+003,1.355281e+001
1.132029e+003,1.352515e+001
1.132511e+003,1.349790e+001
1.132993e+003,1.347139e+001
1.133475e+003,1.344579e+001
1.133957e+003,1.342106e+001
1.134439e+003,1.339693e+001
1.134921e+003,1.337302e+001
1.135403e+003,1.334895e+001
1.135885e+003,1.332449e+001
1.136368e+003,1.329968e+001
1.136850e+003,1.327476e+001
1.137332e+003,1.325011e+001
1.137814e+003,1.322609e+001
1.138296e+003,1.320297e+001
1.138778e+003,1.318084e+001
1.139260e+003,1.315967e+001
1.139742e+003,1.313929e+001
1.140225e+003,1.311948e+001
1.140707e+003,1.309999e+001
1.141189e+003,1.308051e+001
1.141671e+003,1.306077e+001
1.142153e+003,1.304051e+001
1.142635e+003,1.301962e+001
1.143117e+003,1.299816e+001
1.143599e+003,1.297638e+001
1.144082e+003,1.295471e+001
1.144564e+003,1.293361e+001
1.145046e+003,1.291341e+001
1.145528e+003,1.289419e+001
1.146010e+003,1.287576e+001
1.146492e+003,1.285770e+001
1.146974e+003,1.283947e+001
1.147457e+003,1.282057e+001
1.147939e+003,1.280067e+001
1.148421e+003,1.277960e+001
1.148903e+003,1.275738e+001
1.149385e+003,1.273412e+001
1.149867e+003,1.270997e+001
1.150349e+003,1.268509e+001
1.150831e+003,1.265966e+001
1.151313e+003,1.263392e+001
1.151796e+003,1.260815e+001
1.152278e+003,1.258268e+001
1.152760e+003,1.255783e+001
1.153242e+003,1.253383e+001
1.153724e+003,1.251077e+001
1.154206e+003,1.248859e+001
1.154688e+003,1.246710e+001
1.155170e+003,1.244601e+001
1.155653e+003,1.242500e+001
1.156135e+003,1.240377e+001
1.156617e+003,1.238202e+001
1.157099e+003,1.235953e+001
1.157581e+003,1.233617e+001
1.158063e+003,1.231191e+001
1.158545e+003,1.228682e+001
1.159027e+003,1.226110e+001
1.159510e+003,1.223505e+001
1.159992e+003,1.220902e+001
1.160474e+003,1.218335e+001
1.160956e+003,1.215837e+001
1.161438e+003,1.213438e+001
1.161920e+003,1.211163e+001
1.162402e+003,1.209033e+001
1.162885e+003,1.207057e+001
1.163367e+003,1.205233e+001
1.163849e+003,1.203539e+001
1.164331e+003,1.201934e+001
1.164813e+003,1.200360e+001
1.165295e+003,1.198757e+001
1.165777e+003,1.197074e+001
1.166259e+003,1.195284e+001
1.166741e+003,1.193390e+001
1.167224e+003,1.191421e+001
1.167706e+003,1.189419e+001
1.168188e+003,1.187420e+001
1.168670e+003,1.185444e+001
1.169152e+003,1.183482e+001
1.169634e+003,1.181501e+001
1.170116e+003,1.179456e+001
1.170598e+003,1.177303e+001
1.171081e+003,1.175018e+001
1.171563e+003,1.172602e+001
1.172045e+003,1.170083e+001
1.172527e+003,1.167511e+001
1.173009e+003,1.164946e+001
1.173491e+003,1.162446e+001
1.173973e+003,1.160059e+001
1.174455e+003,1.157807e+001
1.174938e+003,1.155687e+001
1.175420e+003,1.153673e+001
1.175902e+003,1.151717e+001
1.176384e+003,1.149766e+001
1.176866e+003,1.147774e+001
1.177348e+003,1.145715e+001
1.177830e+003,1.143590e+001
1.178313e+003,1.141428e+001
1.178795e+003,1.139272e+001
1.179277e+003,1.137171e+001
1.179759e+003,1.135158e+001
1.180241e+003,1.133246e+001
1.180723e+003,1.131424e+001
1.181205e+003,1.129661e+001
1.181687e+003,1.127917e+001
1.182169e+003,1.126159e+001
1.182652e+003,1.124359e+001
1.183134e+003,1.122507e+001
1.183616e+003,1.120601e+001
1.184098e+003,1.118648e+001
1.184580e+003,1.116661e+001
1.185062e+003,1.114658e+001
1.185544e+003,1.112660e+001
1.186026e+003,1.110684e+001
1.186509e+003,1.108745e+001
1.186991e+003,1.106845e+001
1.187473e+003,1.104973e+001
1.187955e+003,1.103107e+001
1.188437e+003,1.101217e+001
1.188919e+003,1.099279e+001
1.189401e+003,1.097284e+001
1.189883e+003,1.095242e+001
1.190366e+003,1.093179e+001
1.190848e+003,1.091127e+001
1.191330e+003,1.089117e+001
1.191812e+003,1.087165e+001
1.192294e+003,1.085273e+001
1.192776e+003,1.083431e+001
1.193258e+003,1.081628e+001
1.193740e+003,1.079858e+001
1.194223e+003,1.078123e+001
1.194705e+003,1.076435e+001
1.195187e+003,1.074800e+001
1.195669e+003,1.073215e+001
1.196151e+003,1.071659e+001
1.196633e+003,1.070096e+001
1.197115e+003,1.068483e+001
1.197597e+003,1.066781e+001
1.198080e+003,1.064970e+001
1.198562e+003,1.063054e+001
1.199044e+003,1.061062e+001
1.199526e+003,1.059043e+001
1.200008e+003,1.057056e+001
1.200490e+003,1.055153e+001
1.200972e+003,1.053370e+001
1.201454e+003,1.051723e+001
1.201937e+003,1.050197e+001
1.202419e+003,1.048759e+001
1.202901e+003,1.047359e+001
1.203383e+003,1.045945e+001
1.203865e+003,1.044474e+001
1.204347e+003,1.042918e+001
1.204829e+003,1.041272e+001
1.205312e+003,1.039546e+001
1.205794e+003,1.037760e+001
1.206276e+003,1.035933e+001
1.206758e+003,1.034078e+001
1.207240e+003,1.032197e+001
1.207722e+003,1.030289e+001
1.208204e+003,1.028354e+001
1.208686e+003,1.026406e+001
1.209168e+003,1.024471e+001
1.209651e+003,1.022587e+001
1.210133e+003,1.020796e+001
1.210615e+003,1.019130e+001
1.211097e+003,1.017601e+001
1.211579e+003,1.016204e+001
1.212061e+003,1.014910e+001
1.212543e+003,1.013681e+001
1.213025e+003,1.012475e+001
1.213508e+003,1.011253e+001
1.213990e+003,1.009984e+001
1.214472e+003,1.008646e+001
1.214954e+003,1.007222e+001
1.215436e+003,1.005706e+001
1.215918e+003,1.004100e+001
1.216400e+003,1.002419e+001
1.216882e+003,1.000688e+001
1.217365e+003,9.989394e+000
1.217847e+003,9.972127e+000
1.218329e+003,9.955387e+000
1.218811e+003,9.939373e+000
1.219293e+003,9.924121e+000
1.219775e+003,9.909511e+000
1.220257e+003,9.895282e+000
1.220740e+003,9.881110e+000
1.221222e+003,9.866629e+000
1.221704e+003,9.851500e+000
1.222186e+003,9.835434e+000
1.222668e+003,9.818239e+000
1.223150e+003,9.799864e+000
1.223632e+003,9.780444e+000
1.224114e+003,9.760314e+000
1.224596e+003,9.739978e+000
1.225079e+003,9.720026e+000
1.225561e+003,9.701014e+000
1.226043e+003,9.683329e+000
1.226525e+003,9.667095e+000
1.227007e+003,9.652147e+000
1.227489e+003,9.638087e+000
1.227971e+003,9.624391e+000
1.228453e+003,9.610559e+000
1.228936e+003,9.596212e+000
1.229418e+003,9.581165e+000
1.229900e+003,9.565427e+000
1.230382e+003,9.549141e+000
1.230864e+003,9.532537e+000
1.231346e+003,9.515862e+000
1.231828e+003,9.499348e+000
1.232310e+003,9.483179e+000
1.232792e+003,9.467503e+000
1.233275e+003,9.452416e+000
1.233757e+003,9.437952e+000
1.234239e+003,9.424075e+000
1.234721e+003,9.410683e+000
1.235203e+003,9.397624e+000
1.235685e+003,9.384723e+000
1.236167e+003,9.371843e+000
1.236650e+003,9.358914e+000
1.237132e+003,9.345980e+000
1.237614e+003,9.333176e+000
1.238096e+003,9.320729e+000
1.238578e+003,9.308885e+000
1.239060e+003,9.297857e+000
1.239542e+003,9.287745e+000
1.240024e+003,9.278480e+000
1.240507e+003,9.269794e+000
1.240989e+003,9.261244e+000
1.241471e+003,9.252258e+000
1.241953e+003,9.242255e+000
1.242435e+003,9.230755e+000
1.242917e+003,9.217485e+000
1.243399e+003,9.202445e+000
1.243881e+003,9.185911e+000
1.244364e+003,9.168344e+000
1.244846e+003,9.150310e+000
1.245328e+003,9.132338e+000
1.245810e+003,9.114845e+000
1.246292e+003,9.098113e+000
1.246774e+003,9.082298e+000
1.247256e+003,9.067484e+000
1.247738e+003,9.053725e+000
1.248220e+003,9.041063e+000
1.248703e+003,9.029510e+000
1.249185e+003,9.019019e+000
1.249667e+003,9.009444e+000
1.250149e+003,9.000548e+000
1.250631e+003,8.992046e+000
1.251113e+003,8.983658e+000
1.251595e+003,8.975174e+000
1.252078e+003,8.966493e+000
1.252560e+003,8.957615e+000
1.253042e+003,8.948575e+000
1.253524e+003,8.939401e+000
1.254006e+003,8.930036e+000
1.254488e+003,8.920327e+000
1.254970e+003,8.910063e+000
1.255452e+003,8.899013e+000
1.255935e+003,8.887012e+000
1.256417e+003,8.874019e+000
1.256899e+003,8.860125e+000
1.257381e+003,8.845549e+000
1.257863e+003,8.830580e+000
1.258345e+003,8.815532e+000
1.258827e+003,8.800682e+000
1.259309e+003,8.786233e+000
1.259792e+003,8.772303e+000
1.260274e+003,8.758939e+000
1.260756e+003,8.746145e+000
1.261238e+003,8.733904e+000
1.261720e+003,8.722215e+000
1.262202e+003,8.711091e+000
1.262684e+003,8.700559e+000
1.263166e+003,8.690624e+000
1.263648e+003,8.681229e+000
1.264131e+003,8.672235e+000
1.264613e+003,8.663403e+000
1.265095e+003,8.654422e+000
1.265577e+003,8.644958e+000
1.266059e+003,8.634729e+000
1.266541e+003,8.623561e+000
1.267023e+003,8.611425e+000
1.267505e+003,8.598462e+000
1.267988e+003,8.584937e+000
1.268470e+003,8.571186e+000
1.268952e+003,8.557554e+000
1.269434e+003,8.544346e+000
1.269916e+003,8.531780e+000
1.270398e+003,8.519983e+000
1.270880e+003,8.508978e+000
1.271363e+003,8.498679e+000
1.271845e+003,8.488924e+000
1.272327e+003,8.479465e+000
1.272809e+003,8.470001e+000
1.273291e+003,8.460203e+000
1.273773e+003,8.449761e+000
1.274255e+003,8.438422e+000
1.274737e+003,8.426035e+000
1.275219e+003,8.412570e+000
1.275702e+003,8.398143e+000
1.276184e+003,8.383003e+000
1.276666e+003,8.367500e+000
1.277148e+003,8.352051e+000
1.277630e+003,8.337078e+000
1.278112e+003,8.322939e+000
1.278594e+003,8.309865e+000
1.279076e+003,8.297907e+000
1.279559e+003,8.286923e+000
1.280041e+003,8.276577e+000
1.280523e+003,8.266416e+000
1.281005e+003,8.255950e+000
1.281487e+003,8.244768e+000
1.281969e+003,8.232633e+000
1.282451e+003,8.219545e+000
1.282933e+003,8.205747e+000
1.283416e+003,8.191676e+000
1.283898e+003,8.177869e+000
1.284380e+003,8.164845e+000
1.284862e+003,8.152991e+000
1.285344e+003,8.142470e+000
1.285826e+003,8.133181e+000
1.286308e+003,8.124744e+000
1.286791e+003,8.116596e+000
1.287273e+003,8.108072e+000
1.287755e+003,8.098543e+000
1.288237e+003,8.087554e+000
1.288719e+003,8.074908e+000
1.289201e+003,8.060725e+000
1.289683e+003,8.045398e+000
1.290165e+003,8.029503e+000
1.290647e+003,8.013663e+000
1.291130e+003,7.998410e+000
1.291612e+003,7.984066e+000
1.292094e+003,7.970702e+000
1.292576e+003,7.958157e+000
1.293058e+003,7.946111e+000
1.293540e+003,7.934196e+000
1.294022e+003,7.922097e+000
1.294504e+003,7.909629e+000
1.294987e+003,7.896768e+000
1.295469e+003,7.883628e+000
1.295951e+003,7.870425e+000
1.296433e+003,7.857393e+000
1.296915e+003,7.844757e+000
1.297397e+003,7.832651e+000
1.297879e+003,7.821136e+000
1.298361e+003,7.810182e+000
1.298844e+003,7.799689e+000
1.299326e+003,7.789522e+000
1.299808e+003,7.779513e+000
1.300290e+003,7.769501e+000
1.300772e+003,7.759342e+000
1.301254e+003,7.748909e+000
1.301736e+003,7.738108e+000
1.302219e+003,7.726861e+000
1.302701e+003,7.715137e+000
1.303183e+003,7.702944e+000
1.303665e+003,7.690351e+000
1.304147e+003,7.677487e+000
1.304629e+003,7.664551e+000
1.305111e+003,7.651776e+000
1.305593e+003,7.639382e+000
1.306075e+003,7.627530e+000
1.306558e+003,7.616264e+000
1.307040e+003,7.605484e+000
1.307522e+003,7.594938e+000
1.308004e+003,7.584270e+000
1.308486e+003,7.573093e+000
1.308968e+003,7.561079e+000
1.309450e+003,7.548027e+000
1.309932e+003,7.533929e+000
1.310415e+003,7.518972e+000
1.310897e+003,7.503521e+000
1.311379e+003,7.488043e+000
1.311861e+003,7.473008e+000
1.312343e+003,7.458808e+000
1.312825e+003,7.445671e+000
1.313307e+003,7.433603e+000
1.313789e+003,7.422405e+000
1.314272e+003,7.411742e+000
1.314754e+003,7.401232e+000
1.315236e+003,7.390555e+000
1.315718e+003,7.379528e+000
1.316200e+003,7.368150e+000
1.316682e+003,7.356579e+000
1.317164e+003,7.345066e+000
1.317646e+003,7.333861e+000
1.318129e+003,7.323138e+000
1.318611e+003,7.312927e+000
1.319093e+003,7.303116e+000
1.319575e+003,7.293505e+000
1.320057e+003,7.283873e+000
1.320539e+003,7.274059e+000
1.321021e+003,7.264015e+000
1.321503e+003,7.253785e+000
1.321986e+003,7.243494e+000
1.322468e+003,7.233270e+000
1.322950e+003,7.223201e+000
1.323432e+003,7.213298e+000
1.323914e+003,7.203498e+000
1.324396e+003,7.193687e+000
1.324878e+003,7.183752e+000
1.325360e+003,7.173604e+000
1.325843e+003,7.163234e+000
1.326325e+003,7.152683e+000
1.326807e+003,7.142047e+000
1.327289e+003,7.131430e+000
1.327771e+003,7.120935e+000
1.328253e+003,7.110648e+000
1.328735e+003,7.100639e+000
1.329218e+003,7.090973e+000
1.329700e+003,7.081731e+000
1.330182e+003,7.072992e+000
1.330664e+003,7.064818e+000
1.331146e+003,7.057218e+000
1.331628e+003,7.050112e+000
1.332110e+003,7.043329e+000
1.332592e+003,7.036630e+000
1.333074e+003,7.029747e+000
1.333557e+003,7.022473e+000
1.334039e+003,7.014708e+000
1.334521e+003,7.006498e+000
1.335003e+003,6.998013e+000
1.335485e+003,6.989492e+000
1.335967e+003,6.981150e+000
1.336449e+003,6.973118e+000
1.336931e+003,6.965371e+000
1.337414e+003,6.957771e+000
1.337896e+003,6.950100e+000
1.338378e+003,6.942166e+000
1.338860e+003,6.933881e+000
1.339342e+003,6.925318e+000
1.339824e+003,6.916691e+000
1.340306e+003,6.908265e+000
1.340788e+003,6.900267e+000
1.341271e+003,6.892821e+000
1.341753e+003,6.885919e+000
1.342235e+003,6.879458e+000
1.342717e+003,6.873303e+000
1.343199e+003,6.867338e+000
1.343681e+003,6.861504e+000
1.344163e+003,6.855824e+000
1.344646e+003,6.850370e+000
1.345128e+003,6.845256e+000
1.345610e+003,6.840596e+000
1.346092e+003,6.836496e+000
1.346574e+003,6.833024e+000
1.347056e+003,6.830202e+000
1.347538e+003,6.828002e+000
1.348020e+003,6.826324e+000
1.348502e+003,6.825005e+000
1.348985e+003,6.823834e+000
1.349467e+003,6.822574e+000
1.349949e+003,6.821015e+000
1.350431e+003,6.819012e+000
1.350913e+003,6.816538e+000
1.351395e+003,6.813687e+000
1.351877e+003,6.810681e+000
1.352359e+003,6.807821e+000
1.352842e+003,6.805459e+000
1.353324e+003,6.803934e+000
1.353806e+003,6.803524e+000
1.354288e+003,6.804408e+000
1.354770e+003,6.806639e+000
1.355252e+003,6.810121e+000
1.355734e+003,6.814619e+000
1.356216e+003,6.819777e+000
1.356698e+003,6.825165e+000
1.357181e+003,6.830337e+000
1.357663e+003,6.834906e+000
1.358145e+003,6.838608e+000
1.358627e+003,6.841372e+000
1.359109e+003,6.843354e+000
1.359591e+003,6.844947e+000
1.360073e+003,6.846743e+000
1.360556e+003,6.849452e+000
1.361038e+003,6.853753e+000
1.361520e+003,6.860146e+000
1.362002e+003,6.868767e+000
1.362484e+003,6.879319e+000
1.362966e+003,6.891105e+000
1.363448e+003,6.903218e+000
1.363930e+003,6.914793e+000
1.364413e+003,6.925226e+000
1.364895e+003,6.934248e+000
1.365377e+003,6.941917e+000
1.365859e+003,6.948507e+000
1.366341e+003,6.954409e+000
1.366823e+003,6.960044e+000
1.367305e+003,6.965806e+000
1.367787e+003,6.972034e+000
1.368270e+003,6.979009e+000
1.368752e+003,6.986953e+000
1.369234e+003,6.996006e+000
1.369716e+003,7.006235e+000
1.370198e+003,7.017627e+000
1.370680e+003,7.030093e+000
1.371162e+003,7.043486e+000
1.371644e+003,7.057598e+000
1.372126e+003,7.072201e+000
1.372609e+003,7.087048e+000
1.373091e+003,7.101899e+000
1.373573e+003,7.116549e+000
1.374055e+003,7.130880e+000
1.374537e+003,7.144888e+000
1.375019e+003,7.158709e+000
1.375501e+003,7.172590e+000
1.375984e+003,7.186849e+000
1.376466e+003,7.201778e+000
1.376948e+003,7.217575e+000
1.377430e+003,7.234269e+000
1.377912e+003,7.251711e+000
1.378394e+003,7.269565e+000
1.378876e+003,7.287379e+000
1.379358e+003,7.304671e+000
1.379841e+003,7.321048e+000
1.380323e+003,7.336275e+000
1.380805e+003,7.350307e+000
1.381287e+003,7.363278e+000
1.381769e+003,7.375439e+000
1.382251e+003,7.387089e+000
1.382733e+003,7.398543e+000
1.383215e+003,7.410093e+000
1.383698e+003,7.422014e+000
1.384180e+003,7.434555e+000
1.384662e+003,7.447930e+000
1.385144e+003,7.462279e+000
1.385626e+003,7.477592e+000
1.386108e+003,7.493665e+000
1.386590e+003,7.510034e+000
1.387072e+003,7.526035e+000
1.387554e+003,7.540928e+000
1.388037e+003,7.554058e+000
1.388519e+003,7.565007e+000
1.389001e+003,7.573659e+000
1.389483e+003,7.580156e+000
1.389965e+003,7.584831e+000
1.390447e+003,7.588116e+000
1.390929e+003,7.590495e+000
1.391411e+003,7.592483e+000
1.391894e+003,7.594604e+000
1.392376e+003,7.597368e+000
1.392858e+003,7.601198e+000
1.393340e+003,7.606323e+000
1.393822e+003,7.612672e+000
1.394304e+003,7.619807e+000
1.394786e+003,7.626968e+000
1.395269e+003,7.633283e+000
1.395751e+003,7.637983e+000
1.396233e+003,7.640591e+000
1.396715e+003,7.640983e+000
1.397197e+003,7.639314e+000
1.397679e+003,7.635854e+000
1.398161e+003,7.630871e+000
1.398643e+003,7.624516e+000
1.399125e+003,7.616818e+000
1.399608e+003,7.607717e+000
1.400090e+003,7.597172e+000
1.400572e+003,7.585261e+000
1.401054e+003,7.572223e+000
1.401536e+003,7.558456e+000
1.402018e+003,7.544473e+000
1.402500e+003,7.530825e+000
1.402982e+003,7.518013e+000
1.403465e+003,7.506392e+000
1.403947e+003,7.496081e+000
1.404429e+003,7.486914e+000
1.404911e+003,7.478471e+000
1.405393e+003,7.470192e+000
1.405875e+003,7.461547e+000
1.406357e+003,7.452170e+000
1.406839e+003,7.441954e+000
1.407322e+003,7.431021e+000
1.407804e+003,7.419651e+000
1.408286e+003,7.408211e+000
1.408768e+003,7.397059e+000
1.409250e+003,7.386493e+000
1.409732e+003,7.376689e+000
1.410214e+003,7.367670e+000
1.410697e+003,7.359293e+000
1.411179e+003,7.351266e+000
1.411661e+003,7.343199e+000
1.412143e+003,7.334662e+000
1.412625e+003,7.325278e+000
1.413107e+003,7.314776e+000
1.413589e+003,7.303021e+000
1.414071e+003,7.290017e+000
1.414553e+003,7.275885e+000
1.415036e+003,7.260824e+000
1.415518e+003,7.245081e+000
1.416000e+003,7.228944e+000
1.416482e+003,7.212729e+000
1.416964e+003,7.196800e+000
1.417446e+003,7.181540e+000
1.417928e+003,7.167281e+000
1.418410e+003,7.154200e+000
1.418893e+003,7.142206e+000
1.419375e+003,7.130923e+000
1.419857e+003,7.119810e+000
1.420339e+003,7.108359e+000
1.420821e+003,7.096240e+000
1.421303e+003,7.083330e+000
1.421785e+003,7.069647e+000
1.422267e+003,7.055284e+000
1.422750e+003,7.040326e+000
1.423232e+003,7.024850e+000
1.423714e+003,7.008932e+000
1.424196e+003,6.992695e+000
1.424678e+003,6.976335e+000
1.425160e+003,6.960108e+000
1.425642e+003,6.944303e+000
1.426125e+003,6.929176e+000
1.426607e+003,6.914906e+000
1.427089e+003,6.901568e+000
1.427571e+003,6.889162e+000
1.428053e+003,6.877630e+000
1.428535e+003,6.866911e+000
1.429017e+003,6.856967e+000
1.429499e+003,6.847784e+000
1.429981e+003,6.839351e+000
1.430464e+003,6.831586e+000
1.430946e+003,6.824288e+000
1.431428e+003,6.817141e+000
1.431910e+003,6.809767e+000
1.432392e+003,6.801812e+000
1.432874e+003,6.793036e+000
1.433356e+003,6.783393e+000
1.433838e+003,6.773060e+000
1.434321e+003,6.762423e+000
1.434803e+003,6.752045e+000
1.435285e+003,6.742536e+000
1.435767e+003,6.734393e+000
1.436249e+003,6.727766e+000
1.436731e+003,6.722345e+000
1.437213e+003,6.717433e+000
1.437696e+003,6.712233e+000
1.438177e+003,6.706145e+000
1.438660e+003,6.698917e+000
1.439142e+003,6.690574e+000
1.439624e+003,6.681315e+000
1.440106e+003,6.671360e+000
1.440588e+003,6.660888e+000
1.441070e+003,6.650004e+000
1.441552e+003,6.638764e+000
1.442035e+003,6.627198e+000
1.442517e+003,6.615358e+000
1.442999e+003,6.603353e+000
1.443481e+003,6.591331e+000
1.443963e+003,6.579461e+000
1.444445e+003,6.567871e+000
1.444927e+003,6.556601e+000
1.445409e+003,6.545573e+000
1.445892e+003,6.534585e+000
1.446374e+003,6.523345e+000
1.446856e+003,6.511539e+000
1.447338e+003,6.498911e+000
1.447820e+003,6.485358e+000
1.448302e+003,6.470942e+000
1.448784e+003,6.455873e+000
1.449266e+003,6.440441e+000
1.449749e+003,6.424940e+000
1.450231e+003,6.409638e+000
1.450713e+003,6.394753e+000
1.451195e+003,6.380481e+000
1.451677e+003,6.366983e+000
1.452159e+003,6.354387e+000
1.452641e+003,6.342753e+000
1.453124e+003,6.332088e+000
1.453605e+003,6.322330e+000
1.454088e+003,6.313409e+000
1.454570e+003,6.305301e+000
1.455052e+003,6.298138e+000
1.455534e+003,6.292276e+000
1.456016e+003,6.288351e+000
1.456498e+003,6.287157e+000
1.456980e+003,6.289332e+000
1.457463e+003,6.294962e+000
1.457945e+003,6.303433e+000
1.458427e+003,6.313720e+000
1.458909e+003,6.324852e+000
1.459391e+003,6.336179e+000
1.459873e+003,6.347378e+000
1.460355e+003,6.358357e+000
1.460837e+003,6.369140e+000
1.461320e+003,6.379823e+000
1.461802e+003,6.390552e+000
1.462284e+003,6.401513e+000
1.462766e+003,6.412951e+000
1.463248e+003,6.425100e+000
1.463730e+003,6.438137e+000
1.464212e+003,6.452072e+000
1.464694e+003,6.466711e+000
1.465177e+003,6.481634e+000
1.465659e+003,6.496317e+000
1.466141e+003,6.510250e+000
1.466623e+003,6.523057e+000
1.467105e+003,6.534533e+000
1.467587e+003,6.544618e+000
1.468069e+003,6.553379e+000
1.468552e+003,6.560989e+000
1.469033e+003,6.567750e+000
1.469516e+003,6.574099e+000
1.469998e+003,6.580655e+000
1.470480e+003,6.588186e+000
1.470962e+003,6.597532e+000
1.471444e+003,6.609402e+000
1.471926e+003,6.624089e+000
1.472408e+003,6.641267e+000
1.472891e+003,6.659978e+000
1.473373e+003,6.678991e+000
1.473855e+003,6.697267e+000
1.474337e+003,6.714279e+000
1.474819e+003,6.729992e+000
1.475301e+003,6.744651e+000
1.475783e+003,6.758515e+000
1.476265e+003,6.771724e+000
1.476748e+003,6.784238e+000
1.477230e+003,6.795914e+000
1.477712e+003,6.806620e+000
1.478194e+003,6.816342e+000
1.478676e+003,6.825235e+000
1.479158e+003,6.833620e+000
1.479640e+003,6.841913e+000
1.480122e+003,6.850534e+000
1.480604e+003,6.859776e+000
1.481087e+003,6.869707e+000
1.481569e+003,6.880109e+000
1.482051e+003,6.890531e+000
1.482533e+003,6.900398e+000
1.483015e+003,6.909177e+000
1.483497e+003,6.916518e+000
1.483979e+003,6.922345e+000
1.484461e+003,6.926849e+000
1.484944e+003,6.930448e+000
1.485426e+003,6.933700e+000
1.485908e+003,6.937219e+000
1.486390e+003,6.941573e+000
1.486872e+003,6.947230e+000
1.487354e+003,6.954531e+000
1.487836e+003,6.963692e+000
1.488319e+003,6.974795e+000
1.488801e+003,6.987743e+000
1.489283e+003,7.002164e+000
1.489765e+003,7.017339e+000
1.490247e+003,7.032251e+000
1.490729e+003,7.045789e+000
1.491211e+003,7.057012e+000
1.491693e+003,7.065367e+000
1.492176e+003,7.070729e+000
1.492658e+003,7.073320e+000
1.493140e+003,7.073584e+000
1.493622e+003,7.072083e+000
1.494104e+003,7.069418e+000
1.494586e+003,7.066190e+000
1.495068e+003,7.062966e+000
1.495550e+003,7.060255e+000
1.496032e+003,7.058473e+000
1.496515e+003,7.057918e+000
1.496997e+003,7.058747e+000
1.497479e+003,7.060997e+000
1.497961e+003,7.064581e+000
1.498443e+003,7.069282e+000
1.498925e+003,7.074731e+000
1.499407e+003,7.080396e+000
1.499890e+003,7.085597e+000
1.500372e+003,7.089600e+000
1.500854e+003,7.091716e+000
1.501336e+003,7.091438e+000
1.501818e+003,7.088514e+000
1.502300e+003,7.082982e+000
1.502782e+003,7.075159e+000
1.503264e+003,7.065626e+000
1.503747e+003,7.055219e+000
1.504229e+003,7.045073e+000
1.504711e+003,7.036690e+000
1.505193e+003,7.031930e+000
1.505675e+003,7.032724e+000
1.506157e+003,7.040233e+000
1.506639e+003,7.053689e+000
1.507121e+003,7.069991e+000
1.507604e+003,7.085019e+000
1.508086e+003,7.095778e+000
1.508568e+003,7.101362e+000
1.509050e+003,7.102423e+000
1.509532e+003,7.100200e+000
1.510014e+003,7.095878e+000
1.510496e+003,7.090347e+000
1.510979e+003,7.084196e+000
1.511460e+003,7.077753e+000
1.511943e+003,7.071174e+000
1.512425e+003,7.064483e+000
1.512907e+003,7.057681e+000
1.513389e+003,7.050747e+000
1.513871e+003,7.043696e+000
1.514353e+003,7.036546e+000
1.514835e+003,7.029307e+000
1.515318e+003,7.021912e+000
1.515800e+003,7.014168e+000
1.516282e+003,7.005759e+000
1.516764e+003,6.996309e+000
1.517246e+003,6.985488e+000
1.517728e+003,6.973146e+000
1.518210e+003,6.959351e+000
1.518692e+003,6.944403e+000
1.519175e+003,6.928761e+000
1.519657e+003,6.913023e+000
1.520139e+003,6.897862e+000
1.520621e+003,6.883965e+000
1.521103e+003,6.871842e+000
1.521585e+003,6.861660e+000
1.522067e+003,6.853129e+000
1.522549e+003,6.845638e+000
1.523031e+003,6.838515e+000
1.523514e+003,6.831229e+000
1.523996e+003,6.823483e+000
1.524478e+003,6.815167e+000
1.524960e+003,6.806297e+000
1.525442e+003,6.796944e+000
1.525924e+003,6.787217e+000
1.526406e+003,6.777244e+000
1.526888e+003,6.767164e+000
1.527371e+003,6.757115e+000
1.527853e+003,6.747227e+000
1.528335e+003,6.737623e+000
1.528817e+003,6.728433e+000
1.529299e+003,6.719833e+000
1.529781e+003,6.712068e+000
1.530263e+003,6.705499e+000
1.530746e+003,6.700596e+000
1.531228e+003,6.697919e+000
1.531710e+003,6.697984e+000
1.532192e+003,6.701083e+000
1.532674e+003,6.706975e+000
1.533156e+003,6.714719e+000
1.533638e+003,6.722783e+000
1.534120e+003,6.729557e+000
1.534603e+003,6.733917e+000
1.535085e+003,6.735545e+000
1.535567e+003,6.734815e+000
1.536049e+003,6.732497e+000
1.536531e+003,6.729466e+000
1.537013e+003,6.726545e+000
1.537495e+003,6.724420e+000
1.537977e+003,6.723585e+000
1.538459e+003,6.724243e+000
1.538942e+003,6.726124e+000
1.539424e+003,6.728388e+000
1.539906e+003,6.729758e+000
1.540388e+003,6.729108e+000
1.540870e+003,6.726118e+000
1.541352e+003,6.721417e+000
1.541834e+003,6.716147e+000
1.542316e+003,6.711332e+000
1.542799e+003,6.707537e+000
1.543281e+003,6.704742e+000
1.543763e+003,6.702436e+000
1.544245e+003,6.699771e+000
1.544727e+003,6.695803e+000
1.545209e+003,6.689774e+000
1.545691e+003,6.681312e+000
1.546174e+003,6.670480e+000
1.546656e+003,6.657726e+000
1.547138e+003,6.643743e+000
1.547620e+003,6.629331e+000
1.548102e+003,6.615263e+000
1.548584e+003,6.602175e+000
1.549066e+003,6.590436e+000
1.549548e+003,6.580074e+000
1.550031e+003,6.570729e+000
1.550513e+003,6.561748e+000
1.550995e+003,6.552365e+000
1.551477e+003,6.541908e+000
1.551959e+003,6.529950e+000
1.552441e+003,6.516389e+000
1.552923e+003,6.501453e+000
1.553405e+003,6.485662e+000
1.553887e+003,6.469699e+000
1.554370e+003,6.454269e+000
1.554852e+003,6.439920e+000
1.555334e+003,6.426934e+000
1.555816e+003,6.415290e+000
1.556298e+003,6.404706e+000
1.556780e+003,6.394700e+000
1.557262e+003,6.384660e+000
1.557744e+003,6.373902e+000
1.558227e+003,6.361897e+000
1.558709e+003,6.348639e+000
1.559191e+003,6.334919e+000
1.559673e+003,6.321959e+000
1.560155e+003,6.310644e+000
1.560637e+003,6.301166e+000
1.561119e+003,6.293245e+000
1.561602e+003,6.286412e+000
1.562083e+003,6.280161e+000
1.562566e+003,6.273962e+000
1.563048e+003,6.267251e+000
1.563530e+003,6.259439e+000
1.564012e+003,6.249998e+000
1.564494e+003,6.238574e+000
1.564976e+003,6.225096e+000
1.565458e+003,6.209816e+000
1.565941e+003,6.193224e+000
1.566423e+003,6.175933e+000
1.566905e+003,6.158551e+000
1.567387e+003,6.141626e+000
1.567869e+003,6.125661e+000
1.568351e+003,6.111143e+000
1.568833e+003,6.098536e+000
1.569315e+003,6.088178e+000
1.569798e+003,6.080124e+000
1.570280e+003,6.074054e+000
1.570762e+003,6.069346e+000
1.571244e+003,6.065276e+000
1.571726e+003,6.061223e+000
1.572208e+003,6.056776e+000
1.572690e+003,6.051743e+000
1.573172e+003,6.046114e+000
1.573655e+003,6.040030e+000
1.574137e+003,6.033735e+000
1.574619e+003,6.027568e+000
1.575101e+003,6.021883e+000
1.575583e+003,6.016946e+000
1.576065e+003,6.012801e+000
1.576547e+003,6.009212e+000
1.577030e+003,6.005756e+000
1.577511e+003,6.002020e+000
1.577994e+003,5.997765e+000
1.578476e+003,5.992990e+000
1.578958e+003,5.987881e+000
1.579440e+003,5.982744e+000
1.579922e+003,5.977934e+000
1.580404e+003,5.973803e+000
1.580886e+003,5.970623e+000
1.581369e+003,5.968536e+000
1.581851e+003,5.967489e+000
1.582333e+003,5.967255e+000
1.582815e+003,5.967453e+000
1.583297e+003,5.967660e+000
1.583779e+003,5.967493e+000
1.584261e+003,5.966718e+000
1.584743e+003,5.965303e+000
1.585226e+003,5.963413e+000
1.585708e+003,5.961381e+000
1.586190e+003,5.959623e+000
1.586672e+003,5.958542e+000
1.587154e+003,5.958458e+000
1.587636e+003,5.959534e+000
1.588118e+003,5.961784e+000
1.588600e+003,5.965089e+000
1.589083e+003,5.969251e+000
1.589565e+003,5.974056e+000
1.590047e+003,5.979358e+000
1.590529e+003,5.985085e+000
1.591011e+003,5.991278e+000
1.591493e+003,5.998054e+000
1.591975e+003,6.005593e+000
1.592458e+003,6.014085e+000
1.592939e+003,6.023688e+000
1.593422e+003,6.034498e+000
1.593904e+003,6.046508e+000
1.594386e+003,6.059579e+000
1.594868e+003,6.073411e+000
1.595350e+003,6.087554e+000
1.595832e+003,6.101436e+000
1.596314e+003,6.114438e+000
1.596797e+003,6.125993e+000
1.597279e+003,6.135685e+000
1.597761e+003,6.143330e+000
1.598243e+003,6.149012e+000
1.598725e+003,6.153070e+000
1.599207e+003,6.156039e+000
1.599689e+003,6.158565e+000
1.600171e+003,6.161303e+000
1.600654e+003,6.164800e+000
1.601136e+003,6.169439e+000
1.601618e+003,6.175394e+000
1.602100e+003,6.182632e+000
1.602582e+003,6.190958e+000
1.603064e+003,6.200080e+000
1.603546e+003,6.209664e+000
1.604028e+003,6.219390e+000
1.604510e+003,6.228972e+000
1.604993e+003,6.238165e+000
1.605475e+003,6.246765e+000
1.605957e+003,6.254601e+000
1.606439e+003,6.261535e+000
1.606921e+003,6.267504e+000
1.607403e+003,6.272528e+000
1.607885e+003,6.276740e+000
1.608367e+003,6.280379e+000
1.608850e+003,6.283744e+000
1.609332e+003,6.287130e+000
1.609814e+003,6.290743e+000
1.610296e+003,6.294655e+000
1.610778e+003,6.298786e+000
1.611260e+003,6.302965e+000
1.611742e+003,6.306985e+000
1.612225e+003,6.310707e+000
1.612707e+003,6.314105e+000
1.613189e+003,6.317304e+000
1.613671e+003,6.320564e+000
1.614153e+003,6.324236e+000
1.614635e+003,6.328694e+000
1.615117e+003,6.334239e+000
1.615599e+003,6.340956e+000
1.616082e+003,6.348585e+000
1.616564e+003,6.356503e+000
1.617046e+003,6.363894e+000
1.617528e+003,6.370061e+000
1.618010e+003,6.374669e+000
1.618492e+003,6.377785e+000
1.618974e+003,6.379750e+000
1.619456e+003,6.381012e+000
1.619938e+003,6.382030e+000
1.620421e+003,6.383228e+000
1.620903e+003,6.385013e+000
1.621385e+003,6.387741e+000
1.621867e+003,6.391701e+000
1.622349e+003,6.397027e+000
1.622831e+003,6.403641e+000
1.623313e+003,6.411239e+000
1.623796e+003,6.419378e+000
1.624278e+003,6.427624e+000
1.624760e+003,6.435694e+000
1.625242e+003,6.443474e+000
1.625724e+003,6.450994e+000
1.626206e+003,6.458309e+000
1.626688e+003,6.465430e+000
1.627170e+003,6.472253e+000
1.627653e+003,6.478569e+000
1.628135e+003,6.484107e+000
1.628617e+003,6.488630e+000
1.629099e+003,6.491999e+000
1.629581e+003,6.494217e+000
1.630063e+003,6.495397e+000
1.630545e+003,6.495725e+000
1.631027e+003,6.495392e+000
1.631510e+003,6.494591e+000
1.631992e+003,6.493508e+000
1.632474e+003,6.492384e+000
1.632956e+003,6.491555e+000
1.633438e+003,6.491506e+000
1.633920e+003,6.492890e+000
1.634402e+003,6.496437e+000
1.634885e+003,6.502692e+000
1.635366e+003,6.511637e+000
1.635849e+003,6.522439e+000
1.636331e+003,6.533658e+000
1.636813e+003,6.543865e+000
1.637295e+003,6.552225e+000
1.637777e+003,6.558629e+000
1.638259e+003,6.563486e+000
1.638741e+003,6.567408e+000
1.639224e+003,6.570966e+000
1.639706e+003,6.574553e+000
1.640188e+003,6.578325e+000
1.640670e+003,6.582187e+000
1.641152e+003,6.585831e+000
1.641634e+003,6.588834e+000
1.642116e+003,6.590769e+000
1.642598e+003,6.591320e+000
1.643081e+003,6.590375e+000
1.643563e+003,6.588078e+000
1.644045e+003,6.584871e+000
1.644527e+003,6.581513e+000
1.645009e+003,6.579060e+000
1.645491e+003,6.578729e+000
1.645973e+003,6.581588e+000
1.646455e+003,6.588034e+000
1.646938e+003,6.597406e+000
1.647420e+003,6.608087e+000
1.647902e+003,6.618167e+000
1.648384e+003,6.626189e+000
1.648866e+003,6.631474e+000
1.649348e+003,6.634034e+000
1.649830e+003,6.634325e+000
1.650313e+003,6.633076e+000
1.650794e+003,6.631283e+000
1.651277e+003,6.630310e+000
1.651759e+003,6.631993e+000
1.652241e+003,6.638402e+000
1.652723e+003,6.650875e+000
1.653205e+003,6.668567e+000
1.653687e+003,6.688154e+000
1.654169e+003,6.705724e+000
1.654652e+003,6.719057e+000
1.655134e+003,6.728039e+000
1.655616e+003,6.733685e+000
1.656098e+003,6.737197e+000
1.656580e+003,6.739533e+000
1.657062e+003,6.741330e+000
1.657544e+003,6.742965e+000
1.658026e+003,6.744639e+000
1.658509e+003,6.746463e+000
1.658991e+003,6.748544e+000
1.659473e+003,6.751063e+000
1.659955e+003,6.754292e+000
1.660437e+003,6.758579e+000
1.660919e+003,6.764262e+000
1.661401e+003,6.771536e+000
1.661883e+003,6.780265e+000
1.662365e+003,6.789872e+000
1.662848e+003,6.799384e+000
1.663330e+003,6.807695e+000
1.663812e+003,6.813895e+000
1.664294e+003,6.817524e+000
1.664776e+003,6.818611e+000
1.665258e+003,6.817565e+000
1.665740e+003,6.815007e+000
1.666222e+003,6.811654e+000
1.666705e+003,6.808256e+000
1.667187e+003,6.805591e+000
1.667669e+003,6.804413e+000
1.668151e+003,6.805373e+000
1.668633e+003,6.808824e+000
1.669115e+003,6.814624e+000
1.669597e+003,6.822025e+000
1.670080e+003,6.829850e+000
1.670562e+003,6.836899e+000
1.671044e+003,6.842381e+000
1.671526e+003,6.846106e+000
1.672008e+003,6.848453e+000
1.672490e+003,6.850184e+000
1.672972e+003,6.852251e+000
1.673454e+003,6.855591e+000
1.673937e+003,6.860905e+000
1.674419e+003,6.868410e+000
1.674901e+003,6.877682e+000
1.675383e+003,6.887730e+000
1.675865e+003,6.897358e+000
1.676347e+003,6.905669e+000
1.676829e+003,6.912366e+000
1.677311e+003,6.917710e+000
1.677793e+003,6.922241e+000
1.678276e+003,6.926474e+000
1.678758e+003,6.930688e+000
1.679240e+003,6.934834e+000
1.679722e+003,6.938614e+000
1.680204e+003,6.941680e+000
1.680686e+003,6.943893e+000
1.681168e+003,6.945573e+000
1.681650e+003,6.947660e+000
1.682133e+003,6.951719e+000
1.682615e+003,6.959687e+000
1.683097e+003,6.973194e+000
1.683579e+003,6.992450e+000
1.684061e+003,7.015303e+000
1.684543e+003,7.037605e+000
1.685025e+003,7.055212e+000
1.685508e+003,7.066047e+000
1.685990e+003,7.070518e+000
1.686472e+003,7.070526e+000
1.686954e+003,7.068295e+000
1.687436e+003,7.065716e+000
1.687918e+003,7.064120e+000
1.688400e+003,7.064278e+000
1.688882e+003,7.066397e+000
1.689365e+003,7.070176e+000
1.689847e+003,7.074905e+000
1.690329e+003,7.079653e+000
1.690811e+003,7.083504e+000
1.691293e+003,7.085782e+000
1.691775e+003,7.086162e+000
1.692257e+003,7.084701e+000
1.692739e+003,7.081778e+000
1.693221e+003,7.078025e+000
1.693704e+003,7.074233e+000
1.694186e+003,7.071216e+000
1.694668e+003,7.069590e+000
1.695150e+003,7.069517e+000
1.695632e+003,7.070544e+000
1.696114e+003,7.071781e+000
1.696596e+003,7.072414e+000
1.697078e+003,7.072262e+000
1.697561e+003,7.072040e+000
1.698043e+003,7.073261e+000
1.698525e+003,7.077792e+000
1.699007e+003,7.087155e+000
1.699489e+003,7.101594e+000
1.699971e+003,7.119285e+000
1.700453e+003,7.136506e+000
1.700936e+003,7.149214e+000
1.701417e+003,7.154975e+000
1.701900e+003,7.153742e+000
1.702382e+003,7.147194e+000
1.702864e+003,7.137635e+000
1.703346e+003,7.127213e+000
1.703828e+003,7.117587e+000
1.704310e+003,7.109789e+000
1.704792e+003,7.104205e+000
1.705275e+003,7.100598e+000
1.705757e+003,7.098255e+000
1.706239e+003,7.096285e+000
1.706721e+003,7.093949e+000
1.707203e+003,7.090864e+000
1.707685e+003,7.087011e+000
1.708167e+003,7.082568e+000
1.708649e+003,7.077736e+000
1.709132e+003,7.072617e+000
1.709614e+003,7.067180e+000
1.710096e+003,7.061284e+000
1.710578e+003,7.054741e+000
1.711060e+003,7.047380e+000
1.711542e+003,7.039083e+000
1.712024e+003,7.029807e+000
1.712506e+003,7.019568e+000
1.712989e+003,7.008458e+000
1.713471e+003,6.996669e+000
1.713953e+003,6.984543e+000
1.714435e+003,6.972646e+000
1.714917e+003,6.961811e+000
1.715399e+003,6.953130e+000
1.715881e+003,6.947803e+000
1.716364e+003,6.946787e+000
1.716845e+003,6.950314e+000
1.717328e+003,6.957472e+000
1.717810e+003,6.966236e+000
1.718292e+003,6.974107e+000
1.718774e+003,6.979018e+000
1.719256e+003,6.979928e+000
1.719738e+003,6.976838e+000
1.720220e+003,6.970449e+000
1.720703e+003,6.961785e+000
1.721185e+003,6.951912e+000
1.721667e+003,6.941787e+000
1.722149e+003,6.932180e+000
1.722631e+003,6.923617e+000
1.723113e+003,6.916317e+000
1.723595e+003,6.910173e+000
1.724077e+003,6.904793e+000
1.724560e+003,6.899598e+000
1.725042e+003,6.893998e+000
1.725524e+003,6.887534e+000
1.726006e+003,6.879976e+000
1.726488e+003,6.871338e+000
1.726970e+003,6.861855e+000
1.727452e+003,6.851883e+000
1.727934e+003,6.841803e+000
1.728417e+003,6.831913e+000
1.728899e+003,6.822359e+000
1.729381e+003,6.813092e+000
1.729863e+003,6.803924e+000
1.730345e+003,6.794651e+000
1.730827e+003,6.785192e+000
1.731309e+003,6.775737e+000
1.731792e+003,6.766842e+000
1.732273e+003,6.759428e+000
1.732756e+003,6.754611e+000
1.733238e+003,6.753268e+000
1.733720e+003,6.755442e+000
1.734202e+003,6.759956e+000
1.734684e+003,6.764765e+000
1.735166e+003,6.767863e+000
1.735648e+003,6.768098e+000
1.736131e+003,6.765331e+000
1.736613e+003,6.760122e+000
1.737095e+003,6.753331e+000
1.737577e+003,6.745811e+000
1.738059e+003,6.738288e+000
1.738541e+003,6.731247e+000
1.739023e+003,6.724899e+000
1.739505e+003,6.719171e+000
1.739988e+003,6.713772e+000
1.740470e+003,6.708352e+000
1.740952e+003,6.702631e+000
1.741434e+003,6.696490e+000
1.741916e+003,6.689966e+000
1.742398e+003,6.683188e+000
1.742880e+003,6.676310e+000
1.743362e+003,6.669444e+000
1.743844e+003,6.662657e+000
1.744327e+003,6.655978e+000
1.744809e+003,6.649421e+000
1.745291e+003,6.643001e+000
1.745773e+003,6.636752e+000
1.746255e+003,6.630728e+000
1.746737e+003,6.625033e+000
1.747219e+003,6.619814e+000
1.747702e+003,6.615314e+000
1.748184e+003,6.611879e+000
1.748666e+003,6.609935e+000
1.749148e+003,6.609890e+000
1.749630e+003,6.611973e+000
1.750112e+003,6.616064e+000
1.750594e+003,6.621570e+000
1.751076e+003,6.627503e+000
1.751559e+003,6.632724e+000
1.752041e+003,6.636284e+000
1.752523e+003,6.637686e+000
1.753005e+003,6.636948e+000
1.753487e+003,6.634546e+000
1.753969e+003,6.631241e+000
1.754451e+003,6.627904e+000
1.754933e+003,6.625357e+000
1.755416e+003,6.624195e+000
1.755898e+003,6.624647e+000
1.756380e+003,6.626471e+000
1.756862e+003,6.628974e+000
1.757344e+003,6.631222e+000
1.757826e+003,6.632330e+000
1.758308e+003,6.631727e+000
1.758791e+003,6.629303e+000
1.759272e+003,6.625409e+000
1.759755e+003,6.620766e+000
1.760237e+003,6.616327e+000
1.760719e+003,6.613060e+000
1.761201e+003,6.611720e+000
1.761683e+003,6.612603e+000
1.762165e+003,6.615417e+000
1.762647e+003,6.619366e+000
1.763130e+003,6.623446e+000
1.763612e+003,6.626785e+000
1.764094e+003,6.628870e+000
1.764576e+003,6.629593e+000
1.765058e+003,6.629164e+000
1.765540e+003,6.627983e+000
1.766022e+003,6.626477e+000
1.766504e+003,6.624981e+000
1.766987e+003,6.623652e+000
1.767469e+003,6.622458e+000
1.767951e+003,6.621260e+000
1.768433e+003,6.619939e+000
1.768915e+003,6.618568e+000
1.769397e+003,6.617507e+000
1.769879e+003,6.617390e+000
1.770361e+003,6.619024e+000
1.770844e+003,6.623136e+000
1.771326e+003,6.630063e+000
1.771808e+003,6.639475e+000
1.772290e+003,6.650289e+000
1.772772e+003,6.660982e+000
1.773254e+003,6.670130e+000
1.773736e+003,6.676883e+000
1.774219e+003,6.681107e+000
1.774700e+003,6.683229e+000
1.775183e+003,6.683940e+000
1.775665e+003,6.683937e+000
1.776147e+003,6.683785e+000
1.776629e+003,6.683871e+000
1.777111e+003,6.684422e+000
1.777593e+003,6.685543e+000
1.778075e+003,6.687249e+000
1.778558e+003,6.689492e+000
1.779040e+003,6.692134e+000
1.779522e+003,6.694953e+000
1.780004e+003,6.697647e+000
1.780486e+003,6.699910e+000
1.780968e+003,6.701533e+000
1.781450e+003,6.702504e+000
1.781932e+003,6.703067e+000
1.782415e+003,6.703672e+000
1.782897e+003,6.704882e+000
1.783379e+003,6.707197e+000
1.783861e+003,6.710904e+000
1.784343e+003,6.715940e+000
1.784825e+003,6.721874e+000
1.785307e+003,6.727980e+000
1.785789e+003,6.733422e+000
1.786271e+003,6.737477e+000
1.786754e+003,6.739718e+000
1.787236e+003,6.740090e+000
1.787718e+003,6.738883e+000
1.788200e+003,6.736656e+000
1.788682e+003,6.734150e+000
1.789164e+003,6.732196e+000
1.789646e+003,6.731639e+000
1.790128e+003,6.733219e+000
1.790611e+003,6.737411e+000
1.791093e+003,6.744245e+000
1.791575e+003,6.753130e+000
1.792057e+003,6.762913e+000
1.792539e+003,6.772163e+000
1.793021e+003,6.779638e+000
1.793503e+003,6.784661e+000
1.793986e+003,6.787262e+000
1.794468e+003,6.788013e+000
1.794950e+003,6.787746e+000
1.795432e+003,6.787295e+000
1.795914e+003,6.787307e+000
1.796396e+003,6.788184e+000
1.796878e+003,6.790082e+000
1.797360e+003,6.792967e+000
1.797843e+003,6.796689e+000
1.798325e+003,6.801073e+000
1.798807e+003,6.805955e+000
1.799289e+003,6.811177e+000
1.799771e+003,6.816563e+000
1.800253e+003,6.821904e+000
1.800735e+003,6.826953e+000
1.801217e+003,6.831470e+000
1.801699e+003,6.835286e+000
1.802182e+003,6.838356e+000
1.802664e+003,6.840747e+000
1.803146e+003,6.842592e+000
1.803628e+003,6.844009e+000
1.804110e+003,6.845058e+000
1.804592e+003,6.845715e+000
1.805074e+003,6.845896e+000
1.805556e+003,6.845527e+000
1.806039e+003,6.844629e+000
1.806521e+003,6.843380e+000
1.807003e+003,6.842144e+000
1.807485e+003,6.841434e+000
1.807967e+003,6.841835e+000
1.808449e+003,6.843868e+000
1.808931e+003,6.847857e+000
1.809414e+003,6.853798e+000
1.809896e+003,6.861292e+000
1.810378e+003,6.869560e+000
1.810860e+003,6.877559e+000
1.811342e+003,6.884196e+000
1.811824e+003,6.888557e+000
1.812306e+003,6.890105e+000
1.812788e+003,6.888752e+000
1.813271e+003,6.884819e+000
1.813753e+003,6.878919e+000
1.814235e+003,6.871777e+000
1.814717e+003,6.864072e+000
1.815199e+003,6.856340e+000
1.815681e+003,6.848918e+000
1.816163e+003,6.841966e+000
1.816645e+003,6.835519e+000
1.817127e+003,6.829572e+000
1.817610e+003,6.824132e+000
1.818092e+003,6.819240e+000
1.818574e+003,6.814950e+000
1.819056e+003,6.811260e+000
1.819538e+003,6.808097e+000
1.820020e+003,6.805298e+000
1.820502e+003,6.802687e+000
1.820984e+003,6.800131e+000
1.821467e+003,6.797647e+000
1.821949e+003,6.795426e+000
1.822431e+003,6.793784e+000
1.822913e+003,6.793056e+000
1.823395e+003,6.793420e+000
1.823877e+003,6.794740e+000
1.824359e+003,6.796474e+000
1.824842e+003,6.797771e+000
1.825323e+003,6.797704e+000
1.825806e+003,6.795601e+000
1.826288e+003,6.791260e+000
1.826770e+003,6.785043e+000
1.827252e+003,6.777770e+000
1.827734e+003,6.770519e+000
1.828216e+003,6.764380e+000
1.828698e+003,6.760188e+000
1.829181e+003,6.758285e+000
1.829663e+003,6.758389e+000
1.830145e+003,6.759658e+000
1.830627e+003,6.760971e+000
1.831109e+003,6.761330e+000
1.831591e+003,6.760133e+000
1.832073e+003,6.757262e+000
1.832555e+003,6.752965e+000
1.833038e+003,6.747669e+000
1.833520e+003,6.741801e+000
1.834002e+003,6.735660e+000
1.834484e+003,6.729383e+000
1.834966e+003,6.722947e+000
1.835448e+003,6.716247e+000
1.835930e+003,6.709159e+000
1.836412e+003,6.701615e+000
1.836895e+003,6.693634e+000
1.837377e+003,6.685294e+000
1.837859e+003,6.676700e+000
1.838341e+003,6.667914e+000
1.838823e+003,6.658953e+000
1.839305e+003,6.649797e+000
1.839787e+003,6.640453e+000
1.840270e+003,6.631016e+000
1.840751e+003,6.621722e+000
1.841234e+003,6.612967e+000
1.841716e+003,6.605261e+000
1.842198e+003,6.599124e+000
1.842680e+003,6.594918e+000
1.843162e+003,6.592638e+000
1.843644e+003,6.591774e+000
1.844126e+003,6.591329e+000
1.844609e+003,6.590100e+000
1.845091e+003,6.587065e+000
1.845573e+003,6.581713e+000
1.846055e+003,6.574129e+000
1.846537e+003,6.564863e+000
1.847019e+003,6.554703e+000
1.847501e+003,6.544423e+000
1.847983e+003,6.534636e+000
1.848466e+003,6.525674e+000
1.848948e+003,6.517579e+000
1.849430e+003,6.510120e+000
1.849912e+003,6.502909e+000
1.850394e+003,6.495505e+000
1.850876e+003,6.487525e+000
1.851358e+003,6.478717e+000
1.851840e+003,6.468976e+000
1.852323e+003,6.458349e+000
1.852805e+003,6.446992e+000
1.853287e+003,6.435145e+000
1.853769e+003,6.423101e+000
1.854251e+003,6.411187e+000
1.854733e+003,6.399732e+000
1.855215e+003,6.389044e+000
1.855698e+003,6.379360e+000
1.856179e+003,6.370801e+000
1.856662e+003,6.363334e+000
1.857144e+003,6.356744e+000
1.857626e+003,6.350668e+000
1.858108e+003,6.344635e+000
1.858590e+003,6.338169e+000
1.859072e+003,6.330867e+000
1.859554e+003,6.322487e+000
1.860037e+003,6.312970e+000
1.860519e+003,6.302432e+000
1.861001e+003,6.291110e+000
1.861483e+003,6.279282e+000
1.861965e+003,6.267196e+000
1.862447e+003,6.255025e+000
1.862929e+003,6.242839e+000
1.863411e+003,6.230628e+000
1.863894e+003,6.218348e+000
1.864376e+003,6.205964e+000
1.864858e+003,6.193508e+000
1.865340e+003,6.181110e+000
1.865822e+003,6.169011e+000
1.866304e+003,6.157541e+000
1.866786e+003,6.147062e+000
1.867268e+003,6.137884e+000
1.867750e+003,6.130140e+000
1.868233e+003,6.123694e+000
1.868715e+003,6.118114e+000
1.869197e+003,6.112757e+000
1.869679e+003,6.106953e+000
1.870161e+003,6.100199e+000
1.870643e+003,6.092280e+000
1.871125e+003,6.083270e+000
1.871608e+003,6.073465e+000
1.872090e+003,6.063273e+000
1.872572e+003,6.053092e+000
1.873054e+003,6.043244e+000
1.873536e+003,6.033922e+000
1.874018e+003,6.025182e+000
1.874500e+003,6.016955e+000
1.874982e+003,6.009091e+000
1.875465e+003,6.001404e+000
1.875947e+003,5.993715e+000
1.876429e+003,5.985866e+000
1.876911e+003,5.977744e+000
1.877393e+003,5.969275e+000
1.877875e+003,5.960416e+000
1.878357e+003,5.951148e+000
1.878839e+003,5.941481e+000
1.879322e+003,5.931432e+000
1.879804e+003,5.921040e+000
1.880286e+003,5.910343e+000
1.880768e+003,5.899398e+000
1.881250e+003,5.888270e+000
1.881732e+003,5.877055e+000
1.882214e+003,5.865867e+000
1.882697e+003,5.854832e+000
1.883178e+003,5.844056e+000
1.883661e+003,5.833594e+000
1.884143e+003,5.823419e+000
1.884625e+003,5.813414e+000
1.885107e+003,5.803410e+000
1.885589e+003,5.793252e+000
1.886071e+003,5.782859e+000
1.886553e+003,5.772286e+000
1.887036e+003,5.761751e+000
1.887518e+003,5.751592e+000
1.888000e+003,5.742184e+000
1.888482e+003,5.733821e+000
1.888964e+003,5.726603e+000
1.889446e+003,5.720365e+000
1.889928e+003,5.714703e+000
1.890410e+003,5.709092e+000
1.890893e+003,5.703053e+000
1.891375e+003,5.696291e+000
1.891857e+003,5.688759e+000
1.892339e+003,5.680643e+000
1.892821e+003,5.672295e+000
1.893303e+003,5.664128e+000
1.893785e+003,5.656507e+000
1.894267e+003,5.649660e+000
1.894750e+003,5.643615e+000
1.895232e+003,5.638207e+000
1.895714e+003,5.633118e+000
1.896196e+003,5.627975e+000
1.896678e+003,5.622458e+000
1.897160e+003,5.616387e+000
1.897642e+003,5.609736e+000
1.898125e+003,5.602623e+000
1.898606e+003,5.595246e+000
1.899089e+003,5.587794e+000
1.899571e+003,5.580374e+000
1.900053e+003,5.572989e+000
1.900535e+003,5.565535e+000
1.901017e+003,5.557876e+000
1.901499e+003,5.549911e+000
1.901981e+003,5.541647e+000
1.902464e+003,5.533214e+000
1.902946e+003,5.524845e+000
1.903428e+003,5.516785e+000
1.903910e+003,5.509211e+000
1.904392e+003,5.502171e+000
1.904874e+003,5.495564e+000
1.905356e+003,5.489206e+000
1.905838e+003,5.482893e+000
1.906321e+003,5.476511e+000
1.906803e+003,5.470076e+000
1.907285e+003,5.463750e+000
1.907767e+003,5.457785e+000
1.908249e+003,5.452455e+000
1.908731e+003,5.447958e+000
1.909213e+003,5.444367e+000
1.909695e+003,5.441612e+000
1.910177e+003,5.439495e+000
1.910660e+003,5.437736e+000
1.911142e+003,5.436010e+000
1.911624e+003,5.433987e+000
1.912106e+003,5.431359e+000
1.912588e+003,5.427884e+000
1.913070e+003,5.423412e+000
1.913552e+003,5.417953e+000
1.914034e+003,5.411689e+000
1.914517e+003,5.404993e+000
1.914999e+003,5.398376e+000
1.915481e+003,5.392417e+000
1.915963e+003,5.387652e+000
1.916445e+003,5.384439e+000
1.916927e+003,5.382866e+000
1.917409e+003,5.382701e+000
1.917892e+003,5.383442e+000
1.918374e+003,5.384444e+000
1.918856e+003,5.385106e+000
1.919338e+003,5.385001e+000
1.919820e+003,5.383956e+000
1.920302e+003,5.382022e+000
1.920784e+003,5.379390e+000
1.921266e+003,5.376313e+000
1.921749e+003,5.373024e+000
1.922231e+003,5.369699e+000
1.922713e+003,5.366416e+000
1.923195e+003,5.363170e+000
1.923677e+003,5.359905e+000
1.924159e+003,5.356554e+000
1.924641e+003,5.353096e+000
1.925123e+003,5.349583e+000
1.925605e+003,5.346150e+000
1.926088e+003,5.342998e+000
1.926570e+003,5.340337e+000
1.927052e+003,5.338336e+000
1.927534e+003,5.337049e+000
1.928016e+003,5.336403e+000
1.928498e+003,5.336180e+000
1.928980e+003,5.336081e+000
1.929462e+003,5.335792e+000
1.929945e+003,5.335089e+000
1.930427e+003,5.333869e+000
1.930909e+003,5.332189e+000
1.931391e+003,5.330226e+000
1.931873e+003,5.328218e+000
1.932355e+003,5.326385e+000
1.932837e+003,5.324871e+000
1.933320e+003,5.323712e+000
1.933802e+003,5.322842e+000
1.934284e+003,5.322132e+000
1.934766e+003,5.321441e+000
1.935248e+003,5.320662e+000
1.935730e+003,5.319746e+000
1.936212e+003,5.318702e+000
1.936694e+003,5.317578e+000
1.937177e+003,5.316431e+000
1.937659e+003,5.315308e+000
1.938141e+003,5.314220e+000
1.938623e+003,5.313163e+000
1.939105e+003,5.312132e+000
1.939587e+003,5.311134e+000
1.940069e+003,5.310222e+000
1.940551e+003,5.309477e+000
1.941033e+003,5.309006e+000
1.941516e+003,5.308897e+000
1.941998e+003,5.309185e+000
1.942480e+003,5.309821e+000
1.942962e+003,5.310680e+000
1.943444e+003,5.311581e+000
1.943926e+003,5.312333e+000
1.944408e+003,5.312788e+000
1.944890e+003,5.312843e+000
1.945373e+003,5.312466e+000
1.945855e+003,5.311656e+000
1.946337e+003,5.310447e+000
1.946819e+003,5.308893e+000
1.947301e+003,5.307067e+000
1.947783e+003,5.305065e+000
1.948265e+003,5.303004e+000
1.948748e+003,5.301006e+000
1.949229e+003,5.299170e+000
1.949712e+003,5.297535e+000
1.950194e+003,5.296066e+000
1.950676e+003,5.294658e+000
1.951158e+003,5.293174e+000
1.951640e+003,5.291504e+000
1.952122e+003,5.289624e+000
1.952604e+003,5.287631e+000
1.953087e+003,5.285739e+000
1.953569e+003,5.284216e+000
1.954051e+003,5.283315e+000
1.954533e+003,5.283180e+000
1.955015e+003,5.283813e+000
1.955497e+003,5.285061e+000
1.955979e+003,5.286680e+000
1.956461e+003,5.288401e+000
1.956944e+003,5.290003e+000
1.957426e+003,5.291342e+000
1.957908e+003,5.292347e+000
1.958390e+003,5.292989e+000
1.958872e+003,5.293236e+000
1.959354e+003,5.293025e+000
1.959836e+003,5.292271e+000
1.960318e+003,5.290895e+000
1.960801e+003,5.288875e+000
1.961283e+003,5.286263e+000
1.961765e+003,5.283210e+000
1.962247e+003,5.279922e+000
1.962729e+003,5.276615e+000
1.963211e+003,5.273464e+000
1.963693e+003,5.270564e+000
1.964176e+003,5.267912e+000
1.964657e+003,5.265431e+000
1.965140e+003,5.262997e+000
1.965622e+003,5.260495e+000
1.966104e+003,5.257843e+000
1.966586e+003,5.255033e+000
1.967068e+003,5.252137e+000
1.967550e+003,5.249280e+000
1.968032e+003,5.246619e+000
1.968515e+003,5.244287e+000
1.968997e+003,5.242346e+000
1.969479e+003,5.240774e+000
1.969961e+003,5.239442e+000
1.970443e+003,5.238156e+000
1.970925e+003,5.236675e+000
1.971407e+003,5.234780e+000
1.971889e+003,5.232309e+000
1.972372e+003,5.229198e+000
1.972854e+003,5.225475e+000
1.973336e+003,5.221252e+000
1.973818e+003,5.216681e+000
1.974300e+003,5.211928e+000
1.974782e+003,5.207141e+000
1.975264e+003,5.202445e+000
1.975746e+003,5.197938e+000
1.976229e+003,5.193708e+000
1.976711e+003,5.189808e+000
1.977193e+003,5.186266e+000
1.977675e+003,5.183064e+000
1.978157e+003,5.180140e+000
1.978639e+003,5.177392e+000
1.979121e+003,5.174706e+000
1.979604e+003,5.171993e+000
1.980085e+003,5.169207e+000
1.980568e+003,5.166359e+000
1.981050e+003,5.163509e+000
1.981532e+003,5.160724e+000
1.982014e+003,5.158059e+000
1.982496e+003,5.155525e+000
1.982978e+003,5.153083e+000
1.983460e+003,5.150661e+000
1.983943e+003,5.148179e+000
1.984425e+003,5.145564e+000
1.984907e+003,5.142763e+000
1.985389e+003,5.139742e+000
1.985871e+003,5.136468e+000
1.986353e+003,5.132893e+000
1.986835e+003,5.128953e+000
1.987317e+003,5.124569e+000
1.987800e+003,5.119672e+000
1.988282e+003,5.114214e+000
1.988764e+003,5.108194e+000
1.989246e+003,5.101665e+000
1.989728e+003,5.094740e+000
1.990210e+003,5.087585e+000
1.990692e+003,5.080406e+000
1.991174e+003,5.073421e+000
1.991656e+003,5.066835e+000
1.992139e+003,5.060789e+000
1.992621e+003,5.055323e+000
1.993103e+003,5.050363e+000
1.993585e+003,5.045716e+000
1.994067e+003,5.041113e+000
1.994549e+003,5.036252e+000
1.995031e+003,5.030873e+000
1.995514e+003,5.024797e+000
1.995996e+003,5.017965e+000
1.996478e+003,5.010444e+000
1.996960e+003,5.002419e+000
1.997442e+003,4.994150e+000
1.997924e+003,4.985927e+000
1.998406e+003,4.978022e+000
1.998888e+003,4.970651e+000
1.999371e+003,4.963945e+000
1.999853e+003,4.957943e+000
2.000335e+003,4.952592e+000
2.000817e+003,4.947772e+000
2.001299e+003,4.943312e+000
2.001781e+003,4.939024e+000
2.002263e+003,4.934739e+000
2.002745e+003,4.930321e+000
2.003228e+003,4.925692e+000
2.003710e+003,4.920835e+000
2.004192e+003,4.915785e+000
2.004674e+003,4.910603e+000
2.005156e+003,4.905361e+000
2.005638e+003,4.900107e+000
2.006120e+003,4.894846e+000
2.006603e+003,4.889530e+000
2.007084e+003,4.884050e+000
2.007567e+003,4.878254e+000
2.008049e+003,4.871975e+000
2.008531e+003,4.865073e+000
2.009013e+003,4.857469e+000
2.009495e+003,4.849174e+000
2.009977e+003,4.840290e+000
2.010459e+003,4.830988e+000
2.010942e+003,4.821450e+000
2.011424e+003,4.811814e+000
2.011906e+003,4.802141e+000
2.012388e+003,4.792407e+000
2.012870e+003,4.782538e+000
2.013352e+003,4.772480e+000
2.013834e+003,4.762266e+000
2.014316e+003,4.752041e+000
2.014799e+003,4.742068e+000
2.015281e+003,4.732643e+000
2.015763e+003,4.724013e+000
2.016245e+003,4.716282e+000
2.016727e+003,4.709358e+000
2.017209e+003,4.702982e+000
2.017691e+003,4.696806e+000
2.018173e+003,4.690505e+000
2.018656e+003,4.683873e+000
2.019138e+003,4.676857e+000
2.019620e+003,4.669538e+000
2.020102e+003,4.662061e+000
2.020584e+003,4.654564e+000
2.021066e+003,4.647120e+000
2.021548e+003,4.639737e+000
2.022031e+003,4.632373e+000
2.022512e+003,4.624994e+000
2.022995e+003,4.617593e+000
2.023477e+003,4.610204e+000
2.023959e+003,4.602885e+000
2.024441e+003,4.595677e+000
2.024923e+003,4.588586e+000
2.025405e+003,4.581582e+000
2.025887e+003,4.574609e+000
2.026370e+003,4.567631e+000
2.026852e+003,4.560628e+000
2.027334e+003,4.553606e+000
2.027816e+003,4.546566e+000
2.028298e+003,4.539473e+000
2.028780e+003,4.532234e+000
2.029262e+003,4.524705e+000
2.029744e+003,4.516728e+000
2.030227e+003,4.508181e+000
2.030709e+003,4.499019e+000
2.031191e+003,4.489298e+000
2.031673e+003,4.479174e+000
2.032155e+003,4.468871e+000
2.032637e+003,4.458639e+000
2.033119e+003,4.448726e+000
2.033601e+003,4.439347e+000
2.034083e+003,4.430672e+000
2.034566e+003,4.422802e+000
2.035048e+003,4.415757e+000
2.035530e+003,4.409454e+000
2.036012e+003,4.403709e+000
2.036494e+003,4.398253e+000
2.036976e+003,4.392790e+000
2.037458e+003,4.387053e+000
2.037940e+003,4.380881e+000
2.038423e+003,4.374233e+000
2.038905e+003,4.367191e+000
2.039387e+003,4.359900e+000
2.039869e+003,4.352499e+000
2.040351e+003,4.345048e+000
2.040833e+003,4.337518e+000
2.041315e+003,4.329801e+000
2.041798e+003,4.321770e+000
2.042280e+003,4.313355e+000
2.042762e+003,4.304584e+000
2.043244e+003,4.295586e+000
2.043726e+003,4.286555e+000
2.044208e+003,4.277683e+000
2.044690e+003,4.269105e+000
2.045172e+003,4.260861e+000
2.045655e+003,4.252928e+000
2.046137e+003,4.245241e+000
2.046619e+003,4.237755e+000
2.047101e+003,4.230485e+000
2.047583e+003,4.223495e+000
2.048065e+003,4.216883e+000
2.048547e+003,4.210719e+000
2.049029e+003,4.204998e+000
2.049511e+003,4.199618e+000
2.049994e+003,4.194380e+000
2.050476e+003,4.189024e+000
2.050958e+003,4.183303e+000
2.051440e+003,4.177037e+000
2.051922e+003,4.170173e+000
2.052404e+003,4.162800e+000
2.052886e+003,4.155146e+000
2.053368e+003,4.147538e+000
2.053851e+003,4.140321e+000
2.054333e+003,4.133804e+000
2.054815e+003,4.128187e+000
2.055297e+003,4.123519e+000
2.055779e+003,4.119693e+000
2.056261e+003,4.116459e+000
2.056743e+003,4.113481e+000
2.057226e+003,4.110401e+000
2.057708e+003,4.106899e+000
2.058190e+003,4.102752e+000
2.058672e+003,4.097875e+000
2.059154e+003,4.092323e+000
2.059636e+003,4.086276e+000
2.060118e+003,4.080001e+000
2.060600e+003,4.073797e+000
2.061083e+003,4.067927e+000
2.061565e+003,4.062562e+000
2.062047e+003,4.057740e+000
2.062529e+003,4.053364e+000
2.063011e+003,4.049227e+000
2.063493e+003,4.045060e+000
2.063975e+003,4.040617e+000
2.064457e+003,4.035737e+000
2.064939e+003,4.030375e+000
2.065422e+003,4.024609e+000
2.065904e+003,4.018597e+000
2.066386e+003,4.012510e+000
2.066868e+003,4.006477e+000
2.067350e+003,4.000549e+000
2.067832e+003,3.994699e+000
2.068314e+003,3.988853e+000
2.068796e+003,3.982955e+000
2.069279e+003,3.976991e+000
2.069761e+003,3.971025e+000
2.070243e+003,3.965181e+000
2.070725e+003,3.959612e+000
2.071207e+003,3.954456e+000
2.071689e+003,3.949799e+000
2.072171e+003,3.945658e+000
2.072654e+003,3.941986e+000
2.073135e+003,3.938697e+000
2.073618e+003,3.935690e+000
2.074100e+003,3.932894e+000
2.074582e+003,3.930280e+000
2.075064e+003,3.927873e+000
2.075546e+003,3.925745e+000
2.076028e+003,3.923996e+000
2.076510e+003,3.922725e+000
2.076993e+003,3.921974e+000
2.077475e+003,3.921709e+000
2.077957e+003,3.921788e+000
2.078439e+003,3.921971e+000
2.078921e+003,3.921948e+000
2.079403e+003,3.921395e+000
2.079885e+003,3.920048e+000
2.080367e+003,3.917756e+000
2.080850e+003,3.914511e+000
2.081332e+003,3.910457e+000
2.081814e+003,3.905849e+000
2.082296e+003,3.901008e+000
2.082778e+003,3.896254e+000
2.083260e+003,3.891854e+000
2.083742e+003,3.887985e+000
2.084224e+003,3.884716e+000
2.084707e+003,3.881999e+000
2.085189e+003,3.879692e+000
2.085671e+003,3.877583e+000
2.086153e+003,3.875438e+000
2.086635e+003,3.873050e+000
2.087117e+003,3.870294e+000
2.087599e+003,3.867164e+000
2.088082e+003,3.863789e+000
2.088563e+003,3.860407e+000
2.089046e+003,3.857317e+000
2.089528e+003,3.854813e+000
2.090010e+003,3.853111e+000
2.090492e+003,3.852309e+000
2.090974e+003,3.852372e+000
2.091456e+003,3.853147e+000
2.091938e+003,3.854403e+000
2.092421e+003,3.855867e+000
2.092903e+003,3.857265e+000
2.093385e+003,3.858346e+000
2.093867e+003,3.858908e+000
2.094349e+003,3.858811e+000
2.094831e+003,3.858009e+000
2.095313e+003,3.856567e+000
2.095795e+003,3.854661e+000
2.096278e+003,3.852562e+000
2.096760e+003,3.850585e+000
2.097242e+003,3.849026e+000
2.097724e+003,3.848096e+000
2.098206e+003,3.847867e+000
2.098688e+003,3.848261e+000
2.099170e+003,3.849070e+000
2.099652e+003,3.850012e+000
2.100135e+003,3.850789e+000
2.100617e+003,3.851154e+000
2.101099e+003,3.850953e+000
2.101581e+003,3.850144e+000
2.102063e+003,3.848798e+000
2.102545e+003,3.847079e+000
2.103027e+003,3.845217e+000
2.103510e+003,3.843474e+000
2.103991e+003,3.842098e+000
2.104474e+003,3.841285e+000
2.104956e+003,3.841148e+000
2.105438e+003,3.841694e+000
2.105920e+003,3.842829e+000
2.106402e+003,3.844383e+000
2.106884e+003,3.846146e+000
2.107366e+003,3.847918e+000
2.107849e+003,3.849539e+000
2.108331e+003,3.850908e+000
2.108813e+003,3.851988e+000
2.109295e+003,3.852791e+000
2.109777e+003,3.853356e+000
2.110259e+003,3.853746e+000
2.110741e+003,3.854032e+000
2.111223e+003,3.854290e+000
2.111706e+003,3.854589e+000
2.112188e+003,3.854993e+000
2.112670e+003,3.855543e+000
2.113152e+003,3.856261e+000
2.113634e+003,3.857141e+000
2.114116e+003,3.858168e+000
2.114598e+003,3.859316e+000
2.115080e+003,3.860564e+000
2.115563e+003,3.861871e+000
2.116045e+003,3.863178e+000
2.116527e+003,3.864376e+000
2.117009e+003,3.865312e+000
2.117491e+003,3.865800e+000
2.117973e+003,3.865667e+000
2.118455e+003,3.864810e+000
2.118938e+003,3.863251e+000
2.119420e+003,3.861164e+000
2.119902e+003,3.858871e+000
2.120384e+003,3.856797e+000
2.120866e+003,3.855390e+000
2.121348e+003,3.855026e+000
2.121830e+003,3.855936e+000
2.122312e+003,3.858142e+000
2.122794e+003,3.861454e+000
2.123277e+003,3.865471e+000
2.123759e+003,3.869657e+000
2.124241e+003,3.873409e+000
2.124723e+003,3.876169e+000
2.125205e+003,3.877508e+000
2.125687e+003,3.877211e+000
2.126169e+003,3.875308e+000
2.126651e+003,3.872067e+000
2.127134e+003,3.867929e+000
2.127616e+003,3.863418e+000
2.128098e+003,3.859034e+000
2.128580e+003,3.855171e+000
2.129062e+003,3.852079e+000
2.129544e+003,3.849863e+000
2.130026e+003,3.848512e+000
2.130509e+003,3.847964e+000
2.130990e+003,3.848130e+000
2.131473e+003,3.848910e+000
2.131955e+003,3.850190e+000
2.132437e+003,3.851817e+000
2.132919e+003,3.853604e+000
2.133401e+003,3.855339e+000
2.133883e+003,3.856824e+000
2.134365e+003,3.857919e+000
2.134848e+003,3.858564e+000
2.135330e+003,3.858783e+000
2.135812e+003,3.858649e+000
2.136294e+003,3.858253e+000
2.136776e+003,3.857658e+000
2.137258e+003,3.856903e+000
2.137740e+003,3.856013e+000
2.138222e+003,3.855040e+000
2.138705e+003,3.854076e+000
2.139187e+003,3.853269e+000
2.139669e+003,3.852791e+000
2.140151e+003,3.852785e+000
2.140633e+003,3.853323e+000
2.141115e+003,3.854367e+000
2.141597e+003,3.855775e+000
2.142079e+003,3.857333e+000
2.142562e+003,3.858801e+000
2.143044e+003,3.859954e+000
2.143526e+003,3.860617e+000
2.144008e+003,3.860670e+000
2.144490e+003,3.860037e+000
2.144972e+003,3.858697e+000
2.145454e+003,3.856688e+000
2.145937e+003,3.854114e+000
2.146418e+003,3.851164e+000
2.146901e+003,3.848103e+000
2.147383e+003,3.845242e+000
2.147865e+003,3.842883e+000
2.148347e+003,3.841254e+000
2.148829e+003,3.840463e+000
2.149311e+003,3.840459e+000
2.149793e+003,3.841052e+000
2.150276e+003,3.841947e+000
2.150758e+003,3.842803e+000
2.151240e+003,3.843289e+000
2.151722e+003,3.843151e+000
2.152204e+003,3.842232e+000
2.152686e+003,3.840510e+000
2.153168e+003,3.838093e+000
2.153650e+003,3.835217e+000
2.154133e+003,3.832209e+000
2.154615e+003,3.829451e+000
2.155097e+003,3.827304e+000
2.155579e+003,3.826048e+000
2.156061e+003,3.825816e+000
2.156543e+003,3.826553e+000
2.157025e+003,3.828015e+000
2.157507e+003,3.829793e+000
2.157990e+003,3.831381e+000
2.158472e+003,3.832246e+000
2.158954e+003,3.831916e+000
2.159436e+003,3.830047e+000
2.159918e+003,3.826476e+000
2.160400e+003,3.821248e+000
2.160882e+003,3.814619e+000
2.161365e+003,3.807037e+000
2.161846e+003,3.799071e+000
2.162329e+003,3.791334e+000
2.162811e+003,3.784385e+000
2.163293e+003,3.778618e+000
2.163775e+003,3.774195e+000
2.164257e+003,3.771019e+000
2.164739e+003,3.768757e+000
2.165221e+003,3.766939e+000
2.165704e+003,3.765060e+000
2.166186e+003,3.762717e+000
2.166668e+003,3.759693e+000
2.167150e+003,3.756012e+000
2.167632e+003,3.751911e+000
2.168114e+003,3.747771e+000
2.168596e+003,3.744015e+000
2.169078e+003,3.741006e+000
2.169561e+003,3.738949e+000
2.170043e+003,3.737858e+000
2.170525e+003,3.737555e+000
2.171007e+003,3.737718e+000
2.171489e+003,3.737958e+000
2.171971e+003,3.737899e+000
2.172453e+003,3.737252e+000
2.172935e+003,3.735854e+000
2.173417e+003,3.733672e+000
2.173900e+003,3.730776e+000
2.174382e+003,3.727292e+000
2.174864e+003,3.723345e+000
2.175346e+003,3.719031e+000
2.175828e+003,3.714386e+000
2.176310e+003,3.709410e+000
2.176792e+003,3.704086e+000
2.177274e+003,3.698417e+000
2.177757e+003,3.692441e+000
2.178239e+003,3.686255e+000
2.178721e+003,3.679995e+000
2.179203e+003,3.673827e+000
2.179685e+003,3.667913e+000
2.180167e+003,3.662396e+000
2.180649e+003,3.657373e+000
2.181132e+003,3.652883e+000
2.181614e+003,3.648898e+000
2.182096e+003,3.645325e+000
2.182578e+003,3.642013e+000
2.183060e+003,3.638778e+000
2.183542e+003,3.635427e+000
2.184024e+003,3.631802e+000
2.184506e+003,3.627810e+000
2.184989e+003,3.623431e+000
2.185471e+003,3.618735e+000
2.185953e+003,3.613850e+000
2.186435e+003,3.608939e+000
2.186917e+003,3.604164e+000
2.187399e+003,3.599660e+000
2.187881e+003,3.595514e+000
2.188363e+003,3.591752e+000
2.188845e+003,3.588339e+000
2.189328e+003,3.585174e+000
2.189810e+003,3.582098e+000
2.190292e+003,3.578910e+000
2.190774e+003,3.575397e+000
2.191256e+003,3.571378e+000
2.191738e+003,3.566755e+000
2.192220e+003,3.561563e+000
2.192702e+003,3.555977e+000
2.193185e+003,3.550306e+000
2.193667e+003,3.544933e+000
2.194149e+003,3.540231e+000
2.194631e+003,3.536477e+000
2.195113e+003,3.533780e+000
2.195595e+003,3.532053e+000
2.196077e+003,3.531020e+000
2.196560e+003,3.530285e+000
2.197042e+003,3.529396e+000
2.197524e+003,3.527951e+000
2.198006e+003,3.525665e+000
2.198488e+003,3.522406e+000
2.198970e+003,3.518218e+000
2.199452e+003,3.513288e+000
2.199934e+003,3.507899e+000
2.200417e+003,3.502356e+000
2.200899e+003,3.496922e+000
2.201381e+003,3.491765e+000
2.201863e+003,3.486915e+000
2.202345e+003,3.482275e+000
2.202827e+003,3.477637e+000
2.203309e+003,3.472743e+000
2.203791e+003,3.467347e+000
2.204273e+003,3.461267e+000
2.204756e+003,3.454435e+000
2.205238e+003,3.446906e+000
2.205720e+003,3.438864e+000
2.206202e+003,3.430574e+000
2.206684e+003,3.422360e+000
2.207166e+003,3.414546e+000
2.207648e+003,3.407410e+000
2.208130e+003,3.401149e+000
2.208613e+003,3.395838e+000
2.209095e+003,3.391428e+000
2.209577e+003,3.387754e+000
2.210059e+003,3.384562e+000
2.210541e+003,3.381574e+000
2.211023e+003,3.378522e+000
2.211505e+003,3.375211e+000
2.211988e+003,3.371527e+000
2.212469e+003,3.367437e+000
2.212952e+003,3.362964e+000
2.213434e+003,3.358145e+000
2.213916e+003,3.353014e+000
2.214398e+003,3.347589e+000
2.214880e+003,3.341895e+000
2.215362e+003,3.335984e+000
2.215844e+003,3.329958e+000
2.216327e+003,3.323970e+000
2.216809e+003,3.318207e+000
2.217291e+003,3.312843e+000
2.217773e+003,3.308004e+000
2.218255e+003,3.303741e+000
2.218737e+003,3.300015e+000
2.219219e+003,3.296733e+000
2.219701e+003,3.293763e+000
2.220184e+003,3.290978e+000
2.220666e+003,3.288260e+000
2.221148e+003,3.285520e+000
2.221630e+003,3.282674e+000
2.222112e+003,3.279652e+000
2.222594e+003,3.276385e+000
2.223076e+003,3.272836e+000
2.223558e+003,3.269010e+000
2.224041e+003,3.264974e+000
2.224523e+003,3.260857e+000
2.225005e+003,3.256830e+000
2.225487e+003,3.253069e+000
2.225969e+003,3.249710e+000
2.226451e+003,3.246815e+000
2.226933e+003,3.244357e+000
2.227416e+003,3.242220e+000
2.227897e+003,3.240233e+000
2.228380e+003,3.238210e+000
2.228862e+003,3.235978e+000
2.229344e+003,3.233422e+000
2.229826e+003,3.230484e+000
2.230308e+003,3.227172e+000
2.230790e+003,3.223540e+000
2.231272e+003,3.219667e+000
2.231755e+003,3.215634e+000
2.232237e+003,3.211511e+000
2.232719e+003,3.207355e+000
2.233201e+003,3.203213e+000
2.233683e+003,3.199149e+000
2.234165e+003,3.195239e+000
2.234647e+003,3.191590e+000
2.235129e+003,3.188318e+000
2.235612e+003,3.185519e+000
2.236094e+003,3.183236e+000
2.236576e+003,3.181430e+000
2.237058e+003,3.179965e+000
2.237540e+003,3.178626e+000
2.238022e+003,3.177161e+000
2.238504e+003,3.175335e+000
2.238986e+003,3.172986e+000
2.239469e+003,3.170062e+000
2.239951e+003,3.166623e+000
2.240433e+003,3.162822e+000
2.240915e+003,3.158867e+000
2.241397e+003,3.154960e+000
2.241879e+003,3.151268e+000
2.242361e+003,3.147900e+000
2.242844e+003,3.144889e+000
2.243326e+003,3.142224e+000
2.243808e+003,3.139863e+000
2.244290e+003,3.137756e+000
2.244772e+003,3.135867e+000
2.245254e+003,3.134186e+000
2.245736e+003,3.132731e+000
2.246218e+003,3.131538e+000
2.246700e+003,3.130641e+000
2.247183e+003,3.130053e+000
2.247665e+003,3.129747e+000
2.248147e+003,3.129647e+000
2.248629e+003,3.129635e+000
2.249111e+003,3.129578e+000
2.249593e+003,3.129359e+000
2.250075e+003,3.128913e+000
2.250557e+003,3.128250e+000
2.251040e+003,3.127440e+000
2.251522e+003,3.126597e+000
2.252004e+003,3.125823e+000
2.252486e+003,3.125177e+000
2.252968e+003,3.124633e+000
2.253450e+003,3.124097e+000
2.253932e+003,3.123428e+000
2.254415e+003,3.122489e+000
2.254896e+003,3.121205e+000
2.255379e+003,3.119586e+000
2.255861e+003,3.117735e+000
2.256343e+003,3.115814e+000
2.256825e+003,3.113980e+000
2.257307e+003,3.112330e+000
2.257789e+003,3.110849e+000
2.258271e+003,3.109391e+000
2.258754e+003,3.107717e+000
2.259236e+003,3.105559e+000
2.259718e+003,3.102708e+000
2.260200e+003,3.099107e+000
2.260682e+003,3.094895e+000
2.261164e+003,3.090418e+000
2.261646e+003,3.086165e+000
2.262128e+003,3.082655e+000
2.262611e+003,3.080316e+000
2.263093e+003,3.079365e+000
2.263575e+003,3.079753e+000
2.264057e+003,3.081165e+000
2.264539e+003,3.083109e+000
2.265021e+003,3.085043e+000
2.265503e+003,3.086502e+000
2.265985e+003,3.087209e+000
2.266468e+003,3.087120e+000
2.266950e+003,3.086399e+000
2.267432e+003,3.085348e+000
2.267914e+003,3.084307e+000
2.268396e+003,3.083575e+000
2.268878e+003,3.083350e+000
2.269360e+003,3.083719e+000
2.269843e+003,3.084681e+000
2.270324e+003,3.086171e+000
2.270807e+003,3.088097e+000
2.271289e+003,3.090353e+000
2.271771e+003,3.092820e+000
2.272253e+003,3.095364e+000
2.272735e+003,3.097832e+000
2.273217e+003,3.100062e+000
2.273699e+003,3.101898e+000
2.274182e+003,3.103209e+000
2.274664e+003,3.103915e+000
2.275146e+003,3.103990e+000
2.275628e+003,3.103470e+000
2.276110e+003,3.102448e+000
2.276592e+003,3.101069e+000
2.277074e+003,3.099512e+000
2.277556e+003,3.097974e+000
2.278039e+003,3.096648e+000
2.278521e+003,3.095696e+000
2.279003e+003,3.095217e+000
2.279485e+003,3.095230e+000
2.279967e+003,3.095678e+000
2.280449e+003,3.096432e+000
2.280931e+003,3.097333e+000
2.281413e+003,3.098222e+000
2.281896e+003,3.098971e+000
2.282378e+003,3.099507e+000
2.282860e+003,3.099803e+000
2.283342e+003,3.099873e+000
2.283824e+003,3.099754e+000
2.284306e+003,3.099502e+000
2.284788e+003,3.099197e+000
2.285271e+003,3.098953e+000
2.285752e+003,3.098927e+000
2.286235e+003,3.099321e+000
2.286717e+003,3.100344e+000
2.287199e+003,3.102173e+000
2.287681e+003,3.104895e+000
2.288163e+003,3.108449e+000
2.288645e+003,3.112607e+000
2.289127e+003,3.116985e+000
2.289610e+003,3.121094e+000
2.290092e+003,3.124421e+000
2.290574e+003,3.126525e+000
2.291056e+003,3.127113e+000
2.291538e+003,3.126093e+000
2.292020e+003,3.123583e+000
2.292502e+003,3.119880e+000
2.292984e+003,3.115396e+000
2.293467e+003,3.110584e+000
2.293949e+003,3.105870e+000
2.294431e+003,3.101596e+000
2.294913e+003,3.097995e+000
2.295395e+003,3.095187e+000
2.295877e+003,3.093198e+000
2.296359e+003,3.091985e+000
2.296841e+003,3.091463e+000
2.297323e+003,3.091527e+000
2.297806e+003,3.092064e+000
2.298288e+003,3.092955e+000
2.298770e+003,3.094073e+000
2.299252e+003,3.095269e+000
2.299734e+003,3.096361e+000
2.300216e+003,3.097140e+000
2.300698e+003,3.097364e+000
2.301180e+003,3.096788e+000
2.301663e+003,3.095200e+000
2.302145e+003,3.092468e+000
2.302627e+003,3.088585e+000
2.303109e+003,3.083693e+000
2.303591e+003,3.078078e+000
2.304073e+003,3.072131e+000
2.304555e+003,3.066263e+000
2.305038e+003,3.060819e+000
2.305520e+003,3.055998e+000
2.306002e+003,3.051801e+000
2.306484e+003,3.048042e+000
2.306966e+003,3.044397e+000
2.307448e+003,3.040503e+000
2.307930e+003,3.036057e+000
2.308412e+003,3.030896e+000
2.308895e+003,3.025043e+000
2.309377e+003,3.018696e+000
2.309859e+003,3.012184e+000
2.310341e+003,3.005888e+000
2.310823e+003,3.000170e+000
2.311305e+003,2.995302e+000
2.311787e+003,2.991423e+000
2.312269e+003,2.988517e+000
2.312751e+003,2.986425e+000
2.313234e+003,2.984876e+000
2.313716e+003,2.983550e+000
2.314198e+003,2.982150e+000
2.314680e+003,2.980470e+000
2.315162e+003,2.978444e+000
2.315644e+003,2.976153e+000
2.316126e+003,2.973778e+000
2.316608e+003,2.971515e+000
2.317091e+003,2.969483e+000
2.317573e+003,2.967646e+000
2.318055e+003,2.965790e+000
2.318537e+003,2.963571e+000
2.319019e+003,2.960630e+000
2.319501e+003,2.956724e+000
2.319983e+003,2.951834e+000
2.320466e+003,2.946211e+000
2.320948e+003,2.940310e+000
2.321430e+003,2.934663e+000
2.321912e+003,2.929698e+000
2.322394e+003,2.925608e+000
2.322876e+003,2.922286e+000
2.323358e+003,2.919356e+000
2.323840e+003,2.916288e+000
2.324323e+003,2.912539e+000
2.324805e+003,2.907686e+000
2.325287e+003,2.901486e+000
2.325769e+003,2.893903e+000
2.326251e+003,2.885074e+000
2.326733e+003,2.875282e+000
2.327215e+003,2.864919e+000
2.327697e+003,2.854483e+000
2.328179e+003,2.844569e+000
2.328662e+003,2.835844e+000
2.329144e+003,2.829005e+000
2.329626e+003,2.824669e+000
2.330108e+003,2.823269e+000
2.330590e+003,2.824916e+000
2.331072e+003,2.829315e+000
2.331554e+003,2.835746e+000
2.332036e+003,2.843114e+000
2.332519e+003,2.850113e+000
2.333001e+003,2.855427e+000
2.333483e+003,2.857957e+000
2.333965e+003,2.857045e+000
2.334447e+003,2.852606e+000
2.334929e+003,2.845180e+000
2.335411e+003,2.835835e+000
2.335894e+003,2.825966e+000
2.336375e+003,2.817008e+000
2.336858e+003,2.810119e+000
2.337340e+003,2.805949e+000
2.337822e+003,2.804535e+000
2.338304e+003,2.805371e+000
2.338786e+003,2.807595e+000
2.339268e+003,2.810248e+000
2.339750e+003,2.812511e+000
2.340233e+003,2.813856e+000
2.340715e+003,2.814100e+000
2.341197e+003,2.813365e+000
2.341679e+003,2.812019e+000
2.342161e+003,2.810605e+000
2.342643e+003,2.809788e+000
2.343125e+003,2.810297e+000
2.343607e+003,2.812827e+000
2.344090e+003,2.817867e+000
2.344572e+003,2.825482e+000
2.345054e+003,2.835171e+000
2.345536e+003,2.845848e+000
2.346018e+003,2.856041e+000
2.346500e+003,2.864212e+000
2.346982e+003,2.869070e+000
2.347464e+003,2.869771e+000
2.347947e+003,2.865971e+000
2.348429e+003,2.857762e+000
2.348911e+003,2.845576e+000
2.349393e+003,2.830085e+000
2.349875e+003,2.812145e+000
2.350357e+003,2.792745e+000
2.350839e+003,2.772966e+000
2.351322e+003,2.753915e+000
2.351803e+003,2.736601e+000
2.352286e+003,2.721785e+000
2.352768e+003,2.709829e+000
2.353250e+003,2.700600e+000
2.353732e+003,2.693506e+000
2.354214e+003,2.687620e+000
2.354696e+003,2.681888e+000
2.355178e+003,2.675347e+000
2.355661e+003,2.667315e+000
2.356143e+003,2.657480e+000
2.356625e+003,2.645953e+000
2.357107e+003,2.633233e+000
2.357589e+003,2.620127e+000
2.358071e+003,2.607638e+000
2.358553e+003,2.596836e+000
2.359035e+003,2.588702e+000
2.359518e+003,2.583994e+000
2.360000e+003,2.583127e+000
2.360482e+003,2.586098e+000
2.360964e+003,2.592490e+000
2.361446e+003,2.601534e+000
2.361928e+003,2.612247e+000
2.362410e+003,2.623578e+000
2.362892e+003,2.634537e+000
2.363375e+003,2.644346e+000
2.363857e+003,2.652472e+000
2.364339e+003,2.658673e+000
2.364821e+003,2.662967e+000
2.365303e+003,2.665593e+000
2.365785e+003,2.666955e+000
2.366267e+003,2.667559e+000
2.366750e+003,2.667952e+000
2.367232e+003,2.668666e+000
2.367714e+003,2.670148e+000
2.368196e+003,2.672706e+000
2.368678e+003,2.676470e+000
2.369160e+003,2.681387e+000
2.369642e+003,2.687246e+000
2.370124e+003,2.693742e+000
2.370606e+003,2.700555e+000
2.371089e+003,2.707450e+000
2.371571e+003,2.714324e+000
2.372053e+003,2.721235e+000
2.372535e+003,2.728372e+000
2.373017e+003,2.735980e+000
2.373499e+003,2.744262e+000
2.373981e+003,2.753278e+000
2.374463e+003,2.762903e+000
2.374946e+003,2.772815e+000
2.375428e+003,2.782558e+000
2.375910e+003,2.791651e+000
2.376392e+003,2.799687e+000
2.376874e+003,2.806444e+000
2.377356e+003,2.811906e+000
2.377838e+003,2.816247e+000
2.378321e+003,2.819754e+000
2.378802e+003,2.822728e+000
2.379285e+003,2.825387e+000
2.379767e+003,2.827818e+000
2.380249e+003,2.829967e+000
2.380731e+003,2.831686e+000
2.381213e+003,2.832807e+000
2.381695e+003,2.833220e+000
2.382177e+003,2.832920e+000
2.382660e+003,2.832037e+000
2.383142e+003,2.830810e+000
2.383624e+003,2.829540e+000
2.384106e+003,2.828529e+000
2.384588e+003,2.828025e+000
2.385070e+003,2.828178e+000
2.385552e+003,2.829014e+000
2.386034e+003,2.830436e+000
2.386517e+003,2.832234e+000
2.386999e+003,2.834113e+000
2.387481e+003,2.835728e+000
2.387963e+003,2.836739e+000
2.388445e+003,2.836868e+000
2.388927e+003,2.835949e+000
2.389409e+003,2.833974e+000
2.389891e+003,2.831101e+000
2.390374e+003,2.827632e+000
2.390856e+003,2.823957e+000
2.391338e+003,2.820472e+000
2.391820e+003,2.817499e+000
2.392302e+003,2.815219e+000
2.392784e+003,2.813650e+000
2.393266e+003,2.812660e+000
2.393749e+003,2.812012e+000
2.394230e+003,2.811434e+000
2.394713e+003,2.810677e+000
2.395195e+003,2.809570e+000
2.395677e+003,2.808032e+000
2.396159e+003,2.806082e+000
2.396641e+003,2.803804e+000
2.397123e+003,2.801328e+000
2.397605e+003,2.798791e+000
2.398088e+003,2.796312e+000
2.398570e+003,2.793970e+000
2.399052e+003,2.791794e+000
2.399534e+003,2.789771e+000
2.400016e+003,2.787853e+000
2.400498e+003,2.785986e+000
2.400980e+003,2.784139e+000
2.401462e+003,2.782311e+000
2.401945e+003,2.780550e+000
2.402427e+003,2.778928e+000
2.402909e+003,2.777527e+000
2.403391e+003,2.776393e+000
2.403873e+003,2.775523e+000
2.404355e+003,2.774847e+000
2.404837e+003,2.774243e+000
2.405319e+003,2.773567e+000
2.405802e+003,2.772682e+000
2.406284e+003,2.771487e+000
2.406766e+003,2.769937e+000
2.407248e+003,2.768029e+000
2.407730e+003,2.765801e+000
2.408212e+003,2.763314e+000
2.408694e+003,2.760654e+000
2.409177e+003,2.757925e+000
2.409658e+003,2.755260e+000
2.410141e+003,2.752815e+000
2.410623e+003,2.750747e+000
2.411105e+003,2.749186e+000
2.411587e+003,2.748195e+000
2.412069e+003,2.747740e+000
2.412551e+003,2.747691e+000
2.413033e+003,2.747843e+000
2.413516e+003,2.747970e+000
2.413998e+003,2.747885e+000
2.414480e+003,2.747487e+000
2.414962e+003,2.746786e+000
2.415444e+003,2.745885e+000
2.415926e+003,2.744944e+000
2.416408e+003,2.744119e+000
2.416890e+003,2.743511e+000
2.417373e+003,2.743142e+000
2.417855e+003,2.742948e+000
2.418337e+003,2.742800e+000
2.418819e+003,2.742540e+000
2.419301e+003,2.742012e+000
2.419783e+003,2.741094e+000
2.420265e+003,2.739722e+000
2.420747e+003,2.737898e+000
2.421229e+003,2.735703e+000
2.421712e+003,2.733288e+000
2.422194e+003,2.730870e+000
2.422676e+003,2.728696e+000
2.423158e+003,2.727012e+000
2.423640e+003,2.726017e+000
2.424122e+003,2.725826e+000
2.424604e+003,2.726446e+000
2.425086e+003,2.727777e+000
2.425569e+003,2.729637e+000
2.426051e+003,2.731793e+000
2.426533e+003,2.733994e+000
2.427015e+003,2.736004e+000
2.427497e+003,2.737611e+000
2.427979e+003,2.738642e+000
2.428461e+003,2.738972e+000
2.428944e+003,2.738554e+000
2.429426e+003,2.737441e+000
2.429908e+003,2.735808e+000
2.430390e+003,2.733951e+000
2.430872e+003,2.732239e+000
2.431354e+003,2.731041e+000
2.431836e+003,2.730628e+000
2.432318e+003,2.731087e+000
2.432801e+003,2.732284e+000
2.433283e+003,2.733886e+000
2.433765e+003,2.735455e+000
2.434247e+003,2.736576e+000
2.434729e+003,2.736985e+000
2.435211e+003,2.736655e+000
2.435693e+003,2.735801e+000
2.436175e+003,2.734816e+000
2.436657e+003,2.734146e+000
2.437140e+003,2.734157e+000
2.437622e+003,2.735028e+000
2.438104e+003,2.736696e+000
2.438586e+003,2.738904e+000
2.439068e+003,2.741271e+000
2.439550e+003,2.743412e+000
2.440032e+003,2.745039e+000
2.440514e+003,2.746042e+000
2.440997e+003,2.746497e+000
2.441479e+003,2.746636e+000
2.441961e+003,2.746783e+000
2.442443e+003,2.747264e+000
2.442925e+003,2.748335e+000
2.443407e+003,2.750125e+000
2.443889e+003,2.752612e+000
2.444372e+003,2.755638e+000
2.444854e+003,2.758941e+000
2.445336e+003,2.762206e+000
2.445818e+003,2.765122e+000
2.446300e+003,2.767442e+000
2.446782e+003,2.769013e+000
2.447264e+003,2.769807e+000
2.447746e+003,2.769922e+000
2.448229e+003,2.769572e+000
2.448711e+003,2.769043e+000
2.449193e+003,2.768658e+000
2.449675e+003,2.768699e+000
2.450157e+003,2.769354e+000
2.450639e+003,2.770654e+000
2.451121e+003,2.772458e+000
2.451604e+003,2.774453e+000
2.452085e+003,2.776228e+000
2.452568e+003,2.777365e+000
2.453050e+003,2.777547e+000
2.453532e+003,2.776660e+000
2.454014e+003,2.774834e+000
2.454496e+003,2.772424e+000
2.454978e+003,2.769927e+000
2.455460e+003,2.767848e+000
2.455943e+003,2.766571e+000
2.456425e+003,2.766261e+000
2.456907e+003,2.766836e+000
2.457389e+003,2.768016e+000
2.457871e+003,2.769424e+000
2.458353e+003,2.770717e+000
2.458835e+003,2.771692e+000
2.459317e+003,2.772334e+000
2.459800e+003,2.772815e+000
2.460282e+003,2.773402e+000
2.460764e+003,2.774374e+000
2.461246e+003,2.775906e+000
2.461728e+003,2.778030e+000
2.462210e+003,2.780613e+000
2.462692e+003,2.783412e+000
2.463174e+003,2.786150e+000
2.463656e+003,2.788605e+000
2.464139e+003,2.790661e+000
2.464621e+003,2.792337e+000
2.465103e+003,2.793749e+000
2.465585e+003,2.795057e+000
2.466067e+003,2.796389e+000
2.466549e+003,2.797784e+000
2.467031e+003,2.799166e+000
2.467513e+003,2.800375e+000
2.467996e+003,2.801219e+000
2.468478e+003,2.801556e+000
2.468960e+003,2.801353e+000
2.469442e+003,2.800723e+000
2.469924e+003,2.799897e+000
2.470406e+003,2.799170e+000
2.470888e+003,2.798806e+000
2.471371e+003,2.798969e+000
2.471853e+003,2.799671e+000
2.472335e+003,2.800775e+000
2.472817e+003,2.802039e+000
2.473299e+003,2.803190e+000
2.473781e+003,2.803989e+000
2.474263e+003,2.804287e+000
2.474745e+003,2.804029e+000
2.475228e+003,2.803254e+000
2.475710e+003,2.802054e+000
2.476192e+003,2.800557e+000
2.476674e+003,2.798911e+000
2.477156e+003,2.797281e+000
2.477638e+003,2.795855e+000
2.478120e+003,2.794835e+000
2.478602e+003,2.794419e+000
2.479084e+003,2.794759e+000
2.479567e+003,2.795927e+000
2.480049e+003,2.797872e+000
2.480531e+003,2.800422e+000
2.481013e+003,2.803308e+000
2.481495e+003,2.806211e+000
2.481977e+003,2.808825e+000
2.482459e+003,2.810916e+000
2.482941e+003,2.812358e+000
2.483424e+003,2.813141e+000
2.483906e+003,2.813364e+000
2.484388e+003,2.813193e+000
2.484870e+003,2.812832e+000
2.485352e+003,2.812484e+000
2.485834e+003,2.812320e+000
2.486316e+003,2.812464e+000
2.486799e+003,2.812989e+000
2.487281e+003,2.813915e+000
2.487763e+003,2.815224e+000
2.488245e+003,2.816865e+000
2.488727e+003,2.818777e+000
2.489209e+003,2.820889e+000
2.489691e+003,2.823125e+000
2.490173e+003,2.825402e+000
2.490656e+003,2.827624e+000
2.491138e+003,2.829671e+000
2.491620e+003,2.831413e+000
2.492102e+003,2.832700e+000
2.492584e+003,2.833398e+000
2.493066e+003,2.833395e+000
2.493548e+003,2.832628e+000
2.494030e+003,2.831093e+000
2.494512e+003,2.828859e+000
2.494995e+003,2.826059e+000
2.495477e+003,2.822896e+000
2.495959e+003,2.819619e+000
2.496441e+003,2.816510e+000
2.496923e+003,2.813848e+000
2.497405e+003,2.811879e+000
2.497887e+003,2.810772e+000
2.498370e+003,2.810589e+000
2.498852e+003,2.811265e+000
2.499334e+003,2.812619e+000
2.499816e+003,2.814376e+000
2.500298e+003,2.816224e+000
2.500780e+003,2.817859e+000
2.501262e+003,2.819041e+000
2.501744e+003,2.819611e+000
2.502227e+003,2.819510e+000
2.502709e+003,2.818751e+000
2.503191e+003,2.817412e+000
2.503673e+003,2.815599e+000
2.504155e+003,2.813437e+000
2.504637e+003,2.811060e+000
2.505119e+003,2.808609e+000
2.505601e+003,2.806226e+000
2.506083e+003,2.804042e+000
2.506566e+003,2.802159e+000
2.507048e+003,2.800633e+000
2.507530e+003,2.799450e+000
2.508012e+003,2.798531e+000
2.508494e+003,2.797740e+000
2.508976e+003,2.796912e+000
2.509458e+003,2.795890e+000
2.509940e+003,2.794568e+000
2.510423e+003,2.792900e+000
2.510905e+003,2.790921e+000
2.511387e+003,2.788723e+000
2.511869e+003,2.786427e+000
2.512351e+003,2.784153e+000
2.512833e+003,2.781984e+000
2.513315e+003,2.779957e+000
2.513798e+003,2.778072e+000
2.514280e+003,2.776309e+000
2.514762e+003,2.774664e+000
2.515244e+003,2.773165e+000
2.515726e+003,2.771886e+000
2.516208e+003,2.770924e+000
2.516690e+003,2.770375e+000
2.517172e+003,2.770284e+000
2.517655e+003,2.770634e+000
2.518137e+003,2.771324e+000
2.518619e+003,2.772203e+000
2.519101e+003,2.773094e+000
2.519583e+003,2.773844e+000
2.520065e+003,2.774346e+000
2.520547e+003,2.774549e+000
2.521029e+003,2.774433e+000
2.521511e+003,2.773998e+000
2.521994e+003,2.773232e+000
2.522476e+003,2.772110e+000
2.522958e+003,2.770605e+000
2.523440e+003,2.768728e+000
2.523922e+003,2.766536e+000
2.524404e+003,2.764155e+000
2.524886e+003,2.761745e+000
2.525368e+003,2.759479e+000
2.525851e+003,2.757479e+000
2.526333e+003,2.755793e+000
2.526815e+003,2.754375e+000
2.527297e+003,2.753114e+000
2.527779e+003,2.751864e+000
2.528261e+003,2.750499e+000
2.528743e+003,2.748938e+000
2.529226e+003,2.747162e+000
2.529708e+003,2.745201e+000
2.530190e+003,2.743118e+000
2.530672e+003,2.740976e+000
2.531154e+003,2.738833e+000
2.531636e+003,2.736738e+000
2.532118e+003,2.734743e+000
2.532600e+003,2.732901e+000
2.533083e+003,2.731278e+000
2.533565e+003,2.729935e+000
2.534047e+003,2.728905e+000
2.534529e+003,2.728174e+000
2.535011e+003,2.727664e+000
2.535493e+003,2.727231e+000
2.535975e+003,2.726680e+000
2.536457e+003,2.725792e+000
2.536939e+003,2.724374e+000
2.537422e+003,2.722290e+000
2.537904e+003,2.719503e+000
2.538386e+003,2.716105e+000
2.538868e+003,2.712308e+000
2.539350e+003,2.708425e+000
2.539832e+003,2.704823e+000
2.540314e+003,2.701836e+000
2.540796e+003,2.699709e+000
2.541279e+003,2.698518e+000
2.541761e+003,2.698144e+000
2.542243e+003,2.698287e+000
2.542725e+003,2.698518e+000
2.543207e+003,2.698371e+000
2.543689e+003,2.697443e+000
2.544171e+003,2.695473e+000
2.544654e+003,2.692395e+000
2.545135e+003,2.688335e+000
2.545618e+003,2.683578e+000
2.546100e+003,2.678494e+000
2.546582e+003,2.673463e+000
2.547064e+003,2.668813e+000
2.547546e+003,2.664775e+000
2.548028e+003,2.661465e+000
2.548510e+003,2.658900e+000
2.548993e+003,2.657009e+000
2.549475e+003,2.655675e+000
2.549957e+003,2.654748e+000
2.550439e+003,2.654078e+000
2.550921e+003,2.653517e+000
2.551403e+003,2.652934e+000
2.551885e+003,2.652210e+000
2.552367e+003,2.651248e+000
2.552850e+003,2.649972e+000
2.553332e+003,2.648338e+000
2.553814e+003,2.646338e+000
2.554296e+003,2.643998e+000
2.554778e+003,2.641387e+000
2.555260e+003,2.638603e+000
2.555742e+003,2.635766e+000
2.556224e+003,2.633008e+000
2.556707e+003,2.630460e+000
2.557189e+003,2.628250e+000
2.557671e+003,2.626496e+000
2.558153e+003,2.625297e+000
2.558635e+003,2.624720e+000
2.559117e+003,2.624774e+000
2.559599e+003,2.625383e+000
2.560082e+003,2.626370e+000
2.560563e+003,2.627459e+000
2.561046e+003,2.628307e+000
2.561528e+003,2.628566e+000
2.562010e+003,2.627965e+000
2.562492e+003,2.626384e+000
2.562974e+003,2.623898e+000
2.563456e+003,2.620768e+000
2.563938e+003,2.617389e+000
2.564421e+003,2.614187e+000
2.564903e+003,2.611522e+000
2.565385e+003,2.609591e+000
2.565867e+003,2.608408e+000
2.566349e+003,2.607816e+000
2.566831e+003,2.607557e+000
2.567313e+003,2.607347e+000
2.567795e+003,2.606966e+000
2.568278e+003,2.606284e+000
2.568760e+003,2.605276e+000
2.569242e+003,2.603983e+000
2.569724e+003,2.602480e+000
2.570206e+003,2.600837e+000
2.570688e+003,2.599108e+000
2.571170e+003,2.597331e+000
2.571652e+003,2.595547e+000
2.572135e+003,2.593792e+000
2.572617e+003,2.592109e+000
2.573099e+003,2.590509e+000
2.573581e+003,2.588962e+000
2.574063e+003,2.587389e+000
2.574545e+003,2.585673e+000
2.575027e+003,2.583709e+000
2.575510e+003,2.581452e+000
2.575991e+003,2.578956e+000
2.576474e+003,2.576388e+000
2.576956e+003,2.574006e+000
2.577438e+003,2.572083e+000
2.577920e+003,2.570835e+000
2.578402e+003,2.570352e+000
2.578884e+003,2.570556e+000
2.579366e+003,2.571220e+000
2.579849e+003,2.572018e+000
2.580331e+003,2.572616e+000
2.580813e+003,2.572736e+000
2.581295e+003,2.572232e+000
2.581777e+003,2.571094e+000
2.582259e+003,2.569441e+000
2.582741e+003,2.567463e+000
2.583223e+003,2.565387e+000
2.583706e+003,2.563413e+000
2.584188e+003,2.561696e+000
2.584670e+003,2.560327e+000
2.585152e+003,2.559340e+000
2.585634e+003,2.558717e+000
2.586116e+003,2.558402e+000
2.586598e+003,2.558305e+000
2.587080e+003,2.558329e+000
2.587563e+003,2.558372e+000
2.588045e+003,2.558353e+000
2.588527e+003,2.558214e+000
2.589009e+003,2.557936e+000
2.589491e+003,2.557528e+000
2.589973e+003,2.557025e+000
2.590455e+003,2.556463e+000
2.590938e+003,2.555881e+000
2.591419e+003,2.555303e+000
2.591902e+003,2.554749e+000
2.592384e+003,2.554228e+000
2.592866e+003,2.553748e+000
2.593348e+003,2.553303e+000
2.593830e+003,2.552871e+000
2.594312e+003,2.552400e+000
2.594794e+003,2.551827e+000
2.595277e+003,2.551084e+000
2.595759e+003,2.550139e+000
2.596241e+003,2.549026e+000
2.596723e+003,2.547859e+000
2.597205e+003,2.546837e+000
2.597687e+003,2.546200e+000
2.598169e+003,2.546172e+000
2.598651e+003,2.546906e+000
2.599134e+003,2.548422e+000
2.599616e+003,2.550600e+000
2.600098e+003,2.553199e+000
2.600580e+003,2.555922e+000
2.601062e+003,2.558481e+000
2.601544e+003,2.560667e+000
2.602026e+003,2.562383e+000
2.602508e+003,2.563642e+000
2.602990e+003,2.564523e+000
2.603473e+003,2.565111e+000
2.603955e+003,2.565430e+000
2.604437e+003,2.565411e+000
2.604919e+003,2.564893e+000
2.605401e+003,2.563668e+000
2.605883e+003,2.561562e+000
2.606365e+003,2.558525e+000
2.606847e+003,2.554700e+000
2.607330e+003,2.550447e+000
2.607812e+003,2.546309e+000
2.608294e+003,2.542913e+000
2.608776e+003,2.540849e+000
2.609258e+003,2.540530e+000
2.609740e+003,2.542089e+000
2.610222e+003,2.545351e+000
2.610705e+003,2.549865e+000
2.611187e+003,2.555007e+000
2.611669e+003,2.560120e+000
2.612151e+003,2.564643e+000
2.612633e+003,2.568197e+000
2.613115e+003,2.570626e+000
2.613597e+003,2.571954e+000
2.614079e+003,2.572329e+000
2.614562e+003,2.571937e+000
2.615044e+003,2.570948e+000
2.615526e+003,2.569488e+000
2.616008e+003,2.567646e+000
2.616490e+003,2.565501e+000
2.616972e+003,2.563151e+000
2.617454e+003,2.560721e+000
2.617936e+003,2.558363e+000
2.618418e+003,2.556226e+000
2.618901e+003,2.554439e+000
2.619383e+003,2.553087e+000
2.619865e+003,2.552207e+000
2.620347e+003,2.551797e+000
2.620829e+003,2.551825e+000
2.621311e+003,2.552244e+000
2.621793e+003,2.553005e+000
2.622276e+003,2.554048e+000
2.622758e+003,2.555321e+000
2.623240e+003,2.556770e+000
2.623722e+003,2.558356e+000
2.624204e+003,2.560055e+000
2.624686e+003,2.561866e+000
2.625168e+003,2.563794e+000
2.625650e+003,2.565849e+000
2.626133e+003,2.568005e+000
2.626615e+003,2.570197e+000
2.627097e+003,2.572297e+000
2.627579e+003,2.574123e+000
2.628061e+003,2.575472e+000
2.628543e+003,2.576150e+000
2.629025e+003,2.576025e+000
2.629507e+003,2.575078e+000
2.629990e+003,2.573424e+000
2.630472e+003,2.571321e+000
2.630954e+003,2.569134e+000
2.631436e+003,2.567273e+000
2.631918e+003,2.566109e+000
2.632400e+003,2.565885e+000
2.632882e+003,2.566648e+000
2.633364e+003,2.568234e+000
2.633846e+003,2.570295e+000
2.634329e+003,2.572381e+000
2.634811e+003,2.574060e+000
2.635293e+003,2.575030e+000
2.635775e+003,2.575193e+000
2.636257e+003,2.574689e+000
2.636739e+003,2.573839e+000
2.637221e+003,2.573063e+000
2.637704e+003,2.572756e+000
2.638186e+003,2.573192e+000
2.638668e+003,2.574453e+000
2.639150e+003,2.576438e+000
2.639632e+003,2.578896e+000
2.640114e+003,2.581512e+000
2.640596e+003,2.583975e+000
2.641078e+003,2.586050e+000
2.641561e+003,2.587596e+000
2.642043e+003,2.588564e+000
2.642525e+003,2.588961e+000
2.643007e+003,2.588813e+000
2.643489e+003,2.588127e+000
2.643971e+003,2.586878e+000
2.644453e+003,2.585015e+000
2.644935e+003,2.582491e+000
2.645417e+003,2.579301e+000
2.645900e+003,2.575518e+000
2.646382e+003,2.571318e+000
2.646864e+003,2.566976e+000
2.647346e+003,2.562832e+000
2.647828e+003,2.559245e+000
2.648310e+003,2.556515e+000
2.648792e+003,2.554839e+000
2.649274e+003,2.554267e+000
2.649757e+003,2.554706e+000
2.650239e+003,2.555948e+000
2.650721e+003,2.557723e+000
2.651203e+003,2.559746e+000
2.651685e+003,2.561760e+000
2.652167e+003,2.563545e+000
2.652649e+003,2.564925e+000
2.653132e+003,2.565741e+000
2.653614e+003,2.565860e+000
2.654096e+003,2.565178e+000
2.654578e+003,2.563660e+000
2.655060e+003,2.561363e+000
2.655542e+003,2.558466e+000
2.656024e+003,2.555257e+000
2.656506e+003,2.552106e+000
2.656989e+003,2.549388e+000
2.657471e+003,2.547420e+000
2.657953e+003,2.546393e+000
2.658435e+003,2.546353e+000
2.658917e+003,2.547204e+000
2.659399e+003,2.548751e+000
2.659881e+003,2.550750e+000
2.660363e+003,2.552969e+000
2.660845e+003,2.555207e+000
2.661328e+003,2.557313e+000
2.661810e+003,2.559170e+000
2.662292e+003,2.560692e+000
2.662774e+003,2.561804e+000
2.663256e+003,2.562459e+000
2.663738e+003,2.562649e+000
2.664220e+003,2.562437e+000
2.664702e+003,2.561957e+000
2.665185e+003,2.561413e+000
2.665667e+003,2.561032e+000
2.666149e+003,2.561016e+000
2.666631e+003,2.561468e+000
2.667113e+003,2.562346e+000
2.667595e+003,2.563441e+000
2.668077e+003,2.564403e+000
2.668560e+003,2.564812e+000
2.669042e+003,2.564273e+000
2.669524e+003,2.562514e+000
2.670006e+003,2.559462e+000
2.670488e+003,2.555279e+000
2.670970e+003,2.550336e+000
2.671452e+003,2.545140e+000
2.671934e+003,2.540245e+000
2.672417e+003,2.536137e+000
2.672899e+003,2.533170e+000
2.673381e+003,2.531511e+000
2.673863e+003,2.531143e+000
2.674345e+003,2.531887e+000
2.674827e+003,2.533452e+000
2.675309e+003,2.535480e+000
2.675791e+003,2.537602e+000
2.676273e+003,2.539468e+000
2.676756e+003,2.540788e+000
2.677238e+003,2.541360e+000
2.677720e+003,2.541090e+000
2.678202e+003,2.540001e+000
2.678684e+003,2.538226e+000
2.679166e+003,2.535974e+000
2.679648e+003,2.533493e+000
2.680130e+003,2.531007e+000
2.680613e+003,2.528684e+000
2.681095e+003,2.526595e+000
2.681577e+003,2.524724e+000
2.682059e+003,2.522987e+000
2.682541e+003,2.521275e+000
2.683023e+003,2.519487e+000
2.683505e+003,2.517573e+000
2.683988e+003,2.515527e+000
2.684469e+003,2.513381e+000
2.684952e+003,2.511173e+000
2.685434e+003,2.508918e+000
2.685916e+003,2.506583e+000
2.686398e+003,2.504103e+000
2.686880e+003,2.501388e+000
2.687362e+003,2.498384e+000
2.687844e+003,2.495108e+000
2.688327e+003,2.491675e+000
2.688809e+003,2.488289e+000
2.689291e+003,2.485206e+000
2.689773e+003,2.482653e+000
2.690255e+003,2.480760e+000
2.690737e+003,2.479488e+000
2.691219e+003,2.478633e+000
2.691701e+003,2.477860e+000
2.692184e+003,2.476807e+000
2.692666e+003,2.475190e+000
2.693148e+003,2.472915e+000
2.693630e+003,2.470117e+000
2.694112e+003,2.467145e+000
2.694594e+003,2.464463e+000
2.695076e+003,2.462533e+000
2.695558e+003,2.461669e+000
2.696041e+003,2.461956e+000
2.696523e+003,2.463212e+000
2.697005e+003,2.465036e+000
2.697487e+003,2.466893e+000
2.697969e+003,2.468245e+000
2.698451e+003,2.468645e+000
2.698933e+003,2.467822e+000
2.699416e+003,2.465712e+000
2.699897e+003,2.462449e+000
2.700380e+003,2.458322e+000
2.700862e+003,2.453711e+000
2.701344e+003,2.449013e+000
2.701826e+003,2.444579e+000
2.702308e+003,2.440638e+000
2.702790e+003,2.437271e+000
2.703272e+003,2.434403e+000
2.703755e+003,2.431838e+000
2.704237e+003,2.429313e+000
2.704719e+003,2.426591e+000
2.705201e+003,2.423527e+000
2.705683e+003,2.420113e+000
2.706165e+003,2.416482e+000
2.706647e+003,2.412870e+000
2.707129e+003,2.409537e+000
2.707612e+003,2.406697e+000
2.708094e+003,2.404454e+000
2.708576e+003,2.402781e+000
2.709058e+003,2.401531e+000
2.709540e+003,2.400479e+000
2.710022e+003,2.399373e+000
2.710504e+003,2.397997e+000
2.710986e+003,2.396195e+000
2.711469e+003,2.393905e+000
2.711951e+003,2.391163e+000
2.712433e+003,2.388101e+000
2.712915e+003,2.384928e+000
2.713397e+003,2.381906e+000
2.713879e+003,2.379305e+000
2.714361e+003,2.377360e+000
2.714844e+003,2.376213e+000
2.715325e+003,2.375886e+000
2.715808e+003,2.376261e+000
2.716290e+003,2.377103e+000
2.716772e+003,2.378105e+000
2.717254e+003,2.378950e+000
2.717736e+003,2.379364e+000
2.718218e+003,2.379170e+000
2.718700e+003,2.378297e+000
2.719183e+003,2.376776e+000
2.719665e+003,2.374699e+000
2.720147e+003,2.372188e+000
2.720629e+003,2.369352e+000
2.721111e+003,2.366263e+000
2.721593e+003,2.362948e+000
2.722075e+003,2.359409e+000
2.722557e+003,2.355634e+000
2.723040e+003,2.351644e+000
2.723522e+003,2.347509e+000
2.724004e+003,2.343374e+000
2.724486e+003,2.339438e+000
2.724968e+003,2.335928e+000
2.725450e+003,2.333034e+000
2.725932e+003,2.330861e+000
2.726414e+003,2.329367e+000
2.726896e+003,2.328370e+000
2.727379e+003,2.327564e+000
2.727861e+003,2.326612e+000
2.728343e+003,2.325226e+000
2.728825e+003,2.323268e+000
2.729307e+003,2.320793e+000
2.729789e+003,2.318044e+000
2.730271e+003,2.315387e+000
2.730753e+003,2.313215e+000
2.731236e+003,2.311834e+000
2.731718e+003,2.311378e+000
2.732200e+003,2.311779e+000
2.732682e+003,2.312783e+000
2.733164e+003,2.314016e+000
2.733646e+003,2.315066e+000
2.734128e+003,2.315562e+000
2.734611e+003,2.315235e+000
2.735093e+003,2.313941e+000
2.735575e+003,2.311660e+000
2.736057e+003,2.308477e+000
2.736539e+003,2.304559e+000
2.737021e+003,2.300115e+000
2.737503e+003,2.295388e+000
2.737985e+003,2.290616e+000
2.738468e+003,2.286016e+000
2.738950e+003,2.281757e+000
2.739432e+003,2.277950e+000
2.739914e+003,2.274635e+000
2.740396e+003,2.271799e+000
2.740878e+003,2.269384e+000
2.741360e+003,2.267324e+000
2.741842e+003,2.265555e+000
2.742324e+003,2.264032e+000
2.742807e+003,2.262722e+000
2.743289e+003,2.261583e+000
2.743771e+003,2.260547e+000
2.744253e+003,2.259508e+000
2.744735e+003,2.258324e+000
2.745217e+003,2.256850e+000
2.745699e+003,2.254958e+000
2.746182e+003,2.252602e+000
2.746664e+003,2.249815e+000
2.747146e+003,2.246737e+000
2.747628e+003,2.243583e+000
2.748110e+003,2.240608e+000
2.748592e+003,2.238050e+000
2.749074e+003,2.236098e+000
2.749556e+003,2.234855e+000
2.750039e+003,2.234333e+000
2.750521e+003,2.234454e+000
2.751003e+003,2.235073e+000
2.751485e+003,2.235995e+000
2.751967e+003,2.236997e+000
2.752449e+003,2.237847e+000
2.752931e+003,2.238332e+000
2.753413e+003,2.238272e+000
2.753896e+003,2.237560e+000
2.754378e+003,2.236166e+000
2.754860e+003,2.234154e+000
2.755342e+003,2.231663e+000
2.755824e+003,2.228882e+000
2.756306e+003,2.226003e+000
2.756788e+003,2.223190e+000
2.757270e+003,2.220548e+000
2.757752e+003,2.218121e+000
2.758235e+003,2.215904e+000
2.758717e+003,2.213864e+000
2.759199e+003,2.211969e+000
2.759681e+003,2.210190e+000
2.760163e+003,2.208498e+000
2.760645e+003,2.206859e+000
2.761127e+003,2.205214e+000
2.761610e+003,2.203492e+000
2.762092e+003,2.201620e+000
2.762574e+003,2.199561e+000
2.763056e+003,2.197332e+000
2.763538e+003,2.195029e+000
2.764020e+003,2.192807e+000
2.764502e+003,2.190855e+000
2.764984e+003,2.189340e+000
2.765467e+003,2.188366e+000
2.765949e+003,2.187937e+000
2.766431e+003,2.187953e+000
2.766913e+003,2.188227e+000
2.767395e+003,2.188534e+000
2.767877e+003,2.188649e+000
2.768359e+003,2.188409e+000
2.768841e+003,2.187737e+000
2.769323e+003,2.186656e+000
2.769806e+003,2.185276e+000
2.770288e+003,2.183763e+000
2.770770e+003,2.182285e+000
2.771252e+003,2.180980e+000
2.771734e+003,2.179903e+000
2.772216e+003,2.179027e+000
2.772698e+003,2.178243e+000
2.773180e+003,2.177403e+000
2.773663e+003,2.176363e+000
2.774145e+003,2.175027e+000
2.774627e+003,2.173377e+000
2.775109e+003,2.171474e+000
2.775591e+003,2.169430e+000
2.776073e+003,2.167389e+000
2.776555e+003,2.165473e+000
2.777038e+003,2.163777e+000
2.777520e+003,2.162350e+000
2.778002e+003,2.161215e+000
2.778484e+003,2.160368e+000
2.778966e+003,2.159805e+000
2.779448e+003,2.159498e+000
2.779930e+003,2.159417e+000
2.780412e+003,2.159499e+000
2.780895e+003,2.159672e+000
2.781377e+003,2.159846e+000
2.781859e+003,2.159937e+000
2.782341e+003,2.159865e+000
2.782823e+003,2.159566e+000
2.783305e+003,2.158966e+000
2.783787e+003,2.157988e+000
2.784269e+003,2.156546e+000
2.784751e+003,2.154577e+000
2.785234e+003,2.152076e+000
2.785716e+003,2.149139e+000
2.786198e+003,2.145979e+000
2.786680e+003,2.142908e+000
2.787162e+003,2.140268e+000
2.787644e+003,2.138347e+000
2.788126e+003,2.137281e+000
2.788608e+003,2.137008e+000
2.789091e+003,2.137272e+000
2.789573e+003,2.137691e+000
2.790055e+003,2.137866e+000
2.790537e+003,2.137484e+000
2.791019e+003,2.136394e+000
2.791501e+003,2.134623e+000
2.791983e+003,2.132344e+000
2.792466e+003,2.129801e+000
2.792948e+003,2.127229e+000
2.793430e+003,2.124806e+000
2.793912e+003,2.122628e+000
2.794394e+003,2.120714e+000
2.794876e+003,2.119027e+000
2.795358e+003,2.117501e+000
2.795840e+003,2.116052e+000
2.796323e+003,2.114595e+000
2.796805e+003,2.113055e+000
2.797287e+003,2.111398e+000
2.797769e+003,2.109653e+000
2.798251e+003,2.107941e+000
2.798733e+003,2.106464e+000
2.799215e+003,2.105483e+000
2.799697e+003,2.105239e+000
2.800179e+003,2.105892e+000
2.800662e+003,2.107448e+000
2.801144e+003,2.109744e+000
2.801626e+003,2.112468e+000
2.802108e+003,2.115231e+000
2.802590e+003,2.117652e+000
2.803072e+003,2.119445e+000
2.803554e+003,2.120445e+000
2.804036e+003,2.120626e+000
2.804519e+003,2.120057e+000
2.805001e+003,2.118850e+000
2.805483e+003,2.117115e+000
2.805965e+003,2.114938e+000
2.806447e+003,2.112371e+000
2.806929e+003,2.109465e+000
2.807411e+003,2.106277e+000
2.807894e+003,2.102897e+000
2.808375e+003,2.099431e+000
2.808858e+003,2.096003e+000
2.809340e+003,2.092712e+000
2.809822e+003,2.089634e+000
2.810304e+003,2.086797e+000
2.810786e+003,2.084202e+000
2.811268e+003,2.081829e+000
2.811750e+003,2.079667e+000
2.812233e+003,2.077716e+000
2.812715e+003,2.076004e+000
2.813197e+003,2.074568e+000
2.813679e+003,2.073443e+000
2.814161e+003,2.072629e+000
2.814643e+003,2.072083e+000
2.815125e+003,2.071701e+000
2.815607e+003,2.071337e+000
2.816090e+003,2.070822e+000
2.816572e+003,2.069992e+000
2.817054e+003,2.068725e+000
2.817536e+003,2.066956e+000
2.818018e+003,2.064679e+000
2.818500e+003,2.061950e+000
2.818982e+003,2.058853e+000
2.819464e+003,2.055508e+000
2.819947e+003,2.052048e+000
2.820429e+003,2.048627e+000
2.820911e+003,2.045421e+000
2.821393e+003,2.042616e+000
2.821875e+003,2.040382e+000
2.822357e+003,2.038843e+000
2.822839e+003,2.038021e+000
2.823322e+003,2.037830e+000
2.823803e+003,2.038058e+000
2.824286e+003,2.038433e+000
2.824768e+003,2.038675e+000
2.825250e+003,2.038592e+000
2.825732e+003,2.038127e+000
2.826214e+003,2.037387e+000
2.826696e+003,2.036601e+000
2.827178e+003,2.036056e+000
2.827661e+003,2.035988e+000
2.828143e+003,2.036511e+000
2.828625e+003,2.037560e+000
2.829107e+003,2.038905e+000
2.829589e+003,2.040184e+000
2.830071e+003,2.041009e+000
2.830553e+003,2.041035e+000
2.831035e+003,2.040050e+000
2.831518e+003,2.038009e+000
2.832000e+003,2.035048e+000
2.832482e+003,2.031449e+000
2.832964e+003,2.027596e+000
2.833446e+003,2.023896e+000
2.833928e+003,2.020715e+000
2.834410e+003,2.018316e+000
2.834892e+003,2.016819e+000
2.835375e+003,2.016191e+000
2.835857e+003,2.016265e+000
2.836339e+003,2.016777e+000
2.836821e+003,2.017432e+000
2.837303e+003,2.017963e+000
2.837785e+003,2.018184e+000
2.838267e+003,2.018015e+000
2.838750e+003,2.017494e+000
2.839231e+003,2.016741e+000
2.839714e+003,2.015936e+000
2.840196e+003,2.015250e+000
2.840678e+003,2.014807e+000
2.841160e+003,2.014632e+000
2.841642e+003,2.014645e+000
2.842124e+003,2.014648e+000
2.842606e+003,2.014378e+000
2.843089e+003,2.013546e+000
2.843571e+003,2.011922e+000
2.844053e+003,2.009392e+000
2.844535e+003,2.005998e+000
2.845017e+003,2.001938e+000
2.845499e+003,1.997521e+000
2.845981e+003,1.993089e+000
2.846463e+003,1.988930e+000
2.846946e+003,1.985206e+000
2.847428e+003,1.981932e+000
2.847910e+003,1.978996e+000
2.848392e+003,1.976233e+000
2.848874e+003,1.973498e+000
2.849356e+003,1.970745e+000
2.849838e+003,1.968033e+000
2.850320e+003,1.965516e+000
2.850802e+003,1.963363e+000
2.851285e+003,1.961686e+000
2.851767e+003,1.960477e+000
2.852249e+003,1.959607e+000
2.852731e+003,1.958857e+000
2.853213e+003,1.957995e+000
2.853695e+003,1.956854e+000
2.854177e+003,1.955396e+000
2.854659e+003,1.953705e+000
2.855142e+003,1.951955e+000
2.855624e+003,1.950328e+000
2.856106e+003,1.948943e+000
2.856588e+003,1.947790e+000
2.857070e+003,1.946739e+000
2.857552e+003,1.945578e+000
2.858034e+003,1.944095e+000
2.858517e+003,1.942156e+000
2.858999e+003,1.939771e+000
2.859481e+003,1.937098e+000
2.859963e+003,1.934407e+000
2.860445e+003,1.932002e+000
2.860927e+003,1.930136e+000
2.861409e+003,1.928928e+000
2.861891e+003,1.928340e+000
2.862374e+003,1.928183e+000
2.862856e+003,1.928179e+000
2.863338e+003,1.928025e+000
2.863820e+003,1.927475e+000
2.864302e+003,1.926384e+000
2.864784e+003,1.924729e+000
2.865266e+003,1.922589e+000
2.865748e+003,1.920118e+000
2.866230e+003,1.917501e+000
2.866713e+003,1.914919e+000
2.867195e+003,1.912524e+000
2.867677e+003,1.910428e+000
2.868159e+003,1.908684e+000
2.868641e+003,1.907286e+000
2.869123e+003,1.906156e+000
2.869605e+003,1.905151e+000
2.870088e+003,1.904067e+000
2.870570e+003,1.902681e+000
2.871052e+003,1.900778e+000
2.871534e+003,1.898211e+000
2.872016e+003,1.894921e+000
2.872498e+003,1.890969e+000
2.872980e+003,1.886511e+000
2.873462e+003,1.881786e+000
2.873945e+003,1.877060e+000
2.874427e+003,1.872597e+000
2.874909e+003,1.868624e+000
2.875391e+003,1.865314e+000
2.875873e+003,1.862782e+000
2.876355e+003,1.861083e+000
2.876837e+003,1.860208e+000
2.877319e+003,1.860085e+000
2.877802e+003,1.860577e+000
2.878284e+003,1.861489e+000
2.878766e+003,1.862596e+000
2.879248e+003,1.863673e+000
2.879730e+003,1.864519e+000
2.880212e+003,1.865003e+000
2.880694e+003,1.865050e+000
2.881176e+003,1.864646e+000
2.881658e+003,1.863795e+000
2.882141e+003,1.862504e+000
2.882623e+003,1.860752e+000
2.883105e+003,1.858504e+000
2.883587e+003,1.855722e+000
2.884069e+003,1.852414e+000
2.884551e+003,1.848654e+000
2.885033e+003,1.844606e+000
2.885516e+003,1.840503e+000
2.885998e+003,1.836621e+000
2.886480e+003,1.833221e+000
2.886962e+003,1.830514e+000
2.887444e+003,1.828617e+000
2.887926e+003,1.827555e+000
2.888408e+003,1.827260e+000
2.888890e+003,1.827603e+000
2.889373e+003,1.828410e+000
2.889855e+003,1.829492e+000
2.890337e+003,1.830648e+000
2.890819e+003,1.831683e+000
2.891301e+003,1.832406e+000
2.891783e+003,1.832667e+000
2.892265e+003,1.832363e+000
2.892747e+003,1.831469e+000
2.893229e+003,1.830039e+000
2.893712e+003,1.828203e+000
2.894194e+003,1.826132e+000
2.894676e+003,1.823991e+000
2.895158e+003,1.821884e+000
2.895640e+003,1.819828e+000
2.896122e+003,1.817733e+000
2.896604e+003,1.815443e+000
2.897086e+003,1.812773e+000
2.897569e+003,1.809585e+000
2.898051e+003,1.805833e+000
2.898533e+003,1.801594e+000
2.899015e+003,1.797057e+000
2.899497e+003,1.792482e+000
2.899979e+003,1.788134e+000
2.900461e+003,1.784229e+000
2.900944e+003,1.780887e+000
2.901426e+003,1.778133e+000
2.901908e+003,1.775908e+000
2.902390e+003,1.774121e+000
2.902872e+003,1.772675e+000
2.903354e+003,1.771512e+000
2.903836e+003,1.770605e+000
2.904318e+003,1.769947e+000
2.904801e+003,1.769514e+000
2.905283e+003,1.769246e+000
2.905765e+003,1.769028e+000
2.906247e+003,1.768705e+000
2.906729e+003,1.768113e+000
2.907211e+003,1.767130e+000
2.907693e+003,1.765703e+000
2.908175e+003,1.763881e+000
2.908657e+003,1.761802e+000
2.909140e+003,1.759669e+000
2.909622e+003,1.757701e+000
2.910104e+003,1.756090e+000
2.910586e+003,1.754961e+000
2.911068e+003,1.754355e+000
2.911550e+003,1.754225e+000
2.912032e+003,1.754454e+000
2.912514e+003,1.754878e+000
2.912997e+003,1.755308e+000
2.913479e+003,1.755547e+000
2.913961e+003,1.755408e+000
2.914443e+003,1.754725e+000
2.914925e+003,1.753375e+000
2.915407e+003,1.751288e+000
2.915889e+003,1.748474e+000
2.916372e+003,1.745031e+000
2.916854e+003,1.741139e+000
2.917336e+003,1.737046e+000
2.917818e+003,1.733027e+000
2.918300e+003,1.729330e+000
2.918782e+003,1.726148e+000
2.919264e+003,1.723576e+000
2.919746e+003,1.721606e+000
2.920229e+003,1.720146e+000
2.920711e+003,1.719049e+000
2.921193e+003,1.718146e+000
2.921675e+003,1.717295e+000
2.922157e+003,1.716390e+000
2.922639e+003,1.715388e+000
2.923121e+003,1.714297e+000
2.923603e+003,1.713178e+000
2.924085e+003,1.712126e+000
2.924568e+003,1.711262e+000
2.925050e+003,1.710702e+000
2.925532e+003,1.710547e+000
2.926014e+003,1.710845e+000
2.926496e+003,1.711581e+000
2.926978e+003,1.712655e+000
2.927460e+003,1.713895e+000
2.927942e+003,1.715078e+000
2.928425e+003,1.715979e+000
2.928907e+003,1.716406e+000
2.929389e+003,1.716254e+000
2.929871e+003,1.715515e+000
2.930353e+003,1.714281e+000
2.930835e+003,1.712717e+000
2.931317e+003,1.711027e+000
2.931800e+003,1.709406e+000
2.932281e+003,1.708013e+000
2.932764e+003,1.706952e+000
2.933246e+003,1.706279e+000
2.933728e+003,1.705991e+000
2.934210e+003,1.706064e+000
2.934692e+003,1.706446e+000
2.935174e+003,1.707070e+000
2.935656e+003,1.707858e+000
2.936139e+003,1.708719e+000
2.936621e+003,1.709562e+000
2.937103e+003,1.710302e+000
2.937585e+003,1.710867e+000
2.938067e+003,1.711216e+000
2.938549e+003,1.711332e+000
2.939031e+003,1.711227e+000
2.939513e+003,1.710917e+000
2.939996e+003,1.710425e+000
2.940478e+003,1.709761e+000
2.940960e+003,1.708929e+000
2.941442e+003,1.707929e+000
2.941924e+003,1.706784e+000
2.942406e+003,1.705549e+000
2.942888e+003,1.704326e+000
2.943370e+003,1.703250e+000
2.943853e+003,1.702475e+000
2.944335e+003,1.702125e+000
2.944817e+003,1.702265e+000
2.945299e+003,1.702860e+000
2.945781e+003,1.703773e+000
2.946263e+003,1.704769e+000
2.946745e+003,1.705572e+000
2.947228e+003,1.705902e+000
2.947709e+003,1.705543e+000
2.948192e+003,1.704377e+000
2.948674e+003,1.702398e+000
2.949156e+003,1.699700e+000
2.949638e+003,1.696449e+000
2.950120e+003,1.692841e+000
2.950602e+003,1.689077e+000
2.951084e+003,1.685346e+000
2.951567e+003,1.681827e+000
2.952049e+003,1.678693e+000
2.952531e+003,1.676116e+000
2.953013e+003,1.674253e+000
2.953495e+003,1.673224e+000
2.953977e+003,1.673073e+000
2.954459e+003,1.673741e+000
2.954941e+003,1.675056e+000
2.955424e+003,1.676750e+000
2.955906e+003,1.678508e+000
2.956388e+003,1.680025e+000
2.956870e+003,1.681068e+000
2.957352e+003,1.681519e+000
2.957834e+003,1.681373e+000
2.958316e+003,1.680728e+000
2.958798e+003,1.679725e+000
2.959281e+003,1.678508e+000
2.959763e+003,1.677180e+000
2.960245e+003,1.675789e+000
2.960727e+003,1.674336e+000
2.961209e+003,1.672803e+000
2.961691e+003,1.671174e+000
2.962173e+003,1.669452e+000
2.962656e+003,1.667655e+000
2.963137e+003,1.665812e+000
2.963620e+003,1.663933e+000
2.964102e+003,1.662012e+000
2.964584e+003,1.660030e+000
2.965066e+003,1.657985e+000
2.965548e+003,1.655919e+000
2.966030e+003,1.653944e+000
2.966512e+003,1.652225e+000
2.966995e+003,1.650960e+000
2.967477e+003,1.650317e+000
2.967959e+003,1.650372e+000
2.968441e+003,1.651070e+000
2.968923e+003,1.652214e+000
2.969405e+003,1.653508e+000
2.969887e+003,1.654623e+000
2.970369e+003,1.655285e+000
2.970852e+003,1.655342e+000
2.971334e+003,1.654806e+000
2.971816e+003,1.653825e+000
2.972298e+003,1.652640e+000
2.972780e+003,1.651504e+000
2.973262e+003,1.650603e+000
2.973744e+003,1.650017e+000
2.974226e+003,1.649709e+000
2.974708e+003,1.649556e+000
2.975191e+003,1.649404e+000
2.975673e+003,1.649130e+000
2.976155e+003,1.648678e+000
2.976637e+003,1.648083e+000
2.977119e+003,1.647447e+000
2.977601e+003,1.646912e+000
2.978083e+003,1.646596e+000
2.978565e+003,1.646557e+000
2.979048e+003,1.646757e+000
2.979530e+003,1.647053e+000
2.980012e+003,1.647225e+000
2.980494e+003,1.647020e+000
2.980976e+003,1.646212e+000
2.981458e+003,1.644673e+000
2.981940e+003,1.642410e+000
2.982423e+003,1.639588e+000
2.982905e+003,1.636499e+000
2.983387e+003,1.633503e+000
2.983869e+003,1.630936e+000
2.984351e+003,1.629030e+000
2.984833e+003,1.627852e+000
2.985315e+003,1.627287e+000
2.985797e+003,1.627078e+000
2.986280e+003,1.626901e+000
2.986762e+003,1.626449e+000
2.987244e+003,1.625517e+000
2.987726e+003,1.624035e+000
2.988208e+003,1.622070e+000
2.988690e+003,1.619773e+000
2.989172e+003,1.617331e+000
2.989654e+003,1.614908e+000
2.990136e+003,1.612617e+000
2.990619e+003,1.610517e+000
2.991101e+003,1.608643e+000
2.991583e+003,1.607030e+000
2.992065e+003,1.605730e+000
2.992547e+003,1.604804e+000
2.993029e+003,1.604298e+000
2.993511e+003,1.604197e+000
2.993994e+003,1.604397e+000
2.994476e+003,1.604701e+000
2.994958e+003,1.604842e+000
2.995440e+003,1.604534e+000
2.995922e+003,1.603553e+000
2.996404e+003,1.601792e+000
2.996886e+003,1.599313e+000
2.997368e+003,1.596339e+000
2.997851e+003,1.593225e+000
2.998333e+003,1.590377e+000
2.998815e+003,1.588172e+000
2.999297e+003,1.586863e+000
2.999779e+003,1.586532e+000
3.000261e+003,1.587060e+000
3.000743e+003,1.588164e+000
3.001225e+003,1.589458e+000
3.001708e+003,1.590546e+000
3.002190e+003,1.591113e+000
3.002672e+003,1.590996e+000
3.003154e+003,1.590214e+000
3.003636e+003,1.588962e+000
3.004118e+003,1.587540e+000
3.004600e+003,1.586283e+000
3.005082e+003,1.585464e+000
3.005564e+003,1.585217e+000
3.006047e+003,1.585496e+000
3.006529e+003,1.586083e+000
3.007011e+003,1.586625e+000
3.007493e+003,1.586720e+000
3.007975e+003,1.586005e+000
3.008457e+003,1.584245e+000
3.008939e+003,1.581394e+000
3.009422e+003,1.577614e+000
3.009904e+003,1.573253e+000
3.010386e+003,1.568789e+000
3.010868e+003,1.564719e+000
3.011350e+003,1.561482e+000
3.011832e+003,1.559358e+000
3.012314e+003,1.558436e+000
3.012796e+003,1.558610e+000
3.013279e+003,1.559620e+000
3.013761e+003,1.561135e+000
3.014243e+003,1.562824e+000
3.014725e+003,1.564425e+000
3.015207e+003,1.565780e+000
3.015689e+003,1.566829e+000
3.016171e+003,1.567587e+000
3.016653e+003,1.568093e+000
3.017135e+003,1.568375e+000
3.017618e+003,1.568426e+000
3.018100e+003,1.568210e+000
3.018582e+003,1.567677e+000
3.019064e+003,1.566799e+000
3.019546e+003,1.565587e+000
3.020028e+003,1.564102e+000
3.020510e+003,1.562444e+000
3.020992e+003,1.560724e+000
3.021475e+003,1.559033e+000
3.021957e+003,1.557430e+000
3.022439e+003,1.555912e+000
3.022921e+003,1.554439e+000
3.023403e+003,1.552937e+000
3.023885e+003,1.551330e+000
3.024367e+003,1.549544e+000
3.024850e+003,1.547528e+000
3.025332e+003,1.545235e+000
3.025814e+003,1.542635e+000
3.026296e+003,1.539690e+000
3.026778e+003,1.536376e+000
3.027260e+003,1.532683e+000
3.027742e+003,1.528657e+000
3.028224e+003,1.524401e+000
3.028707e+003,1.520116e+000
3.029189e+003,1.516083e+000
3.029671e+003,1.512659e+000
3.030153e+003,1.510219e+000
3.030635e+003,1.509100e+000
3.031117e+003,1.509533e+000
3.031599e+003,1.511578e+000
3.032081e+003,1.515078e+000
3.032563e+003,1.519668e+000
3.033046e+003,1.524801e+000
3.033528e+003,1.529826e+000
3.034010e+003,1.534088e+000
3.034492e+003,1.537034e+000
3.034974e+003,1.538297e+000
3.035456e+003,1.537760e+000
3.035938e+003,1.535553e+000
3.036420e+003,1.532005e+000
3.036903e+003,1.527568e+000
3.037385e+003,1.522719e+000
3.037867e+003,1.517867e+000
3.038349e+003,1.513309e+000
3.038831e+003,1.509213e+000
3.039313e+003,1.505649e+000
3.039795e+003,1.502627e+000
3.040278e+003,1.500149e+000
3.040760e+003,1.498227e+000
3.041242e+003,1.496887e+000
3.041724e+003,1.496134e+000
3.042206e+003,1.495939e+000
3.042688e+003,1.496200e+000
3.043170e+003,1.496755e+000
3.043652e+003,1.497398e+000
3.044135e+003,1.497918e+000
3.044617e+003,1.498143e+000
3.045099e+003,1.497966e+000
3.045581e+003,1.497352e+000
3.046063e+003,1.496336e+000
3.046545e+003,1.494994e+000
3.047027e+003,1.493433e+000
3.047509e+003,1.491762e+000
3.047991e+003,1.490089e+000
3.048474e+003,1.488510e+000
3.048956e+003,1.487107e+000
3.049438e+003,1.485940e+000
3.049920e+003,1.485043e+000
3.050402e+003,1.484402e+000
3.050884e+003,1.483968e+000
3.051366e+003,1.483654e+000
3.051848e+003,1.483366e+000
3.052331e+003,1.483024e+000
3.052813e+003,1.482594e+000
3.053295e+003,1.482105e+000
3.053777e+003,1.481651e+000
3.054259e+003,1.481362e+000
3.054741e+003,1.481366e+000
3.055223e+003,1.481738e+000
3.055706e+003,1.482446e+000
3.056188e+003,1.483333e+000
3.056670e+003,1.484138e+000
3.057152e+003,1.484538e+000
3.057634e+003,1.484250e+000
3.058116e+003,1.483107e+000
3.058598e+003,1.481139e+000
3.059080e+003,1.478583e+000
3.059563e+003,1.475841e+000
3.060045e+003,1.473379e+000
3.060527e+003,1.471601e+000
3.061009e+003,1.470729e+000
3.061491e+003,1.470739e+000
3.061973e+003,1.471357e+000
3.062455e+003,1.472142e+000
3.062937e+003,1.472611e+000
3.063419e+003,1.472380e+000
3.063902e+003,1.471255e+000
3.064384e+003,1.469279e+000
3.064866e+003,1.466687e+000
3.065348e+003,1.463818e+000
3.065830e+003,1.460991e+000
3.066312e+003,1.458428e+000
3.066794e+003,1.456197e+000
3.067276e+003,1.454240e+000
3.067759e+003,1.452432e+000
3.068241e+003,1.450662e+000
3.068723e+003,1.448901e+000
3.069205e+003,1.447234e+000
3.069687e+003,1.445840e+000
3.070169e+003,1.444947e+000
3.070651e+003,1.444749e+000
3.071134e+003,1.445338e+000
3.071615e+003,1.446659e+000
3.072098e+003,1.448501e+000
3.072580e+003,1.450530e+000
3.073062e+003,1.452370e+000
3.073544e+003,1.453689e+000
3.074026e+003,1.454285e+000
3.074508e+003,1.454135e+000
3.074990e+003,1.453396e+000
3.075473e+003,1.452356e+000
3.075955e+003,1.451354e+000
3.076437e+003,1.450670e+000
3.076919e+003,1.450472e+000
3.077401e+003,1.450764e+000
3.077883e+003,1.451423e+000
3.078365e+003,1.452246e+000
3.078847e+003,1.453025e+000
3.079330e+003,1.453589e+000
3.079812e+003,1.453828e+000
3.080294e+003,1.453664e+000
3.080776e+003,1.453025e+000
3.081258e+003,1.451813e+000
3.081740e+003,1.449923e+000
3.082222e+003,1.447285e+000
3.082704e+003,1.443929e+000
3.083187e+003,1.440031e+000
3.083669e+003,1.435920e+000
3.084151e+003,1.432024e+000
3.084633e+003,1.428770e+000
3.085115e+003,1.426471e+000
3.085597e+003,1.425239e+000
3.086079e+003,1.424954e+000
3.086562e+003,1.425311e+000
3.087043e+003,1.425909e+000
3.087526e+003,1.426371e+000
3.088008e+003,1.426423e+000
3.088490e+003,1.425958e+000
3.088972e+003,1.425011e+000
3.089454e+003,1.423728e+000
3.089936e+003,1.422299e+000
3.090418e+003,1.420915e+000
3.090901e+003,1.419739e+000
3.091383e+003,1.418905e+000
3.091865e+003,1.418512e+000
3.092347e+003,1.418622e+000
3.092829e+003,1.419243e+000
3.093311e+003,1.420314e+000
3.093793e+003,1.421689e+000
3.094275e+003,1.423148e+000
3.094758e+003,1.424419e+000
3.095240e+003,1.425226e+000
3.095722e+003,1.425334e+000
3.096204e+003,1.424593e+000
3.096686e+003,1.422956e+000
3.097168e+003,1.420493e+000
3.097650e+003,1.417374e+000
3.098132e+003,1.413870e+000
3.098615e+003,1.410322e+000
3.099097e+003,1.407123e+000
3.099579e+003,1.404667e+000
3.100061e+003,1.403288e+000
3.100543e+003,1.403180e+000
3.101025e+003,1.404342e+000
3.101507e+003,1.406537e+000
3.101990e+003,1.409320e+000
3.102471e+003,1.412119e+000
3.102954e+003,1.414347e+000
3.103436e+003,1.415535e+000
3.103918e+003,1.415438e+000
3.104400e+003,1.414070e+000
3.104882e+003,1.411693e+000
3.105364e+003,1.408734e+000
3.105846e+003,1.405674e+000
3.106329e+003,1.402933e+000
3.106811e+003,1.400791e+000
3.107293e+003,1.399345e+000
3.107775e+003,1.398525e+000
3.108257e+003,1.398149e+000
3.108739e+003,1.397998e+000
3.109221e+003,1.397876e+000
3.109703e+003,1.397670e+000
3.110186e+003,1.397356e+000
3.110668e+003,1.396990e+000
3.111150e+003,1.396671e+000
3.111632e+003,1.396504e+000
3.112114e+003,1.396557e+000
3.112596e+003,1.396853e+000
3.113078e+003,1.397365e+000
3.113560e+003,1.398031e+000
3.114042e+003,1.398778e+000
3.114525e+003,1.399542e+000
3.115007e+003,1.400282e+000
3.115489e+003,1.400979e+000
3.115971e+003,1.401623e+000
3.116453e+003,1.402210e+000
3.116935e+003,1.402721e+000
3.117417e+003,1.403120e+000
3.117900e+003,1.403351e+000
3.118382e+003,1.403351e+000
3.118864e+003,1.403045e+000
3.119346e+003,1.402370e+000
3.119828e+003,1.401282e+000
3.120310e+003,1.399781e+000
3.120792e+003,1.397910e+000
3.121274e+003,1.395771e+000
3.121757e+003,1.393507e+000
3.122239e+003,1.391278e+000
3.122721e+003,1.389215e+000
3.123203e+003,1.387388e+000
3.123685e+003,1.385772e+000
3.124167e+003,1.384269e+000
3.124649e+003,1.382740e+000
3.125131e+003,1.381088e+000
3.125614e+003,1.379315e+000
3.126096e+003,1.377576e+000
3.126578e+003,1.376164e+000
3.127060e+003,1.375450e+000
3.127542e+003,1.375764e+000
3.128024e+003,1.377294e+000
3.128506e+003,1.379988e+000
3.128988e+003,1.383547e+000
3.129470e+003,1.387477e+000
3.129953e+003,1.391198e+000
3.130435e+003,1.394179e+000
3.130917e+003,1.396045e+000
3.131399e+003,1.396642e+000
3.131881e+003,1.396034e+000
3.132363e+003,1.394432e+000
3.132845e+003,1.392125e+000
3.133328e+003,1.389390e+000
3.133810e+003,1.386449e+000
3.134292e+003,1.383445e+000
3.134774e+003,1.380474e+000
3.135256e+003,1.377595e+000
3.135738e+003,1.374863e+000
3.136220e+003,1.372320e+000
3.136702e+003,1.369998e+000
3.137185e+003,1.367918e+000
3.137667e+003,1.366097e+000
3.138149e+003,1.364564e+000
3.138631e+003,1.363385e+000
3.139113e+003,1.362665e+000
3.139595e+003,1.362527e+000
3.140077e+003,1.363061e+000
3.140559e+003,1.364267e+000
3.141042e+003,1.366017e+000
3.141524e+003,1.368052e+000
3.142006e+003,1.370040e+000
3.142488e+003,1.371670e+000
3.142970e+003,1.372751e+000
3.143452e+003,1.373286e+000
3.143934e+003,1.373458e+000
3.144417e+003,1.373567e+000
3.144898e+003,1.373896e+000
3.145381e+003,1.374585e+000
3.145863e+003,1.375542e+000
3.146345e+003,1.376462e+000
3.146827e+003,1.376900e+000
3.147309e+003,1.376442e+000
3.147791e+003,1.374837e+000
3.148273e+003,1.372106e+000
3.148756e+003,1.368538e+000
3.149238e+003,1.364599e+000
3.149720e+003,1.360788e+000
3.150202e+003,1.357492e+000
3.150684e+003,1.354887e+000
3.151166e+003,1.352951e+000
3.151648e+003,1.351514e+000
3.152130e+003,1.350386e+000
3.152613e+003,1.349452e+000
3.153095e+003,1.348716e+000
3.153577e+003,1.348287e+000
3.154059e+003,1.348286e+000
3.154541e+003,1.348758e+000
3.155023e+003,1.349606e+000
3.155505e+003,1.350579e+000
3.155987e+003,1.351339e+000
3.156469e+003,1.351557e+000
3.156952e+003,1.351026e+000
3.157434e+003,1.349736e+000
3.157916e+003,1.347885e+000
3.158398e+003,1.345830e+000
3.158880e+003,1.344002e+000
3.159362e+003,1.342797e+000
3.159844e+003,1.342479e+000
3.160326e+003,1.343131e+000
3.160809e+003,1.344637e+000
3.161291e+003,1.346714e+000
3.161773e+003,1.348967e+000
3.162255e+003,1.350965e+000
3.162737e+003,1.352332e+000
3.163219e+003,1.352807e+000
3.163701e+003,1.352309e+000
3.164184e+003,1.350960e+000
3.164666e+003,1.349056e+000
3.165148e+003,1.347016e+000
3.165630e+003,1.345290e+000
3.166112e+003,1.344247e+000
3.166594e+003,1.344096e+000
3.167076e+003,1.344818e+000
3.167558e+003,1.346169e+000
3.168041e+003,1.347720e+000
3.168523e+003,1.348964e+000
3.169005e+003,1.349419e+000
3.169487e+003,1.348750e+000
3.169969e+003,1.346842e+000
3.170451e+003,1.343843e+000
3.170933e+003,1.340121e+000
3.171415e+003,1.336200e+000
3.171897e+003,1.332632e+000
3.172380e+003,1.329884e+000
3.172862e+003,1.328244e+000
3.173344e+003,1.327769e+000
3.173826e+003,1.328302e+000
3.174308e+003,1.329540e+000
3.174790e+003,1.331131e+000
3.175272e+003,1.332770e+000
3.175754e+003,1.334251e+000
3.176237e+003,1.335480e+000
3.176719e+003,1.336427e+000
3.177201e+003,1.337076e+000
3.177683e+003,1.337359e+000
3.178165e+003,1.337165e+000
3.178647e+003,1.336372e+000
3.179129e+003,1.334922e+000
3.179612e+003,1.332901e+000
3.180094e+003,1.330566e+000
3.180576e+003,1.328302e+000
3.181058e+003,1.326533e+000
3.181540e+003,1.325582e+000
3.182022e+003,1.325558e+000
3.182504e+003,1.326301e+000
3.182986e+003,1.327411e+000
3.183469e+003,1.328358e+000
3.183951e+003,1.328644e+000
3.184433e+003,1.327935e+000
3.184915e+003,1.326164e+000
3.185397e+003,1.323524e+000
3.185879e+003,1.320400e+000
3.186361e+003,1.317234e+000
3.186843e+003,1.314415e+000
3.187325e+003,1.312188e+000
3.187808e+003,1.310635e+000
3.188290e+003,1.309704e+000
3.188772e+003,1.309273e+000
3.189254e+003,1.309201e+000
3.189736e+003,1.309369e+000
3.190218e+003,1.309667e+000
3.190700e+003,1.309980e+000
3.191182e+003,1.310148e+000
3.191665e+003,1.309970e+000
3.192147e+003,1.309234e+000
3.192629e+003,1.307773e+000
3.193111e+003,1.305544e+000
3.193593e+003,1.302693e+000
3.194075e+003,1.299567e+000
3.194557e+003,1.296678e+000
3.195040e+003,1.294597e+000
3.195521e+003,1.293821e+000
3.196004e+003,1.294627e+000
3.196486e+003,1.296973e+000
3.196968e+003,1.300468e+000
3.197450e+003,1.304443e+000
3.197932e+003,1.308087e+000
3.198414e+003,1.310634e+000
3.198896e+003,1.311541e+000
3.199379e+003,1.310603e+000
3.199861e+003,1.307982e+000
3.200343e+003,1.304152e+000
3.200825e+003,1.299767e+000
3.201307e+003,1.295524e+000
3.201789e+003,1.292019e+000
3.202271e+003,1.289661e+000
3.202753e+003,1.288641e+000
3.203236e+003,1.288943e+000
3.203718e+003,1.290397e+000
3.204200e+003,1.292729e+000
3.204682e+003,1.295613e+000
3.205164e+003,1.298721e+000
3.205646e+003,1.301750e+000
3.206128e+003,1.304444e+000
3.206610e+003,1.306614e+000
3.207093e+003,1.308147e+000
3.207575e+003,1.309003e+000
3.208057e+003,1.309205e+000
3.208539e+003,1.308819e+000
3.209021e+003,1.307946e+000
3.209503e+003,1.306706e+000
3.209985e+003,1.305242e+000
3.210468e+003,1.303730e+000
3.210949e+003,1.302371e+000
3.211432e+003,1.301366e+000
3.211914e+003,1.300883e+000
3.212396e+003,1.300992e+000
3.212878e+003,1.301630e+000
3.213360e+003,1.302576e+000
3.213842e+003,1.303487e+000
3.214324e+003,1.303970e+000
3.214807e+003,1.303687e+000
3.215289e+003,1.302451e+000
3.215771e+003,1.300289e+000
3.216253e+003,1.297437e+000
3.216735e+003,1.294287e+000
3.217217e+003,1.291275e+000
3.217699e+003,1.288780e+000
3.218181e+003,1.287031e+000
3.218664e+003,1.286055e+000
3.219146e+003,1.285693e+000
3.219628e+003,1.285652e+000
3.220110e+003,1.285593e+000
3.220592e+003,1.285226e+000
3.221074e+003,1.284386e+000
3.221556e+003,1.283072e+000
3.222038e+003,1.281442e+000
3.222521e+003,1.279772e+000
3.223003e+003,1.278370e+000
3.223485e+003,1.277499e+000
3.223967e+003,1.277277e+000
3.224449e+003,1.277651e+000
3.224931e+003,1.278381e+000
3.225413e+003,1.279106e+000
3.225896e+003,1.279436e+000
3.226377e+003,1.279062e+000
3.226860e+003,1.277856e+000
3.227342e+003,1.275917e+000
3.227824e+003,1.273552e+000
3.228306e+003,1.271210e+000
3.228788e+003,1.269373e+000
3.229270e+003,1.268432e+000
3.229752e+003,1.268618e+000
3.230235e+003,1.269960e+000
3.230717e+003,1.272297e+000
3.231199e+003,1.275330e+000
3.231681e+003,1.278700e+000
3.232163e+003,1.282045e+000
3.232645e+003,1.285055e+000
3.233127e+003,1.287497e+000
3.233609e+003,1.289221e+000
3.234092e+003,1.290157e+000
3.234574e+003,1.290297e+000
3.235056e+003,1.289680e+000
3.235538e+003,1.288376e+000
3.236020e+003,1.286480e+000
3.236502e+003,1.284101e+000
3.236984e+003,1.281373e+000
3.237466e+003,1.278461e+000
3.237948e+003,1.275575e+000
3.238431e+003,1.272960e+000
3.238913e+003,1.270875e+000
3.239395e+003,1.269546e+000
3.239877e+003,1.269111e+000
3.240359e+003,1.269562e+000
3.240841e+003,1.270710e+000
3.241323e+003,1.272220e+000
3.241806e+003,1.273654e+000
3.242288e+003,1.274583e+000
3.242770e+003,1.274680e+000
3.243252e+003,1.273802e+000
3.243734e+003,1.272023e+000
3.244216e+003,1.269600e+000
3.244698e+003,1.266897e+000
3.245180e+003,1.264281e+000
3.245663e+003,1.262040e+000
3.246145e+003,1.260317e+000
3.246627e+003,1.259116e+000
3.247109e+003,1.258328e+000
3.247591e+003,1.257790e+000
3.248073e+003,1.257330e+000
3.248555e+003,1.256813e+000
3.249037e+003,1.256142e+000
3.249520e+003,1.255274e+000
3.250002e+003,1.254211e+000
3.250484e+003,1.253020e+000
3.250966e+003,1.251826e+000
3.251448e+003,1.250834e+000
3.251930e+003,1.250299e+000
3.252412e+003,1.250483e+000
3.252894e+003,1.251593e+000
3.253376e+003,1.253700e+000
3.253859e+003,1.256689e+000
3.254341e+003,1.260247e+000
3.254823e+003,1.263903e+000
3.255305e+003,1.267134e+000
3.255787e+003,1.269474e+000
3.256269e+003,1.270622e+000
3.256751e+003,1.270510e+000
3.257234e+003,1.269290e+000
3.257716e+003,1.267287e+000
3.258198e+003,1.264893e+000
3.258680e+003,1.262461e+000
3.259162e+003,1.260232e+000
3.259644e+003,1.258294e+000
3.260126e+003,1.256606e+000
3.260608e+003,1.255053e+000
3.261091e+003,1.253505e+000
3.261573e+003,1.251877e+000
3.262055e+003,1.250146e+000
3.262537e+003,1.248340e+000
3.263019e+003,1.246516e+000
3.263501e+003,1.244718e+000
3.263983e+003,1.242956e+000
3.264465e+003,1.241199e+000
3.264948e+003,1.239408e+000
3.265430e+003,1.237553e+000
3.265912e+003,1.235648e+000
3.266394e+003,1.233758e+000
3.266876e+003,1.231987e+000
3.267358e+003,1.230464e+000
3.267840e+003,1.229300e+000
3.268323e+003,1.228578e+000
3.268804e+003,1.228332e+000
3.269287e+003,1.228556e+000
3.269769e+003,1.229214e+000
3.270251e+003,1.230245e+000
3.270733e+003,1.231566e+000
3.271215e+003,1.233057e+000
3.271697e+003,1.234536e+000
3.272179e+003,1.235752e+000
3.272662e+003,1.236394e+000
3.273144e+003,1.236127e+000
3.273626e+003,1.234672e+000
3.274108e+003,1.231888e+000
3.274590e+003,1.227864e+000
3.275072e+003,1.222944e+000
3.275554e+003,1.217718e+000
3.276036e+003,1.212921e+000
3.276519e+003,1.209302e+000
3.277001e+003,1.207454e+000
3.277483e+003,1.207681e+000
3.277965e+003,1.209917e+000
3.278447e+003,1.213745e+000
3.278929e+003,1.218472e+000
3.279411e+003,1.223285e+000
3.279893e+003,1.227402e+000
3.280375e+003,1.230213e+000
3.280858e+003,1.231363e+000
3.281340e+003,1.230773e+000
3.281822e+003,1.228602e+000
3.282304e+003,1.225193e+000
3.282786e+003,1.220995e+000
3.283268e+003,1.216498e+000
3.283750e+003,1.212191e+000
3.284232e+003,1.208513e+000
3.284715e+003,1.205823e+000
3.285197e+003,1.204350e+000
3.285679e+003,1.204160e+000
3.286161e+003,1.205148e+000
3.286643e+003,1.207031e+000
3.287125e+003,1.209419e+000
3.287607e+003,1.211885e+000
3.288090e+003,1.214059e+000
3.288572e+003,1.215709e+000
3.289054e+003,1.216775e+000
3.289536e+003,1.217356e+000
3.290018e+003,1.217659e+000
3.290500e+003,1.217919e+000
3.290982e+003,1.218323e+000
3.291464e+003,1.218975e+000
3.291947e+003,1.219885e+000
3.292429e+003,1.220991e+000
3.292911e+003,1.222199e+000
3.293393e+003,1.223415e+000
3.293875e+003,1.224565e+000
3.294357e+003,1.225578e+000
3.294839e+003,1.226388e+000
3.295321e+003,1.226911e+000
3.295803e+003,1.227063e+000
3.296286e+003,1.226774e+000
3.296768e+003,1.226030e+000
3.297250e+003,1.224879e+000
3.297732e+003,1.223451e+000
3.298214e+003,1.221923e+000
3.298696e+003,1.220478e+000
3.299178e+003,1.219261e+000
3.299660e+003,1.218339e+000
3.300143e+003,1.217699e+000
3.300625e+003,1.217268e+000
3.301107e+003,1.216944e+000
3.301589e+003,1.216654e+000
3.302071e+003,1.216371e+000
3.302553e+003,1.216118e+000
3.303035e+003,1.215945e+000
3.303518e+003,1.215886e+000
3.304000e+003,1.215917e+000
3.304482e+003,1.215942e+000
3.304964e+003,1.215792e+000
3.305446e+003,1.215266e+000
3.305928e+003,1.214192e+000
3.306410e+003,1.212477e+000
3.306892e+003,1.210156e+000
3.307375e+003,1.207401e+000
3.307857e+003,1.204491e+000
3.308339e+003,1.201758e+000
3.308821e+003,1.199508e+000
3.309303e+003,1.197957e+000
3.309785e+003,1.197181e+000
3.310267e+003,1.197113e+000
3.310749e+003,1.197567e+000
3.311231e+003,1.198297e+000
3.311714e+003,1.199057e+000
3.312196e+003,1.199667e+000
3.312678e+003,1.200027e+000
3.313160e+003,1.200142e+000
3.313642e+003,1.200081e+000
3.314124e+003,1.199949e+000
3.314606e+003,1.199851e+000
3.315088e+003,1.199858e+000
3.315571e+003,1.200007e+000
3.316053e+003,1.200318e+000
3.316535e+003,1.200803e+000
3.317017e+003,1.201503e+000
3.317499e+003,1.202481e+000
3.317981e+003,1.203812e+000
3.318463e+003,1.205544e+000
3.318946e+003,1.207650e+000
3.319427e+003,1.209991e+000
3.319910e+003,1.212301e+000
3.320392e+003,1.214195e+000
3.320874e+003,1.215232e+000
3.321356e+003,1.214988e+000
3.321838e+003,1.213145e+000
3.322320e+003,1.209563e+000
3.322802e+003,1.204327e+000
3.323285e+003,1.197741e+000
3.323767e+003,1.190287e+000
3.324249e+003,1.182543e+000
3.324731e+003,1.175100e+000
3.325213e+003,1.168474e+000
3.325695e+003,1.163051e+000
3.326177e+003,1.159060e+000
3.326659e+003,1.156582e+000
3.327142e+003,1.155570e+000
3.327624e+003,1.155892e+000
3.328106e+003,1.157362e+000
3.328588e+003,1.159766e+000
3.329070e+003,1.162876e+000
3.329552e+003,1.166458e+000
3.330034e+003,1.170275e+000
3.330516e+003,1.174093e+000
3.330999e+003,1.177693e+000
3.331481e+003,1.180896e+000
3.331963e+003,1.183567e+000
3.332445e+003,1.185638e+000
3.332927e+003,1.187098e+000
3.333409e+003,1.187985e+000
3.333891e+003,1.188362e+000
3.334374e+003,1.188293e+000
3.334855e+003,1.187819e+000
3.335338e+003,1.186953e+000
3.335820e+003,1.185692e+000
3.336302e+003,1.184043e+000
3.336784e+003,1.182056e+000
3.337266e+003,1.179849e+000
3.337748e+003,1.177612e+000
3.338230e+003,1.175595e+000
3.338713e+003,1.174057e+000
3.339195e+003,1.173215e+000
3.339677e+003,1.173175e+000
3.340159e+003,1.173903e+000
3.340641e+003,1.175212e+000
3.341123e+003,1.176787e+000
3.341605e+003,1.178258e+000
3.342087e+003,1.179266e+000
3.342570e+003,1.179553e+000
3.343052e+003,1.179012e+000
3.343534e+003,1.177702e+000
3.344016e+003,1.175839e+000
3.344498e+003,1.173727e+000
3.344980e+003,1.171687e+000
3.345462e+003,1.169973e+000
3.345944e+003,1.168717e+000
3.346427e+003,1.167894e+000
3.346909e+003,1.167332e+000
3.347391e+003,1.166758e+000
3.347873e+003,1.165875e+000
3.348355e+003,1.164432e+000
3.348837e+003,1.162311e+000
3.349319e+003,1.159555e+000
3.349802e+003,1.156375e+000
3.350283e+003,1.153108e+000
3.350766e+003,1.150148e+000
3.351248e+003,1.147848e+000
3.351730e+003,1.146448e+000
3.352212e+003,1.146014e+000
3.352694e+003,1.146429e+000
3.353176e+003,1.147430e+000
3.353658e+003,1.148680e+000
3.354141e+003,1.149853e+000
3.354623e+003,1.150716e+000
3.355105e+003,1.151190e+000
3.355587e+003,1.151366e+000
3.356069e+003,1.151467e+000
3.356551e+003,1.151784e+000
3.357033e+003,1.152571e+000
3.357515e+003,1.153971e+000
3.357998e+003,1.155947e+000
3.358480e+003,1.158266e+000
3.358962e+003,1.160540e+000
3.359444e+003,1.162303e+000
3.359926e+003,1.163133e+000
3.360408e+003,1.162747e+000
3.360890e+003,1.161097e+000
3.361372e+003,1.158390e+000
3.361854e+003,1.155060e+000
3.362337e+003,1.151683e+000
3.362819e+003,1.148835e+000
3.363301e+003,1.146995e+000
3.363783e+003,1.146429e+000
3.364265e+003,1.147153e+000
3.364747e+003,1.148956e+000
3.365229e+003,1.151459e+000
3.365712e+003,1.154212e+000
3.366194e+003,1.156789e+000
3.366676e+003,1.158855e+000
3.367158e+003,1.160204e+000
3.367640e+003,1.160757e+000
3.368122e+003,1.160544e+000
3.368604e+003,1.159663e+000
3.369086e+003,1.158275e+000
3.369569e+003,1.156569e+000
3.370051e+003,1.154769e+000
3.370533e+003,1.153107e+000
3.371015e+003,1.151807e+000
3.371497e+003,1.151035e+000
3.371979e+003,1.150859e+000
3.372461e+003,1.151221e+000
3.372943e+003,1.151924e+000
3.373426e+003,1.152675e+000
3.373908e+003,1.153145e+000
3.374390e+003,1.153052e+000
3.374872e+003,1.152230e+000
3.375354e+003,1.150671e+000
3.375836e+003,1.148512e+000
3.376318e+003,1.145978e+000
3.376800e+003,1.143306e+000
3.377282e+003,1.140673e+000
3.377765e+003,1.138157e+000
3.378247e+003,1.135743e+000
3.378729e+003,1.133382e+000
3.379211e+003,1.131058e+000
3.379693e+003,1.128842e+000
3.380175e+003,1.126920e+000
3.380657e+003,1.125541e+000
3.381140e+003,1.124946e+000
3.381622e+003,1.125259e+000
3.382104e+003,1.126408e+000
3.382586e+003,1.128093e+000
3.383068e+003,1.129819e+000
3.383550e+003,1.130994e+000
3.384032e+003,1.131060e+000
3.384514e+003,1.129631e+000
3.384997e+003,1.126574e+000
3.385479e+003,1.122048e+000
3.385961e+003,1.116459e+000
3.386443e+003,1.110381e+000
3.386925e+003,1.104426e+000
3.387407e+003,1.099153e+000
3.387889e+003,1.094982e+000
3.388371e+003,1.092163e+000
3.388854e+003,1.090780e+000
3.389336e+003,1.090773e+000
3.389818e+003,1.091996e+000
3.390300e+003,1.094251e+000
3.390782e+003,1.097321e+000
3.391264e+003,1.100991e+000
3.391746e+003,1.105048e+000
3.392229e+003,1.109278e+000
3.392710e+003,1.113463e+000
3.393193e+003,1.117382e+000
3.393675e+003,1.120814e+000
3.394157e+003,1.123568e+000
3.394639e+003,1.125499e+000
3.395121e+003,1.126531e+000
3.395603e+003,1.126664e+000
3.396085e+003,1.125988e+000
3.396568e+003,1.124660e+000
3.397050e+003,1.122888e+000
3.397532e+003,1.120893e+000
3.398014e+003,1.118898e+000
3.398496e+003,1.117091e+000
3.398978e+003,1.115622e+000
3.399460e+003,1.114588e+000
3.399942e+003,1.114037e+000
3.400425e+003,1.113955e+000
3.400907e+003,1.114266e+000
3.401389e+003,1.114830e+000
3.401871e+003,1.115460e+000
3.402353e+003,1.115942e+000
3.402835e+003,1.116085e+000
3.403317e+003,1.115757e+000
3.403799e+003,1.114931e+000
3.404281e+003,1.113686e+000
3.404764e+003,1.112201e+000
3.405246e+003,1.110698e+000
3.405728e+003,1.109393e+000
3.406210e+003,1.108406e+000
3.406692e+003,1.107736e+000
3.407174e+003,1.107222e+000
3.407656e+003,1.106581e+000
3.408138e+003,1.105471e+000
3.408621e+003,1.103580e+000
3.409103e+003,1.100723e+000
3.409585e+003,1.096932e+000
3.410067e+003,1.092469e+000
3.410549e+003,1.087812e+000
3.411031e+003,1.083563e+000
3.411513e+003,1.080314e+000
3.411996e+003,1.078503e+000
3.412478e+003,1.078309e+000
3.412960e+003,1.079586e+000
3.413442e+003,1.081910e+000
3.413924e+003,1.084688e+000
3.414406e+003,1.087309e+000
3.414888e+003,1.089311e+000
3.415370e+003,1.090485e+000
3.415853e+003,1.090909e+000
3.416335e+003,1.090886e+000
3.416817e+003,1.090827e+000
3.417299e+003,1.091105e+000
3.417781e+003,1.091937e+000
3.418263e+003,1.093327e+000
3.418745e+003,1.095069e+000
3.419227e+003,1.096825e+000
3.419709e+003,1.098227e+000
3.420192e+003,1.098976e+000
3.420674e+003,1.098903e+000
3.421156e+003,1.097999e+000
3.421638e+003,1.096383e+000
3.422120e+003,1.094257e+000
3.422602e+003,1.091845e+000
3.423084e+003,1.089355e+000
3.423566e+003,1.086941e+000
3.424049e+003,1.084700e+000
3.424531e+003,1.082652e+000
3.425013e+003,1.080763e+000
3.425495e+003,1.078941e+000
3.425977e+003,1.077066e+000
3.426459e+003,1.075030e+000
3.426941e+003,1.072770e+000
3.427424e+003,1.070289e+000
3.427906e+003,1.067673e+000
3.428388e+003,1.065060e+000
3.428870e+003,1.062611e+000
3.429352e+003,1.060460e+000
3.429834e+003,1.058683e+000
3.430316e+003,1.057301e+000
3.430798e+003,1.056300e+000
3.431281e+003,1.055671e+000
3.431763e+003,1.055441e+000
3.432245e+003,1.055687e+000
3.432727e+003,1.056516e+000
3.433209e+003,1.058008e+000
3.433691e+003,1.060181e+000
3.434173e+003,1.062943e+000
3.434655e+003,1.066093e+000
3.435137e+003,1.069353e+000
3.435620e+003,1.072411e+000
3.436102e+003,1.074981e+000
3.436584e+003,1.076841e+000
3.437066e+003,1.077859e+000
3.437548e+003,1.077987e+000
3.438030e+003,1.077258e+000
3.438512e+003,1.075779e+000
3.438994e+003,1.073717e+000
3.439477e+003,1.071291e+000
3.439959e+003,1.068736e+000
3.440441e+003,1.066263e+000
3.440923e+003,1.063989e+000
3.441405e+003,1.061888e+000
3.441887e+003,1.059783e+000
3.442369e+003,1.057380e+000
3.442852e+003,1.054385e+000
3.443333e+003,1.050630e+000
3.443816e+003,1.046194e+000
3.444298e+003,1.041469e+000
3.444780e+003,1.037126e+000
3.445262e+003,1.033977e+000
3.445744e+003,1.032790e+000
3.446226e+003,1.034078e+000
3.446708e+003,1.037936e+000
3.447191e+003,1.044001e+000
3.447673e+003,1.051540e+000
3.448155e+003,1.059641e+000
3.448637e+003,1.067423e+000
3.449119e+003,1.074203e+000
3.449601e+003,1.079564e+000
3.450083e+003,1.083334e+000
3.450565e+003,1.085511e+000
3.451048e+003,1.086184e+000
3.451530e+003,1.085482e+000
3.452012e+003,1.083565e+000
3.452494e+003,1.080633e+000
3.452976e+003,1.076928e+000
3.453458e+003,1.072720e+000
3.453940e+003,1.068262e+000
3.454422e+003,1.063732e+000
3.454905e+003,1.059193e+000
3.455387e+003,1.054582e+000
3.455869e+003,1.049771e+000
3.456351e+003,1.044647e+000
3.456833e+003,1.039196e+000
3.457315e+003,1.033572e+000
3.457797e+003,1.028086e+000
3.458280e+003,1.023142e+000
3.458761e+003,1.019129e+000
3.459244e+003,1.016302e+000
3.459726e+003,1.014714e+000
3.460208e+003,1.014187e+000
3.460690e+003,1.014366e+000
3.461172e+003,1.014819e+000
3.461654e+003,1.015151e+000
3.462136e+003,1.015112e+000
3.462619e+003,1.014649e+000
3.463101e+003,1.013912e+000
3.463583e+003,1.013195e+000
3.464065e+003,1.012855e+000
3.464547e+003,1.013212e+000
3.465029e+003,1.014458e+000
3.465511e+003,1.016608e+000
3.465993e+003,1.019473e+000
3.466476e+003,1.022699e+000
3.466958e+003,1.025825e+000
3.467440e+003,1.028385e+000
3.467922e+003,1.030008e+000
3.468404e+003,1.030485e+000
3.468886e+003,1.029802e+000
3.469368e+003,1.028123e+000
3.469850e+003,1.025726e+000
3.470333e+003,1.022924e+000
3.470815e+003,1.019988e+000
3.471297e+003,1.017125e+000
3.471779e+003,1.014458e+000
3.472261e+003,1.012058e+000
3.472743e+003,1.009993e+000
3.473225e+003,1.008345e+000
3.473708e+003,1.007215e+000
3.474189e+003,1.006687e+000
3.474672e+003,1.006773e+000
3.475154e+003,1.007374e+000
3.475636e+003,1.008252e+000
3.476118e+003,1.009051e+000
3.476600e+003,1.009365e+000
3.477082e+003,1.008824e+000
3.477564e+003,1.007179e+000
3.478047e+003,1.004380e+000
3.478529e+003,1.000598e+000
3.479011e+003,9.962241e-001
3.479493e+003,9.917998e-001
3.479975e+003,9.879251e-001
3.480457e+003,9.851298e-001
3.480939e+003,9.837509e-001
3.481421e+003,9.838419e-001
3.481904e+003,9.851474e-001
3.482386e+003,9.871539e-001
3.482868e+003,9.892258e-001
3.483350e+003,9.907715e-001
3.483832e+003,9.913870e-001
3.484314e+003,9.909517e-001
3.484796e+003,9.896291e-001
3.485278e+003,9.877903e-001
3.485760e+003,9.858841e-001
3.486243e+003,9.842891e-001
3.486725e+003,9.832119e-001
3.487207e+003,9.826356e-001
3.487689e+003,9.823562e-001
3.488171e+003,9.820825e-001
3.488653e+003,9.815521e-001
3.489135e+003,9.806252e-001
3.489618e+003,9.793202e-001
3.490100e+003,9.777902e-001
3.490582e+003,9.762642e-001
3.491064e+003,9.749798e-001
3.491546e+003,9.741405e-001
3.492028e+003,9.739085e-001
3.492510e+003,9.744177e-001
3.492992e+003,9.757812e-001
3.493475e+003,9.780741e-001
3.493957e+003,9.812825e-001
3.494439e+003,9.852387e-001
3.494921e+003,9.895656e-001
3.495403e+003,9.936879e-001
3.495885e+003,9.969061e-001
3.496367e+003,9.985568e-001
3.496849e+003,9.981957e-001
3.497332e+003,9.957455e-001
3.497814e+003,9.915496e-001
3.498296e+003,9.863165e-001
3.498778e+003,9.809525e-001
3.499260e+003,9.763370e-001
3.499742e+003,9.731175e-001
3.500224e+003,9.715607e-001
3.500706e+003,9.715034e-001
3.501188e+003,9.724157e-001
3.501671e+003,9.735481e-001
3.502153e+003,9.741471e-001
3.502635e+003,9.736437e-001
3.503117e+003,9.717956e-001
3.503599e+003,9.687212e-001
3.504081e+003,9.648169e-001
3.504563e+003,9.606261e-001
3.505046e+003,9.566813e-001
3.505528e+003,9.533986e-001
3.506010e+003,9.510415e-001
3.506492e+003,9.497260e-001
3.506974e+003,9.494657e-001
3.507456e+003,9.502032e-001
3.507938e+003,9.518299e-001
3.508420e+003,9.541733e-001
3.508903e+003,9.569817e-001
3.509385e+003,9.599175e-001
3.509867e+003,9.625790e-001
3.510349e+003,9.645483e-001
3.510831e+003,9.654702e-001
3.511313e+003,9.651148e-001
3.511795e+003,9.634236e-001
3.512277e+003,9.605225e-001
3.512760e+003,9.566858e-001
3.513242e+003,9.522801e-001
3.513724e+003,9.476947e-001
3.514206e+003,9.432759e-001
3.514688e+003,9.392812e-001
3.515170e+003,9.358613e-001
3.515652e+003,9.330670e-001
3.516135e+003,9.308868e-001
3.516616e+003,9.292723e-001
3.517099e+003,9.281759e-001
3.517581e+003,9.275698e-001
3.518063e+003,9.274393e-001
3.518545e+003,9.277719e-001
3.519027e+003,9.285347e-001
3.519509e+003,9.296505e-001
3.519991e+003,9.309838e-001
3.520474e+003,9.323445e-001
3.520956e+003,9.335061e-001
3.521438e+003,9.342624e-001
3.521920e+003,9.344801e-001
3.522402e+003,9.341711e-001
3.522884e+003,9.335349e-001
3.523366e+003,9.329606e-001
3.523848e+003,9.329588e-001
3.524331e+003,9.340507e-001
3.524813e+003,9.366184e-001
3.525295e+003,9.407849e-001
3.525777e+003,9.463307e-001
3.526259e+003,9.527102e-001
3.526741e+003,9.591447e-001
3.527223e+003,9.647871e-001
3.527705e+003,9.689275e-001
3.528188e+003,9.711679e-001
3.528670e+003,9.715062e-001
3.529152e+003,9.703044e-001
3.529634e+003,9.681430e-001
3.530116e+003,9.656143e-001
3.530598e+003,9.631392e-001
3.531080e+003,9.608642e-001
3.531563e+003,9.586642e-001
3.532044e+003,9.562413e-001
3.532527e+003,9.532705e-001
3.533009e+003,9.495639e-001
3.533491e+003,9.451561e-001
3.533973e+003,9.403371e-001
3.534455e+003,9.355957e-001
3.534937e+003,9.314948e-001
3.535419e+003,9.285332e-001
3.535902e+003,9.270186e-001
3.536384e+003,9.269944e-001
3.536866e+003,9.282455e-001
3.537348e+003,9.303577e-001
3.537830e+003,9.328145e-001
3.538312e+003,9.350946e-001
3.538794e+003,9.367332e-001
3.539276e+003,9.373654e-001
3.539759e+003,9.367456e-001
3.540241e+003,9.347702e-001
3.540723e+003,9.314889e-001
3.541205e+003,9.271070e-001
3.541687e+003,9.219701e-001
3.542169e+003,9.165121e-001
3.542651e+003,9.111755e-001
3.543133e+003,9.063183e-001
3.543615e+003,9.021360e-001
3.544098e+003,8.986223e-001
3.544580e+003,8.956066e-001
3.545062e+003,8.928517e-001
3.545544e+003,8.901818e-001
3.546026e+003,8.875977e-001
3.546508e+003,8.853145e-001
3.546990e+003,8.837038e-001
3.547472e+003,8.831607e-001
3.547955e+003,8.839536e-001
3.548437e+003,8.861294e-001
3.548919e+003,8.894783e-001
3.549401e+003,8.935801e-001
3.549883e+003,8.979105e-001
3.550365e+003,9.019485e-001
3.550847e+003,9.052899e-001
3.551330e+003,9.077301e-001
3.551812e+003,9.092914e-001
3.552294e+003,9.101965e-001
3.552776e+003,9.107828e-001
3.553258e+003,9.113830e-001
3.553740e+003,9.122280e-001
3.554222e+003,9.133782e-001
3.554704e+003,9.147162e-001
3.555187e+003,9.159818e-001
3.555669e+003,9.168304e-001
3.556151e+003,9.169173e-001
3.556633e+003,9.159618e-001
3.557115e+003,9.138175e-001
3.557597e+003,9.105075e-001
3.558079e+003,9.062322e-001
3.558561e+003,9.013396e-001
3.559043e+003,8.962643e-001
3.559526e+003,8.914338e-001
3.560008e+003,8.871920e-001
3.560490e+003,8.837371e-001
3.560972e+003,8.811043e-001
3.561454e+003,8.791929e-001
3.561936e+003,8.778301e-001
3.562418e+003,8.768412e-001
3.562900e+003,8.761092e-001
3.563383e+003,8.755896e-001
3.563865e+003,8.753152e-001
3.564347e+003,8.753470e-001
3.564829e+003,8.757187e-001
3.565311e+003,8.763906e-001
3.565793e+003,8.772036e-001
3.566275e+003,8.778949e-001
3.566758e+003,8.781567e-001
3.567240e+003,8.777317e-001
3.567722e+003,8.765154e-001
3.568204e+003,8.745772e-001
3.568686e+003,8.721251e-001
3.569168e+003,8.694323e-001
3.569650e+003,8.667724e-001
3.570132e+003,8.643821e-001
3.570615e+003,8.624662e-001
3.571097e+003,8.612057e-001
3.571579e+003,8.607734e-001
3.572061e+003,8.613210e-001
3.572543e+003,8.629525e-001
3.573025e+003,8.656886e-001
3.573507e+003,8.694179e-001
3.573989e+003,8.738812e-001
3.574471e+003,8.786811e-001
3.574954e+003,8.833368e-001
3.575436e+003,8.873718e-001
3.575918e+003,8.904104e-001
3.576400e+003,8.922499e-001
3.576882e+003,8.929004e-001
3.577364e+003,8.925596e-001
3.577846e+003,8.915448e-001
3.578328e+003,8.901995e-001
3.578811e+003,8.887920e-001
3.579293e+003,8.874610e-001
3.579775e+003,8.861955e-001
3.580257e+003,8.848813e-001
3.580739e+003,8.833784e-001
3.581221e+003,8.816099e-001
3.581703e+003,8.796185e-001
3.582186e+003,8.775844e-001
3.582667e+003,8.757899e-001
3.583150e+003,8.745593e-001
3.583632e+003,8.741728e-001
3.584114e+003,8.748122e-001
3.584596e+003,8.765146e-001
3.585078e+003,8.791693e-001
3.585560e+003,8.825244e-001
3.586042e+003,8.862250e-001
3.586525e+003,8.898594e-001
3.587007e+003,8.930297e-001
3.587489e+003,8.954089e-001
3.587971e+003,8.967819e-001
3.588453e+003,8.970413e-001
3.588935e+003,8.961489e-001
3.589417e+003,8.940976e-001
3.589899e+003,8.908922e-001
3.590382e+003,8.865562e-001
3.590864e+003,8.811694e-001
3.591346e+003,8.749065e-001
3.591828e+003,8.680678e-001
3.592310e+003,8.610908e-001
3.592792e+003,8.545257e-001
3.593274e+003,8.489676e-001
3.593756e+003,8.449436e-001
3.594239e+003,8.427799e-001
3.594721e+003,8.425224e-001
3.595203e+003,8.439050e-001
3.595685e+003,8.464182e-001
3.596167e+003,8.494440e-001
3.596649e+003,8.523976e-001
3.597131e+003,8.548511e-001
3.597614e+003,8.566098e-001
3.598095e+003,8.577124e-001
3.598578e+003,8.584044e-001
3.599060e+003,8.590402e-001
3.599542e+003,8.599649e-001
3.600024e+003,8.613881e-001
3.600506e+003,8.632866e-001
3.600988e+003,8.653689e-001
3.601470e+003,8.671390e-001
3.601953e+003,8.680263e-001
3.602435e+003,8.675622e-001
3.602917e+003,8.655083e-001
3.603399e+003,8.619446e-001
3.603881e+003,8.572624e-001
3.604363e+003,8.521034e-001
3.604845e+003,8.472561e-001
3.605327e+003,8.435134e-001
3.605810e+003,8.415350e-001
3.606292e+003,8.417017e-001
3.606774e+003,8.440057e-001
3.607256e+003,8.480020e-001
3.607738e+003,8.528953e-001
3.608220e+003,8.577477e-001
3.608702e+003,8.617724e-001
3.609184e+003,8.645743e-001
3.609667e+003,8.662408e-001
3.610149e+003,8.672709e-001
3.610631e+003,8.683564e-001
3.611113e+003,8.701397e-001
3.611595e+003,8.729969e-001
3.612077e+003,8.768800e-001
3.612559e+003,8.812773e-001
3.613042e+003,8.853230e-001
3.613524e+003,8.880410e-001
3.614006e+003,8.886688e-001
3.614488e+003,8.868917e-001
3.614970e+003,8.829274e-001
3.615452e+003,8.774420e-001
3.615934e+003,8.713714e-001
3.616416e+003,8.657101e-001
3.616898e+003,8.613302e-001
3.617381e+003,8.588163e-001
3.617863e+003,8.583587e-001
3.618345e+003,8.596953e-001
3.618827e+003,8.621992e-001
3.619309e+003,8.650808e-001
3.619791e+003,8.676691e-001
3.620273e+003,8.696085e-001
3.620755e+003,8.708927e-001
3.621238e+003,8.717385e-001
3.621720e+003,8.724130e-001
3.622202e+003,8.730819e-001
3.622684e+003,8.737397e-001
3.623166e+003,8.742101e-001
3.623648e+003,8.742091e-001
3.624130e+003,8.734321e-001
3.624612e+003,8.716476e-001
3.625094e+003,8.687634e-001
3.625577e+003,8.648844e-001
3.626059e+003,8.603172e-001
3.626541e+003,8.555619e-001
3.627023e+003,8.512787e-001
3.627505e+003,8.481750e-001
3.627987e+003,8.468233e-001
3.628469e+003,8.473927e-001
3.628952e+003,8.494855e-001
3.629434e+003,8.522641e-001
3.629916e+003,8.548314e-001
3.630398e+003,8.566012e-001
3.630880e+003,8.574172e-001
3.631362e+003,8.574501e-001
3.631844e+003,8.570268e-001
3.632326e+003,8.565044e-001
3.632809e+003,8.561798e-001
3.633291e+003,8.562587e-001
3.633773e+003,8.568328e-001
3.634255e+003,8.578951e-001
3.634737e+003,8.593711e-001
3.635219e+003,8.611659e-001
3.635701e+003,8.632059e-001
3.636183e+003,8.654578e-001
3.636666e+003,8.679321e-001
3.637148e+003,8.706737e-001
3.637630e+003,8.737372e-001
3.638112e+003,8.771739e-001
3.638594e+003,8.810204e-001
3.639076e+003,8.852916e-001
3.639558e+003,8.899768e-001
3.640041e+003,8.950316e-001
3.640522e+003,9.003562e-001
3.641005e+003,9.057928e-001
3.641487e+003,9.111141e-001
3.641969e+003,9.160509e-001
3.642451e+003,9.203302e-001
3.642933e+003,9.237399e-001
3.643415e+003,9.261845e-001
3.643897e+003,9.277347e-001
3.644380e+003,9.286440e-001
3.644862e+003,9.293581e-001
3.645344e+003,9.304790e-001
3.645826e+003,9.327154e-001
3.646308e+003,9.367720e-001
3.646790e+003,9.432016e-001
3.647272e+003,9.522060e-001
3.647754e+003,9.634609e-001
3.648237e+003,9.760282e-001
3.648719e+003,9.884948e-001
3.649201e+003,9.993121e-001
3.649683e+003,1.007271e+000
3.650165e+003,1.011837e+000
3.650647e+003,1.013186e+000
3.651129e+003,1.011976e+000
3.651611e+003,1.009020e+000
3.652094e+003,1.005066e+000
3.652576e+003,1.000735e+000
3.653058e+003,9.965400e-001
3.653540e+003,9.929538e-001
3.654022e+003,9.904400e-001
3.654504e+003,9.894459e-001
3.654986e+003,9.903176e-001
3.655469e+003,9.931801e-001
3.655950e+003,9.978191e-001
3.656433e+003,1.003712e+000
3.656915e+003,1.010172e+000
3.657397e+003,1.016599e+000
3.657879e+003,1.022676e+000
3.658361e+003,1.028396e+000
3.658843e+003,1.033973e+000
3.659325e+003,1.039698e+000
3.659808e+003,1.045806e+000
3.660290e+003,1.052390e+000
3.660772e+003,1.059372e+000
3.661254e+003,1.066526e+000
3.661736e+003,1.073543e+000
3.662218e+003,1.080098e+000
3.662700e+003,1.085927e+000
3.663182e+003,1.090861e+000
3.663665e+003,1.094838e+000
3.664147e+003,1.097907e+000
3.664629e+003,1.100207e+000
3.665111e+003,1.101968e+000
3.665593e+003,1.103511e+000
3.666075e+003,1.105259e+000
3.666557e+003,1.107750e+000
3.667039e+003,1.111630e+000
3.667521e+003,1.117594e+000
3.668004e+003,1.126252e+000
3.668486e+003,1.137859e+000
3.668968e+003,1.151972e+000
3.669450e+003,1.167241e+000
3.669932e+003,1.181597e+000
3.670414e+003,1.192922e+000
3.670896e+003,1.199854e+000
3.671378e+003,1.202180e+000
3.671861e+003,1.200748e+000
3.672343e+003,1.197078e+000
3.672825e+003,1.193051e+000
3.673307e+003,1.190717e+000
3.673789e+003,1.192127e+000
3.674271e+003,1.198945e+000
3.674753e+003,1.211806e+000
3.675236e+003,1.229631e+000
3.675718e+003,1.249654e+000
3.676200e+003,1.268496e+000
3.676682e+003,1.283655e+000
3.677164e+003,1.294273e+000
3.677646e+003,1.300874e+000
3.678128e+003,1.304661e+000
3.678610e+003,1.306928e+000
3.679093e+003,1.308756e+000
3.679575e+003,1.310943e+000
3.680057e+003,1.314012e+000
3.680539e+003,1.318273e+000
3.681021e+003,1.323851e+000
3.681503e+003,1.330695e+000
3.681985e+003,1.338565e+000
3.682467e+003,1.347018e+000
3.682949e+003,1.355438e+000
3.683432e+003,1.363136e+000
3.683914e+003,1.369493e+000
3.684396e+003,1.374130e+000
3.684878e+003,1.377037e+000
3.685360e+003,1.378646e+000
3.685842e+003,1.379807e+000
3.686324e+003,1.381679e+000
3.686806e+003,1.385528e+000
3.687289e+003,1.392469e+000
3.687771e+003,1.403122e+000
3.688253e+003,1.417318e+000
3.688735e+003,1.434016e+000
3.689217e+003,1.451532e+000
3.689699e+003,1.468069e+000
3.690181e+003,1.482248e+000
3.690664e+003,1.493378e+000
3.691146e+003,1.501428e+000
3.691628e+003,1.506795e+000
3.692110e+003,1.510083e+000
3.692592e+003,1.511948e+000
3.693074e+003,1.513031e+000
3.693556e+003,1.513921e+000
3.694038e+003,1.515130e+000
3.694521e+003,1.517051e+000
3.695003e+003,1.519929e+000
3.695485e+003,1.523814e+000
3.695967e+003,1.528586e+000
3.696449e+003,1.534017e+000
3.696931e+003,1.539886e+000
3.697413e+003,1.546101e+000
3.697895e+003,1.552786e+000
3.698377e+003,1.560275e+000
3.698860e+003,1.569027e+000
3.699342e+003,1.579459e+000
3.699824e+003,1.591726e+000
3.700306e+003,1.605529e+000
3.700788e+003,1.620016e+000
3.701270e+003,1.633888e+000
3.701752e+003,1.645728e+000
3.702234e+003,1.654441e+000
3.702717e+003,1.659616e+000
3.703199e+003,1.661595e+000
3.703681e+003,1.661274e+000
3.704163e+003,1.659760e+000
3.704645e+003,1.658052e+000
3.705127e+003,1.656832e+000
3.705609e+003,1.656415e+000
3.706092e+003,1.656798e+000
3.706573e+003,1.657808e+000
3.707056e+003,1.659248e+000
3.707538e+003,1.661088e+000
3.708020e+003,1.663572e+000
3.708502e+003,1.667271e+000
3.708984e+003,1.673014e+000
3.709466e+003,1.681708e+000
3.709948e+003,1.694028e+000
3.710431e+003,1.710080e+000
3.710913e+003,1.729116e+000
3.711395e+003,1.749551e+000
3.711877e+003,1.769301e+000
3.712359e+003,1.786400e+000
3.712841e+003,1.799532e+000
3.713323e+003,1.808267e+000
3.713805e+003,1.812951e+000
3.714288e+003,1.814432e+000
3.714770e+003,1.813772e+000
3.715252e+003,1.812043e+000
3.715734e+003,1.810199e+000
3.716216e+003,1.809002e+000
3.716698e+003,1.808977e+000
3.717180e+003,1.810389e+000
3.717662e+003,1.813242e+000
3.718145e+003,1.817351e+000
3.718627e+003,1.822419e+000
3.719109e+003,1.828164e+000
3.719591e+003,1.834394e+000
3.720073e+003,1.841032e+000
3.720555e+003,1.848071e+000
3.721037e+003,1.855497e+000
3.721520e+003,1.863199e+000
3.722001e+003,1.870963e+000
3.722484e+003,1.878500e+000
3.722966e+003,1.885563e+000
3.723448e+003,1.892030e+000
3.723930e+003,1.897937e+000
3.724412e+003,1.903432e+000
3.724894e+003,1.908639e+000
3.725376e+003,1.913510e+000
3.725859e+003,1.917752e+000
3.726341e+003,1.920843e+000
3.726823e+003,1.922202e+000
3.727305e+003,1.921413e+000
3.727787e+003,1.918396e+000
3.728269e+003,1.913481e+000
3.728751e+003,1.907341e+000
3.729233e+003,1.900860e+000
3.729716e+003,1.894971e+000
3.730198e+003,1.890504e+000
3.730680e+003,1.888026e+000
3.731162e+003,1.887768e+000
3.731644e+003,1.889621e+000
3.732126e+003,1.893286e+000
3.732608e+003,1.898509e+000
3.733090e+003,1.905320e+000
3.733573e+003,1.914112e+000
3.734055e+003,1.925418e+000
3.734537e+003,1.939500e+000
3.735019e+003,1.955869e+000
3.735501e+003,1.973099e+000
3.735983e+003,1.989118e+000
3.736465e+003,2.001895e+000
3.736948e+003,2.010080e+000
3.737430e+003,2.013282e+000
3.737912e+003,2.011872e+000
3.738394e+003,2.006584e+000
3.738876e+003,1.998174e+000
3.739358e+003,1.987259e+000
3.739840e+003,1.974363e+000
3.740322e+003,1.960086e+000
3.740804e+003,1.945324e+000
3.741287e+003,1.931498e+000
3.741769e+003,1.920653e+000
3.742251e+003,1.915403e+000
3.742733e+003,1.918472e+000
3.743215e+003,1.931704e+000
3.743697e+003,1.954636e+000
3.744179e+003,1.983508e+000
3.744661e+003,2.012007e+000
3.745144e+003,2.033985e+000
3.745626e+003,2.046139e+000
3.746108e+003,2.048723e+000
3.746590e+003,2.044400e+000
3.747072e+003,2.036678e+000
3.747554e+003,2.028864e+000
3.748036e+003,2.023619e+000
3.748518e+003,2.022778e+000
3.749000e+003,2.027277e+000
3.749483e+003,2.036989e+000
3.749965e+003,2.050660e+000
3.750447e+003,2.066083e+000
3.750929e+003,2.080581e+000
3.751411e+003,2.091739e+000
3.751893e+003,2.097987e+000
3.752375e+003,2.098813e+000
3.752858e+003,2.094632e+000
3.753340e+003,2.086463e+000
3.753822e+003,2.075611e+000
3.754304e+003,2.063432e+000
3.754786e+003,2.051174e+000
3.755268e+003,2.039891e+000
3.755750e+003,2.030417e+000
3.756232e+003,2.023345e+000
3.756715e+003,2.019061e+000
3.757197e+003,2.017735e+000
3.757679e+003,2.019315e+000
3.758161e+003,2.023462e+000
3.758643e+003,2.029476e+000
3.759125e+003,2.036263e+000
3.759607e+003,2.042462e+000
3.760089e+003,2.046702e+000
3.760572e+003,2.047973e+000
3.761054e+003,2.045893e+000
3.761536e+003,2.040784e+000
3.762018e+003,2.033553e+000
3.762500e+003,2.025428e+000
3.762982e+003,2.017664e+000
3.763464e+003,2.011277e+000
3.763947e+003,2.006811e+000
3.764428e+003,2.004245e+000
3.764911e+003,2.003031e+000
3.765393e+003,2.002372e+000
3.765875e+003,2.001580e+000
3.766357e+003,2.000430e+000
3.766839e+003,1.999266e+000
3.767321e+003,1.998902e+000
3.767803e+003,2.000311e+000
3.768286e+003,2.004268e+000
3.768768e+003,2.011009e+000
3.769250e+003,2.020050e+000
3.769732e+003,2.030235e+000
3.770214e+003,2.040084e+000
3.770696e+003,2.048278e+000
3.771178e+003,2.054059e+000
3.771660e+003,2.057329e+000
3.772143e+003,2.058496e+000
3.772625e+003,2.058150e+000
3.773107e+003,2.056795e+000
3.773589e+003,2.054674e+000
3.774071e+003,2.051745e+000
3.774553e+003,2.047776e+000
3.775035e+003,2.042541e+000
3.775517e+003,2.036020e+000
3.776000e+003,2.028606e+000
3.776482e+003,2.021179e+000
3.776964e+003,2.015057e+000
3.777446e+003,2.011775e+000
3.777928e+003,2.012702e+000
3.778410e+003,2.018569e+000
3.778892e+003,2.029058e+000
3.779375e+003,2.042692e+000
3.779856e+003,2.057194e+000
3.780339e+003,2.070155e+000
3.780821e+003,2.079741e+000
3.781303e+003,2.085067e+000
3.781785e+003,2.086175e+000
3.782267e+003,2.083772e+000
3.782749e+003,2.078896e+000
3.783231e+003,2.072640e+000
3.783714e+003,2.065978e+000
3.784196e+003,2.059668e+000
3.784678e+003,2.054228e+000
3.785160e+003,2.049938e+000
3.785642e+003,2.046868e+000
3.786124e+003,2.044913e+000
3.786606e+003,2.043848e+000
3.787088e+003,2.043379e+000
3.787571e+003,2.043226e+000
3.788053e+003,2.043180e+000
3.788535e+003,2.043163e+000
3.789017e+003,2.043220e+000
3.789499e+003,2.043457e+000
3.789981e+003,2.043924e+000
3.790463e+003,2.044506e+000
3.790945e+003,2.044867e+000
3.791427e+003,2.044521e+000
3.791910e+003,2.042992e+000
3.792392e+003,2.040026e+000
3.792874e+003,2.035766e+000
3.793356e+003,2.030803e+000
3.793838e+003,2.026068e+000
3.794320e+003,2.022581e+000
3.794802e+003,2.021069e+000
3.795284e+003,2.021622e+000
3.795767e+003,2.023474e+000
3.796249e+003,2.025163e+000
3.796731e+003,2.025034e+000
3.797213e+003,2.021902e+000
3.797695e+003,2.015570e+000
3.798177e+003,2.006994e+000
3.798659e+003,1.998093e+000
3.799142e+003,1.991400e+000
3.799624e+003,1.989515e+000
3.800106e+003,1.994378e+000
3.800588e+003,2.006375e+000
3.801070e+003,2.023653e+000
3.801552e+003,2.042356e+000
3.802034e+003,2.058104e+000
3.802516e+003,2.067885e+000
3.802999e+003,2.071121e+000
3.803481e+003,2.069365e+000
3.803963e+003,2.065345e+000
3.804445e+003,2.061969e+000
3.804927e+003,2.061648e+000
3.805409e+003,2.065762e+000
3.805891e+003,2.074248e+000
3.806373e+003,2.085407e+000
3.806855e+003,2.096306e+000
3.807338e+003,2.103781e+000
3.807820e+003,2.105683e+000
3.808302e+003,2.101548e+000
3.808784e+003,2.092411e+000
3.809266e+003,2.080055e+000
3.809748e+003,2.066251e+000
3.810230e+003,2.052263e+000
3.810712e+003,2.038747e+000
3.811195e+003,2.025863e+000
3.811677e+003,2.013577e+000
3.812159e+003,2.001991e+000
3.812641e+003,1.991614e+000
3.813123e+003,1.983475e+000
3.813605e+003,1.979017e+000
3.814087e+003,1.979712e+000
3.814570e+003,1.986412e+000
3.815052e+003,1.998596e+000
3.815534e+003,2.013939e+000
3.816016e+003,2.028737e+000
3.816498e+003,2.039216e+000
3.816980e+003,2.043013e+000
3.817462e+003,2.039944e+000
3.817944e+003,2.031780e+000
3.818427e+003,2.021545e+000
3.818909e+003,2.012740e+000
3.819391e+003,2.008672e+000
3.819873e+003,2.011692e+000
3.820355e+003,2.022268e+000
3.820837e+003,2.038323e+000
3.821319e+003,2.055621e+000
3.821801e+003,2.069415e+000
3.822283e+003,2.076474e+000
3.822766e+003,2.076042e+000
3.823248e+003,2.069422e+000
3.823730e+003,2.058989e+000
3.824212e+003,2.047296e+000
3.824694e+003,2.036541e+000
3.825176e+003,2.028302e+000
3.825658e+003,2.023360e+000
3.826140e+003,2.021667e+000
3.826623e+003,2.022436e+000
3.827105e+003,2.024475e+000
3.827587e+003,2.026589e+000
3.828069e+003,2.027951e+000
3.828551e+003,2.028240e+000
3.829033e+003,2.027592e+000
3.829515e+003,2.026385e+000
3.829998e+003,2.025018e+000
3.830479e+003,2.023714e+000
3.830962e+003,2.022436e+000
3.831444e+003,2.020901e+000
3.831926e+003,2.018718e+000
3.832408e+003,2.015561e+000
3.832890e+003,2.011338e+000
3.833372e+003,2.006251e+000
3.833854e+003,2.000808e+000
3.834337e+003,1.995753e+000
3.834819e+003,1.992000e+000
3.835301e+003,1.990546e+000
3.835783e+003,1.992344e+000
3.836265e+003,1.998115e+000
3.836747e+003,2.008090e+000
3.837229e+003,2.021717e+000
3.837711e+003,2.037551e+000
3.838194e+003,2.053416e+000
3.838676e+003,2.066935e+000
3.839158e+003,2.076186e+000
3.839640e+003,2.080236e+000
3.840122e+003,2.079297e+000
3.840604e+003,2.074547e+000
3.841086e+003,2.067722e+000
3.841568e+003,2.060704e+000
3.842051e+003,2.055099e+000
3.842533e+003,2.051936e+000
3.843015e+003,2.051500e+000
3.843497e+003,2.053328e+000
3.843979e+003,2.056396e+000
3.844461e+003,2.059462e+000
3.844943e+003,2.061373e+000
3.845426e+003,2.061308e+000
3.845907e+003,2.058814e+000
3.846390e+003,2.053732e+000
3.846872e+003,2.046046e+000
3.847354e+003,2.035784e+000
3.847836e+003,2.022990e+000
3.848318e+003,2.007809e+000
3.848800e+003,1.990633e+000
3.849282e+003,1.972298e+000
3.849765e+003,1.954251e+000
3.850247e+003,1.938691e+000
3.850729e+003,1.928587e+000
3.851211e+003,1.927493e+000
3.851693e+003,1.938876e+000
3.852175e+003,1.964695e+000
3.852657e+003,2.003388e+000
3.853139e+003,2.048610e+000
3.853622e+003,2.090768e+000
3.854104e+003,2.121381e+000
3.854586e+003,2.136861e+000
3.855068e+003,2.138702e+000
3.855550e+003,2.131057e+000
3.856032e+003,2.118254e+000
3.856514e+003,2.103550e+000
3.856996e+003,2.088919e+000
3.857479e+003,2.075298e+000
3.857961e+003,2.062964e+000
3.858443e+003,2.051858e+000
3.858925e+003,2.041815e+000
3.859407e+003,2.032692e+000
3.859889e+003,2.024451e+000
3.860371e+003,2.017134e+000
3.860854e+003,2.010886e+000
3.861336e+003,2.005910e+000
3.861818e+003,2.002455e+000
3.862300e+003,2.000721e+000
3.862782e+003,2.000735e+000
3.863264e+003,2.002154e+000
3.863746e+003,2.004143e+000
3.864228e+003,2.005407e+000
3.864710e+003,2.004524e+000
3.865193e+003,2.000408e+000
3.865675e+003,1.992764e+000
3.866157e+003,1.982266e+000
3.866639e+003,1.970462e+000
3.867121e+003,1.959496e+000
3.867603e+003,1.951736e+000
3.868085e+003,1.949287e+000
3.868567e+003,1.953392e+000
3.869050e+003,1.963801e+000
3.869532e+003,1.978498e+000
3.870014e+003,1.994206e+000
3.870496e+003,2.007683e+000
3.870978e+003,2.017040e+000
3.871460e+003,2.022275e+000
3.871942e+003,2.024826e+000
3.872424e+003,2.026656e+000
3.872906e+003,2.029309e+000
3.873389e+003,2.033291e+000
3.873871e+003,2.037869e+000
3.874353e+003,2.041358e+000
3.874835e+003,2.041834e+000
3.875317e+003,2.037970e+000
3.875799e+003,2.029562e+000
3.876281e+003,2.017588e+000
3.876764e+003,2.003891e+000
3.877246e+003,1.990720e+000
3.877728e+003,1.980299e+000
3.878210e+003,1.974426e+000
3.878692e+003,1.974058e+000
3.879174e+003,1.978920e+000
3.879656e+003,1.987288e+000
3.880138e+003,1.996285e+000
3.880621e+003,2.002730e+000
3.881103e+003,2.004290e+000
3.881585e+003,2.000276e+000
3.882067e+003,1.991744e+000
3.882549e+003,1.981016e+000
3.883031e+003,1.971007e+000
3.883513e+003,1.964530e+000
3.883995e+003,1.963694e+000
3.884478e+003,1.969245e+000
3.884960e+003,1.980093e+000
3.885442e+003,1.993344e+000
3.885924e+003,2.005157e+000
3.886406e+003,2.012144e+000
3.886888e+003,2.012577e+000
3.887370e+003,2.006724e+000
3.887853e+003,1.996441e+000
3.888334e+003,1.984416e+000
3.888817e+003,1.973528e+000
3.889299e+003,1.966349e+000
3.889781e+003,1.964720e+000
3.890263e+003,1.969341e+000
3.890745e+003,1.979462e+000
3.891227e+003,1.992888e+000
3.891709e+003,2.006530e+000
3.892192e+003,2.017327e+000
3.892674e+003,2.023152e+000
3.893156e+003,2.023212e+000
3.893638e+003,2.017935e+000
3.894120e+003,2.008539e+000
3.894602e+003,1.996609e+000
3.895084e+003,1.983768e+000
3.895566e+003,1.971529e+000
3.896049e+003,1.961198e+000
3.896531e+003,1.953832e+000
3.897013e+003,1.950145e+000
3.897495e+003,1.950400e+000
3.897977e+003,1.954303e+000
3.898459e+003,1.960943e+000
3.898941e+003,1.968864e+000
3.899423e+003,1.976349e+000
3.899906e+003,1.981830e+000
3.900388e+003,1.984309e+000
3.900870e+003,1.983642e+000
3.901352e+003,1.980556e+000
3.901834e+003,1.976435e+000
3.902316e+003,1.972950e+000
3.902798e+003,1.971597e+000
3.903281e+003,1.973314e+000
3.903762e+003,1.978190e+000
3.904245e+003,1.985449e+000
3.904727e+003,1.993720e+000
3.905209e+003,2.001458e+000
3.905691e+003,2.007375e+000
3.906173e+003,2.010710e+000
3.906655e+003,2.011268e+000
3.907137e+003,2.009322e+000
3.907620e+003,2.005447e+000
3.908102e+003,2.000352e+000
3.908584e+003,1.994743e+000
3.909066e+003,1.989213e+000
3.909548e+003,1.984181e+000
3.910030e+003,1.979859e+000
3.910512e+003,1.976256e+000
3.910994e+003,1.973244e+000
3.911477e+003,1.970623e+000
3.911959e+003,1.968231e+000
3.912441e+003,1.966005e+000
3.912923e+003,1.964021e+000
3.913405e+003,1.962471e+000
3.913887e+003,1.961607e+000
3.914369e+003,1.961642e+000
3.914851e+003,1.962679e+000
3.915333e+003,1.964640e+000
3.915816e+003,1.967267e+000
3.916298e+003,1.970175e+000
3.916780e+003,1.972965e+000
3.917262e+003,1.975326e+000
3.917744e+003,1.977113e+000
3.918226e+003,1.978318e+000
3.918708e+003,1.979016e+000
3.919190e+003,1.979246e+000
3.919673e+003,1.978984e+000
3.920155e+003,1.978146e+000
3.920637e+003,1.976669e+000
3.921119e+003,1.974598e+000
3.921601e+003,1.972156e+000
3.922083e+003,1.969717e+000
3.922565e+003,1.967740e+000
3.923048e+003,1.966611e+000
3.923530e+003,1.966490e+000
3.924012e+003,1.967209e+000
3.924494e+003,1.968278e+000
3.924976e+003,1.969035e+000
3.925458e+003,1.968884e+000
3.925940e+003,1.967505e+000
3.926422e+003,1.964970e+000
3.926905e+003,1.961681e+000
3.927387e+003,1.958230e+000
3.927869e+003,1.955173e+000
3.928351e+003,1.952879e+000
3.928833e+003,1.951441e+000
3.929315e+003,1.950704e+000
3.929797e+003,1.950372e+000
3.930279e+003,1.950191e+000
3.930761e+003,1.950097e+000
3.931244e+003,1.950291e+000
3.931726e+003,1.951167e+000
3.932208e+003,1.953137e+000
3.932690e+003,1.956415e+000
3.933172e+003,1.960878e+000
3.933654e+003,1.966035e+000
3.934136e+003,1.971151e+000
3.934618e+003,1.975430e+000
3.935101e+003,1.978184e+000
3.935583e+003,1.978973e+000
3.936065e+003,1.977634e+000
3.936547e+003,1.974280e+000
3.937029e+003,1.969247e+000
3.937511e+003,1.963022e+000
3.937993e+003,1.956185e+000
3.938476e+003,1.949360e+000
3.938958e+003,1.943178e+000
3.939440e+003,1.938250e+000
3.939922e+003,1.935118e+000
3.940404e+003,1.934193e+000
3.940886e+003,1.935665e+000
3.941368e+003,1.939406e+000
3.941850e+003,1.944932e+000
3.942333e+003,1.951440e+000
3.942815e+003,1.957963e+000
3.943297e+003,1.963599e+000
3.943779e+003,1.967722e+000
3.944261e+003,1.970115e+000
3.944743e+003,1.970969e+000
3.945225e+003,1.970757e+000
3.945707e+003,1.970087e+000
3.946189e+003,1.969530e+000
3.946672e+003,1.969503e+000
3.947154e+003,1.970198e+000
3.947636e+003,1.971573e+000
3.948118e+003,1.973403e+000
3.948600e+003,1.975380e+000
3.949082e+003,1.977187e+000
3.949564e+003,1.978587e+000
3.950046e+003,1.979428e+000
3.950529e+003,1.979620e+000
3.951011e+003,1.979086e+000
3.951493e+003,1.977723e+000
3.951975e+003,1.975393e+000
3.952457e+003,1.971968e+000
3.952939e+003,1.967386e+000
3.953421e+003,1.961738e+000
3.953904e+003,1.955294e+000
3.954385e+003,1.948521e+000
3.954868e+003,1.941995e+000
3.955350e+003,1.936302e+000
3.955832e+003,1.931901e+000
3.956314e+003,1.929026e+000
3.956796e+003,1.927630e+000
3.957278e+003,1.927438e+000
3.957760e+003,1.928033e+000
3.958243e+003,1.929002e+000
3.958725e+003,1.930046e+000
3.959207e+003,1.931040e+000
3.959689e+003,1.932018e+000
3.960171e+003,1.933109e+000
3.960653e+003,1.934417e+000
3.961135e+003,1.935936e+000
3.961617e+003,1.937500e+000
3.962100e+003,1.938806e+000
3.962582e+003,1.939476e+000
3.963064e+003,1.939153e+000
3.963546e+003,1.937598e+000
3.964028e+003,1.934745e+000
3.964510e+003,1.930707e+000
3.964992e+003,1.925766e+000
3.965474e+003,1.920321e+000
3.965957e+003,1.914841e+000
3.966439e+003,1.909814e+000
3.966921e+003,1.905671e+000
3.967403e+003,1.902735e+000
3.967885e+003,1.901163e+000
3.968367e+003,1.900918e+000
3.968849e+003,1.901778e+000
3.969332e+003,1.903385e+000
3.969813e+003,1.905342e+000
3.970296e+003,1.907315e+000
3.970778e+003,1.909113e+000
3.971260e+003,1.910735e+000
3.971742e+003,1.912347e+000
3.972224e+003,1.914213e+000
3.972706e+003,1.916608e+000
3.973188e+003,1.919712e+000
3.973671e+003,1.923567e+000
3.974153e+003,1.928044e+000
3.974635e+003,1.932877e+000
3.975117e+003,1.937706e+000
3.975599e+003,1.942147e+000
3.976081e+003,1.945828e+000
3.976563e+003,1.948456e+000
3.977045e+003,1.949841e+000
3.977528e+003,1.949946e+000
3.978010e+003,1.948896e+000
3.978492e+003,1.946987e+000
3.978974e+003,1.944650e+000
3.979456e+003,1.942382e+000
3.979938e+003,1.940625e+000
3.980420e+003,1.939679e+000
3.980902e+003,1.939604e+000
3.981385e+003,1.940217e+000
3.981867e+003,1.941150e+000
3.982349e+003,1.941971e+000
3.982831e+003,1.942322e+000
3.983313e+003,1.942059e+000
3.983795e+003,1.941271e+000
3.984277e+003,1.940266e+000
3.984760e+003,1.939452e+000
3.985242e+003,1.939196e+000
3.985724e+003,1.939695e+000
3.986206e+003,1.940905e+000
3.986688e+003,1.942544e+000
3.987170e+003,1.944174e+000
3.987652e+003,1.945314e+000
3.988134e+003,1.945589e+000
3.988616e+003,1.944820e+000
3.989099e+003,1.943095e+000
3.989581e+003,1.940736e+000
3.990063e+003,1.938232e+000
3.990545e+003,1.936114e+000
3.991027e+003,1.934833e+000
3.991509e+003,1.934638e+000
3.991991e+003,1.935533e+000
3.992473e+003,1.937278e+000
3.992956e+003,1.939457e+000
3.993438e+003,1.941584e+000
3.993920e+003,1.943232e+000
3.994402e+003,1.944122e+000
3.994884e+003,1.944189e+000
3.995366e+003,1.943558e+000
3.995848e+003,1.942489e+000
3.996330e+003,1.941267e+000
3.996813e+003,1.940096e+000
3.997295e+003,1.939038e+000
3.997777e+003,1.937985e+000
3.998259e+003,1.936697e+000
3.998741e+003,1.934884e+000
3.999223e+003,1.932296e+000
3.999705e+003,1.928819e+000
4.000188e+003,1.924521e+000
