3.996813e+002,0.000000e+000
4.001635e+002,2.717716e+001
4.006456e+002,2.713901e+001
4.011277e+002,2.711781e+001
4.016098e+002,2.711357e+001
4.020919e+002,2.712163e+001
4.025741e+002,2.713612e+001
4.030562e+002,2.715236e+001
4.035383e+002,2.716726e+001
4.040204e+002,2.717856e+001
4.045026e+002,2.718337e+001
4.049847e+002,2.717786e+001
4.054668e+002,2.715811e+001
4.059489e+002,2.712222e+001
4.064311e+002,2.707197e+001
4.069132e+002,2.701323e+001
4.073953e+002,2.695420e+001
4.078774e+002,2.690252e+001
4.083596e+002,2.686248e+001
4.088417e+002,2.683408e+001
4.093238e+002,2.681373e+001
4.098059e+002,2.679639e+001
4.102881e+002,2.677792e+001
4.107702e+002,2.675679e+001
4.112523e+002,2.673379e+001
4.117344e+002,2.671089e+001
4.122166e+002,2.668987e+001
4.126987e+002,2.667169e+001
4.131808e+002,2.665688e+001
4.136629e+002,2.664667e+001
4.141451e+002,2.664396e+001
4.146272e+002,2.665318e+001
4.151093e+002,2.667919e+001
4.155914e+002,2.672550e+001
4.160736e+002,2.679262e+001
4.165557e+002,2.687687e+001
4.170378e+002,2.696990e+001
4.175200e+002,2.705964e+001
4.180021e+002,2.713268e+001
4.184842e+002,2.717847e+001
4.189663e+002,2.719283e+001
4.194484e+002,2.717837e+001
4.199306e+002,2.714133e+001
4.204127e+002,2.708771e+001
4.208948e+002,2.702195e+001
4.213770e+002,2.694811e+001
4.218591e+002,2.687156e+001
4.223412e+002,2.679984e+001
4.228233e+002,2.674146e+001
4.233055e+002,2.670382e+001
4.237876e+002,2.669066e+001
4.242697e+002,2.670052e+001
4.247518e+002,2.672705e+001
4.252339e+002,2.676132e+001
4.257161e+002,2.679488e+001
4.261982e+002,2.682243e+001
4.266803e+002,2.684236e+001
4.271624e+002,2.685564e+001
4.276446e+002,2.686394e+001
4.281267e+002,2.686819e+001
4.286088e+002,2.686825e+001
4.290909e+002,2.686377e+001
4.295731e+002,2.685552e+001
4.300552e+002,2.684623e+001
4.305373e+002,2.684040e+001
4.310194e+002,2.684298e+001
4.315016e+002,2.685758e+001
4.319837e+002,2.688511e+001
4.324658e+002,2.692365e+001
4.329479e+002,2.696916e+001
4.334301e+002,2.701696e+001
4.339122e+002,2.706301e+001
4.343943e+002,2.710435e+001
4.348764e+002,2.713882e+001
4.353586e+002,2.716460e+001
4.358407e+002,2.717988e+001
4.363228e+002,2.718338e+001
4.368049e+002,2.717527e+001
4.372870e+002,2.715777e+001
4.377692e+002,2.713502e+001
4.382513e+002,2.711176e+001
4.387334e+002,2.709170e+001
4.392155e+002,2.707592e+001
4.396977e+002,2.706252e+001
4.401798e+002,2.704717e+001
4.406619e+002,2.702480e+001
4.411440e+002,2.699173e+001
4.416262e+002,2.694742e+001
4.421083e+002,2.689491e+001
4.425904e+002,2.683993e+001
4.430725e+002,2.678889e+001
4.435547e+002,2.674697e+001
4.440368e+002,2.671706e+001
4.445189e+002,2.669979e+001
4.450010e+002,2.669427e+001
4.454832e+002,2.669896e+001
4.459653e+002,2.671187e+001
4.464474e+002,2.673054e+001
4.469295e+002,2.675173e+001
4.474117e+002,2.677175e+001
4.478938e+002,2.678726e+001
4.483759e+002,2.679636e+001
4.488580e+002,2.679943e+001
4.493401e+002,2.679929e+001
4.498223e+002,2.679999e+001
4.503044e+002,2.680514e+001
4.507865e+002,2.681625e+001
4.512687e+002,2.683166e+001
4.517508e+002,2.684671e+001
4.522329e+002,2.685522e+001
4.527150e+002,2.685156e+001
4.531971e+002,2.683265e+001
4.536793e+002,2.679869e+001
4.541614e+002,2.675265e+001
4.546435e+002,2.669895e+001
4.551257e+002,2.664235e+001
4.556078e+002,2.658724e+001
4.560899e+002,2.653767e+001
4.565720e+002,2.649733e+001
4.570542e+002,2.646958e+001
4.575363e+002,2.645656e+001
4.580184e+002,2.645831e+001
4.585005e+002,2.647234e+001
4.589827e+002,2.649422e+001
4.594648e+002,2.651908e+001
4.599469e+002,2.654302e+001
4.604290e+002,2.656398e+001
4.609112e+002,2.658155e+001
4.613933e+002,2.659618e+001
4.618754e+002,2.660815e+001
4.623575e+002,2.661685e+001
4.628397e+002,2.662096e+001
4.633218e+002,2.661914e+001
4.638039e+002,2.661122e+001
4.642860e+002,2.659896e+001
4.647682e+002,2.658585e+001
4.652503e+002,2.657619e+001
4.657324e+002,2.657340e+001
4.662145e+002,2.657861e+001
4.666967e+002,2.659006e+001
4.671788e+002,2.660371e+001
4.676609e+002,2.661480e+001
4.681430e+002,2.661969e+001
4.686252e+002,2.661719e+001
4.691073e+002,2.660854e+001
4.695894e+002,2.659644e+001
4.700715e+002,2.658348e+001
4.705536e+002,2.657097e+001
4.710358e+002,2.655846e+001
4.715179e+002,2.654429e+001
4.720000e+002,2.652667e+001
4.724821e+002,2.650501e+001
4.729643e+002,2.648043e+001
4.734464e+002,2.645554e+001
4.739285e+002,2.643362e+001
4.744106e+002,2.641787e+001
4.748928e+002,2.641094e+001
4.753749e+002,2.641496e+001
4.758570e+002,2.643143e+001
4.763391e+002,2.646109e+001
4.768213e+002,2.650309e+001
4.773034e+002,2.655446e+001
4.777855e+002,2.660989e+001
4.782676e+002,2.666233e+001
4.787498e+002,2.670438e+001
4.792319e+002,2.673017e+001
4.797140e+002,2.673680e+001
4.801961e+002,2.672495e+001
4.806783e+002,2.669810e+001
4.811604e+002,2.666129e+001
4.816425e+002,2.661936e+001
4.821246e+002,2.657597e+001
4.826068e+002,2.653322e+001
4.830889e+002,2.649206e+001
4.835710e+002,2.645298e+001
4.840531e+002,2.641645e+001
4.845352e+002,2.638282e+001
4.850174e+002,2.635191e+001
4.854995e+002,2.632253e+001
4.859816e+002,2.629268e+001
4.864637e+002,2.626020e+001
4.869459e+002,2.622389e+001
4.874280e+002,2.618437e+001
4.879101e+002,2.614428e+001
4.883922e+002,2.610764e+001
4.888744e+002,2.607859e+001
4.893565e+002,2.606000e+001
4.898386e+002,2.605256e+001
4.903207e+002,2.605466e+001
4.908029e+002,2.606300e+001
4.912850e+002,2.607364e+001
4.917671e+002,2.608302e+001
4.922492e+002,2.608859e+001
4.927314e+002,2.608865e+001
4.932135e+002,2.608214e+001
4.936956e+002,2.606835e+001
4.941777e+002,2.604704e+001
4.946599e+002,2.601883e+001
4.951420e+002,2.598557e+001
4.956241e+002,2.595031e+001
4.961062e+002,2.591676e+001
4.965884e+002,2.588831e+001
4.970705e+002,2.586710e+001
4.975526e+002,2.585342e+001
4.980347e+002,2.584585e+001
4.985169e+002,2.584193e+001
4.989990e+002,2.583905e+001
4.994811e+002,2.583520e+001
4.999633e+002,2.582913e+001
5.004454e+002,2.582025e+001
5.009275e+002,2.580813e+001
5.014096e+002,2.579244e+001
5.018917e+002,2.577306e+001
5.023739e+002,2.575051e+001
5.028560e+002,2.572634e+001
5.033381e+002,2.570300e+001
5.038203e+002,2.568318e+001
5.043024e+002,2.566883e+001
5.047845e+002,2.566047e+001
5.052666e+002,2.565694e+001
5.057487e+002,2.565598e+001
5.062309e+002,2.565517e+001
5.067130e+002,2.565311e+001
5.071951e+002,2.565009e+001
5.076772e+002,2.564798e+001
5.081594e+002,2.564932e+001
5.086415e+002,2.565599e+001
5.091236e+002,2.566830e+001
5.096057e+002,2.568456e+001
5.100879e+002,2.570161e+001
5.105700e+002,2.571572e+001
5.110521e+002,2.572375e+001
5.115342e+002,2.572380e+001
5.120164e+002,2.571552e+001
5.124985e+002,2.569979e+001
5.129806e+002,2.567830e+001
5.134627e+002,2.565307e+001
5.139448e+002,2.562614e+001
5.144270e+002,2.559949e+001
5.149091e+002,2.557495e+001
5.153912e+002,2.555402e+001
5.158734e+002,2.553763e+001
5.163555e+002,2.552591e+001
5.168376e+002,2.551813e+001
5.173197e+002,2.551296e+001
5.178019e+002,2.550893e+001
5.182840e+002,2.550487e+001
5.187661e+002,2.550016e+001
5.192482e+002,2.549452e+001
5.197303e+002,2.548767e+001
5.202125e+002,2.547905e+001
5.206946e+002,2.546776e+001
5.211767e+002,2.545296e+001
5.216588e+002,2.543438e+001
5.221410e+002,2.541274e+001
5.226231e+002,2.538980e+001
5.231052e+002,2.536794e+001
5.235873e+002,2.534944e+001
5.240695e+002,2.533570e+001
5.245516e+002,2.532683e+001
5.250337e+002,2.532147e+001
5.255159e+002,2.531743e+001
5.259980e+002,2.531238e+001
5.264801e+002,2.530460e+001
5.269622e+002,2.529339e+001
5.274443e+002,2.527892e+001
5.279265e+002,2.526192e+001
5.284086e+002,2.524323e+001
5.288907e+002,2.522370e+001
5.293728e+002,2.520417e+001
5.298550e+002,2.518551e+001
5.303371e+002,2.516864e+001
5.308192e+002,2.515420e+001
5.313013e+002,2.514232e+001
5.317834e+002,2.513239e+001
5.322656e+002,2.512326e+001
5.327477e+002,2.511364e+001
5.332299e+002,2.510284e+001
5.337120e+002,2.509120e+001
5.341941e+002,2.508012e+001
5.346762e+002,2.507156e+001
5.351583e+002,2.506709e+001
5.356404e+002,2.506704e+001
5.361226e+002,2.507006e+001
5.366047e+002,2.507326e+001
5.370868e+002,2.507309e+001
5.375690e+002,2.506650e+001
5.380511e+002,2.505183e+001
5.385332e+002,2.502928e+001
5.390153e+002,2.500075e+001
5.394974e+002,2.496918e+001
5.399796e+002,2.493784e+001
5.404617e+002,2.490972e+001
5.409438e+002,2.488720e+001
5.414260e+002,2.487188e+001
5.419081e+002,2.486456e+001
5.423902e+002,2.486514e+001
5.428723e+002,2.487248e+001
5.433544e+002,2.488432e+001
5.438365e+002,2.489755e+001
5.443187e+002,2.490876e+001
5.448008e+002,2.491501e+001
5.452830e+002,2.491459e+001
5.457651e+002,2.490748e+001
5.462472e+002,2.489515e+001
5.467293e+002,2.488000e+001
5.472114e+002,2.486442e+001
5.476936e+002,2.485007e+001
5.481757e+002,2.483759e+001
5.486578e+002,2.482686e+001
5.491400e+002,2.481747e+001
5.496221e+002,2.480926e+001
5.501042e+002,2.480249e+001
5.505863e+002,2.479770e+001
5.510684e+002,2.479525e+001
5.515505e+002,2.479492e+001
5.520327e+002,2.479572e+001
5.525148e+002,2.479609e+001
5.529969e+002,2.479429e+001
5.534791e+002,2.478893e+001
5.539612e+002,2.477923e+001
5.544433e+002,2.476514e+001
5.549254e+002,2.474716e+001
5.554076e+002,2.472614e+001
5.558896e+002,2.470316e+001
5.563718e+002,2.467942e+001
5.568539e+002,2.465633e+001
5.573361e+002,2.463540e+001
5.578182e+002,2.461805e+001
5.583003e+002,2.460526e+001
5.587825e+002,2.459726e+001
5.592645e+002,2.459340e+001
5.597467e+002,2.459224e+001
5.602288e+002,2.459193e+001
5.607109e+002,2.459067e+001
5.611931e+002,2.458710e+001
5.616752e+002,2.458039e+001
5.621573e+002,2.457019e+001
5.626394e+002,2.455639e+001
5.631216e+002,2.453901e+001
5.636037e+002,2.451823e+001
5.640858e+002,2.449457e+001
5.645679e+002,2.446909e+001
5.650500e+002,2.444340e+001
5.655322e+002,2.441945e+001
5.660143e+002,2.439899e+001
5.664965e+002,2.438314e+001
5.669785e+002,2.437196e+001
5.674607e+002,2.436451e+001
5.679428e+002,2.435923e+001
5.684249e+002,2.435449e+001
5.689070e+002,2.434914e+001
5.693892e+002,2.434281e+001
5.698713e+002,2.433575e+001
5.703534e+002,2.432858e+001
5.708356e+002,2.432192e+001
5.713177e+002,2.431623e+001
5.717998e+002,2.431177e+001
5.722819e+002,2.430881e+001
5.727640e+002,2.430775e+001
5.732462e+002,2.430915e+001
5.737283e+002,2.431355e+001
5.742104e+002,2.432124e+001
5.746925e+002,2.433208e+001
5.751747e+002,2.434554e+001
5.756568e+002,2.436084e+001
5.761389e+002,2.437738e+001
5.766210e+002,2.439495e+001
5.771031e+002,2.441379e+001
5.775853e+002,2.443446e+001
5.780674e+002,2.445743e+001
5.785496e+002,2.448289e+001
5.790317e+002,2.451052e+001
5.795138e+002,2.453964e+001
5.799959e+002,2.456936e+001
5.804780e+002,2.459881e+001
5.809601e+002,2.462723e+001
5.814423e+002,2.465391e+001
5.819244e+002,2.467814e+001
5.824066e+002,2.469910e+001
5.828887e+002,2.471601e+001
5.833708e+002,2.472831e+001
5.838529e+002,2.473584e+001
5.843350e+002,2.473907e+001
5.848171e+002,2.473893e+001
5.852993e+002,2.473656e+001
5.857814e+002,2.473308e+001
5.862635e+002,2.472926e+001
5.867457e+002,2.472555e+001
5.872278e+002,2.472219e+001
5.877099e+002,2.471942e+001
5.881920e+002,2.471761e+001
5.886741e+002,2.471722e+001
5.891563e+002,2.471862e+001
5.896384e+002,2.472183e+001
5.901205e+002,2.472642e+001
5.906027e+002,2.473159e+001
5.910848e+002,2.473638e+001
5.915669e+002,2.474005e+001
5.920490e+002,2.474230e+001
5.925311e+002,2.474327e+001
5.930133e+002,2.474339e+001
5.934954e+002,2.474302e+001
5.939775e+002,2.474230e+001
5.944597e+002,2.474113e+001
5.949418e+002,2.473930e+001
5.954239e+002,2.473666e+001
5.959060e+002,2.473328e+001
5.963882e+002,2.472928e+001
5.968702e+002,2.472464e+001
5.973524e+002,2.471898e+001
5.978345e+002,2.471149e+001
5.983167e+002,2.470104e+001
5.987988e+002,2.468662e+001
5.992809e+002,2.466769e+001
5.997630e+002,2.464449e+001
6.002451e+002,2.461797e+001
6.007273e+002,2.458953e+001
6.012094e+002,2.456058e+001
6.016915e+002,2.453220e+001
6.021736e+002,2.450505e+001
6.026558e+002,2.447953e+001
6.031379e+002,2.445600e+001
6.036200e+002,2.443505e+001
6.041022e+002,2.441740e+001
6.045842e+002,2.440375e+001
6.050664e+002,2.439433e+001
6.055485e+002,2.438870e+001
6.060306e+002,2.438559e+001
6.065128e+002,2.438317e+001
6.069949e+002,2.437940e+001
6.074770e+002,2.437249e+001
6.079591e+002,2.436130e+001
6.084413e+002,2.434546e+001
6.089234e+002,2.432536e+001
6.094055e+002,2.430198e+001
6.098876e+002,2.427674e+001
6.103698e+002,2.425126e+001
6.108519e+002,2.422712e+001
6.113340e+002,2.420565e+001
6.118162e+002,2.418764e+001
6.122983e+002,2.417324e+001
6.127804e+002,2.416189e+001
6.132625e+002,2.415254e+001
6.137446e+002,2.414409e+001
6.142267e+002,2.413574e+001
6.147089e+002,2.412738e+001
6.151910e+002,2.411963e+001
6.156731e+002,2.411360e+001
6.161553e+002,2.411041e+001
6.166374e+002,2.411073e+001
6.171195e+002,2.411446e+001
6.176016e+002,2.412071e+001
6.180837e+002,2.412813e+001
6.185659e+002,2.413531e+001
6.190480e+002,2.414108e+001
6.195302e+002,2.414460e+001
6.200123e+002,2.414528e+001
6.204944e+002,2.414255e+001
6.209765e+002,2.413586e+001
6.214586e+002,2.412478e+001
6.219407e+002,2.410928e+001
6.224229e+002,2.409002e+001
6.229050e+002,2.406847e+001
6.233871e+002,2.404676e+001
6.238693e+002,2.402717e+001
6.243514e+002,2.401159e+001
6.248335e+002,2.400100e+001
6.253156e+002,2.399531e+001
6.257977e+002,2.399343e+001
6.262798e+002,2.399369e+001
6.267620e+002,2.399432e+001
6.272441e+002,2.399381e+001
6.277263e+002,2.399123e+001
6.282084e+002,2.398614e+001
6.286905e+002,2.397866e+001
6.291726e+002,2.396926e+001
6.296547e+002,2.395874e+001
6.301368e+002,2.394802e+001
6.306190e+002,2.393803e+001
6.311011e+002,2.392938e+001
6.315833e+002,2.392222e+001
6.320654e+002,2.391612e+001
6.325475e+002,2.391020e+001
6.330296e+002,2.390342e+001
6.335117e+002,2.389500e+001
6.339939e+002,2.388465e+001
6.344760e+002,2.387268e+001
6.349581e+002,2.385978e+001
6.354402e+002,2.384653e+001
6.359224e+002,2.383309e+001
6.364045e+002,2.381905e+001
6.368866e+002,2.380356e+001
6.373687e+002,2.378585e+001
6.378508e+002,2.376567e+001
6.383330e+002,2.374356e+001
6.388151e+002,2.372088e+001
6.392972e+002,2.369933e+001
6.397794e+002,2.368048e+001
6.402615e+002,2.366527e+001
6.407436e+002,2.365384e+001
6.412257e+002,2.364564e+001
6.417079e+002,2.363975e+001
6.421899e+002,2.363530e+001
6.426721e+002,2.363164e+001
6.431542e+002,2.362839e+001
6.436364e+002,2.362531e+001
6.441185e+002,2.362214e+001
6.446006e+002,2.361855e+001
6.450827e+002,2.361425e+001
6.455648e+002,2.360922e+001
6.460470e+002,2.360382e+001
6.465291e+002,2.359875e+001
6.470112e+002,2.359485e+001
6.474933e+002,2.359284e+001
6.479755e+002,2.359299e+001
6.484576e+002,2.359514e+001
6.489397e+002,2.359878e+001
6.494219e+002,2.360333e+001
6.499040e+002,2.360840e+001
6.503861e+002,2.361390e+001
6.508682e+002,2.361988e+001
6.513503e+002,2.362642e+001
6.518325e+002,2.363342e+001
6.523146e+002,2.364056e+001
6.527968e+002,2.364750e+001
6.532788e+002,2.365401e+001
6.537610e+002,2.366018e+001
6.542431e+002,2.366632e+001
6.547252e+002,2.367285e+001
6.552073e+002,2.367997e+001
6.556895e+002,2.368750e+001
6.561716e+002,2.369492e+001
6.566537e+002,2.370151e+001
6.571359e+002,2.370662e+001
6.576179e+002,2.370999e+001
6.581001e+002,2.371175e+001
6.585822e+002,2.371239e+001
6.590643e+002,2.371254e+001
6.595464e+002,2.371279e+001
6.600286e+002,2.371369e+001
6.605107e+002,2.371572e+001
6.609928e+002,2.371929e+001
6.614750e+002,2.372465e+001
6.619571e+002,2.373168e+001
6.624392e+002,2.373958e+001
6.629213e+002,2.374675e+001
6.634034e+002,2.375091e+001
6.638856e+002,2.374947e+001
6.643677e+002,2.374000e+001
6.648499e+002,2.372073e+001
6.653320e+002,2.369093e+001
6.658141e+002,2.365136e+001
6.662962e+002,2.360488e+001
6.667783e+002,2.355722e+001
6.672605e+002,2.351722e+001
6.677426e+002,2.349517e+001
6.682247e+002,2.349830e+001
6.687068e+002,2.352591e+001
6.691890e+002,2.356914e+001
6.696711e+002,2.361626e+001
6.701532e+002,2.365822e+001
6.706353e+002,2.369050e+001
6.711174e+002,2.371219e+001
6.715996e+002,2.372439e+001
6.720817e+002,2.372910e+001
6.725638e+002,2.372872e+001
6.730460e+002,2.372567e+001
6.735281e+002,2.372213e+001
6.740102e+002,2.371972e+001
6.744923e+002,2.371922e+001
6.749745e+002,2.372053e+001
6.754565e+002,2.372291e+001
6.759387e+002,2.372542e+001
6.764208e+002,2.372736e+001
6.769030e+002,2.372856e+001
6.773851e+002,2.372936e+001
6.778672e+002,2.373036e+001
6.783493e+002,2.373192e+001
6.788314e+002,2.373400e+001
6.793136e+002,2.373606e+001
6.797957e+002,2.373733e+001
6.802778e+002,2.373716e+001
6.807599e+002,2.373548e+001
6.812421e+002,2.373289e+001
6.817242e+002,2.373056e+001
6.822063e+002,2.372989e+001
6.826885e+002,2.373215e+001
6.831705e+002,2.373809e+001
6.836527e+002,2.374793e+001
6.841348e+002,2.376123e+001
6.846169e+002,2.377717e+001
6.850991e+002,2.379458e+001
6.855812e+002,2.381218e+001
6.860634e+002,2.382868e+001
6.865454e+002,2.384296e+001
6.870276e+002,2.385430e+001
6.875096e+002,2.386256e+001
6.879918e+002,2.386826e+001
6.884739e+002,2.387246e+001
6.889561e+002,2.387647e+001
6.894382e+002,2.388140e+001
6.899203e+002,2.388779e+001
6.904025e+002,2.389544e+001
6.908845e+002,2.390359e+001
6.913667e+002,2.391124e+001
6.918488e+002,2.391759e+001
6.923309e+002,2.392234e+001
6.928130e+002,2.392568e+001
6.932952e+002,2.392815e+001
6.937773e+002,2.393023e+001
6.942594e+002,2.393211e+001
6.947416e+002,2.393354e+001
6.952236e+002,2.393392e+001
6.957058e+002,2.393259e+001
6.961879e+002,2.392906e+001
6.966700e+002,2.392316e+001
6.971522e+002,2.391499e+001
6.976343e+002,2.390481e+001
6.981165e+002,2.389292e+001
6.985985e+002,2.387962e+001
6.990807e+002,2.386530e+001
6.995628e+002,2.385053e+001
7.000449e+002,2.383622e+001
7.005270e+002,2.382341e+001
7.010092e+002,2.381314e+001
7.014913e+002,2.380615e+001
7.019734e+002,2.380260e+001
7.024556e+002,2.380203e+001
7.029377e+002,2.380348e+001
7.034198e+002,2.380563e+001
7.039019e+002,2.380727e+001
7.043840e+002,2.380738e+001
7.048662e+002,2.380533e+001
7.053483e+002,2.380090e+001
7.058304e+002,2.379423e+001
7.063125e+002,2.378576e+001
7.067947e+002,2.377618e+001
7.072768e+002,2.376637e+001
7.077589e+002,2.375725e+001
7.082410e+002,2.374965e+001
7.087231e+002,2.374413e+001
7.092053e+002,2.374084e+001
7.096874e+002,2.373960e+001
7.101696e+002,2.374001e+001
7.106517e+002,2.374162e+001
7.111338e+002,2.374416e+001
7.116159e+002,2.374746e+001
7.120980e+002,2.375138e+001
7.125802e+002,2.375557e+001
7.130623e+002,2.375929e+001
7.135444e+002,2.376143e+001
7.140265e+002,2.376072e+001
7.145087e+002,2.375611e+001
7.149908e+002,2.374719e+001
7.154729e+002,2.373436e+001
7.159550e+002,2.371880e+001
7.164371e+002,2.370211e+001
7.169193e+002,2.368593e+001
7.174014e+002,2.367150e+001
7.178835e+002,2.365952e+001
7.183657e+002,2.365021e+001
7.188478e+002,2.364344e+001
7.193299e+002,2.363898e+001
7.198120e+002,2.363655e+001
7.202942e+002,2.363582e+001
7.207762e+002,2.363618e+001
7.212584e+002,2.363677e+001
7.217405e+002,2.363644e+001
7.222227e+002,2.363403e+001
7.227048e+002,2.362863e+001
7.231869e+002,2.361988e+001
7.236691e+002,2.360803e+001
7.241511e+002,2.359384e+001
7.246333e+002,2.357838e+001
7.251154e+002,2.356269e+001
7.255975e+002,2.354761e+001
7.260797e+002,2.353360e+001
7.265618e+002,2.352083e+001
7.270439e+002,2.350922e+001
7.275260e+002,2.349858e+001
7.280082e+002,2.348869e+001
7.284902e+002,2.347934e+001
7.289724e+002,2.347039e+001
7.294545e+002,2.346176e+001
7.299366e+002,2.345350e+001
7.304188e+002,2.344570e+001
7.309009e+002,2.343845e+001
7.313831e+002,2.343171e+001
7.318651e+002,2.342517e+001
7.323473e+002,2.341823e+001
7.328293e+002,2.341011e+001
7.333115e+002,2.340015e+001
7.337936e+002,2.338806e+001
7.342758e+002,2.337419e+001
7.347579e+002,2.335953e+001
7.352400e+002,2.334551e+001
7.357222e+002,2.333363e+001
7.362042e+002,2.332501e+001
7.366864e+002,2.332015e+001
7.371685e+002,2.331882e+001
7.376506e+002,2.332025e+001
7.381328e+002,2.332334e+001
7.386149e+002,2.332697e+001
7.390970e+002,2.333010e+001
7.395791e+002,2.333185e+001
7.400613e+002,2.333141e+001
7.405434e+002,2.332812e+001
7.410255e+002,2.332155e+001
7.415076e+002,2.331169e+001
7.419897e+002,2.329909e+001
7.424719e+002,2.328484e+001
7.429540e+002,2.327041e+001
7.434362e+002,2.325721e+001
7.439182e+002,2.324621e+001
7.444004e+002,2.323765e+001
7.448825e+002,2.323101e+001
7.453646e+002,2.322525e+001
7.458467e+002,2.321922e+001
7.463289e+002,2.321201e+001
7.468110e+002,2.320316e+001
7.472931e+002,2.319271e+001
7.477753e+002,2.318095e+001
7.482574e+002,2.316823e+001
7.487395e+002,2.315477e+001
7.492216e+002,2.314064e+001
7.497037e+002,2.312586e+001
7.501859e+002,2.311053e+001
7.506680e+002,2.309493e+001
7.511501e+002,2.307953e+001
7.516322e+002,2.306483e+001
7.521144e+002,2.305128e+001
7.525965e+002,2.303922e+001
7.530786e+002,2.302877e+001
7.535608e+002,2.301996e+001
7.540428e+002,2.301271e+001
7.545250e+002,2.300682e+001
7.550071e+002,2.300195e+001
7.554893e+002,2.299754e+001
7.559714e+002,2.299285e+001
7.564535e+002,2.298713e+001
7.569356e+002,2.297974e+001
7.574177e+002,2.297038e+001
7.578999e+002,2.295922e+001
7.583820e+002,2.294687e+001
7.588641e+002,2.293418e+001
7.593463e+002,2.292200e+001
7.598284e+002,2.291106e+001
7.603105e+002,2.290174e+001
7.607926e+002,2.289425e+001
7.612748e+002,2.288861e+001
7.617568e+002,2.288476e+001
7.622390e+002,2.288260e+001
7.627211e+002,2.288182e+001
7.632032e+002,2.288187e+001
7.636854e+002,2.288190e+001
7.641675e+002,2.288084e+001
7.646496e+002,2.287765e+001
7.651317e+002,2.287151e+001
7.656139e+002,2.286214e+001
7.660959e+002,2.284975e+001
7.665781e+002,2.283504e+001
7.670602e+002,2.281898e+001
7.675424e+002,2.280264e+001
7.680245e+002,2.278702e+001
7.685066e+002,2.277303e+001
7.689888e+002,2.276141e+001
7.694708e+002,2.275273e+001
7.699530e+002,2.274723e+001
7.704351e+002,2.274471e+001
7.709172e+002,2.274440e+001
7.713994e+002,2.274502e+001
7.718815e+002,2.274499e+001
7.723636e+002,2.274275e+001
7.728457e+002,2.273722e+001
7.733279e+002,2.272797e+001
7.738099e+002,2.271540e+001
7.742921e+002,2.270048e+001
7.747742e+002,2.268446e+001
7.752563e+002,2.266849e+001
7.757385e+002,2.265337e+001
7.762206e+002,2.263948e+001
7.767028e+002,2.262686e+001
7.771848e+002,2.261531e+001
7.776670e+002,2.260458e+001
7.781491e+002,2.259441e+001
7.786312e+002,2.258455e+001
7.791133e+002,2.257475e+001
7.795955e+002,2.256474e+001
7.800776e+002,2.255432e+001
7.805597e+002,2.254341e+001
7.810419e+002,2.253210e+001
7.815239e+002,2.252056e+001
7.820061e+002,2.250905e+001
7.824882e+002,2.249781e+001
7.829703e+002,2.248698e+001
7.834525e+002,2.247668e+001
7.839346e+002,2.246705e+001
7.844167e+002,2.245835e+001
7.848988e+002,2.245093e+001
7.853810e+002,2.244509e+001
7.858631e+002,2.244090e+001
7.863452e+002,2.243807e+001
7.868273e+002,2.243592e+001
7.873094e+002,2.243350e+001
7.877916e+002,2.242988e+001
7.882737e+002,2.242445e+001
7.887559e+002,2.241707e+001
7.892380e+002,2.240808e+001
7.897201e+002,2.239803e+001
7.902022e+002,2.238741e+001
7.906843e+002,2.237642e+001
7.911665e+002,2.236489e+001
7.916486e+002,2.235244e+001
7.921307e+002,2.233872e+001
7.926128e+002,2.232368e+001
7.930950e+002,2.230766e+001
7.935771e+002,2.229126e+001
7.940592e+002,2.227514e+001
7.945413e+002,2.225972e+001
7.950234e+002,2.224506e+001
7.955056e+002,2.223087e+001
7.959877e+002,2.221675e+001
7.964698e+002,2.220243e+001
7.969520e+002,2.218798e+001
7.974341e+002,2.217383e+001
7.979162e+002,2.216064e+001
7.983983e+002,2.214908e+001
7.988805e+002,2.213953e+001
7.993625e+002,2.213204e+001
7.998447e+002,2.212621e+001
8.003268e+002,2.212137e+001
8.008090e+002,2.211675e+001
8.012911e+002,2.211160e+001
8.017732e+002,2.210533e+001
8.022553e+002,2.209755e+001
8.027374e+002,2.208814e+001
8.032196e+002,2.207718e+001
8.037017e+002,2.206491e+001
8.041838e+002,2.205172e+001
8.046660e+002,2.203794e+001
8.051481e+002,2.202383e+001
8.056302e+002,2.200949e+001
8.061123e+002,2.199487e+001
8.065945e+002,2.197993e+001
8.070765e+002,2.196477e+001
8.075587e+002,2.194970e+001
8.080408e+002,2.193530e+001
8.085229e+002,2.192227e+001
8.090051e+002,2.191120e+001
8.094872e+002,2.190234e+001
8.099694e+002,2.189548e+001
8.104514e+002,2.188995e+001
8.109336e+002,2.188483e+001
8.114156e+002,2.187917e+001
8.118978e+002,2.187224e+001
8.123799e+002,2.186368e+001
8.128621e+002,2.185344e+001
8.133442e+002,2.184170e+001
8.138263e+002,2.182871e+001
8.143085e+002,2.181477e+001
8.147905e+002,2.180012e+001
8.152727e+002,2.178507e+001
8.157548e+002,2.176999e+001
8.162369e+002,2.175528e+001
8.167191e+002,2.174127e+001
8.172012e+002,2.172806e+001
8.176833e+002,2.171549e+001
8.181654e+002,2.170307e+001
8.186476e+002,2.169012e+001
8.191296e+002,2.167602e+001
8.196118e+002,2.166035e+001
8.200939e+002,2.164305e+001
8.205760e+002,2.162445e+001
8.210582e+002,2.160516e+001
8.215403e+002,2.158595e+001
8.220225e+002,2.156755e+001
8.225045e+002,2.155055e+001
8.229867e+002,2.153526e+001
8.234688e+002,2.152170e+001
8.239509e+002,2.150956e+001
8.244330e+002,2.149824e+001
8.249152e+002,2.148698e+001
8.253973e+002,2.147505e+001
8.258794e+002,2.146197e+001
8.263616e+002,2.144767e+001
8.268437e+002,2.143260e+001
8.273258e+002,2.141765e+001
8.278079e+002,2.140383e+001
8.282900e+002,2.139198e+001
8.287722e+002,2.138240e+001
8.292543e+002,2.137471e+001
8.297365e+002,2.136795e+001
8.302185e+002,2.136080e+001
8.307007e+002,2.135199e+001
8.311828e+002,2.134063e+001
8.316649e+002,2.132639e+001
8.321470e+002,2.130950e+001
8.326292e+002,2.129059e+001
8.331113e+002,2.127044e+001
8.335934e+002,2.124976e+001
8.340756e+002,2.122915e+001
8.345577e+002,2.120902e+001
8.350398e+002,2.118970e+001
8.355219e+002,2.117145e+001
8.360040e+002,2.115453e+001
8.364862e+002,2.113914e+001
8.369683e+002,2.112540e+001
8.374504e+002,2.111334e+001
8.379325e+002,2.110292e+001
8.384147e+002,2.109401e+001
8.388968e+002,2.108638e+001
8.393789e+002,2.107976e+001
8.398610e+002,2.107370e+001
8.403431e+002,2.106766e+001
8.408253e+002,2.106098e+001
8.413074e+002,2.105307e+001
8.417896e+002,2.104347e+001
8.422717e+002,2.103201e+001
8.427538e+002,2.101882e+001
8.432359e+002,2.100428e+001
8.437180e+002,2.098884e+001
8.442002e+002,2.097287e+001
8.446823e+002,2.095662e+001
8.451644e+002,2.094014e+001
8.456465e+002,2.092351e+001
8.461287e+002,2.090686e+001
8.466108e+002,2.089044e+001
8.470929e+002,2.087467e+001
8.475751e+002,2.085986e+001
8.480571e+002,2.084617e+001
8.485393e+002,2.083344e+001
8.490214e+002,2.082124e+001
8.495035e+002,2.080896e+001
8.499857e+002,2.079604e+001
8.504678e+002,2.078217e+001
8.509499e+002,2.076735e+001
8.514320e+002,2.075187e+001
8.519142e+002,2.073620e+001
8.523962e+002,2.072084e+001
8.528784e+002,2.070617e+001
8.533605e+002,2.069240e+001
8.538427e+002,2.067959e+001
8.543248e+002,2.066764e+001
8.548069e+002,2.065631e+001
8.552891e+002,2.064526e+001
8.557711e+002,2.063407e+001
8.562533e+002,2.062229e+001
8.567354e+002,2.060961e+001
8.572175e+002,2.059592e+001
8.576996e+002,2.058139e+001
8.581818e+002,2.056650e+001
8.586639e+002,2.055183e+001
8.591460e+002,2.053790e+001
8.596282e+002,2.052496e+001
8.601102e+002,2.051293e+001
8.605924e+002,2.050139e+001
8.610745e+002,2.048984e+001
8.615566e+002,2.047784e+001
8.620388e+002,2.046525e+001
8.625209e+002,2.045217e+001
8.630031e+002,2.043894e+001
8.634851e+002,2.042587e+001
8.639673e+002,2.041313e+001
8.644494e+002,2.040067e+001
8.649315e+002,2.038827e+001
8.654136e+002,2.037570e+001
8.658958e+002,2.036288e+001
8.663779e+002,2.034995e+001
8.668600e+002,2.033717e+001
8.673422e+002,2.032487e+001
8.678242e+002,2.031323e+001
8.683064e+002,2.030219e+001
8.687885e+002,2.029143e+001
8.692706e+002,2.028050e+001
8.697527e+002,2.026894e+001
8.702349e+002,2.025643e+001
8.707170e+002,2.024288e+001
8.711991e+002,2.022842e+001
8.716813e+002,2.021331e+001
8.721634e+002,2.019787e+001
8.726455e+002,2.018240e+001
8.731276e+002,2.016707e+001
8.736097e+002,2.015193e+001
8.740919e+002,2.013684e+001
8.745740e+002,2.012151e+001
8.750562e+002,2.010551e+001
8.755382e+002,2.008839e+001
8.760204e+002,2.006981e+001
8.765025e+002,2.004966e+001
8.769846e+002,2.002815e+001
8.774668e+002,2.000585e+001
8.779489e+002,1.998353e+001
8.784310e+002,1.996201e+001
8.789131e+002,1.994196e+001
8.793953e+002,1.992375e+001
8.798774e+002,1.990742e+001
8.803595e+002,1.989274e+001
8.808416e+002,1.987929e+001
8.813237e+002,1.986662e+001
8.818059e+002,1.985433e+001
8.822880e+002,1.984209e+001
8.827701e+002,1.982963e+001
8.832523e+002,1.981674e+001
8.837344e+002,1.980326e+001
8.842165e+002,1.978914e+001
8.846986e+002,1.977442e+001
8.851808e+002,1.975925e+001
8.856628e+002,1.974384e+001
8.861450e+002,1.972836e+001
8.866271e+002,1.971288e+001
8.871093e+002,1.969729e+001
8.875914e+002,1.968147e+001
8.880735e+002,1.966525e+001
8.885556e+002,1.964858e+001
8.890377e+002,1.963155e+001
8.895199e+002,1.961438e+001
8.900020e+002,1.959728e+001
8.904841e+002,1.958037e+001
8.909662e+002,1.956360e+001
8.914484e+002,1.954677e+001
8.919305e+002,1.952961e+001
8.924126e+002,1.951191e+001
8.928948e+002,1.949365e+001
8.933768e+002,1.947500e+001
8.938590e+002,1.945626e+001
8.943411e+002,1.943777e+001
8.948232e+002,1.941984e+001
8.953054e+002,1.940261e+001
8.957875e+002,1.938614e+001
8.962697e+002,1.937036e+001
8.967517e+002,1.935513e+001
8.972339e+002,1.934031e+001
8.977159e+002,1.932569e+001
8.981981e+002,1.931101e+001
8.986802e+002,1.929602e+001
8.991624e+002,1.928050e+001
8.996445e+002,1.926436e+001
9.001266e+002,1.924772e+001
9.006088e+002,1.923082e+001
9.010908e+002,1.921401e+001
9.015730e+002,1.919758e+001
9.020551e+002,1.918163e+001
9.025372e+002,1.916603e+001
9.030193e+002,1.915049e+001
9.035015e+002,1.913468e+001
9.039836e+002,1.911837e+001
9.044657e+002,1.910157e+001
9.049479e+002,1.908449e+001
9.054299e+002,1.906744e+001
9.059121e+002,1.905070e+001
9.063942e+002,1.903441e+001
9.068763e+002,1.901848e+001
9.073585e+002,1.900272e+001
9.078406e+002,1.898692e+001
9.083228e+002,1.897097e+001
9.088048e+002,1.895487e+001
9.092870e+002,1.893877e+001
9.097691e+002,1.892279e+001
9.102512e+002,1.890700e+001
9.107333e+002,1.889134e+001
9.112155e+002,1.887568e+001
9.116976e+002,1.885994e+001
9.121797e+002,1.884411e+001
9.126619e+002,1.882840e+001
9.131440e+002,1.881312e+001
9.136261e+002,1.879865e+001
9.141082e+002,1.878531e+001
9.145903e+002,1.877325e+001
9.150724e+002,1.876245e+001
9.155546e+002,1.875268e+001
9.160367e+002,1.874352e+001
9.165189e+002,1.873443e+001
9.170010e+002,1.872480e+001
9.174831e+002,1.871398e+001
9.179652e+002,1.870141e+001
9.184473e+002,1.868667e+001
9.189294e+002,1.866961e+001
9.194116e+002,1.865043e+001
9.198937e+002,1.862966e+001
9.203759e+002,1.860804e+001
9.208580e+002,1.858634e+001
9.213401e+002,1.856522e+001
9.218222e+002,1.854503e+001
9.223043e+002,1.852579e+001
9.227864e+002,1.850729e+001
9.232686e+002,1.848914e+001
9.237507e+002,1.847103e+001
9.242328e+002,1.845276e+001
9.247150e+002,1.843433e+001
9.251971e+002,1.841587e+001
9.256792e+002,1.839764e+001
9.261613e+002,1.837988e+001
9.266434e+002,1.836284e+001
9.271255e+002,1.834663e+001
9.276077e+002,1.833129e+001
9.280898e+002,1.831671e+001
9.285720e+002,1.830259e+001
9.290541e+002,1.828854e+001
9.295362e+002,1.827409e+001
9.300183e+002,1.825879e+001
9.305004e+002,1.824239e+001
9.309826e+002,1.822487e+001
9.314647e+002,1.820650e+001
9.319468e+002,1.818777e+001
9.324290e+002,1.816921e+001
9.329111e+002,1.815130e+001
9.333932e+002,1.813433e+001
9.338753e+002,1.811839e+001
9.343574e+002,1.810338e+001
9.348396e+002,1.808915e+001
9.353217e+002,1.807554e+001
9.358038e+002,1.806243e+001
9.362859e+002,1.804970e+001
9.367681e+002,1.803719e+001
9.372502e+002,1.802466e+001
9.377323e+002,1.801179e+001
9.382144e+002,1.799829e+001
9.386966e+002,1.798394e+001
9.391787e+002,1.796872e+001
9.396608e+002,1.795274e+001
9.401429e+002,1.793628e+001
9.406251e+002,1.791959e+001
9.411072e+002,1.790289e+001
9.415893e+002,1.788629e+001
9.420714e+002,1.786977e+001
9.425536e+002,1.785329e+001
9.430357e+002,1.783680e+001
9.435178e+002,1.782026e+001
9.439999e+002,1.780363e+001
9.444821e+002,1.778683e+001
9.449642e+002,1.776972e+001
9.454463e+002,1.775210e+001
9.459284e+002,1.773383e+001
9.464106e+002,1.771485e+001
9.468927e+002,1.769530e+001
9.473748e+002,1.767553e+001
9.478569e+002,1.765599e+001
9.483391e+002,1.763717e+001
9.488212e+002,1.761945e+001
9.493033e+002,1.760302e+001
9.497855e+002,1.758785e+001
9.502676e+002,1.757372e+001
9.507497e+002,1.756024e+001
9.512318e+002,1.754701e+001
9.517139e+002,1.753358e+001
9.521960e+002,1.751957e+001
9.526782e+002,1.750467e+001
9.531603e+002,1.748870e+001
9.536425e+002,1.747165e+001
9.541246e+002,1.745366e+001
9.546067e+002,1.743507e+001
9.550888e+002,1.741628e+001
9.555709e+002,1.739771e+001
9.560530e+002,1.737968e+001
9.565352e+002,1.736235e+001
9.570173e+002,1.734573e+001
9.574995e+002,1.732972e+001
9.579816e+002,1.731417e+001
9.584637e+002,1.729897e+001
9.589458e+002,1.728406e+001
9.594279e+002,1.726945e+001
9.599100e+002,1.725514e+001
9.603922e+002,1.724112e+001
9.608743e+002,1.722734e+001
9.613564e+002,1.721377e+001
9.618386e+002,1.720037e+001
9.623207e+002,1.718719e+001
9.628028e+002,1.717430e+001
9.632849e+002,1.716186e+001
9.637670e+002,1.714998e+001
9.642491e+002,1.713876e+001
9.647313e+002,1.712817e+001
9.652134e+002,1.711817e+001
9.656956e+002,1.710861e+001
9.661777e+002,1.709932e+001
9.666598e+002,1.709007e+001
9.671419e+002,1.708060e+001
9.676240e+002,1.707062e+001
9.681061e+002,1.705992e+001
9.685883e+002,1.704842e+001
9.690704e+002,1.703622e+001
9.695526e+002,1.702369e+001
9.700347e+002,1.701139e+001
9.705168e+002,1.699994e+001
9.709989e+002,1.698988e+001
9.714810e+002,1.698153e+001
9.719631e+002,1.697486e+001
9.724453e+002,1.696955e+001
9.729274e+002,1.696507e+001
9.734095e+002,1.696081e+001
9.738917e+002,1.695623e+001
9.743738e+002,1.695094e+001
9.748559e+002,1.694466e+001
9.753380e+002,1.693721e+001
9.758201e+002,1.692847e+001
9.763023e+002,1.691833e+001
9.767844e+002,1.690679e+001
9.772665e+002,1.689399e+001
9.777487e+002,1.688028e+001
9.782308e+002,1.686618e+001
9.787129e+002,1.685236e+001
9.791950e+002,1.683942e+001
9.796771e+002,1.682786e+001
9.801593e+002,1.681790e+001
9.806414e+002,1.680957e+001
9.811235e+002,1.680267e+001
9.816057e+002,1.679691e+001
9.820878e+002,1.679195e+001
9.825699e+002,1.678748e+001
9.830520e+002,1.678319e+001
9.835342e+002,1.677880e+001
9.840163e+002,1.677405e+001
9.844984e+002,1.676876e+001
9.849805e+002,1.676281e+001
9.854626e+002,1.675624e+001
9.859448e+002,1.674922e+001
9.864269e+002,1.674207e+001
9.869090e+002,1.673512e+001
9.873912e+002,1.672871e+001
9.878733e+002,1.672309e+001
9.883554e+002,1.671838e+001
9.888375e+002,1.671458e+001
9.893196e+002,1.671161e+001
9.898018e+002,1.670930e+001
9.902839e+002,1.670742e+001
9.907660e+002,1.670572e+001
9.912482e+002,1.670392e+001
9.917303e+002,1.670174e+001
9.922124e+002,1.669897e+001
9.926945e+002,1.669545e+001
9.931766e+002,1.669113e+001
9.936588e+002,1.668602e+001
9.941409e+002,1.668024e+001
9.946230e+002,1.667392e+001
9.951052e+002,1.666724e+001
9.955873e+002,1.666042e+001
9.960694e+002,1.665372e+001
9.965515e+002,1.664746e+001
9.970336e+002,1.664198e+001
9.975157e+002,1.663757e+001
9.979979e+002,1.663437e+001
9.984800e+002,1.663234e+001
9.989622e+002,1.663122e+001
9.994443e+002,1.663059e+001
9.999264e+002,1.662996e+001
1.000409e+003,1.662888e+001
1.000891e+003,1.662708e+001
1.001373e+003,1.662446e+001
1.001855e+003,1.662110e+001
1.002337e+003,1.661718e+001
1.002819e+003,1.661293e+001
1.003301e+003,1.660858e+001
1.003783e+003,1.660432e+001
1.004266e+003,1.660033e+001
1.004748e+003,1.659676e+001
1.005230e+003,1.659375e+001
1.005712e+003,1.659138e+001
1.006194e+003,1.658964e+001
1.006676e+003,1.658839e+001
1.007158e+003,1.658741e+001
1.007640e+003,1.658641e+001
1.008122e+003,1.658511e+001
1.008605e+003,1.658330e+001
1.009087e+003,1.658087e+001
1.009569e+003,1.657780e+001
1.010051e+003,1.657411e+001
1.010533e+003,1.656992e+001
1.011015e+003,1.656537e+001
1.011497e+003,1.656069e+001
1.011979e+003,1.655621e+001
1.012462e+003,1.655231e+001
1.012944e+003,1.654944e+001
1.013426e+003,1.654790e+001
1.013908e+003,1.654785e+001
1.014390e+003,1.654916e+001
1.014872e+003,1.655151e+001
1.015354e+003,1.655442e+001
1.015836e+003,1.655741e+001
1.016319e+003,1.656011e+001
1.016801e+003,1.656236e+001
1.017283e+003,1.656422e+001
1.017765e+003,1.656589e+001
1.018247e+003,1.656763e+001
1.018729e+003,1.656964e+001
1.019211e+003,1.657206e+001
1.019693e+003,1.657491e+001
1.020176e+003,1.657805e+001
1.020658e+003,1.658131e+001
1.021140e+003,1.658441e+001
1.021622e+003,1.658699e+001
1.022104e+003,1.658873e+001
1.022586e+003,1.658929e+001
1.023068e+003,1.658847e+001
1.023550e+003,1.658622e+001
1.024033e+003,1.658271e+001
1.024515e+003,1.657834e+001
1.024997e+003,1.657358e+001
1.025479e+003,1.656896e+001
1.025961e+003,1.656490e+001
1.026443e+003,1.656167e+001
1.026925e+003,1.655929e+001
1.027407e+003,1.655760e+001
1.027890e+003,1.655634e+001
1.028372e+003,1.655516e+001
1.028854e+003,1.655376e+001
1.029336e+003,1.655195e+001
1.029818e+003,1.654974e+001
1.030300e+003,1.654732e+001
1.030782e+003,1.654512e+001
1.031264e+003,1.654364e+001
1.031747e+003,1.654346e+001
1.032229e+003,1.654500e+001
1.032711e+003,1.654843e+001
1.033193e+003,1.655360e+001
1.033675e+003,1.656012e+001
1.034157e+003,1.656736e+001
1.034639e+003,1.657467e+001
1.035121e+003,1.658148e+001
1.035604e+003,1.658746e+001
1.036086e+003,1.659240e+001
1.036568e+003,1.659623e+001
1.037050e+003,1.659890e+001
1.037532e+003,1.660031e+001
1.038014e+003,1.660028e+001
1.038496e+003,1.659867e+001
1.038979e+003,1.659536e+001
1.039461e+003,1.659041e+001
1.039943e+003,1.658408e+001
1.040425e+003,1.657673e+001
1.040907e+003,1.656882e+001
1.041389e+003,1.656081e+001
1.041871e+003,1.655311e+001
1.042353e+003,1.654606e+001
1.042835e+003,1.653995e+001
1.043318e+003,1.653497e+001
1.043800e+003,1.653123e+001
1.044282e+003,1.652867e+001
1.044764e+003,1.652709e+001
1.045246e+003,1.652617e+001
1.045728e+003,1.652555e+001
1.046210e+003,1.652491e+001
1.046692e+003,1.652414e+001
1.047175e+003,1.652334e+001
1.047657e+003,1.652278e+001
1.048139e+003,1.652277e+001
1.048621e+003,1.652356e+001
1.049103e+003,1.652516e+001
1.049585e+003,1.652738e+001
1.050067e+003,1.652983e+001
1.050549e+003,1.653209e+001
1.051031e+003,1.653381e+001
1.051514e+003,1.653475e+001
1.051996e+003,1.653483e+001
1.052478e+003,1.653403e+001
1.052960e+003,1.653234e+001
1.053442e+003,1.652973e+001
1.053924e+003,1.652615e+001
1.054406e+003,1.652161e+001
1.054889e+003,1.651621e+001
1.055371e+003,1.651014e+001
1.055853e+003,1.650369e+001
1.056335e+003,1.649714e+001
1.056817e+003,1.649072e+001
1.057299e+003,1.648453e+001
1.057781e+003,1.647862e+001
1.058263e+003,1.647299e+001
1.058746e+003,1.646766e+001
1.059228e+003,1.646269e+001
1.059710e+003,1.645819e+001
1.060192e+003,1.645421e+001
1.060674e+003,1.645074e+001
1.061156e+003,1.644766e+001
1.061638e+003,1.644485e+001
1.062120e+003,1.644221e+001
1.062603e+003,1.643972e+001
1.063085e+003,1.643756e+001
1.063567e+003,1.643597e+001
1.064049e+003,1.643519e+001
1.064531e+003,1.643537e+001
1.065013e+003,1.643641e+001
1.065495e+003,1.643803e+001
1.065977e+003,1.643972e+001
1.066460e+003,1.644096e+001
1.066942e+003,1.644125e+001
1.067424e+003,1.644030e+001
1.067906e+003,1.643806e+001
1.068388e+003,1.643471e+001
1.068870e+003,1.643063e+001
1.069352e+003,1.642631e+001
1.069834e+003,1.642225e+001
1.070317e+003,1.641884e+001
1.070799e+003,1.641628e+001
1.071281e+003,1.641456e+001
1.071763e+003,1.641343e+001
1.072245e+003,1.641248e+001
1.072727e+003,1.641132e+001
1.073209e+003,1.640964e+001
1.073691e+003,1.640732e+001
1.074174e+003,1.640448e+001
1.074656e+003,1.640135e+001
1.075138e+003,1.639820e+001
1.075620e+003,1.639520e+001
1.076102e+003,1.639229e+001
1.076584e+003,1.638927e+001
1.077066e+003,1.638581e+001
1.077548e+003,1.638160e+001
1.078031e+003,1.637649e+001
1.078513e+003,1.637052e+001
1.078995e+003,1.636392e+001
1.079477e+003,1.635703e+001
1.079959e+003,1.635023e+001
1.080441e+003,1.634384e+001
1.080923e+003,1.633809e+001
1.081406e+003,1.633315e+001
1.081888e+003,1.632909e+001
1.082370e+003,1.632595e+001
1.082852e+003,1.632371e+001
1.083334e+003,1.632227e+001
1.083816e+003,1.632147e+001
1.084298e+003,1.632107e+001
1.084780e+003,1.632077e+001
1.085262e+003,1.632028e+001
1.085745e+003,1.631937e+001
1.086227e+003,1.631782e+001
1.086709e+003,1.631551e+001
1.087191e+003,1.631237e+001
1.087673e+003,1.630839e+001
1.088155e+003,1.630364e+001
1.088637e+003,1.629832e+001
1.089119e+003,1.629268e+001
1.089602e+003,1.628706e+001
1.090084e+003,1.628177e+001
1.090566e+003,1.627703e+001
1.091048e+003,1.627289e+001
1.091530e+003,1.626928e+001
1.092012e+003,1.626600e+001
1.092494e+003,1.626294e+001
1.092976e+003,1.626004e+001
1.093458e+003,1.625744e+001
1.093941e+003,1.625536e+001
1.094423e+003,1.625401e+001
1.094905e+003,1.625345e+001
1.095387e+003,1.625351e+001
1.095869e+003,1.625375e+001
1.096351e+003,1.625357e+001
1.096833e+003,1.625234e+001
1.097316e+003,1.624957e+001
1.097798e+003,1.624499e+001
1.098280e+003,1.623856e+001
1.098762e+003,1.623050e+001
1.099244e+003,1.622119e+001
1.099726e+003,1.621108e+001
1.100208e+003,1.620072e+001
1.100690e+003,1.619067e+001
1.101173e+003,1.618148e+001
1.101655e+003,1.617361e+001
1.102137e+003,1.616733e+001
1.102619e+003,1.616266e+001
1.103101e+003,1.615934e+001
1.103583e+003,1.615681e+001
1.104065e+003,1.615446e+001
1.104547e+003,1.615166e+001
1.105030e+003,1.614797e+001
1.105512e+003,1.614324e+001
1.105994e+003,1.613755e+001
1.106476e+003,1.613120e+001
1.106958e+003,1.612457e+001
1.107440e+003,1.611799e+001
1.107922e+003,1.611177e+001
1.108404e+003,1.610611e+001
1.108886e+003,1.610114e+001
1.109369e+003,1.609693e+001
1.109851e+003,1.609346e+001
1.110333e+003,1.609063e+001
1.110815e+003,1.608818e+001
1.111297e+003,1.608574e+001
1.111779e+003,1.608288e+001
1.112261e+003,1.607911e+001
1.112744e+003,1.607409e+001
1.113226e+003,1.606757e+001
1.113708e+003,1.605951e+001
1.114190e+003,1.605003e+001
1.114672e+003,1.603938e+001
1.115154e+003,1.602792e+001
1.115636e+003,1.601608e+001
1.116118e+003,1.600433e+001
1.116601e+003,1.599309e+001
1.117083e+003,1.598274e+001
1.117565e+003,1.597348e+001
1.118047e+003,1.596533e+001
1.118529e+003,1.595811e+001
1.119011e+003,1.595150e+001
1.119493e+003,1.594510e+001
1.119975e+003,1.593857e+001
1.120458e+003,1.593173e+001
1.120940e+003,1.592454e+001
1.121422e+003,1.591713e+001
1.121904e+003,1.590967e+001
1.122386e+003,1.590234e+001
1.122868e+003,1.589523e+001
1.123350e+003,1.588837e+001
1.123832e+003,1.588169e+001
1.124314e+003,1.587514e+001
1.124797e+003,1.586867e+001
1.125279e+003,1.586226e+001
1.125761e+003,1.585592e+001
1.126243e+003,1.584967e+001
1.126725e+003,1.584352e+001
1.127207e+003,1.583744e+001
1.127689e+003,1.583136e+001
1.128172e+003,1.582522e+001
1.128654e+003,1.581889e+001
1.129136e+003,1.581220e+001
1.129618e+003,1.580490e+001
1.130100e+003,1.579669e+001
1.130582e+003,1.578724e+001
1.131064e+003,1.577628e+001
1.131546e+003,1.576365e+001
1.132029e+003,1.574939e+001
1.132511e+003,1.573376e+001
1.132993e+003,1.571724e+001
1.133475e+003,1.570042e+001
1.133957e+003,1.568399e+001
1.134439e+003,1.566858e+001
1.134921e+003,1.565472e+001
1.135403e+003,1.564274e+001
1.135885e+003,1.563272e+001
1.136368e+003,1.562448e+001
1.136850e+003,1.561761e+001
1.137332e+003,1.561147e+001
1.137814e+003,1.560539e+001
1.138296e+003,1.559870e+001
1.138778e+003,1.559097e+001
1.139260e+003,1.558201e+001
1.139742e+003,1.557198e+001
1.140225e+003,1.556128e+001
1.140707e+003,1.555043e+001
1.141189e+003,1.553997e+001
1.141671e+003,1.553026e+001
1.142153e+003,1.552143e+001
1.142635e+003,1.551341e+001
1.143117e+003,1.550591e+001
1.143599e+003,1.549856e+001
1.144082e+003,1.549097e+001
1.144564e+003,1.548281e+001
1.145046e+003,1.547386e+001
1.145528e+003,1.546402e+001
1.146010e+003,1.545337e+001
1.146492e+003,1.544210e+001
1.146974e+003,1.543052e+001
1.147457e+003,1.541903e+001
1.147939e+003,1.540792e+001
1.148421e+003,1.539740e+001
1.148903e+003,1.538745e+001
1.149385e+003,1.537790e+001
1.149867e+003,1.536839e+001
1.150349e+003,1.535857e+001
1.150831e+003,1.534815e+001
1.151313e+003,1.533703e+001
1.151796e+003,1.532526e+001
1.152278e+003,1.531308e+001
1.152760e+003,1.530077e+001
1.153242e+003,1.528862e+001
1.153724e+003,1.527683e+001
1.154206e+003,1.526557e+001
1.154688e+003,1.525492e+001
1.155170e+003,1.524495e+001
1.155653e+003,1.523573e+001
1.156135e+003,1.522728e+001
1.156617e+003,1.521957e+001
1.157099e+003,1.521248e+001
1.157581e+003,1.520579e+001
1.158063e+003,1.519924e+001
1.158545e+003,1.519255e+001
1.159027e+003,1.518554e+001
1.159510e+003,1.517806e+001
1.159992e+003,1.517011e+001
1.160474e+003,1.516173e+001
1.160956e+003,1.515300e+001
1.161438e+003,1.514403e+001
1.161920e+003,1.513490e+001
1.162402e+003,1.512572e+001
1.162885e+003,1.511659e+001
1.163367e+003,1.510761e+001
1.163849e+003,1.509884e+001
1.164331e+003,1.509026e+001
1.164813e+003,1.508178e+001
1.165295e+003,1.507318e+001
1.165777e+003,1.506421e+001
1.166259e+003,1.505461e+001
1.166741e+003,1.504416e+001
1.167224e+003,1.503275e+001
1.167706e+003,1.502035e+001
1.168188e+003,1.500706e+001
1.168670e+003,1.499303e+001
1.169152e+003,1.497851e+001
1.169634e+003,1.496376e+001
1.170116e+003,1.494911e+001
1.170598e+003,1.493487e+001
1.171081e+003,1.492134e+001
1.171563e+003,1.490870e+001
1.172045e+003,1.489699e+001
1.172527e+003,1.488607e+001
1.173009e+003,1.487564e+001
1.173491e+003,1.486529e+001
1.173973e+003,1.485460e+001
1.174455e+003,1.484326e+001
1.174938e+003,1.483111e+001
1.175420e+003,1.481816e+001
1.175902e+003,1.480462e+001
1.176384e+003,1.479072e+001
1.176866e+003,1.477679e+001
1.177348e+003,1.476305e+001
1.177830e+003,1.474971e+001
1.178313e+003,1.473684e+001
1.178795e+003,1.472450e+001
1.179277e+003,1.471269e+001
1.179759e+003,1.470140e+001
1.180241e+003,1.469063e+001
1.180723e+003,1.468037e+001
1.181205e+003,1.467060e+001
1.181687e+003,1.466127e+001
1.182169e+003,1.465228e+001
1.182652e+003,1.464349e+001
1.183134e+003,1.463468e+001
1.183616e+003,1.462564e+001
1.184098e+003,1.461619e+001
1.184580e+003,1.460626e+001
1.185062e+003,1.459591e+001
1.185544e+003,1.458533e+001
1.186026e+003,1.457484e+001
1.186509e+003,1.456474e+001
1.186991e+003,1.455527e+001
1.187473e+003,1.454650e+001
1.187955e+003,1.453828e+001
1.188437e+003,1.453035e+001
1.188919e+003,1.452232e+001
1.189401e+003,1.451388e+001
1.189883e+003,1.450483e+001
1.190366e+003,1.449516e+001
1.190848e+003,1.448500e+001
1.191330e+003,1.447459e+001
1.191812e+003,1.446417e+001
1.192294e+003,1.445389e+001
1.192776e+003,1.444381e+001
1.193258e+003,1.443386e+001
1.193740e+003,1.442391e+001
1.194223e+003,1.441380e+001
1.194705e+003,1.440343e+001
1.195187e+003,1.439276e+001
1.195669e+003,1.438186e+001
1.196151e+003,1.437092e+001
1.196633e+003,1.436017e+001
1.197115e+003,1.434992e+001
1.197597e+003,1.434046e+001
1.198080e+003,1.433202e+001
1.198562e+003,1.432471e+001
1.199044e+003,1.431846e+001
1.199526e+003,1.431308e+001
1.200008e+003,1.430826e+001
1.200490e+003,1.430363e+001
1.200972e+003,1.429886e+001
1.201454e+003,1.429368e+001
1.201937e+003,1.428796e+001
1.202419e+003,1.428171e+001
1.202901e+003,1.427501e+001
1.203383e+003,1.426803e+001
1.203865e+003,1.426091e+001
1.204347e+003,1.425380e+001
1.204829e+003,1.424679e+001
1.205312e+003,1.423994e+001
1.205794e+003,1.423323e+001
1.206276e+003,1.422663e+001
1.206758e+003,1.422005e+001
1.207240e+003,1.421343e+001
1.207722e+003,1.420673e+001
1.208204e+003,1.419997e+001
1.208686e+003,1.419325e+001
1.209168e+003,1.418670e+001
1.209651e+003,1.418051e+001
1.210133e+003,1.417483e+001
1.210615e+003,1.416974e+001
1.211097e+003,1.416520e+001
1.211579e+003,1.416108e+001
1.212061e+003,1.415714e+001
1.212543e+003,1.415309e+001
1.213025e+003,1.414868e+001
1.213508e+003,1.414368e+001
1.213990e+003,1.413801e+001
1.214472e+003,1.413164e+001
1.214954e+003,1.412470e+001
1.215436e+003,1.411741e+001
1.215918e+003,1.411004e+001
1.216400e+003,1.410289e+001
1.216882e+003,1.409619e+001
1.217365e+003,1.409007e+001
1.217847e+003,1.408449e+001
1.218329e+003,1.407927e+001
1.218811e+003,1.407407e+001
1.219293e+003,1.406855e+001
1.219775e+003,1.406238e+001
1.220257e+003,1.405540e+001
1.220740e+003,1.404762e+001
1.221222e+003,1.403926e+001
1.221704e+003,1.403065e+001
1.222186e+003,1.402213e+001
1.222668e+003,1.401400e+001
1.223150e+003,1.400641e+001
1.223632e+003,1.399938e+001
1.224114e+003,1.399282e+001
1.224596e+003,1.398655e+001
1.225079e+003,1.398039e+001
1.225561e+003,1.397420e+001
1.226043e+003,1.396788e+001
1.226525e+003,1.396135e+001
1.227007e+003,1.395456e+001
1.227489e+003,1.394746e+001
1.227971e+003,1.393996e+001
1.228453e+003,1.393200e+001
1.228936e+003,1.392352e+001
1.229418e+003,1.391454e+001
1.229900e+003,1.390516e+001
1.230382e+003,1.389555e+001
1.230864e+003,1.388605e+001
1.231346e+003,1.387702e+001
1.231828e+003,1.386883e+001
1.232310e+003,1.386182e+001
1.232792e+003,1.385615e+001
1.233275e+003,1.385176e+001
1.233757e+003,1.384843e+001
1.234239e+003,1.384571e+001
1.234721e+003,1.384311e+001
1.235203e+003,1.384016e+001
1.235685e+003,1.383652e+001
1.236167e+003,1.383203e+001
1.236650e+003,1.382675e+001
1.237132e+003,1.382090e+001
1.237614e+003,1.381478e+001
1.238096e+003,1.380867e+001
1.238578e+003,1.380280e+001
1.239060e+003,1.379727e+001
1.239542e+003,1.379208e+001
1.240024e+003,1.378718e+001
1.240507e+003,1.378244e+001
1.240989e+003,1.377778e+001
1.241471e+003,1.377313e+001
1.241953e+003,1.376851e+001
1.242435e+003,1.376397e+001
1.242917e+003,1.375964e+001
1.243399e+003,1.375562e+001
1.243881e+003,1.375197e+001
1.244364e+003,1.374869e+001
1.244846e+003,1.374569e+001
1.245328e+003,1.374281e+001
1.245810e+003,1.373985e+001
1.246292e+003,1.373666e+001
1.246774e+003,1.373322e+001
1.247256e+003,1.372958e+001
1.247738e+003,1.372592e+001
1.248220e+003,1.372246e+001
1.248703e+003,1.371940e+001
1.249185e+003,1.371685e+001
1.249667e+003,1.371481e+001
1.250149e+003,1.371320e+001
1.250631e+003,1.371193e+001
1.251113e+003,1.371093e+001
1.251595e+003,1.371017e+001
1.252078e+003,1.370968e+001
1.252560e+003,1.370949e+001
1.253042e+003,1.370957e+001
1.253524e+003,1.370983e+001
1.254006e+003,1.371007e+001
1.254488e+003,1.371010e+001
1.254970e+003,1.370976e+001
1.255452e+003,1.370901e+001
1.255935e+003,1.370794e+001
1.256417e+003,1.370675e+001
1.256899e+003,1.370561e+001
1.257381e+003,1.370470e+001
1.257863e+003,1.370404e+001
1.258345e+003,1.370356e+001
1.258827e+003,1.370312e+001
1.259309e+003,1.370255e+001
1.259792e+003,1.370173e+001
1.260274e+003,1.370065e+001
1.260756e+003,1.369937e+001
1.261238e+003,1.369799e+001
1.261720e+003,1.369663e+001
1.262202e+003,1.369537e+001
1.262684e+003,1.369423e+001
1.263166e+003,1.369318e+001
1.263648e+003,1.369217e+001
1.264131e+003,1.369112e+001
1.264613e+003,1.368994e+001
1.265095e+003,1.368856e+001
1.265577e+003,1.368691e+001
1.266059e+003,1.368492e+001
1.266541e+003,1.368251e+001
1.267023e+003,1.367964e+001
1.267505e+003,1.367630e+001
1.267988e+003,1.367250e+001
1.268470e+003,1.366830e+001
1.268952e+003,1.366383e+001
1.269434e+003,1.365924e+001
1.269916e+003,1.365475e+001
1.270398e+003,1.365062e+001
1.270880e+003,1.364707e+001
1.271363e+003,1.364429e+001
1.271845e+003,1.364239e+001
1.272327e+003,1.364132e+001
1.272809e+003,1.364093e+001
1.273291e+003,1.364095e+001
1.273773e+003,1.364107e+001
1.274255e+003,1.364099e+001
1.274737e+003,1.364046e+001
1.275219e+003,1.363933e+001
1.275702e+003,1.363752e+001
1.276184e+003,1.363505e+001
1.276666e+003,1.363197e+001
1.277148e+003,1.362842e+001
1.277630e+003,1.362458e+001
1.278112e+003,1.362068e+001
1.278594e+003,1.361699e+001
1.279076e+003,1.361377e+001
1.279559e+003,1.361123e+001
1.280041e+003,1.360947e+001
1.280523e+003,1.360842e+001
1.281005e+003,1.360788e+001
1.281487e+003,1.360749e+001
1.281969e+003,1.360690e+001
1.282451e+003,1.360574e+001
1.282933e+003,1.360381e+001
1.283416e+003,1.360102e+001
1.283898e+003,1.359743e+001
1.284380e+003,1.359324e+001
1.284862e+003,1.358866e+001
1.285344e+003,1.358394e+001
1.285826e+003,1.357926e+001
1.286308e+003,1.357477e+001
1.286791e+003,1.357054e+001
1.287273e+003,1.356658e+001
1.287755e+003,1.356285e+001
1.288237e+003,1.355934e+001
1.288719e+003,1.355598e+001
1.289201e+003,1.355276e+001
1.289683e+003,1.354967e+001
1.290165e+003,1.354670e+001
1.290647e+003,1.354384e+001
1.291130e+003,1.354103e+001
1.291612e+003,1.353820e+001
1.292094e+003,1.353525e+001
1.292576e+003,1.353208e+001
1.293058e+003,1.352863e+001
1.293540e+003,1.352489e+001
1.294022e+003,1.352091e+001
1.294504e+003,1.351675e+001
1.294987e+003,1.351249e+001
1.295469e+003,1.350814e+001
1.295951e+003,1.350366e+001
1.296433e+003,1.349895e+001
1.296915e+003,1.349394e+001
1.297397e+003,1.348859e+001
1.297879e+003,1.348297e+001
1.298361e+003,1.347721e+001
1.298844e+003,1.347150e+001
1.299326e+003,1.346603e+001
1.299808e+003,1.346088e+001
1.300290e+003,1.345605e+001
1.300772e+003,1.345141e+001
1.301254e+003,1.344671e+001
1.301736e+003,1.344173e+001
1.302219e+003,1.343622e+001
1.302701e+003,1.343003e+001
1.303183e+003,1.342307e+001
1.303665e+003,1.341540e+001
1.304147e+003,1.340709e+001
1.304629e+003,1.339837e+001
1.305111e+003,1.338947e+001
1.305593e+003,1.338070e+001
1.306075e+003,1.337237e+001
1.306558e+003,1.336472e+001
1.307040e+003,1.335795e+001
1.307522e+003,1.335209e+001
1.308004e+003,1.334703e+001
1.308486e+003,1.334252e+001
1.308968e+003,1.333822e+001
1.309450e+003,1.333378e+001
1.309932e+003,1.332886e+001
1.310415e+003,1.332329e+001
1.310897e+003,1.331696e+001
1.311379e+003,1.330994e+001
1.311861e+003,1.330240e+001
1.312343e+003,1.329456e+001
1.312825e+003,1.328668e+001
1.313307e+003,1.327898e+001
1.313789e+003,1.327162e+001
1.314272e+003,1.326464e+001
1.314754e+003,1.325802e+001
1.315236e+003,1.325166e+001
1.315718e+003,1.324544e+001
1.316200e+003,1.323925e+001
1.316682e+003,1.323305e+001
1.317164e+003,1.322684e+001
1.317646e+003,1.322069e+001
1.318129e+003,1.321470e+001
1.318611e+003,1.320894e+001
1.319093e+003,1.320348e+001
1.319575e+003,1.319833e+001
1.320057e+003,1.319344e+001
1.320539e+003,1.318873e+001
1.321021e+003,1.318408e+001
1.321503e+003,1.317937e+001
1.321986e+003,1.317444e+001
1.322468e+003,1.316915e+001
1.322950e+003,1.316341e+001
1.323432e+003,1.315717e+001
1.323914e+003,1.315049e+001
1.324396e+003,1.314356e+001
1.324878e+003,1.313663e+001
1.325360e+003,1.313002e+001
1.325843e+003,1.312394e+001
1.326325e+003,1.311856e+001
1.326807e+003,1.311381e+001
1.327289e+003,1.310954e+001
1.327771e+003,1.310546e+001
1.328253e+003,1.310131e+001
1.328735e+003,1.309690e+001
1.329218e+003,1.309222e+001
1.329700e+003,1.308738e+001
1.330182e+003,1.308262e+001
1.330664e+003,1.307820e+001
1.331146e+003,1.307434e+001
1.331628e+003,1.307112e+001
1.332110e+003,1.306851e+001
1.332592e+003,1.306633e+001
1.333074e+003,1.306433e+001
1.333557e+003,1.306220e+001
1.334039e+003,1.305964e+001
1.334521e+003,1.305637e+001
1.335003e+003,1.305222e+001
1.335485e+003,1.304710e+001
1.335967e+003,1.304108e+001
1.336449e+003,1.303440e+001
1.336931e+003,1.302741e+001
1.337414e+003,1.302062e+001
1.337896e+003,1.301450e+001
1.338378e+003,1.300944e+001
1.338860e+003,1.300563e+001
1.339342e+003,1.300299e+001
1.339824e+003,1.300117e+001
1.340306e+003,1.299969e+001
1.340788e+003,1.299801e+001
1.341271e+003,1.299576e+001
1.341753e+003,1.299272e+001
1.342235e+003,1.298888e+001
1.342717e+003,1.298437e+001
1.343199e+003,1.297942e+001
1.343681e+003,1.297432e+001
1.344163e+003,1.296931e+001
1.344646e+003,1.296464e+001
1.345128e+003,1.296042e+001
1.345610e+003,1.295671e+001
1.346092e+003,1.295346e+001
1.346574e+003,1.295053e+001
1.347056e+003,1.294770e+001
1.347538e+003,1.294475e+001
1.348020e+003,1.294146e+001
1.348502e+003,1.293768e+001
1.348985e+003,1.293337e+001
1.349467e+003,1.292856e+001
1.349949e+003,1.292336e+001
1.350431e+003,1.291793e+001
1.350913e+003,1.291245e+001
1.351395e+003,1.290709e+001
1.351877e+003,1.290199e+001
1.352359e+003,1.289730e+001
1.352842e+003,1.289311e+001
1.353324e+003,1.288950e+001
1.353806e+003,1.288653e+001
1.354288e+003,1.288419e+001
1.354770e+003,1.288245e+001
1.355252e+003,1.288125e+001
1.355734e+003,1.288047e+001
1.356216e+003,1.288003e+001
1.356698e+003,1.287981e+001
1.357181e+003,1.287974e+001
1.357663e+003,1.287976e+001
1.358145e+003,1.287983e+001
1.358627e+003,1.287995e+001
1.359109e+003,1.288017e+001
1.359591e+003,1.288058e+001
1.360073e+003,1.288140e+001
1.360556e+003,1.288287e+001
1.361038e+003,1.288529e+001
1.361520e+003,1.288892e+001
1.362002e+003,1.289388e+001
1.362484e+003,1.290007e+001
1.362966e+003,1.290718e+001
1.363448e+003,1.291476e+001
1.363930e+003,1.292233e+001
1.364413e+003,1.292956e+001
1.364895e+003,1.293626e+001
1.365377e+003,1.294243e+001
1.365859e+003,1.294817e+001
1.366341e+003,1.295364e+001
1.366823e+003,1.295897e+001
1.367305e+003,1.296427e+001
1.367787e+003,1.296955e+001
1.368270e+003,1.297479e+001
1.368752e+003,1.297994e+001
1.369234e+003,1.298499e+001
1.369716e+003,1.299000e+001
1.370198e+003,1.299510e+001
1.370680e+003,1.300056e+001
1.371162e+003,1.300675e+001
1.371644e+003,1.301410e+001
1.372126e+003,1.302304e+001
1.372609e+003,1.303394e+001
1.373091e+003,1.304694e+001
1.373573e+003,1.306189e+001
1.374055e+003,1.307832e+001
1.374537e+003,1.309552e+001
1.375019e+003,1.311275e+001
1.375501e+003,1.312942e+001
1.375984e+003,1.314523e+001
1.376466e+003,1.316017e+001
1.376948e+003,1.317443e+001
1.377430e+003,1.318826e+001
1.377912e+003,1.320193e+001
1.378394e+003,1.321565e+001
1.378876e+003,1.322958e+001
1.379358e+003,1.324386e+001
1.379841e+003,1.325857e+001
1.380323e+003,1.327379e+001
1.380805e+003,1.328947e+001
1.381287e+003,1.330544e+001
1.381769e+003,1.332139e+001
1.382251e+003,1.333694e+001
1.382733e+003,1.335177e+001
1.383215e+003,1.336574e+001
1.383698e+003,1.337901e+001
1.384180e+003,1.339210e+001
1.384662e+003,1.340580e+001
1.385144e+003,1.342107e+001
1.385626e+003,1.343881e+001
1.386108e+003,1.345958e+001
1.386590e+003,1.348336e+001
1.387072e+003,1.350948e+001
1.387554e+003,1.353666e+001
1.388037e+003,1.356338e+001
1.388519e+003,1.358826e+001
1.389001e+003,1.361031e+001
1.389483e+003,1.362910e+001
1.389965e+003,1.364464e+001
1.390447e+003,1.365728e+001
1.390929e+003,1.366760e+001
1.391411e+003,1.367634e+001
1.391894e+003,1.368433e+001
1.392376e+003,1.369247e+001
1.392858e+003,1.370158e+001
1.393340e+003,1.371230e+001
1.393822e+003,1.372483e+001
1.394304e+003,1.373886e+001
1.394786e+003,1.375360e+001
1.395269e+003,1.376798e+001
1.395751e+003,1.378108e+001
1.396233e+003,1.379239e+001
1.396715e+003,1.380188e+001
1.397197e+003,1.380996e+001
1.397679e+003,1.381715e+001
1.398161e+003,1.382386e+001
1.398643e+003,1.383019e+001
1.399125e+003,1.383585e+001
1.399608e+003,1.384030e+001
1.400090e+003,1.384301e+001
1.400572e+003,1.384368e+001
1.401054e+003,1.384241e+001
1.401536e+003,1.383966e+001
1.402018e+003,1.383620e+001
1.402500e+003,1.383285e+001
1.402982e+003,1.383037e+001
1.403465e+003,1.382925e+001
1.403947e+003,1.382958e+001
1.404429e+003,1.383100e+001
1.404911e+003,1.383278e+001
1.405393e+003,1.383406e+001
1.405875e+003,1.383412e+001
1.406357e+003,1.383256e+001
1.406839e+003,1.382936e+001
1.407322e+003,1.382477e+001
1.407804e+003,1.381918e+001
1.408286e+003,1.381297e+001
1.408768e+003,1.380642e+001
1.409250e+003,1.379973e+001
1.409732e+003,1.379299e+001
1.410214e+003,1.378620e+001
1.410697e+003,1.377932e+001
1.411179e+003,1.377228e+001
1.411661e+003,1.376496e+001
1.412143e+003,1.375721e+001
1.412625e+003,1.374887e+001
1.413107e+003,1.373977e+001
1.413589e+003,1.372975e+001
1.414071e+003,1.371875e+001
1.414553e+003,1.370674e+001
1.415036e+003,1.369382e+001
1.415518e+003,1.368017e+001
1.416000e+003,1.366609e+001
1.416482e+003,1.365201e+001
1.416964e+003,1.363842e+001
1.417446e+003,1.362584e+001
1.417928e+003,1.361461e+001
1.418410e+003,1.360469e+001
1.418893e+003,1.359555e+001
1.419375e+003,1.358627e+001
1.419857e+003,1.357591e+001
1.420339e+003,1.356387e+001
1.420821e+003,1.355001e+001
1.421303e+003,1.353465e+001
1.421785e+003,1.351830e+001
1.422267e+003,1.350146e+001
1.422750e+003,1.348451e+001
1.423232e+003,1.346757e+001
1.423714e+003,1.345048e+001
1.424196e+003,1.343294e+001
1.424678e+003,1.341459e+001
1.425160e+003,1.339521e+001
1.425642e+003,1.337481e+001
1.426125e+003,1.335365e+001
1.426607e+003,1.333214e+001
1.427089e+003,1.331080e+001
1.427571e+003,1.329010e+001
1.428053e+003,1.327043e+001
1.428535e+003,1.325208e+001
1.429017e+003,1.323513e+001
1.429499e+003,1.321948e+001
1.429981e+003,1.320480e+001
1.430464e+003,1.319063e+001
1.430946e+003,1.317642e+001
1.431428e+003,1.316168e+001
1.431910e+003,1.314606e+001
1.432392e+003,1.312937e+001
1.432874e+003,1.311168e+001
1.433356e+003,1.309324e+001
1.433838e+003,1.307446e+001
1.434321e+003,1.305591e+001
1.434803e+003,1.303820e+001
1.435285e+003,1.302193e+001
1.435767e+003,1.300746e+001
1.436249e+003,1.299476e+001
1.436731e+003,1.298325e+001
1.437213e+003,1.297202e+001
1.437696e+003,1.296012e+001
1.438177e+003,1.294687e+001
1.438660e+003,1.293204e+001
1.439142e+003,1.291575e+001
1.439624e+003,1.289834e+001
1.440106e+003,1.288029e+001
1.440588e+003,1.286206e+001
1.441070e+003,1.284411e+001
1.441552e+003,1.282679e+001
1.442035e+003,1.281026e+001
1.442517e+003,1.279451e+001
1.442999e+003,1.277933e+001
1.443481e+003,1.276443e+001
1.443963e+003,1.274949e+001
1.444445e+003,1.273429e+001
1.444927e+003,1.271876e+001
1.445409e+003,1.270305e+001
1.445892e+003,1.268739e+001
1.446374e+003,1.267214e+001
1.446856e+003,1.265761e+001
1.447338e+003,1.264400e+001
1.447820e+003,1.263134e+001
1.448302e+003,1.261946e+001
1.448784e+003,1.260808e+001
1.449266e+003,1.259694e+001
1.449749e+003,1.258580e+001
1.450231e+003,1.257456e+001
1.450713e+003,1.256318e+001
1.451195e+003,1.255168e+001
1.451677e+003,1.254008e+001
1.452159e+003,1.252838e+001
1.452641e+003,1.251658e+001
1.453124e+003,1.250471e+001
1.453605e+003,1.249290e+001
1.454088e+003,1.248144e+001
1.454570e+003,1.247093e+001
1.455052e+003,1.246232e+001
1.455534e+003,1.245699e+001
1.456016e+003,1.245642e+001
1.456498e+003,1.246163e+001
1.456980e+003,1.247222e+001
1.457463e+003,1.248593e+001
1.457945e+003,1.249941e+001
1.458427e+003,1.250979e+001
1.458909e+003,1.251561e+001
1.459391e+003,1.251685e+001
1.459873e+003,1.251432e+001
1.460355e+003,1.250910e+001
1.460837e+003,1.250234e+001
1.461320e+003,1.249508e+001
1.461802e+003,1.248837e+001
1.462284e+003,1.248323e+001
1.462766e+003,1.248063e+001
1.463248e+003,1.248142e+001
1.463730e+003,1.248603e+001
1.464212e+003,1.249429e+001
1.464694e+003,1.250527e+001
1.465177e+003,1.251740e+001
1.465659e+003,1.252893e+001
1.466141e+003,1.253840e+001
1.466623e+003,1.254499e+001
1.467105e+003,1.254852e+001
1.467587e+003,1.254929e+001
1.468069e+003,1.254788e+001
1.468552e+003,1.254502e+001
1.469033e+003,1.254155e+001
1.469516e+003,1.253844e+001
1.469998e+003,1.253685e+001
1.470480e+003,1.253804e+001
1.470962e+003,1.254331e+001
1.471444e+003,1.255352e+001
1.471926e+003,1.256868e+001
1.472408e+003,1.258757e+001
1.472891e+003,1.260786e+001
1.473373e+003,1.262703e+001
1.473855e+003,1.264322e+001
1.474337e+003,1.265583e+001
1.474819e+003,1.266527e+001
1.475301e+003,1.267253e+001
1.475783e+003,1.267860e+001
1.476265e+003,1.268421e+001
1.476748e+003,1.268968e+001
1.477230e+003,1.269504e+001
1.477712e+003,1.270016e+001
1.478194e+003,1.270496e+001
1.478676e+003,1.270953e+001
1.479158e+003,1.271409e+001
1.479640e+003,1.271905e+001
1.480122e+003,1.272476e+001
1.480604e+003,1.273146e+001
1.481087e+003,1.273914e+001
1.481569e+003,1.274751e+001
1.482051e+003,1.275609e+001
1.482533e+003,1.276439e+001
1.483015e+003,1.277203e+001
1.483497e+003,1.277888e+001
1.483979e+003,1.278505e+001
1.484461e+003,1.279082e+001
1.484944e+003,1.279654e+001
1.485426e+003,1.280254e+001
1.485908e+003,1.280908e+001
1.486390e+003,1.281639e+001
1.486872e+003,1.282473e+001
1.487354e+003,1.283446e+001
1.487836e+003,1.284608e+001
1.488319e+003,1.286012e+001
1.488801e+003,1.287682e+001
1.489283e+003,1.289579e+001
1.489765e+003,1.291580e+001
1.490247e+003,1.293495e+001
1.490729e+003,1.295127e+001
1.491211e+003,1.296336e+001
1.491693e+003,1.297071e+001
1.492176e+003,1.297371e+001
1.492658e+003,1.297334e+001
1.493140e+003,1.297089e+001
1.493622e+003,1.296776e+001
1.494104e+003,1.296536e+001
1.494586e+003,1.296500e+001
1.495068e+003,1.296777e+001
1.495550e+003,1.297438e+001
1.496032e+003,1.298486e+001
1.496515e+003,1.299852e+001
1.496997e+003,1.301401e+001
1.497479e+003,1.302969e+001
1.497961e+003,1.304412e+001
1.498443e+003,1.305635e+001
1.498925e+003,1.306592e+001
1.499407e+003,1.307273e+001
1.499890e+003,1.307679e+001
1.500372e+003,1.307810e+001
1.500854e+003,1.307663e+001
1.501336e+003,1.307235e+001
1.501818e+003,1.306532e+001
1.502300e+003,1.305574e+001
1.502782e+003,1.304406e+001
1.503264e+003,1.303107e+001
1.503747e+003,1.301803e+001
1.504229e+003,1.300691e+001
1.504711e+003,1.300056e+001
1.505193e+003,1.300271e+001
1.505675e+003,1.301722e+001
1.506157e+003,1.304588e+001
1.506639e+003,1.308564e+001
1.507121e+003,1.312801e+001
1.507604e+003,1.316324e+001
1.508086e+003,1.318570e+001
1.508568e+003,1.319534e+001
1.509050e+003,1.319550e+001
1.509532e+003,1.319014e+001
1.510014e+003,1.318254e+001
1.510496e+003,1.317485e+001
1.510979e+003,1.316820e+001
1.511460e+003,1.316288e+001
1.511943e+003,1.315855e+001
1.512425e+003,1.315459e+001
1.512907e+003,1.315039e+001
1.513389e+003,1.314555e+001
1.513871e+003,1.314014e+001
1.514353e+003,1.313458e+001
1.514835e+003,1.312958e+001
1.515318e+003,1.312580e+001
1.515800e+003,1.312352e+001
1.516282e+003,1.312231e+001
1.516764e+003,1.312109e+001
1.517246e+003,1.311843e+001
1.517728e+003,1.311322e+001
1.518210e+003,1.310515e+001
1.518692e+003,1.309490e+001
1.519175e+003,1.308400e+001
1.519657e+003,1.307442e+001
1.520139e+003,1.306807e+001
1.520621e+003,1.306601e+001
1.521103e+003,1.306782e+001
1.521585e+003,1.307141e+001
1.522067e+003,1.307380e+001
1.522549e+003,1.307246e+001
1.523031e+003,1.306637e+001
1.523514e+003,1.305607e+001
1.523996e+003,1.304311e+001
1.524478e+003,1.302936e+001
1.524960e+003,1.301651e+001
1.525442e+003,1.300572e+001
1.525924e+003,1.299744e+001
1.526406e+003,1.299137e+001
1.526888e+003,1.298660e+001
1.527371e+003,1.298194e+001
1.527853e+003,1.297627e+001
1.528335e+003,1.296890e+001
1.528817e+003,1.295960e+001
1.529299e+003,1.294864e+001
1.529781e+003,1.293672e+001
1.530263e+003,1.292486e+001
1.530746e+003,1.291439e+001
1.531228e+003,1.290687e+001
1.531710e+003,1.290390e+001
1.532192e+003,1.290669e+001
1.532674e+003,1.291534e+001
1.533156e+003,1.292831e+001
1.533638e+003,1.294241e+001
1.534120e+003,1.295389e+001
1.534603e+003,1.295979e+001
1.535085e+003,1.295882e+001
1.535567e+003,1.295131e+001
1.536049e+003,1.293866e+001
1.536531e+003,1.292278e+001
1.537013e+003,1.290585e+001
1.537495e+003,1.289032e+001
1.537977e+003,1.287898e+001
1.538459e+003,1.287483e+001
1.538942e+003,1.288034e+001
1.539424e+003,1.289604e+001
1.539906e+003,1.291895e+001
1.540388e+003,1.294282e+001
1.540870e+003,1.296109e+001
1.541352e+003,1.297013e+001
1.541834e+003,1.297022e+001
1.542316e+003,1.296391e+001
1.542799e+003,1.295416e+001
1.543281e+003,1.294318e+001
1.543763e+003,1.293209e+001
1.544245e+003,1.292097e+001
1.544727e+003,1.290928e+001
1.545209e+003,1.289629e+001
1.545691e+003,1.288147e+001
1.546174e+003,1.286475e+001
1.546656e+003,1.284644e+001
1.547138e+003,1.282723e+001
1.547620e+003,1.280790e+001
1.548102e+003,1.278919e+001
1.548584e+003,1.277163e+001
1.549066e+003,1.275536e+001
1.549548e+003,1.274009e+001
1.550031e+003,1.272519e+001
1.550513e+003,1.270982e+001
1.550995e+003,1.269328e+001
1.551477e+003,1.267516e+001
1.551959e+003,1.265540e+001
1.552441e+003,1.263420e+001
1.552923e+003,1.261192e+001
1.553405e+003,1.258888e+001
1.553887e+003,1.256528e+001
1.554370e+003,1.254110e+001
1.554852e+003,1.251619e+001
1.555334e+003,1.249039e+001
1.555816e+003,1.246381e+001
1.556298e+003,1.243702e+001
1.556780e+003,1.241152e+001
1.557262e+003,1.238993e+001
1.557744e+003,1.237602e+001
1.558227e+003,1.237322e+001
1.558709e+003,1.238153e+001
1.559191e+003,1.239517e+001
1.559673e+003,1.240539e+001
1.560155e+003,1.240641e+001
1.560637e+003,1.239753e+001
1.561119e+003,1.238106e+001
1.561602e+003,1.235988e+001
1.562083e+003,1.233634e+001
1.562566e+003,1.231208e+001
1.563048e+003,1.228818e+001
1.563530e+003,1.226528e+001
1.564012e+003,1.224368e+001
1.564494e+003,1.222338e+001
1.564976e+003,1.220412e+001
1.565458e+003,1.218549e+001
1.565941e+003,1.216713e+001
1.566423e+003,1.214885e+001
1.566905e+003,1.213073e+001
1.567387e+003,1.211314e+001
1.567869e+003,1.209672e+001
1.568351e+003,1.208213e+001
1.568833e+003,1.206982e+001
1.569315e+003,1.205964e+001
1.569798e+003,1.205073e+001
1.570280e+003,1.204168e+001
1.570762e+003,1.203114e+001
1.571244e+003,1.201822e+001
1.571726e+003,1.200269e+001
1.572208e+003,1.198488e+001
1.572690e+003,1.196548e+001
1.573172e+003,1.194540e+001
1.573655e+003,1.192572e+001
1.574137e+003,1.190768e+001
1.574619e+003,1.189258e+001
1.575101e+003,1.188153e+001
1.575583e+003,1.187498e+001
1.576065e+003,1.187227e+001
1.576547e+003,1.187163e+001
1.577030e+003,1.187083e+001
1.577511e+003,1.186810e+001
1.577994e+003,1.186262e+001
1.578476e+003,1.185447e+001
1.578958e+003,1.184428e+001
1.579440e+003,1.183285e+001
1.579922e+003,1.182099e+001
1.580404e+003,1.180937e+001
1.580886e+003,1.179846e+001
1.581369e+003,1.178852e+001
1.581851e+003,1.177961e+001
1.582333e+003,1.177160e+001
1.582815e+003,1.176427e+001
1.583297e+003,1.175740e+001
1.583779e+003,1.175076e+001
1.584261e+003,1.174421e+001
1.584743e+003,1.173765e+001
1.585226e+003,1.173102e+001
1.585708e+003,1.172427e+001
1.586190e+003,1.171740e+001
1.586672e+003,1.171043e+001
1.587154e+003,1.170342e+001
1.587636e+003,1.169646e+001
1.588118e+003,1.168969e+001
1.588600e+003,1.168319e+001
1.589083e+003,1.167699e+001
1.589565e+003,1.167110e+001
1.590047e+003,1.166544e+001
1.590529e+003,1.165992e+001
1.591011e+003,1.165449e+001
1.591493e+003,1.164912e+001
1.591975e+003,1.164382e+001
1.592458e+003,1.163861e+001
1.592939e+003,1.163355e+001
1.593422e+003,1.162862e+001
1.593904e+003,1.162384e+001
1.594386e+003,1.161918e+001
1.594868e+003,1.161463e+001
1.595350e+003,1.161018e+001
1.595832e+003,1.160584e+001
1.596314e+003,1.160162e+001
1.596797e+003,1.159749e+001
1.597279e+003,1.159339e+001
1.597761e+003,1.158923e+001
1.598243e+003,1.158487e+001
1.598725e+003,1.158017e+001
1.599207e+003,1.157502e+001
1.599689e+003,1.156934e+001
1.600171e+003,1.156317e+001
1.600654e+003,1.155660e+001
1.601136e+003,1.154984e+001
1.601618e+003,1.154315e+001
1.602100e+003,1.153680e+001
1.602582e+003,1.153102e+001
1.603064e+003,1.152592e+001
1.603546e+003,1.152145e+001
1.604028e+003,1.151741e+001
1.604510e+003,1.151353e+001
1.604993e+003,1.150950e+001
1.605475e+003,1.150513e+001
1.605957e+003,1.150035e+001
1.606439e+003,1.149529e+001
1.606921e+003,1.149019e+001
1.607403e+003,1.148536e+001
1.607885e+003,1.148108e+001
1.608367e+003,1.147749e+001
1.608850e+003,1.147455e+001
1.609332e+003,1.147204e+001
1.609814e+003,1.146959e+001
1.610296e+003,1.146681e+001
1.610778e+003,1.146330e+001
1.611260e+003,1.145878e+001
1.611742e+003,1.145308e+001
1.612225e+003,1.144616e+001
1.612707e+003,1.143816e+001
1.613189e+003,1.142935e+001
1.613671e+003,1.142016e+001
1.614153e+003,1.141124e+001
1.614635e+003,1.140341e+001
1.615117e+003,1.139757e+001
1.615599e+003,1.139455e+001
1.616082e+003,1.139466e+001
1.616564e+003,1.139739e+001
1.617046e+003,1.140139e+001
1.617528e+003,1.140495e+001
1.618010e+003,1.140667e+001
1.618492e+003,1.140586e+001
1.618974e+003,1.140255e+001
1.619456e+003,1.139722e+001
1.619938e+003,1.139058e+001
1.620421e+003,1.138344e+001
1.620903e+003,1.137665e+001
1.621385e+003,1.137102e+001
1.621867e+003,1.136722e+001
1.622349e+003,1.136561e+001
1.622831e+003,1.136604e+001
1.623313e+003,1.136780e+001
1.623796e+003,1.136984e+001
1.624278e+003,1.137118e+001
1.624760e+003,1.137121e+001
1.625242e+003,1.136992e+001
1.625724e+003,1.136775e+001
1.626206e+003,1.136539e+001
1.626688e+003,1.136354e+001
1.627170e+003,1.136268e+001
1.627653e+003,1.136285e+001
1.628135e+003,1.136364e+001
1.628617e+003,1.136430e+001
1.629099e+003,1.136399e+001
1.629581e+003,1.136201e+001
1.630063e+003,1.135800e+001
1.630545e+003,1.135198e+001
1.631027e+003,1.134422e+001
1.631510e+003,1.133518e+001
1.631992e+003,1.132547e+001
1.632474e+003,1.131581e+001
1.632956e+003,1.130716e+001
1.633438e+003,1.130073e+001
1.633920e+003,1.129799e+001
1.634402e+003,1.130037e+001
1.634885e+003,1.130866e+001
1.635366e+003,1.132208e+001
1.635849e+003,1.133797e+001
1.636331e+003,1.135262e+001
1.636813e+003,1.136298e+001
1.637295e+003,1.136778e+001
1.637777e+003,1.136752e+001
1.638259e+003,1.136364e+001
1.638741e+003,1.135775e+001
1.639224e+003,1.135117e+001
1.639706e+003,1.134476e+001
1.640188e+003,1.133888e+001
1.640670e+003,1.133346e+001
1.641152e+003,1.132812e+001
1.641634e+003,1.132237e+001
1.642116e+003,1.131578e+001
1.642598e+003,1.130813e+001
1.643081e+003,1.129950e+001
1.643563e+003,1.129038e+001
1.644045e+003,1.128165e+001
1.644527e+003,1.127462e+001
1.645009e+003,1.127092e+001
1.645491e+003,1.127216e+001
1.645973e+003,1.127925e+001
1.646455e+003,1.129149e+001
1.646938e+003,1.130616e+001
1.647420e+003,1.131936e+001
1.647902e+003,1.132759e+001
1.648384e+003,1.132905e+001
1.648866e+003,1.132366e+001
1.649348e+003,1.131254e+001
1.649830e+003,1.129741e+001
1.650313e+003,1.128031e+001
1.650794e+003,1.126385e+001
1.651277e+003,1.125151e+001
1.651759e+003,1.124785e+001
1.652241e+003,1.125766e+001
1.652723e+003,1.128307e+001
1.653205e+003,1.131991e+001
1.653687e+003,1.135795e+001
1.654169e+003,1.138725e+001
1.654652e+003,1.140379e+001
1.655134e+003,1.140906e+001
1.655616e+003,1.140671e+001
1.656098e+003,1.140015e+001
1.656580e+003,1.139182e+001
1.657062e+003,1.138319e+001
1.657544e+003,1.137501e+001
1.658026e+003,1.136752e+001
1.658509e+003,1.136076e+001
1.658991e+003,1.135468e+001
1.659473e+003,1.134937e+001
1.659955e+003,1.134518e+001
1.660437e+003,1.134277e+001
1.660919e+003,1.134298e+001
1.661401e+003,1.134655e+001
1.661883e+003,1.135374e+001
1.662365e+003,1.136389e+001
1.662848e+003,1.137542e+001
1.663330e+003,1.138613e+001
1.663812e+003,1.139400e+001
1.664294e+003,1.139776e+001
1.664776e+003,1.139711e+001
1.665258e+003,1.139265e+001
1.665740e+003,1.138549e+001
1.666222e+003,1.137710e+001
1.666705e+003,1.136905e+001
1.667187e+003,1.136301e+001
1.667669e+003,1.136052e+001
1.668151e+003,1.136278e+001
1.668633e+003,1.137016e+001
1.669115e+003,1.138179e+001
1.669597e+003,1.139551e+001
1.670080e+003,1.140848e+001
1.670562e+003,1.141820e+001
1.671044e+003,1.142340e+001
1.671526e+003,1.142422e+001
1.672008e+003,1.142197e+001
1.672490e+003,1.141862e+001
1.672972e+003,1.141643e+001
1.673454e+003,1.141751e+001
1.673937e+003,1.142343e+001
1.674419e+003,1.143463e+001
1.674901e+003,1.145003e+001
1.675383e+003,1.146711e+001
1.675865e+003,1.148284e+001
1.676347e+003,1.149483e+001
1.676829e+003,1.150203e+001
1.677311e+003,1.150477e+001
1.677793e+003,1.150418e+001
1.678276e+003,1.150156e+001
1.678758e+003,1.149794e+001
1.679240e+003,1.149382e+001
1.679722e+003,1.148927e+001
1.680204e+003,1.148410e+001
1.680686e+003,1.147831e+001
1.681168e+003,1.147247e+001
1.681650e+003,1.146814e+001
1.682133e+003,1.146803e+001
1.682615e+003,1.147577e+001
1.683097e+003,1.149478e+001
1.683579e+003,1.152615e+001
1.684061e+003,1.156639e+001
1.684543e+003,1.160773e+001
1.685025e+003,1.164191e+001
1.685508e+003,1.166446e+001
1.685990e+003,1.167562e+001
1.686472e+003,1.167857e+001
1.686954e+003,1.167727e+001
1.687436e+003,1.167521e+001
1.687918e+003,1.167490e+001
1.688400e+003,1.167773e+001
1.688882e+003,1.168394e+001
1.689365e+003,1.169262e+001
1.689847e+003,1.170198e+001
1.690329e+003,1.170986e+001
1.690811e+003,1.171440e+001
1.691293e+003,1.171447e+001
1.691775e+003,1.170998e+001
1.692257e+003,1.170180e+001
1.692739e+003,1.169157e+001
1.693221e+003,1.168158e+001
1.693704e+003,1.167451e+001
1.694186e+003,1.167301e+001
1.694668e+003,1.167901e+001
1.695150e+003,1.169272e+001
1.695632e+003,1.171194e+001
1.696114e+003,1.173254e+001
1.696596e+003,1.175023e+001
1.697078e+003,1.176254e+001
1.697561e+003,1.176980e+001
1.698043e+003,1.177491e+001
1.698525e+003,1.178214e+001
1.699007e+003,1.179567e+001
1.699489e+003,1.181760e+001
1.699971e+003,1.184629e+001
1.700453e+003,1.187622e+001
1.700936e+003,1.190066e+001
1.701417e+003,1.191512e+001
1.701900e+003,1.191905e+001
1.702382e+003,1.191497e+001
1.702864e+003,1.190679e+001
1.703346e+003,1.189843e+001
1.703828e+003,1.189314e+001
1.704310e+003,1.189307e+001
1.704792e+003,1.189888e+001
1.705275e+003,1.190966e+001
1.705757e+003,1.192311e+001
1.706239e+003,1.193637e+001
1.706721e+003,1.194705e+001
1.707203e+003,1.195390e+001
1.707685e+003,1.195687e+001
1.708167e+003,1.195669e+001
1.708649e+003,1.195434e+001
1.709132e+003,1.195063e+001
1.709614e+003,1.194605e+001
1.710096e+003,1.194078e+001
1.710578e+003,1.193481e+001
1.711060e+003,1.192806e+001
1.711542e+003,1.192050e+001
1.712024e+003,1.191218e+001
1.712506e+003,1.190326e+001
1.712989e+003,1.189396e+001
1.713471e+003,1.188462e+001
1.713953e+003,1.187574e+001
1.714435e+003,1.186815e+001
1.714917e+003,1.186304e+001
1.715399e+003,1.186199e+001
1.715881e+003,1.186665e+001
1.716364e+003,1.187810e+001
1.716845e+003,1.189590e+001
1.717328e+003,1.191753e+001
1.717810e+003,1.193874e+001
1.718292e+003,1.195516e+001
1.718774e+003,1.196386e+001
1.719256e+003,1.196411e+001
1.719738e+003,1.195700e+001
1.720220e+003,1.194461e+001
1.720703e+003,1.192922e+001
1.721185e+003,1.191291e+001
1.721667e+003,1.189736e+001
1.722149e+003,1.188373e+001
1.722631e+003,1.187261e+001
1.723113e+003,1.186398e+001
1.723595e+003,1.185723e+001
1.724077e+003,1.185141e+001
1.724560e+003,1.184543e+001
1.725042e+003,1.183843e+001
1.725524e+003,1.182991e+001
1.726006e+003,1.181982e+001
1.726488e+003,1.180846e+001
1.726970e+003,1.179629e+001
1.727452e+003,1.178377e+001
1.727934e+003,1.177123e+001
1.728417e+003,1.175869e+001
1.728899e+003,1.174591e+001
1.729381e+003,1.173243e+001
1.729863e+003,1.171785e+001
1.730345e+003,1.170200e+001
1.730827e+003,1.168528e+001
1.731309e+003,1.166879e+001
1.731792e+003,1.165442e+001
1.732273e+003,1.164463e+001
1.732756e+003,1.164188e+001
1.733238e+003,1.164736e+001
1.733720e+003,1.165967e+001
1.734202e+003,1.167442e+001
1.734684e+003,1.168591e+001
1.735166e+003,1.168976e+001
1.735648e+003,1.168449e+001
1.736131e+003,1.167123e+001
1.736613e+003,1.165250e+001
1.737095e+003,1.163121e+001
1.737577e+003,1.161001e+001
1.738059e+003,1.159103e+001
1.738541e+003,1.157563e+001
1.739023e+003,1.156416e+001
1.739505e+003,1.155585e+001
1.739988e+003,1.154912e+001
1.740470e+003,1.154209e+001
1.740952e+003,1.153330e+001
1.741434e+003,1.152207e+001
1.741916e+003,1.150850e+001
1.742398e+003,1.149321e+001
1.742880e+003,1.147691e+001
1.743362e+003,1.146022e+001
1.743844e+003,1.144351e+001
1.744327e+003,1.142696e+001
1.744809e+003,1.141064e+001
1.745291e+003,1.139469e+001
1.745773e+003,1.137932e+001
1.746255e+003,1.136483e+001
1.746737e+003,1.135151e+001
1.747219e+003,1.133963e+001
1.747702e+003,1.132934e+001
1.748184e+003,1.132068e+001
1.748666e+003,1.131358e+001
1.749148e+003,1.130786e+001
1.749630e+003,1.130320e+001
1.750112e+003,1.129899e+001
1.750594e+003,1.129436e+001
1.751076e+003,1.128825e+001
1.751559e+003,1.127969e+001
1.752041e+003,1.126805e+001
1.752523e+003,1.125327e+001
1.753005e+003,1.123581e+001
1.753487e+003,1.121657e+001
1.753969e+003,1.119662e+001
1.754451e+003,1.117710e+001
1.754933e+003,1.115896e+001
1.755416e+003,1.114285e+001
1.755898e+003,1.112893e+001
1.756380e+003,1.111678e+001
1.756862e+003,1.110549e+001
1.757344e+003,1.109397e+001
1.757826e+003,1.108132e+001
1.758308e+003,1.106712e+001
1.758791e+003,1.105159e+001
1.759272e+003,1.103545e+001
1.759755e+003,1.101981e+001
1.760237e+003,1.100584e+001
1.760719e+003,1.099451e+001
1.761201e+003,1.098625e+001
1.761683e+003,1.098065e+001
1.762165e+003,1.097655e+001
1.762647e+003,1.097238e+001
1.763130e+003,1.096670e+001
1.763612e+003,1.095865e+001
1.764094e+003,1.094809e+001
1.764576e+003,1.093550e+001
1.765058e+003,1.092169e+001
1.765540e+003,1.090753e+001
1.766022e+003,1.089376e+001
1.766504e+003,1.088080e+001
1.766987e+003,1.086864e+001
1.767469e+003,1.085691e+001
1.767951e+003,1.084504e+001
1.768433e+003,1.083255e+001
1.768915e+003,1.081927e+001
1.769397e+003,1.080551e+001
1.769879e+003,1.079204e+001
1.770361e+003,1.077996e+001
1.770844e+003,1.077043e+001
1.771326e+003,1.076424e+001
1.771808e+003,1.076151e+001
1.772290e+003,1.076142e+001
1.772772e+003,1.076249e+001
1.773254e+003,1.076306e+001
1.773736e+003,1.076194e+001
1.774219e+003,1.075858e+001
1.774700e+003,1.075301e+001
1.775183e+003,1.074558e+001
1.775665e+003,1.073674e+001
1.776147e+003,1.072690e+001
1.776629e+003,1.071639e+001
1.777111e+003,1.070550e+001
1.777593e+003,1.069450e+001
1.778075e+003,1.068372e+001
1.778558e+003,1.067355e+001
1.779040e+003,1.066436e+001
1.779522e+003,1.065644e+001
1.780004e+003,1.064990e+001
1.780486e+003,1.064457e+001
1.780968e+003,1.064008e+001
1.781450e+003,1.063592e+001
1.781932e+003,1.063164e+001
1.782415e+003,1.062697e+001
1.782897e+003,1.062187e+001
1.783379e+003,1.061650e+001
1.783861e+003,1.061114e+001
1.784343e+003,1.060600e+001
1.784825e+003,1.060115e+001
1.785307e+003,1.059643e+001
1.785789e+003,1.059146e+001
1.786271e+003,1.058583e+001
1.786754e+003,1.057919e+001
1.787236e+003,1.057138e+001
1.787718e+003,1.056252e+001
1.788200e+003,1.055300e+001
1.788682e+003,1.054346e+001
1.789164e+003,1.053470e+001
1.789646e+003,1.052768e+001
1.790128e+003,1.052336e+001
1.790611e+003,1.052247e+001
1.791093e+003,1.052531e+001
1.791575e+003,1.053143e+001
1.792057e+003,1.053954e+001
1.792539e+003,1.054785e+001
1.793021e+003,1.055452e+001
1.793503e+003,1.055829e+001
1.793986e+003,1.055867e+001
1.794468e+003,1.055591e+001
1.794950e+003,1.055069e+001
1.795432e+003,1.054389e+001
1.795914e+003,1.053637e+001
1.796396e+003,1.052882e+001
1.796878e+003,1.052180e+001
1.797360e+003,1.051574e+001
1.797843e+003,1.051094e+001
1.798325e+003,1.050769e+001
1.798807e+003,1.050617e+001
1.799289e+003,1.050647e+001
1.799771e+003,1.050847e+001
1.800253e+003,1.051178e+001
1.800735e+003,1.051575e+001
1.801217e+003,1.051961e+001
1.801699e+003,1.052267e+001
1.802182e+003,1.052451e+001
1.802664e+003,1.052507e+001
1.803146e+003,1.052460e+001
1.803628e+003,1.052356e+001
1.804110e+003,1.052242e+001
1.804592e+003,1.052155e+001
1.805074e+003,1.052115e+001
1.805556e+003,1.052125e+001
1.806039e+003,1.052174e+001
1.806521e+003,1.052248e+001
1.807003e+003,1.052340e+001
1.807485e+003,1.052447e+001
1.807967e+003,1.052577e+001
1.808449e+003,1.052742e+001
1.808931e+003,1.052958e+001
1.809414e+003,1.053234e+001
1.809896e+003,1.053576e+001
1.810378e+003,1.053975e+001
1.810860e+003,1.054413e+001
1.811342e+003,1.054859e+001
1.811824e+003,1.055276e+001
1.812306e+003,1.055626e+001
1.812788e+003,1.055884e+001
1.813271e+003,1.056038e+001
1.813753e+003,1.056101e+001
1.814235e+003,1.056101e+001
1.814717e+003,1.056080e+001
1.815199e+003,1.056081e+001
1.815681e+003,1.056134e+001
1.816163e+003,1.056255e+001
1.816645e+003,1.056438e+001
1.817127e+003,1.056663e+001
1.817610e+003,1.056905e+001
1.818092e+003,1.057139e+001
1.818574e+003,1.057349e+001
1.819056e+003,1.057522e+001
1.819538e+003,1.057646e+001
1.820020e+003,1.057712e+001
1.820502e+003,1.057709e+001
1.820984e+003,1.057640e+001
1.821467e+003,1.057530e+001
1.821949e+003,1.057430e+001
1.822431e+003,1.057415e+001
1.822913e+003,1.057571e+001
1.823395e+003,1.057961e+001
1.823877e+003,1.058601e+001
1.824359e+003,1.059432e+001
1.824842e+003,1.060330e+001
1.825323e+003,1.061145e+001
1.825806e+003,1.061749e+001
1.826288e+003,1.062095e+001
1.826770e+003,1.062225e+001
1.827252e+003,1.062267e+001
1.827734e+003,1.062391e+001
1.828216e+003,1.062765e+001
1.828698e+003,1.063495e+001
1.829181e+003,1.064582e+001
1.829663e+003,1.065905e+001
1.830145e+003,1.067249e+001
1.830627e+003,1.068382e+001
1.831109e+003,1.069135e+001
1.831591e+003,1.069452e+001
1.832073e+003,1.069382e+001
1.832555e+003,1.069045e+001
1.833038e+003,1.068585e+001
1.833520e+003,1.068135e+001
1.834002e+003,1.067800e+001
1.834484e+003,1.067639e+001
1.834966e+003,1.067674e+001
1.835448e+003,1.067889e+001
1.835930e+003,1.068249e+001
1.836412e+003,1.068703e+001
1.836895e+003,1.069196e+001
1.837377e+003,1.069674e+001
1.837859e+003,1.070084e+001
1.838341e+003,1.070374e+001
1.838823e+003,1.070500e+001
1.839305e+003,1.070432e+001
1.839787e+003,1.070167e+001
1.840270e+003,1.069738e+001
1.840751e+003,1.069218e+001
1.841234e+003,1.068724e+001
1.841716e+003,1.068398e+001
1.842198e+003,1.068393e+001
1.842680e+003,1.068828e+001
1.843162e+003,1.069743e+001
1.843644e+003,1.071060e+001
1.844126e+003,1.072582e+001
1.844609e+003,1.074049e+001
1.845091e+003,1.075222e+001
1.845573e+003,1.075967e+001
1.846055e+003,1.076268e+001
1.846537e+003,1.076206e+001
1.847019e+003,1.075913e+001
1.847501e+003,1.075521e+001
1.847983e+003,1.075134e+001
1.848466e+003,1.074817e+001
1.848948e+003,1.074592e+001
1.849430e+003,1.074453e+001
1.849912e+003,1.074377e+001
1.850394e+003,1.074341e+001
1.850876e+003,1.074325e+001
1.851358e+003,1.074318e+001
1.851840e+003,1.074312e+001
1.852323e+003,1.074300e+001
1.852805e+003,1.074276e+001
1.853287e+003,1.074233e+001
1.853769e+003,1.074167e+001
1.854251e+003,1.074085e+001
1.854733e+003,1.073999e+001
1.855215e+003,1.073924e+001
1.855698e+003,1.073875e+001
1.856179e+003,1.073859e+001
1.856662e+003,1.073873e+001
1.857144e+003,1.073902e+001
1.857626e+003,1.073924e+001
1.858108e+003,1.073915e+001
1.858590e+003,1.073855e+001
1.859072e+003,1.073731e+001
1.859554e+003,1.073538e+001
1.860037e+003,1.073280e+001
1.860519e+003,1.072964e+001
1.861001e+003,1.072600e+001
1.861483e+003,1.072197e+001
1.861965e+003,1.071760e+001
1.862447e+003,1.071285e+001
1.862929e+003,1.070770e+001
1.863411e+003,1.070208e+001
1.863894e+003,1.069600e+001
1.864376e+003,1.068958e+001
1.864858e+003,1.068313e+001
1.865340e+003,1.067718e+001
1.865822e+003,1.067242e+001
1.866304e+003,1.066964e+001
1.866786e+003,1.066951e+001
1.867268e+003,1.067238e+001
1.867750e+003,1.067803e+001
1.868233e+003,1.068554e+001
1.868715e+003,1.069346e+001
1.869197e+003,1.070011e+001
1.869679e+003,1.070416e+001
1.870161e+003,1.070494e+001
1.870643e+003,1.070250e+001
1.871125e+003,1.069749e+001
1.871608e+003,1.069081e+001
1.872090e+003,1.068340e+001
1.872572e+003,1.067600e+001
1.873054e+003,1.066906e+001
1.873536e+003,1.066277e+001
1.874018e+003,1.065701e+001
1.874500e+003,1.065150e+001
1.874982e+003,1.064592e+001
1.875465e+003,1.063997e+001
1.875947e+003,1.063351e+001
1.876429e+003,1.062653e+001
1.876911e+003,1.061917e+001
1.877393e+003,1.061164e+001
1.877875e+003,1.060416e+001
1.878357e+003,1.059686e+001
1.878839e+003,1.058979e+001
1.879322e+003,1.058293e+001
1.879804e+003,1.057618e+001
1.880286e+003,1.056945e+001
1.880768e+003,1.056270e+001
1.881250e+003,1.055594e+001
1.881732e+003,1.054921e+001
1.882214e+003,1.054259e+001
1.882697e+003,1.053611e+001
1.883178e+003,1.052969e+001
1.883661e+003,1.052312e+001
1.884143e+003,1.051611e+001
1.884625e+003,1.050832e+001
1.885107e+003,1.049949e+001
1.885589e+003,1.048954e+001
1.886071e+003,1.047863e+001
1.886553e+003,1.046725e+001
1.887036e+003,1.045607e+001
1.887518e+003,1.044588e+001
1.888000e+003,1.043737e+001
1.888482e+003,1.043089e+001
1.888964e+003,1.042631e+001
1.889446e+003,1.042297e+001
1.889928e+003,1.041980e+001
1.890410e+003,1.041570e+001
1.890893e+003,1.040982e+001
1.891375e+003,1.040183e+001
1.891857e+003,1.039195e+001
1.892339e+003,1.038081e+001
1.892821e+003,1.036927e+001
1.893303e+003,1.035817e+001
1.893785e+003,1.034812e+001
1.894267e+003,1.033936e+001
1.894750e+003,1.033175e+001
1.895232e+003,1.032479e+001
1.895714e+003,1.031788e+001
1.896196e+003,1.031040e+001
1.896678e+003,1.030192e+001
1.897160e+003,1.029223e+001
1.897642e+003,1.028136e+001
1.898125e+003,1.026952e+001
1.898606e+003,1.025698e+001
1.899089e+003,1.024404e+001
1.899571e+003,1.023097e+001
1.900053e+003,1.021801e+001
1.900535e+003,1.020531e+001
1.901017e+003,1.019298e+001
1.901499e+003,1.018105e+001
1.901981e+003,1.016950e+001
1.902464e+003,1.015826e+001
1.902946e+003,1.014724e+001
1.903428e+003,1.013632e+001
1.903910e+003,1.012541e+001
1.904392e+003,1.011440e+001
1.904874e+003,1.010326e+001
1.905356e+003,1.009196e+001
1.905838e+003,1.008057e+001
1.906321e+003,1.006922e+001
1.906803e+003,1.005805e+001
1.907285e+003,1.004723e+001
1.907767e+003,1.003688e+001
1.908249e+003,1.002701e+001
1.908731e+003,1.001748e+001
1.909213e+003,1.000806e+001
1.909695e+003,9.998453e+000
1.910177e+003,9.988401e+000
1.910660e+003,9.977744e+000
1.911142e+003,9.966454e+000
1.911624e+003,9.954615e+000
1.912106e+003,9.942354e+000
1.912588e+003,9.929794e+000
1.913070e+003,9.917006e+000
1.913552e+003,9.904044e+000
1.914034e+003,9.890984e+000
1.914517e+003,9.877995e+000
1.914999e+003,9.865373e+000
1.915481e+003,9.853503e+000
1.915963e+003,9.842766e+000
1.916445e+003,9.833363e+000
1.916927e+003,9.825171e+000
1.917409e+003,9.817658e+000
1.917892e+003,9.809979e+000
1.918374e+003,9.801208e+000
1.918856e+003,9.790656e+000
1.919338e+003,9.778111e+000
1.919820e+003,9.763886e+000
1.920302e+003,9.748717e+000
1.920784e+003,9.733518e+000
1.921266e+003,9.719136e+000
1.921749e+003,9.706152e+000
1.922231e+003,9.694719e+000
1.922713e+003,9.684563e+000
1.923195e+003,9.675088e+000
1.923677e+003,9.665617e+000
1.924159e+003,9.655605e+000
1.924641e+003,9.644808e+000
1.925123e+003,9.633315e+000
1.925605e+003,9.621458e+000
1.926088e+003,9.609667e+000
1.926570e+003,9.598311e+000
1.927052e+003,9.587605e+000
1.927534e+003,9.577559e+000
1.928016e+003,9.567986e+000
1.928498e+003,9.558608e+000
1.928980e+003,9.549122e+000
1.929462e+003,9.539307e+000
1.929945e+003,9.529072e+000
1.930427e+003,9.518470e+000
1.930909e+003,9.507646e+000
1.931391e+003,9.496776e+000
1.931873e+003,9.485997e+000
1.932355e+003,9.475366e+000
1.932837e+003,9.464839e+000
1.933320e+003,9.454309e+000
1.933802e+003,9.443660e+000
1.934284e+003,9.432810e+000
1.934766e+003,9.421755e+000
1.935248e+003,9.410563e+000
1.935730e+003,9.399349e+000
1.936212e+003,9.388222e+000
1.936694e+003,9.377234e+000
1.937177e+003,9.366374e+000
1.937659e+003,9.355572e+000
1.938141e+003,9.344760e+000
1.938623e+003,9.333922e+000
1.939105e+003,9.323159e+000
1.939587e+003,9.312684e+000
1.940069e+003,9.302800e+000
1.940551e+003,9.293818e+000
1.941033e+003,9.285948e+000
1.941516e+003,9.279190e+000
1.941998e+003,9.273293e+000
1.942480e+003,9.267776e+000
1.942962e+003,9.262047e+000
1.943444e+003,9.255579e+000
1.943926e+003,9.248057e+000
1.944408e+003,9.239449e+000
1.944890e+003,9.229959e+000
1.945373e+003,9.219961e+000
1.945855e+003,9.209839e+000
1.946337e+003,9.199901e+000
1.946819e+003,9.190311e+000
1.947301e+003,9.181087e+000
1.947783e+003,9.172150e+000
1.948265e+003,9.163380e+000
1.948748e+003,9.154696e+000
1.949229e+003,9.146086e+000
1.949712e+003,9.137592e+000
1.950194e+003,9.129283e+000
1.950676e+003,9.121203e+000
1.951158e+003,9.113351e+000
1.951640e+003,9.105685e+000
1.952122e+003,9.098153e+000
1.952604e+003,9.090744e+000
1.953087e+003,9.083505e+000
1.953569e+003,9.076560e+000
1.954051e+003,9.070044e+000
1.954533e+003,9.064078e+000
1.955015e+003,9.058702e+000
1.955497e+003,9.053849e+000
1.955979e+003,9.049361e+000
1.956461e+003,9.045044e+000
1.956944e+003,9.040709e+000
1.957426e+003,9.036227e+000
1.957908e+003,9.031552e+000
1.958390e+003,9.026695e+000
1.958872e+003,9.021704e+000
1.959354e+003,9.016618e+000
1.959836e+003,9.011445e+000
1.960318e+003,9.006152e+000
1.960801e+003,9.000675e+000
1.961283e+003,8.994956e+000
1.961765e+003,8.988949e+000
1.962247e+003,8.982668e+000
1.962729e+003,8.976177e+000
1.963211e+003,8.969619e+000
1.963693e+003,8.963190e+000
1.964176e+003,8.957132e+000
1.964657e+003,8.951697e+000
1.965140e+003,8.947092e+000
1.965622e+003,8.943442e+000
1.966104e+003,8.940733e+000
1.966586e+003,8.938791e+000
1.967068e+003,8.937316e+000
1.967550e+003,8.935933e+000
1.968032e+003,8.934283e+000
1.968515e+003,8.932103e+000
1.968997e+003,8.929273e+000
1.969479e+003,8.925797e+000
1.969961e+003,8.921788e+000
1.970443e+003,8.917408e+000
1.970925e+003,8.912816e+000
1.971407e+003,8.908157e+000
1.971889e+003,8.903549e+000
1.972372e+003,8.899079e+000
1.972854e+003,8.894820e+000
1.973336e+003,8.890832e+000
1.973818e+003,8.887153e+000
1.974300e+003,8.883783e+000
1.974782e+003,8.880711e+000
1.975264e+003,8.877902e+000
1.975746e+003,8.875336e+000
1.976229e+003,8.873010e+000
1.976711e+003,8.870948e+000
1.977193e+003,8.869192e+000
1.977675e+003,8.867756e+000
1.978157e+003,8.866613e+000
1.978639e+003,8.865670e+000
1.979121e+003,8.864770e+000
1.979604e+003,8.863737e+000
1.980085e+003,8.862418e+000
1.980568e+003,8.860717e+000
1.981050e+003,8.858626e+000
1.981532e+003,8.856216e+000
1.982014e+003,8.853615e+000
1.982496e+003,8.850970e+000
1.982978e+003,8.848425e+000
1.983460e+003,8.846104e+000
1.983943e+003,8.844098e+000
1.984425e+003,8.842484e+000
1.984907e+003,8.841308e+000
1.985389e+003,8.840576e+000
1.985871e+003,8.840252e+000
1.986353e+003,8.840247e+000
1.986835e+003,8.840429e+000
1.987317e+003,8.840665e+000
1.987800e+003,8.840858e+000
1.988282e+003,8.840990e+000
1.988764e+003,8.841147e+000
1.989246e+003,8.841487e+000
1.989728e+003,8.842194e+000
1.990210e+003,8.843390e+000
1.990692e+003,8.845079e+000
1.991174e+003,8.847096e+000
1.991656e+003,8.849124e+000
1.992139e+003,8.850765e+000
1.992621e+003,8.851649e+000
1.993103e+003,8.851537e+000
1.993585e+003,8.850403e+000
1.994067e+003,8.848420e+000
1.994549e+003,8.845913e+000
1.995031e+003,8.843277e+000
1.995514e+003,8.840869e+000
1.995996e+003,8.838941e+000
1.996478e+003,8.837589e+000
1.996960e+003,8.836765e+000
1.997442e+003,8.836317e+000
1.997924e+003,8.836050e+000
1.998406e+003,8.835808e+000
1.998888e+003,8.835526e+000
1.999371e+003,8.835238e+000
1.999853e+003,8.835057e+000
2.000335e+003,8.835121e+000
2.000817e+003,8.835526e+000
2.001299e+003,8.836281e+000
2.001781e+003,8.837287e+000
2.002263e+003,8.838359e+000
2.002745e+003,8.839267e+000
2.003228e+003,8.839795e+000
2.003710e+003,8.839795e+000
2.004192e+003,8.839211e+000
2.004674e+003,8.838100e+000
2.005156e+003,8.836611e+000
2.005638e+003,8.834959e+000
2.006120e+003,8.833394e+000
2.006603e+003,8.832158e+000
2.007084e+003,8.831454e+000
2.007567e+003,8.831412e+000
2.008049e+003,8.832071e+000
2.008531e+003,8.833370e+000
2.009013e+003,8.835157e+000
2.009495e+003,8.837214e+000
2.009977e+003,8.839291e+000
2.010459e+003,8.841151e+000
2.010942e+003,8.842596e+000
2.011424e+003,8.843489e+000
2.011906e+003,8.843762e+000
2.012388e+003,8.843437e+000
2.012870e+003,8.842600e+000
2.013352e+003,8.841431e+000
2.013834e+003,8.840174e+000
2.014316e+003,8.839132e+000
2.014799e+003,8.838614e+000
2.015281e+003,8.838872e+000
2.015763e+003,8.840014e+000
2.016245e+003,8.841950e+000
2.016727e+003,8.844368e+000
2.017209e+003,8.846780e+000
2.017691e+003,8.848631e+000
2.018173e+003,8.849453e+000
2.018656e+003,8.848969e+000
2.019138e+003,8.847181e+000
2.019620e+003,8.844359e+000
2.020102e+003,8.840955e+000
2.020584e+003,8.837490e+000
2.021066e+003,8.834425e+000
2.021548e+003,8.832081e+000
2.022031e+003,8.830586e+000
2.022512e+003,8.829903e+000
2.022995e+003,8.829875e+000
2.023477e+003,8.830295e+000
2.023959e+003,8.830960e+000
2.024441e+003,8.831706e+000
2.024923e+003,8.832411e+000
2.025405e+003,8.832984e+000
2.025887e+003,8.833346e+000
2.026370e+003,8.833423e+000
2.026852e+003,8.833134e+000
2.027334e+003,8.832402e+000
2.027816e+003,8.831183e+000
2.028298e+003,8.829455e+000
2.028780e+003,8.827257e+000
2.029262e+003,8.824685e+000
2.029744e+003,8.821890e+000
2.030227e+003,8.819068e+000
2.030709e+003,8.816432e+000
2.031191e+003,8.814178e+000
2.031673e+003,8.812456e+000
2.032155e+003,8.811333e+000
2.032637e+003,8.810785e+000
2.033119e+003,8.810713e+000
2.033601e+003,8.810961e+000
2.034083e+003,8.811337e+000
2.034566e+003,8.811646e+000
2.035048e+003,8.811704e+000
2.035530e+003,8.811340e+000
2.036012e+003,8.810410e+000
2.036494e+003,8.808805e+000
2.036976e+003,8.806470e+000
2.037458e+003,8.803452e+000
2.037940e+003,8.799898e+000
2.038423e+003,8.796083e+000
2.038905e+003,8.792351e+000
2.039387e+003,8.789062e+000
2.039869e+003,8.786518e+000
2.040351e+003,8.784882e+000
2.040833e+003,8.784126e+000
2.041315e+003,8.784047e+000
2.041798e+003,8.784295e+000
2.042280e+003,8.784462e+000
2.042762e+003,8.784170e+000
2.043244e+003,8.783134e+000
2.043726e+003,8.781203e+000
2.044208e+003,8.778371e+000
2.044690e+003,8.774739e+000
2.045172e+003,8.770490e+000
2.045655e+003,8.765841e+000
2.046137e+003,8.761013e+000
2.046619e+003,8.756204e+000
2.047101e+003,8.751568e+000
2.047583e+003,8.747197e+000
2.048065e+003,8.743132e+000
2.048547e+003,8.739347e+000
2.049029e+003,8.735785e+000
2.049511e+003,8.732358e+000
2.049994e+003,8.728979e+000
2.050476e+003,8.725575e+000
2.050958e+003,8.722096e+000
2.051440e+003,8.718511e+000
2.051922e+003,8.714802e+000
2.052404e+003,8.710950e+000
2.052886e+003,8.706936e+000
2.053368e+003,8.702725e+000
2.053851e+003,8.698288e+000
2.054333e+003,8.693595e+000
2.054815e+003,8.688625e+000
2.055297e+003,8.683390e+000
2.055779e+003,8.677929e+000
2.056261e+003,8.672320e+000
2.056743e+003,8.666671e+000
2.057226e+003,8.661105e+000
2.057708e+003,8.655746e+000
2.058190e+003,8.650686e+000
2.058672e+003,8.645959e+000
2.059154e+003,8.641531e+000
2.059636e+003,8.637307e+000
2.060118e+003,8.633147e+000
2.060600e+003,8.628909e+000
2.061083e+003,8.624491e+000
2.061565e+003,8.619862e+000
2.062047e+003,8.615067e+000
2.062529e+003,8.610212e+000
2.063011e+003,8.605434e+000
2.063493e+003,8.600846e+000
2.063975e+003,8.596497e+000
2.064457e+003,8.592359e+000
2.064939e+003,8.588303e+000
2.065422e+003,8.584137e+000
2.065904e+003,8.579620e+000
2.066386e+003,8.574535e+000
2.066868e+003,8.568707e+000
2.067350e+003,8.562049e+000
2.067832e+003,8.554579e+000
2.068314e+003,8.546431e+000
2.068796e+003,8.537819e+000
2.069279e+003,8.529016e+000
2.069761e+003,8.520298e+000
2.070243e+003,8.511889e+000
2.070725e+003,8.503925e+000
2.071207e+003,8.496443e+000
2.071689e+003,8.489383e+000
2.072171e+003,8.482627e+000
2.072654e+003,8.476042e+000
2.073135e+003,8.469512e+000
2.073618e+003,8.462962e+000
2.074100e+003,8.456354e+000
2.074582e+003,8.449668e+000
2.075064e+003,8.442893e+000
2.075546e+003,8.436005e+000
2.076028e+003,8.428983e+000
2.076510e+003,8.421812e+000
2.076993e+003,8.414509e+000
2.077475e+003,8.407129e+000
2.077957e+003,8.399762e+000
2.078439e+003,8.392509e+000
2.078921e+003,8.385468e+000
2.079403e+003,8.378686e+000
2.079885e+003,8.372164e+000
2.080367e+003,8.365840e+000
2.080850e+003,8.359602e+000
2.081332e+003,8.353292e+000
2.081814e+003,8.346733e+000
2.082296e+003,8.339745e+000
2.082778e+003,8.332167e+000
2.083260e+003,8.323896e+000
2.083742e+003,8.314911e+000
2.084224e+003,8.305291e+000
2.084707e+003,8.295230e+000
2.085189e+003,8.285011e+000
2.085671e+003,8.274965e+000
2.086153e+003,8.265403e+000
2.086635e+003,8.256553e+000
2.087117e+003,8.248502e+000
2.087599e+003,8.241192e+000
2.088082e+003,8.234419e+000
2.088563e+003,8.227899e+000
2.089046e+003,8.221329e+000
2.089528e+003,8.214457e+000
2.090010e+003,8.207143e+000
2.090492e+003,8.199373e+000
2.090974e+003,8.191250e+000
2.091456e+003,8.182959e+000
2.091938e+003,8.174701e+000
2.092421e+003,8.166649e+000
2.092903e+003,8.158896e+000
2.093385e+003,8.151453e+000
2.093867e+003,8.144230e+000
2.094349e+003,8.137092e+000
2.094831e+003,8.129881e+000
2.095313e+003,8.122463e+000
2.095795e+003,8.114750e+000
2.096278e+003,8.106718e+000
2.096760e+003,8.098392e+000
2.097242e+003,8.089824e+000
2.097724e+003,8.081083e+000
2.098206e+003,8.072228e+000
2.098688e+003,8.063302e+000
2.099170e+003,8.054333e+000
2.099652e+003,8.045327e+000
2.100135e+003,8.036284e+000
2.100617e+003,8.027191e+000
2.101099e+003,8.018019e+000
2.101581e+003,8.008740e+000
2.102063e+003,7.999332e+000
2.102545e+003,7.989795e+000
2.103027e+003,7.980162e+000
2.103510e+003,7.970499e+000
2.103991e+003,7.960897e+000
2.104474e+003,7.951442e+000
2.104956e+003,7.942188e+000
2.105438e+003,7.933136e+000
2.105920e+003,7.924248e+000
2.106402e+003,7.915442e+000
2.106884e+003,7.906650e+000
2.107366e+003,7.897832e+000
2.107849e+003,7.889003e+000
2.108331e+003,7.880229e+000
2.108813e+003,7.871589e+000
2.109295e+003,7.863160e+000
2.109777e+003,7.854980e+000
2.110259e+003,7.847042e+000
2.110741e+003,7.839308e+000
2.111223e+003,7.831730e+000
2.111706e+003,7.824290e+000
2.112188e+003,7.817002e+000
2.112670e+003,7.809928e+000
2.113152e+003,7.803140e+000
2.113634e+003,7.796714e+000
2.114116e+003,7.790683e+000
2.114598e+003,7.785022e+000
2.115080e+003,7.779645e+000
2.115563e+003,7.774387e+000
2.116045e+003,7.769032e+000
2.116527e+003,7.763332e+000
2.117009e+003,7.757032e+000
2.117491e+003,7.749928e+000
2.117973e+003,7.741901e+000
2.118455e+003,7.732961e+000
2.118938e+003,7.723269e+000
2.119420e+003,7.713130e+000
2.119902e+003,7.702929e+000
2.120384e+003,7.693079e+000
2.120866e+003,7.683920e+000
2.121348e+003,7.675667e+000
2.121830e+003,7.668348e+000
2.122312e+003,7.661834e+000
2.122794e+003,7.655858e+000
2.123277e+003,7.650095e+000
2.123759e+003,7.644223e+000
2.124241e+003,7.637992e+000
2.124723e+003,7.631259e+000
2.125205e+003,7.624002e+000
2.125687e+003,7.616305e+000
2.126169e+003,7.608340e+000
2.126651e+003,7.600327e+000
2.127134e+003,7.592495e+000
2.127616e+003,7.585032e+000
2.128098e+003,7.578065e+000
2.128580e+003,7.571639e+000
2.129062e+003,7.565715e+000
2.129544e+003,7.560186e+000
2.130026e+003,7.554921e+000
2.130509e+003,7.549780e+000
2.130990e+003,7.544658e+000
2.131473e+003,7.539490e+000
2.131955e+003,7.534234e+000
2.132437e+003,7.528871e+000
2.132919e+003,7.523386e+000
2.133401e+003,7.517756e+000
2.133883e+003,7.511956e+000
2.134365e+003,7.505970e+000
2.134848e+003,7.499804e+000
2.135330e+003,7.493500e+000
2.135812e+003,7.487129e+000
2.136294e+003,7.480790e+000
2.136776e+003,7.474598e+000
2.137258e+003,7.468662e+000
2.137740e+003,7.463078e+000
2.138222e+003,7.457896e+000
2.138705e+003,7.453121e+000
2.139187e+003,7.448692e+000
2.139669e+003,7.444480e+000
2.140151e+003,7.440307e+000
2.140633e+003,7.435971e+000
2.141115e+003,7.431293e+000
2.141597e+003,7.426172e+000
2.142079e+003,7.420613e+000
2.142562e+003,7.414737e+000
2.143044e+003,7.408754e+000
2.143526e+003,7.402915e+000
2.144008e+003,7.397445e+000
2.144490e+003,7.392489e+000
2.144972e+003,7.388087e+000
2.145454e+003,7.384172e+000
2.145937e+003,7.380609e+000
2.146418e+003,7.377239e+000
2.146901e+003,7.373922e+000
2.147383e+003,7.370560e+000
2.147865e+003,7.367101e+000
2.148347e+003,7.363533e+000
2.148829e+003,7.359865e+000
2.149311e+003,7.356099e+000
2.149793e+003,7.352236e+000
2.150276e+003,7.348266e+000
2.150758e+003,7.344171e+000
2.151240e+003,7.339952e+000
2.151722e+003,7.335613e+000
2.152204e+003,7.331202e+000
2.152686e+003,7.326787e+000
2.153168e+003,7.322474e+000
2.153650e+003,7.318383e+000
2.154133e+003,7.314646e+000
2.154615e+003,7.311355e+000
2.155097e+003,7.308552e+000
2.155579e+003,7.306203e+000
2.156061e+003,7.304195e+000
2.156543e+003,7.302357e+000
2.157025e+003,7.300503e+000
2.157507e+003,7.298464e+000
2.157990e+003,7.296144e+000
2.158472e+003,7.293524e+000
2.158954e+003,7.290667e+000
2.159436e+003,7.287686e+000
2.159918e+003,7.284722e+000
2.160400e+003,7.281893e+000
2.160882e+003,7.279271e+000
2.161365e+003,7.276869e+000
2.161846e+003,7.274648e+000
2.162329e+003,7.272521e+000
2.162811e+003,7.270389e+000
2.163293e+003,7.268157e+000
2.163775e+003,7.265773e+000
2.164257e+003,7.263240e+000
2.164739e+003,7.260632e+000
2.165221e+003,7.258072e+000
2.165704e+003,7.255713e+000
2.166186e+003,7.253690e+000
2.166668e+003,7.252082e+000
2.167150e+003,7.250879e+000
2.167632e+003,7.249996e+000
2.168114e+003,7.249290e+000
2.168596e+003,7.248626e+000
2.169078e+003,7.247909e+000
2.169561e+003,7.247132e+000
2.170043e+003,7.246366e+000
2.170525e+003,7.245722e+000
2.171007e+003,7.245301e+000
2.171489e+003,7.245132e+000
2.171971e+003,7.245137e+000
2.172453e+003,7.245136e+000
2.172935e+003,7.244891e+000
2.173417e+003,7.244167e+000
2.173900e+003,7.242803e+000
2.174382e+003,7.240758e+000
2.174864e+003,7.238134e+000
2.175346e+003,7.235164e+000
2.175828e+003,7.232158e+000
2.176310e+003,7.229439e+000
2.176792e+003,7.227295e+000
2.177274e+003,7.225920e+000
2.177757e+003,7.225396e+000
2.178239e+003,7.225680e+000
2.178721e+003,7.226633e+000
2.179203e+003,7.228046e+000
2.179685e+003,7.229670e+000
2.180167e+003,7.231258e+000
2.180649e+003,7.232589e+000
2.181132e+003,7.233473e+000
2.181614e+003,7.233769e+000
2.182096e+003,7.233392e+000
2.182578e+003,7.232308e+000
2.183060e+003,7.230557e+000
2.183542e+003,7.228251e+000
2.184024e+003,7.225583e+000
2.184506e+003,7.222805e+000
2.184989e+003,7.220198e+000
2.185471e+003,7.218027e+000
2.185953e+003,7.216492e+000
2.186435e+003,7.215690e+000
2.186917e+003,7.215598e+000
2.187399e+003,7.216084e+000
2.187881e+003,7.216950e+000
2.188363e+003,7.217972e+000
2.188845e+003,7.218952e+000
2.189328e+003,7.219751e+000
2.189810e+003,7.220302e+000
2.190292e+003,7.220615e+000
2.190774e+003,7.220749e+000
2.191256e+003,7.220809e+000
2.191738e+003,7.220901e+000
2.192220e+003,7.221124e+000
2.192702e+003,7.221537e+000
2.193185e+003,7.222149e+000
2.193667e+003,7.222902e+000
2.194149e+003,7.223683e+000
2.194631e+003,7.224354e+000
2.195113e+003,7.224774e+000
2.195595e+003,7.224859e+000
2.196077e+003,7.224598e+000
2.196560e+003,7.224068e+000
2.197042e+003,7.223410e+000
2.197524e+003,7.222793e+000
2.198006e+003,7.222352e+000
2.198488e+003,7.222158e+000
2.198970e+003,7.222201e+000
2.199452e+003,7.222393e+000
2.199934e+003,7.222613e+000
2.200417e+003,7.222754e+000
2.200899e+003,7.222757e+000
2.201381e+003,7.222636e+000
2.201863e+003,7.222467e+000
2.202345e+003,7.222362e+000
2.202827e+003,7.222426e+000
2.203309e+003,7.222720e+000
2.203791e+003,7.223234e+000
2.204273e+003,7.223874e+000
2.204756e+003,7.224488e+000
2.205238e+003,7.224896e+000
2.205720e+003,7.224936e+000
2.206202e+003,7.224507e+000
2.206684e+003,7.223605e+000
2.207166e+003,7.222322e+000
2.207648e+003,7.220823e+000
2.208130e+003,7.219310e+000
2.208613e+003,7.217956e+000
2.209095e+003,7.216871e+000
2.209577e+003,7.216078e+000
2.210059e+003,7.215528e+000
2.210541e+003,7.215133e+000
2.211023e+003,7.214813e+000
2.211505e+003,7.214532e+000
2.211988e+003,7.214308e+000
2.212469e+003,7.214182e+000
2.212952e+003,7.214198e+000
2.213434e+003,7.214345e+000
2.213916e+003,7.214552e+000
2.214398e+003,7.214694e+000
2.214880e+003,7.214632e+000
2.215362e+003,7.214247e+000
2.215844e+003,7.213500e+000
2.216327e+003,7.212426e+000
2.216809e+003,7.211128e+000
2.217291e+003,7.209741e+000
2.217773e+003,7.208387e+000
2.218255e+003,7.207150e+000
2.218737e+003,7.206074e+000
2.219219e+003,7.205172e+000
2.219701e+003,7.204450e+000
2.220184e+003,7.203923e+000
2.220666e+003,7.203620e+000
2.221148e+003,7.203563e+000
2.221630e+003,7.203752e+000
2.222112e+003,7.204149e+000
2.222594e+003,7.204666e+000
2.223076e+003,7.205174e+000
2.223558e+003,7.205533e+000
2.224041e+003,7.205611e+000
2.224523e+003,7.205319e+000
2.225005e+003,7.204618e+000
2.225487e+003,7.203524e+000
2.225969e+003,7.202103e+000
2.226451e+003,7.200457e+000
2.226933e+003,7.198705e+000
2.227416e+003,7.196954e+000
2.227897e+003,7.195281e+000
2.228380e+003,7.193714e+000
2.228862e+003,7.192217e+000
2.229344e+003,7.190700e+000
2.229826e+003,7.189038e+000
2.230308e+003,7.187104e+000
2.230790e+003,7.184797e+000
2.231272e+003,7.182071e+000
2.231755e+003,7.178953e+000
2.232237e+003,7.175525e+000
2.232719e+003,7.171918e+000
2.233201e+003,7.168280e+000
2.233683e+003,7.164752e+000
2.234165e+003,7.161456e+000
2.234647e+003,7.158473e+000
2.235129e+003,7.155845e+000
2.235612e+003,7.153574e+000
2.236094e+003,7.151623e+000
2.236576e+003,7.149923e+000
2.237058e+003,7.148377e+000
2.237540e+003,7.146890e+000
2.238022e+003,7.145355e+000
2.238504e+003,7.143688e+000
2.238986e+003,7.141811e+000
2.239469e+003,7.139657e+000
2.239951e+003,7.137169e+000
2.240433e+003,7.134286e+000
2.240915e+003,7.130975e+000
2.241397e+003,7.127232e+000
2.241879e+003,7.123114e+000
2.242361e+003,7.118750e+000
2.242844e+003,7.114326e+000
2.243326e+003,7.110058e+000
2.243808e+003,7.106140e+000
2.244290e+003,7.102692e+000
2.244772e+003,7.099725e+000
2.245254e+003,7.097133e+000
2.245736e+003,7.094713e+000
2.246218e+003,7.092221e+000
2.246700e+003,7.089427e+000
2.247183e+003,7.086167e+000
2.247665e+003,7.082369e+000
2.248147e+003,7.078053e+000
2.248629e+003,7.073320e+000
2.249111e+003,7.068317e+000
2.249593e+003,7.063215e+000
2.250075e+003,7.058170e+000
2.250557e+003,7.053317e+000
2.251040e+003,7.048746e+000
2.251522e+003,7.044497e+000
2.252004e+003,7.040552e+000
2.252486e+003,7.036840e+000
2.252968e+003,7.033251e+000
2.253450e+003,7.029654e+000
2.253932e+003,7.025929e+000
2.254415e+003,7.021999e+000
2.254896e+003,7.017836e+000
2.255379e+003,7.013474e+000
2.255861e+003,7.008984e+000
2.256343e+003,7.004462e+000
2.256825e+003,6.999990e+000
2.257307e+003,6.995625e+000
2.257789e+003,6.991374e+000
2.258271e+003,6.987203e+000
2.258754e+003,6.983041e+000
2.259236e+003,6.978806e+000
2.259718e+003,6.974414e+000
2.260200e+003,6.969810e+000
2.260682e+003,6.964977e+000
2.261164e+003,6.959937e+000
2.261646e+003,6.954737e+000
2.262128e+003,6.949442e+000
2.262611e+003,6.944096e+000
2.263093e+003,6.938717e+000
2.263575e+003,6.933282e+000
2.264057e+003,6.927738e+000
2.264539e+003,6.922026e+000
2.265021e+003,6.916103e+000
2.265503e+003,6.909972e+000
2.265985e+003,6.903688e+000
2.266468e+003,6.897347e+000
2.266950e+003,6.891068e+000
2.267432e+003,6.884971e+000
2.267914e+003,6.879148e+000
2.268396e+003,6.873661e+000
2.268878e+003,6.868524e+000
2.269360e+003,6.863715e+000
2.269843e+003,6.859186e+000
2.270324e+003,6.854851e+000
2.270807e+003,6.850602e+000
2.271289e+003,6.846309e+000
2.271771e+003,6.841842e+000
2.272253e+003,6.837086e+000
2.272735e+003,6.831968e+000
2.273217e+003,6.826458e+000
2.273699e+003,6.820574e+000
2.274182e+003,6.814366e+000
2.274664e+003,6.807883e+000
2.275146e+003,6.801155e+000
2.275628e+003,6.794196e+000
2.276110e+003,6.787009e+000
2.276592e+003,6.779616e+000
2.277074e+003,6.772092e+000
2.277556e+003,6.764567e+000
2.278039e+003,6.757213e+000
2.278521e+003,6.750217e+000
2.279003e+003,6.743722e+000
2.279485e+003,6.737799e+000
2.279967e+003,6.732414e+000
2.280449e+003,6.727456e+000
2.280931e+003,6.722747e+000
2.281413e+003,6.718104e+000
2.281896e+003,6.713359e+000
2.282378e+003,6.708390e+000
2.282860e+003,6.703115e+000
2.283342e+003,6.697503e+000
2.283824e+003,6.691542e+000
2.284306e+003,6.685247e+000
2.284788e+003,6.678648e+000
2.285271e+003,6.671785e+000
2.285752e+003,6.664707e+000
2.286235e+003,6.657458e+000
2.286717e+003,6.650077e+000
2.287199e+003,6.642589e+000
2.287681e+003,6.634997e+000
2.288163e+003,6.627300e+000
2.288645e+003,6.619492e+000
2.289127e+003,6.611566e+000
2.289610e+003,6.603515e+000
2.290092e+003,6.595336e+000
2.290574e+003,6.587019e+000
2.291056e+003,6.578554e+000
2.291538e+003,6.569953e+000
2.292020e+003,6.561265e+000
2.292502e+003,6.552593e+000
2.292984e+003,6.544099e+000
2.293467e+003,6.535970e+000
2.293949e+003,6.528387e+000
2.294431e+003,6.521472e+000
2.294913e+003,6.515242e+000
2.295395e+003,6.509589e+000
2.295877e+003,6.504295e+000
2.296359e+003,6.499057e+000
2.296841e+003,6.493563e+000
2.297323e+003,6.487522e+000
2.297806e+003,6.480731e+000
2.298288e+003,6.473085e+000
2.298770e+003,6.464601e+000
2.299252e+003,6.455390e+000
2.299734e+003,6.445654e+000
2.300216e+003,6.435641e+000
2.300698e+003,6.425622e+000
2.301180e+003,6.415841e+000
2.301663e+003,6.406492e+000
2.302145e+003,6.397693e+000
2.302627e+003,6.389482e+000
2.303109e+003,6.381831e+000
2.303591e+003,6.374673e+000
2.304073e+003,6.367918e+000
2.304555e+003,6.361473e+000
2.305038e+003,6.355225e+000
2.305520e+003,6.349045e+000
2.306002e+003,6.342754e+000
2.306484e+003,6.336142e+000
2.306966e+003,6.328987e+000
2.307448e+003,6.321112e+000
2.307930e+003,6.312431e+000
2.308412e+003,6.302996e+000
2.308895e+003,6.292994e+000
2.309377e+003,6.282716e+000
2.309859e+003,6.272481e+000
2.310341e+003,6.262566e+000
2.310823e+003,6.253146e+000
2.311305e+003,6.244264e+000
2.311787e+003,6.235847e+000
2.312269e+003,6.227747e+000
2.312751e+003,6.219770e+000
2.313234e+003,6.211722e+000
2.313716e+003,6.203426e+000
2.314198e+003,6.194717e+000
2.314680e+003,6.185470e+000
2.315162e+003,6.175591e+000
2.315644e+003,6.165060e+000
2.316126e+003,6.153936e+000
2.316608e+003,6.142370e+000
2.317091e+003,6.130595e+000
2.317573e+003,6.118872e+000
2.318055e+003,6.107469e+000
2.318537e+003,6.096598e+000
2.319019e+003,6.086411e+000
2.319501e+003,6.076991e+000
2.319983e+003,6.068367e+000
2.320466e+003,6.060541e+000
2.320948e+003,6.053477e+000
2.321430e+003,6.047089e+000
2.321912e+003,6.041213e+000
2.322394e+003,6.035572e+000
2.322876e+003,6.029811e+000
2.323358e+003,6.023519e+000
2.323840e+003,6.016322e+000
2.324323e+003,6.007962e+000
2.324805e+003,5.998390e+000
2.325287e+003,5.987782e+000
2.325769e+003,5.976550e+000
2.326251e+003,5.965280e+000
2.326733e+003,5.954665e+000
2.327215e+003,5.945383e+000
2.327697e+003,5.937983e+000
2.328179e+003,5.932762e+000
2.328662e+003,5.929677e+000
2.329144e+003,5.928304e+000
2.329626e+003,5.927887e+000
2.330108e+003,5.927479e+000
2.330590e+003,5.926112e+000
2.331072e+003,5.923023e+000
2.331554e+003,5.917803e+000
2.332036e+003,5.910459e+000
2.332519e+003,5.901357e+000
2.333001e+003,5.891101e+000
2.333483e+003,5.880390e+000
2.333965e+003,5.869876e+000
2.334447e+003,5.860110e+000
2.334929e+003,5.851494e+000
2.335411e+003,5.844299e+000
2.335894e+003,5.838654e+000
2.336375e+003,5.834550e+000
2.336858e+003,5.831792e+000
2.337340e+003,5.830051e+000
2.337822e+003,5.828867e+000
2.338304e+003,5.827765e+000
2.338786e+003,5.826357e+000
2.339268e+003,5.824450e+000
2.339750e+003,5.822094e+000
2.340233e+003,5.819587e+000
2.340715e+003,5.817399e+000
2.341197e+003,5.816094e+000
2.341679e+003,5.816243e+000
2.342161e+003,5.818392e+000
2.342643e+003,5.823008e+000
2.343125e+003,5.830449e+000
2.343607e+003,5.840830e+000
2.344090e+003,5.853860e+000
2.344572e+003,5.868688e+000
2.345054e+003,5.883903e+000
2.345536e+003,5.897734e+000
2.346018e+003,5.908419e+000
2.346500e+003,5.914572e+000
2.346982e+003,5.915421e+000
2.347464e+003,5.910817e+000
2.347947e+003,5.901145e+000
2.348429e+003,5.887128e+000
2.348911e+003,5.869689e+000
2.349393e+003,5.849822e+000
2.349875e+003,5.828525e+000
2.350357e+003,5.806723e+000
2.350839e+003,5.785216e+000
2.351322e+003,5.764615e+000
2.351803e+003,5.745289e+000
2.352286e+003,5.727355e+000
2.352768e+003,5.710762e+000
2.353250e+003,5.695394e+000
2.353732e+003,5.681228e+000
2.354214e+003,5.668383e+000
2.354696e+003,5.657105e+000
2.355178e+003,5.647596e+000
2.355661e+003,5.639854e+000
2.356143e+003,5.633563e+000
2.356625e+003,5.628138e+000
2.357107e+003,5.622916e+000
2.357589e+003,5.617451e+000
2.358071e+003,5.611730e+000
2.358553e+003,5.606253e+000
2.359035e+003,5.601868e+000
2.359518e+003,5.599507e+000
2.360000e+003,5.599803e+000
2.360482e+003,5.602885e+000
2.360964e+003,5.608342e+000
2.361446e+003,5.615361e+000
2.361928e+003,5.623018e+000
2.362410e+003,5.630553e+000
2.362892e+003,5.637510e+000
2.363375e+003,5.643794e+000
2.363857e+003,5.649569e+000
2.364339e+003,5.655158e+000
2.364821e+003,5.660867e+000
2.365303e+003,5.666969e+000
2.365785e+003,5.673653e+000
2.366267e+003,5.681071e+000
2.366750e+003,5.689346e+000
2.367232e+003,5.698610e+000
2.367714e+003,5.708961e+000
2.368196e+003,5.720486e+000
2.368678e+003,5.733188e+000
2.369160e+003,5.746999e+000
2.369642e+003,5.761719e+000
2.370124e+003,5.777035e+000
2.370606e+003,5.792498e+000
2.371089e+003,5.807578e+000
2.371571e+003,5.821733e+000
2.372053e+003,5.834496e+000
2.372535e+003,5.845575e+000
2.373017e+003,5.854926e+000
2.373499e+003,5.862749e+000
2.373981e+003,5.869449e+000
2.374463e+003,5.875526e+000
2.374946e+003,5.881450e+000
2.375428e+003,5.887551e+000
2.375910e+003,5.893959e+000
2.376392e+003,5.900601e+000
2.376874e+003,5.907257e+000
2.377356e+003,5.913633e+000
2.377838e+003,5.919466e+000
2.378321e+003,5.924567e+000
2.378802e+003,5.928864e+000
2.379285e+003,5.932382e+000
2.379767e+003,5.935217e+000
2.380249e+003,5.937504e+000
2.380731e+003,5.939377e+000
2.381213e+003,5.940944e+000
2.381695e+003,5.942280e+000
2.382177e+003,5.943419e+000
2.382660e+003,5.944360e+000
2.383142e+003,5.945069e+000
2.383624e+003,5.945494e+000
2.384106e+003,5.945578e+000
2.384588e+003,5.945277e+000
2.385070e+003,5.944583e+000
2.385552e+003,5.943536e+000
2.386034e+003,5.942220e+000
2.386517e+003,5.940766e+000
2.386999e+003,5.939327e+000
2.387481e+003,5.938052e+000
2.387963e+003,5.937054e+000
2.388445e+003,5.936400e+000
2.388927e+003,5.936084e+000
2.389409e+003,5.936041e+000
2.389891e+003,5.936154e+000
2.390374e+003,5.936281e+000
2.390856e+003,5.936286e+000
2.391338e+003,5.936074e+000
2.391820e+003,5.935610e+000
2.392302e+003,5.934927e+000
2.392784e+003,5.934114e+000
2.393266e+003,5.933292e+000
2.393749e+003,5.932569e+000
2.394230e+003,5.932012e+000
2.394713e+003,5.931614e+000
2.395195e+003,5.931315e+000
2.395677e+003,5.931004e+000
2.396159e+003,5.930581e+000
2.396641e+003,5.929981e+000
2.397123e+003,5.929216e+000
2.397605e+003,5.928362e+000
2.398088e+003,5.927547e+000
2.398570e+003,5.926895e+000
2.399052e+003,5.926494e+000
2.399534e+003,5.926351e+000
2.400016e+003,5.926389e+000
2.400498e+003,5.926461e+000
2.400980e+003,5.926393e+000
2.401462e+003,5.926029e+000
2.401945e+003,5.925277e+000
2.402427e+003,5.924127e+000
2.402909e+003,5.922656e+000
2.403391e+003,5.921002e+000
2.403873e+003,5.919325e+000
2.404355e+003,5.917758e+000
2.404837e+003,5.916368e+000
2.405319e+003,5.915134e+000
2.405802e+003,5.913974e+000
2.406284e+003,5.912759e+000
2.406766e+003,5.911390e+000
2.407248e+003,5.909832e+000
2.407730e+003,5.908162e+000
2.408212e+003,5.906544e+000
2.408694e+003,5.905206e+000
2.409177e+003,5.904346e+000
2.409658e+003,5.904065e+000
2.410141e+003,5.904302e+000
2.410623e+003,5.904834e+000
2.411105e+003,5.905311e+000
2.411587e+003,5.905346e+000
2.412069e+003,5.904623e+000
2.412551e+003,5.902984e+000
2.413033e+003,5.900473e+000
2.413516e+003,5.897324e+000
2.413998e+003,5.893897e+000
2.414480e+003,5.890587e+000
2.414962e+003,5.887722e+000
2.415444e+003,5.885503e+000
2.415926e+003,5.883965e+000
2.416408e+003,5.882995e+000
2.416890e+003,5.882374e+000
2.417373e+003,5.881836e+000
2.417855e+003,5.881123e+000
2.418337e+003,5.880033e+000
2.418819e+003,5.878446e+000
2.419301e+003,5.876331e+000
2.419783e+003,5.873742e+000
2.420265e+003,5.870805e+000
2.420747e+003,5.867695e+000
2.421229e+003,5.864606e+000
2.421712e+003,5.861730e+000
2.422194e+003,5.859234e+000
2.422676e+003,5.857244e+000
2.423158e+003,5.855829e+000
2.423640e+003,5.855003e+000
2.424122e+003,5.854726e+000
2.424604e+003,5.854898e+000
2.425086e+003,5.855377e+000
2.425569e+003,5.855978e+000
2.426051e+003,5.856496e+000
2.426533e+003,5.856716e+000
2.427015e+003,5.856448e+000
2.427497e+003,5.855537e+000
2.427979e+003,5.853885e+000
2.428461e+003,5.851460e+000
2.428944e+003,5.848296e+000
2.429426e+003,5.844481e+000
2.429908e+003,5.840153e+000
2.430390e+003,5.835475e+000
2.430872e+003,5.830631e+000
2.431354e+003,5.825806e+000
2.431836e+003,5.821177e+000
2.432318e+003,5.816894e+000
2.432801e+003,5.813071e+000
2.433283e+003,5.809771e+000
2.433765e+003,5.807003e+000
2.434247e+003,5.804721e+000
2.434729e+003,5.802833e+000
2.435211e+003,5.801213e+000
2.435693e+003,5.799706e+000
2.436175e+003,5.798150e+000
2.436657e+003,5.796379e+000
2.437140e+003,5.794238e+000
2.437622e+003,5.791607e+000
2.438104e+003,5.788408e+000
2.438586e+003,5.784638e+000
2.439068e+003,5.780371e+000
2.439550e+003,5.775758e+000
2.440032e+003,5.771015e+000
2.440514e+003,5.766380e+000
2.440997e+003,5.762083e+000
2.441479e+003,5.758304e+000
2.441961e+003,5.755136e+000
2.442443e+003,5.752583e+000
2.442925e+003,5.750562e+000
2.443407e+003,5.748923e+000
2.443889e+003,5.747483e+000
2.444372e+003,5.746054e+000
2.444854e+003,5.744475e+000
2.445336e+003,5.742632e+000
2.445818e+003,5.740455e+000
2.446300e+003,5.737925e+000
2.446782e+003,5.735047e+000
2.447264e+003,5.731848e+000
2.447746e+003,5.728346e+000
2.448229e+003,5.724564e+000
2.448711e+003,5.720523e+000
2.449193e+003,5.716272e+000
2.449675e+003,5.711887e+000
2.450157e+003,5.707489e+000
2.450639e+003,5.703215e+000
2.451121e+003,5.699194e+000
2.451604e+003,5.695498e+000
2.452085e+003,5.692100e+000
2.452568e+003,5.688875e+000
2.453050e+003,5.685605e+000
2.453532e+003,5.682048e+000
2.454014e+003,5.677998e+000
2.454496e+003,5.673350e+000
2.454978e+003,5.668135e+000
2.455460e+003,5.662505e+000
2.455943e+003,5.656685e+000
2.456425e+003,5.650904e+000
2.456907e+003,5.645322e+000
2.457389e+003,5.640005e+000
2.457871e+003,5.634915e+000
2.458353e+003,5.629960e+000
2.458835e+003,5.625049e+000
2.459317e+003,5.620139e+000
2.459800e+003,5.615270e+000
2.460282e+003,5.610542e+000
2.460764e+003,5.606099e+000
2.461246e+003,5.602056e+000
2.461728e+003,5.598473e+000
2.462210e+003,5.595320e+000
2.462692e+003,5.592487e+000
2.463174e+003,5.589806e+000
2.463656e+003,5.587091e+000
2.464139e+003,5.584170e+000
2.464621e+003,5.580937e+000
2.465103e+003,5.577340e+000
2.465585e+003,5.573405e+000
2.466067e+003,5.569197e+000
2.466549e+003,5.564813e+000
2.467031e+003,5.560336e+000
2.467513e+003,5.555826e+000
2.467996e+003,5.551293e+000
2.468478e+003,5.546710e+000
2.468960e+003,5.542021e+000
2.469442e+003,5.537172e+000
2.469924e+003,5.532128e+000
2.470406e+003,5.526895e+000
2.470888e+003,5.521527e+000
2.471371e+003,5.516114e+000
2.471853e+003,5.510765e+000
2.472335e+003,5.505588e+000
2.472817e+003,5.500668e+000
2.473299e+003,5.496053e+000
2.473781e+003,5.491754e+000
2.474263e+003,5.487739e+000
2.474745e+003,5.483937e+000
2.475228e+003,5.480244e+000
2.475710e+003,5.476526e+000
2.476192e+003,5.472634e+000
2.476674e+003,5.468421e+000
2.477156e+003,5.463773e+000
2.477638e+003,5.458638e+000
2.478120e+003,5.453054e+000
2.478602e+003,5.447154e+000
2.479084e+003,5.441151e+000
2.479567e+003,5.435323e+000
2.480049e+003,5.429946e+000
2.480531e+003,5.425250e+000
2.481013e+003,5.421372e+000
2.481495e+003,5.418322e+000
2.481977e+003,5.415987e+000
2.482459e+003,5.414144e+000
2.482941e+003,5.412510e+000
2.483424e+003,5.410795e+000
2.483906e+003,5.408746e+000
2.484388e+003,5.406200e+000
2.484870e+003,5.403089e+000
2.485352e+003,5.399436e+000
2.485834e+003,5.395329e+000
2.486316e+003,5.390885e+000
2.486799e+003,5.386205e+000
2.487281e+003,5.381357e+000
2.487763e+003,5.376363e+000
2.488245e+003,5.371200e+000
2.488727e+003,5.365838e+000
2.489209e+003,5.360244e+000
2.489691e+003,5.354421e+000
2.490173e+003,5.348399e+000
2.490656e+003,5.342250e+000
2.491138e+003,5.336072e+000
2.491620e+003,5.329982e+000
2.492102e+003,5.324104e+000
2.492584e+003,5.318556e+000
2.493066e+003,5.313435e+000
2.493548e+003,5.308805e+000
2.494030e+003,5.304678e+000
2.494512e+003,5.301012e+000
2.494995e+003,5.297711e+000
2.495477e+003,5.294637e+000
2.495959e+003,5.291640e+000
2.496441e+003,5.288586e+000
2.496923e+003,5.285377e+000
2.497405e+003,5.281967e+000
2.497887e+003,5.278354e+000
2.498370e+003,5.274572e+000
2.498852e+003,5.270670e+000
2.499334e+003,5.266693e+000
2.499816e+003,5.262678e+000
2.500298e+003,5.258665e+000
2.500780e+003,5.254680e+000
2.501262e+003,5.250760e+000
2.501744e+003,5.246938e+000
2.502227e+003,5.243241e+000
2.502709e+003,5.239680e+000
2.503191e+003,5.236255e+000
2.503673e+003,5.232944e+000
2.504155e+003,5.229724e+000
2.504637e+003,5.226558e+000
2.505119e+003,5.223412e+000
2.505601e+003,5.220244e+000
2.506083e+003,5.217001e+000
2.506566e+003,5.213609e+000
2.507048e+003,5.209985e+000
2.507530e+003,5.206039e+000
2.508012e+003,5.201711e+000
2.508494e+003,5.196976e+000
2.508976e+003,5.191866e+000
2.509458e+003,5.186468e+000
2.509940e+003,5.180913e+000
2.510423e+003,5.175353e+000
2.510905e+003,5.169938e+000
2.511387e+003,5.164804e+000
2.511869e+003,5.160063e+000
2.512351e+003,5.155787e+000
2.512833e+003,5.152022e+000
2.513315e+003,5.148772e+000
2.513798e+003,5.145999e+000
2.514280e+003,5.143619e+000
2.514762e+003,5.141503e+000
2.515244e+003,5.139503e+000
2.515726e+003,5.137456e+000
2.516208e+003,5.135220e+000
2.516690e+003,5.132695e+000
2.517172e+003,5.129837e+000
2.517655e+003,5.126666e+000
2.518137e+003,5.123259e+000
2.518619e+003,5.119747e+000
2.519101e+003,5.116282e+000
2.519583e+003,5.113024e+000
2.520065e+003,5.110103e+000
2.520547e+003,5.107592e+000
2.521029e+003,5.105474e+000
2.521511e+003,5.103632e+000
2.521994e+003,5.101856e+000
2.522476e+003,5.099881e+000
2.522958e+003,5.097441e+000
2.523440e+003,5.094335e+000
2.523922e+003,5.090476e+000
2.524404e+003,5.085934e+000
2.524886e+003,5.080905e+000
2.525368e+003,5.075689e+000
2.525851e+003,5.070616e+000
2.526333e+003,5.065989e+000
2.526815e+003,5.062031e+000
2.527297e+003,5.058870e+000
2.527779e+003,5.056530e+000
2.528261e+003,5.054955e+000
2.528743e+003,5.054024e+000
2.529226e+003,5.053560e+000
2.529708e+003,5.053355e+000
2.530190e+003,5.053181e+000
2.530672e+003,5.052804e+000
2.531154e+003,5.052027e+000
2.531636e+003,5.050709e+000
2.532118e+003,5.048802e+000
2.532600e+003,5.046362e+000
2.533083e+003,5.043536e+000
2.533565e+003,5.040531e+000
2.534047e+003,5.037573e+000
2.534529e+003,5.034853e+000
2.535011e+003,5.032498e+000
2.535493e+003,5.030545e+000
2.535975e+003,5.028953e+000
2.536457e+003,5.027615e+000
2.536939e+003,5.026389e+000
2.537422e+003,5.025134e+000
2.537904e+003,5.023734e+000
2.538386e+003,5.022121e+000
2.538868e+003,5.020290e+000
2.539350e+003,5.018288e+000
2.539832e+003,5.016209e+000
2.540314e+003,5.014153e+000
2.540796e+003,5.012206e+000
2.541279e+003,5.010409e+000
2.541761e+003,5.008735e+000
2.542243e+003,5.007101e+000
2.542725e+003,5.005389e+000
2.543207e+003,5.003484e+000
2.543689e+003,5.001320e+000
2.544171e+003,4.998908e+000
2.544654e+003,4.996352e+000
2.545135e+003,4.993830e+000
2.545618e+003,4.991551e+000
2.546100e+003,4.989708e+000
2.546582e+003,4.988412e+000
2.547064e+003,4.987667e+000
2.547546e+003,4.987354e+000
2.548028e+003,4.987265e+000
2.548510e+003,4.987142e+000
2.548993e+003,4.986750e+000
2.549475e+003,4.985928e+000
2.549957e+003,4.984633e+000
2.550439e+003,4.982944e+000
2.550921e+003,4.981033e+000
2.551403e+003,4.979123e+000
2.551885e+003,4.977424e+000
2.552367e+003,4.976088e+000
2.552850e+003,4.975177e+000
2.553332e+003,4.974668e+000
2.553814e+003,4.974465e+000
2.554296e+003,4.974436e+000
2.554778e+003,4.974442e+000
2.555260e+003,4.974357e+000
2.555742e+003,4.974070e+000
2.556224e+003,4.973503e+000
2.556707e+003,4.972593e+000
2.557189e+003,4.971305e+000
2.557671e+003,4.969635e+000
2.558153e+003,4.967619e+000
2.558635e+003,4.965326e+000
2.559117e+003,4.962856e+000
2.559599e+003,4.960315e+000
2.560082e+003,4.957798e+000
2.560563e+003,4.955384e+000
2.561046e+003,4.953119e+000
2.561528e+003,4.951045e+000
2.562010e+003,4.949201e+000
2.562492e+003,4.947643e+000
2.562974e+003,4.946430e+000
2.563456e+003,4.945599e+000
2.563938e+003,4.945146e+000
2.564421e+003,4.944984e+000
2.564903e+003,4.944952e+000
2.565385e+003,4.944826e+000
2.565867e+003,4.944373e+000
2.566349e+003,4.943399e+000
2.566831e+003,4.941810e+000
2.567313e+003,4.939641e+000
2.567795e+003,4.937050e+000
2.568278e+003,4.934285e+000
2.568760e+003,4.931634e+000
2.569242e+003,4.929360e+000
2.569724e+003,4.927648e+000
2.570206e+003,4.926574e+000
2.570688e+003,4.926099e+000
2.571170e+003,4.926085e+000
2.571652e+003,4.926337e+000
2.572135e+003,4.926652e+000
2.572617e+003,4.926864e+000
2.573099e+003,4.926881e+000
2.573581e+003,4.926702e+000
2.574063e+003,4.926405e+000
2.574545e+003,4.926117e+000
2.575027e+003,4.925963e+000
2.575510e+003,4.926031e+000
2.575991e+003,4.926336e+000
2.576474e+003,4.926819e+000
2.576956e+003,4.927353e+000
2.577438e+003,4.927786e+000
2.577920e+003,4.927956e+000
2.578402e+003,4.927732e+000
2.578884e+003,4.927025e+000
2.579366e+003,4.925792e+000
2.579849e+003,4.924043e+000
2.580331e+003,4.921843e+000
2.580813e+003,4.919313e+000
2.581295e+003,4.916621e+000
2.581777e+003,4.913975e+000
2.582259e+003,4.911586e+000
2.582741e+003,4.909630e+000
2.583223e+003,4.908210e+000
2.583706e+003,4.907323e+000
2.584188e+003,4.906875e+000
2.584670e+003,4.906706e+000
2.585152e+003,4.906640e+000
2.585634e+003,4.906535e+000
2.586116e+003,4.906322e+000
2.586598e+003,4.905985e+000
2.587080e+003,4.905557e+000
2.587563e+003,4.905061e+000
2.588045e+003,4.904493e+000
2.588527e+003,4.903803e+000
2.589009e+003,4.902936e+000
2.589491e+003,4.901865e+000
2.589973e+003,4.900640e+000
2.590455e+003,4.899406e+000
2.590938e+003,4.898396e+000
2.591419e+003,4.897860e+000
2.591902e+003,4.898007e+000
2.592384e+003,4.898927e+000
2.592866e+003,4.900544e+000
2.593348e+003,4.902621e+000
2.593830e+003,4.904802e+000
2.594312e+003,4.906688e+000
2.594794e+003,4.907924e+000
2.595277e+003,4.908277e+000
2.595759e+003,4.907674e+000
2.596241e+003,4.906214e+000
2.596723e+003,4.904124e+000
2.597205e+003,4.901708e+000
2.597687e+003,4.899264e+000
2.598169e+003,4.897026e+000
2.598651e+003,4.895125e+000
2.599134e+003,4.893576e+000
2.599616e+003,4.892309e+000
2.600098e+003,4.891198e+000
2.600580e+003,4.890120e+000
2.601062e+003,4.888977e+000
2.601544e+003,4.887718e+000
2.602026e+003,4.886326e+000
2.602508e+003,4.884798e+000
2.602990e+003,4.883127e+000
2.603473e+003,4.881291e+000
2.603955e+003,4.879255e+000
2.604437e+003,4.876999e+000
2.604919e+003,4.874528e+000
2.605401e+003,4.871899e+000
2.605883e+003,4.869199e+000
2.606365e+003,4.866552e+000
2.606847e+003,4.864078e+000
2.607330e+003,4.861881e+000
2.607812e+003,4.860037e+000
2.608294e+003,4.858584e+000
2.608776e+003,4.857528e+000
2.609258e+003,4.856846e+000
2.609740e+003,4.856469e+000
2.610222e+003,4.856285e+000
2.610705e+003,4.856121e+000
2.611187e+003,4.855773e+000
2.611669e+003,4.855027e+000
2.612151e+003,4.853707e+000
2.612633e+003,4.851738e+000
2.613115e+003,4.849169e+000
2.613597e+003,4.846172e+000
2.614079e+003,4.843019e+000
2.614562e+003,4.840005e+000
2.615044e+003,4.837381e+000
2.615526e+003,4.835290e+000
2.616008e+003,4.833740e+000
2.616490e+003,4.832606e+000
2.616972e+003,4.831675e+000
2.617454e+003,4.830697e+000
2.617936e+003,4.829445e+000
2.618418e+003,4.827761e+000
2.618901e+003,4.825564e+000
2.619383e+003,4.822869e+000
2.619865e+003,4.819764e+000
2.620347e+003,4.816381e+000
2.620829e+003,4.812880e+000
2.621311e+003,4.809403e+000
2.621793e+003,4.806057e+000
2.622276e+003,4.802894e+000
2.622758e+003,4.799901e+000
2.623240e+003,4.797017e+000
2.623722e+003,4.794152e+000
2.624204e+003,4.791227e+000
2.624686e+003,4.788199e+000
2.625168e+003,4.785091e+000
2.625650e+003,4.781991e+000
2.626133e+003,4.779029e+000
2.626615e+003,4.776348e+000
2.627097e+003,4.774059e+000
2.627579e+003,4.772204e+000
2.628061e+003,4.770739e+000
2.628543e+003,4.769532e+000
2.629025e+003,4.768393e+000
2.629507e+003,4.767113e+000
2.629990e+003,4.765509e+000
2.630472e+003,4.763469e+000
2.630954e+003,4.760975e+000
2.631436e+003,4.758105e+000
2.631918e+003,4.755012e+000
2.632400e+003,4.751876e+000
2.632882e+003,4.748857e+000
2.633364e+003,4.746042e+000
2.633846e+003,4.743428e+000
2.634329e+003,4.740924e+000
2.634811e+003,4.738379e+000
2.635293e+003,4.735642e+000
2.635775e+003,4.732616e+000
2.636257e+003,4.729285e+000
2.636739e+003,4.725726e+000
2.637221e+003,4.722079e+000
2.637704e+003,4.718497e+000
2.638186e+003,4.715087e+000
2.638668e+003,4.711868e+000
2.639150e+003,4.708766e+000
2.639632e+003,4.705630e+000
2.640114e+003,4.702288e+000
2.640596e+003,4.698605e+000
2.641078e+003,4.694528e+000
2.641561e+003,4.690114e+000
2.642043e+003,4.685513e+000
2.642525e+003,4.680926e+000
2.643007e+003,4.676555e+000
2.643489e+003,4.672552e+000
2.643971e+003,4.668988e+000
2.644453e+003,4.665838e+000
2.644935e+003,4.663022e+000
2.645417e+003,4.660422e+000
2.645900e+003,4.657936e+000
2.646382e+003,4.655493e+000
2.646864e+003,4.653063e+000
2.647346e+003,4.650643e+000
2.647828e+003,4.648227e+000
2.648310e+003,4.645783e+000
2.648792e+003,4.643249e+000
2.649274e+003,4.640531e+000
2.649757e+003,4.637548e+000
2.650239e+003,4.634250e+000
2.650721e+003,4.630660e+000
2.651203e+003,4.626865e+000
2.651685e+003,4.623008e+000
2.652167e+003,4.619241e+000
2.652649e+003,4.615681e+000
2.653132e+003,4.612374e+000
2.653614e+003,4.609291e+000
2.654096e+003,4.606335e+000
2.654578e+003,4.603377e+000
2.655060e+003,4.600295e+000
2.655542e+003,4.597006e+000
2.656024e+003,4.593467e+000
2.656506e+003,4.589678e+000
2.656989e+003,4.585659e+000
2.657471e+003,4.581428e+000
2.657953e+003,4.577007e+000
2.658435e+003,4.572409e+000
2.658917e+003,4.567662e+000
2.659399e+003,4.562819e+000
2.659881e+003,4.557961e+000
2.660363e+003,4.553195e+000
2.660845e+003,4.548631e+000
2.661328e+003,4.544366e+000
2.661810e+003,4.540470e+000
2.662292e+003,4.536962e+000
2.662774e+003,4.533810e+000
2.663256e+003,4.530943e+000
2.663738e+003,4.528249e+000
2.664220e+003,4.525586e+000
2.664702e+003,4.522806e+000
2.665185e+003,4.519768e+000
2.665667e+003,4.516364e+000
2.666149e+003,4.512526e+000
2.666631e+003,4.508247e+000
2.667113e+003,4.503585e+000
2.667595e+003,4.498640e+000
2.668077e+003,4.493556e+000
2.668560e+003,4.488483e+000
2.669042e+003,4.483569e+000
2.669524e+003,4.478934e+000
2.670006e+003,4.474667e+000
2.670488e+003,4.470816e+000
2.670970e+003,4.467379e+000
2.671452e+003,4.464306e+000
2.671934e+003,4.461511e+000
2.672417e+003,4.458867e+000
2.672899e+003,4.456238e+000
2.673381e+003,4.453500e+000
2.673863e+003,4.450551e+000
2.674345e+003,4.447338e+000
2.674827e+003,4.443851e+000
2.675309e+003,4.440110e+000
2.675791e+003,4.436151e+000
2.676273e+003,4.432012e+000
2.676756e+003,4.427730e+000
2.677238e+003,4.423339e+000
2.677720e+003,4.418889e+000
2.678202e+003,4.414442e+000
2.678684e+003,4.410078e+000
2.679166e+003,4.405879e+000
2.679648e+003,4.401903e+000
2.680130e+003,4.398180e+000
2.680613e+003,4.394691e+000
2.681095e+003,4.391376e+000
2.681577e+003,4.388158e+000
2.682059e+003,4.384962e+000
2.682541e+003,4.381727e+000
2.683023e+003,4.378418e+000
2.683505e+003,4.375024e+000
2.683988e+003,4.371552e+000
2.684469e+003,4.368017e+000
2.684952e+003,4.364447e+000
2.685434e+003,4.360877e+000
2.685916e+003,4.357348e+000
2.686398e+003,4.353905e+000
2.686880e+003,4.350577e+000
2.687362e+003,4.347372e+000
2.687844e+003,4.344270e+000
2.688327e+003,4.341228e+000
2.688809e+003,4.338204e+000
2.689291e+003,4.335184e+000
2.689773e+003,4.332195e+000
2.690255e+003,4.329304e+000
2.690737e+003,4.326603e+000
2.691219e+003,4.324167e+000
2.691701e+003,4.322016e+000
2.692184e+003,4.320098e+000
2.692666e+003,4.318299e+000
2.693148e+003,4.316464e+000
2.693630e+003,4.314450e+000
2.694112e+003,4.312157e+000
2.694594e+003,4.309547e+000
2.695076e+003,4.306651e+000
2.695558e+003,4.303530e+000
2.696041e+003,4.300258e+000
2.696523e+003,4.296902e+000
2.697005e+003,4.293514e+000
2.697487e+003,4.290139e+000
2.697969e+003,4.286825e+000
2.698451e+003,4.283624e+000
2.698933e+003,4.280587e+000
2.699416e+003,4.277740e+000
2.699897e+003,4.275068e+000
2.700380e+003,4.272515e+000
2.700862e+003,4.269983e+000
2.701344e+003,4.267359e+000
2.701826e+003,4.264551e+000
2.702308e+003,4.261496e+000
2.702790e+003,4.258187e+000
2.703272e+003,4.254647e+000
2.703755e+003,4.250935e+000
2.704237e+003,4.247115e+000
2.704719e+003,4.243260e+000
2.705201e+003,4.239443e+000
2.705683e+003,4.235741e+000
2.706165e+003,4.232223e+000
2.706647e+003,4.228943e+000
2.707129e+003,4.225909e+000
2.707612e+003,4.223077e+000
2.708094e+003,4.220340e+000
2.708576e+003,4.217547e+000
2.709058e+003,4.214540e+000
2.709540e+003,4.211200e+000
2.710022e+003,4.207490e+000
2.710504e+003,4.203472e+000
2.710986e+003,4.199296e+000
2.711469e+003,4.195166e+000
2.711951e+003,4.191288e+000
2.712433e+003,4.187830e+000
2.712915e+003,4.184877e+000
2.713397e+003,4.182443e+000
2.713879e+003,4.180471e+000
2.714361e+003,4.178881e+000
2.714844e+003,4.177595e+000
2.715325e+003,4.176565e+000
2.715808e+003,4.175771e+000
2.716290e+003,4.175213e+000
2.716772e+003,4.174874e+000
2.717254e+003,4.174698e+000
2.717736e+003,4.174565e+000
2.718218e+003,4.174296e+000
2.718700e+003,4.173676e+000
2.719183e+003,4.172496e+000
2.719665e+003,4.170600e+000
2.720147e+003,4.167928e+000
2.720629e+003,4.164533e+000
2.721111e+003,4.160581e+000
2.721593e+003,4.156312e+000
2.722075e+003,4.152008e+000
2.722557e+003,4.147933e+000
2.723040e+003,4.144310e+000
2.723522e+003,4.141287e+000
2.724004e+003,4.138933e+000
2.724486e+003,4.137243e+000
2.724968e+003,4.136141e+000
2.725450e+003,4.135489e+000
2.725932e+003,4.135105e+000
2.726414e+003,4.134774e+000
2.726896e+003,4.134285e+000
2.727379e+003,4.133465e+000
2.727861e+003,4.132223e+000
2.728343e+003,4.130566e+000
2.728825e+003,4.128606e+000
2.729307e+003,4.126534e+000
2.729789e+003,4.124562e+000
2.730271e+003,4.122864e+000
2.730753e+003,4.121529e+000
2.731236e+003,4.120535e+000
2.731718e+003,4.119756e+000
2.732200e+003,4.119003e+000
2.732682e+003,4.118064e+000
2.733164e+003,4.116771e+000
2.733646e+003,4.115020e+000
2.734128e+003,4.112789e+000
2.734611e+003,4.110131e+000
2.735093e+003,4.107142e+000
2.735575e+003,4.103951e+000
2.736057e+003,4.100681e+000
2.736539e+003,4.097452e+000
2.737021e+003,4.094358e+000
2.737503e+003,4.091475e+000
2.737985e+003,4.088863e+000
2.738468e+003,4.086562e+000
2.738950e+003,4.084601e+000
2.739432e+003,4.083001e+000
2.739914e+003,4.081763e+000
2.740396e+003,4.080869e+000
2.740878e+003,4.080273e+000
2.741360e+003,4.079890e+000
2.741842e+003,4.079608e+000
2.742324e+003,4.079291e+000
2.742807e+003,4.078813e+000
2.743289e+003,4.078091e+000
2.743771e+003,4.077106e+000
2.744253e+003,4.075921e+000
2.744735e+003,4.074659e+000
2.745217e+003,4.073478e+000
2.745699e+003,4.072509e+000
2.746182e+003,4.071819e+000
2.746664e+003,4.071377e+000
2.747146e+003,4.071053e+000
2.747628e+003,4.070649e+000
2.748110e+003,4.069950e+000
2.748592e+003,4.068779e+000
2.749074e+003,4.067047e+000
2.749556e+003,4.064770e+000
2.750039e+003,4.062074e+000
2.750521e+003,4.059155e+000
2.751003e+003,4.056249e+000
2.751485e+003,4.053562e+000
2.751967e+003,4.051249e+000
2.752449e+003,4.049368e+000
2.752931e+003,4.047889e+000
2.753413e+003,4.046690e+000
2.753896e+003,4.045607e+000
2.754378e+003,4.044448e+000
2.754860e+003,4.043055e+000
2.755342e+003,4.041327e+000
2.755824e+003,4.039246e+000
2.756306e+003,4.036875e+000
2.756788e+003,4.034355e+000
2.757270e+003,4.031873e+000
2.757752e+003,4.029627e+000
2.758235e+003,4.027786e+000
2.758717e+003,4.026452e+000
2.759199e+003,4.025631e+000
2.759681e+003,4.025234e+000
2.760163e+003,4.025078e+000
2.760645e+003,4.024932e+000
2.761127e+003,4.024557e+000
2.761610e+003,4.023767e+000
2.762092e+003,4.022477e+000
2.762574e+003,4.020714e+000
2.763056e+003,4.018619e+000
2.763538e+003,4.016400e+000
2.764020e+003,4.014278e+000
2.764502e+003,4.012429e+000
2.764984e+003,4.010935e+000
2.765467e+003,4.009792e+000
2.765949e+003,4.008907e+000
2.766431e+003,4.008145e+000
2.766913e+003,4.007374e+000
2.767395e+003,4.006487e+000
2.767877e+003,4.005421e+000
2.768359e+003,4.004153e+000
2.768841e+003,4.002685e+000
2.769323e+003,4.001040e+000
2.769806e+003,3.999260e+000
2.770288e+003,3.997408e+000
2.770770e+003,3.995571e+000
2.771252e+003,3.993851e+000
2.771734e+003,3.992344e+000
2.772216e+003,3.991112e+000
2.772698e+003,3.990151e+000
2.773180e+003,3.989388e+000
2.773663e+003,3.988688e+000
2.774145e+003,3.987892e+000
2.774627e+003,3.986857e+000
2.775109e+003,3.985507e+000
2.775591e+003,3.983838e+000
2.776073e+003,3.981921e+000
2.776555e+003,3.979872e+000
2.777038e+003,3.977817e+000
2.777520e+003,3.975858e+000
2.778002e+003,3.974053e+000
2.778484e+003,3.972413e+000
2.778966e+003,3.970919e+000
2.779448e+003,3.969525e+000
2.779930e+003,3.968181e+000
2.780412e+003,3.966839e+000
2.780895e+003,3.965453e+000
2.781377e+003,3.963983e+000
2.781859e+003,3.962395e+000
2.782341e+003,3.960668e+000
2.782823e+003,3.958798e+000
2.783305e+003,3.956793e+000
2.783787e+003,3.954688e+000
2.784269e+003,3.952530e+000
2.784751e+003,3.950385e+000
2.785234e+003,3.948324e+000
2.785716e+003,3.946429e+000
2.786198e+003,3.944768e+000
2.786680e+003,3.943382e+000
2.787162e+003,3.942262e+000
2.787644e+003,3.941336e+000
2.788126e+003,3.940471e+000
2.788608e+003,3.939489e+000
2.789091e+003,3.938206e+000
2.789573e+003,3.936486e+000
2.790055e+003,3.934281e+000
2.790537e+003,3.931656e+000
2.791019e+003,3.928773e+000
2.791501e+003,3.925863e+000
2.791983e+003,3.923162e+000
2.792466e+003,3.920856e+000
2.792948e+003,3.919047e+000
2.793430e+003,3.917740e+000
2.793912e+003,3.916858e+000
2.794394e+003,3.916279e+000
2.794876e+003,3.915864e+000
2.795358e+003,3.915486e+000
2.795840e+003,3.915036e+000
2.796323e+003,3.914430e+000
2.796805e+003,3.913591e+000
2.797287e+003,3.912453e+000
2.797769e+003,3.910959e+000
2.798251e+003,3.909067e+000
2.798733e+003,3.906762e+000
2.799215e+003,3.904060e+000
2.799697e+003,3.901016e+000
2.800179e+003,3.897723e+000
2.800662e+003,3.894297e+000
2.801144e+003,3.890878e+000
2.801626e+003,3.887607e+000
2.802108e+003,3.884614e+000
2.802590e+003,3.881991e+000
2.803072e+003,3.879780e+000
2.803554e+003,3.877963e+000
2.804036e+003,3.876458e+000
2.804519e+003,3.875148e+000
2.805001e+003,3.873901e+000
2.805483e+003,3.872603e+000
2.805965e+003,3.871176e+000
2.806447e+003,3.869590e+000
2.806929e+003,3.867846e+000
2.807411e+003,3.865959e+000
2.807894e+003,3.863932e+000
2.808375e+003,3.861754e+000
2.808858e+003,3.859393e+000
2.809340e+003,3.856829e+000
2.809822e+003,3.854067e+000
2.810304e+003,3.851160e+000
2.810786e+003,3.848207e+000
2.811268e+003,3.845347e+000
2.811750e+003,3.842716e+000
2.812233e+003,3.840415e+000
2.812715e+003,3.838487e+000
2.813197e+003,3.836891e+000
2.813679e+003,3.835507e+000
2.814161e+003,3.834159e+000
2.814643e+003,3.832648e+000
2.815125e+003,3.830795e+000
2.815607e+003,3.828485e+000
2.816090e+003,3.825687e+000
2.816572e+003,3.822482e+000
2.817054e+003,3.819040e+000
2.817536e+003,3.815591e+000
2.818018e+003,3.812375e+000
2.818500e+003,3.809594e+000
2.818982e+003,3.807361e+000
2.819464e+003,3.805689e+000
2.819947e+003,3.804478e+000
2.820429e+003,3.803560e+000
2.820911e+003,3.802728e+000
2.821393e+003,3.801777e+000
2.821875e+003,3.800534e+000
2.822357e+003,3.798872e+000
2.822839e+003,3.796713e+000
2.823322e+003,3.794024e+000
2.823803e+003,3.790823e+000
2.824286e+003,3.787164e+000
2.824768e+003,3.783159e+000
2.825250e+003,3.778962e+000
2.825732e+003,3.774762e+000
2.826214e+003,3.770759e+000
2.826696e+003,3.767126e+000
2.827178e+003,3.763988e+000
2.827661e+003,3.761391e+000
2.828143e+003,3.759308e+000
2.828625e+003,3.757638e+000
2.829107e+003,3.756246e+000
2.829589e+003,3.754972e+000
2.830071e+003,3.753679e+000
2.830553e+003,3.752251e+000
2.831035e+003,3.750622e+000
2.831518e+003,3.748770e+000
2.832000e+003,3.746720e+000
2.832482e+003,3.744524e+000
2.832964e+003,3.742255e+000
2.833446e+003,3.739987e+000
2.833928e+003,3.737774e+000
2.834410e+003,3.735651e+000
2.834892e+003,3.733632e+000
2.835375e+003,3.731723e+000
2.835857e+003,3.729942e+000
2.836339e+003,3.728314e+000
2.836821e+003,3.726872e+000
2.837303e+003,3.725635e+000
2.837785e+003,3.724565e+000
2.838267e+003,3.723555e+000
2.838750e+003,3.722417e+000
2.839231e+003,3.720909e+000
2.839714e+003,3.718803e+000
2.840196e+003,3.715930e+000
2.840678e+003,3.712251e+000
2.841160e+003,3.707873e+000
2.841642e+003,3.703027e+000
2.842124e+003,3.698013e+000
2.842606e+003,3.693119e+000
2.843089e+003,3.688551e+000
2.843571e+003,3.684389e+000
2.844053e+003,3.680581e+000
2.844535e+003,3.676981e+000
2.845017e+003,3.673406e+000
2.845499e+003,3.669706e+000
2.845981e+003,3.665801e+000
2.846463e+003,3.661719e+000
2.846946e+003,3.657577e+000
2.847428e+003,3.653559e+000
2.847910e+003,3.649865e+000
2.848392e+003,3.646663e+000
2.848874e+003,3.644053e+000
2.849356e+003,3.642037e+000
2.849838e+003,3.640535e+000
2.850320e+003,3.639406e+000
2.850802e+003,3.638494e+000
2.851285e+003,3.637681e+000
2.851767e+003,3.636923e+000
2.852249e+003,3.636269e+000
2.852731e+003,3.635825e+000
2.853213e+003,3.635721e+000
2.853695e+003,3.636034e+000
2.854177e+003,3.636731e+000
2.854659e+003,3.637641e+000
2.855142e+003,3.638460e+000
2.855624e+003,3.638803e+000
2.856106e+003,3.638285e+000
2.856588e+003,3.636599e+000
2.857070e+003,3.633585e+000
2.857552e+003,3.629267e+000
2.858034e+003,3.623848e+000
2.858517e+003,3.617675e+000
2.858999e+003,3.611181e+000
2.859481e+003,3.604825e+000
2.859963e+003,3.599024e+000
2.860445e+003,3.594110e+000
2.860927e+003,3.590292e+000
2.861409e+003,3.587639e+000
2.861891e+003,3.586084e+000
2.862374e+003,3.585429e+000
2.862856e+003,3.585378e+000
2.863338e+003,3.585585e+000
2.863820e+003,3.585691e+000
2.864302e+003,3.585376e+000
2.864784e+003,3.584405e+000
2.865266e+003,3.582651e+000
2.865748e+003,3.580111e+000
2.866230e+003,3.576897e+000
2.866713e+003,3.573218e+000
2.867195e+003,3.569339e+000
2.867677e+003,3.565529e+000
2.868159e+003,3.562022e+000
2.868641e+003,3.558969e+000
2.869123e+003,3.556427e+000
2.869605e+003,3.554353e+000
2.870088e+003,3.552634e+000
2.870570e+003,3.551139e+000
2.871052e+003,3.549752e+000
2.871534e+003,3.548410e+000
2.872016e+003,3.547113e+000
2.872498e+003,3.545903e+000
2.872980e+003,3.544830e+000
2.873462e+003,3.543911e+000
2.873945e+003,3.543105e+000
2.874427e+003,3.542314e+000
2.874909e+003,3.541400e+000
2.875391e+003,3.540238e+000
2.875873e+003,3.538745e+000
2.876355e+003,3.536915e+000
2.876837e+003,3.534810e+000
2.877319e+003,3.532541e+000
2.877802e+003,3.530211e+000
2.878284e+003,3.527882e+000
2.878766e+003,3.525533e+000
2.879248e+003,3.523079e+000
2.879730e+003,3.520384e+000
2.880212e+003,3.517328e+000
2.880694e+003,3.513847e+000
2.881176e+003,3.509978e+000
2.881658e+003,3.505860e+000
2.882141e+003,3.501711e+000
2.882623e+003,3.497776e+000
2.883105e+003,3.494267e+000
2.883587e+003,3.491308e+000
2.884069e+003,3.488925e+000
2.884551e+003,3.487036e+000
2.885033e+003,3.485505e+000
2.885516e+003,3.484176e+000
2.885998e+003,3.482930e+000
2.886480e+003,3.481698e+000
2.886962e+003,3.480462e+000
2.887444e+003,3.479229e+000
2.887926e+003,3.478009e+000
2.888408e+003,3.476781e+000
2.888890e+003,3.475496e+000
2.889373e+003,3.474091e+000
2.889855e+003,3.472523e+000
2.890337e+003,3.470788e+000
2.890819e+003,3.468929e+000
2.891301e+003,3.467021e+000
2.891783e+003,3.465138e+000
2.892265e+003,3.463323e+000
2.892747e+003,3.461562e+000
2.893229e+003,3.459778e+000
2.893712e+003,3.457870e+000
2.894194e+003,3.455739e+000
2.894676e+003,3.453337e+000
2.895158e+003,3.450683e+000
2.895640e+003,3.447872e+000
2.896122e+003,3.445048e+000
2.896604e+003,3.442381e+000
2.897086e+003,3.440031e+000
2.897569e+003,3.438128e+000
2.898051e+003,3.436752e+000
2.898533e+003,3.435936e+000
2.899015e+003,3.435650e+000
2.899497e+003,3.435811e+000
2.899979e+003,3.436277e+000
2.900461e+003,3.436865e+000
2.900944e+003,3.437366e+000
2.901426e+003,3.437586e+000
2.901908e+003,3.437378e+000
2.902390e+003,3.436671e+000
2.902872e+003,3.435483e+000
2.903354e+003,3.433912e+000
2.903836e+003,3.432101e+000
2.904318e+003,3.430206e+000
2.904801e+003,3.428354e+000
2.905283e+003,3.426625e+000
2.905765e+003,3.425045e+000
2.906247e+003,3.423597e+000
2.906729e+003,3.422233e+000
2.907211e+003,3.420895e+000
2.907693e+003,3.419519e+000
2.908175e+003,3.418042e+000
2.908657e+003,3.416406e+000
2.909140e+003,3.414568e+000
2.909622e+003,3.412509e+000
2.910104e+003,3.410254e+000
2.910586e+003,3.407875e+000
2.911068e+003,3.405498e+000
2.911550e+003,3.403291e+000
2.912032e+003,3.401425e+000
2.912514e+003,3.400054e+000
2.912997e+003,3.399275e+000
2.913479e+003,3.399108e+000
2.913961e+003,3.399488e+000
2.914443e+003,3.400270e+000
2.914925e+003,3.401248e+000
2.915407e+003,3.402182e+000
2.915889e+003,3.402831e+000
2.916372e+003,3.402974e+000
2.916854e+003,3.402434e+000
2.917336e+003,3.401097e+000
2.917818e+003,3.398916e+000
2.918300e+003,3.395914e+000
2.918782e+003,3.392188e+000
2.919264e+003,3.387893e+000
2.919746e+003,3.383240e+000
2.920229e+003,3.378481e+000
2.920711e+003,3.373889e+000
2.921193e+003,3.369729e+000
2.921675e+003,3.366223e+000
2.922157e+003,3.363515e+000
2.922639e+003,3.361646e+000
2.923121e+003,3.360536e+000
2.923603e+003,3.360005e+000
2.924085e+003,3.359801e+000
2.924568e+003,3.359665e+000
2.925050e+003,3.359378e+000
2.925532e+003,3.358810e+000
2.926014e+003,3.357940e+000
2.926496e+003,3.356854e+000
2.926978e+003,3.355702e+000
2.927460e+003,3.354656e+000
2.927942e+003,3.353863e+000
2.928425e+003,3.353403e+000
2.928907e+003,3.353276e+000
2.929389e+003,3.353408e+000
2.929871e+003,3.353658e+000
2.930353e+003,3.353861e+000
2.930835e+003,3.353855e+000
2.931317e+003,3.353511e+000
2.931800e+003,3.352765e+000
2.932281e+003,3.351622e+000
2.932764e+003,3.350156e+000
2.933246e+003,3.348496e+000
2.933728e+003,3.346791e+000
2.934210e+003,3.345181e+000
2.934692e+003,3.343774e+000
2.935174e+003,3.342628e+000
2.935656e+003,3.341750e+000
2.936139e+003,3.341122e+000
2.936621e+003,3.340706e+000
2.937103e+003,3.340473e+000
2.937585e+003,3.340395e+000
2.938067e+003,3.340440e+000
2.938549e+003,3.340555e+000
2.939031e+003,3.340659e+000
2.939513e+003,3.340628e+000
2.939996e+003,3.340331e+000
2.940478e+003,3.339643e+000
2.940960e+003,3.338485e+000
2.941442e+003,3.336849e+000
2.941924e+003,3.334806e+000
2.942406e+003,3.332500e+000
2.942888e+003,3.330120e+000
2.943370e+003,3.327859e+000
2.943853e+003,3.325886e+000
2.944335e+003,3.324312e+000
2.944817e+003,3.323183e+000
2.945299e+003,3.322462e+000
2.945781e+003,3.322059e+000
2.946263e+003,3.321835e+000
2.946745e+003,3.321629e+000
2.947228e+003,3.321294e+000
2.947709e+003,3.320705e+000
2.948192e+003,3.319779e+000
2.948674e+003,3.318489e+000
2.949156e+003,3.316840e+000
2.949638e+003,3.314880e+000
2.950120e+003,3.312667e+000
2.950602e+003,3.310270e+000
2.951084e+003,3.307770e+000
2.951567e+003,3.305255e+000
2.952049e+003,3.302827e+000
2.952531e+003,3.300602e+000
2.953013e+003,3.298693e+000
2.953495e+003,3.297193e+000
2.953977e+003,3.296147e+000
2.954459e+003,3.295539e+000
2.954941e+003,3.295285e+000
2.955424e+003,3.295249e+000
2.955906e+003,3.295263e+000
2.956388e+003,3.295164e+000
2.956870e+003,3.294821e+000
2.957352e+003,3.294153e+000
2.957834e+003,3.293135e+000
2.958316e+003,3.291794e+000
2.958798e+003,3.290203e+000
2.959281e+003,3.288470e+000
2.959763e+003,3.286725e+000
2.960245e+003,3.285108e+000
2.960727e+003,3.283741e+000
2.961209e+003,3.282715e+000
2.961691e+003,3.282056e+000
2.962173e+003,3.281720e+000
2.962656e+003,3.281599e+000
2.963137e+003,3.281544e+000
2.963620e+003,3.281406e+000
2.964102e+003,3.281083e+000
2.964584e+003,3.280549e+000
2.965066e+003,3.279870e+000
2.965548e+003,3.279181e+000
2.966030e+003,3.278647e+000
2.966512e+003,3.278409e+000
2.966995e+003,3.278539e+000
2.967477e+003,3.279006e+000
2.967959e+003,3.279685e+000
2.968441e+003,3.280372e+000
2.968923e+003,3.280836e+000
2.969405e+003,3.280864e+000
2.969887e+003,3.280309e+000
2.970369e+003,3.279111e+000
2.970852e+003,3.277312e+000
2.971334e+003,3.275038e+000
2.971816e+003,3.272465e+000
2.972298e+003,3.269791e+000
2.972780e+003,3.267196e+000
2.973262e+003,3.264821e+000
2.973744e+003,3.262749e+000
2.974226e+003,3.261016e+000
2.974708e+003,3.259620e+000
2.975191e+003,3.258537e+000
2.975673e+003,3.257740e+000
2.976155e+003,3.257196e+000
2.976637e+003,3.256868e+000
2.977119e+003,3.256704e+000
2.977601e+003,3.256624e+000
2.978083e+003,3.256521e+000
2.978565e+003,3.256274e+000
2.979048e+003,3.255761e+000
2.979530e+003,3.254896e+000
2.980012e+003,3.253641e+000
2.980494e+003,3.252019e+000
2.980976e+003,3.250109e+000
2.981458e+003,3.248020e+000
2.981940e+003,3.245854e+000
2.982423e+003,3.243689e+000
2.982905e+003,3.241552e+000
2.983387e+003,3.239428e+000
2.983869e+003,3.237269e+000
2.984351e+003,3.235045e+000
2.984833e+003,3.232770e+000
2.985315e+003,3.230527e+000
2.985797e+003,3.228477e+000
2.986280e+003,3.226828e+000
2.986762e+003,3.225789e+000
2.987244e+003,3.225508e+000
2.987726e+003,3.226024e+000
2.988208e+003,3.227229e+000
2.988690e+003,3.228880e+000
2.989172e+003,3.230635e+000
2.989654e+003,3.232117e+000
2.990136e+003,3.232999e+000
2.990619e+003,3.233059e+000
2.991101e+003,3.232215e+000
2.991583e+003,3.230533e+000
2.992065e+003,3.228191e+000
2.992547e+003,3.225439e+000
2.993029e+003,3.222538e+000
2.993511e+003,3.219719e+000
2.993994e+003,3.217145e+000
2.994476e+003,3.214898e+000
2.994958e+003,3.212979e+000
2.995440e+003,3.211305e+000
2.995922e+003,3.209743e+000
2.996404e+003,3.208127e+000
2.996886e+003,3.206304e+000
2.997368e+003,3.204175e+000
2.997851e+003,3.201739e+000
2.998333e+003,3.199105e+000
2.998815e+003,3.196500e+000
2.999297e+003,3.194224e+000
2.999779e+003,3.192588e+000
3.000261e+003,3.191829e+000
3.000743e+003,3.192047e+000
3.001225e+003,3.193151e+000
3.001708e+003,3.194865e+000
3.002190e+003,3.196770e+000
3.002672e+003,3.198386e+000
3.003154e+003,3.199273e+000
3.003636e+003,3.199118e+000
3.004118e+003,3.197803e+000
3.004600e+003,3.195427e+000
3.005082e+003,3.192273e+000
3.005564e+003,3.188747e+000
3.006047e+003,3.185289e+000
3.006529e+003,3.182277e+000
3.007011e+003,3.179965e+000
3.007493e+003,3.178457e+000
3.007975e+003,3.177710e+000
3.008457e+003,3.177578e+000
3.008939e+003,3.177879e+000
3.009422e+003,3.178453e+000
3.009904e+003,3.179193e+000
3.010386e+003,3.180045e+000
3.010868e+003,3.180981e+000
3.011350e+003,3.181957e+000
3.011832e+003,3.182861e+000
3.012314e+003,3.183512e+000
3.012796e+003,3.183677e+000
3.013279e+003,3.183128e+000
3.013761e+003,3.181712e+000
3.014243e+003,3.179399e+000
3.014725e+003,3.176306e+000
3.015207e+003,3.172682e+000
3.015689e+003,3.168832e+000
3.016171e+003,3.165061e+000
3.016653e+003,3.161593e+000
3.017135e+003,3.158538e+000
3.017618e+003,3.155897e+000
3.018100e+003,3.153603e+000
3.018582e+003,3.151562e+000
3.019064e+003,3.149715e+000
3.019546e+003,3.148057e+000
3.020028e+003,3.146627e+000
3.020510e+003,3.145487e+000
3.020992e+003,3.144670e+000
3.021475e+003,3.144152e+000
3.021957e+003,3.143837e+000
3.022439e+003,3.143562e+000
3.022921e+003,3.143143e+000
3.023403e+003,3.142414e+000
3.023885e+003,3.141273e+000
3.024367e+003,3.139710e+000
3.024850e+003,3.137803e+000
3.025332e+003,3.135696e+000
3.025814e+003,3.133562e+000
3.026296e+003,3.131545e+000
3.026778e+003,3.129738e+000
3.027260e+003,3.128162e+000
3.027742e+003,3.126777e+000
3.028224e+003,3.125504e+000
3.028707e+003,3.124265e+000
3.029189e+003,3.123006e+000
3.029671e+003,3.121710e+000
3.030153e+003,3.120394e+000
3.030635e+003,3.119093e+000
3.031117e+003,3.117834e+000
3.031599e+003,3.116622e+000
3.032081e+003,3.115438e+000
3.032563e+003,3.114241e+000
3.033046e+003,3.112984e+000
3.033528e+003,3.111631e+000
3.034010e+003,3.110153e+000
3.034492e+003,3.108535e+000
3.034974e+003,3.106770e+000
3.035456e+003,3.104852e+000
3.035938e+003,3.102787e+000
3.036420e+003,3.100611e+000
3.036903e+003,3.098397e+000
3.037385e+003,3.096273e+000
3.037867e+003,3.094412e+000
3.038349e+003,3.093010e+000
3.038831e+003,3.092243e+000
3.039313e+003,3.092227e+000
3.039795e+003,3.092975e+000
3.040278e+003,3.094386e+000
3.040760e+003,3.096257e+000
3.041242e+003,3.098306e+000
3.041724e+003,3.100230e+000
3.042206e+003,3.101748e+000
3.042688e+003,3.102645e+000
3.043170e+003,3.102797e+000
3.043652e+003,3.102171e+000
3.044135e+003,3.100826e+000
3.044617e+003,3.098876e+000
3.045099e+003,3.096473e+000
3.045581e+003,3.093774e+000
3.046063e+003,3.090927e+000
3.046545e+003,3.088049e+000
3.047027e+003,3.085237e+000
3.047509e+003,3.082558e+000
3.047991e+003,3.080056e+000
3.048474e+003,3.077758e+000
3.048956e+003,3.075671e+000
3.049438e+003,3.073779e+000
3.049920e+003,3.072052e+000
3.050402e+003,3.070450e+000
3.050884e+003,3.068929e+000
3.051366e+003,3.067462e+000
3.051848e+003,3.066053e+000
3.052331e+003,3.064732e+000
3.052813e+003,3.063560e+000
3.053295e+003,3.062605e+000
3.053777e+003,3.061917e+000
3.054259e+003,3.061514e+000
3.054741e+003,3.061359e+000
3.055223e+003,3.061373e+000
3.055706e+003,3.061445e+000
3.056188e+003,3.061459e+000
3.056670e+003,3.061316e+000
3.057152e+003,3.060953e+000
3.057634e+003,3.060333e+000
3.058116e+003,3.059451e+000
3.058598e+003,3.058308e+000
3.059080e+003,3.056912e+000
3.059563e+003,3.055273e+000
3.060045e+003,3.053412e+000
3.060527e+003,3.051373e+000
3.061009e+003,3.049235e+000
3.061491e+003,3.047106e+000
3.061973e+003,3.045120e+000
3.062455e+003,3.043416e+000
3.062937e+003,3.042106e+000
3.063419e+003,3.041265e+000
3.063902e+003,3.040898e+000
3.064384e+003,3.040948e+000
3.064866e+003,3.041293e+000
3.065348e+003,3.041767e+000
3.065830e+003,3.042190e+000
3.066312e+003,3.042394e+000
3.066794e+003,3.042251e+000
3.067276e+003,3.041695e+000
3.067759e+003,3.040717e+000
3.068241e+003,3.039366e+000
3.068723e+003,3.037716e+000
3.069205e+003,3.035857e+000
3.069687e+003,3.033868e+000
3.070169e+003,3.031815e+000
3.070651e+003,3.029763e+000
3.071134e+003,3.027773e+000
3.071615e+003,3.025928e+000
3.072098e+003,3.024322e+000
3.072580e+003,3.023048e+000
3.073062e+003,3.022174e+000
3.073544e+003,3.021706e+000
3.074026e+003,3.021574e+000
3.074508e+003,3.021631e+000
3.074990e+003,3.021675e+000
3.075473e+003,3.021501e+000
3.075955e+003,3.020944e+000
3.076437e+003,3.019927e+000
3.076919e+003,3.018493e+000
3.077401e+003,3.016786e+000
3.077883e+003,3.015032e+000
3.078365e+003,3.013469e+000
3.078847e+003,3.012298e+000
3.079330e+003,3.011626e+000
3.079812e+003,3.011444e+000
3.080294e+003,3.011620e+000
3.080776e+003,3.011940e+000
3.081258e+003,3.012157e+000
3.081740e+003,3.012046e+000
3.082222e+003,3.011450e+000
3.082704e+003,3.010308e+000
3.083187e+003,3.008643e+000
3.083669e+003,3.006543e+000
3.084151e+003,3.004116e+000
3.084633e+003,3.001462e+000
3.085115e+003,2.998658e+000
3.085597e+003,2.995759e+000
3.086079e+003,2.992826e+000
3.086562e+003,2.989956e+000
3.087043e+003,2.987294e+000
3.087526e+003,2.985030e+000
3.088008e+003,2.983366e+000
3.088490e+003,2.982469e+000
3.088972e+003,2.982421e+000
3.089454e+003,2.983194e+000
3.089936e+003,2.984647e+000
3.090418e+003,2.986545e+000
3.090901e+003,2.988617e+000
3.091383e+003,2.990594e+000
3.091865e+003,2.992242e+000
3.092347e+003,2.993389e+000
3.092829e+003,2.993914e+000
3.093311e+003,2.993748e+000
3.093793e+003,2.992863e+000
3.094275e+003,2.991278e+000
3.094758e+003,2.989061e+000
3.095240e+003,2.986344e+000
3.095722e+003,2.983312e+000
3.096204e+003,2.980192e+000
3.096686e+003,2.977226e+000
3.097168e+003,2.974633e+000
3.097650e+003,2.972589e+000
3.098132e+003,2.971207e+000
3.098615e+003,2.970538e+000
3.099097e+003,2.970574e+000
3.099579e+003,2.971250e+000
3.100061e+003,2.972453e+000
3.100543e+003,2.974023e+000
3.101025e+003,2.975756e+000
3.101507e+003,2.977429e+000
3.101990e+003,2.978817e+000
3.102471e+003,2.979738e+000
3.102954e+003,2.980088e+000
3.103436e+003,2.979851e+000
3.103918e+003,2.979123e+000
3.104400e+003,2.978064e+000
3.104882e+003,2.976879e+000
3.105364e+003,2.975757e+000
3.105846e+003,2.974836e+000
3.106329e+003,2.974171e+000
3.106811e+003,2.973737e+000
3.107293e+003,2.973433e+000
3.107775e+003,2.973128e+000
3.108257e+003,2.972686e+000
3.108739e+003,2.972005e+000
3.109221e+003,2.971038e+000
3.109703e+003,2.969799e+000
3.110186e+003,2.968352e+000
3.110668e+003,2.966791e+000
3.111150e+003,2.965210e+000
3.111632e+003,2.963677e+000
3.112114e+003,2.962232e+000
3.112596e+003,2.960873e+000
3.113078e+003,2.959586e+000
3.113560e+003,2.958362e+000
3.114042e+003,2.957214e+000
3.114525e+003,2.956185e+000
3.115007e+003,2.955326e+000
3.115489e+003,2.954679e+000
3.115971e+003,2.954242e+000
3.116453e+003,2.953940e+000
3.116935e+003,2.953640e+000
3.117417e+003,2.953176e+000
3.117900e+003,2.952395e+000
3.118382e+003,2.951217e+000
3.118864e+003,2.949669e+000
3.119346e+003,2.947900e+000
3.119828e+003,2.946148e+000
3.120310e+003,2.944684e+000
3.120792e+003,2.943742e+000
3.121274e+003,2.943454e+000
3.121757e+003,2.943816e+000
3.122239e+003,2.944689e+000
3.122721e+003,2.945840e+000
3.123203e+003,2.947003e+000
3.123685e+003,2.947945e+000
3.124167e+003,2.948513e+000
3.124649e+003,2.948647e+000
3.125131e+003,2.948362e+000
3.125614e+003,2.947706e+000
3.126096e+003,2.946708e+000
3.126578e+003,2.945347e+000
3.127060e+003,2.943548e+000
3.127542e+003,2.941210e+000
3.128024e+003,2.938251e+000
3.128506e+003,2.934668e+000
3.128988e+003,2.930568e+000
3.129470e+003,2.926168e+000
3.129953e+003,2.921762e+000
3.130435e+003,2.917655e+000
3.130917e+003,2.914097e+000
3.131399e+003,2.911232e+000
3.131881e+003,2.909076e+000
3.132363e+003,2.907552e+000
3.132845e+003,2.906529e+000
3.133328e+003,2.905890e+000
3.133810e+003,2.905564e+000
3.134292e+003,2.905543e+000
3.134774e+003,2.905850e+000
3.135256e+003,2.906495e+000
3.135738e+003,2.907435e+000
3.136220e+003,2.908560e+000
3.136702e+003,2.909702e+000
3.137185e+003,2.910686e+000
3.137667e+003,2.911375e+000
3.138149e+003,2.911720e+000
3.138631e+003,2.911773e+000
3.139113e+003,2.911673e+000
3.139595e+003,2.911609e+000
3.140077e+003,2.911760e+000
3.140559e+003,2.912255e+000
3.141042e+003,2.913144e+000
3.141524e+003,2.914390e+000
3.142006e+003,2.915879e+000
3.142488e+003,2.917447e+000
3.142970e+003,2.918908e+000
3.143452e+003,2.920079e+000
3.143934e+003,2.920810e+000
3.144417e+003,2.921003e+000
3.144898e+003,2.920620e+000
3.145381e+003,2.919690e+000
3.145863e+003,2.918298e+000
3.146345e+003,2.916564e+000
3.146827e+003,2.914618e+000
3.147309e+003,2.912566e+000
3.147791e+003,2.910484e+000
3.148273e+003,2.908402e+000
3.148756e+003,2.906321e+000
3.149238e+003,2.904232e+000
3.149720e+003,2.902123e+000
3.150202e+003,2.899997e+000
3.150684e+003,2.897864e+000
3.151166e+003,2.895730e+000
3.151648e+003,2.893600e+000
3.152130e+003,2.891467e+000
3.152613e+003,2.889341e+000
3.153095e+003,2.887259e+000
3.153577e+003,2.885309e+000
3.154059e+003,2.883631e+000
3.154541e+003,2.882391e+000
3.155023e+003,2.881753e+000
3.155505e+003,2.881817e+000
3.155987e+003,2.882583e+000
3.156469e+003,2.883931e+000
3.156952e+003,2.885628e+000
3.157434e+003,2.887378e+000
3.157916e+003,2.888883e+000
3.158398e+003,2.889913e+000
3.158880e+003,2.890357e+000
3.159362e+003,2.890245e+000
3.159844e+003,2.889735e+000
3.160326e+003,2.889064e+000
3.160809e+003,2.888484e+000
3.161291e+003,2.888190e+000
3.161773e+003,2.888282e+000
3.162255e+003,2.888731e+000
3.162737e+003,2.889398e+000
3.163219e+003,2.890077e+000
3.163701e+003,2.890546e+000
3.164184e+003,2.890631e+000
3.164666e+003,2.890241e+000
3.165148e+003,2.889386e+000
3.165630e+003,2.888165e+000
3.166112e+003,2.886723e+000
3.166594e+003,2.885207e+000
3.167076e+003,2.883715e+000
3.167558e+003,2.882273e+000
3.168041e+003,2.880833e+000
3.168523e+003,2.879298e+000
3.169005e+003,2.877567e+000
3.169487e+003,2.875581e+000
3.169969e+003,2.873354e+000
3.170451e+003,2.870994e+000
3.170933e+003,2.868673e+000
3.171415e+003,2.866596e+000
3.171897e+003,2.864944e+000
3.172380e+003,2.863821e+000
3.172862e+003,2.863235e+000
3.173344e+003,2.863094e+000
3.173826e+003,2.863234e+000
3.174308e+003,2.863473e+000
3.174790e+003,2.863650e+000
3.175272e+003,2.863667e+000
3.175754e+003,2.863497e+000
3.176237e+003,2.863156e+000
3.176719e+003,2.862683e+000
3.177201e+003,2.862095e+000
3.177683e+003,2.861367e+000
3.178165e+003,2.860434e+000
3.178647e+003,2.859214e+000
3.179129e+003,2.857646e+000
3.179612e+003,2.855720e+000
3.180094e+003,2.853490e+000
3.180576e+003,2.851067e+000
3.181058e+003,2.848593e+000
3.181540e+003,2.846216e+000
3.182022e+003,2.844059e+000
3.182504e+003,2.842219e+000
3.182986e+003,2.840770e+000
3.183469e+003,2.839773e+000
3.183951e+003,2.839288e+000
3.184433e+003,2.839364e+000
3.184915e+003,2.840012e+000
3.185397e+003,2.841185e+000
3.185879e+003,2.842750e+000
3.186361e+003,2.844483e+000
3.186843e+003,2.846097e+000
3.187325e+003,2.847291e+000
3.187808e+003,2.847796e+000
3.188290e+003,2.847433e+000
3.188772e+003,2.846141e+000
3.189254e+003,2.843988e+000
3.189736e+003,2.841146e+000
3.190218e+003,2.837860e+000
3.190700e+003,2.834408e+000
3.191182e+003,2.831064e+000
3.191665e+003,2.828069e+000
3.192147e+003,2.825606e+000
3.192629e+003,2.823805e+000
3.193111e+003,2.822721e+000
3.193593e+003,2.822344e+000
3.194075e+003,2.822602e+000
3.194557e+003,2.823366e+000
3.195040e+003,2.824461e+000
3.195521e+003,2.825685e+000
3.196004e+003,2.826813e+000
3.196486e+003,2.827634e+000
3.196968e+003,2.827957e+000
3.197450e+003,2.827641e+000
3.197932e+003,2.826620e+000
3.198414e+003,2.824916e+000
3.198896e+003,2.822648e+000
3.199379e+003,2.820035e+000
3.199861e+003,2.817354e+000
3.200343e+003,2.814922e+000
3.200825e+003,2.813021e+000
3.201307e+003,2.811871e+000
3.201789e+003,2.811575e+000
3.202271e+003,2.812109e+000
3.202753e+003,2.813321e+000
3.203236e+003,2.814973e+000
3.203718e+003,2.816774e+000
3.204200e+003,2.818449e+000
3.204682e+003,2.819780e+000
3.205164e+003,2.820644e+000
3.205646e+003,2.821016e+000
3.206128e+003,2.820972e+000
3.206610e+003,2.820647e+000
3.207093e+003,2.820199e+000
3.207575e+003,2.819764e+000
3.208057e+003,2.819428e+000
3.208539e+003,2.819205e+000
3.209021e+003,2.819037e+000
3.209503e+003,2.818818e+000
3.209985e+003,2.818432e+000
3.210468e+003,2.817788e+000
3.210949e+003,2.816861e+000
3.211432e+003,2.815701e+000
3.211914e+003,2.814436e+000
3.212396e+003,2.813244e+000
3.212878e+003,2.812303e+000
3.213360e+003,2.811750e+000
3.213842e+003,2.811628e+000
3.214324e+003,2.811861e+000
3.214807e+003,2.812266e+000
3.215289e+003,2.812582e+000
3.215771e+003,2.812548e+000
3.216253e+003,2.811971e+000
3.216735e+003,2.810802e+000
3.217217e+003,2.809166e+000
3.217699e+003,2.807344e+000
3.218181e+003,2.805715e+000
3.218664e+003,2.804651e+000
3.219146e+003,2.804399e+000
3.219628e+003,2.805000e+000
3.220110e+003,2.806255e+000
3.220592e+003,2.807757e+000
3.221074e+003,2.809002e+000
3.221556e+003,2.809518e+000
3.222038e+003,2.808989e+000
3.222521e+003,2.807350e+000
3.223003e+003,2.804782e+000
3.223485e+003,2.801677e+000
3.223967e+003,2.798524e+000
3.224449e+003,2.795788e+000
3.224931e+003,2.793808e+000
3.225413e+003,2.792735e+000
3.225896e+003,2.792524e+000
3.226377e+003,2.792970e+000
3.226860e+003,2.793782e+000
3.227342e+003,2.794663e+000
3.227824e+003,2.795386e+000
3.228306e+003,2.795820e+000
3.228788e+003,2.795949e+000
3.229270e+003,2.795833e+000
3.229752e+003,2.795565e+000
3.230235e+003,2.795215e+000
3.230717e+003,2.794778e+000
3.231199e+003,2.794165e+000
3.231681e+003,2.793216e+000
3.232163e+003,2.791748e+000
3.232645e+003,2.789624e+000
3.233127e+003,2.786815e+000
3.233609e+003,2.783434e+000
3.234092e+003,2.779732e+000
3.234574e+003,2.776055e+000
3.235056e+003,2.772773e+000
3.235538e+003,2.770204e+000
3.236020e+003,2.768561e+000
3.236502e+003,2.767919e+000
3.236984e+003,2.768221e+000
3.237466e+003,2.769303e+000
3.237948e+003,2.770924e+000
3.238431e+003,2.772787e+000
3.238913e+003,2.774571e+000
3.239395e+003,2.775955e+000
3.239877e+003,2.776661e+000
3.240359e+003,2.776503e+000
3.240841e+003,2.775452e+000
3.241323e+003,2.773658e+000
3.241806e+003,2.771437e+000
3.242288e+003,2.769198e+000
3.242770e+003,2.767336e+000
3.243252e+003,2.766095e+000
3.243734e+003,2.765488e+000
3.244216e+003,2.765278e+000
3.244698e+003,2.765055e+000
3.245180e+003,2.764378e+000
3.245663e+003,2.762942e+000
3.246145e+003,2.760698e+000
3.246627e+003,2.757885e+000
3.247109e+003,2.754956e+000
3.247591e+003,2.752429e+000
3.248073e+003,2.750720e+000
3.248555e+003,2.750015e+000
3.249037e+003,2.750217e+000
3.249520e+003,2.751003e+000
3.250002e+003,2.751925e+000
3.250484e+003,2.752568e+000
3.250966e+003,2.752658e+000
3.251448e+003,2.752126e+000
3.251930e+003,2.751095e+000
3.252412e+003,2.749815e+000
3.252894e+003,2.748567e+000
3.253376e+003,2.747587e+000
3.253859e+003,2.747003e+000
3.254341e+003,2.746834e+000
3.254823e+003,2.746998e+000
3.255305e+003,2.747352e+000
3.255787e+003,2.747731e+000
3.256269e+003,2.747982e+000
3.256751e+003,2.747977e+000
3.257234e+003,2.747638e+000
3.257716e+003,2.746927e+000
3.258198e+003,2.745865e+000
3.258680e+003,2.744507e+000
3.259162e+003,2.742942e+000
3.259644e+003,2.741274e+000
3.260126e+003,2.739595e+000
3.260608e+003,2.737969e+000
3.261091e+003,2.736426e+000
3.261573e+003,2.734940e+000
3.262055e+003,2.733459e+000
3.262537e+003,2.731910e+000
3.263019e+003,2.730232e+000
3.263501e+003,2.728399e+000
3.263983e+003,2.726452e+000
3.264465e+003,2.724506e+000
3.264948e+003,2.722743e+000
3.265430e+003,2.721377e+000
3.265912e+003,2.720608e+000
3.266394e+003,2.720547e+000
3.266876e+003,2.721183e+000
3.267358e+003,2.722340e+000
3.267840e+003,2.723715e+000
3.268323e+003,2.724927e+000
3.268804e+003,2.725617e+000
3.269287e+003,2.725530e+000
3.269769e+003,2.724587e+000
3.270251e+003,2.722899e+000
3.270733e+003,2.720728e+000
3.271215e+003,2.718400e+000
3.271697e+003,2.716213e+000
3.272179e+003,2.714347e+000
3.272662e+003,2.712823e+000
3.273144e+003,2.711520e+000
3.273626e+003,2.710236e+000
3.274108e+003,2.708770e+000
3.274590e+003,2.707003e+000
3.275072e+003,2.704946e+000
3.275554e+003,2.702739e+000
3.276036e+003,2.700618e+000
3.276519e+003,2.698843e+000
3.277001e+003,2.697633e+000
3.277483e+003,2.697112e+000
3.277965e+003,2.697277e+000
3.278447e+003,2.698006e+000
3.278929e+003,2.699079e+000
3.279411e+003,2.700222e+000
3.279893e+003,2.701150e+000
3.280375e+003,2.701619e+000
3.280858e+003,2.701452e+000
3.281340e+003,2.700573e+000
3.281822e+003,2.699016e+000
3.282304e+003,2.696918e+000
3.282786e+003,2.694497e+000
3.283268e+003,2.692021e+000
3.283750e+003,2.689761e+000
3.284232e+003,2.687945e+000
3.284715e+003,2.686724e+000
3.285197e+003,2.686155e+000
3.285679e+003,2.686196e+000
3.286161e+003,2.686718e+000
3.286643e+003,2.687541e+000
3.287125e+003,2.688447e+000
3.287607e+003,2.689226e+000
3.288090e+003,2.689691e+000
3.288572e+003,2.689703e+000
3.289054e+003,2.689176e+000
3.289536e+003,2.688093e+000
3.290018e+003,2.686505e+000
3.290500e+003,2.684520e+000
3.290982e+003,2.682291e+000
3.291464e+003,2.680000e+000
3.291947e+003,2.677821e+000
3.292429e+003,2.675895e+000
3.292911e+003,2.674314e+000
3.293393e+003,2.673107e+000
3.293875e+003,2.672253e+000
3.294357e+003,2.671696e+000
3.294839e+003,2.671371e+000
3.295321e+003,2.671229e+000
3.295803e+003,2.671243e+000
3.296286e+003,2.671408e+000
3.296768e+003,2.671715e+000
3.297250e+003,2.672149e+000
3.297732e+003,2.672651e+000
3.298214e+003,2.673134e+000
3.298696e+003,2.673483e+000
3.299178e+003,2.673585e+000
3.299660e+003,2.673353e+000
3.300143e+003,2.672742e+000
3.300625e+003,2.671762e+000
3.301107e+003,2.670466e+000
3.301589e+003,2.668919e+000
3.302071e+003,2.667184e+000
3.302553e+003,2.665300e+000
3.303035e+003,2.663275e+000
3.303518e+003,2.661098e+000
3.304000e+003,2.658767e+000
3.304482e+003,2.656314e+000
3.304964e+003,2.653829e+000
3.305446e+003,2.651458e+000
3.305928e+003,2.649389e+000
3.306410e+003,2.647819e+000
3.306892e+003,2.646912e+000
3.307375e+003,2.646756e+000
3.307857e+003,2.647340e+000
3.308339e+003,2.648543e+000
3.308821e+003,2.650161e+000
3.309303e+003,2.651939e+000
3.309785e+003,2.653610e+000
3.310267e+003,2.654942e+000
3.310749e+003,2.655758e+000
3.311231e+003,2.655954e+000
3.311714e+003,2.655499e+000
3.312196e+003,2.654428e+000
3.312678e+003,2.652842e+000
3.313160e+003,2.650898e+000
3.313642e+003,2.648798e+000
3.314124e+003,2.646778e+000
3.314606e+003,2.645073e+000
3.315088e+003,2.643885e+000
3.315571e+003,2.643336e+000
3.316053e+003,2.643441e+000
3.316535e+003,2.644083e+000
3.317017e+003,2.645034e+000
3.317499e+003,2.645984e+000
3.317981e+003,2.646593e+000
3.318463e+003,2.646563e+000
3.318946e+003,2.645684e+000
3.319427e+003,2.643868e+000
3.319910e+003,2.641173e+000
3.320392e+003,2.637783e+000
3.320874e+003,2.633985e+000
3.321356e+003,2.630137e+000
3.321838e+003,2.626615e+000
3.322320e+003,2.623771e+000
3.322802e+003,2.621882e+000
3.323285e+003,2.621104e+000
3.323767e+003,2.621451e+000
3.324249e+003,2.622783e+000
3.324731e+003,2.624830e+000
3.325213e+003,2.627241e+000
3.325695e+003,2.629639e+000
3.326177e+003,2.631685e+000
3.326659e+003,2.633125e+000
3.327142e+003,2.633804e+000
3.327624e+003,2.633669e+000
3.328106e+003,2.632748e+000
3.328588e+003,2.631122e+000
3.329070e+003,2.628915e+000
3.329552e+003,2.626282e+000
3.330034e+003,2.623411e+000
3.330516e+003,2.620516e+000
3.330999e+003,2.617821e+000
3.331481e+003,2.615533e+000
3.331963e+003,2.613811e+000
3.332445e+003,2.612738e+000
3.332927e+003,2.612309e+000
3.333409e+003,2.612446e+000
3.333891e+003,2.613018e+000
3.334374e+003,2.613869e+000
3.334855e+003,2.614837e+000
3.335338e+003,2.615764e+000
3.335820e+003,2.616490e+000
3.336302e+003,2.616855e+000
3.336784e+003,2.616713e+000
3.337266e+003,2.615962e+000
3.337748e+003,2.614588e+000
3.338230e+003,2.612697e+000
3.338713e+003,2.610508e+000
3.339195e+003,2.608332e+000
3.339677e+003,2.606482e+000
3.340159e+003,2.605196e+000
3.340641e+003,2.604555e+000
3.341123e+003,2.604449e+000
3.341605e+003,2.604603e+000
3.342087e+003,2.604643e+000
3.342570e+003,2.604206e+000
3.343052e+003,2.603028e+000
3.343534e+003,2.601016e+000
3.344016e+003,2.598260e+000
3.344498e+003,2.594998e+000
3.344980e+003,2.591555e+000
3.345462e+003,2.588274e+000
3.345944e+003,2.585453e+000
3.346427e+003,2.583307e+000
3.346909e+003,2.581949e+000
3.347391e+003,2.581395e+000
3.347873e+003,2.581565e+000
3.348355e+003,2.582303e+000
3.348837e+003,2.583396e+000
3.349319e+003,2.584606e+000
3.349802e+003,2.585702e+000
3.350283e+003,2.586490e+000
3.350766e+003,2.586842e+000
3.351248e+003,2.586708e+000
3.351730e+003,2.586097e+000
3.352212e+003,2.585067e+000
3.352694e+003,2.583697e+000
3.353176e+003,2.582073e+000
3.353658e+003,2.580280e+000
3.354141e+003,2.578403e+000
3.354623e+003,2.576535e+000
3.355105e+003,2.574775e+000
3.355587e+003,2.573210e+000
3.356069e+003,2.571905e+000
3.356551e+003,2.570876e+000
3.357033e+003,2.570091e+000
3.357515e+003,2.569480e+000
3.357998e+003,2.568961e+000
3.358480e+003,2.568464e+000
3.358962e+003,2.567960e+000
3.359444e+003,2.567446e+000
3.359926e+003,2.566938e+000
3.360408e+003,2.566435e+000
3.360890e+003,2.565902e+000
3.361372e+003,2.565255e+000
3.361854e+003,2.564388e+000
3.362337e+003,2.563212e+000
3.362819e+003,2.561691e+000
3.363301e+003,2.559867e+000
3.363783e+003,2.557876e+000
3.364265e+003,2.555911e+000
3.364747e+003,2.554184e+000
3.365229e+003,2.552877e+000
3.365712e+003,2.552095e+000
3.366194e+003,2.551854e+000
3.366676e+003,2.552077e+000
3.367158e+003,2.552612e+000
3.367640e+003,2.553264e+000
3.368122e+003,2.553815e+000
3.368604e+003,2.554056e+000
3.369086e+003,2.553804e+000
3.369569e+003,2.552928e+000
3.370051e+003,2.551365e+000
3.370533e+003,2.549143e+000
3.371015e+003,2.546374e+000
3.371497e+003,2.543259e+000
3.371979e+003,2.540051e+000
3.372461e+003,2.537020e+000
3.372943e+003,2.534406e+000
3.373426e+003,2.532380e+000
3.373908e+003,2.531022e+000
3.374390e+003,2.530328e+000
3.374872e+003,2.530218e+000
3.375354e+003,2.530573e+000
3.375836e+003,2.531265e+000
3.376318e+003,2.532179e+000
3.376800e+003,2.533217e+000
3.377282e+003,2.534287e+000
3.377765e+003,2.535298e+000
3.378247e+003,2.536133e+000
3.378729e+003,2.536642e+000
3.379211e+003,2.536663e+000
3.379693e+003,2.536030e+000
3.380175e+003,2.534614e+000
3.380657e+003,2.532359e+000
3.381140e+003,2.529300e+000
3.381622e+003,2.525583e+000
3.382104e+003,2.521446e+000
3.382586e+003,2.517201e+000
3.383068e+003,2.513184e+000
3.383550e+003,2.509715e+000
3.384032e+003,2.507053e+000
3.384514e+003,2.505351e+000
3.384997e+003,2.504642e+000
3.385479e+003,2.504827e+000
3.385961e+003,2.505686e+000
3.386443e+003,2.506917e+000
3.386925e+003,2.508177e+000
3.387407e+003,2.509146e+000
3.387889e+003,2.509588e+000
3.388371e+003,2.509399e+000
3.388854e+003,2.508624e+000
3.389336e+003,2.507454e+000
3.389818e+003,2.506168e+000
3.390300e+003,2.505061e+000
3.390782e+003,2.504364e+000
3.391264e+003,2.504174e+000
3.391746e+003,2.504431e+000
3.392229e+003,2.504944e+000
3.392710e+003,2.505452e+000
3.393193e+003,2.505713e+000
3.393675e+003,2.505569e+000
3.394157e+003,2.504974e+000
3.394639e+003,2.503983e+000
3.395121e+003,2.502687e+000
3.395603e+003,2.501158e+000
3.396085e+003,2.499411e+000
3.396568e+003,2.497392e+000
3.397050e+003,2.495031e+000
3.397532e+003,2.492289e+000
3.398014e+003,2.489218e+000
3.398496e+003,2.485978e+000
3.398978e+003,2.482801e+000
3.399460e+003,2.479927e+000
3.399942e+003,2.477521e+000
3.400425e+003,2.475612e+000
3.400907e+003,2.474080e+000
3.401389e+003,2.472687e+000
3.401871e+003,2.471159e+000
3.402353e+003,2.469279e+000
3.402835e+003,2.466955e+000
3.403317e+003,2.464265e+000
3.403799e+003,2.461425e+000
3.404281e+003,2.458745e+000
3.404764e+003,2.456543e+000
3.405246e+003,2.455081e+000
3.405728e+003,2.454515e+000
3.406210e+003,2.454877e+000
3.406692e+003,2.456083e+000
3.407174e+003,2.457959e+000
3.407656e+003,2.460272e+000
3.408138e+003,2.462764e+000
3.408621e+003,2.465179e+000
3.409103e+003,2.467296e+000
3.409585e+003,2.468938e+000
3.410067e+003,2.469997e+000
3.410549e+003,2.470422e+000
3.411031e+003,2.470205e+000
3.411513e+003,2.469362e+000
3.411996e+003,2.467904e+000
3.412478e+003,2.465824e+000
3.412960e+003,2.463106e+000
3.413442e+003,2.459731e+000
3.413924e+003,2.455723e+000
3.414406e+003,2.451169e+000
3.414888e+003,2.446234e+000
3.415370e+003,2.441161e+000
3.415853e+003,2.436235e+000
3.416335e+003,2.431747e+000
3.416817e+003,2.427950e+000
3.417299e+003,2.425030e+000
3.417781e+003,2.423093e+000
3.418263e+003,2.422151e+000
3.418745e+003,2.422141e+000
3.419227e+003,2.422917e+000
3.419709e+003,2.424265e+000
3.420192e+003,2.425910e+000
3.420674e+003,2.427545e+000
3.421156e+003,2.428862e+000
3.421638e+003,2.429599e+000
3.422120e+003,2.429583e+000
3.422602e+003,2.428764e+000
3.423084e+003,2.427210e+000
3.423566e+003,2.425088e+000
3.424049e+003,2.422629e+000
3.424531e+003,2.420073e+000
3.425013e+003,2.417626e+000
3.425495e+003,2.415443e+000
3.425977e+003,2.413611e+000
3.426459e+003,2.412161e+000
3.426941e+003,2.411078e+000
3.427424e+003,2.410307e+000
3.427906e+003,2.409759e+000
3.428388e+003,2.409306e+000
3.428870e+003,2.408791e+000
3.429352e+003,2.408043e+000
3.429834e+003,2.406921e+000
3.430316e+003,2.405353e+000
3.430798e+003,2.403377e+000
3.431281e+003,2.401158e+000
3.431763e+003,2.398962e+000
3.432245e+003,2.397103e+000
3.432727e+003,2.395865e+000
3.433209e+003,2.395427e+000
3.433691e+003,2.395814e+000
3.434173e+003,2.396898e+000
3.434655e+003,2.398422e+000
3.435137e+003,2.400070e+000
3.435620e+003,2.401543e+000
3.436102e+003,2.402616e+000
3.436584e+003,2.403170e+000
3.437066e+003,2.403204e+000
3.437548e+003,2.402811e+000
3.438030e+003,2.402143e+000
3.438512e+003,2.401376e+000
3.438994e+003,2.400669e+000
3.439477e+003,2.400140e+000
3.439959e+003,2.399832e+000
3.440441e+003,2.399696e+000
3.440923e+003,2.399592e+000
3.441405e+003,2.399296e+000
3.441887e+003,2.398562e+000
3.442369e+003,2.397181e+000
3.442852e+003,2.395061e+000
3.443333e+003,2.392283e+000
3.443816e+003,2.389103e+000
3.444298e+003,2.385925e+000
3.444780e+003,2.383203e+000
3.445262e+003,2.381327e+000
3.445744e+003,2.380507e+000
3.446226e+003,2.380697e+000
3.446708e+003,2.381585e+000
3.447191e+003,2.382661e+000
3.447673e+003,2.383345e+000
3.448155e+003,2.383141e+000
3.448637e+003,2.381752e+000
3.449119e+003,2.379136e+000
3.449601e+003,2.375483e+000
3.450083e+003,2.371155e+000
3.450565e+003,2.366591e+000
3.451048e+003,2.362226e+000
3.451530e+003,2.358414e+000
3.452012e+003,2.355382e+000
3.452494e+003,2.353208e+000
3.452976e+003,2.351829e+000
3.453458e+003,2.351067e+000
3.453940e+003,2.350676e+000
3.454422e+003,2.350398e+000
3.454905e+003,2.350019e+000
3.455387e+003,2.349411e+000
3.455869e+003,2.348543e+000
3.456351e+003,2.347474e+000
3.456833e+003,2.346321e+000
3.457315e+003,2.345213e+000
3.457797e+003,2.344247e+000
3.458280e+003,2.343455e+000
3.458761e+003,2.342817e+000
3.459244e+003,2.342259e+000
3.459726e+003,2.341685e+000
3.460208e+003,2.341004e+000
3.460690e+003,2.340123e+000
3.461172e+003,2.338965e+000
3.461654e+003,2.337455e+000
3.462136e+003,2.335519e+000
3.462619e+003,2.333110e+000
3.463101e+003,2.330222e+000
3.463583e+003,2.326914e+000
3.464065e+003,2.323322e+000
3.464547e+003,2.319630e+000
3.465029e+003,2.316034e+000
3.465511e+003,2.312686e+000
3.465993e+003,2.309654e+000
3.466476e+003,2.306905e+000
3.466958e+003,2.304335e+000
3.467440e+003,2.301822e+000
3.467922e+003,2.299301e+000
3.468404e+003,2.296813e+000
3.468886e+003,2.294517e+000
3.469368e+003,2.292655e+000
3.469850e+003,2.291472e+000
3.470333e+003,2.291142e+000
3.470815e+003,2.291692e+000
3.471297e+003,2.292978e+000
3.471779e+003,2.294718e+000
3.472261e+003,2.296539e+000
3.472743e+003,2.298071e+000
3.473225e+003,2.299012e+000
3.473708e+003,2.299179e+000
3.474189e+003,2.298521e+000
3.474672e+003,2.297097e+000
3.475154e+003,2.295041e+000
3.475636e+003,2.292524e+000
3.476118e+003,2.289720e+000
3.476600e+003,2.286801e+000
3.477082e+003,2.283932e+000
3.477564e+003,2.281274e+000
3.478047e+003,2.278983e+000
3.478529e+003,2.277193e+000
3.479011e+003,2.275995e+000
3.479493e+003,2.275400e+000
3.479975e+003,2.275309e+000
3.480457e+003,2.275504e+000
3.480939e+003,2.275660e+000
3.481421e+003,2.275399e+000
3.481904e+003,2.274368e+000
3.482386e+003,2.272328e+000
3.482868e+003,2.269225e+000
3.483350e+003,2.265230e+000
3.483832e+003,2.260724e+000
3.484314e+003,2.256248e+000
3.484796e+003,2.252402e+000
3.485278e+003,2.249743e+000
3.485760e+003,2.248674e+000
3.486243e+003,2.249346e+000
3.486725e+003,2.251592e+000
3.487207e+003,2.254940e+000
3.487689e+003,2.258669e+000
3.488171e+003,2.261936e+000
3.488653e+003,2.263935e+000
3.489135e+003,2.264049e+000
3.489618e+003,2.261968e+000
3.490100e+003,2.257746e+000
3.490582e+003,2.251777e+000
3.491064e+003,2.244726e+000
3.491546e+003,2.237412e+000
3.492028e+003,2.230676e+000
3.492510e+003,2.225266e+000
3.492992e+003,2.221730e+000
3.493475e+003,2.220360e+000
3.493957e+003,2.221160e+000
3.494439e+003,2.223861e+000
3.494921e+003,2.227959e+000
3.495403e+003,2.232779e+000
3.495885e+003,2.237560e+000
3.496367e+003,2.241555e+000
3.496849e+003,2.244126e+000
3.497332e+003,2.244834e+000
3.497814e+003,2.243497e+000
3.498296e+003,2.240215e+000
3.498778e+003,2.235350e+000
3.499260e+003,2.229481e+000
3.499742e+003,2.223320e+000
3.500224e+003,2.217624e+000
3.500706e+003,2.213080e+000
3.501188e+003,2.210206e+000
3.501671e+003,2.209249e+000
3.502153e+003,2.210134e+000
3.502635e+003,2.212446e+000
3.503117e+003,2.215510e+000
3.503599e+003,2.218537e+000
3.504081e+003,2.220782e+000
3.504563e+003,2.221714e+000
3.505046e+003,2.221114e+000
3.505528e+003,2.219077e+000
3.506010e+003,2.215956e+000
3.506492e+003,2.212254e+000
3.506974e+003,2.208483e+000
3.507456e+003,2.205056e+000
3.507938e+003,2.202195e+000
3.508420e+003,2.199899e+000
3.508903e+003,2.197983e+000
3.509385e+003,2.196172e+000
3.509867e+003,2.194222e+000
3.510349e+003,2.192031e+000
3.510831e+003,2.189674e+000
3.511313e+003,2.187376e+000
3.511795e+003,2.185427e+000
3.512277e+003,2.184065e+000
3.512760e+003,2.183401e+000
3.513242e+003,2.183376e+000
3.513724e+003,2.183783e+000
3.514206e+003,2.184326e+000
3.514688e+003,2.184702e+000
3.515170e+003,2.184670e+000
3.515652e+003,2.184093e+000
3.516135e+003,2.182924e+000
3.516616e+003,2.181196e+000
3.517099e+003,2.178974e+000
3.517581e+003,2.176325e+000
3.518063e+003,2.173319e+000
3.518545e+003,2.170021e+000
3.519027e+003,2.166516e+000
3.519509e+003,2.162908e+000
3.519991e+003,2.159317e+000
3.520474e+003,2.155860e+000
3.520956e+003,2.152627e+000
3.521438e+003,2.149663e+000
3.521920e+003,2.146961e+000
3.522402e+003,2.144478e+000
3.522884e+003,2.142156e+000
3.523366e+003,2.139964e+000
3.523848e+003,2.137911e+000
3.524331e+003,2.136060e+000
3.524813e+003,2.134502e+000
3.525295e+003,2.133345e+000
3.525777e+003,2.132674e+000
3.526259e+003,2.132541e+000
3.526741e+003,2.132957e+000
3.527223e+003,2.133901e+000
3.527705e+003,2.135327e+000
3.528188e+003,2.137164e+000
3.528670e+003,2.139314e+000
3.529152e+003,2.141627e+000
3.529634e+003,2.143877e+000
3.530116e+003,2.145765e+000
3.530598e+003,2.146932e+000
3.531080e+003,2.147025e+000
3.531563e+003,2.145769e+000
3.532044e+003,2.143050e+000
3.532527e+003,2.138976e+000
3.533009e+003,2.133874e+000
3.533491e+003,2.128259e+000
3.533973e+003,2.122725e+000
3.534455e+003,2.117822e+000
3.534937e+003,2.113934e+000
3.535419e+003,2.111190e+000
3.535902e+003,2.109455e+000
3.536384e+003,2.108391e+000
3.536866e+003,2.107578e+000
3.537348e+003,2.106661e+000
3.537830e+003,2.105436e+000
3.538312e+003,2.103882e+000
3.538794e+003,2.102117e+000
3.539276e+003,2.100309e+000
3.539759e+003,2.098592e+000
3.540241e+003,2.096994e+000
3.540723e+003,2.095445e+000
3.541205e+003,2.093806e+000
3.541687e+003,2.091946e+000
3.542169e+003,2.089832e+000
3.542651e+003,2.087589e+000
3.543133e+003,2.085514e+000
3.543615e+003,2.084029e+000
3.544098e+003,2.083586e+000
3.544580e+003,2.084506e+000
3.545062e+003,2.086846e+000
3.545544e+003,2.090302e+000
3.546026e+003,2.094226e+000
3.546508e+003,2.097766e+000
3.546990e+003,2.100075e+000
3.547472e+003,2.100557e+000
3.547955e+003,2.099011e+000
3.548437e+003,2.095677e+000
3.548919e+003,2.091164e+000
3.549401e+003,2.086299e+000
3.549883e+003,2.081948e+000
3.550365e+003,2.078815e+000
3.550847e+003,2.077288e+000
3.551330e+003,2.077342e+000
3.551812e+003,2.078541e+000
3.552294e+003,2.080150e+000
3.552776e+003,2.081352e+000
3.553258e+003,2.081464e+000
3.553740e+003,2.080103e+000
3.554222e+003,2.077235e+000
3.554704e+003,2.073113e+000
3.555187e+003,2.068167e+000
3.555669e+003,2.062869e+000
3.556151e+003,2.057647e+000
3.556633e+003,2.052816e+000
3.557115e+003,2.048564e+000
3.557597e+003,2.044950e+000
3.558079e+003,2.041922e+000
3.558561e+003,2.039330e+000
3.559043e+003,2.036942e+000
3.559526e+003,2.034464e+000
3.560008e+003,2.031561e+000
3.560490e+003,2.027898e+000
3.560972e+003,2.023196e+000
3.561454e+003,2.017293e+000
3.561936e+003,2.010212e+000
3.562418e+003,2.002206e+000
3.562900e+003,1.993807e+000
3.563383e+003,1.985821e+000
3.563865e+003,1.979311e+000
3.564347e+003,1.975496e+000
3.564829e+003,1.975557e+000
3.565311e+003,1.980337e+000
3.565793e+003,1.989936e+000
3.566275e+003,2.003376e+000
3.566758e+003,2.018592e+000
3.567240e+003,2.032874e+000
3.567722e+003,2.043704e+000
3.568204e+003,2.049515e+000
3.568686e+003,2.049987e+000
3.569168e+003,2.045861e+000
3.569650e+003,2.038484e+000
3.570132e+003,2.029345e+000
3.570615e+003,2.019792e+000
3.571097e+003,2.010876e+000
3.571579e+003,2.003324e+000
3.572061e+003,1.997560e+000
3.572543e+003,1.993740e+000
3.573025e+003,1.991800e+000
3.573507e+003,1.991480e+000
3.573989e+003,1.992346e+000
3.574471e+003,1.993840e+000
3.574954e+003,1.995335e+000
3.575436e+003,1.996233e+000
3.575918e+003,1.996068e+000
3.576400e+003,1.994615e+000
3.576882e+003,1.991926e+000
3.577364e+003,1.988333e+000
3.577846e+003,1.984351e+000
3.578328e+003,1.980551e+000
3.578811e+003,1.977397e+000
3.579293e+003,1.975121e+000
3.579775e+003,1.973663e+000
3.580257e+003,1.972678e+000
3.580739e+003,1.971636e+000
3.581221e+003,1.969966e+000
3.581703e+003,1.967203e+000
3.582186e+003,1.963124e+000
3.582667e+003,1.957830e+000
3.583150e+003,1.951776e+000
3.583632e+003,1.945752e+000
3.584114e+003,1.940820e+000
3.584596e+003,1.938196e+000
3.585078e+003,1.939068e+000
3.585560e+003,1.944294e+000
3.586042e+003,1.954036e+000
3.586525e+003,1.967400e+000
3.587007e+003,1.982347e+000
3.587489e+003,1.996075e+000
3.587971e+003,2.005831e+000
3.588453e+003,2.009788e+000
3.588935e+003,2.007499e+000
3.589417e+003,1.999779e+000
3.589899e+003,1.988245e+000
3.590382e+003,1.974813e+000
3.590864e+003,1.961326e+000
3.591346e+003,1.949338e+000
3.591828e+003,1.939999e+000
3.592310e+003,1.933969e+000
3.592792e+003,1.931366e+000
3.593274e+003,1.931732e+000
3.593756e+003,1.934119e+000
3.594239e+003,1.937270e+000
3.594721e+003,1.939902e+000
3.595203e+003,1.941026e+000
3.595685e+003,1.940140e+000
3.596167e+003,1.937314e+000
3.596649e+003,1.933103e+000
3.597131e+003,1.928370e+000
3.597614e+003,1.924091e+000
3.598095e+003,1.921169e+000
3.598578e+003,1.920265e+000
3.599060e+003,1.921675e+000
3.599542e+003,1.925244e+000
3.600024e+003,1.930351e+000
3.600506e+003,1.935996e+000
3.600988e+003,1.940974e+000
3.601470e+003,1.944130e+000
3.601953e+003,1.944587e+000
3.602435e+003,1.941918e+000
3.602917e+003,1.936195e+000
3.603399e+003,1.927941e+000
3.603881e+003,1.918034e+000
3.604363e+003,1.907568e+000
3.604845e+003,1.897728e+000
3.605327e+003,1.889647e+000
3.605810e+003,1.884261e+000
3.606292e+003,1.882128e+000
3.606774e+003,1.883266e+000
3.607256e+003,1.887044e+000
3.607738e+003,1.892258e+000
3.608220e+003,1.897399e+000
3.608702e+003,1.901086e+000
3.609184e+003,1.902477e+000
3.609667e+003,1.901460e+000
3.610149e+003,1.898599e+000
3.610631e+003,1.894904e+000
3.611113e+003,1.891500e+000
3.611595e+003,1.889322e+000
3.612077e+003,1.888846e+000
3.612559e+003,1.889943e+000
3.613042e+003,1.891905e+000
3.613524e+003,1.893681e+000
3.614006e+003,1.894243e+000
3.614488e+003,1.892954e+000
3.614970e+003,1.889773e+000
3.615452e+003,1.885258e+000
3.615934e+003,1.880431e+000
3.616416e+003,1.876553e+000
3.616898e+003,1.874875e+000
3.617381e+003,1.876356e+000
3.617863e+003,1.881375e+000
3.618345e+003,1.889510e+000
3.618827e+003,1.899525e+000
3.619309e+003,1.909681e+000
3.619791e+003,1.918271e+000
3.620273e+003,1.924109e+000
3.620755e+003,1.926745e+000
3.621238e+003,1.926359e+000
3.621720e+003,1.923438e+000
3.622202e+003,1.918492e+000
3.622684e+003,1.911868e+000
3.623166e+003,1.903697e+000
3.623648e+003,1.893962e+000
3.624130e+003,1.882647e+000
3.624612e+003,1.869945e+000
3.625094e+003,1.856433e+000
3.625577e+003,1.843226e+000
3.626059e+003,1.832046e+000
3.626541e+003,1.825124e+000
3.627023e+003,1.824819e+000
3.627505e+003,1.832813e+000
3.627987e+003,1.848925e+000
3.628469e+003,1.870275e+000
3.628952e+003,1.891785e+000
3.629434e+003,1.908350e+000
3.629916e+003,1.917144e+000
3.630398e+003,1.918342e+000
3.630880e+003,1.914210e+000
3.631362e+003,1.907684e+000
3.631844e+003,1.901331e+000
3.632326e+003,1.896841e+000
3.632809e+003,1.894858e+000
3.633291e+003,1.895079e+000
3.633773e+003,1.896521e+000
3.634255e+003,1.897949e+000
3.634737e+003,1.898347e+000
3.635219e+003,1.897260e+000
3.635701e+003,1.894860e+000
3.636183e+003,1.891794e+000
3.636666e+003,1.888875e+000
3.637148e+003,1.886782e+000
3.637630e+003,1.885864e+000
3.638112e+003,1.886093e+000
3.638594e+003,1.887135e+000
3.639076e+003,1.888511e+000
3.639558e+003,1.889732e+000
3.640041e+003,1.890396e+000
3.640522e+003,1.890192e+000
3.641005e+003,1.888861e+000
3.641487e+003,1.886170e+000
3.641969e+003,1.881911e+000
3.642451e+003,1.875955e+000
3.642933e+003,1.868332e+000
3.643415e+003,1.859285e+000
3.643897e+003,1.849304e+000
3.644380e+003,1.839102e+000
3.644862e+003,1.829584e+000
3.645344e+003,1.821816e+000
3.645826e+003,1.816980e+000
3.646308e+003,1.816334e+000
3.646790e+003,1.821119e+000
3.647272e+003,1.832345e+000
3.647754e+003,1.850455e+000
3.648237e+003,1.874815e+000
3.648719e+003,1.903314e+000
3.649201e+003,1.932392e+000
3.649683e+003,1.957791e+000
3.650165e+003,1.975864e+000
3.650647e+003,1.984651e+000
3.651129e+003,1.984185e+000
3.651611e+003,1.976042e+000
3.652094e+003,1.962616e+000
3.652576e+003,1.946527e+000
3.653058e+003,1.930293e+000
3.653540e+003,1.916187e+000
3.654022e+003,1.906134e+000
3.654504e+003,1.901525e+000
3.654986e+003,1.902898e+000
3.655469e+003,1.909650e+000
3.655950e+003,1.919965e+000
3.656433e+003,1.931257e+000
3.656915e+003,1.941002e+000
3.657397e+003,1.947559e+000
3.657879e+003,1.950501e+000
3.658361e+003,1.950432e+000
3.658843e+003,1.948493e+000
3.659325e+003,1.945894e+000
3.659808e+003,1.943597e+000
3.660290e+003,1.942176e+000
3.660772e+003,1.941816e+000
3.661254e+003,1.942400e+000
3.661736e+003,1.943619e+000
3.662218e+003,1.945079e+000
3.662700e+003,1.946360e+000
3.663182e+003,1.947047e+000
3.663665e+003,1.946741e+000
3.664147e+003,1.945095e+000
3.664629e+003,1.941905e+000
3.665111e+003,1.937218e+000
3.665593e+003,1.931475e+000
3.666075e+003,1.925615e+000
3.666557e+003,1.921127e+000
3.667039e+003,1.919985e+000
3.667521e+003,1.924406e+000
3.668004e+003,1.936291e+000
3.668486e+003,1.956330e+000
3.668968e+003,1.982989e+000
3.669450e+003,2.012073e+000
3.669932e+003,2.037674e+000
3.670414e+003,2.054411e+000
3.670896e+003,2.059578e+000
3.671378e+003,2.053796e+000
3.671861e+003,2.040217e+000
3.672343e+003,2.023280e+000
3.672825e+003,2.007791e+000
3.673307e+003,1.998374e+000
3.673789e+003,1.998920e+000
3.674271e+003,2.011564e+000
3.674753e+003,2.035328e+000
3.675236e+003,2.065389e+000
3.675718e+003,2.094501e+000
3.676200e+003,2.116306e+000
3.676682e+003,2.128099e+000
3.677164e+003,2.130991e+000
3.677646e+003,2.128189e+000
3.678128e+003,2.123104e+000
3.678610e+003,2.118290e+000
3.679093e+003,2.115111e+000
3.679575e+003,2.113868e+000
3.680057e+003,2.114139e+000
3.680539e+003,2.115176e+000
3.681021e+003,2.116240e+000
3.681503e+003,2.116795e+000
3.681985e+003,2.116508e+000
3.682467e+003,2.115160e+000
3.682949e+003,2.112552e+000
3.683432e+003,2.108462e+000
3.683914e+003,2.102739e+000
3.684396e+003,2.095455e+000
3.684878e+003,2.087070e+000
3.685360e+003,2.078549e+000
3.685842e+003,2.071372e+000
3.686324e+003,2.067451e+000
3.686806e+003,2.068861e+000
3.687289e+003,2.077426e+000
3.687771e+003,2.094131e+000
3.688253e+003,2.118542e+000
3.688735e+003,2.148553e+000
3.689217e+003,2.180761e+000
3.689699e+003,2.211395e+000
3.690181e+003,2.237389e+000
3.690664e+003,2.256960e+000
3.691146e+003,2.269660e+000
3.691628e+003,2.276036e+000
3.692110e+003,2.277241e+000
3.692592e+003,2.274731e+000
3.693074e+003,2.270066e+000
3.693556e+003,2.264739e+000
3.694038e+003,2.260037e+000
3.694521e+003,2.256881e+000
3.695003e+003,2.255691e+000
3.695485e+003,2.256336e+000
3.695967e+003,2.258173e+000
3.696449e+003,2.260269e+000
3.696931e+003,2.261716e+000
3.697413e+003,2.261935e+000
3.697895e+003,2.260914e+000
3.698377e+003,2.259261e+000
3.698860e+003,2.258082e+000
3.699342e+003,2.258733e+000
3.699824e+003,2.262492e+000
3.700306e+003,2.270151e+000
3.700788e+003,2.281699e+000
3.701270e+003,2.296162e+000
3.701752e+003,2.311822e+000
3.702234e+003,2.326709e+000
3.702717e+003,2.339200e+000
3.703199e+003,2.348433e+000
3.703681e+003,2.354344e+000
3.704163e+003,2.357449e+000
3.704645e+003,2.358510e+000
3.705127e+003,2.358250e+000
3.705609e+003,2.357224e+000
3.706092e+003,2.355778e+000
3.706573e+003,2.354149e+000
3.707056e+003,2.352627e+000
3.707538e+003,2.351722e+000
3.708020e+003,2.352317e+000
3.708502e+003,2.355717e+000
3.708984e+003,2.363519e+000
3.709466e+003,2.377283e+000
3.709948e+003,2.397949e+000
3.710431e+003,2.425179e+000
3.710913e+003,2.456913e+000
3.711395e+003,2.489546e+000
3.711877e+003,2.518894e+000
3.712359e+003,2.541471e+000
3.712841e+003,2.555438e+000
3.713323e+003,2.560785e+000
3.713805e+003,2.558880e+000
3.714288e+003,2.551794e+000
3.714770e+003,2.541726e+000
3.715252e+003,2.530655e+000
3.715734e+003,2.520128e+000
3.716216e+003,2.511187e+000
3.716698e+003,2.504340e+000
3.717180e+003,2.499628e+000
3.717662e+003,2.496755e+000
3.718145e+003,2.495292e+000
3.718627e+003,2.494919e+000
3.719109e+003,2.495577e+000
3.719591e+003,2.497497e+000
3.720073e+003,2.501065e+000
3.720555e+003,2.506562e+000
3.721037e+003,2.513942e+000
3.721520e+003,2.522692e+000
3.722001e+003,2.531967e+000
3.722484e+003,2.540892e+000
3.722966e+003,2.548940e+000
3.723448e+003,2.556194e+000
3.723930e+003,2.563305e+000
3.724412e+003,2.571167e+000
3.724894e+003,2.580407e+000
3.725376e+003,2.590888e+000
3.725859e+003,2.601499e+000
3.726341e+003,2.610367e+000
3.726823e+003,2.615446e+000
3.727305e+003,2.615252e+000
3.727787e+003,2.609355e+000
3.728269e+003,2.598466e+000
3.728751e+003,2.584210e+000
3.729233e+003,2.568706e+000
3.729716e+003,2.554159e+000
3.730198e+003,2.542513e+000
3.730680e+003,2.535174e+000
3.731162e+003,2.532855e+000
3.731644e+003,2.535570e+000
3.732126e+003,2.542837e+000
3.732608e+003,2.554056e+000
3.733090e+003,2.568829e+000
3.733573e+003,2.587045e+000
3.734055e+003,2.608598e+000
3.734537e+003,2.632825e+000
3.735019e+003,2.658067e+000
3.735501e+003,2.681764e+000
3.735983e+003,2.701147e+000
3.736465e+003,2.714240e+000
3.736948e+003,2.720388e+000
3.737430e+003,2.720124e+000
3.737912e+003,2.714587e+000
3.738394e+003,2.704890e+000
3.738876e+003,2.691777e+000
3.739358e+003,2.675611e+000
3.739840e+003,2.656621e+000
3.740322e+003,2.635291e+000
3.740804e+003,2.612756e+000
3.741287e+003,2.591125e+000
3.741769e+003,2.573620e+000
3.742251e+003,2.564367e+000
3.742733e+003,2.567562e+000
3.743215e+003,2.585739e+000
3.743697e+003,2.617455e+000
3.744179e+003,2.656005e+000
3.744661e+003,2.691187e+000
3.745144e+003,2.713852e+000
3.745626e+003,2.719775e+000
3.746108e+003,2.710201e+000
3.746590e+003,2.689782e+000
3.747072e+003,2.664301e+000
3.747554e+003,2.639324e+000
3.748036e+003,2.619731e+000
3.748518e+003,2.609508e+000
3.749000e+003,2.611455e+000
3.749483e+003,2.626565e+000
3.749965e+003,2.653297e+000
3.750447e+003,2.687371e+000
3.750929e+003,2.722620e+000
3.751411e+003,2.752789e+000
3.751893e+003,2.773392e+000
3.752375e+003,2.782557e+000
3.752858e+003,2.780809e+000
3.753340e+003,2.770258e+000
3.753822e+003,2.753738e+000
3.754304e+003,2.734221e+000
3.754786e+003,2.714461e+000
3.755268e+003,2.696819e+000
3.755750e+003,2.683170e+000
3.756232e+003,2.674837e+000
3.756715e+003,2.672547e+000
3.757197e+003,2.676371e+000
3.757679e+003,2.685663e+000
3.758161e+003,2.699027e+000
3.758643e+003,2.714377e+000
3.759125e+003,2.729137e+000
3.759607e+003,2.740694e+000
3.760089e+003,2.746959e+000
3.760572e+003,2.746870e+000
3.761054e+003,2.740615e+000
3.761536e+003,2.729534e+000
3.762018e+003,2.715759e+000
3.762500e+003,2.701767e+000
3.762982e+003,2.689896e+000
3.763464e+003,2.681906e+000
3.763947e+003,2.678573e+000
3.764428e+003,2.679445e+000
3.764911e+003,2.682953e+000
3.765393e+003,2.686938e+000
3.765875e+003,2.689499e+000
3.766357e+003,2.689759e+000
3.766839e+003,2.688208e+000
3.767321e+003,2.686524e+000
3.767803e+003,2.686960e+000
3.768286e+003,2.691543e+000
3.768768e+003,2.701289e+000
3.769250e+003,2.715637e+000
3.769732e+003,2.732433e+000
3.770214e+003,2.748555e+000
3.770696e+003,2.760974e+000
3.771178e+003,2.767727e+000
3.771660e+003,2.768312e+000
3.772143e+003,2.763499e+000
3.772625e+003,2.754795e+000
3.773107e+003,2.743888e+000
3.773589e+003,2.732253e+000
3.774071e+003,2.720955e+000
3.774553e+003,2.710633e+000
3.775035e+003,2.701631e+000
3.775517e+003,2.694206e+000
3.776000e+003,2.688736e+000
3.776482e+003,2.685824e+000
3.776964e+003,2.686245e+000
3.777446e+003,2.690671e+000
3.777928e+003,2.699246e+000
3.778410e+003,2.711145e+000
3.778892e+003,2.724442e+000
3.779375e+003,2.736446e+000
3.779856e+003,2.744545e+000
3.780339e+003,2.747142e+000
3.780821e+003,2.744161e+000
3.781303e+003,2.737003e+000
3.781785e+003,2.728006e+000
3.782267e+003,2.719753e+000
3.782749e+003,2.714436e+000
3.783231e+003,2.713354e+000
3.783714e+003,2.716613e+000
3.784196e+003,2.723137e+000
3.784678e+003,2.730990e+000
3.785160e+003,2.737993e+000
3.785642e+003,2.742388e+000
3.786124e+003,2.743269e+000
3.786606e+003,2.740698e+000
3.787088e+003,2.735483e+000
3.787571e+003,2.728831e+000
3.788053e+003,2.721999e+000
3.788535e+003,2.716023e+000
3.789017e+003,2.711565e+000
3.789499e+003,2.708821e+000
3.789981e+003,2.707514e+000
3.790463e+003,2.706953e+000
3.790945e+003,2.706212e+000
3.791427e+003,2.704373e+000
3.791910e+003,2.700830e+000
3.792392e+003,2.695547e+000
3.792874e+003,2.689196e+000
3.793356e+003,2.683087e+000
3.793838e+003,2.678892e+000
3.794320e+003,2.678169e+000
3.794802e+003,2.681739e+000
3.795284e+003,2.689136e+000
3.795767e+003,2.698405e+000
3.796249e+003,2.706530e+000
3.796731e+003,2.710463e+000
3.797213e+003,2.708303e+000
3.797695e+003,2.700073e+000
3.798177e+003,2.687848e+000
3.798659e+003,2.675318e+000
3.799142e+003,2.667040e+000
3.799624e+003,2.667433e+000
3.800106e+003,2.679346e+000
3.800588e+003,2.702416e+000
3.801070e+003,2.732054e+000
3.801552e+003,2.760441e+000
3.802034e+003,2.779721e+000
3.802516e+003,2.785411e+000
3.802999e+003,2.777692e+000
3.803481e+003,2.760345e+000
3.803963e+003,2.738856e+000
3.804445e+003,2.718875e+000
3.804927e+003,2.705247e+000
3.805409e+003,2.701258e+000
3.805891e+003,2.707850e+000
3.806373e+003,2.723073e+000
3.806855e+003,2.742374e+000
3.807338e+003,2.760115e+000
3.807820e+003,2.771693e+000
3.808302e+003,2.774980e+000
3.808784e+003,2.770377e+000
3.809266e+003,2.759820e+000
3.809748e+003,2.745632e+000
3.810230e+003,2.729700e+000
3.810712e+003,2.713179e+000
3.811195e+003,2.696596e+000
3.811677e+003,2.680214e+000
3.812159e+003,2.664480e+000
3.812641e+003,2.650398e+000
3.813123e+003,2.639666e+000
3.813605e+003,2.634505e+000
3.814087e+003,2.637018e+000
3.814570e+003,2.648168e+000
3.815052e+003,2.666659e+000
3.815534e+003,2.688450e+000
3.816016e+003,2.707706e+000
3.816498e+003,2.719022e+000
3.816980e+003,2.719613e+000
3.817462e+003,2.710171e+000
3.817944e+003,2.694303e+000
3.818427e+003,2.677353e+000
3.818909e+003,2.665253e+000
3.819391e+003,2.663368e+000
3.819873e+003,2.675046e+000
3.820355e+003,2.699897e+000
3.820837e+003,2.732851e+000
3.821319e+003,2.765500e+000
3.821801e+003,2.789688e+000
3.822283e+003,2.800941e+000
3.822766e+003,2.799411e+000
3.823248e+003,2.788491e+000
3.823730e+003,2.772759e+000
3.824212e+003,2.756502e+000
3.824694e+003,2.742872e+000
3.825176e+003,2.733545e+000
3.825658e+003,2.728611e+000
3.826140e+003,2.726775e+000
3.826623e+003,2.725940e+000
3.827105e+003,2.724005e+000
3.827587e+003,2.719669e+000
3.828069e+003,2.712792e+000
3.828551e+003,2.704300e+000
3.829033e+003,2.695739e+000
3.829515e+003,2.688690e+000
3.829998e+003,2.684278e+000
3.830479e+003,2.682824e+000
3.830962e+003,2.683743e+000
3.831444e+003,2.685732e+000
3.831926e+003,2.687205e+000
3.832408e+003,2.686802e+000
3.832890e+003,2.683799e+000
3.833372e+003,2.678245e+000
3.833854e+003,2.670859e+000
3.834337e+003,2.662794e+000
3.834819e+003,2.655384e+000
3.835301e+003,2.649968e+000
3.835783e+003,2.647719e+000
3.836265e+003,2.649498e+000
3.836747e+003,2.655654e+000
3.837229e+003,2.665833e+000
3.837711e+003,2.678899e+000
3.838194e+003,2.693106e+000
3.838676e+003,2.706533e+000
3.839158e+003,2.717652e+000
3.839640e+003,2.725733e+000
3.840122e+003,2.730940e+000
3.840604e+003,2.734154e+000
3.841086e+003,2.736598e+000
3.841568e+003,2.739432e+000
3.842051e+003,2.743409e+000
3.842533e+003,2.748611e+000
3.843015e+003,2.754402e+000
3.843497e+003,2.759572e+000
3.843979e+003,2.762673e+000
3.844461e+003,2.762442e+000
3.844943e+003,2.758120e+000
3.845426e+003,2.749578e+000
3.845907e+003,2.737216e+000
3.846390e+003,2.721724e+000
3.846872e+003,2.703825e+000
3.847354e+003,2.684082e+000
3.847836e+003,2.662824e+000
3.848318e+003,2.640248e+000
3.848800e+003,2.616615e+000
3.849282e+003,2.592587e+000
3.849765e+003,2.569581e+000
3.850247e+003,2.550123e+000
3.850729e+003,2.538100e+000
3.851211e+003,2.538621e+000
3.851693e+003,2.557091e+000
3.852175e+003,2.596868e+000
3.852657e+003,2.655854e+000
3.853139e+003,2.724360e+000
3.853622e+003,2.787809e+000
3.854104e+003,2.833749e+000
3.854586e+003,2.857287e+000
3.855068e+003,2.860811e+000
3.855550e+003,2.850213e+000
3.856032e+003,2.831496e+000
3.856514e+003,2.809186e+000
3.856996e+003,2.786127e+000
3.857479e+003,2.763854e+000
3.857961e+003,2.743069e+000
3.858443e+003,2.724062e+000
3.858925e+003,2.706982e+000
3.859407e+003,2.692003e+000
3.859889e+003,2.679390e+000
3.860371e+003,2.669523e+000
3.860854e+003,2.662890e+000
3.861336e+003,2.660088e+000
3.861818e+003,2.661729e+000
3.862300e+003,2.668232e+000
3.862782e+003,2.679447e+000
3.863264e+003,2.694208e+000
3.863746e+003,2.710092e+000
3.864228e+003,2.723691e+000
3.864710e+003,2.731489e+000
3.865193e+003,2.731036e+000
3.865675e+003,2.721789e+000
3.866157e+003,2.705325e+000
3.866639e+003,2.684946e+000
3.867121e+003,2.664999e+000
3.867603e+003,2.650087e+000
3.868085e+003,2.644173e+000
3.868567e+003,2.649448e+000
3.869050e+003,2.665234e+000
3.869532e+003,2.687637e+000
3.870014e+003,2.710698e+000
3.870496e+003,2.728842e+000
3.870978e+003,2.739110e+000
3.871460e+003,2.741858e+000
3.871942e+003,2.739827e+000
3.872424e+003,2.736539e+000
3.872906e+003,2.734851e+000
3.873389e+003,2.735998e+000
3.873871e+003,2.739291e+000
3.874353e+003,2.742534e+000
3.874835e+003,2.743012e+000
3.875317e+003,2.738675e+000
3.875799e+003,2.728867e+000
3.876281e+003,2.714456e+000
3.876764e+003,2.697486e+000
3.877246e+003,2.680638e+000
3.877728e+003,2.666741e+000
3.878210e+003,2.658285e+000
3.878692e+003,2.656853e+000
3.879174e+003,2.662515e+000
3.879656e+003,2.673398e+000
3.880138e+003,2.685934e+000
3.880621e+003,2.695957e+000
3.881103e+003,2.700253e+000
3.881585e+003,2.697716e+000
3.882067e+003,2.689574e+000
3.882549e+003,2.678786e+000
3.883031e+003,2.669138e+000
3.883513e+003,2.664281e+000
3.883995e+003,2.666760e+000
3.884478e+003,2.677086e+000
3.884960e+003,2.693132e+000
3.885442e+003,2.710455e+000
3.885924e+003,2.723781e+000
3.886406e+003,2.729033e+000
3.886888e+003,2.724727e+000
3.887370e+003,2.712063e+000
3.887853e+003,2.694086e+000
3.888334e+003,2.674644e+000
3.888817e+003,2.657573e+000
3.889299e+003,2.646159e+000
3.889781e+003,2.642661e+000
3.890263e+003,2.647832e+000
3.890745e+003,2.660582e+000
3.891227e+003,2.678030e+000
3.891709e+003,2.696256e+000
3.892192e+003,2.711481e+000
3.892674e+003,2.721093e+000
3.893156e+003,2.724075e+000
3.893638e+003,2.720761e+000
3.894120e+003,2.712326e+000
3.894602e+003,2.700304e+000
3.895084e+003,2.686298e+000
3.895566e+003,2.671859e+000
3.896049e+003,2.658465e+000
3.896531e+003,2.647475e+000
3.897013e+003,2.640058e+000
3.897495e+003,2.637014e+000
3.897977e+003,2.638556e+000
3.898459e+003,2.644123e+000
3.898941e+003,2.652373e+000
3.899423e+003,2.661438e+000
3.899906e+003,2.669463e+000
3.900388e+003,2.675194e+000
3.900870e+003,2.678413e+000
3.901352e+003,2.679996e+000
3.901834e+003,2.681574e+000
3.902316e+003,2.684959e+000
3.902798e+003,2.691433e+000
3.903281e+003,2.701198e+000
3.903762e+003,2.713201e+000
3.904245e+003,2.725405e+000
3.904727e+003,2.735497e+000
3.905209e+003,2.741636e+000
3.905691e+003,2.742932e+000
3.906173e+003,2.739543e+000
3.906655e+003,2.732428e+000
3.907137e+003,2.722977e+000
3.907620e+003,2.712683e+000
3.908102e+003,2.702887e+000
3.908584e+003,2.694613e+000
3.909066e+003,2.688481e+000
3.909548e+003,2.684646e+000
3.910030e+003,2.682804e+000
3.910512e+003,2.682262e+000
3.910994e+003,2.682079e+000
3.911477e+003,2.681308e+000
3.911959e+003,2.679216e+000
3.912441e+003,2.675523e+000
3.912923e+003,2.670482e+000
3.913405e+003,2.664856e+000
3.913887e+003,2.659755e+000
3.914369e+003,2.656395e+000
3.914851e+003,2.655808e+000
3.915333e+003,2.658597e+000
3.915816e+003,2.664768e+000
3.916298e+003,2.673719e+000
3.916780e+003,2.684374e+000
3.917262e+003,2.695425e+000
3.917744e+003,2.705611e+000
3.918226e+003,2.713876e+000
3.918708e+003,2.719457e+000
3.919190e+003,2.721897e+000
3.919673e+003,2.721055e+000
3.920155e+003,2.717155e+000
3.920637e+003,2.710842e+000
3.921119e+003,2.703187e+000
3.921601e+003,2.695596e+000
3.922083e+003,2.689599e+000
3.922565e+003,2.686526e+000
3.923048e+003,2.687156e+000
3.923530e+003,2.691420e+000
3.924012e+003,2.698289e+000
3.924494e+003,2.705970e+000
3.924976e+003,2.712379e+000
3.925458e+003,2.715736e+000
3.925940e+003,2.715035e+000
3.926422e+003,2.710212e+000
3.926905e+003,2.702024e+000
3.927387e+003,2.691749e+000
3.927869e+003,2.680867e+000
3.928351e+003,2.670805e+000
3.928833e+003,2.662779e+000
3.929315e+003,2.657687e+000
3.929797e+003,2.656067e+000
3.930279e+003,2.658027e+000
3.930761e+003,2.663198e+000
3.931244e+003,2.670737e+000
3.931726e+003,2.679386e+000
3.932208e+003,2.687662e+000
3.932690e+003,2.694124e+000
3.933172e+003,2.697685e+000
3.933654e+003,2.697805e+000
3.934136e+003,2.694572e+000
3.934618e+003,2.688607e+000
3.935101e+003,2.680877e+000
3.935583e+003,2.672456e+000
3.936065e+003,2.664304e+000
3.936547e+003,2.657097e+000
3.937029e+003,2.651157e+000
3.937511e+003,2.646472e+000
3.937993e+003,2.642823e+000
3.938476e+003,2.639970e+000
3.938958e+003,2.637821e+000
3.939440e+003,2.636535e+000
3.939922e+003,2.636509e+000
3.940404e+003,2.638222e+000
3.940886e+003,2.642018e+000
3.941368e+003,2.647844e+000
3.941850e+003,2.655104e+000
3.942333e+003,2.662697e+000
3.942815e+003,2.669248e+000
3.943297e+003,2.673527e+000
3.943779e+003,2.674809e+000
3.944261e+003,2.673066e+000
3.944743e+003,2.668934e+000
3.945225e+003,2.663493e+000
3.945707e+003,2.657961e+000
3.946189e+003,2.653432e+000
3.946672e+003,2.650676e+000
3.947154e+003,2.650042e+000
3.947636e+003,2.651480e+000
3.948118e+003,2.654634e+000
3.948600e+003,2.659002e+000
3.949082e+003,2.664070e+000
3.949564e+003,2.669399e+000
3.950046e+003,2.674645e+000
3.950529e+003,2.679525e+000
3.951011e+003,2.683785e+000
3.951493e+003,2.687193e+000
3.951975e+003,2.689560e+000
3.952457e+003,2.690804e+000
3.952939e+003,2.690974e+000
3.953421e+003,2.690258e+000
3.953904e+003,2.688966e+000
3.954385e+003,2.687435e+000
3.954868e+003,2.685965e+000
3.955350e+003,2.684739e+000
3.955832e+003,2.683777e+000
3.956314e+003,2.682949e+000
3.956796e+003,2.682018e+000
3.957278e+003,2.680719e+000
3.957760e+003,2.678851e+000
3.958243e+003,2.676332e+000
3.958725e+003,2.673262e+000
3.959207e+003,2.669898e+000
3.959689e+003,2.666613e+000
3.960171e+003,2.663808e+000
3.960653e+003,2.661828e+000
3.961135e+003,2.660864e+000
3.961617e+003,2.660919e+000
3.962100e+003,2.661816e+000
3.962582e+003,2.663250e+000
3.963064e+003,2.664870e+000
3.963546e+003,2.666340e+000
3.964028e+003,2.667394e+000
3.964510e+003,2.667833e+000
3.964992e+003,2.667503e+000
3.965474e+003,2.666292e+000
3.965957e+003,2.664108e+000
3.966439e+003,2.660924e+000
3.966921e+003,2.656810e+000
3.967403e+003,2.651973e+000
3.967885e+003,2.646760e+000
3.968367e+003,2.641619e+000
3.968849e+003,2.637032e+000
3.969332e+003,2.633419e+000
3.969813e+003,2.631062e+000
3.970296e+003,2.630068e+000
3.970778e+003,2.630375e+000
3.971260e+003,2.631781e+000
3.971742e+003,2.634002e+000
3.972224e+003,2.636711e+000
3.972706e+003,2.639588e+000
3.973188e+003,2.642338e+000
3.973671e+003,2.644714e+000
3.974153e+003,2.646550e+000
3.974635e+003,2.647772e+000
3.975117e+003,2.648407e+000
3.975599e+003,2.648570e+000
3.976081e+003,2.648420e+000
3.976563e+003,2.648101e+000
3.977045e+003,2.647695e+000
3.977528e+003,2.647183e+000
3.978010e+003,2.646472e+000
3.978492e+003,2.645410e+000
3.978974e+003,2.643860e+000
3.979456e+003,2.641744e+000
3.979938e+003,2.639064e+000
3.980420e+003,2.635903e+000
3.980902e+003,2.632403e+000
3.981385e+003,2.628739e+000
3.981867e+003,2.625106e+000
3.982349e+003,2.621724e+000
3.982831e+003,2.618841e+000
3.983313e+003,2.616745e+000
3.983795e+003,2.615725e+000
3.984277e+003,2.616014e+000
3.984760e+003,2.617722e+000
3.985242e+003,2.620747e+000
3.985724e+003,2.624752e+000
3.986206e+003,2.629178e+000
3.986688e+003,2.633328e+000
3.987170e+003,2.636483e+000
3.987652e+003,2.638040e+000
3.988134e+003,2.637625e+000
3.988616e+003,2.635175e+000
3.989099e+003,2.630940e+000
3.989581e+003,2.625458e+000
3.990063e+003,2.619454e+000
3.990545e+003,2.613710e+000
3.991027e+003,2.608940e+000
3.991509e+003,2.605675e+000
3.991991e+003,2.604185e+000
3.992473e+003,2.604453e+000
3.992956e+003,2.606198e+000
3.993438e+003,2.608948e+000
3.993920e+003,2.612133e+000
3.994402e+003,2.615182e+000
3.994884e+003,2.617634e+000
3.995366e+003,2.619178e+000
3.995848e+003,2.619683e+000
3.996330e+003,2.619171e+000
3.996813e+003,2.617769e+000
3.997295e+003,2.615659e+000
3.997777e+003,2.613025e+000
3.998259e+003,2.610034e+000
3.998741e+003,2.606844e+000
3.999223e+003,2.603600e+000
3.999705e+003,2.600460e+000
4.000188e+003,2.597612e+000
