3.996813e+002,0.000000e+000
4.001635e+002,5.459079e+001
4.006456e+002,5.465652e+001
4.011277e+002,5.467042e+001
4.016098e+002,5.464294e+001
4.020919e+002,5.458698e+001
4.025741e+002,5.451546e+001
4.030562e+002,5.444008e+001
4.035383e+002,5.436967e+001
4.040204e+002,5.430885e+001
4.045026e+002,5.425855e+001
4.049847e+002,5.421678e+001
4.054668e+002,5.418133e+001
4.059489e+002,5.415199e+001
4.064311e+002,5.413195e+001
4.069132e+002,5.412718e+001
4.073953e+002,5.414440e+001
4.078774e+002,5.418827e+001
4.083596e+002,5.425942e+001
4.088417e+002,5.435359e+001
4.093238e+002,5.446378e+001
4.098059e+002,5.458211e+001
4.102881e+002,5.470260e+001
4.107702e+002,5.482168e+001
4.112523e+002,5.493711e+001
4.117344e+002,5.504479e+001
4.122166e+002,5.513709e+001
4.126987e+002,5.520198e+001
4.131808e+002,5.522553e+001
4.136629e+002,5.519578e+001
4.141451e+002,5.510729e+001
4.146272e+002,5.496288e+001
4.151093e+002,5.477311e+001
4.155914e+002,5.455326e+001
4.160736e+002,5.432098e+001
4.165557e+002,5.409413e+001
4.170378e+002,5.389081e+001
4.175200e+002,5.372910e+001
4.180021e+002,5.362495e+001
4.184842e+002,5.358755e+001
4.189663e+002,5.361386e+001
4.194484e+002,5.368744e+001
4.199306e+002,5.378461e+001
4.204127e+002,5.388380e+001
4.208948e+002,5.397219e+001
4.213770e+002,5.404648e+001
4.218591e+002,5.411040e+001
4.223412e+002,5.417081e+001
4.228233e+002,5.423415e+001
4.233055e+002,5.430386e+001
4.237876e+002,5.437915e+001
4.242697e+002,5.445496e+001
4.247518e+002,5.452433e+001
4.252339e+002,5.458070e+001
4.257161e+002,5.462083e+001
4.261982e+002,5.464520e+001
4.266803e+002,5.465696e+001
4.271624e+002,5.465957e+001
4.276446e+002,5.465505e+001
4.281267e+002,5.464291e+001
4.286088e+002,5.462136e+001
4.290909e+002,5.458866e+001
4.295731e+002,5.454544e+001
4.300552e+002,5.449548e+001
4.305373e+002,5.444536e+001
4.310194e+002,5.440229e+001
4.315016e+002,5.437192e+001
4.319837e+002,5.435615e+001
4.324658e+002,5.435273e+001
4.329479e+002,5.435609e+001
4.334301e+002,5.435905e+001
4.339122e+002,5.435508e+001
4.343943e+002,5.433974e+001
4.348764e+002,5.431150e+001
4.353586e+002,5.427211e+001
4.358407e+002,5.422584e+001
4.363228e+002,5.417862e+001
4.368049e+002,5.413655e+001
4.372870e+002,5.410426e+001
4.377692e+002,5.408348e+001
4.382513e+002,5.407225e+001
4.387334e+002,5.406499e+001
4.392155e+002,5.405373e+001
4.396977e+002,5.403023e+001
4.401798e+002,5.398864e+001
4.406619e+002,5.392775e+001
4.411440e+002,5.385260e+001
4.416262e+002,5.377348e+001
4.421083e+002,5.370339e+001
4.425904e+002,5.365341e+001
4.430725e+002,5.362930e+001
4.435547e+002,5.362977e+001
4.440368e+002,5.364767e+001
4.445189e+002,5.367352e+001
4.450010e+002,5.369917e+001
4.454832e+002,5.372059e+001
4.459653e+002,5.373862e+001
4.464474e+002,5.375750e+001
4.469295e+002,5.378268e+001
4.474117e+002,5.381815e+001
4.478938e+002,5.386505e+001
4.483759e+002,5.392126e+001
4.488580e+002,5.398217e+001
4.493401e+002,5.404203e+001
4.498223e+002,5.409507e+001
4.503044e+002,5.413595e+001
4.507865e+002,5.416050e+001
4.512687e+002,5.416581e+001
4.517508e+002,5.415099e+001
4.522329e+002,5.411773e+001
4.527150e+002,5.407053e+001
4.531971e+002,5.401585e+001
4.536793e+002,5.396058e+001
4.541614e+002,5.391048e+001
4.546435e+002,5.386890e+001
4.551257e+002,5.383660e+001
4.556078e+002,5.381231e+001
4.560899e+002,5.379391e+001
4.565720e+002,5.377922e+001
4.570542e+002,5.376661e+001
4.575363e+002,5.375483e+001
4.580184e+002,5.374218e+001
4.585005e+002,5.372658e+001
4.589827e+002,5.370566e+001
4.594648e+002,5.367842e+001
4.599469e+002,5.364623e+001
4.604290e+002,5.361372e+001
4.609112e+002,5.358794e+001
4.613933e+002,5.357683e+001
4.618754e+002,5.358662e+001
4.623575e+002,5.361968e+001
4.628397e+002,5.367299e+001
4.633218e+002,5.373847e+001
4.638039e+002,5.380495e+001
4.642860e+002,5.386111e+001
4.647682e+002,5.389848e+001
4.652503e+002,5.391294e+001
4.657324e+002,5.390491e+001
4.662145e+002,5.387836e+001
4.666967e+002,5.383890e+001
4.671788e+002,5.379219e+001
4.676609e+002,5.374286e+001
4.681430e+002,5.369394e+001
4.686252e+002,5.364692e+001
4.691073e+002,5.360204e+001
4.695894e+002,5.355879e+001
4.700715e+002,5.351624e+001
4.705536e+002,5.347351e+001
4.710358e+002,5.343050e+001
4.715179e+002,5.338830e+001
4.720000e+002,5.334935e+001
4.724821e+002,5.331712e+001
4.729643e+002,5.329500e+001
4.734464e+002,5.328502e+001
4.739285e+002,5.328735e+001
4.744106e+002,5.330040e+001
4.748928e+002,5.332178e+001
4.753749e+002,5.334926e+001
4.758570e+002,5.338154e+001
4.763391e+002,5.341803e+001
4.768213e+002,5.345837e+001
4.773034e+002,5.350112e+001
4.777855e+002,5.354327e+001
4.782676e+002,5.357998e+001
4.787498e+002,5.360551e+001
4.792319e+002,5.361484e+001
4.797140e+002,5.360519e+001
4.801961e+002,5.357696e+001
4.806783e+002,5.353379e+001
4.811604e+002,5.348151e+001
4.816425e+002,5.342671e+001
4.821246e+002,5.337524e+001
4.826068e+002,5.333116e+001
4.830889e+002,5.329642e+001
4.835710e+002,5.327100e+001
4.840531e+002,5.325340e+001
4.845352e+002,5.324148e+001
4.850174e+002,5.323296e+001
4.854995e+002,5.322609e+001
4.859816e+002,5.321990e+001
4.864637e+002,5.321453e+001
4.869459e+002,5.321106e+001
4.874280e+002,5.321130e+001
4.879101e+002,5.321693e+001
4.883922e+002,5.322866e+001
4.888744e+002,5.324547e+001
4.893565e+002,5.326458e+001
4.898386e+002,5.328179e+001
4.903207e+002,5.329294e+001
4.908029e+002,5.329522e+001
4.912850e+002,5.328852e+001
4.917671e+002,5.327551e+001
4.922492e+002,5.326086e+001
4.927314e+002,5.324952e+001
4.932135e+002,5.324517e+001
4.936956e+002,5.324913e+001
4.941777e+002,5.326035e+001
4.946599e+002,5.327632e+001
4.951420e+002,5.329417e+001
4.956241e+002,5.331145e+001
4.961062e+002,5.332639e+001
4.965884e+002,5.333746e+001
4.970705e+002,5.334287e+001
4.975526e+002,5.334033e+001
4.980347e+002,5.332748e+001
4.985169e+002,5.330266e+001
4.989990e+002,5.326598e+001
4.994811e+002,5.322002e+001
4.999633e+002,5.316977e+001
5.004454e+002,5.312164e+001
5.009275e+002,5.308219e+001
5.014096e+002,5.305622e+001
5.018917e+002,5.304576e+001
5.023739e+002,5.304946e+001
5.028560e+002,5.306334e+001
5.033381e+002,5.308210e+001
5.038203e+002,5.310065e+001
5.043024e+002,5.311505e+001
5.047845e+002,5.312309e+001
5.052666e+002,5.312410e+001
5.057487e+002,5.311875e+001
5.062309e+002,5.310868e+001
5.067130e+002,5.309610e+001
5.071951e+002,5.308338e+001
5.076772e+002,5.307256e+001
5.081594e+002,5.306490e+001
5.086415e+002,5.306073e+001
5.091236e+002,5.305971e+001
5.096057e+002,5.306119e+001
5.100879e+002,5.306474e+001
5.105700e+002,5.307035e+001
5.110521e+002,5.307835e+001
5.115342e+002,5.308894e+001
5.120164e+002,5.310154e+001
5.124985e+002,5.311456e+001
5.129806e+002,5.312556e+001
5.134627e+002,5.313178e+001
5.139448e+002,5.313121e+001
5.144270e+002,5.312322e+001
5.149091e+002,5.310882e+001
5.153912e+002,5.309030e+001
5.158734e+002,5.307021e+001
5.163555e+002,5.305051e+001
5.168376e+002,5.303188e+001
5.173197e+002,5.301369e+001
5.178019e+002,5.299490e+001
5.182840e+002,5.297495e+001
5.187661e+002,5.295460e+001
5.192482e+002,5.293597e+001
5.197303e+002,5.292174e+001
5.202125e+002,5.291420e+001
5.206946e+002,5.291422e+001
5.211767e+002,5.292088e+001
5.216588e+002,5.293177e+001
5.221410e+002,5.294378e+001
5.226231e+002,5.295398e+001
5.231052e+002,5.296050e+001
5.235873e+002,5.296268e+001
5.240695e+002,5.296127e+001
5.245516e+002,5.295789e+001
5.250337e+002,5.295465e+001
5.255159e+002,5.295361e+001
5.259980e+002,5.295619e+001
5.264801e+002,5.296294e+001
5.269622e+002,5.297326e+001
5.274443e+002,5.298549e+001
5.279265e+002,5.299733e+001
5.284086e+002,5.300628e+001
5.288907e+002,5.301030e+001
5.293728e+002,5.300843e+001
5.298550e+002,5.300096e+001
5.303371e+002,5.298956e+001
5.308192e+002,5.297667e+001
5.313013e+002,5.296500e+001
5.317834e+002,5.295677e+001
5.322656e+002,5.295321e+001
5.327477e+002,5.295452e+001
5.332299e+002,5.295997e+001
5.337120e+002,5.296829e+001
5.341941e+002,5.297790e+001
5.346762e+002,5.298709e+001
5.351583e+002,5.299394e+001
5.356404e+002,5.299643e+001
5.361226e+002,5.299275e+001
5.366047e+002,5.298179e+001
5.370868e+002,5.296381e+001
5.375690e+002,5.294079e+001
5.380511e+002,5.291640e+001
5.385332e+002,5.289532e+001
5.390153e+002,5.288208e+001
5.394974e+002,5.287998e+001
5.399796e+002,5.289011e+001
5.404617e+002,5.291114e+001
5.409438e+002,5.293982e+001
5.414260e+002,5.297166e+001
5.419081e+002,5.300214e+001
5.423902e+002,5.302752e+001
5.428723e+002,5.304517e+001
5.433544e+002,5.305375e+001
5.438365e+002,5.305297e+001
5.443187e+002,5.304347e+001
5.448008e+002,5.302666e+001
5.452830e+002,5.300452e+001
5.457651e+002,5.297956e+001
5.462472e+002,5.295432e+001
5.467293e+002,5.293094e+001
5.472114e+002,5.291079e+001
5.476936e+002,5.289419e+001
5.481757e+002,5.288069e+001
5.486578e+002,5.286929e+001
5.491400e+002,5.285912e+001
5.496221e+002,5.284965e+001
5.501042e+002,5.284079e+001
5.505863e+002,5.283274e+001
5.510684e+002,5.282561e+001
5.515505e+002,5.281921e+001
5.520327e+002,5.281311e+001
5.525148e+002,5.280680e+001
5.529969e+002,5.279999e+001
5.534791e+002,5.279284e+001
5.539612e+002,5.278598e+001
5.544433e+002,5.278007e+001
5.549254e+002,5.277555e+001
5.554076e+002,5.277231e+001
5.558896e+002,5.276962e+001
5.563718e+002,5.276651e+001
5.568539e+002,5.276219e+001
5.573361e+002,5.275634e+001
5.578182e+002,5.274947e+001
5.583003e+002,5.274246e+001
5.587825e+002,5.273655e+001
5.592645e+002,5.273267e+001
5.597467e+002,5.273125e+001
5.602288e+002,5.273220e+001
5.607109e+002,5.273493e+001
5.611931e+002,5.273864e+001
5.616752e+002,5.274231e+001
5.621573e+002,5.274495e+001
5.626394e+002,5.274537e+001
5.631216e+002,5.274243e+001
5.636037e+002,5.273500e+001
5.640858e+002,5.272227e+001
5.645679e+002,5.270390e+001
5.650500e+002,5.268018e+001
5.655322e+002,5.265200e+001
5.660143e+002,5.262070e+001
5.664965e+002,5.258791e+001
5.669785e+002,5.255536e+001
5.674607e+002,5.252490e+001
5.679428e+002,5.249844e+001
5.684249e+002,5.247794e+001
5.689070e+002,5.246509e+001
5.693892e+002,5.246095e+001
5.698713e+002,5.246534e+001
5.703534e+002,5.247670e+001
5.708356e+002,5.249198e+001
5.713177e+002,5.250724e+001
5.717998e+002,5.251850e+001
5.722819e+002,5.252258e+001
5.727640e+002,5.251791e+001
5.732462e+002,5.250482e+001
5.737283e+002,5.248524e+001
5.742104e+002,5.246216e+001
5.746925e+002,5.243877e+001
5.751747e+002,5.241772e+001
5.756568e+002,5.240066e+001
5.761389e+002,5.238797e+001
5.766210e+002,5.237912e+001
5.771031e+002,5.237297e+001
5.775853e+002,5.236831e+001
5.780674e+002,5.236429e+001
5.785496e+002,5.236061e+001
5.790317e+002,5.235757e+001
5.795138e+002,5.235593e+001
5.799959e+002,5.235651e+001
5.804780e+002,5.235985e+001
5.809601e+002,5.236585e+001
5.814423e+002,5.237356e+001
5.819244e+002,5.238136e+001
5.824066e+002,5.238733e+001
5.828887e+002,5.238982e+001
5.833708e+002,5.238805e+001
5.838529e+002,5.238225e+001
5.843350e+002,5.237365e+001
5.848171e+002,5.236397e+001
5.852993e+002,5.235471e+001
5.857814e+002,5.234674e+001
5.862635e+002,5.233991e+001
5.867457e+002,5.233328e+001
5.872278e+002,5.232553e+001
5.877099e+002,5.231546e+001
5.881920e+002,5.230240e+001
5.886741e+002,5.228634e+001
5.891563e+002,5.226780e+001
5.896384e+002,5.224764e+001
5.901205e+002,5.222685e+001
5.906027e+002,5.220649e+001
5.910848e+002,5.218763e+001
5.915669e+002,5.217143e+001
5.920490e+002,5.215892e+001
5.925311e+002,5.215069e+001
5.930133e+002,5.214663e+001
5.934954e+002,5.214573e+001
5.939775e+002,5.214612e+001
5.944597e+002,5.214558e+001
5.949418e+002,5.214201e+001
5.954239e+002,5.213406e+001
5.959060e+002,5.212135e+001
5.963882e+002,5.210457e+001
5.968702e+002,5.208499e+001
5.973524e+002,5.206416e+001
5.978345e+002,5.204345e+001
5.983167e+002,5.202395e+001
5.987988e+002,5.200648e+001
5.992809e+002,5.199174e+001
5.997630e+002,5.198042e+001
6.002451e+002,5.197309e+001
6.007273e+002,5.197001e+001
6.012094e+002,5.197095e+001
6.016915e+002,5.197511e+001
6.021736e+002,5.198128e+001
6.026558e+002,5.198818e+001
6.031379e+002,5.199479e+001
6.036200e+002,5.200068e+001
6.041022e+002,5.200584e+001
6.045842e+002,5.201056e+001
6.050664e+002,5.201514e+001
6.055485e+002,5.201957e+001
6.060306e+002,5.202361e+001
6.065128e+002,5.202679e+001
6.069949e+002,5.202873e+001
6.074770e+002,5.202914e+001
6.079591e+002,5.202791e+001
6.084413e+002,5.202491e+001
6.089234e+002,5.202000e+001
6.094055e+002,5.201302e+001
6.098876e+002,5.200407e+001
6.103698e+002,5.199363e+001
6.108519e+002,5.198278e+001
6.113340e+002,5.197292e+001
6.118162e+002,5.196519e+001
6.122983e+002,5.195978e+001
6.127804e+002,5.195542e+001
6.132625e+002,5.194935e+001
6.137446e+002,5.193794e+001
6.142267e+002,5.191783e+001
6.147089e+002,5.188725e+001
6.151910e+002,5.184701e+001
6.156731e+002,5.180077e+001
6.161553e+002,5.175428e+001
6.166374e+002,5.171410e+001
6.171195e+002,5.168589e+001
6.176016e+002,5.167295e+001
6.180837e+002,5.167568e+001
6.185659e+002,5.169175e+001
6.190480e+002,5.171701e+001
6.195302e+002,5.174675e+001
6.200123e+002,5.177659e+001
6.204944e+002,5.180331e+001
6.209765e+002,5.182476e+001
6.214586e+002,5.183992e+001
6.219407e+002,5.184850e+001
6.224229e+002,5.185073e+001
6.229050e+002,5.184730e+001
6.233871e+002,5.183917e+001
6.238693e+002,5.182756e+001
6.243514e+002,5.181388e+001
6.248335e+002,5.179944e+001
6.253156e+002,5.178542e+001
6.257977e+002,5.177253e+001
6.262798e+002,5.176113e+001
6.267620e+002,5.175105e+001
6.272441e+002,5.174178e+001
6.277263e+002,5.173253e+001
6.282084e+002,5.172250e+001
6.286905e+002,5.171098e+001
6.291726e+002,5.169762e+001
6.296547e+002,5.168256e+001
6.301368e+002,5.166644e+001
6.306190e+002,5.165021e+001
6.311011e+002,5.163487e+001
6.315833e+002,5.162107e+001
6.320654e+002,5.160879e+001
6.325475e+002,5.159738e+001
6.330296e+002,5.158567e+001
6.335117e+002,5.157249e+001
6.339939e+002,5.155708e+001
6.344760e+002,5.153947e+001
6.349581e+002,5.152057e+001
6.354402e+002,5.150168e+001
6.359224e+002,5.148415e+001
6.364045e+002,5.146864e+001
6.368866e+002,5.145484e+001
6.373687e+002,5.144139e+001
6.378508e+002,5.142625e+001
6.383330e+002,5.140721e+001
6.388151e+002,5.138255e+001
6.392972e+002,5.135140e+001
6.397794e+002,5.131408e+001
6.402615e+002,5.127188e+001
6.407436e+002,5.122697e+001
6.412257e+002,5.118175e+001
6.417079e+002,5.113843e+001
6.421899e+002,5.109863e+001
6.426721e+002,5.106300e+001
6.431542e+002,5.103104e+001
6.436364e+002,5.100138e+001
6.441185e+002,5.097195e+001
6.446006e+002,5.094065e+001
6.450827e+002,5.090583e+001
6.455648e+002,5.086688e+001
6.460470e+002,5.082429e+001
6.465291e+002,5.077964e+001
6.470112e+002,5.073516e+001
6.474933e+002,5.069318e+001
6.479755e+002,5.065562e+001
6.484576e+002,5.062360e+001
6.489397e+002,5.059755e+001
6.494219e+002,5.057714e+001
6.499040e+002,5.056185e+001
6.503861e+002,5.055107e+001
6.508682e+002,5.054435e+001
6.513503e+002,5.054150e+001
6.518325e+002,5.054234e+001
6.523146e+002,5.054683e+001
6.527968e+002,5.055488e+001
6.532788e+002,5.056639e+001
6.537610e+002,5.058121e+001
6.542431e+002,5.059919e+001
6.547252e+002,5.062003e+001
6.552073e+002,5.064323e+001
6.556895e+002,5.066825e+001
6.561716e+002,5.069452e+001
6.566537e+002,5.072169e+001
6.571359e+002,5.074976e+001
6.576179e+002,5.077916e+001
6.581001e+002,5.081054e+001
6.585822e+002,5.084439e+001
6.590643e+002,5.088098e+001
6.595464e+002,5.092009e+001
6.600286e+002,5.096126e+001
6.605107e+002,5.100407e+001
6.609928e+002,5.104838e+001
6.614750e+002,5.109410e+001
6.619571e+002,5.114056e+001
6.624392e+002,5.118539e+001
6.629213e+002,5.122331e+001
6.634034e+002,5.124543e+001
6.638856e+002,5.123910e+001
6.643677e+002,5.118856e+001
6.648499e+002,5.107605e+001
6.653320e+002,5.088408e+001
6.658141e+002,5.059933e+001
6.662962e+002,5.022015e+001
6.667783e+002,4.976760e+001
6.672605e+002,4.929629e+001
6.677426e+002,4.889278e+001
6.682247e+002,4.864906e+001
6.687068e+002,4.861885e+001
6.691890e+002,4.879094e+001
6.696711e+002,4.910294e+001
6.701532e+002,4.947790e+001
6.706353e+002,4.985261e+001
6.711174e+002,5.018705e+001
6.715996e+002,5.046157e+001
6.720817e+002,5.067084e+001
6.725638e+002,5.081870e+001
6.730460e+002,5.091430e+001
6.735281e+002,5.096942e+001
6.740102e+002,5.099594e+001
6.744923e+002,5.100409e+001
6.749745e+002,5.100130e+001
6.754565e+002,5.099224e+001
6.759387e+002,5.097948e+001
6.764208e+002,5.096461e+001
6.769030e+002,5.094905e+001
6.773851e+002,5.093440e+001
6.778672e+002,5.092231e+001
6.783493e+002,5.091415e+001
6.788314e+002,5.091062e+001
6.793136e+002,5.091181e+001
6.797957e+002,5.091745e+001
6.802778e+002,5.092723e+001
6.807599e+002,5.094106e+001
6.812421e+002,5.095919e+001
6.817242e+002,5.098196e+001
6.822063e+002,5.100948e+001
6.826885e+002,5.104153e+001
6.831705e+002,5.107737e+001
6.836527e+002,5.111592e+001
6.841348e+002,5.115591e+001
6.846169e+002,5.119616e+001
6.850991e+002,5.123565e+001
6.855812e+002,5.127368e+001
6.860634e+002,5.130982e+001
6.865454e+002,5.134410e+001
6.870276e+002,5.137707e+001
6.875096e+002,5.140990e+001
6.879918e+002,5.144435e+001
6.884739e+002,5.148248e+001
6.889561e+002,5.152624e+001
6.894382e+002,5.157684e+001
6.899203e+002,5.163441e+001
6.904025e+002,5.169784e+001
6.908845e+002,5.176501e+001
6.913667e+002,5.183330e+001
6.918488e+002,5.190023e+001
6.923309e+002,5.196391e+001
6.928130e+002,5.202335e+001
6.932952e+002,5.207841e+001
6.937773e+002,5.212943e+001
6.942594e+002,5.217694e+001
6.947416e+002,5.222148e+001
6.952236e+002,5.226332e+001
6.957058e+002,5.230269e+001
6.961879e+002,5.233989e+001
6.966700e+002,5.237539e+001
6.971522e+002,5.240987e+001
6.976343e+002,5.244416e+001
6.981165e+002,5.247906e+001
6.985985e+002,5.251517e+001
6.990807e+002,5.255272e+001
6.995628e+002,5.259153e+001
7.000449e+002,5.263098e+001
7.005270e+002,5.267016e+001
7.010092e+002,5.270800e+001
7.014913e+002,5.274360e+001
7.019734e+002,5.277642e+001
7.024556e+002,5.280658e+001
7.029377e+002,5.283481e+001
7.034198e+002,5.286238e+001
7.039019e+002,5.289066e+001
7.043840e+002,5.292080e+001
7.048662e+002,5.295322e+001
7.053483e+002,5.298764e+001
7.058304e+002,5.302319e+001
7.063125e+002,5.305891e+001
7.067947e+002,5.309409e+001
7.072768e+002,5.312858e+001
7.077589e+002,5.316266e+001
7.082410e+002,5.319670e+001
7.087231e+002,5.323045e+001
7.092053e+002,5.326274e+001
7.096874e+002,5.329144e+001
7.101696e+002,5.331377e+001
7.106517e+002,5.332721e+001
7.111338e+002,5.333030e+001
7.116159e+002,5.332333e+001
7.120980e+002,5.330844e+001
7.125802e+002,5.328927e+001
7.130623e+002,5.327002e+001
7.135444e+002,5.325455e+001
7.140265e+002,5.324535e+001
7.145087e+002,5.324310e+001
7.149908e+002,5.324651e+001
7.154729e+002,5.325267e+001
7.159550e+002,5.325777e+001
7.164371e+002,5.325794e+001
7.169193e+002,5.325029e+001
7.174014e+002,5.323365e+001
7.178835e+002,5.320915e+001
7.183657e+002,5.318025e+001
7.188478e+002,5.315211e+001
7.193299e+002,5.313066e+001
7.198120e+002,5.312103e+001
7.202942e+002,5.312620e+001
7.207762e+002,5.314626e+001
7.212584e+002,5.317838e+001
7.217405e+002,5.321768e+001
7.222227e+002,5.325868e+001
7.227048e+002,5.329681e+001
7.231869e+002,5.332934e+001
7.236691e+002,5.335584e+001
7.241511e+002,5.337766e+001
7.246333e+002,5.339704e+001
7.251154e+002,5.341622e+001
7.255975e+002,5.343657e+001
7.260797e+002,5.345829e+001
7.265618e+002,5.348048e+001
7.270439e+002,5.350159e+001
7.275260e+002,5.351982e+001
7.280082e+002,5.353358e+001
7.284902e+002,5.354168e+001
7.289724e+002,5.354346e+001
7.294545e+002,5.353875e+001
7.299366e+002,5.352784e+001
7.304188e+002,5.351155e+001
7.309009e+002,5.349097e+001
7.313831e+002,5.346754e+001
7.318651e+002,5.344291e+001
7.323473e+002,5.341880e+001
7.328293e+002,5.339714e+001
7.333115e+002,5.338004e+001
7.337936e+002,5.336974e+001
7.342758e+002,5.336857e+001
7.347579e+002,5.337844e+001
7.352400e+002,5.340038e+001
7.357222e+002,5.343386e+001
7.362042e+002,5.347659e+001
7.366864e+002,5.352443e+001
7.371685e+002,5.357211e+001
7.376506e+002,5.361404e+001
7.381328e+002,5.364557e+001
7.386149e+002,5.366380e+001
7.390970e+002,5.366811e+001
7.395791e+002,5.365994e+001
7.400613e+002,5.364227e+001
7.405434e+002,5.361872e+001
7.410255e+002,5.359284e+001
7.415076e+002,5.356761e+001
7.419897e+002,5.354527e+001
7.424719e+002,5.352737e+001
7.429540e+002,5.351494e+001
7.434362e+002,5.350852e+001
7.439182e+002,5.350827e+001
7.444004e+002,5.351388e+001
7.448825e+002,5.352458e+001
7.453646e+002,5.353919e+001
7.458467e+002,5.355627e+001
7.463289e+002,5.357429e+001
7.468110e+002,5.359175e+001
7.472931e+002,5.360736e+001
7.477753e+002,5.362000e+001
7.482574e+002,5.362881e+001
7.487395e+002,5.363330e+001
7.492216e+002,5.363339e+001
7.497037e+002,5.362958e+001
7.501859e+002,5.362289e+001
7.506680e+002,5.361480e+001
7.511501e+002,5.360690e+001
7.516322e+002,5.360072e+001
7.521144e+002,5.359732e+001
7.525965e+002,5.359723e+001
7.530786e+002,5.360035e+001
7.535608e+002,5.360614e+001
7.540428e+002,5.361372e+001
7.545250e+002,5.362214e+001
7.550071e+002,5.363043e+001
7.554893e+002,5.363784e+001
7.559714e+002,5.364390e+001
7.564535e+002,5.364853e+001
7.569356e+002,5.365206e+001
7.574177e+002,5.365522e+001
7.578999e+002,5.365894e+001
7.583820e+002,5.366402e+001
7.588641e+002,5.367095e+001
7.593463e+002,5.367964e+001
7.598284e+002,5.368937e+001
7.603105e+002,5.369901e+001
7.607926e+002,5.370728e+001
7.612748e+002,5.371315e+001
7.617568e+002,5.371594e+001
7.622390e+002,5.371550e+001
7.627211e+002,5.371199e+001
7.632032e+002,5.370579e+001
7.636854e+002,5.369727e+001
7.641675e+002,5.368686e+001
7.646496e+002,5.367493e+001
7.651317e+002,5.366204e+001
7.656139e+002,5.364879e+001
7.660959e+002,5.363588e+001
7.665781e+002,5.362394e+001
7.670602e+002,5.361342e+001
7.675424e+002,5.360455e+001
7.680245e+002,5.359744e+001
7.685066e+002,5.359214e+001
7.689888e+002,5.358884e+001
7.694708e+002,5.358770e+001
7.699530e+002,5.358880e+001
7.704351e+002,5.359187e+001
7.709172e+002,5.359618e+001
7.713994e+002,5.360049e+001
7.718815e+002,5.360340e+001
7.723636e+002,5.360372e+001
7.728457e+002,5.360088e+001
7.733279e+002,5.359522e+001
7.738099e+002,5.358792e+001
7.742921e+002,5.358064e+001
7.747742e+002,5.357507e+001
7.752563e+002,5.357248e+001
7.757385e+002,5.357341e+001
7.762206e+002,5.357762e+001
7.767028e+002,5.358431e+001
7.771848e+002,5.359237e+001
7.776670e+002,5.360067e+001
7.781491e+002,5.360822e+001
7.786312e+002,5.361430e+001
7.791133e+002,5.361845e+001
7.795955e+002,5.362057e+001
7.800776e+002,5.362083e+001
7.805597e+002,5.361969e+001
7.810419e+002,5.361773e+001
7.815239e+002,5.361559e+001
7.820061e+002,5.361366e+001
7.824882e+002,5.361201e+001
7.829703e+002,5.361044e+001
7.834525e+002,5.360857e+001
7.839346e+002,5.360611e+001
7.844167e+002,5.360306e+001
7.848988e+002,5.359981e+001
7.853810e+002,5.359692e+001
7.858631e+002,5.359487e+001
7.863452e+002,5.359373e+001
7.868273e+002,5.359305e+001
7.873094e+002,5.359185e+001
7.877916e+002,5.358895e+001
7.882737e+002,5.358332e+001
7.887559e+002,5.357441e+001
7.892380e+002,5.356244e+001
7.897201e+002,5.354820e+001
7.902022e+002,5.353296e+001
7.906843e+002,5.351808e+001
7.911665e+002,5.350482e+001
7.916486e+002,5.349416e+001
7.921307e+002,5.348671e+001
7.926128e+002,5.348277e+001
7.930950e+002,5.348216e+001
7.935771e+002,5.348445e+001
7.940592e+002,5.348889e+001
7.945413e+002,5.349454e+001
7.950234e+002,5.350059e+001
7.955056e+002,5.350640e+001
7.959877e+002,5.351168e+001
7.964698e+002,5.351646e+001
7.969520e+002,5.352084e+001
7.974341e+002,5.352481e+001
7.979162e+002,5.352802e+001
7.983983e+002,5.352975e+001
7.988805e+002,5.352913e+001
7.993625e+002,5.352539e+001
7.998447e+002,5.351825e+001
8.003268e+002,5.350803e+001
8.008090e+002,5.349557e+001
8.012911e+002,5.348198e+001
8.017732e+002,5.346830e+001
8.022553e+002,5.345527e+001
8.027374e+002,5.344323e+001
8.032196e+002,5.343236e+001
8.037017e+002,5.342273e+001
8.041838e+002,5.341457e+001
8.046660e+002,5.340820e+001
8.051481e+002,5.340390e+001
8.056302e+002,5.340171e+001
8.061123e+002,5.340127e+001
8.065945e+002,5.340183e+001
8.070765e+002,5.340245e+001
8.075587e+002,5.340219e+001
8.080408e+002,5.340032e+001
8.085229e+002,5.339642e+001
8.090051e+002,5.339035e+001
8.094872e+002,5.338208e+001
8.099694e+002,5.337167e+001
8.104514e+002,5.335929e+001
8.109336e+002,5.334529e+001
8.114156e+002,5.333035e+001
8.118978e+002,5.331538e+001
8.123799e+002,5.330149e+001
8.128621e+002,5.328955e+001
8.133442e+002,5.328002e+001
8.138263e+002,5.327277e+001
8.143085e+002,5.326711e+001
8.147905e+002,5.326212e+001
8.152727e+002,5.325694e+001
8.157548e+002,5.325115e+001
8.162369e+002,5.324479e+001
8.167191e+002,5.323821e+001
8.172012e+002,5.323189e+001
8.176833e+002,5.322613e+001
8.181654e+002,5.322090e+001
8.186476e+002,5.321591e+001
8.191296e+002,5.321082e+001
8.196118e+002,5.320535e+001
8.200939e+002,5.319945e+001
8.205760e+002,5.319325e+001
8.210582e+002,5.318692e+001
8.215403e+002,5.318047e+001
8.220225e+002,5.317377e+001
8.225045e+002,5.316650e+001
8.229867e+002,5.315831e+001
8.234688e+002,5.314902e+001
8.239509e+002,5.313867e+001
8.244330e+002,5.312754e+001
8.249152e+002,5.311613e+001
8.253973e+002,5.310495e+001
8.258794e+002,5.309452e+001
8.263616e+002,5.308530e+001
8.268437e+002,5.307764e+001
8.273258e+002,5.307172e+001
8.278079e+002,5.306757e+001
8.282900e+002,5.306486e+001
8.287722e+002,5.306299e+001
8.292543e+002,5.306111e+001
8.297365e+002,5.305831e+001
8.302185e+002,5.305392e+001
8.307007e+002,5.304764e+001
8.311828e+002,5.303972e+001
8.316649e+002,5.303078e+001
8.321470e+002,5.302163e+001
8.326292e+002,5.301296e+001
8.331113e+002,5.300515e+001
8.335934e+002,5.299823e+001
8.340756e+002,5.299192e+001
8.345577e+002,5.298589e+001
8.350398e+002,5.297982e+001
8.355219e+002,5.297347e+001
8.360040e+002,5.296662e+001
8.364862e+002,5.295895e+001
8.369683e+002,5.295010e+001
8.374504e+002,5.293956e+001
8.379325e+002,5.292706e+001
8.384147e+002,5.291254e+001
8.388968e+002,5.289637e+001
8.393789e+002,5.287922e+001
8.398610e+002,5.286195e+001
8.403431e+002,5.284535e+001
8.408253e+002,5.282989e+001
8.413074e+002,5.281585e+001
8.417896e+002,5.280321e+001
8.422717e+002,5.279196e+001
8.427538e+002,5.278216e+001
8.432359e+002,5.277392e+001
8.437180e+002,5.276732e+001
8.442002e+002,5.276226e+001
8.446823e+002,5.275832e+001
8.451644e+002,5.275481e+001
8.456465e+002,5.275086e+001
8.461287e+002,5.274570e+001
8.466108e+002,5.273885e+001
8.470929e+002,5.273017e+001
8.475751e+002,5.271978e+001
8.480571e+002,5.270798e+001
8.485393e+002,5.269497e+001
8.490214e+002,5.268091e+001
8.495035e+002,5.266586e+001
8.499857e+002,5.264994e+001
8.504678e+002,5.263349e+001
8.509499e+002,5.261700e+001
8.514320e+002,5.260112e+001
8.519142e+002,5.258644e+001
8.523962e+002,5.257335e+001
8.528784e+002,5.256193e+001
8.533605e+002,5.255190e+001
8.538427e+002,5.254280e+001
8.543248e+002,5.253399e+001
8.548069e+002,5.252483e+001
8.552891e+002,5.251470e+001
8.557711e+002,5.250317e+001
8.562533e+002,5.248987e+001
8.567354e+002,5.247474e+001
8.572175e+002,5.245795e+001
8.576996e+002,5.243997e+001
8.581818e+002,5.242146e+001
8.586639e+002,5.240315e+001
8.591460e+002,5.238562e+001
8.596282e+002,5.236913e+001
8.601102e+002,5.235352e+001
8.605924e+002,5.233839e+001
8.610745e+002,5.232322e+001
8.615566e+002,5.230752e+001
8.620388e+002,5.229107e+001
8.625209e+002,5.227387e+001
8.630031e+002,5.225613e+001
8.634851e+002,5.223809e+001
8.639673e+002,5.222003e+001
8.644494e+002,5.220219e+001
8.649315e+002,5.218479e+001
8.654136e+002,5.216819e+001
8.658958e+002,5.215276e+001
8.663779e+002,5.213880e+001
8.668600e+002,5.212633e+001
8.673422e+002,5.211499e+001
8.678242e+002,5.210403e+001
8.683064e+002,5.209246e+001
8.687885e+002,5.207935e+001
8.692706e+002,5.206410e+001
8.697527e+002,5.204667e+001
8.702349e+002,5.202749e+001
8.707170e+002,5.200732e+001
8.711991e+002,5.198685e+001
8.716813e+002,5.196652e+001
8.721634e+002,5.194630e+001
8.726455e+002,5.192582e+001
8.731276e+002,5.190449e+001
8.736097e+002,5.188182e+001
8.740919e+002,5.185755e+001
8.745740e+002,5.183169e+001
8.750562e+002,5.180457e+001
8.755382e+002,5.177668e+001
8.760204e+002,5.174857e+001
8.765025e+002,5.172087e+001
8.769846e+002,5.169417e+001
8.774668e+002,5.166903e+001
8.779489e+002,5.164580e+001
8.784310e+002,5.162461e+001
8.789131e+002,5.160520e+001
8.793953e+002,5.158692e+001
8.798774e+002,5.156884e+001
8.803595e+002,5.154996e+001
8.808416e+002,5.152942e+001
8.813237e+002,5.150665e+001
8.818059e+002,5.148148e+001
8.822880e+002,5.145400e+001
8.827701e+002,5.142446e+001
8.832523e+002,5.139314e+001
8.837344e+002,5.136021e+001
8.842165e+002,5.132581e+001
8.846986e+002,5.129005e+001
8.851808e+002,5.125309e+001
8.856628e+002,5.121510e+001
8.861450e+002,5.117634e+001
8.866271e+002,5.113700e+001
8.871093e+002,5.109723e+001
8.875914e+002,5.105711e+001
8.880735e+002,5.101673e+001
8.885556e+002,5.097624e+001
8.890377e+002,5.093581e+001
8.895199e+002,5.089565e+001
8.900020e+002,5.085576e+001
8.904841e+002,5.081597e+001
8.909662e+002,5.077581e+001
8.914484e+002,5.073464e+001
8.919305e+002,5.069171e+001
8.924126e+002,5.064638e+001
8.928948e+002,5.059823e+001
8.933768e+002,5.054705e+001
8.938590e+002,5.049279e+001
8.943411e+002,5.043553e+001
8.948232e+002,5.037539e+001
8.953054e+002,5.031246e+001
8.957875e+002,5.024697e+001
8.962697e+002,5.017922e+001
8.967517e+002,5.010963e+001
8.972339e+002,5.003865e+001
8.977159e+002,4.996649e+001
8.981981e+002,4.989314e+001
8.986802e+002,4.981819e+001
8.991624e+002,4.974092e+001
8.996445e+002,4.966047e+001
9.001266e+002,4.957602e+001
9.006088e+002,4.948699e+001
9.010908e+002,4.939311e+001
9.015730e+002,4.929449e+001
9.020551e+002,4.919140e+001
9.025372e+002,4.908429e+001
9.030193e+002,4.897364e+001
9.035015e+002,4.885988e+001
9.039836e+002,4.874339e+001
9.044657e+002,4.862448e+001
9.049479e+002,4.850333e+001
9.054299e+002,4.838009e+001
9.059121e+002,4.825482e+001
9.063942e+002,4.812766e+001
9.068763e+002,4.799883e+001
9.073585e+002,4.786874e+001
9.078406e+002,4.773792e+001
9.083228e+002,4.760690e+001
9.088048e+002,4.747602e+001
9.092870e+002,4.734528e+001
9.097691e+002,4.721421e+001
9.102512e+002,4.708202e+001
9.107333e+002,4.694771e+001
9.112155e+002,4.681041e+001
9.116976e+002,4.666959e+001
9.121797e+002,4.652523e+001
9.126619e+002,4.637774e+001
9.131440e+002,4.622792e+001
9.136261e+002,4.607666e+001
9.141082e+002,4.592479e+001
9.145903e+002,4.577304e+001
9.150724e+002,4.562194e+001
9.155546e+002,4.547189e+001
9.160367e+002,4.532317e+001
9.165189e+002,4.517599e+001
9.170010e+002,4.503044e+001
9.174831e+002,4.488653e+001
9.179652e+002,4.474409e+001
9.184473e+002,4.460290e+001
9.189294e+002,4.446266e+001
9.194116e+002,4.432306e+001
9.198937e+002,4.418376e+001
9.203759e+002,4.404452e+001
9.208580e+002,4.390504e+001
9.213401e+002,4.376507e+001
9.218222e+002,4.362443e+001
9.223043e+002,4.348304e+001
9.227864e+002,4.334093e+001
9.232686e+002,4.319827e+001
9.237507e+002,4.305534e+001
9.242328e+002,4.291245e+001
9.247150e+002,4.276983e+001
9.251971e+002,4.262769e+001
9.256792e+002,4.248611e+001
9.261613e+002,4.234515e+001
9.266434e+002,4.220491e+001
9.271255e+002,4.206548e+001
9.276077e+002,4.192699e+001
9.280898e+002,4.178966e+001
9.285720e+002,4.165368e+001
9.290541e+002,4.151925e+001
9.295362e+002,4.138666e+001
9.300183e+002,4.125623e+001
9.305004e+002,4.112835e+001
9.309826e+002,4.100343e+001
9.314647e+002,4.088181e+001
9.319468e+002,4.076363e+001
9.324290e+002,4.064881e+001
9.329111e+002,4.053700e+001
9.333932e+002,4.042764e+001
9.338753e+002,4.032016e+001
9.343574e+002,4.021403e+001
9.348396e+002,4.010902e+001
9.353217e+002,4.000515e+001
9.358038e+002,3.990289e+001
9.362859e+002,3.980290e+001
9.367681e+002,3.970606e+001
9.372502e+002,3.961329e+001
9.377323e+002,3.952541e+001
9.382144e+002,3.944305e+001
9.386966e+002,3.936658e+001
9.391787e+002,3.929610e+001
9.396608e+002,3.923153e+001
9.401429e+002,3.917265e+001
9.406251e+002,3.911927e+001
9.411072e+002,3.907128e+001
9.415893e+002,3.902866e+001
9.420714e+002,3.899149e+001
9.425536e+002,3.895989e+001
9.430357e+002,3.893390e+001
9.435178e+002,3.891352e+001
9.439999e+002,3.889870e+001
9.444821e+002,3.888935e+001
9.449642e+002,3.888542e+001
9.454463e+002,3.888692e+001
9.459284e+002,3.889396e+001
9.464106e+002,3.890661e+001
9.468927e+002,3.892494e+001
9.473748e+002,3.894897e+001
9.478569e+002,3.897867e+001
9.483391e+002,3.901398e+001
9.488212e+002,3.905482e+001
9.493033e+002,3.910115e+001
9.497855e+002,3.915290e+001
9.502676e+002,3.920995e+001
9.507497e+002,3.927206e+001
9.512318e+002,3.933887e+001
9.517139e+002,3.940993e+001
9.521960e+002,3.948470e+001
9.526782e+002,3.956264e+001
9.531603e+002,3.964325e+001
9.536425e+002,3.972612e+001
9.541246e+002,3.981089e+001
9.546067e+002,3.989725e+001
9.550888e+002,3.998489e+001
9.555709e+002,4.007345e+001
9.560530e+002,4.016258e+001
9.565352e+002,4.025196e+001
9.570173e+002,4.034121e+001
9.574995e+002,4.043008e+001
9.579816e+002,4.051831e+001
9.584637e+002,4.060569e+001
9.589458e+002,4.069197e+001
9.594279e+002,4.077684e+001
9.599100e+002,4.085995e+001
9.603922e+002,4.094088e+001
9.608743e+002,4.101924e+001
9.613564e+002,4.109472e+001
9.618386e+002,4.116711e+001
9.623207e+002,4.123639e+001
9.628028e+002,4.130264e+001
9.632849e+002,4.136603e+001
9.637670e+002,4.142673e+001
9.642491e+002,4.148480e+001
9.647313e+002,4.154025e+001
9.652134e+002,4.159295e+001
9.656956e+002,4.164278e+001
9.661777e+002,4.168968e+001
9.666598e+002,4.173366e+001
9.671419e+002,4.177483e+001
9.676240e+002,4.181343e+001
9.681061e+002,4.184973e+001
9.685883e+002,4.188400e+001
9.690704e+002,4.191645e+001
9.695526e+002,4.194729e+001
9.700347e+002,4.197660e+001
9.705168e+002,4.200454e+001
9.709989e+002,4.203120e+001
9.714810e+002,4.205679e+001
9.719631e+002,4.208152e+001
9.724453e+002,4.210573e+001
9.729274e+002,4.212975e+001
9.734095e+002,4.215396e+001
9.738917e+002,4.217875e+001
9.743738e+002,4.220440e+001
9.748559e+002,4.223114e+001
9.753380e+002,4.225901e+001
9.758201e+002,4.228793e+001
9.763023e+002,4.231763e+001
9.767844e+002,4.234771e+001
9.772665e+002,4.237769e+001
9.777487e+002,4.240702e+001
9.782308e+002,4.243521e+001
9.787129e+002,4.246188e+001
9.791950e+002,4.248678e+001
9.796771e+002,4.250988e+001
9.801593e+002,4.253136e+001
9.806414e+002,4.255157e+001
9.811235e+002,4.257092e+001
9.816057e+002,4.258983e+001
9.820878e+002,4.260860e+001
9.825699e+002,4.262737e+001
9.830520e+002,4.264609e+001
9.835342e+002,4.266459e+001
9.840163e+002,4.268278e+001
9.844984e+002,4.270061e+001
9.849805e+002,4.271831e+001
9.854626e+002,4.273624e+001
9.859448e+002,4.275491e+001
9.864269e+002,4.277479e+001
9.869090e+002,4.279613e+001
9.873912e+002,4.281893e+001
9.878733e+002,4.284285e+001
9.883554e+002,4.286741e+001
9.888375e+002,4.289201e+001
9.893196e+002,4.291619e+001
9.898018e+002,4.293962e+001
9.902839e+002,4.296228e+001
9.907660e+002,4.298428e+001
9.912482e+002,4.300581e+001
9.917303e+002,4.302712e+001
9.922124e+002,4.304835e+001
9.926945e+002,4.306948e+001
9.931766e+002,4.309045e+001
9.936588e+002,4.311105e+001
9.941409e+002,4.313111e+001
9.946230e+002,4.315046e+001
9.951052e+002,4.316899e+001
9.955873e+002,4.318674e+001
9.960694e+002,4.320386e+001
9.965515e+002,4.322059e+001
9.970336e+002,4.323727e+001
9.975157e+002,4.325425e+001
9.979979e+002,4.327178e+001
9.984800e+002,4.329001e+001
9.989622e+002,4.330889e+001
9.994443e+002,4.332821e+001
9.999264e+002,4.334769e+001
1.000409e+003,4.336703e+001
1.000891e+003,4.338597e+001
1.001373e+003,4.340443e+001
1.001855e+003,4.342242e+001
1.002337e+003,4.344010e+001
1.002819e+003,4.345764e+001
1.003301e+003,4.347518e+001
1.003783e+003,4.349282e+001
1.004266e+003,4.351060e+001
1.004748e+003,4.352839e+001
1.005230e+003,4.354607e+001
1.005712e+003,4.356342e+001
1.006194e+003,4.358021e+001
1.006676e+003,4.359634e+001
1.007158e+003,4.361171e+001
1.007640e+003,4.362634e+001
1.008122e+003,4.364042e+001
1.008605e+003,4.365416e+001
1.009087e+003,4.366784e+001
1.009569e+003,4.368166e+001
1.010051e+003,4.369577e+001
1.010533e+003,4.371025e+001
1.011015e+003,4.372508e+001
1.011497e+003,4.374025e+001
1.011979e+003,4.375575e+001
1.012462e+003,4.377157e+001
1.012944e+003,4.378772e+001
1.013426e+003,4.380412e+001
1.013908e+003,4.382062e+001
1.014390e+003,4.383697e+001
1.014872e+003,4.385288e+001
1.015354e+003,4.386806e+001
1.015836e+003,4.388237e+001
1.016319e+003,4.389587e+001
1.016801e+003,4.390877e+001
1.017283e+003,4.392139e+001
1.017765e+003,4.393406e+001
1.018247e+003,4.394698e+001
1.018729e+003,4.396027e+001
1.019211e+003,4.397382e+001
1.019693e+003,4.398746e+001
1.020176e+003,4.400105e+001
1.020658e+003,4.401443e+001
1.021140e+003,4.402758e+001
1.021622e+003,4.404048e+001
1.022104e+003,4.405323e+001
1.022586e+003,4.406590e+001
1.023068e+003,4.407858e+001
1.023550e+003,4.409134e+001
1.024033e+003,4.410424e+001
1.024515e+003,4.411730e+001
1.024997e+003,4.413052e+001
1.025479e+003,4.414386e+001
1.025961e+003,4.415717e+001
1.026443e+003,4.417033e+001
1.026925e+003,4.418322e+001
1.027407e+003,4.419578e+001
1.027890e+003,4.420799e+001
1.028372e+003,4.421996e+001
1.028854e+003,4.423180e+001
1.029336e+003,4.424360e+001
1.029818e+003,4.425540e+001
1.030300e+003,4.426714e+001
1.030782e+003,4.427868e+001
1.031264e+003,4.428987e+001
1.031747e+003,4.430052e+001
1.032229e+003,4.431059e+001
1.032711e+003,4.432006e+001
1.033193e+003,4.432905e+001
1.033675e+003,4.433773e+001
1.034157e+003,4.434632e+001
1.034639e+003,4.435503e+001
1.035121e+003,4.436409e+001
1.035604e+003,4.437365e+001
1.036086e+003,4.438376e+001
1.036568e+003,4.439439e+001
1.037050e+003,4.440541e+001
1.037532e+003,4.441656e+001
1.038014e+003,4.442766e+001
1.038496e+003,4.443853e+001
1.038979e+003,4.444910e+001
1.039461e+003,4.445940e+001
1.039943e+003,4.446950e+001
1.040425e+003,4.447948e+001
1.040907e+003,4.448936e+001
1.041389e+003,4.449912e+001
1.041871e+003,4.450867e+001
1.042353e+003,4.451800e+001
1.042835e+003,4.452707e+001
1.043318e+003,4.453596e+001
1.043800e+003,4.454466e+001
1.044282e+003,4.455317e+001
1.044764e+003,4.456128e+001
1.045246e+003,4.456876e+001
1.045728e+003,4.457530e+001
1.046210e+003,4.458072e+001
1.046692e+003,4.458504e+001
1.047175e+003,4.458856e+001
1.047657e+003,4.459178e+001
1.048139e+003,4.459533e+001
1.048621e+003,4.459972e+001
1.049103e+003,4.460534e+001
1.049585e+003,4.461226e+001
1.050067e+003,4.462036e+001
1.050549e+003,4.462935e+001
1.051031e+003,4.463891e+001
1.051514e+003,4.464871e+001
1.051996e+003,4.465845e+001
1.052478e+003,4.466781e+001
1.052960e+003,4.467648e+001
1.053442e+003,4.468413e+001
1.053924e+003,4.469051e+001
1.054406e+003,4.469553e+001
1.054889e+003,4.469939e+001
1.055371e+003,4.470250e+001
1.055853e+003,4.470549e+001
1.056335e+003,4.470903e+001
1.056817e+003,4.471370e+001
1.057299e+003,4.471981e+001
1.057781e+003,4.472740e+001
1.058263e+003,4.473624e+001
1.058746e+003,4.474591e+001
1.059228e+003,4.475585e+001
1.059710e+003,4.476558e+001
1.060192e+003,4.477462e+001
1.060674e+003,4.478270e+001
1.061156e+003,4.478965e+001
1.061638e+003,4.479546e+001
1.062120e+003,4.480032e+001
1.062603e+003,4.480447e+001
1.063085e+003,4.480827e+001
1.063567e+003,4.481203e+001
1.064049e+003,4.481598e+001
1.064531e+003,4.482022e+001
1.065013e+003,4.482474e+001
1.065495e+003,4.482944e+001
1.065977e+003,4.483420e+001
1.066460e+003,4.483894e+001
1.066942e+003,4.484365e+001
1.067424e+003,4.484838e+001
1.067906e+003,4.485322e+001
1.068388e+003,4.485825e+001
1.068870e+003,4.486357e+001
1.069352e+003,4.486923e+001
1.069834e+003,4.487533e+001
1.070317e+003,4.488192e+001
1.070799e+003,4.488901e+001
1.071281e+003,4.489651e+001
1.071763e+003,4.490424e+001
1.072245e+003,4.491187e+001
1.072727e+003,4.491903e+001
1.073209e+003,4.492535e+001
1.073691e+003,4.493055e+001
1.074174e+003,4.493458e+001
1.074656e+003,4.493755e+001
1.075138e+003,4.493969e+001
1.075620e+003,4.494127e+001
1.076102e+003,4.494257e+001
1.076584e+003,4.494376e+001
1.077066e+003,4.494499e+001
1.077548e+003,4.494641e+001
1.078031e+003,4.494820e+001
1.078513e+003,4.495062e+001
1.078995e+003,4.495393e+001
1.079477e+003,4.495832e+001
1.079959e+003,4.496386e+001
1.080441e+003,4.497044e+001
1.080923e+003,4.497774e+001
1.081406e+003,4.498529e+001
1.081888e+003,4.499254e+001
1.082370e+003,4.499899e+001
1.082852e+003,4.500421e+001
1.083334e+003,4.500797e+001
1.083816e+003,4.501021e+001
1.084298e+003,4.501114e+001
1.084780e+003,4.501116e+001
1.085262e+003,4.501082e+001
1.085745e+003,4.501075e+001
1.086227e+003,4.501146e+001
1.086709e+003,4.501330e+001
1.087191e+003,4.501633e+001
1.087673e+003,4.502036e+001
1.088155e+003,4.502499e+001
1.088637e+003,4.502976e+001
1.089119e+003,4.503429e+001
1.089602e+003,4.503841e+001
1.090084e+003,4.504209e+001
1.090566e+003,4.504553e+001
1.091048e+003,4.504897e+001
1.091530e+003,4.505262e+001
1.092012e+003,4.505664e+001
1.092494e+003,4.506105e+001
1.092976e+003,4.506585e+001
1.093458e+003,4.507097e+001
1.093941e+003,4.507635e+001
1.094423e+003,4.508191e+001
1.094905e+003,4.508757e+001
1.095387e+003,4.509315e+001
1.095869e+003,4.509849e+001
1.096351e+003,4.510340e+001
1.096833e+003,4.510770e+001
1.097316e+003,4.511121e+001
1.097798e+003,4.511384e+001
1.098280e+003,4.511550e+001
1.098762e+003,4.511615e+001
1.099244e+003,4.511580e+001
1.099726e+003,4.511457e+001
1.100208e+003,4.511271e+001
1.100690e+003,4.511066e+001
1.101173e+003,4.510892e+001
1.101655e+003,4.510805e+001
1.102137e+003,4.510847e+001
1.102619e+003,4.511033e+001
1.103101e+003,4.511350e+001
1.103583e+003,4.511756e+001
1.104065e+003,4.512196e+001
1.104547e+003,4.512613e+001
1.105030e+003,4.512970e+001
1.105512e+003,4.513248e+001
1.105994e+003,4.513453e+001
1.106476e+003,4.513604e+001
1.106958e+003,4.513723e+001
1.107440e+003,4.513828e+001
1.107922e+003,4.513925e+001
1.108404e+003,4.514016e+001
1.108886e+003,4.514097e+001
1.109369e+003,4.514166e+001
1.109851e+003,4.514225e+001
1.110333e+003,4.514283e+001
1.110815e+003,4.514349e+001
1.111297e+003,4.514432e+001
1.111779e+003,4.514542e+001
1.112261e+003,4.514680e+001
1.112744e+003,4.514847e+001
1.113226e+003,4.515029e+001
1.113708e+003,4.515211e+001
1.114190e+003,4.515368e+001
1.114672e+003,4.515480e+001
1.115154e+003,4.515530e+001
1.115636e+003,4.515514e+001
1.116118e+003,4.515442e+001
1.116601e+003,4.515329e+001
1.117083e+003,4.515192e+001
1.117565e+003,4.515040e+001
1.118047e+003,4.514862e+001
1.118529e+003,4.514638e+001
1.119011e+003,4.514337e+001
1.119493e+003,4.513936e+001
1.119975e+003,4.513436e+001
1.120458e+003,4.512854e+001
1.120940e+003,4.512241e+001
1.121422e+003,4.511653e+001
1.121904e+003,4.511145e+001
1.122386e+003,4.510755e+001
1.122868e+003,4.510499e+001
1.123350e+003,4.510373e+001
1.123832e+003,4.510355e+001
1.124314e+003,4.510419e+001
1.124797e+003,4.510538e+001
1.125279e+003,4.510693e+001
1.125761e+003,4.510862e+001
1.126243e+003,4.511031e+001
1.126725e+003,4.511182e+001
1.127207e+003,4.511303e+001
1.127689e+003,4.511376e+001
1.128172e+003,4.511395e+001
1.128654e+003,4.511359e+001
1.129136e+003,4.511262e+001
1.129618e+003,4.511104e+001
1.130100e+003,4.510880e+001
1.130582e+003,4.510582e+001
1.131064e+003,4.510210e+001
1.131546e+003,4.509767e+001
1.132029e+003,4.509269e+001
1.132511e+003,4.508745e+001
1.132993e+003,4.508227e+001
1.133475e+003,4.507750e+001
1.133957e+003,4.507344e+001
1.134439e+003,4.507027e+001
1.134921e+003,4.506804e+001
1.135403e+003,4.506665e+001
1.135885e+003,4.506591e+001
1.136368e+003,4.506549e+001
1.136850e+003,4.506501e+001
1.137332e+003,4.506405e+001
1.137814e+003,4.506227e+001
1.138296e+003,4.505946e+001
1.138778e+003,4.505556e+001
1.139260e+003,4.505077e+001
1.139742e+003,4.504541e+001
1.140225e+003,4.503989e+001
1.140707e+003,4.503458e+001
1.141189e+003,4.502972e+001
1.141671e+003,4.502542e+001
1.142153e+003,4.502170e+001
1.142635e+003,4.501850e+001
1.143117e+003,4.501582e+001
1.143599e+003,4.501374e+001
1.144082e+003,4.501231e+001
1.144564e+003,4.501152e+001
1.145046e+003,4.501123e+001
1.145528e+003,4.501109e+001
1.146010e+003,4.501066e+001
1.146492e+003,4.500952e+001
1.146974e+003,4.500733e+001
1.147457e+003,4.500400e+001
1.147939e+003,4.499970e+001
1.148421e+003,4.499475e+001
1.148903e+003,4.498955e+001
1.149385e+003,4.498441e+001
1.149867e+003,4.497959e+001
1.150349e+003,4.497514e+001
1.150831e+003,4.497107e+001
1.151313e+003,4.496735e+001
1.151796e+003,4.496401e+001
1.152278e+003,4.496104e+001
1.152760e+003,4.495847e+001
1.153242e+003,4.495627e+001
1.153724e+003,4.495441e+001
1.154206e+003,4.495281e+001
1.154688e+003,4.495140e+001
1.155170e+003,4.495018e+001
1.155653e+003,4.494910e+001
1.156135e+003,4.494818e+001
1.156617e+003,4.494738e+001
1.157099e+003,4.494660e+001
1.157581e+003,4.494570e+001
1.158063e+003,4.494452e+001
1.158545e+003,4.494292e+001
1.159027e+003,4.494094e+001
1.159510e+003,4.493862e+001
1.159992e+003,4.493607e+001
1.160474e+003,4.493342e+001
1.160956e+003,4.493073e+001
1.161438e+003,4.492795e+001
1.161920e+003,4.492506e+001
1.162402e+003,4.492199e+001
1.162885e+003,4.491880e+001
1.163367e+003,4.491558e+001
1.163849e+003,4.491251e+001
1.164331e+003,4.490972e+001
1.164813e+003,4.490731e+001
1.165295e+003,4.490518e+001
1.165777e+003,4.490311e+001
1.166259e+003,4.490074e+001
1.166741e+003,4.489766e+001
1.167224e+003,4.489341e+001
1.167706e+003,4.488771e+001
1.168188e+003,4.488032e+001
1.168670e+003,4.487132e+001
1.169152e+003,4.486096e+001
1.169634e+003,4.484978e+001
1.170116e+003,4.483847e+001
1.170598e+003,4.482777e+001
1.171081e+003,4.481833e+001
1.171563e+003,4.481054e+001
1.172045e+003,4.480443e+001
1.172527e+003,4.479970e+001
1.173009e+003,4.479572e+001
1.173491e+003,4.479187e+001
1.173973e+003,4.478752e+001
1.174455e+003,4.478233e+001
1.174938e+003,4.477623e+001
1.175420e+003,4.476934e+001
1.175902e+003,4.476200e+001
1.176384e+003,4.475447e+001
1.176866e+003,4.474697e+001
1.177348e+003,4.473963e+001
1.177830e+003,4.473246e+001
1.178313e+003,4.472547e+001
1.178795e+003,4.471868e+001
1.179277e+003,4.471214e+001
1.179759e+003,4.470589e+001
1.180241e+003,4.469995e+001
1.180723e+003,4.469431e+001
1.181205e+003,4.468896e+001
1.181687e+003,4.468387e+001
1.182169e+003,4.467904e+001
1.182652e+003,4.467447e+001
1.183134e+003,4.467014e+001
1.183616e+003,4.466597e+001
1.184098e+003,4.466187e+001
1.184580e+003,4.465765e+001
1.185062e+003,4.465312e+001
1.185544e+003,4.464820e+001
1.186026e+003,4.464292e+001
1.186509e+003,4.463744e+001
1.186991e+003,4.463205e+001
1.187473e+003,4.462701e+001
1.187955e+003,4.462254e+001
1.188437e+003,4.461876e+001
1.188919e+003,4.461565e+001
1.189401e+003,4.461309e+001
1.189883e+003,4.461092e+001
1.190366e+003,4.460897e+001
1.190848e+003,4.460706e+001
1.191330e+003,4.460502e+001
1.191812e+003,4.460267e+001
1.192294e+003,4.459984e+001
1.192776e+003,4.459639e+001
1.193258e+003,4.459225e+001
1.193740e+003,4.458747e+001
1.194223e+003,4.458224e+001
1.194705e+003,4.457682e+001
1.195187e+003,4.457155e+001
1.195669e+003,4.456675e+001
1.196151e+003,4.456265e+001
1.196633e+003,4.455934e+001
1.197115e+003,4.455679e+001
1.197597e+003,4.455479e+001
1.198080e+003,4.455308e+001
1.198562e+003,4.455131e+001
1.199044e+003,4.454918e+001
1.199526e+003,4.454638e+001
1.200008e+003,4.454283e+001
1.200490e+003,4.453854e+001
1.200972e+003,4.453375e+001
1.201454e+003,4.452877e+001
1.201937e+003,4.452399e+001
1.202419e+003,4.451970e+001
1.202901e+003,4.451608e+001
1.203383e+003,4.451309e+001
1.203865e+003,4.451057e+001
1.204347e+003,4.450826e+001
1.204829e+003,4.450591e+001
1.205312e+003,4.450333e+001
1.205794e+003,4.450044e+001
1.206276e+003,4.449728e+001
1.206758e+003,4.449389e+001
1.207240e+003,4.449035e+001
1.207722e+003,4.448672e+001
1.208204e+003,4.448303e+001
1.208686e+003,4.447931e+001
1.209168e+003,4.447560e+001
1.209651e+003,4.447190e+001
1.210133e+003,4.446821e+001
1.210615e+003,4.446449e+001
1.211097e+003,4.446059e+001
1.211579e+003,4.445645e+001
1.212061e+003,4.445196e+001
1.212543e+003,4.444720e+001
1.213025e+003,4.444235e+001
1.213508e+003,4.443770e+001
1.213990e+003,4.443356e+001
1.214472e+003,4.443019e+001
1.214954e+003,4.442772e+001
1.215436e+003,4.442610e+001
1.215918e+003,4.442513e+001
1.216400e+003,4.442453e+001
1.216882e+003,4.442410e+001
1.217365e+003,4.442366e+001
1.217847e+003,4.442312e+001
1.218329e+003,4.442248e+001
1.218811e+003,4.442171e+001
1.219293e+003,4.442080e+001
1.219775e+003,4.441967e+001
1.220257e+003,4.441825e+001
1.220740e+003,4.441646e+001
1.221222e+003,4.441429e+001
1.221704e+003,4.441173e+001
1.222186e+003,4.440884e+001
1.222668e+003,4.440575e+001
1.223150e+003,4.440251e+001
1.223632e+003,4.439923e+001
1.224114e+003,4.439598e+001
1.224596e+003,4.439279e+001
1.225079e+003,4.438963e+001
1.225561e+003,4.438642e+001
1.226043e+003,4.438297e+001
1.226525e+003,4.437909e+001
1.227007e+003,4.437454e+001
1.227489e+003,4.436915e+001
1.227971e+003,4.436289e+001
1.228453e+003,4.435592e+001
1.228936e+003,4.434852e+001
1.229418e+003,4.434111e+001
1.229900e+003,4.433412e+001
1.230382e+003,4.432789e+001
1.230864e+003,4.432268e+001
1.231346e+003,4.431861e+001
1.231828e+003,4.431564e+001
1.232310e+003,4.431367e+001
1.232792e+003,4.431252e+001
1.233275e+003,4.431195e+001
1.233757e+003,4.431169e+001
1.234239e+003,4.431150e+001
1.234721e+003,4.431112e+001
1.235203e+003,4.431034e+001
1.235685e+003,4.430901e+001
1.236167e+003,4.430710e+001
1.236650e+003,4.430459e+001
1.237132e+003,4.430156e+001
1.237614e+003,4.429807e+001
1.238096e+003,4.429421e+001
1.238578e+003,4.429006e+001
1.239060e+003,4.428571e+001
1.239542e+003,4.428137e+001
1.240024e+003,4.427724e+001
1.240507e+003,4.427360e+001
1.240989e+003,4.427065e+001
1.241471e+003,4.426852e+001
1.241953e+003,4.426719e+001
1.242435e+003,4.426647e+001
1.242917e+003,4.426609e+001
1.243399e+003,4.426573e+001
1.243881e+003,4.426505e+001
1.244364e+003,4.426388e+001
1.244846e+003,4.426210e+001
1.245328e+003,4.425973e+001
1.245810e+003,4.425682e+001
1.246292e+003,4.425356e+001
1.246774e+003,4.425007e+001
1.247256e+003,4.424659e+001
1.247738e+003,4.424327e+001
1.248220e+003,4.424031e+001
1.248703e+003,4.423783e+001
1.249185e+003,4.423588e+001
1.249667e+003,4.423444e+001
1.250149e+003,4.423339e+001
1.250631e+003,4.423262e+001
1.251113e+003,4.423199e+001
1.251595e+003,4.423141e+001
1.252078e+003,4.423081e+001
1.252560e+003,4.423020e+001
1.253042e+003,4.422955e+001
1.253524e+003,4.422890e+001
1.254006e+003,4.422829e+001
1.254488e+003,4.422780e+001
1.254970e+003,4.422759e+001
1.255452e+003,4.422786e+001
1.255935e+003,4.422882e+001
1.256417e+003,4.423058e+001
1.256899e+003,4.423319e+001
1.257381e+003,4.423650e+001
1.257863e+003,4.424030e+001
1.258345e+003,4.424427e+001
1.258827e+003,4.424814e+001
1.259309e+003,4.425171e+001
1.259792e+003,4.425484e+001
1.260274e+003,4.425750e+001
1.260756e+003,4.425965e+001
1.261238e+003,4.426124e+001
1.261720e+003,4.426220e+001
1.262202e+003,4.426244e+001
1.262684e+003,4.426190e+001
1.263166e+003,4.426058e+001
1.263648e+003,4.425851e+001
1.264131e+003,4.425577e+001
1.264613e+003,4.425238e+001
1.265095e+003,4.424833e+001
1.265577e+003,4.424360e+001
1.266059e+003,4.423814e+001
1.266541e+003,4.423195e+001
1.267023e+003,4.422515e+001
1.267505e+003,4.421789e+001
1.267988e+003,4.421044e+001
1.268470e+003,4.420300e+001
1.268952e+003,4.419580e+001
1.269434e+003,4.418899e+001
1.269916e+003,4.418269e+001
1.270398e+003,4.417704e+001
1.270880e+003,4.417218e+001
1.271363e+003,4.416825e+001
1.271845e+003,4.416536e+001
1.272327e+003,4.416350e+001
1.272809e+003,4.416257e+001
1.273291e+003,4.416232e+001
1.273773e+003,4.416247e+001
1.274255e+003,4.416276e+001
1.274737e+003,4.416302e+001
1.275219e+003,4.416319e+001
1.275702e+003,4.416324e+001
1.276184e+003,4.416322e+001
1.276666e+003,4.416309e+001
1.277148e+003,4.416273e+001
1.277630e+003,4.416197e+001
1.278112e+003,4.416066e+001
1.278594e+003,4.415868e+001
1.279076e+003,4.415611e+001
1.279559e+003,4.415313e+001
1.280041e+003,4.414999e+001
1.280523e+003,4.414699e+001
1.281005e+003,4.414432e+001
1.281487e+003,4.414207e+001
1.281969e+003,4.414017e+001
1.282451e+003,4.413845e+001
1.282933e+003,4.413665e+001
1.283416e+003,4.413448e+001
1.283898e+003,4.413169e+001
1.284380e+003,4.412810e+001
1.284862e+003,4.412366e+001
1.285344e+003,4.411850e+001
1.285826e+003,4.411292e+001
1.286308e+003,4.410733e+001
1.286791e+003,4.410221e+001
1.287273e+003,4.409796e+001
1.287755e+003,4.409480e+001
1.288237e+003,4.409271e+001
1.288719e+003,4.409147e+001
1.289201e+003,4.409069e+001
1.289683e+003,4.408996e+001
1.290165e+003,4.408896e+001
1.290647e+003,4.408747e+001
1.291130e+003,4.408548e+001
1.291612e+003,4.408300e+001
1.292094e+003,4.408012e+001
1.292576e+003,4.407689e+001
1.293058e+003,4.407335e+001
1.293540e+003,4.406952e+001
1.294022e+003,4.406548e+001
1.294504e+003,4.406130e+001
1.294987e+003,4.405711e+001
1.295469e+003,4.405300e+001
1.295951e+003,4.404900e+001
1.296433e+003,4.404502e+001
1.296915e+003,4.404097e+001
1.297397e+003,4.403669e+001
1.297879e+003,4.403214e+001
1.298361e+003,4.402738e+001
1.298844e+003,4.402255e+001
1.299326e+003,4.401785e+001
1.299808e+003,4.401345e+001
1.300290e+003,4.400943e+001
1.300772e+003,4.400573e+001
1.301254e+003,4.400220e+001
1.301736e+003,4.399862e+001
1.302219e+003,4.399479e+001
1.302701e+003,4.399054e+001
1.303183e+003,4.398578e+001
1.303665e+003,4.398049e+001
1.304147e+003,4.397470e+001
1.304629e+003,4.396848e+001
1.305111e+003,4.396195e+001
1.305593e+003,4.395527e+001
1.306075e+003,4.394863e+001
1.306558e+003,4.394221e+001
1.307040e+003,4.393611e+001
1.307522e+003,4.393031e+001
1.308004e+003,4.392466e+001
1.308486e+003,4.391886e+001
1.308968e+003,4.391255e+001
1.309450e+003,4.390537e+001
1.309932e+003,4.389714e+001
1.310415e+003,4.388785e+001
1.310897e+003,4.387773e+001
1.311379e+003,4.386724e+001
1.311861e+003,4.385699e+001
1.312343e+003,4.384762e+001
1.312825e+003,4.383963e+001
1.313307e+003,4.383335e+001
1.313789e+003,4.382874e+001
1.314272e+003,4.382542e+001
1.314754e+003,4.382277e+001
1.315236e+003,4.381999e+001
1.315718e+003,4.381637e+001
1.316200e+003,4.381137e+001
1.316682e+003,4.380486e+001
1.317164e+003,4.379708e+001
1.317646e+003,4.378870e+001
1.318129e+003,4.378054e+001
1.318611e+003,4.377347e+001
1.319093e+003,4.376811e+001
1.319575e+003,4.376467e+001
1.320057e+003,4.376299e+001
1.320539e+003,4.376254e+001
1.321021e+003,4.376270e+001
1.321503e+003,4.376284e+001
1.321986e+003,4.376254e+001
1.322468e+003,4.376159e+001
1.322950e+003,4.376001e+001
1.323432e+003,4.375795e+001
1.323914e+003,4.375562e+001
1.324396e+003,4.375322e+001
1.324878e+003,4.375092e+001
1.325360e+003,4.374879e+001
1.325843e+003,4.374690e+001
1.326325e+003,4.374524e+001
1.326807e+003,4.374380e+001
1.327289e+003,4.374253e+001
1.327771e+003,4.374136e+001
1.328253e+003,4.374018e+001
1.328735e+003,4.373886e+001
1.329218e+003,4.373725e+001
1.329700e+003,4.373517e+001
1.330182e+003,4.373243e+001
1.330664e+003,4.372885e+001
1.331146e+003,4.372426e+001
1.331628e+003,4.371849e+001
1.332110e+003,4.371145e+001
1.332592e+003,4.370305e+001
1.333074e+003,4.369325e+001
1.333557e+003,4.368195e+001
1.334039e+003,4.366903e+001
1.334521e+003,4.365429e+001
1.335003e+003,4.363749e+001
1.335485e+003,4.361843e+001
1.335967e+003,4.359705e+001
1.336449e+003,4.357364e+001
1.336931e+003,4.354895e+001
1.337414e+003,4.352428e+001
1.337896e+003,4.350146e+001
1.338378e+003,4.348267e+001
1.338860e+003,4.347002e+001
1.339342e+003,4.346507e+001
1.339824e+003,4.346837e+001
1.340306e+003,4.347926e+001
1.340788e+003,4.349598e+001
1.341271e+003,4.351613e+001
1.341753e+003,4.353711e+001
1.342235e+003,4.355665e+001
1.342717e+003,4.357310e+001
1.343199e+003,4.358547e+001
1.343681e+003,4.359345e+001
1.344163e+003,4.359726e+001
1.344646e+003,4.359740e+001
1.345128e+003,4.359460e+001
1.345610e+003,4.358950e+001
1.346092e+003,4.358272e+001
1.346574e+003,4.357476e+001
1.347056e+003,4.356608e+001
1.347538e+003,4.355717e+001
1.348020e+003,4.354858e+001
1.348502e+003,4.354084e+001
1.348985e+003,4.353444e+001
1.349467e+003,4.352957e+001
1.349949e+003,4.352620e+001
1.350431e+003,4.352391e+001
1.350913e+003,4.352213e+001
1.351395e+003,4.352019e+001
1.351877e+003,4.351758e+001
1.352359e+003,4.351412e+001
1.352842e+003,4.350996e+001
1.353324e+003,4.350555e+001
1.353806e+003,4.350157e+001
1.354288e+003,4.349863e+001
1.354770e+003,4.349713e+001
1.355252e+003,4.349708e+001
1.355734e+003,4.349812e+001
1.356216e+003,4.349944e+001
1.356698e+003,4.350003e+001
1.357181e+003,4.349874e+001
1.357663e+003,4.349447e+001
1.358145e+003,4.348630e+001
1.358627e+003,4.347366e+001
1.359109e+003,4.345642e+001
1.359591e+003,4.343506e+001
1.360073e+003,4.341075e+001
1.360556e+003,4.338549e+001
1.361038e+003,4.336193e+001
1.361520e+003,4.334318e+001
1.362002e+003,4.333214e+001
1.362484e+003,4.333078e+001
1.362966e+003,4.333940e+001
1.363448e+003,4.335649e+001
1.363930e+003,4.337907e+001
1.364413e+003,4.340350e+001
1.364895e+003,4.342636e+001
1.365377e+003,4.344512e+001
1.365859e+003,4.345841e+001
1.366341e+003,4.346613e+001
1.366823e+003,4.346919e+001
1.367305e+003,4.346928e+001
1.367787e+003,4.346835e+001
1.368270e+003,4.346806e+001
1.368752e+003,4.346931e+001
1.369234e+003,4.347186e+001
1.369716e+003,4.347449e+001
1.370198e+003,4.347539e+001
1.370680e+003,4.347266e+001
1.371162e+003,4.346502e+001
1.371644e+003,4.345225e+001
1.372126e+003,4.343552e+001
1.372609e+003,4.341732e+001
1.373091e+003,4.340117e+001
1.373573e+003,4.339079e+001
1.374055e+003,4.338911e+001
1.374537e+003,4.339740e+001
1.375019e+003,4.341478e+001
1.375501e+003,4.343877e+001
1.375984e+003,4.346603e+001
1.376466e+003,4.349348e+001
1.376948e+003,4.351889e+001
1.377430e+003,4.354111e+001
1.377912e+003,4.356001e+001
1.378394e+003,4.357619e+001
1.378876e+003,4.359058e+001
1.379358e+003,4.360413e+001
1.379841e+003,4.361759e+001
1.380323e+003,4.363128e+001
1.380805e+003,4.364511e+001
1.381287e+003,4.365862e+001
1.381769e+003,4.367103e+001
1.382251e+003,4.368137e+001
1.382733e+003,4.368864e+001
1.383215e+003,4.369202e+001
1.383698e+003,4.369093e+001
1.384180e+003,4.368538e+001
1.384662e+003,4.367604e+001
1.385144e+003,4.366444e+001
1.385626e+003,4.365292e+001
1.386108e+003,4.364439e+001
1.386590e+003,4.364186e+001
1.387072e+003,4.364756e+001
1.387554e+003,4.366220e+001
1.388037e+003,4.368468e+001
1.388519e+003,4.371230e+001
1.389001e+003,4.374150e+001
1.389483e+003,4.376879e+001
1.389965e+003,4.379122e+001
1.390447e+003,4.380677e+001
1.390929e+003,4.381431e+001
1.391411e+003,4.381346e+001
1.391894e+003,4.380460e+001
1.392376e+003,4.378883e+001
1.392858e+003,4.376795e+001
1.393340e+003,4.374449e+001
1.393822e+003,4.372137e+001
1.394304e+003,4.370141e+001
1.394786e+003,4.368663e+001
1.395269e+003,4.367779e+001
1.395751e+003,4.367428e+001
1.396233e+003,4.367479e+001
1.396715e+003,4.367807e+001
1.397197e+003,4.368354e+001
1.397679e+003,4.369162e+001
1.398161e+003,4.370338e+001
1.398643e+003,4.371988e+001
1.399125e+003,4.374134e+001
1.399608e+003,4.376663e+001
1.400090e+003,4.379327e+001
1.400572e+003,4.381802e+001
1.401054e+003,4.383780e+001
1.401536e+003,4.385040e+001
1.402018e+003,4.385495e+001
1.402500e+003,4.385192e+001
1.402982e+003,4.384306e+001
1.403465e+003,4.383102e+001
1.403947e+003,4.381888e+001
1.404429e+003,4.380946e+001
1.404911e+003,4.380464e+001
1.405393e+003,4.380497e+001
1.405875e+003,4.380958e+001
1.406357e+003,4.381670e+001
1.406839e+003,4.382421e+001
1.407322e+003,4.383027e+001
1.407804e+003,4.383368e+001
1.408286e+003,4.383395e+001
1.408768e+003,4.383125e+001
1.409250e+003,4.382629e+001
1.409732e+003,4.382001e+001
1.410214e+003,4.381342e+001
1.410697e+003,4.380725e+001
1.411179e+003,4.380176e+001
1.411661e+003,4.379662e+001
1.412143e+003,4.379097e+001
1.412625e+003,4.378358e+001
1.413107e+003,4.377307e+001
1.413589e+003,4.375815e+001
1.414071e+003,4.373778e+001
1.414553e+003,4.371129e+001
1.415036e+003,4.367837e+001
1.415518e+003,4.363926e+001
1.416000e+003,4.359478e+001
1.416482e+003,4.354672e+001
1.416964e+003,4.349803e+001
1.417446e+003,4.345304e+001
1.417928e+003,4.341696e+001
1.418410e+003,4.339450e+001
1.418893e+003,4.338798e+001
1.419375e+003,4.339581e+001
1.419857e+003,4.341286e+001
1.420339e+003,4.343240e+001
1.420821e+003,4.344859e+001
1.421303e+003,4.345788e+001
1.421785e+003,4.345937e+001
1.422267e+003,4.345428e+001
1.422750e+003,4.344524e+001
1.423232e+003,4.343542e+001
1.423714e+003,4.342767e+001
1.424196e+003,4.342362e+001
1.424678e+003,4.342318e+001
1.425160e+003,4.342457e+001
1.425642e+003,4.342501e+001
1.426125e+003,4.342156e+001
1.426607e+003,4.341194e+001
1.427089e+003,4.339502e+001
1.427571e+003,4.337107e+001
1.428053e+003,4.334169e+001
1.428535e+003,4.330960e+001
1.429017e+003,4.327815e+001
1.429499e+003,4.325055e+001
1.429981e+003,4.322906e+001
1.430464e+003,4.321432e+001
1.430946e+003,4.320526e+001
1.431428e+003,4.319942e+001
1.431910e+003,4.319374e+001
1.432392e+003,4.318523e+001
1.432874e+003,4.317155e+001
1.433356e+003,4.315126e+001
1.433838e+003,4.312404e+001
1.434321e+003,4.309084e+001
1.434803e+003,4.305408e+001
1.435285e+003,4.301778e+001
1.435767e+003,4.298714e+001
1.436249e+003,4.296732e+001
1.436731e+003,4.296149e+001
1.437213e+003,4.296933e+001
1.437696e+003,4.298717e+001
1.438177e+003,4.300964e+001
1.438660e+003,4.303167e+001
1.439142e+003,4.304973e+001
1.439624e+003,4.306200e+001
1.440106e+003,4.306815e+001
1.440588e+003,4.306875e+001
1.441070e+003,4.306492e+001
1.441552e+003,4.305788e+001
1.442035e+003,4.304863e+001
1.442517e+003,4.303769e+001
1.442999e+003,4.302503e+001
1.443481e+003,4.301019e+001
1.443963e+003,4.299241e+001
1.444445e+003,4.297113e+001
1.444927e+003,4.294614e+001
1.445409e+003,4.291791e+001
1.445892e+003,4.288773e+001
1.446374e+003,4.285758e+001
1.446856e+003,4.282990e+001
1.447338e+003,4.280698e+001
1.447820e+003,4.279032e+001
1.448302e+003,4.278014e+001
1.448784e+003,4.277528e+001
1.449266e+003,4.277353e+001
1.449749e+003,4.277225e+001
1.450231e+003,4.276899e+001
1.450713e+003,4.276186e+001
1.451195e+003,4.274957e+001
1.451677e+003,4.273146e+001
1.452159e+003,4.270718e+001
1.452641e+003,4.267653e+001
1.453124e+003,4.263913e+001
1.453605e+003,4.259439e+001
1.454088e+003,4.254152e+001
1.454570e+003,4.248004e+001
1.455052e+003,4.241060e+001
1.455534e+003,4.233651e+001
1.456016e+003,4.226521e+001
1.456498e+003,4.220847e+001
1.456980e+003,4.217941e+001
1.457463e+003,4.218623e+001
1.457945e+003,4.222721e+001
1.458427e+003,4.229184e+001
1.458909e+003,4.236648e+001
1.459391e+003,4.243970e+001
1.459873e+003,4.250409e+001
1.460355e+003,4.255572e+001
1.460837e+003,4.259294e+001
1.461320e+003,4.261546e+001
1.461802e+003,4.262392e+001
1.462284e+003,4.261985e+001
1.462766e+003,4.260588e+001
1.463248e+003,4.258592e+001
1.463730e+003,4.256509e+001
1.464212e+003,4.254899e+001
1.464694e+003,4.254240e+001
1.465177e+003,4.254768e+001
1.465659e+003,4.256402e+001
1.466141e+003,4.258773e+001
1.466623e+003,4.261377e+001
1.467105e+003,4.263707e+001
1.467587e+003,4.265351e+001
1.468069e+003,4.266018e+001
1.468552e+003,4.265521e+001
1.469033e+003,4.263765e+001
1.469516e+003,4.260732e+001
1.469998e+003,4.256507e+001
1.470480e+003,4.251317e+001
1.470962e+003,4.245587e+001
1.471444e+003,4.239968e+001
1.471926e+003,4.235260e+001
1.472408e+003,4.232219e+001
1.472891e+003,4.231292e+001
1.473373e+003,4.232449e+001
1.473855e+003,4.235271e+001
1.474337e+003,4.239174e+001
1.474819e+003,4.243631e+001
1.475301e+003,4.248280e+001
1.475783e+003,4.252903e+001
1.476265e+003,4.257351e+001
1.476748e+003,4.261489e+001
1.477230e+003,4.265173e+001
1.477712e+003,4.268265e+001
1.478194e+003,4.270666e+001
1.478676e+003,4.272352e+001
1.479158e+003,4.273390e+001
1.479640e+003,4.273935e+001
1.480122e+003,4.274192e+001
1.480604e+003,4.274381e+001
1.481087e+003,4.274670e+001
1.481569e+003,4.275126e+001
1.482051e+003,4.275700e+001
1.482533e+003,4.276232e+001
1.483015e+003,4.276504e+001
1.483497e+003,4.276295e+001
1.483979e+003,4.275423e+001
1.484461e+003,4.273771e+001
1.484944e+003,4.271291e+001
1.485426e+003,4.268008e+001
1.485908e+003,4.264013e+001
1.486390e+003,4.259475e+001
1.486872e+003,4.254640e+001
1.487354e+003,4.249852e+001
1.487836e+003,4.245563e+001
1.488319e+003,4.242309e+001
1.488801e+003,4.240633e+001
1.489283e+003,4.240945e+001
1.489765e+003,4.243337e+001
1.490247e+003,4.247486e+001
1.490729e+003,4.252721e+001
1.491211e+003,4.258211e+001
1.491693e+003,4.263197e+001
1.492176e+003,4.267136e+001
1.492658e+003,4.269718e+001
1.493140e+003,4.270839e+001
1.493622e+003,4.270539e+001
1.494104e+003,4.268975e+001
1.494586e+003,4.266404e+001
1.495068e+003,4.263194e+001
1.495550e+003,4.259817e+001
1.496032e+003,4.256798e+001
1.496515e+003,4.254634e+001
1.496997e+003,4.253662e+001
1.497479e+003,4.253988e+001
1.497961e+003,4.255470e+001
1.498443e+003,4.257811e+001
1.498925e+003,4.260644e+001
1.499407e+003,4.263610e+001
1.499890e+003,4.266388e+001
1.500372e+003,4.268704e+001
1.500854e+003,4.270320e+001
1.501336e+003,4.271036e+001
1.501818e+003,4.270684e+001
1.502300e+003,4.269115e+001
1.502782e+003,4.266190e+001
1.503264e+003,4.261763e+001
1.503747e+003,4.255680e+001
1.504229e+003,4.247816e+001
1.504711e+003,4.238181e+001
1.505193e+003,4.227146e+001
1.505675e+003,4.215759e+001
1.506157e+003,4.205918e+001
1.506639e+003,4.199921e+001
1.507121e+003,4.199257e+001
1.507604e+003,4.203595e+001
1.508086e+003,4.211126e+001
1.508568e+003,4.219794e+001
1.509050e+003,4.228170e+001
1.509532e+003,4.235579e+001
1.510014e+003,4.241832e+001
1.510496e+003,4.246969e+001
1.510979e+003,4.251069e+001
1.511460e+003,4.254173e+001
1.511943e+003,4.256258e+001
1.512425e+003,4.257256e+001
1.512907e+003,4.257096e+001
1.513389e+003,4.255749e+001
1.513871e+003,4.253270e+001
1.514353e+003,4.249827e+001
1.514835e+003,4.245715e+001
1.515318e+003,4.241352e+001
1.515800e+003,4.237214e+001
1.516282e+003,4.233722e+001
1.516764e+003,4.231093e+001
1.517246e+003,4.229246e+001
1.517728e+003,4.227828e+001
1.518210e+003,4.226341e+001
1.518692e+003,4.224339e+001
1.519175e+003,4.221564e+001
1.519657e+003,4.218058e+001
1.520139e+003,4.214191e+001
1.520621e+003,4.210622e+001
1.521103e+003,4.208114e+001
1.521585e+003,4.207217e+001
1.522067e+003,4.207996e+001
1.522549e+003,4.210005e+001
1.523031e+003,4.212537e+001
1.523514e+003,4.214943e+001
1.523996e+003,4.216825e+001
1.524478e+003,4.218076e+001
1.524960e+003,4.218835e+001
1.525442e+003,4.219400e+001
1.525924e+003,4.220127e+001
1.526406e+003,4.221319e+001
1.526888e+003,4.223122e+001
1.527371e+003,4.225477e+001
1.527853e+003,4.228135e+001
1.528335e+003,4.230723e+001
1.528817e+003,4.232845e+001
1.529299e+003,4.234153e+001
1.529781e+003,4.234400e+001
1.530263e+003,4.233467e+001
1.530746e+003,4.231384e+001
1.531228e+003,4.228360e+001
1.531710e+003,4.224812e+001
1.532192e+003,4.221351e+001
1.532674e+003,4.218691e+001
1.533156e+003,4.217418e+001
1.533638e+003,4.217726e+001
1.534120e+003,4.219273e+001
1.534603e+003,4.221312e+001
1.535085e+003,4.222978e+001
1.535567e+003,4.223544e+001
1.536049e+003,4.222503e+001
1.536531e+003,4.219538e+001
1.537013e+003,4.214477e+001
1.537495e+003,4.207257e+001
1.537977e+003,4.198006e+001
1.538459e+003,4.187188e+001
1.538942e+003,4.175830e+001
1.539424e+003,4.165576e+001
1.539906e+003,4.158312e+001
1.540388e+003,4.155288e+001
1.540870e+003,4.156431e+001
1.541352e+003,4.160534e+001
1.541834e+003,4.166103e+001
1.542316e+003,4.172055e+001
1.542799e+003,4.177895e+001
1.543281e+003,4.183542e+001
1.543763e+003,4.189083e+001
1.544245e+003,4.194567e+001
1.544727e+003,4.199894e+001
1.545209e+003,4.204816e+001
1.545691e+003,4.209003e+001
1.546174e+003,4.212140e+001
1.546656e+003,4.214011e+001
1.547138e+003,4.214546e+001
1.547620e+003,4.213829e+001
1.548102e+003,4.212090e+001
1.548584e+003,4.209678e+001
1.549066e+003,4.206998e+001
1.549548e+003,4.204428e+001
1.550031e+003,4.202205e+001
1.550513e+003,4.200371e+001
1.550995e+003,4.198774e+001
1.551477e+003,4.197139e+001
1.551959e+003,4.195177e+001
1.552441e+003,4.192667e+001
1.552923e+003,4.189506e+001
1.553405e+003,4.185709e+001
1.553887e+003,4.181357e+001
1.554370e+003,4.176536e+001
1.554852e+003,4.171249e+001
1.555334e+003,4.165373e+001
1.555816e+003,4.158662e+001
1.556298e+003,4.150830e+001
1.556780e+003,4.141710e+001
1.557262e+003,4.131579e+001
1.557744e+003,4.121597e+001
1.558227e+003,4.114092e+001
1.558709e+003,4.111882e+001
1.559191e+003,4.116308e+001
1.559673e+003,4.125837e+001
1.560155e+003,4.137218e+001
1.560637e+003,4.147714e+001
1.561119e+003,4.156010e+001
1.561602e+003,4.161875e+001
1.562083e+003,4.165590e+001
1.562566e+003,4.167585e+001
1.563048e+003,4.168297e+001
1.563530e+003,4.168123e+001
1.564012e+003,4.167388e+001
1.564494e+003,4.166321e+001
1.564976e+003,4.165035e+001
1.565458e+003,4.163510e+001
1.565941e+003,4.161629e+001
1.566423e+003,4.159239e+001
1.566905e+003,4.156231e+001
1.567387e+003,4.152631e+001
1.567869e+003,4.148653e+001
1.568351e+003,4.144733e+001
1.568833e+003,4.141457e+001
1.569315e+003,4.139382e+001
1.569798e+003,4.138793e+001
1.570280e+003,4.139536e+001
1.570762e+003,4.141067e+001
1.571244e+003,4.142684e+001
1.571726e+003,4.143756e+001
1.572208e+003,4.143843e+001
1.572690e+003,4.142715e+001
1.573172e+003,4.140308e+001
1.573655e+003,4.136714e+001
1.574137e+003,4.132196e+001
1.574619e+003,4.127232e+001
1.575101e+003,4.122536e+001
1.575583e+003,4.118969e+001
1.576065e+003,4.117262e+001
1.576547e+003,4.117695e+001
1.577030e+003,4.119949e+001
1.577511e+003,4.123291e+001
1.577994e+003,4.126915e+001
1.578476e+003,4.130213e+001
1.578958e+003,4.132845e+001
1.579440e+003,4.134699e+001
1.579922e+003,4.135812e+001
1.580404e+003,4.136306e+001
1.580886e+003,4.136323e+001
1.581369e+003,4.136003e+001
1.581851e+003,4.135457e+001
1.582333e+003,4.134752e+001
1.582815e+003,4.133928e+001
1.583297e+003,4.133004e+001
1.583779e+003,4.131997e+001
1.584261e+003,4.130923e+001
1.584743e+003,4.129808e+001
1.585226e+003,4.128681e+001
1.585708e+003,4.127560e+001
1.586190e+003,4.126457e+001
1.586672e+003,4.125378e+001
1.587154e+003,4.124328e+001
1.587636e+003,4.123311e+001
1.588118e+003,4.122337e+001
1.588600e+003,4.121413e+001
1.589083e+003,4.120535e+001
1.589565e+003,4.119682e+001
1.590047e+003,4.118824e+001
1.590529e+003,4.117919e+001
1.591011e+003,4.116925e+001
1.591493e+003,4.115819e+001
1.591975e+003,4.114598e+001
1.592458e+003,4.113285e+001
1.592939e+003,4.111924e+001
1.593422e+003,4.110579e+001
1.593904e+003,4.109319e+001
1.594386e+003,4.108208e+001
1.594868e+003,4.107298e+001
1.595350e+003,4.106612e+001
1.595832e+003,4.106139e+001
1.596314e+003,4.105832e+001
1.596797e+003,4.105611e+001
1.597279e+003,4.105374e+001
1.597761e+003,4.105023e+001
1.598243e+003,4.104475e+001
1.598725e+003,4.103677e+001
1.599207e+003,4.102620e+001
1.599689e+003,4.101333e+001
1.600171e+003,4.099878e+001
1.600654e+003,4.098338e+001
1.601136e+003,4.096804e+001
1.601618e+003,4.095356e+001
1.602100e+003,4.094054e+001
1.602582e+003,4.092926e+001
1.603064e+003,4.091961e+001
1.603546e+003,4.091116e+001
1.604028e+003,4.090316e+001
1.604510e+003,4.089472e+001
1.604993e+003,4.088503e+001
1.605475e+003,4.087354e+001
1.605957e+003,4.086013e+001
1.606439e+003,4.084521e+001
1.606921e+003,4.082967e+001
1.607403e+003,4.081470e+001
1.607885e+003,4.080160e+001
1.608367e+003,4.079146e+001
1.608850e+003,4.078487e+001
1.609332e+003,4.078181e+001
1.609814e+003,4.078165e+001
1.610296e+003,4.078314e+001
1.610778e+003,4.078467e+001
1.611260e+003,4.078438e+001
1.611742e+003,4.078037e+001
1.612225e+003,4.077088e+001
1.612707e+003,4.075443e+001
1.613189e+003,4.072998e+001
1.613671e+003,4.069717e+001
1.614153e+003,4.065659e+001
1.614635e+003,4.061025e+001
1.615117e+003,4.056207e+001
1.615599e+003,4.051783e+001
1.616082e+003,4.048434e+001
1.616564e+003,4.046705e+001
1.617046e+003,4.046751e+001
1.617528e+003,4.048231e+001
1.618010e+003,4.050459e+001
1.618492e+003,4.052691e+001
1.618974e+003,4.054332e+001
1.619456e+003,4.055012e+001
1.619938e+003,4.054565e+001
1.620421e+003,4.052994e+001
1.620903e+003,4.050447e+001
1.621385e+003,4.047226e+001
1.621867e+003,4.043776e+001
1.622349e+003,4.040638e+001
1.622831e+003,4.038313e+001
1.623313e+003,4.037102e+001
1.623796e+003,4.036985e+001
1.624278e+003,4.037645e+001
1.624760e+003,4.038610e+001
1.625242e+003,4.039441e+001
1.625724e+003,4.039865e+001
1.626206e+003,4.039817e+001
1.626688e+003,4.039424e+001
1.627170e+003,4.038933e+001
1.627653e+003,4.038620e+001
1.628135e+003,4.038690e+001
1.628617e+003,4.039196e+001
1.629099e+003,4.040021e+001
1.629581e+003,4.040914e+001
1.630063e+003,4.041571e+001
1.630545e+003,4.041701e+001
1.631027e+003,4.041066e+001
1.631510e+003,4.039495e+001
1.631992e+003,4.036868e+001
1.632474e+003,4.033113e+001
1.632956e+003,4.028215e+001
1.633438e+003,4.022266e+001
1.633920e+003,4.015546e+001
1.634402e+003,4.008636e+001
1.634885e+003,4.002446e+001
1.635366e+003,3.998054e+001
1.635849e+003,3.996282e+001
1.636331e+003,3.997265e+001
1.636813e+003,4.000396e+001
1.637295e+003,4.004689e+001
1.637777e+003,4.009233e+001
1.638259e+003,4.013404e+001
1.638741e+003,4.016882e+001
1.639224e+003,4.019557e+001
1.639706e+003,4.021431e+001
1.640188e+003,4.022551e+001
1.640670e+003,4.022981e+001
1.641152e+003,4.022762e+001
1.641634e+003,4.021908e+001
1.642116e+003,4.020387e+001
1.642598e+003,4.018123e+001
1.643081e+003,4.015001e+001
1.643563e+003,4.010893e+001
1.644045e+003,4.005705e+001
1.644527e+003,3.999456e+001
1.645009e+003,3.992395e+001
1.645491e+003,3.985110e+001
1.645973e+003,3.978540e+001
1.646455e+003,3.973764e+001
1.646938e+003,3.971540e+001
1.647420e+003,3.971889e+001
1.647902e+003,3.974070e+001
1.648384e+003,3.976977e+001
1.648866e+003,3.979572e+001
1.649348e+003,3.981113e+001
1.649830e+003,3.981142e+001
1.650313e+003,3.979401e+001
1.650794e+003,3.975773e+001
1.651277e+003,3.970339e+001
1.651759e+003,3.963573e+001
1.652241e+003,3.956668e+001
1.652723e+003,3.951597e+001
1.653205e+003,3.950384e+001
1.653687e+003,3.953696e+001
1.654169e+003,3.960336e+001
1.654652e+003,3.968283e+001
1.655134e+003,3.975941e+001
1.655616e+003,3.982519e+001
1.656098e+003,3.987795e+001
1.656580e+003,3.991815e+001
1.657062e+003,3.994698e+001
1.657544e+003,3.996551e+001
1.658026e+003,3.997448e+001
1.658509e+003,3.997434e+001
1.658991e+003,3.996545e+001
1.659473e+003,3.994834e+001
1.659955e+003,3.992408e+001
1.660437e+003,3.989456e+001
1.660919e+003,3.986274e+001
1.661401e+003,3.983250e+001
1.661883e+003,3.980825e+001
1.662365e+003,3.979358e+001
1.662848e+003,3.979001e+001
1.663330e+003,3.979608e+001
1.663812e+003,3.980782e+001
1.664294e+003,3.981997e+001
1.664776e+003,3.982760e+001
1.665258e+003,3.982698e+001
1.665740e+003,3.981586e+001
1.666222e+003,3.979329e+001
1.666705e+003,3.975962e+001
1.667187e+003,3.971648e+001
1.667669e+003,3.966705e+001
1.668151e+003,3.961627e+001
1.668633e+003,3.957049e+001
1.669115e+003,3.953613e+001
1.669597e+003,3.951752e+001
1.670080e+003,3.951502e+001
1.670562e+003,3.952486e+001
1.671044e+003,3.954087e+001
1.671526e+003,3.955692e+001
1.672008e+003,3.956853e+001
1.672490e+003,3.957353e+001
1.672972e+003,3.957196e+001
1.673454e+003,3.956573e+001
1.673937e+003,3.955809e+001
1.674419e+003,3.955285e+001
1.674901e+003,3.955303e+001
1.675383e+003,3.955965e+001
1.675865e+003,3.957114e+001
1.676347e+003,3.958396e+001
1.676829e+003,3.959407e+001
1.677311e+003,3.959821e+001
1.677793e+003,3.959449e+001
1.678276e+003,3.958229e+001
1.678758e+003,3.956195e+001
1.679240e+003,3.953416e+001
1.679722e+003,3.949967e+001
1.680204e+003,3.945884e+001
1.680686e+003,3.941159e+001
1.681168e+003,3.935755e+001
1.681650e+003,3.929678e+001
1.682133e+003,3.923092e+001
1.682615e+003,3.916481e+001
1.683097e+003,3.910764e+001
1.683579e+003,3.907196e+001
1.684061e+003,3.906844e+001
1.684543e+003,3.909880e+001
1.685025e+003,3.915349e+001
1.685508e+003,3.921724e+001
1.685990e+003,3.927695e+001
1.686472e+003,3.932541e+001
1.686954e+003,3.936090e+001
1.687436e+003,3.938506e+001
1.687918e+003,3.940116e+001
1.688400e+003,3.941278e+001
1.688882e+003,3.942302e+001
1.689365e+003,3.943376e+001
1.689847e+003,3.944534e+001
1.690329e+003,3.945648e+001
1.690811e+003,3.946487e+001
1.691293e+003,3.946781e+001
1.691775e+003,3.946296e+001
1.692257e+003,3.944858e+001
1.692739e+003,3.942369e+001
1.693221e+003,3.938803e+001
1.693704e+003,3.934225e+001
1.694186e+003,3.928816e+001
1.694668e+003,3.922913e+001
1.695150e+003,3.916988e+001
1.695632e+003,3.911553e+001
1.696114e+003,3.906973e+001
1.696596e+003,3.903333e+001
1.697078e+003,3.900457e+001
1.697561e+003,3.898074e+001
1.698043e+003,3.896004e+001
1.698525e+003,3.894305e+001
1.699007e+003,3.893280e+001
1.699489e+003,3.893369e+001
1.699971e+003,3.894876e+001
1.700453e+003,3.897671e+001
1.700936e+003,3.901135e+001
1.701417e+003,3.904440e+001
1.701900e+003,3.906915e+001
1.702382e+003,3.908242e+001
1.702864e+003,3.908424e+001
1.703346e+003,3.907690e+001
1.703828e+003,3.906405e+001
1.704310e+003,3.905006e+001
1.704792e+003,3.903941e+001
1.705275e+003,3.903571e+001
1.705757e+003,3.904071e+001
1.706239e+003,3.905376e+001
1.706721e+003,3.907216e+001
1.707203e+003,3.909233e+001
1.707685e+003,3.911089e+001
1.708167e+003,3.912542e+001
1.708649e+003,3.913450e+001
1.709132e+003,3.913748e+001
1.709614e+003,3.913413e+001
1.710096e+003,3.912436e+001
1.710578e+003,3.910801e+001
1.711060e+003,3.908481e+001
1.711542e+003,3.905441e+001
1.712024e+003,3.901647e+001
1.712506e+003,3.897083e+001
1.712989e+003,3.891767e+001
1.713471e+003,3.885768e+001
1.713953e+003,3.879219e+001
1.714435e+003,3.872331e+001
1.714917e+003,3.865415e+001
1.715399e+003,3.858892e+001
1.715881e+003,3.853318e+001
1.716364e+003,3.849330e+001
1.716845e+003,3.847510e+001
1.717328e+003,3.848151e+001
1.717810e+003,3.851061e+001
1.718292e+003,3.855550e+001
1.718774e+003,3.860683e+001
1.719256e+003,3.865593e+001
1.719738e+003,3.869678e+001
1.720220e+003,3.872638e+001
1.720703e+003,3.874415e+001
1.721185e+003,3.875106e+001
1.721667e+003,3.874905e+001
1.722149e+003,3.874058e+001
1.722631e+003,3.872821e+001
1.723113e+003,3.871426e+001
1.723595e+003,3.870030e+001
1.724077e+003,3.868688e+001
1.724560e+003,3.867350e+001
1.725042e+003,3.865884e+001
1.725524e+003,3.864125e+001
1.726006e+003,3.861921e+001
1.726488e+003,3.859161e+001
1.726970e+003,3.855803e+001
1.727452e+003,3.851865e+001
1.727934e+003,3.847427e+001
1.728417e+003,3.842605e+001
1.728899e+003,3.837534e+001
1.729381e+003,3.832330e+001
1.729863e+003,3.827061e+001
1.730345e+003,3.821732e+001
1.730827e+003,3.816292e+001
1.731309e+003,3.810682e+001
1.731792e+003,3.804911e+001
1.732273e+003,3.799143e+001
1.732756e+003,3.793785e+001
1.733238e+003,3.789463e+001
1.733720e+003,3.786811e+001
1.734202e+003,3.786113e+001
1.734684e+003,3.787067e+001
1.735166e+003,3.788884e+001
1.735648e+003,3.790681e+001
1.736131e+003,3.791783e+001
1.736613e+003,3.791840e+001
1.737095e+003,3.790773e+001
1.737577e+003,3.788703e+001
1.738059e+003,3.785881e+001
1.738541e+003,3.782637e+001
1.739023e+003,3.779315e+001
1.739505e+003,3.776197e+001
1.739988e+003,3.773428e+001
1.740470e+003,3.770989e+001
1.740952e+003,3.768742e+001
1.741434e+003,3.766507e+001
1.741916e+003,3.764149e+001
1.742398e+003,3.761600e+001
1.742880e+003,3.758857e+001
1.743362e+003,3.755943e+001
1.743844e+003,3.752866e+001
1.744327e+003,3.749607e+001
1.744809e+003,3.746112e+001
1.745291e+003,3.742317e+001
1.745773e+003,3.738188e+001
1.746255e+003,3.733734e+001
1.746737e+003,3.729037e+001
1.747219e+003,3.724242e+001
1.747702e+003,3.719542e+001
1.748184e+003,3.715157e+001
1.748666e+003,3.711317e+001
1.749148e+003,3.708223e+001
1.749630e+003,3.706021e+001
1.750112e+003,3.704773e+001
1.750594e+003,3.704414e+001
1.751076e+003,3.704742e+001
1.751559e+003,3.705448e+001
1.752041e+003,3.706169e+001
1.752523e+003,3.706573e+001
1.753005e+003,3.706406e+001
1.753487e+003,3.705516e+001
1.753969e+003,3.703854e+001
1.754451e+003,3.701462e+001
1.754933e+003,3.698468e+001
1.755416e+003,3.695074e+001
1.755898e+003,3.691522e+001
1.756380e+003,3.688054e+001
1.756862e+003,3.684845e+001
1.757344e+003,3.681945e+001
1.757826e+003,3.679269e+001
1.758308e+003,3.676636e+001
1.758791e+003,3.673838e+001
1.759272e+003,3.670719e+001
1.759755e+003,3.667229e+001
1.760237e+003,3.663453e+001
1.760719e+003,3.659617e+001
1.761201e+003,3.656027e+001
1.761683e+003,3.652972e+001
1.762165e+003,3.650614e+001
1.762647e+003,3.648906e+001
1.763130e+003,3.647616e+001
1.763612e+003,3.646410e+001
1.764094e+003,3.644967e+001
1.764576e+003,3.643046e+001
1.765058e+003,3.640521e+001
1.765540e+003,3.637371e+001
1.766022e+003,3.633659e+001
1.766504e+003,3.629498e+001
1.766987e+003,3.625018e+001
1.767469e+003,3.620331e+001
1.767951e+003,3.615489e+001
1.768433e+003,3.610498e+001
1.768915e+003,3.605317e+001
1.769397e+003,3.599910e+001
1.769879e+003,3.594296e+001
1.770361e+003,3.588603e+001
1.770844e+003,3.583099e+001
1.771326e+003,3.578173e+001
1.771808e+003,3.574241e+001
1.772290e+003,3.571599e+001
1.772772e+003,3.570280e+001
1.773254e+003,3.570034e+001
1.773736e+003,3.570430e+001
1.774219e+003,3.571010e+001
1.774700e+003,3.571409e+001
1.775183e+003,3.571394e+001
1.775665e+003,3.570850e+001
1.776147e+003,3.569747e+001
1.776629e+003,3.568100e+001
1.777111e+003,3.565952e+001
1.777593e+003,3.563363e+001
1.778075e+003,3.560406e+001
1.778558e+003,3.557184e+001
1.779040e+003,3.553827e+001
1.779522e+003,3.550496e+001
1.780004e+003,3.547348e+001
1.780486e+003,3.544507e+001
1.780968e+003,3.542022e+001
1.781450e+003,3.539851e+001
1.781932e+003,3.537880e+001
1.782415e+003,3.535965e+001
1.782897e+003,3.533978e+001
1.783379e+003,3.531854e+001
1.783861e+003,3.529604e+001
1.784343e+003,3.527304e+001
1.784825e+003,3.525058e+001
1.785307e+003,3.522940e+001
1.785789e+003,3.520964e+001
1.786271e+003,3.519055e+001
1.786754e+003,3.517068e+001
1.787236e+003,3.514829e+001
1.787718e+003,3.512171e+001
1.788200e+003,3.508972e+001
1.788682e+003,3.505173e+001
1.789164e+003,3.500792e+001
1.789646e+003,3.495934e+001
1.790128e+003,3.490802e+001
1.790611e+003,3.485701e+001
1.791093e+003,3.481009e+001
1.791575e+003,3.477106e+001
1.792057e+003,3.474273e+001
1.792539e+003,3.472576e+001
1.793021e+003,3.471848e+001
1.793503e+003,3.471753e+001
1.793986e+003,3.471901e+001
1.794468e+003,3.471965e+001
1.794950e+003,3.471727e+001
1.795432e+003,3.471084e+001
1.795914e+003,3.470020e+001
1.796396e+003,3.468579e+001
1.796878e+003,3.466825e+001
1.797360e+003,3.464828e+001
1.797843e+003,3.462663e+001
1.798325e+003,3.460411e+001
1.798807e+003,3.458178e+001
1.799289e+003,3.456096e+001
1.799771e+003,3.454313e+001
1.800253e+003,3.452966e+001
1.800735e+003,3.452143e+001
1.801217e+003,3.451848e+001
1.801699e+003,3.452000e+001
1.802182e+003,3.452456e+001
1.802664e+003,3.453045e+001
1.803146e+003,3.453625e+001
1.803628e+003,3.454087e+001
1.804110e+003,3.454372e+001
1.804592e+003,3.454453e+001
1.805074e+003,3.454322e+001
1.805556e+003,3.453972e+001
1.806039e+003,3.453401e+001
1.806521e+003,3.452607e+001
1.807003e+003,3.451600e+001
1.807485e+003,3.450407e+001
1.807967e+003,3.449085e+001
1.808449e+003,3.447710e+001
1.808931e+003,3.446387e+001
1.809414e+003,3.445231e+001
1.809896e+003,3.444358e+001
1.810378e+003,3.443875e+001
1.810860e+003,3.443849e+001
1.811342e+003,3.444295e+001
1.811824e+003,3.445158e+001
1.812306e+003,3.446327e+001
1.812788e+003,3.447650e+001
1.813271e+003,3.448970e+001
1.813753e+003,3.450159e+001
1.814235e+003,3.451141e+001
1.814717e+003,3.451904e+001
1.815199e+003,3.452490e+001
1.815681e+003,3.452978e+001
1.816163e+003,3.453456e+001
1.816645e+003,3.453998e+001
1.817127e+003,3.454644e+001
1.817610e+003,3.455403e+001
1.818092e+003,3.456260e+001
1.818574e+003,3.457187e+001
1.819056e+003,3.458152e+001
1.819538e+003,3.459113e+001
1.820020e+003,3.460018e+001
1.820502e+003,3.460802e+001
1.820984e+003,3.461395e+001
1.821467e+003,3.461749e+001
1.821949e+003,3.461859e+001
1.822431e+003,3.461792e+001
1.822913e+003,3.461687e+001
1.823395e+003,3.461729e+001
1.823877e+003,3.462104e+001
1.824359e+003,3.462924e+001
1.824842e+003,3.464169e+001
1.825323e+003,3.465685e+001
1.825806e+003,3.467226e+001
1.826288e+003,3.468555e+001
1.826770e+003,3.469527e+001
1.827252e+003,3.470151e+001
1.827734e+003,3.470601e+001
1.828216e+003,3.471187e+001
1.828698e+003,3.472293e+001
1.829181e+003,3.474255e+001
1.829663e+003,3.477260e+001
1.830145e+003,3.481251e+001
1.830627e+003,3.485947e+001
1.831109e+003,3.490934e+001
1.831591e+003,3.495807e+001
1.832073e+003,3.500274e+001
1.832555e+003,3.504186e+001
1.833038e+003,3.507525e+001
1.833520e+003,3.510362e+001
1.834002e+003,3.512819e+001
1.834484e+003,3.515039e+001
1.834966e+003,3.517169e+001
1.835448e+003,3.519338e+001
1.835930e+003,3.521654e+001
1.836412e+003,3.524185e+001
1.836895e+003,3.526959e+001
1.837377e+003,3.529948e+001
1.837859e+003,3.533070e+001
1.838341e+003,3.536195e+001
1.838823e+003,3.539157e+001
1.839305e+003,3.541790e+001
1.839787e+003,3.543954e+001
1.840270e+003,3.545565e+001
1.840751e+003,3.546631e+001
1.841234e+003,3.547259e+001
1.841716e+003,3.547668e+001
1.842198e+003,3.548172e+001
1.842680e+003,3.549144e+001
1.843162e+003,3.550934e+001
1.843644e+003,3.553770e+001
1.844126e+003,3.557665e+001
1.844609e+003,3.562404e+001
1.845091e+003,3.567634e+001
1.845573e+003,3.573001e+001
1.846055e+003,3.578259e+001
1.846537e+003,3.583308e+001
1.847019e+003,3.588168e+001
1.847501e+003,3.592913e+001
1.847983e+003,3.597620e+001
1.848466e+003,3.602322e+001
1.848948e+003,3.607004e+001
1.849430e+003,3.611612e+001
1.849912e+003,3.616082e+001
1.850394e+003,3.620367e+001
1.850876e+003,3.624455e+001
1.851358e+003,3.628368e+001
1.851840e+003,3.632151e+001
1.852323e+003,3.635852e+001
1.852805e+003,3.639515e+001
1.853287e+003,3.643165e+001
1.853769e+003,3.646816e+001
1.854251e+003,3.650473e+001
1.854733e+003,3.654141e+001
1.855215e+003,3.657828e+001
1.855698e+003,3.661542e+001
1.856179e+003,3.665288e+001
1.856662e+003,3.669072e+001
1.857144e+003,3.672892e+001
1.857626e+003,3.676751e+001
1.858108e+003,3.680646e+001
1.858590e+003,3.684584e+001
1.859072e+003,3.688570e+001
1.859554e+003,3.692606e+001
1.860037e+003,3.696684e+001
1.860519e+003,3.700787e+001
1.861001e+003,3.704879e+001
1.861483e+003,3.708912e+001
1.861965e+003,3.712818e+001
1.862447e+003,3.716519e+001
1.862929e+003,3.719928e+001
1.863411e+003,3.722960e+001
1.863894e+003,3.725545e+001
1.864376e+003,3.727652e+001
1.864858e+003,3.729306e+001
1.865340e+003,3.730608e+001
1.865822e+003,3.731749e+001
1.866304e+003,3.733004e+001
1.866786e+003,3.734716e+001
1.867268e+003,3.737239e+001
1.867750e+003,3.740867e+001
1.868233e+003,3.745736e+001
1.868715e+003,3.751759e+001
1.869197e+003,3.758642e+001
1.869679e+003,3.765951e+001
1.870161e+003,3.773240e+001
1.870643e+003,3.780156e+001
1.871125e+003,3.786492e+001
1.871608e+003,3.792180e+001
1.872090e+003,3.797255e+001
1.872572e+003,3.801818e+001
1.873054e+003,3.805994e+001
1.873536e+003,3.809911e+001
1.874018e+003,3.813677e+001
1.874500e+003,3.817373e+001
1.874982e+003,3.821052e+001
1.875465e+003,3.824734e+001
1.875947e+003,3.828426e+001
1.876429e+003,3.832119e+001
1.876911e+003,3.835807e+001
1.877393e+003,3.839481e+001
1.877875e+003,3.843141e+001
1.878357e+003,3.846782e+001
1.878839e+003,3.850394e+001
1.879322e+003,3.853963e+001
1.879804e+003,3.857465e+001
1.880286e+003,3.860873e+001
1.880768e+003,3.864172e+001
1.881250e+003,3.867355e+001
1.881732e+003,3.870435e+001
1.882214e+003,3.873439e+001
1.882697e+003,3.876398e+001
1.883178e+003,3.879332e+001
1.883661e+003,3.882244e+001
1.884143e+003,3.885103e+001
1.884625e+003,3.887853e+001
1.885107e+003,3.890417e+001
1.885589e+003,3.892722e+001
1.886071e+003,3.894728e+001
1.886553e+003,3.896443e+001
1.887036e+003,3.897942e+001
1.887518e+003,3.899364e+001
1.888000e+003,3.900898e+001
1.888482e+003,3.902737e+001
1.888964e+003,3.905026e+001
1.889446e+003,3.907809e+001
1.889928e+003,3.911003e+001
1.890410e+003,3.914411e+001
1.890893e+003,3.917782e+001
1.891375e+003,3.920878e+001
1.891857e+003,3.923538e+001
1.892339e+003,3.925705e+001
1.892821e+003,3.927428e+001
1.893303e+003,3.928835e+001
1.893785e+003,3.930096e+001
1.894267e+003,3.931380e+001
1.894750e+003,3.932811e+001
1.895232e+003,3.934444e+001
1.895714e+003,3.936267e+001
1.896196e+003,3.938208e+001
1.896678e+003,3.940175e+001
1.897160e+003,3.942079e+001
1.897642e+003,3.943852e+001
1.898125e+003,3.945452e+001
1.898606e+003,3.946865e+001
1.899089e+003,3.948088e+001
1.899571e+003,3.949132e+001
1.900053e+003,3.950010e+001
1.900535e+003,3.950741e+001
1.901017e+003,3.951346e+001
1.901499e+003,3.951849e+001
1.901981e+003,3.952266e+001
1.902464e+003,3.952614e+001
1.902946e+003,3.952894e+001
1.903428e+003,3.953102e+001
1.903910e+003,3.953221e+001
1.904392e+003,3.953229e+001
1.904874e+003,3.953099e+001
1.905356e+003,3.952812e+001
1.905838e+003,3.952347e+001
1.906321e+003,3.951708e+001
1.906803e+003,3.950914e+001
1.907285e+003,3.950016e+001
1.907767e+003,3.949081e+001
1.908249e+003,3.948201e+001
1.908731e+003,3.947456e+001
1.909213e+003,3.946910e+001
1.909695e+003,3.946584e+001
1.910177e+003,3.946453e+001
1.910660e+003,3.946454e+001
1.911142e+003,3.946494e+001
1.911624e+003,3.946472e+001
1.912106e+003,3.946296e+001
1.912588e+003,3.945889e+001
1.913070e+003,3.945193e+001
1.913552e+003,3.944162e+001
1.914034e+003,3.942772e+001
1.914517e+003,3.941021e+001
1.914999e+003,3.938935e+001
1.915481e+003,3.936591e+001
1.915963e+003,3.934108e+001
1.916445e+003,3.931643e+001
1.916927e+003,3.929373e+001
1.917409e+003,3.927437e+001
1.917892e+003,3.925895e+001
1.918374e+003,3.924705e+001
1.918856e+003,3.923734e+001
1.919338e+003,3.922800e+001
1.919820e+003,3.921740e+001
1.920302e+003,3.920455e+001
1.920784e+003,3.918940e+001
1.921266e+003,3.917281e+001
1.921749e+003,3.915625e+001
1.922231e+003,3.914138e+001
1.922713e+003,3.912959e+001
1.923195e+003,3.912144e+001
1.923677e+003,3.911659e+001
1.924159e+003,3.911388e+001
1.924641e+003,3.911171e+001
1.925123e+003,3.910855e+001
1.925605e+003,3.910329e+001
1.926088e+003,3.909536e+001
1.926570e+003,3.908477e+001
1.927052e+003,3.907196e+001
1.927534e+003,3.905755e+001
1.928016e+003,3.904217e+001
1.928498e+003,3.902630e+001
1.928980e+003,3.901019e+001
1.929462e+003,3.899391e+001
1.929945e+003,3.897743e+001
1.930427e+003,3.896072e+001
1.930909e+003,3.894387e+001
1.931391e+003,3.892703e+001
1.931873e+003,3.891046e+001
1.932355e+003,3.889434e+001
1.932837e+003,3.887880e+001
1.933320e+003,3.886377e+001
1.933802e+003,3.884908e+001
1.934284e+003,3.883450e+001
1.934766e+003,3.881984e+001
1.935248e+003,3.880503e+001
1.935730e+003,3.879010e+001
1.936212e+003,3.877512e+001
1.936694e+003,3.876011e+001
1.937177e+003,3.874488e+001
1.937659e+003,3.872902e+001
1.938141e+003,3.871191e+001
1.938623e+003,3.869284e+001
1.939105e+003,3.867127e+001
1.939587e+003,3.864700e+001
1.940069e+003,3.862042e+001
1.940551e+003,3.859255e+001
1.941033e+003,3.856494e+001
1.941516e+003,3.853947e+001
1.941998e+003,3.851792e+001
1.942480e+003,3.850150e+001
1.942962e+003,3.849055e+001
1.943444e+003,3.848447e+001
1.943926e+003,3.848197e+001
1.944408e+003,3.848143e+001
1.944890e+003,3.848137e+001
1.945373e+003,3.848068e+001
1.945855e+003,3.847880e+001
1.946337e+003,3.847562e+001
1.946819e+003,3.847134e+001
1.947301e+003,3.846629e+001
1.947783e+003,3.846075e+001
1.948265e+003,3.845492e+001
1.948748e+003,3.844880e+001
1.949229e+003,3.844229e+001
1.949712e+003,3.843525e+001
1.950194e+003,3.842757e+001
1.950676e+003,3.841922e+001
1.951158e+003,3.841020e+001
1.951640e+003,3.840061e+001
1.952122e+003,3.839061e+001
1.952604e+003,3.838036e+001
1.953087e+003,3.837002e+001
1.953569e+003,3.835984e+001
1.954051e+003,3.835002e+001
1.954533e+003,3.834077e+001
1.955015e+003,3.833226e+001
1.955497e+003,3.832457e+001
1.955979e+003,3.831765e+001
1.956461e+003,3.831136e+001
1.956944e+003,3.830544e+001
1.957426e+003,3.829960e+001
1.957908e+003,3.829354e+001
1.958390e+003,3.828701e+001
1.958872e+003,3.827987e+001
1.959354e+003,3.827208e+001
1.959836e+003,3.826371e+001
1.960318e+003,3.825493e+001
1.960801e+003,3.824594e+001
1.961283e+003,3.823687e+001
1.961765e+003,3.822780e+001
1.962247e+003,3.821864e+001
1.962729e+003,3.820916e+001
1.963211e+003,3.819907e+001
1.963693e+003,3.818814e+001
1.964176e+003,3.817624e+001
1.964657e+003,3.816361e+001
1.965140e+003,3.815078e+001
1.965622e+003,3.813856e+001
1.966104e+003,3.812788e+001
1.966586e+003,3.811956e+001
1.967068e+003,3.811411e+001
1.967550e+003,3.811153e+001
1.968032e+003,3.811131e+001
1.968515e+003,3.811262e+001
1.968997e+003,3.811453e+001
1.969479e+003,3.811617e+001
1.969961e+003,3.811697e+001
1.970443e+003,3.811664e+001
1.970925e+003,3.811515e+001
1.971407e+003,3.811267e+001
1.971889e+003,3.810937e+001
1.972372e+003,3.810545e+001
1.972854e+003,3.810109e+001
1.973336e+003,3.809638e+001
1.973818e+003,3.809144e+001
1.974300e+003,3.808634e+001
1.974782e+003,3.808117e+001
1.975264e+003,3.807597e+001
1.975746e+003,3.807077e+001
1.976229e+003,3.806551e+001
1.976711e+003,3.806015e+001
1.977193e+003,3.805461e+001
1.977675e+003,3.804887e+001
1.978157e+003,3.804294e+001
1.978639e+003,3.803687e+001
1.979121e+003,3.803077e+001
1.979604e+003,3.802473e+001
1.980085e+003,3.801889e+001
1.980568e+003,3.801333e+001
1.981050e+003,3.800817e+001
1.981532e+003,3.800349e+001
1.982014e+003,3.799931e+001
1.982496e+003,3.799557e+001
1.982978e+003,3.799215e+001
1.983460e+003,3.798881e+001
1.983943e+003,3.798528e+001
1.984425e+003,3.798130e+001
1.984907e+003,3.797672e+001
1.985389e+003,3.797148e+001
1.985871e+003,3.796564e+001
1.986353e+003,3.795937e+001
1.986835e+003,3.795277e+001
1.987317e+003,3.794593e+001
1.987800e+003,3.793880e+001
1.988282e+003,3.793129e+001
1.988764e+003,3.792332e+001
1.989246e+003,3.791492e+001
1.989728e+003,3.790636e+001
1.990210e+003,3.789816e+001
1.990692e+003,3.789103e+001
1.991174e+003,3.788574e+001
1.991656e+003,3.788290e+001
1.992139e+003,3.788278e+001
1.992621e+003,3.788519e+001
1.993103e+003,3.788946e+001
1.993585e+003,3.789465e+001
1.994067e+003,3.789971e+001
1.994549e+003,3.790375e+001
1.995031e+003,3.790616e+001
1.995514e+003,3.790672e+001
1.995996e+003,3.790556e+001
1.996478e+003,3.790310e+001
1.996960e+003,3.789986e+001
1.997442e+003,3.789642e+001
1.997924e+003,3.789322e+001
1.998406e+003,3.789055e+001
1.998888e+003,3.788850e+001
1.999371e+003,3.788699e+001
1.999853e+003,3.788585e+001
2.000335e+003,3.788486e+001
2.000817e+003,3.788381e+001
2.001299e+003,3.788251e+001
2.001781e+003,3.788084e+001
2.002263e+003,3.787871e+001
2.002745e+003,3.787610e+001
2.003228e+003,3.787306e+001
2.003710e+003,3.786969e+001
2.004192e+003,3.786613e+001
2.004674e+003,3.786256e+001
2.005156e+003,3.785915e+001
2.005638e+003,3.785603e+001
2.006120e+003,3.785328e+001
2.006603e+003,3.785093e+001
2.007084e+003,3.784892e+001
2.007567e+003,3.784714e+001
2.008049e+003,3.784551e+001
2.008531e+003,3.784389e+001
2.009013e+003,3.784221e+001
2.009495e+003,3.784042e+001
2.009977e+003,3.783849e+001
2.010459e+003,3.783644e+001
2.010942e+003,3.783427e+001
2.011424e+003,3.783195e+001
2.011906e+003,3.782938e+001
2.012388e+003,3.782639e+001
2.012870e+003,3.782275e+001
2.013352e+003,3.781823e+001
2.013834e+003,3.781268e+001
2.014316e+003,3.780608e+001
2.014799e+003,3.779870e+001
2.015281e+003,3.779097e+001
2.015763e+003,3.778356e+001
2.016245e+003,3.777718e+001
2.016727e+003,3.777239e+001
2.017209e+003,3.776952e+001
2.017691e+003,3.776852e+001
2.018173e+003,3.776900e+001
2.018656e+003,3.777035e+001
2.019138e+003,3.777182e+001
2.019620e+003,3.777284e+001
2.020102e+003,3.777297e+001
2.020584e+003,3.777210e+001
2.021066e+003,3.777030e+001
2.021548e+003,3.776784e+001
2.022031e+003,3.776502e+001
2.022512e+003,3.776213e+001
2.022995e+003,3.775939e+001
2.023477e+003,3.775686e+001
2.023959e+003,3.775451e+001
2.024441e+003,3.775227e+001
2.024923e+003,3.775001e+001
2.025405e+003,3.774763e+001
2.025887e+003,3.774513e+001
2.026370e+003,3.774253e+001
2.026852e+003,3.773993e+001
2.027334e+003,3.773745e+001
2.027816e+003,3.773520e+001
2.028298e+003,3.773321e+001
2.028780e+003,3.773144e+001
2.029262e+003,3.772977e+001
2.029744e+003,3.772803e+001
2.030227e+003,3.772606e+001
2.030709e+003,3.772375e+001
2.031191e+003,3.772108e+001
2.031673e+003,3.771814e+001
2.032155e+003,3.771502e+001
2.032637e+003,3.771189e+001
2.033119e+003,3.770882e+001
2.033601e+003,3.770587e+001
2.034083e+003,3.770298e+001
2.034566e+003,3.770006e+001
2.035048e+003,3.769698e+001
2.035530e+003,3.769356e+001
2.036012e+003,3.768968e+001
2.036494e+003,3.768521e+001
2.036976e+003,3.768008e+001
2.037458e+003,3.767429e+001
2.037940e+003,3.766791e+001
2.038423e+003,3.766113e+001
2.038905e+003,3.765422e+001
2.039387e+003,3.764751e+001
2.039869e+003,3.764135e+001
2.040351e+003,3.763600e+001
2.040833e+003,3.763163e+001
2.041315e+003,3.762828e+001
2.041798e+003,3.762584e+001
2.042280e+003,3.762407e+001
2.042762e+003,3.762269e+001
2.043244e+003,3.762144e+001
2.043726e+003,3.762001e+001
2.044208e+003,3.761816e+001
2.044690e+003,3.761574e+001
2.045172e+003,3.761265e+001
2.045655e+003,3.760889e+001
2.046137e+003,3.760453e+001
2.046619e+003,3.759974e+001
2.047101e+003,3.759468e+001
2.047583e+003,3.758950e+001
2.048065e+003,3.758433e+001
2.048547e+003,3.757920e+001
2.049029e+003,3.757413e+001
2.049511e+003,3.756908e+001
2.049994e+003,3.756400e+001
2.050476e+003,3.755893e+001
2.050958e+003,3.755391e+001
2.051440e+003,3.754902e+001
2.051922e+003,3.754427e+001
2.052404e+003,3.753972e+001
2.052886e+003,3.753532e+001
2.053368e+003,3.753103e+001
2.053851e+003,3.752680e+001
2.054333e+003,3.752262e+001
2.054815e+003,3.751849e+001
2.055297e+003,3.751440e+001
2.055779e+003,3.751029e+001
2.056261e+003,3.750604e+001
2.056743e+003,3.750145e+001
2.057226e+003,3.749633e+001
2.057708e+003,3.749051e+001
2.058190e+003,3.748394e+001
2.058672e+003,3.747667e+001
2.059154e+003,3.746886e+001
2.059636e+003,3.746071e+001
2.060118e+003,3.745240e+001
2.060600e+003,3.744398e+001
2.061083e+003,3.743545e+001
2.061565e+003,3.742668e+001
2.062047e+003,3.741759e+001
2.062529e+003,3.740815e+001
2.063011e+003,3.739848e+001
2.063493e+003,3.738886e+001
2.063975e+003,3.737963e+001
2.064457e+003,3.737113e+001
2.064939e+003,3.736365e+001
2.065422e+003,3.735728e+001
2.065904e+003,3.735196e+001
2.066386e+003,3.734741e+001
2.066868e+003,3.734329e+001
2.067350e+003,3.733923e+001
2.067832e+003,3.733491e+001
2.068314e+003,3.733015e+001
2.068796e+003,3.732487e+001
2.069279e+003,3.731917e+001
2.069761e+003,3.731321e+001
2.070243e+003,3.730714e+001
2.070725e+003,3.730111e+001
2.071207e+003,3.729517e+001
2.071689e+003,3.728928e+001
2.072171e+003,3.728331e+001
2.072654e+003,3.727712e+001
2.073135e+003,3.727055e+001
2.073618e+003,3.726353e+001
2.074100e+003,3.725606e+001
2.074582e+003,3.724822e+001
2.075064e+003,3.724011e+001
2.075546e+003,3.723191e+001
2.076028e+003,3.722373e+001
2.076510e+003,3.721568e+001
2.076993e+003,3.720786e+001
2.077475e+003,3.720028e+001
2.077957e+003,3.719293e+001
2.078439e+003,3.718577e+001
2.078921e+003,3.717875e+001
2.079403e+003,3.717174e+001
2.079885e+003,3.716467e+001
2.080367e+003,3.715749e+001
2.080850e+003,3.715021e+001
2.081332e+003,3.714290e+001
2.081814e+003,3.713564e+001
2.082296e+003,3.712853e+001
2.082778e+003,3.712159e+001
2.083260e+003,3.711478e+001
2.083742e+003,3.710799e+001
2.084224e+003,3.710106e+001
2.084707e+003,3.709381e+001
2.085189e+003,3.708617e+001
2.085671e+003,3.707804e+001
2.086153e+003,3.706949e+001
2.086635e+003,3.706057e+001
2.087117e+003,3.705139e+001
2.087599e+003,3.704205e+001
2.088082e+003,3.703268e+001
2.088563e+003,3.702341e+001
2.089046e+003,3.701441e+001
2.089528e+003,3.700585e+001
2.090010e+003,3.699788e+001
2.090492e+003,3.699058e+001
2.090974e+003,3.698392e+001
2.091456e+003,3.697771e+001
2.091938e+003,3.697168e+001
2.092421e+003,3.696552e+001
2.092903e+003,3.695889e+001
2.093385e+003,3.695160e+001
2.093867e+003,3.694355e+001
2.094349e+003,3.693478e+001
2.094831e+003,3.692545e+001
2.095313e+003,3.691578e+001
2.095795e+003,3.690601e+001
2.096278e+003,3.689638e+001
2.096760e+003,3.688709e+001
2.097242e+003,3.687829e+001
2.097724e+003,3.687008e+001
2.098206e+003,3.686250e+001
2.098688e+003,3.685553e+001
2.099170e+003,3.684907e+001
2.099652e+003,3.684296e+001
2.100135e+003,3.683700e+001
2.100617e+003,3.683098e+001
2.101099e+003,3.682472e+001
2.101581e+003,3.681809e+001
2.102063e+003,3.681101e+001
2.102545e+003,3.680347e+001
2.103027e+003,3.679546e+001
2.103510e+003,3.678704e+001
2.103991e+003,3.677827e+001
2.104474e+003,3.676921e+001
2.104956e+003,3.675991e+001
2.105438e+003,3.675041e+001
2.105920e+003,3.674078e+001
2.106402e+003,3.673110e+001
2.106884e+003,3.672141e+001
2.107366e+003,3.671182e+001
2.107849e+003,3.670243e+001
2.108331e+003,3.669335e+001
2.108813e+003,3.668464e+001
2.109295e+003,3.667633e+001
2.109777e+003,3.666837e+001
2.110259e+003,3.666065e+001
2.110741e+003,3.665302e+001
2.111223e+003,3.664533e+001
2.111706e+003,3.663749e+001
2.112188e+003,3.662948e+001
2.112670e+003,3.662138e+001
2.113152e+003,3.661336e+001
2.113634e+003,3.660558e+001
2.114116e+003,3.659821e+001
2.114598e+003,3.659132e+001
2.115080e+003,3.658487e+001
2.115563e+003,3.657876e+001
2.116045e+003,3.657282e+001
2.116527e+003,3.656688e+001
2.117009e+003,3.656078e+001
2.117491e+003,3.655442e+001
2.117973e+003,3.654773e+001
2.118455e+003,3.654067e+001
2.118938e+003,3.653326e+001
2.119420e+003,3.652552e+001
2.119902e+003,3.651748e+001
2.120384e+003,3.650921e+001
2.120866e+003,3.650079e+001
2.121348e+003,3.649232e+001
2.121830e+003,3.648390e+001
2.122312e+003,3.647561e+001
2.122794e+003,3.646748e+001
2.123277e+003,3.645953e+001
2.123759e+003,3.645173e+001
2.124241e+003,3.644402e+001
2.124723e+003,3.643633e+001
2.125205e+003,3.642863e+001
2.125687e+003,3.642089e+001
2.126169e+003,3.641314e+001
2.126651e+003,3.640542e+001
2.127134e+003,3.639780e+001
2.127616e+003,3.639034e+001
2.128098e+003,3.638305e+001
2.128580e+003,3.637589e+001
2.129062e+003,3.636882e+001
2.129544e+003,3.636173e+001
2.130026e+003,3.635456e+001
2.130509e+003,3.634721e+001
2.130990e+003,3.633971e+001
2.131473e+003,3.633212e+001
2.131955e+003,3.632455e+001
2.132437e+003,3.631714e+001
2.132919e+003,3.631000e+001
2.133401e+003,3.630322e+001
2.133883e+003,3.629684e+001
2.134365e+003,3.629080e+001
2.134848e+003,3.628503e+001
2.135330e+003,3.627938e+001
2.135812e+003,3.627371e+001
2.136294e+003,3.626787e+001
2.136776e+003,3.626176e+001
2.137258e+003,3.625534e+001
2.137740e+003,3.624862e+001
2.138222e+003,3.624168e+001
2.138705e+003,3.623465e+001
2.139187e+003,3.622768e+001
2.139669e+003,3.622089e+001
2.140151e+003,3.621432e+001
2.140633e+003,3.620799e+001
2.141115e+003,3.620182e+001
2.141597e+003,3.619572e+001
2.142079e+003,3.618964e+001
2.142562e+003,3.618355e+001
2.143044e+003,3.617751e+001
2.143526e+003,3.617158e+001
2.144008e+003,3.616585e+001
2.144490e+003,3.616037e+001
2.144972e+003,3.615513e+001
2.145454e+003,3.615008e+001
2.145937e+003,3.614513e+001
2.146418e+003,3.614022e+001
2.146901e+003,3.613528e+001
2.147383e+003,3.613035e+001
2.147865e+003,3.612545e+001
2.148347e+003,3.612065e+001
2.148829e+003,3.611598e+001
2.149311e+003,3.611148e+001
2.149793e+003,3.610718e+001
2.150276e+003,3.610304e+001
2.150758e+003,3.609906e+001
2.151240e+003,3.609520e+001
2.151722e+003,3.609140e+001
2.152204e+003,3.608759e+001
2.152686e+003,3.608366e+001
2.153168e+003,3.607953e+001
2.153650e+003,3.607512e+001
2.154133e+003,3.607039e+001
2.154615e+003,3.606538e+001
2.155097e+003,3.606018e+001
2.155579e+003,3.605487e+001
2.156061e+003,3.604958e+001
2.156543e+003,3.604436e+001
2.157025e+003,3.603928e+001
2.157507e+003,3.603436e+001
2.157990e+003,3.602962e+001
2.158472e+003,3.602510e+001
2.158954e+003,3.602085e+001
2.159436e+003,3.601693e+001
2.159918e+003,3.601335e+001
2.160400e+003,3.601010e+001
2.160882e+003,3.600711e+001
2.161365e+003,3.600425e+001
2.161846e+003,3.600135e+001
2.162329e+003,3.599825e+001
2.162811e+003,3.599476e+001
2.163293e+003,3.599073e+001
2.163775e+003,3.598609e+001
2.164257e+003,3.598078e+001
2.164739e+003,3.597484e+001
2.165221e+003,3.596839e+001
2.165704e+003,3.596164e+001
2.166186e+003,3.595489e+001
2.166668e+003,3.594844e+001
2.167150e+003,3.594255e+001
2.167632e+003,3.593743e+001
2.168114e+003,3.593313e+001
2.168596e+003,3.592957e+001
2.169078e+003,3.592656e+001
2.169561e+003,3.592385e+001
2.170043e+003,3.592122e+001
2.170525e+003,3.591850e+001
2.171007e+003,3.591557e+001
2.171489e+003,3.591240e+001
2.171971e+003,3.590903e+001
2.172453e+003,3.590553e+001
2.172935e+003,3.590197e+001
2.173417e+003,3.589844e+001
2.173900e+003,3.589498e+001
2.174382e+003,3.589168e+001
2.174864e+003,3.588855e+001
2.175346e+003,3.588565e+001
2.175828e+003,3.588299e+001
2.176310e+003,3.588058e+001
2.176792e+003,3.587839e+001
2.177274e+003,3.587642e+001
2.177757e+003,3.587459e+001
2.178239e+003,3.587285e+001
2.178721e+003,3.587109e+001
2.179203e+003,3.586921e+001
2.179685e+003,3.586711e+001
2.180167e+003,3.586469e+001
2.180649e+003,3.586193e+001
2.181132e+003,3.585881e+001
2.181614e+003,3.585540e+001
2.182096e+003,3.585175e+001
2.182578e+003,3.584795e+001
2.183060e+003,3.584403e+001
2.183542e+003,3.584005e+001
2.184024e+003,3.583598e+001
2.184506e+003,3.583185e+001
2.184989e+003,3.582769e+001
2.185471e+003,3.582360e+001
2.185953e+003,3.581968e+001
2.186435e+003,3.581604e+001
2.186917e+003,3.581279e+001
2.187399e+003,3.580995e+001
2.187881e+003,3.580751e+001
2.188363e+003,3.580540e+001
2.188845e+003,3.580350e+001
2.189328e+003,3.580171e+001
2.189810e+003,3.579995e+001
2.190292e+003,3.579813e+001
2.190774e+003,3.579620e+001
2.191256e+003,3.579413e+001
2.191738e+003,3.579185e+001
2.192220e+003,3.578936e+001
2.192702e+003,3.578665e+001
2.193185e+003,3.578376e+001
2.193667e+003,3.578075e+001
2.194149e+003,3.577763e+001
2.194631e+003,3.577449e+001
2.195113e+003,3.577130e+001
2.195595e+003,3.576807e+001
2.196077e+003,3.576478e+001
2.196560e+003,3.576142e+001
2.197042e+003,3.575805e+001
2.197524e+003,3.575473e+001
2.198006e+003,3.575157e+001
2.198488e+003,3.574864e+001
2.198970e+003,3.574601e+001
2.199452e+003,3.574366e+001
2.199934e+003,3.574154e+001
2.200417e+003,3.573953e+001
2.200899e+003,3.573753e+001
2.201381e+003,3.573544e+001
2.201863e+003,3.573317e+001
2.202345e+003,3.573071e+001
2.202827e+003,3.572807e+001
2.203309e+003,3.572532e+001
2.203791e+003,3.572254e+001
2.204273e+003,3.571986e+001
2.204756e+003,3.571737e+001
2.205238e+003,3.571514e+001
2.205720e+003,3.571317e+001
2.206202e+003,3.571139e+001
2.206684e+003,3.570968e+001
2.207166e+003,3.570785e+001
2.207648e+003,3.570572e+001
2.208130e+003,3.570314e+001
2.208613e+003,3.570006e+001
2.209095e+003,3.569647e+001
2.209577e+003,3.569246e+001
2.210059e+003,3.568815e+001
2.210541e+003,3.568367e+001
2.211023e+003,3.567912e+001
2.211505e+003,3.567458e+001
2.211988e+003,3.567014e+001
2.212469e+003,3.566583e+001
2.212952e+003,3.566177e+001
2.213434e+003,3.565799e+001
2.213916e+003,3.565458e+001
2.214398e+003,3.565159e+001
2.214880e+003,3.564899e+001
2.215362e+003,3.564677e+001
2.215844e+003,3.564483e+001
2.216327e+003,3.564308e+001
2.216809e+003,3.564140e+001
2.217291e+003,3.563969e+001
2.217773e+003,3.563787e+001
2.218255e+003,3.563589e+001
2.218737e+003,3.563371e+001
2.219219e+003,3.563132e+001
2.219701e+003,3.562874e+001
2.220184e+003,3.562596e+001
2.220666e+003,3.562300e+001
2.221148e+003,3.561980e+001
2.221630e+003,3.561634e+001
2.222112e+003,3.561252e+001
2.222594e+003,3.560834e+001
2.223076e+003,3.560378e+001
2.223558e+003,3.559892e+001
2.224041e+003,3.559392e+001
2.224523e+003,3.558892e+001
2.225005e+003,3.558407e+001
2.225487e+003,3.557946e+001
2.225969e+003,3.557507e+001
2.226451e+003,3.557083e+001
2.226933e+003,3.556661e+001
2.227416e+003,3.556229e+001
2.227897e+003,3.555779e+001
2.228380e+003,3.555309e+001
2.228862e+003,3.554822e+001
2.229344e+003,3.554330e+001
2.229826e+003,3.553839e+001
2.230308e+003,3.553360e+001
2.230790e+003,3.552894e+001
2.231272e+003,3.552440e+001
2.231755e+003,3.551999e+001
2.232237e+003,3.551567e+001
2.232719e+003,3.551136e+001
2.233201e+003,3.550705e+001
2.233683e+003,3.550265e+001
2.234165e+003,3.549811e+001
2.234647e+003,3.549339e+001
2.235129e+003,3.548849e+001
2.235612e+003,3.548344e+001
2.236094e+003,3.547830e+001
2.236576e+003,3.547314e+001
2.237058e+003,3.546804e+001
2.237540e+003,3.546301e+001
2.238022e+003,3.545805e+001
2.238504e+003,3.545312e+001
2.238986e+003,3.544814e+001
2.239469e+003,3.544299e+001
2.239951e+003,3.543761e+001
2.240433e+003,3.543187e+001
2.240915e+003,3.542571e+001
2.241397e+003,3.541908e+001
2.241879e+003,3.541195e+001
2.242361e+003,3.540434e+001
2.242844e+003,3.539631e+001
2.243326e+003,3.538797e+001
2.243808e+003,3.537945e+001
2.244290e+003,3.537082e+001
2.244772e+003,3.536215e+001
2.245254e+003,3.535343e+001
2.245736e+003,3.534461e+001
2.246218e+003,3.533564e+001
2.246700e+003,3.532647e+001
2.247183e+003,3.531713e+001
2.247665e+003,3.530769e+001
2.248147e+003,3.529823e+001
2.248629e+003,3.528887e+001
2.249111e+003,3.527961e+001
2.249593e+003,3.527049e+001
2.250075e+003,3.526142e+001
2.250557e+003,3.525233e+001
2.251040e+003,3.524312e+001
2.251522e+003,3.523376e+001
2.252004e+003,3.522424e+001
2.252486e+003,3.521457e+001
2.252968e+003,3.520478e+001
2.253450e+003,3.519489e+001
2.253932e+003,3.518488e+001
2.254415e+003,3.517475e+001
2.254896e+003,3.516447e+001
2.255379e+003,3.515404e+001
2.255861e+003,3.514345e+001
2.256343e+003,3.513274e+001
2.256825e+003,3.512199e+001
2.257307e+003,3.511123e+001
2.257789e+003,3.510052e+001
2.258271e+003,3.508990e+001
2.258754e+003,3.507940e+001
2.259236e+003,3.506902e+001
2.259718e+003,3.505870e+001
2.260200e+003,3.504837e+001
2.260682e+003,3.503792e+001
2.261164e+003,3.502725e+001
2.261646e+003,3.501631e+001
2.262128e+003,3.500510e+001
2.262611e+003,3.499369e+001
2.263093e+003,3.498221e+001
2.263575e+003,3.497079e+001
2.264057e+003,3.495961e+001
2.264539e+003,3.494872e+001
2.265021e+003,3.493819e+001
2.265503e+003,3.492801e+001
2.265985e+003,3.491814e+001
2.266468e+003,3.490855e+001
2.266950e+003,3.489920e+001
2.267432e+003,3.489006e+001
2.267914e+003,3.488113e+001
2.268396e+003,3.487239e+001
2.268878e+003,3.486384e+001
2.269360e+003,3.485546e+001
2.269843e+003,3.484727e+001
2.270324e+003,3.483928e+001
2.270807e+003,3.483154e+001
2.271289e+003,3.482407e+001
2.271771e+003,3.481691e+001
2.272253e+003,3.481001e+001
2.272735e+003,3.480339e+001
2.273217e+003,3.479705e+001
2.273699e+003,3.479100e+001
2.274182e+003,3.478532e+001
2.274664e+003,3.478009e+001
2.275146e+003,3.477541e+001
2.275628e+003,3.477135e+001
2.276110e+003,3.476788e+001
2.276592e+003,3.476493e+001
2.277074e+003,3.476241e+001
2.277556e+003,3.476023e+001
2.278039e+003,3.475836e+001
2.278521e+003,3.475682e+001
2.279003e+003,3.475568e+001
2.279485e+003,3.475500e+001
2.279967e+003,3.475475e+001
2.280449e+003,3.475473e+001
2.280931e+003,3.475460e+001
2.281413e+003,3.475382e+001
2.281896e+003,3.475174e+001
2.282378e+003,3.474765e+001
2.282860e+003,3.474091e+001
2.283342e+003,3.473101e+001
2.283824e+003,3.471761e+001
2.284306e+003,3.470057e+001
2.284788e+003,3.467996e+001
2.285271e+003,3.465609e+001
2.285752e+003,3.462933e+001
2.286235e+003,3.460019e+001
2.286717e+003,3.456920e+001
2.287199e+003,3.453682e+001
2.287681e+003,3.450353e+001
2.288163e+003,3.446965e+001
2.288645e+003,3.443548e+001
2.289127e+003,3.440126e+001
2.289610e+003,3.436715e+001
2.290092e+003,3.433328e+001
2.290574e+003,3.429968e+001
2.291056e+003,3.426636e+001
2.291538e+003,3.423321e+001
2.292020e+003,3.420004e+001
2.292502e+003,3.416664e+001
2.292984e+003,3.413277e+001
2.293467e+003,3.409819e+001
2.293949e+003,3.406274e+001
2.294431e+003,3.402632e+001
2.294913e+003,3.398888e+001
2.295395e+003,3.395047e+001
2.295877e+003,3.391119e+001
2.296359e+003,3.387114e+001
2.296841e+003,3.383042e+001
2.297323e+003,3.378914e+001
2.297806e+003,3.374732e+001
2.298288e+003,3.370498e+001
2.298770e+003,3.366208e+001
2.299252e+003,3.361858e+001
2.299734e+003,3.357445e+001
2.300216e+003,3.352962e+001
2.300698e+003,3.348404e+001
2.301180e+003,3.343755e+001
2.301663e+003,3.338991e+001
2.302145e+003,3.334065e+001
2.302627e+003,3.328925e+001
2.303109e+003,3.323502e+001
2.303591e+003,3.317738e+001
2.304073e+003,3.311583e+001
2.304555e+003,3.305023e+001
2.305038e+003,3.298068e+001
2.305520e+003,3.290763e+001
2.306002e+003,3.283171e+001
2.306484e+003,3.275364e+001
2.306966e+003,3.267413e+001
2.307448e+003,3.259376e+001
2.307930e+003,3.251305e+001
2.308412e+003,3.243248e+001
2.308895e+003,3.235253e+001
2.309377e+003,3.227382e+001
2.309859e+003,3.219704e+001
2.310341e+003,3.212297e+001
2.310823e+003,3.205233e+001
2.311305e+003,3.198569e+001
2.311787e+003,3.192333e+001
2.312269e+003,3.186510e+001
2.312751e+003,3.181043e+001
2.313234e+003,3.175813e+001
2.313716e+003,3.170657e+001
2.314198e+003,3.165370e+001
2.314680e+003,3.159721e+001
2.315162e+003,3.153479e+001
2.315644e+003,3.146437e+001
2.316126e+003,3.138437e+001
2.316608e+003,3.129393e+001
2.317091e+003,3.119297e+001
2.317573e+003,3.108223e+001
2.318055e+003,3.096325e+001
2.318537e+003,3.083814e+001
2.319019e+003,3.070949e+001
2.319501e+003,3.058017e+001
2.319983e+003,3.045307e+001
2.320466e+003,3.033099e+001
2.320948e+003,3.021640e+001
2.321430e+003,3.011120e+001
2.321912e+003,3.001649e+001
2.322394e+003,2.993244e+001
2.322876e+003,2.985825e+001
2.323358e+003,2.979216e+001
2.323840e+003,2.973175e+001
2.324323e+003,2.967421e+001
2.324805e+003,2.961677e+001
2.325287e+003,2.955702e+001
2.325769e+003,2.949322e+001
2.326251e+003,2.942439e+001
2.326733e+003,2.935041e+001
2.327215e+003,2.927203e+001
2.327697e+003,2.919070e+001
2.328179e+003,2.910852e+001
2.328662e+003,2.902806e+001
2.329144e+003,2.895204e+001
2.329626e+003,2.888311e+001
2.330108e+003,2.882348e+001
2.330590e+003,2.877453e+001
2.331072e+003,2.873652e+001
2.331554e+003,2.870852e+001
2.332036e+003,2.868843e+001
2.332519e+003,2.867323e+001
2.333001e+003,2.865954e+001
2.333483e+003,2.864411e+001
2.333965e+003,2.862439e+001
2.334447e+003,2.859889e+001
2.334929e+003,2.856739e+001
2.335411e+003,2.853078e+001
2.335894e+003,2.849071e+001
2.336375e+003,2.844901e+001
2.336858e+003,2.840722e+001
2.337340e+003,2.836620e+001
2.337822e+003,2.832613e+001
2.338304e+003,2.828674e+001
2.338786e+003,2.824783e+001
2.339268e+003,2.820963e+001
2.339750e+003,2.817318e+001
2.340233e+003,2.814019e+001
2.340715e+003,2.811296e+001
2.341197e+003,2.809403e+001
2.341679e+003,2.808619e+001
2.342161e+003,2.809269e+001
2.342643e+003,2.811772e+001
2.343125e+003,2.816652e+001
2.343607e+003,2.824506e+001
2.344090e+003,2.835854e+001
2.344572e+003,2.850918e+001
2.345054e+003,2.869412e+001
2.345536e+003,2.890414e+001
2.346018e+003,2.912451e+001
2.346500e+003,2.933742e+001
2.346982e+003,2.952508e+001
2.347464e+003,2.967244e+001
2.347947e+003,2.976859e+001
2.348429e+003,2.980721e+001
2.348911e+003,2.978613e+001
2.349393e+003,2.970680e+001
2.349875e+003,2.957371e+001
2.350357e+003,2.939400e+001
2.350839e+003,2.917701e+001
2.351322e+003,2.893360e+001
2.351803e+003,2.867512e+001
2.352286e+003,2.841205e+001
2.352768e+003,2.815275e+001
2.353250e+003,2.790264e+001
2.353732e+003,2.766433e+001
2.354214e+003,2.743851e+001
2.354696e+003,2.722521e+001
2.355178e+003,2.702483e+001
2.355661e+003,2.683857e+001
2.356143e+003,2.666833e+001
2.356625e+003,2.651612e+001
2.357107e+003,2.638361e+001
2.357589e+003,2.627187e+001
2.358071e+003,2.618131e+001
2.358553e+003,2.611186e+001
2.359035e+003,2.606307e+001
2.359518e+003,2.603413e+001
2.360000e+003,2.602379e+001
2.360482e+003,2.603043e+001
2.360964e+003,2.605217e+001
2.361446e+003,2.608723e+001
2.361928e+003,2.613421e+001
2.362410e+003,2.619240e+001
2.362892e+003,2.626164e+001
2.363375e+003,2.634223e+001
2.363857e+003,2.643453e+001
2.364339e+003,2.653876e+001
2.364821e+003,2.665477e+001
2.365303e+003,2.678208e+001
2.365785e+003,2.691995e+001
2.366267e+003,2.706745e+001
2.366750e+003,2.722353e+001
2.367232e+003,2.738710e+001
2.367714e+003,2.755702e+001
2.368196e+003,2.773223e+001
2.368678e+003,2.791184e+001
2.369160e+003,2.809511e+001
2.369642e+003,2.828153e+001
2.370124e+003,2.847073e+001
2.370606e+003,2.866227e+001
2.371089e+003,2.885555e+001
2.371571e+003,2.904969e+001
2.372053e+003,2.924365e+001
2.372535e+003,2.943631e+001
2.373017e+003,2.962670e+001
2.373499e+003,2.981411e+001
2.373981e+003,2.999821e+001
2.374463e+003,3.017903e+001
2.374946e+003,3.035691e+001
2.375428e+003,3.053222e+001
2.375910e+003,3.070548e+001
2.376392e+003,3.087706e+001
2.376874e+003,3.104725e+001
2.377356e+003,3.121618e+001
2.377838e+003,3.138381e+001
2.378321e+003,3.154993e+001
2.378802e+003,3.171414e+001
2.379285e+003,3.187580e+001
2.379767e+003,3.203407e+001
2.380249e+003,3.218795e+001
2.380731e+003,3.233637e+001
2.381213e+003,3.247820e+001
2.381695e+003,3.261237e+001
2.382177e+003,3.273795e+001
2.382660e+003,3.285411e+001
2.383142e+003,3.296023e+001
2.383624e+003,3.305590e+001
2.384106e+003,3.314091e+001
2.384588e+003,3.321531e+001
2.385070e+003,3.327939e+001
2.385552e+003,3.333368e+001
2.386034e+003,3.337897e+001
2.386517e+003,3.341617e+001
2.386999e+003,3.344627e+001
2.387481e+003,3.347031e+001
2.387963e+003,3.348920e+001
2.388445e+003,3.350373e+001
2.388927e+003,3.351453e+001
2.389409e+003,3.352211e+001
2.389891e+003,3.352694e+001
2.390374e+003,3.352940e+001
2.390856e+003,3.352987e+001
2.391338e+003,3.352880e+001
2.391820e+003,3.352658e+001
2.392302e+003,3.352357e+001
2.392784e+003,3.352007e+001
2.393266e+003,3.351629e+001
2.393749e+003,3.351238e+001
2.394230e+003,3.350836e+001
2.394713e+003,3.350421e+001
2.395195e+003,3.349987e+001
2.395677e+003,3.349533e+001
2.396159e+003,3.349052e+001
2.396641e+003,3.348549e+001
2.397123e+003,3.348026e+001
2.397605e+003,3.347492e+001
2.398088e+003,3.346961e+001
2.398570e+003,3.346445e+001
2.399052e+003,3.345952e+001
2.399534e+003,3.345490e+001
2.400016e+003,3.345059e+001
2.400498e+003,3.344657e+001
2.400980e+003,3.344278e+001
2.401462e+003,3.343915e+001
2.401945e+003,3.343557e+001
2.402427e+003,3.343198e+001
2.402909e+003,3.342830e+001
2.403391e+003,3.342446e+001
2.403873e+003,3.342048e+001
2.404355e+003,3.341634e+001
2.404837e+003,3.341205e+001
2.405319e+003,3.340765e+001
2.405802e+003,3.340316e+001
2.406284e+003,3.339857e+001
2.406766e+003,3.339388e+001
2.407248e+003,3.338906e+001
2.407730e+003,3.338406e+001
2.408212e+003,3.337885e+001
2.408694e+003,3.337347e+001
2.409177e+003,3.336789e+001
2.409658e+003,3.336218e+001
2.410141e+003,3.335636e+001
2.410623e+003,3.335048e+001
2.411105e+003,3.334459e+001
2.411587e+003,3.333874e+001
2.412069e+003,3.333298e+001
2.412551e+003,3.332738e+001
2.413033e+003,3.332204e+001
2.413516e+003,3.331700e+001
2.413998e+003,3.331232e+001
2.414480e+003,3.330799e+001
2.414962e+003,3.330397e+001
2.415444e+003,3.330014e+001
2.415926e+003,3.329641e+001
2.416408e+003,3.329267e+001
2.416890e+003,3.328879e+001
2.417373e+003,3.328468e+001
2.417855e+003,3.328025e+001
2.418337e+003,3.327543e+001
2.418819e+003,3.327016e+001
2.419301e+003,3.326446e+001
2.419783e+003,3.325838e+001
2.420265e+003,3.325205e+001
2.420747e+003,3.324569e+001
2.421229e+003,3.323953e+001
2.421712e+003,3.323376e+001
2.422194e+003,3.322852e+001
2.422676e+003,3.322380e+001
2.423158e+003,3.321949e+001
2.423640e+003,3.321535e+001
2.424122e+003,3.321112e+001
2.424604e+003,3.320653e+001
2.425086e+003,3.320143e+001
2.425569e+003,3.319576e+001
2.426051e+003,3.318956e+001
2.426533e+003,3.318296e+001
2.427015e+003,3.317616e+001
2.427497e+003,3.316936e+001
2.427979e+003,3.316270e+001
2.428461e+003,3.315631e+001
2.428944e+003,3.315027e+001
2.429426e+003,3.314457e+001
2.429908e+003,3.313919e+001
2.430390e+003,3.313409e+001
2.430872e+003,3.312915e+001
2.431354e+003,3.312431e+001
2.431836e+003,3.311943e+001
2.432318e+003,3.311439e+001
2.432801e+003,3.310907e+001
2.433283e+003,3.310337e+001
2.433765e+003,3.309719e+001
2.434247e+003,3.309050e+001
2.434729e+003,3.308335e+001
2.435211e+003,3.307589e+001
2.435693e+003,3.306828e+001
2.436175e+003,3.306079e+001
2.436657e+003,3.305359e+001
2.437140e+003,3.304681e+001
2.437622e+003,3.304046e+001
2.438104e+003,3.303444e+001
2.438586e+003,3.302857e+001
2.439068e+003,3.302263e+001
2.439550e+003,3.301644e+001
2.440032e+003,3.300991e+001
2.440514e+003,3.300305e+001
2.440997e+003,3.299594e+001
2.441479e+003,3.298871e+001
2.441961e+003,3.298151e+001
2.442443e+003,3.297442e+001
2.442925e+003,3.296746e+001
2.443407e+003,3.296063e+001
2.443889e+003,3.295388e+001
2.444372e+003,3.294719e+001
2.444854e+003,3.294053e+001
2.445336e+003,3.293393e+001
2.445818e+003,3.292746e+001
2.446300e+003,3.292118e+001
2.446782e+003,3.291512e+001
2.447264e+003,3.290931e+001
2.447746e+003,3.290370e+001
2.448229e+003,3.289822e+001
2.448711e+003,3.289271e+001
2.449193e+003,3.288708e+001
2.449675e+003,3.288120e+001
2.450157e+003,3.287504e+001
2.450639e+003,3.286863e+001
2.451121e+003,3.286203e+001
2.451604e+003,3.285537e+001
2.452085e+003,3.284877e+001
2.452568e+003,3.284227e+001
2.453050e+003,3.283592e+001
2.453532e+003,3.282965e+001
2.454014e+003,3.282341e+001
2.454496e+003,3.281710e+001
2.454978e+003,3.281071e+001
2.455460e+003,3.280423e+001
2.455943e+003,3.279772e+001
2.456425e+003,3.279125e+001
2.456907e+003,3.278489e+001
2.457389e+003,3.277865e+001
2.457871e+003,3.277253e+001
2.458353e+003,3.276649e+001
2.458835e+003,3.276044e+001
2.459317e+003,3.275429e+001
2.459800e+003,3.274797e+001
2.460282e+003,3.274135e+001
2.460764e+003,3.273436e+001
2.461246e+003,3.272695e+001
2.461728e+003,3.271912e+001
2.462210e+003,3.271097e+001
2.462692e+003,3.270268e+001
2.463174e+003,3.269451e+001
2.463656e+003,3.268673e+001
2.464139e+003,3.267950e+001
2.464621e+003,3.267293e+001
2.465103e+003,3.266690e+001
2.465585e+003,3.266114e+001
2.466067e+003,3.265529e+001
2.466549e+003,3.264893e+001
2.467031e+003,3.264174e+001
2.467513e+003,3.263354e+001
2.467996e+003,3.262435e+001
2.468478e+003,3.261438e+001
2.468960e+003,3.260399e+001
2.469442e+003,3.259364e+001
2.469924e+003,3.258371e+001
2.470406e+003,3.257454e+001
2.470888e+003,3.256631e+001
2.471371e+003,3.255901e+001
2.471853e+003,3.255250e+001
2.472335e+003,3.254652e+001
2.472817e+003,3.254076e+001
2.473299e+003,3.253497e+001
2.473781e+003,3.252895e+001
2.474263e+003,3.252264e+001
2.474745e+003,3.251606e+001
2.475228e+003,3.250933e+001
2.475710e+003,3.250253e+001
2.476192e+003,3.249572e+001
2.476674e+003,3.248891e+001
2.477156e+003,3.248206e+001
2.477638e+003,3.247514e+001
2.478120e+003,3.246812e+001
2.478602e+003,3.246105e+001
2.479084e+003,3.245398e+001
2.479567e+003,3.244701e+001
2.480049e+003,3.244014e+001
2.480531e+003,3.243340e+001
2.481013e+003,3.242666e+001
2.481495e+003,3.241985e+001
2.481977e+003,3.241283e+001
2.482459e+003,3.240553e+001
2.482941e+003,3.239793e+001
2.483424e+003,3.239005e+001
2.483906e+003,3.238197e+001
2.484388e+003,3.237376e+001
2.484870e+003,3.236552e+001
2.485352e+003,3.235732e+001
2.485834e+003,3.234925e+001
2.486316e+003,3.234140e+001
2.486799e+003,3.233384e+001
2.487281e+003,3.232665e+001
2.487763e+003,3.231987e+001
2.488245e+003,3.231344e+001
2.488727e+003,3.230727e+001
2.489209e+003,3.230120e+001
2.489691e+003,3.229508e+001
2.490173e+003,3.228877e+001
2.490656e+003,3.228220e+001
2.491138e+003,3.227534e+001
2.491620e+003,3.226828e+001
2.492102e+003,3.226113e+001
2.492584e+003,3.225399e+001
2.493066e+003,3.224696e+001
2.493548e+003,3.224009e+001
2.494030e+003,3.223338e+001
2.494512e+003,3.222673e+001
2.494995e+003,3.222003e+001
2.495477e+003,3.221311e+001
2.495959e+003,3.220580e+001
2.496441e+003,3.219801e+001
2.496923e+003,3.218970e+001
2.497405e+003,3.218095e+001
2.497887e+003,3.217194e+001
2.498370e+003,3.216290e+001
2.498852e+003,3.215403e+001
2.499334e+003,3.214553e+001
2.499816e+003,3.213747e+001
2.500298e+003,3.212986e+001
2.500780e+003,3.212257e+001
2.501262e+003,3.211545e+001
2.501744e+003,3.210833e+001
2.502227e+003,3.210110e+001
2.502709e+003,3.209367e+001
2.503191e+003,3.208605e+001
2.503673e+003,3.207829e+001
2.504155e+003,3.207048e+001
2.504637e+003,3.206273e+001
2.505119e+003,3.205516e+001
2.505601e+003,3.204789e+001
2.506083e+003,3.204100e+001
2.506566e+003,3.203451e+001
2.507048e+003,3.202840e+001
2.507530e+003,3.202258e+001
2.508012e+003,3.201695e+001
2.508494e+003,3.201139e+001
2.508976e+003,3.200583e+001
2.509458e+003,3.200024e+001
2.509940e+003,3.199466e+001
2.510423e+003,3.198911e+001
2.510905e+003,3.198367e+001
2.511387e+003,3.197834e+001
2.511869e+003,3.197309e+001
2.512351e+003,3.196786e+001
2.512833e+003,3.196255e+001
2.513315e+003,3.195704e+001
2.513798e+003,3.195127e+001
2.514280e+003,3.194520e+001
2.514762e+003,3.193882e+001
2.515244e+003,3.193217e+001
2.515726e+003,3.192534e+001
2.516208e+003,3.191837e+001
2.516690e+003,3.191135e+001
2.517172e+003,3.190434e+001
2.517655e+003,3.189734e+001
2.518137e+003,3.189038e+001
2.518619e+003,3.188343e+001
2.519101e+003,3.187649e+001
2.519583e+003,3.186958e+001
2.520065e+003,3.186273e+001
2.520547e+003,3.185601e+001
2.521029e+003,3.184950e+001
2.521511e+003,3.184329e+001
2.521994e+003,3.183741e+001
2.522476e+003,3.183183e+001
2.522958e+003,3.182648e+001
2.523440e+003,3.182122e+001
2.523922e+003,3.181591e+001
2.524404e+003,3.181045e+001
2.524886e+003,3.180479e+001
2.525368e+003,3.179890e+001
2.525851e+003,3.179281e+001
2.526333e+003,3.178658e+001
2.526815e+003,3.178025e+001
2.527297e+003,3.177384e+001
2.527779e+003,3.176739e+001
2.528261e+003,3.176089e+001
2.528743e+003,3.175440e+001
2.529226e+003,3.174792e+001
2.529708e+003,3.174149e+001
2.530190e+003,3.173510e+001
2.530672e+003,3.172875e+001
2.531154e+003,3.172243e+001
2.531636e+003,3.171616e+001
2.532118e+003,3.170992e+001
2.532600e+003,3.170376e+001
2.533083e+003,3.169769e+001
2.533565e+003,3.169172e+001
2.534047e+003,3.168582e+001
2.534529e+003,3.167993e+001
2.535011e+003,3.167398e+001
2.535493e+003,3.166789e+001
2.535975e+003,3.166164e+001
2.536457e+003,3.165526e+001
2.536939e+003,3.164882e+001
2.537422e+003,3.164236e+001
2.537904e+003,3.163598e+001
2.538386e+003,3.162969e+001
2.538868e+003,3.162348e+001
2.539350e+003,3.161732e+001
2.539832e+003,3.161121e+001
2.540314e+003,3.160515e+001
2.540796e+003,3.159921e+001
2.541279e+003,3.159347e+001
2.541761e+003,3.158798e+001
2.542243e+003,3.158278e+001
2.542725e+003,3.157782e+001
2.543207e+003,3.157304e+001
2.543689e+003,3.156830e+001
2.544171e+003,3.156351e+001
2.544654e+003,3.155855e+001
2.545135e+003,3.155340e+001
2.545618e+003,3.154802e+001
2.546100e+003,3.154246e+001
2.546582e+003,3.153678e+001
2.547064e+003,3.153109e+001
2.547546e+003,3.152552e+001
2.548028e+003,3.152019e+001
2.548510e+003,3.151521e+001
2.548993e+003,3.151064e+001
2.549475e+003,3.150645e+001
2.549957e+003,3.150255e+001
2.550439e+003,3.149881e+001
2.550921e+003,3.149506e+001
2.551403e+003,3.149118e+001
2.551885e+003,3.148710e+001
2.552367e+003,3.148282e+001
2.552850e+003,3.147832e+001
2.553332e+003,3.147364e+001
2.553814e+003,3.146874e+001
2.554296e+003,3.146358e+001
2.554778e+003,3.145805e+001
2.555260e+003,3.145211e+001
2.555742e+003,3.144572e+001
2.556224e+003,3.143896e+001
2.556707e+003,3.143199e+001
2.557189e+003,3.142501e+001
2.557671e+003,3.141823e+001
2.558153e+003,3.141184e+001
2.558635e+003,3.140594e+001
2.559117e+003,3.140055e+001
2.559599e+003,3.139562e+001
2.560082e+003,3.139106e+001
2.560563e+003,3.138673e+001
2.561046e+003,3.138247e+001
2.561528e+003,3.137818e+001
2.562010e+003,3.137375e+001
2.562492e+003,3.136908e+001
2.562974e+003,3.136414e+001
2.563456e+003,3.135891e+001
2.563938e+003,3.135340e+001
2.564421e+003,3.134766e+001
2.564903e+003,3.134175e+001
2.565385e+003,3.133579e+001
2.565867e+003,3.132988e+001
2.566349e+003,3.132419e+001
2.566831e+003,3.131882e+001
2.567313e+003,3.131390e+001
2.567795e+003,3.130949e+001
2.568278e+003,3.130555e+001
2.568760e+003,3.130199e+001
2.569242e+003,3.129865e+001
2.569724e+003,3.129531e+001
2.570206e+003,3.129176e+001
2.570688e+003,3.128784e+001
2.571170e+003,3.128345e+001
2.571652e+003,3.127854e+001
2.572135e+003,3.127316e+001
2.572617e+003,3.126736e+001
2.573099e+003,3.126125e+001
2.573581e+003,3.125494e+001
2.574063e+003,3.124858e+001
2.574545e+003,3.124232e+001
2.575027e+003,3.123628e+001
2.575510e+003,3.123060e+001
2.575991e+003,3.122532e+001
2.576474e+003,3.122042e+001
2.576956e+003,3.121583e+001
2.577438e+003,3.121140e+001
2.577920e+003,3.120698e+001
2.578402e+003,3.120247e+001
2.578884e+003,3.119781e+001
2.579366e+003,3.119302e+001
2.579849e+003,3.118817e+001
2.580331e+003,3.118333e+001
2.580813e+003,3.117857e+001
2.581295e+003,3.117396e+001
2.581777e+003,3.116950e+001
2.582259e+003,3.116519e+001
2.582741e+003,3.116099e+001
2.583223e+003,3.115689e+001
2.583706e+003,3.115278e+001
2.584188e+003,3.114859e+001
2.584670e+003,3.114422e+001
2.585152e+003,3.113955e+001
2.585634e+003,3.113453e+001
2.586116e+003,3.112912e+001
2.586598e+003,3.112338e+001
2.587080e+003,3.111740e+001
2.587563e+003,3.111127e+001
2.588045e+003,3.110504e+001
2.588527e+003,3.109873e+001
2.589009e+003,3.109229e+001
2.589491e+003,3.108567e+001
2.589973e+003,3.107884e+001
2.590455e+003,3.107187e+001
2.590938e+003,3.106488e+001
2.591419e+003,3.105810e+001
2.591902e+003,3.105175e+001
2.592384e+003,3.104602e+001
2.592866e+003,3.104100e+001
2.593348e+003,3.103667e+001
2.593830e+003,3.103288e+001
2.594312e+003,3.102945e+001
2.594794e+003,3.102611e+001
2.595277e+003,3.102261e+001
2.595759e+003,3.101872e+001
2.596241e+003,3.101424e+001
2.596723e+003,3.100903e+001
2.597205e+003,3.100301e+001
2.597687e+003,3.099621e+001
2.598169e+003,3.098873e+001
2.598651e+003,3.098080e+001
2.599134e+003,3.097272e+001
2.599616e+003,3.096485e+001
2.600098e+003,3.095754e+001
2.600580e+003,3.095108e+001
2.601062e+003,3.094569e+001
2.601544e+003,3.094146e+001
2.602026e+003,3.093832e+001
2.602508e+003,3.093611e+001
2.602990e+003,3.093455e+001
2.603473e+003,3.093327e+001
2.603955e+003,3.093188e+001
2.604437e+003,3.092997e+001
2.604919e+003,3.092723e+001
2.605401e+003,3.092342e+001
2.605883e+003,3.091842e+001
2.606365e+003,3.091229e+001
2.606847e+003,3.090520e+001
2.607330e+003,3.089738e+001
2.607812e+003,3.088916e+001
2.608294e+003,3.088086e+001
2.608776e+003,3.087274e+001
2.609258e+003,3.086503e+001
2.609740e+003,3.085785e+001
2.610222e+003,3.085122e+001
2.610705e+003,3.084505e+001
2.611187e+003,3.083920e+001
2.611669e+003,3.083349e+001
2.612151e+003,3.082772e+001
2.612633e+003,3.082178e+001
2.613115e+003,3.081565e+001
2.613597e+003,3.080936e+001
2.614079e+003,3.080305e+001
2.614562e+003,3.079685e+001
2.615044e+003,3.079087e+001
2.615526e+003,3.078514e+001
2.616008e+003,3.077961e+001
2.616490e+003,3.077414e+001
2.616972e+003,3.076859e+001
2.617454e+003,3.076278e+001
2.617936e+003,3.075664e+001
2.618418e+003,3.075010e+001
2.618901e+003,3.074323e+001
2.619383e+003,3.073614e+001
2.619865e+003,3.072898e+001
2.620347e+003,3.072197e+001
2.620829e+003,3.071527e+001
2.621311e+003,3.070907e+001
2.621793e+003,3.070346e+001
2.622276e+003,3.069843e+001
2.622758e+003,3.069387e+001
2.623240e+003,3.068965e+001
2.623722e+003,3.068552e+001
2.624204e+003,3.068129e+001
2.624686e+003,3.067684e+001
2.625168e+003,3.067211e+001
2.625650e+003,3.066715e+001
2.626133e+003,3.066201e+001
2.626615e+003,3.065676e+001
2.627097e+003,3.065140e+001
2.627579e+003,3.064588e+001
2.628061e+003,3.064007e+001
2.628543e+003,3.063385e+001
2.629025e+003,3.062715e+001
2.629507e+003,3.061994e+001
2.629990e+003,3.061232e+001
2.630472e+003,3.060442e+001
2.630954e+003,3.059641e+001
2.631436e+003,3.058843e+001
2.631918e+003,3.058057e+001
2.632400e+003,3.057283e+001
2.632882e+003,3.056519e+001
2.633364e+003,3.055753e+001
2.633846e+003,3.054977e+001
2.634329e+003,3.054180e+001
2.634811e+003,3.053358e+001
2.635293e+003,3.052511e+001
2.635775e+003,3.051648e+001
2.636257e+003,3.050782e+001
2.636739e+003,3.049935e+001
2.637221e+003,3.049129e+001
2.637704e+003,3.048382e+001
2.638186e+003,3.047707e+001
2.638668e+003,3.047105e+001
2.639150e+003,3.046567e+001
2.639632e+003,3.046073e+001
2.640114e+003,3.045601e+001
2.640596e+003,3.045130e+001
2.641078e+003,3.044642e+001
2.641561e+003,3.044125e+001
2.642043e+003,3.043576e+001
2.642525e+003,3.042996e+001
2.643007e+003,3.042387e+001
2.643489e+003,3.041751e+001
2.643971e+003,3.041092e+001
2.644453e+003,3.040408e+001
2.644935e+003,3.039697e+001
2.645417e+003,3.038954e+001
2.645900e+003,3.038178e+001
2.646382e+003,3.037364e+001
2.646864e+003,3.036512e+001
2.647346e+003,3.035625e+001
2.647828e+003,3.034711e+001
2.648310e+003,3.033780e+001
2.648792e+003,3.032847e+001
2.649274e+003,3.031923e+001
2.649757e+003,3.031023e+001
2.650239e+003,3.030156e+001
2.650721e+003,3.029329e+001
2.651203e+003,3.028542e+001
2.651685e+003,3.027798e+001
2.652167e+003,3.027095e+001
2.652649e+003,3.026430e+001
2.653132e+003,3.025795e+001
2.653614e+003,3.025182e+001
2.654096e+003,3.024575e+001
2.654578e+003,3.023960e+001
2.655060e+003,3.023320e+001
2.655542e+003,3.022644e+001
2.656024e+003,3.021926e+001
2.656506e+003,3.021169e+001
2.656989e+003,3.020378e+001
2.657471e+003,3.019566e+001
2.657953e+003,3.018745e+001
2.658435e+003,3.017923e+001
2.658917e+003,3.017106e+001
2.659399e+003,3.016300e+001
2.659881e+003,3.015506e+001
2.660363e+003,3.014728e+001
2.660845e+003,3.013967e+001
2.661328e+003,3.013231e+001
2.661810e+003,3.012520e+001
2.662292e+003,3.011838e+001
2.662774e+003,3.011186e+001
2.663256e+003,3.010563e+001
2.663738e+003,3.009964e+001
2.664220e+003,3.009381e+001
2.664702e+003,3.008802e+001
2.665185e+003,3.008211e+001
2.665667e+003,3.007592e+001
2.666149e+003,3.006929e+001
2.666631e+003,3.006211e+001
2.667113e+003,3.005437e+001
2.667595e+003,3.004616e+001
2.668077e+003,3.003766e+001
2.668560e+003,3.002910e+001
2.669042e+003,3.002071e+001
2.669524e+003,3.001268e+001
2.670006e+003,3.000508e+001
2.670488e+003,2.999787e+001
2.670970e+003,2.999093e+001
2.671452e+003,2.998407e+001
2.671934e+003,2.997712e+001
2.672417e+003,2.996994e+001
2.672899e+003,2.996246e+001
2.673381e+003,2.995472e+001
2.673863e+003,2.994676e+001
2.674345e+003,2.993873e+001
2.674827e+003,2.993073e+001
2.675309e+003,2.992286e+001
2.675791e+003,2.991516e+001
2.676273e+003,2.990762e+001
2.676756e+003,2.990018e+001
2.677238e+003,2.989274e+001
2.677720e+003,2.988523e+001
2.678202e+003,2.987758e+001
2.678684e+003,2.986976e+001
2.679166e+003,2.986184e+001
2.679648e+003,2.985389e+001
2.680130e+003,2.984600e+001
2.680613e+003,2.983827e+001
2.681095e+003,2.983073e+001
2.681577e+003,2.982336e+001
2.682059e+003,2.981608e+001
2.682541e+003,2.980875e+001
2.683023e+003,2.980121e+001
2.683505e+003,2.979330e+001
2.683988e+003,2.978489e+001
2.684469e+003,2.977596e+001
2.684952e+003,2.976656e+001
2.685434e+003,2.975685e+001
2.685916e+003,2.974709e+001
2.686398e+003,2.973755e+001
2.686880e+003,2.972850e+001
2.687362e+003,2.972006e+001
2.687844e+003,2.971226e+001
2.688327e+003,2.970496e+001
2.688809e+003,2.969790e+001
2.689291e+003,2.969085e+001
2.689773e+003,2.968358e+001
2.690255e+003,2.967601e+001
2.690737e+003,2.966823e+001
2.691219e+003,2.966039e+001
2.691701e+003,2.965272e+001
2.692184e+003,2.964542e+001
2.692666e+003,2.963857e+001
2.693148e+003,2.963216e+001
2.693630e+003,2.962605e+001
2.694112e+003,2.962005e+001
2.694594e+003,2.961402e+001
2.695076e+003,2.960779e+001
2.695558e+003,2.960130e+001
2.696041e+003,2.959453e+001
2.696523e+003,2.958747e+001
2.697005e+003,2.958013e+001
2.697487e+003,2.957248e+001
2.697969e+003,2.956453e+001
2.698451e+003,2.955626e+001
2.698933e+003,2.954766e+001
2.699416e+003,2.953878e+001
2.699897e+003,2.952967e+001
2.700380e+003,2.952044e+001
2.700862e+003,2.951120e+001
2.701344e+003,2.950212e+001
2.701826e+003,2.949333e+001
2.702308e+003,2.948501e+001
2.702790e+003,2.947726e+001
2.703272e+003,2.947012e+001
2.703755e+003,2.946355e+001
2.704237e+003,2.945740e+001
2.704719e+003,2.945148e+001
2.705201e+003,2.944557e+001
2.705683e+003,2.943950e+001
2.706165e+003,2.943318e+001
2.706647e+003,2.942661e+001
2.707129e+003,2.941988e+001
2.707612e+003,2.941310e+001
2.708094e+003,2.940638e+001
2.708576e+003,2.939981e+001
2.709058e+003,2.939338e+001
2.709540e+003,2.938705e+001
2.710022e+003,2.938069e+001
2.710504e+003,2.937417e+001
2.710986e+003,2.936736e+001
2.711469e+003,2.936016e+001
2.711951e+003,2.935251e+001
2.712433e+003,2.934443e+001
2.712915e+003,2.933604e+001
2.713397e+003,2.932748e+001
2.713879e+003,2.931897e+001
2.714361e+003,2.931072e+001
2.714844e+003,2.930288e+001
2.715325e+003,2.929552e+001
2.715808e+003,2.928860e+001
2.716290e+003,2.928199e+001
2.716772e+003,2.927556e+001
2.717254e+003,2.926913e+001
2.717736e+003,2.926262e+001
2.718218e+003,2.925602e+001
2.718700e+003,2.924936e+001
2.719183e+003,2.924271e+001
2.719665e+003,2.923612e+001
2.720147e+003,2.922957e+001
2.720629e+003,2.922297e+001
2.721111e+003,2.921620e+001
2.721593e+003,2.920911e+001
2.722075e+003,2.920160e+001
2.722557e+003,2.919363e+001
2.723040e+003,2.918525e+001
2.723522e+003,2.917659e+001
2.724004e+003,2.916784e+001
2.724486e+003,2.915923e+001
2.724968e+003,2.915097e+001
2.725450e+003,2.914322e+001
2.725932e+003,2.913603e+001
2.726414e+003,2.912939e+001
2.726896e+003,2.912319e+001
2.727379e+003,2.911725e+001
2.727861e+003,2.911140e+001
2.728343e+003,2.910550e+001
2.728825e+003,2.909947e+001
2.729307e+003,2.909335e+001
2.729789e+003,2.908718e+001
2.730271e+003,2.908109e+001
2.730753e+003,2.907512e+001
2.731236e+003,2.906930e+001
2.731718e+003,2.906357e+001
2.732200e+003,2.905782e+001
2.732682e+003,2.905192e+001
2.733164e+003,2.904577e+001
2.733646e+003,2.903928e+001
2.734128e+003,2.903244e+001
2.734611e+003,2.902525e+001
2.735093e+003,2.901772e+001
2.735575e+003,2.900993e+001
2.736057e+003,2.900190e+001
2.736539e+003,2.899369e+001
2.737021e+003,2.898535e+001
2.737503e+003,2.897698e+001
2.737985e+003,2.896868e+001
2.738468e+003,2.896053e+001
2.738950e+003,2.895264e+001
2.739432e+003,2.894511e+001
2.739914e+003,2.893801e+001
2.740396e+003,2.893139e+001
2.740878e+003,2.892529e+001
2.741360e+003,2.891968e+001
2.741842e+003,2.891449e+001
2.742324e+003,2.890960e+001
2.742807e+003,2.890481e+001
2.743289e+003,2.889990e+001
2.743771e+003,2.889463e+001
2.744253e+003,2.888880e+001
2.744735e+003,2.888228e+001
2.745217e+003,2.887502e+001
2.745699e+003,2.886705e+001
2.746182e+003,2.885851e+001
2.746664e+003,2.884962e+001
2.747146e+003,2.884065e+001
2.747628e+003,2.883190e+001
2.748110e+003,2.882367e+001
2.748592e+003,2.881621e+001
2.749074e+003,2.880963e+001
2.749556e+003,2.880392e+001
2.750039e+003,2.879892e+001
2.750521e+003,2.879433e+001
2.751003e+003,2.878979e+001
2.751485e+003,2.878497e+001
2.751967e+003,2.877960e+001
2.752449e+003,2.877356e+001
2.752931e+003,2.876686e+001
2.753413e+003,2.875958e+001
2.753896e+003,2.875187e+001
2.754378e+003,2.874387e+001
2.754860e+003,2.873566e+001
2.755342e+003,2.872734e+001
2.755824e+003,2.871898e+001
2.756306e+003,2.871068e+001
2.756788e+003,2.870255e+001
2.757270e+003,2.869473e+001
2.757752e+003,2.868734e+001
2.758235e+003,2.868044e+001
2.758717e+003,2.867403e+001
2.759199e+003,2.866802e+001
2.759681e+003,2.866221e+001
2.760163e+003,2.865644e+001
2.760645e+003,2.865047e+001
2.761127e+003,2.864416e+001
2.761610e+003,2.863733e+001
2.762092e+003,2.862996e+001
2.762574e+003,2.862204e+001
2.763056e+003,2.861371e+001
2.763538e+003,2.860515e+001
2.764020e+003,2.859660e+001
2.764502e+003,2.858835e+001
2.764984e+003,2.858059e+001
2.765467e+003,2.857349e+001
2.765949e+003,2.856706e+001
2.766431e+003,2.856124e+001
2.766913e+003,2.855586e+001
2.767395e+003,2.855072e+001
2.767877e+003,2.854563e+001
2.768359e+003,2.854043e+001
2.768841e+003,2.853502e+001
2.769323e+003,2.852933e+001
2.769806e+003,2.852333e+001
2.770288e+003,2.851702e+001
2.770770e+003,2.851040e+001
2.771252e+003,2.850350e+001
2.771734e+003,2.849640e+001
2.772216e+003,2.848915e+001
2.772698e+003,2.848185e+001
2.773180e+003,2.847455e+001
2.773663e+003,2.846730e+001
2.774145e+003,2.846010e+001
2.774627e+003,2.845297e+001
2.775109e+003,2.844590e+001
2.775591e+003,2.843893e+001
2.776073e+003,2.843212e+001
2.776555e+003,2.842550e+001
2.777038e+003,2.841909e+001
2.777520e+003,2.841281e+001
2.778002e+003,2.840654e+001
2.778484e+003,2.840010e+001
2.778966e+003,2.839327e+001
2.779448e+003,2.838592e+001
2.779930e+003,2.837794e+001
2.780412e+003,2.836934e+001
2.780895e+003,2.836021e+001
2.781377e+003,2.835074e+001
2.781859e+003,2.834114e+001
2.782341e+003,2.833163e+001
2.782823e+003,2.832242e+001
2.783305e+003,2.831370e+001
2.783787e+003,2.830560e+001
2.784269e+003,2.829816e+001
2.784751e+003,2.829138e+001
2.785234e+003,2.828519e+001
2.785716e+003,2.827944e+001
2.786198e+003,2.827396e+001
2.786680e+003,2.826854e+001
2.787162e+003,2.826301e+001
2.787644e+003,2.825721e+001
2.788126e+003,2.825100e+001
2.788608e+003,2.824430e+001
2.789091e+003,2.823707e+001
2.789573e+003,2.822931e+001
2.790055e+003,2.822108e+001
2.790537e+003,2.821247e+001
2.791019e+003,2.820365e+001
2.791501e+003,2.819476e+001
2.791983e+003,2.818596e+001
2.792466e+003,2.817736e+001
2.792948e+003,2.816901e+001
2.793430e+003,2.816092e+001
2.793912e+003,2.815303e+001
2.794394e+003,2.814526e+001
2.794876e+003,2.813757e+001
2.795358e+003,2.812990e+001
2.795840e+003,2.812226e+001
2.796323e+003,2.811468e+001
2.796805e+003,2.810721e+001
2.797287e+003,2.809988e+001
2.797769e+003,2.809274e+001
2.798251e+003,2.808584e+001
2.798733e+003,2.807916e+001
2.799215e+003,2.807271e+001
2.799697e+003,2.806642e+001
2.800179e+003,2.806022e+001
2.800662e+003,2.805400e+001
2.801144e+003,2.804770e+001
2.801626e+003,2.804122e+001
2.802108e+003,2.803453e+001
2.802590e+003,2.802762e+001
2.803072e+003,2.802046e+001
2.803554e+003,2.801305e+001
2.804036e+003,2.800536e+001
2.804519e+003,2.799735e+001
2.805001e+003,2.798900e+001
2.805483e+003,2.798036e+001
2.805965e+003,2.797152e+001
2.806447e+003,2.796261e+001
2.806929e+003,2.795380e+001
2.807411e+003,2.794520e+001
2.807894e+003,2.793685e+001
2.808375e+003,2.792869e+001
2.808858e+003,2.792060e+001
2.809340e+003,2.791241e+001
2.809822e+003,2.790401e+001
2.810304e+003,2.789534e+001
2.810786e+003,2.788645e+001
2.811268e+003,2.787741e+001
2.811750e+003,2.786837e+001
2.812233e+003,2.785940e+001
2.812715e+003,2.785056e+001
2.813197e+003,2.784184e+001
2.813679e+003,2.783324e+001
2.814161e+003,2.782475e+001
2.814643e+003,2.781638e+001
2.815125e+003,2.780816e+001
2.815607e+003,2.780009e+001
2.816090e+003,2.779214e+001
2.816572e+003,2.778428e+001
2.817054e+003,2.777644e+001
2.817536e+003,2.776861e+001
2.818018e+003,2.776082e+001
2.818500e+003,2.775320e+001
2.818982e+003,2.774591e+001
2.819464e+003,2.773911e+001
2.819947e+003,2.773288e+001
2.820429e+003,2.772716e+001
2.820911e+003,2.772180e+001
2.821393e+003,2.771645e+001
2.821875e+003,2.771077e+001
2.822357e+003,2.770439e+001
2.822839e+003,2.769705e+001
2.823322e+003,2.768862e+001
2.823803e+003,2.767912e+001
2.824286e+003,2.766875e+001
2.824768e+003,2.765782e+001
2.825250e+003,2.764671e+001
2.825732e+003,2.763580e+001
2.826214e+003,2.762539e+001
2.826696e+003,2.761571e+001
2.827178e+003,2.760677e+001
2.827661e+003,2.759846e+001
2.828143e+003,2.759054e+001
2.828625e+003,2.758269e+001
2.829107e+003,2.757459e+001
2.829589e+003,2.756602e+001
2.830071e+003,2.755686e+001
2.830553e+003,2.754709e+001
2.831035e+003,2.753682e+001
2.831518e+003,2.752621e+001
2.832000e+003,2.751547e+001
2.832482e+003,2.750481e+001
2.832964e+003,2.749442e+001
2.833446e+003,2.748445e+001
2.833928e+003,2.747498e+001
2.834410e+003,2.746604e+001
2.834892e+003,2.745755e+001
2.835375e+003,2.744940e+001
2.835857e+003,2.744142e+001
2.836339e+003,2.743347e+001
2.836821e+003,2.742544e+001
2.837303e+003,2.741735e+001
2.837785e+003,2.740926e+001
2.838267e+003,2.740129e+001
2.838750e+003,2.739354e+001
2.839231e+003,2.738604e+001
2.839714e+003,2.737870e+001
2.840196e+003,2.737134e+001
2.840678e+003,2.736372e+001
2.841160e+003,2.735558e+001
2.841642e+003,2.734672e+001
2.842124e+003,2.733708e+001
2.842606e+003,2.732668e+001
2.843089e+003,2.731568e+001
2.843571e+003,2.730426e+001
2.844053e+003,2.729266e+001
2.844535e+003,2.728106e+001
2.845017e+003,2.726962e+001
2.845499e+003,2.725842e+001
2.845981e+003,2.724748e+001
2.846463e+003,2.723679e+001
2.846946e+003,2.722627e+001
2.847428e+003,2.721588e+001
2.847910e+003,2.720557e+001
2.848392e+003,2.719531e+001
2.848874e+003,2.718518e+001
2.849356e+003,2.717522e+001
2.849838e+003,2.716553e+001
2.850320e+003,2.715621e+001
2.850802e+003,2.714736e+001
2.851285e+003,2.713906e+001
2.851767e+003,2.713136e+001
2.852249e+003,2.712433e+001
2.852731e+003,2.711799e+001
2.853213e+003,2.711235e+001
2.853695e+003,2.710735e+001
2.854177e+003,2.710288e+001
2.854659e+003,2.709877e+001
2.855142e+003,2.709481e+001
2.855624e+003,2.709083e+001
2.856106e+003,2.708666e+001
2.856588e+003,2.708228e+001
2.857070e+003,2.707772e+001
2.857552e+003,2.707306e+001
2.858034e+003,2.706844e+001
2.858517e+003,2.706389e+001
2.858999e+003,2.705942e+001
2.859481e+003,2.705490e+001
2.859963e+003,2.705021e+001
2.860445e+003,2.704520e+001
2.860927e+003,2.703978e+001
2.861409e+003,2.703392e+001
2.861891e+003,2.702772e+001
2.862374e+003,2.702127e+001
2.862856e+003,2.701468e+001
2.863338e+003,2.700805e+001
2.863820e+003,2.700135e+001
2.864302e+003,2.699452e+001
2.864784e+003,2.698746e+001
2.865266e+003,2.698000e+001
2.865748e+003,2.697211e+001
2.866230e+003,2.696380e+001
2.866713e+003,2.695523e+001
2.867195e+003,2.694665e+001
2.867677e+003,2.693837e+001
2.868159e+003,2.693070e+001
2.868641e+003,2.692387e+001
2.869123e+003,2.691791e+001
2.869605e+003,2.691269e+001
2.870088e+003,2.690791e+001
2.870570e+003,2.690316e+001
2.871052e+003,2.689798e+001
2.871534e+003,2.689207e+001
2.872016e+003,2.688520e+001
2.872498e+003,2.687737e+001
2.872980e+003,2.686868e+001
2.873462e+003,2.685935e+001
2.873945e+003,2.684963e+001
2.874427e+003,2.683974e+001
2.874909e+003,2.682985e+001
2.875391e+003,2.682007e+001
2.875873e+003,2.681048e+001
2.876355e+003,2.680111e+001
2.876837e+003,2.679198e+001
2.877319e+003,2.678310e+001
2.877802e+003,2.677445e+001
2.878284e+003,2.676604e+001
2.878766e+003,2.675784e+001
2.879248e+003,2.674987e+001
2.879730e+003,2.674214e+001
2.880212e+003,2.673465e+001
2.880694e+003,2.672740e+001
2.881176e+003,2.672034e+001
2.881658e+003,2.671338e+001
2.882141e+003,2.670637e+001
2.882623e+003,2.669914e+001
2.883105e+003,2.669155e+001
2.883587e+003,2.668354e+001
2.884069e+003,2.667508e+001
2.884551e+003,2.666629e+001
2.885033e+003,2.665733e+001
2.885516e+003,2.664841e+001
2.885998e+003,2.663974e+001
2.886480e+003,2.663149e+001
2.886962e+003,2.662379e+001
2.887444e+003,2.661667e+001
2.887926e+003,2.661008e+001
2.888408e+003,2.660387e+001
2.888890e+003,2.659784e+001
2.889373e+003,2.659174e+001
2.889855e+003,2.658535e+001
2.890337e+003,2.657851e+001
2.890819e+003,2.657115e+001
2.891301e+003,2.656331e+001
2.891783e+003,2.655513e+001
2.892265e+003,2.654678e+001
2.892747e+003,2.653838e+001
2.893229e+003,2.653002e+001
2.893712e+003,2.652169e+001
2.894194e+003,2.651331e+001
2.894676e+003,2.650479e+001
2.895158e+003,2.649604e+001
2.895640e+003,2.648705e+001
2.896122e+003,2.647789e+001
2.896604e+003,2.646863e+001
2.897086e+003,2.645945e+001
2.897569e+003,2.645046e+001
2.898051e+003,2.644178e+001
2.898533e+003,2.643344e+001
2.899015e+003,2.642547e+001
2.899497e+003,2.641783e+001
2.899979e+003,2.641045e+001
2.900461e+003,2.640323e+001
2.900944e+003,2.639607e+001
2.901426e+003,2.638886e+001
2.901908e+003,2.638148e+001
2.902390e+003,2.637386e+001
2.902872e+003,2.636595e+001
2.903354e+003,2.635773e+001
2.903836e+003,2.634922e+001
2.904318e+003,2.634043e+001
2.904801e+003,2.633139e+001
2.905283e+003,2.632213e+001
2.905765e+003,2.631262e+001
2.906247e+003,2.630290e+001
2.906729e+003,2.629299e+001
2.907211e+003,2.628294e+001
2.907693e+003,2.627281e+001
2.908175e+003,2.626267e+001
2.908657e+003,2.625261e+001
2.909140e+003,2.624270e+001
2.909622e+003,2.623304e+001
2.910104e+003,2.622370e+001
2.910586e+003,2.621472e+001
2.911068e+003,2.620610e+001
2.911550e+003,2.619774e+001
2.912032e+003,2.618950e+001
2.912514e+003,2.618114e+001
2.912997e+003,2.617241e+001
2.913479e+003,2.616307e+001
2.913961e+003,2.615298e+001
2.914443e+003,2.614211e+001
2.914925e+003,2.613058e+001
2.915407e+003,2.611860e+001
2.915889e+003,2.610646e+001
2.916372e+003,2.609446e+001
2.916854e+003,2.608291e+001
2.917336e+003,2.607203e+001
2.917818e+003,2.606201e+001
2.918300e+003,2.605297e+001
2.918782e+003,2.604495e+001
2.919264e+003,2.603794e+001
2.919746e+003,2.603182e+001
2.920229e+003,2.602641e+001
2.920711e+003,2.602147e+001
2.921193e+003,2.601676e+001
2.921675e+003,2.601204e+001
2.922157e+003,2.600716e+001
2.922639e+003,2.600206e+001
2.923121e+003,2.599677e+001
2.923603e+003,2.599138e+001
2.924085e+003,2.598604e+001
2.924568e+003,2.598093e+001
2.925050e+003,2.597623e+001
2.925532e+003,2.597215e+001
2.926014e+003,2.596883e+001
2.926496e+003,2.596640e+001
2.926978e+003,2.596488e+001
2.927460e+003,2.596419e+001
2.927942e+003,2.596413e+001
2.928425e+003,2.596441e+001
2.928907e+003,2.596470e+001
2.929389e+003,2.596470e+001
2.929871e+003,2.596419e+001
2.930353e+003,2.596309e+001
2.930835e+003,2.596144e+001
2.931317e+003,2.595940e+001
2.931800e+003,2.595716e+001
2.932281e+003,2.595487e+001
2.932764e+003,2.595262e+001
2.933246e+003,2.595045e+001
2.933728e+003,2.594830e+001
2.934210e+003,2.594605e+001
2.934692e+003,2.594355e+001
2.935174e+003,2.594065e+001
2.935656e+003,2.593721e+001
2.936139e+003,2.593315e+001
2.936621e+003,2.592844e+001
2.937103e+003,2.592312e+001
2.937585e+003,2.591738e+001
2.938067e+003,2.591143e+001
2.938549e+003,2.590555e+001
2.939031e+003,2.590001e+001
2.939513e+003,2.589502e+001
2.939996e+003,2.589065e+001
2.940478e+003,2.588685e+001
2.940960e+003,2.588345e+001
2.941442e+003,2.588017e+001
2.941924e+003,2.587672e+001
2.942406e+003,2.587284e+001
2.942888e+003,2.586836e+001
2.943370e+003,2.586319e+001
2.943853e+003,2.585733e+001
2.944335e+003,2.585087e+001
2.944817e+003,2.584392e+001
2.945299e+003,2.583656e+001
2.945781e+003,2.582886e+001
2.946263e+003,2.582083e+001
2.946745e+003,2.581244e+001
2.947228e+003,2.580368e+001
2.947709e+003,2.579460e+001
2.948192e+003,2.578526e+001
2.948674e+003,2.577583e+001
2.949156e+003,2.576652e+001
2.949638e+003,2.575756e+001
2.950120e+003,2.574910e+001
2.950602e+003,2.574124e+001
2.951084e+003,2.573392e+001
2.951567e+003,2.572702e+001
2.952049e+003,2.572036e+001
2.952531e+003,2.571374e+001
2.953013e+003,2.570701e+001
2.953495e+003,2.570010e+001
2.953977e+003,2.569296e+001
2.954459e+003,2.568563e+001
2.954941e+003,2.567813e+001
2.955424e+003,2.567048e+001
2.955906e+003,2.566273e+001
2.956388e+003,2.565488e+001
2.956870e+003,2.564703e+001
2.957352e+003,2.563928e+001
2.957834e+003,2.563176e+001
2.958316e+003,2.562465e+001
2.958798e+003,2.561805e+001
2.959281e+003,2.561206e+001
2.959763e+003,2.560665e+001
2.960245e+003,2.560175e+001
2.960727e+003,2.559718e+001
2.961209e+003,2.559271e+001
2.961691e+003,2.558815e+001
2.962173e+003,2.558335e+001
2.962656e+003,2.557822e+001
2.963137e+003,2.557285e+001
2.963620e+003,2.556738e+001
2.964102e+003,2.556204e+001
2.964584e+003,2.555706e+001
2.965066e+003,2.555261e+001
2.965548e+003,2.554872e+001
2.966030e+003,2.554526e+001
2.966512e+003,2.554202e+001
2.966995e+003,2.553868e+001
2.967477e+003,2.553500e+001
2.967959e+003,2.553084e+001
2.968441e+003,2.552618e+001
2.968923e+003,2.552119e+001
2.969405e+003,2.551604e+001
2.969887e+003,2.551095e+001
2.970369e+003,2.550603e+001
2.970852e+003,2.550128e+001
2.971334e+003,2.549661e+001
2.971816e+003,2.549183e+001
2.972298e+003,2.548680e+001
2.972780e+003,2.548135e+001
2.973262e+003,2.547542e+001
2.973744e+003,2.546899e+001
2.974226e+003,2.546207e+001
2.974708e+003,2.545469e+001
2.975191e+003,2.544686e+001
2.975673e+003,2.543863e+001
2.976155e+003,2.543003e+001
2.976637e+003,2.542113e+001
2.977119e+003,2.541202e+001
2.977601e+003,2.540284e+001
2.978083e+003,2.539373e+001
2.978565e+003,2.538482e+001
2.979048e+003,2.537623e+001
2.979530e+003,2.536806e+001
2.980012e+003,2.536035e+001
2.980494e+003,2.535309e+001
2.980976e+003,2.534622e+001
2.981458e+003,2.533958e+001
2.981940e+003,2.533299e+001
2.982423e+003,2.532625e+001
2.982905e+003,2.531916e+001
2.983387e+003,2.531163e+001
2.983869e+003,2.530366e+001
2.984351e+003,2.529538e+001
2.984833e+003,2.528699e+001
2.985315e+003,2.527876e+001
2.985797e+003,2.527094e+001
2.986280e+003,2.526369e+001
2.986762e+003,2.525706e+001
2.987244e+003,2.525100e+001
2.987726e+003,2.524534e+001
2.988208e+003,2.523990e+001
2.988690e+003,2.523441e+001
2.989172e+003,2.522872e+001
2.989654e+003,2.522267e+001
2.990136e+003,2.521620e+001
2.990619e+003,2.520933e+001
2.991101e+003,2.520209e+001
2.991583e+003,2.519459e+001
2.992065e+003,2.518686e+001
2.992547e+003,2.517896e+001
2.993029e+003,2.517090e+001
2.993511e+003,2.516269e+001
2.993994e+003,2.515435e+001
2.994476e+003,2.514590e+001
2.994958e+003,2.513740e+001
2.995440e+003,2.512898e+001
2.995922e+003,2.512071e+001
2.996404e+003,2.511264e+001
2.996886e+003,2.510478e+001
2.997368e+003,2.509706e+001
2.997851e+003,2.508939e+001
2.998333e+003,2.508169e+001
2.998815e+003,2.507397e+001
2.999297e+003,2.506627e+001
2.999779e+003,2.505873e+001
3.000261e+003,2.505153e+001
3.000743e+003,2.504477e+001
3.001225e+003,2.503849e+001
3.001708e+003,2.503270e+001
3.002190e+003,2.502724e+001
3.002672e+003,2.502200e+001
3.003154e+003,2.501683e+001
3.003636e+003,2.501163e+001
3.004118e+003,2.500636e+001
3.004600e+003,2.500100e+001
3.005082e+003,2.499551e+001
3.005564e+003,2.498983e+001
3.006047e+003,2.498385e+001
3.006529e+003,2.497745e+001
3.007011e+003,2.497048e+001
3.007493e+003,2.496283e+001
3.007975e+003,2.495448e+001
3.008457e+003,2.494545e+001
3.008939e+003,2.493588e+001
3.009422e+003,2.492595e+001
3.009904e+003,2.491590e+001
3.010386e+003,2.490600e+001
3.010868e+003,2.489651e+001
3.011350e+003,2.488760e+001
3.011832e+003,2.487941e+001
3.012314e+003,2.487194e+001
3.012796e+003,2.486508e+001
3.013279e+003,2.485866e+001
3.013761e+003,2.485246e+001
3.014243e+003,2.484624e+001
3.014725e+003,2.483981e+001
3.015207e+003,2.483303e+001
3.015689e+003,2.482586e+001
3.016171e+003,2.481833e+001
3.016653e+003,2.481054e+001
3.017135e+003,2.480264e+001
3.017618e+003,2.479486e+001
3.018100e+003,2.478735e+001
3.018582e+003,2.478030e+001
3.019064e+003,2.477376e+001
3.019546e+003,2.476770e+001
3.020028e+003,2.476198e+001
3.020510e+003,2.475637e+001
3.020992e+003,2.475059e+001
3.021475e+003,2.474441e+001
3.021957e+003,2.473768e+001
3.022439e+003,2.473041e+001
3.022921e+003,2.472274e+001
3.023403e+003,2.471490e+001
3.023885e+003,2.470717e+001
3.024367e+003,2.469980e+001
3.024850e+003,2.469296e+001
3.025332e+003,2.468671e+001
3.025814e+003,2.468097e+001
3.026296e+003,2.467558e+001
3.026778e+003,2.467032e+001
3.027260e+003,2.466491e+001
3.027742e+003,2.465909e+001
3.028224e+003,2.465266e+001
3.028707e+003,2.464550e+001
3.029189e+003,2.463760e+001
3.029671e+003,2.462911e+001
3.030153e+003,2.462031e+001
3.030635e+003,2.461154e+001
3.031117e+003,2.460314e+001
3.031599e+003,2.459540e+001
3.032081e+003,2.458849e+001
3.032563e+003,2.458238e+001
3.033046e+003,2.457694e+001
3.033528e+003,2.457189e+001
3.034010e+003,2.456695e+001
3.034492e+003,2.456183e+001
3.034974e+003,2.455633e+001
3.035456e+003,2.455031e+001
3.035938e+003,2.454377e+001
3.036420e+003,2.453680e+001
3.036903e+003,2.452957e+001
3.037385e+003,2.452229e+001
3.037867e+003,2.451521e+001
3.038349e+003,2.450848e+001
3.038831e+003,2.450219e+001
3.039313e+003,2.449630e+001
3.039795e+003,2.449064e+001
3.040278e+003,2.448498e+001
3.040760e+003,2.447906e+001
3.041242e+003,2.447267e+001
3.041724e+003,2.446574e+001
3.042206e+003,2.445825e+001
3.042688e+003,2.445034e+001
3.043170e+003,2.444213e+001
3.043652e+003,2.443376e+001
3.044135e+003,2.442535e+001
3.044617e+003,2.441692e+001
3.045099e+003,2.440849e+001
3.045581e+003,2.440008e+001
3.046063e+003,2.439170e+001
3.046545e+003,2.438338e+001
3.047027e+003,2.437519e+001
3.047509e+003,2.436718e+001
3.047991e+003,2.435941e+001
3.048474e+003,2.435191e+001
3.048956e+003,2.434474e+001
3.049438e+003,2.433791e+001
3.049920e+003,2.433142e+001
3.050402e+003,2.432521e+001
3.050884e+003,2.431919e+001
3.051366e+003,2.431317e+001
3.051848e+003,2.430699e+001
3.052331e+003,2.430050e+001
3.052813e+003,2.429359e+001
3.053295e+003,2.428629e+001
3.053777e+003,2.427869e+001
3.054259e+003,2.427097e+001
3.054741e+003,2.426331e+001
3.055223e+003,2.425581e+001
3.055706e+003,2.424853e+001
3.056188e+003,2.424139e+001
3.056670e+003,2.423432e+001
3.057152e+003,2.422723e+001
3.057634e+003,2.422009e+001
3.058116e+003,2.421293e+001
3.058598e+003,2.420580e+001
3.059080e+003,2.419882e+001
3.059563e+003,2.419204e+001
3.060045e+003,2.418545e+001
3.060527e+003,2.417900e+001
3.061009e+003,2.417258e+001
3.061491e+003,2.416607e+001
3.061973e+003,2.415935e+001
3.062455e+003,2.415233e+001
3.062937e+003,2.414498e+001
3.063419e+003,2.413733e+001
3.063902e+003,2.412946e+001
3.064384e+003,2.412153e+001
3.064866e+003,2.411370e+001
3.065348e+003,2.410620e+001
3.065830e+003,2.409922e+001
3.066312e+003,2.409287e+001
3.066794e+003,2.408719e+001
3.067276e+003,2.408210e+001
3.067759e+003,2.407739e+001
3.068241e+003,2.407283e+001
3.068723e+003,2.406814e+001
3.069205e+003,2.406309e+001
3.069687e+003,2.405752e+001
3.070169e+003,2.405137e+001
3.070651e+003,2.404465e+001
3.071134e+003,2.403746e+001
3.071615e+003,2.402995e+001
3.072098e+003,2.402227e+001
3.072580e+003,2.401460e+001
3.073062e+003,2.400707e+001
3.073544e+003,2.399977e+001
3.074026e+003,2.399272e+001
3.074508e+003,2.398587e+001
3.074990e+003,2.397912e+001
3.075473e+003,2.397234e+001
3.075955e+003,2.396539e+001
3.076437e+003,2.395816e+001
3.076919e+003,2.395061e+001
3.077401e+003,2.394277e+001
3.077883e+003,2.393474e+001
3.078365e+003,2.392668e+001
3.078847e+003,2.391878e+001
3.079330e+003,2.391124e+001
3.079812e+003,2.390417e+001
3.080294e+003,2.389765e+001
3.080776e+003,2.389163e+001
3.081258e+003,2.388597e+001
3.081740e+003,2.388047e+001
3.082222e+003,2.387489e+001
3.082704e+003,2.386905e+001
3.083187e+003,2.386289e+001
3.083669e+003,2.385647e+001
3.084151e+003,2.384999e+001
3.084633e+003,2.384371e+001
3.085115e+003,2.383787e+001
3.085597e+003,2.383260e+001
3.086079e+003,2.382789e+001
3.086562e+003,2.382352e+001
3.087043e+003,2.381920e+001
3.087526e+003,2.381458e+001
3.088008e+003,2.380937e+001
3.088490e+003,2.380341e+001
3.088972e+003,2.379666e+001
3.089454e+003,2.378919e+001
3.089936e+003,2.378119e+001
3.090418e+003,2.377283e+001
3.090901e+003,2.376429e+001
3.091383e+003,2.375572e+001
3.091865e+003,2.374722e+001
3.092347e+003,2.373890e+001
3.092829e+003,2.373081e+001
3.093311e+003,2.372305e+001
3.093793e+003,2.371563e+001
3.094275e+003,2.370859e+001
3.094758e+003,2.370188e+001
3.095240e+003,2.369542e+001
3.095722e+003,2.368909e+001
3.096204e+003,2.368274e+001
3.096686e+003,2.367622e+001
3.097168e+003,2.366937e+001
3.097650e+003,2.366213e+001
3.098132e+003,2.365448e+001
3.098615e+003,2.364652e+001
3.099097e+003,2.363845e+001
3.099579e+003,2.363053e+001
3.100061e+003,2.362303e+001
3.100543e+003,2.361617e+001
3.101025e+003,2.361004e+001
3.101507e+003,2.360460e+001
3.101990e+003,2.359972e+001
3.102471e+003,2.359517e+001
3.102954e+003,2.359072e+001
3.103436e+003,2.358618e+001
3.103918e+003,2.358145e+001
3.104400e+003,2.357642e+001
3.104882e+003,2.357106e+001
3.105364e+003,2.356530e+001
3.105846e+003,2.355905e+001
3.106329e+003,2.355225e+001
3.106811e+003,2.354486e+001
3.107293e+003,2.353696e+001
3.107775e+003,2.352874e+001
3.108257e+003,2.352047e+001
3.108739e+003,2.351243e+001
3.109221e+003,2.350490e+001
3.109703e+003,2.349802e+001
3.110186e+003,2.349179e+001
3.110668e+003,2.348610e+001
3.111150e+003,2.348075e+001
3.111632e+003,2.347554e+001
3.112114e+003,2.347025e+001
3.112596e+003,2.346477e+001
3.113078e+003,2.345901e+001
3.113560e+003,2.345296e+001
3.114042e+003,2.344664e+001
3.114525e+003,2.344011e+001
3.115007e+003,2.343346e+001
3.115489e+003,2.342677e+001
3.115971e+003,2.342017e+001
3.116453e+003,2.341374e+001
3.116935e+003,2.340756e+001
3.117417e+003,2.340161e+001
3.117900e+003,2.339584e+001
3.118382e+003,2.339011e+001
3.118864e+003,2.338426e+001
3.119346e+003,2.337813e+001
3.119828e+003,2.337157e+001
3.120310e+003,2.336457e+001
3.120792e+003,2.335715e+001
3.121274e+003,2.334942e+001
3.121757e+003,2.334156e+001
3.122239e+003,2.333375e+001
3.122721e+003,2.332616e+001
3.123203e+003,2.331891e+001
3.123685e+003,2.331205e+001
3.124167e+003,2.330556e+001
3.124649e+003,2.329939e+001
3.125131e+003,2.329347e+001
3.125614e+003,2.328777e+001
3.126096e+003,2.328222e+001
3.126578e+003,2.327680e+001
3.127060e+003,2.327149e+001
3.127542e+003,2.326618e+001
3.128024e+003,2.326074e+001
3.128506e+003,2.325498e+001
3.128988e+003,2.324869e+001
3.129470e+003,2.324172e+001
3.129953e+003,2.323403e+001
3.130435e+003,2.322571e+001
3.130917e+003,2.321698e+001
3.131399e+003,2.320815e+001
3.131881e+003,2.319958e+001
3.132363e+003,2.319161e+001
3.132845e+003,2.318444e+001
3.133328e+003,2.317817e+001
3.133810e+003,2.317276e+001
3.134292e+003,2.316806e+001
3.134774e+003,2.316386e+001
3.135256e+003,2.315989e+001
3.135738e+003,2.315594e+001
3.136220e+003,2.315181e+001
3.136702e+003,2.314736e+001
3.137185e+003,2.314251e+001
3.137667e+003,2.313723e+001
3.138149e+003,2.313159e+001
3.138631e+003,2.312563e+001
3.139113e+003,2.311939e+001
3.139595e+003,2.311293e+001
3.140077e+003,2.310621e+001
3.140559e+003,2.309925e+001
3.141042e+003,2.309205e+001
3.141524e+003,2.308465e+001
3.142006e+003,2.307718e+001
3.142488e+003,2.306981e+001
3.142970e+003,2.306272e+001
3.143452e+003,2.305602e+001
3.143934e+003,2.304977e+001
3.144417e+003,2.304389e+001
3.144898e+003,2.303821e+001
3.145381e+003,2.303252e+001
3.145863e+003,2.302663e+001
3.146345e+003,2.302040e+001
3.146827e+003,2.301379e+001
3.147309e+003,2.300682e+001
3.147791e+003,2.299964e+001
3.148273e+003,2.299237e+001
3.148756e+003,2.298517e+001
3.149238e+003,2.297812e+001
3.149720e+003,2.297129e+001
3.150202e+003,2.296466e+001
3.150684e+003,2.295818e+001
3.151166e+003,2.295171e+001
3.151648e+003,2.294513e+001
3.152130e+003,2.293829e+001
3.152613e+003,2.293108e+001
3.153095e+003,2.292350e+001
3.153577e+003,2.291558e+001
3.154059e+003,2.290746e+001
3.154541e+003,2.289933e+001
3.155023e+003,2.289139e+001
3.155505e+003,2.288377e+001
3.155987e+003,2.287657e+001
3.156469e+003,2.286979e+001
3.156952e+003,2.286338e+001
3.157434e+003,2.285728e+001
3.157916e+003,2.285147e+001
3.158398e+003,2.284591e+001
3.158880e+003,2.284060e+001
3.159362e+003,2.283549e+001
3.159844e+003,2.283049e+001
3.160326e+003,2.282546e+001
3.160809e+003,2.282016e+001
3.161291e+003,2.281437e+001
3.161773e+003,2.280790e+001
3.162255e+003,2.280067e+001
3.162737e+003,2.279274e+001
3.163219e+003,2.278435e+001
3.163701e+003,2.277585e+001
3.164184e+003,2.276765e+001
3.164666e+003,2.276011e+001
3.165148e+003,2.275344e+001
3.165630e+003,2.274767e+001
3.166112e+003,2.274262e+001
3.166594e+003,2.273796e+001
3.167076e+003,2.273329e+001
3.167558e+003,2.272826e+001
3.168041e+003,2.272269e+001
3.168523e+003,2.271656e+001
3.169005e+003,2.271007e+001
3.169487e+003,2.270354e+001
3.169969e+003,2.269732e+001
3.170451e+003,2.269167e+001
3.170933e+003,2.268675e+001
3.171415e+003,2.268251e+001
3.171897e+003,2.267877e+001
3.172380e+003,2.267524e+001
3.172862e+003,2.267159e+001
3.173344e+003,2.266751e+001
3.173826e+003,2.266271e+001
3.174308e+003,2.265702e+001
3.174790e+003,2.265034e+001
3.175272e+003,2.264269e+001
3.175754e+003,2.263425e+001
3.176237e+003,2.262529e+001
3.176719e+003,2.261620e+001
3.177201e+003,2.260738e+001
3.177683e+003,2.259916e+001
3.178165e+003,2.259176e+001
3.178647e+003,2.258521e+001
3.179129e+003,2.257936e+001
3.179612e+003,2.257395e+001
3.180094e+003,2.256869e+001
3.180576e+003,2.256332e+001
3.181058e+003,2.255768e+001
3.181540e+003,2.255175e+001
3.182022e+003,2.254557e+001
3.182504e+003,2.253923e+001
3.182986e+003,2.253284e+001
3.183469e+003,2.252644e+001
3.183951e+003,2.252006e+001
3.184433e+003,2.251369e+001
3.184915e+003,2.250735e+001
3.185397e+003,2.250101e+001
3.185879e+003,2.249470e+001
3.186361e+003,2.248843e+001
3.186843e+003,2.248224e+001
3.187325e+003,2.247618e+001
3.187808e+003,2.247025e+001
3.188290e+003,2.246450e+001
3.188772e+003,2.245895e+001
3.189254e+003,2.245356e+001
3.189736e+003,2.244833e+001
3.190218e+003,2.244318e+001
3.190700e+003,2.243802e+001
3.191182e+003,2.243279e+001
3.191665e+003,2.242739e+001
3.192147e+003,2.242180e+001
3.192629e+003,2.241595e+001
3.193111e+003,2.240981e+001
3.193593e+003,2.240333e+001
3.194075e+003,2.239647e+001
3.194557e+003,2.238919e+001
3.195040e+003,2.238149e+001
3.195521e+003,2.237344e+001
3.196004e+003,2.236517e+001
3.196486e+003,2.235688e+001
3.196968e+003,2.234876e+001
3.197450e+003,2.234097e+001
3.197932e+003,2.233358e+001
3.198414e+003,2.232660e+001
3.198896e+003,2.231996e+001
3.199379e+003,2.231362e+001
3.199861e+003,2.230758e+001
3.200343e+003,2.230190e+001
3.200825e+003,2.229669e+001
3.201307e+003,2.229205e+001
3.201789e+003,2.228798e+001
3.202271e+003,2.228437e+001
3.202753e+003,2.228100e+001
3.203236e+003,2.227749e+001
3.203718e+003,2.227349e+001
3.204200e+003,2.226864e+001
3.204682e+003,2.226274e+001
3.205164e+003,2.225573e+001
3.205646e+003,2.224769e+001
3.206128e+003,2.223887e+001
3.206610e+003,2.222957e+001
3.207093e+003,2.222016e+001
3.207575e+003,2.221099e+001
3.208057e+003,2.220234e+001
3.208539e+003,2.219441e+001
3.209021e+003,2.218725e+001
3.209503e+003,2.218081e+001
3.209985e+003,2.217495e+001
3.210468e+003,2.216946e+001
3.210949e+003,2.216417e+001
3.211432e+003,2.215897e+001
3.211914e+003,2.215381e+001
3.212396e+003,2.214870e+001
3.212878e+003,2.214367e+001
3.213360e+003,2.213869e+001
3.213842e+003,2.213364e+001
3.214324e+003,2.212832e+001
3.214807e+003,2.212247e+001
3.215289e+003,2.211591e+001
3.215771e+003,2.210852e+001
3.216253e+003,2.210038e+001
3.216735e+003,2.209179e+001
3.217217e+003,2.208318e+001
3.217699e+003,2.207506e+001
3.218181e+003,2.206790e+001
3.218664e+003,2.206200e+001
3.219146e+003,2.205745e+001
3.219628e+003,2.205407e+001
3.220110e+003,2.205145e+001
3.220592e+003,2.204905e+001
3.221074e+003,2.204630e+001
3.221556e+003,2.204271e+001
3.222038e+003,2.203797e+001
3.222521e+003,2.203200e+001
3.223003e+003,2.202491e+001
3.223485e+003,2.201696e+001
3.223967e+003,2.200849e+001
3.224449e+003,2.199984e+001
3.224931e+003,2.199130e+001
3.225413e+003,2.198311e+001
3.225896e+003,2.197540e+001
3.226377e+003,2.196826e+001
3.226860e+003,2.196173e+001
3.227342e+003,2.195580e+001
3.227824e+003,2.195045e+001
3.228306e+003,2.194559e+001
3.228788e+003,2.194110e+001
3.229270e+003,2.193685e+001
3.229752e+003,2.193267e+001
3.230235e+003,2.192844e+001
3.230717e+003,2.192409e+001
3.231199e+003,2.191957e+001
3.231681e+003,2.191489e+001
3.232163e+003,2.191006e+001
3.232645e+003,2.190507e+001
3.233127e+003,2.189992e+001
3.233609e+003,2.189458e+001
3.234092e+003,2.188902e+001
3.234574e+003,2.188319e+001
3.235056e+003,2.187706e+001
3.235538e+003,2.187059e+001
3.236020e+003,2.186374e+001
3.236502e+003,2.185647e+001
3.236984e+003,2.184876e+001
3.237466e+003,2.184066e+001
3.237948e+003,2.183221e+001
3.238431e+003,2.182358e+001
3.238913e+003,2.181494e+001
3.239395e+003,2.180645e+001
3.239877e+003,2.179824e+001
3.240359e+003,2.179037e+001
3.240841e+003,2.178286e+001
3.241323e+003,2.177567e+001
3.241806e+003,2.176878e+001
3.242288e+003,2.176222e+001
3.242770e+003,2.175601e+001
3.243252e+003,2.175023e+001
3.243734e+003,2.174483e+001
3.244216e+003,2.173975e+001
3.244698e+003,2.173479e+001
3.245180e+003,2.172970e+001
3.245663e+003,2.172422e+001
3.246145e+003,2.171820e+001
3.246627e+003,2.171165e+001
3.247109e+003,2.170471e+001
3.247591e+003,2.169770e+001
3.248073e+003,2.169095e+001
3.248555e+003,2.168475e+001
3.249037e+003,2.167928e+001
3.249520e+003,2.167457e+001
3.250002e+003,2.167047e+001
3.250484e+003,2.166672e+001
3.250966e+003,2.166300e+001
3.251448e+003,2.165899e+001
3.251930e+003,2.165443e+001
3.252412e+003,2.164918e+001
3.252894e+003,2.164320e+001
3.253376e+003,2.163657e+001
3.253859e+003,2.162950e+001
3.254341e+003,2.162226e+001
3.254823e+003,2.161514e+001
3.255305e+003,2.160843e+001
3.255787e+003,2.160229e+001
3.256269e+003,2.159683e+001
3.256751e+003,2.159200e+001
3.257234e+003,2.158767e+001
3.257716e+003,2.158360e+001
3.258198e+003,2.157955e+001
3.258680e+003,2.157525e+001
3.259162e+003,2.157051e+001
3.259644e+003,2.156520e+001
3.260126e+003,2.155932e+001
3.260608e+003,2.155292e+001
3.261091e+003,2.154616e+001
3.261573e+003,2.153922e+001
3.262055e+003,2.153224e+001
3.262537e+003,2.152528e+001
3.263019e+003,2.151833e+001
3.263501e+003,2.151122e+001
3.263983e+003,2.150377e+001
3.264465e+003,2.149579e+001
3.264948e+003,2.148721e+001
3.265430e+003,2.147812e+001
3.265912e+003,2.146881e+001
3.266394e+003,2.145967e+001
3.266876e+003,2.145116e+001
3.267358e+003,2.144369e+001
3.267840e+003,2.143747e+001
3.268323e+003,2.143250e+001
3.268804e+003,2.142851e+001
3.269287e+003,2.142506e+001
3.269769e+003,2.142161e+001
3.270251e+003,2.141767e+001
3.270733e+003,2.141283e+001
3.271215e+003,2.140694e+001
3.271697e+003,2.140002e+001
3.272179e+003,2.139234e+001
3.272662e+003,2.138424e+001
3.273144e+003,2.137615e+001
3.273626e+003,2.136843e+001
3.274108e+003,2.136131e+001
3.274590e+003,2.135487e+001
3.275072e+003,2.134905e+001
3.275554e+003,2.134368e+001
3.276036e+003,2.133857e+001
3.276519e+003,2.133354e+001
3.277001e+003,2.132850e+001
3.277483e+003,2.132342e+001
3.277965e+003,2.131832e+001
3.278447e+003,2.131322e+001
3.278929e+003,2.130814e+001
3.279411e+003,2.130300e+001
3.279893e+003,2.129776e+001
3.280375e+003,2.129231e+001
3.280858e+003,2.128660e+001
3.281340e+003,2.128065e+001
3.281822e+003,2.127451e+001
3.282304e+003,2.126833e+001
3.282786e+003,2.126223e+001
3.283268e+003,2.125632e+001
3.283750e+003,2.125067e+001
3.284232e+003,2.124524e+001
3.284715e+003,2.123996e+001
3.285197e+003,2.123469e+001
3.285679e+003,2.122930e+001
3.286161e+003,2.122368e+001
3.286643e+003,2.121773e+001
3.287125e+003,2.121144e+001
3.287607e+003,2.120486e+001
3.288090e+003,2.119809e+001
3.288572e+003,2.119127e+001
3.289054e+003,2.118452e+001
3.289536e+003,2.117798e+001
3.290018e+003,2.117170e+001
3.290500e+003,2.116574e+001
3.290982e+003,2.116008e+001
3.291464e+003,2.115470e+001
3.291947e+003,2.114957e+001
3.292429e+003,2.114466e+001
3.292911e+003,2.113994e+001
3.293393e+003,2.113534e+001
3.293875e+003,2.113076e+001
3.294357e+003,2.112604e+001
3.294839e+003,2.112100e+001
3.295321e+003,2.111547e+001
3.295803e+003,2.110934e+001
3.296286e+003,2.110259e+001
3.296768e+003,2.109530e+001
3.297250e+003,2.108768e+001
3.297732e+003,2.108000e+001
3.298214e+003,2.107259e+001
3.298696e+003,2.106571e+001
3.299178e+003,2.105960e+001
3.299660e+003,2.105436e+001
3.300143e+003,2.104997e+001
3.300625e+003,2.104632e+001
3.301107e+003,2.104316e+001
3.301589e+003,2.104016e+001
3.302071e+003,2.103698e+001
3.302553e+003,2.103328e+001
3.303035e+003,2.102876e+001
3.303518e+003,2.102327e+001
3.304000e+003,2.101678e+001
3.304482e+003,2.100936e+001
3.304964e+003,2.100123e+001
3.305446e+003,2.099266e+001
3.305928e+003,2.098393e+001
3.306410e+003,2.097532e+001
3.306892e+003,2.096706e+001
3.307375e+003,2.095930e+001
3.307857e+003,2.095213e+001
3.308339e+003,2.094555e+001
3.308821e+003,2.093946e+001
3.309303e+003,2.093375e+001
3.309785e+003,2.092826e+001
3.310267e+003,2.092283e+001
3.310749e+003,2.091741e+001
3.311231e+003,2.091195e+001
3.311714e+003,2.090652e+001
3.312196e+003,2.090118e+001
3.312678e+003,2.089601e+001
3.313160e+003,2.089103e+001
3.313642e+003,2.088618e+001
3.314124e+003,2.088135e+001
3.314606e+003,2.087641e+001
3.315088e+003,2.087126e+001
3.315571e+003,2.086587e+001
3.316053e+003,2.086028e+001
3.316535e+003,2.085460e+001
3.317017e+003,2.084896e+001
3.317499e+003,2.084348e+001
3.317981e+003,2.083823e+001
3.318463e+003,2.083321e+001
3.318946e+003,2.082836e+001
3.319427e+003,2.082358e+001
3.319910e+003,2.081875e+001
3.320392e+003,2.081372e+001
3.320874e+003,2.080835e+001
3.321356e+003,2.080249e+001
3.321838e+003,2.079605e+001
3.322320e+003,2.078901e+001
3.322802e+003,2.078142e+001
3.323285e+003,2.077344e+001
3.323767e+003,2.076533e+001
3.324249e+003,2.075735e+001
3.324731e+003,2.074977e+001
3.325213e+003,2.074277e+001
3.325695e+003,2.073641e+001
3.326177e+003,2.073066e+001
3.326659e+003,2.072540e+001
3.327142e+003,2.072048e+001
3.327624e+003,2.071574e+001
3.328106e+003,2.071107e+001
3.328588e+003,2.070641e+001
3.329070e+003,2.070171e+001
3.329552e+003,2.069694e+001
3.330034e+003,2.069209e+001
3.330516e+003,2.068710e+001
3.330999e+003,2.068192e+001
3.331481e+003,2.067651e+001
3.331963e+003,2.067079e+001
3.332445e+003,2.066474e+001
3.332927e+003,2.065836e+001
3.333409e+003,2.065167e+001
3.333891e+003,2.064478e+001
3.334374e+003,2.063778e+001
3.334855e+003,2.063085e+001
3.335338e+003,2.062411e+001
3.335820e+003,2.061764e+001
3.336302e+003,2.061150e+001
3.336784e+003,2.060563e+001
3.337266e+003,2.059991e+001
3.337748e+003,2.059424e+001
3.338230e+003,2.058850e+001
3.338713e+003,2.058266e+001
3.339195e+003,2.057676e+001
3.339677e+003,2.057088e+001
3.340159e+003,2.056512e+001
3.340641e+003,2.055957e+001
3.341123e+003,2.055427e+001
3.341605e+003,2.054921e+001
3.342087e+003,2.054432e+001
3.342570e+003,2.053954e+001
3.343052e+003,2.053479e+001
3.343534e+003,2.053001e+001
3.344016e+003,2.052515e+001
3.344498e+003,2.052016e+001
3.344980e+003,2.051499e+001
3.345462e+003,2.050961e+001
3.345944e+003,2.050400e+001
3.346427e+003,2.049817e+001
3.346909e+003,2.049216e+001
3.347391e+003,2.048605e+001
3.347873e+003,2.047991e+001
3.348355e+003,2.047382e+001
3.348837e+003,2.046782e+001
3.349319e+003,2.046191e+001
3.349802e+003,2.045604e+001
3.350283e+003,2.045012e+001
3.350766e+003,2.044404e+001
3.351248e+003,2.043769e+001
3.351730e+003,2.043093e+001
3.352212e+003,2.042371e+001
3.352694e+003,2.041605e+001
3.353176e+003,2.040810e+001
3.353658e+003,2.040012e+001
3.354141e+003,2.039247e+001
3.354623e+003,2.038553e+001
3.355105e+003,2.037965e+001
3.355587e+003,2.037498e+001
3.356069e+003,2.037150e+001
3.356551e+003,2.036895e+001
3.357033e+003,2.036691e+001
3.357515e+003,2.036489e+001
3.357998e+003,2.036243e+001
3.358480e+003,2.035920e+001
3.358962e+003,2.035502e+001
3.359444e+003,2.034986e+001
3.359926e+003,2.034380e+001
3.360408e+003,2.033699e+001
3.360890e+003,2.032958e+001
3.361372e+003,2.032174e+001
3.361854e+003,2.031363e+001
3.362337e+003,2.030548e+001
3.362819e+003,2.029747e+001
3.363301e+003,2.028983e+001
3.363783e+003,2.028275e+001
3.364265e+003,2.027635e+001
3.364747e+003,2.027063e+001
3.365229e+003,2.026550e+001
3.365712e+003,2.026079e+001
3.366194e+003,2.025628e+001
3.366676e+003,2.025175e+001
3.367158e+003,2.024707e+001
3.367640e+003,2.024216e+001
3.368122e+003,2.023704e+001
3.368604e+003,2.023173e+001
3.369086e+003,2.022630e+001
3.369569e+003,2.022077e+001
3.370051e+003,2.021510e+001
3.370533e+003,2.020921e+001
3.371015e+003,2.020301e+001
3.371497e+003,2.019641e+001
3.371979e+003,2.018938e+001
3.372461e+003,2.018195e+001
3.372943e+003,2.017424e+001
3.373426e+003,2.016641e+001
3.373908e+003,2.015859e+001
3.374390e+003,2.015087e+001
3.374872e+003,2.014323e+001
3.375354e+003,2.013561e+001
3.375836e+003,2.012789e+001
3.376318e+003,2.012003e+001
3.376800e+003,2.011207e+001
3.377282e+003,2.010420e+001
3.377765e+003,2.009671e+001
3.378247e+003,2.008998e+001
3.378729e+003,2.008431e+001
3.379211e+003,2.007986e+001
3.379693e+003,2.007661e+001
3.380175e+003,2.007434e+001
3.380657e+003,2.007266e+001
3.381140e+003,2.007109e+001
3.381622e+003,2.006916e+001
3.382104e+003,2.006650e+001
3.382586e+003,2.006284e+001
3.383068e+003,2.005808e+001
3.383550e+003,2.005226e+001
3.384032e+003,2.004554e+001
3.384514e+003,2.003820e+001
3.384997e+003,2.003055e+001
3.385479e+003,2.002295e+001
3.385961e+003,2.001570e+001
3.386443e+003,2.000902e+001
3.386925e+003,2.000306e+001
3.387407e+003,1.999777e+001
3.387889e+003,1.999301e+001
3.388371e+003,1.998855e+001
3.388854e+003,1.998412e+001
3.389336e+003,1.997945e+001
3.389818e+003,1.997435e+001
3.390300e+003,1.996872e+001
3.390782e+003,1.996256e+001
3.391264e+003,1.995595e+001
3.391746e+003,1.994904e+001
3.392229e+003,1.994201e+001
3.392710e+003,1.993503e+001
3.393193e+003,1.992821e+001
3.393675e+003,1.992160e+001
3.394157e+003,1.991521e+001
3.394639e+003,1.990900e+001
3.395121e+003,1.990296e+001
3.395603e+003,1.989707e+001
3.396085e+003,1.989140e+001
3.396568e+003,1.988604e+001
3.397050e+003,1.988109e+001
3.397532e+003,1.987662e+001
3.398014e+003,1.987259e+001
3.398496e+003,1.986887e+001
3.398978e+003,1.986520e+001
3.399460e+003,1.986129e+001
3.399942e+003,1.985684e+001
3.400425e+003,1.985164e+001
3.400907e+003,1.984559e+001
3.401389e+003,1.983875e+001
3.401871e+003,1.983129e+001
3.402353e+003,1.982346e+001
3.402835e+003,1.981552e+001
3.403317e+003,1.980775e+001
3.403799e+003,1.980035e+001
3.404281e+003,1.979346e+001
3.404764e+003,1.978716e+001
3.405246e+003,1.978143e+001
3.405728e+003,1.977619e+001
3.406210e+003,1.977131e+001
3.406692e+003,1.976661e+001
3.407174e+003,1.976191e+001
3.407656e+003,1.975703e+001
3.408138e+003,1.975184e+001
3.408621e+003,1.974622e+001
3.409103e+003,1.974013e+001
3.409585e+003,1.973353e+001
3.410067e+003,1.972647e+001
3.410549e+003,1.971901e+001
3.411031e+003,1.971128e+001
3.411513e+003,1.970348e+001
3.411996e+003,1.969584e+001
3.412478e+003,1.968864e+001
3.412960e+003,1.968210e+001
3.413442e+003,1.967635e+001
3.413924e+003,1.967138e+001
3.414406e+003,1.966699e+001
3.414888e+003,1.966286e+001
3.415370e+003,1.965855e+001
3.415853e+003,1.965364e+001
3.416335e+003,1.964779e+001
3.416817e+003,1.964080e+001
3.417299e+003,1.963272e+001
3.417781e+003,1.962377e+001
3.418263e+003,1.961439e+001
3.418745e+003,1.960512e+001
3.419227e+003,1.959652e+001
3.419709e+003,1.958907e+001
3.420192e+003,1.958307e+001
3.420674e+003,1.957850e+001
3.421156e+003,1.957510e+001
3.421638e+003,1.957236e+001
3.422120e+003,1.956963e+001
3.422602e+003,1.956632e+001
3.423084e+003,1.956196e+001
3.423566e+003,1.955634e+001
3.424049e+003,1.954952e+001
3.424531e+003,1.954182e+001
3.425013e+003,1.953368e+001
3.425495e+003,1.952559e+001
3.425977e+003,1.951800e+001
3.426459e+003,1.951116e+001
3.426941e+003,1.950525e+001
3.427424e+003,1.950023e+001
3.427906e+003,1.949599e+001
3.428388e+003,1.949233e+001
3.428870e+003,1.948903e+001
3.429352e+003,1.948585e+001
3.429834e+003,1.948260e+001
3.430316e+003,1.947913e+001
3.430798e+003,1.947532e+001
3.431281e+003,1.947113e+001
3.431763e+003,1.946657e+001
3.432245e+003,1.946166e+001
3.432727e+003,1.945641e+001
3.433209e+003,1.945078e+001
3.433691e+003,1.944473e+001
3.434173e+003,1.943815e+001
3.434655e+003,1.943101e+001
3.435137e+003,1.942335e+001
3.435620e+003,1.941532e+001
3.436102e+003,1.940718e+001
3.436584e+003,1.939922e+001
3.437066e+003,1.939169e+001
3.437548e+003,1.938474e+001
3.438030e+003,1.937841e+001
3.438512e+003,1.937253e+001
3.438994e+003,1.936691e+001
3.439477e+003,1.936132e+001
3.439959e+003,1.935559e+001
3.440441e+003,1.934962e+001
3.440923e+003,1.934340e+001
3.441405e+003,1.933690e+001
3.441887e+003,1.933009e+001
3.442369e+003,1.932284e+001
3.442852e+003,1.931501e+001
3.443333e+003,1.930645e+001
3.443816e+003,1.929711e+001
3.444298e+003,1.928716e+001
3.444780e+003,1.927696e+001
3.445262e+003,1.926707e+001
3.445744e+003,1.925813e+001
3.446226e+003,1.925073e+001
3.446708e+003,1.924521e+001
3.447191e+003,1.924161e+001
3.447673e+003,1.923958e+001
3.448155e+003,1.923851e+001
3.448637e+003,1.923766e+001
3.449119e+003,1.923633e+001
3.449601e+003,1.923398e+001
3.450083e+003,1.923032e+001
3.450565e+003,1.922528e+001
3.451048e+003,1.921898e+001
3.451530e+003,1.921167e+001
3.452012e+003,1.920367e+001
3.452494e+003,1.919527e+001
3.452976e+003,1.918676e+001
3.453458e+003,1.917841e+001
3.453940e+003,1.917039e+001
3.454422e+003,1.916288e+001
3.454905e+003,1.915594e+001
3.455387e+003,1.914960e+001
3.455869e+003,1.914378e+001
3.456351e+003,1.913833e+001
3.456833e+003,1.913307e+001
3.457315e+003,1.912783e+001
3.457797e+003,1.912246e+001
3.458280e+003,1.911691e+001
3.458761e+003,1.911122e+001
3.459244e+003,1.910549e+001
3.459726e+003,1.909982e+001
3.460208e+003,1.909431e+001
3.460690e+003,1.908894e+001
3.461172e+003,1.908362e+001
3.461654e+003,1.907813e+001
3.462136e+003,1.907225e+001
3.462619e+003,1.906580e+001
3.463101e+003,1.905873e+001
3.463583e+003,1.905116e+001
3.464065e+003,1.904339e+001
3.464547e+003,1.903583e+001
3.465029e+003,1.902891e+001
3.465511e+003,1.902294e+001
3.465993e+003,1.901806e+001
3.466476e+003,1.901413e+001
3.466958e+003,1.901082e+001
3.467440e+003,1.900765e+001
3.467922e+003,1.900414e+001
3.468404e+003,1.899996e+001
3.468886e+003,1.899498e+001
3.469368e+003,1.898931e+001
3.469850e+003,1.898318e+001
3.470333e+003,1.897687e+001
3.470815e+003,1.897060e+001
3.471297e+003,1.896440e+001
3.471779e+003,1.895819e+001
3.472261e+003,1.895177e+001
3.472743e+003,1.894493e+001
3.473225e+003,1.893762e+001
3.473708e+003,1.892989e+001
3.474189e+003,1.892196e+001
3.474672e+003,1.891412e+001
3.475154e+003,1.890663e+001
3.475636e+003,1.889961e+001
3.476118e+003,1.889300e+001
3.476600e+003,1.888656e+001
3.477082e+003,1.887991e+001
3.477564e+003,1.887271e+001
3.478047e+003,1.886472e+001
3.478529e+003,1.885591e+001
3.479011e+003,1.884651e+001
3.479493e+003,1.883699e+001
3.479975e+003,1.882797e+001
3.480457e+003,1.882013e+001
3.480939e+003,1.881396e+001
3.481421e+003,1.880973e+001
3.481904e+003,1.880730e+001
3.482386e+003,1.880617e+001
3.482868e+003,1.880558e+001
3.483350e+003,1.880468e+001
3.483832e+003,1.880272e+001
3.484314e+003,1.879921e+001
3.484796e+003,1.879398e+001
3.485278e+003,1.878719e+001
3.485760e+003,1.877929e+001
3.486243e+003,1.877082e+001
3.486725e+003,1.876236e+001
3.487207e+003,1.875437e+001
3.487689e+003,1.874716e+001
3.488171e+003,1.874078e+001
3.488653e+003,1.873517e+001
3.489135e+003,1.873009e+001
3.489618e+003,1.872521e+001
3.490100e+003,1.872016e+001
3.490582e+003,1.871461e+001
3.491064e+003,1.870826e+001
3.491546e+003,1.870093e+001
3.492028e+003,1.869258e+001
3.492510e+003,1.868334e+001
3.492992e+003,1.867349e+001
3.493475e+003,1.866342e+001
3.493957e+003,1.865357e+001
3.494439e+003,1.864435e+001
3.494921e+003,1.863607e+001
3.495403e+003,1.862891e+001
3.495885e+003,1.862285e+001
3.496367e+003,1.861775e+001
3.496849e+003,1.861330e+001
3.497332e+003,1.860908e+001
3.497814e+003,1.860459e+001
3.498296e+003,1.859932e+001
3.498778e+003,1.859276e+001
3.499260e+003,1.858458e+001
3.499742e+003,1.857461e+001
3.500224e+003,1.856302e+001
3.500706e+003,1.855030e+001
3.501188e+003,1.853725e+001
3.501671e+003,1.852485e+001
3.502153e+003,1.851413e+001
3.502635e+003,1.850587e+001
3.503117e+003,1.850045e+001
3.503599e+003,1.849770e+001
3.504081e+003,1.849690e+001
3.504563e+003,1.849703e+001
3.505046e+003,1.849689e+001
3.505528e+003,1.849543e+001
3.506010e+003,1.849193e+001
3.506492e+003,1.848606e+001
3.506974e+003,1.847796e+001
3.507456e+003,1.846820e+001
3.507938e+003,1.845762e+001
3.508420e+003,1.844719e+001
3.508903e+003,1.843783e+001
3.509385e+003,1.843020e+001
3.509867e+003,1.842459e+001
3.510349e+003,1.842093e+001
3.510831e+003,1.841880e+001
3.511313e+003,1.841766e+001
3.511795e+003,1.841690e+001
3.512277e+003,1.841599e+001
3.512760e+003,1.841452e+001
3.513242e+003,1.841220e+001
3.513724e+003,1.840888e+001
3.514206e+003,1.840452e+001
3.514688e+003,1.839915e+001
3.515170e+003,1.839290e+001
3.515652e+003,1.838595e+001
3.516135e+003,1.837851e+001
3.516616e+003,1.837074e+001
3.517099e+003,1.836270e+001
3.517581e+003,1.835438e+001
3.518063e+003,1.834567e+001
3.518545e+003,1.833644e+001
3.519027e+003,1.832658e+001
3.519509e+003,1.831612e+001
3.519991e+003,1.830522e+001
3.520474e+003,1.829419e+001
3.520956e+003,1.828339e+001
3.521438e+003,1.827318e+001
3.521920e+003,1.826379e+001
3.522402e+003,1.825532e+001
3.522884e+003,1.824765e+001
3.523366e+003,1.824054e+001
3.523848e+003,1.823367e+001
3.524331e+003,1.822672e+001
3.524813e+003,1.821945e+001
3.525295e+003,1.821178e+001
3.525777e+003,1.820376e+001
3.526259e+003,1.819562e+001
3.526741e+003,1.818770e+001
3.527223e+003,1.818043e+001
3.527705e+003,1.817426e+001
3.528188e+003,1.816956e+001
3.528670e+003,1.816650e+001
3.529152e+003,1.816506e+001
3.529634e+003,1.816493e+001
3.530116e+003,1.816557e+001
3.530598e+003,1.816631e+001
3.531080e+003,1.816643e+001
3.531563e+003,1.816531e+001
3.532044e+003,1.816244e+001
3.532527e+003,1.815760e+001
3.533009e+003,1.815081e+001
3.533491e+003,1.814235e+001
3.533973e+003,1.813273e+001
3.534455e+003,1.812263e+001
3.534937e+003,1.811275e+001
3.535419e+003,1.810373e+001
3.535902e+003,1.809599e+001
3.536384e+003,1.808962e+001
3.536866e+003,1.808440e+001
3.537348e+003,1.807982e+001
3.537830e+003,1.807525e+001
3.538312e+003,1.807005e+001
3.538794e+003,1.806372e+001
3.539276e+003,1.805597e+001
3.539759e+003,1.804671e+001
3.540241e+003,1.803599e+001
3.540723e+003,1.802398e+001
3.541205e+003,1.801085e+001
3.541687e+003,1.799679e+001
3.542169e+003,1.798203e+001
3.542651e+003,1.796683e+001
3.543133e+003,1.795161e+001
3.543615e+003,1.793691e+001
3.544098e+003,1.792339e+001
3.544580e+003,1.791174e+001
3.545062e+003,1.790257e+001
3.545544e+003,1.789616e+001
3.546026e+003,1.789246e+001
3.546508e+003,1.789093e+001
3.546990e+003,1.789067e+001
3.547472e+003,1.789060e+001
3.547955e+003,1.788965e+001
3.548437e+003,1.788693e+001
3.548919e+003,1.788198e+001
3.549401e+003,1.787472e+001
3.549883e+003,1.786556e+001
3.550365e+003,1.785529e+001
3.550847e+003,1.784495e+001
3.551330e+003,1.783558e+001
3.551812e+003,1.782804e+001
3.552294e+003,1.782277e+001
3.552776e+003,1.781968e+001
3.553258e+003,1.781824e+001
3.553740e+003,1.781766e+001
3.554222e+003,1.781713e+001
3.554704e+003,1.781602e+001
3.555187e+003,1.781394e+001
3.555669e+003,1.781072e+001
3.556151e+003,1.780636e+001
3.556633e+003,1.780091e+001
3.557115e+003,1.779438e+001
3.557597e+003,1.778679e+001
3.558079e+003,1.777808e+001
3.558561e+003,1.776826e+001
3.559043e+003,1.775735e+001
3.559526e+003,1.774545e+001
3.560008e+003,1.773263e+001
3.560490e+003,1.771892e+001
3.560972e+003,1.770425e+001
3.561454e+003,1.768845e+001
3.561936e+003,1.767123e+001
3.562418e+003,1.765232e+001
3.562900e+003,1.763153e+001
3.563383e+003,1.760893e+001
3.563865e+003,1.758495e+001
3.564347e+003,1.756050e+001
3.564829e+003,1.753705e+001
3.565311e+003,1.751660e+001
3.565793e+003,1.750134e+001
3.566275e+003,1.749315e+001
3.566758e+003,1.749290e+001
3.567240e+003,1.749997e+001
3.567722e+003,1.751232e+001
3.568204e+003,1.752712e+001
3.568686e+003,1.754156e+001
3.569168e+003,1.755356e+001
3.569650e+003,1.756196e+001
3.570132e+003,1.756641e+001
3.570615e+003,1.756715e+001
3.571097e+003,1.756470e+001
3.571579e+003,1.755972e+001
3.572061e+003,1.755285e+001
3.572543e+003,1.754461e+001
3.573025e+003,1.753545e+001
3.573507e+003,1.752571e+001
3.573989e+003,1.751566e+001
3.574471e+003,1.750548e+001
3.574954e+003,1.749526e+001
3.575436e+003,1.748508e+001
3.575918e+003,1.747496e+001
3.576400e+003,1.746491e+001
3.576882e+003,1.745503e+001
3.577364e+003,1.744547e+001
3.577846e+003,1.743642e+001
3.578328e+003,1.742813e+001
3.578811e+003,1.742074e+001
3.579293e+003,1.741425e+001
3.579775e+003,1.740842e+001
3.580257e+003,1.740285e+001
3.580739e+003,1.739688e+001
3.581221e+003,1.738977e+001
3.581703e+003,1.738078e+001
3.582186e+003,1.736918e+001
3.582667e+003,1.735443e+001
3.583150e+003,1.733619e+001
3.583632e+003,1.731440e+001
3.584114e+003,1.728946e+001
3.584596e+003,1.726232e+001
3.585078e+003,1.723459e+001
3.585560e+003,1.720857e+001
3.586042e+003,1.718699e+001
3.586525e+003,1.717241e+001
3.587007e+003,1.716639e+001
3.587489e+003,1.716867e+001
3.587971e+003,1.717709e+001
3.588453e+003,1.718811e+001
3.588935e+003,1.719806e+001
3.589417e+003,1.720402e+001
3.589899e+003,1.720428e+001
3.590382e+003,1.719837e+001
3.590864e+003,1.718673e+001
3.591346e+003,1.717036e+001
3.591828e+003,1.715068e+001
3.592310e+003,1.712925e+001
3.592792e+003,1.710765e+001
3.593274e+003,1.708736e+001
3.593756e+003,1.706953e+001
3.594239e+003,1.705484e+001
3.594721e+003,1.704341e+001
3.595203e+003,1.703485e+001
3.595685e+003,1.702836e+001
3.596167e+003,1.702304e+001
3.596649e+003,1.701808e+001
3.597131e+003,1.701290e+001
3.597614e+003,1.700720e+001
3.598095e+003,1.700100e+001
3.598578e+003,1.699454e+001
3.599060e+003,1.698823e+001
3.599542e+003,1.698253e+001
3.600024e+003,1.697788e+001
3.600506e+003,1.697457e+001
3.600988e+003,1.697266e+001
3.601470e+003,1.697190e+001
3.601953e+003,1.697167e+001
3.602435e+003,1.697112e+001
3.602917e+003,1.696924e+001
3.603399e+003,1.696506e+001
3.603881e+003,1.695782e+001
3.604363e+003,1.694715e+001
3.604845e+003,1.693326e+001
3.605327e+003,1.691701e+001
3.605810e+003,1.689986e+001
3.606292e+003,1.688376e+001
3.606774e+003,1.687077e+001
3.607256e+003,1.686253e+001
3.607738e+003,1.685976e+001
3.608220e+003,1.686184e+001
3.608702e+003,1.686700e+001
3.609184e+003,1.687284e+001
3.609667e+003,1.687700e+001
3.610149e+003,1.687784e+001
3.610631e+003,1.687468e+001
3.611113e+003,1.686782e+001
3.611595e+003,1.685825e+001
3.612077e+003,1.684737e+001
3.612559e+003,1.683647e+001
3.613042e+003,1.682638e+001
3.613524e+003,1.681716e+001
3.614006e+003,1.680815e+001
3.614488e+003,1.679824e+001
3.614970e+003,1.678630e+001
3.615452e+003,1.677152e+001
3.615934e+003,1.675373e+001
3.616416e+003,1.673347e+001
3.616898e+003,1.671198e+001
3.617381e+003,1.669110e+001
3.617863e+003,1.667290e+001
3.618345e+003,1.665922e+001
3.618827e+003,1.665115e+001
3.619309e+003,1.664862e+001
3.619791e+003,1.665037e+001
3.620273e+003,1.665448e+001
3.620755e+003,1.665890e+001
3.621238e+003,1.666192e+001
3.621720e+003,1.666233e+001
3.622202e+003,1.665936e+001
3.622684e+003,1.665252e+001
3.623166e+003,1.664154e+001
3.623648e+003,1.662624e+001
3.624130e+003,1.660661e+001
3.624612e+003,1.658278e+001
3.625094e+003,1.655514e+001
3.625577e+003,1.652448e+001
3.626059e+003,1.649211e+001
3.626541e+003,1.646015e+001
3.627023e+003,1.643167e+001
3.627505e+003,1.641047e+001
3.627987e+003,1.640023e+001
3.628469e+003,1.640274e+001
3.628952e+003,1.641646e+001
3.629434e+003,1.643673e+001
3.629916e+003,1.645783e+001
3.630398e+003,1.647537e+001
3.630880e+003,1.648739e+001
3.631362e+003,1.649405e+001
3.631844e+003,1.649682e+001
3.632326e+003,1.649761e+001
3.632809e+003,1.649821e+001
3.633291e+003,1.649986e+001
3.633773e+003,1.650297e+001
3.634255e+003,1.650722e+001
3.634737e+003,1.651173e+001
3.635219e+003,1.651549e+001
3.635701e+003,1.651774e+001
3.636183e+003,1.651817e+001
3.636666e+003,1.651697e+001
3.637148e+003,1.651465e+001
3.637630e+003,1.651181e+001
3.638112e+003,1.650894e+001
3.638594e+003,1.650628e+001
3.639076e+003,1.650380e+001
3.639558e+003,1.650132e+001
3.640041e+003,1.649854e+001
3.640522e+003,1.649514e+001
3.641005e+003,1.649076e+001
3.641487e+003,1.648502e+001
3.641969e+003,1.647742e+001
3.642451e+003,1.646738e+001
3.642933e+003,1.645429e+001
3.643415e+003,1.643759e+001
3.643897e+003,1.641686e+001
3.644380e+003,1.639195e+001
3.644862e+003,1.636304e+001
3.645344e+003,1.633069e+001
3.645826e+003,1.629601e+001
3.646308e+003,1.626075e+001
3.646790e+003,1.622735e+001
3.647272e+003,1.619901e+001
3.647754e+003,1.617928e+001
3.648237e+003,1.617139e+001
3.648719e+003,1.617718e+001
3.649201e+003,1.619595e+001
3.649683e+003,1.622421e+001
3.650165e+003,1.625653e+001
3.650647e+003,1.628723e+001
3.651129e+003,1.631195e+001
3.651611e+003,1.632839e+001
3.652094e+003,1.633607e+001
3.652576e+003,1.633585e+001
3.653058e+003,1.632945e+001
3.653540e+003,1.631905e+001
3.654022e+003,1.630715e+001
3.654504e+003,1.629634e+001
3.654986e+003,1.628902e+001
3.655469e+003,1.628681e+001
3.655950e+003,1.629009e+001
3.656433e+003,1.629774e+001
3.656915e+003,1.630752e+001
3.657397e+003,1.631696e+001
3.657879e+003,1.632410e+001
3.658361e+003,1.632801e+001
3.658843e+003,1.632868e+001
3.659325e+003,1.632676e+001
3.659808e+003,1.632316e+001
3.660290e+003,1.631877e+001
3.660772e+003,1.631426e+001
3.661254e+003,1.630996e+001
3.661736e+003,1.630590e+001
3.662218e+003,1.630187e+001
3.662700e+003,1.629746e+001
3.663182e+003,1.629218e+001
3.663665e+003,1.628546e+001
3.664147e+003,1.627667e+001
3.664629e+003,1.626515e+001
3.665111e+003,1.625029e+001
3.665593e+003,1.623160e+001
3.666075e+003,1.620889e+001
3.666557e+003,1.618242e+001
3.667039e+003,1.615312e+001
3.667521e+003,1.612276e+001
3.668004e+003,1.609404e+001
3.668486e+003,1.607021e+001
3.668968e+003,1.605429e+001
3.669450e+003,1.604772e+001
3.669932e+003,1.604920e+001
3.670414e+003,1.605487e+001
3.670896e+003,1.605975e+001
3.671378e+003,1.605955e+001
3.671861e+003,1.605182e+001
3.672343e+003,1.603607e+001
3.672825e+003,1.601363e+001
3.673307e+003,1.598733e+001
3.673789e+003,1.596148e+001
3.674271e+003,1.594143e+001
3.674753e+003,1.593231e+001
3.675236e+003,1.593695e+001
3.675718e+003,1.595405e+001
3.676200e+003,1.597866e+001
3.676682e+003,1.600486e+001
3.677164e+003,1.602832e+001
3.677646e+003,1.604721e+001
3.678128e+003,1.606167e+001
3.678610e+003,1.607269e+001
3.679093e+003,1.608132e+001
3.679575e+003,1.608817e+001
3.680057e+003,1.609337e+001
3.680539e+003,1.609664e+001
3.681021e+003,1.609760e+001
3.681503e+003,1.609593e+001
3.681985e+003,1.609151e+001
3.682467e+003,1.608441e+001
3.682949e+003,1.607477e+001
3.683432e+003,1.606269e+001
3.683914e+003,1.604819e+001
3.684396e+003,1.603127e+001
3.684878e+003,1.601200e+001
3.685360e+003,1.599065e+001
3.685842e+003,1.596783e+001
3.686324e+003,1.594454e+001
3.686806e+003,1.592218e+001
3.687289e+003,1.590244e+001
3.687771e+003,1.588700e+001
3.688253e+003,1.587718e+001
3.688735e+003,1.587357e+001
3.689217e+003,1.587577e+001
3.689699e+003,1.588264e+001
3.690181e+003,1.589264e+001
3.690664e+003,1.590421e+001
3.691146e+003,1.591600e+001
3.691628e+003,1.592689e+001
3.692110e+003,1.593605e+001
3.692592e+003,1.594290e+001
3.693074e+003,1.594720e+001
3.693556e+003,1.594903e+001
3.694038e+003,1.594873e+001
3.694521e+003,1.594682e+001
3.695003e+003,1.594385e+001
3.695485e+003,1.594019e+001
3.695967e+003,1.593598e+001
3.696449e+003,1.593109e+001
3.696931e+003,1.592520e+001
3.697413e+003,1.591797e+001
3.697895e+003,1.590921e+001
3.698377e+003,1.589904e+001
3.698860e+003,1.588790e+001
3.699342e+003,1.587656e+001
3.699824e+003,1.586601e+001
3.700306e+003,1.585733e+001
3.700788e+003,1.585139e+001
3.701270e+003,1.584863e+001
3.701752e+003,1.584886e+001
3.702234e+003,1.585128e+001
3.702717e+003,1.585467e+001
3.703199e+003,1.585772e+001
3.703681e+003,1.585930e+001
3.704163e+003,1.585860e+001
3.704645e+003,1.585514e+001
3.705127e+003,1.584870e+001
3.705609e+003,1.583923e+001
3.706092e+003,1.582679e+001
3.706573e+003,1.581158e+001
3.707056e+003,1.579394e+001
3.707538e+003,1.577451e+001
3.708020e+003,1.575438e+001
3.708502e+003,1.573527e+001
3.708984e+003,1.571964e+001
3.709466e+003,1.571048e+001
3.709948e+003,1.571094e+001
3.710431e+003,1.572331e+001
3.710913e+003,1.574795e+001
3.711395e+003,1.578258e+001
3.711877e+003,1.582258e+001
3.712359e+003,1.586224e+001
3.712841e+003,1.589652e+001
3.713323e+003,1.592207e+001
3.713805e+003,1.593763e+001
3.714288e+003,1.594355e+001
3.714770e+003,1.594116e+001
3.715252e+003,1.593226e+001
3.715734e+003,1.591874e+001
3.716216e+003,1.590228e+001
3.716698e+003,1.588428e+001
3.717180e+003,1.586570e+001
3.717662e+003,1.584706e+001
3.718145e+003,1.582843e+001
3.718627e+003,1.580952e+001
3.719109e+003,1.578993e+001
3.719591e+003,1.576932e+001
3.720073e+003,1.574761e+001
3.720555e+003,1.572509e+001
3.721037e+003,1.570234e+001
3.721520e+003,1.568017e+001
3.722001e+003,1.565939e+001
3.722484e+003,1.564064e+001
3.722966e+003,1.562440e+001
3.723448e+003,1.561101e+001
3.723930e+003,1.560072e+001
3.724412e+003,1.559381e+001
3.724894e+003,1.559041e+001
3.725376e+003,1.559026e+001
3.725859e+003,1.559260e+001
3.726341e+003,1.559600e+001
3.726823e+003,1.559869e+001
3.727305e+003,1.559894e+001
3.727787e+003,1.559553e+001
3.728269e+003,1.558795e+001
3.728751e+003,1.557652e+001
3.729233e+003,1.556209e+001
3.729716e+003,1.554583e+001
3.730198e+003,1.552886e+001
3.730680e+003,1.551200e+001
3.731162e+003,1.549563e+001
3.731644e+003,1.547960e+001
3.732126e+003,1.546362e+001
3.732608e+003,1.544767e+001
3.733090e+003,1.543257e+001
3.733573e+003,1.542023e+001
3.734055e+003,1.541347e+001
3.734537e+003,1.541517e+001
3.735019e+003,1.542704e+001
3.735501e+003,1.544862e+001
3.735983e+003,1.547707e+001
3.736465e+003,1.550805e+001
3.736948e+003,1.553729e+001
3.737430e+003,1.556161e+001
3.737912e+003,1.557935e+001
3.738394e+003,1.559010e+001
3.738876e+003,1.559416e+001
3.739358e+003,1.559207e+001
3.739840e+003,1.558450e+001
3.740322e+003,1.557215e+001
3.740804e+003,1.555594e+001
3.741287e+003,1.553716e+001
3.741769e+003,1.551774e+001
3.742251e+003,1.550035e+001
3.742733e+003,1.548819e+001
3.743215e+003,1.548417e+001
3.743697e+003,1.548952e+001
3.744179e+003,1.550233e+001
3.744661e+003,1.551755e+001
3.745144e+003,1.552903e+001
3.745626e+003,1.553219e+001
3.746108e+003,1.552535e+001
3.746590e+003,1.550934e+001
3.747072e+003,1.548645e+001
3.747554e+003,1.545960e+001
3.748036e+003,1.543208e+001
3.748518e+003,1.540742e+001
3.749000e+003,1.538934e+001
3.749483e+003,1.538129e+001
3.749965e+003,1.538560e+001
3.750447e+003,1.540244e+001
3.750929e+003,1.542921e+001
3.751411e+003,1.546122e+001
3.751893e+003,1.549305e+001
3.752375e+003,1.552020e+001
3.752858e+003,1.553987e+001
3.753340e+003,1.555109e+001
3.753822e+003,1.555430e+001
3.754304e+003,1.555083e+001
3.754786e+003,1.554245e+001
3.755268e+003,1.553106e+001
3.755750e+003,1.551849e+001
3.756232e+003,1.550638e+001
3.756715e+003,1.549616e+001
3.757197e+003,1.548892e+001
3.757679e+003,1.548542e+001
3.758161e+003,1.548592e+001
3.758643e+003,1.549003e+001
3.759125e+003,1.549665e+001
3.759607e+003,1.550402e+001
3.760089e+003,1.551008e+001
3.760572e+003,1.551292e+001
3.761054e+003,1.551129e+001
3.761536e+003,1.550487e+001
3.762018e+003,1.549432e+001
3.762500e+003,1.548108e+001
3.762982e+003,1.546709e+001
3.763464e+003,1.545434e+001
3.763947e+003,1.544445e+001
3.764428e+003,1.543819e+001
3.764911e+003,1.543517e+001
3.765393e+003,1.543398e+001
3.765875e+003,1.543272e+001
3.766357e+003,1.542968e+001
3.766839e+003,1.542406e+001
3.767321e+003,1.541613e+001
3.767803e+003,1.540717e+001
3.768286e+003,1.539899e+001
3.768768e+003,1.539334e+001
3.769250e+003,1.539128e+001
3.769732e+003,1.539287e+001
3.770214e+003,1.539708e+001
3.770696e+003,1.540231e+001
3.771178e+003,1.540699e+001
3.771660e+003,1.541007e+001
3.772143e+003,1.541114e+001
3.772625e+003,1.541026e+001
3.773107e+003,1.540764e+001
3.773589e+003,1.540343e+001
3.774071e+003,1.539750e+001
3.774553e+003,1.538951e+001
3.775035e+003,1.537908e+001
3.775517e+003,1.536598e+001
3.776000e+003,1.535046e+001
3.776482e+003,1.533335e+001
3.776964e+003,1.531618e+001
3.777446e+003,1.530097e+001
3.777928e+003,1.528978e+001
3.778410e+003,1.528415e+001
3.778892e+003,1.528436e+001
3.779375e+003,1.528917e+001
3.779856e+003,1.529601e+001
3.780339e+003,1.530187e+001
3.780821e+003,1.530421e+001
3.781303e+003,1.530169e+001
3.781785e+003,1.529439e+001
3.782267e+003,1.528354e+001
3.782749e+003,1.527111e+001
3.783231e+003,1.525931e+001
3.783714e+003,1.524999e+001
3.784196e+003,1.524424e+001
3.784678e+003,1.524208e+001
3.785160e+003,1.524258e+001
3.785642e+003,1.524417e+001
3.786124e+003,1.524520e+001
3.786606e+003,1.524441e+001
3.787088e+003,1.524117e+001
3.787571e+003,1.523550e+001
3.788053e+003,1.522793e+001
3.788535e+003,1.521920e+001
3.789017e+003,1.521013e+001
3.789499e+003,1.520128e+001
3.789981e+003,1.519291e+001
3.790463e+003,1.518489e+001
3.790945e+003,1.517671e+001
3.791427e+003,1.516774e+001
3.791910e+003,1.515732e+001
3.792392e+003,1.514509e+001
3.792874e+003,1.513109e+001
3.793356e+003,1.511587e+001
3.793838e+003,1.510042e+001
3.794320e+003,1.508592e+001
3.794802e+003,1.507344e+001
3.795284e+003,1.506347e+001
3.795767e+003,1.505560e+001
3.796249e+003,1.504848e+001
3.796731e+003,1.504018e+001
3.797213e+003,1.502890e+001
3.797695e+003,1.501363e+001
3.798177e+003,1.499454e+001
3.798659e+003,1.497314e+001
3.799142e+003,1.495206e+001
3.799624e+003,1.493477e+001
3.800106e+003,1.492480e+001
3.800588e+003,1.492449e+001
3.801070e+003,1.493358e+001
3.801552e+003,1.494864e+001
3.802034e+003,1.496419e+001
3.802516e+003,1.497508e+001
3.802999e+003,1.497842e+001
3.803481e+003,1.497405e+001
3.803963e+003,1.496389e+001
3.804445e+003,1.495109e+001
3.804927e+003,1.493920e+001
3.805409e+003,1.493151e+001
3.805891e+003,1.493031e+001
3.806373e+003,1.493615e+001
3.806855e+003,1.494743e+001
3.807338e+003,1.496095e+001
3.807820e+003,1.497317e+001
3.808302e+003,1.498149e+001
3.808784e+003,1.498476e+001
3.809266e+003,1.498309e+001
3.809748e+003,1.497712e+001
3.810230e+003,1.496749e+001
3.810712e+003,1.495450e+001
3.811195e+003,1.493807e+001
3.811677e+003,1.491807e+001
3.812159e+003,1.489462e+001
3.812641e+003,1.486846e+001
3.813123e+003,1.484121e+001
3.813605e+003,1.481531e+001
3.814087e+003,1.479376e+001
3.814570e+003,1.477929e+001
3.815052e+003,1.477320e+001
3.815534e+003,1.477430e+001
3.816016e+003,1.477881e+001
3.816498e+003,1.478157e+001
3.816980e+003,1.477812e+001
3.817462e+003,1.476620e+001
3.817944e+003,1.474619e+001
3.818427e+003,1.472082e+001
3.818909e+003,1.469449e+001
3.819391e+003,1.467266e+001
3.819873e+003,1.466079e+001
3.820355e+003,1.466263e+001
3.820837e+003,1.467824e+001
3.821319e+003,1.470326e+001
3.821801e+003,1.473055e+001
3.822283e+003,1.475337e+001
3.822766e+003,1.476778e+001
3.823248e+003,1.477311e+001
3.823730e+003,1.477105e+001
3.824212e+003,1.476434e+001
3.824694e+003,1.475592e+001
3.825176e+003,1.474817e+001
3.825658e+003,1.474249e+001
3.826140e+003,1.473903e+001
3.826623e+003,1.473680e+001
3.827105e+003,1.473418e+001
3.827587e+003,1.472955e+001
3.828069e+003,1.472194e+001
3.828551e+003,1.471133e+001
3.829033e+003,1.469852e+001
3.829515e+003,1.468484e+001
3.829998e+003,1.467169e+001
3.830479e+003,1.466009e+001
3.830962e+003,1.465037e+001
3.831444e+003,1.464209e+001
3.831926e+003,1.463419e+001
3.832408e+003,1.462538e+001
3.832890e+003,1.461457e+001
3.833372e+003,1.460124e+001
3.833854e+003,1.458549e+001
3.834337e+003,1.456802e+001
3.834819e+003,1.454988e+001
3.835301e+003,1.453240e+001
3.835783e+003,1.451691e+001
3.836265e+003,1.450466e+001
3.836747e+003,1.449663e+001
3.837229e+003,1.449325e+001
3.837711e+003,1.449434e+001
3.838194e+003,1.449903e+001
3.838676e+003,1.450600e+001
3.839158e+003,1.451385e+001
3.839640e+003,1.452145e+001
3.840122e+003,1.452815e+001
3.840604e+003,1.453382e+001
3.841086e+003,1.453868e+001
3.841568e+003,1.454310e+001
3.842051e+003,1.454745e+001
3.842533e+003,1.455190e+001
3.843015e+003,1.455641e+001
3.843497e+003,1.456066e+001
3.843979e+003,1.456422e+001
3.844461e+003,1.456656e+001
3.844943e+003,1.456721e+001
3.845426e+003,1.456577e+001
3.845907e+003,1.456192e+001
3.846390e+003,1.455533e+001
3.846872e+003,1.454564e+001
3.847354e+003,1.453236e+001
3.847836e+003,1.451497e+001
3.848318e+003,1.449292e+001
3.848800e+003,1.446581e+001
3.849282e+003,1.443358e+001
3.849765e+003,1.439672e+001
3.850247e+003,1.435664e+001
3.850729e+003,1.431604e+001
3.851211e+003,1.427929e+001
3.851693e+003,1.425249e+001
3.852175e+003,1.424240e+001
3.852657e+003,1.425372e+001
3.853139e+003,1.428549e+001
3.853622e+003,1.432981e+001
3.854104e+003,1.437525e+001
3.854586e+003,1.441260e+001
3.855068e+003,1.443779e+001
3.855550e+003,1.445138e+001
3.856032e+003,1.445607e+001
3.856514e+003,1.445496e+001
3.856996e+003,1.445048e+001
3.857479e+003,1.444419e+001
3.857961e+003,1.443685e+001
3.858443e+003,1.442860e+001
3.858925e+003,1.441930e+001
3.859407e+003,1.440872e+001
3.859889e+003,1.439673e+001
3.860371e+003,1.438346e+001
3.860854e+003,1.436935e+001
3.861336e+003,1.435521e+001
3.861818e+003,1.434216e+001
3.862300e+003,1.433153e+001
3.862782e+003,1.432452e+001
3.863264e+003,1.432175e+001
3.863746e+003,1.432274e+001
3.864228e+003,1.432571e+001
3.864710e+003,1.432785e+001
3.865193e+003,1.432614e+001
3.865675e+003,1.431829e+001
3.866157e+003,1.430344e+001
3.866639e+003,1.428236e+001
3.867121e+003,1.425734e+001
3.867603e+003,1.423178e+001
3.868085e+003,1.420977e+001
3.868567e+003,1.419507e+001
3.869050e+003,1.419001e+001
3.869532e+003,1.419436e+001
3.870014e+003,1.420515e+001
3.870496e+003,1.421786e+001
3.870978e+003,1.422859e+001
3.871460e+003,1.423542e+001
3.871942e+003,1.423881e+001
3.872424e+003,1.424077e+001
3.872906e+003,1.424380e+001
3.873389e+003,1.424973e+001
3.873871e+003,1.425887e+001
3.874353e+003,1.426983e+001
3.874835e+003,1.428001e+001
3.875317e+003,1.428654e+001
3.875799e+003,1.428726e+001
3.876281e+003,1.428132e+001
3.876764e+003,1.426914e+001
3.877246e+003,1.425224e+001
3.877728e+003,1.423290e+001
3.878210e+003,1.421380e+001
3.878692e+003,1.419762e+001
3.879174e+003,1.418641e+001
3.879656e+003,1.418090e+001
3.880138e+003,1.418003e+001
3.880621e+003,1.418116e+001
3.881103e+003,1.418102e+001
3.881585e+003,1.417701e+001
3.882067e+003,1.416809e+001
3.882549e+003,1.415499e+001
3.883031e+003,1.413992e+001
3.883513e+003,1.412603e+001
3.883995e+003,1.411661e+001
3.884478e+003,1.411410e+001
3.884960e+003,1.411902e+001
3.885442e+003,1.412951e+001
3.885924e+003,1.414166e+001
3.886406e+003,1.415107e+001
3.886888e+003,1.415441e+001
3.887370e+003,1.415034e+001
3.887853e+003,1.413946e+001
3.888334e+003,1.412377e+001
3.888817e+003,1.410604e+001
3.889299e+003,1.408932e+001
3.889781e+003,1.407645e+001
3.890263e+003,1.406961e+001
3.890745e+003,1.406972e+001
3.891227e+003,1.407607e+001
3.891709e+003,1.408645e+001
3.892192e+003,1.409778e+001
3.892674e+003,1.410708e+001
3.893156e+003,1.411217e+001
3.893638e+003,1.411192e+001
3.894120e+003,1.410618e+001
3.894602e+003,1.409543e+001
3.895084e+003,1.408062e+001
3.895566e+003,1.406290e+001
3.896049e+003,1.404360e+001
3.896531e+003,1.402410e+001
3.897013e+003,1.400576e+001
3.897495e+003,1.398978e+001
3.897977e+003,1.397698e+001
3.898459e+003,1.396761e+001
3.898941e+003,1.396123e+001
3.899423e+003,1.395682e+001
3.899906e+003,1.395310e+001
3.900388e+003,1.394898e+001
3.900870e+003,1.394409e+001
3.901352e+003,1.393889e+001
3.901834e+003,1.393466e+001
3.902316e+003,1.393306e+001
3.902798e+003,1.393557e+001
3.903281e+003,1.394291e+001
3.903762e+003,1.395464e+001
3.904245e+003,1.396927e+001
3.904727e+003,1.398466e+001
3.905209e+003,1.399870e+001
3.905691e+003,1.400988e+001
3.906173e+003,1.401744e+001
3.906655e+003,1.402134e+001
3.907137e+003,1.402197e+001
3.907620e+003,1.401988e+001
3.908102e+003,1.401562e+001
3.908584e+003,1.400968e+001
3.909066e+003,1.400245e+001
3.909548e+003,1.399431e+001
3.910030e+003,1.398556e+001
3.910512e+003,1.397650e+001
3.910994e+003,1.396731e+001
3.911477e+003,1.395804e+001
3.911959e+003,1.394868e+001
3.912441e+003,1.393912e+001
3.912923e+003,1.392928e+001
3.913405e+003,1.391917e+001
3.913887e+003,1.390892e+001
3.914369e+003,1.389879e+001
3.914851e+003,1.388907e+001
3.915333e+003,1.388003e+001
3.915816e+003,1.387191e+001
3.916298e+003,1.386487e+001
3.916780e+003,1.385902e+001
3.917262e+003,1.385447e+001
3.917744e+003,1.385128e+001
3.918226e+003,1.384938e+001
3.918708e+003,1.384844e+001
3.919190e+003,1.384781e+001
3.919673e+003,1.384665e+001
3.920155e+003,1.384403e+001
3.920637e+003,1.383924e+001
3.921119e+003,1.383208e+001
3.921601e+003,1.382297e+001
3.922083e+003,1.381292e+001
3.922565e+003,1.380336e+001
3.923048e+003,1.379575e+001
3.923530e+003,1.379120e+001
3.924012e+003,1.379007e+001
3.924494e+003,1.379178e+001
3.924976e+003,1.379502e+001
3.925458e+003,1.379804e+001
3.925940e+003,1.379924e+001
3.926422e+003,1.379749e+001
3.926905e+003,1.379237e+001
3.927387e+003,1.378408e+001
3.927869e+003,1.377333e+001
3.928351e+003,1.376112e+001
3.928833e+003,1.374855e+001
3.929315e+003,1.373678e+001
3.929797e+003,1.372685e+001
3.930279e+003,1.371959e+001
3.930761e+003,1.371558e+001
3.931244e+003,1.371496e+001
3.931726e+003,1.371746e+001
3.932208e+003,1.372235e+001
3.932690e+003,1.372861e+001
3.933172e+003,1.373504e+001
3.933654e+003,1.374059e+001
3.934136e+003,1.374443e+001
3.934618e+003,1.374613e+001
3.935101e+003,1.374559e+001
3.935583e+003,1.374300e+001
3.936065e+003,1.373868e+001
3.936547e+003,1.373300e+001
3.937029e+003,1.372621e+001
3.937511e+003,1.371844e+001
3.937993e+003,1.370968e+001
3.938476e+003,1.369990e+001
3.938958e+003,1.368915e+001
3.939440e+003,1.367773e+001
3.939922e+003,1.366620e+001
3.940404e+003,1.365534e+001
3.940886e+003,1.364601e+001
3.941368e+003,1.363890e+001
3.941850e+003,1.363425e+001
3.942333e+003,1.363171e+001
3.942815e+003,1.363037e+001
3.943297e+003,1.362901e+001
3.943779e+003,1.362646e+001
3.944261e+003,1.362190e+001
3.944743e+003,1.361505e+001
3.945225e+003,1.360615e+001
3.945707e+003,1.359580e+001
3.946189e+003,1.358484e+001
3.946672e+003,1.357410e+001
3.947154e+003,1.356439e+001
3.947636e+003,1.355634e+001
3.948118e+003,1.355047e+001
3.948600e+003,1.354706e+001
3.949082e+003,1.354620e+001
3.949564e+003,1.354769e+001
3.950046e+003,1.355107e+001
3.950529e+003,1.355562e+001
3.951011e+003,1.356040e+001
3.951493e+003,1.356443e+001
3.951975e+003,1.356679e+001
3.952457e+003,1.356682e+001
3.952939e+003,1.356416e+001
3.953421e+003,1.355885e+001
3.953904e+003,1.355128e+001
3.954385e+003,1.354212e+001
3.954868e+003,1.353222e+001
3.955350e+003,1.352241e+001
3.955832e+003,1.351342e+001
3.956314e+003,1.350572e+001
3.956796e+003,1.349949e+001
3.957278e+003,1.349459e+001
3.957760e+003,1.349068e+001
3.958243e+003,1.348731e+001
3.958725e+003,1.348410e+001
3.959207e+003,1.348082e+001
3.959689e+003,1.347746e+001
3.960171e+003,1.347415e+001
3.960653e+003,1.347107e+001
3.961135e+003,1.346828e+001
3.961617e+003,1.346564e+001
3.962100e+003,1.346280e+001
3.962582e+003,1.345936e+001
3.963064e+003,1.345489e+001
3.963546e+003,1.344925e+001
3.964028e+003,1.344254e+001
3.964510e+003,1.343515e+001
3.964992e+003,1.342759e+001
3.965474e+003,1.342041e+001
3.965957e+003,1.341400e+001
3.966439e+003,1.340851e+001
3.966921e+003,1.340390e+001
3.967403e+003,1.339996e+001
3.967885e+003,1.339637e+001
3.968367e+003,1.339287e+001
3.968849e+003,1.338922e+001
3.969332e+003,1.338524e+001
3.969813e+003,1.338088e+001
3.970296e+003,1.337614e+001
3.970778e+003,1.337113e+001
3.971260e+003,1.336608e+001
3.971742e+003,1.336129e+001
3.972224e+003,1.335712e+001
3.972706e+003,1.335384e+001
3.973188e+003,1.335158e+001
3.973671e+003,1.335023e+001
3.974153e+003,1.334943e+001
3.974635e+003,1.334865e+001
3.975117e+003,1.334731e+001
3.975599e+003,1.334488e+001
3.976081e+003,1.334107e+001
3.976563e+003,1.333583e+001
3.977045e+003,1.332935e+001
3.977528e+003,1.332201e+001
3.978010e+003,1.331434e+001
3.978492e+003,1.330683e+001
3.978974e+003,1.329993e+001
3.979456e+003,1.329390e+001
3.979938e+003,1.328885e+001
3.980420e+003,1.328463e+001
3.980902e+003,1.328094e+001
3.981385e+003,1.327736e+001
3.981867e+003,1.327346e+001
3.982349e+003,1.326892e+001
3.982831e+003,1.326362e+001
3.983313e+003,1.325767e+001
3.983795e+003,1.325137e+001
3.984277e+003,1.324517e+001
3.984760e+003,1.323951e+001
3.985242e+003,1.323475e+001
3.985724e+003,1.323110e+001
3.986206e+003,1.322857e+001
3.986688e+003,1.322707e+001
3.987170e+003,1.322636e+001
3.987652e+003,1.322613e+001
3.988134e+003,1.322602e+001
3.988616e+003,1.322566e+001
3.989099e+003,1.322465e+001
3.989581e+003,1.322266e+001
3.990063e+003,1.321943e+001
3.990545e+003,1.321484e+001
3.991027e+003,1.320899e+001
3.991509e+003,1.320214e+001
3.991991e+003,1.319474e+001
3.992473e+003,1.318732e+001
3.992956e+003,1.318044e+001
3.993438e+003,1.317458e+001
3.993920e+003,1.317006e+001
3.994402e+003,1.316702e+001
3.994884e+003,1.316531e+001
3.995366e+003,1.316464e+001
3.995848e+003,1.316448e+001
3.996330e+003,1.316427e+001
3.996813e+003,1.316351e+001
3.997295e+003,1.316181e+001
3.997777e+003,1.315899e+001
3.998259e+003,1.315510e+001
3.998741e+003,1.315031e+001
3.999223e+003,1.314488e+001
3.999705e+003,1.313903e+001
4.000188e+003,1.313291e+001
