3.996813e+002,0.000000e+000
4.001635e+002,7.261261e+001
4.006456e+002,7.263861e+001
4.011277e+002,7.265878e+001
4.016098e+002,7.266696e+001
4.020919e+002,7.266179e+001
4.025741e+002,7.264909e+001
4.030562e+002,7.263907e+001
4.035383e+002,7.264272e+001
4.040204e+002,7.266601e+001
4.045026e+002,7.270712e+001
4.049847e+002,7.275550e+001
4.054668e+002,7.279501e+001
4.059489e+002,7.280847e+001
4.064311e+002,7.278387e+001
4.069132e+002,7.271707e+001
4.073953e+002,7.261164e+001
4.078774e+002,7.247639e+001
4.083596e+002,7.232234e+001
4.088417e+002,7.216093e+001
4.093238e+002,7.200409e+001
4.098059e+002,7.186398e+001
4.102881e+002,7.175348e+001
4.107702e+002,7.168401e+001
4.112523e+002,7.166283e+001
4.117344e+002,7.168983e+001
4.122166e+002,7.175709e+001
4.126987e+002,7.184978e+001
4.131808e+002,7.195052e+001
4.136629e+002,7.204378e+001
4.141451e+002,7.212045e+001
4.146272e+002,7.217899e+001
4.151093e+002,7.222437e+001
4.155914e+002,7.226408e+001
4.160736e+002,7.230541e+001
4.165557e+002,7.235275e+001
4.170378e+002,7.240724e+001
4.175200e+002,7.246671e+001
4.180021e+002,7.252796e+001
4.184842e+002,7.258779e+001
4.189663e+002,7.264321e+001
4.194484e+002,7.269060e+001
4.199306e+002,7.272543e+001
4.204127e+002,7.274233e+001
4.208948e+002,7.273746e+001
4.213770e+002,7.270941e+001
4.218591e+002,7.266055e+001
4.223412e+002,7.259592e+001
4.228233e+002,7.252171e+001
4.233055e+002,7.244327e+001
4.237876e+002,7.236433e+001
4.242697e+002,7.228621e+001
4.247518e+002,7.220966e+001
4.252339e+002,7.213579e+001
4.257161e+002,7.206814e+001
4.261982e+002,7.201176e+001
4.266803e+002,7.197224e+001
4.271624e+002,7.195283e+001
4.276446e+002,7.195338e+001
4.281267e+002,7.196992e+001
4.286088e+002,7.199589e+001
4.290909e+002,7.202422e+001
4.295731e+002,7.204977e+001
4.300552e+002,7.207005e+001
4.305373e+002,7.208530e+001
4.310194e+002,7.209649e+001
4.315016e+002,7.210417e+001
4.319837e+002,7.210746e+001
4.324658e+002,7.210480e+001
4.329479e+002,7.209465e+001
4.334301e+002,7.207749e+001
4.339122e+002,7.205556e+001
4.343943e+002,7.203237e+001
4.348764e+002,7.201048e+001
4.353586e+002,7.199053e+001
4.358407e+002,7.197024e+001
4.363228e+002,7.194588e+001
4.368049e+002,7.191373e+001
4.372870e+002,7.187254e+001
4.377692e+002,7.182421e+001
4.382513e+002,7.177330e+001
4.387334e+002,7.172506e+001
4.392155e+002,7.168421e+001
4.396977e+002,7.165363e+001
4.401798e+002,7.163467e+001
4.406619e+002,7.162733e+001
4.411440e+002,7.163121e+001
4.416262e+002,7.164544e+001
4.421083e+002,7.166830e+001
4.425904e+002,7.169600e+001
4.430725e+002,7.172285e+001
4.435547e+002,7.174174e+001
4.440368e+002,7.174635e+001
4.445189e+002,7.173276e+001
4.450010e+002,7.170131e+001
4.454832e+002,7.165623e+001
4.459653e+002,7.160428e+001
4.464474e+002,7.155205e+001
4.469295e+002,7.150420e+001
4.474117e+002,7.146230e+001
4.478938e+002,7.142534e+001
4.483759e+002,7.139093e+001
4.488580e+002,7.135740e+001
4.493401e+002,7.132433e+001
4.498223e+002,7.129284e+001
4.503044e+002,7.126422e+001
4.507865e+002,7.123917e+001
4.512687e+002,7.121693e+001
4.517508e+002,7.119584e+001
4.522329e+002,7.117401e+001
4.527150e+002,7.115090e+001
4.531971e+002,7.112761e+001
4.536793e+002,7.110652e+001
4.541614e+002,7.108991e+001
4.546435e+002,7.107876e+001
4.551257e+002,7.107184e+001
4.556078e+002,7.106594e+001
4.560899e+002,7.105662e+001
4.565720e+002,7.104002e+001
4.570542e+002,7.101414e+001
4.575363e+002,7.097964e+001
4.580184e+002,7.093940e+001
4.585005e+002,7.089738e+001
4.589827e+002,7.085700e+001
4.594648e+002,7.082068e+001
4.599469e+002,7.078963e+001
4.604290e+002,7.076472e+001
4.609112e+002,7.074652e+001
4.613933e+002,7.073527e+001
4.618754e+002,7.073049e+001
4.623575e+002,7.073088e+001
4.628397e+002,7.073453e+001
4.633218e+002,7.073972e+001
4.638039e+002,7.074572e+001
4.642860e+002,7.075332e+001
4.647682e+002,7.076450e+001
4.652503e+002,7.078120e+001
4.657324e+002,7.080368e+001
4.662145e+002,7.082981e+001
4.666967e+002,7.085484e+001
4.671788e+002,7.087296e+001
4.676609e+002,7.087899e+001
4.681430e+002,7.087067e+001
4.686252e+002,7.084937e+001
4.691073e+002,7.081918e+001
4.695894e+002,7.078520e+001
4.700715e+002,7.075154e+001
4.705536e+002,7.071997e+001
4.710358e+002,7.068992e+001
4.715179e+002,7.065902e+001
4.720000e+002,7.062525e+001
4.724821e+002,7.058784e+001
4.729643e+002,7.054823e+001
4.734464e+002,7.050901e+001
4.739285e+002,7.047332e+001
4.744106e+002,7.044354e+001
4.748928e+002,7.042133e+001
4.753749e+002,7.040752e+001
4.758570e+002,7.040288e+001
4.763391e+002,7.040779e+001
4.768213e+002,7.042204e+001
4.773034e+002,7.044375e+001
4.777855e+002,7.046947e+001
4.782676e+002,7.049403e+001
4.787498e+002,7.051192e+001
4.792319e+002,7.051862e+001
4.797140e+002,7.051225e+001
4.801961e+002,7.049423e+001
4.806783e+002,7.046879e+001
4.811604e+002,7.044161e+001
4.816425e+002,7.041837e+001
4.821246e+002,7.040319e+001
4.826068e+002,7.039809e+001
4.830889e+002,7.040245e+001
4.835710e+002,7.041409e+001
4.840531e+002,7.042976e+001
4.845352e+002,7.044599e+001
4.850174e+002,7.045959e+001
4.854995e+002,7.046834e+001
4.859816e+002,7.047104e+001
4.864637e+002,7.046818e+001
4.869459e+002,7.046174e+001
4.874280e+002,7.045511e+001
4.879101e+002,7.045221e+001
4.883922e+002,7.045638e+001
4.888744e+002,7.046914e+001
4.893565e+002,7.048968e+001
4.898386e+002,7.051478e+001
4.903207e+002,7.053992e+001
4.908029e+002,7.056054e+001
4.912850e+002,7.057372e+001
4.917671e+002,7.057877e+001
4.922492e+002,7.057742e+001
4.927314e+002,7.057255e+001
4.932135e+002,7.056708e+001
4.936956e+002,7.056294e+001
4.941777e+002,7.056085e+001
4.946599e+002,7.056029e+001
4.951420e+002,7.056047e+001
4.956241e+002,7.056065e+001
4.961062e+002,7.056052e+001
4.965884e+002,7.055994e+001
4.970705e+002,7.055907e+001
4.975526e+002,7.055801e+001
4.980347e+002,7.055740e+001
4.985169e+002,7.055802e+001
4.989990e+002,7.056131e+001
4.994811e+002,7.056872e+001
4.999633e+002,7.058126e+001
5.004454e+002,7.059854e+001
5.009275e+002,7.061848e+001
5.014096e+002,7.063760e+001
5.018917e+002,7.065199e+001
5.023739e+002,7.065873e+001
5.028560e+002,7.065707e+001
5.033381e+002,7.064870e+001
5.038203e+002,7.063704e+001
5.043024e+002,7.062550e+001
5.047845e+002,7.061656e+001
5.052666e+002,7.061076e+001
5.057487e+002,7.060711e+001
5.062309e+002,7.060372e+001
5.067130e+002,7.059901e+001
5.071951e+002,7.059237e+001
5.076772e+002,7.058452e+001
5.081594e+002,7.057692e+001
5.086415e+002,7.057117e+001
5.091236e+002,7.056824e+001
5.096057e+002,7.056843e+001
5.100879e+002,7.057114e+001
5.105700e+002,7.057566e+001
5.110521e+002,7.058104e+001
5.115342e+002,7.058643e+001
5.120164e+002,7.059082e+001
5.124985e+002,7.059297e+001
5.129806e+002,7.059148e+001
5.134627e+002,7.058532e+001
5.139448e+002,7.057413e+001
5.144270e+002,7.055894e+001
5.149091e+002,7.054192e+001
5.153912e+002,7.052625e+001
5.158734e+002,7.051508e+001
5.163555e+002,7.051079e+001
5.168376e+002,7.051431e+001
5.173197e+002,7.052497e+001
5.178019e+002,7.054065e+001
5.182840e+002,7.055876e+001
5.187661e+002,7.057671e+001
5.192482e+002,7.059251e+001
5.197303e+002,7.060477e+001
5.202125e+002,7.061284e+001
5.206946e+002,7.061669e+001
5.211767e+002,7.061705e+001
5.216588e+002,7.061534e+001
5.221410e+002,7.061376e+001
5.226231e+002,7.061478e+001
5.231052e+002,7.062068e+001
5.235873e+002,7.063276e+001
5.240695e+002,7.065086e+001
5.245516e+002,7.067338e+001
5.250337e+002,7.069755e+001
5.255159e+002,7.072020e+001
5.259980e+002,7.073874e+001
5.264801e+002,7.075177e+001
5.269622e+002,7.075925e+001
5.274443e+002,7.076202e+001
5.279265e+002,7.076141e+001
5.284086e+002,7.075860e+001
5.288907e+002,7.075471e+001
5.293728e+002,7.075068e+001
5.298550e+002,7.074744e+001
5.303371e+002,7.074586e+001
5.308192e+002,7.074653e+001
5.313013e+002,7.074921e+001
5.317834e+002,7.075293e+001
5.322656e+002,7.075582e+001
5.327477e+002,7.075592e+001
5.332299e+002,7.075166e+001
5.337120e+002,7.074258e+001
5.341941e+002,7.072952e+001
5.346762e+002,7.071455e+001
5.351583e+002,7.070011e+001
5.356404e+002,7.068866e+001
5.361226e+002,7.068201e+001
5.366047e+002,7.068127e+001
5.370868e+002,7.068684e+001
5.375690e+002,7.069861e+001
5.380511e+002,7.071600e+001
5.385332e+002,7.073788e+001
5.390153e+002,7.076229e+001
5.394974e+002,7.078659e+001
5.399796e+002,7.080760e+001
5.404617e+002,7.082241e+001
5.409438e+002,7.082895e+001
5.414260e+002,7.082676e+001
5.419081e+002,7.081703e+001
5.423902e+002,7.080234e+001
5.428723e+002,7.078557e+001
5.433544e+002,7.076943e+001
5.438365e+002,7.075555e+001
5.443187e+002,7.074461e+001
5.448008e+002,7.073629e+001
5.452830e+002,7.073005e+001
5.457651e+002,7.072526e+001
5.462472e+002,7.072145e+001
5.467293e+002,7.071818e+001
5.472114e+002,7.071500e+001
5.476936e+002,7.071120e+001
5.481757e+002,7.070615e+001
5.486578e+002,7.069935e+001
5.491400e+002,7.069082e+001
5.496221e+002,7.068098e+001
5.501042e+002,7.067051e+001
5.505863e+002,7.065984e+001
5.510684e+002,7.064896e+001
5.515505e+002,7.063736e+001
5.520327e+002,7.062431e+001
5.525148e+002,7.060935e+001
5.529969e+002,7.059273e+001
5.534791e+002,7.057549e+001
5.539612e+002,7.055932e+001
5.544433e+002,7.054591e+001
5.549254e+002,7.053644e+001
5.554076e+002,7.053120e+001
5.558896e+002,7.052960e+001
5.563718e+002,7.053034e+001
5.568539e+002,7.053195e+001
5.573361e+002,7.053318e+001
5.578182e+002,7.053315e+001
5.583003e+002,7.053125e+001
5.587825e+002,7.052711e+001
5.592645e+002,7.052049e+001
5.597467e+002,7.051147e+001
5.602288e+002,7.050033e+001
5.607109e+002,7.048785e+001
5.611931e+002,7.047506e+001
5.616752e+002,7.046308e+001
5.621573e+002,7.045255e+001
5.626394e+002,7.044362e+001
5.631216e+002,7.043575e+001
5.636037e+002,7.042809e+001
5.640858e+002,7.041986e+001
5.645679e+002,7.041069e+001
5.650500e+002,7.040073e+001
5.655322e+002,7.039056e+001
5.660143e+002,7.038087e+001
5.664965e+002,7.037212e+001
5.669785e+002,7.036448e+001
5.674607e+002,7.035801e+001
5.679428e+002,7.035273e+001
5.684249e+002,7.034899e+001
5.689070e+002,7.034723e+001
5.693892e+002,7.034777e+001
5.698713e+002,7.035043e+001
5.703534e+002,7.035432e+001
5.708356e+002,7.035788e+001
5.713177e+002,7.035945e+001
5.717998e+002,7.035765e+001
5.722819e+002,7.035201e+001
5.727640e+002,7.034298e+001
5.732462e+002,7.033174e+001
5.737283e+002,7.031966e+001
5.742104e+002,7.030769e+001
5.746925e+002,7.029620e+001
5.751747e+002,7.028494e+001
5.756568e+002,7.027325e+001
5.761389e+002,7.026060e+001
5.766210e+002,7.024682e+001
5.771031e+002,7.023219e+001
5.775853e+002,7.021715e+001
5.780674e+002,7.020222e+001
5.785496e+002,7.018786e+001
5.790317e+002,7.017458e+001
5.795138e+002,7.016287e+001
5.799959e+002,7.015344e+001
5.804780e+002,7.014687e+001
5.809601e+002,7.014349e+001
5.814423e+002,7.014272e+001
5.819244e+002,7.014326e+001
5.824066e+002,7.014304e+001
5.828887e+002,7.014005e+001
5.833708e+002,7.013276e+001
5.838529e+002,7.012088e+001
5.843350e+002,7.010537e+001
5.848171e+002,7.008813e+001
5.852993e+002,7.007127e+001
5.857814e+002,7.005646e+001
5.862635e+002,7.004448e+001
5.867457e+002,7.003524e+001
5.872278e+002,7.002796e+001
5.877099e+002,7.002187e+001
5.881920e+002,7.001636e+001
5.886741e+002,7.001129e+001
5.891563e+002,7.000672e+001
5.896384e+002,7.000276e+001
5.901205e+002,6.999933e+001
5.906027e+002,6.999627e+001
5.910848e+002,6.999324e+001
5.915669e+002,6.999014e+001
5.920490e+002,6.998695e+001
5.925311e+002,6.998371e+001
5.930133e+002,6.998030e+001
5.934954e+002,6.997625e+001
5.939775e+002,6.997082e+001
5.944597e+002,6.996330e+001
5.949418e+002,6.995338e+001
5.954239e+002,6.994142e+001
5.959060e+002,6.992843e+001
5.963882e+002,6.991592e+001
5.968702e+002,6.990521e+001
5.973524e+002,6.989721e+001
5.978345e+002,6.989200e+001
5.983167e+002,6.988903e+001
5.987988e+002,6.988737e+001
5.992809e+002,6.988614e+001
5.997630e+002,6.988472e+001
6.002451e+002,6.988281e+001
6.007273e+002,6.988014e+001
6.012094e+002,6.987644e+001
6.016915e+002,6.987129e+001
6.021736e+002,6.986430e+001
6.026558e+002,6.985545e+001
6.031379e+002,6.984521e+001
6.036200e+002,6.983463e+001
6.041022e+002,6.982500e+001
6.045842e+002,6.981743e+001
6.050664e+002,6.981239e+001
6.055485e+002,6.980952e+001
6.060306e+002,6.980779e+001
6.065128e+002,6.980579e+001
6.069949e+002,6.980245e+001
6.074770e+002,6.979717e+001
6.079591e+002,6.979009e+001
6.084413e+002,6.978175e+001
6.089234e+002,6.977289e+001
6.094055e+002,6.976415e+001
6.098876e+002,6.975601e+001
6.103698e+002,6.974872e+001
6.108519e+002,6.974251e+001
6.113340e+002,6.973753e+001
6.118162e+002,6.973385e+001
6.122983e+002,6.973133e+001
6.127804e+002,6.972948e+001
6.132625e+002,6.972754e+001
6.137446e+002,6.972490e+001
6.142267e+002,6.972108e+001
6.147089e+002,6.971632e+001
6.151910e+002,6.971128e+001
6.156731e+002,6.970695e+001
6.161553e+002,6.970415e+001
6.166374e+002,6.970310e+001
6.171195e+002,6.970325e+001
6.176016e+002,6.970352e+001
6.180837e+002,6.970258e+001
6.185659e+002,6.969941e+001
6.190480e+002,6.969360e+001
6.195302e+002,6.968539e+001
6.200123e+002,6.967529e+001
6.204944e+002,6.966396e+001
6.209765e+002,6.965177e+001
6.214586e+002,6.963911e+001
6.219407e+002,6.962611e+001
6.224229e+002,6.961318e+001
6.229050e+002,6.960092e+001
6.233871e+002,6.959004e+001
6.238693e+002,6.958115e+001
6.243514e+002,6.957455e+001
6.248335e+002,6.957001e+001
6.253156e+002,6.956699e+001
6.257977e+002,6.956477e+001
6.262798e+002,6.956274e+001
6.267620e+002,6.956057e+001
6.272441e+002,6.955820e+001
6.277263e+002,6.955560e+001
6.282084e+002,6.955273e+001
6.286905e+002,6.954935e+001
6.291726e+002,6.954529e+001
6.296547e+002,6.954053e+001
6.301368e+002,6.953548e+001
6.306190e+002,6.953088e+001
6.311011e+002,6.952766e+001
6.315833e+002,6.952652e+001
6.320654e+002,6.952767e+001
6.325475e+002,6.953057e+001
6.330296e+002,6.953418e+001
6.335117e+002,6.953710e+001
6.339939e+002,6.953819e+001
6.344760e+002,6.953671e+001
6.349581e+002,6.953260e+001
6.354402e+002,6.952612e+001
6.359224e+002,6.951790e+001
6.364045e+002,6.950863e+001
6.368866e+002,6.949903e+001
6.373687e+002,6.948976e+001
6.378508e+002,6.948164e+001
6.383330e+002,6.947543e+001
6.388151e+002,6.947176e+001
6.392972e+002,6.947086e+001
6.397794e+002,6.947249e+001
6.402615e+002,6.947590e+001
6.407436e+002,6.948006e+001
6.412257e+002,6.948393e+001
6.417079e+002,6.948679e+001
6.421899e+002,6.948832e+001
6.426721e+002,6.948865e+001
6.431542e+002,6.948799e+001
6.436364e+002,6.948667e+001
6.441185e+002,6.948483e+001
6.446006e+002,6.948266e+001
6.450827e+002,6.948051e+001
6.455648e+002,6.947894e+001
6.460470e+002,6.947874e+001
6.465291e+002,6.948069e+001
6.470112e+002,6.948511e+001
6.474933e+002,6.949174e+001
6.479755e+002,6.949971e+001
6.484576e+002,6.950780e+001
6.489397e+002,6.951482e+001
6.494219e+002,6.952013e+001
6.499040e+002,6.952365e+001
6.503861e+002,6.952592e+001
6.508682e+002,6.952763e+001
6.513503e+002,6.952934e+001
6.518325e+002,6.953127e+001
6.523146e+002,6.953342e+001
6.527968e+002,6.953568e+001
6.532788e+002,6.953824e+001
6.537610e+002,6.954141e+001
6.542431e+002,6.954562e+001
6.547252e+002,6.955093e+001
6.552073e+002,6.955692e+001
6.556895e+002,6.956252e+001
6.561716e+002,6.956640e+001
6.566537e+002,6.956722e+001
6.571359e+002,6.956440e+001
6.576179e+002,6.955806e+001
6.581001e+002,6.954916e+001
6.585822e+002,6.953901e+001
6.590643e+002,6.952884e+001
6.595464e+002,6.951946e+001
6.600286e+002,6.951122e+001
6.605107e+002,6.950412e+001
6.609928e+002,6.949809e+001
6.614750e+002,6.949323e+001
6.619571e+002,6.948988e+001
6.624392e+002,6.948856e+001
6.629213e+002,6.948992e+001
6.634034e+002,6.949459e+001
6.638856e+002,6.950347e+001
6.643677e+002,6.951775e+001
6.648499e+002,6.953919e+001
6.653320e+002,6.957013e+001
6.658141e+002,6.961314e+001
6.662962e+002,6.966998e+001
6.667783e+002,6.973993e+001
6.672605e+002,6.981726e+001
6.677426e+002,6.989001e+001
6.682247e+002,6.994275e+001
6.687068e+002,6.996451e+001
6.691890e+002,6.995504e+001
6.696711e+002,6.992375e+001
6.701532e+002,6.988284e+001
6.706353e+002,6.984192e+001
6.711174e+002,6.980640e+001
6.715996e+002,6.977843e+001
6.720817e+002,6.975821e+001
6.725638e+002,6.974512e+001
6.730460e+002,6.973829e+001
6.735281e+002,6.973693e+001
6.740102e+002,6.974014e+001
6.744923e+002,6.974699e+001
6.749745e+002,6.975630e+001
6.754565e+002,6.976704e+001
6.759387e+002,6.977821e+001
6.764208e+002,6.978934e+001
6.769030e+002,6.980050e+001
6.773851e+002,6.981223e+001
6.778672e+002,6.982519e+001
6.783493e+002,6.983982e+001
6.788314e+002,6.985609e+001
6.793136e+002,6.987345e+001
6.797957e+002,6.989097e+001
6.802778e+002,6.990765e+001
6.807599e+002,6.992265e+001
6.812421e+002,6.993546e+001
6.817242e+002,6.994587e+001
6.822063e+002,6.995386e+001
6.826885e+002,6.995950e+001
6.831705e+002,6.996301e+001
6.836527e+002,6.996471e+001
6.841348e+002,6.996519e+001
6.846169e+002,6.996515e+001
6.850991e+002,6.996533e+001
6.855812e+002,6.996616e+001
6.860634e+002,6.996770e+001
6.865454e+002,6.996973e+001
6.870276e+002,6.997189e+001
6.875096e+002,6.997396e+001
6.879918e+002,6.997620e+001
6.884739e+002,6.997920e+001
6.889561e+002,6.998382e+001
6.894382e+002,6.999054e+001
6.899203e+002,6.999935e+001
6.904025e+002,7.000944e+001
6.908845e+002,7.001959e+001
6.913667e+002,7.002834e+001
6.918488e+002,7.003463e+001
6.923309e+002,7.003807e+001
6.928130e+002,7.003899e+001
6.932952e+002,7.003814e+001
6.937773e+002,7.003653e+001
6.942594e+002,7.003502e+001
6.947416e+002,7.003426e+001
6.952236e+002,7.003454e+001
6.957058e+002,7.003611e+001
6.961879e+002,7.003899e+001
6.966700e+002,7.004306e+001
6.971522e+002,7.004795e+001
6.976343e+002,7.005298e+001
6.981165e+002,7.005730e+001
6.985985e+002,7.006015e+001
6.990807e+002,7.006116e+001
6.995628e+002,7.006060e+001
7.000449e+002,7.005943e+001
7.005270e+002,7.005898e+001
7.010092e+002,7.006049e+001
7.014913e+002,7.006475e+001
7.019734e+002,7.007172e+001
7.024556e+002,7.008072e+001
7.029377e+002,7.009058e+001
7.034198e+002,7.010017e+001
7.039019e+002,7.010883e+001
7.043840e+002,7.011641e+001
7.048662e+002,7.012325e+001
7.053483e+002,7.012997e+001
7.058304e+002,7.013699e+001
7.063125e+002,7.014467e+001
7.067947e+002,7.015287e+001
7.072768e+002,7.016137e+001
7.077589e+002,7.016978e+001
7.082410e+002,7.017770e+001
7.087231e+002,7.018468e+001
7.092053e+002,7.019032e+001
7.096874e+002,7.019421e+001
7.101696e+002,7.019625e+001
7.106517e+002,7.019657e+001
7.111338e+002,7.019572e+001
7.116159e+002,7.019450e+001
7.120980e+002,7.019378e+001
7.125802e+002,7.019417e+001
7.130623e+002,7.019579e+001
7.135444e+002,7.019821e+001
7.140265e+002,7.020081e+001
7.145087e+002,7.020282e+001
7.149908e+002,7.020387e+001
7.154729e+002,7.020409e+001
7.159550e+002,7.020402e+001
7.164371e+002,7.020431e+001
7.169193e+002,7.020541e+001
7.174014e+002,7.020744e+001
7.178835e+002,7.021004e+001
7.183657e+002,7.021252e+001
7.188478e+002,7.021420e+001
7.193299e+002,7.021457e+001
7.198120e+002,7.021337e+001
7.202942e+002,7.021050e+001
7.207762e+002,7.020603e+001
7.212584e+002,7.020000e+001
7.217405e+002,7.019265e+001
7.222227e+002,7.018436e+001
7.227048e+002,7.017595e+001
7.231869e+002,7.016847e+001
7.236691e+002,7.016319e+001
7.241511e+002,7.016118e+001
7.246333e+002,7.016303e+001
7.251154e+002,7.016872e+001
7.255975e+002,7.017758e+001
7.260797e+002,7.018854e+001
7.265618e+002,7.020044e+001
7.270439e+002,7.021235e+001
7.275260e+002,7.022363e+001
7.280082e+002,7.023392e+001
7.284902e+002,7.024296e+001
7.289724e+002,7.025053e+001
7.294545e+002,7.025645e+001
7.299366e+002,7.026058e+001
7.304188e+002,7.026305e+001
7.309009e+002,7.026414e+001
7.313831e+002,7.026436e+001
7.318651e+002,7.026408e+001
7.323473e+002,7.026355e+001
7.328293e+002,7.026261e+001
7.333115e+002,7.026093e+001
7.337936e+002,7.025809e+001
7.342758e+002,7.025391e+001
7.347579e+002,7.024854e+001
7.352400e+002,7.024255e+001
7.357222e+002,7.023663e+001
7.362042e+002,7.023151e+001
7.366864e+002,7.022769e+001
7.371685e+002,7.022541e+001
7.376506e+002,7.022463e+001
7.381328e+002,7.022530e+001
7.386149e+002,7.022728e+001
7.390970e+002,7.023047e+001
7.395791e+002,7.023464e+001
7.400613e+002,7.023946e+001
7.405434e+002,7.024438e+001
7.410255e+002,7.024886e+001
7.415076e+002,7.025239e+001
7.419897e+002,7.025477e+001
7.424719e+002,7.025611e+001
7.429540e+002,7.025687e+001
7.434362e+002,7.025743e+001
7.439182e+002,7.025818e+001
7.444004e+002,7.025916e+001
7.448825e+002,7.026028e+001
7.453646e+002,7.026120e+001
7.458467e+002,7.026168e+001
7.463289e+002,7.026161e+001
7.468110e+002,7.026104e+001
7.472931e+002,7.026003e+001
7.477753e+002,7.025871e+001
7.482574e+002,7.025712e+001
7.487395e+002,7.025540e+001
7.492216e+002,7.025371e+001
7.497037e+002,7.025240e+001
7.501859e+002,7.025191e+001
7.506680e+002,7.025255e+001
7.511501e+002,7.025435e+001
7.516322e+002,7.025694e+001
7.521144e+002,7.025957e+001
7.525965e+002,7.026144e+001
7.530786e+002,7.026183e+001
7.535608e+002,7.026059e+001
7.540428e+002,7.025800e+001
7.545250e+002,7.025476e+001
7.550071e+002,7.025163e+001
7.554893e+002,7.024918e+001
7.559714e+002,7.024756e+001
7.564535e+002,7.024662e+001
7.569356e+002,7.024600e+001
7.574177e+002,7.024544e+001
7.578999e+002,7.024486e+001
7.583820e+002,7.024437e+001
7.588641e+002,7.024400e+001
7.593463e+002,7.024371e+001
7.598284e+002,7.024319e+001
7.603105e+002,7.024200e+001
7.607926e+002,7.023971e+001
7.612748e+002,7.023618e+001
7.617568e+002,7.023164e+001
7.622390e+002,7.022662e+001
7.627211e+002,7.022162e+001
7.632032e+002,7.021704e+001
7.636854e+002,7.021293e+001
7.641675e+002,7.020914e+001
7.646496e+002,7.020540e+001
7.651317e+002,7.020164e+001
7.656139e+002,7.019807e+001
7.660959e+002,7.019512e+001
7.665781e+002,7.019319e+001
7.670602e+002,7.019253e+001
7.675424e+002,7.019287e+001
7.680245e+002,7.019377e+001
7.685066e+002,7.019447e+001
7.689888e+002,7.019440e+001
7.694708e+002,7.019321e+001
7.699530e+002,7.019093e+001
7.704351e+002,7.018772e+001
7.709172e+002,7.018383e+001
7.713994e+002,7.017941e+001
7.718815e+002,7.017451e+001
7.723636e+002,7.016920e+001
7.728457e+002,7.016368e+001
7.733279e+002,7.015829e+001
7.738099e+002,7.015353e+001
7.742921e+002,7.014976e+001
7.747742e+002,7.014706e+001
7.752563e+002,7.014516e+001
7.757385e+002,7.014358e+001
7.762206e+002,7.014169e+001
7.767028e+002,7.013915e+001
7.771848e+002,7.013593e+001
7.776670e+002,7.013235e+001
7.781491e+002,7.012880e+001
7.786312e+002,7.012565e+001
7.791133e+002,7.012291e+001
7.795955e+002,7.012040e+001
7.800776e+002,7.011772e+001
7.805597e+002,7.011461e+001
7.810419e+002,7.011098e+001
7.815239e+002,7.010710e+001
7.820061e+002,7.010332e+001
7.824882e+002,7.009995e+001
7.829703e+002,7.009702e+001
7.834525e+002,7.009434e+001
7.839346e+002,7.009151e+001
7.844167e+002,7.008810e+001
7.848988e+002,7.008385e+001
7.853810e+002,7.007876e+001
7.858631e+002,7.007304e+001
7.863452e+002,7.006704e+001
7.868273e+002,7.006116e+001
7.873094e+002,7.005578e+001
7.877916e+002,7.005124e+001
7.882737e+002,7.004785e+001
7.887559e+002,7.004587e+001
7.892380e+002,7.004543e+001
7.897201e+002,7.004646e+001
7.902022e+002,7.004869e+001
7.906843e+002,7.005161e+001
7.911665e+002,7.005478e+001
7.916486e+002,7.005789e+001
7.921307e+002,7.006092e+001
7.926128e+002,7.006407e+001
7.930950e+002,7.006763e+001
7.935771e+002,7.007172e+001
7.940592e+002,7.007606e+001
7.945413e+002,7.008011e+001
7.950234e+002,7.008315e+001
7.955056e+002,7.008453e+001
7.959877e+002,7.008398e+001
7.964698e+002,7.008168e+001
7.969520e+002,7.007819e+001
7.974341e+002,7.007407e+001
7.979162e+002,7.006977e+001
7.983983e+002,7.006538e+001
7.988805e+002,7.006069e+001
7.993625e+002,7.005544e+001
7.998447e+002,7.004948e+001
8.003268e+002,7.004301e+001
8.008090e+002,7.003652e+001
8.012911e+002,7.003049e+001
8.017732e+002,7.002537e+001
8.022553e+002,7.002126e+001
8.027374e+002,7.001800e+001
8.032196e+002,7.001519e+001
8.037017e+002,7.001257e+001
8.041838e+002,7.000993e+001
8.046660e+002,7.000723e+001
8.051481e+002,7.000443e+001
8.056302e+002,7.000127e+001
8.061123e+002,6.999737e+001
8.065945e+002,6.999214e+001
8.070765e+002,6.998519e+001
8.075587e+002,6.997641e+001
8.080408e+002,6.996623e+001
8.085229e+002,6.995548e+001
8.090051e+002,6.994513e+001
8.094872e+002,6.993607e+001
8.099694e+002,6.992878e+001
8.104514e+002,6.992330e+001
8.109336e+002,6.991936e+001
8.114156e+002,6.991648e+001
8.118978e+002,6.991427e+001
8.123799e+002,6.991240e+001
8.128621e+002,6.991066e+001
8.133442e+002,6.990884e+001
8.138263e+002,6.990662e+001
8.143085e+002,6.990371e+001
8.147905e+002,6.989971e+001
8.152727e+002,6.989448e+001
8.157548e+002,6.988807e+001
8.162369e+002,6.988074e+001
8.167191e+002,6.987282e+001
8.172012e+002,6.986454e+001
8.176833e+002,6.985603e+001
8.181654e+002,6.984736e+001
8.186476e+002,6.983853e+001
8.191296e+002,6.982973e+001
8.196118e+002,6.982137e+001
8.200939e+002,6.981396e+001
8.205760e+002,6.980795e+001
8.210582e+002,6.980360e+001
8.215403e+002,6.980091e+001
8.220225e+002,6.979954e+001
8.225045e+002,6.979894e+001
8.229867e+002,6.979865e+001
8.234688e+002,6.979826e+001
8.239509e+002,6.979746e+001
8.244330e+002,6.979597e+001
8.249152e+002,6.979344e+001
8.253973e+002,6.978946e+001
8.258794e+002,6.978366e+001
8.263616e+002,6.977581e+001
8.268437e+002,6.976608e+001
8.273258e+002,6.975497e+001
8.278079e+002,6.974331e+001
8.282900e+002,6.973193e+001
8.287722e+002,6.972156e+001
8.292543e+002,6.971254e+001
8.297365e+002,6.970490e+001
8.302185e+002,6.969843e+001
8.307007e+002,6.969284e+001
8.311828e+002,6.968786e+001
8.316649e+002,6.968327e+001
8.321470e+002,6.967880e+001
8.326292e+002,6.967415e+001
8.331113e+002,6.966887e+001
8.335934e+002,6.966257e+001
8.340756e+002,6.965499e+001
8.345577e+002,6.964620e+001
8.350398e+002,6.963660e+001
8.355219e+002,6.962676e+001
8.360040e+002,6.961729e+001
8.364862e+002,6.960855e+001
8.369683e+002,6.960056e+001
8.374504e+002,6.959315e+001
8.379325e+002,6.958598e+001
8.384147e+002,6.957892e+001
8.388968e+002,6.957212e+001
8.393789e+002,6.956590e+001
8.398610e+002,6.956069e+001
8.403431e+002,6.955669e+001
8.408253e+002,6.955383e+001
8.413074e+002,6.955160e+001
8.417896e+002,6.954933e+001
8.422717e+002,6.954636e+001
8.427538e+002,6.954224e+001
8.432359e+002,6.953684e+001
8.437180e+002,6.953030e+001
8.442002e+002,6.952294e+001
8.446823e+002,6.951510e+001
8.451644e+002,6.950716e+001
8.456465e+002,6.949938e+001
8.461287e+002,6.949220e+001
8.466108e+002,6.948600e+001
8.470929e+002,6.948109e+001
8.475751e+002,6.947769e+001
8.480571e+002,6.947578e+001
8.485393e+002,6.947495e+001
8.490214e+002,6.947463e+001
8.495035e+002,6.947404e+001
8.499857e+002,6.947253e+001
8.504678e+002,6.946963e+001
8.509499e+002,6.946513e+001
8.514320e+002,6.945898e+001
8.519142e+002,6.945132e+001
8.523962e+002,6.944241e+001
8.528784e+002,6.943262e+001
8.533605e+002,6.942249e+001
8.538427e+002,6.941264e+001
8.543248e+002,6.940382e+001
8.548069e+002,6.939666e+001
8.552891e+002,6.939143e+001
8.557711e+002,6.938805e+001
8.562533e+002,6.938596e+001
8.567354e+002,6.938436e+001
8.572175e+002,6.938239e+001
8.576996e+002,6.937930e+001
8.581818e+002,6.937478e+001
8.586639e+002,6.936882e+001
8.591460e+002,6.936163e+001
8.596282e+002,6.935348e+001
8.601102e+002,6.934464e+001
8.605924e+002,6.933538e+001
8.610745e+002,6.932590e+001
8.615566e+002,6.931655e+001
8.620388e+002,6.930769e+001
8.625209e+002,6.929977e+001
8.630031e+002,6.929297e+001
8.634851e+002,6.928729e+001
8.639673e+002,6.928245e+001
8.644494e+002,6.927798e+001
8.649315e+002,6.927344e+001
8.654136e+002,6.926853e+001
8.658958e+002,6.926328e+001
8.663779e+002,6.925790e+001
8.668600e+002,6.925269e+001
8.673422e+002,6.924784e+001
8.678242e+002,6.924348e+001
8.683064e+002,6.923951e+001
8.687885e+002,6.923582e+001
8.692706e+002,6.923233e+001
8.697527e+002,6.922900e+001
8.702349e+002,6.922592e+001
8.707170e+002,6.922303e+001
8.711991e+002,6.922015e+001
8.716813e+002,6.921702e+001
8.721634e+002,6.921330e+001
8.726455e+002,6.920877e+001
8.731276e+002,6.920345e+001
8.736097e+002,6.919761e+001
8.740919e+002,6.919161e+001
8.745740e+002,6.918574e+001
8.750562e+002,6.918010e+001
8.755382e+002,6.917446e+001
8.760204e+002,6.916842e+001
8.765025e+002,6.916164e+001
8.769846e+002,6.915404e+001
8.774668e+002,6.914574e+001
8.779489e+002,6.913723e+001
8.784310e+002,6.912901e+001
8.789131e+002,6.912146e+001
8.793953e+002,6.911475e+001
8.798774e+002,6.910875e+001
8.803595e+002,6.910323e+001
8.808416e+002,6.909797e+001
8.813237e+002,6.909278e+001
8.818059e+002,6.908767e+001
8.822880e+002,6.908256e+001
8.827701e+002,6.907738e+001
8.832523e+002,6.907191e+001
8.837344e+002,6.906602e+001
8.842165e+002,6.905964e+001
8.846986e+002,6.905294e+001
8.851808e+002,6.904633e+001
8.856628e+002,6.904031e+001
8.861450e+002,6.903521e+001
8.866271e+002,6.903105e+001
8.871093e+002,6.902743e+001
8.875914e+002,6.902376e+001
8.880735e+002,6.901933e+001
8.885556e+002,6.901373e+001
8.890377e+002,6.900690e+001
8.895199e+002,6.899924e+001
8.900020e+002,6.899133e+001
8.904841e+002,6.898375e+001
8.909662e+002,6.897696e+001
8.914484e+002,6.897110e+001
8.919305e+002,6.896611e+001
8.924126e+002,6.896185e+001
8.928948e+002,6.895816e+001
8.933768e+002,6.895483e+001
8.938590e+002,6.895171e+001
8.943411e+002,6.894849e+001
8.948232e+002,6.894479e+001
8.953054e+002,6.894024e+001
8.957875e+002,6.893452e+001
8.962697e+002,6.892760e+001
8.967517e+002,6.891966e+001
8.972339e+002,6.891110e+001
8.977159e+002,6.890236e+001
8.981981e+002,6.889374e+001
8.986802e+002,6.888537e+001
8.991624e+002,6.887726e+001
8.996445e+002,6.886938e+001
9.001266e+002,6.886182e+001
9.006088e+002,6.885482e+001
9.010908e+002,6.884871e+001
9.015730e+002,6.884370e+001
9.020551e+002,6.883987e+001
9.025372e+002,6.883697e+001
9.030193e+002,6.883453e+001
9.035015e+002,6.883203e+001
9.039836e+002,6.882904e+001
9.044657e+002,6.882536e+001
9.049479e+002,6.882104e+001
9.054299e+002,6.881620e+001
9.059121e+002,6.881091e+001
9.063942e+002,6.880513e+001
9.068763e+002,6.879876e+001
9.073585e+002,6.879168e+001
9.078406e+002,6.878389e+001
9.083228e+002,6.877561e+001
9.088048e+002,6.876723e+001
9.092870e+002,6.875909e+001
9.097691e+002,6.875148e+001
9.102512e+002,6.874450e+001
9.107333e+002,6.873804e+001
9.112155e+002,6.873190e+001
9.116976e+002,6.872592e+001
9.121797e+002,6.872009e+001
9.126619e+002,6.871440e+001
9.131440e+002,6.870890e+001
9.136261e+002,6.870348e+001
9.141082e+002,6.869786e+001
9.145903e+002,6.869173e+001
9.150724e+002,6.868476e+001
9.155546e+002,6.867684e+001
9.160367e+002,6.866806e+001
9.165189e+002,6.865871e+001
9.170010e+002,6.864909e+001
9.174831e+002,6.863948e+001
9.179652e+002,6.863000e+001
9.184473e+002,6.862072e+001
9.189294e+002,6.861170e+001
9.194116e+002,6.860321e+001
9.198937e+002,6.859560e+001
9.203759e+002,6.858934e+001
9.208580e+002,6.858464e+001
9.213401e+002,6.858146e+001
9.218222e+002,6.857928e+001
9.223043e+002,6.857733e+001
9.227864e+002,6.857475e+001
9.232686e+002,6.857080e+001
9.237507e+002,6.856517e+001
9.242328e+002,6.855795e+001
9.247150e+002,6.854948e+001
9.251971e+002,6.854034e+001
9.256792e+002,6.853102e+001
9.261613e+002,6.852195e+001
9.266434e+002,6.851339e+001
9.271255e+002,6.850555e+001
9.276077e+002,6.849868e+001
9.280898e+002,6.849289e+001
9.285720e+002,6.848820e+001
9.290541e+002,6.848443e+001
9.295362e+002,6.848126e+001
9.300183e+002,6.847823e+001
9.305004e+002,6.847484e+001
9.309826e+002,6.847081e+001
9.314647e+002,6.846609e+001
9.319468e+002,6.846078e+001
9.324290e+002,6.845506e+001
9.329111e+002,6.844909e+001
9.333932e+002,6.844292e+001
9.338753e+002,6.843650e+001
9.343574e+002,6.842982e+001
9.348396e+002,6.842295e+001
9.353217e+002,6.841612e+001
9.358038e+002,6.840964e+001
9.362859e+002,6.840373e+001
9.367681e+002,6.839854e+001
9.372502e+002,6.839392e+001
9.377323e+002,6.838959e+001
9.382144e+002,6.838525e+001
9.386966e+002,6.838066e+001
9.391787e+002,6.837576e+001
9.396608e+002,6.837062e+001
9.401429e+002,6.836533e+001
9.406251e+002,6.835980e+001
9.411072e+002,6.835396e+001
9.415893e+002,6.834761e+001
9.420714e+002,6.834063e+001
9.425536e+002,6.833311e+001
9.430357e+002,6.832533e+001
9.435178e+002,6.831783e+001
9.439999e+002,6.831091e+001
9.444821e+002,6.830478e+001
9.449642e+002,6.829926e+001
9.454463e+002,6.829397e+001
9.459284e+002,6.828838e+001
9.464106e+002,6.828209e+001
9.468927e+002,6.827492e+001
9.473748e+002,6.826695e+001
9.478569e+002,6.825843e+001
9.483391e+002,6.824964e+001
9.488212e+002,6.824078e+001
9.493033e+002,6.823195e+001
9.497855e+002,6.822326e+001
9.502676e+002,6.821482e+001
9.507497e+002,6.820686e+001
9.512318e+002,6.819963e+001
9.517139e+002,6.819328e+001
9.521960e+002,6.818777e+001
9.526782e+002,6.818281e+001
9.531603e+002,6.817798e+001
9.536425e+002,6.817280e+001
9.541246e+002,6.816699e+001
9.546067e+002,6.816054e+001
9.550888e+002,6.815361e+001
9.555709e+002,6.814654e+001
9.560530e+002,6.813957e+001
9.565352e+002,6.813274e+001
9.570173e+002,6.812604e+001
9.574995e+002,6.811923e+001
9.579816e+002,6.811217e+001
9.584637e+002,6.810484e+001
9.589458e+002,6.809738e+001
9.594279e+002,6.808997e+001
9.599100e+002,6.808277e+001
9.603922e+002,6.807584e+001
9.608743e+002,6.806915e+001
9.613564e+002,6.806268e+001
9.618386e+002,6.805642e+001
9.623207e+002,6.805043e+001
9.628028e+002,6.804482e+001
9.632849e+002,6.803955e+001
9.637670e+002,6.803448e+001
9.642491e+002,6.802934e+001
9.647313e+002,6.802373e+001
9.652134e+002,6.801742e+001
9.656956e+002,6.801042e+001
9.661777e+002,6.800301e+001
9.666598e+002,6.799564e+001
9.671419e+002,6.798880e+001
9.676240e+002,6.798269e+001
9.681061e+002,6.797718e+001
9.685883e+002,6.797192e+001
9.690704e+002,6.796635e+001
9.695526e+002,6.796001e+001
9.700347e+002,6.795269e+001
9.705168e+002,6.794443e+001
9.709989e+002,6.793546e+001
9.714810e+002,6.792609e+001
9.719631e+002,6.791663e+001
9.724453e+002,6.790723e+001
9.729274e+002,6.789801e+001
9.734095e+002,6.788912e+001
9.738917e+002,6.788076e+001
9.743738e+002,6.787312e+001
9.748559e+002,6.786634e+001
9.753380e+002,6.786044e+001
9.758201e+002,6.785525e+001
9.763023e+002,6.785058e+001
9.767844e+002,6.784617e+001
9.772665e+002,6.784195e+001
9.777487e+002,6.783798e+001
9.782308e+002,6.783440e+001
9.787129e+002,6.783127e+001
9.791950e+002,6.782850e+001
9.796771e+002,6.782574e+001
9.801593e+002,6.782246e+001
9.806414e+002,6.781819e+001
9.811235e+002,6.781271e+001
9.816057e+002,6.780609e+001
9.820878e+002,6.779874e+001
9.825699e+002,6.779123e+001
9.830520e+002,6.778405e+001
9.835342e+002,6.777756e+001
9.840163e+002,6.777176e+001
9.844984e+002,6.776652e+001
9.849805e+002,6.776160e+001
9.854626e+002,6.775682e+001
9.859448e+002,6.775209e+001
9.864269e+002,6.774734e+001
9.869090e+002,6.774255e+001
9.873912e+002,6.773756e+001
9.878733e+002,6.773225e+001
9.883554e+002,6.772649e+001
9.888375e+002,6.772024e+001
9.893196e+002,6.771353e+001
9.898018e+002,6.770657e+001
9.902839e+002,6.769947e+001
9.907660e+002,6.769222e+001
9.912482e+002,6.768474e+001
9.917303e+002,6.767688e+001
9.922124e+002,6.766856e+001
9.926945e+002,6.765999e+001
9.931766e+002,6.765152e+001
9.936588e+002,6.764378e+001
9.941409e+002,6.763728e+001
9.946230e+002,6.763239e+001
9.951052e+002,6.762907e+001
9.955873e+002,6.762697e+001
9.960694e+002,6.762554e+001
9.965515e+002,6.762415e+001
9.970336e+002,6.762236e+001
9.975157e+002,6.761987e+001
9.979979e+002,6.761653e+001
9.984800e+002,6.761237e+001
9.989622e+002,6.760726e+001
9.994443e+002,6.760126e+001
9.999264e+002,6.759439e+001
1.000409e+003,6.758691e+001
1.000891e+003,6.757920e+001
1.001373e+003,6.757176e+001
1.001855e+003,6.756503e+001
1.002337e+003,6.755920e+001
1.002819e+003,6.755418e+001
1.003301e+003,6.754967e+001
1.003783e+003,6.754516e+001
1.004266e+003,6.754031e+001
1.004748e+003,6.753490e+001
1.005230e+003,6.752906e+001
1.005712e+003,6.752297e+001
1.006194e+003,6.751692e+001
1.006676e+003,6.751104e+001
1.007158e+003,6.750538e+001
1.007640e+003,6.749984e+001
1.008122e+003,6.749435e+001
1.008605e+003,6.748891e+001
1.009087e+003,6.748361e+001
1.009569e+003,6.747857e+001
1.010051e+003,6.747382e+001
1.010533e+003,6.746931e+001
1.011015e+003,6.746489e+001
1.011497e+003,6.746032e+001
1.011979e+003,6.745547e+001
1.012462e+003,6.745037e+001
1.012944e+003,6.744508e+001
1.013426e+003,6.743976e+001
1.013908e+003,6.743444e+001
1.014390e+003,6.742902e+001
1.014872e+003,6.742332e+001
1.015354e+003,6.741714e+001
1.015836e+003,6.741040e+001
1.016319e+003,6.740324e+001
1.016801e+003,6.739593e+001
1.017283e+003,6.738881e+001
1.017765e+003,6.738213e+001
1.018247e+003,6.737591e+001
1.018729e+003,6.737003e+001
1.019211e+003,6.736419e+001
1.019693e+003,6.735810e+001
1.020176e+003,6.735159e+001
1.020658e+003,6.734465e+001
1.021140e+003,6.733741e+001
1.021622e+003,6.733008e+001
1.022104e+003,6.732282e+001
1.022586e+003,6.731583e+001
1.023068e+003,6.730927e+001
1.023550e+003,6.730328e+001
1.024033e+003,6.729799e+001
1.024515e+003,6.729348e+001
1.024997e+003,6.728961e+001
1.025479e+003,6.728605e+001
1.025961e+003,6.728230e+001
1.026443e+003,6.727782e+001
1.026925e+003,6.727221e+001
1.027407e+003,6.726533e+001
1.027890e+003,6.725739e+001
1.028372e+003,6.724889e+001
1.028854e+003,6.724037e+001
1.029336e+003,6.723216e+001
1.029818e+003,6.722439e+001
1.030300e+003,6.721692e+001
1.030782e+003,6.720942e+001
1.031264e+003,6.720163e+001
1.031747e+003,6.719341e+001
1.032229e+003,6.718484e+001
1.032711e+003,6.717604e+001
1.033193e+003,6.716718e+001
1.033675e+003,6.715827e+001
1.034157e+003,6.714926e+001
1.034639e+003,6.714002e+001
1.035121e+003,6.713044e+001
1.035604e+003,6.712054e+001
1.036086e+003,6.711041e+001
1.036568e+003,6.710017e+001
1.037050e+003,6.708991e+001
1.037532e+003,6.707960e+001
1.038014e+003,6.706918e+001
1.038496e+003,6.705858e+001
1.038979e+003,6.704790e+001
1.039461e+003,6.703739e+001
1.039943e+003,6.702736e+001
1.040425e+003,6.701805e+001
1.040907e+003,6.700958e+001
1.041389e+003,6.700177e+001
1.041871e+003,6.699425e+001
1.042353e+003,6.698657e+001
1.042835e+003,6.697842e+001
1.043318e+003,6.696970e+001
1.043800e+003,6.696054e+001
1.044282e+003,6.695119e+001
1.044764e+003,6.694192e+001
1.045246e+003,6.693283e+001
1.045728e+003,6.692400e+001
1.046210e+003,6.691531e+001
1.046692e+003,6.690670e+001
1.047175e+003,6.689818e+001
1.047657e+003,6.688982e+001
1.048139e+003,6.688167e+001
1.048621e+003,6.687373e+001
1.049103e+003,6.686580e+001
1.049585e+003,6.685770e+001
1.050067e+003,6.684924e+001
1.050549e+003,6.684035e+001
1.051031e+003,6.683121e+001
1.051514e+003,6.682214e+001
1.051996e+003,6.681345e+001
1.052478e+003,6.680541e+001
1.052960e+003,6.679797e+001
1.053442e+003,6.679097e+001
1.053924e+003,6.678410e+001
1.054406e+003,6.677705e+001
1.054889e+003,6.676971e+001
1.055371e+003,6.676205e+001
1.055853e+003,6.675419e+001
1.056335e+003,6.674622e+001
1.056817e+003,6.673826e+001
1.057299e+003,6.673035e+001
1.057781e+003,6.672256e+001
1.058263e+003,6.671504e+001
1.058746e+003,6.670798e+001
1.059228e+003,6.670163e+001
1.059710e+003,6.669604e+001
1.060192e+003,6.669112e+001
1.060674e+003,6.668645e+001
1.061156e+003,6.668153e+001
1.061638e+003,6.667583e+001
1.062120e+003,6.666899e+001
1.062603e+003,6.666095e+001
1.063085e+003,6.665194e+001
1.063567e+003,6.664233e+001
1.064049e+003,6.663243e+001
1.064531e+003,6.662251e+001
1.065013e+003,6.661272e+001
1.065495e+003,6.660310e+001
1.065977e+003,6.659373e+001
1.066460e+003,6.658483e+001
1.066942e+003,6.657659e+001
1.067424e+003,6.656918e+001
1.067906e+003,6.656258e+001
1.068388e+003,6.655653e+001
1.068870e+003,6.655077e+001
1.069352e+003,6.654490e+001
1.069834e+003,6.653874e+001
1.070317e+003,6.653239e+001
1.070799e+003,6.652620e+001
1.071281e+003,6.652049e+001
1.071763e+003,6.651560e+001
1.072245e+003,6.651157e+001
1.072727e+003,6.650821e+001
1.073209e+003,6.650514e+001
1.073691e+003,6.650197e+001
1.074174e+003,6.649835e+001
1.074656e+003,6.649411e+001
1.075138e+003,6.648918e+001
1.075620e+003,6.648351e+001
1.076102e+003,6.647713e+001
1.076584e+003,6.647010e+001
1.077066e+003,6.646259e+001
1.077548e+003,6.645501e+001
1.078031e+003,6.644790e+001
1.078513e+003,6.644193e+001
1.078995e+003,6.643757e+001
1.079477e+003,6.643504e+001
1.079959e+003,6.643422e+001
1.080441e+003,6.643460e+001
1.080923e+003,6.643548e+001
1.081406e+003,6.643626e+001
1.081888e+003,6.643656e+001
1.082370e+003,6.643635e+001
1.082852e+003,6.643571e+001
1.083334e+003,6.643489e+001
1.083816e+003,6.643397e+001
1.084298e+003,6.643295e+001
1.084780e+003,6.643162e+001
1.085262e+003,6.642975e+001
1.085745e+003,6.642724e+001
1.086227e+003,6.642407e+001
1.086709e+003,6.642036e+001
1.087191e+003,6.641637e+001
1.087673e+003,6.641241e+001
1.088155e+003,6.640875e+001
1.088637e+003,6.640569e+001
1.089119e+003,6.640347e+001
1.089602e+003,6.640232e+001
1.090084e+003,6.640240e+001
1.090566e+003,6.640366e+001
1.091048e+003,6.640582e+001
1.091530e+003,6.640848e+001
1.092012e+003,6.641113e+001
1.092494e+003,6.641329e+001
1.092976e+003,6.641471e+001
1.093458e+003,6.641528e+001
1.093941e+003,6.641515e+001
1.094423e+003,6.641435e+001
1.094905e+003,6.641301e+001
1.095387e+003,6.641100e+001
1.095869e+003,6.640823e+001
1.096351e+003,6.640461e+001
1.096833e+003,6.640020e+001
1.097316e+003,6.639534e+001
1.097798e+003,6.639047e+001
1.098280e+003,6.638602e+001
1.098762e+003,6.638231e+001
1.099244e+003,6.637939e+001
1.099726e+003,6.637714e+001
1.100208e+003,6.637526e+001
1.100690e+003,6.637357e+001
1.101173e+003,6.637207e+001
1.101655e+003,6.637079e+001
1.102137e+003,6.636989e+001
1.102619e+003,6.636945e+001
1.103101e+003,6.636942e+001
1.103583e+003,6.636961e+001
1.104065e+003,6.636983e+001
1.104547e+003,6.636993e+001
1.105030e+003,6.636989e+001
1.105512e+003,6.636987e+001
1.105994e+003,6.637000e+001
1.106476e+003,6.637032e+001
1.106958e+003,6.637068e+001
1.107440e+003,6.637081e+001
1.107922e+003,6.637039e+001
1.108404e+003,6.636914e+001
1.108886e+003,6.636703e+001
1.109369e+003,6.636422e+001
1.109851e+003,6.636091e+001
1.110333e+003,6.635738e+001
1.110815e+003,6.635371e+001
1.111297e+003,6.634992e+001
1.111779e+003,6.634590e+001
1.112261e+003,6.634161e+001
1.112744e+003,6.633714e+001
1.113226e+003,6.633270e+001
1.113708e+003,6.632858e+001
1.114190e+003,6.632507e+001
1.114672e+003,6.632234e+001
1.115154e+003,6.632043e+001
1.115636e+003,6.631922e+001
1.116118e+003,6.631862e+001
1.116601e+003,6.631847e+001
1.117083e+003,6.631863e+001
1.117565e+003,6.631889e+001
1.118047e+003,6.631905e+001
1.118529e+003,6.631876e+001
1.119011e+003,6.631781e+001
1.119493e+003,6.631602e+001
1.119975e+003,6.631343e+001
1.120458e+003,6.631027e+001
1.120940e+003,6.630686e+001
1.121422e+003,6.630347e+001
1.121904e+003,6.630016e+001
1.122386e+003,6.629681e+001
1.122868e+003,6.629308e+001
1.123350e+003,6.628864e+001
1.123832e+003,6.628328e+001
1.124314e+003,6.627710e+001
1.124797e+003,6.627043e+001
1.125279e+003,6.626380e+001
1.125761e+003,6.625768e+001
1.126243e+003,6.625245e+001
1.126725e+003,6.624828e+001
1.127207e+003,6.624515e+001
1.127689e+003,6.624291e+001
1.128172e+003,6.624136e+001
1.128654e+003,6.624034e+001
1.129136e+003,6.623962e+001
1.129618e+003,6.623899e+001
1.130100e+003,6.623819e+001
1.130582e+003,6.623698e+001
1.131064e+003,6.623523e+001
1.131546e+003,6.623291e+001
1.132029e+003,6.623022e+001
1.132511e+003,6.622743e+001
1.132993e+003,6.622481e+001
1.133475e+003,6.622250e+001
1.133957e+003,6.622050e+001
1.134439e+003,6.621870e+001
1.134921e+003,6.621696e+001
1.135403e+003,6.621521e+001
1.135885e+003,6.621354e+001
1.136368e+003,6.621207e+001
1.136850e+003,6.621101e+001
1.137332e+003,6.621036e+001
1.137814e+003,6.620994e+001
1.138296e+003,6.620947e+001
1.138778e+003,6.620853e+001
1.139260e+003,6.620689e+001
1.139742e+003,6.620444e+001
1.140225e+003,6.620139e+001
1.140707e+003,6.619802e+001
1.141189e+003,6.619469e+001
1.141671e+003,6.619164e+001
1.142153e+003,6.618907e+001
1.142635e+003,6.618696e+001
1.143117e+003,6.618529e+001
1.143599e+003,6.618401e+001
1.144082e+003,6.618306e+001
1.144564e+003,6.618237e+001
1.145046e+003,6.618185e+001
1.145528e+003,6.618132e+001
1.146010e+003,6.618060e+001
1.146492e+003,6.617950e+001
1.146974e+003,6.617801e+001
1.147457e+003,6.617616e+001
1.147939e+003,6.617405e+001
1.148421e+003,6.617178e+001
1.148903e+003,6.616933e+001
1.149385e+003,6.616662e+001
1.149867e+003,6.616348e+001
1.150349e+003,6.615981e+001
1.150831e+003,6.615558e+001
1.151313e+003,6.615095e+001
1.151796e+003,6.614622e+001
1.152278e+003,6.614169e+001
1.152760e+003,6.613752e+001
1.153242e+003,6.613376e+001
1.153724e+003,6.613036e+001
1.154206e+003,6.612711e+001
1.154688e+003,6.612402e+001
1.155170e+003,6.612107e+001
1.155653e+003,6.611841e+001
1.156135e+003,6.611615e+001
1.156617e+003,6.611433e+001
1.157099e+003,6.611282e+001
1.157581e+003,6.611139e+001
1.158063e+003,6.610976e+001
1.158545e+003,6.610770e+001
1.159027e+003,6.610520e+001
1.159510e+003,6.610234e+001
1.159992e+003,6.609927e+001
1.160474e+003,6.609617e+001
1.160956e+003,6.609311e+001
1.161438e+003,6.609017e+001
1.161920e+003,6.608735e+001
1.162402e+003,6.608466e+001
1.162885e+003,6.608219e+001
1.163367e+003,6.607999e+001
1.163849e+003,6.607803e+001
1.164331e+003,6.607613e+001
1.164813e+003,6.607401e+001
1.165295e+003,6.607134e+001
1.165777e+003,6.606781e+001
1.166259e+003,6.606340e+001
1.166741e+003,6.605828e+001
1.167224e+003,6.605282e+001
1.167706e+003,6.604744e+001
1.168188e+003,6.604245e+001
1.168670e+003,6.603796e+001
1.169152e+003,6.603384e+001
1.169634e+003,6.602994e+001
1.170116e+003,6.602599e+001
1.170598e+003,6.602196e+001
1.171081e+003,6.601792e+001
1.171563e+003,6.601401e+001
1.172045e+003,6.601035e+001
1.172527e+003,6.600696e+001
1.173009e+003,6.600373e+001
1.173491e+003,6.600048e+001
1.173973e+003,6.599706e+001
1.174455e+003,6.599339e+001
1.174938e+003,6.598948e+001
1.175420e+003,6.598541e+001
1.175902e+003,6.598125e+001
1.176384e+003,6.597701e+001
1.176866e+003,6.597266e+001
1.177348e+003,6.596818e+001
1.177830e+003,6.596365e+001
1.178313e+003,6.595928e+001
1.178795e+003,6.595534e+001
1.179277e+003,6.595209e+001
1.179759e+003,6.594963e+001
1.180241e+003,6.594793e+001
1.180723e+003,6.594675e+001
1.181205e+003,6.594579e+001
1.181687e+003,6.594472e+001
1.182169e+003,6.594334e+001
1.182652e+003,6.594159e+001
1.183134e+003,6.593944e+001
1.183616e+003,6.593689e+001
1.184098e+003,6.593392e+001
1.184580e+003,6.593047e+001
1.185062e+003,6.592650e+001
1.185544e+003,6.592204e+001
1.186026e+003,6.591722e+001
1.186509e+003,6.591222e+001
1.186991e+003,6.590721e+001
1.187473e+003,6.590227e+001
1.187955e+003,6.589735e+001
1.188437e+003,6.589243e+001
1.188919e+003,6.588741e+001
1.189401e+003,6.588239e+001
1.189883e+003,6.587756e+001
1.190366e+003,6.587324e+001
1.190848e+003,6.586964e+001
1.191330e+003,6.586691e+001
1.191812e+003,6.586485e+001
1.192294e+003,6.586319e+001
1.192776e+003,6.586145e+001
1.193258e+003,6.585930e+001
1.193740e+003,6.585656e+001
1.194223e+003,6.585322e+001
1.194705e+003,6.584946e+001
1.195187e+003,6.584550e+001
1.195669e+003,6.584152e+001
1.196151e+003,6.583770e+001
1.196633e+003,6.583411e+001
1.197115e+003,6.583087e+001
1.197597e+003,6.582812e+001
1.198080e+003,6.582597e+001
1.198562e+003,6.582439e+001
1.199044e+003,6.582330e+001
1.199526e+003,6.582232e+001
1.200008e+003,6.582099e+001
1.200490e+003,6.581889e+001
1.200972e+003,6.581567e+001
1.201454e+003,6.581131e+001
1.201937e+003,6.580601e+001
1.202419e+003,6.580019e+001
1.202901e+003,6.579427e+001
1.203383e+003,6.578867e+001
1.203865e+003,6.578360e+001
1.204347e+003,6.577917e+001
1.204829e+003,6.577531e+001
1.205312e+003,6.577199e+001
1.205794e+003,6.576910e+001
1.206276e+003,6.576655e+001
1.206758e+003,6.576417e+001
1.207240e+003,6.576180e+001
1.207722e+003,6.575928e+001
1.208204e+003,6.575645e+001
1.208686e+003,6.575333e+001
1.209168e+003,6.575005e+001
1.209651e+003,6.574677e+001
1.210133e+003,6.574368e+001
1.210615e+003,6.574088e+001
1.211097e+003,6.573828e+001
1.211579e+003,6.573571e+001
1.212061e+003,6.573297e+001
1.212543e+003,6.572992e+001
1.213025e+003,6.572657e+001
1.213508e+003,6.572305e+001
1.213990e+003,6.571957e+001
1.214472e+003,6.571632e+001
1.214954e+003,6.571336e+001
1.215436e+003,6.571066e+001
1.215918e+003,6.570812e+001
1.216400e+003,6.570557e+001
1.216882e+003,6.570289e+001
1.217365e+003,6.570001e+001
1.217847e+003,6.569684e+001
1.218329e+003,6.569328e+001
1.218811e+003,6.568922e+001
1.219293e+003,6.568458e+001
1.219775e+003,6.567932e+001
1.220257e+003,6.567358e+001
1.220740e+003,6.566763e+001
1.221222e+003,6.566180e+001
1.221704e+003,6.565640e+001
1.222186e+003,6.565156e+001
1.222668e+003,6.564726e+001
1.223150e+003,6.564335e+001
1.223632e+003,6.563960e+001
1.224114e+003,6.563583e+001
1.224596e+003,6.563206e+001
1.225079e+003,6.562840e+001
1.225561e+003,6.562500e+001
1.226043e+003,6.562199e+001
1.226525e+003,6.561935e+001
1.227007e+003,6.561692e+001
1.227489e+003,6.561449e+001
1.227971e+003,6.561182e+001
1.228453e+003,6.560883e+001
1.228936e+003,6.560548e+001
1.229418e+003,6.560178e+001
1.229900e+003,6.559779e+001
1.230382e+003,6.559349e+001
1.230864e+003,6.558883e+001
1.231346e+003,6.558372e+001
1.231828e+003,6.557819e+001
1.232310e+003,6.557232e+001
1.232792e+003,6.556632e+001
1.233275e+003,6.556039e+001
1.233757e+003,6.555468e+001
1.234239e+003,6.554926e+001
1.234721e+003,6.554409e+001
1.235203e+003,6.553911e+001
1.235685e+003,6.553423e+001
1.236167e+003,6.552950e+001
1.236650e+003,6.552489e+001
1.237132e+003,6.552051e+001
1.237614e+003,6.551632e+001
1.238096e+003,6.551223e+001
1.238578e+003,6.550816e+001
1.239060e+003,6.550392e+001
1.239542e+003,6.549952e+001
1.240024e+003,6.549501e+001
1.240507e+003,6.549052e+001
1.240989e+003,6.548618e+001
1.241471e+003,6.548207e+001
1.241953e+003,6.547817e+001
1.242435e+003,6.547439e+001
1.242917e+003,6.547057e+001
1.243399e+003,6.546668e+001
1.243881e+003,6.546274e+001
1.244364e+003,6.545881e+001
1.244846e+003,6.545491e+001
1.245328e+003,6.545103e+001
1.245810e+003,6.544697e+001
1.246292e+003,6.544251e+001
1.246774e+003,6.543746e+001
1.247256e+003,6.543172e+001
1.247738e+003,6.542545e+001
1.248220e+003,6.541893e+001
1.248703e+003,6.541246e+001
1.249185e+003,6.540630e+001
1.249667e+003,6.540063e+001
1.250149e+003,6.539537e+001
1.250631e+003,6.539044e+001
1.251113e+003,6.538573e+001
1.251595e+003,6.538115e+001
1.252078e+003,6.537673e+001
1.252560e+003,6.537251e+001
1.253042e+003,6.536848e+001
1.253524e+003,6.536460e+001
1.254006e+003,6.536072e+001
1.254488e+003,6.535671e+001
1.254970e+003,6.535254e+001
1.255452e+003,6.534823e+001
1.255935e+003,6.534395e+001
1.256417e+003,6.533984e+001
1.256899e+003,6.533600e+001
1.257381e+003,6.533240e+001
1.257863e+003,6.532893e+001
1.258345e+003,6.532539e+001
1.258827e+003,6.532171e+001
1.259309e+003,6.531785e+001
1.259792e+003,6.531390e+001
1.260274e+003,6.530995e+001
1.260756e+003,6.530610e+001
1.261238e+003,6.530228e+001
1.261720e+003,6.529843e+001
1.262202e+003,6.529440e+001
1.262684e+003,6.529008e+001
1.263166e+003,6.528547e+001
1.263648e+003,6.528058e+001
1.264131e+003,6.527547e+001
1.264613e+003,6.527011e+001
1.265095e+003,6.526444e+001
1.265577e+003,6.525836e+001
1.266059e+003,6.525178e+001
1.266541e+003,6.524481e+001
1.267023e+003,6.523760e+001
1.267505e+003,6.523044e+001
1.267988e+003,6.522353e+001
1.268470e+003,6.521703e+001
1.268952e+003,6.521088e+001
1.269434e+003,6.520487e+001
1.269916e+003,6.519883e+001
1.270398e+003,6.519259e+001
1.270880e+003,6.518622e+001
1.271363e+003,6.517986e+001
1.271845e+003,6.517379e+001
1.272327e+003,6.516815e+001
1.272809e+003,6.516297e+001
1.273291e+003,6.515817e+001
1.273773e+003,6.515356e+001
1.274255e+003,6.514891e+001
1.274737e+003,6.514415e+001
1.275219e+003,6.513924e+001
1.275702e+003,6.513424e+001
1.276184e+003,6.512918e+001
1.276666e+003,6.512401e+001
1.277148e+003,6.511867e+001
1.277630e+003,6.511300e+001
1.278112e+003,6.510693e+001
1.278594e+003,6.510046e+001
1.279076e+003,6.509373e+001
1.279559e+003,6.508684e+001
1.280041e+003,6.507992e+001
1.280523e+003,6.507305e+001
1.281005e+003,6.506625e+001
1.281487e+003,6.505951e+001
1.281969e+003,6.505288e+001
1.282451e+003,6.504643e+001
1.282933e+003,6.504031e+001
1.283416e+003,6.503464e+001
1.283898e+003,6.502939e+001
1.284380e+003,6.502451e+001
1.284862e+003,6.501983e+001
1.285344e+003,6.501520e+001
1.285826e+003,6.501054e+001
1.286308e+003,6.500590e+001
1.286791e+003,6.500139e+001
1.287273e+003,6.499712e+001
1.287755e+003,6.499312e+001
1.288237e+003,6.498932e+001
1.288719e+003,6.498552e+001
1.289201e+003,6.498157e+001
1.289683e+003,6.497733e+001
1.290165e+003,6.497282e+001
1.290647e+003,6.496816e+001
1.291130e+003,6.496351e+001
1.291612e+003,6.495892e+001
1.292094e+003,6.495430e+001
1.292576e+003,6.494954e+001
1.293058e+003,6.494437e+001
1.293540e+003,6.493867e+001
1.294022e+003,6.493244e+001
1.294504e+003,6.492586e+001
1.294987e+003,6.491908e+001
1.295469e+003,6.491239e+001
1.295951e+003,6.490591e+001
1.296433e+003,6.489970e+001
1.296915e+003,6.489371e+001
1.297397e+003,6.488793e+001
1.297879e+003,6.488228e+001
1.298361e+003,6.487676e+001
1.298844e+003,6.487128e+001
1.299326e+003,6.486575e+001
1.299808e+003,6.485997e+001
1.300290e+003,6.485379e+001
1.300772e+003,6.484711e+001
1.301254e+003,6.483993e+001
1.301736e+003,6.483242e+001
1.302219e+003,6.482490e+001
1.302701e+003,6.481757e+001
1.303183e+003,6.481064e+001
1.303665e+003,6.480408e+001
1.304147e+003,6.479777e+001
1.304629e+003,6.479156e+001
1.305111e+003,6.478532e+001
1.305593e+003,6.477907e+001
1.306075e+003,6.477295e+001
1.306558e+003,6.476711e+001
1.307040e+003,6.476174e+001
1.307522e+003,6.475684e+001
1.308004e+003,6.475235e+001
1.308486e+003,6.474812e+001
1.308968e+003,6.474406e+001
1.309450e+003,6.474010e+001
1.309932e+003,6.473624e+001
1.310415e+003,6.473249e+001
1.310897e+003,6.472876e+001
1.311379e+003,6.472485e+001
1.311861e+003,6.472052e+001
1.312343e+003,6.471551e+001
1.312825e+003,6.470966e+001
1.313307e+003,6.470303e+001
1.313789e+003,6.469587e+001
1.314272e+003,6.468847e+001
1.314754e+003,6.468114e+001
1.315236e+003,6.467411e+001
1.315718e+003,6.466748e+001
1.316200e+003,6.466125e+001
1.316682e+003,6.465546e+001
1.317164e+003,6.465012e+001
1.317646e+003,6.464529e+001
1.318129e+003,6.464101e+001
1.318611e+003,6.463726e+001
1.319093e+003,6.463384e+001
1.319575e+003,6.463051e+001
1.320057e+003,6.462701e+001
1.320539e+003,6.462314e+001
1.321021e+003,6.461883e+001
1.321503e+003,6.461412e+001
1.321986e+003,6.460912e+001
1.322468e+003,6.460389e+001
1.322950e+003,6.459840e+001
1.323432e+003,6.459264e+001
1.323914e+003,6.458652e+001
1.324396e+003,6.458005e+001
1.324878e+003,6.457336e+001
1.325360e+003,6.456663e+001
1.325843e+003,6.456008e+001
1.326325e+003,6.455382e+001
1.326807e+003,6.454787e+001
1.327289e+003,6.454218e+001
1.327771e+003,6.453664e+001
1.328253e+003,6.453120e+001
1.328735e+003,6.452587e+001
1.329218e+003,6.452077e+001
1.329700e+003,6.451599e+001
1.330182e+003,6.451154e+001
1.330664e+003,6.450732e+001
1.331146e+003,6.450319e+001
1.331628e+003,6.449894e+001
1.332110e+003,6.449446e+001
1.332592e+003,6.448975e+001
1.333074e+003,6.448492e+001
1.333557e+003,6.448013e+001
1.334039e+003,6.447543e+001
1.334521e+003,6.447083e+001
1.335003e+003,6.446623e+001
1.335485e+003,6.446149e+001
1.335967e+003,6.445654e+001
1.336449e+003,6.445137e+001
1.336931e+003,6.444608e+001
1.337414e+003,6.444074e+001
1.337896e+003,6.443537e+001
1.338378e+003,6.442984e+001
1.338860e+003,6.442398e+001
1.339342e+003,6.441757e+001
1.339824e+003,6.441059e+001
1.340306e+003,6.440321e+001
1.340788e+003,6.439573e+001
1.341271e+003,6.438843e+001
1.341753e+003,6.438152e+001
1.342235e+003,6.437498e+001
1.342717e+003,6.436868e+001
1.343199e+003,6.436234e+001
1.343681e+003,6.435578e+001
1.344163e+003,6.434892e+001
1.344646e+003,6.434180e+001
1.345128e+003,6.433455e+001
1.345610e+003,6.432729e+001
1.346092e+003,6.432007e+001
1.346574e+003,6.431290e+001
1.347056e+003,6.430573e+001
1.347538e+003,6.429856e+001
1.348020e+003,6.429150e+001
1.348502e+003,6.428469e+001
1.348985e+003,6.427829e+001
1.349467e+003,6.427237e+001
1.349949e+003,6.426683e+001
1.350431e+003,6.426151e+001
1.350913e+003,6.425611e+001
1.351395e+003,6.425045e+001
1.351877e+003,6.424447e+001
1.352359e+003,6.423820e+001
1.352842e+003,6.423183e+001
1.353324e+003,6.422555e+001
1.353806e+003,6.421942e+001
1.354288e+003,6.421352e+001
1.354770e+003,6.420780e+001
1.355252e+003,6.420229e+001
1.355734e+003,6.419704e+001
1.356216e+003,6.419209e+001
1.356698e+003,6.418753e+001
1.357181e+003,6.418331e+001
1.357663e+003,6.417930e+001
1.358145e+003,6.417521e+001
1.358627e+003,6.417077e+001
1.359109e+003,6.416570e+001
1.359591e+003,6.415987e+001
1.360073e+003,6.415324e+001
1.360556e+003,6.414587e+001
1.361038e+003,6.413790e+001
1.361520e+003,6.412940e+001
1.362002e+003,6.412058e+001
1.362484e+003,6.411164e+001
1.362966e+003,6.410287e+001
1.363448e+003,6.409464e+001
1.363930e+003,6.408726e+001
1.364413e+003,6.408086e+001
1.364895e+003,6.407532e+001
1.365377e+003,6.407035e+001
1.365859e+003,6.406549e+001
1.366341e+003,6.406030e+001
1.366823e+003,6.405439e+001
1.367305e+003,6.404767e+001
1.367787e+003,6.404028e+001
1.368270e+003,6.403246e+001
1.368752e+003,6.402460e+001
1.369234e+003,6.401695e+001
1.369716e+003,6.400966e+001
1.370198e+003,6.400273e+001
1.370680e+003,6.399606e+001
1.371162e+003,6.398949e+001
1.371644e+003,6.398289e+001
1.372126e+003,6.397616e+001
1.372609e+003,6.396918e+001
1.373091e+003,6.396185e+001
1.373573e+003,6.395412e+001
1.374055e+003,6.394605e+001
1.374537e+003,6.393773e+001
1.375019e+003,6.392933e+001
1.375501e+003,6.392106e+001
1.375984e+003,6.391299e+001
1.376466e+003,6.390505e+001
1.376948e+003,6.389712e+001
1.377430e+003,6.388908e+001
1.377912e+003,6.388088e+001
1.378394e+003,6.387266e+001
1.378876e+003,6.386473e+001
1.379358e+003,6.385740e+001
1.379841e+003,6.385089e+001
1.380323e+003,6.384519e+001
1.380805e+003,6.384005e+001
1.381287e+003,6.383507e+001
1.381769e+003,6.382987e+001
1.382251e+003,6.382417e+001
1.382733e+003,6.381797e+001
1.383215e+003,6.381146e+001
1.383698e+003,6.380497e+001
1.384180e+003,6.379869e+001
1.384662e+003,6.379269e+001
1.385144e+003,6.378680e+001
1.385626e+003,6.378074e+001
1.386108e+003,6.377427e+001
1.386590e+003,6.376731e+001
1.387072e+003,6.375998e+001
1.387554e+003,6.375264e+001
1.388037e+003,6.374567e+001
1.388519e+003,6.373934e+001
1.389001e+003,6.373375e+001
1.389483e+003,6.372879e+001
1.389965e+003,6.372433e+001
1.390447e+003,6.372020e+001
1.390929e+003,6.371633e+001
1.391411e+003,6.371265e+001
1.391894e+003,6.370906e+001
1.392376e+003,6.370547e+001
1.392858e+003,6.370176e+001
1.393340e+003,6.369779e+001
1.393822e+003,6.369359e+001
1.394304e+003,6.368929e+001
1.394786e+003,6.368511e+001
1.395269e+003,6.368127e+001
1.395751e+003,6.367784e+001
1.396233e+003,6.367465e+001
1.396715e+003,6.367141e+001
1.397197e+003,6.366774e+001
1.397679e+003,6.366348e+001
1.398161e+003,6.365863e+001
1.398643e+003,6.365353e+001
1.399125e+003,6.364859e+001
1.399608e+003,6.364427e+001
1.400090e+003,6.364074e+001
1.400572e+003,6.363800e+001
1.401054e+003,6.363583e+001
1.401536e+003,6.363393e+001
1.402018e+003,6.363201e+001
1.402500e+003,6.362989e+001
1.402982e+003,6.362746e+001
1.403465e+003,6.362468e+001
1.403947e+003,6.362156e+001
1.404429e+003,6.361819e+001
1.404911e+003,6.361472e+001
1.405393e+003,6.361138e+001
1.405875e+003,6.360841e+001
1.406357e+003,6.360606e+001
1.406839e+003,6.360436e+001
1.407322e+003,6.360322e+001
1.407804e+003,6.360240e+001
1.408286e+003,6.360160e+001
1.408768e+003,6.360054e+001
1.409250e+003,6.359919e+001
1.409732e+003,6.359768e+001
1.410214e+003,6.359631e+001
1.410697e+003,6.359545e+001
1.411179e+003,6.359539e+001
1.411661e+003,6.359620e+001
1.412143e+003,6.359775e+001
1.412625e+003,6.359971e+001
1.413107e+003,6.360181e+001
1.413589e+003,6.360378e+001
1.414071e+003,6.360550e+001
1.414553e+003,6.360694e+001
1.415036e+003,6.360815e+001
1.415518e+003,6.360910e+001
1.416000e+003,6.360980e+001
1.416482e+003,6.361018e+001
1.416964e+003,6.361028e+001
1.417446e+003,6.361013e+001
1.417928e+003,6.360990e+001
1.418410e+003,6.360968e+001
1.418893e+003,6.360946e+001
1.419375e+003,6.360904e+001
1.419857e+003,6.360815e+001
1.420339e+003,6.360652e+001
1.420821e+003,6.360406e+001
1.421303e+003,6.360086e+001
1.421785e+003,6.359719e+001
1.422267e+003,6.359332e+001
1.422750e+003,6.358944e+001
1.423232e+003,6.358575e+001
1.423714e+003,6.358228e+001
1.424196e+003,6.357903e+001
1.424678e+003,6.357607e+001
1.425160e+003,6.357338e+001
1.425642e+003,6.357101e+001
1.426125e+003,6.356889e+001
1.426607e+003,6.356688e+001
1.427089e+003,6.356466e+001
1.427571e+003,6.356190e+001
1.428053e+003,6.355825e+001
1.428535e+003,6.355356e+001
1.429017e+003,6.354792e+001
1.429499e+003,6.354170e+001
1.429981e+003,6.353540e+001
1.430464e+003,6.352954e+001
1.430946e+003,6.352440e+001
1.431428e+003,6.352002e+001
1.431910e+003,6.351627e+001
1.432392e+003,6.351292e+001
1.432874e+003,6.350976e+001
1.433356e+003,6.350672e+001
1.433838e+003,6.350371e+001
1.434321e+003,6.350062e+001
1.434803e+003,6.349732e+001
1.435285e+003,6.349360e+001
1.435767e+003,6.348922e+001
1.436249e+003,6.348412e+001
1.436731e+003,6.347849e+001
1.437213e+003,6.347272e+001
1.437696e+003,6.346719e+001
1.438177e+003,6.346210e+001
1.438660e+003,6.345736e+001
1.439142e+003,6.345267e+001
1.439624e+003,6.344765e+001
1.440106e+003,6.344199e+001
1.440588e+003,6.343547e+001
1.441070e+003,6.342803e+001
1.441552e+003,6.341975e+001
1.442035e+003,6.341066e+001
1.442517e+003,6.340096e+001
1.442999e+003,6.339067e+001
1.443481e+003,6.337985e+001
1.443963e+003,6.336862e+001
1.444445e+003,6.335701e+001
1.444927e+003,6.334510e+001
1.445409e+003,6.333293e+001
1.445892e+003,6.332042e+001
1.446374e+003,6.330747e+001
1.446856e+003,6.329397e+001
1.447338e+003,6.327992e+001
1.447820e+003,6.326550e+001
1.448302e+003,6.325111e+001
1.448784e+003,6.323721e+001
1.449266e+003,6.322408e+001
1.449749e+003,6.321179e+001
1.450231e+003,6.320015e+001
1.450713e+003,6.318880e+001
1.451195e+003,6.317734e+001
1.451677e+003,6.316555e+001
1.452159e+003,6.315340e+001
1.452641e+003,6.314109e+001
1.453124e+003,6.312888e+001
1.453605e+003,6.311700e+001
1.454088e+003,6.310550e+001
1.454570e+003,6.309426e+001
1.455052e+003,6.308293e+001
1.455534e+003,6.307116e+001
1.456016e+003,6.305879e+001
1.456498e+003,6.304594e+001
1.456980e+003,6.303322e+001
1.457463e+003,6.302131e+001
1.457945e+003,6.301066e+001
1.458427e+003,6.300125e+001
1.458909e+003,6.299279e+001
1.459391e+003,6.298498e+001
1.459873e+003,6.297769e+001
1.460355e+003,6.297092e+001
1.460837e+003,6.296476e+001
1.461320e+003,6.295922e+001
1.461802e+003,6.295424e+001
1.462284e+003,6.294962e+001
1.462766e+003,6.294507e+001
1.463248e+003,6.294033e+001
1.463730e+003,6.293518e+001
1.464212e+003,6.292954e+001
1.464694e+003,6.292340e+001
1.465177e+003,6.291686e+001
1.465659e+003,6.290998e+001
1.466141e+003,6.290278e+001
1.466623e+003,6.289528e+001
1.467105e+003,6.288752e+001
1.467587e+003,6.287960e+001
1.468069e+003,6.287167e+001
1.468552e+003,6.286387e+001
1.469033e+003,6.285627e+001
1.469516e+003,6.284884e+001
1.469998e+003,6.284146e+001
1.470480e+003,6.283393e+001
1.470962e+003,6.282616e+001
1.471444e+003,6.281812e+001
1.471926e+003,6.280999e+001
1.472408e+003,6.280202e+001
1.472891e+003,6.279435e+001
1.473373e+003,6.278687e+001
1.473855e+003,6.277918e+001
1.474337e+003,6.277089e+001
1.474819e+003,6.276165e+001
1.475301e+003,6.275141e+001
1.475783e+003,6.274040e+001
1.476265e+003,6.272896e+001
1.476748e+003,6.271741e+001
1.477230e+003,6.270601e+001
1.477712e+003,6.269480e+001
1.478194e+003,6.268366e+001
1.478676e+003,6.267245e+001
1.479158e+003,6.266099e+001
1.479640e+003,6.264919e+001
1.480122e+003,6.263705e+001
1.480604e+003,6.262463e+001
1.481087e+003,6.261206e+001
1.481569e+003,6.259946e+001
1.482051e+003,6.258704e+001
1.482533e+003,6.257491e+001
1.483015e+003,6.256324e+001
1.483497e+003,6.255210e+001
1.483979e+003,6.254144e+001
1.484461e+003,6.253110e+001
1.484944e+003,6.252072e+001
1.485426e+003,6.250999e+001
1.485908e+003,6.249859e+001
1.486390e+003,6.248633e+001
1.486872e+003,6.247322e+001
1.487354e+003,6.245949e+001
1.487836e+003,6.244532e+001
1.488319e+003,6.243095e+001
1.488801e+003,6.241644e+001
1.489283e+003,6.240174e+001
1.489765e+003,6.238691e+001
1.490247e+003,6.237215e+001
1.490729e+003,6.235785e+001
1.491211e+003,6.234451e+001
1.491693e+003,6.233244e+001
1.492176e+003,6.232167e+001
1.492658e+003,6.231200e+001
1.493140e+003,6.230298e+001
1.493622e+003,6.229408e+001
1.494104e+003,6.228479e+001
1.494586e+003,6.227467e+001
1.495068e+003,6.226343e+001
1.495550e+003,6.225095e+001
1.496032e+003,6.223728e+001
1.496515e+003,6.222265e+001
1.496997e+003,6.220738e+001
1.497479e+003,6.219185e+001
1.497961e+003,6.217647e+001
1.498443e+003,6.216165e+001
1.498925e+003,6.214764e+001
1.499407e+003,6.213461e+001
1.499890e+003,6.212257e+001
1.500372e+003,6.211141e+001
1.500854e+003,6.210094e+001
1.501336e+003,6.209100e+001
1.501818e+003,6.208150e+001
1.502300e+003,6.207244e+001
1.502782e+003,6.206383e+001
1.503264e+003,6.205567e+001
1.503747e+003,6.204777e+001
1.504229e+003,6.203971e+001
1.504711e+003,6.203076e+001
1.505193e+003,6.201990e+001
1.505675e+003,6.200618e+001
1.506157e+003,6.198937e+001
1.506639e+003,6.197054e+001
1.507121e+003,6.195202e+001
1.507604e+003,6.193608e+001
1.508086e+003,6.192364e+001
1.508568e+003,6.191413e+001
1.509050e+003,6.190639e+001
1.509532e+003,6.189924e+001
1.510014e+003,6.189202e+001
1.510496e+003,6.188443e+001
1.510979e+003,6.187641e+001
1.511460e+003,6.186811e+001
1.511943e+003,6.185964e+001
1.512425e+003,6.185114e+001
1.512907e+003,6.184261e+001
1.513389e+003,6.183404e+001
1.513871e+003,6.182533e+001
1.514353e+003,6.181629e+001
1.514835e+003,6.180670e+001
1.515318e+003,6.179626e+001
1.515800e+003,6.178473e+001
1.516282e+003,6.177206e+001
1.516764e+003,6.175853e+001
1.517246e+003,6.174468e+001
1.517728e+003,6.173121e+001
1.518210e+003,6.171859e+001
1.518692e+003,6.170697e+001
1.519175e+003,6.169591e+001
1.519657e+003,6.168464e+001
1.520139e+003,6.167219e+001
1.520621e+003,6.165792e+001
1.521103e+003,6.164180e+001
1.521585e+003,6.162475e+001
1.522067e+003,6.160827e+001
1.522549e+003,6.159366e+001
1.523031e+003,6.158145e+001
1.523514e+003,6.157131e+001
1.523996e+003,6.156236e+001
1.524478e+003,6.155362e+001
1.524960e+003,6.154430e+001
1.525442e+003,6.153412e+001
1.525924e+003,6.152307e+001
1.526406e+003,6.151152e+001
1.526888e+003,6.149985e+001
1.527371e+003,6.148835e+001
1.527853e+003,6.147715e+001
1.528335e+003,6.146625e+001
1.528817e+003,6.145563e+001
1.529299e+003,6.144536e+001
1.529781e+003,6.143555e+001
1.530263e+003,6.142631e+001
1.530746e+003,6.141763e+001
1.531228e+003,6.140927e+001
1.531710e+003,6.140091e+001
1.532192e+003,6.139211e+001
1.532674e+003,6.138263e+001
1.533156e+003,6.137260e+001
1.533638e+003,6.136257e+001
1.534120e+003,6.135329e+001
1.534603e+003,6.134534e+001
1.535085e+003,6.133892e+001
1.535567e+003,6.133383e+001
1.536049e+003,6.132969e+001
1.536531e+003,6.132608e+001
1.537013e+003,6.132264e+001
1.537495e+003,6.131907e+001
1.537977e+003,6.131504e+001
1.538459e+003,6.131015e+001
1.538942e+003,6.130387e+001
1.539424e+003,6.129562e+001
1.539906e+003,6.128525e+001
1.540388e+003,6.127335e+001
1.540870e+003,6.126122e+001
1.541352e+003,6.125018e+001
1.541834e+003,6.124094e+001
1.542316e+003,6.123339e+001
1.542799e+003,6.122697e+001
1.543281e+003,6.122097e+001
1.543763e+003,6.121474e+001
1.544245e+003,6.120803e+001
1.544727e+003,6.120091e+001
1.545209e+003,6.119367e+001
1.545691e+003,6.118659e+001
1.546174e+003,6.117977e+001
1.546656e+003,6.117308e+001
1.547138e+003,6.116622e+001
1.547620e+003,6.115883e+001
1.548102e+003,6.115064e+001
1.548584e+003,6.114163e+001
1.549066e+003,6.113205e+001
1.549548e+003,6.112229e+001
1.550031e+003,6.111281e+001
1.550513e+003,6.110387e+001
1.550995e+003,6.109548e+001
1.551477e+003,6.108741e+001
1.551959e+003,6.107938e+001
1.552441e+003,6.107109e+001
1.552923e+003,6.106245e+001
1.553405e+003,6.105351e+001
1.553887e+003,6.104448e+001
1.554370e+003,6.103555e+001
1.554852e+003,6.102687e+001
1.555334e+003,6.101862e+001
1.555816e+003,6.101076e+001
1.556298e+003,6.100328e+001
1.556780e+003,6.099600e+001
1.557262e+003,6.098850e+001
1.557744e+003,6.097995e+001
1.558227e+003,6.096923e+001
1.558709e+003,6.095547e+001
1.559191e+003,6.093902e+001
1.559673e+003,6.092166e+001
1.560155e+003,6.090533e+001
1.560637e+003,6.089109e+001
1.561119e+003,6.087886e+001
1.561602e+003,6.086800e+001
1.562083e+003,6.085771e+001
1.562566e+003,6.084728e+001
1.563048e+003,6.083617e+001
1.563530e+003,6.082411e+001
1.564012e+003,6.081117e+001
1.564494e+003,6.079772e+001
1.564976e+003,6.078423e+001
1.565458e+003,6.077108e+001
1.565941e+003,6.075841e+001
1.566423e+003,6.074594e+001
1.566905e+003,6.073316e+001
1.567387e+003,6.071950e+001
1.567869e+003,6.070442e+001
1.568351e+003,6.068774e+001
1.568833e+003,6.066972e+001
1.569315e+003,6.065102e+001
1.569798e+003,6.063260e+001
1.570280e+003,6.061530e+001
1.570762e+003,6.059955e+001
1.571244e+003,6.058536e+001
1.571726e+003,6.057244e+001
1.572208e+003,6.056038e+001
1.572690e+003,6.054863e+001
1.573172e+003,6.053669e+001
1.573655e+003,6.052394e+001
1.574137e+003,6.050971e+001
1.574619e+003,6.049345e+001
1.575101e+003,6.047491e+001
1.575583e+003,6.045446e+001
1.576065e+003,6.043320e+001
1.576547e+003,6.041260e+001
1.577030e+003,6.039376e+001
1.577511e+003,6.037710e+001
1.577994e+003,6.036224e+001
1.578476e+003,6.034848e+001
1.578958e+003,6.033512e+001
1.579440e+003,6.032170e+001
1.579922e+003,6.030804e+001
1.580404e+003,6.029419e+001
1.580886e+003,6.028020e+001
1.581369e+003,6.026624e+001
1.581851e+003,6.025233e+001
1.582333e+003,6.023848e+001
1.582815e+003,6.022465e+001
1.583297e+003,6.021082e+001
1.583779e+003,6.019703e+001
1.584261e+003,6.018326e+001
1.584743e+003,6.016946e+001
1.585226e+003,6.015549e+001
1.585708e+003,6.014115e+001
1.586190e+003,6.012637e+001
1.586672e+003,6.011109e+001
1.587154e+003,6.009548e+001
1.587636e+003,6.007986e+001
1.588118e+003,6.006461e+001
1.588600e+003,6.005001e+001
1.589083e+003,6.003624e+001
1.589565e+003,6.002328e+001
1.590047e+003,6.001107e+001
1.590529e+003,5.999945e+001
1.591011e+003,5.998838e+001
1.591493e+003,5.997785e+001
1.591975e+003,5.996787e+001
1.592458e+003,5.995837e+001
1.592939e+003,5.994913e+001
1.593422e+003,5.993989e+001
1.593904e+003,5.993029e+001
1.594386e+003,5.992013e+001
1.594868e+003,5.990931e+001
1.595350e+003,5.989793e+001
1.595832e+003,5.988619e+001
1.596314e+003,5.987423e+001
1.596797e+003,5.986214e+001
1.597279e+003,5.984988e+001
1.597761e+003,5.983735e+001
1.598243e+003,5.982453e+001
1.598725e+003,5.981142e+001
1.599207e+003,5.979818e+001
1.599689e+003,5.978487e+001
1.600171e+003,5.977154e+001
1.600654e+003,5.975810e+001
1.601136e+003,5.974437e+001
1.601618e+003,5.973012e+001
1.602100e+003,5.971525e+001
1.602582e+003,5.969983e+001
1.603064e+003,5.968407e+001
1.603546e+003,5.966825e+001
1.604028e+003,5.965256e+001
1.604510e+003,5.963702e+001
1.604993e+003,5.962152e+001
1.605475e+003,5.960587e+001
1.605957e+003,5.958988e+001
1.606439e+003,5.957352e+001
1.606921e+003,5.955687e+001
1.607403e+003,5.954007e+001
1.607885e+003,5.952321e+001
1.608367e+003,5.950624e+001
1.608850e+003,5.948898e+001
1.609332e+003,5.947120e+001
1.609814e+003,5.945283e+001
1.610296e+003,5.943396e+001
1.610778e+003,5.941492e+001
1.611260e+003,5.939616e+001
1.611742e+003,5.937809e+001
1.612225e+003,5.936093e+001
1.612707e+003,5.934467e+001
1.613189e+003,5.932909e+001
1.613671e+003,5.931380e+001
1.614153e+003,5.929839e+001
1.614635e+003,5.928236e+001
1.615117e+003,5.926534e+001
1.615599e+003,5.924699e+001
1.616082e+003,5.922726e+001
1.616564e+003,5.920644e+001
1.617046e+003,5.918524e+001
1.617528e+003,5.916455e+001
1.618010e+003,5.914513e+001
1.618492e+003,5.912740e+001
1.618974e+003,5.911134e+001
1.619456e+003,5.909655e+001
1.619938e+003,5.908242e+001
1.620421e+003,5.906821e+001
1.620903e+003,5.905315e+001
1.621385e+003,5.903667e+001
1.621867e+003,5.901841e+001
1.622349e+003,5.899854e+001
1.622831e+003,5.897756e+001
1.623313e+003,5.895622e+001
1.623796e+003,5.893524e+001
1.624278e+003,5.891499e+001
1.624760e+003,5.889545e+001
1.625242e+003,5.887632e+001
1.625724e+003,5.885730e+001
1.626206e+003,5.883804e+001
1.626688e+003,5.881837e+001
1.627170e+003,5.879826e+001
1.627653e+003,5.877777e+001
1.628135e+003,5.875703e+001
1.628617e+003,5.873635e+001
1.629099e+003,5.871602e+001
1.629581e+003,5.869641e+001
1.630063e+003,5.867778e+001
1.630545e+003,5.866021e+001
1.631027e+003,5.864363e+001
1.631510e+003,5.862771e+001
1.631992e+003,5.861198e+001
1.632474e+003,5.859581e+001
1.632956e+003,5.857860e+001
1.633438e+003,5.855976e+001
1.633920e+003,5.853881e+001
1.634402e+003,5.851558e+001
1.634885e+003,5.849023e+001
1.635366e+003,5.846355e+001
1.635849e+003,5.843674e+001
1.636331e+003,5.841109e+001
1.636813e+003,5.838741e+001
1.637295e+003,5.836590e+001
1.637777e+003,5.834622e+001
1.638259e+003,5.832774e+001
1.638741e+003,5.830983e+001
1.639224e+003,5.829190e+001
1.639706e+003,5.827352e+001
1.640188e+003,5.825454e+001
1.640670e+003,5.823505e+001
1.641152e+003,5.821543e+001
1.641634e+003,5.819614e+001
1.642116e+003,5.817761e+001
1.642598e+003,5.816003e+001
1.643081e+003,5.814322e+001
1.643563e+003,5.812672e+001
1.644045e+003,5.810974e+001
1.644527e+003,5.809135e+001
1.645009e+003,5.807068e+001
1.645491e+003,5.804725e+001
1.645973e+003,5.802116e+001
1.646455e+003,5.799338e+001
1.646938e+003,5.796559e+001
1.647420e+003,5.793954e+001
1.647902e+003,5.791647e+001
1.648384e+003,5.789673e+001
1.648866e+003,5.788001e+001
1.649348e+003,5.786570e+001
1.649830e+003,5.785302e+001
1.650313e+003,5.784100e+001
1.650794e+003,5.782835e+001
1.651277e+003,5.781326e+001
1.651759e+003,5.779336e+001
1.652241e+003,5.776639e+001
1.652723e+003,5.773181e+001
1.653205e+003,5.769247e+001
1.653687e+003,5.765398e+001
1.654169e+003,5.762119e+001
1.654652e+003,5.759547e+001
1.655134e+003,5.757530e+001
1.655616e+003,5.755829e+001
1.656098e+003,5.754248e+001
1.656580e+003,5.752670e+001
1.657062e+003,5.751042e+001
1.657544e+003,5.749351e+001
1.658026e+003,5.747604e+001
1.658509e+003,5.745806e+001
1.658991e+003,5.743959e+001
1.659473e+003,5.742042e+001
1.659955e+003,5.740029e+001
1.660437e+003,5.737886e+001
1.660919e+003,5.735591e+001
1.661401e+003,5.733132e+001
1.661883e+003,5.730526e+001
1.662365e+003,5.727824e+001
1.662848e+003,5.725106e+001
1.663330e+003,5.722464e+001
1.663812e+003,5.719970e+001
1.664294e+003,5.717679e+001
1.664776e+003,5.715597e+001
1.665258e+003,5.713700e+001
1.665740e+003,5.711935e+001
1.666222e+003,5.710228e+001
1.666705e+003,5.708495e+001
1.667187e+003,5.706649e+001
1.667669e+003,5.704612e+001
1.668151e+003,5.702332e+001
1.668633e+003,5.699811e+001
1.669115e+003,5.697105e+001
1.669597e+003,5.694324e+001
1.670080e+003,5.691589e+001
1.670562e+003,5.688996e+001
1.671044e+003,5.686585e+001
1.671526e+003,5.684347e+001
1.672008e+003,5.682237e+001
1.672490e+003,5.680190e+001
1.672972e+003,5.678129e+001
1.673454e+003,5.675976e+001
1.673937e+003,5.673656e+001
1.674419e+003,5.671138e+001
1.674901e+003,5.668445e+001
1.675383e+003,5.665673e+001
1.675865e+003,5.662961e+001
1.676347e+003,5.660432e+001
1.676829e+003,5.658144e+001
1.677311e+003,5.656078e+001
1.677793e+003,5.654163e+001
1.678276e+003,5.652304e+001
1.678758e+003,5.650423e+001
1.679240e+003,5.648474e+001
1.679722e+003,5.646466e+001
1.680204e+003,5.644441e+001
1.680686e+003,5.642450e+001
1.681168e+003,5.640527e+001
1.681650e+003,5.638649e+001
1.682133e+003,5.636728e+001
1.682615e+003,5.634610e+001
1.683097e+003,5.632123e+001
1.683579e+003,5.629168e+001
1.684061e+003,5.625826e+001
1.684543e+003,5.622358e+001
1.685025e+003,5.619080e+001
1.685508e+003,5.616186e+001
1.685990e+003,5.613686e+001
1.686472e+003,5.611474e+001
1.686954e+003,5.609409e+001
1.687436e+003,5.607384e+001
1.687918e+003,5.605327e+001
1.688400e+003,5.603207e+001
1.688882e+003,5.601027e+001
1.689365e+003,5.598806e+001
1.689847e+003,5.596577e+001
1.690329e+003,5.594377e+001
1.690811e+003,5.592239e+001
1.691293e+003,5.590194e+001
1.691775e+003,5.588251e+001
1.692257e+003,5.586404e+001
1.692739e+003,5.584614e+001
1.693221e+003,5.582810e+001
1.693704e+003,5.580888e+001
1.694186e+003,5.578732e+001
1.694668e+003,5.576242e+001
1.695150e+003,5.573401e+001
1.695632e+003,5.570298e+001
1.696114e+003,5.567125e+001
1.696596e+003,5.564091e+001
1.697078e+003,5.561332e+001
1.697561e+003,5.558851e+001
1.698043e+003,5.556538e+001
1.698525e+003,5.554218e+001
1.699007e+003,5.551715e+001
1.699489e+003,5.548921e+001
1.699971e+003,5.545858e+001
1.700453e+003,5.542685e+001
1.700936e+003,5.539619e+001
1.701417e+003,5.536823e+001
1.701900e+003,5.534333e+001
1.702382e+003,5.532096e+001
1.702864e+003,5.530005e+001
1.703346e+003,5.527952e+001
1.703828e+003,5.525846e+001
1.704310e+003,5.523619e+001
1.704792e+003,5.521234e+001
1.705275e+003,5.518694e+001
1.705757e+003,5.516042e+001
1.706239e+003,5.513347e+001
1.706721e+003,5.510681e+001
1.707203e+003,5.508097e+001
1.707685e+003,5.505606e+001
1.708167e+003,5.503188e+001
1.708649e+003,5.500802e+001
1.709132e+003,5.498405e+001
1.709614e+003,5.495969e+001
1.710096e+003,5.493482e+001
1.710578e+003,5.490960e+001
1.711060e+003,5.488423e+001
1.711542e+003,5.485893e+001
1.712024e+003,5.483376e+001
1.712506e+003,5.480863e+001
1.712989e+003,5.478334e+001
1.713471e+003,5.475774e+001
1.713953e+003,5.473177e+001
1.714435e+003,5.470561e+001
1.714917e+003,5.467955e+001
1.715399e+003,5.465384e+001
1.715881e+003,5.462835e+001
1.716364e+003,5.460259e+001
1.716845e+003,5.457572e+001
1.717328e+003,5.454704e+001
1.717810e+003,5.451659e+001
1.718292e+003,5.448515e+001
1.718774e+003,5.445399e+001
1.719256e+003,5.442414e+001
1.719738e+003,5.439603e+001
1.720220e+003,5.436950e+001
1.720703e+003,5.434402e+001
1.721185e+003,5.431888e+001
1.721667e+003,5.429349e+001
1.722149e+003,5.426746e+001
1.722631e+003,5.424068e+001
1.723113e+003,5.421325e+001
1.723595e+003,5.418537e+001
1.724077e+003,5.415720e+001
1.724560e+003,5.412889e+001
1.725042e+003,5.410044e+001
1.725524e+003,5.407187e+001
1.726006e+003,5.404322e+001
1.726488e+003,5.401451e+001
1.726970e+003,5.398581e+001
1.727452e+003,5.395702e+001
1.727934e+003,5.392798e+001
1.728417e+003,5.389855e+001
1.728899e+003,5.386859e+001
1.729381e+003,5.383825e+001
1.729863e+003,5.380789e+001
1.730345e+003,5.377807e+001
1.730827e+003,5.374929e+001
1.731309e+003,5.372173e+001
1.731792e+003,5.369506e+001
1.732273e+003,5.366843e+001
1.732756e+003,5.364047e+001
1.733238e+003,5.360987e+001
1.733720e+003,5.357612e+001
1.734202e+003,5.353992e+001
1.734684e+003,5.350296e+001
1.735166e+003,5.346700e+001
1.735648e+003,5.343299e+001
1.736131e+003,5.340091e+001
1.736613e+003,5.337009e+001
1.737095e+003,5.333968e+001
1.737577e+003,5.330890e+001
1.738059e+003,5.327726e+001
1.738541e+003,5.324453e+001
1.739023e+003,5.321076e+001
1.739505e+003,5.317622e+001
1.739988e+003,5.314127e+001
1.740470e+003,5.310615e+001
1.740952e+003,5.307109e+001
1.741434e+003,5.303619e+001
1.741916e+003,5.300147e+001
1.742398e+003,5.296694e+001
1.742880e+003,5.293260e+001
1.743362e+003,5.289839e+001
1.743844e+003,5.286422e+001
1.744327e+003,5.282999e+001
1.744809e+003,5.279561e+001
1.745291e+003,5.276107e+001
1.745773e+003,5.272641e+001
1.746255e+003,5.269168e+001
1.746737e+003,5.265691e+001
1.747219e+003,5.262201e+001
1.747702e+003,5.258690e+001
1.748184e+003,5.255141e+001
1.748666e+003,5.251545e+001
1.749148e+003,5.247905e+001
1.749630e+003,5.244232e+001
1.750112e+003,5.240535e+001
1.750594e+003,5.236824e+001
1.751076e+003,5.233096e+001
1.751559e+003,5.229351e+001
1.752041e+003,5.225595e+001
1.752523e+003,5.221833e+001
1.753005e+003,5.218089e+001
1.753487e+003,5.214370e+001
1.753969e+003,5.210673e+001
1.754451e+003,5.206975e+001
1.754933e+003,5.203238e+001
1.755416e+003,5.199419e+001
1.755898e+003,5.195493e+001
1.756380e+003,5.191469e+001
1.756862e+003,5.187400e+001
1.757344e+003,5.183362e+001
1.757826e+003,5.179423e+001
1.758308e+003,5.175614e+001
1.758791e+003,5.171915e+001
1.759272e+003,5.168255e+001
1.759755e+003,5.164541e+001
1.760237e+003,5.160680e+001
1.760719e+003,5.156614e+001
1.761201e+003,5.152338e+001
1.761683e+003,5.147901e+001
1.762165e+003,5.143398e+001
1.762647e+003,5.138925e+001
1.763130e+003,5.134556e+001
1.763612e+003,5.130320e+001
1.764094e+003,5.126208e+001
1.764576e+003,5.122189e+001
1.765058e+003,5.118221e+001
1.765540e+003,5.114257e+001
1.766022e+003,5.110249e+001
1.766504e+003,5.106156e+001
1.766987e+003,5.101951e+001
1.767469e+003,5.097630e+001
1.767951e+003,5.093218e+001
1.768433e+003,5.088767e+001
1.768915e+003,5.084327e+001
1.769397e+003,5.079929e+001
1.769879e+003,5.075566e+001
1.770361e+003,5.071185e+001
1.770844e+003,5.066714e+001
1.771326e+003,5.062087e+001
1.771808e+003,5.057291e+001
1.772290e+003,5.052386e+001
1.772772e+003,5.047483e+001
1.773254e+003,5.042697e+001
1.773736e+003,5.038078e+001
1.774219e+003,5.033615e+001
1.774700e+003,5.029240e+001
1.775183e+003,5.024880e+001
1.775665e+003,5.020479e+001
1.776147e+003,5.016021e+001
1.776629e+003,5.011518e+001
1.777111e+003,5.007001e+001
1.777593e+003,5.002492e+001
1.778075e+003,4.997990e+001
1.778558e+003,4.993469e+001
1.779040e+003,4.988889e+001
1.779522e+003,4.984222e+001
1.780004e+003,4.979464e+001
1.780486e+003,4.974646e+001
1.780968e+003,4.969823e+001
1.781450e+003,4.965039e+001
1.781932e+003,4.960318e+001
1.782415e+003,4.955643e+001
1.782897e+003,4.950977e+001
1.783379e+003,4.946275e+001
1.783861e+003,4.941513e+001
1.784343e+003,4.936692e+001
1.784825e+003,4.931837e+001
1.785307e+003,4.926985e+001
1.785789e+003,4.922163e+001
1.786271e+003,4.917382e+001
1.786754e+003,4.912634e+001
1.787236e+003,4.907908e+001
1.787718e+003,4.903191e+001
1.788200e+003,4.898479e+001
1.788682e+003,4.893764e+001
1.789164e+003,4.889029e+001
1.789646e+003,4.884238e+001
1.790128e+003,4.879328e+001
1.790611e+003,4.874238e+001
1.791093e+003,4.868925e+001
1.791575e+003,4.863400e+001
1.792057e+003,4.857740e+001
1.792539e+003,4.852068e+001
1.793021e+003,4.846503e+001
1.793503e+003,4.841120e+001
1.793986e+003,4.835929e+001
1.794468e+003,4.830891e+001
1.794950e+003,4.825953e+001
1.795432e+003,4.821069e+001
1.795914e+003,4.816211e+001
1.796396e+003,4.811369e+001
1.796878e+003,4.806540e+001
1.797360e+003,4.801706e+001
1.797843e+003,4.796844e+001
1.798325e+003,4.791918e+001
1.798807e+003,4.786897e+001
1.799289e+003,4.781765e+001
1.799771e+003,4.776533e+001
1.800253e+003,4.771228e+001
1.800735e+003,4.765889e+001
1.801217e+003,4.760546e+001
1.801699e+003,4.755212e+001
1.802182e+003,4.749892e+001
1.802664e+003,4.744581e+001
1.803146e+003,4.739284e+001
1.803628e+003,4.734014e+001
1.804110e+003,4.728785e+001
1.804592e+003,4.723607e+001
1.805074e+003,4.718476e+001
1.805556e+003,4.713374e+001
1.806039e+003,4.708280e+001
1.806521e+003,4.703173e+001
1.807003e+003,4.698042e+001
1.807485e+003,4.692890e+001
1.807967e+003,4.687721e+001
1.808449e+003,4.682531e+001
1.808931e+003,4.677303e+001
1.809414e+003,4.672016e+001
1.809896e+003,4.666648e+001
1.810378e+003,4.661197e+001
1.810860e+003,4.655687e+001
1.811342e+003,4.650171e+001
1.811824e+003,4.644705e+001
1.812306e+003,4.639332e+001
1.812788e+003,4.634059e+001
1.813271e+003,4.628865e+001
1.813753e+003,4.623706e+001
1.814235e+003,4.618539e+001
1.814717e+003,4.613336e+001
1.815199e+003,4.608093e+001
1.815681e+003,4.602819e+001
1.816163e+003,4.597529e+001
1.816645e+003,4.592228e+001
1.817127e+003,4.586913e+001
1.817610e+003,4.581566e+001
1.818092e+003,4.576178e+001
1.818574e+003,4.570752e+001
1.819056e+003,4.565304e+001
1.819538e+003,4.559867e+001
1.820020e+003,4.554470e+001
1.820502e+003,4.549130e+001
1.820984e+003,4.543845e+001
1.821467e+003,4.538595e+001
1.821949e+003,4.533356e+001
1.822431e+003,4.528100e+001
1.822913e+003,4.522807e+001
1.823395e+003,4.517467e+001
1.823877e+003,4.512082e+001
1.824359e+003,4.506659e+001
1.824842e+003,4.501221e+001
1.825323e+003,4.495795e+001
1.825806e+003,4.490414e+001
1.826288e+003,4.485110e+001
1.826770e+003,4.479893e+001
1.827252e+003,4.474744e+001
1.827734e+003,4.469614e+001
1.828216e+003,4.464427e+001
1.828698e+003,4.459108e+001
1.829181e+003,4.453609e+001
1.829663e+003,4.447947e+001
1.830145e+003,4.442210e+001
1.830627e+003,4.436520e+001
1.831109e+003,4.430992e+001
1.831591e+003,4.425677e+001
1.832073e+003,4.420559e+001
1.832555e+003,4.415565e+001
1.833038e+003,4.410601e+001
1.833520e+003,4.405595e+001
1.834002e+003,4.400505e+001
1.834484e+003,4.395336e+001
1.834966e+003,4.390119e+001
1.835448e+003,4.384895e+001
1.835930e+003,4.379686e+001
1.836412e+003,4.374495e+001
1.836895e+003,4.369308e+001
1.837377e+003,4.364108e+001
1.837859e+003,4.358903e+001
1.838341e+003,4.353722e+001
1.838823e+003,4.348609e+001
1.839305e+003,4.343600e+001
1.839787e+003,4.338707e+001
1.840270e+003,4.333904e+001
1.840751e+003,4.329136e+001
1.841234e+003,4.324329e+001
1.841716e+003,4.319416e+001
1.842198e+003,4.314342e+001
1.842680e+003,4.309083e+001
1.843162e+003,4.303651e+001
1.843644e+003,4.298087e+001
1.844126e+003,4.292463e+001
1.844609e+003,4.286847e+001
1.845091e+003,4.281313e+001
1.845573e+003,4.275905e+001
1.846055e+003,4.270643e+001
1.846537e+003,4.265518e+001
1.847019e+003,4.260500e+001
1.847501e+003,4.255542e+001
1.847983e+003,4.250597e+001
1.848466e+003,4.245633e+001
1.848948e+003,4.240641e+001
1.849430e+003,4.235635e+001
1.849912e+003,4.230649e+001
1.850394e+003,4.225716e+001
1.850876e+003,4.220848e+001
1.851358e+003,4.216035e+001
1.851840e+003,4.211240e+001
1.852323e+003,4.206422e+001
1.852805e+003,4.201557e+001
1.853287e+003,4.196648e+001
1.853769e+003,4.191721e+001
1.854251e+003,4.186814e+001
1.854733e+003,4.181960e+001
1.855215e+003,4.177162e+001
1.855698e+003,4.172399e+001
1.856179e+003,4.167628e+001
1.856662e+003,4.162812e+001
1.857144e+003,4.157930e+001
1.857626e+003,4.152988e+001
1.858108e+003,4.148005e+001
1.858590e+003,4.143006e+001
1.859072e+003,4.138012e+001
1.859554e+003,4.133023e+001
1.860037e+003,4.128037e+001
1.860519e+003,4.123052e+001
1.861001e+003,4.118082e+001
1.861483e+003,4.113154e+001
1.861965e+003,4.108292e+001
1.862447e+003,4.103511e+001
1.862929e+003,4.098802e+001
1.863411e+003,4.094135e+001
1.863894e+003,4.089474e+001
1.864376e+003,4.084787e+001
1.864858e+003,4.080066e+001
1.865340e+003,4.075323e+001
1.865822e+003,4.070582e+001
1.866304e+003,4.065861e+001
1.866786e+003,4.061158e+001
1.867268e+003,4.056448e+001
1.867750e+003,4.051693e+001
1.868233e+003,4.046870e+001
1.868715e+003,4.041990e+001
1.869197e+003,4.037098e+001
1.869679e+003,4.032259e+001
1.870161e+003,4.027519e+001
1.870643e+003,4.022896e+001
1.871125e+003,4.018362e+001
1.871608e+003,4.013876e+001
1.872090e+003,4.009392e+001
1.872572e+003,4.004890e+001
1.873054e+003,4.000368e+001
1.873536e+003,3.995845e+001
1.874018e+003,3.991339e+001
1.874500e+003,3.986862e+001
1.874982e+003,3.982407e+001
1.875465e+003,3.977959e+001
1.875947e+003,3.973504e+001
1.876429e+003,3.969038e+001
1.876911e+003,3.964571e+001
1.877393e+003,3.960123e+001
1.877875e+003,3.955702e+001
1.878357e+003,3.951303e+001
1.878839e+003,3.946905e+001
1.879322e+003,3.942477e+001
1.879804e+003,3.938005e+001
1.880286e+003,3.933496e+001
1.880768e+003,3.928978e+001
1.881250e+003,3.924498e+001
1.881732e+003,3.920087e+001
1.882214e+003,3.915761e+001
1.882697e+003,3.911502e+001
1.883178e+003,3.907275e+001
1.883661e+003,3.903043e+001
1.884143e+003,3.898785e+001
1.884625e+003,3.894504e+001
1.885107e+003,3.890221e+001
1.885589e+003,3.885958e+001
1.886071e+003,3.881728e+001
1.886553e+003,3.877521e+001
1.887036e+003,3.873312e+001
1.887518e+003,3.869072e+001
1.888000e+003,3.864786e+001
1.888482e+003,3.860461e+001
1.888964e+003,3.856121e+001
1.889446e+003,3.851796e+001
1.889928e+003,3.847510e+001
1.890410e+003,3.843266e+001
1.890893e+003,3.839054e+001
1.891375e+003,3.834859e+001
1.891857e+003,3.830676e+001
1.892339e+003,3.826507e+001
1.892821e+003,3.822366e+001
1.893303e+003,3.818262e+001
1.893785e+003,3.814194e+001
1.894267e+003,3.810152e+001
1.894750e+003,3.806120e+001
1.895232e+003,3.802086e+001
1.895714e+003,3.798056e+001
1.896196e+003,3.794047e+001
1.896678e+003,3.790078e+001
1.897160e+003,3.786161e+001
1.897642e+003,3.782281e+001
1.898125e+003,3.778410e+001
1.898606e+003,3.774510e+001
1.899089e+003,3.770551e+001
1.899571e+003,3.766528e+001
1.900053e+003,3.762457e+001
1.900535e+003,3.758371e+001
1.901017e+003,3.754300e+001
1.901499e+003,3.750257e+001
1.901981e+003,3.746239e+001
1.902464e+003,3.742225e+001
1.902946e+003,3.738198e+001
1.903428e+003,3.734159e+001
1.903910e+003,3.730122e+001
1.904392e+003,3.726121e+001
1.904874e+003,3.722185e+001
1.905356e+003,3.718329e+001
1.905838e+003,3.714544e+001
1.906321e+003,3.710808e+001
1.906803e+003,3.707091e+001
1.907285e+003,3.703370e+001
1.907767e+003,3.699640e+001
1.908249e+003,3.695900e+001
1.908731e+003,3.692155e+001
1.909213e+003,3.688401e+001
1.909695e+003,3.684628e+001
1.910177e+003,3.680822e+001
1.910660e+003,3.676982e+001
1.911142e+003,3.673126e+001
1.911624e+003,3.669284e+001
1.912106e+003,3.665494e+001
1.912588e+003,3.661779e+001
1.913070e+003,3.658146e+001
1.913552e+003,3.654577e+001
1.914034e+003,3.651042e+001
1.914517e+003,3.647519e+001
1.914999e+003,3.643991e+001
1.915481e+003,3.640469e+001
1.915963e+003,3.636963e+001
1.916445e+003,3.633481e+001
1.916927e+003,3.630013e+001
1.917409e+003,3.626532e+001
1.917892e+003,3.623004e+001
1.918374e+003,3.619407e+001
1.918856e+003,3.615749e+001
1.919338e+003,3.612064e+001
1.919820e+003,3.608403e+001
1.920302e+003,3.604805e+001
1.920784e+003,3.601292e+001
1.921266e+003,3.597857e+001
1.921749e+003,3.594470e+001
1.922231e+003,3.591103e+001
1.922713e+003,3.587732e+001
1.923195e+003,3.584356e+001
1.923677e+003,3.580985e+001
1.924159e+003,3.577630e+001
1.924641e+003,3.574289e+001
1.925123e+003,3.570947e+001
1.925605e+003,3.567585e+001
1.926088e+003,3.564190e+001
1.926570e+003,3.560765e+001
1.927052e+003,3.557334e+001
1.927534e+003,3.553934e+001
1.928016e+003,3.550591e+001
1.928498e+003,3.547319e+001
1.928980e+003,3.544106e+001
1.929462e+003,3.540926e+001
1.929945e+003,3.537753e+001
1.930427e+003,3.534570e+001
1.930909e+003,3.531380e+001
1.931391e+003,3.528202e+001
1.931873e+003,3.525052e+001
1.932355e+003,3.521937e+001
1.932837e+003,3.518847e+001
1.933320e+003,3.515764e+001
1.933802e+003,3.512673e+001
1.934284e+003,3.509570e+001
1.934766e+003,3.506467e+001
1.935248e+003,3.503384e+001
1.935730e+003,3.500340e+001
1.936212e+003,3.497330e+001
1.936694e+003,3.494341e+001
1.937177e+003,3.491346e+001
1.937659e+003,3.488319e+001
1.938141e+003,3.485259e+001
1.938623e+003,3.482179e+001
1.939105e+003,3.479107e+001
1.939587e+003,3.476073e+001
1.940069e+003,3.473089e+001
1.940551e+003,3.470155e+001
1.941033e+003,3.467251e+001
1.941516e+003,3.464357e+001
1.941998e+003,3.461468e+001
1.942480e+003,3.458588e+001
1.942962e+003,3.455736e+001
1.943444e+003,3.452926e+001
1.943926e+003,3.450153e+001
1.944408e+003,3.447398e+001
1.944890e+003,3.444632e+001
1.945373e+003,3.441829e+001
1.945855e+003,3.438984e+001
1.946337e+003,3.436116e+001
1.946819e+003,3.433253e+001
1.947301e+003,3.430428e+001
1.947783e+003,3.427659e+001
1.948265e+003,3.424949e+001
1.948748e+003,3.422287e+001
1.949229e+003,3.419660e+001
1.949712e+003,3.417063e+001
1.950194e+003,3.414505e+001
1.950676e+003,3.411996e+001
1.951158e+003,3.409544e+001
1.951640e+003,3.407141e+001
1.952122e+003,3.404761e+001
1.952604e+003,3.402368e+001
1.953087e+003,3.399936e+001
1.953569e+003,3.397456e+001
1.954051e+003,3.394942e+001
1.954533e+003,3.392425e+001
1.955015e+003,3.389936e+001
1.955497e+003,3.387492e+001
1.955979e+003,3.385091e+001
1.956461e+003,3.382718e+001
1.956944e+003,3.380349e+001
1.957426e+003,3.377979e+001
1.957908e+003,3.375615e+001
1.958390e+003,3.373272e+001
1.958872e+003,3.370971e+001
1.959354e+003,3.368716e+001
1.959836e+003,3.366498e+001
1.960318e+003,3.364295e+001
1.960801e+003,3.362083e+001
1.961283e+003,3.359851e+001
1.961765e+003,3.357606e+001
1.962247e+003,3.355362e+001
1.962729e+003,3.353139e+001
1.963211e+003,3.350947e+001
1.963693e+003,3.348788e+001
1.964176e+003,3.346653e+001
1.964657e+003,3.344537e+001
1.965140e+003,3.342444e+001
1.965622e+003,3.340388e+001
1.966104e+003,3.338384e+001
1.966586e+003,3.336437e+001
1.967068e+003,3.334535e+001
1.967550e+003,3.332650e+001
1.968032e+003,3.330746e+001
1.968515e+003,3.328803e+001
1.968997e+003,3.326823e+001
1.969479e+003,3.324834e+001
1.969961e+003,3.322876e+001
1.970443e+003,3.320985e+001
1.970925e+003,3.319175e+001
1.971407e+003,3.317437e+001
1.971889e+003,3.315736e+001
1.972372e+003,3.314039e+001
1.972854e+003,3.312318e+001
1.973336e+003,3.310571e+001
1.973818e+003,3.308809e+001
1.974300e+003,3.307056e+001
1.974782e+003,3.305331e+001
1.975264e+003,3.303640e+001
1.975746e+003,3.301987e+001
1.976229e+003,3.300363e+001
1.976711e+003,3.298772e+001
1.977193e+003,3.297221e+001
1.977675e+003,3.295716e+001
1.978157e+003,3.294259e+001
1.978639e+003,3.292837e+001
1.979121e+003,3.291425e+001
1.979604e+003,3.289995e+001
1.980085e+003,3.288530e+001
1.980568e+003,3.287033e+001
1.981050e+003,3.285533e+001
1.981532e+003,3.284065e+001
1.982014e+003,3.282664e+001
1.982496e+003,3.281345e+001
1.982978e+003,3.280096e+001
1.983460e+003,3.278894e+001
1.983943e+003,3.277708e+001
1.984425e+003,3.276524e+001
1.984907e+003,3.275346e+001
1.985389e+003,3.274191e+001
1.985871e+003,3.273075e+001
1.986353e+003,3.272004e+001
1.986835e+003,3.270966e+001
1.987317e+003,3.269933e+001
1.987800e+003,3.268880e+001
1.988282e+003,3.267793e+001
1.988764e+003,3.266682e+001
1.989246e+003,3.265574e+001
1.989728e+003,3.264497e+001
1.990210e+003,3.263477e+001
1.990692e+003,3.262514e+001
1.991174e+003,3.261594e+001
1.991656e+003,3.260693e+001
1.992139e+003,3.259793e+001
1.992621e+003,3.258889e+001
1.993103e+003,3.257984e+001
1.993585e+003,3.257090e+001
1.994067e+003,3.256215e+001
1.994549e+003,3.255359e+001
1.995031e+003,3.254513e+001
1.995514e+003,3.253670e+001
1.995996e+003,3.252831e+001
1.996478e+003,3.252011e+001
1.996960e+003,3.251224e+001
1.997442e+003,3.250486e+001
1.997924e+003,3.249804e+001
1.998406e+003,3.249169e+001
1.998888e+003,3.248568e+001
1.999371e+003,3.247987e+001
1.999853e+003,3.247423e+001
2.000335e+003,3.246881e+001
2.000817e+003,3.246374e+001
2.001299e+003,3.245906e+001
2.001781e+003,3.245470e+001
2.002263e+003,3.245044e+001
2.002745e+003,3.244602e+001
2.003228e+003,3.244125e+001
2.003710e+003,3.243611e+001
2.004192e+003,3.243081e+001
2.004674e+003,3.242567e+001
2.005156e+003,3.242104e+001
2.005638e+003,3.241710e+001
2.006120e+003,3.241383e+001
2.006603e+003,3.241109e+001
2.007084e+003,3.240865e+001
2.007567e+003,3.240637e+001
2.008049e+003,3.240421e+001
2.008531e+003,3.240226e+001
2.009013e+003,3.240059e+001
2.009495e+003,3.239925e+001
2.009977e+003,3.239817e+001
2.010459e+003,3.239719e+001
2.010942e+003,3.239618e+001
2.011424e+003,3.239510e+001
2.011906e+003,3.239402e+001
2.012388e+003,3.239312e+001
2.012870e+003,3.239255e+001
2.013352e+003,3.239239e+001
2.013834e+003,3.239259e+001
2.014316e+003,3.239306e+001
2.014799e+003,3.239370e+001
2.015281e+003,3.239452e+001
2.015763e+003,3.239559e+001
2.016245e+003,3.239703e+001
2.016727e+003,3.239887e+001
2.017209e+003,3.240099e+001
2.017691e+003,3.240315e+001
2.018173e+003,3.240505e+001
2.018656e+003,3.240652e+001
2.019138e+003,3.240758e+001
2.019620e+003,3.240845e+001
2.020102e+003,3.240947e+001
2.020584e+003,3.241095e+001
2.021066e+003,3.241302e+001
2.021548e+003,3.241560e+001
2.022031e+003,3.241846e+001
2.022512e+003,3.242138e+001
2.022995e+003,3.242424e+001
2.023477e+003,3.242715e+001
2.023959e+003,3.243033e+001
2.024441e+003,3.243405e+001
2.024923e+003,3.243846e+001
2.025405e+003,3.244355e+001
2.025887e+003,3.244913e+001
2.026370e+003,3.245500e+001
2.026852e+003,3.246095e+001
2.027334e+003,3.246693e+001
2.027816e+003,3.247296e+001
2.028298e+003,3.247906e+001
2.028780e+003,3.248522e+001
2.029262e+003,3.249132e+001
2.029744e+003,3.249720e+001
2.030227e+003,3.250272e+001
2.030709e+003,3.250790e+001
2.031191e+003,3.251290e+001
2.031673e+003,3.251801e+001
2.032155e+003,3.252349e+001
2.032637e+003,3.252950e+001
2.033119e+003,3.253604e+001
2.033601e+003,3.254295e+001
2.034083e+003,3.255007e+001
2.034566e+003,3.255733e+001
2.035048e+003,3.256477e+001
2.035530e+003,3.257251e+001
2.036012e+003,3.258067e+001
2.036494e+003,3.258931e+001
2.036976e+003,3.259828e+001
2.037458e+003,3.260738e+001
2.037940e+003,3.261637e+001
2.038423e+003,3.262512e+001
2.038905e+003,3.263363e+001
2.039387e+003,3.264202e+001
2.039869e+003,3.265043e+001
2.040351e+003,3.265893e+001
2.040833e+003,3.266749e+001
2.041315e+003,3.267595e+001
2.041798e+003,3.268421e+001
2.042280e+003,3.269223e+001
2.042762e+003,3.270012e+001
2.043244e+003,3.270813e+001
2.043726e+003,3.271648e+001
2.044208e+003,3.272533e+001
2.044690e+003,3.273470e+001
2.045172e+003,3.274444e+001
2.045655e+003,3.275442e+001
2.046137e+003,3.276451e+001
2.046619e+003,3.277470e+001
2.047101e+003,3.278500e+001
2.047583e+003,3.279548e+001
2.048065e+003,3.280604e+001
2.048547e+003,3.281652e+001
2.049029e+003,3.282673e+001
2.049511e+003,3.283648e+001
2.049994e+003,3.284578e+001
2.050476e+003,3.285482e+001
2.050958e+003,3.286393e+001
2.051440e+003,3.287344e+001
2.051922e+003,3.288364e+001
2.052404e+003,3.289456e+001
2.052886e+003,3.290608e+001
2.053368e+003,3.291798e+001
2.053851e+003,3.293001e+001
2.054333e+003,3.294205e+001
2.054815e+003,3.295403e+001
2.055297e+003,3.296595e+001
2.055779e+003,3.297783e+001
2.056261e+003,3.298969e+001
2.056743e+003,3.300150e+001
2.057226e+003,3.301326e+001
2.057708e+003,3.302509e+001
2.058190e+003,3.303711e+001
2.058672e+003,3.304949e+001
2.059154e+003,3.306227e+001
2.059636e+003,3.307538e+001
2.060118e+003,3.308858e+001
2.060600e+003,3.310158e+001
2.061083e+003,3.311413e+001
2.061565e+003,3.312614e+001
2.062047e+003,3.313777e+001
2.062529e+003,3.314930e+001
2.063011e+003,3.316107e+001
2.063493e+003,3.317331e+001
2.063975e+003,3.318609e+001
2.064457e+003,3.319931e+001
2.064939e+003,3.321274e+001
2.065422e+003,3.322618e+001
2.065904e+003,3.323952e+001
2.066386e+003,3.325267e+001
2.066868e+003,3.326560e+001
2.067350e+003,3.327827e+001
2.067832e+003,3.329054e+001
2.068314e+003,3.330233e+001
2.068796e+003,3.331358e+001
2.069279e+003,3.332433e+001
2.069761e+003,3.333481e+001
2.070243e+003,3.334526e+001
2.070725e+003,3.335596e+001
2.071207e+003,3.336705e+001
2.071689e+003,3.337852e+001
2.072171e+003,3.339028e+001
2.072654e+003,3.340216e+001
2.073135e+003,3.341410e+001
2.073618e+003,3.342614e+001
2.074100e+003,3.343840e+001
2.074582e+003,3.345099e+001
2.075064e+003,3.346394e+001
2.075546e+003,3.347711e+001
2.076028e+003,3.349030e+001
2.076510e+003,3.350325e+001
2.076993e+003,3.351583e+001
2.077475e+003,3.352801e+001
2.077957e+003,3.353991e+001
2.078439e+003,3.355164e+001
2.078921e+003,3.356335e+001
2.079403e+003,3.357505e+001
2.079885e+003,3.358665e+001
2.080367e+003,3.359808e+001
2.080850e+003,3.360934e+001
2.081332e+003,3.362051e+001
2.081814e+003,3.363176e+001
2.082296e+003,3.364324e+001
2.082778e+003,3.365506e+001
2.083260e+003,3.366716e+001
2.083742e+003,3.367941e+001
2.084224e+003,3.369159e+001
2.084707e+003,3.370359e+001
2.085189e+003,3.371532e+001
2.085671e+003,3.372681e+001
2.086153e+003,3.373810e+001
2.086635e+003,3.374916e+001
2.087117e+003,3.375996e+001
2.087599e+003,3.377041e+001
2.088082e+003,3.378046e+001
2.088563e+003,3.379020e+001
2.089046e+003,3.379979e+001
2.089528e+003,3.380950e+001
2.090010e+003,3.381953e+001
2.090492e+003,3.382997e+001
2.090974e+003,3.384072e+001
2.091456e+003,3.385154e+001
2.091938e+003,3.386217e+001
2.092421e+003,3.387241e+001
2.092903e+003,3.388219e+001
2.093385e+003,3.389157e+001
2.093867e+003,3.390067e+001
2.094349e+003,3.390960e+001
2.094831e+003,3.391841e+001
2.095313e+003,3.392708e+001
2.095795e+003,3.393563e+001
2.096278e+003,3.394415e+001
2.096760e+003,3.395281e+001
2.097242e+003,3.396186e+001
2.097724e+003,3.397151e+001
2.098206e+003,3.398184e+001
2.098688e+003,3.399273e+001
2.099170e+003,3.400393e+001
2.099652e+003,3.401514e+001
2.100135e+003,3.402608e+001
2.100617e+003,3.403659e+001
2.101099e+003,3.404665e+001
2.101581e+003,3.405629e+001
2.102063e+003,3.406557e+001
2.102545e+003,3.407451e+001
2.103027e+003,3.408312e+001
2.103510e+003,3.409138e+001
2.103991e+003,3.409936e+001
2.104474e+003,3.410724e+001
2.104956e+003,3.411521e+001
2.105438e+003,3.412344e+001
2.105920e+003,3.413198e+001
2.106402e+003,3.414075e+001
2.106884e+003,3.414956e+001
2.107366e+003,3.415819e+001
2.107849e+003,3.416651e+001
2.108331e+003,3.417449e+001
2.108813e+003,3.418227e+001
2.109295e+003,3.418999e+001
2.109777e+003,3.419778e+001
2.110259e+003,3.420567e+001
2.110741e+003,3.421356e+001
2.111223e+003,3.422133e+001
2.111706e+003,3.422889e+001
2.112188e+003,3.423619e+001
2.112670e+003,3.424329e+001
2.113152e+003,3.425024e+001
2.113634e+003,3.425712e+001
2.114116e+003,3.426392e+001
2.114598e+003,3.427055e+001
2.115080e+003,3.427698e+001
2.115563e+003,3.428320e+001
2.116045e+003,3.428927e+001
2.116527e+003,3.429530e+001
2.117009e+003,3.430138e+001
2.117491e+003,3.430751e+001
2.117973e+003,3.431356e+001
2.118455e+003,3.431936e+001
2.118938e+003,3.432475e+001
2.119420e+003,3.432964e+001
2.119902e+003,3.433410e+001
2.120384e+003,3.433832e+001
2.120866e+003,3.434251e+001
2.121348e+003,3.434682e+001
2.121830e+003,3.435131e+001
2.122312e+003,3.435589e+001
2.122794e+003,3.436046e+001
2.123277e+003,3.436491e+001
2.123759e+003,3.436924e+001
2.124241e+003,3.437353e+001
2.124723e+003,3.437788e+001
2.125205e+003,3.438237e+001
2.125687e+003,3.438705e+001
2.126169e+003,3.439189e+001
2.126651e+003,3.439686e+001
2.127134e+003,3.440197e+001
2.127616e+003,3.440728e+001
2.128098e+003,3.441286e+001
2.128580e+003,3.441873e+001
2.129062e+003,3.442482e+001
2.129544e+003,3.443090e+001
2.130026e+003,3.443671e+001
2.130509e+003,3.444202e+001
2.130990e+003,3.444672e+001
2.131473e+003,3.445088e+001
2.131955e+003,3.445473e+001
2.132437e+003,3.445856e+001
2.132919e+003,3.446257e+001
2.133401e+003,3.446690e+001
2.133883e+003,3.447149e+001
2.134365e+003,3.447620e+001
2.134848e+003,3.448087e+001
2.135330e+003,3.448539e+001
2.135812e+003,3.448971e+001
2.136294e+003,3.449378e+001
2.136776e+003,3.449763e+001
2.137258e+003,3.450122e+001
2.137740e+003,3.450451e+001
2.138222e+003,3.450749e+001
2.138705e+003,3.451024e+001
2.139187e+003,3.451293e+001
2.139669e+003,3.451573e+001
2.140151e+003,3.451885e+001
2.140633e+003,3.452236e+001
2.141115e+003,3.452622e+001
2.141597e+003,3.453029e+001
2.142079e+003,3.453440e+001
2.142562e+003,3.453841e+001
2.143044e+003,3.454227e+001
2.143526e+003,3.454595e+001
2.144008e+003,3.454944e+001
2.144490e+003,3.455271e+001
2.144972e+003,3.455563e+001
2.145454e+003,3.455808e+001
2.145937e+003,3.455997e+001
2.146418e+003,3.456137e+001
2.146901e+003,3.456245e+001
2.147383e+003,3.456353e+001
2.147865e+003,3.456490e+001
2.148347e+003,3.456674e+001
2.148829e+003,3.456909e+001
2.149311e+003,3.457179e+001
2.149793e+003,3.457462e+001
2.150276e+003,3.457739e+001
2.150758e+003,3.457995e+001
2.151240e+003,3.458231e+001
2.151722e+003,3.458450e+001
2.152204e+003,3.458661e+001
2.152686e+003,3.458866e+001
2.153168e+003,3.459064e+001
2.153650e+003,3.459253e+001
2.154133e+003,3.459436e+001
2.154615e+003,3.459623e+001
2.155097e+003,3.459825e+001
2.155579e+003,3.460049e+001
2.156061e+003,3.460297e+001
2.156543e+003,3.460555e+001
2.157025e+003,3.460804e+001
2.157507e+003,3.461024e+001
2.157990e+003,3.461204e+001
2.158472e+003,3.461345e+001
2.158954e+003,3.461461e+001
2.159436e+003,3.461570e+001
2.159918e+003,3.461690e+001
2.160400e+003,3.461827e+001
2.160882e+003,3.461980e+001
2.161365e+003,3.462145e+001
2.161846e+003,3.462318e+001
2.162329e+003,3.462503e+001
2.162811e+003,3.462701e+001
2.163293e+003,3.462921e+001
2.163775e+003,3.463158e+001
2.164257e+003,3.463408e+001
2.164739e+003,3.463654e+001
2.165221e+003,3.463884e+001
2.165704e+003,3.464096e+001
2.166186e+003,3.464297e+001
2.166668e+003,3.464500e+001
2.167150e+003,3.464719e+001
2.167632e+003,3.464957e+001
2.168114e+003,3.465206e+001
2.168596e+003,3.465445e+001
2.169078e+003,3.465652e+001
2.169561e+003,3.465812e+001
2.170043e+003,3.465923e+001
2.170525e+003,3.465998e+001
2.171007e+003,3.466056e+001
2.171489e+003,3.466118e+001
2.171971e+003,3.466197e+001
2.172453e+003,3.466296e+001
2.172935e+003,3.466412e+001
2.173417e+003,3.466542e+001
2.173900e+003,3.466682e+001
2.174382e+003,3.466835e+001
2.174864e+003,3.467001e+001
2.175346e+003,3.467174e+001
2.175828e+003,3.467344e+001
2.176310e+003,3.467493e+001
2.176792e+003,3.467614e+001
2.177274e+003,3.467699e+001
2.177757e+003,3.467762e+001
2.178239e+003,3.467816e+001
2.178721e+003,3.467882e+001
2.179203e+003,3.467972e+001
2.179685e+003,3.468085e+001
2.180167e+003,3.468212e+001
2.180649e+003,3.468340e+001
2.181132e+003,3.468459e+001
2.181614e+003,3.468567e+001
2.182096e+003,3.468677e+001
2.182578e+003,3.468797e+001
2.183060e+003,3.468936e+001
2.183542e+003,3.469093e+001
2.184024e+003,3.469256e+001
2.184506e+003,3.469411e+001
2.184989e+003,3.469548e+001
2.185471e+003,3.469666e+001
2.185953e+003,3.469772e+001
2.186435e+003,3.469878e+001
2.186917e+003,3.469994e+001
2.187399e+003,3.470125e+001
2.187881e+003,3.470270e+001
2.188363e+003,3.470419e+001
2.188845e+003,3.470571e+001
2.189328e+003,3.470726e+001
2.189810e+003,3.470890e+001
2.190292e+003,3.471068e+001
2.190774e+003,3.471262e+001
2.191256e+003,3.471466e+001
2.191738e+003,3.471672e+001
2.192220e+003,3.471870e+001
2.192702e+003,3.472056e+001
2.193185e+003,3.472236e+001
2.193667e+003,3.472424e+001
2.194149e+003,3.472630e+001
2.194631e+003,3.472859e+001
2.195113e+003,3.473104e+001
2.195595e+003,3.473347e+001
2.196077e+003,3.473570e+001
2.196560e+003,3.473759e+001
2.197042e+003,3.473912e+001
2.197524e+003,3.474036e+001
2.198006e+003,3.474144e+001
2.198488e+003,3.474250e+001
2.198970e+003,3.474355e+001
2.199452e+003,3.474457e+001
2.199934e+003,3.474547e+001
2.200417e+003,3.474623e+001
2.200899e+003,3.474687e+001
2.201381e+003,3.474751e+001
2.201863e+003,3.474829e+001
2.202345e+003,3.474934e+001
2.202827e+003,3.475070e+001
2.203309e+003,3.475237e+001
2.203791e+003,3.475427e+001
2.204273e+003,3.475636e+001
2.204756e+003,3.475859e+001
2.205238e+003,3.476097e+001
2.205720e+003,3.476347e+001
2.206202e+003,3.476601e+001
2.206684e+003,3.476844e+001
2.207166e+003,3.477060e+001
2.207648e+003,3.477234e+001
2.208130e+003,3.477365e+001
2.208613e+003,3.477469e+001
2.209095e+003,3.477568e+001
2.209577e+003,3.477689e+001
2.210059e+003,3.477853e+001
2.210541e+003,3.478066e+001
2.211023e+003,3.478321e+001
2.211505e+003,3.478600e+001
2.211988e+003,3.478888e+001
2.212469e+003,3.479170e+001
2.212952e+003,3.479444e+001
2.213434e+003,3.479710e+001
2.213916e+003,3.479969e+001
2.214398e+003,3.480219e+001
2.214880e+003,3.480451e+001
2.215362e+003,3.480658e+001
2.215844e+003,3.480836e+001
2.216327e+003,3.480986e+001
2.216809e+003,3.481120e+001
2.217291e+003,3.481247e+001
2.217773e+003,3.481379e+001
2.218255e+003,3.481520e+001
2.218737e+003,3.481668e+001
2.219219e+003,3.481823e+001
2.219701e+003,3.481989e+001
2.220184e+003,3.482170e+001
2.220666e+003,3.482380e+001
2.221148e+003,3.482623e+001
2.221630e+003,3.482898e+001
2.222112e+003,3.483190e+001
2.222594e+003,3.483480e+001
2.223076e+003,3.483744e+001
2.223558e+003,3.483969e+001
2.224041e+003,3.484157e+001
2.224523e+003,3.484319e+001
2.225005e+003,3.484474e+001
2.225487e+003,3.484637e+001
2.225969e+003,3.484814e+001
2.226451e+003,3.485001e+001
2.226933e+003,3.485187e+001
2.227416e+003,3.485363e+001
2.227897e+003,3.485527e+001
2.228380e+003,3.485686e+001
2.228862e+003,3.485854e+001
2.229344e+003,3.486040e+001
2.229826e+003,3.486251e+001
2.230308e+003,3.486480e+001
2.230790e+003,3.486716e+001
2.231272e+003,3.486946e+001
2.231755e+003,3.487160e+001
2.232237e+003,3.487356e+001
2.232719e+003,3.487533e+001
2.233201e+003,3.487697e+001
2.233683e+003,3.487851e+001
2.234165e+003,3.487999e+001
2.234647e+003,3.488144e+001
2.235129e+003,3.488293e+001
2.235612e+003,3.488453e+001
2.236094e+003,3.488633e+001
2.236576e+003,3.488834e+001
2.237058e+003,3.489050e+001
2.237540e+003,3.489265e+001
2.238022e+003,3.489462e+001
2.238504e+003,3.489623e+001
2.238986e+003,3.489745e+001
2.239469e+003,3.489838e+001
2.239951e+003,3.489922e+001
2.240433e+003,3.490022e+001
2.240915e+003,3.490157e+001
2.241397e+003,3.490334e+001
2.241879e+003,3.490551e+001
2.242361e+003,3.490794e+001
2.242844e+003,3.491055e+001
2.243326e+003,3.491324e+001
2.243808e+003,3.491600e+001
2.244290e+003,3.491882e+001
2.244772e+003,3.492165e+001
2.245254e+003,3.492443e+001
2.245736e+003,3.492699e+001
2.246218e+003,3.492923e+001
2.246700e+003,3.493107e+001
2.247183e+003,3.493254e+001
2.247665e+003,3.493377e+001
2.248147e+003,3.493488e+001
2.248629e+003,3.493596e+001
2.249111e+003,3.493704e+001
2.249593e+003,3.493804e+001
2.250075e+003,3.493891e+001
2.250557e+003,3.493961e+001
2.251040e+003,3.494024e+001
2.251522e+003,3.494094e+001
2.252004e+003,3.494196e+001
2.252486e+003,3.494342e+001
2.252968e+003,3.494535e+001
2.253450e+003,3.494765e+001
2.253932e+003,3.495013e+001
2.254415e+003,3.495257e+001
2.254896e+003,3.495478e+001
2.255379e+003,3.495668e+001
2.255861e+003,3.495823e+001
2.256343e+003,3.495945e+001
2.256825e+003,3.496034e+001
2.257307e+003,3.496090e+001
2.257789e+003,3.496116e+001
2.258271e+003,3.496120e+001
2.258754e+003,3.496119e+001
2.259236e+003,3.496134e+001
2.259718e+003,3.496185e+001
2.260200e+003,3.496286e+001
2.260682e+003,3.496439e+001
2.261164e+003,3.496635e+001
2.261646e+003,3.496856e+001
2.262128e+003,3.497086e+001
2.262611e+003,3.497311e+001
2.263093e+003,3.497525e+001
2.263575e+003,3.497728e+001
2.264057e+003,3.497915e+001
2.264539e+003,3.498083e+001
2.265021e+003,3.498226e+001
2.265503e+003,3.498334e+001
2.265985e+003,3.498407e+001
2.266468e+003,3.498443e+001
2.266950e+003,3.498452e+001
2.267432e+003,3.498441e+001
2.267914e+003,3.498416e+001
2.268396e+003,3.498378e+001
2.268878e+003,3.498325e+001
2.269360e+003,3.498258e+001
2.269843e+003,3.498182e+001
2.270324e+003,3.498111e+001
2.270807e+003,3.498064e+001
2.271289e+003,3.498058e+001
2.271771e+003,3.498101e+001
2.272253e+003,3.498191e+001
2.272735e+003,3.498310e+001
2.273217e+003,3.498435e+001
2.273699e+003,3.498548e+001
2.274182e+003,3.498635e+001
2.274664e+003,3.498697e+001
2.275146e+003,3.498737e+001
2.275628e+003,3.498761e+001
2.276110e+003,3.498775e+001
2.276592e+003,3.498775e+001
2.277074e+003,3.498758e+001
2.277556e+003,3.498723e+001
2.278039e+003,3.498670e+001
2.278521e+003,3.498608e+001
2.279003e+003,3.498542e+001
2.279485e+003,3.498478e+001
2.279967e+003,3.498413e+001
2.280449e+003,3.498342e+001
2.280931e+003,3.498259e+001
2.281413e+003,3.498163e+001
2.281896e+003,3.498058e+001
2.282378e+003,3.497955e+001
2.282860e+003,3.497868e+001
2.283342e+003,3.497803e+001
2.283824e+003,3.497765e+001
2.284306e+003,3.497750e+001
2.284788e+003,3.497751e+001
2.285271e+003,3.497768e+001
2.285752e+003,3.497804e+001
2.286235e+003,3.497865e+001
2.286717e+003,3.497954e+001
2.287199e+003,3.498070e+001
2.287681e+003,3.498199e+001
2.288163e+003,3.498320e+001
2.288645e+003,3.498409e+001
2.289127e+003,3.498457e+001
2.289610e+003,3.498463e+001
2.290092e+003,3.498442e+001
2.290574e+003,3.498416e+001
2.291056e+003,3.498408e+001
2.291538e+003,3.498433e+001
2.292020e+003,3.498496e+001
2.292502e+003,3.498592e+001
2.292984e+003,3.498714e+001
2.293467e+003,3.498857e+001
2.293949e+003,3.499017e+001
2.294431e+003,3.499195e+001
2.294913e+003,3.499387e+001
2.295395e+003,3.499585e+001
2.295877e+003,3.499777e+001
2.296359e+003,3.499950e+001
2.296841e+003,3.500098e+001
2.297323e+003,3.500225e+001
2.297806e+003,3.500341e+001
2.298288e+003,3.500459e+001
2.298770e+003,3.500594e+001
2.299252e+003,3.500748e+001
2.299734e+003,3.500914e+001
2.300216e+003,3.501081e+001
2.300698e+003,3.501238e+001
2.301180e+003,3.501377e+001
2.301663e+003,3.501500e+001
2.302145e+003,3.501611e+001
2.302627e+003,3.501713e+001
2.303109e+003,3.501815e+001
2.303591e+003,3.501916e+001
2.304073e+003,3.502020e+001
2.304555e+003,3.502138e+001
2.305038e+003,3.502284e+001
2.305520e+003,3.502476e+001
2.306002e+003,3.502729e+001
2.306484e+003,3.503044e+001
2.306966e+003,3.503408e+001
2.307448e+003,3.503798e+001
2.307930e+003,3.504181e+001
2.308412e+003,3.504534e+001
2.308895e+003,3.504844e+001
2.309377e+003,3.505116e+001
2.309859e+003,3.505364e+001
2.310341e+003,3.505603e+001
2.310823e+003,3.505844e+001
2.311305e+003,3.506089e+001
2.311787e+003,3.506335e+001
2.312269e+003,3.506578e+001
2.312751e+003,3.506821e+001
2.313234e+003,3.507070e+001
2.313716e+003,3.507332e+001
2.314198e+003,3.507613e+001
2.314680e+003,3.507909e+001
2.315162e+003,3.508210e+001
2.315644e+003,3.508509e+001
2.316126e+003,3.508808e+001
2.316608e+003,3.509122e+001
2.317091e+003,3.509480e+001
2.317573e+003,3.509910e+001
2.318055e+003,3.510429e+001
2.318537e+003,3.511039e+001
2.319019e+003,3.511715e+001
2.319501e+003,3.512421e+001
2.319983e+003,3.513121e+001
2.320466e+003,3.513790e+001
2.320948e+003,3.514416e+001
2.321430e+003,3.515000e+001
2.321912e+003,3.515544e+001
2.322394e+003,3.516043e+001
2.322876e+003,3.516479e+001
2.323358e+003,3.516832e+001
2.323840e+003,3.517093e+001
2.324323e+003,3.517265e+001
2.324805e+003,3.517374e+001
2.325287e+003,3.517452e+001
2.325769e+003,3.517526e+001
2.326251e+003,3.517613e+001
2.326733e+003,3.517712e+001
2.327215e+003,3.517810e+001
2.327697e+003,3.517905e+001
2.328179e+003,3.518000e+001
2.328662e+003,3.518115e+001
2.329144e+003,3.518272e+001
2.329626e+003,3.518485e+001
2.330108e+003,3.518749e+001
2.330590e+003,3.519037e+001
2.331072e+003,3.519311e+001
2.331554e+003,3.519543e+001
2.332036e+003,3.519720e+001
2.332519e+003,3.519848e+001
2.333001e+003,3.519939e+001
2.333483e+003,3.520000e+001
2.333965e+003,3.520018e+001
2.334447e+003,3.519958e+001
2.334929e+003,3.519783e+001
2.335411e+003,3.519469e+001
2.335894e+003,3.519022e+001
2.336375e+003,3.518483e+001
2.336858e+003,3.517924e+001
2.337340e+003,3.517427e+001
2.337822e+003,3.517073e+001
2.338304e+003,3.516917e+001
2.338786e+003,3.516993e+001
2.339268e+003,3.517310e+001
2.339750e+003,3.517849e+001
2.340233e+003,3.518566e+001
2.340715e+003,3.519380e+001
2.341197e+003,3.520183e+001
2.341679e+003,3.520847e+001
2.342161e+003,3.521236e+001
2.342643e+003,3.521241e+001
2.343125e+003,3.520800e+001
2.343607e+003,3.519894e+001
2.344090e+003,3.518554e+001
2.344572e+003,3.516843e+001
2.345054e+003,3.514844e+001
2.345536e+003,3.512656e+001
2.346018e+003,3.510385e+001
2.346500e+003,3.508147e+001
2.346982e+003,3.506068e+001
2.347464e+003,3.504262e+001
2.347947e+003,3.502835e+001
2.348429e+003,3.501866e+001
2.348911e+003,3.501402e+001
2.349393e+003,3.501456e+001
2.349875e+003,3.502005e+001
2.350357e+003,3.502991e+001
2.350839e+003,3.504332e+001
2.351322e+003,3.505931e+001
2.351803e+003,3.507687e+001
2.352286e+003,3.509510e+001
2.352768e+003,3.511333e+001
2.353250e+003,3.513112e+001
2.353732e+003,3.514824e+001
2.354214e+003,3.516455e+001
2.354696e+003,3.518002e+001
2.355178e+003,3.519461e+001
2.355661e+003,3.520824e+001
2.356143e+003,3.522075e+001
2.356625e+003,3.523183e+001
2.357107e+003,3.524105e+001
2.357589e+003,3.524796e+001
2.358071e+003,3.525218e+001
2.358553e+003,3.525365e+001
2.359035e+003,3.525264e+001
2.359518e+003,3.524976e+001
2.360000e+003,3.524555e+001
2.360482e+003,3.524052e+001
2.360964e+003,3.523490e+001
2.361446e+003,3.522865e+001
2.361928e+003,3.522176e+001
2.362410e+003,3.521439e+001
2.362892e+003,3.520690e+001
2.363375e+003,3.519980e+001
2.363857e+003,3.519330e+001
2.364339e+003,3.518718e+001
2.364821e+003,3.518077e+001
2.365303e+003,3.517288e+001
2.365785e+003,3.516243e+001
2.366267e+003,3.514867e+001
2.366750e+003,3.513158e+001
2.367232e+003,3.511163e+001
2.367714e+003,3.508971e+001
2.368196e+003,3.506680e+001
2.368678e+003,3.504367e+001
2.369160e+003,3.502077e+001
2.369642e+003,3.499831e+001
2.370124e+003,3.497642e+001
2.370606e+003,3.495514e+001
2.371089e+003,3.493454e+001
2.371571e+003,3.491462e+001
2.372053e+003,3.489528e+001
2.372535e+003,3.487633e+001
2.373017e+003,3.485756e+001
2.373499e+003,3.483879e+001
2.373981e+003,3.482005e+001
2.374463e+003,3.480146e+001
2.374946e+003,3.478331e+001
2.375428e+003,3.476577e+001
2.375910e+003,3.474895e+001
2.376392e+003,3.473273e+001
2.376874e+003,3.471686e+001
2.377356e+003,3.470108e+001
2.377838e+003,3.468518e+001
2.378321e+003,3.466907e+001
2.378802e+003,3.465282e+001
2.379285e+003,3.463653e+001
2.379767e+003,3.462033e+001
2.380249e+003,3.460429e+001
2.380731e+003,3.458845e+001
2.381213e+003,3.457283e+001
2.381695e+003,3.455753e+001
2.382177e+003,3.454271e+001
2.382660e+003,3.452856e+001
2.383142e+003,3.451526e+001
2.383624e+003,3.450296e+001
2.384106e+003,3.449166e+001
2.384588e+003,3.448127e+001
2.385070e+003,3.447163e+001
2.385552e+003,3.446259e+001
2.386034e+003,3.445407e+001
2.386517e+003,3.444604e+001
2.386999e+003,3.443853e+001
2.387481e+003,3.443158e+001
2.387963e+003,3.442518e+001
2.388445e+003,3.441928e+001
2.388927e+003,3.441380e+001
2.389409e+003,3.440866e+001
2.389891e+003,3.440379e+001
2.390374e+003,3.439915e+001
2.390856e+003,3.439470e+001
2.391338e+003,3.439038e+001
2.391820e+003,3.438611e+001
2.392302e+003,3.438182e+001
2.392784e+003,3.437742e+001
2.393266e+003,3.437294e+001
2.393749e+003,3.436848e+001
2.394230e+003,3.436416e+001
2.394713e+003,3.436010e+001
2.395195e+003,3.435635e+001
2.395677e+003,3.435284e+001
2.396159e+003,3.434942e+001
2.396641e+003,3.434589e+001
2.397123e+003,3.434210e+001
2.397605e+003,3.433798e+001
2.398088e+003,3.433360e+001
2.398570e+003,3.432907e+001
2.399052e+003,3.432453e+001
2.399534e+003,3.432008e+001
2.400016e+003,3.431574e+001
2.400498e+003,3.431147e+001
2.400980e+003,3.430724e+001
2.401462e+003,3.430305e+001
2.401945e+003,3.429892e+001
2.402427e+003,3.429488e+001
2.402909e+003,3.429100e+001
2.403391e+003,3.428725e+001
2.403873e+003,3.428356e+001
2.404355e+003,3.427985e+001
2.404837e+003,3.427601e+001
2.405319e+003,3.427200e+001
2.405802e+003,3.426781e+001
2.406284e+003,3.426344e+001
2.406766e+003,3.425889e+001
2.407248e+003,3.425414e+001
2.407730e+003,3.424911e+001
2.408212e+003,3.424377e+001
2.408694e+003,3.423809e+001
2.409177e+003,3.423215e+001
2.409658e+003,3.422603e+001
2.410141e+003,3.421989e+001
2.410623e+003,3.421382e+001
2.411105e+003,3.420789e+001
2.411587e+003,3.420212e+001
2.412069e+003,3.419651e+001
2.412551e+003,3.419106e+001
2.413033e+003,3.418581e+001
2.413516e+003,3.418086e+001
2.413998e+003,3.417620e+001
2.414480e+003,3.417182e+001
2.414962e+003,3.416760e+001
2.415444e+003,3.416336e+001
2.415926e+003,3.415894e+001
2.416408e+003,3.415424e+001
2.416890e+003,3.414926e+001
2.417373e+003,3.414411e+001
2.417855e+003,3.413895e+001
2.418337e+003,3.413389e+001
2.418819e+003,3.412895e+001
2.419301e+003,3.412408e+001
2.419783e+003,3.411916e+001
2.420265e+003,3.411404e+001
2.420747e+003,3.410868e+001
2.421229e+003,3.410311e+001
2.421712e+003,3.409739e+001
2.422194e+003,3.409163e+001
2.422676e+003,3.408590e+001
2.423158e+003,3.408016e+001
2.423640e+003,3.407438e+001
2.424122e+003,3.406847e+001
2.424604e+003,3.406240e+001
2.425086e+003,3.405618e+001
2.425569e+003,3.404986e+001
2.426051e+003,3.404351e+001
2.426533e+003,3.403719e+001
2.427015e+003,3.403093e+001
2.427497e+003,3.402476e+001
2.427979e+003,3.401867e+001
2.428461e+003,3.401270e+001
2.428944e+003,3.400685e+001
2.429426e+003,3.400109e+001
2.429908e+003,3.399542e+001
2.430390e+003,3.398974e+001
2.430872e+003,3.398399e+001
2.431354e+003,3.397809e+001
2.431836e+003,3.397208e+001
2.432318e+003,3.396605e+001
2.432801e+003,3.396012e+001
2.433283e+003,3.395439e+001
2.433765e+003,3.394889e+001
2.434247e+003,3.394353e+001
2.434729e+003,3.393818e+001
2.435211e+003,3.393263e+001
2.435693e+003,3.392677e+001
2.436175e+003,3.392059e+001
2.436657e+003,3.391418e+001
2.437140e+003,3.390771e+001
2.437622e+003,3.390131e+001
2.438104e+003,3.389503e+001
2.438586e+003,3.388887e+001
2.439068e+003,3.388271e+001
2.439550e+003,3.387640e+001
2.440032e+003,3.386986e+001
2.440514e+003,3.386305e+001
2.440997e+003,3.385601e+001
2.441479e+003,3.384879e+001
2.441961e+003,3.384145e+001
2.442443e+003,3.383405e+001
2.442925e+003,3.382661e+001
2.443407e+003,3.381918e+001
2.443889e+003,3.381183e+001
2.444372e+003,3.380463e+001
2.444854e+003,3.379764e+001
2.445336e+003,3.379084e+001
2.445818e+003,3.378419e+001
2.446300e+003,3.377753e+001
2.446782e+003,3.377073e+001
2.447264e+003,3.376365e+001
2.447746e+003,3.375624e+001
2.448229e+003,3.374852e+001
2.448711e+003,3.374056e+001
2.449193e+003,3.373239e+001
2.449675e+003,3.372405e+001
2.450157e+003,3.371552e+001
2.450639e+003,3.370676e+001
2.451121e+003,3.369779e+001
2.451604e+003,3.368866e+001
2.452085e+003,3.367947e+001
2.452568e+003,3.367034e+001
2.453050e+003,3.366135e+001
2.453532e+003,3.365259e+001
2.454014e+003,3.364404e+001
2.454496e+003,3.363570e+001
2.454978e+003,3.362759e+001
2.455460e+003,3.361974e+001
2.455943e+003,3.361217e+001
2.456425e+003,3.360492e+001
2.456907e+003,3.359789e+001
2.457389e+003,3.359090e+001
2.457871e+003,3.358371e+001
2.458353e+003,3.357607e+001
2.458835e+003,3.356783e+001
2.459317e+003,3.355895e+001
2.459800e+003,3.354954e+001
2.460282e+003,3.353982e+001
2.460764e+003,3.352999e+001
2.461246e+003,3.352026e+001
2.461728e+003,3.351071e+001
2.462210e+003,3.350135e+001
2.462692e+003,3.349216e+001
2.463174e+003,3.348311e+001
2.463656e+003,3.347417e+001
2.464139e+003,3.346530e+001
2.464621e+003,3.345648e+001
2.465103e+003,3.344763e+001
2.465585e+003,3.343864e+001
2.466067e+003,3.342942e+001
2.466549e+003,3.341997e+001
2.467031e+003,3.341029e+001
2.467513e+003,3.340050e+001
2.467996e+003,3.339072e+001
2.468478e+003,3.338105e+001
2.468960e+003,3.337152e+001
2.469442e+003,3.336206e+001
2.469924e+003,3.335256e+001
2.470406e+003,3.334298e+001
2.470888e+003,3.333331e+001
2.471371e+003,3.332361e+001
2.471853e+003,3.331401e+001
2.472335e+003,3.330462e+001
2.472817e+003,3.329552e+001
2.473299e+003,3.328666e+001
2.473781e+003,3.327797e+001
2.474263e+003,3.326928e+001
2.474745e+003,3.326049e+001
2.475228e+003,3.325153e+001
2.475710e+003,3.324233e+001
2.476192e+003,3.323291e+001
2.476674e+003,3.322329e+001
2.477156e+003,3.321349e+001
2.477638e+003,3.320353e+001
2.478120e+003,3.319345e+001
2.478602e+003,3.318333e+001
2.479084e+003,3.317321e+001
2.479567e+003,3.316315e+001
2.480049e+003,3.315312e+001
2.480531e+003,3.314307e+001
2.481013e+003,3.313288e+001
2.481495e+003,3.312246e+001
2.481977e+003,3.311177e+001
2.482459e+003,3.310088e+001
2.482941e+003,3.308990e+001
2.483424e+003,3.307900e+001
2.483906e+003,3.306831e+001
2.484388e+003,3.305788e+001
2.484870e+003,3.304769e+001
2.485352e+003,3.303762e+001
2.485834e+003,3.302757e+001
2.486316e+003,3.301746e+001
2.486799e+003,3.300725e+001
2.487281e+003,3.299695e+001
2.487763e+003,3.298656e+001
2.488245e+003,3.297612e+001
2.488727e+003,3.296563e+001
2.489209e+003,3.295507e+001
2.489691e+003,3.294451e+001
2.490173e+003,3.293396e+001
2.490656e+003,3.292348e+001
2.491138e+003,3.291309e+001
2.491620e+003,3.290275e+001
2.492102e+003,3.289236e+001
2.492584e+003,3.288180e+001
2.493066e+003,3.287092e+001
2.493548e+003,3.285968e+001
2.494030e+003,3.284812e+001
2.494512e+003,3.283633e+001
2.494995e+003,3.282448e+001
2.495477e+003,3.281270e+001
2.495959e+003,3.280102e+001
2.496441e+003,3.278949e+001
2.496923e+003,3.277802e+001
2.497405e+003,3.276658e+001
2.497887e+003,3.275516e+001
2.498370e+003,3.274377e+001
2.498852e+003,3.273242e+001
2.499334e+003,3.272115e+001
2.499816e+003,3.270991e+001
2.500298e+003,3.269867e+001
2.500780e+003,3.268738e+001
2.501262e+003,3.267604e+001
2.501744e+003,3.266472e+001
2.502227e+003,3.265350e+001
2.502709e+003,3.264247e+001
2.503191e+003,3.263164e+001
2.503673e+003,3.262094e+001
2.504155e+003,3.261022e+001
2.504637e+003,3.259932e+001
2.505119e+003,3.258810e+001
2.505601e+003,3.257652e+001
2.506083e+003,3.256464e+001
2.506566e+003,3.255255e+001
2.507048e+003,3.254038e+001
2.507530e+003,3.252822e+001
2.508012e+003,3.251611e+001
2.508494e+003,3.250402e+001
2.508976e+003,3.249197e+001
2.509458e+003,3.247995e+001
2.509940e+003,3.246799e+001
2.510423e+003,3.245613e+001
2.510905e+003,3.244439e+001
2.511387e+003,3.243271e+001
2.511869e+003,3.242105e+001
2.512351e+003,3.240928e+001
2.512833e+003,3.239741e+001
2.513315e+003,3.238546e+001
2.513798e+003,3.237354e+001
2.514280e+003,3.236177e+001
2.514762e+003,3.235023e+001
2.515244e+003,3.233894e+001
2.515726e+003,3.232783e+001
2.516208e+003,3.231674e+001
2.516690e+003,3.230555e+001
2.517172e+003,3.229416e+001
2.517655e+003,3.228251e+001
2.518137e+003,3.227061e+001
2.518619e+003,3.225852e+001
2.519101e+003,3.224628e+001
2.519583e+003,3.223394e+001
2.520065e+003,3.222157e+001
2.520547e+003,3.220926e+001
2.521029e+003,3.219712e+001
2.521511e+003,3.218525e+001
2.521994e+003,3.217371e+001
2.522476e+003,3.216247e+001
2.522958e+003,3.215141e+001
2.523440e+003,3.214036e+001
2.523922e+003,3.212912e+001
2.524404e+003,3.211757e+001
2.524886e+003,3.210569e+001
2.525368e+003,3.209355e+001
2.525851e+003,3.208123e+001
2.526333e+003,3.206886e+001
2.526815e+003,3.205647e+001
2.527297e+003,3.204401e+001
2.527779e+003,3.203146e+001
2.528261e+003,3.201876e+001
2.528743e+003,3.200593e+001
2.529226e+003,3.199305e+001
2.529708e+003,3.198022e+001
2.530190e+003,3.196753e+001
2.530672e+003,3.195499e+001
2.531154e+003,3.194258e+001
2.531636e+003,3.193021e+001
2.532118e+003,3.191783e+001
2.532600e+003,3.190543e+001
2.533083e+003,3.189302e+001
2.533565e+003,3.188066e+001
2.534047e+003,3.186840e+001
2.534529e+003,3.185619e+001
2.535011e+003,3.184396e+001
2.535493e+003,3.183160e+001
2.535975e+003,3.181904e+001
2.536457e+003,3.180626e+001
2.536939e+003,3.179331e+001
2.537422e+003,3.178027e+001
2.537904e+003,3.176724e+001
2.538386e+003,3.175425e+001
2.538868e+003,3.174130e+001
2.539350e+003,3.172834e+001
2.539832e+003,3.171535e+001
2.540314e+003,3.170235e+001
2.540796e+003,3.168941e+001
2.541279e+003,3.167664e+001
2.541761e+003,3.166418e+001
2.542243e+003,3.165207e+001
2.542725e+003,3.164035e+001
2.543207e+003,3.162897e+001
2.543689e+003,3.161785e+001
2.544171e+003,3.160690e+001
2.544654e+003,3.159599e+001
2.545135e+003,3.158500e+001
2.545618e+003,3.157374e+001
2.546100e+003,3.156205e+001
2.546582e+003,3.154975e+001
2.547064e+003,3.153676e+001
2.547546e+003,3.152310e+001
2.548028e+003,3.150893e+001
2.548510e+003,3.149449e+001
2.548993e+003,3.148010e+001
2.549475e+003,3.146600e+001
2.549957e+003,3.145235e+001
2.550439e+003,3.143919e+001
2.550921e+003,3.142647e+001
2.551403e+003,3.141415e+001
2.551885e+003,3.140217e+001
2.552367e+003,3.139052e+001
2.552850e+003,3.137919e+001
2.553332e+003,3.136818e+001
2.553814e+003,3.135745e+001
2.554296e+003,3.134688e+001
2.554778e+003,3.133631e+001
2.555260e+003,3.132563e+001
2.555742e+003,3.131470e+001
2.556224e+003,3.130346e+001
2.556707e+003,3.129185e+001
2.557189e+003,3.127987e+001
2.557671e+003,3.126748e+001
2.558153e+003,3.125469e+001
2.558635e+003,3.124150e+001
2.559117e+003,3.122801e+001
2.559599e+003,3.121436e+001
2.560082e+003,3.120072e+001
2.560563e+003,3.118727e+001
2.561046e+003,3.117408e+001
2.561528e+003,3.116120e+001
2.562010e+003,3.114851e+001
2.562492e+003,3.113594e+001
2.562974e+003,3.112335e+001
2.563456e+003,3.111068e+001
2.563938e+003,3.109793e+001
2.564421e+003,3.108513e+001
2.564903e+003,3.107231e+001
2.565385e+003,3.105946e+001
2.565867e+003,3.104658e+001
2.566349e+003,3.103363e+001
2.566831e+003,3.102062e+001
2.567313e+003,3.100760e+001
2.567795e+003,3.099460e+001
2.568278e+003,3.098167e+001
2.568760e+003,3.096881e+001
2.569242e+003,3.095596e+001
2.569724e+003,3.094301e+001
2.570206e+003,3.092985e+001
2.570688e+003,3.091646e+001
2.571170e+003,3.090293e+001
2.571652e+003,3.088941e+001
2.572135e+003,3.087608e+001
2.572617e+003,3.086310e+001
2.573099e+003,3.085055e+001
2.573581e+003,3.083839e+001
2.574063e+003,3.082652e+001
2.574545e+003,3.081480e+001
2.575027e+003,3.080314e+001
2.575510e+003,3.079148e+001
2.575991e+003,3.077979e+001
2.576474e+003,3.076803e+001
2.576956e+003,3.075616e+001
2.577438e+003,3.074410e+001
2.577920e+003,3.073179e+001
2.578402e+003,3.071918e+001
2.578884e+003,3.070629e+001
2.579366e+003,3.069320e+001
2.579849e+003,3.067998e+001
2.580331e+003,3.066671e+001
2.580813e+003,3.065341e+001
2.581295e+003,3.064010e+001
2.581777e+003,3.062674e+001
2.582259e+003,3.061338e+001
2.582741e+003,3.060009e+001
2.583223e+003,3.058698e+001
2.583706e+003,3.057416e+001
2.584188e+003,3.056166e+001
2.584670e+003,3.054945e+001
2.585152e+003,3.053742e+001
2.585634e+003,3.052539e+001
2.586116e+003,3.051324e+001
2.586598e+003,3.050090e+001
2.587080e+003,3.048842e+001
2.587563e+003,3.047581e+001
2.588045e+003,3.046318e+001
2.588527e+003,3.045056e+001
2.589009e+003,3.043792e+001
2.589491e+003,3.042521e+001
2.589973e+003,3.041246e+001
2.590455e+003,3.039965e+001
2.590938e+003,3.038690e+001
2.591419e+003,3.037430e+001
2.591902e+003,3.036193e+001
2.592384e+003,3.034981e+001
2.592866e+003,3.033788e+001
2.593348e+003,3.032603e+001
2.593830e+003,3.031412e+001
2.594312e+003,3.030204e+001
2.594794e+003,3.028970e+001
2.595277e+003,3.027708e+001
2.595759e+003,3.026413e+001
2.596241e+003,3.025085e+001
2.596723e+003,3.023725e+001
2.597205e+003,3.022334e+001
2.597687e+003,3.020925e+001
2.598169e+003,3.019512e+001
2.598651e+003,3.018116e+001
2.599134e+003,3.016755e+001
2.599616e+003,3.015439e+001
2.600098e+003,3.014170e+001
2.600580e+003,3.012939e+001
2.601062e+003,3.011731e+001
2.601544e+003,3.010529e+001
2.602026e+003,3.009322e+001
2.602508e+003,3.008101e+001
2.602990e+003,3.006863e+001
2.603473e+003,3.005606e+001
2.603955e+003,3.004325e+001
2.604437e+003,3.003018e+001
2.604919e+003,3.001681e+001
2.605401e+003,3.000318e+001
2.605883e+003,2.998938e+001
2.606365e+003,2.997551e+001
2.606847e+003,2.996166e+001
2.607330e+003,2.994788e+001
2.607812e+003,2.993413e+001
2.608294e+003,2.992030e+001
2.608776e+003,2.990628e+001
2.609258e+003,2.989204e+001
2.609740e+003,2.987761e+001
2.610222e+003,2.986318e+001
2.610705e+003,2.984889e+001
2.611187e+003,2.983494e+001
2.611669e+003,2.982140e+001
2.612151e+003,2.980821e+001
2.612633e+003,2.979528e+001
2.613115e+003,2.978245e+001
2.613597e+003,2.976959e+001
2.614079e+003,2.975661e+001
2.614562e+003,2.974349e+001
2.615044e+003,2.973022e+001
2.615526e+003,2.971680e+001
2.616008e+003,2.970325e+001
2.616490e+003,2.968957e+001
2.616972e+003,2.967581e+001
2.617454e+003,2.966207e+001
2.617936e+003,2.964846e+001
2.618418e+003,2.963510e+001
2.618901e+003,2.962203e+001
2.619383e+003,2.960919e+001
2.619865e+003,2.959645e+001
2.620347e+003,2.958359e+001
2.620829e+003,2.957048e+001
2.621311e+003,2.955700e+001
2.621793e+003,2.954314e+001
2.622276e+003,2.952897e+001
2.622758e+003,2.951459e+001
2.623240e+003,2.950013e+001
2.623722e+003,2.948567e+001
2.624204e+003,2.947126e+001
2.624686e+003,2.945696e+001
2.625168e+003,2.944281e+001
2.625650e+003,2.942883e+001
2.626133e+003,2.941504e+001
2.626615e+003,2.940141e+001
2.627097e+003,2.938785e+001
2.627579e+003,2.937425e+001
2.628061e+003,2.936050e+001
2.628543e+003,2.934653e+001
2.629025e+003,2.933233e+001
2.629507e+003,2.931794e+001
2.629990e+003,2.930342e+001
2.630472e+003,2.928879e+001
2.630954e+003,2.927405e+001
2.631436e+003,2.925915e+001
2.631918e+003,2.924406e+001
2.632400e+003,2.922877e+001
2.632882e+003,2.921335e+001
2.633364e+003,2.919791e+001
2.633846e+003,2.918260e+001
2.634329e+003,2.916750e+001
2.634811e+003,2.915263e+001
2.635293e+003,2.913792e+001
2.635775e+003,2.912325e+001
2.636257e+003,2.910852e+001
2.636739e+003,2.909367e+001
2.637221e+003,2.907870e+001
2.637704e+003,2.906367e+001
2.638186e+003,2.904865e+001
2.638668e+003,2.903369e+001
2.639150e+003,2.901884e+001
2.639632e+003,2.900408e+001
2.640114e+003,2.898944e+001
2.640596e+003,2.897496e+001
2.641078e+003,2.896063e+001
2.641561e+003,2.894644e+001
2.642043e+003,2.893232e+001
2.642525e+003,2.891814e+001
2.643007e+003,2.890374e+001
2.643489e+003,2.888899e+001
2.643971e+003,2.887388e+001
2.644453e+003,2.885851e+001
2.644935e+003,2.884306e+001
2.645417e+003,2.882778e+001
2.645900e+003,2.881284e+001
2.646382e+003,2.879833e+001
2.646864e+003,2.878420e+001
2.647346e+003,2.877026e+001
2.647828e+003,2.875631e+001
2.648310e+003,2.874218e+001
2.648792e+003,2.872775e+001
2.649274e+003,2.871294e+001
2.649757e+003,2.869777e+001
2.650239e+003,2.868226e+001
2.650721e+003,2.866643e+001
2.651203e+003,2.865032e+001
2.651685e+003,2.863402e+001
2.652167e+003,2.861762e+001
2.652649e+003,2.860125e+001
2.653132e+003,2.858501e+001
2.653614e+003,2.856897e+001
2.654096e+003,2.855313e+001
2.654578e+003,2.853741e+001
2.655060e+003,2.852171e+001
2.655542e+003,2.850597e+001
2.656024e+003,2.849018e+001
2.656506e+003,2.847437e+001
2.656989e+003,2.845865e+001
2.657471e+003,2.844305e+001
2.657953e+003,2.842763e+001
2.658435e+003,2.841236e+001
2.658917e+003,2.839721e+001
2.659399e+003,2.838216e+001
2.659881e+003,2.836722e+001
2.660363e+003,2.835241e+001
2.660845e+003,2.833780e+001
2.661328e+003,2.832337e+001
2.661810e+003,2.830909e+001
2.662292e+003,2.829484e+001
2.662774e+003,2.828052e+001
2.663256e+003,2.826601e+001
2.663738e+003,2.825128e+001
2.664220e+003,2.823632e+001
2.664702e+003,2.822118e+001
2.665185e+003,2.820591e+001
2.665667e+003,2.819050e+001
2.666149e+003,2.817499e+001
2.666631e+003,2.815934e+001
2.667113e+003,2.814358e+001
2.667595e+003,2.812777e+001
2.668077e+003,2.811197e+001
2.668560e+003,2.809626e+001
2.669042e+003,2.808063e+001
2.669524e+003,2.806503e+001
2.670006e+003,2.804934e+001
2.670488e+003,2.803346e+001
2.670970e+003,2.801736e+001
2.671452e+003,2.800108e+001
2.671934e+003,2.798475e+001
2.672417e+003,2.796854e+001
2.672899e+003,2.795257e+001
2.673381e+003,2.793689e+001
2.673863e+003,2.792140e+001
2.674345e+003,2.790600e+001
2.674827e+003,2.789052e+001
2.675309e+003,2.787488e+001
2.675791e+003,2.785907e+001
2.676273e+003,2.784312e+001
2.676756e+003,2.782711e+001
2.677238e+003,2.781109e+001
2.677720e+003,2.779510e+001
2.678202e+003,2.777910e+001
2.678684e+003,2.776313e+001
2.679166e+003,2.774717e+001
2.679648e+003,2.773130e+001
2.680130e+003,2.771558e+001
2.680613e+003,2.770008e+001
2.681095e+003,2.768479e+001
2.681577e+003,2.766966e+001
2.682059e+003,2.765460e+001
2.682541e+003,2.763951e+001
2.683023e+003,2.762429e+001
2.683505e+003,2.760890e+001
2.683988e+003,2.759333e+001
2.684469e+003,2.757755e+001
2.684952e+003,2.756156e+001
2.685434e+003,2.754533e+001
2.685916e+003,2.752884e+001
2.686398e+003,2.751210e+001
2.686880e+003,2.749516e+001
2.687362e+003,2.747813e+001
2.687844e+003,2.746111e+001
2.688327e+003,2.744425e+001
2.688809e+003,2.742761e+001
2.689291e+003,2.741129e+001
2.689773e+003,2.739532e+001
2.690255e+003,2.737976e+001
2.690737e+003,2.736464e+001
2.691219e+003,2.734995e+001
2.691701e+003,2.733564e+001
2.692184e+003,2.732152e+001
2.692666e+003,2.730739e+001
2.693148e+003,2.729297e+001
2.693630e+003,2.727802e+001
2.694112e+003,2.726245e+001
2.694594e+003,2.724628e+001
2.695076e+003,2.722967e+001
2.695558e+003,2.721283e+001
2.696041e+003,2.719599e+001
2.696523e+003,2.717931e+001
2.697005e+003,2.716284e+001
2.697487e+003,2.714654e+001
2.697969e+003,2.713035e+001
2.698451e+003,2.711423e+001
2.698933e+003,2.709815e+001
2.699416e+003,2.708212e+001
2.699897e+003,2.706617e+001
2.700380e+003,2.705031e+001
2.700862e+003,2.703452e+001
2.701344e+003,2.701877e+001
2.701826e+003,2.700307e+001
2.702308e+003,2.698739e+001
2.702790e+003,2.697178e+001
2.703272e+003,2.695624e+001
2.703755e+003,2.694077e+001
2.704237e+003,2.692536e+001
2.704719e+003,2.690993e+001
2.705201e+003,2.689442e+001
2.705683e+003,2.687882e+001
2.706165e+003,2.686314e+001
2.706647e+003,2.684741e+001
2.707129e+003,2.683165e+001
2.707612e+003,2.681582e+001
2.708094e+003,2.679987e+001
2.708576e+003,2.678368e+001
2.709058e+003,2.676717e+001
2.709540e+003,2.675035e+001
2.710022e+003,2.673332e+001
2.710504e+003,2.671630e+001
2.710986e+003,2.669953e+001
2.711469e+003,2.668320e+001
2.711951e+003,2.666742e+001
2.712433e+003,2.665218e+001
2.712915e+003,2.663733e+001
2.713397e+003,2.662275e+001
2.713879e+003,2.660826e+001
2.714361e+003,2.659378e+001
2.714844e+003,2.657926e+001
2.715325e+003,2.656471e+001
2.715808e+003,2.655018e+001
2.716290e+003,2.653567e+001
2.716772e+003,2.652119e+001
2.717254e+003,2.650674e+001
2.717736e+003,2.649228e+001
2.718218e+003,2.647775e+001
2.718700e+003,2.646305e+001
2.719183e+003,2.644806e+001
2.719665e+003,2.643267e+001
2.720147e+003,2.641678e+001
2.720629e+003,2.640038e+001
2.721111e+003,2.638355e+001
2.721593e+003,2.636649e+001
2.722075e+003,2.634946e+001
2.722557e+003,2.633269e+001
2.723040e+003,2.631633e+001
2.723522e+003,2.630045e+001
2.724004e+003,2.628497e+001
2.724486e+003,2.626975e+001
2.724968e+003,2.625467e+001
2.725450e+003,2.623962e+001
2.725932e+003,2.622456e+001
2.726414e+003,2.620946e+001
2.726896e+003,2.619433e+001
2.727379e+003,2.617913e+001
2.727861e+003,2.616382e+001
2.728343e+003,2.614835e+001
2.728825e+003,2.613268e+001
2.729307e+003,2.611685e+001
2.729789e+003,2.610091e+001
2.730271e+003,2.608494e+001
2.730753e+003,2.606901e+001
2.731236e+003,2.605314e+001
2.731718e+003,2.603737e+001
2.732200e+003,2.602172e+001
2.732682e+003,2.600625e+001
2.733164e+003,2.599107e+001
2.733646e+003,2.597628e+001
2.734128e+003,2.596192e+001
2.734611e+003,2.594797e+001
2.735093e+003,2.593429e+001
2.735575e+003,2.592064e+001
2.736057e+003,2.590674e+001
2.736539e+003,2.589237e+001
2.737021e+003,2.587738e+001
2.737503e+003,2.586173e+001
2.737985e+003,2.584549e+001
2.738468e+003,2.582878e+001
2.738950e+003,2.581177e+001
2.739432e+003,2.579460e+001
2.739914e+003,2.577744e+001
2.740396e+003,2.576047e+001
2.740878e+003,2.574384e+001
2.741360e+003,2.572771e+001
2.741842e+003,2.571212e+001
2.742324e+003,2.569708e+001
2.742807e+003,2.568244e+001
2.743289e+003,2.566804e+001
2.743771e+003,2.565368e+001
2.744253e+003,2.563924e+001
2.744735e+003,2.562467e+001
2.745217e+003,2.560999e+001
2.745699e+003,2.559521e+001
2.746182e+003,2.558038e+001
2.746664e+003,2.556542e+001
2.747146e+003,2.555030e+001
2.747628e+003,2.553493e+001
2.748110e+003,2.551929e+001
2.748592e+003,2.550347e+001
2.749074e+003,2.548760e+001
2.749556e+003,2.547188e+001
2.750039e+003,2.545642e+001
2.750521e+003,2.544127e+001
2.751003e+003,2.542638e+001
2.751485e+003,2.541160e+001
2.751967e+003,2.539681e+001
2.752449e+003,2.538187e+001
2.752931e+003,2.536672e+001
2.753413e+003,2.535138e+001
2.753896e+003,2.533587e+001
2.754378e+003,2.532030e+001
2.754860e+003,2.530473e+001
2.755342e+003,2.528928e+001
2.755824e+003,2.527408e+001
2.756306e+003,2.525926e+001
2.756788e+003,2.524491e+001
2.757270e+003,2.523105e+001
2.757752e+003,2.521759e+001
2.758235e+003,2.520432e+001
2.758717e+003,2.519095e+001
2.759199e+003,2.517720e+001
2.759681e+003,2.516289e+001
2.760163e+003,2.514794e+001
2.760645e+003,2.513239e+001
2.761127e+003,2.511640e+001
2.761610e+003,2.510014e+001
2.762092e+003,2.508375e+001
2.762574e+003,2.506731e+001
2.763056e+003,2.505089e+001
2.763538e+003,2.503451e+001
2.764020e+003,2.501823e+001
2.764502e+003,2.500211e+001
2.764984e+003,2.498623e+001
2.765467e+003,2.497064e+001
2.765949e+003,2.495534e+001
2.766431e+003,2.494029e+001
2.766913e+003,2.492545e+001
2.767395e+003,2.491077e+001
2.767877e+003,2.489625e+001
2.768359e+003,2.488190e+001
2.768841e+003,2.486771e+001
2.769323e+003,2.485365e+001
2.769806e+003,2.483962e+001
2.770288e+003,2.482549e+001
2.770770e+003,2.481114e+001
2.771252e+003,2.479646e+001
2.771734e+003,2.478144e+001
2.772216e+003,2.476612e+001
2.772698e+003,2.475055e+001
2.773180e+003,2.473479e+001
2.773663e+003,2.471886e+001
2.774145e+003,2.470279e+001
2.774627e+003,2.468659e+001
2.775109e+003,2.467036e+001
2.775591e+003,2.465424e+001
2.776073e+003,2.463840e+001
2.776555e+003,2.462299e+001
2.777038e+003,2.460807e+001
2.777520e+003,2.459361e+001
2.778002e+003,2.457944e+001
2.778484e+003,2.456538e+001
2.778966e+003,2.455126e+001
2.779448e+003,2.453700e+001
2.779930e+003,2.452254e+001
2.780412e+003,2.450794e+001
2.780895e+003,2.449320e+001
2.781377e+003,2.447833e+001
2.781859e+003,2.446328e+001
2.782341e+003,2.444798e+001
2.782823e+003,2.443242e+001
2.783305e+003,2.441666e+001
2.783787e+003,2.440080e+001
2.784269e+003,2.438500e+001
2.784751e+003,2.436936e+001
2.785234e+003,2.435397e+001
2.785716e+003,2.433881e+001
2.786198e+003,2.432380e+001
2.786680e+003,2.430889e+001
2.787162e+003,2.429403e+001
2.787644e+003,2.427921e+001
2.788126e+003,2.426447e+001
2.788608e+003,2.424979e+001
2.789091e+003,2.423520e+001
2.789573e+003,2.422063e+001
2.790055e+003,2.420604e+001
2.790537e+003,2.419139e+001
2.791019e+003,2.417668e+001
2.791501e+003,2.416193e+001
2.791983e+003,2.414717e+001
2.792466e+003,2.413239e+001
2.792948e+003,2.411757e+001
2.793430e+003,2.410263e+001
2.793912e+003,2.408752e+001
2.794394e+003,2.407219e+001
2.794876e+003,2.405667e+001
2.795358e+003,2.404100e+001
2.795840e+003,2.402526e+001
2.796323e+003,2.400945e+001
2.796805e+003,2.399357e+001
2.797287e+003,2.397757e+001
2.797769e+003,2.396136e+001
2.798251e+003,2.394498e+001
2.798733e+003,2.392848e+001
2.799215e+003,2.391200e+001
2.799697e+003,2.389567e+001
2.800179e+003,2.387959e+001
2.800662e+003,2.386381e+001
2.801144e+003,2.384826e+001
2.801626e+003,2.383288e+001
2.802108e+003,2.381758e+001
2.802590e+003,2.380234e+001
2.803072e+003,2.378717e+001
2.803554e+003,2.377209e+001
2.804036e+003,2.375713e+001
2.804519e+003,2.374226e+001
2.805001e+003,2.372741e+001
2.805483e+003,2.371255e+001
2.805965e+003,2.369769e+001
2.806447e+003,2.368289e+001
2.806929e+003,2.366824e+001
2.807411e+003,2.365384e+001
2.807894e+003,2.363968e+001
2.808375e+003,2.362568e+001
2.808858e+003,2.361162e+001
2.809340e+003,2.359728e+001
2.809822e+003,2.358244e+001
2.810304e+003,2.356700e+001
2.810786e+003,2.355095e+001
2.811268e+003,2.353443e+001
2.811750e+003,2.351757e+001
2.812233e+003,2.350056e+001
2.812715e+003,2.348346e+001
2.813197e+003,2.346636e+001
2.813679e+003,2.344929e+001
2.814161e+003,2.343229e+001
2.814643e+003,2.341537e+001
2.815125e+003,2.339858e+001
2.815607e+003,2.338195e+001
2.816090e+003,2.336548e+001
2.816572e+003,2.334914e+001
2.817054e+003,2.333294e+001
2.817536e+003,2.331689e+001
2.818018e+003,2.330108e+001
2.818500e+003,2.328559e+001
2.818982e+003,2.327053e+001
2.819464e+003,2.325591e+001
2.819947e+003,2.324170e+001
2.820429e+003,2.322779e+001
2.820911e+003,2.321400e+001
2.821393e+003,2.320017e+001
2.821875e+003,2.318616e+001
2.822357e+003,2.317186e+001
2.822839e+003,2.315716e+001
2.823322e+003,2.314197e+001
2.823803e+003,2.312620e+001
2.824286e+003,2.310978e+001
2.824768e+003,2.309270e+001
2.825250e+003,2.307507e+001
2.825732e+003,2.305710e+001
2.826214e+003,2.303905e+001
2.826696e+003,2.302125e+001
2.827178e+003,2.300390e+001
2.827661e+003,2.298710e+001
2.828143e+003,2.297082e+001
2.828625e+003,2.295496e+001
2.829107e+003,2.293938e+001
2.829589e+003,2.292398e+001
2.830071e+003,2.290870e+001
2.830553e+003,2.289353e+001
2.831035e+003,2.287847e+001
2.831518e+003,2.286349e+001
2.832000e+003,2.284850e+001
2.832482e+003,2.283341e+001
2.832964e+003,2.281816e+001
2.833446e+003,2.280270e+001
2.833928e+003,2.278704e+001
2.834410e+003,2.277118e+001
2.834892e+003,2.275513e+001
2.835375e+003,2.273887e+001
2.835857e+003,2.272234e+001
2.836339e+003,2.270549e+001
2.836821e+003,2.268832e+001
2.837303e+003,2.267089e+001
2.837785e+003,2.265330e+001
2.838267e+003,2.263566e+001
2.838750e+003,2.261805e+001
2.839231e+003,2.260045e+001
2.839714e+003,2.258280e+001
2.840196e+003,2.256498e+001
2.840678e+003,2.254693e+001
2.841160e+003,2.252864e+001
2.841642e+003,2.251018e+001
2.842124e+003,2.249170e+001
2.842606e+003,2.247335e+001
2.843089e+003,2.245525e+001
2.843571e+003,2.243744e+001
2.844053e+003,2.241993e+001
2.844535e+003,2.240265e+001
2.845017e+003,2.238552e+001
2.845499e+003,2.236843e+001
2.845981e+003,2.235130e+001
2.846463e+003,2.233399e+001
2.846946e+003,2.231640e+001
2.847428e+003,2.229843e+001
2.847910e+003,2.228012e+001
2.848392e+003,2.226160e+001
2.848874e+003,2.224314e+001
2.849356e+003,2.222508e+001
2.849838e+003,2.220780e+001
2.850320e+003,2.219157e+001
2.850802e+003,2.217649e+001
2.851285e+003,2.216257e+001
2.851767e+003,2.214964e+001
2.852249e+003,2.213750e+001
2.852731e+003,2.212596e+001
2.853213e+003,2.211488e+001
2.853695e+003,2.210417e+001
2.854177e+003,2.209375e+001
2.854659e+003,2.208356e+001
2.855142e+003,2.207347e+001
2.855624e+003,2.206340e+001
2.856106e+003,2.205327e+001
2.856588e+003,2.204303e+001
2.857070e+003,2.203269e+001
2.857552e+003,2.202230e+001
2.858034e+003,2.201189e+001
2.858517e+003,2.200146e+001
2.858999e+003,2.199099e+001
2.859481e+003,2.198041e+001
2.859963e+003,2.196967e+001
2.860445e+003,2.195873e+001
2.860927e+003,2.194756e+001
2.861409e+003,2.193612e+001
2.861891e+003,2.192435e+001
2.862374e+003,2.191218e+001
2.862856e+003,2.189949e+001
2.863338e+003,2.188620e+001
2.863820e+003,2.187228e+001
2.864302e+003,2.185776e+001
2.864784e+003,2.184276e+001
2.865266e+003,2.182745e+001
2.865748e+003,2.181199e+001
2.866230e+003,2.179653e+001
2.866713e+003,2.178118e+001
2.867195e+003,2.176603e+001
2.867677e+003,2.175117e+001
2.868159e+003,2.173665e+001
2.868641e+003,2.172251e+001
2.869123e+003,2.170874e+001
2.869605e+003,2.169521e+001
2.870088e+003,2.168177e+001
2.870570e+003,2.166820e+001
2.871052e+003,2.165430e+001
2.871534e+003,2.164001e+001
2.872016e+003,2.162531e+001
2.872498e+003,2.161032e+001
2.872980e+003,2.159518e+001
2.873462e+003,2.158002e+001
2.873945e+003,2.156489e+001
2.874427e+003,2.154977e+001
2.874909e+003,2.153460e+001
2.875391e+003,2.151935e+001
2.875873e+003,2.150399e+001
2.876355e+003,2.148857e+001
2.876837e+003,2.147314e+001
2.877319e+003,2.145774e+001
2.877802e+003,2.144239e+001
2.878284e+003,2.142705e+001
2.878766e+003,2.141170e+001
2.879248e+003,2.139632e+001
2.879730e+003,2.138097e+001
2.880212e+003,2.136568e+001
2.880694e+003,2.135052e+001
2.881176e+003,2.133550e+001
2.881658e+003,2.132054e+001
2.882141e+003,2.130552e+001
2.882623e+003,2.129030e+001
2.883105e+003,2.127483e+001
2.883587e+003,2.125912e+001
2.884069e+003,2.124331e+001
2.884551e+003,2.122755e+001
2.885033e+003,2.121198e+001
2.885516e+003,2.119668e+001
2.885998e+003,2.118162e+001
2.886480e+003,2.116669e+001
2.886962e+003,2.115174e+001
2.887444e+003,2.113667e+001
2.887926e+003,2.112142e+001
2.888408e+003,2.110596e+001
2.888890e+003,2.109031e+001
2.889373e+003,2.107450e+001
2.889855e+003,2.105856e+001
2.890337e+003,2.104250e+001
2.890819e+003,2.102636e+001
2.891301e+003,2.101022e+001
2.891783e+003,2.099415e+001
2.892265e+003,2.097823e+001
2.892747e+003,2.096250e+001
2.893229e+003,2.094695e+001
2.893712e+003,2.093156e+001
2.894194e+003,2.091631e+001
2.894676e+003,2.090120e+001
2.895158e+003,2.088629e+001
2.895640e+003,2.087166e+001
2.896122e+003,2.085734e+001
2.896604e+003,2.084331e+001
2.897086e+003,2.082943e+001
2.897569e+003,2.081549e+001
2.898051e+003,2.080128e+001
2.898533e+003,2.078660e+001
2.899015e+003,2.077140e+001
2.899497e+003,2.075572e+001
2.899979e+003,2.073967e+001
2.900461e+003,2.072342e+001
2.900944e+003,2.070711e+001
2.901426e+003,2.069081e+001
2.901908e+003,2.067456e+001
2.902390e+003,2.065837e+001
2.902872e+003,2.064226e+001
2.903354e+003,2.062627e+001
2.903836e+003,2.061046e+001
2.904318e+003,2.059482e+001
2.904801e+003,2.057935e+001
2.905283e+003,2.056397e+001
2.905765e+003,2.054862e+001
2.906247e+003,2.053320e+001
2.906729e+003,2.051771e+001
2.907211e+003,2.050215e+001
2.907693e+003,2.048656e+001
2.908175e+003,2.047095e+001
2.908657e+003,2.045530e+001
2.909140e+003,2.043956e+001
2.909622e+003,2.042363e+001
2.910104e+003,2.040745e+001
2.910586e+003,2.039102e+001
2.911068e+003,2.037436e+001
2.911550e+003,2.035759e+001
2.912032e+003,2.034081e+001
2.912514e+003,2.032409e+001
2.912997e+003,2.030754e+001
2.913479e+003,2.029118e+001
2.913961e+003,2.027505e+001
2.914443e+003,2.025917e+001
2.914925e+003,2.024355e+001
2.915407e+003,2.022812e+001
2.915889e+003,2.021283e+001
2.916372e+003,2.019757e+001
2.916854e+003,2.018225e+001
2.917336e+003,2.016683e+001
2.917818e+003,2.015137e+001
2.918300e+003,2.013601e+001
2.918782e+003,2.012097e+001
2.919264e+003,2.010647e+001
2.919746e+003,2.009267e+001
2.920229e+003,2.007968e+001
2.920711e+003,2.006747e+001
2.921193e+003,2.005600e+001
2.921675e+003,2.004523e+001
2.922157e+003,2.003512e+001
2.922639e+003,2.002567e+001
2.923121e+003,2.001688e+001
2.923603e+003,2.000866e+001
2.924085e+003,2.000090e+001
2.924568e+003,1.999340e+001
2.925050e+003,1.998597e+001
2.925532e+003,1.997844e+001
2.926014e+003,1.997072e+001
2.926496e+003,1.996283e+001
2.926978e+003,1.995480e+001
2.927460e+003,1.994674e+001
2.927942e+003,1.993875e+001
2.928425e+003,1.993089e+001
2.928907e+003,1.992323e+001
2.929389e+003,1.991582e+001
2.929871e+003,1.990873e+001
2.930353e+003,1.990195e+001
2.930835e+003,1.989546e+001
2.931317e+003,1.988910e+001
2.931800e+003,1.988268e+001
2.932281e+003,1.987596e+001
2.932764e+003,1.986875e+001
2.933246e+003,1.986092e+001
2.933728e+003,1.985250e+001
2.934210e+003,1.984360e+001
2.934692e+003,1.983438e+001
2.935174e+003,1.982496e+001
2.935656e+003,1.981542e+001
2.936139e+003,1.980573e+001
2.936621e+003,1.979584e+001
2.937103e+003,1.978571e+001
2.937585e+003,1.977533e+001
2.938067e+003,1.976475e+001
2.938549e+003,1.975403e+001
2.939031e+003,1.974322e+001
2.939513e+003,1.973233e+001
2.939996e+003,1.972127e+001
2.940478e+003,1.970995e+001
2.940960e+003,1.969831e+001
2.941442e+003,1.968632e+001
2.941924e+003,1.967403e+001
2.942406e+003,1.966152e+001
2.942888e+003,1.964884e+001
2.943370e+003,1.963601e+001
2.943853e+003,1.962299e+001
2.944335e+003,1.960969e+001
2.944817e+003,1.959606e+001
2.945299e+003,1.958205e+001
2.945781e+003,1.956768e+001
2.946263e+003,1.955302e+001
2.946745e+003,1.953817e+001
2.947228e+003,1.952321e+001
2.947709e+003,1.950824e+001
2.948192e+003,1.949333e+001
2.948674e+003,1.947858e+001
2.949156e+003,1.946408e+001
2.949638e+003,1.944990e+001
2.950120e+003,1.943606e+001
2.950602e+003,1.942252e+001
2.951084e+003,1.940919e+001
2.951567e+003,1.939588e+001
2.952049e+003,1.938245e+001
2.952531e+003,1.936876e+001
2.953013e+003,1.935480e+001
2.953495e+003,1.934058e+001
2.953977e+003,1.932618e+001
2.954459e+003,1.931164e+001
2.954941e+003,1.929705e+001
2.955424e+003,1.928242e+001
2.955906e+003,1.926781e+001
2.956388e+003,1.925330e+001
2.956870e+003,1.923905e+001
2.957352e+003,1.922524e+001
2.957834e+003,1.921201e+001
2.958316e+003,1.919945e+001
2.958798e+003,1.918755e+001
2.959281e+003,1.917618e+001
2.959763e+003,1.916516e+001
2.960245e+003,1.915431e+001
2.960727e+003,1.914351e+001
2.961209e+003,1.913266e+001
2.961691e+003,1.912172e+001
2.962173e+003,1.911063e+001
2.962656e+003,1.909938e+001
2.963137e+003,1.908792e+001
2.963620e+003,1.907623e+001
2.964102e+003,1.906439e+001
2.964584e+003,1.905249e+001
2.965066e+003,1.904070e+001
2.965548e+003,1.902918e+001
2.966030e+003,1.901803e+001
2.966512e+003,1.900724e+001
2.966995e+003,1.899670e+001
2.967477e+003,1.898626e+001
2.967959e+003,1.897573e+001
2.968441e+003,1.896500e+001
2.968923e+003,1.895396e+001
2.969405e+003,1.894258e+001
2.969887e+003,1.893083e+001
2.970369e+003,1.891869e+001
2.970852e+003,1.890612e+001
2.971334e+003,1.889308e+001
2.971816e+003,1.887962e+001
2.972298e+003,1.886579e+001
2.972780e+003,1.885173e+001
2.973262e+003,1.883759e+001
2.973744e+003,1.882351e+001
2.974226e+003,1.880961e+001
2.974708e+003,1.879594e+001
2.975191e+003,1.878256e+001
2.975673e+003,1.876951e+001
2.976155e+003,1.875686e+001
2.976637e+003,1.874462e+001
2.977119e+003,1.873278e+001
2.977601e+003,1.872122e+001
2.978083e+003,1.870976e+001
2.978565e+003,1.869811e+001
2.979048e+003,1.868603e+001
2.979530e+003,1.867335e+001
2.980012e+003,1.866002e+001
2.980494e+003,1.864613e+001
2.980976e+003,1.863186e+001
2.981458e+003,1.861740e+001
2.981940e+003,1.860292e+001
2.982423e+003,1.858847e+001
2.982905e+003,1.857403e+001
2.983387e+003,1.855956e+001
2.983869e+003,1.854500e+001
2.984351e+003,1.853032e+001
2.984833e+003,1.851560e+001
2.985315e+003,1.850094e+001
2.985797e+003,1.848649e+001
2.986280e+003,1.847244e+001
2.986762e+003,1.845893e+001
2.987244e+003,1.844611e+001
2.987726e+003,1.843406e+001
2.988208e+003,1.842274e+001
2.988690e+003,1.841199e+001
2.989172e+003,1.840154e+001
2.989654e+003,1.839103e+001
2.990136e+003,1.838008e+001
2.990619e+003,1.836841e+001
2.991101e+003,1.835589e+001
2.991583e+003,1.834260e+001
2.992065e+003,1.832876e+001
2.992547e+003,1.831466e+001
2.993029e+003,1.830059e+001
2.993511e+003,1.828677e+001
2.993994e+003,1.827326e+001
2.994476e+003,1.826004e+001
2.994958e+003,1.824701e+001
2.995440e+003,1.823406e+001
2.995922e+003,1.822112e+001
2.996404e+003,1.820815e+001
2.996886e+003,1.819516e+001
2.997368e+003,1.818217e+001
2.997851e+003,1.816922e+001
2.998333e+003,1.815632e+001
2.998815e+003,1.814350e+001
2.999297e+003,1.813078e+001
2.999779e+003,1.811814e+001
3.000261e+003,1.810552e+001
3.000743e+003,1.809285e+001
3.001225e+003,1.808001e+001
3.001708e+003,1.806690e+001
3.002190e+003,1.805350e+001
3.002672e+003,1.803984e+001
3.003154e+003,1.802605e+001
3.003636e+003,1.801231e+001
3.004118e+003,1.799877e+001
3.004600e+003,1.798553e+001
3.005082e+003,1.797260e+001
3.005564e+003,1.795993e+001
3.006047e+003,1.794744e+001
3.006529e+003,1.793511e+001
3.007011e+003,1.792294e+001
3.007493e+003,1.791101e+001
3.007975e+003,1.789937e+001
3.008457e+003,1.788803e+001
3.008939e+003,1.787693e+001
3.009422e+003,1.786589e+001
3.009904e+003,1.785472e+001
3.010386e+003,1.784325e+001
3.010868e+003,1.783135e+001
3.011350e+003,1.781899e+001
3.011832e+003,1.780617e+001
3.012314e+003,1.779291e+001
3.012796e+003,1.777925e+001
3.013279e+003,1.776519e+001
3.013761e+003,1.775081e+001
3.014243e+003,1.773618e+001
3.014725e+003,1.772151e+001
3.015207e+003,1.770699e+001
3.015689e+003,1.769286e+001
3.016171e+003,1.767929e+001
3.016653e+003,1.766633e+001
3.017135e+003,1.765395e+001
3.017618e+003,1.764201e+001
3.018100e+003,1.763034e+001
3.018582e+003,1.761877e+001
3.019064e+003,1.760718e+001
3.019546e+003,1.759549e+001
3.020028e+003,1.758362e+001
3.020510e+003,1.757156e+001
3.020992e+003,1.755927e+001
3.021475e+003,1.754676e+001
3.021957e+003,1.753406e+001
3.022439e+003,1.752125e+001
3.022921e+003,1.750842e+001
3.023403e+003,1.749560e+001
3.023885e+003,1.748281e+001
3.024367e+003,1.747002e+001
3.024850e+003,1.745713e+001
3.025332e+003,1.744408e+001
3.025814e+003,1.743085e+001
3.026296e+003,1.741752e+001
3.026778e+003,1.740418e+001
3.027260e+003,1.739101e+001
3.027742e+003,1.737810e+001
3.028224e+003,1.736554e+001
3.028707e+003,1.735332e+001
3.029189e+003,1.734140e+001
3.029671e+003,1.732973e+001
3.030153e+003,1.731827e+001
3.030635e+003,1.730695e+001
3.031117e+003,1.729572e+001
3.031599e+003,1.728450e+001
3.032081e+003,1.727316e+001
3.032563e+003,1.726155e+001
3.033046e+003,1.724961e+001
3.033528e+003,1.723733e+001
3.034010e+003,1.722480e+001
3.034492e+003,1.721218e+001
3.034974e+003,1.719964e+001
3.035456e+003,1.718733e+001
3.035938e+003,1.717528e+001
3.036420e+003,1.716343e+001
3.036903e+003,1.715169e+001
3.037385e+003,1.713992e+001
3.037867e+003,1.712806e+001
3.038349e+003,1.711609e+001
3.038831e+003,1.710402e+001
3.039313e+003,1.709187e+001
3.039795e+003,1.707968e+001
3.040278e+003,1.706739e+001
3.040760e+003,1.705497e+001
3.041242e+003,1.704236e+001
3.041724e+003,1.702956e+001
3.042206e+003,1.701658e+001
3.042688e+003,1.700350e+001
3.043170e+003,1.699035e+001
3.043652e+003,1.697721e+001
3.044135e+003,1.696411e+001
3.044617e+003,1.695111e+001
3.045099e+003,1.693826e+001
3.045581e+003,1.692563e+001
3.046063e+003,1.691327e+001
3.046545e+003,1.690120e+001
3.047027e+003,1.688938e+001
3.047509e+003,1.687774e+001
3.047991e+003,1.686615e+001
3.048474e+003,1.685453e+001
3.048956e+003,1.684284e+001
3.049438e+003,1.683112e+001
3.049920e+003,1.681947e+001
3.050402e+003,1.680800e+001
3.050884e+003,1.679682e+001
3.051366e+003,1.678597e+001
3.051848e+003,1.677546e+001
3.052331e+003,1.676523e+001
3.052813e+003,1.675523e+001
3.053295e+003,1.674538e+001
3.053777e+003,1.673559e+001
3.054259e+003,1.672571e+001
3.054741e+003,1.671557e+001
3.055223e+003,1.670493e+001
3.055706e+003,1.669360e+001
3.056188e+003,1.668144e+001
3.056670e+003,1.666846e+001
3.057152e+003,1.665482e+001
3.057634e+003,1.664080e+001
3.058116e+003,1.662671e+001
3.058598e+003,1.661287e+001
3.059080e+003,1.659947e+001
3.059563e+003,1.658666e+001
3.060045e+003,1.657447e+001
3.060527e+003,1.656293e+001
3.061009e+003,1.655205e+001
3.061491e+003,1.654180e+001
3.061973e+003,1.653216e+001
3.062455e+003,1.652303e+001
3.062937e+003,1.651422e+001
3.063419e+003,1.650550e+001
3.063902e+003,1.649660e+001
3.064384e+003,1.648730e+001
3.064866e+003,1.647747e+001
3.065348e+003,1.646703e+001
3.065830e+003,1.645600e+001
3.066312e+003,1.644442e+001
3.066794e+003,1.643232e+001
3.067276e+003,1.641974e+001
3.067759e+003,1.640673e+001
3.068241e+003,1.639337e+001
3.068723e+003,1.637978e+001
3.069205e+003,1.636615e+001
3.069687e+003,1.635262e+001
3.070169e+003,1.633936e+001
3.070651e+003,1.632644e+001
3.071134e+003,1.631391e+001
3.071615e+003,1.630178e+001
3.072098e+003,1.629003e+001
3.072580e+003,1.627868e+001
3.073062e+003,1.626771e+001
3.073544e+003,1.625713e+001
3.074026e+003,1.624685e+001
3.074508e+003,1.623676e+001
3.074990e+003,1.622671e+001
3.075473e+003,1.621655e+001
3.075955e+003,1.620620e+001
3.076437e+003,1.619562e+001
3.076919e+003,1.618482e+001
3.077401e+003,1.617387e+001
3.077883e+003,1.616281e+001
3.078365e+003,1.615167e+001
3.078847e+003,1.614042e+001
3.079330e+003,1.612910e+001
3.079812e+003,1.611774e+001
3.080294e+003,1.610643e+001
3.080776e+003,1.609529e+001
3.081258e+003,1.608441e+001
3.081740e+003,1.607382e+001
3.082222e+003,1.606344e+001
3.082704e+003,1.605313e+001
3.083187e+003,1.604268e+001
3.083669e+003,1.603194e+001
3.084151e+003,1.602081e+001
3.084633e+003,1.600932e+001
3.085115e+003,1.599755e+001
3.085597e+003,1.598565e+001
3.086079e+003,1.597379e+001
3.086562e+003,1.596209e+001
3.087043e+003,1.595065e+001
3.087526e+003,1.593953e+001
3.088008e+003,1.592873e+001
3.088490e+003,1.591819e+001
3.088972e+003,1.590781e+001
3.089454e+003,1.589744e+001
3.089936e+003,1.588690e+001
3.090418e+003,1.587605e+001
3.090901e+003,1.586481e+001
3.091383e+003,1.585321e+001
3.091865e+003,1.584136e+001
3.092347e+003,1.582945e+001
3.092829e+003,1.581762e+001
3.093311e+003,1.580602e+001
3.093793e+003,1.579468e+001
3.094275e+003,1.578360e+001
3.094758e+003,1.577272e+001
3.095240e+003,1.576204e+001
3.095722e+003,1.575153e+001
3.096204e+003,1.574122e+001
3.096686e+003,1.573113e+001
3.097168e+003,1.572123e+001
3.097650e+003,1.571142e+001
3.098132e+003,1.570159e+001
3.098615e+003,1.569160e+001
3.099097e+003,1.568140e+001
3.099579e+003,1.567097e+001
3.100061e+003,1.566037e+001
3.100543e+003,1.564968e+001
3.101025e+003,1.563897e+001
3.101507e+003,1.562831e+001
3.101990e+003,1.561769e+001
3.102471e+003,1.560715e+001
3.102954e+003,1.559673e+001
3.103436e+003,1.558649e+001
3.103918e+003,1.557651e+001
3.104400e+003,1.556682e+001
3.104882e+003,1.555734e+001
3.105364e+003,1.554799e+001
3.105846e+003,1.553856e+001
3.106329e+003,1.552888e+001
3.106811e+003,1.551883e+001
3.107293e+003,1.550840e+001
3.107775e+003,1.549762e+001
3.108257e+003,1.548658e+001
3.108739e+003,1.547535e+001
3.109221e+003,1.546399e+001
3.109703e+003,1.545252e+001
3.110186e+003,1.544098e+001
3.110668e+003,1.542944e+001
3.111150e+003,1.541805e+001
3.111632e+003,1.540694e+001
3.112114e+003,1.539625e+001
3.112596e+003,1.538605e+001
3.113078e+003,1.537628e+001
3.113560e+003,1.536681e+001
3.114042e+003,1.535747e+001
3.114525e+003,1.534809e+001
3.115007e+003,1.533860e+001
3.115489e+003,1.532897e+001
3.115971e+003,1.531925e+001
3.116453e+003,1.530949e+001
3.116935e+003,1.529974e+001
3.117417e+003,1.529000e+001
3.117900e+003,1.528026e+001
3.118382e+003,1.527053e+001
3.118864e+003,1.526083e+001
3.119346e+003,1.525118e+001
3.119828e+003,1.524156e+001
3.120310e+003,1.523191e+001
3.120792e+003,1.522213e+001
3.121274e+003,1.521205e+001
3.121757e+003,1.520153e+001
3.122239e+003,1.519055e+001
3.122721e+003,1.517918e+001
3.123203e+003,1.516758e+001
3.123685e+003,1.515597e+001
3.124167e+003,1.514456e+001
3.124649e+003,1.513352e+001
3.125131e+003,1.512288e+001
3.125614e+003,1.511264e+001
3.126096e+003,1.510272e+001
3.126578e+003,1.509303e+001
3.127060e+003,1.508350e+001
3.127542e+003,1.507403e+001
3.128024e+003,1.506456e+001
3.128506e+003,1.505501e+001
3.128988e+003,1.504533e+001
3.129470e+003,1.503553e+001
3.129953e+003,1.502567e+001
3.130435e+003,1.501587e+001
3.130917e+003,1.500625e+001
3.131399e+003,1.499688e+001
3.131881e+003,1.498774e+001
3.132363e+003,1.497873e+001
3.132845e+003,1.496967e+001
3.133328e+003,1.496040e+001
3.133810e+003,1.495084e+001
3.134292e+003,1.494104e+001
3.134774e+003,1.493112e+001
3.135256e+003,1.492124e+001
3.135738e+003,1.491150e+001
3.136220e+003,1.490196e+001
3.136702e+003,1.489252e+001
3.137185e+003,1.488305e+001
3.137667e+003,1.487342e+001
3.138149e+003,1.486357e+001
3.138631e+003,1.485347e+001
3.139113e+003,1.484321e+001
3.139595e+003,1.483287e+001
3.140077e+003,1.482251e+001
3.140559e+003,1.481218e+001
3.141042e+003,1.480188e+001
3.141524e+003,1.479161e+001
3.142006e+003,1.478140e+001
3.142488e+003,1.477130e+001
3.142970e+003,1.476138e+001
3.143452e+003,1.475171e+001
3.143934e+003,1.474233e+001
3.144417e+003,1.473322e+001
3.144898e+003,1.472434e+001
3.145381e+003,1.471566e+001
3.145863e+003,1.470710e+001
3.146345e+003,1.469862e+001
3.146827e+003,1.469014e+001
3.147309e+003,1.468158e+001
3.147791e+003,1.467286e+001
3.148273e+003,1.466394e+001
3.148756e+003,1.465483e+001
3.149238e+003,1.464561e+001
3.149720e+003,1.463641e+001
3.150202e+003,1.462736e+001
3.150684e+003,1.461853e+001
3.151166e+003,1.460983e+001
3.151648e+003,1.460110e+001
3.152130e+003,1.459210e+001
3.152613e+003,1.458261e+001
3.153095e+003,1.457250e+001
3.153577e+003,1.456183e+001
3.154059e+003,1.455075e+001
3.154541e+003,1.453952e+001
3.155023e+003,1.452837e+001
3.155505e+003,1.451746e+001
3.155987e+003,1.450677e+001
3.156469e+003,1.449627e+001
3.156952e+003,1.448584e+001
3.157434e+003,1.447539e+001
3.157916e+003,1.446491e+001
3.158398e+003,1.445442e+001
3.158880e+003,1.444401e+001
3.159362e+003,1.443377e+001
3.159844e+003,1.442376e+001
3.160326e+003,1.441402e+001
3.160809e+003,1.440457e+001
3.161291e+003,1.439542e+001
3.161773e+003,1.438657e+001
3.162255e+003,1.437799e+001
3.162737e+003,1.436960e+001
3.163219e+003,1.436130e+001
3.163701e+003,1.435297e+001
3.164184e+003,1.434451e+001
3.164666e+003,1.433591e+001
3.165148e+003,1.432723e+001
3.165630e+003,1.431857e+001
3.166112e+003,1.431008e+001
3.166594e+003,1.430184e+001
3.167076e+003,1.429387e+001
3.167558e+003,1.428609e+001
3.168041e+003,1.427835e+001
3.168523e+003,1.427049e+001
3.169005e+003,1.426240e+001
3.169487e+003,1.425397e+001
3.169969e+003,1.424518e+001
3.170451e+003,1.423604e+001
3.170933e+003,1.422658e+001
3.171415e+003,1.421686e+001
3.171897e+003,1.420697e+001
3.172380e+003,1.419700e+001
3.172862e+003,1.418709e+001
3.173344e+003,1.417738e+001
3.173826e+003,1.416797e+001
3.174308e+003,1.415888e+001
3.174790e+003,1.415009e+001
3.175272e+003,1.414152e+001
3.175754e+003,1.413306e+001
3.176237e+003,1.412464e+001
3.176719e+003,1.411624e+001
3.177201e+003,1.410787e+001
3.177683e+003,1.409958e+001
3.178165e+003,1.409135e+001
3.178647e+003,1.408318e+001
3.179129e+003,1.407499e+001
3.179612e+003,1.406670e+001
3.180094e+003,1.405824e+001
3.180576e+003,1.404958e+001
3.181058e+003,1.404070e+001
3.181540e+003,1.403163e+001
3.182022e+003,1.402239e+001
3.182504e+003,1.401298e+001
3.182986e+003,1.400344e+001
3.183469e+003,1.399382e+001
3.183951e+003,1.398423e+001
3.184433e+003,1.397479e+001
3.184915e+003,1.396564e+001
3.185397e+003,1.395687e+001
3.185879e+003,1.394847e+001
3.186361e+003,1.394042e+001
3.186843e+003,1.393260e+001
3.187325e+003,1.392491e+001
3.187808e+003,1.391732e+001
3.188290e+003,1.390982e+001
3.188772e+003,1.390247e+001
3.189254e+003,1.389530e+001
3.189736e+003,1.388828e+001
3.190218e+003,1.388131e+001
3.190700e+003,1.387422e+001
3.191182e+003,1.386685e+001
3.191665e+003,1.385907e+001
3.192147e+003,1.385083e+001
3.192629e+003,1.384219e+001
3.193111e+003,1.383324e+001
3.193593e+003,1.382411e+001
3.194075e+003,1.381492e+001
3.194557e+003,1.380575e+001
3.195040e+003,1.379670e+001
3.195521e+003,1.378784e+001
3.196004e+003,1.377924e+001
3.196486e+003,1.377093e+001
3.196968e+003,1.376287e+001
3.197450e+003,1.375491e+001
3.197932e+003,1.374688e+001
3.198414e+003,1.373854e+001
3.198896e+003,1.372977e+001
3.199379e+003,1.372058e+001
3.199861e+003,1.371110e+001
3.200343e+003,1.370158e+001
3.200825e+003,1.369231e+001
3.201307e+003,1.368346e+001
3.201789e+003,1.367510e+001
3.202271e+003,1.366712e+001
3.202753e+003,1.365936e+001
3.203236e+003,1.365159e+001
3.203718e+003,1.364369e+001
3.204200e+003,1.363556e+001
3.204682e+003,1.362722e+001
3.205164e+003,1.361872e+001
3.205646e+003,1.361012e+001
3.206128e+003,1.360144e+001
3.206610e+003,1.359269e+001
3.207093e+003,1.358396e+001
3.207575e+003,1.357535e+001
3.208057e+003,1.356698e+001
3.208539e+003,1.355902e+001
3.209021e+003,1.355159e+001
3.209503e+003,1.354473e+001
3.209985e+003,1.353838e+001
3.210468e+003,1.353238e+001
3.210949e+003,1.352655e+001
3.211432e+003,1.352070e+001
3.211914e+003,1.351465e+001
3.212396e+003,1.350830e+001
3.212878e+003,1.350157e+001
3.213360e+003,1.349445e+001
3.213842e+003,1.348695e+001
3.214324e+003,1.347912e+001
3.214807e+003,1.347105e+001
3.215289e+003,1.346285e+001
3.215771e+003,1.345457e+001
3.216253e+003,1.344627e+001
3.216735e+003,1.343792e+001
3.217217e+003,1.342950e+001
3.217699e+003,1.342096e+001
3.218181e+003,1.341229e+001
3.218664e+003,1.340359e+001
3.219146e+003,1.339499e+001
3.219628e+003,1.338665e+001
3.220110e+003,1.337870e+001
3.220592e+003,1.337115e+001
3.221074e+003,1.336396e+001
3.221556e+003,1.335698e+001
3.222038e+003,1.335005e+001
3.222521e+003,1.334307e+001
3.223003e+003,1.333605e+001
3.223485e+003,1.332900e+001
3.223967e+003,1.332198e+001
3.224449e+003,1.331500e+001
3.224931e+003,1.330802e+001
3.225413e+003,1.330091e+001
3.225896e+003,1.329354e+001
3.226377e+003,1.328582e+001
3.226860e+003,1.327775e+001
3.227342e+003,1.326944e+001
3.227824e+003,1.326104e+001
3.228306e+003,1.325275e+001
3.228788e+003,1.324471e+001
3.229270e+003,1.323703e+001
3.229752e+003,1.322975e+001
3.230235e+003,1.322287e+001
3.230717e+003,1.321635e+001
3.231199e+003,1.321009e+001
3.231681e+003,1.320396e+001
3.232163e+003,1.319773e+001
3.232645e+003,1.319122e+001
3.233127e+003,1.318420e+001
3.233609e+003,1.317658e+001
3.234092e+003,1.316840e+001
3.234574e+003,1.315983e+001
3.235056e+003,1.315113e+001
3.235538e+003,1.314256e+001
3.236020e+003,1.313429e+001
3.236502e+003,1.312639e+001
3.236984e+003,1.311875e+001
3.237466e+003,1.311123e+001
3.237948e+003,1.310371e+001
3.238431e+003,1.309615e+001
3.238913e+003,1.308859e+001
3.239395e+003,1.308116e+001
3.239877e+003,1.307397e+001
3.240359e+003,1.306708e+001
3.240841e+003,1.306042e+001
3.241323e+003,1.305390e+001
3.241806e+003,1.304739e+001
3.242288e+003,1.304080e+001
3.242770e+003,1.303412e+001
3.243252e+003,1.302738e+001
3.243734e+003,1.302069e+001
3.244216e+003,1.301412e+001
3.244698e+003,1.300769e+001
3.245180e+003,1.300138e+001
3.245663e+003,1.299512e+001
3.246145e+003,1.298882e+001
3.246627e+003,1.298237e+001
3.247109e+003,1.297568e+001
3.247591e+003,1.296868e+001
3.248073e+003,1.296133e+001
3.248555e+003,1.295360e+001
3.249037e+003,1.294555e+001
3.249520e+003,1.293725e+001
3.250002e+003,1.292886e+001
3.250484e+003,1.292054e+001
3.250966e+003,1.291240e+001
3.251448e+003,1.290450e+001
3.251930e+003,1.289682e+001
3.252412e+003,1.288928e+001
3.252894e+003,1.288176e+001
3.253376e+003,1.287424e+001
3.253859e+003,1.286672e+001
3.254341e+003,1.285926e+001
3.254823e+003,1.285198e+001
3.255305e+003,1.284497e+001
3.255787e+003,1.283824e+001
3.256269e+003,1.283175e+001
3.256751e+003,1.282540e+001
3.257234e+003,1.281911e+001
3.257716e+003,1.281278e+001
3.258198e+003,1.280637e+001
3.258680e+003,1.279988e+001
3.259162e+003,1.279331e+001
3.259644e+003,1.278668e+001
3.260126e+003,1.278003e+001
3.260608e+003,1.277339e+001
3.261091e+003,1.276684e+001
3.261573e+003,1.276045e+001
3.262055e+003,1.275429e+001
3.262537e+003,1.274842e+001
3.263019e+003,1.274281e+001
3.263501e+003,1.273741e+001
3.263983e+003,1.273207e+001
3.264465e+003,1.272671e+001
3.264948e+003,1.272122e+001
3.265430e+003,1.271561e+001
3.265912e+003,1.270985e+001
3.266394e+003,1.270399e+001
3.266876e+003,1.269801e+001
3.267358e+003,1.269190e+001
3.267840e+003,1.268559e+001
3.268323e+003,1.267906e+001
3.268804e+003,1.267233e+001
3.269287e+003,1.266547e+001
3.269769e+003,1.265857e+001
3.270251e+003,1.265174e+001
3.270733e+003,1.264500e+001
3.271215e+003,1.263839e+001
3.271697e+003,1.263185e+001
3.272179e+003,1.262532e+001
3.272662e+003,1.261881e+001
3.273144e+003,1.261236e+001
3.273626e+003,1.260605e+001
3.274108e+003,1.259996e+001
3.274590e+003,1.259410e+001
3.275072e+003,1.258845e+001
3.275554e+003,1.258289e+001
3.276036e+003,1.257731e+001
3.276519e+003,1.257162e+001
3.277001e+003,1.256575e+001
3.277483e+003,1.255972e+001
3.277965e+003,1.255355e+001
3.278447e+003,1.254724e+001
3.278929e+003,1.254079e+001
3.279411e+003,1.253415e+001
3.279893e+003,1.252735e+001
3.280375e+003,1.252042e+001
3.280858e+003,1.251347e+001
3.281340e+003,1.250663e+001
3.281822e+003,1.250003e+001
3.282304e+003,1.249369e+001
3.282786e+003,1.248755e+001
3.283268e+003,1.248149e+001
3.283750e+003,1.247537e+001
3.284232e+003,1.246909e+001
3.284715e+003,1.246267e+001
3.285197e+003,1.245621e+001
3.285679e+003,1.244987e+001
3.286161e+003,1.244377e+001
3.286643e+003,1.243800e+001
3.287125e+003,1.243255e+001
3.287607e+003,1.242734e+001
3.288090e+003,1.242227e+001
3.288572e+003,1.241726e+001
3.289054e+003,1.241225e+001
3.289536e+003,1.240726e+001
3.290018e+003,1.240225e+001
3.290500e+003,1.239721e+001
3.290982e+003,1.239207e+001
3.291464e+003,1.238679e+001
3.291947e+003,1.238132e+001
3.292429e+003,1.237569e+001
3.292911e+003,1.236994e+001
3.293393e+003,1.236414e+001
3.293875e+003,1.235839e+001
3.294357e+003,1.235270e+001
3.294839e+003,1.234710e+001
3.295321e+003,1.234156e+001
3.295803e+003,1.233604e+001
3.296286e+003,1.233054e+001
3.296768e+003,1.232501e+001
3.297250e+003,1.231945e+001
3.297732e+003,1.231378e+001
3.298214e+003,1.230794e+001
3.298696e+003,1.230188e+001
3.299178e+003,1.229559e+001
3.299660e+003,1.228915e+001
3.300143e+003,1.228271e+001
3.300625e+003,1.227646e+001
3.301107e+003,1.227055e+001
3.301589e+003,1.226509e+001
3.302071e+003,1.226004e+001
3.302553e+003,1.225527e+001
3.303035e+003,1.225061e+001
3.303518e+003,1.224592e+001
3.304000e+003,1.224109e+001
3.304482e+003,1.223614e+001
3.304964e+003,1.223112e+001
3.305446e+003,1.222612e+001
3.305928e+003,1.222118e+001
3.306410e+003,1.221627e+001
3.306892e+003,1.221129e+001
3.307375e+003,1.220611e+001
3.307857e+003,1.220060e+001
3.308339e+003,1.219466e+001
3.308821e+003,1.218826e+001
3.309303e+003,1.218143e+001
3.309785e+003,1.217428e+001
3.310267e+003,1.216698e+001
3.310749e+003,1.215975e+001
3.311231e+003,1.215281e+001
3.311714e+003,1.214635e+001
3.312196e+003,1.214051e+001
3.312678e+003,1.213526e+001
3.313160e+003,1.213048e+001
3.313642e+003,1.212595e+001
3.314124e+003,1.212144e+001
3.314606e+003,1.211676e+001
3.315088e+003,1.211188e+001
3.315571e+003,1.210687e+001
3.316053e+003,1.210189e+001
3.316535e+003,1.209713e+001
3.317017e+003,1.209270e+001
3.317499e+003,1.208863e+001
3.317981e+003,1.208478e+001
3.318463e+003,1.208101e+001
3.318946e+003,1.207716e+001
3.319427e+003,1.207312e+001
3.319910e+003,1.206887e+001
3.320392e+003,1.206440e+001
3.320874e+003,1.205974e+001
3.321356e+003,1.205487e+001
3.321838e+003,1.204972e+001
3.322320e+003,1.204423e+001
3.322802e+003,1.203836e+001
3.323285e+003,1.203213e+001
3.323767e+003,1.202564e+001
3.324249e+003,1.201905e+001
3.324731e+003,1.201251e+001
3.325213e+003,1.200618e+001
3.325695e+003,1.200016e+001
3.326177e+003,1.199452e+001
3.326659e+003,1.198927e+001
3.327142e+003,1.198445e+001
3.327624e+003,1.197998e+001
3.328106e+003,1.197578e+001
3.328588e+003,1.197170e+001
3.329070e+003,1.196754e+001
3.329552e+003,1.196308e+001
3.330034e+003,1.195815e+001
3.330516e+003,1.195268e+001
3.330999e+003,1.194673e+001
3.331481e+003,1.194047e+001
3.331963e+003,1.193413e+001
3.332445e+003,1.192796e+001
3.332927e+003,1.192218e+001
3.333409e+003,1.191693e+001
3.333891e+003,1.191230e+001
3.334374e+003,1.190828e+001
3.334855e+003,1.190485e+001
3.335338e+003,1.190190e+001
3.335820e+003,1.189925e+001
3.336302e+003,1.189667e+001
3.336784e+003,1.189387e+001
3.337266e+003,1.189059e+001
3.337748e+003,1.188661e+001
3.338230e+003,1.188185e+001
3.338713e+003,1.187639e+001
3.339195e+003,1.187038e+001
3.339677e+003,1.186408e+001
3.340159e+003,1.185772e+001
3.340641e+003,1.185151e+001
3.341123e+003,1.184557e+001
3.341605e+003,1.184001e+001
3.342087e+003,1.183487e+001
3.342570e+003,1.183021e+001
3.343052e+003,1.182601e+001
3.343534e+003,1.182225e+001
3.344016e+003,1.181877e+001
3.344498e+003,1.181540e+001
3.344980e+003,1.181191e+001
3.345462e+003,1.180812e+001
3.345944e+003,1.180398e+001
3.346427e+003,1.179955e+001
3.346909e+003,1.179505e+001
3.347391e+003,1.179072e+001
3.347873e+003,1.178677e+001
3.348355e+003,1.178331e+001
3.348837e+003,1.178029e+001
3.349319e+003,1.177755e+001
3.349802e+003,1.177484e+001
3.350283e+003,1.177191e+001
3.350766e+003,1.176855e+001
3.351248e+003,1.176466e+001
3.351730e+003,1.176022e+001
3.352212e+003,1.175529e+001
3.352694e+003,1.175002e+001
3.353176e+003,1.174460e+001
3.353658e+003,1.173929e+001
3.354141e+003,1.173432e+001
3.354623e+003,1.172987e+001
3.355105e+003,1.172603e+001
3.355587e+003,1.172273e+001
3.356069e+003,1.171978e+001
3.356551e+003,1.171690e+001
3.357033e+003,1.171379e+001
3.357515e+003,1.171022e+001
3.357998e+003,1.170610e+001
3.358480e+003,1.170146e+001
3.358962e+003,1.169641e+001
3.359444e+003,1.169113e+001
3.359926e+003,1.168576e+001
3.360408e+003,1.168040e+001
3.360890e+003,1.167513e+001
3.361372e+003,1.167002e+001
3.361854e+003,1.166515e+001
3.362337e+003,1.166060e+001
3.362819e+003,1.165648e+001
3.363301e+003,1.165281e+001
3.363783e+003,1.164959e+001
3.364265e+003,1.164672e+001
3.364747e+003,1.164406e+001
3.365229e+003,1.164145e+001
3.365712e+003,1.163875e+001
3.366194e+003,1.163585e+001
3.366676e+003,1.163269e+001
3.367158e+003,1.162924e+001
3.367640e+003,1.162547e+001
3.368122e+003,1.162138e+001
3.368604e+003,1.161700e+001
3.369086e+003,1.161237e+001
3.369569e+003,1.160757e+001
3.370051e+003,1.160268e+001
3.370533e+003,1.159777e+001
3.371015e+003,1.159286e+001
3.371497e+003,1.158795e+001
3.371979e+003,1.158298e+001
3.372461e+003,1.157795e+001
3.372943e+003,1.157290e+001
3.373426e+003,1.156792e+001
3.373908e+003,1.156314e+001
3.374390e+003,1.155870e+001
3.374872e+003,1.155468e+001
3.375354e+003,1.155109e+001
3.375836e+003,1.154787e+001
3.376318e+003,1.154490e+001
3.376800e+003,1.154210e+001
3.377282e+003,1.153942e+001
3.377765e+003,1.153681e+001
3.378247e+003,1.153427e+001
3.378729e+003,1.153175e+001
3.379211e+003,1.152921e+001
3.379693e+003,1.152653e+001
3.380175e+003,1.152363e+001
3.380657e+003,1.152047e+001
3.381140e+003,1.151708e+001
3.381622e+003,1.151354e+001
3.382104e+003,1.150999e+001
3.382586e+003,1.150654e+001
3.383068e+003,1.150326e+001
3.383550e+003,1.150014e+001
3.384032e+003,1.149709e+001
3.384514e+003,1.149398e+001
3.384997e+003,1.149065e+001
3.385479e+003,1.148698e+001
3.385961e+003,1.148288e+001
3.386443e+003,1.147834e+001
3.386925e+003,1.147346e+001
3.387407e+003,1.146836e+001
3.387889e+003,1.146328e+001
3.388371e+003,1.145850e+001
3.388854e+003,1.145429e+001
3.389336e+003,1.145083e+001
3.389818e+003,1.144819e+001
3.390300e+003,1.144628e+001
3.390782e+003,1.144488e+001
3.391264e+003,1.144365e+001
3.391746e+003,1.144227e+001
3.392229e+003,1.144051e+001
3.392710e+003,1.143824e+001
3.393193e+003,1.143547e+001
3.393675e+003,1.143227e+001
3.394157e+003,1.142875e+001
3.394639e+003,1.142502e+001
3.395121e+003,1.142110e+001
3.395603e+003,1.141703e+001
3.396085e+003,1.141285e+001
3.396568e+003,1.140864e+001
3.397050e+003,1.140446e+001
3.397532e+003,1.140046e+001
3.398014e+003,1.139669e+001
3.398496e+003,1.139325e+001
3.398978e+003,1.139013e+001
3.399460e+003,1.138732e+001
3.399942e+003,1.138481e+001
3.400425e+003,1.138256e+001
3.400907e+003,1.138052e+001
3.401389e+003,1.137865e+001
3.401871e+003,1.137686e+001
3.402353e+003,1.137505e+001
3.402835e+003,1.137314e+001
3.403317e+003,1.137106e+001
3.403799e+003,1.136884e+001
3.404281e+003,1.136654e+001
3.404764e+003,1.136423e+001
3.405246e+003,1.136194e+001
3.405728e+003,1.135963e+001
3.406210e+003,1.135719e+001
3.406692e+003,1.135440e+001
3.407174e+003,1.135111e+001
3.407656e+003,1.134718e+001
3.408138e+003,1.134261e+001
3.408621e+003,1.133747e+001
3.409103e+003,1.133194e+001
3.409585e+003,1.132621e+001
3.410067e+003,1.132050e+001
3.410549e+003,1.131501e+001
3.411031e+003,1.130992e+001
3.411513e+003,1.130539e+001
3.411996e+003,1.130153e+001
3.412478e+003,1.129834e+001
3.412960e+003,1.129572e+001
3.413442e+003,1.129344e+001
3.413924e+003,1.129119e+001
3.414406e+003,1.128866e+001
3.414888e+003,1.128564e+001
3.415370e+003,1.128209e+001
3.415853e+003,1.127819e+001
3.416335e+003,1.127424e+001
3.416817e+003,1.127061e+001
3.417299e+003,1.126760e+001
3.417781e+003,1.126537e+001
3.418263e+003,1.126385e+001
3.418745e+003,1.126285e+001
3.419227e+003,1.126209e+001
3.419709e+003,1.126128e+001
3.420192e+003,1.126021e+001
3.420674e+003,1.125875e+001
3.421156e+003,1.125683e+001
3.421638e+003,1.125449e+001
3.422120e+003,1.125174e+001
3.422602e+003,1.124866e+001
3.423084e+003,1.124535e+001
3.423566e+003,1.124195e+001
3.424049e+003,1.123860e+001
3.424531e+003,1.123546e+001
3.425013e+003,1.123262e+001
3.425495e+003,1.123011e+001
3.425977e+003,1.122790e+001
3.426459e+003,1.122590e+001
3.426941e+003,1.122403e+001
3.427424e+003,1.122222e+001
3.427906e+003,1.122040e+001
3.428388e+003,1.121858e+001
3.428870e+003,1.121675e+001
3.429352e+003,1.121490e+001
3.429834e+003,1.121304e+001
3.430316e+003,1.121116e+001
3.430798e+003,1.120929e+001
3.431281e+003,1.120747e+001
3.431763e+003,1.120571e+001
3.432245e+003,1.120404e+001
3.432727e+003,1.120239e+001
3.433209e+003,1.120073e+001
3.433691e+003,1.119895e+001
3.434173e+003,1.119700e+001
3.434655e+003,1.119487e+001
3.435137e+003,1.119259e+001
3.435620e+003,1.119021e+001
3.436102e+003,1.118773e+001
3.436584e+003,1.118509e+001
3.437066e+003,1.118222e+001
3.437548e+003,1.117897e+001
3.438030e+003,1.117527e+001
3.438512e+003,1.117114e+001
3.438994e+003,1.116674e+001
3.439477e+003,1.116233e+001
3.439959e+003,1.115818e+001
3.440441e+003,1.115454e+001
3.440923e+003,1.115154e+001
3.441405e+003,1.114919e+001
3.441887e+003,1.114738e+001
3.442369e+003,1.114601e+001
3.442852e+003,1.114495e+001
3.443333e+003,1.114413e+001
3.443816e+003,1.114355e+001
3.444298e+003,1.114319e+001
3.444780e+003,1.114304e+001
3.445262e+003,1.114299e+001
3.445744e+003,1.114293e+001
3.446226e+003,1.114271e+001
3.446708e+003,1.114218e+001
3.447191e+003,1.114124e+001
3.447673e+003,1.113985e+001
3.448155e+003,1.113801e+001
3.448637e+003,1.113580e+001
3.449119e+003,1.113328e+001
3.449601e+003,1.113059e+001
3.450083e+003,1.112782e+001
3.450565e+003,1.112510e+001
3.451048e+003,1.112250e+001
3.451530e+003,1.112007e+001
3.452012e+003,1.111776e+001
3.452494e+003,1.111551e+001
3.452976e+003,1.111322e+001
3.453458e+003,1.111085e+001
3.453940e+003,1.110840e+001
3.454422e+003,1.110597e+001
3.454905e+003,1.110367e+001
3.455387e+003,1.110164e+001
3.455869e+003,1.109995e+001
3.456351e+003,1.109864e+001
3.456833e+003,1.109764e+001
3.457315e+003,1.109685e+001
3.457797e+003,1.109616e+001
3.458280e+003,1.109547e+001
3.458761e+003,1.109468e+001
3.459244e+003,1.109374e+001
3.459726e+003,1.109254e+001
3.460208e+003,1.109103e+001
3.460690e+003,1.108915e+001
3.461172e+003,1.108696e+001
3.461654e+003,1.108457e+001
3.462136e+003,1.108220e+001
3.462619e+003,1.108006e+001
3.463101e+003,1.107834e+001
3.463583e+003,1.107711e+001
3.464065e+003,1.107631e+001
3.464547e+003,1.107574e+001
3.465029e+003,1.107514e+001
3.465511e+003,1.107427e+001
3.465993e+003,1.107294e+001
3.466476e+003,1.107107e+001
3.466958e+003,1.106866e+001
3.467440e+003,1.106575e+001
3.467922e+003,1.106246e+001
3.468404e+003,1.105890e+001
3.468886e+003,1.105523e+001
3.469368e+003,1.105159e+001
3.469850e+003,1.104816e+001
3.470333e+003,1.104511e+001
3.470815e+003,1.104254e+001
3.471297e+003,1.104048e+001
3.471779e+003,1.103891e+001
3.472261e+003,1.103770e+001
3.472743e+003,1.103675e+001
3.473225e+003,1.103595e+001
3.473708e+003,1.103527e+001
3.474189e+003,1.103467e+001
3.474672e+003,1.103414e+001
3.475154e+003,1.103361e+001
3.475636e+003,1.103300e+001
3.476118e+003,1.103218e+001
3.476600e+003,1.103107e+001
3.477082e+003,1.102965e+001
3.477564e+003,1.102803e+001
3.478047e+003,1.102637e+001
3.478529e+003,1.102488e+001
3.479011e+003,1.102375e+001
3.479493e+003,1.102311e+001
3.479975e+003,1.102296e+001
3.480457e+003,1.102328e+001
3.480939e+003,1.102395e+001
3.481421e+003,1.102487e+001
3.481904e+003,1.102592e+001
3.482386e+003,1.102701e+001
3.482868e+003,1.102801e+001
3.483350e+003,1.102878e+001
3.483832e+003,1.102918e+001
3.484314e+003,1.102911e+001
3.484796e+003,1.102850e+001
3.485278e+003,1.102736e+001
3.485760e+003,1.102573e+001
3.486243e+003,1.102369e+001
3.486725e+003,1.102130e+001
3.487207e+003,1.101858e+001
3.487689e+003,1.101553e+001
3.488171e+003,1.101215e+001
3.488653e+003,1.100851e+001
3.489135e+003,1.100474e+001
3.489618e+003,1.100103e+001
3.490100e+003,1.099758e+001
3.490582e+003,1.099457e+001
3.491064e+003,1.099210e+001
3.491546e+003,1.099015e+001
3.492028e+003,1.098867e+001
3.492510e+003,1.098756e+001
3.492992e+003,1.098674e+001
3.493475e+003,1.098611e+001
3.493957e+003,1.098562e+001
3.494439e+003,1.098517e+001
3.494921e+003,1.098468e+001
3.495403e+003,1.098397e+001
3.495885e+003,1.098293e+001
3.496367e+003,1.098145e+001
3.496849e+003,1.097953e+001
3.497332e+003,1.097725e+001
3.497814e+003,1.097479e+001
3.498296e+003,1.097232e+001
3.498778e+003,1.097008e+001
3.499260e+003,1.096823e+001
3.499742e+003,1.096687e+001
3.500224e+003,1.096608e+001
3.500706e+003,1.096588e+001
3.501188e+003,1.096622e+001
3.501671e+003,1.096706e+001
3.502153e+003,1.096826e+001
3.502635e+003,1.096966e+001
3.503117e+003,1.097105e+001
3.503599e+003,1.097225e+001
3.504081e+003,1.097312e+001
3.504563e+003,1.097359e+001
3.505046e+003,1.097361e+001
3.505528e+003,1.097326e+001
3.506010e+003,1.097260e+001
3.506492e+003,1.097174e+001
3.506974e+003,1.097078e+001
3.507456e+003,1.096987e+001
3.507938e+003,1.096912e+001
3.508420e+003,1.096863e+001
3.508903e+003,1.096841e+001
3.509385e+003,1.096842e+001
3.509867e+003,1.096852e+001
3.510349e+003,1.096852e+001
3.510831e+003,1.096822e+001
3.511313e+003,1.096751e+001
3.511795e+003,1.096633e+001
3.512277e+003,1.096476e+001
3.512760e+003,1.096288e+001
3.513242e+003,1.096084e+001
3.513724e+003,1.095872e+001
3.514206e+003,1.095661e+001
3.514688e+003,1.095453e+001
3.515170e+003,1.095252e+001
3.515652e+003,1.095065e+001
3.516135e+003,1.094902e+001
3.516616e+003,1.094770e+001
3.517099e+003,1.094673e+001
3.517581e+003,1.094610e+001
3.518063e+003,1.094574e+001
3.518545e+003,1.094553e+001
3.519027e+003,1.094541e+001
3.519509e+003,1.094537e+001
3.519991e+003,1.094550e+001
3.520474e+003,1.094586e+001
3.520956e+003,1.094655e+001
3.521438e+003,1.094756e+001
3.521920e+003,1.094876e+001
3.522402e+003,1.094991e+001
3.522884e+003,1.095074e+001
3.523366e+003,1.095106e+001
3.523848e+003,1.095081e+001
3.524331e+003,1.095006e+001
3.524813e+003,1.094907e+001
3.525295e+003,1.094811e+001
3.525777e+003,1.094752e+001
3.526259e+003,1.094749e+001
3.526741e+003,1.094816e+001
3.527223e+003,1.094954e+001
3.527705e+003,1.095149e+001
3.528188e+003,1.095375e+001
3.528670e+003,1.095594e+001
3.529152e+003,1.095761e+001
3.529634e+003,1.095834e+001
3.530116e+003,1.095777e+001
3.530598e+003,1.095577e+001
3.531080e+003,1.095243e+001
3.531563e+003,1.094810e+001
3.532044e+003,1.094331e+001
3.532527e+003,1.093868e+001
3.533009e+003,1.093476e+001
3.533491e+003,1.093196e+001
3.533973e+003,1.093043e+001
3.534455e+003,1.093012e+001
3.534937e+003,1.093075e+001
3.535419e+003,1.093192e+001
3.535902e+003,1.093318e+001
3.536384e+003,1.093416e+001
3.536866e+003,1.093458e+001
3.537348e+003,1.093438e+001
3.537830e+003,1.093359e+001
3.538312e+003,1.093242e+001
3.538794e+003,1.093112e+001
3.539276e+003,1.092995e+001
3.539759e+003,1.092909e+001
3.540241e+003,1.092862e+001
3.540723e+003,1.092850e+001
3.541205e+003,1.092860e+001
3.541687e+003,1.092877e+001
3.542169e+003,1.092887e+001
3.542651e+003,1.092890e+001
3.543133e+003,1.092891e+001
3.543615e+003,1.092907e+001
3.544098e+003,1.092955e+001
3.544580e+003,1.093049e+001
3.545062e+003,1.093192e+001
3.545544e+003,1.093373e+001
3.546026e+003,1.093571e+001
3.546508e+003,1.093766e+001
3.546990e+003,1.093936e+001
3.547472e+003,1.094065e+001
3.547955e+003,1.094144e+001
3.548437e+003,1.094170e+001
3.548919e+003,1.094148e+001
3.549401e+003,1.094082e+001
3.549883e+003,1.093984e+001
3.550365e+003,1.093870e+001
3.550847e+003,1.093755e+001
3.551330e+003,1.093652e+001
3.551812e+003,1.093573e+001
3.552294e+003,1.093513e+001
3.552776e+003,1.093467e+001
3.553258e+003,1.093418e+001
3.553740e+003,1.093359e+001
3.554222e+003,1.093286e+001
3.554704e+003,1.093209e+001
3.555187e+003,1.093141e+001
3.555669e+003,1.093100e+001
3.556151e+003,1.093098e+001
3.556633e+003,1.093142e+001
3.557115e+003,1.093229e+001
3.557597e+003,1.093353e+001
3.558079e+003,1.093503e+001
3.558561e+003,1.093671e+001
3.559043e+003,1.093845e+001
3.559526e+003,1.094010e+001
3.560008e+003,1.094149e+001
3.560490e+003,1.094243e+001
3.560972e+003,1.094268e+001
3.561454e+003,1.094209e+001
3.561936e+003,1.094065e+001
3.562418e+003,1.093850e+001
3.562900e+003,1.093594e+001
3.563383e+003,1.093346e+001
3.563865e+003,1.093164e+001
3.564347e+003,1.093115e+001
3.564829e+003,1.093255e+001
3.565311e+003,1.093626e+001
3.565793e+003,1.094234e+001
3.566275e+003,1.095035e+001
3.566758e+003,1.095927e+001
3.567240e+003,1.096774e+001
3.567722e+003,1.097436e+001
3.568204e+003,1.097822e+001
3.568686e+003,1.097898e+001
3.569168e+003,1.097700e+001
3.569650e+003,1.097306e+001
3.570132e+003,1.096809e+001
3.570615e+003,1.096298e+001
3.571097e+003,1.095840e+001
3.571579e+003,1.095473e+001
3.572061e+003,1.095209e+001
3.572543e+003,1.095033e+001
3.573025e+003,1.094921e+001
3.573507e+003,1.094847e+001
3.573989e+003,1.094792e+001
3.574471e+003,1.094755e+001
3.574954e+003,1.094740e+001
3.575436e+003,1.094760e+001
3.575918e+003,1.094824e+001
3.576400e+003,1.094934e+001
3.576882e+003,1.095083e+001
3.577364e+003,1.095260e+001
3.577846e+003,1.095453e+001
3.578328e+003,1.095648e+001
3.578811e+003,1.095835e+001
3.579293e+003,1.096005e+001
3.579775e+003,1.096148e+001
3.580257e+003,1.096256e+001
3.580739e+003,1.096325e+001
3.581221e+003,1.096351e+001
3.581703e+003,1.096339e+001
3.582186e+003,1.096292e+001
3.582667e+003,1.096219e+001
3.583150e+003,1.096126e+001
3.583632e+003,1.096023e+001
3.584114e+003,1.095919e+001
3.584596e+003,1.095827e+001
3.585078e+003,1.095771e+001
3.585560e+003,1.095778e+001
3.586042e+003,1.095874e+001
3.586525e+003,1.096075e+001
3.587007e+003,1.096369e+001
3.587489e+003,1.096718e+001
3.587971e+003,1.097061e+001
3.588453e+003,1.097340e+001
3.588935e+003,1.097517e+001
3.589417e+003,1.097587e+001
3.589899e+003,1.097566e+001
3.590382e+003,1.097491e+001
3.590864e+003,1.097400e+001
3.591346e+003,1.097328e+001
3.591828e+003,1.097299e+001
3.592310e+003,1.097323e+001
3.592792e+003,1.097402e+001
3.593274e+003,1.097524e+001
3.593756e+003,1.097669e+001
3.594239e+003,1.097812e+001
3.594721e+003,1.097929e+001
3.595203e+003,1.098004e+001
3.595685e+003,1.098034e+001
3.596167e+003,1.098029e+001
3.596649e+003,1.098015e+001
3.597131e+003,1.098022e+001
3.597614e+003,1.098080e+001
3.598095e+003,1.098212e+001
3.598578e+003,1.098424e+001
3.599060e+003,1.098709e+001
3.599542e+003,1.099041e+001
3.600024e+003,1.099385e+001
3.600506e+003,1.099703e+001
3.600988e+003,1.099966e+001
3.601470e+003,1.100152e+001
3.601953e+003,1.100250e+001
3.602435e+003,1.100261e+001
3.602917e+003,1.100195e+001
3.603399e+003,1.100065e+001
3.603881e+003,1.099888e+001
3.604363e+003,1.099689e+001
3.604845e+003,1.099492e+001
3.605327e+003,1.099321e+001
3.605810e+003,1.099200e+001
3.606292e+003,1.099137e+001
3.606774e+003,1.099133e+001
3.607256e+003,1.099169e+001
3.607738e+003,1.099217e+001
3.608220e+003,1.099253e+001
3.608702e+003,1.099263e+001
3.609184e+003,1.099246e+001
3.609667e+003,1.099222e+001
3.610149e+003,1.099217e+001
3.610631e+003,1.099263e+001
3.611113e+003,1.099380e+001
3.611595e+003,1.099576e+001
3.612077e+003,1.099841e+001
3.612559e+003,1.100150e+001
3.613042e+003,1.100459e+001
3.613524e+003,1.100727e+001
3.614006e+003,1.100920e+001
3.614488e+003,1.101031e+001
3.614970e+003,1.101076e+001
3.615452e+003,1.101098e+001
3.615934e+003,1.101154e+001
3.616416e+003,1.101308e+001
3.616898e+003,1.101603e+001
3.617381e+003,1.102060e+001
3.617863e+003,1.102656e+001
3.618345e+003,1.103327e+001
3.618827e+003,1.103976e+001
3.619309e+003,1.104511e+001
3.619791e+003,1.104871e+001
3.620273e+003,1.105054e+001
3.620755e+003,1.105100e+001
3.621238e+003,1.105076e+001
3.621720e+003,1.105042e+001
3.622202e+003,1.105040e+001
3.622684e+003,1.105081e+001
3.623166e+003,1.105153e+001
3.623648e+003,1.105229e+001
3.624130e+003,1.105281e+001
3.624612e+003,1.105283e+001
3.625094e+003,1.105229e+001
3.625577e+003,1.105134e+001
3.626059e+003,1.105042e+001
3.626541e+003,1.105017e+001
3.627023e+003,1.105139e+001
3.627505e+003,1.105484e+001
3.627987e+003,1.106083e+001
3.628469e+003,1.106886e+001
3.628952e+003,1.107759e+001
3.629434e+003,1.108532e+001
3.629916e+003,1.109081e+001
3.630398e+003,1.109372e+001
3.630880e+003,1.109452e+001
3.631362e+003,1.109408e+001
3.631844e+003,1.109334e+001
3.632326e+003,1.109295e+001
3.632809e+003,1.109332e+001
3.633291e+003,1.109444e+001
3.633773e+003,1.109607e+001
3.634255e+003,1.109778e+001
3.634737e+003,1.109922e+001
3.635219e+003,1.110021e+001
3.635701e+003,1.110083e+001
3.636183e+003,1.110135e+001
3.636666e+003,1.110208e+001
3.637148e+003,1.110329e+001
3.637630e+003,1.110510e+001
3.638112e+003,1.110748e+001
3.638594e+003,1.111028e+001
3.639076e+003,1.111334e+001
3.639558e+003,1.111653e+001
3.640041e+003,1.111975e+001
3.640522e+003,1.112290e+001
3.641005e+003,1.112583e+001
3.641487e+003,1.112834e+001
3.641969e+003,1.113016e+001
3.642451e+003,1.113105e+001
3.642933e+003,1.113085e+001
3.643415e+003,1.112958e+001
3.643897e+003,1.112738e+001
3.644380e+003,1.112452e+001
3.644862e+003,1.112134e+001
3.645344e+003,1.111822e+001
3.645826e+003,1.111557e+001
3.646308e+003,1.111389e+001
3.646790e+003,1.111381e+001
3.647272e+003,1.111613e+001
3.647754e+003,1.112165e+001
3.648237e+003,1.113093e+001
3.648719e+003,1.114387e+001
3.649201e+003,1.115942e+001
3.649683e+003,1.117562e+001
3.650165e+003,1.119026e+001
3.650647e+003,1.120163e+001
3.651129e+003,1.120899e+001
3.651611e+003,1.121255e+001
3.652094e+003,1.121314e+001
3.652576e+003,1.121187e+001
3.653058e+003,1.120990e+001
3.653540e+003,1.120823e+001
3.654022e+003,1.120775e+001
3.654504e+003,1.120911e+001
3.654986e+003,1.121270e+001
3.655469e+003,1.121845e+001
3.655950e+003,1.122585e+001
3.656433e+003,1.123402e+001
3.656915e+003,1.124201e+001
3.657397e+003,1.124908e+001
3.657879e+003,1.125494e+001
3.658361e+003,1.125969e+001
3.658843e+003,1.126369e+001
3.659325e+003,1.126733e+001
3.659808e+003,1.127092e+001
3.660290e+003,1.127458e+001
3.660772e+003,1.127831e+001
3.661254e+003,1.128190e+001
3.661736e+003,1.128518e+001
3.662218e+003,1.128797e+001
3.662700e+003,1.129018e+001
3.663182e+003,1.129178e+001
3.663665e+003,1.129281e+001
3.664147e+003,1.129327e+001
3.664629e+003,1.129324e+001
3.665111e+003,1.129276e+001
3.665593e+003,1.129200e+001
3.666075e+003,1.129128e+001
3.666557e+003,1.129111e+001
3.667039e+003,1.129223e+001
3.667521e+003,1.129553e+001
3.668004e+003,1.130187e+001
3.668486e+003,1.131177e+001
3.668968e+003,1.132492e+001
3.669450e+003,1.133996e+001
3.669932e+003,1.135464e+001
3.670414e+003,1.136662e+001
3.670896e+003,1.137437e+001
3.671378e+003,1.137769e+001
3.671861e+003,1.137754e+001
3.672343e+003,1.137562e+001
3.672825e+003,1.137394e+001
3.673307e+003,1.137463e+001
3.673789e+003,1.137964e+001
3.674271e+003,1.139028e+001
3.674753e+003,1.140646e+001
3.675236e+003,1.142622e+001
3.675718e+003,1.144608e+001
3.676200e+003,1.146257e+001
3.676682e+003,1.147379e+001
3.677164e+003,1.147987e+001
3.677646e+003,1.148224e+001
3.678128e+003,1.148272e+001
3.678610e+003,1.148282e+001
3.679093e+003,1.148351e+001
3.679575e+003,1.148521e+001
3.680057e+003,1.148792e+001
3.680539e+003,1.149139e+001
3.681021e+003,1.149534e+001
3.681503e+003,1.149954e+001
3.681985e+003,1.150383e+001
3.682467e+003,1.150807e+001
3.682949e+003,1.151209e+001
3.683432e+003,1.151563e+001
3.683914e+003,1.151843e+001
3.684396e+003,1.152030e+001
3.684878e+003,1.152126e+001
3.685360e+003,1.152169e+001
3.685842e+003,1.152230e+001
3.686324e+003,1.152410e+001
3.686806e+003,1.152826e+001
3.687289e+003,1.153581e+001
3.687771e+003,1.154737e+001
3.688253e+003,1.156276e+001
3.688735e+003,1.158096e+001
3.689217e+003,1.160028e+001
3.689699e+003,1.161888e+001
3.690181e+003,1.163525e+001
3.690664e+003,1.164855e+001
3.691146e+003,1.165853e+001
3.691628e+003,1.166541e+001
3.692110e+003,1.166964e+001
3.692592e+003,1.167184e+001
3.693074e+003,1.167274e+001
3.693556e+003,1.167309e+001
3.694038e+003,1.167363e+001
3.694521e+003,1.167497e+001
3.695003e+003,1.167752e+001
3.695485e+003,1.168140e+001
3.695967e+003,1.168643e+001
3.696449e+003,1.169225e+001
3.696931e+003,1.169840e+001
3.697413e+003,1.170455e+001
3.697895e+003,1.171057e+001
3.698377e+003,1.171662e+001
3.698860e+003,1.172308e+001
3.699342e+003,1.173045e+001
3.699824e+003,1.173915e+001
3.700306e+003,1.174938e+001
3.700788e+003,1.176098e+001
3.701270e+003,1.177336e+001
3.701752e+003,1.178554e+001
3.702234e+003,1.179646e+001
3.702717e+003,1.180525e+001
3.703199e+003,1.181146e+001
3.703681e+003,1.181507e+001
3.704163e+003,1.181647e+001
3.704645e+003,1.181628e+001
3.705127e+003,1.181517e+001
3.705609e+003,1.181376e+001
3.706092e+003,1.181255e+001
3.706573e+003,1.181193e+001
3.707056e+003,1.181217e+001
3.707538e+003,1.181352e+001
3.708020e+003,1.181625e+001
3.708502e+003,1.182076e+001
3.708984e+003,1.182757e+001
3.709466e+003,1.183717e+001
3.709948e+003,1.184985e+001
3.710431e+003,1.186536e+001
3.710913e+003,1.188275e+001
3.711395e+003,1.190036e+001
3.711877e+003,1.191630e+001
3.712359e+003,1.192896e+001
3.712841e+003,1.193755e+001
3.713323e+003,1.194209e+001
3.713805e+003,1.194330e+001
3.714288e+003,1.194219e+001
3.714770e+003,1.193987e+001
3.715252e+003,1.193732e+001
3.715734e+003,1.193529e+001
3.716216e+003,1.193434e+001
3.716698e+003,1.193477e+001
3.717180e+003,1.193662e+001
3.717662e+003,1.193973e+001
3.718145e+003,1.194380e+001
3.718627e+003,1.194855e+001
3.719109e+003,1.195373e+001
3.719591e+003,1.195929e+001
3.720073e+003,1.196521e+001
3.720555e+003,1.197151e+001
3.721037e+003,1.197807e+001
3.721520e+003,1.198462e+001
3.722001e+003,1.199074e+001
3.722484e+003,1.199610e+001
3.722966e+003,1.200056e+001
3.723448e+003,1.200439e+001
3.723930e+003,1.200823e+001
3.724412e+003,1.201283e+001
3.724894e+003,1.201872e+001
3.725376e+003,1.202595e+001
3.725859e+003,1.203383e+001
3.726341e+003,1.204113e+001
3.726823e+003,1.204641e+001
3.727305e+003,1.204861e+001
3.727787e+003,1.204737e+001
3.728269e+003,1.204311e+001
3.728751e+003,1.203689e+001
3.729233e+003,1.203006e+001
3.729716e+003,1.202399e+001
3.730198e+003,1.201981e+001
3.730680e+003,1.201819e+001
3.731162e+003,1.201931e+001
3.731644e+003,1.202296e+001
3.732126e+003,1.202872e+001
3.732608e+003,1.203626e+001
3.733090e+003,1.204555e+001
3.733573e+003,1.205691e+001
3.734055e+003,1.207069e+001
3.734537e+003,1.208684e+001
3.735019e+003,1.210446e+001
3.735501e+003,1.212185e+001
3.735983e+003,1.213690e+001
3.736465e+003,1.214779e+001
3.736948e+003,1.215365e+001
3.737430e+003,1.215449e+001
3.737912e+003,1.215104e+001
3.738394e+003,1.214422e+001
3.738876e+003,1.213491e+001
3.739358e+003,1.212386e+001
3.739840e+003,1.211172e+001
3.740322e+003,1.209915e+001
3.740804e+003,1.208707e+001
3.741287e+003,1.207668e+001
3.741769e+003,1.206964e+001
3.742251e+003,1.206786e+001
3.742733e+003,1.207319e+001
3.743215e+003,1.208657e+001
3.743697e+003,1.210700e+001
3.744179e+003,1.213080e+001
3.744661e+003,1.215263e+001
3.745144e+003,1.216770e+001
3.745626e+003,1.217387e+001
3.746108e+003,1.217183e+001
3.746590e+003,1.216407e+001
3.747072e+003,1.215363e+001
3.747554e+003,1.214331e+001
3.748036e+003,1.213542e+001
3.748518e+003,1.213180e+001
3.749000e+003,1.213369e+001
3.749483e+003,1.214156e+001
3.749965e+003,1.215480e+001
3.750447e+003,1.217170e+001
3.750929e+003,1.218967e+001
3.751411e+003,1.220597e+001
3.751893e+003,1.221841e+001
3.752375e+003,1.222589e+001
3.752858e+003,1.222833e+001
3.753340e+003,1.222648e+001
3.753822e+003,1.222148e+001
3.754304e+003,1.221469e+001
3.754786e+003,1.220741e+001
3.755268e+003,1.220079e+001
3.755750e+003,1.219570e+001
3.756232e+003,1.219278e+001
3.756715e+003,1.219234e+001
3.757197e+003,1.219443e+001
3.757679e+003,1.219879e+001
3.758161e+003,1.220496e+001
3.758643e+003,1.221215e+001
3.759125e+003,1.221936e+001
3.759607e+003,1.222545e+001
3.760089e+003,1.222935e+001
3.760572e+003,1.223034e+001
3.761054e+003,1.222828e+001
3.761536e+003,1.222363e+001
3.762018e+003,1.221738e+001
3.762500e+003,1.221085e+001
3.762982e+003,1.220541e+001
3.763464e+003,1.220214e+001
3.763947e+003,1.220165e+001
3.764428e+003,1.220382e+001
3.764911e+003,1.220786e+001
3.765393e+003,1.221251e+001
3.765875e+003,1.221663e+001
3.766357e+003,1.221962e+001
3.766839e+003,1.222170e+001
3.767321e+003,1.222372e+001
3.767803e+003,1.222687e+001
3.768286e+003,1.223217e+001
3.768768e+003,1.224003e+001
3.769250e+003,1.224997e+001
3.769732e+003,1.226070e+001
3.770214e+003,1.227054e+001
3.770696e+003,1.227802e+001
3.771178e+003,1.228234e+001
3.771660e+003,1.228354e+001
3.772143e+003,1.228225e+001
3.772625e+003,1.227940e+001
3.773107e+003,1.227583e+001
3.773589e+003,1.227213e+001
3.774071e+003,1.226865e+001
3.774553e+003,1.226550e+001
3.775035e+003,1.226269e+001
3.775517e+003,1.226028e+001
3.776000e+003,1.225850e+001
3.776482e+003,1.225783e+001
3.776964e+003,1.225889e+001
3.777446e+003,1.226231e+001
3.777928e+003,1.226843e+001
3.778410e+003,1.227707e+001
3.778892e+003,1.228727e+001
3.779375e+003,1.229748e+001
3.779856e+003,1.230596e+001
3.780339e+003,1.231141e+001
3.780821e+003,1.231330e+001
3.781303e+003,1.231205e+001
3.781785e+003,1.230873e+001
3.782267e+003,1.230477e+001
3.782749e+003,1.230145e+001
3.783231e+003,1.229976e+001
3.783714e+003,1.230008e+001
3.784196e+003,1.230225e+001
3.784678e+003,1.230564e+001
3.785160e+003,1.230941e+001
3.785642e+003,1.231288e+001
3.786124e+003,1.231570e+001
3.786606e+003,1.231785e+001
3.787088e+003,1.231961e+001
3.787571e+003,1.232133e+001
3.788053e+003,1.232332e+001
3.788535e+003,1.232571e+001
3.789017e+003,1.232847e+001
3.789499e+003,1.233137e+001
3.789981e+003,1.233405e+001
3.790463e+003,1.233603e+001
3.790945e+003,1.233682e+001
3.791427e+003,1.233604e+001
3.791910e+003,1.233356e+001
3.792392e+003,1.232958e+001
3.792874e+003,1.232473e+001
3.793356e+003,1.232000e+001
3.793838e+003,1.231658e+001
3.794320e+003,1.231553e+001
3.794802e+003,1.231744e+001
3.795284e+003,1.232210e+001
3.795767e+003,1.232836e+001
3.796249e+003,1.233434e+001
3.796731e+003,1.233814e+001
3.797213e+003,1.233850e+001
3.797695e+003,1.233534e+001
3.798177e+003,1.232975e+001
3.798659e+003,1.232380e+001
3.799142e+003,1.232000e+001
3.799624e+003,1.232078e+001
3.800106e+003,1.232769e+001
3.800588e+003,1.234067e+001
3.801070e+003,1.235750e+001
3.801552e+003,1.237422e+001
3.802034e+003,1.238673e+001
3.802516e+003,1.239263e+001
3.802999e+003,1.239189e+001
3.803481e+003,1.238644e+001
3.803963e+003,1.237908e+001
3.804445e+003,1.237270e+001
3.804927e+003,1.236972e+001
3.805409e+003,1.237170e+001
3.805891e+003,1.237895e+001
3.806373e+003,1.239032e+001
3.806855e+003,1.240336e+001
3.807338e+003,1.241510e+001
3.807820e+003,1.242320e+001
3.808302e+003,1.242665e+001
3.808784e+003,1.242580e+001
3.809266e+003,1.242175e+001
3.809748e+003,1.241568e+001
3.810230e+003,1.240851e+001
3.810712e+003,1.240071e+001
3.811195e+003,1.239246e+001
3.811677e+003,1.238388e+001
3.812159e+003,1.237533e+001
3.812641e+003,1.236762e+001
3.813123e+003,1.236202e+001
3.813605e+003,1.236003e+001
3.814087e+003,1.236305e+001
3.814570e+003,1.237160e+001
3.815052e+003,1.238480e+001
3.815534e+003,1.240000e+001
3.816016e+003,1.241358e+001
3.816498e+003,1.242226e+001
3.816980e+003,1.242456e+001
3.817462e+003,1.242112e+001
3.817944e+003,1.241438e+001
3.818427e+003,1.240763e+001
3.818909e+003,1.240434e+001
3.819391e+003,1.240731e+001
3.819873e+003,1.241802e+001
3.820355e+003,1.243578e+001
3.820837e+003,1.245732e+001
3.821319e+003,1.247766e+001
3.821801e+003,1.249221e+001
3.822283e+003,1.249863e+001
3.822766e+003,1.249738e+001
3.823248e+003,1.249068e+001
3.823730e+003,1.248138e+001
3.824212e+003,1.247201e+001
3.824694e+003,1.246441e+001
3.825176e+003,1.245946e+001
3.825658e+003,1.245716e+001
3.826140e+003,1.245672e+001
3.826623e+003,1.245690e+001
3.827105e+003,1.245649e+001
3.827587e+003,1.245478e+001
3.828069e+003,1.245175e+001
3.828551e+003,1.244804e+001
3.829033e+003,1.244457e+001
3.829515e+003,1.244229e+001
3.829998e+003,1.244177e+001
3.830479e+003,1.244314e+001
3.830962e+003,1.244591e+001
3.831444e+003,1.244927e+001
3.831926e+003,1.245227e+001
3.832408e+003,1.245423e+001
3.832890e+003,1.245482e+001
3.833372e+003,1.245417e+001
3.833854e+003,1.245271e+001
3.834337e+003,1.245106e+001
3.834819e+003,1.244981e+001
3.835301e+003,1.244954e+001
3.835783e+003,1.245074e+001
3.836265e+003,1.245381e+001
3.836747e+003,1.245885e+001
3.837229e+003,1.246562e+001
3.837711e+003,1.247345e+001
3.838194e+003,1.248131e+001
3.838676e+003,1.248813e+001
3.839158e+003,1.249310e+001
3.839640e+003,1.249604e+001
3.840122e+003,1.249740e+001
3.840604e+003,1.249801e+001
3.841086e+003,1.249887e+001
3.841568e+003,1.250078e+001
3.842051e+003,1.250420e+001
3.842533e+003,1.250900e+001
3.843015e+003,1.251460e+001
3.843497e+003,1.252008e+001
3.843979e+003,1.252446e+001
3.844461e+003,1.252693e+001
3.844943e+003,1.252704e+001
3.845426e+003,1.252469e+001
3.845907e+003,1.252010e+001
3.846390e+003,1.251353e+001
3.846872e+003,1.250528e+001
3.847354e+003,1.249552e+001
3.847836e+003,1.248438e+001
3.848318e+003,1.247190e+001
3.848800e+003,1.245829e+001
3.849282e+003,1.244400e+001
3.849765e+003,1.242994e+001
3.850247e+003,1.241760e+001
3.850729e+003,1.240921e+001
3.851211e+003,1.240770e+001
3.851693e+003,1.241622e+001
3.852175e+003,1.243700e+001
3.852657e+003,1.246944e+001
3.853139e+003,1.250868e+001
3.853622e+003,1.254657e+001
3.854104e+003,1.257536e+001
3.854586e+003,1.259132e+001
3.855068e+003,1.259520e+001
3.855550e+003,1.259023e+001
3.856032e+003,1.257997e+001
3.856514e+003,1.256731e+001
3.856996e+003,1.255416e+001
3.857479e+003,1.254165e+001
3.857961e+003,1.253034e+001
3.858443e+003,1.252056e+001
3.858925e+003,1.251248e+001
3.859407e+003,1.250623e+001
3.859889e+003,1.250185e+001
3.860371e+003,1.249938e+001
3.860854e+003,1.249875e+001
3.861336e+003,1.249988e+001
3.861818e+003,1.250266e+001
3.862300e+003,1.250705e+001
3.862782e+003,1.251292e+001
3.863264e+003,1.251993e+001
3.863746e+003,1.252732e+001
3.864228e+003,1.253391e+001
3.864710e+003,1.253836e+001
3.865193e+003,1.253962e+001
3.865675e+003,1.253738e+001
3.866157e+003,1.253229e+001
3.866639e+003,1.252585e+001
3.867121e+003,1.252013e+001
3.867603e+003,1.251729e+001
3.868085e+003,1.251911e+001
3.868567e+003,1.252630e+001
3.869050e+003,1.253797e+001
3.869532e+003,1.255159e+001
3.870014e+003,1.256367e+001
3.870496e+003,1.257132e+001
3.870978e+003,1.257340e+001
3.871460e+003,1.257072e+001
3.871942e+003,1.256544e+001
3.872424e+003,1.256003e+001
3.872906e+003,1.255645e+001
3.873389e+003,1.255562e+001
3.873871e+003,1.255723e+001
3.874353e+003,1.256001e+001
3.874835e+003,1.256230e+001
3.875317e+003,1.256262e+001
3.875799e+003,1.256034e+001
3.876281e+003,1.255564e+001
3.876764e+003,1.254945e+001
3.877246e+003,1.254307e+001
3.877728e+003,1.253797e+001
3.878210e+003,1.253543e+001
3.878692e+003,1.253635e+001
3.879174e+003,1.254078e+001
3.879656e+003,1.254786e+001
3.880138e+003,1.255577e+001
3.880621e+003,1.256231e+001
3.881103e+003,1.256574e+001
3.881585e+003,1.256544e+001
3.882067e+003,1.256206e+001
3.882549e+003,1.255726e+001
3.883031e+003,1.255314e+001
3.883513e+003,1.255175e+001
3.883995e+003,1.255449e+001
3.884478e+003,1.256158e+001
3.884960e+003,1.257177e+001
3.885442e+003,1.258246e+001
3.885924e+003,1.259065e+001
3.886406e+003,1.259405e+001
3.886888e+003,1.259187e+001
3.887370e+003,1.258493e+001
3.887853e+003,1.257508e+001
3.888334e+003,1.256464e+001
3.888817e+003,1.255578e+001
3.889299e+003,1.255029e+001
3.889781e+003,1.254931e+001
3.890263e+003,1.255310e+001
3.890745e+003,1.256082e+001
3.891227e+003,1.257066e+001
3.891709e+003,1.258028e+001
3.892192e+003,1.258754e+001
3.892674e+003,1.259109e+001
3.893156e+003,1.259061e+001
3.893638e+003,1.258666e+001
3.894120e+003,1.258027e+001
3.894602e+003,1.257260e+001
3.895084e+003,1.256470e+001
3.895566e+003,1.255743e+001
3.896049e+003,1.255145e+001
3.896531e+003,1.254715e+001
3.897013e+003,1.254480e+001
3.897495e+003,1.254446e+001
3.897977e+003,1.254608e+001
3.898459e+003,1.254931e+001
3.898941e+003,1.255369e+001
3.899423e+003,1.255861e+001
3.899906e+003,1.256350e+001
3.900388e+003,1.256800e+001
3.900870e+003,1.257212e+001
3.901352e+003,1.257623e+001
3.901834e+003,1.258092e+001
3.902316e+003,1.258676e+001
3.902798e+003,1.259400e+001
3.903281e+003,1.260239e+001
3.903762e+003,1.261117e+001
3.904245e+003,1.261920e+001
3.904727e+003,1.262543e+001
3.905209e+003,1.262915e+001
3.905691e+003,1.263020e+001
3.906173e+003,1.262885e+001
3.906655e+003,1.262570e+001
3.907137e+003,1.262138e+001
3.907620e+003,1.261647e+001
3.908102e+003,1.261141e+001
3.908584e+003,1.260649e+001
3.909066e+003,1.260195e+001
3.909548e+003,1.259793e+001
3.910030e+003,1.259450e+001
3.910512e+003,1.259166e+001
3.910994e+003,1.258930e+001
3.911477e+003,1.258725e+001
3.911959e+003,1.258532e+001
3.912441e+003,1.258343e+001
3.912923e+003,1.258162e+001
3.913405e+003,1.258012e+001
3.913887e+003,1.257927e+001
3.914369e+003,1.257946e+001
3.914851e+003,1.258098e+001
3.915333e+003,1.258392e+001
3.915816e+003,1.258811e+001
3.916298e+003,1.259312e+001
3.916780e+003,1.259846e+001
3.917262e+003,1.260359e+001
3.917744e+003,1.260813e+001
3.918226e+003,1.261181e+001
3.918708e+003,1.261455e+001
3.919190e+003,1.261631e+001
3.919673e+003,1.261711e+001
3.920155e+003,1.261704e+001
3.920637e+003,1.261635e+001
3.921119e+003,1.261537e+001
3.921601e+003,1.261455e+001
3.922083e+003,1.261435e+001
3.922565e+003,1.261509e+001
3.923048e+003,1.261686e+001
3.923530e+003,1.261936e+001
3.924012e+003,1.262203e+001
3.924494e+003,1.262415e+001
3.924976e+003,1.262507e+001
3.925458e+003,1.262438e+001
3.925940e+003,1.262211e+001
3.926422e+003,1.261861e+001
3.926905e+003,1.261452e+001
3.927387e+003,1.261051e+001
3.927869e+003,1.260721e+001
3.928351e+003,1.260511e+001
3.928833e+003,1.260453e+001
3.929315e+003,1.260555e+001
3.929797e+003,1.260804e+001
3.930279e+003,1.261167e+001
3.930761e+003,1.261594e+001
3.931244e+003,1.262027e+001
3.931726e+003,1.262405e+001
3.932208e+003,1.262684e+001
3.932690e+003,1.262840e+001
3.933172e+003,1.262871e+001
3.933654e+003,1.262795e+001
3.934136e+003,1.262640e+001
3.934618e+003,1.262439e+001
3.935101e+003,1.262214e+001
3.935583e+003,1.261979e+001
3.936065e+003,1.261740e+001
3.936547e+003,1.261495e+001
3.937029e+003,1.261232e+001
3.937511e+003,1.260946e+001
3.937993e+003,1.260634e+001
3.938476e+003,1.260306e+001
3.938958e+003,1.259981e+001
3.939440e+003,1.259696e+001
3.939922e+003,1.259492e+001
3.940404e+003,1.259407e+001
3.940886e+003,1.259462e+001
3.941368e+003,1.259654e+001
3.941850e+003,1.259946e+001
3.942333e+003,1.260275e+001
3.942815e+003,1.260569e+001
3.943297e+003,1.260767e+001
3.943779e+003,1.260842e+001
3.944261e+003,1.260807e+001
3.944743e+003,1.260703e+001
3.945225e+003,1.260589e+001
3.945707e+003,1.260520e+001
3.946189e+003,1.260537e+001
3.946672e+003,1.260655e+001
3.947154e+003,1.260863e+001
3.947636e+003,1.261133e+001
3.948118e+003,1.261426e+001
3.948600e+003,1.261698e+001
3.949082e+003,1.261912e+001
3.949564e+003,1.262043e+001
3.950046e+003,1.262077e+001
3.950529e+003,1.262016e+001
3.951011e+003,1.261874e+001
3.951493e+003,1.261681e+001
3.951975e+003,1.261479e+001
3.952457e+003,1.261307e+001
3.952939e+003,1.261202e+001
3.953421e+003,1.261186e+001
3.953904e+003,1.261262e+001
3.954385e+003,1.261415e+001
3.954868e+003,1.261615e+001
3.955350e+003,1.261825e+001
3.955832e+003,1.262010e+001
3.956314e+003,1.262138e+001
3.956796e+003,1.262186e+001
3.957278e+003,1.262137e+001
3.957760e+003,1.261984e+001
3.958243e+003,1.261725e+001
3.958725e+003,1.261372e+001
3.959207e+003,1.260950e+001
3.959689e+003,1.260501e+001
3.960171e+003,1.260068e+001
3.960653e+003,1.259700e+001
3.961135e+003,1.259434e+001
3.961617e+003,1.259287e+001
3.962100e+003,1.259256e+001
3.962582e+003,1.259317e+001
3.963064e+003,1.259437e+001
3.963546e+003,1.259584e+001
3.964028e+003,1.259725e+001
3.964510e+003,1.259840e+001
3.964992e+003,1.259915e+001
3.965474e+003,1.259947e+001
3.965957e+003,1.259935e+001
3.966439e+003,1.259887e+001
3.966921e+003,1.259818e+001
3.967403e+003,1.259748e+001
3.967885e+003,1.259697e+001
3.968367e+003,1.259687e+001
3.968849e+003,1.259732e+001
3.969332e+003,1.259838e+001
3.969813e+003,1.259999e+001
3.970296e+003,1.260202e+001
3.970778e+003,1.260430e+001
3.971260e+003,1.260667e+001
3.971742e+003,1.260893e+001
3.972224e+003,1.261092e+001
3.972706e+003,1.261246e+001
3.973188e+003,1.261339e+001
3.973671e+003,1.261358e+001
3.974153e+003,1.261293e+001
3.974635e+003,1.261150e+001
3.975117e+003,1.260938e+001
3.975599e+003,1.260676e+001
3.976081e+003,1.260380e+001
3.976563e+003,1.260066e+001
3.977045e+003,1.259738e+001
3.977528e+003,1.259401e+001
3.978010e+003,1.259053e+001
3.978492e+003,1.258702e+001
3.978974e+003,1.258365e+001
3.979456e+003,1.258060e+001
3.979938e+003,1.257813e+001
3.980420e+003,1.257645e+001
3.980902e+003,1.257566e+001
3.981385e+003,1.257577e+001
3.981867e+003,1.257666e+001
3.982349e+003,1.257813e+001
3.982831e+003,1.258001e+001
3.983313e+003,1.258203e+001
3.983795e+003,1.258404e+001
3.984277e+003,1.258585e+001
3.984760e+003,1.258737e+001
3.985242e+003,1.258852e+001
3.985724e+003,1.258935e+001
3.986206e+003,1.258994e+001
3.986688e+003,1.259047e+001
3.987170e+003,1.259103e+001
3.987652e+003,1.259166e+001
3.988134e+003,1.259227e+001
3.988616e+003,1.259264e+001
3.989099e+003,1.259248e+001
3.989581e+003,1.259155e+001
3.990063e+003,1.258978e+001
3.990545e+003,1.258730e+001
3.991027e+003,1.258445e+001
3.991509e+003,1.258167e+001
3.991991e+003,1.257940e+001
3.992473e+003,1.257794e+001
3.992956e+003,1.257741e+001
3.993438e+003,1.257771e+001
3.993920e+003,1.257864e+001
3.994402e+003,1.257992e+001
3.994884e+003,1.258130e+001
3.995366e+003,1.258256e+001
3.995848e+003,1.258358e+001
3.996330e+003,1.258425e+001
3.996813e+003,1.258452e+001
3.997295e+003,1.258435e+001
3.997777e+003,1.258374e+001
3.998259e+003,1.258277e+001
3.998741e+003,1.258146e+001
3.999223e+003,1.257995e+001
3.999705e+003,1.257832e+001
4.000188e+003,1.257664e+001
