3.996813e+002,0.000000e+000
4.001635e+002,5.506172e+001
4.006456e+002,5.510858e+001
4.011277e+002,5.513750e+001
4.016098e+002,5.513894e+001
4.020919e+002,5.510489e+001
4.025741e+002,5.503190e+001
4.030562e+002,5.492388e+001
4.035383e+002,5.479180e+001
4.040204e+002,5.465137e+001
4.045026e+002,5.451981e+001
4.049847e+002,5.441155e+001
4.054668e+002,5.433637e+001
4.059489e+002,5.429818e+001
4.064311e+002,5.429590e+001
4.069132e+002,5.432515e+001
4.073953e+002,5.438019e+001
4.078774e+002,5.445472e+001
4.083596e+002,5.454322e+001
4.088417e+002,5.464034e+001
4.093238e+002,5.474203e+001
4.098059e+002,5.484528e+001
4.102881e+002,5.494859e+001
4.107702e+002,5.505095e+001
4.112523e+002,5.515023e+001
4.117344e+002,5.524086e+001
4.122166e+002,5.531326e+001
4.126987e+002,5.535423e+001
4.131808e+002,5.535049e+001
4.136629e+002,5.529242e+001
4.141451e+002,5.517802e+001
4.146272e+002,5.501371e+001
4.151093e+002,5.481273e+001
4.155914e+002,5.459134e+001
4.160736e+002,5.436624e+001
4.165557e+002,5.415226e+001
4.170378e+002,5.396274e+001
4.175200e+002,5.381029e+001
4.180021e+002,5.370708e+001
4.184842e+002,5.366293e+001
4.189663e+002,5.368193e+001
4.194484e+002,5.375952e+001
4.199306e+002,5.388387e+001
4.204127e+002,5.404037e+001
4.208948e+002,5.421630e+001
4.213770e+002,5.440232e+001
4.218591e+002,5.459171e+001
4.223412e+002,5.477803e+001
4.228233e+002,5.495313e+001
4.233055e+002,5.510585e+001
4.237876e+002,5.522314e+001
4.242697e+002,5.529239e+001
4.247518e+002,5.530610e+001
4.252339e+002,5.526471e+001
4.257161e+002,5.517854e+001
4.261982e+002,5.506507e+001
4.266803e+002,5.494426e+001
4.271624e+002,5.483308e+001
4.276446e+002,5.474154e+001
4.281267e+002,5.467094e+001
4.286088e+002,5.461566e+001
4.290909e+002,5.456587e+001
4.295731e+002,5.451211e+001
4.300552e+002,5.444875e+001
4.305373e+002,5.437586e+001
4.310194e+002,5.429837e+001
4.315016e+002,5.422404e+001
4.319837e+002,5.415989e+001
4.324658e+002,5.411011e+001
4.329479e+002,5.407503e+001
4.334301e+002,5.405171e+001
4.339122e+002,5.403557e+001
4.343943e+002,5.402210e+001
4.348764e+002,5.400812e+001
4.353586e+002,5.399254e+001
4.358407e+002,5.397608e+001
4.363228e+002,5.396086e+001
4.368049e+002,5.394938e+001
4.372870e+002,5.394360e+001
4.377692e+002,5.394409e+001
4.382513e+002,5.394958e+001
4.387334e+002,5.395665e+001
4.392155e+002,5.396050e+001
4.396977e+002,5.395583e+001
4.401798e+002,5.393855e+001
4.406619e+002,5.390720e+001
4.411440e+002,5.386445e+001
4.416262e+002,5.381660e+001
4.421083e+002,5.377230e+001
4.425904e+002,5.373941e+001
4.430725e+002,5.372263e+001
4.435547e+002,5.372174e+001
4.440368e+002,5.373233e+001
4.445189e+002,5.374804e+001
4.450010e+002,5.376299e+001
4.454832e+002,5.377399e+001
4.459653e+002,5.378116e+001
4.464474e+002,5.378687e+001
4.469295e+002,5.379432e+001
4.474117e+002,5.380551e+001
4.478938e+002,5.382053e+001
4.483759e+002,5.383760e+001
4.488580e+002,5.385380e+001
4.493401e+002,5.386628e+001
4.498223e+002,5.387292e+001
4.503044e+002,5.387227e+001
4.507865e+002,5.386352e+001
4.512687e+002,5.384591e+001
4.517508e+002,5.381910e+001
4.522329e+002,5.378346e+001
4.527150e+002,5.374084e+001
4.531971e+002,5.369474e+001
4.536793e+002,5.364983e+001
4.541614e+002,5.361096e+001
4.546435e+002,5.358210e+001
4.551257e+002,5.356513e+001
4.556078e+002,5.355955e+001
4.560899e+002,5.356227e+001
4.565720e+002,5.356802e+001
4.570542e+002,5.357025e+001
4.575363e+002,5.356273e+001
4.580184e+002,5.354075e+001
4.585005e+002,5.350309e+001
4.589827e+002,5.345205e+001
4.594648e+002,5.339367e+001
4.599469e+002,5.333654e+001
4.604290e+002,5.329063e+001
4.609112e+002,5.326584e+001
4.613933e+002,5.327026e+001
4.618754e+002,5.330820e+001
4.623575e+002,5.337889e+001
4.628397e+002,5.347581e+001
4.633218e+002,5.358769e+001
4.638039e+002,5.370089e+001
4.642860e+002,5.380215e+001
4.647682e+002,5.388130e+001
4.652503e+002,5.393237e+001
4.657324e+002,5.395342e+001
4.662145e+002,5.394565e+001
4.666967e+002,5.391203e+001
4.671788e+002,5.385664e+001
4.676609e+002,5.378442e+001
4.681430e+002,5.370145e+001
4.686252e+002,5.361481e+001
4.691073e+002,5.353238e+001
4.695894e+002,5.346194e+001
4.700715e+002,5.341031e+001
4.705536e+002,5.338185e+001
4.710358e+002,5.337804e+001
4.715179e+002,5.339661e+001
4.720000e+002,5.343182e+001
4.724821e+002,5.347546e+001
4.729643e+002,5.351860e+001
4.734464e+002,5.355322e+001
4.739285e+002,5.357407e+001
4.744106e+002,5.357885e+001
4.748928e+002,5.356867e+001
4.753749e+002,5.354718e+001
4.758570e+002,5.352007e+001
4.763391e+002,5.349372e+001
4.768213e+002,5.347421e+001
4.773034e+002,5.346550e+001
4.777855e+002,5.346866e+001
4.782676e+002,5.348139e+001
4.787498e+002,5.349876e+001
4.792319e+002,5.351466e+001
4.797140e+002,5.352371e+001
4.801961e+002,5.352232e+001
4.806783e+002,5.350949e+001
4.811604e+002,5.348611e+001
4.816425e+002,5.345394e+001
4.821246e+002,5.341470e+001
4.826068e+002,5.336941e+001
4.830889e+002,5.331846e+001
4.835710e+002,5.326231e+001
4.840531e+002,5.320194e+001
4.845352e+002,5.313936e+001
4.850174e+002,5.307720e+001
4.854995e+002,5.301845e+001
4.859816e+002,5.296563e+001
4.864637e+002,5.292078e+001
4.869459e+002,5.288533e+001
4.874280e+002,5.286057e+001
4.879101e+002,5.284761e+001
4.883922e+002,5.284721e+001
4.888744e+002,5.285918e+001
4.893565e+002,5.288182e+001
4.898386e+002,5.291159e+001
4.903207e+002,5.294345e+001
4.908029e+002,5.297186e+001
4.912850e+002,5.299232e+001
4.917671e+002,5.300269e+001
4.922492e+002,5.300384e+001
4.927314e+002,5.299918e+001
4.932135e+002,5.299363e+001
4.936956e+002,5.299176e+001
4.941777e+002,5.299662e+001
4.946599e+002,5.300895e+001
4.951420e+002,5.302728e+001
4.956241e+002,5.304840e+001
4.961062e+002,5.306823e+001
4.965884e+002,5.308250e+001
4.970705e+002,5.308736e+001
4.975526e+002,5.307984e+001
4.980347e+002,5.305838e+001
4.985169e+002,5.302290e+001
4.989990e+002,5.297516e+001
4.994811e+002,5.291869e+001
4.999633e+002,5.285848e+001
5.004454e+002,5.280020e+001
5.009275e+002,5.274949e+001
5.014096e+002,5.271069e+001
5.018917e+002,5.268619e+001
5.023739e+002,5.267579e+001
5.028560e+002,5.267710e+001
5.033381e+002,5.268627e+001
5.038203e+002,5.269910e+001
5.043024e+002,5.271180e+001
5.047845e+002,5.272180e+001
5.052666e+002,5.272773e+001
5.057487e+002,5.272971e+001
5.062309e+002,5.272898e+001
5.067130e+002,5.272766e+001
5.071951e+002,5.272813e+001
5.076772e+002,5.273242e+001
5.081594e+002,5.274133e+001
5.086415e+002,5.275424e+001
5.091236e+002,5.276904e+001
5.096057e+002,5.278289e+001
5.100879e+002,5.279295e+001
5.105700e+002,5.279728e+001
5.110521e+002,5.279534e+001
5.115342e+002,5.278806e+001
5.120164e+002,5.277721e+001
5.124985e+002,5.276480e+001
5.129806e+002,5.275224e+001
5.134627e+002,5.274010e+001
5.139448e+002,5.272813e+001
5.144270e+002,5.271564e+001
5.149091e+002,5.270196e+001
5.153912e+002,5.268687e+001
5.158734e+002,5.267046e+001
5.163555e+002,5.265321e+001
5.168376e+002,5.263556e+001
5.173197e+002,5.261791e+001
5.178019e+002,5.260064e+001
5.182840e+002,5.258426e+001
5.187661e+002,5.256963e+001
5.192482e+002,5.255800e+001
5.197303e+002,5.255059e+001
5.202125e+002,5.254839e+001
5.206946e+002,5.255159e+001
5.211767e+002,5.255954e+001
5.216588e+002,5.257075e+001
5.221410e+002,5.258322e+001
5.226231e+002,5.259468e+001
5.231052e+002,5.260316e+001
5.235873e+002,5.260692e+001
5.240695e+002,5.260495e+001
5.245516e+002,5.259687e+001
5.250337e+002,5.258315e+001
5.255159e+002,5.256522e+001
5.259980e+002,5.254509e+001
5.264801e+002,5.252513e+001
5.269622e+002,5.250748e+001
5.274443e+002,5.249349e+001
5.279265e+002,5.248360e+001
5.284086e+002,5.247738e+001
5.288907e+002,5.247396e+001
5.293728e+002,5.247247e+001
5.298550e+002,5.247235e+001
5.303371e+002,5.247342e+001
5.308192e+002,5.247563e+001
5.313013e+002,5.247871e+001
5.317834e+002,5.248193e+001
5.322656e+002,5.248397e+001
5.327477e+002,5.248333e+001
5.332299e+002,5.247884e+001
5.337120e+002,5.247024e+001
5.341941e+002,5.245847e+001
5.346762e+002,5.244553e+001
5.351583e+002,5.243383e+001
5.356404e+002,5.242559e+001
5.361226e+002,5.242207e+001
5.366047e+002,5.242334e+001
5.370868e+002,5.242841e+001
5.375690e+002,5.243569e+001
5.380511e+002,5.244348e+001
5.385332e+002,5.245049e+001
5.390153e+002,5.245586e+001
5.394974e+002,5.245927e+001
5.399796e+002,5.246068e+001
5.404617e+002,5.246029e+001
5.409438e+002,5.245862e+001
5.414260e+002,5.245647e+001
5.419081e+002,5.245486e+001
5.423902e+002,5.245490e+001
5.428723e+002,5.245729e+001
5.433544e+002,5.246207e+001
5.438365e+002,5.246828e+001
5.443187e+002,5.247415e+001
5.448008e+002,5.247747e+001
5.452830e+002,5.247615e+001
5.457651e+002,5.246897e+001
5.462472e+002,5.245578e+001
5.467293e+002,5.243756e+001
5.472114e+002,5.241606e+001
5.476936e+002,5.239328e+001
5.481757e+002,5.237106e+001
5.486578e+002,5.235070e+001
5.491400e+002,5.233289e+001
5.496221e+002,5.231768e+001
5.501042e+002,5.230454e+001
5.505863e+002,5.229253e+001
5.510684e+002,5.228036e+001
5.515505e+002,5.226674e+001
5.520327e+002,5.225077e+001
5.525148e+002,5.223232e+001
5.529969e+002,5.221227e+001
5.534791e+002,5.219247e+001
5.539612e+002,5.217543e+001
5.544433e+002,5.216357e+001
5.549254e+002,5.215860e+001
5.554076e+002,5.216086e+001
5.558896e+002,5.216928e+001
5.563718e+002,5.218164e+001
5.568539e+002,5.219520e+001
5.573361e+002,5.220735e+001
5.578182e+002,5.221629e+001
5.583003e+002,5.222110e+001
5.587825e+002,5.222184e+001
5.592645e+002,5.221912e+001
5.597467e+002,5.221379e+001
5.602288e+002,5.220673e+001
5.607109e+002,5.219857e+001
5.611931e+002,5.218971e+001
5.616752e+002,5.218035e+001
5.621573e+002,5.217041e+001
5.626394e+002,5.215970e+001
5.631216e+002,5.214798e+001
5.636037e+002,5.213513e+001
5.640858e+002,5.212135e+001
5.645679e+002,5.210715e+001
5.650500e+002,5.209334e+001
5.655322e+002,5.208077e+001
5.660143e+002,5.207007e+001
5.664965e+002,5.206139e+001
5.669785e+002,5.205430e+001
5.674607e+002,5.204810e+001
5.679428e+002,5.204213e+001
5.684249e+002,5.203605e+001
5.689070e+002,5.203003e+001
5.693892e+002,5.202470e+001
5.698713e+002,5.202067e+001
5.703534e+002,5.201820e+001
5.708356e+002,5.201698e+001
5.713177e+002,5.201616e+001
5.717998e+002,5.201479e+001
5.722819e+002,5.201217e+001
5.727640e+002,5.200816e+001
5.732462e+002,5.200331e+001
5.737283e+002,5.199831e+001
5.742104e+002,5.199376e+001
5.746925e+002,5.198966e+001
5.751747e+002,5.198529e+001
5.756568e+002,5.197948e+001
5.761389e+002,5.197113e+001
5.766210e+002,5.195985e+001
5.771031e+002,5.194628e+001
5.775853e+002,5.193200e+001
5.780674e+002,5.191930e+001
5.785496e+002,5.191038e+001
5.790317e+002,5.190697e+001
5.795138e+002,5.190994e+001
5.799959e+002,5.191921e+001
5.804780e+002,5.193384e+001
5.809601e+002,5.195231e+001
5.814423e+002,5.197267e+001
5.819244e+002,5.199286e+001
5.824066e+002,5.201076e+001
5.828887e+002,5.202445e+001
5.833708e+002,5.203245e+001
5.838529e+002,5.203379e+001
5.843350e+002,5.202833e+001
5.848171e+002,5.201670e+001
5.852993e+002,5.200018e+001
5.857814e+002,5.198050e+001
5.862635e+002,5.195951e+001
5.867457e+002,5.193898e+001
5.872278e+002,5.192035e+001
5.877099e+002,5.190461e+001
5.881920e+002,5.189222e+001
5.886741e+002,5.188302e+001
5.891563e+002,5.187617e+001
5.896384e+002,5.187027e+001
5.901205e+002,5.186354e+001
5.906027e+002,5.185421e+001
5.910848e+002,5.184106e+001
5.915669e+002,5.182387e+001
5.920490e+002,5.180355e+001
5.925311e+002,5.178198e+001
5.930133e+002,5.176136e+001
5.934954e+002,5.174368e+001
5.939775e+002,5.172997e+001
5.944597e+002,5.172017e+001
5.949418e+002,5.171320e+001
5.954239e+002,5.170744e+001
5.959060e+002,5.170123e+001
5.963882e+002,5.169342e+001
5.968702e+002,5.168352e+001
5.973524e+002,5.167186e+001
5.978345e+002,5.165925e+001
5.983167e+002,5.164695e+001
5.987988e+002,5.163629e+001
5.992809e+002,5.162851e+001
5.997630e+002,5.162464e+001
6.002451e+002,5.162525e+001
6.007273e+002,5.163029e+001
6.012094e+002,5.163898e+001
6.016915e+002,5.164985e+001
6.021736e+002,5.166098e+001
6.026558e+002,5.167047e+001
6.031379e+002,5.167677e+001
6.036200e+002,5.167921e+001
6.041022e+002,5.167805e+001
6.045842e+002,5.167434e+001
6.050664e+002,5.166948e+001
6.055485e+002,5.166471e+001
6.060306e+002,5.166064e+001
6.065128e+002,5.165707e+001
6.069949e+002,5.165290e+001
6.074770e+002,5.164660e+001
6.079591e+002,5.163668e+001
6.084413e+002,5.162208e+001
6.089234e+002,5.160268e+001
6.094055e+002,5.157942e+001
6.098876e+002,5.155427e+001
6.103698e+002,5.152982e+001
6.108519e+002,5.150887e+001
6.113340e+002,5.149369e+001
6.118162e+002,5.148548e+001
6.122983e+002,5.148388e+001
6.127804e+002,5.148707e+001
6.132625e+002,5.149203e+001
6.137446e+002,5.149540e+001
6.142267e+002,5.149440e+001
6.147089e+002,5.148757e+001
6.151910e+002,5.147542e+001
6.156731e+002,5.146025e+001
6.161553e+002,5.144553e+001
6.166374e+002,5.143500e+001
6.171195e+002,5.143151e+001
6.176016e+002,5.143628e+001
6.180837e+002,5.144857e+001
6.185659e+002,5.146604e+001
6.190480e+002,5.148538e+001
6.195302e+002,5.150318e+001
6.200123e+002,5.151662e+001
6.204944e+002,5.152402e+001
6.209765e+002,5.152488e+001
6.214586e+002,5.151973e+001
6.219407e+002,5.150998e+001
6.224229e+002,5.149734e+001
6.229050e+002,5.148370e+001
6.233871e+002,5.147067e+001
6.238693e+002,5.145947e+001
6.243514e+002,5.145084e+001
6.248335e+002,5.144499e+001
6.253156e+002,5.144176e+001
6.257977e+002,5.144064e+001
6.262798e+002,5.144097e+001
6.267620e+002,5.144198e+001
6.272441e+002,5.144284e+001
6.277263e+002,5.144262e+001
6.282084e+002,5.144044e+001
6.286905e+002,5.143554e+001
6.291726e+002,5.142748e+001
6.296547e+002,5.141640e+001
6.301368e+002,5.140300e+001
6.306190e+002,5.138852e+001
6.311011e+002,5.137440e+001
6.315833e+002,5.136193e+001
6.320654e+002,5.135183e+001
6.325475e+002,5.134408e+001
6.330296e+002,5.133796e+001
6.335117e+002,5.133239e+001
6.339939e+002,5.132636e+001
6.344760e+002,5.131925e+001
6.349581e+002,5.131118e+001
6.354402e+002,5.130275e+001
6.359224e+002,5.129501e+001
6.364045e+002,5.128887e+001
6.368866e+002,5.128497e+001
6.373687e+002,5.128339e+001
6.378508e+002,5.128363e+001
6.383330e+002,5.128477e+001
6.388151e+002,5.128556e+001
6.392972e+002,5.128461e+001
6.397794e+002,5.128061e+001
6.402615e+002,5.127244e+001
6.407436e+002,5.125953e+001
6.412257e+002,5.124187e+001
6.417079e+002,5.122014e+001
6.421899e+002,5.119569e+001
6.426721e+002,5.117025e+001
6.431542e+002,5.114560e+001
6.436364e+002,5.112325e+001
6.441185e+002,5.110421e+001
6.446006e+002,5.108894e+001
6.450827e+002,5.107748e+001
6.455648e+002,5.106957e+001
6.460470e+002,5.106488e+001
6.465291e+002,5.106307e+001
6.470112e+002,5.106364e+001
6.474933e+002,5.106596e+001
6.479755e+002,5.106910e+001
6.484576e+002,5.107201e+001
6.489397e+002,5.107380e+001
6.494219e+002,5.107387e+001
6.499040e+002,5.107228e+001
6.503861e+002,5.106960e+001
6.508682e+002,5.106677e+001
6.513503e+002,5.106487e+001
6.518325e+002,5.106469e+001
6.523146e+002,5.106680e+001
6.527968e+002,5.107141e+001
6.532788e+002,5.107867e+001
6.537610e+002,5.108873e+001
6.542431e+002,5.110185e+001
6.547252e+002,5.111818e+001
6.552073e+002,5.113768e+001
6.556895e+002,5.115982e+001
6.561716e+002,5.118372e+001
6.566537e+002,5.120815e+001
6.571359e+002,5.123196e+001
6.576179e+002,5.125433e+001
6.581001e+002,5.127490e+001
6.585822e+002,5.129369e+001
6.590643e+002,5.131104e+001
6.595464e+002,5.132721e+001
6.600286e+002,5.134237e+001
6.605107e+002,5.135662e+001
6.609928e+002,5.136998e+001
6.614750e+002,5.138257e+001
6.619571e+002,5.139447e+001
6.624392e+002,5.140534e+001
6.629213e+002,5.141405e+001
6.634034e+002,5.141827e+001
6.638856e+002,5.141432e+001
6.643677e+002,5.139734e+001
6.648499e+002,5.136168e+001
6.653320e+002,5.130170e+001
6.658141e+002,5.121327e+001
6.662962e+002,5.109618e+001
6.667783e+002,5.095785e+001
6.672605e+002,5.081660e+001
6.677426e+002,5.070087e+001
6.682247e+002,5.064014e+001
6.687068e+002,5.065067e+001
6.691890e+002,5.072726e+001
6.696711e+002,5.084823e+001
6.701532e+002,5.098752e+001
6.706353e+002,5.112388e+001
6.711174e+002,5.124369e+001
6.715996e+002,5.134004e+001
6.720817e+002,5.141078e+001
6.725638e+002,5.145708e+001
6.730460e+002,5.148239e+001
6.735281e+002,5.149157e+001
6.740102e+002,5.149001e+001
6.744923e+002,5.148281e+001
6.749745e+002,5.147398e+001
6.754565e+002,5.146626e+001
6.759387e+002,5.146122e+001
6.764208e+002,5.145960e+001
6.769030e+002,5.146178e+001
6.773851e+002,5.146803e+001
6.778672e+002,5.147843e+001
6.783493e+002,5.149297e+001
6.788314e+002,5.151131e+001
6.793136e+002,5.153291e+001
6.797957e+002,5.155722e+001
6.802778e+002,5.158386e+001
6.807599e+002,5.161271e+001
6.812421e+002,5.164385e+001
6.817242e+002,5.167728e+001
6.822063e+002,5.171260e+001
6.826885e+002,5.174879e+001
6.831705e+002,5.178417e+001
6.836527e+002,5.181673e+001
6.841348e+002,5.184457e+001
6.846169e+002,5.186637e+001
6.850991e+002,5.188177e+001
6.855812e+002,5.189136e+001
6.860634e+002,5.189651e+001
6.865454e+002,5.189903e+001
6.870276e+002,5.190084e+001
6.875096e+002,5.190367e+001
6.879918e+002,5.190895e+001
6.884739e+002,5.191774e+001
6.889561e+002,5.193076e+001
6.894382e+002,5.194829e+001
6.899203e+002,5.197021e+001
6.904025e+002,5.199595e+001
6.908845e+002,5.202459e+001
6.913667e+002,5.205502e+001
6.918488e+002,5.208620e+001
6.923309e+002,5.211722e+001
6.928130e+002,5.214754e+001
6.932952e+002,5.217693e+001
6.937773e+002,5.220534e+001
6.942594e+002,5.223277e+001
6.947416e+002,5.225919e+001
6.952236e+002,5.228447e+001
6.957058e+002,5.230848e+001
6.961879e+002,5.233112e+001
6.966700e+002,5.235241e+001
6.971522e+002,5.237246e+001
6.976343e+002,5.239153e+001
6.981165e+002,5.240990e+001
6.985985e+002,5.242795e+001
6.990807e+002,5.244607e+001
6.995628e+002,5.246463e+001
7.000449e+002,5.248405e+001
7.005270e+002,5.250460e+001
7.010092e+002,5.252637e+001
7.014913e+002,5.254924e+001
7.019734e+002,5.257286e+001
7.024556e+002,5.259680e+001
7.029377e+002,5.262073e+001
7.034198e+002,5.264449e+001
7.039019e+002,5.266811e+001
7.043840e+002,5.269182e+001
7.048662e+002,5.271565e+001
7.053483e+002,5.273945e+001
7.058304e+002,5.276276e+001
7.063125e+002,5.278493e+001
7.067947e+002,5.280536e+001
7.072768e+002,5.282373e+001
7.077589e+002,5.284014e+001
7.082410e+002,5.285500e+001
7.087231e+002,5.286871e+001
7.092053e+002,5.288130e+001
7.096874e+002,5.289222e+001
7.101696e+002,5.290027e+001
7.106517e+002,5.290397e+001
7.111338e+002,5.290195e+001
7.116159e+002,5.289359e+001
7.120980e+002,5.287929e+001
7.125802e+002,5.286052e+001
7.130623e+002,5.283967e+001
7.135444e+002,5.281946e+001
7.140265e+002,5.280234e+001
7.145087e+002,5.279012e+001
7.149908e+002,5.278367e+001
7.154729e+002,5.278289e+001
7.159550e+002,5.278692e+001
7.164371e+002,5.279447e+001
7.169193e+002,5.280420e+001
7.174014e+002,5.281497e+001
7.178835e+002,5.282607e+001
7.183657e+002,5.283723e+001
7.188478e+002,5.284849e+001
7.193299e+002,5.286002e+001
7.198120e+002,5.287189e+001
7.202942e+002,5.288383e+001
7.207762e+002,5.289525e+001
7.212584e+002,5.290540e+001
7.217405e+002,5.291362e+001
7.222227e+002,5.291957e+001
7.227048e+002,5.292359e+001
7.231869e+002,5.292654e+001
7.236691e+002,5.292973e+001
7.241511e+002,5.293456e+001
7.246333e+002,5.294212e+001
7.251154e+002,5.295304e+001
7.255975e+002,5.296726e+001
7.260797e+002,5.298411e+001
7.265618e+002,5.300239e+001
7.270439e+002,5.302055e+001
7.275260e+002,5.303687e+001
7.280082e+002,5.304954e+001
7.284902e+002,5.305689e+001
7.289724e+002,5.305764e+001
7.294545e+002,5.305115e+001
7.299366e+002,5.303761e+001
7.304188e+002,5.301822e+001
7.309009e+002,5.299498e+001
7.313831e+002,5.297044e+001
7.318651e+002,5.294724e+001
7.323473e+002,5.292772e+001
7.328293e+002,5.291369e+001
7.333115e+002,5.290655e+001
7.337936e+002,5.290720e+001
7.342758e+002,5.291638e+001
7.347579e+002,5.293454e+001
7.352400e+002,5.296173e+001
7.357222e+002,5.299722e+001
7.362042e+002,5.303926e+001
7.366864e+002,5.308498e+001
7.371685e+002,5.313063e+001
7.376506e+002,5.317214e+001
7.381328e+002,5.320587e+001
7.386149e+002,5.322925e+001
7.390970e+002,5.324125e+001
7.395791e+002,5.324238e+001
7.400613e+002,5.323444e+001
7.405434e+002,5.321994e+001
7.410255e+002,5.320163e+001
7.415076e+002,5.318212e+001
7.419897e+002,5.316360e+001
7.424719e+002,5.314776e+001
7.429540e+002,5.313578e+001
7.434362e+002,5.312830e+001
7.439182e+002,5.312545e+001
7.444004e+002,5.312687e+001
7.448825e+002,5.313181e+001
7.453646e+002,5.313931e+001
7.458467e+002,5.314827e+001
7.463289e+002,5.315770e+001
7.468110e+002,5.316663e+001
7.472931e+002,5.317418e+001
7.477753e+002,5.317950e+001
7.482574e+002,5.318177e+001
7.487395e+002,5.318040e+001
7.492216e+002,5.317519e+001
7.497037e+002,5.316659e+001
7.501859e+002,5.315565e+001
7.506680e+002,5.314406e+001
7.511501e+002,5.313363e+001
7.516322e+002,5.312598e+001
7.521144e+002,5.312209e+001
7.525965e+002,5.312223e+001
7.530786e+002,5.312593e+001
7.535608e+002,5.313225e+001
7.540428e+002,5.314010e+001
7.545250e+002,5.314856e+001
7.550071e+002,5.315697e+001
7.554893e+002,5.316492e+001
7.559714e+002,5.317212e+001
7.564535e+002,5.317834e+001
7.569356e+002,5.318332e+001
7.574177e+002,5.318686e+001
7.578999e+002,5.318885e+001
7.583820e+002,5.318935e+001
7.588641e+002,5.318861e+001
7.593463e+002,5.318701e+001
7.598284e+002,5.318490e+001
7.603105e+002,5.318266e+001
7.607926e+002,5.318049e+001
7.612748e+002,5.317852e+001
7.617568e+002,5.317672e+001
7.622390e+002,5.317493e+001
7.627211e+002,5.317282e+001
7.632032e+002,5.317000e+001
7.636854e+002,5.316599e+001
7.641675e+002,5.316050e+001
7.646496e+002,5.315353e+001
7.651317e+002,5.314547e+001
7.656139e+002,5.313725e+001
7.660959e+002,5.313004e+001
7.665781e+002,5.312508e+001
7.670602e+002,5.312341e+001
7.675424e+002,5.312553e+001
7.680245e+002,5.313144e+001
7.685066e+002,5.314063e+001
7.689888e+002,5.315219e+001
7.694708e+002,5.316512e+001
7.699530e+002,5.317835e+001
7.704351e+002,5.319092e+001
7.709172e+002,5.320191e+001
7.713994e+002,5.321047e+001
7.718815e+002,5.321589e+001
7.723636e+002,5.321773e+001
7.728457e+002,5.321580e+001
7.733279e+002,5.321035e+001
7.738099e+002,5.320198e+001
7.742921e+002,5.319150e+001
7.747742e+002,5.317990e+001
7.752563e+002,5.316821e+001
7.757385e+002,5.315742e+001
7.762206e+002,5.314854e+001
7.767028e+002,5.314247e+001
7.771848e+002,5.313998e+001
7.776670e+002,5.314159e+001
7.781491e+002,5.314725e+001
7.786312e+002,5.315644e+001
7.791133e+002,5.316798e+001
7.795955e+002,5.318042e+001
7.800776e+002,5.319223e+001
7.805597e+002,5.320216e+001
7.810419e+002,5.320942e+001
7.815239e+002,5.321380e+001
7.820061e+002,5.321544e+001
7.824882e+002,5.321466e+001
7.829703e+002,5.321183e+001
7.834525e+002,5.320724e+001
7.839346e+002,5.320121e+001
7.844167e+002,5.319424e+001
7.848988e+002,5.318711e+001
7.853810e+002,5.318079e+001
7.858631e+002,5.317627e+001
7.863452e+002,5.317434e+001
7.868273e+002,5.317528e+001
7.873094e+002,5.317873e+001
7.877916e+002,5.318378e+001
7.882737e+002,5.318910e+001
7.887559e+002,5.319322e+001
7.892380e+002,5.319482e+001
7.897201e+002,5.319295e+001
7.902022e+002,5.318717e+001
7.906843e+002,5.317756e+001
7.911665e+002,5.316481e+001
7.916486e+002,5.315012e+001
7.921307e+002,5.313499e+001
7.926128e+002,5.312111e+001
7.930950e+002,5.310991e+001
7.935771e+002,5.310238e+001
7.940592e+002,5.309884e+001
7.945413e+002,5.309896e+001
7.950234e+002,5.310203e+001
7.955056e+002,5.310711e+001
7.959877e+002,5.311341e+001
7.964698e+002,5.312040e+001
7.969520e+002,5.312778e+001
7.974341e+002,5.313526e+001
7.979162e+002,5.314243e+001
7.983983e+002,5.314867e+001
7.988805e+002,5.315320e+001
7.993625e+002,5.315534e+001
7.998447e+002,5.315477e+001
8.003268e+002,5.315160e+001
8.008090e+002,5.314638e+001
8.012911e+002,5.313973e+001
8.017732e+002,5.313213e+001
8.022553e+002,5.312370e+001
8.027374e+002,5.311417e+001
8.032196e+002,5.310321e+001
8.037017e+002,5.309064e+001
8.041838e+002,5.307677e+001
8.046660e+002,5.306240e+001
8.051481e+002,5.304870e+001
8.056302e+002,5.303681e+001
8.061123e+002,5.302748e+001
8.065945e+002,5.302088e+001
8.070765e+002,5.301665e+001
8.075587e+002,5.301403e+001
8.080408e+002,5.301219e+001
8.085229e+002,5.301044e+001
8.090051e+002,5.300840e+001
8.094872e+002,5.300589e+001
8.099694e+002,5.300290e+001
8.104514e+002,5.299942e+001
8.109336e+002,5.299549e+001
8.114156e+002,5.299118e+001
8.118978e+002,5.298658e+001
8.123799e+002,5.298193e+001
8.128621e+002,5.297739e+001
8.133442e+002,5.297306e+001
8.138263e+002,5.296880e+001
8.143085e+002,5.296425e+001
8.147905e+002,5.295900e+001
8.152727e+002,5.295269e+001
8.157548e+002,5.294516e+001
8.162369e+002,5.293652e+001
8.167191e+002,5.292714e+001
8.172012e+002,5.291745e+001
8.176833e+002,5.290787e+001
8.181654e+002,5.289871e+001
8.186476e+002,5.289019e+001
8.191296e+002,5.288246e+001
8.196118e+002,5.287568e+001
8.200939e+002,5.286996e+001
8.205760e+002,5.286539e+001
8.210582e+002,5.286177e+001
8.215403e+002,5.285873e+001
8.220225e+002,5.285572e+001
8.225045e+002,5.285207e+001
8.229867e+002,5.284732e+001
8.234688e+002,5.284130e+001
8.239509e+002,5.283417e+001
8.244330e+002,5.282634e+001
8.249152e+002,5.281834e+001
8.253973e+002,5.281059e+001
8.258794e+002,5.280336e+001
8.263616e+002,5.279675e+001
8.268437e+002,5.279073e+001
8.273258e+002,5.278532e+001
8.278079e+002,5.278053e+001
8.282900e+002,5.277638e+001
8.287722e+002,5.277282e+001
8.292543e+002,5.276970e+001
8.297365e+002,5.276674e+001
8.302185e+002,5.276364e+001
8.307007e+002,5.276020e+001
8.311828e+002,5.275633e+001
8.316649e+002,5.275208e+001
8.321470e+002,5.274760e+001
8.326292e+002,5.274298e+001
8.331113e+002,5.273830e+001
8.335934e+002,5.273354e+001
8.340756e+002,5.272876e+001
8.345577e+002,5.272412e+001
8.350398e+002,5.271989e+001
8.355219e+002,5.271636e+001
8.360040e+002,5.271363e+001
8.364862e+002,5.271144e+001
8.369683e+002,5.270920e+001
8.374504e+002,5.270597e+001
8.379325e+002,5.270089e+001
8.384147e+002,5.269337e+001
8.388968e+002,5.268333e+001
8.393789e+002,5.267130e+001
8.398610e+002,5.265813e+001
8.403431e+002,5.264479e+001
8.408253e+002,5.263198e+001
8.413074e+002,5.262004e+001
8.417896e+002,5.260891e+001
8.422717e+002,5.259840e+001
8.427538e+002,5.258834e+001
8.432359e+002,5.257880e+001
8.437180e+002,5.257008e+001
8.442002e+002,5.256258e+001
8.446823e+002,5.255666e+001
8.451644e+002,5.255239e+001
8.456465e+002,5.254955e+001
8.461287e+002,5.254758e+001
8.466108e+002,5.254578e+001
8.470929e+002,5.254344e+001
8.475751e+002,5.254000e+001
8.480571e+002,5.253514e+001
8.485393e+002,5.252881e+001
8.490214e+002,5.252130e+001
8.495035e+002,5.251323e+001
8.499857e+002,5.250540e+001
8.504678e+002,5.249879e+001
8.509499e+002,5.249419e+001
8.514320e+002,5.249208e+001
8.519142e+002,5.249242e+001
8.523962e+002,5.249456e+001
8.528784e+002,5.249743e+001
8.533605e+002,5.249976e+001
8.538427e+002,5.250043e+001
8.543248e+002,5.249870e+001
8.548069e+002,5.249435e+001
8.552891e+002,5.248754e+001
8.557711e+002,5.247878e+001
8.562533e+002,5.246861e+001
8.567354e+002,5.245751e+001
8.572175e+002,5.244586e+001
8.576996e+002,5.243399e+001
8.581818e+002,5.242224e+001
8.586639e+002,5.241098e+001
8.591460e+002,5.240058e+001
8.596282e+002,5.239130e+001
8.601102e+002,5.238325e+001
8.605924e+002,5.237636e+001
8.610745e+002,5.237037e+001
8.615566e+002,5.236493e+001
8.620388e+002,5.235975e+001
8.625209e+002,5.235448e+001
8.630031e+002,5.234885e+001
8.634851e+002,5.234254e+001
8.639673e+002,5.233528e+001
8.644494e+002,5.232697e+001
8.649315e+002,5.231774e+001
8.654136e+002,5.230811e+001
8.658958e+002,5.229894e+001
8.663779e+002,5.229124e+001
8.668600e+002,5.228585e+001
8.673422e+002,5.228315e+001
8.678242e+002,5.228288e+001
8.683064e+002,5.228412e+001
8.687885e+002,5.228557e+001
8.692706e+002,5.228593e+001
8.697527e+002,5.228423e+001
8.702349e+002,5.228008e+001
8.707170e+002,5.227365e+001
8.711991e+002,5.226554e+001
8.716813e+002,5.225644e+001
8.721634e+002,5.224697e+001
8.726455e+002,5.223748e+001
8.731276e+002,5.222812e+001
8.736097e+002,5.221888e+001
8.740919e+002,5.220973e+001
8.745740e+002,5.220057e+001
8.750562e+002,5.219141e+001
8.755382e+002,5.218223e+001
8.760204e+002,5.217308e+001
8.765025e+002,5.216412e+001
8.769846e+002,5.215565e+001
8.774668e+002,5.214816e+001
8.779489e+002,5.214220e+001
8.784310e+002,5.213821e+001
8.789131e+002,5.213631e+001
8.793953e+002,5.213616e+001
8.798774e+002,5.213695e+001
8.803595e+002,5.213755e+001
8.808416e+002,5.213682e+001
8.813237e+002,5.213383e+001
8.818059e+002,5.212820e+001
8.822880e+002,5.212004e+001
8.827701e+002,5.210996e+001
8.832523e+002,5.209890e+001
8.837344e+002,5.208782e+001
8.842165e+002,5.207760e+001
8.846986e+002,5.206891e+001
8.851808e+002,5.206212e+001
8.856628e+002,5.205729e+001
8.861450e+002,5.205411e+001
8.866271e+002,5.205201e+001
8.871093e+002,5.205016e+001
8.875914e+002,5.204769e+001
8.880735e+002,5.204381e+001
8.885556e+002,5.203808e+001
8.890377e+002,5.203050e+001
8.895199e+002,5.202155e+001
8.900020e+002,5.201191e+001
8.904841e+002,5.200240e+001
8.909662e+002,5.199359e+001
8.914484e+002,5.198581e+001
8.919305e+002,5.197899e+001
8.924126e+002,5.197281e+001
8.928948e+002,5.196685e+001
8.933768e+002,5.196063e+001
8.938590e+002,5.195377e+001
8.943411e+002,5.194604e+001
8.948232e+002,5.193737e+001
8.953054e+002,5.192782e+001
8.957875e+002,5.191774e+001
8.962697e+002,5.190771e+001
8.967517e+002,5.189849e+001
8.972339e+002,5.189089e+001
8.977159e+002,5.188547e+001
8.981981e+002,5.188242e+001
8.986802e+002,5.188138e+001
8.991624e+002,5.188150e+001
8.996445e+002,5.188165e+001
9.001266e+002,5.188072e+001
9.006088e+002,5.187795e+001
9.010908e+002,5.187308e+001
9.015730e+002,5.186641e+001
9.020551e+002,5.185857e+001
9.025372e+002,5.185041e+001
9.030193e+002,5.184266e+001
9.035015e+002,5.183580e+001
9.039836e+002,5.183002e+001
9.044657e+002,5.182527e+001
9.049479e+002,5.182131e+001
9.054299e+002,5.181778e+001
9.059121e+002,5.181428e+001
9.063942e+002,5.181044e+001
9.068763e+002,5.180598e+001
9.073585e+002,5.180074e+001
9.078406e+002,5.179478e+001
9.083228e+002,5.178837e+001
9.088048e+002,5.178185e+001
9.092870e+002,5.177555e+001
9.097691e+002,5.176962e+001
9.102512e+002,5.176394e+001
9.107333e+002,5.175813e+001
9.112155e+002,5.175168e+001
9.116976e+002,5.174409e+001
9.121797e+002,5.173512e+001
9.126619e+002,5.172485e+001
9.131440e+002,5.171367e+001
9.136261e+002,5.170213e+001
9.141082e+002,5.169084e+001
9.145903e+002,5.168030e+001
9.150724e+002,5.167075e+001
9.155546e+002,5.166226e+001
9.160367e+002,5.165466e+001
9.165189e+002,5.164769e+001
9.170010e+002,5.164100e+001
9.174831e+002,5.163423e+001
9.179652e+002,5.162712e+001
9.184473e+002,5.161950e+001
9.189294e+002,5.161146e+001
9.194116e+002,5.160328e+001
9.198937e+002,5.159542e+001
9.203759e+002,5.158842e+001
9.208580e+002,5.158263e+001
9.213401e+002,5.157815e+001
9.218222e+002,5.157471e+001
9.223043e+002,5.157177e+001
9.227864e+002,5.156863e+001
9.232686e+002,5.156475e+001
9.237507e+002,5.155980e+001
9.242328e+002,5.155380e+001
9.247150e+002,5.154700e+001
9.251971e+002,5.153979e+001
9.256792e+002,5.153248e+001
9.261613e+002,5.152525e+001
9.266434e+002,5.151813e+001
9.271255e+002,5.151114e+001
9.276077e+002,5.150425e+001
9.280898e+002,5.149762e+001
9.285720e+002,5.149136e+001
9.290541e+002,5.148566e+001
9.295362e+002,5.148061e+001
9.300183e+002,5.147618e+001
9.305004e+002,5.147229e+001
9.309826e+002,5.146878e+001
9.314647e+002,5.146550e+001
9.319468e+002,5.146226e+001
9.324290e+002,5.145879e+001
9.329111e+002,5.145472e+001
9.333932e+002,5.144961e+001
9.338753e+002,5.144307e+001
9.343574e+002,5.143488e+001
9.348396e+002,5.142520e+001
9.353217e+002,5.141457e+001
9.358038e+002,5.140387e+001
9.362859e+002,5.139401e+001
9.367681e+002,5.138572e+001
9.372502e+002,5.137926e+001
9.377323e+002,5.137433e+001
9.382144e+002,5.137030e+001
9.386966e+002,5.136631e+001
9.391787e+002,5.136172e+001
9.396608e+002,5.135625e+001
9.401429e+002,5.135005e+001
9.406251e+002,5.134352e+001
9.411072e+002,5.133715e+001
9.415893e+002,5.133123e+001
9.420714e+002,5.132571e+001
9.425536e+002,5.132025e+001
9.430357e+002,5.131425e+001
9.435178e+002,5.130710e+001
9.439999e+002,5.129837e+001
9.444821e+002,5.128788e+001
9.449642e+002,5.127586e+001
9.454463e+002,5.126282e+001
9.459284e+002,5.124957e+001
9.464106e+002,5.123705e+001
9.468927e+002,5.122609e+001
9.473748e+002,5.121734e+001
9.478569e+002,5.121104e+001
9.483391e+002,5.120695e+001
9.488212e+002,5.120441e+001
9.493033e+002,5.120250e+001
9.497855e+002,5.120026e+001
9.502676e+002,5.119697e+001
9.507497e+002,5.119230e+001
9.512318e+002,5.118634e+001
9.517139e+002,5.117946e+001
9.521960e+002,5.117217e+001
9.526782e+002,5.116486e+001
9.531603e+002,5.115776e+001
9.536425e+002,5.115092e+001
9.541246e+002,5.114428e+001
9.546067e+002,5.113773e+001
9.550888e+002,5.113128e+001
9.555709e+002,5.112492e+001
9.560530e+002,5.111860e+001
9.565352e+002,5.111222e+001
9.570173e+002,5.110551e+001
9.574995e+002,5.109823e+001
9.579816e+002,5.109016e+001
9.584637e+002,5.108135e+001
9.589458e+002,5.107203e+001
9.594279e+002,5.106260e+001
9.599100e+002,5.105355e+001
9.603922e+002,5.104525e+001
9.608743e+002,5.103786e+001
9.613564e+002,5.103147e+001
9.618386e+002,5.102598e+001
9.623207e+002,5.102131e+001
9.628028e+002,5.101746e+001
9.632849e+002,5.101443e+001
9.637670e+002,5.101225e+001
9.642491e+002,5.101081e+001
9.647313e+002,5.100989e+001
9.652134e+002,5.100914e+001
9.656956e+002,5.100821e+001
9.661777e+002,5.100686e+001
9.666598e+002,5.100491e+001
9.671419e+002,5.100234e+001
9.676240e+002,5.099923e+001
9.681061e+002,5.099558e+001
9.685883e+002,5.099141e+001
9.690704e+002,5.098664e+001
9.695526e+002,5.098125e+001
9.700347e+002,5.097532e+001
9.705168e+002,5.096906e+001
9.709989e+002,5.096277e+001
9.714810e+002,5.095680e+001
9.719631e+002,5.095143e+001
9.724453e+002,5.094678e+001
9.729274e+002,5.094292e+001
9.734095e+002,5.093979e+001
9.738917e+002,5.093732e+001
9.743738e+002,5.093548e+001
9.748559e+002,5.093418e+001
9.753380e+002,5.093327e+001
9.758201e+002,5.093249e+001
9.763023e+002,5.093154e+001
9.767844e+002,5.093004e+001
9.772665e+002,5.092776e+001
9.777487e+002,5.092462e+001
9.782308e+002,5.092088e+001
9.787129e+002,5.091694e+001
9.791950e+002,5.091336e+001
9.796771e+002,5.091065e+001
9.801593e+002,5.090919e+001
9.806414e+002,5.090910e+001
9.811235e+002,5.091034e+001
9.816057e+002,5.091266e+001
9.820878e+002,5.091574e+001
9.825699e+002,5.091917e+001
9.830520e+002,5.092258e+001
9.835342e+002,5.092559e+001
9.840163e+002,5.092794e+001
9.844984e+002,5.092944e+001
9.849805e+002,5.093006e+001
9.854626e+002,5.092989e+001
9.859448e+002,5.092910e+001
9.864269e+002,5.092782e+001
9.869090e+002,5.092614e+001
9.873912e+002,5.092408e+001
9.878733e+002,5.092155e+001
9.883554e+002,5.091857e+001
9.888375e+002,5.091528e+001
9.893196e+002,5.091191e+001
9.898018e+002,5.090878e+001
9.902839e+002,5.090609e+001
9.907660e+002,5.090390e+001
9.912482e+002,5.090195e+001
9.917303e+002,5.089983e+001
9.922124e+002,5.089712e+001
9.926945e+002,5.089358e+001
9.931766e+002,5.088931e+001
9.936588e+002,5.088480e+001
9.941409e+002,5.088070e+001
9.946230e+002,5.087772e+001
9.951052e+002,5.087631e+001
9.955873e+002,5.087658e+001
9.960694e+002,5.087827e+001
9.965515e+002,5.088088e+001
9.970336e+002,5.088379e+001
9.975157e+002,5.088657e+001
9.979979e+002,5.088886e+001
9.984800e+002,5.089056e+001
9.989622e+002,5.089164e+001
9.994443e+002,5.089226e+001
9.999264e+002,5.089254e+001
1.000409e+003,5.089272e+001
1.000891e+003,5.089303e+001
1.001373e+003,5.089370e+001
1.001855e+003,5.089489e+001
1.002337e+003,5.089658e+001
1.002819e+003,5.089858e+001
1.003301e+003,5.090057e+001
1.003783e+003,5.090224e+001
1.004266e+003,5.090342e+001
1.004748e+003,5.090415e+001
1.005230e+003,5.090474e+001
1.005712e+003,5.090560e+001
1.006194e+003,5.090703e+001
1.006676e+003,5.090916e+001
1.007158e+003,5.091183e+001
1.007640e+003,5.091464e+001
1.008122e+003,5.091716e+001
1.008605e+003,5.091908e+001
1.009087e+003,5.092031e+001
1.009569e+003,5.092102e+001
1.010051e+003,5.092152e+001
1.010533e+003,5.092213e+001
1.011015e+003,5.092306e+001
1.011497e+003,5.092440e+001
1.011979e+003,5.092616e+001
1.012462e+003,5.092825e+001
1.012944e+003,5.093072e+001
1.013426e+003,5.093356e+001
1.013908e+003,5.093678e+001
1.014390e+003,5.094025e+001
1.014872e+003,5.094368e+001
1.015354e+003,5.094676e+001
1.015836e+003,5.094907e+001
1.016319e+003,5.095037e+001
1.016801e+003,5.095059e+001
1.017283e+003,5.094979e+001
1.017765e+003,5.094824e+001
1.018247e+003,5.094618e+001
1.018729e+003,5.094390e+001
1.019211e+003,5.094162e+001
1.019693e+003,5.093953e+001
1.020176e+003,5.093785e+001
1.020658e+003,5.093678e+001
1.021140e+003,5.093648e+001
1.021622e+003,5.093696e+001
1.022104e+003,5.093805e+001
1.022586e+003,5.093942e+001
1.023068e+003,5.094065e+001
1.023550e+003,5.094139e+001
1.024033e+003,5.094149e+001
1.024515e+003,5.094102e+001
1.024997e+003,5.094031e+001
1.025479e+003,5.093980e+001
1.025961e+003,5.093983e+001
1.026443e+003,5.094068e+001
1.026925e+003,5.094239e+001
1.027407e+003,5.094482e+001
1.027890e+003,5.094775e+001
1.028372e+003,5.095091e+001
1.028854e+003,5.095403e+001
1.029336e+003,5.095686e+001
1.029818e+003,5.095924e+001
1.030300e+003,5.096111e+001
1.030782e+003,5.096259e+001
1.031264e+003,5.096395e+001
1.031747e+003,5.096568e+001
1.032229e+003,5.096832e+001
1.032711e+003,5.097217e+001
1.033193e+003,5.097730e+001
1.033675e+003,5.098328e+001
1.034157e+003,5.098930e+001
1.034639e+003,5.099434e+001
1.035121e+003,5.099750e+001
1.035604e+003,5.099820e+001
1.036086e+003,5.099646e+001
1.036568e+003,5.099278e+001
1.037050e+003,5.098805e+001
1.037532e+003,5.098322e+001
1.038014e+003,5.097916e+001
1.038496e+003,5.097640e+001
1.038979e+003,5.097515e+001
1.039461e+003,5.097535e+001
1.039943e+003,5.097668e+001
1.040425e+003,5.097867e+001
1.040907e+003,5.098082e+001
1.041389e+003,5.098256e+001
1.041871e+003,5.098341e+001
1.042353e+003,5.098298e+001
1.042835e+003,5.098115e+001
1.043318e+003,5.097810e+001
1.043800e+003,5.097427e+001
1.044282e+003,5.097030e+001
1.044764e+003,5.096684e+001
1.045246e+003,5.096436e+001
1.045728e+003,5.096307e+001
1.046210e+003,5.096300e+001
1.046692e+003,5.096387e+001
1.047175e+003,5.096542e+001
1.047657e+003,5.096741e+001
1.048139e+003,5.096970e+001
1.048621e+003,5.097228e+001
1.049103e+003,5.097516e+001
1.049585e+003,5.097848e+001
1.050067e+003,5.098228e+001
1.050549e+003,5.098659e+001
1.051031e+003,5.099139e+001
1.051514e+003,5.099649e+001
1.051996e+003,5.100155e+001
1.052478e+003,5.100600e+001
1.052960e+003,5.100914e+001
1.053442e+003,5.101030e+001
1.053924e+003,5.100898e+001
1.054406e+003,5.100512e+001
1.054889e+003,5.099909e+001
1.055371e+003,5.099171e+001
1.055853e+003,5.098401e+001
1.056335e+003,5.097694e+001
1.056817e+003,5.097115e+001
1.057299e+003,5.096682e+001
1.057781e+003,5.096374e+001
1.058263e+003,5.096144e+001
1.058746e+003,5.095942e+001
1.059228e+003,5.095726e+001
1.059710e+003,5.095478e+001
1.060192e+003,5.095200e+001
1.060674e+003,5.094906e+001
1.061156e+003,5.094609e+001
1.061638e+003,5.094329e+001
1.062120e+003,5.094081e+001
1.062603e+003,5.093883e+001
1.063085e+003,5.093748e+001
1.063567e+003,5.093689e+001
1.064049e+003,5.093698e+001
1.064531e+003,5.093758e+001
1.065013e+003,5.093837e+001
1.065495e+003,5.093906e+001
1.065977e+003,5.093945e+001
1.066460e+003,5.093954e+001
1.066942e+003,5.093949e+001
1.067424e+003,5.093955e+001
1.067906e+003,5.093993e+001
1.068388e+003,5.094066e+001
1.068870e+003,5.094160e+001
1.069352e+003,5.094246e+001
1.069834e+003,5.094307e+001
1.070317e+003,5.094333e+001
1.070799e+003,5.094337e+001
1.071281e+003,5.094340e+001
1.071763e+003,5.094360e+001
1.072245e+003,5.094399e+001
1.072727e+003,5.094438e+001
1.073209e+003,5.094440e+001
1.073691e+003,5.094371e+001
1.074174e+003,5.094205e+001
1.074656e+003,5.093944e+001
1.075138e+003,5.093609e+001
1.075620e+003,5.093230e+001
1.076102e+003,5.092839e+001
1.076584e+003,5.092453e+001
1.077066e+003,5.092081e+001
1.077548e+003,5.091730e+001
1.078031e+003,5.091413e+001
1.078513e+003,5.091149e+001
1.078995e+003,5.090961e+001
1.079477e+003,5.090861e+001
1.079959e+003,5.090841e+001
1.080441e+003,5.090865e+001
1.080923e+003,5.090886e+001
1.081406e+003,5.090846e+001
1.081888e+003,5.090710e+001
1.082370e+003,5.090468e+001
1.082852e+003,5.090142e+001
1.083334e+003,5.089782e+001
1.083816e+003,5.089446e+001
1.084298e+003,5.089194e+001
1.084780e+003,5.089069e+001
1.085262e+003,5.089097e+001
1.085745e+003,5.089282e+001
1.086227e+003,5.089603e+001
1.086709e+003,5.090015e+001
1.087191e+003,5.090454e+001
1.087673e+003,5.090840e+001
1.088155e+003,5.091096e+001
1.088637e+003,5.091167e+001
1.089119e+003,5.091039e+001
1.089602e+003,5.090741e+001
1.090084e+003,5.090348e+001
1.090566e+003,5.089954e+001
1.091048e+003,5.089644e+001
1.091530e+003,5.089466e+001
1.092012e+003,5.089425e+001
1.092494e+003,5.089479e+001
1.092976e+003,5.089558e+001
1.093458e+003,5.089589e+001
1.093941e+003,5.089518e+001
1.094423e+003,5.089313e+001
1.094905e+003,5.088978e+001
1.095387e+003,5.088527e+001
1.095869e+003,5.087995e+001
1.096351e+003,5.087416e+001
1.096833e+003,5.086826e+001
1.097316e+003,5.086261e+001
1.097798e+003,5.085758e+001
1.098280e+003,5.085339e+001
1.098762e+003,5.085014e+001
1.099244e+003,5.084768e+001
1.099726e+003,5.084577e+001
1.100208e+003,5.084406e+001
1.100690e+003,5.084228e+001
1.101173e+003,5.084035e+001
1.101655e+003,5.083835e+001
1.102137e+003,5.083648e+001
1.102619e+003,5.083479e+001
1.103101e+003,5.083329e+001
1.103583e+003,5.083170e+001
1.104065e+003,5.082967e+001
1.104547e+003,5.082683e+001
1.105030e+003,5.082306e+001
1.105512e+003,5.081845e+001
1.105994e+003,5.081334e+001
1.106476e+003,5.080814e+001
1.106958e+003,5.080315e+001
1.107440e+003,5.079845e+001
1.107922e+003,5.079398e+001
1.108404e+003,5.078945e+001
1.108886e+003,5.078471e+001
1.109369e+003,5.077971e+001
1.109851e+003,5.077459e+001
1.110333e+003,5.076962e+001
1.110815e+003,5.076514e+001
1.111297e+003,5.076136e+001
1.111779e+003,5.075839e+001
1.112261e+003,5.075617e+001
1.112744e+003,5.075453e+001
1.113226e+003,5.075318e+001
1.113708e+003,5.075178e+001
1.114190e+003,5.074995e+001
1.114672e+003,5.074726e+001
1.115154e+003,5.074336e+001
1.115636e+003,5.073803e+001
1.116118e+003,5.073134e+001
1.116601e+003,5.072364e+001
1.117083e+003,5.071558e+001
1.117565e+003,5.070792e+001
1.118047e+003,5.070130e+001
1.118529e+003,5.069614e+001
1.119011e+003,5.069246e+001
1.119493e+003,5.068995e+001
1.119975e+003,5.068810e+001
1.120458e+003,5.068634e+001
1.120940e+003,5.068432e+001
1.121422e+003,5.068178e+001
1.121904e+003,5.067873e+001
1.122386e+003,5.067517e+001
1.122868e+003,5.067122e+001
1.123350e+003,5.066689e+001
1.123832e+003,5.066219e+001
1.124314e+003,5.065712e+001
1.124797e+003,5.065167e+001
1.125279e+003,5.064592e+001
1.125761e+003,5.063990e+001
1.126243e+003,5.063367e+001
1.126725e+003,5.062730e+001
1.127207e+003,5.062093e+001
1.127689e+003,5.061472e+001
1.128172e+003,5.060897e+001
1.128654e+003,5.060401e+001
1.129136e+003,5.060007e+001
1.129618e+003,5.059723e+001
1.130100e+003,5.059524e+001
1.130582e+003,5.059364e+001
1.131064e+003,5.059180e+001
1.131546e+003,5.058913e+001
1.132029e+003,5.058521e+001
1.132511e+003,5.057991e+001
1.132993e+003,5.057335e+001
1.133475e+003,5.056590e+001
1.133957e+003,5.055795e+001
1.134439e+003,5.054990e+001
1.134921e+003,5.054209e+001
1.135403e+003,5.053477e+001
1.135885e+003,5.052819e+001
1.136368e+003,5.052259e+001
1.136850e+003,5.051813e+001
1.137332e+003,5.051482e+001
1.137814e+003,5.051250e+001
1.138296e+003,5.051087e+001
1.138778e+003,5.050945e+001
1.139260e+003,5.050780e+001
1.139742e+003,5.050554e+001
1.140225e+003,5.050244e+001
1.140707e+003,5.049841e+001
1.141189e+003,5.049347e+001
1.141671e+003,5.048761e+001
1.142153e+003,5.048087e+001
1.142635e+003,5.047324e+001
1.143117e+003,5.046483e+001
1.143599e+003,5.045586e+001
1.144082e+003,5.044671e+001
1.144564e+003,5.043779e+001
1.145046e+003,5.042955e+001
1.145528e+003,5.042226e+001
1.146010e+003,5.041610e+001
1.146492e+003,5.041099e+001
1.146974e+003,5.040683e+001
1.147457e+003,5.040344e+001
1.147939e+003,5.040069e+001
1.148421e+003,5.039846e+001
1.148903e+003,5.039652e+001
1.149385e+003,5.039463e+001
1.149867e+003,5.039246e+001
1.150349e+003,5.038962e+001
1.150831e+003,5.038579e+001
1.151313e+003,5.038083e+001
1.151796e+003,5.037475e+001
1.152278e+003,5.036768e+001
1.152760e+003,5.035984e+001
1.153242e+003,5.035141e+001
1.153724e+003,5.034261e+001
1.154206e+003,5.033358e+001
1.154688e+003,5.032450e+001
1.155170e+003,5.031569e+001
1.155653e+003,5.030742e+001
1.156135e+003,5.030000e+001
1.156617e+003,5.029362e+001
1.157099e+003,5.028831e+001
1.157581e+003,5.028392e+001
1.158063e+003,5.028021e+001
1.158545e+003,5.027700e+001
1.159027e+003,5.027428e+001
1.159510e+003,5.027209e+001
1.159992e+003,5.027059e+001
1.160474e+003,5.026980e+001
1.160956e+003,5.026953e+001
1.161438e+003,5.026929e+001
1.161920e+003,5.026840e+001
1.162402e+003,5.026618e+001
1.162885e+003,5.026213e+001
1.163367e+003,5.025607e+001
1.163849e+003,5.024824e+001
1.164331e+003,5.023919e+001
1.164813e+003,5.022960e+001
1.165295e+003,5.022017e+001
1.165777e+003,5.021146e+001
1.166259e+003,5.020379e+001
1.166741e+003,5.019732e+001
1.167224e+003,5.019195e+001
1.167706e+003,5.018743e+001
1.168188e+003,5.018334e+001
1.168670e+003,5.017919e+001
1.169152e+003,5.017449e+001
1.169634e+003,5.016887e+001
1.170116e+003,5.016220e+001
1.170598e+003,5.015460e+001
1.171081e+003,5.014650e+001
1.171563e+003,5.013836e+001
1.172045e+003,5.013063e+001
1.172527e+003,5.012353e+001
1.173009e+003,5.011695e+001
1.173491e+003,5.011054e+001
1.173973e+003,5.010382e+001
1.174455e+003,5.009638e+001
1.174938e+003,5.008795e+001
1.175420e+003,5.007847e+001
1.175902e+003,5.006812e+001
1.176384e+003,5.005715e+001
1.176866e+003,5.004582e+001
1.177348e+003,5.003444e+001
1.177830e+003,5.002322e+001
1.178313e+003,5.001249e+001
1.178795e+003,5.000253e+001
1.179277e+003,4.999360e+001
1.179759e+003,4.998592e+001
1.180241e+003,4.997945e+001
1.180723e+003,4.997400e+001
1.181205e+003,4.996924e+001
1.181687e+003,4.996480e+001
1.182169e+003,4.996038e+001
1.182652e+003,4.995581e+001
1.183134e+003,4.995105e+001
1.183616e+003,4.994613e+001
1.184098e+003,4.994104e+001
1.184580e+003,4.993569e+001
1.185062e+003,4.992994e+001
1.185544e+003,4.992362e+001
1.186026e+003,4.991668e+001
1.186509e+003,4.990922e+001
1.186991e+003,4.990149e+001
1.187473e+003,4.989382e+001
1.187955e+003,4.988654e+001
1.188437e+003,4.987987e+001
1.188919e+003,4.987388e+001
1.189401e+003,4.986851e+001
1.189883e+003,4.986364e+001
1.190366e+003,4.985910e+001
1.190848e+003,4.985472e+001
1.191330e+003,4.985033e+001
1.191812e+003,4.984573e+001
1.192294e+003,4.984072e+001
1.192776e+003,4.983516e+001
1.193258e+003,4.982896e+001
1.193740e+003,4.982217e+001
1.194223e+003,4.981500e+001
1.194705e+003,4.980773e+001
1.195187e+003,4.980067e+001
1.195669e+003,4.979411e+001
1.196151e+003,4.978821e+001
1.196633e+003,4.978302e+001
1.197115e+003,4.977854e+001
1.197597e+003,4.977470e+001
1.198080e+003,4.977150e+001
1.198562e+003,4.976880e+001
1.199044e+003,4.976649e+001
1.199526e+003,4.976431e+001
1.200008e+003,4.976198e+001
1.200490e+003,4.975921e+001
1.200972e+003,4.975577e+001
1.201454e+003,4.975164e+001
1.201937e+003,4.974693e+001
1.202419e+003,4.974187e+001
1.202901e+003,4.973672e+001
1.203383e+003,4.973163e+001
1.203865e+003,4.972666e+001
1.204347e+003,4.972173e+001
1.204829e+003,4.971671e+001
1.205312e+003,4.971154e+001
1.205794e+003,4.970623e+001
1.206276e+003,4.970084e+001
1.206758e+003,4.969547e+001
1.207240e+003,4.969016e+001
1.207722e+003,4.968490e+001
1.208204e+003,4.967965e+001
1.208686e+003,4.967438e+001
1.209168e+003,4.966916e+001
1.209651e+003,4.966416e+001
1.210133e+003,4.965957e+001
1.210615e+003,4.965558e+001
1.211097e+003,4.965217e+001
1.211579e+003,4.964924e+001
1.212061e+003,4.964648e+001
1.212543e+003,4.964360e+001
1.213025e+003,4.964039e+001
1.213508e+003,4.963680e+001
1.213990e+003,4.963291e+001
1.214472e+003,4.962891e+001
1.214954e+003,4.962490e+001
1.215436e+003,4.962100e+001
1.215918e+003,4.961712e+001
1.216400e+003,4.961315e+001
1.216882e+003,4.960902e+001
1.217365e+003,4.960471e+001
1.217847e+003,4.960032e+001
1.218329e+003,4.959597e+001
1.218811e+003,4.959177e+001
1.219293e+003,4.958777e+001
1.219775e+003,4.958390e+001
1.220257e+003,4.958009e+001
1.220740e+003,4.957621e+001
1.221222e+003,4.957224e+001
1.221704e+003,4.956816e+001
1.222186e+003,4.956396e+001
1.222668e+003,4.955960e+001
1.223150e+003,4.955497e+001
1.223632e+003,4.954992e+001
1.224114e+003,4.954430e+001
1.224596e+003,4.953809e+001
1.225079e+003,4.953128e+001
1.225561e+003,4.952403e+001
1.226043e+003,4.951645e+001
1.226525e+003,4.950867e+001
1.227007e+003,4.950071e+001
1.227489e+003,4.949255e+001
1.227971e+003,4.948419e+001
1.228453e+003,4.947571e+001
1.228936e+003,4.946731e+001
1.229418e+003,4.945924e+001
1.229900e+003,4.945178e+001
1.230382e+003,4.944513e+001
1.230864e+003,4.943937e+001
1.231346e+003,4.943447e+001
1.231828e+003,4.943029e+001
1.232310e+003,4.942671e+001
1.232792e+003,4.942365e+001
1.233275e+003,4.942105e+001
1.233757e+003,4.941891e+001
1.234239e+003,4.941716e+001
1.234721e+003,4.941570e+001
1.235203e+003,4.941438e+001
1.235685e+003,4.941305e+001
1.236167e+003,4.941161e+001
1.236650e+003,4.941006e+001
1.237132e+003,4.940845e+001
1.237614e+003,4.940681e+001
1.238096e+003,4.940514e+001
1.238578e+003,4.940329e+001
1.239060e+003,4.940110e+001
1.239542e+003,4.939838e+001
1.240024e+003,4.939496e+001
1.240507e+003,4.939084e+001
1.240989e+003,4.938612e+001
1.241471e+003,4.938091e+001
1.241953e+003,4.937539e+001
1.242435e+003,4.936968e+001
1.242917e+003,4.936390e+001
1.243399e+003,4.935816e+001
1.243881e+003,4.935263e+001
1.244364e+003,4.934754e+001
1.244846e+003,4.934315e+001
1.245328e+003,4.933962e+001
1.245810e+003,4.933699e+001
1.246292e+003,4.933513e+001
1.246774e+003,4.933377e+001
1.247256e+003,4.933261e+001
1.247738e+003,4.933136e+001
1.248220e+003,4.932988e+001
1.248703e+003,4.932817e+001
1.249185e+003,4.932629e+001
1.249667e+003,4.932441e+001
1.250149e+003,4.932260e+001
1.250631e+003,4.932090e+001
1.251113e+003,4.931931e+001
1.251595e+003,4.931782e+001
1.252078e+003,4.931634e+001
1.252560e+003,4.931484e+001
1.253042e+003,4.931322e+001
1.253524e+003,4.931135e+001
1.254006e+003,4.930909e+001
1.254488e+003,4.930636e+001
1.254970e+003,4.930313e+001
1.255452e+003,4.929955e+001
1.255935e+003,4.929587e+001
1.256417e+003,4.929238e+001
1.256899e+003,4.928926e+001
1.257381e+003,4.928659e+001
1.257863e+003,4.928429e+001
1.258345e+003,4.928218e+001
1.258827e+003,4.928011e+001
1.259309e+003,4.927803e+001
1.259792e+003,4.927610e+001
1.260274e+003,4.927456e+001
1.260756e+003,4.927365e+001
1.261238e+003,4.927352e+001
1.261720e+003,4.927409e+001
1.262202e+003,4.927508e+001
1.262684e+003,4.927606e+001
1.263166e+003,4.927665e+001
1.263648e+003,4.927651e+001
1.264131e+003,4.927546e+001
1.264613e+003,4.927339e+001
1.265095e+003,4.927024e+001
1.265577e+003,4.926599e+001
1.266059e+003,4.926057e+001
1.266541e+003,4.925399e+001
1.267023e+003,4.924636e+001
1.267505e+003,4.923791e+001
1.267988e+003,4.922904e+001
1.268470e+003,4.922018e+001
1.268952e+003,4.921177e+001
1.269434e+003,4.920411e+001
1.269916e+003,4.919741e+001
1.270398e+003,4.919171e+001
1.270880e+003,4.918700e+001
1.271363e+003,4.918317e+001
1.271845e+003,4.918012e+001
1.272327e+003,4.917767e+001
1.272809e+003,4.917563e+001
1.273291e+003,4.917384e+001
1.273773e+003,4.917216e+001
1.274255e+003,4.917052e+001
1.274737e+003,4.916898e+001
1.275219e+003,4.916764e+001
1.275702e+003,4.916660e+001
1.276184e+003,4.916587e+001
1.276666e+003,4.916531e+001
1.277148e+003,4.916458e+001
1.277630e+003,4.916331e+001
1.278112e+003,4.916117e+001
1.278594e+003,4.915796e+001
1.279076e+003,4.915371e+001
1.279559e+003,4.914867e+001
1.280041e+003,4.914314e+001
1.280523e+003,4.913746e+001
1.281005e+003,4.913186e+001
1.281487e+003,4.912642e+001
1.281969e+003,4.912117e+001
1.282451e+003,4.911609e+001
1.282933e+003,4.911116e+001
1.283416e+003,4.910641e+001
1.283898e+003,4.910182e+001
1.284380e+003,4.909736e+001
1.284862e+003,4.909293e+001
1.285344e+003,4.908844e+001
1.285826e+003,4.908385e+001
1.286308e+003,4.907927e+001
1.286791e+003,4.907490e+001
1.287273e+003,4.907101e+001
1.287755e+003,4.906783e+001
1.288237e+003,4.906546e+001
1.288719e+003,4.906380e+001
1.289201e+003,4.906259e+001
1.289683e+003,4.906146e+001
1.290165e+003,4.906008e+001
1.290647e+003,4.905818e+001
1.291130e+003,4.905560e+001
1.291612e+003,4.905224e+001
1.292094e+003,4.904801e+001
1.292576e+003,4.904291e+001
1.293058e+003,4.903690e+001
1.293540e+003,4.903006e+001
1.294022e+003,4.902263e+001
1.294504e+003,4.901496e+001
1.294987e+003,4.900746e+001
1.295469e+003,4.900044e+001
1.295951e+003,4.899408e+001
1.296433e+003,4.898832e+001
1.296915e+003,4.898296e+001
1.297397e+003,4.897771e+001
1.297879e+003,4.897241e+001
1.298361e+003,4.896705e+001
1.298844e+003,4.896177e+001
1.299326e+003,4.895678e+001
1.299808e+003,4.895230e+001
1.300290e+003,4.894836e+001
1.300772e+003,4.894484e+001
1.301254e+003,4.894151e+001
1.301736e+003,4.893805e+001
1.302219e+003,4.893423e+001
1.302701e+003,4.892985e+001
1.303183e+003,4.892481e+001
1.303665e+003,4.891906e+001
1.304147e+003,4.891257e+001
1.304629e+003,4.890533e+001
1.305111e+003,4.889738e+001
1.305593e+003,4.888887e+001
1.306075e+003,4.888002e+001
1.306558e+003,4.887114e+001
1.307040e+003,4.886242e+001
1.307522e+003,4.885399e+001
1.308004e+003,4.884576e+001
1.308486e+003,4.883752e+001
1.308968e+003,4.882898e+001
1.309450e+003,4.881996e+001
1.309932e+003,4.881041e+001
1.310415e+003,4.880050e+001
1.310897e+003,4.879055e+001
1.311379e+003,4.878094e+001
1.311861e+003,4.877201e+001
1.312343e+003,4.876402e+001
1.312825e+003,4.875704e+001
1.313307e+003,4.875105e+001
1.313789e+003,4.874585e+001
1.314272e+003,4.874116e+001
1.314754e+003,4.873658e+001
1.315236e+003,4.873166e+001
1.315718e+003,4.872599e+001
1.316200e+003,4.871923e+001
1.316682e+003,4.871127e+001
1.317164e+003,4.870223e+001
1.317646e+003,4.869255e+001
1.318129e+003,4.868277e+001
1.318611e+003,4.867351e+001
1.319093e+003,4.866522e+001
1.319575e+003,4.865812e+001
1.320057e+003,4.865218e+001
1.320539e+003,4.864716e+001
1.321021e+003,4.864284e+001
1.321503e+003,4.863895e+001
1.321986e+003,4.863532e+001
1.322468e+003,4.863178e+001
1.322950e+003,4.862820e+001
1.323432e+003,4.862434e+001
1.323914e+003,4.861997e+001
1.324396e+003,4.861493e+001
1.324878e+003,4.860912e+001
1.325360e+003,4.860270e+001
1.325843e+003,4.859595e+001
1.326325e+003,4.858924e+001
1.326807e+003,4.858292e+001
1.327289e+003,4.857723e+001
1.327771e+003,4.857227e+001
1.328253e+003,4.856800e+001
1.328735e+003,4.856431e+001
1.329218e+003,4.856102e+001
1.329700e+003,4.855795e+001
1.330182e+003,4.855487e+001
1.330664e+003,4.855149e+001
1.331146e+003,4.854743e+001
1.331628e+003,4.854232e+001
1.332110e+003,4.853580e+001
1.332592e+003,4.852767e+001
1.333074e+003,4.851786e+001
1.333557e+003,4.850640e+001
1.334039e+003,4.849342e+001
1.334521e+003,4.847898e+001
1.335003e+003,4.846315e+001
1.335485e+003,4.844601e+001
1.335967e+003,4.842770e+001
1.336449e+003,4.840868e+001
1.336931e+003,4.838972e+001
1.337414e+003,4.837186e+001
1.337896e+003,4.835635e+001
1.338378e+003,4.834439e+001
1.338860e+003,4.833677e+001
1.339342e+003,4.833373e+001
1.339824e+003,4.833475e+001
1.340306e+003,4.833876e+001
1.340788e+003,4.834433e+001
1.341271e+003,4.835002e+001
1.341753e+003,4.835462e+001
1.342235e+003,4.835722e+001
1.342717e+003,4.835741e+001
1.343199e+003,4.835507e+001
1.343681e+003,4.835044e+001
1.344163e+003,4.834399e+001
1.344646e+003,4.833630e+001
1.345128e+003,4.832796e+001
1.345610e+003,4.831943e+001
1.346092e+003,4.831098e+001
1.346574e+003,4.830273e+001
1.347056e+003,4.829464e+001
1.347538e+003,4.828676e+001
1.348020e+003,4.827925e+001
1.348502e+003,4.827237e+001
1.348985e+003,4.826648e+001
1.349467e+003,4.826180e+001
1.349949e+003,4.825835e+001
1.350431e+003,4.825581e+001
1.350913e+003,4.825364e+001
1.351395e+003,4.825115e+001
1.351877e+003,4.824778e+001
1.352359e+003,4.824320e+001
1.352842e+003,4.823736e+001
1.353324e+003,4.823052e+001
1.353806e+003,4.822305e+001
1.354288e+003,4.821537e+001
1.354770e+003,4.820779e+001
1.355252e+003,4.820050e+001
1.355734e+003,4.819356e+001
1.356216e+003,4.818688e+001
1.356698e+003,4.818026e+001
1.357181e+003,4.817339e+001
1.357663e+003,4.816589e+001
1.358145e+003,4.815719e+001
1.358627e+003,4.814680e+001
1.359109e+003,4.813435e+001
1.359591e+003,4.811977e+001
1.360073e+003,4.810349e+001
1.360556e+003,4.808645e+001
1.361038e+003,4.807011e+001
1.361520e+003,4.805624e+001
1.362002e+003,4.804650e+001
1.362484e+003,4.804200e+001
1.362966e+003,4.804295e+001
1.363448e+003,4.804852e+001
1.363930e+003,4.805712e+001
1.364413e+003,4.806676e+001
1.364895e+003,4.807562e+001
1.365377e+003,4.808228e+001
1.365859e+003,4.808593e+001
1.366341e+003,4.808648e+001
1.366823e+003,4.808439e+001
1.367305e+003,4.808069e+001
1.367787e+003,4.807655e+001
1.368270e+003,4.807307e+001
1.368752e+003,4.807081e+001
1.369234e+003,4.806966e+001
1.369716e+003,4.806876e+001
1.370198e+003,4.806690e+001
1.370680e+003,4.806279e+001
1.371162e+003,4.805563e+001
1.371644e+003,4.804532e+001
1.372126e+003,4.803271e+001
1.372609e+003,4.801943e+001
1.373091e+003,4.800768e+001
1.373573e+003,4.799961e+001
1.374055e+003,4.799682e+001
1.374537e+003,4.799984e+001
1.375019e+003,4.800804e+001
1.375501e+003,4.801991e+001
1.375984e+003,4.803362e+001
1.376466e+003,4.804748e+001
1.376948e+003,4.806025e+001
1.377430e+003,4.807125e+001
1.377912e+003,4.808033e+001
1.378394e+003,4.808770e+001
1.378876e+003,4.809386e+001
1.379358e+003,4.809941e+001
1.379841e+003,4.810493e+001
1.380323e+003,4.811076e+001
1.380805e+003,4.811697e+001
1.381287e+003,4.812331e+001
1.381769e+003,4.812925e+001
1.382251e+003,4.813411e+001
1.382733e+003,4.813725e+001
1.383215e+003,4.813816e+001
1.383698e+003,4.813668e+001
1.384180e+003,4.813292e+001
1.384662e+003,4.812744e+001
1.385144e+003,4.812109e+001
1.385626e+003,4.811508e+001
1.386108e+003,4.811081e+001
1.386590e+003,4.810964e+001
1.387072e+003,4.811251e+001
1.387554e+003,4.811959e+001
1.388037e+003,4.813008e+001
1.388519e+003,4.814241e+001
1.389001e+003,4.815456e+001
1.389483e+003,4.816462e+001
1.389965e+003,4.817105e+001
1.390447e+003,4.817293e+001
1.390929e+003,4.816993e+001
1.391411e+003,4.816221e+001
1.391894e+003,4.815033e+001
1.392376e+003,4.813514e+001
1.392858e+003,4.811776e+001
1.393340e+003,4.809958e+001
1.393822e+003,4.808207e+001
1.394304e+003,4.806666e+001
1.394786e+003,4.805441e+001
1.395269e+003,4.804570e+001
1.395751e+003,4.804023e+001
1.396233e+003,4.803717e+001
1.396715e+003,4.803564e+001
1.397197e+003,4.803494e+001
1.397679e+003,4.803489e+001
1.398161e+003,4.803577e+001
1.398643e+003,4.803801e+001
1.399125e+003,4.804183e+001
1.399608e+003,4.804684e+001
1.400090e+003,4.805199e+001
1.400572e+003,4.805577e+001
1.401054e+003,4.805660e+001
1.401536e+003,4.805334e+001
1.402018e+003,4.804552e+001
1.402500e+003,4.803349e+001
1.402982e+003,4.801828e+001
1.403465e+003,4.800149e+001
1.403947e+003,4.798486e+001
1.404429e+003,4.796992e+001
1.404911e+003,4.795760e+001
1.405393e+003,4.794804e+001
1.405875e+003,4.794072e+001
1.406357e+003,4.793472e+001
1.406839e+003,4.792904e+001
1.407322e+003,4.792285e+001
1.407804e+003,4.791561e+001
1.408286e+003,4.790699e+001
1.408768e+003,4.789692e+001
1.409250e+003,4.788551e+001
1.409732e+003,4.787300e+001
1.410214e+003,4.785979e+001
1.410697e+003,4.784624e+001
1.411179e+003,4.783255e+001
1.411661e+003,4.781872e+001
1.412143e+003,4.780443e+001
1.412625e+003,4.778918e+001
1.413107e+003,4.777237e+001
1.413589e+003,4.775346e+001
1.414071e+003,4.773207e+001
1.414553e+003,4.770800e+001
1.415036e+003,4.768116e+001
1.415518e+003,4.765160e+001
1.416000e+003,4.761955e+001
1.416482e+003,4.758551e+001
1.416964e+003,4.755055e+001
1.417446e+003,4.751647e+001
1.417928e+003,4.748569e+001
1.418410e+003,4.746067e+001
1.418893e+003,4.744289e+001
1.419375e+003,4.743191e+001
1.419857e+003,4.742540e+001
1.420339e+003,4.741998e+001
1.420821e+003,4.741254e+001
1.421303e+003,4.740113e+001
1.421785e+003,4.738515e+001
1.422267e+003,4.736518e+001
1.422750e+003,4.734256e+001
1.423232e+003,4.731898e+001
1.423714e+003,4.729600e+001
1.424196e+003,4.727456e+001
1.424678e+003,4.725483e+001
1.425160e+003,4.723614e+001
1.425642e+003,4.721738e+001
1.426125e+003,4.719732e+001
1.426607e+003,4.717497e+001
1.427089e+003,4.714983e+001
1.427571e+003,4.712193e+001
1.428053e+003,4.709188e+001
1.428535e+003,4.706078e+001
1.429017e+003,4.703013e+001
1.429499e+003,4.700140e+001
1.429981e+003,4.697579e+001
1.430464e+003,4.695369e+001
1.430946e+003,4.693467e+001
1.431428e+003,4.691750e+001
1.431910e+003,4.690059e+001
1.432392e+003,4.688228e+001
1.432874e+003,4.686127e+001
1.433356e+003,4.683670e+001
1.433838e+003,4.680829e+001
1.434321e+003,4.677630e+001
1.434803e+003,4.674168e+001
1.435285e+003,4.670613e+001
1.435767e+003,4.667202e+001
1.436249e+003,4.664192e+001
1.436731e+003,4.661790e+001
1.437213e+003,4.660054e+001
1.437696e+003,4.658881e+001
1.438177e+003,4.658048e+001
1.438660e+003,4.657301e+001
1.439142e+003,4.656423e+001
1.439624e+003,4.655268e+001
1.440106e+003,4.653763e+001
1.440588e+003,4.651900e+001
1.441070e+003,4.649726e+001
1.441552e+003,4.647313e+001
1.442035e+003,4.644744e+001
1.442517e+003,4.642083e+001
1.442999e+003,4.639359e+001
1.443481e+003,4.636567e+001
1.443963e+003,4.633674e+001
1.444445e+003,4.630646e+001
1.444927e+003,4.627466e+001
1.445409e+003,4.624144e+001
1.445892e+003,4.620729e+001
1.446374e+003,4.617294e+001
1.446856e+003,4.613924e+001
1.447338e+003,4.610702e+001
1.447820e+003,4.607681e+001
1.448302e+003,4.604877e+001
1.448784e+003,4.602261e+001
1.449266e+003,4.599775e+001
1.449749e+003,4.597339e+001
1.450231e+003,4.594880e+001
1.450713e+003,4.592331e+001
1.451195e+003,4.589648e+001
1.451677e+003,4.586804e+001
1.452159e+003,4.583791e+001
1.452641e+003,4.580605e+001
1.453124e+003,4.577226e+001
1.453605e+003,4.573614e+001
1.454088e+003,4.569693e+001
1.454570e+003,4.565376e+001
1.455052e+003,4.560590e+001
1.455534e+003,4.555374e+001
1.456016e+003,4.549967e+001
1.456498e+003,4.544875e+001
1.456980e+003,4.540781e+001
1.457463e+003,4.538248e+001
1.457945e+003,4.537401e+001
1.458427e+003,4.537881e+001
1.458909e+003,4.539080e+001
1.459391e+003,4.540421e+001
1.459873e+003,4.541498e+001
1.460355e+003,4.542081e+001
1.460837e+003,4.542060e+001
1.461320e+003,4.541400e+001
1.461802e+003,4.540102e+001
1.462284e+003,4.538199e+001
1.462766e+003,4.535763e+001
1.463248e+003,4.532921e+001
1.463730e+003,4.529868e+001
1.464212e+003,4.526860e+001
1.464694e+003,4.524154e+001
1.465177e+003,4.521936e+001
1.465659e+003,4.520253e+001
1.466141e+003,4.519007e+001
1.466623e+003,4.518001e+001
1.467105e+003,4.517008e+001
1.467587e+003,4.515828e+001
1.468069e+003,4.514305e+001
1.468552e+003,4.512328e+001
1.469033e+003,4.509812e+001
1.469516e+003,4.506690e+001
1.469998e+003,4.502916e+001
1.470480e+003,4.498493e+001
1.470962e+003,4.493521e+001
1.471444e+003,4.488244e+001
1.471926e+003,4.483069e+001
1.472408e+003,4.478484e+001
1.472891e+003,4.474902e+001
1.473373e+003,4.472497e+001
1.473855e+003,4.471161e+001
1.474337e+003,4.470594e+001
1.474819e+003,4.470444e+001
1.475301e+003,4.470421e+001
1.475783e+003,4.470335e+001
1.476265e+003,4.470075e+001
1.476748e+003,4.469582e+001
1.477230e+003,4.468814e+001
1.477712e+003,4.467731e+001
1.478194e+003,4.466296e+001
1.478676e+003,4.464491e+001
1.479158e+003,4.462334e+001
1.479640e+003,4.459890e+001
1.480122e+003,4.457261e+001
1.480604e+003,4.454571e+001
1.481087e+003,4.451935e+001
1.481569e+003,4.449420e+001
1.482051e+003,4.447026e+001
1.482533e+003,4.444690e+001
1.483015e+003,4.442302e+001
1.483497e+003,4.439746e+001
1.483979e+003,4.436921e+001
1.484461e+003,4.433755e+001
1.484944e+003,4.430212e+001
1.485426e+003,4.426282e+001
1.485908e+003,4.421981e+001
1.486390e+003,4.417351e+001
1.486872e+003,4.412460e+001
1.487354e+003,4.407416e+001
1.487836e+003,4.402368e+001
1.488319e+003,4.397519e+001
1.488801e+003,4.393100e+001
1.489283e+003,4.389333e+001
1.489765e+003,4.386362e+001
1.490247e+003,4.384200e+001
1.490729e+003,4.382711e+001
1.491211e+003,4.381659e+001
1.491693e+003,4.380759e+001
1.492176e+003,4.379750e+001
1.492658e+003,4.378413e+001
1.493140e+003,4.376585e+001
1.493622e+003,4.374149e+001
1.494104e+003,4.371045e+001
1.494586e+003,4.367281e+001
1.495068e+003,4.362952e+001
1.495550e+003,4.358254e+001
1.496032e+003,4.353467e+001
1.496515e+003,4.348900e+001
1.496997e+003,4.344800e+001
1.497479e+003,4.341286e+001
1.497961e+003,4.338324e+001
1.498443e+003,4.335774e+001
1.498925e+003,4.333463e+001
1.499407e+003,4.331235e+001
1.499890e+003,4.328969e+001
1.500372e+003,4.326578e+001
1.500854e+003,4.323992e+001
1.501336e+003,4.321145e+001
1.501818e+003,4.317967e+001
1.502300e+003,4.314384e+001
1.502782e+003,4.310315e+001
1.503264e+003,4.305655e+001
1.503747e+003,4.300273e+001
1.504229e+003,4.294014e+001
1.504711e+003,4.286723e+001
1.505193e+003,4.278345e+001
1.505675e+003,4.269114e+001
1.506157e+003,4.259759e+001
1.506639e+003,4.251472e+001
1.507121e+003,4.245403e+001
1.507604e+003,4.241967e+001
1.508086e+003,4.240678e+001
1.508568e+003,4.240602e+001
1.509050e+003,4.240884e+001
1.509532e+003,4.240973e+001
1.510014e+003,4.240593e+001
1.510496e+003,4.239654e+001
1.510979e+003,4.238165e+001
1.511460e+003,4.236174e+001
1.511943e+003,4.233726e+001
1.512425e+003,4.230839e+001
1.512907e+003,4.227496e+001
1.513389e+003,4.223653e+001
1.513871e+003,4.219257e+001
1.514353e+003,4.214282e+001
1.514835e+003,4.208753e+001
1.515318e+003,4.202785e+001
1.515800e+003,4.196593e+001
1.516282e+003,4.190457e+001
1.516764e+003,4.184650e+001
1.517246e+003,4.179343e+001
1.517728e+003,4.174538e+001
1.518210e+003,4.170077e+001
1.518692e+003,4.165702e+001
1.519175e+003,4.161142e+001
1.519657e+003,4.156192e+001
1.520139e+003,4.150791e+001
1.520621e+003,4.145067e+001
1.521103e+003,4.139338e+001
1.521585e+003,4.134011e+001
1.522067e+003,4.129402e+001
1.522549e+003,4.125589e+001
1.523031e+003,4.122404e+001
1.523514e+003,4.119541e+001
1.523996e+003,4.116687e+001
1.524478e+003,4.113605e+001
1.524960e+003,4.110184e+001
1.525442e+003,4.106441e+001
1.525924e+003,4.102498e+001
1.526406e+003,4.098539e+001
1.526888e+003,4.094739e+001
1.527371e+003,4.091209e+001
1.527853e+003,4.087952e+001
1.528335e+003,4.084880e+001
1.528817e+003,4.081853e+001
1.529299e+003,4.078716e+001
1.529781e+003,4.075337e+001
1.530263e+003,4.071621e+001
1.530746e+003,4.067513e+001
1.531228e+003,4.063012e+001
1.531710e+003,4.058188e+001
1.532192e+003,4.053205e+001
1.532674e+003,4.048321e+001
1.533156e+003,4.043843e+001
1.533638e+003,4.040013e+001
1.534120e+003,4.036900e+001
1.534603e+003,4.034355e+001
1.535085e+003,4.032086e+001
1.535567e+003,4.029751e+001
1.536049e+003,4.027031e+001
1.536531e+003,4.023659e+001
1.537013e+003,4.019413e+001
1.537495e+003,4.014119e+001
1.537977e+003,4.007677e+001
1.538459e+003,4.000125e+001
1.538942e+003,3.991761e+001
1.539424e+003,3.983229e+001
1.539906e+003,3.975426e+001
1.540388e+003,3.969154e+001
1.540870e+003,3.964714e+001
1.541352e+003,3.961830e+001
1.541834e+003,3.959937e+001
1.542316e+003,3.958514e+001
1.542799e+003,3.957237e+001
1.543281e+003,3.955959e+001
1.543763e+003,3.954648e+001
1.544245e+003,3.953315e+001
1.544727e+003,3.951959e+001
1.545209e+003,3.950539e+001
1.545691e+003,3.948978e+001
1.546174e+003,3.947169e+001
1.546656e+003,3.944999e+001
1.547138e+003,3.942369e+001
1.547620e+003,3.939221e+001
1.548102e+003,3.935555e+001
1.548584e+003,3.931443e+001
1.549066e+003,3.927035e+001
1.549548e+003,3.922523e+001
1.550031e+003,3.918091e+001
1.550513e+003,3.913853e+001
1.550995e+003,3.909816e+001
1.551477e+003,3.905886e+001
1.551959e+003,3.901918e+001
1.552441e+003,3.897778e+001
1.552923e+003,3.893383e+001
1.553405e+003,3.888741e+001
1.553887e+003,3.883928e+001
1.554370e+003,3.879056e+001
1.554852e+003,3.874210e+001
1.555334e+003,3.869396e+001
1.555816e+003,3.864518e+001
1.556298e+003,3.859398e+001
1.556780e+003,3.853824e+001
1.557262e+003,3.847665e+001
1.557744e+003,3.841052e+001
1.558227e+003,3.834581e+001
1.558709e+003,3.829273e+001
1.559191e+003,3.826004e+001
1.559673e+003,3.824803e+001
1.560155e+003,3.824877e+001
1.560637e+003,3.825280e+001
1.561119e+003,3.825376e+001
1.561602e+003,3.824876e+001
1.562083e+003,3.823712e+001
1.562566e+003,3.821915e+001
1.563048e+003,3.819566e+001
1.563530e+003,3.816774e+001
1.564012e+003,3.813668e+001
1.564494e+003,3.810376e+001
1.564976e+003,3.807012e+001
1.565458e+003,3.803633e+001
1.565941e+003,3.800243e+001
1.566423e+003,3.796785e+001
1.566905e+003,3.793184e+001
1.567387e+003,3.789391e+001
1.567869e+003,3.785428e+001
1.568351e+003,3.781421e+001
1.568833e+003,3.777599e+001
1.569315e+003,3.774228e+001
1.569798e+003,3.771497e+001
1.570280e+003,3.769421e+001
1.570762e+003,3.767825e+001
1.571244e+003,3.766430e+001
1.571726e+003,3.764949e+001
1.572208e+003,3.763168e+001
1.572690e+003,3.760948e+001
1.573172e+003,3.758234e+001
1.573655e+003,3.755032e+001
1.574137e+003,3.751421e+001
1.574619e+003,3.747577e+001
1.575101e+003,3.743783e+001
1.575583e+003,3.740405e+001
1.576065e+003,3.737792e+001
1.576547e+003,3.736119e+001
1.577030e+003,3.735308e+001
1.577511e+003,3.735077e+001
1.577994e+003,3.735081e+001
1.578476e+003,3.735033e+001
1.578958e+003,3.734754e+001
1.579440e+003,3.734171e+001
1.579922e+003,3.733286e+001
1.580404e+003,3.732148e+001
1.580886e+003,3.730824e+001
1.581369e+003,3.729379e+001
1.581851e+003,3.727856e+001
1.582333e+003,3.726277e+001
1.582815e+003,3.724644e+001
1.583297e+003,3.722957e+001
1.583779e+003,3.721222e+001
1.584261e+003,3.719463e+001
1.584743e+003,3.717718e+001
1.585226e+003,3.716033e+001
1.585708e+003,3.714443e+001
1.586190e+003,3.712968e+001
1.586672e+003,3.711613e+001
1.587154e+003,3.710362e+001
1.587636e+003,3.709201e+001
1.588118e+003,3.708112e+001
1.588600e+003,3.707083e+001
1.589083e+003,3.706102e+001
1.589565e+003,3.705157e+001
1.590047e+003,3.704232e+001
1.590529e+003,3.703308e+001
1.591011e+003,3.702370e+001
1.591493e+003,3.701408e+001
1.591975e+003,3.700420e+001
1.592458e+003,3.699417e+001
1.592939e+003,3.698412e+001
1.593422e+003,3.697423e+001
1.593904e+003,3.696461e+001
1.594386e+003,3.695541e+001
1.594868e+003,3.694670e+001
1.595350e+003,3.693856e+001
1.595832e+003,3.693096e+001
1.596314e+003,3.692388e+001
1.596797e+003,3.691720e+001
1.597279e+003,3.691069e+001
1.597761e+003,3.690413e+001
1.598243e+003,3.689731e+001
1.598725e+003,3.689015e+001
1.599207e+003,3.688269e+001
1.599689e+003,3.687512e+001
1.600171e+003,3.686772e+001
1.600654e+003,3.686083e+001
1.601136e+003,3.685466e+001
1.601618e+003,3.684932e+001
1.602100e+003,3.684476e+001
1.602582e+003,3.684079e+001
1.603064e+003,3.683712e+001
1.603546e+003,3.683345e+001
1.604028e+003,3.682949e+001
1.604510e+003,3.682500e+001
1.604993e+003,3.681981e+001
1.605475e+003,3.681389e+001
1.605957e+003,3.680738e+001
1.606439e+003,3.680057e+001
1.606921e+003,3.679389e+001
1.607403e+003,3.678792e+001
1.607885e+003,3.678323e+001
1.608367e+003,3.678030e+001
1.608850e+003,3.677940e+001
1.609332e+003,3.678050e+001
1.609814e+003,3.678326e+001
1.610296e+003,3.678706e+001
1.610778e+003,3.679107e+001
1.611260e+003,3.679428e+001
1.611742e+003,3.679569e+001
1.612225e+003,3.679443e+001
1.612707e+003,3.678979e+001
1.613189e+003,3.678147e+001
1.613671e+003,3.676960e+001
1.614153e+003,3.675500e+001
1.614635e+003,3.673925e+001
1.615117e+003,3.672480e+001
1.615599e+003,3.671469e+001
1.616082e+003,3.671177e+001
1.616564e+003,3.671738e+001
1.617046e+003,3.673052e+001
1.617528e+003,3.674795e+001
1.618010e+003,3.676561e+001
1.618492e+003,3.678013e+001
1.618974e+003,3.678957e+001
1.619456e+003,3.679336e+001
1.619938e+003,3.679192e+001
1.620421e+003,3.678635e+001
1.620903e+003,3.677820e+001
1.621385e+003,3.676942e+001
1.621867e+003,3.676221e+001
1.622349e+003,3.675864e+001
1.622831e+003,3.676014e+001
1.623313e+003,3.676685e+001
1.623796e+003,3.677761e+001
1.624278e+003,3.679033e+001
1.624760e+003,3.680285e+001
1.625242e+003,3.681362e+001
1.625724e+003,3.682212e+001
1.626206e+003,3.682876e+001
1.626688e+003,3.683458e+001
1.627170e+003,3.684087e+001
1.627653e+003,3.684866e+001
1.628135e+003,3.685839e+001
1.628617e+003,3.686971e+001
1.629099e+003,3.688154e+001
1.629581e+003,3.689245e+001
1.630063e+003,3.690110e+001
1.630545e+003,3.690644e+001
1.631027e+003,3.690781e+001
1.631510e+003,3.690493e+001
1.631992e+003,3.689779e+001
1.632474e+003,3.688670e+001
1.632956e+003,3.687233e+001
1.633438e+003,3.685603e+001
1.633920e+003,3.684015e+001
1.634402e+003,3.682823e+001
1.634885e+003,3.682445e+001
1.635366e+003,3.683237e+001
1.635849e+003,3.685272e+001
1.636331e+003,3.688261e+001
1.636813e+003,3.691673e+001
1.637295e+003,3.694997e+001
1.637777e+003,3.697914e+001
1.638259e+003,3.700318e+001
1.638741e+003,3.702249e+001
1.639224e+003,3.703808e+001
1.639706e+003,3.705100e+001
1.640188e+003,3.706196e+001
1.640670e+003,3.707124e+001
1.641152e+003,3.707865e+001
1.641634e+003,3.708372e+001
1.642116e+003,3.708577e+001
1.642598e+003,3.708414e+001
1.643081e+003,3.707841e+001
1.643563e+003,3.706851e+001
1.644045e+003,3.705492e+001
1.644527e+003,3.703901e+001
1.645009e+003,3.702335e+001
1.645491e+003,3.701168e+001
1.645973e+003,3.700839e+001
1.646455e+003,3.701668e+001
1.646938e+003,3.703665e+001
1.647420e+003,3.706442e+001
1.647902e+003,3.709370e+001
1.648384e+003,3.711844e+001
1.648866e+003,3.713465e+001
1.649348e+003,3.714070e+001
1.649830e+003,3.713664e+001
1.650313e+003,3.712384e+001
1.650794e+003,3.710480e+001
1.651277e+003,3.708384e+001
1.651759e+003,3.706788e+001
1.652241e+003,3.706658e+001
1.652723e+003,3.708926e+001
1.653205e+003,3.713826e+001
1.653687e+003,3.720448e+001
1.654169e+003,3.727260e+001
1.654652e+003,3.733099e+001
1.655134e+003,3.737574e+001
1.655616e+003,3.740820e+001
1.656098e+003,3.743153e+001
1.656580e+003,3.744871e+001
1.657062e+003,3.746191e+001
1.657544e+003,3.747239e+001
1.658026e+003,3.748081e+001
1.658509e+003,3.748742e+001
1.658991e+003,3.749238e+001
1.659473e+003,3.749601e+001
1.659955e+003,3.749905e+001
1.660437e+003,3.750273e+001
1.660919e+003,3.750880e+001
1.661401e+003,3.751913e+001
1.661883e+003,3.753524e+001
1.662365e+003,3.755742e+001
1.662848e+003,3.758432e+001
1.663330e+003,3.761309e+001
1.663812e+003,3.764024e+001
1.664294e+003,3.766269e+001
1.664776e+003,3.767854e+001
1.665258e+003,3.768716e+001
1.665740e+003,3.768906e+001
1.666222e+003,3.768549e+001
1.666705e+003,3.767836e+001
1.667187e+003,3.767007e+001
1.667669e+003,3.766355e+001
1.668151e+003,3.766203e+001
1.668633e+003,3.766834e+001
1.669115e+003,3.768414e+001
1.669597e+003,3.770876e+001
1.670080e+003,3.773929e+001
1.670562e+003,3.777143e+001
1.671044e+003,3.780117e+001
1.671526e+003,3.782595e+001
1.672008e+003,3.784509e+001
1.672490e+003,3.785956e+001
1.672972e+003,3.787152e+001
1.673454e+003,3.788383e+001
1.673937e+003,3.789944e+001
1.674419e+003,3.792047e+001
1.674901e+003,3.794733e+001
1.675383e+003,3.797828e+001
1.675865e+003,3.800999e+001
1.676347e+003,3.803888e+001
1.676829e+003,3.806244e+001
1.677311e+003,3.807977e+001
1.677793e+003,3.809131e+001
1.678276e+003,3.809815e+001
1.678758e+003,3.810146e+001
1.679240e+003,3.810193e+001
1.679722e+003,3.809977e+001
1.680204e+003,3.809468e+001
1.680686e+003,3.808638e+001
1.681168e+003,3.807514e+001
1.681650e+003,3.806244e+001
1.682133e+003,3.805170e+001
1.682615e+003,3.804855e+001
1.683097e+003,3.806013e+001
1.683579e+003,3.809239e+001
1.684061e+003,3.814585e+001
1.684543e+003,3.821320e+001
1.685025e+003,3.828226e+001
1.685508e+003,3.834247e+001
1.685990e+003,3.838898e+001
1.686472e+003,3.842229e+001
1.686954e+003,3.844583e+001
1.687436e+003,3.846391e+001
1.687918e+003,3.848053e+001
1.688400e+003,3.849872e+001
1.688882e+003,3.852028e+001
1.689365e+003,3.854542e+001
1.689847e+003,3.857285e+001
1.690329e+003,3.860012e+001
1.690811e+003,3.862443e+001
1.691293e+003,3.864342e+001
1.691775e+003,3.865573e+001
1.692257e+003,3.866116e+001
1.692739e+003,3.866068e+001
1.693221e+003,3.865616e+001
1.693704e+003,3.865026e+001
1.694186e+003,3.864598e+001
1.694668e+003,3.864604e+001
1.695150e+003,3.865198e+001
1.695632e+003,3.866314e+001
1.696114e+003,3.867678e+001
1.696596e+003,3.868935e+001
1.697078e+003,3.869844e+001
1.697561e+003,3.870419e+001
1.698043e+003,3.870954e+001
1.698525e+003,3.871976e+001
1.699007e+003,3.874087e+001
1.699489e+003,3.877723e+001
1.699971e+003,3.882854e+001
1.700453e+003,3.888842e+001
1.700936e+003,3.894678e+001
1.701417e+003,3.899477e+001
1.701900e+003,3.902826e+001
1.702382e+003,3.904801e+001
1.702864e+003,3.905770e+001
1.703346e+003,3.906214e+001
1.703828e+003,3.906606e+001
1.704310e+003,3.907352e+001
1.704792e+003,3.908739e+001
1.705275e+003,3.910872e+001
1.705757e+003,3.913662e+001
1.706239e+003,3.916859e+001
1.706721e+003,3.920157e+001
1.707203e+003,3.923297e+001
1.707685e+003,3.926123e+001
1.708167e+003,3.928590e+001
1.708649e+003,3.930709e+001
1.709132e+003,3.932512e+001
1.709614e+003,3.934015e+001
1.710096e+003,3.935210e+001
1.710578e+003,3.936068e+001
1.711060e+003,3.936549e+001
1.711542e+003,3.936630e+001
1.712024e+003,3.936305e+001
1.712506e+003,3.935598e+001
1.712989e+003,3.934561e+001
1.713471e+003,3.933278e+001
1.713953e+003,3.931870e+001
1.714435e+003,3.930502e+001
1.714917e+003,3.929403e+001
1.715399e+003,3.928876e+001
1.715881e+003,3.929280e+001
1.716364e+003,3.930968e+001
1.716845e+003,3.934135e+001
1.717328e+003,3.938667e+001
1.717810e+003,3.944087e+001
1.718292e+003,3.949691e+001
1.718774e+003,3.954802e+001
1.719256e+003,3.958986e+001
1.719738e+003,3.962106e+001
1.720220e+003,3.964256e+001
1.720703e+003,3.965655e+001
1.721185e+003,3.966571e+001
1.721667e+003,3.967264e+001
1.722149e+003,3.967953e+001
1.722631e+003,3.968789e+001
1.723113e+003,3.969842e+001
1.723595e+003,3.971095e+001
1.724077e+003,3.972454e+001
1.724560e+003,3.973782e+001
1.725042e+003,3.974936e+001
1.725524e+003,3.975812e+001
1.726006e+003,3.976354e+001
1.726488e+003,3.976567e+001
1.726970e+003,3.976497e+001
1.727452e+003,3.976218e+001
1.727934e+003,3.975809e+001
1.728417e+003,3.975327e+001
1.728899e+003,3.974785e+001
1.729381e+003,3.974152e+001
1.729863e+003,3.973356e+001
1.730345e+003,3.972320e+001
1.730827e+003,3.971008e+001
1.731309e+003,3.969479e+001
1.731792e+003,3.967936e+001
1.732273e+003,3.966751e+001
1.732756e+003,3.966428e+001
1.733238e+003,3.967455e+001
1.733720e+003,3.970040e+001
1.734202e+003,3.973881e+001
1.734684e+003,3.978225e+001
1.735166e+003,3.982211e+001
1.735648e+003,3.985247e+001
1.736131e+003,3.987129e+001
1.736613e+003,3.987972e+001
1.737095e+003,3.988060e+001
1.737577e+003,3.987737e+001
1.738059e+003,3.987339e+001
1.738541e+003,3.987138e+001
1.739023e+003,3.987298e+001
1.739505e+003,3.987842e+001
1.739988e+003,3.988658e+001
1.740470e+003,3.989560e+001
1.740952e+003,3.990358e+001
1.741434e+003,3.990944e+001
1.741916e+003,3.991299e+001
1.742398e+003,3.991473e+001
1.742880e+003,3.991546e+001
1.743362e+003,3.991579e+001
1.743844e+003,3.991588e+001
1.744327e+003,3.991551e+001
1.744809e+003,3.991412e+001
1.745291e+003,3.991118e+001
1.745773e+003,3.990637e+001
1.746255e+003,3.989983e+001
1.746737e+003,3.989215e+001
1.747219e+003,3.988442e+001
1.747702e+003,3.987807e+001
1.748184e+003,3.987471e+001
1.748666e+003,3.987601e+001
1.749148e+003,3.988336e+001
1.749630e+003,3.989754e+001
1.750112e+003,3.991836e+001
1.750594e+003,3.994433e+001
1.751076e+003,3.997289e+001
1.751559e+003,4.000081e+001
1.752041e+003,4.002505e+001
1.752523e+003,4.004341e+001
1.753005e+003,4.005492e+001
1.753487e+003,4.005978e+001
1.753969e+003,4.005918e+001
1.754451e+003,4.005497e+001
1.754933e+003,4.004945e+001
1.755416e+003,4.004493e+001
1.755898e+003,4.004328e+001
1.756380e+003,4.004546e+001
1.756862e+003,4.005119e+001
1.757344e+003,4.005903e+001
1.757826e+003,4.006693e+001
1.758308e+003,4.007300e+001
1.758791e+003,4.007610e+001
1.759272e+003,4.007617e+001
1.759755e+003,4.007422e+001
1.760237e+003,4.007203e+001
1.760719e+003,4.007168e+001
1.761201e+003,4.007496e+001
1.761683e+003,4.008261e+001
1.762165e+003,4.009398e+001
1.762647e+003,4.010723e+001
1.763130e+003,4.011991e+001
1.763612e+003,4.012991e+001
1.764094e+003,4.013591e+001
1.764576e+003,4.013757e+001
1.765058e+003,4.013540e+001
1.765540e+003,4.013044e+001
1.766022e+003,4.012392e+001
1.766504e+003,4.011705e+001
1.766987e+003,4.011060e+001
1.767469e+003,4.010478e+001
1.767951e+003,4.009921e+001
1.768433e+003,4.009314e+001
1.768915e+003,4.008593e+001
1.769397e+003,4.007742e+001
1.769879e+003,4.006832e+001
1.770361e+003,4.006027e+001
1.770844e+003,4.005566e+001
1.771326e+003,4.005696e+001
1.771808e+003,4.006580e+001
1.772290e+003,4.008216e+001
1.772772e+003,4.010408e+001
1.773254e+003,4.012847e+001
1.773736e+003,4.015224e+001
1.774219e+003,4.017335e+001
1.774700e+003,4.019093e+001
1.775183e+003,4.020509e+001
1.775665e+003,4.021629e+001
1.776147e+003,4.022513e+001
1.776629e+003,4.023201e+001
1.777111e+003,4.023719e+001
1.777593e+003,4.024088e+001
1.778075e+003,4.024341e+001
1.778558e+003,4.024529e+001
1.779040e+003,4.024720e+001
1.779522e+003,4.024989e+001
1.780004e+003,4.025384e+001
1.780486e+003,4.025916e+001
1.780968e+003,4.026550e+001
1.781450e+003,4.027213e+001
1.781932e+003,4.027836e+001
1.782415e+003,4.028371e+001
1.782897e+003,4.028817e+001
1.783379e+003,4.029216e+001
1.783861e+003,4.029638e+001
1.784343e+003,4.030159e+001
1.784825e+003,4.030822e+001
1.785307e+003,4.031624e+001
1.785789e+003,4.032502e+001
1.786271e+003,4.033355e+001
1.786754e+003,4.034060e+001
1.787236e+003,4.034504e+001
1.787718e+003,4.034602e+001
1.788200e+003,4.034315e+001
1.788682e+003,4.033648e+001
1.789164e+003,4.032664e+001
1.789646e+003,4.031487e+001
1.790128e+003,4.030299e+001
1.790611e+003,4.029335e+001
1.791093e+003,4.028836e+001
1.791575e+003,4.028987e+001
1.792057e+003,4.029848e+001
1.792539e+003,4.031315e+001
1.793021e+003,4.033154e+001
1.793503e+003,4.035089e+001
1.793986e+003,4.036887e+001
1.794468e+003,4.038408e+001
1.794950e+003,4.039609e+001
1.795432e+003,4.040517e+001
1.795914e+003,4.041191e+001
1.796396e+003,4.041700e+001
1.796878e+003,4.042102e+001
1.797360e+003,4.042447e+001
1.797843e+003,4.042775e+001
1.798325e+003,4.043127e+001
1.798807e+003,4.043551e+001
1.799289e+003,4.044100e+001
1.799771e+003,4.044828e+001
1.800253e+003,4.045768e+001
1.800735e+003,4.046923e+001
1.801217e+003,4.048263e+001
1.801699e+003,4.049719e+001
1.802182e+003,4.051212e+001
1.802664e+003,4.052660e+001
1.803146e+003,4.053997e+001
1.803628e+003,4.055180e+001
1.804110e+003,4.056185e+001
1.804592e+003,4.057002e+001
1.805074e+003,4.057637e+001
1.805556e+003,4.058105e+001
1.806039e+003,4.058430e+001
1.806521e+003,4.058637e+001
1.807003e+003,4.058759e+001
1.807485e+003,4.058833e+001
1.807967e+003,4.058899e+001
1.808449e+003,4.059002e+001
1.808931e+003,4.059194e+001
1.809414e+003,4.059524e+001
1.809896e+003,4.060041e+001
1.810378e+003,4.060782e+001
1.810860e+003,4.061750e+001
1.811342e+003,4.062920e+001
1.811824e+003,4.064231e+001
1.812306e+003,4.065603e+001
1.812788e+003,4.066948e+001
1.813271e+003,4.068200e+001
1.813753e+003,4.069316e+001
1.814235e+003,4.070289e+001
1.814717e+003,4.071140e+001
1.815199e+003,4.071909e+001
1.815681e+003,4.072646e+001
1.816163e+003,4.073392e+001
1.816645e+003,4.074175e+001
1.817127e+003,4.075005e+001
1.817610e+003,4.075869e+001
1.818092e+003,4.076744e+001
1.818574e+003,4.077589e+001
1.819056e+003,4.078356e+001
1.819538e+003,4.078990e+001
1.820020e+003,4.079440e+001
1.820502e+003,4.079663e+001
1.820984e+003,4.079638e+001
1.821467e+003,4.079382e+001
1.821949e+003,4.078952e+001
1.822431e+003,4.078452e+001
1.822913e+003,4.078015e+001
1.823395e+003,4.077782e+001
1.823877e+003,4.077861e+001
1.824359e+003,4.078286e+001
1.824842e+003,4.078995e+001
1.825323e+003,4.079834e+001
1.825806e+003,4.080610e+001
1.826288e+003,4.081147e+001
1.826770e+003,4.081351e+001
1.827252e+003,4.081235e+001
1.827734e+003,4.080917e+001
1.828216e+003,4.080604e+001
1.828698e+003,4.080542e+001
1.829181e+003,4.080948e+001
1.829663e+003,4.081939e+001
1.830145e+003,4.083480e+001
1.830627e+003,4.085398e+001
1.831109e+003,4.087442e+001
1.831591e+003,4.089375e+001
1.832073e+003,4.091033e+001
1.832555e+003,4.092344e+001
1.833038e+003,4.093314e+001
1.833520e+003,4.093994e+001
1.834002e+003,4.094460e+001
1.834484e+003,4.094785e+001
1.834966e+003,4.095040e+001
1.835448e+003,4.095284e+001
1.835930e+003,4.095567e+001
1.836412e+003,4.095927e+001
1.836895e+003,4.096386e+001
1.837377e+003,4.096934e+001
1.837859e+003,4.097527e+001
1.838341e+003,4.098087e+001
1.838823e+003,4.098512e+001
1.839305e+003,4.098698e+001
1.839787e+003,4.098565e+001
1.840270e+003,4.098074e+001
1.840751e+003,4.097252e+001
1.841234e+003,4.096185e+001
1.841716e+003,4.095016e+001
1.842198e+003,4.093937e+001
1.842680e+003,4.093150e+001
1.843162e+003,4.092834e+001
1.843644e+003,4.093089e+001
1.844126e+003,4.093887e+001
1.844609e+003,4.095088e+001
1.845091e+003,4.096487e+001
1.845573e+003,4.097884e+001
1.846055e+003,4.099148e+001
1.846537e+003,4.100231e+001
1.847019e+003,4.101149e+001
1.847501e+003,4.101956e+001
1.847983e+003,4.102709e+001
1.848466e+003,4.103447e+001
1.848948e+003,4.104182e+001
1.849430e+003,4.104901e+001
1.849912e+003,4.105573e+001
1.850394e+003,4.106171e+001
1.850876e+003,4.106675e+001
1.851358e+003,4.107086e+001
1.851840e+003,4.107416e+001
1.852323e+003,4.107685e+001
1.852805e+003,4.107911e+001
1.853287e+003,4.108100e+001
1.853769e+003,4.108250e+001
1.854251e+003,4.108351e+001
1.854733e+003,4.108387e+001
1.855215e+003,4.108360e+001
1.855698e+003,4.108270e+001
1.856179e+003,4.108135e+001
1.856662e+003,4.107979e+001
1.857144e+003,4.107822e+001
1.857626e+003,4.107688e+001
1.858108e+003,4.107581e+001
1.858590e+003,4.107509e+001
1.859072e+003,4.107468e+001
1.859554e+003,4.107450e+001
1.860037e+003,4.107442e+001
1.860519e+003,4.107430e+001
1.861001e+003,4.107391e+001
1.861483e+003,4.107302e+001
1.861965e+003,4.107130e+001
1.862447e+003,4.106844e+001
1.862929e+003,4.106408e+001
1.863411e+003,4.105793e+001
1.863894e+003,4.104975e+001
1.864376e+003,4.103941e+001
1.864858e+003,4.102699e+001
1.865340e+003,4.101283e+001
1.865822e+003,4.099761e+001
1.866304e+003,4.098243e+001
1.866786e+003,4.096878e+001
1.867268e+003,4.095836e+001
1.867750e+003,4.095275e+001
1.868233e+003,4.095288e+001
1.868715e+003,4.095870e+001
1.869197e+003,4.096904e+001
1.869679e+003,4.098188e+001
1.870161e+003,4.099508e+001
1.870643e+003,4.100687e+001
1.871125e+003,4.101624e+001
1.871608e+003,4.102289e+001
1.872090e+003,4.102709e+001
1.872572e+003,4.102938e+001
1.873054e+003,4.103032e+001
1.873536e+003,4.103036e+001
1.874018e+003,4.102972e+001
1.874500e+003,4.102842e+001
1.874982e+003,4.102641e+001
1.875465e+003,4.102356e+001
1.875947e+003,4.101983e+001
1.876429e+003,4.101530e+001
1.876911e+003,4.101013e+001
1.877393e+003,4.100457e+001
1.877875e+003,4.099887e+001
1.878357e+003,4.099332e+001
1.878839e+003,4.098803e+001
1.879322e+003,4.098311e+001
1.879804e+003,4.097855e+001
1.880286e+003,4.097421e+001
1.880768e+003,4.096994e+001
1.881250e+003,4.096555e+001
1.881732e+003,4.096090e+001
1.882214e+003,4.095597e+001
1.882697e+003,4.095079e+001
1.883178e+003,4.094545e+001
1.883661e+003,4.094001e+001
1.884143e+003,4.093442e+001
1.884625e+003,4.092847e+001
1.885107e+003,4.092183e+001
1.885589e+003,4.091412e+001
1.886071e+003,4.090508e+001
1.886553e+003,4.089471e+001
1.887036e+003,4.088332e+001
1.887518e+003,4.087155e+001
1.888000e+003,4.086032e+001
1.888482e+003,4.085056e+001
1.888964e+003,4.084298e+001
1.889446e+003,4.083780e+001
1.889928e+003,4.083468e+001
1.890410e+003,4.083281e+001
1.890893e+003,4.083115e+001
1.891375e+003,4.082870e+001
1.891857e+003,4.082479e+001
1.892339e+003,4.081916e+001
1.892821e+003,4.081195e+001
1.893303e+003,4.080362e+001
1.893785e+003,4.079477e+001
1.894267e+003,4.078606e+001
1.894750e+003,4.077802e+001
1.895232e+003,4.077091e+001
1.895714e+003,4.076474e+001
1.896196e+003,4.075928e+001
1.896678e+003,4.075414e+001
1.897160e+003,4.074892e+001
1.897642e+003,4.074329e+001
1.898125e+003,4.073709e+001
1.898606e+003,4.073029e+001
1.899089e+003,4.072298e+001
1.899571e+003,4.071531e+001
1.900053e+003,4.070740e+001
1.900535e+003,4.069931e+001
1.901017e+003,4.069103e+001
1.901499e+003,4.068253e+001
1.901981e+003,4.067370e+001
1.902464e+003,4.066449e+001
1.902946e+003,4.065494e+001
1.903428e+003,4.064508e+001
1.903910e+003,4.063501e+001
1.904392e+003,4.062481e+001
1.904874e+003,4.061451e+001
1.905356e+003,4.060413e+001
1.905838e+003,4.059361e+001
1.906321e+003,4.058294e+001
1.906803e+003,4.057214e+001
1.907285e+003,4.056132e+001
1.907767e+003,4.055064e+001
1.908249e+003,4.054032e+001
1.908731e+003,4.053056e+001
1.909213e+003,4.052149e+001
1.909695e+003,4.051317e+001
1.910177e+003,4.050552e+001
1.910660e+003,4.049837e+001
1.911142e+003,4.049147e+001
1.911624e+003,4.048449e+001
1.912106e+003,4.047711e+001
1.912588e+003,4.046900e+001
1.913070e+003,4.045986e+001
1.913552e+003,4.044941e+001
1.914034e+003,4.043749e+001
1.914517e+003,4.042412e+001
1.914999e+003,4.040953e+001
1.915481e+003,4.039423e+001
1.915963e+003,4.037890e+001
1.916445e+003,4.036440e+001
1.916927e+003,4.035152e+001
1.917409e+003,4.034076e+001
1.917892e+003,4.033209e+001
1.918374e+003,4.032494e+001
1.918856e+003,4.031834e+001
1.919338e+003,4.031120e+001
1.919820e+003,4.030269e+001
1.920302e+003,4.029245e+001
1.920784e+003,4.028074e+001
1.921266e+003,4.026833e+001
1.921749e+003,4.025626e+001
1.922231e+003,4.024562e+001
1.922713e+003,4.023719e+001
1.923195e+003,4.023114e+001
1.923677e+003,4.022709e+001
1.924159e+003,4.022417e+001
1.924641e+003,4.022132e+001
1.925123e+003,4.021764e+001
1.925605e+003,4.021257e+001
1.926088e+003,4.020597e+001
1.926570e+003,4.019807e+001
1.927052e+003,4.018929e+001
1.927534e+003,4.018008e+001
1.928016e+003,4.017084e+001
1.928498e+003,4.016176e+001
1.928980e+003,4.015289e+001
1.929462e+003,4.014412e+001
1.929945e+003,4.013530e+001
1.930427e+003,4.012630e+001
1.930909e+003,4.011708e+001
1.931391e+003,4.010769e+001
1.931873e+003,4.009825e+001
1.932355e+003,4.008893e+001
1.932837e+003,4.007992e+001
1.933320e+003,4.007133e+001
1.933802e+003,4.006318e+001
1.934284e+003,4.005542e+001
1.934766e+003,4.004791e+001
1.935248e+003,4.004050e+001
1.935730e+003,4.003300e+001
1.936212e+003,4.002528e+001
1.936694e+003,4.001719e+001
1.937177e+003,4.000858e+001
1.937659e+003,3.999924e+001
1.938141e+003,3.998893e+001
1.938623e+003,3.997741e+001
1.939105e+003,3.996447e+001
1.939587e+003,3.995008e+001
1.940069e+003,3.993451e+001
1.940551e+003,3.991828e+001
1.941033e+003,3.990224e+001
1.941516e+003,3.988736e+001
1.941998e+003,3.987452e+001
1.942480e+003,3.986433e+001
1.942962e+003,3.985688e+001
1.943444e+003,3.985181e+001
1.943926e+003,3.984844e+001
1.944408e+003,3.984596e+001
1.944890e+003,3.984367e+001
1.945373e+003,3.984106e+001
1.945855e+003,3.983788e+001
1.946337e+003,3.983404e+001
1.946819e+003,3.982953e+001
1.947301e+003,3.982439e+001
1.947783e+003,3.981870e+001
1.948265e+003,3.981251e+001
1.948748e+003,3.980595e+001
1.949229e+003,3.979912e+001
1.949712e+003,3.979213e+001
1.950194e+003,3.978505e+001
1.950676e+003,3.977789e+001
1.951158e+003,3.977056e+001
1.951640e+003,3.976294e+001
1.952122e+003,3.975498e+001
1.952604e+003,3.974670e+001
1.953087e+003,3.973818e+001
1.953569e+003,3.972966e+001
1.954051e+003,3.972138e+001
1.954533e+003,3.971351e+001
1.955015e+003,3.970615e+001
1.955497e+003,3.969926e+001
1.955979e+003,3.969270e+001
1.956461e+003,3.968630e+001
1.956944e+003,3.967990e+001
1.957426e+003,3.967344e+001
1.957908e+003,3.966693e+001
1.958390e+003,3.966046e+001
1.958872e+003,3.965417e+001
1.959354e+003,3.964820e+001
1.959836e+003,3.964264e+001
1.960318e+003,3.963754e+001
1.960801e+003,3.963278e+001
1.961283e+003,3.962820e+001
1.961765e+003,3.962347e+001
1.962247e+003,3.961819e+001
1.962729e+003,3.961197e+001
1.963211e+003,3.960447e+001
1.963693e+003,3.959557e+001
1.964176e+003,3.958535e+001
1.964657e+003,3.957422e+001
1.965140e+003,3.956279e+001
1.965622e+003,3.955180e+001
1.966104e+003,3.954202e+001
1.966586e+003,3.953397e+001
1.967068e+003,3.952796e+001
1.967550e+003,3.952389e+001
1.968032e+003,3.952140e+001
1.968515e+003,3.951992e+001
1.968997e+003,3.951884e+001
1.969479e+003,3.951762e+001
1.969961e+003,3.951589e+001
1.970443e+003,3.951342e+001
1.970925e+003,3.951018e+001
1.971407e+003,3.950625e+001
1.971889e+003,3.950180e+001
1.972372e+003,3.949706e+001
1.972854e+003,3.949222e+001
1.973336e+003,3.948745e+001
1.973818e+003,3.948283e+001
1.974300e+003,3.947836e+001
1.974782e+003,3.947397e+001
1.975264e+003,3.946955e+001
1.975746e+003,3.946497e+001
1.976229e+003,3.946015e+001
1.976711e+003,3.945502e+001
1.977193e+003,3.944960e+001
1.977675e+003,3.944396e+001
1.978157e+003,3.943818e+001
1.978639e+003,3.943241e+001
1.979121e+003,3.942679e+001
1.979604e+003,3.942146e+001
1.980085e+003,3.941653e+001
1.980568e+003,3.941207e+001
1.981050e+003,3.940806e+001
1.981532e+003,3.940444e+001
1.982014e+003,3.940105e+001
1.982496e+003,3.939772e+001
1.982978e+003,3.939424e+001
1.983460e+003,3.939042e+001
1.983943e+003,3.938612e+001
1.984425e+003,3.938126e+001
1.984907e+003,3.937586e+001
1.985389e+003,3.936995e+001
1.985871e+003,3.936362e+001
1.986353e+003,3.935705e+001
1.986835e+003,3.935035e+001
1.987317e+003,3.934367e+001
1.987800e+003,3.933714e+001
1.988282e+003,3.933086e+001
1.988764e+003,3.932492e+001
1.989246e+003,3.931944e+001
1.989728e+003,3.931451e+001
1.990210e+003,3.931028e+001
1.990692e+003,3.930688e+001
1.991174e+003,3.930439e+001
1.991656e+003,3.930277e+001
1.992139e+003,3.930185e+001
1.992621e+003,3.930130e+001
1.993103e+003,3.930069e+001
1.993585e+003,3.929962e+001
1.994067e+003,3.929782e+001
1.994549e+003,3.929520e+001
1.995031e+003,3.929193e+001
1.995514e+003,3.928835e+001
1.995996e+003,3.928487e+001
1.996478e+003,3.928185e+001
1.996960e+003,3.927954e+001
1.997442e+003,3.927798e+001
1.997924e+003,3.927702e+001
1.998406e+003,3.927636e+001
1.998888e+003,3.927568e+001
1.999371e+003,3.927468e+001
1.999853e+003,3.927317e+001
2.000335e+003,3.927106e+001
2.000817e+003,3.926835e+001
2.001299e+003,3.926514e+001
2.001781e+003,3.926153e+001
2.002263e+003,3.925768e+001
2.002745e+003,3.925373e+001
2.003228e+003,3.924981e+001
2.003710e+003,3.924599e+001
2.004192e+003,3.924229e+001
2.004674e+003,3.923865e+001
2.005156e+003,3.923495e+001
2.005638e+003,3.923107e+001
2.006120e+003,3.922689e+001
2.006603e+003,3.922238e+001
2.007084e+003,3.921766e+001
2.007567e+003,3.921290e+001
2.008049e+003,3.920835e+001
2.008531e+003,3.920422e+001
2.009013e+003,3.920070e+001
2.009495e+003,3.919782e+001
2.009977e+003,3.919552e+001
2.010459e+003,3.919365e+001
2.010942e+003,3.919195e+001
2.011424e+003,3.919012e+001
2.011906e+003,3.918787e+001
2.012388e+003,3.918486e+001
2.012870e+003,3.918086e+001
2.013352e+003,3.917569e+001
2.013834e+003,3.916936e+001
2.014316e+003,3.916202e+001
2.014799e+003,3.915406e+001
2.015281e+003,3.914595e+001
2.015763e+003,3.913824e+001
2.016245e+003,3.913143e+001
2.016727e+003,3.912581e+001
2.017209e+003,3.912147e+001
2.017691e+003,3.911827e+001
2.018173e+003,3.911593e+001
2.018656e+003,3.911408e+001
2.019138e+003,3.911237e+001
2.019620e+003,3.911060e+001
2.020102e+003,3.910860e+001
2.020584e+003,3.910635e+001
2.021066e+003,3.910384e+001
2.021548e+003,3.910110e+001
2.022031e+003,3.909818e+001
2.022512e+003,3.909507e+001
2.022995e+003,3.909182e+001
2.023477e+003,3.908846e+001
2.023959e+003,3.908501e+001
2.024441e+003,3.908154e+001
2.024923e+003,3.907807e+001
2.025405e+003,3.907462e+001
2.025887e+003,3.907119e+001
2.026370e+003,3.906775e+001
2.026852e+003,3.906425e+001
2.027334e+003,3.906060e+001
2.027816e+003,3.905667e+001
2.028298e+003,3.905236e+001
2.028780e+003,3.904759e+001
2.029262e+003,3.904233e+001
2.029744e+003,3.903665e+001
2.030227e+003,3.903070e+001
2.030709e+003,3.902471e+001
2.031191e+003,3.901894e+001
2.031673e+003,3.901365e+001
2.032155e+003,3.900897e+001
2.032637e+003,3.900497e+001
2.033119e+003,3.900160e+001
2.033601e+003,3.899864e+001
2.034083e+003,3.899579e+001
2.034566e+003,3.899274e+001
2.035048e+003,3.898916e+001
2.035530e+003,3.898475e+001
2.036012e+003,3.897937e+001
2.036494e+003,3.897299e+001
2.036976e+003,3.896574e+001
2.037458e+003,3.895792e+001
2.037940e+003,3.894990e+001
2.038423e+003,3.894210e+001
2.038905e+003,3.893485e+001
2.039387e+003,3.892837e+001
2.039869e+003,3.892269e+001
2.040351e+003,3.891767e+001
2.040833e+003,3.891306e+001
2.041315e+003,3.890856e+001
2.041798e+003,3.890395e+001
2.042280e+003,3.889908e+001
2.042762e+003,3.889395e+001
2.043244e+003,3.888864e+001
2.043726e+003,3.888327e+001
2.044208e+003,3.887793e+001
2.044690e+003,3.887266e+001
2.045172e+003,3.886741e+001
2.045655e+003,3.886209e+001
2.046137e+003,3.885659e+001
2.046619e+003,3.885083e+001
2.047101e+003,3.884476e+001
2.047583e+003,3.883845e+001
2.048065e+003,3.883201e+001
2.048547e+003,3.882561e+001
2.049029e+003,3.881942e+001
2.049511e+003,3.881356e+001
2.049994e+003,3.880811e+001
2.050476e+003,3.880302e+001
2.050958e+003,3.879820e+001
2.051440e+003,3.879343e+001
2.051922e+003,3.878852e+001
2.052404e+003,3.878324e+001
2.052886e+003,3.877744e+001
2.053368e+003,3.877104e+001
2.053851e+003,3.876403e+001
2.054333e+003,3.875647e+001
2.054815e+003,3.874847e+001
2.055297e+003,3.874015e+001
2.055779e+003,3.873165e+001
2.056261e+003,3.872314e+001
2.056743e+003,3.871476e+001
2.057226e+003,3.870664e+001
2.057708e+003,3.869890e+001
2.058190e+003,3.869156e+001
2.058672e+003,3.868455e+001
2.059154e+003,3.867776e+001
2.059636e+003,3.867099e+001
2.060118e+003,3.866406e+001
2.060600e+003,3.865679e+001
2.061083e+003,3.864912e+001
2.061565e+003,3.864107e+001
2.062047e+003,3.863275e+001
2.062529e+003,3.862428e+001
2.063011e+003,3.861583e+001
2.063493e+003,3.860749e+001
2.063975e+003,3.859933e+001
2.064457e+003,3.859136e+001
2.064939e+003,3.858356e+001
2.065422e+003,3.857587e+001
2.065904e+003,3.856828e+001
2.066386e+003,3.856072e+001
2.066868e+003,3.855313e+001
2.067350e+003,3.854548e+001
2.067832e+003,3.853770e+001
2.068314e+003,3.852979e+001
2.068796e+003,3.852175e+001
2.069279e+003,3.851363e+001
2.069761e+003,3.850550e+001
2.070243e+003,3.849739e+001
2.070725e+003,3.848936e+001
2.071207e+003,3.848139e+001
2.071689e+003,3.847341e+001
2.072171e+003,3.846538e+001
2.072654e+003,3.845720e+001
2.073135e+003,3.844879e+001
2.073618e+003,3.844011e+001
2.074100e+003,3.843114e+001
2.074582e+003,3.842190e+001
2.075064e+003,3.841242e+001
2.075546e+003,3.840280e+001
2.076028e+003,3.839314e+001
2.076510e+003,3.838352e+001
2.076993e+003,3.837409e+001
2.077475e+003,3.836489e+001
2.077957e+003,3.835595e+001
2.078439e+003,3.834718e+001
2.078921e+003,3.833850e+001
2.079403e+003,3.832977e+001
2.079885e+003,3.832084e+001
2.080367e+003,3.831164e+001
2.080850e+003,3.830219e+001
2.081332e+003,3.829254e+001
2.081814e+003,3.828283e+001
2.082296e+003,3.827317e+001
2.082778e+003,3.826365e+001
2.083260e+003,3.825430e+001
2.083742e+003,3.824510e+001
2.084224e+003,3.823599e+001
2.084707e+003,3.822687e+001
2.085189e+003,3.821766e+001
2.085671e+003,3.820826e+001
2.086153e+003,3.819863e+001
2.086635e+003,3.818872e+001
2.087117e+003,3.817851e+001
2.087599e+003,3.816801e+001
2.088082e+003,3.815725e+001
2.088563e+003,3.814625e+001
2.089046e+003,3.813510e+001
2.089528e+003,3.812385e+001
2.090010e+003,3.811263e+001
2.090492e+003,3.810152e+001
2.090974e+003,3.809063e+001
2.091456e+003,3.808005e+001
2.091938e+003,3.806985e+001
2.092421e+003,3.806007e+001
2.092903e+003,3.805069e+001
2.093385e+003,3.804165e+001
2.093867e+003,3.803287e+001
2.094349e+003,3.802423e+001
2.094831e+003,3.801563e+001
2.095313e+003,3.800701e+001
2.095795e+003,3.799831e+001
2.096278e+003,3.798951e+001
2.096760e+003,3.798062e+001
2.097242e+003,3.797158e+001
2.097724e+003,3.796234e+001
2.098206e+003,3.795284e+001
2.098688e+003,3.794300e+001
2.099170e+003,3.793280e+001
2.099652e+003,3.792227e+001
2.100135e+003,3.791151e+001
2.100617e+003,3.790062e+001
2.101099e+003,3.788979e+001
2.101581e+003,3.787908e+001
2.102063e+003,3.786858e+001
2.102545e+003,3.785828e+001
2.103027e+003,3.784811e+001
2.103510e+003,3.783797e+001
2.103991e+003,3.782776e+001
2.104474e+003,3.781738e+001
2.104956e+003,3.780679e+001
2.105438e+003,3.779597e+001
2.105920e+003,3.778497e+001
2.106402e+003,3.777387e+001
2.106884e+003,3.776278e+001
2.107366e+003,3.775183e+001
2.107849e+003,3.774113e+001
2.108331e+003,3.773071e+001
2.108813e+003,3.772055e+001
2.109295e+003,3.771055e+001
2.109777e+003,3.770061e+001
2.110259e+003,3.769060e+001
2.110741e+003,3.768045e+001
2.111223e+003,3.767018e+001
2.111706e+003,3.765984e+001
2.112188e+003,3.764954e+001
2.112670e+003,3.763939e+001
2.113152e+003,3.762941e+001
2.113634e+003,3.761963e+001
2.114116e+003,3.760997e+001
2.114598e+003,3.760037e+001
2.115080e+003,3.759074e+001
2.115563e+003,3.758102e+001
2.116045e+003,3.757120e+001
2.116527e+003,3.756126e+001
2.117009e+003,3.755117e+001
2.117491e+003,3.754093e+001
2.117973e+003,3.753050e+001
2.118455e+003,3.751988e+001
2.118938e+003,3.750909e+001
2.119420e+003,3.749823e+001
2.119902e+003,3.748741e+001
2.120384e+003,3.747678e+001
2.120866e+003,3.746645e+001
2.121348e+003,3.745653e+001
2.121830e+003,3.744702e+001
2.122312e+003,3.743789e+001
2.122794e+003,3.742904e+001
2.123277e+003,3.742035e+001
2.123759e+003,3.741171e+001
2.124241e+003,3.740301e+001
2.124723e+003,3.739417e+001
2.125205e+003,3.738514e+001
2.125687e+003,3.737592e+001
2.126169e+003,3.736652e+001
2.126651e+003,3.735703e+001
2.127134e+003,3.734754e+001
2.127616e+003,3.733813e+001
2.128098e+003,3.732889e+001
2.128580e+003,3.731984e+001
2.129062e+003,3.731099e+001
2.129544e+003,3.730227e+001
2.130026e+003,3.729361e+001
2.130509e+003,3.728488e+001
2.130990e+003,3.727604e+001
2.131473e+003,3.726697e+001
2.131955e+003,3.725763e+001
2.132437e+003,3.724795e+001
2.132919e+003,3.723791e+001
2.133401e+003,3.722754e+001
2.133883e+003,3.721692e+001
2.134365e+003,3.720617e+001
2.134848e+003,3.719548e+001
2.135330e+003,3.718503e+001
2.135812e+003,3.717497e+001
2.136294e+003,3.716539e+001
2.136776e+003,3.715630e+001
2.137258e+003,3.714763e+001
2.137740e+003,3.713929e+001
2.138222e+003,3.713116e+001
2.138705e+003,3.712315e+001
2.139187e+003,3.711520e+001
2.139669e+003,3.710730e+001
2.140151e+003,3.709944e+001
2.140633e+003,3.709162e+001
2.141115e+003,3.708381e+001
2.141597e+003,3.707600e+001
2.142079e+003,3.706814e+001
2.142562e+003,3.706023e+001
2.143044e+003,3.705226e+001
2.143526e+003,3.704424e+001
2.144008e+003,3.703621e+001
2.144490e+003,3.702819e+001
2.144972e+003,3.702026e+001
2.145454e+003,3.701245e+001
2.145937e+003,3.700478e+001
2.146418e+003,3.699726e+001
2.146901e+003,3.698983e+001
2.147383e+003,3.698243e+001
2.147865e+003,3.697489e+001
2.148347e+003,3.696707e+001
2.148829e+003,3.695882e+001
2.149311e+003,3.695004e+001
2.149793e+003,3.694070e+001
2.150276e+003,3.693087e+001
2.150758e+003,3.692065e+001
2.151240e+003,3.691023e+001
2.151722e+003,3.689983e+001
2.152204e+003,3.688962e+001
2.152686e+003,3.687983e+001
2.153168e+003,3.687062e+001
2.153650e+003,3.686208e+001
2.154133e+003,3.685427e+001
2.154615e+003,3.684719e+001
2.155097e+003,3.684073e+001
2.155579e+003,3.683472e+001
2.156061e+003,3.682896e+001
2.156543e+003,3.682326e+001
2.157025e+003,3.681745e+001
2.157507e+003,3.681145e+001
2.157990e+003,3.680519e+001
2.158472e+003,3.679865e+001
2.158954e+003,3.679180e+001
2.159436e+003,3.678457e+001
2.159918e+003,3.677686e+001
2.160400e+003,3.676857e+001
2.160882e+003,3.675968e+001
2.161365e+003,3.675026e+001
2.161846e+003,3.674045e+001
2.162329e+003,3.673051e+001
2.162811e+003,3.672071e+001
2.163293e+003,3.671126e+001
2.163775e+003,3.670233e+001
2.164257e+003,3.669392e+001
2.164739e+003,3.668601e+001
2.165221e+003,3.667851e+001
2.165704e+003,3.667135e+001
2.166186e+003,3.666449e+001
2.166668e+003,3.665790e+001
2.167150e+003,3.665159e+001
2.167632e+003,3.664553e+001
2.168114e+003,3.663966e+001
2.168596e+003,3.663387e+001
2.169078e+003,3.662804e+001
2.169561e+003,3.662201e+001
2.170043e+003,3.661569e+001
2.170525e+003,3.660902e+001
2.171007e+003,3.660197e+001
2.171489e+003,3.659457e+001
2.171971e+003,3.658693e+001
2.172453e+003,3.657913e+001
2.172935e+003,3.657133e+001
2.173417e+003,3.656366e+001
2.173900e+003,3.655624e+001
2.174382e+003,3.654919e+001
2.174864e+003,3.654257e+001
2.175346e+003,3.653637e+001
2.175828e+003,3.653055e+001
2.176310e+003,3.652502e+001
2.176792e+003,3.651964e+001
2.177274e+003,3.651428e+001
2.177757e+003,3.650882e+001
2.178239e+003,3.650314e+001
2.178721e+003,3.649717e+001
2.179203e+003,3.649091e+001
2.179685e+003,3.648441e+001
2.180167e+003,3.647778e+001
2.180649e+003,3.647113e+001
2.181132e+003,3.646458e+001
2.181614e+003,3.645821e+001
2.182096e+003,3.645200e+001
2.182578e+003,3.644590e+001
2.183060e+003,3.643982e+001
2.183542e+003,3.643370e+001
2.184024e+003,3.642751e+001
2.184506e+003,3.642129e+001
2.184989e+003,3.641517e+001
2.185471e+003,3.640924e+001
2.185953e+003,3.640356e+001
2.186435e+003,3.639809e+001
2.186917e+003,3.639268e+001
2.187399e+003,3.638716e+001
2.187881e+003,3.638134e+001
2.188363e+003,3.637510e+001
2.188845e+003,3.636846e+001
2.189328e+003,3.636156e+001
2.189810e+003,3.635458e+001
2.190292e+003,3.634771e+001
2.190774e+003,3.634114e+001
2.191256e+003,3.633493e+001
2.191738e+003,3.632905e+001
2.192220e+003,3.632343e+001
2.192702e+003,3.631794e+001
2.193185e+003,3.631253e+001
2.193667e+003,3.630711e+001
2.194149e+003,3.630161e+001
2.194631e+003,3.629603e+001
2.195113e+003,3.629034e+001
2.195595e+003,3.628453e+001
2.196077e+003,3.627862e+001
2.196560e+003,3.627260e+001
2.197042e+003,3.626655e+001
2.197524e+003,3.626046e+001
2.198006e+003,3.625434e+001
2.198488e+003,3.624815e+001
2.198970e+003,3.624186e+001
2.199452e+003,3.623540e+001
2.199934e+003,3.622874e+001
2.200417e+003,3.622190e+001
2.200899e+003,3.621494e+001
2.201381e+003,3.620798e+001
2.201863e+003,3.620109e+001
2.202345e+003,3.619437e+001
2.202827e+003,3.618787e+001
2.203309e+003,3.618156e+001
2.203791e+003,3.617540e+001
2.204273e+003,3.616932e+001
2.204756e+003,3.616327e+001
2.205238e+003,3.615720e+001
2.205720e+003,3.615109e+001
2.206202e+003,3.614492e+001
2.206684e+003,3.613865e+001
2.207166e+003,3.613226e+001
2.207648e+003,3.612567e+001
2.208130e+003,3.611883e+001
2.208613e+003,3.611172e+001
2.209095e+003,3.610431e+001
2.209577e+003,3.609666e+001
2.210059e+003,3.608888e+001
2.210541e+003,3.608110e+001
2.211023e+003,3.607351e+001
2.211505e+003,3.606628e+001
2.211988e+003,3.605952e+001
2.212469e+003,3.605328e+001
2.212952e+003,3.604747e+001
2.213434e+003,3.604191e+001
2.213916e+003,3.603638e+001
2.214398e+003,3.603064e+001
2.214880e+003,3.602451e+001
2.215362e+003,3.601789e+001
2.215844e+003,3.601081e+001
2.216327e+003,3.600338e+001
2.216809e+003,3.599575e+001
2.217291e+003,3.598807e+001
2.217773e+003,3.598044e+001
2.218255e+003,3.597292e+001
2.218737e+003,3.596551e+001
2.219219e+003,3.595819e+001
2.219701e+003,3.595096e+001
2.220184e+003,3.594380e+001
2.220666e+003,3.593672e+001
2.221148e+003,3.592970e+001
2.221630e+003,3.592275e+001
2.222112e+003,3.591585e+001
2.222594e+003,3.590897e+001
2.223076e+003,3.590205e+001
2.223558e+003,3.589506e+001
2.224041e+003,3.588798e+001
2.224523e+003,3.588074e+001
2.225005e+003,3.587331e+001
2.225487e+003,3.586567e+001
2.225969e+003,3.585781e+001
2.226451e+003,3.584977e+001
2.226933e+003,3.584164e+001
2.227416e+003,3.583352e+001
2.227897e+003,3.582550e+001
2.228380e+003,3.581766e+001
2.228862e+003,3.580999e+001
2.229344e+003,3.580247e+001
2.229826e+003,3.579503e+001
2.230308e+003,3.578764e+001
2.230790e+003,3.578025e+001
2.231272e+003,3.577291e+001
2.231755e+003,3.576566e+001
2.232237e+003,3.575852e+001
2.232719e+003,3.575147e+001
2.233201e+003,3.574441e+001
2.233683e+003,3.573720e+001
2.234165e+003,3.572968e+001
2.234647e+003,3.572173e+001
2.235129e+003,3.571332e+001
2.235612e+003,3.570451e+001
2.236094e+003,3.569542e+001
2.236576e+003,3.568619e+001
2.237058e+003,3.567696e+001
2.237540e+003,3.566782e+001
2.238022e+003,3.565883e+001
2.238504e+003,3.565004e+001
2.238986e+003,3.564143e+001
2.239469e+003,3.563303e+001
2.239951e+003,3.562483e+001
2.240433e+003,3.561675e+001
2.240915e+003,3.560871e+001
2.241397e+003,3.560054e+001
2.241879e+003,3.559206e+001
2.242361e+003,3.558311e+001
2.242844e+003,3.557355e+001
2.243326e+003,3.556337e+001
2.243808e+003,3.555260e+001
2.244290e+003,3.554132e+001
2.244772e+003,3.552970e+001
2.245254e+003,3.551788e+001
2.245736e+003,3.550604e+001
2.246218e+003,3.549429e+001
2.246700e+003,3.548276e+001
2.247183e+003,3.547153e+001
2.247665e+003,3.546064e+001
2.248147e+003,3.545008e+001
2.248629e+003,3.543982e+001
2.249111e+003,3.542970e+001
2.249593e+003,3.541958e+001
2.250075e+003,3.540930e+001
2.250557e+003,3.539870e+001
2.251040e+003,3.538768e+001
2.251522e+003,3.537619e+001
2.252004e+003,3.536421e+001
2.252486e+003,3.535181e+001
2.252968e+003,3.533912e+001
2.253450e+003,3.532632e+001
2.253932e+003,3.531362e+001
2.254415e+003,3.530122e+001
2.254896e+003,3.528930e+001
2.255379e+003,3.527796e+001
2.255861e+003,3.526721e+001
2.256343e+003,3.525695e+001
2.256825e+003,3.524701e+001
2.257307e+003,3.523711e+001
2.257789e+003,3.522704e+001
2.258271e+003,3.521661e+001
2.258754e+003,3.520571e+001
2.259236e+003,3.519433e+001
2.259718e+003,3.518252e+001
2.260200e+003,3.517038e+001
2.260682e+003,3.515807e+001
2.261164e+003,3.514574e+001
2.261646e+003,3.513351e+001
2.262128e+003,3.512150e+001
2.262611e+003,3.510979e+001
2.263093e+003,3.509839e+001
2.263575e+003,3.508727e+001
2.264057e+003,3.507635e+001
2.264539e+003,3.506557e+001
2.265021e+003,3.505487e+001
2.265503e+003,3.504424e+001
2.265985e+003,3.503367e+001
2.266468e+003,3.502319e+001
2.266950e+003,3.501277e+001
2.267432e+003,3.500233e+001
2.267914e+003,3.499171e+001
2.268396e+003,3.498071e+001
2.268878e+003,3.496917e+001
2.269360e+003,3.495699e+001
2.269843e+003,3.494419e+001
2.270324e+003,3.493098e+001
2.270807e+003,3.491762e+001
2.271289e+003,3.490442e+001
2.271771e+003,3.489169e+001
2.272253e+003,3.487959e+001
2.272735e+003,3.486815e+001
2.273217e+003,3.485735e+001
2.273699e+003,3.484702e+001
2.274182e+003,3.483701e+001
2.274664e+003,3.482713e+001
2.275146e+003,3.481730e+001
2.275628e+003,3.480744e+001
2.276110e+003,3.479756e+001
2.276592e+003,3.478771e+001
2.277074e+003,3.477791e+001
2.277556e+003,3.476826e+001
2.278039e+003,3.475876e+001
2.278521e+003,3.474945e+001
2.279003e+003,3.474026e+001
2.279485e+003,3.473116e+001
2.279967e+003,3.472200e+001
2.280449e+003,3.471269e+001
2.280931e+003,3.470312e+001
2.281413e+003,3.469314e+001
2.281896e+003,3.468266e+001
2.282378e+003,3.467154e+001
2.282860e+003,3.465968e+001
2.283342e+003,3.464695e+001
2.283824e+003,3.463327e+001
2.284306e+003,3.461859e+001
2.284788e+003,3.460295e+001
2.285271e+003,3.458644e+001
2.285752e+003,3.456918e+001
2.286235e+003,3.455130e+001
2.286717e+003,3.453292e+001
2.287199e+003,3.451407e+001
2.287681e+003,3.449479e+001
2.288163e+003,3.447507e+001
2.288645e+003,3.445494e+001
2.289127e+003,3.443451e+001
2.289610e+003,3.441387e+001
2.290092e+003,3.439316e+001
2.290574e+003,3.437249e+001
2.291056e+003,3.435190e+001
2.291538e+003,3.433136e+001
2.292020e+003,3.431078e+001
2.292502e+003,3.429002e+001
2.292984e+003,3.426896e+001
2.293467e+003,3.424755e+001
2.293949e+003,3.422579e+001
2.294431e+003,3.420373e+001
2.294913e+003,3.418144e+001
2.295395e+003,3.415900e+001
2.295877e+003,3.413647e+001
2.296359e+003,3.411386e+001
2.296841e+003,3.409114e+001
2.297323e+003,3.406824e+001
2.297806e+003,3.404510e+001
2.298288e+003,3.402160e+001
2.298770e+003,3.399771e+001
2.299252e+003,3.397338e+001
2.299734e+003,3.394860e+001
2.300216e+003,3.392344e+001
2.300698e+003,3.389795e+001
2.301180e+003,3.387218e+001
2.301663e+003,3.384608e+001
2.302145e+003,3.381952e+001
2.302627e+003,3.379225e+001
2.303109e+003,3.376400e+001
2.303591e+003,3.373449e+001
2.304073e+003,3.370350e+001
2.304555e+003,3.367100e+001
2.305038e+003,3.363712e+001
2.305520e+003,3.360212e+001
2.306002e+003,3.356634e+001
2.306484e+003,3.353012e+001
2.306966e+003,3.349372e+001
2.307448e+003,3.345728e+001
2.307930e+003,3.342085e+001
2.308412e+003,3.338444e+001
2.308895e+003,3.334805e+001
2.309377e+003,3.331178e+001
2.309859e+003,3.327581e+001
2.310341e+003,3.324044e+001
2.310823e+003,3.320602e+001
2.311305e+003,3.317289e+001
2.311787e+003,3.314128e+001
2.312269e+003,3.311120e+001
2.312751e+003,3.308237e+001
2.313234e+003,3.305422e+001
2.313716e+003,3.302586e+001
2.314198e+003,3.299632e+001
2.314680e+003,3.296452e+001
2.315162e+003,3.292962e+001
2.315644e+003,3.289101e+001
2.316126e+003,3.284851e+001
2.316608e+003,3.280228e+001
2.317091e+003,3.275278e+001
2.317573e+003,3.270072e+001
2.318055e+003,3.264692e+001
2.318537e+003,3.259222e+001
2.319019e+003,3.253749e+001
2.319501e+003,3.248354e+001
2.319983e+003,3.243120e+001
2.320466e+003,3.238119e+001
2.320948e+003,3.233414e+001
2.321430e+003,3.229051e+001
2.321912e+003,3.225050e+001
2.322394e+003,3.221405e+001
2.322876e+003,3.218082e+001
2.323358e+003,3.215021e+001
2.323840e+003,3.212148e+001
2.324323e+003,3.209375e+001
2.324805e+003,3.206615e+001
2.325287e+003,3.203778e+001
2.325769e+003,3.200792e+001
2.326251e+003,3.197597e+001
2.326733e+003,3.194164e+001
2.327215e+003,3.190500e+001
2.327697e+003,3.186656e+001
2.328179e+003,3.182718e+001
2.328662e+003,3.178807e+001
2.329144e+003,3.175050e+001
2.329626e+003,3.171574e+001
2.330108e+003,3.168480e+001
2.330590e+003,3.165821e+001
2.331072e+003,3.163601e+001
2.331554e+003,3.161774e+001
2.332036e+003,3.160242e+001
2.332519e+003,3.158877e+001
2.333001e+003,3.157541e+001
2.333483e+003,3.156104e+001
2.333965e+003,3.154465e+001
2.334447e+003,3.152572e+001
2.334929e+003,3.150427e+001
2.335411e+003,3.148083e+001
2.335894e+003,3.145625e+001
2.336375e+003,3.143149e+001
2.336858e+003,3.140738e+001
2.337340e+003,3.138443e+001
2.337822e+003,3.136281e+001
2.338304e+003,3.134244e+001
2.338786e+003,3.132317e+001
2.339268e+003,3.130496e+001
2.339750e+003,3.128795e+001
2.340233e+003,3.127244e+001
2.340715e+003,3.125881e+001
2.341197e+003,3.124747e+001
2.341679e+003,3.123890e+001
2.342161e+003,3.123392e+001
2.342643e+003,3.123391e+001
2.343125e+003,3.124096e+001
2.343607e+003,3.125772e+001
2.344090e+003,3.128677e+001
2.344572e+003,3.132957e+001
2.345054e+003,3.138557e+001
2.345536e+003,3.145165e+001
2.346018e+003,3.152232e+001
2.346500e+003,3.159078e+001
2.346982e+003,3.165017e+001
2.347464e+003,3.169469e+001
2.347947e+003,3.172015e+001
2.348429e+003,3.172418e+001
2.348911e+003,3.170608e+001
2.349393e+003,3.166651e+001
2.349875e+003,3.160728e+001
2.350357e+003,3.153119e+001
2.350839e+003,3.144177e+001
2.351322e+003,3.134303e+001
2.351803e+003,3.123906e+001
2.352286e+003,3.113348e+001
2.352768e+003,3.102910e+001
2.353250e+003,3.092758e+001
2.353732e+003,3.082960e+001
2.354214e+003,3.073531e+001
2.354696e+003,3.064476e+001
2.355178e+003,3.055831e+001
2.355661e+003,3.047677e+001
2.356143e+003,3.040127e+001
2.356625e+003,3.033299e+001
2.357107e+003,3.027297e+001
2.357589e+003,3.022189e+001
2.358071e+003,3.018006e+001
2.358553e+003,3.014741e+001
2.359035e+003,3.012354e+001
2.359518e+003,3.010772e+001
2.360000e+003,3.009894e+001
2.360482e+003,3.009604e+001
2.360964e+003,3.009793e+001
2.361446e+003,3.010377e+001
2.361928e+003,3.011322e+001
2.362410e+003,3.012651e+001
2.362892e+003,3.014424e+001
2.363375e+003,3.016724e+001
2.363857e+003,3.019619e+001
2.364339e+003,3.023148e+001
2.364821e+003,3.027298e+001
2.365303e+003,3.032011e+001
2.365785e+003,3.037195e+001
2.366267e+003,3.042730e+001
2.366750e+003,3.048494e+001
2.367232e+003,3.054367e+001
2.367714e+003,3.060245e+001
2.368196e+003,3.066059e+001
2.368678e+003,3.071776e+001
2.369160e+003,3.077407e+001
2.369642e+003,3.082995e+001
2.370124e+003,3.088605e+001
2.370606e+003,3.094301e+001
2.371089e+003,3.100128e+001
2.371571e+003,3.106091e+001
2.372053e+003,3.112164e+001
2.372535e+003,3.118288e+001
2.373017e+003,3.124397e+001
2.373499e+003,3.130423e+001
2.373981e+003,3.136315e+001
2.374463e+003,3.142045e+001
2.374946e+003,3.147608e+001
2.375428e+003,3.153004e+001
2.375910e+003,3.158253e+001
2.376392e+003,3.163371e+001
2.376874e+003,3.168378e+001
2.377356e+003,3.173282e+001
2.377838e+003,3.178093e+001
2.378321e+003,3.182809e+001
2.378802e+003,3.187422e+001
2.379285e+003,3.191914e+001
2.379767e+003,3.196262e+001
2.380249e+003,3.200439e+001
2.380731e+003,3.204416e+001
2.381213e+003,3.208168e+001
2.381695e+003,3.211676e+001
2.382177e+003,3.214919e+001
2.382660e+003,3.217879e+001
2.383142e+003,3.220542e+001
2.383624e+003,3.222890e+001
2.384106e+003,3.224911e+001
2.384588e+003,3.226596e+001
2.385070e+003,3.227942e+001
2.385552e+003,3.228956e+001
2.386034e+003,3.229655e+001
2.386517e+003,3.230058e+001
2.386999e+003,3.230191e+001
2.387481e+003,3.230080e+001
2.387963e+003,3.229753e+001
2.388445e+003,3.229239e+001
2.388927e+003,3.228569e+001
2.389409e+003,3.227781e+001
2.389891e+003,3.226914e+001
2.390374e+003,3.226007e+001
2.390856e+003,3.225096e+001
2.391338e+003,3.224207e+001
2.391820e+003,3.223356e+001
2.392302e+003,3.222545e+001
2.392784e+003,3.221773e+001
2.393266e+003,3.221025e+001
2.393749e+003,3.220284e+001
2.394230e+003,3.219530e+001
2.394713e+003,3.218745e+001
2.395195e+003,3.217910e+001
2.395677e+003,3.217012e+001
2.396159e+003,3.216044e+001
2.396641e+003,3.215009e+001
2.397123e+003,3.213916e+001
2.397605e+003,3.212786e+001
2.398088e+003,3.211647e+001
2.398570e+003,3.210524e+001
2.399052e+003,3.209438e+001
2.399534e+003,3.208404e+001
2.400016e+003,3.207421e+001
2.400498e+003,3.206481e+001
2.400980e+003,3.205566e+001
2.401462e+003,3.204654e+001
2.401945e+003,3.203721e+001
2.402427e+003,3.202751e+001
2.402909e+003,3.201735e+001
2.403391e+003,3.200672e+001
2.403873e+003,3.199570e+001
2.404355e+003,3.198443e+001
2.404837e+003,3.197306e+001
2.405319e+003,3.196174e+001
2.405802e+003,3.195052e+001
2.406284e+003,3.193943e+001
2.406766e+003,3.192842e+001
2.407248e+003,3.191739e+001
2.407730e+003,3.190627e+001
2.408212e+003,3.189500e+001
2.408694e+003,3.188360e+001
2.409177e+003,3.187209e+001
2.409658e+003,3.186053e+001
2.410141e+003,3.184899e+001
2.410623e+003,3.183750e+001
2.411105e+003,3.182608e+001
2.411587e+003,3.181472e+001
2.412069e+003,3.180341e+001
2.412551e+003,3.179215e+001
2.413033e+003,3.178092e+001
2.413516e+003,3.176973e+001
2.413998e+003,3.175859e+001
2.414480e+003,3.174752e+001
2.414962e+003,3.173653e+001
2.415444e+003,3.172560e+001
2.415926e+003,3.171475e+001
2.416408e+003,3.170398e+001
2.416890e+003,3.169323e+001
2.417373e+003,3.168246e+001
2.417855e+003,3.167157e+001
2.418337e+003,3.166051e+001
2.418819e+003,3.164923e+001
2.419301e+003,3.163778e+001
2.419783e+003,3.162622e+001
2.420265e+003,3.161467e+001
2.420747e+003,3.160324e+001
2.421229e+003,3.159203e+001
2.421712e+003,3.158103e+001
2.422194e+003,3.157021e+001
2.422676e+003,3.155947e+001
2.423158e+003,3.154874e+001
2.423640e+003,3.153794e+001
2.424122e+003,3.152706e+001
2.424604e+003,3.151609e+001
2.425086e+003,3.150504e+001
2.425569e+003,3.149385e+001
2.426051e+003,3.148244e+001
2.426533e+003,3.147072e+001
2.427015e+003,3.145859e+001
2.427497e+003,3.144606e+001
2.427979e+003,3.143320e+001
2.428461e+003,3.142014e+001
2.428944e+003,3.140706e+001
2.429426e+003,3.139410e+001
2.429908e+003,3.138136e+001
2.430390e+003,3.136883e+001
2.430872e+003,3.135645e+001
2.431354e+003,3.134414e+001
2.431836e+003,3.133183e+001
2.432318e+003,3.131945e+001
2.432801e+003,3.130701e+001
2.433283e+003,3.129452e+001
2.433765e+003,3.128198e+001
2.434247e+003,3.126942e+001
2.434729e+003,3.125686e+001
2.435211e+003,3.124432e+001
2.435693e+003,3.123185e+001
2.436175e+003,3.121949e+001
2.436657e+003,3.120731e+001
2.437140e+003,3.119530e+001
2.437622e+003,3.118348e+001
2.438104e+003,3.117177e+001
2.438586e+003,3.116017e+001
2.439068e+003,3.114862e+001
2.439550e+003,3.113713e+001
2.440032e+003,3.112572e+001
2.440514e+003,3.111434e+001
2.440997e+003,3.110296e+001
2.441479e+003,3.109147e+001
2.441961e+003,3.107968e+001
2.442443e+003,3.106746e+001
2.442925e+003,3.105466e+001
2.443407e+003,3.104129e+001
2.443889e+003,3.102742e+001
2.444372e+003,3.101324e+001
2.444854e+003,3.099897e+001
2.445336e+003,3.098481e+001
2.445818e+003,3.097090e+001
2.446300e+003,3.095729e+001
2.446782e+003,3.094395e+001
2.447264e+003,3.093082e+001
2.447746e+003,3.091782e+001
2.448229e+003,3.090489e+001
2.448711e+003,3.089198e+001
2.449193e+003,3.087908e+001
2.449675e+003,3.086617e+001
2.450157e+003,3.085324e+001
2.450639e+003,3.084028e+001
2.451121e+003,3.082727e+001
2.451604e+003,3.081416e+001
2.452085e+003,3.080095e+001
2.452568e+003,3.078759e+001
2.453050e+003,3.077407e+001
2.453532e+003,3.076038e+001
2.454014e+003,3.074652e+001
2.454496e+003,3.073251e+001
2.454978e+003,3.071839e+001
2.455460e+003,3.070422e+001
2.455943e+003,3.069010e+001
2.456425e+003,3.067607e+001
2.456907e+003,3.066218e+001
2.457389e+003,3.064845e+001
2.457871e+003,3.063488e+001
2.458353e+003,3.062146e+001
2.458835e+003,3.060818e+001
2.459317e+003,3.059501e+001
2.459800e+003,3.058194e+001
2.460282e+003,3.056892e+001
2.460764e+003,3.055590e+001
2.461246e+003,3.054286e+001
2.461728e+003,3.052973e+001
2.462210e+003,3.051649e+001
2.462692e+003,3.050312e+001
2.463174e+003,3.048962e+001
2.463656e+003,3.047602e+001
2.464139e+003,3.046229e+001
2.464621e+003,3.044848e+001
2.465103e+003,3.043462e+001
2.465585e+003,3.042074e+001
2.466067e+003,3.040686e+001
2.466549e+003,3.039304e+001
2.467031e+003,3.037924e+001
2.467513e+003,3.036544e+001
2.467996e+003,3.035157e+001
2.468478e+003,3.033752e+001
2.468960e+003,3.032327e+001
2.469442e+003,3.030882e+001
2.469924e+003,3.029426e+001
2.470406e+003,3.027971e+001
2.470888e+003,3.026533e+001
2.471371e+003,3.025123e+001
2.471853e+003,3.023741e+001
2.472335e+003,3.022381e+001
2.472817e+003,3.021028e+001
2.473299e+003,3.019668e+001
2.473781e+003,3.018289e+001
2.474263e+003,3.016891e+001
2.474745e+003,3.015482e+001
2.475228e+003,3.014075e+001
2.475710e+003,3.012682e+001
2.476192e+003,3.011315e+001
2.476674e+003,3.009977e+001
2.477156e+003,3.008663e+001
2.477638e+003,3.007363e+001
2.478120e+003,3.006067e+001
2.478602e+003,3.004762e+001
2.479084e+003,3.003436e+001
2.479567e+003,3.002077e+001
2.480049e+003,3.000675e+001
2.480531e+003,2.999223e+001
2.481013e+003,2.997715e+001
2.481495e+003,2.996157e+001
2.481977e+003,2.994558e+001
2.482459e+003,2.992937e+001
2.482941e+003,2.991317e+001
2.483424e+003,2.989717e+001
2.483906e+003,2.988154e+001
2.484388e+003,2.986636e+001
2.484870e+003,2.985164e+001
2.485352e+003,2.983733e+001
2.485834e+003,2.982334e+001
2.486316e+003,2.980956e+001
2.486799e+003,2.979591e+001
2.487281e+003,2.978230e+001
2.487763e+003,2.976871e+001
2.488245e+003,2.975509e+001
2.488727e+003,2.974146e+001
2.489209e+003,2.972782e+001
2.489691e+003,2.971419e+001
2.490173e+003,2.970058e+001
2.490656e+003,2.968694e+001
2.491138e+003,2.967325e+001
2.491620e+003,2.965944e+001
2.492102e+003,2.964551e+001
2.492584e+003,2.963145e+001
2.493066e+003,2.961736e+001
2.493548e+003,2.960335e+001
2.494030e+003,2.958952e+001
2.494512e+003,2.957594e+001
2.494995e+003,2.956260e+001
2.495477e+003,2.954940e+001
2.495959e+003,2.953616e+001
2.496441e+003,2.952270e+001
2.496923e+003,2.950891e+001
2.497405e+003,2.949476e+001
2.497887e+003,2.948031e+001
2.498370e+003,2.946569e+001
2.498852e+003,2.945105e+001
2.499334e+003,2.943653e+001
2.499816e+003,2.942221e+001
2.500298e+003,2.940815e+001
2.500780e+003,2.939431e+001
2.501262e+003,2.938066e+001
2.501744e+003,2.936710e+001
2.502227e+003,2.935352e+001
2.502709e+003,2.933975e+001
2.503191e+003,2.932564e+001
2.503673e+003,2.931106e+001
2.504155e+003,2.929596e+001
2.504637e+003,2.928043e+001
2.505119e+003,2.926470e+001
2.505601e+003,2.924912e+001
2.506083e+003,2.923406e+001
2.506566e+003,2.921984e+001
2.507048e+003,2.920666e+001
2.507530e+003,2.919450e+001
2.508012e+003,2.918320e+001
2.508494e+003,2.917241e+001
2.508976e+003,2.916178e+001
2.509458e+003,2.915089e+001
2.509940e+003,2.913944e+001
2.510423e+003,2.912721e+001
2.510905e+003,2.911408e+001
2.511387e+003,2.910008e+001
2.511869e+003,2.908532e+001
2.512351e+003,2.907003e+001
2.512833e+003,2.905446e+001
2.513315e+003,2.903891e+001
2.513798e+003,2.902359e+001
2.514280e+003,2.900865e+001
2.514762e+003,2.899414e+001
2.515244e+003,2.897998e+001
2.515726e+003,2.896609e+001
2.516208e+003,2.895234e+001
2.516690e+003,2.893867e+001
2.517172e+003,2.892505e+001
2.517655e+003,2.891153e+001
2.518137e+003,2.889815e+001
2.518619e+003,2.888492e+001
2.519101e+003,2.887179e+001
2.519583e+003,2.885867e+001
2.520065e+003,2.884537e+001
2.520547e+003,2.883176e+001
2.521029e+003,2.881767e+001
2.521511e+003,2.880307e+001
2.521994e+003,2.878794e+001
2.522476e+003,2.877243e+001
2.522958e+003,2.875674e+001
2.523440e+003,2.874115e+001
2.523922e+003,2.872596e+001
2.524404e+003,2.871145e+001
2.524886e+003,2.869782e+001
2.525368e+003,2.868513e+001
2.525851e+003,2.867330e+001
2.526333e+003,2.866210e+001
2.526815e+003,2.865123e+001
2.527297e+003,2.864038e+001
2.527779e+003,2.862929e+001
2.528261e+003,2.861782e+001
2.528743e+003,2.860592e+001
2.529226e+003,2.859361e+001
2.529708e+003,2.858095e+001
2.530190e+003,2.856795e+001
2.530672e+003,2.855462e+001
2.531154e+003,2.854091e+001
2.531636e+003,2.852685e+001
2.532118e+003,2.851247e+001
2.532600e+003,2.849790e+001
2.533083e+003,2.848332e+001
2.533565e+003,2.846894e+001
2.534047e+003,2.845495e+001
2.534529e+003,2.844149e+001
2.535011e+003,2.842858e+001
2.535493e+003,2.841617e+001
2.535975e+003,2.840412e+001
2.536457e+003,2.839222e+001
2.536939e+003,2.838025e+001
2.537422e+003,2.836797e+001
2.537904e+003,2.835521e+001
2.538386e+003,2.834187e+001
2.538868e+003,2.832798e+001
2.539350e+003,2.831370e+001
2.539832e+003,2.829926e+001
2.540314e+003,2.828495e+001
2.540796e+003,2.827102e+001
2.541279e+003,2.825762e+001
2.541761e+003,2.824479e+001
2.542243e+003,2.823246e+001
2.542725e+003,2.822046e+001
2.543207e+003,2.820864e+001
2.543689e+003,2.819687e+001
2.544171e+003,2.818509e+001
2.544654e+003,2.817329e+001
2.545135e+003,2.816152e+001
2.545618e+003,2.814979e+001
2.546100e+003,2.813812e+001
2.546582e+003,2.812650e+001
2.547064e+003,2.811490e+001
2.547546e+003,2.810330e+001
2.548028e+003,2.809166e+001
2.548510e+003,2.807996e+001
2.548993e+003,2.806808e+001
2.549475e+003,2.805591e+001
2.549957e+003,2.804331e+001
2.550439e+003,2.803017e+001
2.550921e+003,2.801644e+001
2.551403e+003,2.800219e+001
2.551885e+003,2.798758e+001
2.552367e+003,2.797283e+001
2.552850e+003,2.795817e+001
2.553332e+003,2.794377e+001
2.553814e+003,2.792975e+001
2.554296e+003,2.791614e+001
2.554778e+003,2.790289e+001
2.555260e+003,2.789000e+001
2.555742e+003,2.787743e+001
2.556224e+003,2.786517e+001
2.556707e+003,2.785322e+001
2.557189e+003,2.784156e+001
2.557671e+003,2.783014e+001
2.558153e+003,2.781888e+001
2.558635e+003,2.780773e+001
2.559117e+003,2.779664e+001
2.559599e+003,2.778564e+001
2.560082e+003,2.777475e+001
2.560563e+003,2.776401e+001
2.561046e+003,2.775340e+001
2.561528e+003,2.774286e+001
2.562010e+003,2.773226e+001
2.562492e+003,2.772141e+001
2.562974e+003,2.771016e+001
2.563456e+003,2.769836e+001
2.563938e+003,2.768597e+001
2.564421e+003,2.767303e+001
2.564903e+003,2.765967e+001
2.565385e+003,2.764610e+001
2.565867e+003,2.763256e+001
2.566349e+003,2.761930e+001
2.566831e+003,2.760648e+001
2.567313e+003,2.759419e+001
2.567795e+003,2.758239e+001
2.568278e+003,2.757088e+001
2.568760e+003,2.755941e+001
2.569242e+003,2.754764e+001
2.569724e+003,2.753535e+001
2.570206e+003,2.752242e+001
2.570688e+003,2.750889e+001
2.571170e+003,2.749502e+001
2.571652e+003,2.748113e+001
2.572135e+003,2.746758e+001
2.572617e+003,2.745465e+001
2.573099e+003,2.744249e+001
2.573581e+003,2.743106e+001
2.574063e+003,2.742024e+001
2.574545e+003,2.740981e+001
2.575027e+003,2.739953e+001
2.575510e+003,2.738920e+001
2.575991e+003,2.737868e+001
2.576474e+003,2.736787e+001
2.576956e+003,2.735674e+001
2.577438e+003,2.734527e+001
2.577920e+003,2.733345e+001
2.578402e+003,2.732133e+001
2.578884e+003,2.730895e+001
2.579366e+003,2.729635e+001
2.579849e+003,2.728358e+001
2.580331e+003,2.727072e+001
2.580813e+003,2.725778e+001
2.581295e+003,2.724483e+001
2.581777e+003,2.723191e+001
2.582259e+003,2.721905e+001
2.582741e+003,2.720628e+001
2.583223e+003,2.719359e+001
2.583706e+003,2.718095e+001
2.584188e+003,2.716837e+001
2.584670e+003,2.715582e+001
2.585152e+003,2.714334e+001
2.585634e+003,2.713102e+001
2.586116e+003,2.711892e+001
2.586598e+003,2.710715e+001
2.587080e+003,2.709570e+001
2.587563e+003,2.708452e+001
2.588045e+003,2.707344e+001
2.588527e+003,2.706228e+001
2.589009e+003,2.705085e+001
2.589491e+003,2.703907e+001
2.589973e+003,2.702697e+001
2.590455e+003,2.701470e+001
2.590938e+003,2.700243e+001
2.591419e+003,2.699037e+001
2.591902e+003,2.697861e+001
2.592384e+003,2.696713e+001
2.592866e+003,2.695583e+001
2.593348e+003,2.694452e+001
2.593830e+003,2.693304e+001
2.594312e+003,2.692125e+001
2.594794e+003,2.690910e+001
2.595277e+003,2.689657e+001
2.595759e+003,2.688369e+001
2.596241e+003,2.687050e+001
2.596723e+003,2.685702e+001
2.597205e+003,2.684331e+001
2.597687e+003,2.682947e+001
2.598169e+003,2.681560e+001
2.598651e+003,2.680187e+001
2.599134e+003,2.678845e+001
2.599616e+003,2.677547e+001
2.600098e+003,2.676299e+001
2.600580e+003,2.675101e+001
2.601062e+003,2.673942e+001
2.601544e+003,2.672808e+001
2.602026e+003,2.671683e+001
2.602508e+003,2.670552e+001
2.602990e+003,2.669408e+001
2.603473e+003,2.668247e+001
2.603955e+003,2.667075e+001
2.604437e+003,2.665902e+001
2.604919e+003,2.664739e+001
2.605401e+003,2.663598e+001
2.605883e+003,2.662482e+001
2.606365e+003,2.661388e+001
2.606847e+003,2.660301e+001
2.607330e+003,2.659202e+001
2.607812e+003,2.658070e+001
2.608294e+003,2.656889e+001
2.608776e+003,2.655650e+001
2.609258e+003,2.654357e+001
2.609740e+003,2.653021e+001
2.610222e+003,2.651659e+001
2.610705e+003,2.650287e+001
2.611187e+003,2.648919e+001
2.611669e+003,2.647561e+001
2.612151e+003,2.646216e+001
2.612633e+003,2.644883e+001
2.613115e+003,2.643562e+001
2.613597e+003,2.642251e+001
2.614079e+003,2.640949e+001
2.614562e+003,2.639650e+001
2.615044e+003,2.638348e+001
2.615526e+003,2.637037e+001
2.616008e+003,2.635714e+001
2.616490e+003,2.634382e+001
2.616972e+003,2.633051e+001
2.617454e+003,2.631734e+001
2.617936e+003,2.630445e+001
2.618418e+003,2.629192e+001
2.618901e+003,2.627973e+001
2.619383e+003,2.626775e+001
2.619865e+003,2.625581e+001
2.620347e+003,2.624371e+001
2.620829e+003,2.623134e+001
2.621311e+003,2.621865e+001
2.621793e+003,2.620570e+001
2.622276e+003,2.619264e+001
2.622758e+003,2.617963e+001
2.623240e+003,2.616681e+001
2.623722e+003,2.615428e+001
2.624204e+003,2.614208e+001
2.624686e+003,2.613022e+001
2.625168e+003,2.611862e+001
2.625650e+003,2.610719e+001
2.626133e+003,2.609578e+001
2.626615e+003,2.608426e+001
2.627097e+003,2.607247e+001
2.627579e+003,2.606030e+001
2.628061e+003,2.604767e+001
2.628543e+003,2.603460e+001
2.629025e+003,2.602113e+001
2.629507e+003,2.600736e+001
2.629990e+003,2.599335e+001
2.630472e+003,2.597919e+001
2.630954e+003,2.596492e+001
2.631436e+003,2.595057e+001
2.631918e+003,2.593626e+001
2.632400e+003,2.592208e+001
2.632882e+003,2.590819e+001
2.633364e+003,2.589470e+001
2.633846e+003,2.588168e+001
2.634329e+003,2.586907e+001
2.634811e+003,2.585676e+001
2.635293e+003,2.584452e+001
2.635775e+003,2.583216e+001
2.636257e+003,2.581951e+001
2.636739e+003,2.580655e+001
2.637221e+003,2.579335e+001
2.637704e+003,2.578003e+001
2.638186e+003,2.576673e+001
2.638668e+003,2.575359e+001
2.639150e+003,2.574065e+001
2.639632e+003,2.572788e+001
2.640114e+003,2.571523e+001
2.640596e+003,2.570259e+001
2.641078e+003,2.568991e+001
2.641561e+003,2.567710e+001
2.642043e+003,2.566416e+001
2.642525e+003,2.565108e+001
2.643007e+003,2.563786e+001
2.643489e+003,2.562457e+001
2.643971e+003,2.561123e+001
2.644453e+003,2.559789e+001
2.644935e+003,2.558455e+001
2.645417e+003,2.557120e+001
2.645900e+003,2.555779e+001
2.646382e+003,2.554425e+001
2.646864e+003,2.553055e+001
2.647346e+003,2.551671e+001
2.647828e+003,2.550283e+001
2.648310e+003,2.548904e+001
2.648792e+003,2.547551e+001
2.649274e+003,2.546236e+001
2.649757e+003,2.544964e+001
2.650239e+003,2.543727e+001
2.650721e+003,2.542510e+001
2.651203e+003,2.541293e+001
2.651685e+003,2.540057e+001
2.652167e+003,2.538790e+001
2.652649e+003,2.537487e+001
2.653132e+003,2.536150e+001
2.653614e+003,2.534791e+001
2.654096e+003,2.533420e+001
2.654578e+003,2.532049e+001
2.655060e+003,2.530685e+001
2.655542e+003,2.529339e+001
2.656024e+003,2.528012e+001
2.656506e+003,2.526712e+001
2.656989e+003,2.525438e+001
2.657471e+003,2.524193e+001
2.657953e+003,2.522975e+001
2.658435e+003,2.521781e+001
2.658917e+003,2.520605e+001
2.659399e+003,2.519444e+001
2.659881e+003,2.518290e+001
2.660363e+003,2.517138e+001
2.660845e+003,2.515980e+001
2.661328e+003,2.514815e+001
2.661810e+003,2.513636e+001
2.662292e+003,2.512444e+001
2.662774e+003,2.511237e+001
2.663256e+003,2.510015e+001
2.663738e+003,2.508778e+001
2.664220e+003,2.507523e+001
2.664702e+003,2.506241e+001
2.665185e+003,2.504930e+001
2.665667e+003,2.503583e+001
2.666149e+003,2.502201e+001
2.666631e+003,2.500791e+001
2.667113e+003,2.499366e+001
2.667595e+003,2.497945e+001
2.668077e+003,2.496544e+001
2.668560e+003,2.495172e+001
2.669042e+003,2.493835e+001
2.669524e+003,2.492531e+001
2.670006e+003,2.491256e+001
2.670488e+003,2.490005e+001
2.670970e+003,2.488781e+001
2.671452e+003,2.487588e+001
2.671934e+003,2.486431e+001
2.672417e+003,2.485318e+001
2.672899e+003,2.484245e+001
2.673381e+003,2.483207e+001
2.673863e+003,2.482184e+001
2.674345e+003,2.481160e+001
2.674827e+003,2.480111e+001
2.675309e+003,2.479019e+001
2.675791e+003,2.477868e+001
2.676273e+003,2.476644e+001
2.676756e+003,2.475344e+001
2.677238e+003,2.473967e+001
2.677720e+003,2.472522e+001
2.678202e+003,2.471022e+001
2.678684e+003,2.469489e+001
2.679166e+003,2.467948e+001
2.679648e+003,2.466425e+001
2.680130e+003,2.464941e+001
2.680613e+003,2.463510e+001
2.681095e+003,2.462139e+001
2.681577e+003,2.460828e+001
2.682059e+003,2.459573e+001
2.682541e+003,2.458366e+001
2.683023e+003,2.457201e+001
2.683505e+003,2.456068e+001
2.683988e+003,2.454956e+001
2.684469e+003,2.453851e+001
2.684952e+003,2.452741e+001
2.685434e+003,2.451610e+001
2.685916e+003,2.450447e+001
2.686398e+003,2.449248e+001
2.686880e+003,2.448012e+001
2.687362e+003,2.446745e+001
2.687844e+003,2.445458e+001
2.688327e+003,2.444167e+001
2.688809e+003,2.442891e+001
2.689291e+003,2.441655e+001
2.689773e+003,2.440483e+001
2.690255e+003,2.439398e+001
2.690737e+003,2.438412e+001
2.691219e+003,2.437524e+001
2.691701e+003,2.436712e+001
2.692184e+003,2.435939e+001
2.692666e+003,2.435157e+001
2.693148e+003,2.434316e+001
2.693630e+003,2.433377e+001
2.694112e+003,2.432321e+001
2.694594e+003,2.431151e+001
2.695076e+003,2.429892e+001
2.695558e+003,2.428579e+001
2.696041e+003,2.427257e+001
2.696523e+003,2.425962e+001
2.697005e+003,2.424721e+001
2.697487e+003,2.423548e+001
2.697969e+003,2.422446e+001
2.698451e+003,2.421407e+001
2.698933e+003,2.420414e+001
2.699416e+003,2.419446e+001
2.699897e+003,2.418482e+001
2.700380e+003,2.417502e+001
2.700862e+003,2.416491e+001
2.701344e+003,2.415444e+001
2.701826e+003,2.414364e+001
2.702308e+003,2.413260e+001
2.702790e+003,2.412142e+001
2.703272e+003,2.411018e+001
2.703755e+003,2.409892e+001
2.704237e+003,2.408762e+001
2.704719e+003,2.407627e+001
2.705201e+003,2.406489e+001
2.705683e+003,2.405357e+001
2.706165e+003,2.404247e+001
2.706647e+003,2.403178e+001
2.707129e+003,2.402167e+001
2.707612e+003,2.401219e+001
2.708094e+003,2.400331e+001
2.708576e+003,2.399486e+001
2.709058e+003,2.398659e+001
2.709540e+003,2.397822e+001
2.710022e+003,2.396953e+001
2.710504e+003,2.396037e+001
2.710986e+003,2.395065e+001
2.711469e+003,2.394042e+001
2.711951e+003,2.392976e+001
2.712433e+003,2.391880e+001
2.712915e+003,2.390770e+001
2.713397e+003,2.389660e+001
2.713879e+003,2.388562e+001
2.714361e+003,2.387487e+001
2.714844e+003,2.386439e+001
2.715325e+003,2.385415e+001
2.715808e+003,2.384412e+001
2.716290e+003,2.383421e+001
2.716772e+003,2.382434e+001
2.717254e+003,2.381443e+001
2.717736e+003,2.380443e+001
2.718218e+003,2.379430e+001
2.718700e+003,2.378400e+001
2.719183e+003,2.377357e+001
2.719665e+003,2.376305e+001
2.720147e+003,2.375257e+001
2.720629e+003,2.374230e+001
2.721111e+003,2.373247e+001
2.721593e+003,2.372325e+001
2.722075e+003,2.371477e+001
2.722557e+003,2.370699e+001
2.723040e+003,2.369976e+001
2.723522e+003,2.369283e+001
2.724004e+003,2.368587e+001
2.724486e+003,2.367864e+001
2.724968e+003,2.367096e+001
2.725450e+003,2.366278e+001
2.725932e+003,2.365416e+001
2.726414e+003,2.364519e+001
2.726896e+003,2.363599e+001
2.727379e+003,2.362665e+001
2.727861e+003,2.361724e+001
2.728343e+003,2.360782e+001
2.728825e+003,2.359848e+001
2.729307e+003,2.358929e+001
2.729789e+003,2.358036e+001
2.730271e+003,2.357173e+001
2.730753e+003,2.356338e+001
2.731236e+003,2.355524e+001
2.731718e+003,2.354715e+001
2.732200e+003,2.353896e+001
2.732682e+003,2.353055e+001
2.733164e+003,2.352188e+001
2.733646e+003,2.351299e+001
2.734128e+003,2.350399e+001
2.734611e+003,2.349506e+001
2.735093e+003,2.348635e+001
2.735575e+003,2.347801e+001
2.736057e+003,2.347016e+001
2.736539e+003,2.346284e+001
2.737021e+003,2.345602e+001
2.737503e+003,2.344964e+001
2.737985e+003,2.344355e+001
2.738468e+003,2.343754e+001
2.738950e+003,2.343144e+001
2.739432e+003,2.342508e+001
2.739914e+003,2.341840e+001
2.740396e+003,2.341145e+001
2.740878e+003,2.340436e+001
2.741360e+003,2.339735e+001
2.741842e+003,2.339058e+001
2.742324e+003,2.338417e+001
2.742807e+003,2.337810e+001
2.743289e+003,2.337227e+001
2.743771e+003,2.336648e+001
2.744253e+003,2.336052e+001
2.744735e+003,2.335416e+001
2.745217e+003,2.334725e+001
2.745699e+003,2.333971e+001
2.746182e+003,2.333151e+001
2.746664e+003,2.332274e+001
2.747146e+003,2.331355e+001
2.747628e+003,2.330416e+001
2.748110e+003,2.329484e+001
2.748592e+003,2.328587e+001
2.749074e+003,2.327748e+001
2.749556e+003,2.326980e+001
2.750039e+003,2.326283e+001
2.750521e+003,2.325641e+001
2.751003e+003,2.325032e+001
2.751485e+003,2.324426e+001
2.751967e+003,2.323798e+001
2.752449e+003,2.323129e+001
2.752931e+003,2.322408e+001
2.753413e+003,2.321636e+001
2.753896e+003,2.320818e+001
2.754378e+003,2.319967e+001
2.754860e+003,2.319098e+001
2.755342e+003,2.318228e+001
2.755824e+003,2.317370e+001
2.756306e+003,2.316539e+001
2.756788e+003,2.315741e+001
2.757270e+003,2.314978e+001
2.757752e+003,2.314246e+001
2.758235e+003,2.313538e+001
2.758717e+003,2.312851e+001
2.759199e+003,2.312184e+001
2.759681e+003,2.311543e+001
2.760163e+003,2.310938e+001
2.760645e+003,2.310376e+001
2.761127e+003,2.309865e+001
2.761610e+003,2.309398e+001
2.762092e+003,2.308964e+001
2.762574e+003,2.308543e+001
2.763056e+003,2.308115e+001
2.763538e+003,2.307667e+001
2.764020e+003,2.307189e+001
2.764502e+003,2.306682e+001
2.764984e+003,2.306152e+001
2.765467e+003,2.305607e+001
2.765949e+003,2.305050e+001
2.766431e+003,2.304485e+001
2.766913e+003,2.303912e+001
2.767395e+003,2.303333e+001
2.767877e+003,2.302752e+001
2.768359e+003,2.302175e+001
2.768841e+003,2.301608e+001
2.769323e+003,2.301061e+001
2.769806e+003,2.300537e+001
2.770288e+003,2.300036e+001
2.770770e+003,2.299555e+001
2.771252e+003,2.299083e+001
2.771734e+003,2.298609e+001
2.772216e+003,2.298116e+001
2.772698e+003,2.297587e+001
2.773180e+003,2.297009e+001
2.773663e+003,2.296372e+001
2.774145e+003,2.295680e+001
2.774627e+003,2.294944e+001
2.775109e+003,2.294188e+001
2.775591e+003,2.293442e+001
2.776073e+003,2.292736e+001
2.776555e+003,2.292087e+001
2.777038e+003,2.291505e+001
2.777520e+003,2.290986e+001
2.778002e+003,2.290512e+001
2.778484e+003,2.290064e+001
2.778966e+003,2.289626e+001
2.779448e+003,2.289186e+001
2.779930e+003,2.288743e+001
2.780412e+003,2.288301e+001
2.780895e+003,2.287864e+001
2.781377e+003,2.287437e+001
2.781859e+003,2.287020e+001
2.782341e+003,2.286609e+001
2.782823e+003,2.286197e+001
2.783305e+003,2.285777e+001
2.783787e+003,2.285343e+001
2.784269e+003,2.284888e+001
2.784751e+003,2.284413e+001
2.785234e+003,2.283919e+001
2.785716e+003,2.283412e+001
2.786198e+003,2.282903e+001
2.786680e+003,2.282404e+001
2.787162e+003,2.281926e+001
2.787644e+003,2.281472e+001
2.788126e+003,2.281039e+001
2.788608e+003,2.280611e+001
2.789091e+003,2.280167e+001
2.789573e+003,2.279682e+001
2.790055e+003,2.279137e+001
2.790537e+003,2.278529e+001
2.791019e+003,2.277862e+001
2.791501e+003,2.277161e+001
2.791983e+003,2.276451e+001
2.792466e+003,2.275763e+001
2.792948e+003,2.275121e+001
2.793430e+003,2.274541e+001
2.793912e+003,2.274030e+001
2.794394e+003,2.273586e+001
2.794876e+003,2.273203e+001
2.795358e+003,2.272873e+001
2.795840e+003,2.272581e+001
2.796323e+003,2.272317e+001
2.796805e+003,2.272068e+001
2.797287e+003,2.271823e+001
2.797769e+003,2.271571e+001
2.798251e+003,2.271305e+001
2.798733e+003,2.271022e+001
2.799215e+003,2.270718e+001
2.799697e+003,2.270392e+001
2.800179e+003,2.270042e+001
2.800662e+003,2.269668e+001
2.801144e+003,2.269273e+001
2.801626e+003,2.268862e+001
2.802108e+003,2.268443e+001
2.802590e+003,2.268024e+001
2.803072e+003,2.267615e+001
2.803554e+003,2.267217e+001
2.804036e+003,2.266827e+001
2.804519e+003,2.266443e+001
2.805001e+003,2.266057e+001
2.805483e+003,2.265673e+001
2.805965e+003,2.265296e+001
2.806447e+003,2.264942e+001
2.806929e+003,2.264626e+001
2.807411e+003,2.264358e+001
2.807894e+003,2.264137e+001
2.808375e+003,2.263954e+001
2.808858e+003,2.263787e+001
2.809340e+003,2.263617e+001
2.809822e+003,2.263423e+001
2.810304e+003,2.263198e+001
2.810786e+003,2.262945e+001
2.811268e+003,2.262673e+001
2.811750e+003,2.262391e+001
2.812233e+003,2.262105e+001
2.812715e+003,2.261811e+001
2.813197e+003,2.261503e+001
2.813679e+003,2.261165e+001
2.814161e+003,2.260787e+001
2.814643e+003,2.260363e+001
2.815125e+003,2.259894e+001
2.815607e+003,2.259392e+001
2.816090e+003,2.258872e+001
2.816572e+003,2.258356e+001
2.817054e+003,2.257863e+001
2.817536e+003,2.257412e+001
2.818018e+003,2.257019e+001
2.818500e+003,2.256694e+001
2.818982e+003,2.256439e+001
2.819464e+003,2.256252e+001
2.819947e+003,2.256118e+001
2.820429e+003,2.256018e+001
2.820911e+003,2.255931e+001
2.821393e+003,2.255827e+001
2.821875e+003,2.255688e+001
2.822357e+003,2.255496e+001
2.822839e+003,2.255243e+001
2.823322e+003,2.254931e+001
2.823803e+003,2.254572e+001
2.824286e+003,2.254182e+001
2.824768e+003,2.253781e+001
2.825250e+003,2.253387e+001
2.825732e+003,2.253010e+001
2.826214e+003,2.252653e+001
2.826696e+003,2.252311e+001
2.827178e+003,2.251971e+001
2.827661e+003,2.251625e+001
2.828143e+003,2.251265e+001
2.828625e+003,2.250896e+001
2.829107e+003,2.250534e+001
2.829589e+003,2.250201e+001
2.830071e+003,2.249921e+001
2.830553e+003,2.249709e+001
2.831035e+003,2.249572e+001
2.831518e+003,2.249503e+001
2.832000e+003,2.249484e+001
2.832482e+003,2.249489e+001
2.832964e+003,2.249495e+001
2.833446e+003,2.249475e+001
2.833928e+003,2.249415e+001
2.834410e+003,2.249303e+001
2.834892e+003,2.249133e+001
2.835375e+003,2.248905e+001
2.835857e+003,2.248625e+001
2.836339e+003,2.248303e+001
2.836821e+003,2.247957e+001
2.837303e+003,2.247604e+001
2.837785e+003,2.247264e+001
2.838267e+003,2.246946e+001
2.838750e+003,2.246655e+001
2.839231e+003,2.246391e+001
2.839714e+003,2.246140e+001
2.840196e+003,2.245893e+001
2.840678e+003,2.245640e+001
2.841160e+003,2.245374e+001
2.841642e+003,2.245097e+001
2.842124e+003,2.244810e+001
2.842606e+003,2.244521e+001
2.843089e+003,2.244237e+001
2.843571e+003,2.243966e+001
2.844053e+003,2.243716e+001
2.844535e+003,2.243498e+001
2.845017e+003,2.243320e+001
2.845499e+003,2.243192e+001
2.845981e+003,2.243118e+001
2.846463e+003,2.243099e+001
2.846946e+003,2.243130e+001
2.847428e+003,2.243202e+001
2.847910e+003,2.243304e+001
2.848392e+003,2.243427e+001
2.848874e+003,2.243560e+001
2.849356e+003,2.243693e+001
2.849838e+003,2.243810e+001
2.850320e+003,2.243893e+001
2.850802e+003,2.243924e+001
2.851285e+003,2.243882e+001
2.851767e+003,2.243755e+001
2.852249e+003,2.243544e+001
2.852731e+003,2.243263e+001
2.853213e+003,2.242944e+001
2.853695e+003,2.242628e+001
2.854177e+003,2.242359e+001
2.854659e+003,2.242175e+001
2.855142e+003,2.242103e+001
2.855624e+003,2.242151e+001
2.856106e+003,2.242309e+001
2.856588e+003,2.242551e+001
2.857070e+003,2.242840e+001
2.857552e+003,2.243134e+001
2.858034e+003,2.243395e+001
2.858517e+003,2.243593e+001
2.858999e+003,2.243712e+001
2.859481e+003,2.243748e+001
2.859963e+003,2.243715e+001
2.860445e+003,2.243636e+001
2.860927e+003,2.243537e+001
2.861409e+003,2.243444e+001
2.861891e+003,2.243379e+001
2.862374e+003,2.243353e+001
2.862856e+003,2.243368e+001
2.863338e+003,2.243414e+001
2.863820e+003,2.243477e+001
2.864302e+003,2.243537e+001
2.864784e+003,2.243571e+001
2.865266e+003,2.243561e+001
2.865748e+003,2.243500e+001
2.866230e+003,2.243390e+001
2.866713e+003,2.243251e+001
2.867195e+003,2.243113e+001
2.867677e+003,2.243016e+001
2.868159e+003,2.242999e+001
2.868641e+003,2.243089e+001
2.869123e+003,2.243295e+001
2.869605e+003,2.243606e+001
2.870088e+003,2.243990e+001
2.870570e+003,2.244407e+001
2.871052e+003,2.244813e+001
2.871534e+003,2.245173e+001
2.872016e+003,2.245463e+001
2.872498e+003,2.245667e+001
2.872980e+003,2.245786e+001
2.873462e+003,2.245822e+001
2.873945e+003,2.245782e+001
2.874427e+003,2.245675e+001
2.874909e+003,2.245511e+001
2.875391e+003,2.245306e+001
2.875873e+003,2.245075e+001
2.876355e+003,2.244837e+001
2.876837e+003,2.244610e+001
2.877319e+003,2.244410e+001
2.877802e+003,2.244251e+001
2.878284e+003,2.244146e+001
2.878766e+003,2.244106e+001
2.879248e+003,2.244143e+001
2.879730e+003,2.244262e+001
2.880212e+003,2.244465e+001
2.880694e+003,2.244741e+001
2.881176e+003,2.245070e+001
2.881658e+003,2.245425e+001
2.882141e+003,2.245771e+001
2.882623e+003,2.246082e+001
2.883105e+003,2.246339e+001
2.883587e+003,2.246538e+001
2.884069e+003,2.246686e+001
2.884551e+003,2.246799e+001
2.885033e+003,2.246892e+001
2.885516e+003,2.246978e+001
2.885998e+003,2.247063e+001
2.886480e+003,2.247146e+001
2.886962e+003,2.247228e+001
2.887444e+003,2.247305e+001
2.887926e+003,2.247379e+001
2.888408e+003,2.247455e+001
2.888890e+003,2.247539e+001
2.889373e+003,2.247632e+001
2.889855e+003,2.247740e+001
2.890337e+003,2.247860e+001
2.890819e+003,2.247989e+001
2.891301e+003,2.248125e+001
2.891783e+003,2.248264e+001
2.892265e+003,2.248408e+001
2.892747e+003,2.248552e+001
2.893229e+003,2.248701e+001
2.893712e+003,2.248855e+001
2.894194e+003,2.249018e+001
2.894676e+003,2.249194e+001
2.895158e+003,2.249384e+001
2.895640e+003,2.249593e+001
2.896122e+003,2.249817e+001
2.896604e+003,2.250056e+001
2.897086e+003,2.250307e+001
2.897569e+003,2.250565e+001
2.898051e+003,2.250826e+001
2.898533e+003,2.251085e+001
2.899015e+003,2.251339e+001
2.899497e+003,2.251582e+001
2.899979e+003,2.251806e+001
2.900461e+003,2.252004e+001
2.900944e+003,2.252172e+001
2.901426e+003,2.252311e+001
2.901908e+003,2.252430e+001
2.902390e+003,2.252543e+001
2.902872e+003,2.252672e+001
2.903354e+003,2.252831e+001
2.903836e+003,2.253030e+001
2.904318e+003,2.253269e+001
2.904801e+003,2.253538e+001
2.905283e+003,2.253824e+001
2.905765e+003,2.254111e+001
2.906247e+003,2.254394e+001
2.906729e+003,2.254669e+001
2.907211e+003,2.254942e+001
2.907693e+003,2.255216e+001
2.908175e+003,2.255494e+001
2.908657e+003,2.255772e+001
2.909140e+003,2.256043e+001
2.909622e+003,2.256298e+001
2.910104e+003,2.256533e+001
2.910586e+003,2.256745e+001
2.911068e+003,2.256941e+001
2.911550e+003,2.257129e+001
2.912032e+003,2.257318e+001
2.912514e+003,2.257512e+001
2.912997e+003,2.257714e+001
2.913479e+003,2.257920e+001
2.913961e+003,2.258129e+001
2.914443e+003,2.258340e+001
2.914925e+003,2.258552e+001
2.915407e+003,2.258768e+001
2.915889e+003,2.258986e+001
2.916372e+003,2.259209e+001
2.916854e+003,2.259434e+001
2.917336e+003,2.259657e+001
2.917818e+003,2.259879e+001
2.918300e+003,2.260101e+001
2.918782e+003,2.260325e+001
2.919264e+003,2.260553e+001
2.919746e+003,2.260789e+001
2.920229e+003,2.261034e+001
2.920711e+003,2.261287e+001
2.921193e+003,2.261549e+001
2.921675e+003,2.261820e+001
2.922157e+003,2.262104e+001
2.922639e+003,2.262403e+001
2.923121e+003,2.262718e+001
2.923603e+003,2.263048e+001
2.924085e+003,2.263391e+001
2.924568e+003,2.263742e+001
2.925050e+003,2.264100e+001
2.925532e+003,2.264468e+001
2.926014e+003,2.264856e+001
2.926496e+003,2.265274e+001
2.926978e+003,2.265736e+001
2.927460e+003,2.266249e+001
2.927942e+003,2.266812e+001
2.928425e+003,2.267418e+001
2.928907e+003,2.268050e+001
2.929389e+003,2.268691e+001
2.929871e+003,2.269318e+001
2.930353e+003,2.269922e+001
2.930835e+003,2.270492e+001
2.931317e+003,2.271032e+001
2.931800e+003,2.271550e+001
2.932281e+003,2.272061e+001
2.932764e+003,2.272581e+001
2.933246e+003,2.273126e+001
2.933728e+003,2.273707e+001
2.934210e+003,2.274326e+001
2.934692e+003,2.274973e+001
2.935174e+003,2.275631e+001
2.935656e+003,2.276280e+001
2.936139e+003,2.276897e+001
2.936621e+003,2.277465e+001
2.937103e+003,2.277977e+001
2.937585e+003,2.278438e+001
2.938067e+003,2.278861e+001
2.938549e+003,2.279262e+001
2.939031e+003,2.279657e+001
2.939513e+003,2.280058e+001
2.939996e+003,2.280470e+001
2.940478e+003,2.280894e+001
2.940960e+003,2.281329e+001
2.941442e+003,2.281771e+001
2.941924e+003,2.282220e+001
2.942406e+003,2.282676e+001
2.942888e+003,2.283139e+001
2.943370e+003,2.283610e+001
2.943853e+003,2.284087e+001
2.944335e+003,2.284567e+001
2.944817e+003,2.285043e+001
2.945299e+003,2.285507e+001
2.945781e+003,2.285951e+001
2.946263e+003,2.286364e+001
2.946745e+003,2.286742e+001
2.947228e+003,2.287079e+001
2.947709e+003,2.287384e+001
2.948192e+003,2.287672e+001
2.948674e+003,2.287966e+001
2.949156e+003,2.288291e+001
2.949638e+003,2.288672e+001
2.950120e+003,2.289123e+001
2.950602e+003,2.289642e+001
2.951084e+003,2.290211e+001
2.951567e+003,2.290802e+001
2.952049e+003,2.291379e+001
2.952531e+003,2.291911e+001
2.953013e+003,2.292378e+001
2.953495e+003,2.292776e+001
2.953977e+003,2.293115e+001
2.954459e+003,2.293419e+001
2.954941e+003,2.293714e+001
2.955424e+003,2.294029e+001
2.955906e+003,2.294385e+001
2.956388e+003,2.294794e+001
2.956870e+003,2.295257e+001
2.957352e+003,2.295767e+001
2.957834e+003,2.296311e+001
2.958316e+003,2.296872e+001
2.958798e+003,2.297434e+001
2.959281e+003,2.297985e+001
2.959763e+003,2.298518e+001
2.960245e+003,2.299029e+001
2.960727e+003,2.299517e+001
2.961209e+003,2.299984e+001
2.961691e+003,2.300432e+001
2.962173e+003,2.300866e+001
2.962656e+003,2.301290e+001
2.963137e+003,2.301716e+001
2.963620e+003,2.302161e+001
2.964102e+003,2.302641e+001
2.964584e+003,2.303176e+001
2.965066e+003,2.303776e+001
2.965548e+003,2.304440e+001
2.966030e+003,2.305154e+001
2.966512e+003,2.305893e+001
2.966995e+003,2.306623e+001
2.967477e+003,2.307314e+001
2.967959e+003,2.307944e+001
2.968441e+003,2.308505e+001
2.968923e+003,2.309001e+001
2.969405e+003,2.309446e+001
2.969887e+003,2.309860e+001
2.970369e+003,2.310261e+001
2.970852e+003,2.310663e+001
2.971334e+003,2.311076e+001
2.971816e+003,2.311502e+001
2.972298e+003,2.311947e+001
2.972780e+003,2.312407e+001
2.973262e+003,2.312881e+001
2.973744e+003,2.313364e+001
2.974226e+003,2.313847e+001
2.974708e+003,2.314321e+001
2.975191e+003,2.314779e+001
2.975673e+003,2.315214e+001
2.976155e+003,2.315628e+001
2.976637e+003,2.316027e+001
2.977119e+003,2.316425e+001
2.977601e+003,2.316839e+001
2.978083e+003,2.317284e+001
2.978565e+003,2.317773e+001
2.979048e+003,2.318313e+001
2.979530e+003,2.318900e+001
2.980012e+003,2.319525e+001
2.980494e+003,2.320168e+001
2.980976e+003,2.320808e+001
2.981458e+003,2.321422e+001
2.981940e+003,2.321991e+001
2.982423e+003,2.322505e+001
2.982905e+003,2.322962e+001
2.983387e+003,2.323370e+001
2.983869e+003,2.323741e+001
2.984351e+003,2.324094e+001
2.984833e+003,2.324443e+001
2.985315e+003,2.324798e+001
2.985797e+003,2.325172e+001
2.986280e+003,2.325569e+001
2.986762e+003,2.325995e+001
2.987244e+003,2.326454e+001
2.987726e+003,2.326948e+001
2.988208e+003,2.327473e+001
2.988690e+003,2.328016e+001
2.989172e+003,2.328555e+001
2.989654e+003,2.329067e+001
2.990136e+003,2.329527e+001
2.990619e+003,2.329922e+001
2.991101e+003,2.330251e+001
2.991583e+003,2.330534e+001
2.992065e+003,2.330799e+001
2.992547e+003,2.331084e+001
2.993029e+003,2.331418e+001
2.993511e+003,2.331821e+001
2.993994e+003,2.332293e+001
2.994476e+003,2.332822e+001
2.994958e+003,2.333384e+001
2.995440e+003,2.333951e+001
2.995922e+003,2.334499e+001
2.996404e+003,2.335014e+001
2.996886e+003,2.335492e+001
2.997368e+003,2.335936e+001
2.997851e+003,2.336357e+001
2.998333e+003,2.336766e+001
2.998815e+003,2.337177e+001
2.999297e+003,2.337599e+001
2.999779e+003,2.338040e+001
3.000261e+003,2.338502e+001
3.000743e+003,2.338988e+001
3.001225e+003,2.339492e+001
3.001708e+003,2.340013e+001
3.002190e+003,2.340540e+001
3.002672e+003,2.341060e+001
3.003154e+003,2.341559e+001
3.003636e+003,2.342018e+001
3.004118e+003,2.342419e+001
3.004600e+003,2.342750e+001
3.005082e+003,2.343010e+001
3.005564e+003,2.343207e+001
3.006047e+003,2.343367e+001
3.006529e+003,2.343524e+001
3.007011e+003,2.343714e+001
3.007493e+003,2.343966e+001
3.007975e+003,2.344300e+001
3.008457e+003,2.344713e+001
3.008939e+003,2.345190e+001
3.009422e+003,2.345700e+001
3.009904e+003,2.346215e+001
3.010386e+003,2.346714e+001
3.010868e+003,2.347189e+001
3.011350e+003,2.347645e+001
3.011832e+003,2.348100e+001
3.012314e+003,2.348573e+001
3.012796e+003,2.349082e+001
3.013279e+003,2.349637e+001
3.013761e+003,2.350237e+001
3.014243e+003,2.350877e+001
3.014725e+003,2.351542e+001
3.015207e+003,2.352217e+001
3.015689e+003,2.352884e+001
3.016171e+003,2.353525e+001
3.016653e+003,2.354125e+001
3.017135e+003,2.354672e+001
3.017618e+003,2.355163e+001
3.018100e+003,2.355602e+001
3.018582e+003,2.356006e+001
3.019064e+003,2.356395e+001
3.019546e+003,2.356793e+001
3.020028e+003,2.357222e+001
3.020510e+003,2.357695e+001
3.020992e+003,2.358214e+001
3.021475e+003,2.358771e+001
3.021957e+003,2.359351e+001
3.022439e+003,2.359932e+001
3.022921e+003,2.360496e+001
3.023403e+003,2.361029e+001
3.023885e+003,2.361518e+001
3.024367e+003,2.361958e+001
3.024850e+003,2.362349e+001
3.025332e+003,2.362694e+001
3.025814e+003,2.362996e+001
3.026296e+003,2.363261e+001
3.026778e+003,2.363495e+001
3.027260e+003,2.363704e+001
3.027742e+003,2.363899e+001
3.028224e+003,2.364090e+001
3.028707e+003,2.364292e+001
3.029189e+003,2.364523e+001
3.029671e+003,2.364797e+001
3.030153e+003,2.365131e+001
3.030635e+003,2.365528e+001
3.031117e+003,2.365986e+001
3.031599e+003,2.366494e+001
3.032081e+003,2.367034e+001
3.032563e+003,2.367581e+001
3.033046e+003,2.368121e+001
3.033528e+003,2.368638e+001
3.034010e+003,2.369128e+001
3.034492e+003,2.369593e+001
3.034974e+003,2.370034e+001
3.035456e+003,2.370456e+001
3.035938e+003,2.370860e+001
3.036420e+003,2.371251e+001
3.036903e+003,2.371632e+001
3.037385e+003,2.372011e+001
3.037867e+003,2.372400e+001
3.038349e+003,2.372813e+001
3.038831e+003,2.373255e+001
3.039313e+003,2.373731e+001
3.039795e+003,2.374231e+001
3.040278e+003,2.374742e+001
3.040760e+003,2.375247e+001
3.041242e+003,2.375731e+001
3.041724e+003,2.376187e+001
3.042206e+003,2.376613e+001
3.042688e+003,2.377013e+001
3.043170e+003,2.377394e+001
3.043652e+003,2.377757e+001
3.044135e+003,2.378102e+001
3.044617e+003,2.378423e+001
3.045099e+003,2.378715e+001
3.045581e+003,2.378975e+001
3.046063e+003,2.379205e+001
3.046545e+003,2.379412e+001
3.047027e+003,2.379609e+001
3.047509e+003,2.379808e+001
3.047991e+003,2.380016e+001
3.048474e+003,2.380242e+001
3.048956e+003,2.380488e+001
3.049438e+003,2.380757e+001
3.049920e+003,2.381052e+001
3.050402e+003,2.381377e+001
3.050884e+003,2.381737e+001
3.051366e+003,2.382136e+001
3.051848e+003,2.382581e+001
3.052331e+003,2.383074e+001
3.052813e+003,2.383617e+001
3.053295e+003,2.384206e+001
3.053777e+003,2.384835e+001
3.054259e+003,2.385491e+001
3.054741e+003,2.386156e+001
3.055223e+003,2.386805e+001
3.055706e+003,2.387414e+001
3.056188e+003,2.387962e+001
3.056670e+003,2.388431e+001
3.057152e+003,2.388815e+001
3.057634e+003,2.389115e+001
3.058116e+003,2.389342e+001
3.058598e+003,2.389514e+001
3.059080e+003,2.389650e+001
3.059563e+003,2.389768e+001
3.060045e+003,2.389887e+001
3.060527e+003,2.390020e+001
3.061009e+003,2.390180e+001
3.061491e+003,2.390375e+001
3.061973e+003,2.390610e+001
3.062455e+003,2.390884e+001
3.062937e+003,2.391197e+001
3.063419e+003,2.391541e+001
3.063902e+003,2.391904e+001
3.064384e+003,2.392279e+001
3.064866e+003,2.392656e+001
3.065348e+003,2.393028e+001
3.065830e+003,2.393389e+001
3.066312e+003,2.393732e+001
3.066794e+003,2.394056e+001
3.067276e+003,2.394350e+001
3.067759e+003,2.394615e+001
3.068241e+003,2.394848e+001
3.068723e+003,2.395053e+001
3.069205e+003,2.395237e+001
3.069687e+003,2.395413e+001
3.070169e+003,2.395596e+001
3.070651e+003,2.395800e+001
3.071134e+003,2.396035e+001
3.071615e+003,2.396308e+001
3.072098e+003,2.396618e+001
3.072580e+003,2.396957e+001
3.073062e+003,2.397315e+001
3.073544e+003,2.397683e+001
3.074026e+003,2.398050e+001
3.074508e+003,2.398418e+001
3.074990e+003,2.398791e+001
3.075473e+003,2.399184e+001
3.075955e+003,2.399617e+001
3.076437e+003,2.400106e+001
3.076919e+003,2.400662e+001
3.077401e+003,2.401285e+001
3.077883e+003,2.401958e+001
3.078365e+003,2.402656e+001
3.078847e+003,2.403345e+001
3.079330e+003,2.403994e+001
3.079812e+003,2.404576e+001
3.080294e+003,2.405077e+001
3.080776e+003,2.405491e+001
3.081258e+003,2.405824e+001
3.081740e+003,2.406080e+001
3.082222e+003,2.406268e+001
3.082704e+003,2.406393e+001
3.083187e+003,2.406465e+001
3.083669e+003,2.406494e+001
3.084151e+003,2.406502e+001
3.084633e+003,2.406515e+001
3.085115e+003,2.406564e+001
3.085597e+003,2.406676e+001
3.086079e+003,2.406873e+001
3.086562e+003,2.407162e+001
3.087043e+003,2.407533e+001
3.087526e+003,2.407964e+001
3.088008e+003,2.408423e+001
3.088490e+003,2.408875e+001
3.088972e+003,2.409287e+001
3.089454e+003,2.409640e+001
3.089936e+003,2.409924e+001
3.090418e+003,2.410139e+001
3.090901e+003,2.410298e+001
3.091383e+003,2.410414e+001
3.091865e+003,2.410503e+001
3.092347e+003,2.410575e+001
3.092829e+003,2.410636e+001
3.093311e+003,2.410690e+001
3.093793e+003,2.410734e+001
3.094275e+003,2.410775e+001
3.094758e+003,2.410820e+001
3.095240e+003,2.410882e+001
3.095722e+003,2.410978e+001
3.096204e+003,2.411121e+001
3.096686e+003,2.411316e+001
3.097168e+003,2.411554e+001
3.097650e+003,2.411819e+001
3.098132e+003,2.412087e+001
3.098615e+003,2.412337e+001
3.099097e+003,2.412554e+001
3.099579e+003,2.412738e+001
3.100061e+003,2.412902e+001
3.100543e+003,2.413063e+001
3.101025e+003,2.413242e+001
3.101507e+003,2.413449e+001
3.101990e+003,2.413687e+001
3.102471e+003,2.413943e+001
3.102954e+003,2.414203e+001
3.103436e+003,2.414450e+001
3.103918e+003,2.414678e+001
3.104400e+003,2.414888e+001
3.104882e+003,2.415094e+001
3.105364e+003,2.415314e+001
3.105846e+003,2.415566e+001
3.106329e+003,2.415862e+001
3.106811e+003,2.416202e+001
3.107293e+003,2.416577e+001
3.107775e+003,2.416970e+001
3.108257e+003,2.417357e+001
3.108739e+003,2.417719e+001
3.109221e+003,2.418040e+001
3.109703e+003,2.418312e+001
3.110186e+003,2.418534e+001
3.110668e+003,2.418714e+001
3.111150e+003,2.418860e+001
3.111632e+003,2.418985e+001
3.112114e+003,2.419095e+001
3.112596e+003,2.419195e+001
3.113078e+003,2.419290e+001
3.113560e+003,2.419381e+001
3.114042e+003,2.419472e+001
3.114525e+003,2.419569e+001
3.115007e+003,2.419676e+001
3.115489e+003,2.419798e+001
3.115971e+003,2.419933e+001
3.116453e+003,2.420077e+001
3.116935e+003,2.420218e+001
3.117417e+003,2.420344e+001
3.117900e+003,2.420450e+001
3.118382e+003,2.420532e+001
3.118864e+003,2.420599e+001
3.119346e+003,2.420665e+001
3.119828e+003,2.420744e+001
3.120310e+003,2.420849e+001
3.120792e+003,2.420985e+001
3.121274e+003,2.421148e+001
3.121757e+003,2.421327e+001
3.122239e+003,2.421507e+001
3.122721e+003,2.421675e+001
3.123203e+003,2.421828e+001
3.123685e+003,2.421966e+001
3.124167e+003,2.422100e+001
3.124649e+003,2.422240e+001
3.125131e+003,2.422394e+001
3.125614e+003,2.422566e+001
3.126096e+003,2.422752e+001
3.126578e+003,2.422942e+001
3.127060e+003,2.423125e+001
3.127542e+003,2.423288e+001
3.128024e+003,2.423426e+001
3.128506e+003,2.423540e+001
3.128988e+003,2.423637e+001
3.129470e+003,2.423729e+001
3.129953e+003,2.423835e+001
3.130435e+003,2.423968e+001
3.130917e+003,2.424141e+001
3.131399e+003,2.424359e+001
3.131881e+003,2.424620e+001
3.132363e+003,2.424916e+001
3.132845e+003,2.425232e+001
3.133328e+003,2.425548e+001
3.133810e+003,2.425843e+001
3.134292e+003,2.426096e+001
3.134774e+003,2.426287e+001
3.135256e+003,2.426405e+001
3.135738e+003,2.426443e+001
3.136220e+003,2.426405e+001
3.136702e+003,2.426307e+001
3.137185e+003,2.426168e+001
3.137667e+003,2.426019e+001
3.138149e+003,2.425887e+001
3.138631e+003,2.425797e+001
3.139113e+003,2.425760e+001
3.139595e+003,2.425779e+001
3.140077e+003,2.425845e+001
3.140559e+003,2.425940e+001
3.141042e+003,2.426044e+001
3.141524e+003,2.426144e+001
3.142006e+003,2.426226e+001
3.142488e+003,2.426290e+001
3.142970e+003,2.426332e+001
3.143452e+003,2.426356e+001
3.143934e+003,2.426362e+001
3.144417e+003,2.426349e+001
3.144898e+003,2.426317e+001
3.145381e+003,2.426264e+001
3.145863e+003,2.426195e+001
3.146345e+003,2.426119e+001
3.146827e+003,2.426044e+001
3.147309e+003,2.425982e+001
3.147791e+003,2.425944e+001
3.148273e+003,2.425937e+001
3.148756e+003,2.425962e+001
3.149238e+003,2.426018e+001
3.149720e+003,2.426099e+001
3.150202e+003,2.426197e+001
3.150684e+003,2.426299e+001
3.151166e+003,2.426393e+001
3.151648e+003,2.426465e+001
3.152130e+003,2.426504e+001
3.152613e+003,2.426503e+001
3.153095e+003,2.426458e+001
3.153577e+003,2.426373e+001
3.154059e+003,2.426259e+001
3.154541e+003,2.426129e+001
3.155023e+003,2.425999e+001
3.155505e+003,2.425888e+001
3.155987e+003,2.425809e+001
3.156469e+003,2.425770e+001
3.156952e+003,2.425779e+001
3.157434e+003,2.425834e+001
3.157916e+003,2.425928e+001
3.158398e+003,2.426049e+001
3.158880e+003,2.426180e+001
3.159362e+003,2.426302e+001
3.159844e+003,2.426396e+001
3.160326e+003,2.426444e+001
3.160809e+003,2.426429e+001
3.161291e+003,2.426341e+001
3.161773e+003,2.426173e+001
3.162255e+003,2.425925e+001
3.162737e+003,2.425607e+001
3.163219e+003,2.425239e+001
3.163701e+003,2.424853e+001
3.164184e+003,2.424484e+001
3.164666e+003,2.424172e+001
3.165148e+003,2.423951e+001
3.165630e+003,2.423835e+001
3.166112e+003,2.423823e+001
3.166594e+003,2.423891e+001
3.167076e+003,2.424002e+001
3.167558e+003,2.424116e+001
3.168041e+003,2.424201e+001
3.168523e+003,2.424243e+001
3.169005e+003,2.424243e+001
3.169487e+003,2.424219e+001
3.169969e+003,2.424191e+001
3.170451e+003,2.424174e+001
3.170933e+003,2.424169e+001
3.171415e+003,2.424163e+001
3.171897e+003,2.424137e+001
3.172380e+003,2.424066e+001
3.172862e+003,2.423937e+001
3.173344e+003,2.423749e+001
3.173826e+003,2.423510e+001
3.174308e+003,2.423240e+001
3.174790e+003,2.422961e+001
3.175272e+003,2.422688e+001
3.175754e+003,2.422436e+001
3.176237e+003,2.422209e+001
3.176719e+003,2.422010e+001
3.177201e+003,2.421839e+001
3.177683e+003,2.421693e+001
3.178165e+003,2.421575e+001
3.178647e+003,2.421479e+001
3.179129e+003,2.421400e+001
3.179612e+003,2.421327e+001
3.180094e+003,2.421246e+001
3.180576e+003,2.421142e+001
3.181058e+003,2.421001e+001
3.181540e+003,2.420815e+001
3.182022e+003,2.420584e+001
3.182504e+003,2.420317e+001
3.182986e+003,2.420032e+001
3.183469e+003,2.419751e+001
3.183951e+003,2.419499e+001
3.184433e+003,2.419295e+001
3.184915e+003,2.419146e+001
3.185397e+003,2.419046e+001
3.185879e+003,2.418980e+001
3.186361e+003,2.418918e+001
3.186843e+003,2.418837e+001
3.187325e+003,2.418717e+001
3.187808e+003,2.418552e+001
3.188290e+003,2.418351e+001
3.188772e+003,2.418133e+001
3.189254e+003,2.417916e+001
3.189736e+003,2.417721e+001
3.190218e+003,2.417553e+001
3.190700e+003,2.417410e+001
3.191182e+003,2.417277e+001
3.191665e+003,2.417140e+001
3.192147e+003,2.416983e+001
3.192629e+003,2.416796e+001
3.193111e+003,2.416577e+001
3.193593e+003,2.416327e+001
3.194075e+003,2.416052e+001
3.194557e+003,2.415760e+001
3.195040e+003,2.415461e+001
3.195521e+003,2.415160e+001
3.196004e+003,2.414861e+001
3.196486e+003,2.414565e+001
3.196968e+003,2.414268e+001
3.197450e+003,2.413960e+001
3.197932e+003,2.413627e+001
3.198414e+003,2.413260e+001
3.198896e+003,2.412850e+001
3.199379e+003,2.412403e+001
3.199861e+003,2.411933e+001
3.200343e+003,2.411463e+001
3.200825e+003,2.411015e+001
3.201307e+003,2.410609e+001
3.201789e+003,2.410256e+001
3.202271e+003,2.409951e+001
3.202753e+003,2.409683e+001
3.203236e+003,2.409436e+001
3.203718e+003,2.409194e+001
3.204200e+003,2.408944e+001
3.204682e+003,2.408680e+001
3.205164e+003,2.408401e+001
3.205646e+003,2.408108e+001
3.206128e+003,2.407804e+001
3.206610e+003,2.407494e+001
3.207093e+003,2.407184e+001
3.207575e+003,2.406880e+001
3.208057e+003,2.406589e+001
3.208539e+003,2.406312e+001
3.209021e+003,2.406045e+001
3.209503e+003,2.405775e+001
3.209985e+003,2.405483e+001
3.210468e+003,2.405151e+001
3.210949e+003,2.404761e+001
3.211432e+003,2.404310e+001
3.211914e+003,2.403802e+001
3.212396e+003,2.403257e+001
3.212878e+003,2.402699e+001
3.213360e+003,2.402149e+001
3.213842e+003,2.401627e+001
3.214324e+003,2.401143e+001
3.214807e+003,2.400700e+001
3.215289e+003,2.400297e+001
3.215771e+003,2.399936e+001
3.216253e+003,2.399618e+001
3.216735e+003,2.399352e+001
3.217217e+003,2.399144e+001
3.217699e+003,2.398996e+001
3.218181e+003,2.398903e+001
3.218664e+003,2.398849e+001
3.219146e+003,2.398804e+001
3.219628e+003,2.398736e+001
3.220110e+003,2.398607e+001
3.220592e+003,2.398389e+001
3.221074e+003,2.398059e+001
3.221556e+003,2.397615e+001
3.222038e+003,2.397066e+001
3.222521e+003,2.396436e+001
3.223003e+003,2.395758e+001
3.223485e+003,2.395064e+001
3.223967e+003,2.394384e+001
3.224449e+003,2.393737e+001
3.224931e+003,2.393136e+001
3.225413e+003,2.392588e+001
3.225896e+003,2.392091e+001
3.226377e+003,2.391648e+001
3.226860e+003,2.391256e+001
3.227342e+003,2.390913e+001
3.227824e+003,2.390613e+001
3.228306e+003,2.390345e+001
3.228788e+003,2.390092e+001
3.229270e+003,2.389837e+001
3.229752e+003,2.389565e+001
3.230235e+003,2.389270e+001
3.230717e+003,2.388951e+001
3.231199e+003,2.388617e+001
3.231681e+003,2.388280e+001
3.232163e+003,2.387948e+001
3.232645e+003,2.387619e+001
3.233127e+003,2.387287e+001
3.233609e+003,2.386936e+001
3.234092e+003,2.386552e+001
3.234574e+003,2.386125e+001
3.235056e+003,2.385652e+001
3.235538e+003,2.385137e+001
3.236020e+003,2.384589e+001
3.236502e+003,2.384019e+001
3.236984e+003,2.383435e+001
3.237466e+003,2.382841e+001
3.237948e+003,2.382239e+001
3.238431e+003,2.381629e+001
3.238913e+003,2.381009e+001
3.239395e+003,2.380377e+001
3.239877e+003,2.379728e+001
3.240359e+003,2.379061e+001
3.240841e+003,2.378372e+001
3.241323e+003,2.377666e+001
3.241806e+003,2.376951e+001
3.242288e+003,2.376247e+001
3.242770e+003,2.375577e+001
3.243252e+003,2.374964e+001
3.243734e+003,2.374425e+001
3.244216e+003,2.373965e+001
3.244698e+003,2.373574e+001
3.245180e+003,2.373227e+001
3.245663e+003,2.372894e+001
3.246145e+003,2.372548e+001
3.246627e+003,2.372166e+001
3.247109e+003,2.371741e+001
3.247591e+003,2.371273e+001
3.248073e+003,2.370767e+001
3.248555e+003,2.370231e+001
3.249037e+003,2.369671e+001
3.249520e+003,2.369091e+001
3.250002e+003,2.368495e+001
3.250484e+003,2.367887e+001
3.250966e+003,2.367274e+001
3.251448e+003,2.366667e+001
3.251930e+003,2.366076e+001
3.252412e+003,2.365509e+001
3.252894e+003,2.364971e+001
3.253376e+003,2.364456e+001
3.253859e+003,2.363956e+001
3.254341e+003,2.363459e+001
3.254823e+003,2.362950e+001
3.255305e+003,2.362418e+001
3.255787e+003,2.361852e+001
3.256269e+003,2.361254e+001
3.256751e+003,2.360627e+001
3.257234e+003,2.359986e+001
3.257716e+003,2.359353e+001
3.258198e+003,2.358748e+001
3.258680e+003,2.358191e+001
3.259162e+003,2.357693e+001
3.259644e+003,2.357250e+001
3.260126e+003,2.356847e+001
3.260608e+003,2.356458e+001
3.261091e+003,2.356049e+001
3.261573e+003,2.355590e+001
3.262055e+003,2.355059e+001
3.262537e+003,2.354442e+001
3.263019e+003,2.353743e+001
3.263501e+003,2.352973e+001
3.263983e+003,2.352156e+001
3.264465e+003,2.351318e+001
3.264948e+003,2.350486e+001
3.265430e+003,2.349688e+001
3.265912e+003,2.348942e+001
3.266394e+003,2.348265e+001
3.266876e+003,2.347658e+001
3.267358e+003,2.347117e+001
3.267840e+003,2.346629e+001
3.268323e+003,2.346173e+001
3.268804e+003,2.345726e+001
3.269287e+003,2.345265e+001
3.269769e+003,2.344768e+001
3.270251e+003,2.344220e+001
3.270733e+003,2.343611e+001
3.271215e+003,2.342939e+001
3.271697e+003,2.342211e+001
3.272179e+003,2.341443e+001
3.272662e+003,2.340657e+001
3.273144e+003,2.339880e+001
3.273626e+003,2.339138e+001
3.274108e+003,2.338448e+001
3.274590e+003,2.337818e+001
3.275072e+003,2.337243e+001
3.275554e+003,2.336706e+001
3.276036e+003,2.336189e+001
3.276519e+003,2.335672e+001
3.277001e+003,2.335144e+001
3.277483e+003,2.334602e+001
3.277965e+003,2.334049e+001
3.278447e+003,2.333491e+001
3.278929e+003,2.332934e+001
3.279411e+003,2.332374e+001
3.279893e+003,2.331807e+001
3.280375e+003,2.331221e+001
3.280858e+003,2.330612e+001
3.281340e+003,2.329978e+001
3.281822e+003,2.329323e+001
3.282304e+003,2.328659e+001
3.282786e+003,2.327996e+001
3.283268e+003,2.327339e+001
3.283750e+003,2.326689e+001
3.284232e+003,2.326039e+001
3.284715e+003,2.325378e+001
3.285197e+003,2.324695e+001
3.285679e+003,2.323983e+001
3.286161e+003,2.323239e+001
3.286643e+003,2.322469e+001
3.287125e+003,2.321682e+001
3.287607e+003,2.320893e+001
3.288090e+003,2.320116e+001
3.288572e+003,2.319362e+001
3.289054e+003,2.318634e+001
3.289536e+003,2.317930e+001
3.290018e+003,2.317242e+001
3.290500e+003,2.316558e+001
3.290982e+003,2.315868e+001
3.291464e+003,2.315165e+001
3.291947e+003,2.314453e+001
3.292429e+003,2.313743e+001
3.292911e+003,2.313055e+001
3.293393e+003,2.312410e+001
3.293875e+003,2.311821e+001
3.294357e+003,2.311295e+001
3.294839e+003,2.310825e+001
3.295321e+003,2.310392e+001
3.295803e+003,2.309971e+001
3.296286e+003,2.309533e+001
3.296768e+003,2.309051e+001
3.297250e+003,2.308502e+001
3.297732e+003,2.307869e+001
3.298214e+003,2.307141e+001
3.298696e+003,2.306316e+001
3.299178e+003,2.305400e+001
3.299660e+003,2.304409e+001
3.300143e+003,2.303371e+001
3.300625e+003,2.302322e+001
3.301107e+003,2.301301e+001
3.301589e+003,2.300346e+001
3.302071e+003,2.299480e+001
3.302553e+003,2.298715e+001
3.303035e+003,2.298039e+001
3.303518e+003,2.297428e+001
3.304000e+003,2.296846e+001
3.304482e+003,2.296251e+001
3.304964e+003,2.295605e+001
3.305446e+003,2.294884e+001
3.305928e+003,2.294076e+001
3.306410e+003,2.293188e+001
3.306892e+003,2.292248e+001
3.307375e+003,2.291295e+001
3.307857e+003,2.290378e+001
3.308339e+003,2.289542e+001
3.308821e+003,2.288823e+001
3.309303e+003,2.288235e+001
3.309785e+003,2.287770e+001
3.310267e+003,2.287393e+001
3.310749e+003,2.287056e+001
3.311231e+003,2.286701e+001
3.311714e+003,2.286276e+001
3.312196e+003,2.285740e+001
3.312678e+003,2.285073e+001
3.313160e+003,2.284273e+001
3.313642e+003,2.283356e+001
3.314124e+003,2.282351e+001
3.314606e+003,2.281295e+001
3.315088e+003,2.280225e+001
3.315571e+003,2.279176e+001
3.316053e+003,2.278171e+001
3.316535e+003,2.277224e+001
3.317017e+003,2.276334e+001
3.317499e+003,2.275487e+001
3.317981e+003,2.274662e+001
3.318463e+003,2.273839e+001
3.318946e+003,2.273001e+001
3.319427e+003,2.272144e+001
3.319910e+003,2.271274e+001
3.320392e+003,2.270407e+001
3.320874e+003,2.269559e+001
3.321356e+003,2.268743e+001
3.321838e+003,2.267959e+001
3.322320e+003,2.267198e+001
3.322802e+003,2.266442e+001
3.323285e+003,2.265672e+001
3.323767e+003,2.264875e+001
3.324249e+003,2.264046e+001
3.324731e+003,2.263189e+001
3.325213e+003,2.262317e+001
3.325695e+003,2.261444e+001
3.326177e+003,2.260583e+001
3.326659e+003,2.259740e+001
3.327142e+003,2.258918e+001
3.327624e+003,2.258115e+001
3.328106e+003,2.257326e+001
3.328588e+003,2.256544e+001
3.329070e+003,2.255766e+001
3.329552e+003,2.254988e+001
3.330034e+003,2.254208e+001
3.330516e+003,2.253428e+001
3.330999e+003,2.252649e+001
3.331481e+003,2.251876e+001
3.331963e+003,2.251106e+001
3.332445e+003,2.250338e+001
3.332927e+003,2.249564e+001
3.333409e+003,2.248772e+001
3.333891e+003,2.247953e+001
3.334374e+003,2.247100e+001
3.334855e+003,2.246214e+001
3.335338e+003,2.245308e+001
3.335820e+003,2.244397e+001
3.336302e+003,2.243506e+001
3.336784e+003,2.242655e+001
3.337266e+003,2.241857e+001
3.337748e+003,2.241114e+001
3.338230e+003,2.240417e+001
3.338713e+003,2.239748e+001
3.339195e+003,2.239083e+001
3.339677e+003,2.238399e+001
3.340159e+003,2.237677e+001
3.340641e+003,2.236904e+001
3.341123e+003,2.236075e+001
3.341605e+003,2.235193e+001
3.342087e+003,2.234270e+001
3.342570e+003,2.233324e+001
3.343052e+003,2.232373e+001
3.343534e+003,2.231437e+001
3.344016e+003,2.230532e+001
3.344498e+003,2.229666e+001
3.344980e+003,2.228843e+001
3.345462e+003,2.228061e+001
3.345944e+003,2.227312e+001
3.346427e+003,2.226585e+001
3.346909e+003,2.225869e+001
3.347391e+003,2.225154e+001
3.347873e+003,2.224428e+001
3.348355e+003,2.223681e+001
3.348837e+003,2.222904e+001
3.349319e+003,2.222089e+001
3.349802e+003,2.221233e+001
3.350283e+003,2.220337e+001
3.350766e+003,2.219406e+001
3.351248e+003,2.218448e+001
3.351730e+003,2.217471e+001
3.352212e+003,2.216484e+001
3.352694e+003,2.215493e+001
3.353176e+003,2.214504e+001
3.353658e+003,2.213524e+001
3.354141e+003,2.212562e+001
3.354623e+003,2.211626e+001
3.355105e+003,2.210727e+001
3.355587e+003,2.209871e+001
3.356069e+003,2.209062e+001
3.356551e+003,2.208297e+001
3.357033e+003,2.207568e+001
3.357515e+003,2.206861e+001
3.357998e+003,2.206167e+001
3.358480e+003,2.205475e+001
3.358962e+003,2.204777e+001
3.359444e+003,2.204067e+001
3.359926e+003,2.203336e+001
3.360408e+003,2.202576e+001
3.360890e+003,2.201777e+001
3.361372e+003,2.200932e+001
3.361854e+003,2.200039e+001
3.362337e+003,2.199103e+001
3.362819e+003,2.198139e+001
3.363301e+003,2.197166e+001
3.363783e+003,2.196203e+001
3.364265e+003,2.195267e+001
3.364747e+003,2.194365e+001
3.365229e+003,2.193494e+001
3.365712e+003,2.192641e+001
3.366194e+003,2.191790e+001
3.366676e+003,2.190920e+001
3.367158e+003,2.190017e+001
3.367640e+003,2.189071e+001
3.368122e+003,2.188083e+001
3.368604e+003,2.187062e+001
3.369086e+003,2.186022e+001
3.369569e+003,2.184984e+001
3.370051e+003,2.183965e+001
3.370533e+003,2.182979e+001
3.371015e+003,2.182036e+001
3.371497e+003,2.181137e+001
3.371979e+003,2.180277e+001
3.372461e+003,2.179445e+001
3.372943e+003,2.178630e+001
3.373426e+003,2.177819e+001
3.373908e+003,2.177001e+001
3.374390e+003,2.176166e+001
3.374872e+003,2.175306e+001
3.375354e+003,2.174417e+001
3.375836e+003,2.173499e+001
3.376318e+003,2.172552e+001
3.376800e+003,2.171585e+001
3.377282e+003,2.170608e+001
3.377765e+003,2.169633e+001
3.378247e+003,2.168676e+001
3.378729e+003,2.167748e+001
3.379211e+003,2.166855e+001
3.379693e+003,2.165995e+001
3.380175e+003,2.165163e+001
3.380657e+003,2.164346e+001
3.381140e+003,2.163534e+001
3.381622e+003,2.162715e+001
3.382104e+003,2.161883e+001
3.382586e+003,2.161035e+001
3.383068e+003,2.160172e+001
3.383550e+003,2.159296e+001
3.384032e+003,2.158412e+001
3.384514e+003,2.157523e+001
3.384997e+003,2.156631e+001
3.385479e+003,2.155736e+001
3.385961e+003,2.154836e+001
3.386443e+003,2.153927e+001
3.386925e+003,2.153006e+001
3.387407e+003,2.152071e+001
3.387889e+003,2.151123e+001
3.388371e+003,2.150165e+001
3.388854e+003,2.149205e+001
3.389336e+003,2.148252e+001
3.389818e+003,2.147313e+001
3.390300e+003,2.146396e+001
3.390782e+003,2.145505e+001
3.391264e+003,2.144641e+001
3.391746e+003,2.143807e+001
3.392229e+003,2.143001e+001
3.392710e+003,2.142222e+001
3.393193e+003,2.141466e+001
3.393675e+003,2.140723e+001
3.394157e+003,2.139980e+001
3.394639e+003,2.139217e+001
3.395121e+003,2.138411e+001
3.395603e+003,2.137547e+001
3.396085e+003,2.136613e+001
3.396568e+003,2.135613e+001
3.397050e+003,2.134560e+001
3.397532e+003,2.133482e+001
3.398014e+003,2.132412e+001
3.398496e+003,2.131379e+001
3.398978e+003,2.130411e+001
3.399460e+003,2.129522e+001
3.399942e+003,2.128716e+001
3.400425e+003,2.127983e+001
3.400907e+003,2.127301e+001
3.401389e+003,2.126635e+001
3.401871e+003,2.125950e+001
3.402353e+003,2.125206e+001
3.402835e+003,2.124374e+001
3.403317e+003,2.123435e+001
3.403799e+003,2.122390e+001
3.404281e+003,2.121258e+001
3.404764e+003,2.120071e+001
3.405246e+003,2.118867e+001
3.405728e+003,2.117684e+001
3.406210e+003,2.116545e+001
3.406692e+003,2.115462e+001
3.407174e+003,2.114431e+001
3.407656e+003,2.113440e+001
3.408138e+003,2.112471e+001
3.408621e+003,2.111509e+001
3.409103e+003,2.110545e+001
3.409585e+003,2.109571e+001
3.410067e+003,2.108587e+001
3.410549e+003,2.107594e+001
3.411031e+003,2.106596e+001
3.411513e+003,2.105597e+001
3.411996e+003,2.104603e+001
3.412478e+003,2.103621e+001
3.412960e+003,2.102660e+001
3.413442e+003,2.101724e+001
3.413924e+003,2.100815e+001
3.414406e+003,2.099928e+001
3.414888e+003,2.099055e+001
3.415370e+003,2.098187e+001
3.415853e+003,2.097312e+001
3.416335e+003,2.096427e+001
3.416817e+003,2.095528e+001
3.417299e+003,2.094616e+001
3.417781e+003,2.093693e+001
3.418263e+003,2.092761e+001
3.418745e+003,2.091816e+001
3.419227e+003,2.090860e+001
3.419709e+003,2.089889e+001
3.420192e+003,2.088909e+001
3.420674e+003,2.087928e+001
3.421156e+003,2.086960e+001
3.421638e+003,2.086023e+001
3.422120e+003,2.085133e+001
3.422602e+003,2.084305e+001
3.423084e+003,2.083540e+001
3.423566e+003,2.082833e+001
3.424049e+003,2.082163e+001
3.424531e+003,2.081503e+001
3.425013e+003,2.080816e+001
3.425495e+003,2.080073e+001
3.425977e+003,2.079245e+001
3.426459e+003,2.078319e+001
3.426941e+003,2.077297e+001
3.427424e+003,2.076195e+001
3.427906e+003,2.075034e+001
3.428388e+003,2.073842e+001
3.428870e+003,2.072641e+001
3.429352e+003,2.071449e+001
3.429834e+003,2.070277e+001
3.430316e+003,2.069135e+001
3.430798e+003,2.068035e+001
3.431281e+003,2.066990e+001
3.431763e+003,2.066015e+001
3.432245e+003,2.065121e+001
3.432727e+003,2.064311e+001
3.433209e+003,2.063574e+001
3.433691e+003,2.062889e+001
3.434173e+003,2.062226e+001
3.434655e+003,2.061554e+001
3.435137e+003,2.060847e+001
3.435620e+003,2.060092e+001
3.436102e+003,2.059284e+001
3.436584e+003,2.058427e+001
3.437066e+003,2.057529e+001
3.437548e+003,2.056594e+001
3.438030e+003,2.055628e+001
3.438512e+003,2.054635e+001
3.438994e+003,2.053625e+001
3.439477e+003,2.052611e+001
3.439959e+003,2.051607e+001
3.440441e+003,2.050625e+001
3.440923e+003,2.049669e+001
3.441405e+003,2.048723e+001
3.441887e+003,2.047760e+001
3.442369e+003,2.046738e+001
3.442852e+003,2.045618e+001
3.443333e+003,2.044376e+001
3.443816e+003,2.043016e+001
3.444298e+003,2.041572e+001
3.444780e+003,2.040108e+001
3.445262e+003,2.038705e+001
3.445744e+003,2.037445e+001
3.446226e+003,2.036392e+001
3.446708e+003,2.035575e+001
3.447191e+003,2.034984e+001
3.447673e+003,2.034570e+001
3.448155e+003,2.034263e+001
3.448637e+003,2.033986e+001
3.449119e+003,2.033674e+001
3.449601e+003,2.033281e+001
3.450083e+003,2.032780e+001
3.450565e+003,2.032165e+001
3.451048e+003,2.031435e+001
3.451530e+003,2.030592e+001
3.452012e+003,2.029640e+001
3.452494e+003,2.028583e+001
3.452976e+003,2.027430e+001
3.453458e+003,2.026199e+001
3.453940e+003,2.024918e+001
3.454422e+003,2.023630e+001
3.454905e+003,2.022375e+001
3.455387e+003,2.021193e+001
3.455869e+003,2.020105e+001
3.456351e+003,2.019114e+001
3.456833e+003,2.018202e+001
3.457315e+003,2.017332e+001
3.457797e+003,2.016463e+001
3.458280e+003,2.015561e+001
3.458761e+003,2.014602e+001
3.459244e+003,2.013584e+001
3.459726e+003,2.012522e+001
3.460208e+003,2.011443e+001
3.460690e+003,2.010381e+001
3.461172e+003,2.009367e+001
3.461654e+003,2.008420e+001
3.462136e+003,2.007544e+001
3.462619e+003,2.006729e+001
3.463101e+003,2.005952e+001
3.463583e+003,2.005186e+001
3.464065e+003,2.004408e+001
3.464547e+003,2.003602e+001
3.465029e+003,2.002768e+001
3.465511e+003,2.001915e+001
3.465993e+003,2.001064e+001
3.466476e+003,2.000235e+001
3.466958e+003,1.999447e+001
3.467440e+003,1.998706e+001
3.467922e+003,1.998004e+001
3.468404e+003,1.997323e+001
3.468886e+003,1.996641e+001
3.469368e+003,1.995932e+001
3.469850e+003,1.995178e+001
3.470333e+003,1.994370e+001
3.470815e+003,1.993506e+001
3.471297e+003,1.992591e+001
3.471779e+003,1.991635e+001
3.472261e+003,1.990650e+001
3.472743e+003,1.989647e+001
3.473225e+003,1.988638e+001
3.473708e+003,1.987631e+001
3.474189e+003,1.986630e+001
3.474672e+003,1.985634e+001
3.475154e+003,1.984635e+001
3.475636e+003,1.983618e+001
3.476118e+003,1.982565e+001
3.476600e+003,1.981457e+001
3.477082e+003,1.980280e+001
3.477564e+003,1.979032e+001
3.478047e+003,1.977723e+001
3.478529e+003,1.976373e+001
3.479011e+003,1.975014e+001
3.479493e+003,1.973687e+001
3.479975e+003,1.972431e+001
3.480457e+003,1.971285e+001
3.480939e+003,1.970279e+001
3.481421e+003,1.969428e+001
3.481904e+003,1.968729e+001
3.482386e+003,1.968161e+001
3.482868e+003,1.967683e+001
3.483350e+003,1.967242e+001
3.483832e+003,1.966783e+001
3.484314e+003,1.966256e+001
3.484796e+003,1.965626e+001
3.485278e+003,1.964877e+001
3.485760e+003,1.964013e+001
3.486243e+003,1.963055e+001
3.486725e+003,1.962032e+001
3.487207e+003,1.960976e+001
3.487689e+003,1.959912e+001
3.488171e+003,1.958860e+001
3.488653e+003,1.957826e+001
3.489135e+003,1.956815e+001
3.489618e+003,1.955823e+001
3.490100e+003,1.954848e+001
3.490582e+003,1.953886e+001
3.491064e+003,1.952932e+001
3.491546e+003,1.951973e+001
3.492028e+003,1.950994e+001
3.492510e+003,1.949979e+001
3.492992e+003,1.948911e+001
3.493475e+003,1.947782e+001
3.493957e+003,1.946595e+001
3.494439e+003,1.945369e+001
3.494921e+003,1.944133e+001
3.495403e+003,1.942923e+001
3.495885e+003,1.941775e+001
3.496367e+003,1.940713e+001
3.496849e+003,1.939742e+001
3.497332e+003,1.938853e+001
3.497814e+003,1.938016e+001
3.498296e+003,1.937190e+001
3.498778e+003,1.936336e+001
3.499260e+003,1.935422e+001
3.499742e+003,1.934433e+001
3.500224e+003,1.933379e+001
3.500706e+003,1.932292e+001
3.501188e+003,1.931224e+001
3.501671e+003,1.930236e+001
3.502153e+003,1.929385e+001
3.502635e+003,1.928711e+001
3.503117e+003,1.928216e+001
3.503599e+003,1.927868e+001
3.504081e+003,1.927599e+001
3.504563e+003,1.927320e+001
3.505046e+003,1.926937e+001
3.505528e+003,1.926376e+001
3.506010e+003,1.925591e+001
3.506492e+003,1.924575e+001
3.506974e+003,1.923361e+001
3.507456e+003,1.922018e+001
3.507938e+003,1.920636e+001
3.508420e+003,1.919304e+001
3.508903e+003,1.918097e+001
3.509385e+003,1.917053e+001
3.509867e+003,1.916166e+001
3.510349e+003,1.915394e+001
3.510831e+003,1.914673e+001
3.511313e+003,1.913937e+001
3.511795e+003,1.913137e+001
3.512277e+003,1.912250e+001
3.512760e+003,1.911278e+001
3.513242e+003,1.910242e+001
3.513724e+003,1.909172e+001
3.514206e+003,1.908100e+001
3.514688e+003,1.907049e+001
3.515170e+003,1.906039e+001
3.515652e+003,1.905080e+001
3.516135e+003,1.904177e+001
3.516616e+003,1.903330e+001
3.517099e+003,1.902529e+001
3.517581e+003,1.901754e+001
3.518063e+003,1.900975e+001
3.518545e+003,1.900155e+001
3.519027e+003,1.899257e+001
3.519509e+003,1.898253e+001
3.519991e+003,1.897133e+001
3.520474e+003,1.895914e+001
3.520956e+003,1.894629e+001
3.521438e+003,1.893329e+001
3.521920e+003,1.892067e+001
3.522402e+003,1.890888e+001
3.522884e+003,1.889819e+001
3.523366e+003,1.888863e+001
3.523848e+003,1.888003e+001
3.524331e+003,1.887214e+001
3.524813e+003,1.886464e+001
3.525295e+003,1.885735e+001
3.525777e+003,1.885012e+001
3.526259e+003,1.884290e+001
3.526741e+003,1.883570e+001
3.527223e+003,1.882847e+001
3.527705e+003,1.882116e+001
3.528188e+003,1.881366e+001
3.528670e+003,1.880591e+001
3.529152e+003,1.879788e+001
3.529634e+003,1.878970e+001
3.530116e+003,1.878154e+001
3.530598e+003,1.877365e+001
3.531080e+003,1.876621e+001
3.531563e+003,1.875929e+001
3.532044e+003,1.875274e+001
3.532527e+003,1.874627e+001
3.533009e+003,1.873944e+001
3.533491e+003,1.873184e+001
3.533973e+003,1.872314e+001
3.534455e+003,1.871333e+001
3.534937e+003,1.870263e+001
3.535419e+003,1.869154e+001
3.535902e+003,1.868066e+001
3.536384e+003,1.867059e+001
3.536866e+003,1.866171e+001
3.537348e+003,1.865407e+001
3.537830e+003,1.864745e+001
3.538312e+003,1.864136e+001
3.538794e+003,1.863519e+001
3.539276e+003,1.862838e+001
3.539759e+003,1.862044e+001
3.540241e+003,1.861107e+001
3.540723e+003,1.860020e+001
3.541205e+003,1.858789e+001
3.541687e+003,1.857444e+001
3.542169e+003,1.856023e+001
3.542651e+003,1.854577e+001
3.543133e+003,1.853160e+001
3.543615e+003,1.851827e+001
3.544098e+003,1.850625e+001
3.544580e+003,1.849590e+001
3.545062e+003,1.848735e+001
3.545544e+003,1.848055e+001
3.546026e+003,1.847518e+001
3.546508e+003,1.847077e+001
3.546990e+003,1.846668e+001
3.547472e+003,1.846232e+001
3.547955e+003,1.845714e+001
3.548437e+003,1.845076e+001
3.548919e+003,1.844303e+001
3.549401e+003,1.843402e+001
3.549883e+003,1.842408e+001
3.550365e+003,1.841373e+001
3.550847e+003,1.840359e+001
3.551330e+003,1.839425e+001
3.551812e+003,1.838612e+001
3.552294e+003,1.837930e+001
3.552776e+003,1.837358e+001
3.553258e+003,1.836845e+001
3.553740e+003,1.836337e+001
3.554222e+003,1.835778e+001
3.554704e+003,1.835135e+001
3.555187e+003,1.834394e+001
3.555669e+003,1.833557e+001
3.556151e+003,1.832642e+001
3.556633e+003,1.831672e+001
3.557115e+003,1.830668e+001
3.557597e+003,1.829652e+001
3.558079e+003,1.828637e+001
3.558561e+003,1.827635e+001
3.559043e+003,1.826644e+001
3.559526e+003,1.825654e+001
3.560008e+003,1.824638e+001
3.560490e+003,1.823558e+001
3.560972e+003,1.822367e+001
3.561454e+003,1.821022e+001
3.561936e+003,1.819492e+001
3.562418e+003,1.817768e+001
3.562900e+003,1.815868e+001
3.563383e+003,1.813844e+001
3.563865e+003,1.811777e+001
3.564347e+003,1.809772e+001
3.564829e+003,1.807958e+001
3.565311e+003,1.806472e+001
3.565793e+003,1.805432e+001
3.566275e+003,1.804910e+001
3.566758e+003,1.804888e+001
3.567240e+003,1.805260e+001
3.567722e+003,1.805844e+001
3.568204e+003,1.806443e+001
3.568686e+003,1.806887e+001
3.569168e+003,1.807072e+001
3.569650e+003,1.806959e+001
3.570132e+003,1.806556e+001
3.570615e+003,1.805903e+001
3.571097e+003,1.805055e+001
3.571579e+003,1.804069e+001
3.572061e+003,1.802997e+001
3.572543e+003,1.801884e+001
3.573025e+003,1.800762e+001
3.573507e+003,1.799657e+001
3.573989e+003,1.798582e+001
3.574471e+003,1.797539e+001
3.574954e+003,1.796526e+001
3.575436e+003,1.795531e+001
3.575918e+003,1.794544e+001
3.576400e+003,1.793553e+001
3.576882e+003,1.792554e+001
3.577364e+003,1.791550e+001
3.577846e+003,1.790554e+001
3.578328e+003,1.789583e+001
3.578811e+003,1.788658e+001
3.579293e+003,1.787793e+001
3.579775e+003,1.786997e+001
3.580257e+003,1.786259e+001
3.580739e+003,1.785558e+001
3.581221e+003,1.784857e+001
3.581703e+003,1.784110e+001
3.582186e+003,1.783264e+001
3.582667e+003,1.782273e+001
3.583150e+003,1.781100e+001
3.583632e+003,1.779727e+001
3.584114e+003,1.778166e+001
3.584596e+003,1.776459e+001
3.585078e+003,1.774685e+001
3.585560e+003,1.772953e+001
3.586042e+003,1.771385e+001
3.586525e+003,1.770088e+001
3.587007e+003,1.769116e+001
3.587489e+003,1.768445e+001
3.587971e+003,1.767975e+001
3.588453e+003,1.767565e+001
3.588935e+003,1.767083e+001
3.589417e+003,1.766437e+001
3.589899e+003,1.765587e+001
3.590382e+003,1.764537e+001
3.590864e+003,1.763316e+001
3.591346e+003,1.761966e+001
3.591828e+003,1.760540e+001
3.592310e+003,1.759093e+001
3.592792e+003,1.757683e+001
3.593274e+003,1.756372e+001
3.593756e+003,1.755218e+001
3.594239e+003,1.754265e+001
3.594721e+003,1.753531e+001
3.595203e+003,1.753006e+001
3.595685e+003,1.752646e+001
3.596167e+003,1.752394e+001
3.596649e+003,1.752185e+001
3.597131e+003,1.751963e+001
3.597614e+003,1.751690e+001
3.598095e+003,1.751348e+001
3.598578e+003,1.750935e+001
3.599060e+003,1.750460e+001
3.599542e+003,1.749934e+001
3.600024e+003,1.749366e+001
3.600506e+003,1.748758e+001
3.600988e+003,1.748103e+001
3.601470e+003,1.747392e+001
3.601953e+003,1.746614e+001
3.602435e+003,1.745761e+001
3.602917e+003,1.744830e+001
3.603399e+003,1.743824e+001
3.603881e+003,1.742751e+001
3.604363e+003,1.741625e+001
3.604845e+003,1.740472e+001
3.605327e+003,1.739325e+001
3.605810e+003,1.738225e+001
3.606292e+003,1.737217e+001
3.606774e+003,1.736339e+001
3.607256e+003,1.735608e+001
3.607738e+003,1.735010e+001
3.608220e+003,1.734486e+001
3.608702e+003,1.733955e+001
3.609184e+003,1.733327e+001
3.609667e+003,1.732538e+001
3.610149e+003,1.731565e+001
3.610631e+003,1.730434e+001
3.611113e+003,1.729218e+001
3.611595e+003,1.728019e+001
3.612077e+003,1.726939e+001
3.612559e+003,1.726056e+001
3.613042e+003,1.725385e+001
3.613524e+003,1.724873e+001
3.614006e+003,1.724411e+001
3.614488e+003,1.723866e+001
3.614970e+003,1.723124e+001
3.615452e+003,1.722122e+001
3.615934e+003,1.720863e+001
3.616416e+003,1.719424e+001
3.616898e+003,1.717936e+001
3.617381e+003,1.716569e+001
3.617863e+003,1.715495e+001
3.618345e+003,1.714835e+001
3.618827e+003,1.714618e+001
3.619309e+003,1.714762e+001
3.619791e+003,1.715092e+001
3.620273e+003,1.715409e+001
3.620755e+003,1.715544e+001
3.621238e+003,1.715398e+001
3.621720e+003,1.714939e+001
3.622202e+003,1.714188e+001
3.622684e+003,1.713187e+001
3.623166e+003,1.711984e+001
3.623648e+003,1.710610e+001
3.624130e+003,1.709077e+001
3.624612e+003,1.707381e+001
3.625094e+003,1.705512e+001
3.625577e+003,1.703474e+001
3.626059e+003,1.701312e+001
3.626541e+003,1.699133e+001
3.627023e+003,1.697130e+001
3.627505e+003,1.695558e+001
3.627987e+003,1.694664e+001
3.628469e+003,1.694558e+001
3.628952e+003,1.695106e+001
3.629434e+003,1.695954e+001
3.629916e+003,1.696694e+001
3.630398e+003,1.697039e+001
3.630880e+003,1.696899e+001
3.631362e+003,1.696344e+001
3.631844e+003,1.695541e+001
3.632326e+003,1.694685e+001
3.632809e+003,1.693947e+001
3.633291e+003,1.693435e+001
3.633773e+003,1.693179e+001
3.634255e+003,1.693132e+001
3.634737e+003,1.693198e+001
3.635219e+003,1.693270e+001
3.635701e+003,1.693273e+001
3.636183e+003,1.693171e+001
3.636666e+003,1.692974e+001
3.637148e+003,1.692706e+001
3.637630e+003,1.692391e+001
3.638112e+003,1.692030e+001
3.638594e+003,1.691608e+001
3.639076e+003,1.691096e+001
3.639558e+003,1.690474e+001
3.640041e+003,1.689739e+001
3.640522e+003,1.688914e+001
3.641005e+003,1.688035e+001
3.641487e+003,1.687134e+001
3.641969e+003,1.686224e+001
3.642451e+003,1.685292e+001
3.642933e+003,1.684295e+001
3.643415e+003,1.683176e+001
3.643897e+003,1.681880e+001
3.644380e+003,1.680366e+001
3.644862e+003,1.678622e+001
3.645344e+003,1.676671e+001
3.645826e+003,1.674574e+001
3.646308e+003,1.672439e+001
3.646790e+003,1.670415e+001
3.647272e+003,1.668689e+001
3.647754e+003,1.667469e+001
3.648237e+003,1.666939e+001
3.648719e+003,1.667198e+001
3.649201e+003,1.668200e+001
3.649683e+003,1.669732e+001
3.650165e+003,1.671468e+001
3.650647e+003,1.673069e+001
3.651129e+003,1.674274e+001
3.651611e+003,1.674944e+001
3.652094e+003,1.675053e+001
3.652576e+003,1.674661e+001
3.653058e+003,1.673879e+001
3.653540e+003,1.672853e+001
3.654022e+003,1.671749e+001
3.654504e+003,1.670739e+001
3.654986e+003,1.669973e+001
3.655469e+003,1.669553e+001
3.655950e+003,1.669489e+001
3.656433e+003,1.669694e+001
3.656915e+003,1.670015e+001
3.657397e+003,1.670284e+001
3.657879e+003,1.670380e+001
3.658361e+003,1.670248e+001
3.658843e+003,1.669895e+001
3.659325e+003,1.669366e+001
3.659808e+003,1.668722e+001
3.660290e+003,1.668021e+001
3.660772e+003,1.667312e+001
3.661254e+003,1.666627e+001
3.661736e+003,1.665990e+001
3.662218e+003,1.665413e+001
3.662700e+003,1.664891e+001
3.663182e+003,1.664404e+001
3.663665e+003,1.663913e+001
3.664147e+003,1.663350e+001
3.664629e+003,1.662633e+001
3.665111e+003,1.661676e+001
3.665593e+003,1.660405e+001
3.666075e+003,1.658781e+001
3.666557e+003,1.656818e+001
3.667039e+003,1.654607e+001
3.667521e+003,1.652322e+001
3.668004e+003,1.650225e+001
3.668486e+003,1.648625e+001
3.668968e+003,1.647792e+001
3.669450e+003,1.647839e+001
3.669932e+003,1.648622e+001
3.670414e+003,1.649770e+001
3.670896e+003,1.650831e+001
3.671378e+003,1.651443e+001
3.671861e+003,1.651422e+001
3.672343e+003,1.650768e+001
3.672825e+003,1.649627e+001
3.673307e+003,1.648258e+001
3.673789e+003,1.647001e+001
3.674271e+003,1.646225e+001
3.674753e+003,1.646218e+001
3.675236e+003,1.647049e+001
3.675718e+003,1.648495e+001
3.676200e+003,1.650140e+001
3.676682e+003,1.651582e+001
3.677164e+003,1.652604e+001
3.677646e+003,1.653176e+001
3.678128e+003,1.653391e+001
3.678610e+003,1.653377e+001
3.679093e+003,1.653242e+001
3.679575e+003,1.653049e+001
3.680057e+003,1.652823e+001
3.680539e+003,1.652555e+001
3.681021e+003,1.652233e+001
3.681503e+003,1.651847e+001
3.681985e+003,1.651403e+001
3.682467e+003,1.650907e+001
3.682949e+003,1.650362e+001
3.683432e+003,1.649753e+001
3.683914e+003,1.649052e+001
3.684396e+003,1.648226e+001
3.684878e+003,1.647245e+001
3.685360e+003,1.646107e+001
3.685842e+003,1.644841e+001
3.686324e+003,1.643512e+001
3.686806e+003,1.642224e+001
3.687289e+003,1.641101e+001
3.687771e+003,1.640270e+001
3.688253e+003,1.639833e+001
3.688735e+003,1.639835e+001
3.689217e+003,1.640253e+001
3.689699e+003,1.641005e+001
3.690181e+003,1.641973e+001
3.690664e+003,1.643031e+001
3.691146e+003,1.644063e+001
3.691628e+003,1.644971e+001
3.692110e+003,1.645680e+001
3.692592e+003,1.646148e+001
3.693074e+003,1.646362e+001
3.693556e+003,1.646343e+001
3.694038e+003,1.646136e+001
3.694521e+003,1.645797e+001
3.695003e+003,1.645380e+001
3.695485e+003,1.644927e+001
3.695967e+003,1.644450e+001
3.696449e+003,1.643946e+001
3.696931e+003,1.643393e+001
3.697413e+003,1.642776e+001
3.697895e+003,1.642097e+001
3.698377e+003,1.641385e+001
3.698860e+003,1.640700e+001
3.699342e+003,1.640127e+001
3.699824e+003,1.639763e+001
3.700306e+003,1.639689e+001
3.700788e+003,1.639945e+001
3.701270e+003,1.640505e+001
3.701752e+003,1.641269e+001
3.702234e+003,1.642082e+001
3.702717e+003,1.642776e+001
3.703199e+003,1.643212e+001
3.703681e+003,1.643305e+001
3.704163e+003,1.643034e+001
3.704645e+003,1.642421e+001
3.705127e+003,1.641521e+001
3.705609e+003,1.640399e+001
3.706092e+003,1.639119e+001
3.706573e+003,1.637739e+001
3.707056e+003,1.636311e+001
3.707538e+003,1.634889e+001
3.708020e+003,1.633545e+001
3.708502e+003,1.632379e+001
3.708984e+003,1.631526e+001
3.709466e+003,1.631150e+001
3.709948e+003,1.631408e+001
3.710431e+003,1.632395e+001
3.710913e+003,1.634076e+001
3.711395e+003,1.636263e+001
3.711877e+003,1.638642e+001
3.712359e+003,1.640865e+001
3.712841e+003,1.642653e+001
3.713323e+003,1.643850e+001
3.713805e+003,1.644430e+001
3.714288e+003,1.644459e+001
3.714770e+003,1.644052e+001
3.715252e+003,1.643342e+001
3.715734e+003,1.642456e+001
3.716216e+003,1.641499e+001
3.716698e+003,1.640546e+001
3.717180e+003,1.639638e+001
3.717662e+003,1.638783e+001
3.718145e+003,1.637964e+001
3.718627e+003,1.637152e+001
3.719109e+003,1.636326e+001
3.719591e+003,1.635487e+001
3.720073e+003,1.634661e+001
3.720555e+003,1.633895e+001
3.721037e+003,1.633234e+001
3.721520e+003,1.632710e+001
3.722001e+003,1.632321e+001
3.722484e+003,1.632035e+001
3.722966e+003,1.631812e+001
3.723448e+003,1.631618e+001
3.723930e+003,1.631451e+001
3.724412e+003,1.631337e+001
3.724894e+003,1.631315e+001
3.725376e+003,1.631401e+001
3.725859e+003,1.631567e+001
3.726341e+003,1.631720e+001
3.726823e+003,1.631730e+001
3.727305e+003,1.631463e+001
3.727787e+003,1.630828e+001
3.728269e+003,1.629792e+001
3.728751e+003,1.628392e+001
3.729233e+003,1.626715e+001
3.729716e+003,1.624871e+001
3.730198e+003,1.622980e+001
3.730680e+003,1.621147e+001
3.731162e+003,1.619449e+001
3.731644e+003,1.617940e+001
3.732126e+003,1.616660e+001
3.732608e+003,1.615663e+001
3.733090e+003,1.615035e+001
3.733573e+003,1.614901e+001
3.734055e+003,1.615388e+001
3.734537e+003,1.616564e+001
3.735019e+003,1.618367e+001
3.735501e+003,1.620583e+001
3.735983e+003,1.622882e+001
3.736465e+003,1.624926e+001
3.736948e+003,1.626471e+001
3.737430e+003,1.627409e+001
3.737912e+003,1.627745e+001
3.738394e+003,1.627542e+001
3.738876e+003,1.626869e+001
3.739358e+003,1.625774e+001
3.739840e+003,1.624282e+001
3.740322e+003,1.622410e+001
3.740804e+003,1.620197e+001
3.741287e+003,1.617740e+001
3.741769e+003,1.615220e+001
3.742251e+003,1.612923e+001
3.742733e+003,1.611223e+001
3.743215e+003,1.610492e+001
3.743697e+003,1.610935e+001
3.744179e+003,1.612404e+001
3.744661e+003,1.614368e+001
3.745144e+003,1.616130e+001
3.745626e+003,1.617142e+001
3.746108e+003,1.617183e+001
3.746590e+003,1.616336e+001
3.747072e+003,1.614861e+001
3.747554e+003,1.613104e+001
3.748036e+003,1.611419e+001
3.748518e+003,1.610153e+001
3.749000e+003,1.609592e+001
3.749483e+003,1.609923e+001
3.749965e+003,1.611161e+001
3.750447e+003,1.613123e+001
3.750929e+003,1.615450e+001
3.751411e+003,1.617725e+001
3.751893e+003,1.619586e+001
3.752375e+003,1.620811e+001
3.752858e+003,1.621327e+001
3.753340e+003,1.621169e+001
3.753822e+003,1.620444e+001
3.754304e+003,1.619296e+001
3.754786e+003,1.617877e+001
3.755268e+003,1.616338e+001
3.755750e+003,1.614817e+001
3.756232e+003,1.613438e+001
3.756715e+003,1.612302e+001
3.757197e+003,1.611484e+001
3.757679e+003,1.611027e+001
3.758161e+003,1.610933e+001
3.758643e+003,1.611151e+001
3.759125e+003,1.611575e+001
3.759607e+003,1.612046e+001
3.760089e+003,1.612384e+001
3.760572e+003,1.612427e+001
3.761054e+003,1.612072e+001
3.761536e+003,1.611300e+001
3.762018e+003,1.610178e+001
3.762500e+003,1.608839e+001
3.762982e+003,1.607458e+001
3.763464e+003,1.606210e+001
3.763947e+003,1.605231e+001
3.764428e+003,1.604576e+001
3.764911e+003,1.604195e+001
3.765393e+003,1.603950e+001
3.765875e+003,1.603672e+001
3.766357e+003,1.603221e+001
3.766839e+003,1.602552e+001
3.767321e+003,1.601724e+001
3.767803e+003,1.600883e+001
3.768286e+003,1.600217e+001
3.768768e+003,1.599890e+001
3.769250e+003,1.599984e+001
3.769732e+003,1.600469e+001
3.770214e+003,1.601204e+001
3.770696e+003,1.601999e+001
3.771178e+003,1.602677e+001
3.771660e+003,1.603123e+001
3.772143e+003,1.603294e+001
3.772625e+003,1.603201e+001
3.773107e+003,1.602871e+001
3.773589e+003,1.602333e+001
3.774071e+003,1.601596e+001
3.774553e+003,1.600654e+001
3.775035e+003,1.599501e+001
3.775517e+003,1.598148e+001
3.776000e+003,1.596643e+001
3.776482e+003,1.595079e+001
3.776964e+003,1.593596e+001
3.777446e+003,1.592362e+001
3.777928e+003,1.591530e+001
3.778410e+003,1.591190e+001
3.778892e+003,1.591323e+001
3.779375e+003,1.591783e+001
3.779856e+003,1.592330e+001
3.780339e+003,1.592719e+001
3.780821e+003,1.592766e+001
3.781303e+003,1.592410e+001
3.781785e+003,1.591702e+001
3.782267e+003,1.590784e+001
3.782749e+003,1.589834e+001
3.783231e+003,1.589024e+001
3.783714e+003,1.588471e+001
3.784196e+003,1.588209e+001
3.784678e+003,1.588185e+001
3.785160e+003,1.588280e+001
3.785642e+003,1.588355e+001
3.786124e+003,1.588295e+001
3.786606e+003,1.588041e+001
3.787088e+003,1.587594e+001
3.787571e+003,1.586998e+001
3.788053e+003,1.586323e+001
3.788535e+003,1.585634e+001
3.789017e+003,1.584980e+001
3.789499e+003,1.584379e+001
3.789981e+003,1.583820e+001
3.790463e+003,1.583261e+001
3.790945e+003,1.582641e+001
3.791427e+003,1.581894e+001
3.791910e+003,1.580968e+001
3.792392e+003,1.579844e+001
3.792874e+003,1.578549e+001
3.793356e+003,1.577160e+001
3.793838e+003,1.575796e+001
3.794320e+003,1.574589e+001
3.794802e+003,1.573651e+001
3.795284e+003,1.573021e+001
3.795767e+003,1.572631e+001
3.796249e+003,1.572309e+001
3.796731e+003,1.571827e+001
3.797213e+003,1.570981e+001
3.797695e+003,1.569667e+001
3.798177e+003,1.567922e+001
3.798659e+003,1.565931e+001
3.799142e+003,1.564001e+001
3.799624e+003,1.562519e+001
3.800106e+003,1.561863e+001
3.800588e+003,1.562263e+001
3.801070e+003,1.563653e+001
3.801552e+003,1.565632e+001
3.802034e+003,1.567592e+001
3.802516e+003,1.568996e+001
3.802999e+003,1.569563e+001
3.803481e+003,1.569316e+001
3.803963e+003,1.568491e+001
3.804445e+003,1.567441e+001
3.804927e+003,1.566540e+001
3.805409e+003,1.566113e+001
3.805891e+003,1.566354e+001
3.806373e+003,1.567254e+001
3.806855e+003,1.568576e+001
3.807338e+003,1.569937e+001
3.807820e+003,1.570955e+001
3.808302e+003,1.571387e+001
3.808784e+003,1.571169e+001
3.809266e+003,1.570378e+001
3.809748e+003,1.569152e+001
3.810230e+003,1.567623e+001
3.810712e+003,1.565877e+001
3.811195e+003,1.563956e+001
3.811677e+003,1.561872e+001
3.812159e+003,1.559651e+001
3.812641e+003,1.557364e+001
3.813123e+003,1.555158e+001
3.813605e+003,1.553251e+001
3.814087e+003,1.551903e+001
3.814570e+003,1.551330e+001
3.815052e+003,1.551586e+001
3.815534e+003,1.552468e+001
3.816016e+003,1.553530e+001
3.816498e+003,1.554228e+001
3.816980e+003,1.554137e+001
3.817462e+003,1.553095e+001
3.817944e+003,1.551221e+001
3.818427e+003,1.548859e+001
3.818909e+003,1.546505e+001
3.819391e+003,1.544714e+001
3.819873e+003,1.543985e+001
3.820355e+003,1.544583e+001
3.820837e+003,1.546372e+001
3.821319e+003,1.548797e+001
3.821801e+003,1.551112e+001
3.822283e+003,1.552708e+001
3.822766e+003,1.553313e+001
3.823248e+003,1.552993e+001
3.823730e+003,1.552020e+001
3.824212e+003,1.550739e+001
3.824694e+003,1.549477e+001
3.825176e+003,1.548477e+001
3.825658e+003,1.547858e+001
3.826140e+003,1.547604e+001
3.826623e+003,1.547581e+001
3.827105e+003,1.547593e+001
3.827587e+003,1.547467e+001
3.828069e+003,1.547102e+001
3.828551e+003,1.546498e+001
3.829033e+003,1.545733e+001
3.829515e+003,1.544920e+001
3.829998e+003,1.544163e+001
3.830479e+003,1.543512e+001
3.830962e+003,1.542946e+001
3.831444e+003,1.542375e+001
3.831926e+003,1.541671e+001
3.832408e+003,1.540720e+001
3.832890e+003,1.539461e+001
3.833372e+003,1.537911e+001
3.833854e+003,1.536161e+001
3.834337e+003,1.534364e+001
3.834819e+003,1.532699e+001
3.835301e+003,1.531355e+001
3.835783e+003,1.530499e+001
3.836265e+003,1.530246e+001
3.836747e+003,1.530628e+001
3.837229e+003,1.531562e+001
3.837711e+003,1.532855e+001
3.838194e+003,1.534230e+001
3.838676e+003,1.535410e+001
3.839158e+003,1.536183e+001
3.839640e+003,1.536460e+001
3.840122e+003,1.536283e+001
3.840604e+003,1.535784e+001
3.841086e+003,1.535152e+001
3.841568e+003,1.534572e+001
3.842051e+003,1.534196e+001
3.842533e+003,1.534102e+001
3.843015e+003,1.534286e+001
3.843497e+003,1.534660e+001
3.843979e+003,1.535077e+001
3.844461e+003,1.535370e+001
3.844943e+003,1.535391e+001
3.845426e+003,1.535042e+001
3.845907e+003,1.534278e+001
3.846390e+003,1.533102e+001
3.846872e+003,1.531550e+001
3.847354e+003,1.529668e+001
3.847836e+003,1.527496e+001
3.848318e+003,1.525067e+001
3.848800e+003,1.522406e+001
3.849282e+003,1.519547e+001
3.849765e+003,1.516556e+001
3.850247e+003,1.513568e+001
3.850729e+003,1.510815e+001
3.851211e+003,1.508663e+001
3.851693e+003,1.507590e+001
3.852175e+003,1.508065e+001
3.852657e+003,1.510301e+001
3.853139e+003,1.513981e+001
3.853622e+003,1.518253e+001
3.854104e+003,1.522109e+001
3.854586e+003,1.524867e+001
3.855068e+003,1.526353e+001
3.855550e+003,1.526757e+001
3.856032e+003,1.526403e+001
3.856514e+003,1.525596e+001
3.856996e+003,1.524555e+001
3.857479e+003,1.523403e+001
3.857961e+003,1.522189e+001
3.858443e+003,1.520920e+001
3.858925e+003,1.519581e+001
3.859407e+003,1.518166e+001
3.859889e+003,1.516684e+001
3.860371e+003,1.515173e+001
3.860854e+003,1.513701e+001
3.861336e+003,1.512366e+001
3.861818e+003,1.511287e+001
3.862300e+003,1.510595e+001
3.862782e+003,1.510392e+001
3.863264e+003,1.510713e+001
3.863746e+003,1.511476e+001
3.864228e+003,1.512468e+001
3.864710e+003,1.513388e+001
3.865193e+003,1.513931e+001
3.865675e+003,1.513885e+001
3.866157e+003,1.513191e+001
3.866639e+003,1.511954e+001
3.867121e+003,1.510415e+001
3.867603e+003,1.508896e+001
3.868085e+003,1.507739e+001
3.868567e+003,1.507206e+001
3.869050e+003,1.507380e+001
3.869532e+003,1.508099e+001
3.870014e+003,1.508992e+001
3.870496e+003,1.509645e+001
3.870978e+003,1.509778e+001
3.871460e+003,1.509344e+001
3.871942e+003,1.508513e+001
3.872424e+003,1.507567e+001
3.872906e+003,1.506787e+001
3.873389e+003,1.506357e+001
3.873871e+003,1.506306e+001
3.874353e+003,1.506497e+001
3.874835e+003,1.506689e+001
3.875317e+003,1.506637e+001
3.875799e+003,1.506174e+001
3.876281e+003,1.505262e+001
3.876764e+003,1.503984e+001
3.877246e+003,1.502512e+001
3.877728e+003,1.501073e+001
3.878210e+003,1.499900e+001
3.878692e+003,1.499189e+001
3.879174e+003,1.499035e+001
3.879656e+003,1.499381e+001
3.880138e+003,1.500004e+001
3.880621e+003,1.500579e+001
3.881103e+003,1.500786e+001
3.881585e+003,1.500430e+001
3.882067e+003,1.499498e+001
3.882549e+003,1.498147e+001
3.883031e+003,1.496654e+001
3.883513e+003,1.495356e+001
3.883995e+003,1.494577e+001
3.884478e+003,1.494534e+001
3.884960e+003,1.495250e+001
3.885442e+003,1.496508e+001
3.885924e+003,1.497911e+001
3.886406e+003,1.499024e+001
3.886888e+003,1.499532e+001
3.887370e+003,1.499318e+001
3.887853e+003,1.498457e+001
3.888334e+003,1.497149e+001
3.888817e+003,1.495666e+001
3.889299e+003,1.494296e+001
3.889781e+003,1.493297e+001
3.890263e+003,1.492851e+001
3.890745e+003,1.493010e+001
3.891227e+003,1.493669e+001
3.891709e+003,1.494586e+001
3.892192e+003,1.495458e+001
3.892674e+003,1.496009e+001
3.893156e+003,1.496060e+001
3.893638e+003,1.495540e+001
3.894120e+003,1.494474e+001
3.894602e+003,1.492945e+001
3.895084e+003,1.491074e+001
3.895566e+003,1.488997e+001
3.896049e+003,1.486865e+001
3.896531e+003,1.484829e+001
3.897013e+003,1.483035e+001
3.897495e+003,1.481608e+001
3.897977e+003,1.480628e+001
3.898459e+003,1.480107e+001
3.898941e+003,1.479979e+001
3.899423e+003,1.480107e+001
3.899906e+003,1.480319e+001
3.900388e+003,1.480471e+001
3.900870e+003,1.480488e+001
3.901352e+003,1.480394e+001
3.901834e+003,1.480299e+001
3.902316e+003,1.480357e+001
3.902798e+003,1.480703e+001
3.903281e+003,1.481393e+001
3.903762e+003,1.482373e+001
3.904245e+003,1.483485e+001
3.904727e+003,1.484526e+001
3.905209e+003,1.485307e+001
3.905691e+003,1.485720e+001
3.906173e+003,1.485740e+001
3.906655e+003,1.485421e+001
3.907137e+003,1.484861e+001
3.907620e+003,1.484166e+001
3.908102e+003,1.483426e+001
3.908584e+003,1.482708e+001
3.909066e+003,1.482042e+001
3.909548e+003,1.481428e+001
3.910030e+003,1.480841e+001
3.910512e+003,1.480241e+001
3.910994e+003,1.479577e+001
3.911477e+003,1.478803e+001
3.911959e+003,1.477889e+001
3.912441e+003,1.476829e+001
3.912923e+003,1.475649e+001
3.913405e+003,1.474410e+001
3.913887e+003,1.473197e+001
3.914369e+003,1.472110e+001
3.914851e+003,1.471244e+001
3.915333e+003,1.470669e+001
3.915816e+003,1.470412e+001
3.916298e+003,1.470453e+001
3.916780e+003,1.470724e+001
3.917262e+003,1.471134e+001
3.917744e+003,1.471584e+001
3.918226e+003,1.471991e+001
3.918708e+003,1.472292e+001
3.919190e+003,1.472447e+001
3.919673e+003,1.472429e+001
3.920155e+003,1.472227e+001
3.920637e+003,1.471843e+001
3.921119e+003,1.471300e+001
3.921601e+003,1.470635e+001
3.922083e+003,1.469909e+001
3.922565e+003,1.469191e+001
3.923048e+003,1.468545e+001
3.923530e+003,1.468012e+001
3.924012e+003,1.467609e+001
3.924494e+003,1.467310e+001
3.924976e+003,1.467069e+001
3.925458e+003,1.466825e+001
3.925940e+003,1.466525e+001
3.926422e+003,1.466136e+001
3.926905e+003,1.465649e+001
3.927387e+003,1.465078e+001
3.927869e+003,1.464451e+001
3.928351e+003,1.463809e+001
3.928833e+003,1.463200e+001
3.929315e+003,1.462677e+001
3.929797e+003,1.462291e+001
3.930279e+003,1.462085e+001
3.930761e+003,1.462077e+001
3.931244e+003,1.462256e+001
3.931726e+003,1.462573e+001
3.932208e+003,1.462951e+001
3.932690e+003,1.463297e+001
3.933172e+003,1.463525e+001
3.933654e+003,1.463578e+001
3.934136e+003,1.463430e+001
3.934618e+003,1.463092e+001
3.935101e+003,1.462599e+001
3.935583e+003,1.461997e+001
3.936065e+003,1.461324e+001
3.936547e+003,1.460608e+001
3.937029e+003,1.459855e+001
3.937511e+003,1.459060e+001
3.937993e+003,1.458214e+001
3.938476e+003,1.457318e+001
3.938958e+003,1.456398e+001
3.939440e+003,1.455517e+001
3.939922e+003,1.454761e+001
3.940404e+003,1.454229e+001
3.940886e+003,1.454008e+001
3.941368e+003,1.454135e+001
3.941850e+003,1.454576e+001
3.942333e+003,1.455218e+001
3.942815e+003,1.455881e+001
3.943297e+003,1.456369e+001
3.943779e+003,1.456520e+001
3.944261e+003,1.456242e+001
3.944743e+003,1.455539e+001
3.945225e+003,1.454491e+001
3.945707e+003,1.453237e+001
3.946189e+003,1.451941e+001
3.946672e+003,1.450761e+001
3.947154e+003,1.449817e+001
3.947636e+003,1.449177e+001
3.948118e+003,1.448840e+001
3.948600e+003,1.448746e+001
3.949082e+003,1.448793e+001
3.949564e+003,1.448862e+001
3.950046e+003,1.448846e+001
3.950529e+003,1.448673e+001
3.951011e+003,1.448316e+001
3.951493e+003,1.447788e+001
3.951975e+003,1.447143e+001
3.952457e+003,1.446448e+001
3.952939e+003,1.445777e+001
3.953421e+003,1.445189e+001
3.953904e+003,1.444721e+001
3.954385e+003,1.444378e+001
3.954868e+003,1.444141e+001
3.955350e+003,1.443971e+001
3.955832e+003,1.443817e+001
3.956314e+003,1.443631e+001
3.956796e+003,1.443373e+001
3.957278e+003,1.443019e+001
3.957760e+003,1.442566e+001
3.958243e+003,1.442030e+001
3.958725e+003,1.441445e+001
3.959207e+003,1.440856e+001
3.959689e+003,1.440308e+001
3.960171e+003,1.439838e+001
3.960653e+003,1.439466e+001
3.961135e+003,1.439186e+001
3.961617e+003,1.438969e+001
3.962100e+003,1.438771e+001
3.962582e+003,1.438548e+001
3.963064e+003,1.438267e+001
3.963546e+003,1.437916e+001
3.964028e+003,1.437510e+001
3.964510e+003,1.437080e+001
3.964992e+003,1.436666e+001
3.965474e+003,1.436305e+001
3.965957e+003,1.436025e+001
3.966439e+003,1.435838e+001
3.966921e+003,1.435738e+001
3.967403e+003,1.435711e+001
3.967885e+003,1.435725e+001
3.968367e+003,1.435749e+001
3.968849e+003,1.435739e+001
3.969332e+003,1.435655e+001
3.969813e+003,1.435460e+001
3.970296e+003,1.435132e+001
3.970778e+003,1.434670e+001
3.971260e+003,1.434094e+001
3.971742e+003,1.433447e+001
3.972224e+003,1.432782e+001
3.972706e+003,1.432150e+001
3.973188e+003,1.431588e+001
3.973671e+003,1.431110e+001
3.974153e+003,1.430707e+001
3.974635e+003,1.430351e+001
3.975117e+003,1.430008e+001
3.975599e+003,1.429646e+001
3.976081e+003,1.429246e+001
3.976563e+003,1.428801e+001
3.977045e+003,1.428313e+001
3.977528e+003,1.427795e+001
3.978010e+003,1.427261e+001
3.978492e+003,1.426728e+001
3.978974e+003,1.426211e+001
3.979456e+003,1.425720e+001
3.979938e+003,1.425267e+001
3.980420e+003,1.424857e+001
3.980902e+003,1.424494e+001
3.981385e+003,1.424179e+001
3.981867e+003,1.423919e+001
3.982349e+003,1.423723e+001
3.982831e+003,1.423605e+001
3.983313e+003,1.423578e+001
3.983795e+003,1.423650e+001
3.984277e+003,1.423813e+001
3.984760e+003,1.424045e+001
3.985242e+003,1.424304e+001
3.985724e+003,1.424540e+001
3.986206e+003,1.424706e+001
3.986688e+003,1.424770e+001
3.987170e+003,1.424715e+001
3.987652e+003,1.424548e+001
3.988134e+003,1.424288e+001
3.988616e+003,1.423959e+001
3.989099e+003,1.423577e+001
3.989581e+003,1.423154e+001
3.990063e+003,1.422692e+001
3.990545e+003,1.422189e+001
3.991027e+003,1.421653e+001
3.991509e+003,1.421101e+001
3.991991e+003,1.420560e+001
3.992473e+003,1.420061e+001
3.992956e+003,1.419636e+001
3.993438e+003,1.419302e+001
3.993920e+003,1.419062e+001
3.994402e+003,1.418900e+001
3.994884e+003,1.418787e+001
3.995366e+003,1.418687e+001
3.995848e+003,1.418563e+001
3.996330e+003,1.418387e+001
3.996813e+003,1.418139e+001
3.997295e+003,1.417820e+001
3.997777e+003,1.417433e+001
3.998259e+003,1.416997e+001
3.998741e+003,1.416529e+001
3.999223e+003,1.416047e+001
3.999705e+003,1.415561e+001
4.000188e+003,1.415074e+001
