3.996813e+002,0.000000e+000
4.001635e+002,4.203082e+001
4.006456e+002,4.209452e+001
4.011277e+002,4.215305e+001
4.016098e+002,4.219042e+001
4.020919e+002,4.219235e+001
4.025741e+002,4.215258e+001
4.030562e+002,4.207607e+001
4.035383e+002,4.197770e+001
4.040204e+002,4.187727e+001
4.045026e+002,4.179308e+001
4.049847e+002,4.173680e+001
4.054668e+002,4.171182e+001
4.059489e+002,4.171440e+001
4.064311e+002,4.173759e+001
4.069132e+002,4.177459e+001
4.073953e+002,4.182062e+001
4.078774e+002,4.187237e+001
4.083596e+002,4.192617e+001
4.088417e+002,4.197627e+001
4.093238e+002,4.201532e+001
4.098059e+002,4.203608e+001
4.102881e+002,4.203412e+001
4.107702e+002,4.200954e+001
4.112523e+002,4.196674e+001
4.117344e+002,4.191241e+001
4.122166e+002,4.185308e+001
4.126987e+002,4.179322e+001
4.131808e+002,4.173511e+001
4.136629e+002,4.167982e+001
4.141451e+002,4.162860e+001
4.146272e+002,4.158333e+001
4.151093e+002,4.154612e+001
4.155914e+002,4.151801e+001
4.160736e+002,4.149813e+001
4.165557e+002,4.148339e+001
4.170378e+002,4.147010e+001
4.175200e+002,4.145695e+001
4.180021e+002,4.144791e+001
4.184842e+002,4.145311e+001
4.189663e+002,4.148445e+001
4.194484e+002,4.154784e+001
4.199306e+002,4.163765e+001
4.204127e+002,4.173808e+001
4.208948e+002,4.183014e+001
4.213770e+002,4.189827e+001
4.218591e+002,4.193430e+001
4.223412e+002,4.193750e+001
4.228233e+002,4.191316e+001
4.233055e+002,4.186935e+001
4.237876e+002,4.181416e+001
4.242697e+002,4.175357e+001
4.247518e+002,4.169116e+001
4.252339e+002,4.162901e+001
4.257161e+002,4.156958e+001
4.261982e+002,4.151683e+001
4.266803e+002,4.147602e+001
4.271624e+002,4.145235e+001
4.276446e+002,4.144940e+001
4.281267e+002,4.146764e+001
4.286088e+002,4.150470e+001
4.290909e+002,4.155611e+001
4.295731e+002,4.161682e+001
4.300552e+002,4.168240e+001
4.305373e+002,4.174936e+001
4.310194e+002,4.181447e+001
4.315016e+002,4.187419e+001
4.319837e+002,4.192426e+001
4.324658e+002,4.196056e+001
4.329479e+002,4.198040e+001
4.334301e+002,4.198392e+001
4.339122e+002,4.197437e+001
4.343943e+002,4.195708e+001
4.348764e+002,4.193733e+001
4.353586e+002,4.191821e+001
4.358407e+002,4.189930e+001
4.363228e+002,4.187719e+001
4.368049e+002,4.184742e+001
4.372870e+002,4.180698e+001
4.377692e+002,4.175610e+001
4.382513e+002,4.169833e+001
4.387334e+002,4.163930e+001
4.392155e+002,4.158489e+001
4.396977e+002,4.153984e+001
4.401798e+002,4.150718e+001
4.406619e+002,4.148820e+001
4.411440e+002,4.148315e+001
4.416262e+002,4.149135e+001
4.421083e+002,4.151111e+001
4.425904e+002,4.153928e+001
4.430725e+002,4.157119e+001
4.435547e+002,4.160137e+001
4.440368e+002,4.162499e+001
4.445189e+002,4.163972e+001
4.450010e+002,4.164675e+001
4.454832e+002,4.165047e+001
4.459653e+002,4.165702e+001
4.464474e+002,4.167167e+001
4.469295e+002,4.169688e+001
4.474117e+002,4.173133e+001
4.478938e+002,4.177061e+001
4.483759e+002,4.180924e+001
4.488580e+002,4.184287e+001
4.493401e+002,4.186970e+001
4.498223e+002,4.189034e+001
4.503044e+002,4.190661e+001
4.507865e+002,4.191979e+001
4.512687e+002,4.192955e+001
4.517508e+002,4.193398e+001
4.522329e+002,4.193074e+001
4.527150e+002,4.191870e+001
4.531971e+002,4.189910e+001
4.536793e+002,4.187544e+001
4.541614e+002,4.185229e+001
4.546435e+002,4.183380e+001
4.551257e+002,4.182264e+001
4.556078e+002,4.181989e+001
4.560899e+002,4.182579e+001
4.565720e+002,4.184047e+001
4.570542e+002,4.186448e+001
4.575363e+002,4.189826e+001
4.580184e+002,4.194078e+001
4.585005e+002,4.198845e+001
4.589827e+002,4.203510e+001
4.594648e+002,4.207333e+001
4.599469e+002,4.209650e+001
4.604290e+002,4.210054e+001
4.609112e+002,4.208461e+001
4.613933e+002,4.205096e+001
4.618754e+002,4.200402e+001
4.623575e+002,4.194950e+001
4.628397e+002,4.189339e+001
4.633218e+002,4.184168e+001
4.638039e+002,4.180009e+001
4.642860e+002,4.177391e+001
4.647682e+002,4.176741e+001
4.652503e+002,4.178281e+001
4.657324e+002,4.181912e+001
4.662145e+002,4.187146e+001
4.666967e+002,4.193131e+001
4.671788e+002,4.198830e+001
4.676609e+002,4.203290e+001
4.681430e+002,4.205915e+001
4.686252e+002,4.206620e+001
4.691073e+002,4.205808e+001
4.695894e+002,4.204170e+001
4.700715e+002,4.202456e+001
4.705536e+002,4.201250e+001
4.710358e+002,4.200872e+001
4.715179e+002,4.201368e+001
4.720000e+002,4.202566e+001
4.724821e+002,4.204169e+001
4.729643e+002,4.205803e+001
4.734464e+002,4.207048e+001
4.739285e+002,4.207472e+001
4.744106e+002,4.206688e+001
4.748928e+002,4.204459e+001
4.753749e+002,4.200824e+001
4.758570e+002,4.196165e+001
4.763391e+002,4.191183e+001
4.768213e+002,4.186782e+001
4.773034e+002,4.183828e+001
4.777855e+002,4.182928e+001
4.782676e+002,4.184261e+001
4.787498e+002,4.187549e+001
4.792319e+002,4.192186e+001
4.797140e+002,4.197405e+001
4.801961e+002,4.202474e+001
4.806783e+002,4.206786e+001
4.811604e+002,4.209884e+001
4.816425e+002,4.211419e+001
4.821246e+002,4.211126e+001
4.826068e+002,4.208870e+001
4.830889e+002,4.204716e+001
4.835710e+002,4.199013e+001
4.840531e+002,4.192389e+001
4.845352e+002,4.185650e+001
4.850174e+002,4.179571e+001
4.854995e+002,4.174705e+001
4.859816e+002,4.171260e+001
4.864637e+002,4.169103e+001
4.869459e+002,4.167866e+001
4.874280e+002,4.167105e+001
4.879101e+002,4.166430e+001
4.883922e+002,4.165552e+001
4.888744e+002,4.164288e+001
4.893565e+002,4.162517e+001
4.898386e+002,4.160165e+001
4.903207e+002,4.157222e+001
4.908029e+002,4.153797e+001
4.912850e+002,4.150152e+001
4.917671e+002,4.146685e+001
4.922492e+002,4.143831e+001
4.927314e+002,4.141912e+001
4.932135e+002,4.141017e+001
4.936956e+002,4.140944e+001
4.941777e+002,4.141285e+001
4.946599e+002,4.141560e+001
4.951420e+002,4.141387e+001
4.956241e+002,4.140602e+001
4.961062e+002,4.139267e+001
4.965884e+002,4.137601e+001
4.970705e+002,4.135866e+001
4.975526e+002,4.134253e+001
4.980347e+002,4.132845e+001
4.985169e+002,4.131636e+001
4.989990e+002,4.130598e+001
4.994811e+002,4.129721e+001
4.999633e+002,4.129035e+001
5.004454e+002,4.128556e+001
5.009275e+002,4.128242e+001
5.014096e+002,4.127946e+001
5.018917e+002,4.127443e+001
5.023739e+002,4.126482e+001
5.028560e+002,4.124908e+001
5.033381e+002,4.122699e+001
5.038203e+002,4.119962e+001
5.043024e+002,4.116877e+001
5.047845e+002,4.113618e+001
5.052666e+002,4.110323e+001
5.057487e+002,4.107087e+001
5.062309e+002,4.104013e+001
5.067130e+002,4.101245e+001
5.071951e+002,4.098964e+001
5.076772e+002,4.097330e+001
5.081594e+002,4.096410e+001
5.086415e+002,4.096106e+001
5.091236e+002,4.096157e+001
5.096057e+002,4.096209e+001
5.100879e+002,4.095920e+001
5.105700e+002,4.095076e+001
5.110521e+002,4.093646e+001
5.115342e+002,4.091774e+001
5.120164e+002,4.089696e+001
5.124985e+002,4.087654e+001
5.129806e+002,4.085815e+001
5.134627e+002,4.084266e+001
5.139448e+002,4.083039e+001
5.144270e+002,4.082163e+001
5.149091e+002,4.081682e+001
5.153912e+002,4.081645e+001
5.158734e+002,4.082034e+001
5.163555e+002,4.082711e+001
5.168376e+002,4.083393e+001
5.173197e+002,4.083716e+001
5.178019e+002,4.083352e+001
5.182840e+002,4.082139e+001
5.187661e+002,4.080152e+001
5.192482e+002,4.077673e+001
5.197303e+002,4.075083e+001
5.202125e+002,4.072715e+001
5.206946e+002,4.070744e+001
5.211767e+002,4.069160e+001
5.216588e+002,4.067813e+001
5.221410e+002,4.066502e+001
5.226231e+002,4.065062e+001
5.231052e+002,4.063418e+001
5.235873e+002,4.061579e+001
5.240695e+002,4.059614e+001
5.245516e+002,4.057601e+001
5.250337e+002,4.055610e+001
5.255159e+002,4.053690e+001
5.259980e+002,4.051884e+001
5.264801e+002,4.050233e+001
5.269622e+002,4.048769e+001
5.274443e+002,4.047489e+001
5.279265e+002,4.046347e+001
5.284086e+002,4.045250e+001
5.288907e+002,4.044093e+001
5.293728e+002,4.042811e+001
5.298550e+002,4.041405e+001
5.303371e+002,4.039965e+001
5.308192e+002,4.038626e+001
5.313013e+002,4.037522e+001
5.317834e+002,4.036727e+001
5.322656e+002,4.036228e+001
5.327477e+002,4.035931e+001
5.332299e+002,4.035723e+001
5.337120e+002,4.035518e+001
5.341941e+002,4.035295e+001
5.346762e+002,4.035104e+001
5.351583e+002,4.035021e+001
5.356404e+002,4.035105e+001
5.361226e+002,4.035370e+001
5.366047e+002,4.035793e+001
5.370868e+002,4.036339e+001
5.375690e+002,4.037000e+001
5.380511e+002,4.037804e+001
5.385332e+002,4.038800e+001
5.390153e+002,4.039996e+001
5.394974e+002,4.041324e+001
5.399796e+002,4.042616e+001
5.404617e+002,4.043629e+001
5.409438e+002,4.044113e+001
5.414260e+002,4.043874e+001
5.419081e+002,4.042824e+001
5.423902e+002,4.040985e+001
5.428723e+002,4.038464e+001
5.433544e+002,4.035398e+001
5.438365e+002,4.031934e+001
5.443187e+002,4.028225e+001
5.448008e+002,4.024456e+001
5.452830e+002,4.020864e+001
5.457651e+002,4.017726e+001
5.462472e+002,4.015310e+001
5.467293e+002,4.013801e+001
5.472114e+002,4.013231e+001
5.476936e+002,4.013456e+001
5.481757e+002,4.014193e+001
5.486578e+002,4.015095e+001
5.491400e+002,4.015858e+001
5.496221e+002,4.016299e+001
5.501042e+002,4.016380e+001
5.505863e+002,4.016183e+001
5.510684e+002,4.015850e+001
5.515505e+002,4.015517e+001
5.520327e+002,4.015273e+001
5.525148e+002,4.015145e+001
5.529969e+002,4.015113e+001
5.534791e+002,4.015122e+001
5.539612e+002,4.015108e+001
5.544433e+002,4.014991e+001
5.549254e+002,4.014694e+001
5.554076e+002,4.014164e+001
5.558896e+002,4.013396e+001
5.563718e+002,4.012465e+001
5.568539e+002,4.011524e+001
5.573361e+002,4.010773e+001
5.578182e+002,4.010385e+001
5.583003e+002,4.010447e+001
5.587825e+002,4.010905e+001
5.592645e+002,4.011576e+001
5.597467e+002,4.012217e+001
5.602288e+002,4.012599e+001
5.607109e+002,4.012603e+001
5.611931e+002,4.012242e+001
5.616752e+002,4.011635e+001
5.621573e+002,4.010923e+001
5.626394e+002,4.010193e+001
5.631216e+002,4.009426e+001
5.636037e+002,4.008521e+001
5.640858e+002,4.007352e+001
5.645679e+002,4.005857e+001
5.650500e+002,4.004090e+001
5.655322e+002,4.002220e+001
5.660143e+002,4.000467e+001
5.664965e+002,3.999025e+001
5.669785e+002,3.997974e+001
5.674607e+002,3.997256e+001
5.679428e+002,3.996699e+001
5.684249e+002,3.996085e+001
5.689070e+002,3.995219e+001
5.693892e+002,3.993992e+001
5.698713e+002,3.992390e+001
5.703534e+002,3.990479e+001
5.708356e+002,3.988371e+001
5.713177e+002,3.986207e+001
5.717998e+002,3.984135e+001
5.722819e+002,3.982310e+001
5.727640e+002,3.980871e+001
5.732462e+002,3.979924e+001
5.737283e+002,3.979503e+001
5.742104e+002,3.979544e+001
5.746925e+002,3.979886e+001
5.751747e+002,3.980298e+001
5.756568e+002,3.980538e+001
5.761389e+002,3.980417e+001
5.766210e+002,3.979837e+001
5.771031e+002,3.978799e+001
5.775853e+002,3.977376e+001
5.780674e+002,3.975673e+001
5.785496e+002,3.973807e+001
5.790317e+002,3.971897e+001
5.795138e+002,3.970069e+001
5.799959e+002,3.968459e+001
5.804780e+002,3.967188e+001
5.809601e+002,3.966316e+001
5.814423e+002,3.965792e+001
5.819244e+002,3.965433e+001
5.824066e+002,3.964955e+001
5.828887e+002,3.964048e+001
5.833708e+002,3.962488e+001
5.838529e+002,3.960212e+001
5.843350e+002,3.957354e+001
5.848171e+002,3.954202e+001
5.852993e+002,3.951098e+001
5.857814e+002,3.948340e+001
5.862635e+002,3.946090e+001
5.867457e+002,3.944367e+001
5.872278e+002,3.943086e+001
5.877099e+002,3.942128e+001
5.881920e+002,3.941403e+001
5.886741e+002,3.940878e+001
5.891563e+002,3.940551e+001
5.896384e+002,3.940418e+001
5.901205e+002,3.940435e+001
5.906027e+002,3.940505e+001
5.910848e+002,3.940517e+001
5.915669e+002,3.940384e+001
5.920490e+002,3.940088e+001
5.925311e+002,3.939679e+001
5.930133e+002,3.939255e+001
5.934954e+002,3.938905e+001
5.939775e+002,3.938676e+001
5.944597e+002,3.938570e+001
5.949418e+002,3.938562e+001
5.954239e+002,3.938642e+001
5.959060e+002,3.938834e+001
5.963882e+002,3.939191e+001
5.968702e+002,3.939766e+001
5.973524e+002,3.940551e+001
5.978345e+002,3.941467e+001
5.983167e+002,3.942355e+001
5.987988e+002,3.943025e+001
5.992809e+002,3.943311e+001
5.997630e+002,3.943127e+001
6.002451e+002,3.942483e+001
6.007273e+002,3.941469e+001
6.012094e+002,3.940219e+001
6.016915e+002,3.938857e+001
6.021736e+002,3.937484e+001
6.026558e+002,3.936175e+001
6.031379e+002,3.934996e+001
6.036200e+002,3.934011e+001
6.041022e+002,3.933286e+001
6.045842e+002,3.932857e+001
6.050664e+002,3.932718e+001
6.055485e+002,3.932806e+001
6.060306e+002,3.933021e+001
6.065128e+002,3.933269e+001
6.069949e+002,3.933500e+001
6.074770e+002,3.933722e+001
6.079591e+002,3.933997e+001
6.084413e+002,3.934392e+001
6.089234e+002,3.934937e+001
6.094055e+002,3.935587e+001
6.098876e+002,3.936232e+001
6.103698e+002,3.936737e+001
6.108519e+002,3.936987e+001
6.113340e+002,3.936929e+001
6.118162e+002,3.936572e+001
6.122983e+002,3.935964e+001
6.127804e+002,3.935142e+001
6.132625e+002,3.934101e+001
6.137446e+002,3.932793e+001
6.142267e+002,3.931158e+001
6.147089e+002,3.929176e+001
6.151910e+002,3.926903e+001
6.156731e+002,3.924499e+001
6.161553e+002,3.922184e+001
6.166374e+002,3.920200e+001
6.171195e+002,3.918741e+001
6.176016e+002,3.917912e+001
6.180837e+002,3.917719e+001
6.185659e+002,3.918084e+001
6.190480e+002,3.918882e+001
6.195302e+002,3.919956e+001
6.200123e+002,3.921142e+001
6.204944e+002,3.922266e+001
6.209765e+002,3.923150e+001
6.214586e+002,3.923644e+001
6.219407e+002,3.923642e+001
6.224229e+002,3.923117e+001
6.229050e+002,3.922137e+001
6.233871e+002,3.920858e+001
6.238693e+002,3.919469e+001
6.243514e+002,3.918161e+001
6.248335e+002,3.917069e+001
6.253156e+002,3.916253e+001
6.257977e+002,3.915704e+001
6.262798e+002,3.915359e+001
6.267620e+002,3.915131e+001
6.272441e+002,3.914922e+001
6.277263e+002,3.914636e+001
6.282084e+002,3.914184e+001
6.286905e+002,3.913486e+001
6.291726e+002,3.912500e+001
6.296547e+002,3.911239e+001
6.301368e+002,3.909786e+001
6.306190e+002,3.908286e+001
6.311011e+002,3.906907e+001
6.315833e+002,3.905796e+001
6.320654e+002,3.905024e+001
6.325475e+002,3.904569e+001
6.330296e+002,3.904325e+001
6.335117e+002,3.904140e+001
6.339939e+002,3.903875e+001
6.344760e+002,3.903438e+001
6.349581e+002,3.902798e+001
6.354402e+002,3.901967e+001
6.359224e+002,3.900969e+001
6.364045e+002,3.899815e+001
6.368866e+002,3.898502e+001
6.373687e+002,3.897027e+001
6.378508e+002,3.895414e+001
6.383330e+002,3.893727e+001
6.388151e+002,3.892063e+001
6.392972e+002,3.890524e+001
6.397794e+002,3.889179e+001
6.402615e+002,3.888041e+001
6.407436e+002,3.887064e+001
6.412257e+002,3.886173e+001
6.417079e+002,3.885297e+001
6.421899e+002,3.884393e+001
6.426721e+002,3.883459e+001
6.431542e+002,3.882510e+001
6.436364e+002,3.881557e+001
6.441185e+002,3.880581e+001
6.446006e+002,3.879538e+001
6.450827e+002,3.878383e+001
6.455648e+002,3.877094e+001
6.460470e+002,3.875708e+001
6.465291e+002,3.874313e+001
6.470112e+002,3.873042e+001
6.474933e+002,3.872028e+001
6.479755e+002,3.871381e+001
6.484576e+002,3.871171e+001
6.489397e+002,3.871421e+001
6.494219e+002,3.872116e+001
6.499040e+002,3.873203e+001
6.503861e+002,3.874588e+001
6.508682e+002,3.876129e+001
6.513503e+002,3.877636e+001
6.518325e+002,3.878897e+001
6.523146e+002,3.879720e+001
6.527968e+002,3.879992e+001
6.532788e+002,3.879727e+001
6.537610e+002,3.879065e+001
6.542431e+002,3.878248e+001
6.547252e+002,3.877544e+001
6.552073e+002,3.877178e+001
6.556895e+002,3.877272e+001
6.561716e+002,3.877841e+001
6.566537e+002,3.878815e+001
6.571359e+002,3.880098e+001
6.576179e+002,3.881603e+001
6.581001e+002,3.883285e+001
6.585822e+002,3.885125e+001
6.590643e+002,3.887117e+001
6.595464e+002,3.889249e+001
6.600286e+002,3.891504e+001
6.605107e+002,3.893873e+001
6.609928e+002,3.896372e+001
6.614750e+002,3.899016e+001
6.619571e+002,3.901792e+001
6.624392e+002,3.904592e+001
6.629213e+002,3.907170e+001
6.634034e+002,3.909119e+001
6.638856e+002,3.909913e+001
6.643677e+002,3.908964e+001
6.648499e+002,3.905682e+001
6.653320e+002,3.899562e+001
6.658141e+002,3.890284e+001
6.662962e+002,3.877919e+001
6.667783e+002,3.863250e+001
6.672605e+002,3.848091e+001
6.677426e+002,3.835243e+001
6.682247e+002,3.827643e+001
6.687068e+002,3.826932e+001
6.691890e+002,3.832597e+001
6.696711e+002,3.842521e+001
6.701532e+002,3.854221e+001
6.706353e+002,3.865771e+001
6.711174e+002,3.876023e+001
6.715996e+002,3.884478e+001
6.720817e+002,3.891066e+001
6.725638e+002,3.895984e+001
6.730460e+002,3.899587e+001
6.735281e+002,3.902303e+001
6.740102e+002,3.904530e+001
6.744923e+002,3.906580e+001
6.749745e+002,3.908617e+001
6.754565e+002,3.910671e+001
6.759387e+002,3.912684e+001
6.764208e+002,3.914563e+001
6.769030e+002,3.916245e+001
6.773851e+002,3.917705e+001
6.778672e+002,3.918940e+001
6.783493e+002,3.919946e+001
6.788314e+002,3.920684e+001
6.793136e+002,3.921094e+001
6.797957e+002,3.921116e+001
6.802778e+002,3.920741e+001
6.807599e+002,3.920042e+001
6.812421e+002,3.919174e+001
6.817242e+002,3.918353e+001
6.822063e+002,3.917810e+001
6.826885e+002,3.917734e+001
6.831705e+002,3.918251e+001
6.836527e+002,3.919402e+001
6.841348e+002,3.921153e+001
6.846169e+002,3.923413e+001
6.850991e+002,3.926047e+001
6.855812e+002,3.928902e+001
6.860634e+002,3.931829e+001
6.865454e+002,3.934715e+001
6.870276e+002,3.937510e+001
6.875096e+002,3.940255e+001
6.879918e+002,3.943077e+001
6.884739e+002,3.946145e+001
6.889561e+002,3.949613e+001
6.894382e+002,3.953546e+001
6.899203e+002,3.957885e+001
6.904025e+002,3.962438e+001
6.908845e+002,3.966947e+001
6.913667e+002,3.971159e+001
6.918488e+002,3.974910e+001
6.923309e+002,3.978157e+001
6.928130e+002,3.980975e+001
6.932952e+002,3.983491e+001
6.937773e+002,3.985824e+001
6.942594e+002,3.988021e+001
6.947416e+002,3.990057e+001
6.952236e+002,3.991858e+001
6.957058e+002,3.993364e+001
6.961879e+002,3.994572e+001
6.966700e+002,3.995556e+001
6.971522e+002,3.996439e+001
6.976343e+002,3.997352e+001
6.981165e+002,3.998378e+001
6.985985e+002,3.999535e+001
6.990807e+002,4.000778e+001
6.995628e+002,4.002030e+001
7.000449e+002,4.003223e+001
7.005270e+002,4.004319e+001
7.010092e+002,4.005318e+001
7.014913e+002,4.006244e+001
7.019734e+002,4.007125e+001
7.024556e+002,4.007988e+001
7.029377e+002,4.008858e+001
7.034198e+002,4.009772e+001
7.039019e+002,4.010781e+001
7.043840e+002,4.011948e+001
7.048662e+002,4.013325e+001
7.053483e+002,4.014923e+001
7.058304e+002,4.016706e+001
7.063125e+002,4.018584e+001
7.067947e+002,4.020441e+001
7.072768e+002,4.022157e+001
7.077589e+002,4.023641e+001
7.082410e+002,4.024846e+001
7.087231e+002,4.025753e+001
7.092053e+002,4.026376e+001
7.096874e+002,4.026739e+001
7.101696e+002,4.026884e+001
7.106517e+002,4.026870e+001
7.111338e+002,4.026779e+001
7.116159e+002,4.026704e+001
7.120980e+002,4.026735e+001
7.125802e+002,4.026921e+001
7.130623e+002,4.027259e+001
7.135444e+002,4.027686e+001
7.140265e+002,4.028100e+001
7.145087e+002,4.028392e+001
7.149908e+002,4.028476e+001
7.154729e+002,4.028298e+001
7.159550e+002,4.027829e+001
7.164371e+002,4.027039e+001
7.169193e+002,4.025890e+001
7.174014e+002,4.024333e+001
7.178835e+002,4.022356e+001
7.183657e+002,4.020024e+001
7.188478e+002,4.017516e+001
7.193299e+002,4.015121e+001
7.198120e+002,4.013187e+001
7.202942e+002,4.012032e+001
7.207762e+002,4.011845e+001
7.212584e+002,4.012634e+001
7.217405e+002,4.014227e+001
7.222227e+002,4.016338e+001
7.227048e+002,4.018656e+001
7.231869e+002,4.020932e+001
7.236691e+002,4.023027e+001
7.241511e+002,4.024904e+001
7.246333e+002,4.026603e+001
7.251154e+002,4.028176e+001
7.255975e+002,4.029657e+001
7.260797e+002,4.031050e+001
7.265618e+002,4.032330e+001
7.270439e+002,4.033468e+001
7.275260e+002,4.034446e+001
7.280082e+002,4.035252e+001
7.284902e+002,4.035874e+001
7.289724e+002,4.036295e+001
7.294545e+002,4.036493e+001
7.299366e+002,4.036452e+001
7.304188e+002,4.036187e+001
7.309009e+002,4.035744e+001
7.313831e+002,4.035204e+001
7.318651e+002,4.034647e+001
7.323473e+002,4.034130e+001
7.328293e+002,4.033665e+001
7.333115e+002,4.033220e+001
7.337936e+002,4.032742e+001
7.342758e+002,4.032185e+001
7.347579e+002,4.031542e+001
7.352400e+002,4.030850e+001
7.357222e+002,4.030181e+001
7.362042e+002,4.029612e+001
7.366864e+002,4.029205e+001
7.371685e+002,4.028994e+001
7.376506e+002,4.028983e+001
7.381328e+002,4.029170e+001
7.386149e+002,4.029543e+001
7.390970e+002,4.030088e+001
7.395791e+002,4.030779e+001
7.400613e+002,4.031570e+001
7.405434e+002,4.032391e+001
7.410255e+002,4.033170e+001
7.415076e+002,4.033846e+001
7.419897e+002,4.034394e+001
7.424719e+002,4.034835e+001
7.429540e+002,4.035209e+001
7.434362e+002,4.035555e+001
7.439182e+002,4.035877e+001
7.444004e+002,4.036133e+001
7.448825e+002,4.036254e+001
7.453646e+002,4.036175e+001
7.458467e+002,4.035875e+001
7.463289e+002,4.035393e+001
7.468110e+002,4.034831e+001
7.472931e+002,4.034306e+001
7.477753e+002,4.033915e+001
7.482574e+002,4.033700e+001
7.487395e+002,4.033642e+001
7.492216e+002,4.033677e+001
7.497037e+002,4.033736e+001
7.501859e+002,4.033776e+001
7.506680e+002,4.033789e+001
7.511501e+002,4.033798e+001
7.516322e+002,4.033825e+001
7.521144e+002,4.033881e+001
7.525965e+002,4.033949e+001
7.530786e+002,4.033997e+001
7.535608e+002,4.034001e+001
7.540428e+002,4.033950e+001
7.545250e+002,4.033859e+001
7.550071e+002,4.033736e+001
7.554893e+002,4.033580e+001
7.559714e+002,4.033364e+001
7.564535e+002,4.033046e+001
7.569356e+002,4.032589e+001
7.574177e+002,4.032001e+001
7.578999e+002,4.031339e+001
7.583820e+002,4.030704e+001
7.588641e+002,4.030208e+001
7.593463e+002,4.029937e+001
7.598284e+002,4.029919e+001
7.603105e+002,4.030115e+001
7.607926e+002,4.030440e+001
7.612748e+002,4.030797e+001
7.617568e+002,4.031100e+001
7.622390e+002,4.031301e+001
7.627211e+002,4.031370e+001
7.632032e+002,4.031294e+001
7.636854e+002,4.031055e+001
7.641675e+002,4.030631e+001
7.646496e+002,4.030016e+001
7.651317e+002,4.029237e+001
7.656139e+002,4.028362e+001
7.660959e+002,4.027497e+001
7.665781e+002,4.026757e+001
7.670602e+002,4.026231e+001
7.675424e+002,4.025960e+001
7.680245e+002,4.025926e+001
7.685066e+002,4.026067e+001
7.689888e+002,4.026305e+001
7.694708e+002,4.026569e+001
7.699530e+002,4.026804e+001
7.704351e+002,4.026971e+001
7.709172e+002,4.027031e+001
7.713994e+002,4.026938e+001
7.718815e+002,4.026656e+001
7.723636e+002,4.026165e+001
7.728457e+002,4.025491e+001
7.733279e+002,4.024709e+001
7.738099e+002,4.023935e+001
7.742921e+002,4.023291e+001
7.747742e+002,4.022871e+001
7.752563e+002,4.022710e+001
7.757385e+002,4.022783e+001
7.762206e+002,4.023022e+001
7.767028e+002,4.023348e+001
7.771848e+002,4.023695e+001
7.776670e+002,4.024018e+001
7.781491e+002,4.024289e+001
7.786312e+002,4.024473e+001
7.791133e+002,4.024518e+001
7.795955e+002,4.024360e+001
7.800776e+002,4.023942e+001
7.805597e+002,4.023240e+001
7.810419e+002,4.022292e+001
7.815239e+002,4.021193e+001
7.820061e+002,4.020076e+001
7.824882e+002,4.019084e+001
7.829703e+002,4.018334e+001
7.834525e+002,4.017900e+001
7.839346e+002,4.017810e+001
7.844167e+002,4.018054e+001
7.848988e+002,4.018592e+001
7.853810e+002,4.019357e+001
7.858631e+002,4.020246e+001
7.863452e+002,4.021120e+001
7.868273e+002,4.021812e+001
7.873094e+002,4.022155e+001
7.877916e+002,4.022016e+001
7.882737e+002,4.021340e+001
7.887559e+002,4.020161e+001
7.892380e+002,4.018597e+001
7.897201e+002,4.016818e+001
7.902022e+002,4.014996e+001
7.906843e+002,4.013264e+001
7.911665e+002,4.011708e+001
7.916486e+002,4.010365e+001
7.921307e+002,4.009243e+001
7.926128e+002,4.008349e+001
7.930950e+002,4.007684e+001
7.935771e+002,4.007244e+001
7.940592e+002,4.007005e+001
7.945413e+002,4.006908e+001
7.950234e+002,4.006871e+001
7.955056e+002,4.006813e+001
7.959877e+002,4.006680e+001
7.964698e+002,4.006462e+001
7.969520e+002,4.006200e+001
7.974341e+002,4.005960e+001
7.979162e+002,4.005806e+001
7.983983e+002,4.005765e+001
7.988805e+002,4.005823e+001
7.993625e+002,4.005925e+001
7.998447e+002,4.005996e+001
8.003268e+002,4.005963e+001
8.008090e+002,4.005766e+001
8.012911e+002,4.005358e+001
8.017732e+002,4.004705e+001
8.022553e+002,4.003790e+001
8.027374e+002,4.002617e+001
8.032196e+002,4.001229e+001
8.037017e+002,3.999718e+001
8.041838e+002,3.998219e+001
8.046660e+002,3.996881e+001
8.051481e+002,3.995834e+001
8.056302e+002,3.995147e+001
8.061123e+002,3.994815e+001
8.065945e+002,3.994768e+001
8.070765e+002,3.994903e+001
8.075587e+002,3.995118e+001
8.080408e+002,3.995340e+001
8.085229e+002,3.995531e+001
8.090051e+002,3.995667e+001
8.094872e+002,3.995711e+001
8.099694e+002,3.995598e+001
8.104514e+002,3.995244e+001
8.109336e+002,3.994568e+001
8.114156e+002,3.993533e+001
8.118978e+002,3.992168e+001
8.123799e+002,3.990572e+001
8.128621e+002,3.988881e+001
8.133442e+002,3.987238e+001
8.138263e+002,3.985749e+001
8.143085e+002,3.984469e+001
8.147905e+002,3.983404e+001
8.152727e+002,3.982529e+001
8.157548e+002,3.981820e+001
8.162369e+002,3.981248e+001
8.167191e+002,3.980793e+001
8.172012e+002,3.980416e+001
8.176833e+002,3.980061e+001
8.181654e+002,3.979654e+001
8.186476e+002,3.979121e+001
8.191296e+002,3.978419e+001
8.196118e+002,3.977551e+001
8.200939e+002,3.976565e+001
8.205760e+002,3.975542e+001
8.210582e+002,3.974568e+001
8.215403e+002,3.973699e+001
8.220225e+002,3.972960e+001
8.225045e+002,3.972336e+001
8.229867e+002,3.971792e+001
8.234688e+002,3.971288e+001
8.239509e+002,3.970780e+001
8.244330e+002,3.970227e+001
8.249152e+002,3.969583e+001
8.253973e+002,3.968801e+001
8.258794e+002,3.967844e+001
8.263616e+002,3.966703e+001
8.268437e+002,3.965414e+001
8.273258e+002,3.964053e+001
8.278079e+002,3.962727e+001
8.282900e+002,3.961530e+001
8.287722e+002,3.960520e+001
8.292543e+002,3.959695e+001
8.297365e+002,3.959005e+001
8.302185e+002,3.958375e+001
8.307007e+002,3.957744e+001
8.311828e+002,3.957091e+001
8.316649e+002,3.956443e+001
8.321470e+002,3.955852e+001
8.326292e+002,3.955370e+001
8.331113e+002,3.955015e+001
8.335934e+002,3.954763e+001
8.340756e+002,3.954548e+001
8.345577e+002,3.954289e+001
8.350398e+002,3.953913e+001
8.355219e+002,3.953366e+001
8.360040e+002,3.952624e+001
8.364862e+002,3.951682e+001
8.369683e+002,3.950556e+001
8.374504e+002,3.949271e+001
8.379325e+002,3.947872e+001
8.384147e+002,3.946418e+001
8.388968e+002,3.944984e+001
8.393789e+002,3.943630e+001
8.398610e+002,3.942390e+001
8.403431e+002,3.941252e+001
8.408253e+002,3.940159e+001
8.413074e+002,3.939037e+001
8.417896e+002,3.937820e+001
8.422717e+002,3.936494e+001
8.427538e+002,3.935099e+001
8.432359e+002,3.933727e+001
8.437180e+002,3.932480e+001
8.442002e+002,3.931429e+001
8.446823e+002,3.930590e+001
8.451644e+002,3.929915e+001
8.456465e+002,3.929316e+001
8.461287e+002,3.928705e+001
8.466108e+002,3.928018e+001
8.470929e+002,3.927238e+001
8.475751e+002,3.926383e+001
8.480571e+002,3.925486e+001
8.485393e+002,3.924572e+001
8.490214e+002,3.923648e+001
8.495035e+002,3.922703e+001
8.499857e+002,3.921724e+001
8.504678e+002,3.920706e+001
8.509499e+002,3.919654e+001
8.514320e+002,3.918576e+001
8.519142e+002,3.917477e+001
8.523962e+002,3.916348e+001
8.528784e+002,3.915170e+001
8.533605e+002,3.913937e+001
8.538427e+002,3.912665e+001
8.543248e+002,3.911399e+001
8.548069e+002,3.910200e+001
8.552891e+002,3.909118e+001
8.557711e+002,3.908170e+001
8.562533e+002,3.907324e+001
8.567354e+002,3.906507e+001
8.572175e+002,3.905634e+001
8.576996e+002,3.904650e+001
8.581818e+002,3.903542e+001
8.586639e+002,3.902352e+001
8.591460e+002,3.901156e+001
8.596282e+002,3.900029e+001
8.601102e+002,3.899012e+001
8.605924e+002,3.898102e+001
8.610745e+002,3.897263e+001
8.615566e+002,3.896435e+001
8.620388e+002,3.895571e+001
8.625209e+002,3.894642e+001
8.630031e+002,3.893639e+001
8.634851e+002,3.892566e+001
8.639673e+002,3.891423e+001
8.644494e+002,3.890208e+001
8.649315e+002,3.888921e+001
8.654136e+002,3.887574e+001
8.658958e+002,3.886198e+001
8.663779e+002,3.884838e+001
8.668600e+002,3.883538e+001
8.673422e+002,3.882328e+001
8.678242e+002,3.881212e+001
8.683064e+002,3.880174e+001
8.687885e+002,3.879198e+001
8.692706e+002,3.878282e+001
8.697527e+002,3.877448e+001
8.702349e+002,3.876740e+001
8.707170e+002,3.876199e+001
8.711991e+002,3.875839e+001
8.716813e+002,3.875637e+001
8.721634e+002,3.875531e+001
8.726455e+002,3.875443e+001
8.731276e+002,3.875304e+001
8.736097e+002,3.875074e+001
8.740919e+002,3.874747e+001
8.745740e+002,3.874335e+001
8.750562e+002,3.873848e+001
8.755382e+002,3.873272e+001
8.760204e+002,3.872572e+001
8.765025e+002,3.871702e+001
8.769846e+002,3.870628e+001
8.774668e+002,3.869350e+001
8.779489e+002,3.867907e+001
8.784310e+002,3.866364e+001
8.789131e+002,3.864798e+001
8.793953e+002,3.863274e+001
8.798774e+002,3.861836e+001
8.803595e+002,3.860513e+001
8.808416e+002,3.859317e+001
8.813237e+002,3.858260e+001
8.818059e+002,3.857350e+001
8.822880e+002,3.856582e+001
8.827701e+002,3.855935e+001
8.832523e+002,3.855364e+001
8.837344e+002,3.854817e+001
8.842165e+002,3.854248e+001
8.846986e+002,3.853635e+001
8.851808e+002,3.852994e+001
8.856628e+002,3.852360e+001
8.861450e+002,3.851772e+001
8.866271e+002,3.851246e+001
8.871093e+002,3.850759e+001
8.875914e+002,3.850255e+001
8.880735e+002,3.849663e+001
8.885556e+002,3.848918e+001
8.890377e+002,3.847986e+001
8.895199e+002,3.846872e+001
8.900020e+002,3.845600e+001
8.904841e+002,3.844207e+001
8.909662e+002,3.842725e+001
8.914484e+002,3.841183e+001
8.919305e+002,3.839611e+001
8.924126e+002,3.838057e+001
8.928948e+002,3.836583e+001
8.933768e+002,3.835264e+001
8.938590e+002,3.834158e+001
8.943411e+002,3.833288e+001
8.948232e+002,3.832621e+001
8.953054e+002,3.832082e+001
8.957875e+002,3.831573e+001
8.962697e+002,3.831001e+001
8.967517e+002,3.830311e+001
8.972339e+002,3.829484e+001
8.977159e+002,3.828539e+001
8.981981e+002,3.827512e+001
8.986802e+002,3.826439e+001
8.991624e+002,3.825348e+001
8.996445e+002,3.824268e+001
9.001266e+002,3.823223e+001
9.006088e+002,3.822250e+001
9.010908e+002,3.821375e+001
9.015730e+002,3.820611e+001
9.020551e+002,3.819936e+001
9.025372e+002,3.819295e+001
9.030193e+002,3.818612e+001
9.035015e+002,3.817817e+001
9.039836e+002,3.816880e+001
9.044657e+002,3.815817e+001
9.049479e+002,3.814688e+001
9.054299e+002,3.813567e+001
9.059121e+002,3.812511e+001
9.063942e+002,3.811530e+001
9.068763e+002,3.810590e+001
9.073585e+002,3.809627e+001
9.078406e+002,3.808579e+001
9.083228e+002,3.807420e+001
9.088048e+002,3.806165e+001
9.092870e+002,3.804875e+001
9.097691e+002,3.803620e+001
9.102512e+002,3.802457e+001
9.107333e+002,3.801413e+001
9.112155e+002,3.800481e+001
9.116976e+002,3.799625e+001
9.121797e+002,3.798804e+001
9.126619e+002,3.797974e+001
9.131440e+002,3.797100e+001
9.136261e+002,3.796151e+001
9.141082e+002,3.795103e+001
9.145903e+002,3.793938e+001
9.150724e+002,3.792661e+001
9.155546e+002,3.791303e+001
9.160367e+002,3.789918e+001
9.165189e+002,3.788578e+001
9.170010e+002,3.787348e+001
9.174831e+002,3.786263e+001
9.179652e+002,3.785319e+001
9.184473e+002,3.784475e+001
9.189294e+002,3.783668e+001
9.194116e+002,3.782841e+001
9.198937e+002,3.781963e+001
9.203759e+002,3.781024e+001
9.208580e+002,3.780040e+001
9.213401e+002,3.779033e+001
9.218222e+002,3.778007e+001
9.223043e+002,3.776959e+001
9.227864e+002,3.775876e+001
9.232686e+002,3.774748e+001
9.237507e+002,3.773580e+001
9.242328e+002,3.772385e+001
9.247150e+002,3.771175e+001
9.251971e+002,3.769955e+001
9.256792e+002,3.768709e+001
9.261613e+002,3.767413e+001
9.266434e+002,3.766046e+001
9.271255e+002,3.764605e+001
9.276077e+002,3.763118e+001
9.280898e+002,3.761635e+001
9.285720e+002,3.760211e+001
9.290541e+002,3.758889e+001
9.295362e+002,3.757683e+001
9.300183e+002,3.756581e+001
9.305004e+002,3.755554e+001
9.309826e+002,3.754574e+001
9.314647e+002,3.753623e+001
9.319468e+002,3.752688e+001
9.324290e+002,3.751758e+001
9.329111e+002,3.750802e+001
9.333932e+002,3.749777e+001
9.338753e+002,3.748635e+001
9.343574e+002,3.747345e+001
9.348396e+002,3.745914e+001
9.353217e+002,3.744395e+001
9.358038e+002,3.742875e+001
9.362859e+002,3.741443e+001
9.367681e+002,3.740160e+001
9.372502e+002,3.739031e+001
9.377323e+002,3.738012e+001
9.382144e+002,3.737027e+001
9.386966e+002,3.736002e+001
9.391787e+002,3.734897e+001
9.396608e+002,3.733715e+001
9.401429e+002,3.732498e+001
9.406251e+002,3.731305e+001
9.411072e+002,3.730182e+001
9.415893e+002,3.729156e+001
9.420714e+002,3.728222e+001
9.425536e+002,3.727359e+001
9.430357e+002,3.726543e+001
9.435178e+002,3.725748e+001
9.439999e+002,3.724950e+001
9.444821e+002,3.724123e+001
9.449642e+002,3.723235e+001
9.454463e+002,3.722257e+001
9.459284e+002,3.721174e+001
9.464106e+002,3.719994e+001
9.468927e+002,3.718749e+001
9.473748e+002,3.717491e+001
9.478569e+002,3.716261e+001
9.483391e+002,3.715078e+001
9.488212e+002,3.713925e+001
9.493033e+002,3.712755e+001
9.497855e+002,3.711520e+001
9.502676e+002,3.710197e+001
9.507497e+002,3.708805e+001
9.512318e+002,3.707405e+001
9.517139e+002,3.706080e+001
9.521960e+002,3.704900e+001
9.526782e+002,3.703898e+001
9.531603e+002,3.703054e+001
9.536425e+002,3.702309e+001
9.541246e+002,3.701579e+001
9.546067e+002,3.700790e+001
9.550888e+002,3.699892e+001
9.555709e+002,3.698867e+001
9.560530e+002,3.697720e+001
9.565352e+002,3.696468e+001
9.570173e+002,3.695137e+001
9.574995e+002,3.693758e+001
9.579816e+002,3.692370e+001
9.584637e+002,3.691022e+001
9.589458e+002,3.689764e+001
9.594279e+002,3.688636e+001
9.599100e+002,3.687654e+001
9.603922e+002,3.686798e+001
9.608743e+002,3.686018e+001
9.613564e+002,3.685251e+001
9.618386e+002,3.684436e+001
9.623207e+002,3.683538e+001
9.628028e+002,3.682545e+001
9.632849e+002,3.681472e+001
9.637670e+002,3.680341e+001
9.642491e+002,3.679181e+001
9.647313e+002,3.678017e+001
9.652134e+002,3.676878e+001
9.656956e+002,3.675799e+001
9.661777e+002,3.674821e+001
9.666598e+002,3.673982e+001
9.671419e+002,3.673294e+001
9.676240e+002,3.672741e+001
9.681061e+002,3.672270e+001
9.685883e+002,3.671804e+001
9.690704e+002,3.671271e+001
9.695526e+002,3.670626e+001
9.700347e+002,3.669867e+001
9.705168e+002,3.669032e+001
9.709989e+002,3.668179e+001
9.714810e+002,3.667358e+001
9.719631e+002,3.666597e+001
9.724453e+002,3.665892e+001
9.729274e+002,3.665226e+001
9.734095e+002,3.664584e+001
9.738917e+002,3.663970e+001
9.743738e+002,3.663410e+001
9.748559e+002,3.662938e+001
9.753380e+002,3.662575e+001
9.758201e+002,3.662313e+001
9.763023e+002,3.662114e+001
9.767844e+002,3.661921e+001
9.772665e+002,3.661674e+001
9.777487e+002,3.661338e+001
9.782308e+002,3.660897e+001
9.787129e+002,3.660357e+001
9.791950e+002,3.659729e+001
9.796771e+002,3.659016e+001
9.801593e+002,3.658216e+001
9.806414e+002,3.657327e+001
9.811235e+002,3.656361e+001
9.816057e+002,3.655357e+001
9.820878e+002,3.654371e+001
9.825699e+002,3.653469e+001
9.830520e+002,3.652701e+001
9.835342e+002,3.652085e+001
9.840163e+002,3.651607e+001
9.844984e+002,3.651224e+001
9.849805e+002,3.650888e+001
9.854626e+002,3.650562e+001
9.859448e+002,3.650222e+001
9.864269e+002,3.649855e+001
9.869090e+002,3.649445e+001
9.873912e+002,3.648970e+001
9.878733e+002,3.648399e+001
9.883554e+002,3.647702e+001
9.888375e+002,3.646872e+001
9.893196e+002,3.645928e+001
9.898018e+002,3.644918e+001
9.902839e+002,3.643901e+001
9.907660e+002,3.642928e+001
9.912482e+002,3.642027e+001
9.917303e+002,3.641204e+001
9.922124e+002,3.640448e+001
9.926945e+002,3.639756e+001
9.931766e+002,3.639138e+001
9.936588e+002,3.638625e+001
9.941409e+002,3.638251e+001
9.946230e+002,3.638033e+001
9.951052e+002,3.637955e+001
9.955873e+002,3.637963e+001
9.960694e+002,3.637980e+001
9.965515e+002,3.637925e+001
9.970336e+002,3.637739e+001
9.975157e+002,3.637400e+001
9.979979e+002,3.636922e+001
9.984800e+002,3.636346e+001
9.989622e+002,3.635728e+001
9.994443e+002,3.635125e+001
9.999264e+002,3.634594e+001
1.000409e+003,3.634191e+001
1.000891e+003,3.633962e+001
1.001373e+003,3.633938e+001
1.001855e+003,3.634117e+001
1.002337e+003,3.634460e+001
1.002819e+003,3.634880e+001
1.003301e+003,3.635268e+001
1.003783e+003,3.635506e+001
1.004266e+003,3.635513e+001
1.004748e+003,3.635250e+001
1.005230e+003,3.634733e+001
1.005712e+003,3.634018e+001
1.006194e+003,3.633171e+001
1.006676e+003,3.632253e+001
1.007158e+003,3.631301e+001
1.007640e+003,3.630338e+001
1.008122e+003,3.629379e+001
1.008605e+003,3.628448e+001
1.009087e+003,3.627582e+001
1.009569e+003,3.626818e+001
1.010051e+003,3.626187e+001
1.010533e+003,3.625703e+001
1.011015e+003,3.625355e+001
1.011497e+003,3.625116e+001
1.011979e+003,3.624960e+001
1.012462e+003,3.624871e+001
1.012944e+003,3.624841e+001
1.013426e+003,3.624864e+001
1.013908e+003,3.624924e+001
1.014390e+003,3.624987e+001
1.014872e+003,3.625008e+001
1.015354e+003,3.624939e+001
1.015836e+003,3.624752e+001
1.016319e+003,3.624452e+001
1.016801e+003,3.624076e+001
1.017283e+003,3.623680e+001
1.017765e+003,3.623315e+001
1.018247e+003,3.623014e+001
1.018729e+003,3.622785e+001
1.019211e+003,3.622614e+001
1.019693e+003,3.622486e+001
1.020176e+003,3.622392e+001
1.020658e+003,3.622342e+001
1.021140e+003,3.622346e+001
1.021622e+003,3.622405e+001
1.022104e+003,3.622502e+001
1.022586e+003,3.622593e+001
1.023068e+003,3.622623e+001
1.023550e+003,3.622544e+001
1.024033e+003,3.622327e+001
1.024515e+003,3.621971e+001
1.024997e+003,3.621498e+001
1.025479e+003,3.620942e+001
1.025961e+003,3.620335e+001
1.026443e+003,3.619700e+001
1.026925e+003,3.619059e+001
1.027407e+003,3.618432e+001
1.027890e+003,3.617846e+001
1.028372e+003,3.617327e+001
1.028854e+003,3.616890e+001
1.029336e+003,3.616528e+001
1.029818e+003,3.616210e+001
1.030300e+003,3.615891e+001
1.030782e+003,3.615528e+001
1.031264e+003,3.615105e+001
1.031747e+003,3.614647e+001
1.032229e+003,3.614207e+001
1.032711e+003,3.613856e+001
1.033193e+003,3.613648e+001
1.033675e+003,3.613601e+001
1.034157e+003,3.613693e+001
1.034639e+003,3.613862e+001
1.035121e+003,3.614037e+001
1.035604e+003,3.614147e+001
1.036086e+003,3.614148e+001
1.036568e+003,3.614015e+001
1.037050e+003,3.613742e+001
1.037532e+003,3.613332e+001
1.038014e+003,3.612798e+001
1.038496e+003,3.612167e+001
1.038979e+003,3.611475e+001
1.039461e+003,3.610776e+001
1.039943e+003,3.610123e+001
1.040425e+003,3.609554e+001
1.040907e+003,3.609074e+001
1.041389e+003,3.608650e+001
1.041871e+003,3.608226e+001
1.042353e+003,3.607738e+001
1.042835e+003,3.607153e+001
1.043318e+003,3.606469e+001
1.043800e+003,3.605733e+001
1.044282e+003,3.605012e+001
1.044764e+003,3.604376e+001
1.045246e+003,3.603873e+001
1.045728e+003,3.603523e+001
1.046210e+003,3.603318e+001
1.046692e+003,3.603238e+001
1.047175e+003,3.603253e+001
1.047657e+003,3.603333e+001
1.048139e+003,3.603437e+001
1.048621e+003,3.603511e+001
1.049103e+003,3.603487e+001
1.049585e+003,3.603299e+001
1.050067e+003,3.602906e+001
1.050549e+003,3.602309e+001
1.051031e+003,3.601565e+001
1.051514e+003,3.600767e+001
1.051996e+003,3.600019e+001
1.052478e+003,3.599403e+001
1.052960e+003,3.598949e+001
1.053442e+003,3.598643e+001
1.053924e+003,3.598431e+001
1.054406e+003,3.598258e+001
1.054889e+003,3.598085e+001
1.055371e+003,3.597903e+001
1.055853e+003,3.597725e+001
1.056335e+003,3.597565e+001
1.056817e+003,3.597421e+001
1.057299e+003,3.597269e+001
1.057781e+003,3.597067e+001
1.058263e+003,3.596777e+001
1.058746e+003,3.596373e+001
1.059228e+003,3.595855e+001
1.059710e+003,3.595232e+001
1.060192e+003,3.594519e+001
1.060674e+003,3.593717e+001
1.061156e+003,3.592821e+001
1.061638e+003,3.591828e+001
1.062120e+003,3.590756e+001
1.062603e+003,3.589647e+001
1.063085e+003,3.588570e+001
1.063567e+003,3.587591e+001
1.064049e+003,3.586757e+001
1.064531e+003,3.586074e+001
1.065013e+003,3.585508e+001
1.065495e+003,3.584993e+001
1.065977e+003,3.584467e+001
1.066460e+003,3.583885e+001
1.066942e+003,3.583236e+001
1.067424e+003,3.582534e+001
1.067906e+003,3.581803e+001
1.068388e+003,3.581065e+001
1.068870e+003,3.580333e+001
1.069352e+003,3.579609e+001
1.069834e+003,3.578903e+001
1.070317e+003,3.578234e+001
1.070799e+003,3.577627e+001
1.071281e+003,3.577100e+001
1.071763e+003,3.576646e+001
1.072245e+003,3.576230e+001
1.072727e+003,3.575787e+001
1.073209e+003,3.575248e+001
1.073691e+003,3.574561e+001
1.074174e+003,3.573716e+001
1.074656e+003,3.572742e+001
1.075138e+003,3.571695e+001
1.075620e+003,3.570632e+001
1.076102e+003,3.569597e+001
1.076584e+003,3.568605e+001
1.077066e+003,3.567654e+001
1.077548e+003,3.566738e+001
1.078031e+003,3.565859e+001
1.078513e+003,3.565034e+001
1.078995e+003,3.564278e+001
1.079477e+003,3.563589e+001
1.079959e+003,3.562936e+001
1.080441e+003,3.562263e+001
1.080923e+003,3.561499e+001
1.081406e+003,3.560587e+001
1.081888e+003,3.559505e+001
1.082370e+003,3.558274e+001
1.082852e+003,3.556946e+001
1.083334e+003,3.555586e+001
1.083816e+003,3.554255e+001
1.084298e+003,3.552987e+001
1.084780e+003,3.551800e+001
1.085262e+003,3.550696e+001
1.085745e+003,3.549673e+001
1.086227e+003,3.548730e+001
1.086709e+003,3.547859e+001
1.087191e+003,3.547047e+001
1.087673e+003,3.546267e+001
1.088155e+003,3.545485e+001
1.088637e+003,3.544671e+001
1.089119e+003,3.543816e+001
1.089602e+003,3.542926e+001
1.090084e+003,3.542031e+001
1.090566e+003,3.541158e+001
1.091048e+003,3.540318e+001
1.091530e+003,3.539495e+001
1.092012e+003,3.538649e+001
1.092494e+003,3.537732e+001
1.092976e+003,3.536710e+001
1.093458e+003,3.535572e+001
1.093941e+003,3.534335e+001
1.094423e+003,3.533029e+001
1.094905e+003,3.531684e+001
1.095387e+003,3.530319e+001
1.095869e+003,3.528942e+001
1.096351e+003,3.527562e+001
1.096833e+003,3.526200e+001
1.097316e+003,3.524893e+001
1.097798e+003,3.523687e+001
1.098280e+003,3.522615e+001
1.098762e+003,3.521683e+001
1.099244e+003,3.520848e+001
1.099726e+003,3.520037e+001
1.100208e+003,3.519169e+001
1.100690e+003,3.518180e+001
1.101173e+003,3.517050e+001
1.101655e+003,3.515800e+001
1.102137e+003,3.514483e+001
1.102619e+003,3.513157e+001
1.103101e+003,3.511858e+001
1.103583e+003,3.510600e+001
1.104065e+003,3.509379e+001
1.104547e+003,3.508189e+001
1.105030e+003,3.507037e+001
1.105512e+003,3.505944e+001
1.105994e+003,3.504935e+001
1.106476e+003,3.504018e+001
1.106958e+003,3.503170e+001
1.107440e+003,3.502336e+001
1.107922e+003,3.501443e+001
1.108404e+003,3.500428e+001
1.108886e+003,3.499252e+001
1.109369e+003,3.497921e+001
1.109851e+003,3.496471e+001
1.110333e+003,3.494955e+001
1.110815e+003,3.493422e+001
1.111297e+003,3.491908e+001
1.111779e+003,3.490430e+001
1.112261e+003,3.488991e+001
1.112744e+003,3.487598e+001
1.113226e+003,3.486251e+001
1.113708e+003,3.484953e+001
1.114190e+003,3.483694e+001
1.114672e+003,3.482453e+001
1.115154e+003,3.481202e+001
1.115636e+003,3.479918e+001
1.116118e+003,3.478592e+001
1.116601e+003,3.477236e+001
1.117083e+003,3.475879e+001
1.117565e+003,3.474551e+001
1.118047e+003,3.473262e+001
1.118529e+003,3.472009e+001
1.119011e+003,3.470763e+001
1.119493e+003,3.469501e+001
1.119975e+003,3.468213e+001
1.120458e+003,3.466919e+001
1.120940e+003,3.465664e+001
1.121422e+003,3.464496e+001
1.121904e+003,3.463451e+001
1.122386e+003,3.462528e+001
1.122868e+003,3.461687e+001
1.123350e+003,3.460873e+001
1.123832e+003,3.460020e+001
1.124314e+003,3.459080e+001
1.124797e+003,3.458025e+001
1.125279e+003,3.456842e+001
1.125761e+003,3.455518e+001
1.126243e+003,3.454039e+001
1.126725e+003,3.452386e+001
1.127207e+003,3.450546e+001
1.127689e+003,3.448536e+001
1.128172e+003,3.446406e+001
1.128654e+003,3.444237e+001
1.129136e+003,3.442121e+001
1.129618e+003,3.440139e+001
1.130100e+003,3.438336e+001
1.130582e+003,3.436720e+001
1.131064e+003,3.435264e+001
1.131546e+003,3.433928e+001
1.132029e+003,3.432676e+001
1.132511e+003,3.431481e+001
1.132993e+003,3.430324e+001
1.133475e+003,3.429185e+001
1.133957e+003,3.428031e+001
1.134439e+003,3.426823e+001
1.134921e+003,3.425519e+001
1.135403e+003,3.424098e+001
1.135885e+003,3.422565e+001
1.136368e+003,3.420953e+001
1.136850e+003,3.419313e+001
1.137332e+003,3.417691e+001
1.137814e+003,3.416117e+001
1.138296e+003,3.414596e+001
1.138778e+003,3.413124e+001
1.139260e+003,3.411686e+001
1.139742e+003,3.410284e+001
1.140225e+003,3.408926e+001
1.140707e+003,3.407623e+001
1.141189e+003,3.406376e+001
1.141671e+003,3.405155e+001
1.142153e+003,3.403914e+001
1.142635e+003,3.402592e+001
1.143117e+003,3.401142e+001
1.143599e+003,3.399542e+001
1.144082e+003,3.397805e+001
1.144564e+003,3.395977e+001
1.145046e+003,3.394112e+001
1.145528e+003,3.392262e+001
1.146010e+003,3.390458e+001
1.146492e+003,3.388715e+001
1.146974e+003,3.387037e+001
1.147457e+003,3.385420e+001
1.147939e+003,3.383866e+001
1.148421e+003,3.382371e+001
1.148903e+003,3.380927e+001
1.149385e+003,3.379516e+001
1.149867e+003,3.378112e+001
1.150349e+003,3.376690e+001
1.150831e+003,3.375234e+001
1.151313e+003,3.373741e+001
1.151796e+003,3.372219e+001
1.152278e+003,3.370676e+001
1.152760e+003,3.369114e+001
1.153242e+003,3.367514e+001
1.153724e+003,3.365858e+001
1.154206e+003,3.364128e+001
1.154688e+003,3.362331e+001
1.155170e+003,3.360498e+001
1.155653e+003,3.358683e+001
1.156135e+003,3.356940e+001
1.156617e+003,3.355306e+001
1.157099e+003,3.353788e+001
1.157581e+003,3.352359e+001
1.158063e+003,3.350977e+001
1.158545e+003,3.349594e+001
1.159027e+003,3.348193e+001
1.159510e+003,3.346769e+001
1.159992e+003,3.345336e+001
1.160474e+003,3.343905e+001
1.160956e+003,3.342469e+001
1.161438e+003,3.341004e+001
1.161920e+003,3.339479e+001
1.162402e+003,3.337864e+001
1.162885e+003,3.336149e+001
1.163367e+003,3.334348e+001
1.163849e+003,3.332487e+001
1.164331e+003,3.330595e+001
1.164813e+003,3.328691e+001
1.165295e+003,3.326777e+001
1.165777e+003,3.324849e+001
1.166259e+003,3.322906e+001
1.166741e+003,3.320964e+001
1.167224e+003,3.319052e+001
1.167706e+003,3.317196e+001
1.168188e+003,3.315420e+001
1.168670e+003,3.313715e+001
1.169152e+003,3.312053e+001
1.169634e+003,3.310390e+001
1.170116e+003,3.308689e+001
1.170598e+003,3.306931e+001
1.171081e+003,3.305128e+001
1.171563e+003,3.303310e+001
1.172045e+003,3.301516e+001
1.172527e+003,3.299775e+001
1.173009e+003,3.298094e+001
1.173491e+003,3.296463e+001
1.173973e+003,3.294860e+001
1.174455e+003,3.293262e+001
1.174938e+003,3.291656e+001
1.175420e+003,3.290030e+001
1.175902e+003,3.288375e+001
1.176384e+003,3.286680e+001
1.176866e+003,3.284927e+001
1.177348e+003,3.283108e+001
1.177830e+003,3.281221e+001
1.178313e+003,3.279282e+001
1.178795e+003,3.277318e+001
1.179277e+003,3.275360e+001
1.179759e+003,3.273426e+001
1.180241e+003,3.271520e+001
1.180723e+003,3.269627e+001
1.181205e+003,3.267727e+001
1.181687e+003,3.265814e+001
1.182169e+003,3.263894e+001
1.182652e+003,3.261995e+001
1.183134e+003,3.260150e+001
1.183616e+003,3.258379e+001
1.184098e+003,3.256685e+001
1.184580e+003,3.255046e+001
1.185062e+003,3.253432e+001
1.185544e+003,3.251812e+001
1.186026e+003,3.250177e+001
1.186509e+003,3.248536e+001
1.186991e+003,3.246909e+001
1.187473e+003,3.245314e+001
1.187955e+003,3.243752e+001
1.188437e+003,3.242203e+001
1.188919e+003,3.240635e+001
1.189401e+003,3.239018e+001
1.189883e+003,3.237338e+001
1.190366e+003,3.235603e+001
1.190848e+003,3.233838e+001
1.191330e+003,3.232072e+001
1.191812e+003,3.230325e+001
1.192294e+003,3.228595e+001
1.192776e+003,3.226867e+001
1.193258e+003,3.225117e+001
1.193740e+003,3.223322e+001
1.194223e+003,3.221474e+001
1.194705e+003,3.219579e+001
1.195187e+003,3.217649e+001
1.195669e+003,3.215707e+001
1.196151e+003,3.213780e+001
1.196633e+003,3.211898e+001
1.197115e+003,3.210096e+001
1.197597e+003,3.208411e+001
1.198080e+003,3.206872e+001
1.198562e+003,3.205485e+001
1.199044e+003,3.204226e+001
1.199526e+003,3.203036e+001
1.200008e+003,3.201839e+001
1.200490e+003,3.200560e+001
1.200972e+003,3.199151e+001
1.201454e+003,3.197608e+001
1.201937e+003,3.195972e+001
1.202419e+003,3.194316e+001
1.202901e+003,3.192716e+001
1.203383e+003,3.191227e+001
1.203865e+003,3.189867e+001
1.204347e+003,3.188614e+001
1.204829e+003,3.187421e+001
1.205312e+003,3.186224e+001
1.205794e+003,3.184964e+001
1.206276e+003,3.183594e+001
1.206758e+003,3.182082e+001
1.207240e+003,3.180406e+001
1.207722e+003,3.178566e+001
1.208204e+003,3.176580e+001
1.208686e+003,3.174497e+001
1.209168e+003,3.172388e+001
1.209651e+003,3.170346e+001
1.210133e+003,3.168456e+001
1.210615e+003,3.166781e+001
1.211097e+003,3.165346e+001
1.211579e+003,3.164124e+001
1.212061e+003,3.163056e+001
1.212543e+003,3.162063e+001
1.213025e+003,3.161069e+001
1.213508e+003,3.160017e+001
1.213990e+003,3.158872e+001
1.214472e+003,3.157623e+001
1.214954e+003,3.156263e+001
1.215436e+003,3.154796e+001
1.215918e+003,3.153227e+001
1.216400e+003,3.151564e+001
1.216882e+003,3.149825e+001
1.217365e+003,3.148033e+001
1.217847e+003,3.146215e+001
1.218329e+003,3.144390e+001
1.218811e+003,3.142568e+001
1.219293e+003,3.140747e+001
1.219775e+003,3.138919e+001
1.220257e+003,3.137081e+001
1.220740e+003,3.135236e+001
1.221222e+003,3.133397e+001
1.221704e+003,3.131578e+001
1.222186e+003,3.129784e+001
1.222668e+003,3.128010e+001
1.223150e+003,3.126240e+001
1.223632e+003,3.124452e+001
1.224114e+003,3.122637e+001
1.224596e+003,3.120802e+001
1.225079e+003,3.118972e+001
1.225561e+003,3.117182e+001
1.226043e+003,3.115464e+001
1.226525e+003,3.113834e+001
1.227007e+003,3.112290e+001
1.227489e+003,3.110814e+001
1.227971e+003,3.109382e+001
1.228453e+003,3.107974e+001
1.228936e+003,3.106579e+001
1.229418e+003,3.105192e+001
1.229900e+003,3.103803e+001
1.230382e+003,3.102400e+001
1.230864e+003,3.100964e+001
1.231346e+003,3.099475e+001
1.231828e+003,3.097922e+001
1.232310e+003,3.096313e+001
1.232792e+003,3.094664e+001
1.233275e+003,3.093006e+001
1.233757e+003,3.091361e+001
1.234239e+003,3.089738e+001
1.234721e+003,3.088134e+001
1.235203e+003,3.086534e+001
1.235685e+003,3.084928e+001
1.236167e+003,3.083313e+001
1.236650e+003,3.081702e+001
1.237132e+003,3.080114e+001
1.237614e+003,3.078567e+001
1.238096e+003,3.077065e+001
1.238578e+003,3.075601e+001
1.239060e+003,3.074160e+001
1.239542e+003,3.072729e+001
1.240024e+003,3.071304e+001
1.240507e+003,3.069890e+001
1.240989e+003,3.068503e+001
1.241471e+003,3.067150e+001
1.241953e+003,3.065827e+001
1.242435e+003,3.064519e+001
1.242917e+003,3.063197e+001
1.243399e+003,3.061838e+001
1.243881e+003,3.060431e+001
1.244364e+003,3.058978e+001
1.244846e+003,3.057497e+001
1.245328e+003,3.056008e+001
1.245810e+003,3.054527e+001
1.246292e+003,3.053063e+001
1.246774e+003,3.051620e+001
1.247256e+003,3.050205e+001
1.247738e+003,3.048832e+001
1.248220e+003,3.047518e+001
1.248703e+003,3.046283e+001
1.249185e+003,3.045133e+001
1.249667e+003,3.044058e+001
1.250149e+003,3.043030e+001
1.250631e+003,3.042005e+001
1.251113e+003,3.040946e+001
1.251595e+003,3.039828e+001
1.252078e+003,3.038644e+001
1.252560e+003,3.037405e+001
1.253042e+003,3.036132e+001
1.253524e+003,3.034847e+001
1.254006e+003,3.033563e+001
1.254488e+003,3.032289e+001
1.254970e+003,3.031029e+001
1.255452e+003,3.029780e+001
1.255935e+003,3.028542e+001
1.256417e+003,3.027302e+001
1.256899e+003,3.026039e+001
1.257381e+003,3.024726e+001
1.257863e+003,3.023326e+001
1.258345e+003,3.021818e+001
1.258827e+003,3.020199e+001
1.259309e+003,3.018497e+001
1.259792e+003,3.016765e+001
1.260274e+003,3.015066e+001
1.260756e+003,3.013453e+001
1.261238e+003,3.011962e+001
1.261720e+003,3.010596e+001
1.262202e+003,3.009336e+001
1.262684e+003,3.008154e+001
1.263166e+003,3.007022e+001
1.263648e+003,3.005923e+001
1.264131e+003,3.004846e+001
1.264613e+003,3.003777e+001
1.265095e+003,3.002702e+001
1.265577e+003,3.001597e+001
1.266059e+003,3.000436e+001
1.266541e+003,2.999208e+001
1.267023e+003,2.997911e+001
1.267505e+003,2.996565e+001
1.267988e+003,2.995195e+001
1.268470e+003,2.993822e+001
1.268952e+003,2.992454e+001
1.269434e+003,2.991083e+001
1.269916e+003,2.989692e+001
1.270398e+003,2.988271e+001
1.270880e+003,2.986820e+001
1.271363e+003,2.985362e+001
1.271845e+003,2.983928e+001
1.272327e+003,2.982548e+001
1.272809e+003,2.981237e+001
1.273291e+003,2.979990e+001
1.273773e+003,2.978778e+001
1.274255e+003,2.977565e+001
1.274737e+003,2.976318e+001
1.275219e+003,2.975014e+001
1.275702e+003,2.973645e+001
1.276184e+003,2.972215e+001
1.276666e+003,2.970735e+001
1.277148e+003,2.969220e+001
1.277630e+003,2.967686e+001
1.278112e+003,2.966154e+001
1.278594e+003,2.964651e+001
1.279076e+003,2.963202e+001
1.279559e+003,2.961824e+001
1.280041e+003,2.960523e+001
1.280523e+003,2.959282e+001
1.281005e+003,2.958068e+001
1.281487e+003,2.956838e+001
1.281969e+003,2.955553e+001
1.282451e+003,2.954190e+001
1.282933e+003,2.952743e+001
1.283416e+003,2.951223e+001
1.283898e+003,2.949652e+001
1.284380e+003,2.948051e+001
1.284862e+003,2.946441e+001
1.285344e+003,2.944839e+001
1.285826e+003,2.943265e+001
1.286308e+003,2.941738e+001
1.286791e+003,2.940277e+001
1.287273e+003,2.938892e+001
1.287755e+003,2.937573e+001
1.288237e+003,2.936293e+001
1.288719e+003,2.935004e+001
1.289201e+003,2.933655e+001
1.289683e+003,2.932206e+001
1.290165e+003,2.930634e+001
1.290647e+003,2.928940e+001
1.291130e+003,2.927142e+001
1.291612e+003,2.925264e+001
1.292094e+003,2.923329e+001
1.292576e+003,2.921354e+001
1.293058e+003,2.919352e+001
1.293540e+003,2.917342e+001
1.294022e+003,2.915347e+001
1.294504e+003,2.913401e+001
1.294987e+003,2.911534e+001
1.295469e+003,2.909766e+001
1.295951e+003,2.908096e+001
1.296433e+003,2.906505e+001
1.296915e+003,2.904962e+001
1.297397e+003,2.903435e+001
1.297879e+003,2.901907e+001
1.298361e+003,2.900372e+001
1.298844e+003,2.898838e+001
1.299326e+003,2.897313e+001
1.299808e+003,2.895793e+001
1.300290e+003,2.894265e+001
1.300772e+003,2.892700e+001
1.301254e+003,2.891072e+001
1.301736e+003,2.889358e+001
1.302219e+003,2.887549e+001
1.302701e+003,2.885649e+001
1.303183e+003,2.883666e+001
1.303665e+003,2.881609e+001
1.304147e+003,2.879488e+001
1.304629e+003,2.877308e+001
1.305111e+003,2.875090e+001
1.305593e+003,2.872859e+001
1.306075e+003,2.870654e+001
1.306558e+003,2.868511e+001
1.307040e+003,2.866462e+001
1.307522e+003,2.864516e+001
1.308004e+003,2.862668e+001
1.308486e+003,2.860898e+001
1.308968e+003,2.859183e+001
1.309450e+003,2.857509e+001
1.309932e+003,2.855870e+001
1.310415e+003,2.854269e+001
1.310897e+003,2.852702e+001
1.311379e+003,2.851155e+001
1.311861e+003,2.849600e+001
1.312343e+003,2.848001e+001
1.312825e+003,2.846324e+001
1.313307e+003,2.844550e+001
1.313789e+003,2.842679e+001
1.314272e+003,2.840730e+001
1.314754e+003,2.838731e+001
1.315236e+003,2.836709e+001
1.315718e+003,2.834683e+001
1.316200e+003,2.832663e+001
1.316682e+003,2.830658e+001
1.317164e+003,2.828675e+001
1.317646e+003,2.826727e+001
1.318129e+003,2.824823e+001
1.318611e+003,2.822972e+001
1.319093e+003,2.821167e+001
1.319575e+003,2.819391e+001
1.320057e+003,2.817625e+001
1.320539e+003,2.815851e+001
1.321021e+003,2.814066e+001
1.321503e+003,2.812280e+001
1.321986e+003,2.810512e+001
1.322468e+003,2.808780e+001
1.322950e+003,2.807092e+001
1.323432e+003,2.805442e+001
1.323914e+003,2.803819e+001
1.324396e+003,2.802205e+001
1.324878e+003,2.800592e+001
1.325360e+003,2.798984e+001
1.325843e+003,2.797392e+001
1.326325e+003,2.795823e+001
1.326807e+003,2.794279e+001
1.327289e+003,2.792749e+001
1.327771e+003,2.791207e+001
1.328253e+003,2.789627e+001
1.328735e+003,2.787984e+001
1.329218e+003,2.786272e+001
1.329700e+003,2.784495e+001
1.330182e+003,2.782669e+001
1.330664e+003,2.780813e+001
1.331146e+003,2.778945e+001
1.331628e+003,2.777074e+001
1.332110e+003,2.775209e+001
1.332592e+003,2.773353e+001
1.333074e+003,2.771510e+001
1.333557e+003,2.769672e+001
1.334039e+003,2.767828e+001
1.334521e+003,2.765952e+001
1.335003e+003,2.764011e+001
1.335485e+003,2.761971e+001
1.335967e+003,2.759808e+001
1.336449e+003,2.757517e+001
1.336931e+003,2.755121e+001
1.337414e+003,2.752675e+001
1.337896e+003,2.750254e+001
1.338378e+003,2.747942e+001
1.338860e+003,2.745816e+001
1.339342e+003,2.743931e+001
1.339824e+003,2.742305e+001
1.340306e+003,2.740919e+001
1.340788e+003,2.739717e+001
1.341271e+003,2.738625e+001
1.341753e+003,2.737557e+001
1.342235e+003,2.736435e+001
1.342717e+003,2.735197e+001
1.343199e+003,2.733807e+001
1.343681e+003,2.732256e+001
1.344163e+003,2.730559e+001
1.344646e+003,2.728753e+001
1.345128e+003,2.726882e+001
1.345610e+003,2.724985e+001
1.346092e+003,2.723089e+001
1.346574e+003,2.721206e+001
1.347056e+003,2.719340e+001
1.347538e+003,2.717493e+001
1.348020e+003,2.715668e+001
1.348502e+003,2.713876e+001
1.348985e+003,2.712122e+001
1.349467e+003,2.710407e+001
1.349949e+003,2.708721e+001
1.350431e+003,2.707044e+001
1.350913e+003,2.705357e+001
1.351395e+003,2.703651e+001
1.351877e+003,2.701932e+001
1.352359e+003,2.700218e+001
1.352842e+003,2.698539e+001
1.353324e+003,2.696917e+001
1.353806e+003,2.695359e+001
1.354288e+003,2.693854e+001
1.354770e+003,2.692377e+001
1.355252e+003,2.690901e+001
1.355734e+003,2.689403e+001
1.356216e+003,2.687873e+001
1.356698e+003,2.686310e+001
1.357181e+003,2.684717e+001
1.357663e+003,2.683089e+001
1.358145e+003,2.681416e+001
1.358627e+003,2.679679e+001
1.359109e+003,2.677864e+001
1.359591e+003,2.675973e+001
1.360073e+003,2.674031e+001
1.360556e+003,2.672090e+001
1.361038e+003,2.670222e+001
1.361520e+003,2.668502e+001
1.362002e+003,2.666992e+001
1.362484e+003,2.665719e+001
1.362966e+003,2.664666e+001
1.363448e+003,2.663777e+001
1.363930e+003,2.662976e+001
1.364413e+003,2.662187e+001
1.364895e+003,2.661355e+001
1.365377e+003,2.660454e+001
1.365859e+003,2.659488e+001
1.366341e+003,2.658494e+001
1.366823e+003,2.657528e+001
1.367305e+003,2.656652e+001
1.367787e+003,2.655917e+001
1.368270e+003,2.655342e+001
1.368752e+003,2.654894e+001
1.369234e+003,2.654498e+001
1.369716e+003,2.654047e+001
1.370198e+003,2.653435e+001
1.370680e+003,2.652590e+001
1.371162e+003,2.651491e+001
1.371644e+003,2.650178e+001
1.372126e+003,2.648750e+001
1.372609e+003,2.647342e+001
1.373091e+003,2.646093e+001
1.373573e+003,2.645122e+001
1.374055e+003,2.644485e+001
1.374537e+003,2.644171e+001
1.375019e+003,2.644111e+001
1.375501e+003,2.644206e+001
1.375984e+003,2.644365e+001
1.376466e+003,2.644524e+001
1.376948e+003,2.644655e+001
1.377430e+003,2.644756e+001
1.377912e+003,2.644846e+001
1.378394e+003,2.644947e+001
1.378876e+003,2.645078e+001
1.379358e+003,2.645245e+001
1.379841e+003,2.645440e+001
1.380323e+003,2.645634e+001
1.380805e+003,2.645788e+001
1.381287e+003,2.645854e+001
1.381769e+003,2.645792e+001
1.382251e+003,2.645575e+001
1.382733e+003,2.645201e+001
1.383215e+003,2.644695e+001
1.383698e+003,2.644109e+001
1.384180e+003,2.643508e+001
1.384662e+003,2.642969e+001
1.385144e+003,2.642567e+001
1.385626e+003,2.642369e+001
1.386108e+003,2.642420e+001
1.386590e+003,2.642726e+001
1.387072e+003,2.643249e+001
1.387554e+003,2.643902e+001
1.388037e+003,2.644564e+001
1.388519e+003,2.645102e+001
1.389001e+003,2.645406e+001
1.389483e+003,2.645402e+001
1.389965e+003,2.645064e+001
1.390447e+003,2.644403e+001
1.390929e+003,2.643461e+001
1.391411e+003,2.642297e+001
1.391894e+003,2.640980e+001
1.392376e+003,2.639580e+001
1.392858e+003,2.638169e+001
1.393340e+003,2.636813e+001
1.393822e+003,2.635571e+001
1.394304e+003,2.634479e+001
1.394786e+003,2.633551e+001
1.395269e+003,2.632764e+001
1.395751e+003,2.632071e+001
1.396233e+003,2.631416e+001
1.396715e+003,2.630757e+001
1.397197e+003,2.630075e+001
1.397679e+003,2.629380e+001
1.398161e+003,2.628694e+001
1.398643e+003,2.628037e+001
1.399125e+003,2.627401e+001
1.399608e+003,2.626739e+001
1.400090e+003,2.625971e+001
1.400572e+003,2.625010e+001
1.401054e+003,2.623786e+001
1.401536e+003,2.622274e+001
1.402018e+003,2.620493e+001
1.402500e+003,2.618509e+001
1.402982e+003,2.616414e+001
1.403465e+003,2.614315e+001
1.403947e+003,2.612298e+001
1.404429e+003,2.610424e+001
1.404911e+003,2.608703e+001
1.405393e+003,2.607111e+001
1.405875e+003,2.605595e+001
1.406357e+003,2.604102e+001
1.406839e+003,2.602588e+001
1.407322e+003,2.601023e+001
1.407804e+003,2.599389e+001
1.408286e+003,2.597679e+001
1.408768e+003,2.595889e+001
1.409250e+003,2.594027e+001
1.409732e+003,2.592110e+001
1.410214e+003,2.590166e+001
1.410697e+003,2.588223e+001
1.411179e+003,2.586302e+001
1.411661e+003,2.584408e+001
1.412143e+003,2.582522e+001
1.412625e+003,2.580606e+001
1.413107e+003,2.578610e+001
1.413589e+003,2.576487e+001
1.414071e+003,2.574199e+001
1.414553e+003,2.571718e+001
1.415036e+003,2.569036e+001
1.415518e+003,2.566160e+001
1.416000e+003,2.563121e+001
1.416482e+003,2.559981e+001
1.416964e+003,2.556843e+001
1.417446e+003,2.553849e+001
1.417928e+003,2.551158e+001
1.418410e+003,2.548895e+001
1.418893e+003,2.547081e+001
1.419375e+003,2.545607e+001
1.419857e+003,2.544261e+001
1.420339e+003,2.542812e+001
1.420821e+003,2.541093e+001
1.421303e+003,2.539031e+001
1.421785e+003,2.536637e+001
1.422267e+003,2.533985e+001
1.422750e+003,2.531169e+001
1.423232e+003,2.528288e+001
1.423714e+003,2.525418e+001
1.424196e+003,2.522605e+001
1.424678e+003,2.519858e+001
1.425160e+003,2.517157e+001
1.425642e+003,2.514470e+001
1.426125e+003,2.511762e+001
1.426607e+003,2.509006e+001
1.427089e+003,2.506188e+001
1.427571e+003,2.503308e+001
1.428053e+003,2.500380e+001
1.428535e+003,2.497436e+001
1.429017e+003,2.494516e+001
1.429499e+003,2.491664e+001
1.429981e+003,2.488911e+001
1.430464e+003,2.486262e+001
1.430946e+003,2.483690e+001
1.431428e+003,2.481143e+001
1.431910e+003,2.478563e+001
1.432392e+003,2.475902e+001
1.432874e+003,2.473134e+001
1.433356e+003,2.470263e+001
1.433838e+003,2.467320e+001
1.434321e+003,2.464359e+001
1.434803e+003,2.461456e+001
1.435285e+003,2.458695e+001
1.435767e+003,2.456156e+001
1.436249e+003,2.453887e+001
1.436731e+003,2.451885e+001
1.437213e+003,2.450080e+001
1.437696e+003,2.448370e+001
1.438177e+003,2.446639e+001
1.438660e+003,2.444799e+001
1.439142e+003,2.442799e+001
1.439624e+003,2.440618e+001
1.440106e+003,2.438264e+001
1.440588e+003,2.435764e+001
1.441070e+003,2.433158e+001
1.441552e+003,2.430495e+001
1.442035e+003,2.427814e+001
1.442517e+003,2.425145e+001
1.442999e+003,2.422495e+001
1.443481e+003,2.419855e+001
1.443963e+003,2.417207e+001
1.444445e+003,2.414538e+001
1.444927e+003,2.411844e+001
1.445409e+003,2.409141e+001
1.445892e+003,2.406459e+001
1.446374e+003,2.403844e+001
1.446856e+003,2.401344e+001
1.447338e+003,2.398998e+001
1.447820e+003,2.396824e+001
1.448302e+003,2.394815e+001
1.448784e+003,2.392937e+001
1.449266e+003,2.391137e+001
1.449749e+003,2.389359e+001
1.450231e+003,2.387548e+001
1.450713e+003,2.385660e+001
1.451195e+003,2.383662e+001
1.451677e+003,2.381537e+001
1.452159e+003,2.379276e+001
1.452641e+003,2.376875e+001
1.453124e+003,2.374332e+001
1.453605e+003,2.371645e+001
1.454088e+003,2.368811e+001
1.454570e+003,2.365847e+001
1.455052e+003,2.362811e+001
1.455534e+003,2.359835e+001
1.456016e+003,2.357162e+001
1.456498e+003,2.355107e+001
1.456980e+003,2.353954e+001
1.457463e+003,2.353780e+001
1.457945e+003,2.354377e+001
1.458427e+003,2.355349e+001
1.458909e+003,2.356313e+001
1.459391e+003,2.357010e+001
1.459873e+003,2.357322e+001
1.460355e+003,2.357228e+001
1.460837e+003,2.356758e+001
1.461320e+003,2.355962e+001
1.461802e+003,2.354907e+001
1.462284e+003,2.353677e+001
1.462766e+003,2.352374e+001
1.463248e+003,2.351125e+001
1.463730e+003,2.350064e+001
1.464212e+003,2.349310e+001
1.464694e+003,2.348921e+001
1.465177e+003,2.348867e+001
1.465659e+003,2.349030e+001
1.466141e+003,2.349248e+001
1.466623e+003,2.349361e+001
1.467105e+003,2.349256e+001
1.467587e+003,2.348871e+001
1.468069e+003,2.348191e+001
1.468552e+003,2.347234e+001
1.469033e+003,2.346038e+001
1.469516e+003,2.344661e+001
1.469998e+003,2.343191e+001
1.470480e+003,2.341749e+001
1.470962e+003,2.340504e+001
1.471444e+003,2.339648e+001
1.471926e+003,2.339355e+001
1.472408e+003,2.339704e+001
1.472891e+003,2.340622e+001
1.473373e+003,2.341898e+001
1.473855e+003,2.343271e+001
1.474337e+003,2.344525e+001
1.474819e+003,2.345545e+001
1.475301e+003,2.346308e+001
1.475783e+003,2.346849e+001
1.476265e+003,2.347212e+001
1.476748e+003,2.347430e+001
1.477230e+003,2.347509e+001
1.477712e+003,2.347440e+001
1.478194e+003,2.347212e+001
1.478676e+003,2.346835e+001
1.479158e+003,2.346338e+001
1.479640e+003,2.345775e+001
1.480122e+003,2.345207e+001
1.480604e+003,2.344686e+001
1.481087e+003,2.344233e+001
1.481569e+003,2.343829e+001
1.482051e+003,2.343419e+001
1.482533e+003,2.342932e+001
1.483015e+003,2.342302e+001
1.483497e+003,2.341485e+001
1.483979e+003,2.340468e+001
1.484461e+003,2.339263e+001
1.484944e+003,2.337905e+001
1.485426e+003,2.336439e+001
1.485908e+003,2.334922e+001
1.486390e+003,2.333425e+001
1.486872e+003,2.332041e+001
1.487354e+003,2.330890e+001
1.487836e+003,2.330113e+001
1.488319e+003,2.329846e+001
1.488801e+003,2.330177e+001
1.489283e+003,2.331093e+001
1.489765e+003,2.332436e+001
1.490247e+003,2.333935e+001
1.490729e+003,2.335272e+001
1.491211e+003,2.336185e+001
1.491693e+003,2.336523e+001
1.492176e+003,2.336248e+001
1.492658e+003,2.335409e+001
1.493140e+003,2.334109e+001
1.493622e+003,2.332474e+001
1.494104e+003,2.330654e+001
1.494586e+003,2.328804e+001
1.495068e+003,2.327091e+001
1.495550e+003,2.325666e+001
1.496032e+003,2.324639e+001
1.496515e+003,2.324045e+001
1.496997e+003,2.323827e+001
1.497479e+003,2.323863e+001
1.497961e+003,2.324006e+001
1.498443e+003,2.324134e+001
1.498925e+003,2.324172e+001
1.499407e+003,2.324076e+001
1.499890e+003,2.323815e+001
1.500372e+003,2.323353e+001
1.500854e+003,2.322640e+001
1.501336e+003,2.321618e+001
1.501818e+003,2.320237e+001
1.502300e+003,2.318461e+001
1.502782e+003,2.316277e+001
1.503264e+003,2.313701e+001
1.503747e+003,2.310783e+001
1.504229e+003,2.307624e+001
1.504711e+003,2.304406e+001
1.505193e+003,2.301426e+001
1.505675e+003,2.299113e+001
1.506157e+003,2.297935e+001
1.506639e+003,2.298144e+001
1.507121e+003,2.299516e+001
1.507604e+003,2.301401e+001
1.508086e+003,2.303099e+001
1.508568e+003,2.304202e+001
1.509050e+003,2.304626e+001
1.509532e+003,2.304476e+001
1.510014e+003,2.303911e+001
1.510496e+003,2.303071e+001
1.510979e+003,2.302043e+001
1.511460e+003,2.300858e+001
1.511943e+003,2.299503e+001
1.512425e+003,2.297938e+001
1.512907e+003,2.296125e+001
1.513389e+003,2.294051e+001
1.513871e+003,2.291744e+001
1.514353e+003,2.289278e+001
1.514835e+003,2.286763e+001
1.515318e+003,2.284328e+001
1.515800e+003,2.282086e+001
1.516282e+003,2.280091e+001
1.516764e+003,2.278313e+001
1.517246e+003,2.276646e+001
1.517728e+003,2.274947e+001
1.518210e+003,2.273100e+001
1.518692e+003,2.271052e+001
1.519175e+003,2.268830e+001
1.519657e+003,2.266544e+001
1.520139e+003,2.264351e+001
1.520621e+003,2.262426e+001
1.521103e+003,2.260892e+001
1.521585e+003,2.259758e+001
1.522067e+003,2.258899e+001
1.522549e+003,2.258113e+001
1.523031e+003,2.257208e+001
1.523514e+003,2.256060e+001
1.523996e+003,2.254634e+001
1.524478e+003,2.252959e+001
1.524960e+003,2.251114e+001
1.525442e+003,2.249194e+001
1.525924e+003,2.247299e+001
1.526406e+003,2.245507e+001
1.526888e+003,2.243852e+001
1.527371e+003,2.242316e+001
1.527853e+003,2.240837e+001
1.528335e+003,2.239326e+001
1.528817e+003,2.237698e+001
1.529299e+003,2.235894e+001
1.529781e+003,2.233892e+001
1.530263e+003,2.231724e+001
1.530746e+003,2.229469e+001
1.531228e+003,2.227266e+001
1.531710e+003,2.225294e+001
1.532192e+003,2.223745e+001
1.532674e+003,2.222762e+001
1.533156e+003,2.222348e+001
1.533638e+003,2.222326e+001
1.534120e+003,2.222373e+001
1.534603e+003,2.222138e+001
1.535085e+003,2.221365e+001
1.535567e+003,2.219934e+001
1.536049e+003,2.217843e+001
1.536531e+003,2.215172e+001
1.537013e+003,2.212054e+001
1.537495e+003,2.208674e+001
1.537977e+003,2.205281e+001
1.538459e+003,2.202206e+001
1.538942e+003,2.199832e+001
1.539424e+003,2.198483e+001
1.539906e+003,2.198233e+001
1.540388e+003,2.198781e+001
1.540870e+003,2.199570e+001
1.541352e+003,2.200103e+001
1.541834e+003,2.200158e+001
1.542316e+003,2.199773e+001
1.542799e+003,2.199126e+001
1.543281e+003,2.198400e+001
1.543763e+003,2.197716e+001
1.544245e+003,2.197100e+001
1.544727e+003,2.196498e+001
1.545209e+003,2.195798e+001
1.545691e+003,2.194885e+001
1.546174e+003,2.193665e+001
1.546656e+003,2.192094e+001
1.547138e+003,2.190172e+001
1.547620e+003,2.187946e+001
1.548102e+003,2.185492e+001
1.548584e+003,2.182908e+001
1.549066e+003,2.180292e+001
1.549548e+003,2.177724e+001
1.550031e+003,2.175244e+001
1.550513e+003,2.172845e+001
1.550995e+003,2.170483e+001
1.551477e+003,2.168099e+001
1.551959e+003,2.165641e+001
1.552441e+003,2.163079e+001
1.552923e+003,2.160405e+001
1.553405e+003,2.157627e+001
1.553887e+003,2.154747e+001
1.554370e+003,2.151756e+001
1.554852e+003,2.148625e+001
1.555334e+003,2.145313e+001
1.555816e+003,2.141797e+001
1.556298e+003,2.138103e+001
1.556780e+003,2.134362e+001
1.557262e+003,2.130878e+001
1.557744e+003,2.128165e+001
1.558227e+003,2.126845e+001
1.558709e+003,2.127249e+001
1.559191e+003,2.128954e+001
1.559673e+003,2.130902e+001
1.560155e+003,2.132127e+001
1.560637e+003,2.132233e+001
1.561119e+003,2.131295e+001
1.561602e+003,2.129571e+001
1.562083e+003,2.127322e+001
1.562566e+003,2.124761e+001
1.563048e+003,2.122047e+001
1.563530e+003,2.119300e+001
1.564012e+003,2.116603e+001
1.564494e+003,2.114003e+001
1.564976e+003,2.111506e+001
1.565458e+003,2.109079e+001
1.565941e+003,2.106668e+001
1.566423e+003,2.104223e+001
1.566905e+003,2.101719e+001
1.567387e+003,2.099182e+001
1.567869e+003,2.096695e+001
1.568351e+003,2.094383e+001
1.568833e+003,2.092377e+001
1.569315e+003,2.090750e+001
1.569798e+003,2.089465e+001
1.570280e+003,2.088367e+001
1.570762e+003,2.087241e+001
1.571244e+003,2.085902e+001
1.571726e+003,2.084242e+001
1.572208e+003,2.082238e+001
1.572690e+003,2.079937e+001
1.573172e+003,2.077430e+001
1.573655e+003,2.074847e+001
1.574137e+003,2.072350e+001
1.574619e+003,2.070126e+001
1.575101e+003,2.068364e+001
1.575583e+003,2.067193e+001
1.576065e+003,2.066604e+001
1.576547e+003,2.066426e+001
1.577030e+003,2.066381e+001
1.577511e+003,2.066201e+001
1.577994e+003,2.065723e+001
1.578476e+003,2.064901e+001
1.578958e+003,2.063779e+001
1.579440e+003,2.062448e+001
1.579922e+003,2.061007e+001
1.580404e+003,2.059551e+001
1.580886e+003,2.058149e+001
1.581369e+003,2.056841e+001
1.581851e+003,2.055637e+001
1.582333e+003,2.054523e+001
1.582815e+003,2.053474e+001
1.583297e+003,2.052469e+001
1.583779e+003,2.051488e+001
1.584261e+003,2.050525e+001
1.584743e+003,2.049574e+001
1.585226e+003,2.048630e+001
1.585708e+003,2.047684e+001
1.586190e+003,2.046725e+001
1.586672e+003,2.045749e+001
1.587154e+003,2.044759e+001
1.587636e+003,2.043772e+001
1.588118e+003,2.042811e+001
1.588600e+003,2.041902e+001
1.589083e+003,2.041059e+001
1.589565e+003,2.040288e+001
1.590047e+003,2.039578e+001
1.590529e+003,2.038908e+001
1.591011e+003,2.038256e+001
1.591493e+003,2.037599e+001
1.591975e+003,2.036924e+001
1.592458e+003,2.036224e+001
1.592939e+003,2.035503e+001
1.593422e+003,2.034769e+001
1.593904e+003,2.034040e+001
1.594386e+003,2.033335e+001
1.594868e+003,2.032669e+001
1.595350e+003,2.032051e+001
1.595832e+003,2.031473e+001
1.596314e+003,2.030914e+001
1.596797e+003,2.030338e+001
1.597279e+003,2.029708e+001
1.597761e+003,2.028995e+001
1.598243e+003,2.028182e+001
1.598725e+003,2.027276e+001
1.599207e+003,2.026299e+001
1.599689e+003,2.025286e+001
1.600171e+003,2.024275e+001
1.600654e+003,2.023297e+001
1.601136e+003,2.022375e+001
1.601618e+003,2.021516e+001
1.602100e+003,2.020719e+001
1.602582e+003,2.019972e+001
1.603064e+003,2.019255e+001
1.603546e+003,2.018544e+001
1.604028e+003,2.017809e+001
1.604510e+003,2.017023e+001
1.604993e+003,2.016171e+001
1.605475e+003,2.015252e+001
1.605957e+003,2.014289e+001
1.606439e+003,2.013323e+001
1.606921e+003,2.012408e+001
1.607403e+003,2.011599e+001
1.607885e+003,2.010935e+001
1.608367e+003,2.010425e+001
1.608850e+003,2.010051e+001
1.609332e+003,2.009765e+001
1.609814e+003,2.009501e+001
1.610296e+003,2.009187e+001
1.610778e+003,2.008752e+001
1.611260e+003,2.008142e+001
1.611742e+003,2.007311e+001
1.612225e+003,2.006242e+001
1.612707e+003,2.004940e+001
1.613189e+003,2.003447e+001
1.613671e+003,2.001841e+001
1.614153e+003,2.000250e+001
1.614635e+003,1.998846e+001
1.615117e+003,1.997829e+001
1.615599e+003,1.997381e+001
1.616082e+003,1.997582e+001
1.616564e+003,1.998345e+001
1.617046e+003,1.999401e+001
1.617528e+003,2.000399e+001
1.618010e+003,2.001046e+001
1.618492e+003,2.001191e+001
1.618974e+003,2.000821e+001
1.619456e+003,2.000018e+001
1.619938e+003,1.998905e+001
1.620421e+003,1.997621e+001
1.620903e+003,1.996312e+001
1.621385e+003,1.995127e+001
1.621867e+003,1.994201e+001
1.622349e+003,1.993631e+001
1.622831e+003,1.993438e+001
1.623313e+003,1.993545e+001
1.623796e+003,1.993798e+001
1.624278e+003,1.994020e+001
1.624760e+003,1.994079e+001
1.625242e+003,1.993927e+001
1.625724e+003,1.993601e+001
1.626206e+003,1.993200e+001
1.626688e+003,1.992845e+001
1.627170e+003,1.992637e+001
1.627653e+003,1.992628e+001
1.628135e+003,1.992797e+001
1.628617e+003,1.993052e+001
1.629099e+003,1.993259e+001
1.629581e+003,1.993287e+001
1.630063e+003,1.993032e+001
1.630545e+003,1.992435e+001
1.631027e+003,1.991478e+001
1.631510e+003,1.990173e+001
1.631992e+003,1.988559e+001
1.632474e+003,1.986696e+001
1.632956e+003,1.984686e+001
1.633438e+003,1.982685e+001
1.633920e+003,1.980928e+001
1.634402e+003,1.979719e+001
1.634885e+003,1.979362e+001
1.635366e+003,1.980024e+001
1.635849e+003,1.981601e+001
1.636331e+003,1.983697e+001
1.636813e+003,1.985813e+001
1.637295e+003,1.987566e+001
1.637777e+003,1.988781e+001
1.638259e+003,1.989466e+001
1.638741e+003,1.989717e+001
1.639224e+003,1.989647e+001
1.639706e+003,1.989353e+001
1.640188e+003,1.988893e+001
1.640670e+003,1.988291e+001
1.641152e+003,1.987543e+001
1.641634e+003,1.986625e+001
1.642116e+003,1.985512e+001
1.642598e+003,1.984184e+001
1.643081e+003,1.982637e+001
1.643563e+003,1.980903e+001
1.644045e+003,1.979060e+001
1.644527e+003,1.977257e+001
1.645009e+003,1.975722e+001
1.645491e+003,1.974742e+001
1.645973e+003,1.974581e+001
1.646455e+003,1.975340e+001
1.646938e+003,1.976828e+001
1.647420e+003,1.978587e+001
1.647902e+003,1.980084e+001
1.648384e+003,1.980925e+001
1.648866e+003,1.980945e+001
1.649348e+003,1.980161e+001
1.649830e+003,1.978707e+001
1.650313e+003,1.976780e+001
1.650794e+003,1.974642e+001
1.651277e+003,1.972659e+001
1.651759e+003,1.971341e+001
1.652241e+003,1.971314e+001
1.652723e+003,1.973043e+001
1.653205e+003,1.976387e+001
1.653687e+003,1.980441e+001
1.654169e+003,1.984079e+001
1.654652e+003,1.986639e+001
1.655134e+003,1.988052e+001
1.655616e+003,1.988573e+001
1.656098e+003,1.988512e+001
1.656580e+003,1.988124e+001
1.657062e+003,1.987579e+001
1.657544e+003,1.986972e+001
1.658026e+003,1.986345e+001
1.658509e+003,1.985706e+001
1.658991e+003,1.985050e+001
1.659473e+003,1.984383e+001
1.659955e+003,1.983742e+001
1.660437e+003,1.983201e+001
1.660919e+003,1.982867e+001
1.661401e+003,1.982848e+001
1.661883e+003,1.983214e+001
1.662365e+003,1.983939e+001
1.662848e+003,1.984889e+001
1.663330e+003,1.985845e+001
1.663812e+003,1.986578e+001
1.664294e+003,1.986919e+001
1.664776e+003,1.986797e+001
1.665258e+003,1.986227e+001
1.665740e+003,1.985288e+001
1.666222e+003,1.984100e+001
1.666705e+003,1.982806e+001
1.667187e+003,1.981573e+001
1.667669e+003,1.980594e+001
1.668151e+003,1.980060e+001
1.668633e+003,1.980124e+001
1.669115e+003,1.980827e+001
1.669597e+003,1.982046e+001
1.670080e+003,1.983501e+001
1.670562e+003,1.984860e+001
1.671044e+003,1.985847e+001
1.671526e+003,1.986325e+001
1.672008e+003,1.986303e+001
1.672490e+003,1.985906e+001
1.672972e+003,1.985330e+001
1.673454e+003,1.984804e+001
1.673937e+003,1.984543e+001
1.674419e+003,1.984693e+001
1.674901e+003,1.985273e+001
1.675383e+003,1.986154e+001
1.675865e+003,1.987102e+001
1.676347e+003,1.987877e+001
1.676829e+003,1.988316e+001
1.677311e+003,1.988361e+001
1.677793e+003,1.988041e+001
1.678276e+003,1.987418e+001
1.678758e+003,1.986556e+001
1.679240e+003,1.985491e+001
1.679722e+003,1.984229e+001
1.680204e+003,1.982760e+001
1.680686e+003,1.981084e+001
1.681168e+003,1.979251e+001
1.681650e+003,1.977402e+001
1.682133e+003,1.975806e+001
1.682615e+003,1.974873e+001
1.683097e+003,1.975085e+001
1.683579e+003,1.976789e+001
1.684061e+003,1.979900e+001
1.684543e+003,1.983778e+001
1.685025e+003,1.987506e+001
1.685508e+003,1.990372e+001
1.685990e+003,1.992118e+001
1.686472e+003,1.992867e+001
1.686954e+003,1.992923e+001
1.687436e+003,1.992622e+001
1.687918e+003,1.992252e+001
1.688400e+003,1.992016e+001
1.688882e+003,1.992011e+001
1.689365e+003,1.992223e+001
1.689847e+003,1.992538e+001
1.690329e+003,1.992782e+001
1.690811e+003,1.992783e+001
1.691293e+003,1.992416e+001
1.691775e+003,1.991638e+001
1.692257e+003,1.990483e+001
1.692739e+003,1.989056e+001
1.693221e+003,1.987510e+001
1.693704e+003,1.986034e+001
1.694186e+003,1.984828e+001
1.694668e+003,1.984052e+001
1.695150e+003,1.983765e+001
1.695632e+003,1.983865e+001
1.696114e+003,1.984106e+001
1.696596e+003,1.984202e+001
1.697078e+003,1.983977e+001
1.697561e+003,1.983447e+001
1.698043e+003,1.982827e+001
1.698525e+003,1.982477e+001
1.699007e+003,1.982786e+001
1.699489e+003,1.984002e+001
1.699971e+003,1.986042e+001
1.700453e+003,1.988432e+001
1.700936e+003,1.990497e+001
1.701417e+003,1.991699e+001
1.701900e+003,1.991850e+001
1.702382e+003,1.991077e+001
1.702864e+003,1.989686e+001
1.703346e+003,1.988033e+001
1.703828e+003,1.986445e+001
1.704310e+003,1.985185e+001
1.704792e+003,1.984410e+001
1.705275e+003,1.984141e+001
1.705757e+003,1.984262e+001
1.706239e+003,1.984564e+001
1.706721e+003,1.984826e+001
1.707203e+003,1.984884e+001
1.707685e+003,1.984662e+001
1.708167e+003,1.984154e+001
1.708649e+003,1.983387e+001
1.709132e+003,1.982397e+001
1.709614e+003,1.981204e+001
1.710096e+003,1.979816e+001
1.710578e+003,1.978228e+001
1.711060e+003,1.976437e+001
1.711542e+003,1.974443e+001
1.712024e+003,1.972256e+001
1.712506e+003,1.969895e+001
1.712989e+003,1.967394e+001
1.713471e+003,1.964801e+001
1.713953e+003,1.962193e+001
1.714435e+003,1.959679e+001
1.714917e+003,1.957410e+001
1.715399e+003,1.955575e+001
1.715881e+003,1.954377e+001
1.716364e+003,1.953976e+001
1.716845e+003,1.954408e+001
1.717328e+003,1.955510e+001
1.717810e+003,1.956929e+001
1.718292e+003,1.958237e+001
1.718774e+003,1.959080e+001
1.719256e+003,1.959271e+001
1.719738e+003,1.958792e+001
1.720220e+003,1.957731e+001
1.720703e+003,1.956229e+001
1.721185e+003,1.954431e+001
1.721667e+003,1.952474e+001
1.722149e+003,1.950472e+001
1.722631e+003,1.948512e+001
1.723113e+003,1.946642e+001
1.723595e+003,1.944874e+001
1.724077e+003,1.943180e+001
1.724560e+003,1.941517e+001
1.725042e+003,1.939831e+001
1.725524e+003,1.938085e+001
1.726006e+003,1.936261e+001
1.726488e+003,1.934355e+001
1.726970e+003,1.932369e+001
1.727452e+003,1.930307e+001
1.727934e+003,1.928160e+001
1.728417e+003,1.925916e+001
1.728899e+003,1.923555e+001
1.729381e+003,1.921069e+001
1.729863e+003,1.918464e+001
1.730345e+003,1.915769e+001
1.730827e+003,1.913041e+001
1.731309e+003,1.910368e+001
1.731792e+003,1.907875e+001
1.732273e+003,1.905722e+001
1.732756e+003,1.904075e+001
1.733238e+003,1.903048e+001
1.733720e+003,1.902600e+001
1.734202e+003,1.902487e+001
1.734684e+003,1.902329e+001
1.735166e+003,1.901779e+001
1.735648e+003,1.900645e+001
1.736131e+003,1.898915e+001
1.736613e+003,1.896694e+001
1.737095e+003,1.894148e+001
1.737577e+003,1.891456e+001
1.738059e+003,1.888790e+001
1.738541e+003,1.886291e+001
1.739023e+003,1.884038e+001
1.739505e+003,1.882036e+001
1.739988e+003,1.880205e+001
1.740470e+003,1.878418e+001
1.740952e+003,1.876552e+001
1.741434e+003,1.874527e+001
1.741916e+003,1.872324e+001
1.742398e+003,1.869967e+001
1.742880e+003,1.867500e+001
1.743362e+003,1.864962e+001
1.743844e+003,1.862376e+001
1.744327e+003,1.859744e+001
1.744809e+003,1.857063e+001
1.745291e+003,1.854333e+001
1.745773e+003,1.851565e+001
1.746255e+003,1.848790e+001
1.746737e+003,1.846048e+001
1.747219e+003,1.843387e+001
1.747702e+003,1.840858e+001
1.748184e+003,1.838512e+001
1.748666e+003,1.836397e+001
1.749148e+003,1.834553e+001
1.749630e+003,1.832995e+001
1.750112e+003,1.831695e+001
1.750594e+003,1.830571e+001
1.751076e+003,1.829495e+001
1.751559e+003,1.828319e+001
1.752041e+003,1.826916e+001
1.752523e+003,1.825214e+001
1.753005e+003,1.823206e+001
1.753487e+003,1.820931e+001
1.753969e+003,1.818466e+001
1.754451e+003,1.815899e+001
1.754933e+003,1.813320e+001
1.755416e+003,1.810804e+001
1.755898e+003,1.808402e+001
1.756380e+003,1.806129e+001
1.756862e+003,1.803966e+001
1.757344e+003,1.801859e+001
1.757826e+003,1.799744e+001
1.758308e+003,1.797565e+001
1.758791e+003,1.795288e+001
1.759272e+003,1.792917e+001
1.759755e+003,1.790487e+001
1.760237e+003,1.788065e+001
1.760719e+003,1.785729e+001
1.761201e+003,1.783550e+001
1.761683e+003,1.781555e+001
1.762165e+003,1.779712e+001
1.762647e+003,1.777936e+001
1.763130e+003,1.776121e+001
1.763612e+003,1.774177e+001
1.764094e+003,1.772055e+001
1.764576e+003,1.769756e+001
1.765058e+003,1.767314e+001
1.765540e+003,1.764785e+001
1.766022e+003,1.762223e+001
1.766504e+003,1.759667e+001
1.766987e+003,1.757131e+001
1.767469e+003,1.754606e+001
1.767951e+003,1.752069e+001
1.768433e+003,1.749498e+001
1.768915e+003,1.746893e+001
1.769397e+003,1.744280e+001
1.769879e+003,1.741719e+001
1.770361e+003,1.739290e+001
1.770844e+003,1.737084e+001
1.771326e+003,1.735180e+001
1.771808e+003,1.733613e+001
1.772290e+003,1.732351e+001
1.772772e+003,1.731297e+001
1.773254e+003,1.730318e+001
1.773736e+003,1.729291e+001
1.774219e+003,1.728127e+001
1.774700e+003,1.726786e+001
1.775183e+003,1.725261e+001
1.775665e+003,1.723572e+001
1.776147e+003,1.721745e+001
1.776629e+003,1.719811e+001
1.777111e+003,1.717801e+001
1.777593e+003,1.715742e+001
1.778075e+003,1.713659e+001
1.778558e+003,1.711581e+001
1.779040e+003,1.709542e+001
1.779522e+003,1.707575e+001
1.780004e+003,1.705709e+001
1.780486e+003,1.703955e+001
1.780968e+003,1.702304e+001
1.781450e+003,1.700722e+001
1.781932e+003,1.699164e+001
1.782415e+003,1.697593e+001
1.782897e+003,1.695991e+001
1.783379e+003,1.694372e+001
1.783861e+003,1.692771e+001
1.784343e+003,1.691234e+001
1.784825e+003,1.689790e+001
1.785307e+003,1.688435e+001
1.785789e+003,1.687126e+001
1.786271e+003,1.685788e+001
1.786754e+003,1.684340e+001
1.787236e+003,1.682721e+001
1.787718e+003,1.680905e+001
1.788200e+003,1.678909e+001
1.788682e+003,1.676785e+001
1.789164e+003,1.674614e+001
1.789646e+003,1.672494e+001
1.790128e+003,1.670528e+001
1.790611e+003,1.668817e+001
1.791093e+003,1.667434e+001
1.791575e+003,1.666409e+001
1.792057e+003,1.665704e+001
1.792539e+003,1.665217e+001
1.793021e+003,1.664804e+001
1.793503e+003,1.664317e+001
1.793986e+003,1.663648e+001
1.794468e+003,1.662736e+001
1.794950e+003,1.661572e+001
1.795432e+003,1.660184e+001
1.795914e+003,1.658625e+001
1.796396e+003,1.656957e+001
1.796878e+003,1.655248e+001
1.797360e+003,1.653557e+001
1.797843e+003,1.651945e+001
1.798325e+003,1.650463e+001
1.798807e+003,1.649157e+001
1.799289e+003,1.648064e+001
1.799771e+003,1.647195e+001
1.800253e+003,1.646531e+001
1.800735e+003,1.646012e+001
1.801217e+003,1.645551e+001
1.801699e+003,1.645048e+001
1.802182e+003,1.644419e+001
1.802664e+003,1.643619e+001
1.803146e+003,1.642642e+001
1.803628e+003,1.641519e+001
1.804110e+003,1.640298e+001
1.804592e+003,1.639023e+001
1.805074e+003,1.637729e+001
1.805556e+003,1.636435e+001
1.806039e+003,1.635145e+001
1.806521e+003,1.633864e+001
1.807003e+003,1.632601e+001
1.807485e+003,1.631377e+001
1.807967e+003,1.630222e+001
1.808449e+003,1.629165e+001
1.808931e+003,1.628230e+001
1.809414e+003,1.627423e+001
1.809896e+003,1.626737e+001
1.810378e+003,1.626148e+001
1.810860e+003,1.625624e+001
1.811342e+003,1.625127e+001
1.811824e+003,1.624624e+001
1.812306e+003,1.624080e+001
1.812788e+003,1.623472e+001
1.813271e+003,1.622787e+001
1.813753e+003,1.622025e+001
1.814235e+003,1.621202e+001
1.814717e+003,1.620345e+001
1.815199e+003,1.619485e+001
1.815681e+003,1.618651e+001
1.816163e+003,1.617859e+001
1.816645e+003,1.617109e+001
1.817127e+003,1.616390e+001
1.817610e+003,1.615682e+001
1.818092e+003,1.614969e+001
1.818574e+003,1.614240e+001
1.819056e+003,1.613488e+001
1.819538e+003,1.612705e+001
1.820020e+003,1.611873e+001
1.820502e+003,1.610968e+001
1.820984e+003,1.609967e+001
1.821467e+003,1.608862e+001
1.821949e+003,1.607674e+001
1.822431e+003,1.606454e+001
1.822913e+003,1.605283e+001
1.823395e+003,1.604248e+001
1.823877e+003,1.603415e+001
1.824359e+003,1.602794e+001
1.824842e+003,1.602333e+001
1.825323e+003,1.601928e+001
1.825806e+003,1.601465e+001
1.826288e+003,1.600861e+001
1.826770e+003,1.600093e+001
1.827252e+003,1.599208e+001
1.827734e+003,1.598305e+001
1.828216e+003,1.597507e+001
1.828698e+003,1.596929e+001
1.829181e+003,1.596637e+001
1.829663e+003,1.596625e+001
1.830145e+003,1.596811e+001
1.830627e+003,1.597062e+001
1.831109e+003,1.597241e+001
1.831591e+003,1.597251e+001
1.832073e+003,1.597043e+001
1.832555e+003,1.596621e+001
1.833038e+003,1.596024e+001
1.833520e+003,1.595306e+001
1.834002e+003,1.594527e+001
1.834484e+003,1.593741e+001
1.834966e+003,1.592988e+001
1.835448e+003,1.592292e+001
1.835930e+003,1.591655e+001
1.836412e+003,1.591058e+001
1.836895e+003,1.590469e+001
1.837377e+003,1.589846e+001
1.837859e+003,1.589146e+001
1.838341e+003,1.588327e+001
1.838823e+003,1.587358e+001
1.839305e+003,1.586218e+001
1.839787e+003,1.584909e+001
1.840270e+003,1.583458e+001
1.840751e+003,1.581924e+001
1.841234e+003,1.580404e+001
1.841716e+003,1.579022e+001
1.842198e+003,1.577916e+001
1.842680e+003,1.577211e+001
1.843162e+003,1.576968e+001
1.843644e+003,1.577150e+001
1.844126e+003,1.577612e+001
1.844609e+003,1.578140e+001
1.845091e+003,1.578528e+001
1.845573e+003,1.578646e+001
1.846055e+003,1.578462e+001
1.846537e+003,1.578028e+001
1.847019e+003,1.577432e+001
1.847501e+003,1.576764e+001
1.847983e+003,1.576089e+001
1.848466e+003,1.575436e+001
1.848948e+003,1.574808e+001
1.849430e+003,1.574190e+001
1.849912e+003,1.573563e+001
1.850394e+003,1.572915e+001
1.850876e+003,1.572242e+001
1.851358e+003,1.571542e+001
1.851840e+003,1.570814e+001
1.852323e+003,1.570054e+001
1.852805e+003,1.569258e+001
1.853287e+003,1.568425e+001
1.853769e+003,1.567559e+001
1.854251e+003,1.566675e+001
1.854733e+003,1.565784e+001
1.855215e+003,1.564902e+001
1.855698e+003,1.564034e+001
1.856179e+003,1.563181e+001
1.856662e+003,1.562340e+001
1.857144e+003,1.561506e+001
1.857626e+003,1.560682e+001
1.858108e+003,1.559870e+001
1.858590e+003,1.559076e+001
1.859072e+003,1.558299e+001
1.859554e+003,1.557532e+001
1.860037e+003,1.556762e+001
1.860519e+003,1.555971e+001
1.861001e+003,1.555142e+001
1.861483e+003,1.554263e+001
1.861965e+003,1.553322e+001
1.862447e+003,1.552309e+001
1.862929e+003,1.551214e+001
1.863411e+003,1.550021e+001
1.863894e+003,1.548723e+001
1.864376e+003,1.547322e+001
1.864858e+003,1.545843e+001
1.865340e+003,1.544341e+001
1.865822e+003,1.542896e+001
1.866304e+003,1.541611e+001
1.866786e+003,1.540589e+001
1.867268e+003,1.539912e+001
1.867750e+003,1.539604e+001
1.868233e+003,1.539618e+001
1.868715e+003,1.539830e+001
1.869197e+003,1.540065e+001
1.869679e+003,1.540152e+001
1.870161e+003,1.539963e+001
1.870643e+003,1.539434e+001
1.871125e+003,1.538572e+001
1.871608e+003,1.537427e+001
1.872090e+003,1.536077e+001
1.872572e+003,1.534607e+001
1.873054e+003,1.533093e+001
1.873536e+003,1.531595e+001
1.874018e+003,1.530149e+001
1.874500e+003,1.528773e+001
1.874982e+003,1.527461e+001
1.875465e+003,1.526201e+001
1.875947e+003,1.524976e+001
1.876429e+003,1.523775e+001
1.876911e+003,1.522593e+001
1.877393e+003,1.521429e+001
1.877875e+003,1.520283e+001
1.878357e+003,1.519153e+001
1.878839e+003,1.518032e+001
1.879322e+003,1.516914e+001
1.879804e+003,1.515792e+001
1.880286e+003,1.514667e+001
1.880768e+003,1.513541e+001
1.881250e+003,1.512417e+001
1.881732e+003,1.511294e+001
1.882214e+003,1.510164e+001
1.882697e+003,1.509013e+001
1.883178e+003,1.507821e+001
1.883661e+003,1.506569e+001
1.884143e+003,1.505244e+001
1.884625e+003,1.503842e+001
1.885107e+003,1.502368e+001
1.885589e+003,1.500834e+001
1.886071e+003,1.499261e+001
1.886553e+003,1.497679e+001
1.887036e+003,1.496123e+001
1.887518e+003,1.494634e+001
1.888000e+003,1.493252e+001
1.888482e+003,1.492005e+001
1.888964e+003,1.490894e+001
1.889446e+003,1.489883e+001
1.889928e+003,1.488904e+001
1.890410e+003,1.487877e+001
1.890893e+003,1.486728e+001
1.891375e+003,1.485420e+001
1.891857e+003,1.483955e+001
1.892339e+003,1.482376e+001
1.892821e+003,1.480750e+001
1.893303e+003,1.479151e+001
1.893785e+003,1.477635e+001
1.894267e+003,1.476234e+001
1.894750e+003,1.474948e+001
1.895232e+003,1.473749e+001
1.895714e+003,1.472596e+001
1.896196e+003,1.471449e+001
1.896678e+003,1.470277e+001
1.897160e+003,1.469062e+001
1.897642e+003,1.467796e+001
1.898125e+003,1.466479e+001
1.898606e+003,1.465109e+001
1.899089e+003,1.463691e+001
1.899571e+003,1.462229e+001
1.900053e+003,1.460731e+001
1.900535e+003,1.459211e+001
1.901017e+003,1.457680e+001
1.901499e+003,1.456151e+001
1.901981e+003,1.454630e+001
1.902464e+003,1.453117e+001
1.902946e+003,1.451611e+001
1.903428e+003,1.450104e+001
1.903910e+003,1.448589e+001
1.904392e+003,1.447057e+001
1.904874e+003,1.445494e+001
1.905356e+003,1.443890e+001
1.905838e+003,1.442238e+001
1.906321e+003,1.440538e+001
1.906803e+003,1.438804e+001
1.907285e+003,1.437063e+001
1.907767e+003,1.435351e+001
1.908249e+003,1.433704e+001
1.908731e+003,1.432147e+001
1.909213e+003,1.430690e+001
1.909695e+003,1.429316e+001
1.910177e+003,1.427999e+001
1.910660e+003,1.426700e+001
1.911142e+003,1.425386e+001
1.911624e+003,1.424030e+001
1.912106e+003,1.422615e+001
1.912588e+003,1.421127e+001
1.913070e+003,1.419557e+001
1.913552e+003,1.417899e+001
1.914034e+003,1.416156e+001
1.914517e+003,1.414346e+001
1.914999e+003,1.412507e+001
1.915481e+003,1.410696e+001
1.915963e+003,1.408979e+001
1.916445e+003,1.407416e+001
1.916927e+003,1.406038e+001
1.917409e+003,1.404838e+001
1.917892e+003,1.403761e+001
1.918374e+003,1.402722e+001
1.918856e+003,1.401635e+001
1.919338e+003,1.400438e+001
1.919820e+003,1.399108e+001
1.920302e+003,1.397666e+001
1.920784e+003,1.396155e+001
1.921266e+003,1.394636e+001
1.921749e+003,1.393161e+001
1.922231e+003,1.391762e+001
1.922713e+003,1.390447e+001
1.923195e+003,1.389194e+001
1.923677e+003,1.387964e+001
1.924159e+003,1.386712e+001
1.924641e+003,1.385397e+001
1.925123e+003,1.383999e+001
1.925605e+003,1.382517e+001
1.926088e+003,1.380972e+001
1.926570e+003,1.379396e+001
1.927052e+003,1.377828e+001
1.927534e+003,1.376302e+001
1.928016e+003,1.374838e+001
1.928498e+003,1.373442e+001
1.928980e+003,1.372101e+001
1.929462e+003,1.370798e+001
1.929945e+003,1.369513e+001
1.930427e+003,1.368234e+001
1.930909e+003,1.366961e+001
1.931391e+003,1.365699e+001
1.931873e+003,1.364459e+001
1.932355e+003,1.363247e+001
1.932837e+003,1.362064e+001
1.933320e+003,1.360903e+001
1.933802e+003,1.359752e+001
1.934284e+003,1.358603e+001
1.934766e+003,1.357449e+001
1.935248e+003,1.356288e+001
1.935730e+003,1.355118e+001
1.936212e+003,1.353935e+001
1.936694e+003,1.352731e+001
1.937177e+003,1.351494e+001
1.937659e+003,1.350213e+001
1.938141e+003,1.348882e+001
1.938623e+003,1.347506e+001
1.939105e+003,1.346101e+001
1.939587e+003,1.344697e+001
1.940069e+003,1.343330e+001
1.940551e+003,1.342038e+001
1.941033e+003,1.340853e+001
1.941516e+003,1.339796e+001
1.941998e+003,1.338867e+001
1.942480e+003,1.338046e+001
1.942962e+003,1.337293e+001
1.943444e+003,1.336561e+001
1.943926e+003,1.335799e+001
1.944408e+003,1.334972e+001
1.944890e+003,1.334062e+001
1.945373e+003,1.333072e+001
1.945855e+003,1.332019e+001
1.946337e+003,1.330932e+001
1.946819e+003,1.329838e+001
1.947301e+003,1.328761e+001
1.947783e+003,1.327711e+001
1.948265e+003,1.326691e+001
1.948748e+003,1.325699e+001
1.949229e+003,1.324730e+001
1.949712e+003,1.323782e+001
1.950194e+003,1.322855e+001
1.950676e+003,1.321954e+001
1.951158e+003,1.321076e+001
1.951640e+003,1.320218e+001
1.952122e+003,1.319372e+001
1.952604e+003,1.318531e+001
1.953087e+003,1.317690e+001
1.953569e+003,1.316849e+001
1.954051e+003,1.316014e+001
1.954533e+003,1.315191e+001
1.955015e+003,1.314382e+001
1.955497e+003,1.313581e+001
1.955979e+003,1.312780e+001
1.956461e+003,1.311968e+001
1.956944e+003,1.311136e+001
1.957426e+003,1.310287e+001
1.957908e+003,1.309433e+001
1.958390e+003,1.308591e+001
1.958872e+003,1.307779e+001
1.959354e+003,1.307010e+001
1.959836e+003,1.306291e+001
1.960318e+003,1.305617e+001
1.960801e+003,1.304976e+001
1.961283e+003,1.304352e+001
1.961765e+003,1.303729e+001
1.962247e+003,1.303091e+001
1.962729e+003,1.302426e+001
1.963211e+003,1.301729e+001
1.963693e+003,1.301005e+001
1.964176e+003,1.300270e+001
1.964657e+003,1.299552e+001
1.965140e+003,1.298886e+001
1.965622e+003,1.298307e+001
1.966104e+003,1.297837e+001
1.966586e+003,1.297479e+001
1.967068e+003,1.297210e+001
1.967550e+003,1.296987e+001
1.968032e+003,1.296761e+001
1.968515e+003,1.296492e+001
1.968997e+003,1.296157e+001
1.969479e+003,1.295761e+001
1.969961e+003,1.295323e+001
1.970443e+003,1.294872e+001
1.970925e+003,1.294434e+001
1.971407e+003,1.294026e+001
1.971889e+003,1.293651e+001
1.972372e+003,1.293302e+001
1.972854e+003,1.292966e+001
1.973336e+003,1.292631e+001
1.973818e+003,1.292288e+001
1.974300e+003,1.291930e+001
1.974782e+003,1.291557e+001
1.975264e+003,1.291172e+001
1.975746e+003,1.290781e+001
1.976229e+003,1.290398e+001
1.976711e+003,1.290038e+001
1.977193e+003,1.289722e+001
1.977675e+003,1.289461e+001
1.978157e+003,1.289261e+001
1.978639e+003,1.289113e+001
1.979121e+003,1.288998e+001
1.979604e+003,1.288892e+001
1.980085e+003,1.288772e+001
1.980568e+003,1.288623e+001
1.981050e+003,1.288443e+001
1.981532e+003,1.288239e+001
1.982014e+003,1.288022e+001
1.982496e+003,1.287805e+001
1.982978e+003,1.287595e+001
1.983460e+003,1.287393e+001
1.983943e+003,1.287201e+001
1.984425e+003,1.287017e+001
1.984907e+003,1.286842e+001
1.985389e+003,1.286677e+001
1.985871e+003,1.286522e+001
1.986353e+003,1.286373e+001
1.986835e+003,1.286221e+001
1.987317e+003,1.286057e+001
1.987800e+003,1.285876e+001
1.988282e+003,1.285683e+001
1.988764e+003,1.285490e+001
1.989246e+003,1.285320e+001
1.989728e+003,1.285196e+001
1.990210e+003,1.285136e+001
1.990692e+003,1.285145e+001
1.991174e+003,1.285217e+001
1.991656e+003,1.285334e+001
1.992139e+003,1.285473e+001
1.992621e+003,1.285613e+001
1.993103e+003,1.285739e+001
1.993585e+003,1.285847e+001
1.994067e+003,1.285941e+001
1.994549e+003,1.286032e+001
1.995031e+003,1.286131e+001
1.995514e+003,1.286250e+001
1.995996e+003,1.286399e+001
1.996478e+003,1.286580e+001
1.996960e+003,1.286791e+001
1.997442e+003,1.287023e+001
1.997924e+003,1.287264e+001
1.998406e+003,1.287496e+001
1.998888e+003,1.287706e+001
1.999371e+003,1.287889e+001
1.999853e+003,1.288041e+001
2.000335e+003,1.288171e+001
2.000817e+003,1.288285e+001
2.001299e+003,1.288391e+001
2.001781e+003,1.288494e+001
2.002263e+003,1.288595e+001
2.002745e+003,1.288696e+001
2.003228e+003,1.288800e+001
2.003710e+003,1.288916e+001
2.004192e+003,1.289052e+001
2.004674e+003,1.289215e+001
2.005156e+003,1.289403e+001
2.005638e+003,1.289606e+001
2.006120e+003,1.289807e+001
2.006603e+003,1.289986e+001
2.007084e+003,1.290129e+001
2.007567e+003,1.290234e+001
2.008049e+003,1.290310e+001
2.008531e+003,1.290380e+001
2.009013e+003,1.290466e+001
2.009495e+003,1.290585e+001
2.009977e+003,1.290745e+001
2.010459e+003,1.290938e+001
2.010942e+003,1.291148e+001
2.011424e+003,1.291350e+001
2.011906e+003,1.291525e+001
2.012388e+003,1.291656e+001
2.012870e+003,1.291737e+001
2.013352e+003,1.291773e+001
2.013834e+003,1.291778e+001
2.014316e+003,1.291778e+001
2.014799e+003,1.291804e+001
2.015281e+003,1.291892e+001
2.015763e+003,1.292075e+001
2.016245e+003,1.292373e+001
2.016727e+003,1.292787e+001
2.017209e+003,1.293295e+001
2.017691e+003,1.293855e+001
2.018173e+003,1.294414e+001
2.018656e+003,1.294920e+001
2.019138e+003,1.295332e+001
2.019620e+003,1.295631e+001
2.020102e+003,1.295818e+001
2.020584e+003,1.295909e+001
2.021066e+003,1.295930e+001
2.021548e+003,1.295911e+001
2.022031e+003,1.295877e+001
2.022512e+003,1.295847e+001
2.022995e+003,1.295836e+001
2.023477e+003,1.295855e+001
2.023959e+003,1.295914e+001
2.024441e+003,1.296018e+001
2.024923e+003,1.296172e+001
2.025405e+003,1.296378e+001
2.025887e+003,1.296632e+001
2.026370e+003,1.296927e+001
2.026852e+003,1.297252e+001
2.027334e+003,1.297593e+001
2.027816e+003,1.297934e+001
2.028298e+003,1.298258e+001
2.028780e+003,1.298551e+001
2.029262e+003,1.298802e+001
2.029744e+003,1.299011e+001
2.030227e+003,1.299186e+001
2.030709e+003,1.299340e+001
2.031191e+003,1.299494e+001
2.031673e+003,1.299660e+001
2.032155e+003,1.299846e+001
2.032637e+003,1.300049e+001
2.033119e+003,1.300258e+001
2.033601e+003,1.300458e+001
2.034083e+003,1.300637e+001
2.034566e+003,1.300795e+001
2.035048e+003,1.300937e+001
2.035530e+003,1.301078e+001
2.036012e+003,1.301232e+001
2.036494e+003,1.301406e+001
2.036976e+003,1.301601e+001
2.037458e+003,1.301811e+001
2.037940e+003,1.302024e+001
2.038423e+003,1.302227e+001
2.038905e+003,1.302416e+001
2.039387e+003,1.302586e+001
2.039869e+003,1.302736e+001
2.040351e+003,1.302867e+001
2.040833e+003,1.302977e+001
2.041315e+003,1.303062e+001
2.041798e+003,1.303119e+001
2.042280e+003,1.303142e+001
2.042762e+003,1.303134e+001
2.043244e+003,1.303101e+001
2.043726e+003,1.303049e+001
2.044208e+003,1.302990e+001
2.044690e+003,1.302935e+001
2.045172e+003,1.302897e+001
2.045655e+003,1.302888e+001
2.046137e+003,1.302918e+001
2.046619e+003,1.302995e+001
2.047101e+003,1.303119e+001
2.047583e+003,1.303281e+001
2.048065e+003,1.303460e+001
2.048547e+003,1.303635e+001
2.049029e+003,1.303781e+001
2.049511e+003,1.303883e+001
2.049994e+003,1.303939e+001
2.050476e+003,1.303959e+001
2.050958e+003,1.303966e+001
2.051440e+003,1.303981e+001
2.051922e+003,1.304023e+001
2.052404e+003,1.304101e+001
2.052886e+003,1.304212e+001
2.053368e+003,1.304342e+001
2.053851e+003,1.304476e+001
2.054333e+003,1.304597e+001
2.054815e+003,1.304693e+001
2.055297e+003,1.304758e+001
2.055779e+003,1.304791e+001
2.056261e+003,1.304792e+001
2.056743e+003,1.304767e+001
2.057226e+003,1.304721e+001
2.057708e+003,1.304661e+001
2.058190e+003,1.304595e+001
2.058672e+003,1.304529e+001
2.059154e+003,1.304463e+001
2.059636e+003,1.304396e+001
2.060118e+003,1.304325e+001
2.060600e+003,1.304247e+001
2.061083e+003,1.304161e+001
2.061565e+003,1.304074e+001
2.062047e+003,1.303994e+001
2.062529e+003,1.303931e+001
2.063011e+003,1.303889e+001
2.063493e+003,1.303867e+001
2.063975e+003,1.303857e+001
2.064457e+003,1.303844e+001
2.064939e+003,1.303814e+001
2.065422e+003,1.303761e+001
2.065904e+003,1.303680e+001
2.066386e+003,1.303576e+001
2.066868e+003,1.303454e+001
2.067350e+003,1.303317e+001
2.067832e+003,1.303164e+001
2.068314e+003,1.302991e+001
2.068796e+003,1.302794e+001
2.069279e+003,1.302573e+001
2.069761e+003,1.302332e+001
2.070243e+003,1.302079e+001
2.070725e+003,1.301826e+001
2.071207e+003,1.301579e+001
2.071689e+003,1.301343e+001
2.072171e+003,1.301115e+001
2.072654e+003,1.300894e+001
2.073135e+003,1.300679e+001
2.073618e+003,1.300473e+001
2.074100e+003,1.300286e+001
2.074582e+003,1.300127e+001
2.075064e+003,1.300005e+001
2.075546e+003,1.299922e+001
2.076028e+003,1.299871e+001
2.076510e+003,1.299840e+001
2.076993e+003,1.299812e+001
2.077475e+003,1.299770e+001
2.077957e+003,1.299700e+001
2.078439e+003,1.299596e+001
2.078921e+003,1.299454e+001
2.079403e+003,1.299277e+001
2.079885e+003,1.299071e+001
2.080367e+003,1.298843e+001
2.080850e+003,1.298599e+001
2.081332e+003,1.298345e+001
2.081814e+003,1.298084e+001
2.082296e+003,1.297817e+001
2.082778e+003,1.297547e+001
2.083260e+003,1.297274e+001
2.083742e+003,1.297006e+001
2.084224e+003,1.296748e+001
2.084707e+003,1.296509e+001
2.085189e+003,1.296295e+001
2.085671e+003,1.296108e+001
2.086153e+003,1.295941e+001
2.086635e+003,1.295782e+001
2.087117e+003,1.295616e+001
2.087599e+003,1.295430e+001
2.088082e+003,1.295218e+001
2.088563e+003,1.294985e+001
2.089046e+003,1.294741e+001
2.089528e+003,1.294503e+001
2.090010e+003,1.294286e+001
2.090492e+003,1.294097e+001
2.090974e+003,1.293937e+001
2.091456e+003,1.293797e+001
2.091938e+003,1.293667e+001
2.092421e+003,1.293535e+001
2.092903e+003,1.293390e+001
2.093385e+003,1.293224e+001
2.093867e+003,1.293029e+001
2.094349e+003,1.292799e+001
2.094831e+003,1.292528e+001
2.095313e+003,1.292214e+001
2.095795e+003,1.291862e+001
2.096278e+003,1.291484e+001
2.096760e+003,1.291102e+001
2.097242e+003,1.290738e+001
2.097724e+003,1.290414e+001
2.098206e+003,1.290143e+001
2.098688e+003,1.289926e+001
2.099170e+003,1.289750e+001
2.099652e+003,1.289593e+001
2.100135e+003,1.289429e+001
2.100617e+003,1.289231e+001
2.101099e+003,1.288980e+001
2.101581e+003,1.288664e+001
2.102063e+003,1.288281e+001
2.102545e+003,1.287845e+001
2.103027e+003,1.287379e+001
2.103510e+003,1.286913e+001
2.103991e+003,1.286482e+001
2.104474e+003,1.286120e+001
2.104956e+003,1.285850e+001
2.105438e+003,1.285679e+001
2.105920e+003,1.285601e+001
2.106402e+003,1.285595e+001
2.106884e+003,1.285631e+001
2.107366e+003,1.285681e+001
2.107849e+003,1.285718e+001
2.108331e+003,1.285724e+001
2.108813e+003,1.285689e+001
2.109295e+003,1.285604e+001
2.109777e+003,1.285465e+001
2.110259e+003,1.285269e+001
2.110741e+003,1.285018e+001
2.111223e+003,1.284723e+001
2.111706e+003,1.284401e+001
2.112188e+003,1.284081e+001
2.112670e+003,1.283791e+001
2.113152e+003,1.283555e+001
2.113634e+003,1.283389e+001
2.114116e+003,1.283294e+001
2.114598e+003,1.283258e+001
2.115080e+003,1.283264e+001
2.115563e+003,1.283293e+001
2.116045e+003,1.283328e+001
2.116527e+003,1.283360e+001
2.117009e+003,1.283379e+001
2.117491e+003,1.283384e+001
2.117973e+003,1.283370e+001
2.118455e+003,1.283333e+001
2.118938e+003,1.283272e+001
2.119420e+003,1.283189e+001
2.119902e+003,1.283091e+001
2.120384e+003,1.282983e+001
2.120866e+003,1.282874e+001
2.121348e+003,1.282767e+001
2.121830e+003,1.282663e+001
2.122312e+003,1.282558e+001
2.122794e+003,1.282451e+001
2.123277e+003,1.282344e+001
2.123759e+003,1.282243e+001
2.124241e+003,1.282160e+001
2.124723e+003,1.282108e+001
2.125205e+003,1.282098e+001
2.125687e+003,1.282132e+001
2.126169e+003,1.282208e+001
2.126651e+003,1.282315e+001
2.127134e+003,1.282441e+001
2.127616e+003,1.282569e+001
2.128098e+003,1.282686e+001
2.128580e+003,1.282779e+001
2.129062e+003,1.282840e+001
2.129544e+003,1.282862e+001
2.130026e+003,1.282844e+001
2.130509e+003,1.282791e+001
2.130990e+003,1.282713e+001
2.131473e+003,1.282621e+001
2.131955e+003,1.282528e+001
2.132437e+003,1.282441e+001
2.132919e+003,1.282363e+001
2.133401e+003,1.282291e+001
2.133883e+003,1.282220e+001
2.134365e+003,1.282148e+001
2.134848e+003,1.282077e+001
2.135330e+003,1.282017e+001
2.135812e+003,1.281981e+001
2.136294e+003,1.281981e+001
2.136776e+003,1.282025e+001
2.137258e+003,1.282115e+001
2.137740e+003,1.282244e+001
2.138222e+003,1.282406e+001
2.138705e+003,1.282589e+001
2.139187e+003,1.282787e+001
2.139669e+003,1.282996e+001
2.140151e+003,1.283212e+001
2.140633e+003,1.283434e+001
2.141115e+003,1.283658e+001
2.141597e+003,1.283881e+001
2.142079e+003,1.284099e+001
2.142562e+003,1.284314e+001
2.143044e+003,1.284530e+001
2.143526e+003,1.284752e+001
2.144008e+003,1.284986e+001
2.144490e+003,1.285235e+001
2.144972e+003,1.285497e+001
2.145454e+003,1.285768e+001
2.145937e+003,1.286042e+001
2.146418e+003,1.286314e+001
2.146901e+003,1.286580e+001
2.147383e+003,1.286842e+001
2.147865e+003,1.287100e+001
2.148347e+003,1.287354e+001
2.148829e+003,1.287601e+001
2.149311e+003,1.287840e+001
2.149793e+003,1.288066e+001
2.150276e+003,1.288278e+001
2.150758e+003,1.288477e+001
2.151240e+003,1.288661e+001
2.151722e+003,1.288835e+001
2.152204e+003,1.288999e+001
2.152686e+003,1.289158e+001
2.153168e+003,1.289318e+001
2.153650e+003,1.289491e+001
2.154133e+003,1.289695e+001
2.154615e+003,1.289950e+001
2.155097e+003,1.290272e+001
2.155579e+003,1.290667e+001
2.156061e+003,1.291131e+001
2.156543e+003,1.291643e+001
2.157025e+003,1.292172e+001
2.157507e+003,1.292688e+001
2.157990e+003,1.293165e+001
2.158472e+003,1.293591e+001
2.158954e+003,1.293966e+001
2.159436e+003,1.294303e+001
2.159918e+003,1.294618e+001
2.160400e+003,1.294930e+001
2.160882e+003,1.295252e+001
2.161365e+003,1.295591e+001
2.161846e+003,1.295951e+001
2.162329e+003,1.296332e+001
2.162811e+003,1.296733e+001
2.163293e+003,1.297153e+001
2.163775e+003,1.297588e+001
2.164257e+003,1.298036e+001
2.164739e+003,1.298490e+001
2.165221e+003,1.298944e+001
2.165704e+003,1.299394e+001
2.166186e+003,1.299835e+001
2.166668e+003,1.300267e+001
2.167150e+003,1.300688e+001
2.167632e+003,1.301102e+001
2.168114e+003,1.301511e+001
2.168596e+003,1.301920e+001
2.169078e+003,1.302337e+001
2.169561e+003,1.302770e+001
2.170043e+003,1.303227e+001
2.170525e+003,1.303712e+001
2.171007e+003,1.304225e+001
2.171489e+003,1.304756e+001
2.171971e+003,1.305293e+001
2.172453e+003,1.305822e+001
2.172935e+003,1.306333e+001
2.173417e+003,1.306824e+001
2.173900e+003,1.307301e+001
2.174382e+003,1.307777e+001
2.174864e+003,1.308268e+001
2.175346e+003,1.308785e+001
2.175828e+003,1.309336e+001
2.176310e+003,1.309918e+001
2.176792e+003,1.310528e+001
2.177274e+003,1.311157e+001
2.177757e+003,1.311796e+001
2.178239e+003,1.312436e+001
2.178721e+003,1.313071e+001
2.179203e+003,1.313690e+001
2.179685e+003,1.314286e+001
2.180167e+003,1.314854e+001
2.180649e+003,1.315393e+001
2.181132e+003,1.315910e+001
2.181614e+003,1.316417e+001
2.182096e+003,1.316931e+001
2.182578e+003,1.317463e+001
2.183060e+003,1.318023e+001
2.183542e+003,1.318606e+001
2.184024e+003,1.319204e+001
2.184506e+003,1.319804e+001
2.184989e+003,1.320394e+001
2.185471e+003,1.320969e+001
2.185953e+003,1.321533e+001
2.186435e+003,1.322092e+001
2.186917e+003,1.322652e+001
2.187399e+003,1.323218e+001
2.187881e+003,1.323786e+001
2.188363e+003,1.324352e+001
2.188845e+003,1.324911e+001
2.189328e+003,1.325460e+001
2.189810e+003,1.326004e+001
2.190292e+003,1.326553e+001
2.190774e+003,1.327122e+001
2.191256e+003,1.327725e+001
2.191738e+003,1.328370e+001
2.192220e+003,1.329061e+001
2.192702e+003,1.329791e+001
2.193185e+003,1.330548e+001
2.193667e+003,1.331317e+001
2.194149e+003,1.332076e+001
2.194631e+003,1.332807e+001
2.195113e+003,1.333494e+001
2.195595e+003,1.334126e+001
2.196077e+003,1.334698e+001
2.196560e+003,1.335215e+001
2.197042e+003,1.335686e+001
2.197524e+003,1.336127e+001
2.198006e+003,1.336554e+001
2.198488e+003,1.336981e+001
2.198970e+003,1.337421e+001
2.199452e+003,1.337883e+001
2.199934e+003,1.338374e+001
2.200417e+003,1.338899e+001
2.200899e+003,1.339463e+001
2.201381e+003,1.340068e+001
2.201863e+003,1.340711e+001
2.202345e+003,1.341383e+001
2.202827e+003,1.342072e+001
2.203309e+003,1.342763e+001
2.203791e+003,1.343442e+001
2.204273e+003,1.344103e+001
2.204756e+003,1.344749e+001
2.205238e+003,1.345391e+001
2.205720e+003,1.346043e+001
2.206202e+003,1.346722e+001
2.206684e+003,1.347437e+001
2.207166e+003,1.348188e+001
2.207648e+003,1.348966e+001
2.208130e+003,1.349753e+001
2.208613e+003,1.350528e+001
2.209095e+003,1.351269e+001
2.209577e+003,1.351960e+001
2.210059e+003,1.352591e+001
2.210541e+003,1.353158e+001
2.211023e+003,1.353669e+001
2.211505e+003,1.354136e+001
2.211988e+003,1.354579e+001
2.212469e+003,1.355017e+001
2.212952e+003,1.355469e+001
2.213434e+003,1.355951e+001
2.213916e+003,1.356472e+001
2.214398e+003,1.357034e+001
2.214880e+003,1.357634e+001
2.215362e+003,1.358265e+001
2.215844e+003,1.358919e+001
2.216327e+003,1.359585e+001
2.216809e+003,1.360252e+001
2.217291e+003,1.360908e+001
2.217773e+003,1.361540e+001
2.218255e+003,1.362138e+001
2.218737e+003,1.362697e+001
2.219219e+003,1.363217e+001
2.219701e+003,1.363708e+001
2.220184e+003,1.364186e+001
2.220666e+003,1.364670e+001
2.221148e+003,1.365172e+001
2.221630e+003,1.365702e+001
2.222112e+003,1.366255e+001
2.222594e+003,1.366822e+001
2.223076e+003,1.367387e+001
2.223558e+003,1.367935e+001
2.224041e+003,1.368455e+001
2.224523e+003,1.368944e+001
2.225005e+003,1.369404e+001
2.225487e+003,1.369841e+001
2.225969e+003,1.370265e+001
2.226451e+003,1.370687e+001
2.226933e+003,1.371117e+001
2.227416e+003,1.371566e+001
2.227897e+003,1.372043e+001
2.228380e+003,1.372556e+001
2.228862e+003,1.373107e+001
2.229344e+003,1.373691e+001
2.229826e+003,1.374297e+001
2.230308e+003,1.374906e+001
2.230790e+003,1.375501e+001
2.231272e+003,1.376064e+001
2.231755e+003,1.376583e+001
2.232237e+003,1.377051e+001
2.232719e+003,1.377468e+001
2.233201e+003,1.377837e+001
2.233683e+003,1.378164e+001
2.234165e+003,1.378459e+001
2.234647e+003,1.378730e+001
2.235129e+003,1.378989e+001
2.235612e+003,1.379246e+001
2.236094e+003,1.379510e+001
2.236576e+003,1.379784e+001
2.237058e+003,1.380070e+001
2.237540e+003,1.380364e+001
2.238022e+003,1.380661e+001
2.238504e+003,1.380959e+001
2.238986e+003,1.381260e+001
2.239469e+003,1.381570e+001
2.239951e+003,1.381897e+001
2.240433e+003,1.382248e+001
2.240915e+003,1.382623e+001
2.241397e+003,1.383018e+001
2.241879e+003,1.383424e+001
2.242361e+003,1.383829e+001
2.242844e+003,1.384224e+001
2.243326e+003,1.384606e+001
2.243808e+003,1.384975e+001
2.244290e+003,1.385334e+001
2.244772e+003,1.385685e+001
2.245254e+003,1.386028e+001
2.245736e+003,1.386357e+001
2.246218e+003,1.386664e+001
2.246700e+003,1.386942e+001
2.247183e+003,1.387184e+001
2.247665e+003,1.387392e+001
2.248147e+003,1.387568e+001
2.248629e+003,1.387718e+001
2.249111e+003,1.387849e+001
2.249593e+003,1.387967e+001
2.250075e+003,1.388078e+001
2.250557e+003,1.388184e+001
2.251040e+003,1.388292e+001
2.251522e+003,1.388404e+001
2.252004e+003,1.388524e+001
2.252486e+003,1.388655e+001
2.252968e+003,1.388797e+001
2.253450e+003,1.388949e+001
2.253932e+003,1.389113e+001
2.254415e+003,1.389289e+001
2.254896e+003,1.389479e+001
2.255379e+003,1.389684e+001
2.255861e+003,1.389905e+001
2.256343e+003,1.390137e+001
2.256825e+003,1.390372e+001
2.257307e+003,1.390601e+001
2.257789e+003,1.390813e+001
2.258271e+003,1.391000e+001
2.258754e+003,1.391159e+001
2.259236e+003,1.391286e+001
2.259718e+003,1.391385e+001
2.260200e+003,1.391457e+001
2.260682e+003,1.391503e+001
2.261164e+003,1.391526e+001
2.261646e+003,1.391528e+001
2.262128e+003,1.391517e+001
2.262611e+003,1.391503e+001
2.263093e+003,1.391495e+001
2.263575e+003,1.391505e+001
2.264057e+003,1.391536e+001
2.264539e+003,1.391588e+001
2.265021e+003,1.391653e+001
2.265503e+003,1.391722e+001
2.265985e+003,1.391785e+001
2.266468e+003,1.391837e+001
2.266950e+003,1.391877e+001
2.267432e+003,1.391909e+001
2.267914e+003,1.391940e+001
2.268396e+003,1.391975e+001
2.268878e+003,1.392022e+001
2.269360e+003,1.392085e+001
2.269843e+003,1.392167e+001
2.270324e+003,1.392271e+001
2.270807e+003,1.392400e+001
2.271289e+003,1.392553e+001
2.271771e+003,1.392730e+001
2.272253e+003,1.392926e+001
2.272735e+003,1.393136e+001
2.273217e+003,1.393357e+001
2.273699e+003,1.393584e+001
2.274182e+003,1.393815e+001
2.274664e+003,1.394046e+001
2.275146e+003,1.394270e+001
2.275628e+003,1.394477e+001
2.276110e+003,1.394655e+001
2.276592e+003,1.394794e+001
2.277074e+003,1.394890e+001
2.277556e+003,1.394949e+001
2.278039e+003,1.394987e+001
2.278521e+003,1.395027e+001
2.279003e+003,1.395091e+001
2.279485e+003,1.395195e+001
2.279967e+003,1.395338e+001
2.280449e+003,1.395506e+001
2.280931e+003,1.395675e+001
2.281413e+003,1.395811e+001
2.281896e+003,1.395888e+001
2.282378e+003,1.395885e+001
2.282860e+003,1.395793e+001
2.283342e+003,1.395617e+001
2.283824e+003,1.395366e+001
2.284306e+003,1.395057e+001
2.284788e+003,1.394706e+001
2.285271e+003,1.394326e+001
2.285752e+003,1.393931e+001
2.286235e+003,1.393529e+001
2.286717e+003,1.393124e+001
2.287199e+003,1.392718e+001
2.287681e+003,1.392313e+001
2.288163e+003,1.391904e+001
2.288645e+003,1.391489e+001
2.289127e+003,1.391065e+001
2.289610e+003,1.390628e+001
2.290092e+003,1.390174e+001
2.290574e+003,1.389700e+001
2.291056e+003,1.389197e+001
2.291538e+003,1.388660e+001
2.292020e+003,1.388085e+001
2.292502e+003,1.387473e+001
2.292984e+003,1.386832e+001
2.293467e+003,1.386174e+001
2.293949e+003,1.385515e+001
2.294431e+003,1.384871e+001
2.294913e+003,1.384247e+001
2.295395e+003,1.383643e+001
2.295877e+003,1.383047e+001
2.296359e+003,1.382442e+001
2.296841e+003,1.381809e+001
2.297323e+003,1.381134e+001
2.297806e+003,1.380409e+001
2.298288e+003,1.379634e+001
2.298770e+003,1.378814e+001
2.299252e+003,1.377960e+001
2.299734e+003,1.377083e+001
2.300216e+003,1.376194e+001
2.300698e+003,1.375301e+001
2.301180e+003,1.374409e+001
2.301663e+003,1.373514e+001
2.302145e+003,1.372606e+001
2.302627e+003,1.371667e+001
2.303109e+003,1.370672e+001
2.303591e+003,1.369598e+001
2.304073e+003,1.368426e+001
2.304555e+003,1.367148e+001
2.305038e+003,1.365770e+001
2.305520e+003,1.364306e+001
2.306002e+003,1.362776e+001
2.306484e+003,1.361198e+001
2.306966e+003,1.359581e+001
2.307448e+003,1.357931e+001
2.307930e+003,1.356245e+001
2.308412e+003,1.354528e+001
2.308895e+003,1.352795e+001
2.309377e+003,1.351073e+001
2.309859e+003,1.349405e+001
2.310341e+003,1.347838e+001
2.310823e+003,1.346419e+001
2.311305e+003,1.345178e+001
2.311787e+003,1.344129e+001
2.312269e+003,1.343258e+001
2.312751e+003,1.342532e+001
2.313234e+003,1.341897e+001
2.313716e+003,1.341284e+001
2.314198e+003,1.340621e+001
2.314680e+003,1.339836e+001
2.315162e+003,1.338870e+001
2.315644e+003,1.337677e+001
2.316126e+003,1.336230e+001
2.316608e+003,1.334525e+001
2.317091e+003,1.332574e+001
2.317573e+003,1.330400e+001
2.318055e+003,1.328038e+001
2.318537e+003,1.325524e+001
2.319019e+003,1.322901e+001
2.319501e+003,1.320221e+001
2.319983e+003,1.317546e+001
2.320466e+003,1.314946e+001
2.320948e+003,1.312499e+001
2.321430e+003,1.310273e+001
2.321912e+003,1.308315e+001
2.322394e+003,1.306642e+001
2.322876e+003,1.305228e+001
2.323358e+003,1.304016e+001
2.323840e+003,1.302921e+001
2.324323e+003,1.301852e+001
2.324805e+003,1.300724e+001
2.325287e+003,1.299465e+001
2.325769e+003,1.298028e+001
2.326251e+003,1.296389e+001
2.326733e+003,1.294552e+001
2.327215e+003,1.292552e+001
2.327697e+003,1.290455e+001
2.328179e+003,1.288356e+001
2.328662e+003,1.286374e+001
2.329144e+003,1.284633e+001
2.329626e+003,1.283243e+001
2.330108e+003,1.282273e+001
2.330590e+003,1.281737e+001
2.331072e+003,1.281586e+001
2.331554e+003,1.281722e+001
2.332036e+003,1.282015e+001
2.332519e+003,1.282333e+001
2.333001e+003,1.282557e+001
2.333483e+003,1.282608e+001
2.333965e+003,1.282445e+001
2.334447e+003,1.282064e+001
2.334929e+003,1.281494e+001
2.335411e+003,1.280780e+001
2.335894e+003,1.279975e+001
2.336375e+003,1.279127e+001
2.336858e+003,1.278270e+001
2.337340e+003,1.277427e+001
2.337822e+003,1.276610e+001
2.338304e+003,1.275833e+001
2.338786e+003,1.275118e+001
2.339268e+003,1.274504e+001
2.339750e+003,1.274040e+001
2.340233e+003,1.273784e+001
2.340715e+003,1.273786e+001
2.341197e+003,1.274086e+001
2.341679e+003,1.274719e+001
2.342161e+003,1.275732e+001
2.342643e+003,1.277206e+001
2.343125e+003,1.279265e+001
2.343607e+003,1.282058e+001
2.344090e+003,1.285709e+001
2.344572e+003,1.290245e+001
2.345054e+003,1.295529e+001
2.345536e+003,1.301251e+001
2.346018e+003,1.306962e+001
2.346500e+003,1.312170e+001
2.346982e+003,1.316430e+001
2.347464e+003,1.319415e+001
2.347947e+003,1.320934e+001
2.348429e+003,1.320927e+001
2.348911e+003,1.319437e+001
2.349393e+003,1.316590e+001
2.349875e+003,1.312571e+001
2.350357e+003,1.307614e+001
2.350839e+003,1.301989e+001
2.351322e+003,1.295983e+001
2.351803e+003,1.289876e+001
2.352286e+003,1.283900e+001
2.352768e+003,1.278219e+001
2.353250e+003,1.272910e+001
2.353732e+003,1.267980e+001
2.354214e+003,1.263395e+001
2.354696e+003,1.259122e+001
2.355178e+003,1.255153e+001
2.355661e+003,1.251513e+001
2.356143e+003,1.248251e+001
2.356625e+003,1.245412e+001
2.357107e+003,1.243030e+001
2.357589e+003,1.241116e+001
2.358071e+003,1.239668e+001
2.358553e+003,1.238681e+001
2.359035e+003,1.238145e+001
2.359518e+003,1.238054e+001
2.360000e+003,1.238385e+001
2.360482e+003,1.239104e+001
2.360964e+003,1.240164e+001
2.361446e+003,1.241515e+001
2.361928e+003,1.243125e+001
2.362410e+003,1.244993e+001
2.362892e+003,1.247151e+001
2.363375e+003,1.249648e+001
2.363857e+003,1.252532e+001
2.364339e+003,1.255826e+001
2.364821e+003,1.259511e+001
2.365303e+003,1.263528e+001
2.365785e+003,1.267790e+001
2.366267e+003,1.272207e+001
2.366750e+003,1.276704e+001
2.367232e+003,1.281240e+001
2.367714e+003,1.285809e+001
2.368196e+003,1.290436e+001
2.368678e+003,1.295165e+001
2.369160e+003,1.300041e+001
2.369642e+003,1.305099e+001
2.370124e+003,1.310349e+001
2.370606e+003,1.315778e+001
2.371089e+003,1.321342e+001
2.371571e+003,1.326972e+001
2.372053e+003,1.332587e+001
2.372535e+003,1.338100e+001
2.373017e+003,1.343432e+001
2.373499e+003,1.348524e+001
2.373981e+003,1.353344e+001
2.374463e+003,1.357892e+001
2.374946e+003,1.362194e+001
2.375428e+003,1.366300e+001
2.375910e+003,1.370269e+001
2.376392e+003,1.374160e+001
2.376874e+003,1.378026e+001
2.377356e+003,1.381901e+001
2.377838e+003,1.385803e+001
2.378321e+003,1.389731e+001
2.378802e+003,1.393668e+001
2.379285e+003,1.397588e+001
2.379767e+003,1.401454e+001
2.380249e+003,1.405231e+001
2.380731e+003,1.408884e+001
2.381213e+003,1.412382e+001
2.381695e+003,1.415701e+001
2.382177e+003,1.418823e+001
2.382660e+003,1.421733e+001
2.383142e+003,1.424423e+001
2.383624e+003,1.426884e+001
2.384106e+003,1.429113e+001
2.384588e+003,1.431112e+001
2.385070e+003,1.432889e+001
2.385552e+003,1.434462e+001
2.386034e+003,1.435853e+001
2.386517e+003,1.437092e+001
2.386999e+003,1.438206e+001
2.387481e+003,1.439223e+001
2.387963e+003,1.440161e+001
2.388445e+003,1.441033e+001
2.388927e+003,1.441845e+001
2.389409e+003,1.442600e+001
2.389891e+003,1.443301e+001
2.390374e+003,1.443947e+001
2.390856e+003,1.444541e+001
2.391338e+003,1.445080e+001
2.391820e+003,1.445562e+001
2.392302e+003,1.445983e+001
2.392784e+003,1.446339e+001
2.393266e+003,1.446627e+001
2.393749e+003,1.446855e+001
2.394230e+003,1.447035e+001
2.394713e+003,1.447188e+001
2.395195e+003,1.447337e+001
2.395677e+003,1.447508e+001
2.396159e+003,1.447720e+001
2.396641e+003,1.447988e+001
2.397123e+003,1.448321e+001
2.397605e+003,1.448720e+001
2.398088e+003,1.449184e+001
2.398570e+003,1.449702e+001
2.399052e+003,1.450263e+001
2.399534e+003,1.450847e+001
2.400016e+003,1.451431e+001
2.400498e+003,1.451989e+001
2.400980e+003,1.452497e+001
2.401462e+003,1.452939e+001
2.401945e+003,1.453310e+001
2.402427e+003,1.453617e+001
2.402909e+003,1.453877e+001
2.403391e+003,1.454116e+001
2.403873e+003,1.454356e+001
2.404355e+003,1.454615e+001
2.404837e+003,1.454900e+001
2.405319e+003,1.455205e+001
2.405802e+003,1.455517e+001
2.406284e+003,1.455815e+001
2.406766e+003,1.456082e+001
2.407248e+003,1.456305e+001
2.407730e+003,1.456483e+001
2.408212e+003,1.456625e+001
2.408694e+003,1.456749e+001
2.409177e+003,1.456877e+001
2.409658e+003,1.457030e+001
2.410141e+003,1.457218e+001
2.410623e+003,1.457440e+001
2.411105e+003,1.457687e+001
2.411587e+003,1.457938e+001
2.412069e+003,1.458173e+001
2.412551e+003,1.458379e+001
2.413033e+003,1.458554e+001
2.413516e+003,1.458709e+001
2.413998e+003,1.458863e+001
2.414480e+003,1.459039e+001
2.414962e+003,1.459256e+001
2.415444e+003,1.459525e+001
2.415926e+003,1.459840e+001
2.416408e+003,1.460189e+001
2.416890e+003,1.460549e+001
2.417373e+003,1.460896e+001
2.417855e+003,1.461212e+001
2.418337e+003,1.461484e+001
2.418819e+003,1.461705e+001
2.419301e+003,1.461878e+001
2.419783e+003,1.462009e+001
2.420265e+003,1.462108e+001
2.420747e+003,1.462187e+001
2.421229e+003,1.462258e+001
2.421712e+003,1.462331e+001
2.422194e+003,1.462417e+001
2.422676e+003,1.462525e+001
2.423158e+003,1.462660e+001
2.423640e+003,1.462828e+001
2.424122e+003,1.463032e+001
2.424604e+003,1.463273e+001
2.425086e+003,1.463550e+001
2.425569e+003,1.463864e+001
2.426051e+003,1.464207e+001
2.426533e+003,1.464570e+001
2.427015e+003,1.464940e+001
2.427497e+003,1.465301e+001
2.427979e+003,1.465635e+001
2.428461e+003,1.465927e+001
2.428944e+003,1.466170e+001
2.429426e+003,1.466360e+001
2.429908e+003,1.466502e+001
2.430390e+003,1.466605e+001
2.430872e+003,1.466682e+001
2.431354e+003,1.466744e+001
2.431836e+003,1.466801e+001
2.432318e+003,1.466854e+001
2.432801e+003,1.466903e+001
2.433283e+003,1.466943e+001
2.433765e+003,1.466968e+001
2.434247e+003,1.466973e+001
2.434729e+003,1.466957e+001
2.435211e+003,1.466925e+001
2.435693e+003,1.466886e+001
2.436175e+003,1.466855e+001
2.436657e+003,1.466847e+001
2.437140e+003,1.466877e+001
2.437622e+003,1.466953e+001
2.438104e+003,1.467080e+001
2.438586e+003,1.467253e+001
2.439068e+003,1.467465e+001
2.439550e+003,1.467704e+001
2.440032e+003,1.467954e+001
2.440514e+003,1.468204e+001
2.440997e+003,1.468440e+001
2.441479e+003,1.468654e+001
2.441961e+003,1.468838e+001
2.442443e+003,1.468989e+001
2.442925e+003,1.469106e+001
2.443407e+003,1.469195e+001
2.443889e+003,1.469260e+001
2.444372e+003,1.469308e+001
2.444854e+003,1.469345e+001
2.445336e+003,1.469375e+001
2.445818e+003,1.469397e+001
2.446300e+003,1.469410e+001
2.446782e+003,1.469411e+001
2.447264e+003,1.469399e+001
2.447746e+003,1.469373e+001
2.448229e+003,1.469334e+001
2.448711e+003,1.469285e+001
2.449193e+003,1.469226e+001
2.449675e+003,1.469158e+001
2.450157e+003,1.469077e+001
2.450639e+003,1.468982e+001
2.451121e+003,1.468873e+001
2.451604e+003,1.468754e+001
2.452085e+003,1.468630e+001
2.452568e+003,1.468507e+001
2.453050e+003,1.468389e+001
2.453532e+003,1.468277e+001
2.454014e+003,1.468168e+001
2.454496e+003,1.468058e+001
2.454978e+003,1.467945e+001
2.455460e+003,1.467830e+001
2.455943e+003,1.467721e+001
2.456425e+003,1.467630e+001
2.456907e+003,1.467571e+001
2.457389e+003,1.467555e+001
2.457871e+003,1.467585e+001
2.458353e+003,1.467654e+001
2.458835e+003,1.467747e+001
2.459317e+003,1.467842e+001
2.459800e+003,1.467914e+001
2.460282e+003,1.467940e+001
2.460764e+003,1.467904e+001
2.461246e+003,1.467800e+001
2.461728e+003,1.467630e+001
2.462210e+003,1.467404e+001
2.462692e+003,1.467140e+001
2.463174e+003,1.466858e+001
2.463656e+003,1.466575e+001
2.464139e+003,1.466308e+001
2.464621e+003,1.466064e+001
2.465103e+003,1.465843e+001
2.465585e+003,1.465641e+001
2.466067e+003,1.465453e+001
2.466549e+003,1.465273e+001
2.467031e+003,1.465102e+001
2.467513e+003,1.464943e+001
2.467996e+003,1.464802e+001
2.468478e+003,1.464687e+001
2.468960e+003,1.464601e+001
2.469442e+003,1.464538e+001
2.469924e+003,1.464489e+001
2.470406e+003,1.464439e+001
2.470888e+003,1.464372e+001
2.471371e+003,1.464276e+001
2.471853e+003,1.464145e+001
2.472335e+003,1.463983e+001
2.472817e+003,1.463798e+001
2.473299e+003,1.463603e+001
2.473781e+003,1.463412e+001
2.474263e+003,1.463238e+001
2.474745e+003,1.463086e+001
2.475228e+003,1.462959e+001
2.475710e+003,1.462854e+001
2.476192e+003,1.462760e+001
2.476674e+003,1.462669e+001
2.477156e+003,1.462567e+001
2.477638e+003,1.462445e+001
2.478120e+003,1.462295e+001
2.478602e+003,1.462112e+001
2.479084e+003,1.461899e+001
2.479567e+003,1.461660e+001
2.480049e+003,1.461406e+001
2.480531e+003,1.461148e+001
2.481013e+003,1.460900e+001
2.481495e+003,1.460674e+001
2.481977e+003,1.460478e+001
2.482459e+003,1.460318e+001
2.482941e+003,1.460191e+001
2.483424e+003,1.460090e+001
2.483906e+003,1.460002e+001
2.484388e+003,1.459911e+001
2.484870e+003,1.459804e+001
2.485352e+003,1.459671e+001
2.485834e+003,1.459507e+001
2.486316e+003,1.459315e+001
2.486799e+003,1.459103e+001
2.487281e+003,1.458881e+001
2.487763e+003,1.458660e+001
2.488245e+003,1.458447e+001
2.488727e+003,1.458246e+001
2.489209e+003,1.458062e+001
2.489691e+003,1.457896e+001
2.490173e+003,1.457753e+001
2.490656e+003,1.457637e+001
2.491138e+003,1.457550e+001
2.491620e+003,1.457490e+001
2.492102e+003,1.457446e+001
2.492584e+003,1.457403e+001
2.493066e+003,1.457338e+001
2.493548e+003,1.457230e+001
2.494030e+003,1.457061e+001
2.494512e+003,1.456826e+001
2.494995e+003,1.456531e+001
2.495477e+003,1.456198e+001
2.495959e+003,1.455856e+001
2.496441e+003,1.455537e+001
2.496923e+003,1.455268e+001
2.497405e+003,1.455067e+001
2.497887e+003,1.454935e+001
2.498370e+003,1.454862e+001
2.498852e+003,1.454826e+001
2.499334e+003,1.454801e+001
2.499816e+003,1.454762e+001
2.500298e+003,1.454693e+001
2.500780e+003,1.454589e+001
2.501262e+003,1.454454e+001
2.501744e+003,1.454299e+001
2.502227e+003,1.454139e+001
2.502709e+003,1.453984e+001
2.503191e+003,1.453838e+001
2.503673e+003,1.453697e+001
2.504155e+003,1.453552e+001
2.504637e+003,1.453389e+001
2.505119e+003,1.453199e+001
2.505601e+003,1.452974e+001
2.506083e+003,1.452716e+001
2.506566e+003,1.452430e+001
2.507048e+003,1.452125e+001
2.507530e+003,1.451814e+001
2.508012e+003,1.451509e+001
2.508494e+003,1.451220e+001
2.508976e+003,1.450953e+001
2.509458e+003,1.450714e+001
2.509940e+003,1.450500e+001
2.510423e+003,1.450306e+001
2.510905e+003,1.450126e+001
2.511387e+003,1.449953e+001
2.511869e+003,1.449785e+001
2.512351e+003,1.449624e+001
2.512833e+003,1.449482e+001
2.513315e+003,1.449370e+001
2.513798e+003,1.449303e+001
2.514280e+003,1.449284e+001
2.514762e+003,1.449312e+001
2.515244e+003,1.449368e+001
2.515726e+003,1.449430e+001
2.516208e+003,1.449470e+001
2.516690e+003,1.449466e+001
2.517172e+003,1.449405e+001
2.517655e+003,1.449287e+001
2.518137e+003,1.449122e+001
2.518619e+003,1.448927e+001
2.519101e+003,1.448718e+001
2.519583e+003,1.448509e+001
2.520065e+003,1.448307e+001
2.520547e+003,1.448116e+001
2.521029e+003,1.447937e+001
2.521511e+003,1.447768e+001
2.521994e+003,1.447610e+001
2.522476e+003,1.447463e+001
2.522958e+003,1.447325e+001
2.523440e+003,1.447190e+001
2.523922e+003,1.447055e+001
2.524404e+003,1.446913e+001
2.524886e+003,1.446760e+001
2.525368e+003,1.446598e+001
2.525851e+003,1.446430e+001
2.526333e+003,1.446265e+001
2.526815e+003,1.446114e+001
2.527297e+003,1.445987e+001
2.527779e+003,1.445894e+001
2.528261e+003,1.445841e+001
2.528743e+003,1.445829e+001
2.529226e+003,1.445854e+001
2.529708e+003,1.445909e+001
2.530190e+003,1.445980e+001
2.530672e+003,1.446050e+001
2.531154e+003,1.446104e+001
2.531636e+003,1.446128e+001
2.532118e+003,1.446112e+001
2.532600e+003,1.446057e+001
2.533083e+003,1.445965e+001
2.533565e+003,1.445845e+001
2.534047e+003,1.445702e+001
2.534529e+003,1.445538e+001
2.535011e+003,1.445349e+001
2.535493e+003,1.445127e+001
2.535975e+003,1.444864e+001
2.536457e+003,1.444559e+001
2.536939e+003,1.444219e+001
2.537422e+003,1.443864e+001
2.537904e+003,1.443523e+001
2.538386e+003,1.443229e+001
2.538868e+003,1.443014e+001
2.539350e+003,1.442902e+001
2.539832e+003,1.442901e+001
2.540314e+003,1.443003e+001
2.540796e+003,1.443185e+001
2.541279e+003,1.443413e+001
2.541761e+003,1.443645e+001
2.542243e+003,1.443841e+001
2.542725e+003,1.443970e+001
2.543207e+003,1.444012e+001
2.543689e+003,1.443962e+001
2.544171e+003,1.443829e+001
2.544654e+003,1.443632e+001
2.545135e+003,1.443396e+001
2.545618e+003,1.443149e+001
2.546100e+003,1.442912e+001
2.546582e+003,1.442701e+001
2.547064e+003,1.442530e+001
2.547546e+003,1.442402e+001
2.548028e+003,1.442319e+001
2.548510e+003,1.442280e+001
2.548993e+003,1.442278e+001
2.549475e+003,1.442307e+001
2.549957e+003,1.442354e+001
2.550439e+003,1.442408e+001
2.550921e+003,1.442455e+001
2.551403e+003,1.442481e+001
2.551885e+003,1.442476e+001
2.552367e+003,1.442433e+001
2.552850e+003,1.442345e+001
2.553332e+003,1.442212e+001
2.553814e+003,1.442036e+001
2.554296e+003,1.441824e+001
2.554778e+003,1.441587e+001
2.555260e+003,1.441344e+001
2.555742e+003,1.441114e+001
2.556224e+003,1.440913e+001
2.556707e+003,1.440756e+001
2.557189e+003,1.440644e+001
2.557671e+003,1.440575e+001
2.558153e+003,1.440534e+001
2.558635e+003,1.440508e+001
2.559117e+003,1.440486e+001
2.559599e+003,1.440462e+001
2.560082e+003,1.440438e+001
2.560563e+003,1.440423e+001
2.561046e+003,1.440423e+001
2.561528e+003,1.440441e+001
2.562010e+003,1.440476e+001
2.562492e+003,1.440517e+001
2.562974e+003,1.440555e+001
2.563456e+003,1.440576e+001
2.563938e+003,1.440574e+001
2.564421e+003,1.440544e+001
2.564903e+003,1.440488e+001
2.565385e+003,1.440405e+001
2.565867e+003,1.440295e+001
2.566349e+003,1.440156e+001
2.566831e+003,1.439985e+001
2.567313e+003,1.439784e+001
2.567795e+003,1.439557e+001
2.568278e+003,1.439317e+001
2.568760e+003,1.439079e+001
2.569242e+003,1.438863e+001
2.569724e+003,1.438685e+001
2.570206e+003,1.438556e+001
2.570688e+003,1.438480e+001
2.571170e+003,1.438456e+001
2.571652e+003,1.438473e+001
2.572135e+003,1.438518e+001
2.572617e+003,1.438576e+001
2.573099e+003,1.438632e+001
2.573581e+003,1.438672e+001
2.574063e+003,1.438688e+001
2.574545e+003,1.438678e+001
2.575027e+003,1.438643e+001
2.575510e+003,1.438588e+001
2.575991e+003,1.438522e+001
2.576474e+003,1.438449e+001
2.576956e+003,1.438373e+001
2.577438e+003,1.438295e+001
2.577920e+003,1.438212e+001
2.578402e+003,1.438119e+001
2.578884e+003,1.438013e+001
2.579366e+003,1.437894e+001
2.579849e+003,1.437763e+001
2.580331e+003,1.437622e+001
2.580813e+003,1.437471e+001
2.581295e+003,1.437309e+001
2.581777e+003,1.437131e+001
2.582259e+003,1.436934e+001
2.582741e+003,1.436720e+001
2.583223e+003,1.436497e+001
2.583706e+003,1.436276e+001
2.584188e+003,1.436076e+001
2.584670e+003,1.435919e+001
2.585152e+003,1.435816e+001
2.585634e+003,1.435776e+001
2.586116e+003,1.435794e+001
2.586598e+003,1.435856e+001
2.587080e+003,1.435940e+001
2.587563e+003,1.436023e+001
2.588045e+003,1.436081e+001
2.588527e+003,1.436101e+001
2.589009e+003,1.436076e+001
2.589491e+003,1.436005e+001
2.589973e+003,1.435895e+001
2.590455e+003,1.435754e+001
2.590938e+003,1.435588e+001
2.591419e+003,1.435400e+001
2.591902e+003,1.435192e+001
2.592384e+003,1.434962e+001
2.592866e+003,1.434711e+001
2.593348e+003,1.434442e+001
2.593830e+003,1.434164e+001
2.594312e+003,1.433888e+001
2.594794e+003,1.433630e+001
2.595277e+003,1.433396e+001
2.595759e+003,1.433191e+001
2.596241e+003,1.433008e+001
2.596723e+003,1.432834e+001
2.597205e+003,1.432655e+001
2.597687e+003,1.432456e+001
2.598169e+003,1.432230e+001
2.598651e+003,1.431977e+001
2.599134e+003,1.431704e+001
2.599616e+003,1.431423e+001
2.600098e+003,1.431144e+001
2.600580e+003,1.430875e+001
2.601062e+003,1.430622e+001
2.601544e+003,1.430385e+001
2.602026e+003,1.430171e+001
2.602508e+003,1.429983e+001
2.602990e+003,1.429829e+001
2.603473e+003,1.429718e+001
2.603955e+003,1.429650e+001
2.604437e+003,1.429621e+001
2.604919e+003,1.429617e+001
2.605401e+003,1.429612e+001
2.605883e+003,1.429581e+001
2.606365e+003,1.429497e+001
2.606847e+003,1.429342e+001
2.607330e+003,1.429112e+001
2.607812e+003,1.428816e+001
2.608294e+003,1.428475e+001
2.608776e+003,1.428119e+001
2.609258e+003,1.427778e+001
2.609740e+003,1.427474e+001
2.610222e+003,1.427220e+001
2.610705e+003,1.427016e+001
2.611187e+003,1.426849e+001
2.611669e+003,1.426695e+001
2.612151e+003,1.426529e+001
2.612633e+003,1.426326e+001
2.613115e+003,1.426070e+001
2.613597e+003,1.425751e+001
2.614079e+003,1.425370e+001
2.614562e+003,1.424935e+001
2.615044e+003,1.424458e+001
2.615526e+003,1.423952e+001
2.616008e+003,1.423432e+001
2.616490e+003,1.422908e+001
2.616972e+003,1.422394e+001
2.617454e+003,1.421901e+001
2.617936e+003,1.421441e+001
2.618418e+003,1.421024e+001
2.618901e+003,1.420660e+001
2.619383e+003,1.420354e+001
2.619865e+003,1.420106e+001
2.620347e+003,1.419907e+001
2.620829e+003,1.419746e+001
2.621311e+003,1.419603e+001
2.621793e+003,1.419455e+001
2.622276e+003,1.419279e+001
2.622758e+003,1.419053e+001
2.623240e+003,1.418761e+001
2.623722e+003,1.418394e+001
2.624204e+003,1.417953e+001
2.624686e+003,1.417451e+001
2.625168e+003,1.416910e+001
2.625650e+003,1.416356e+001
2.626133e+003,1.415816e+001
2.626615e+003,1.415316e+001
2.627097e+003,1.414867e+001
2.627579e+003,1.414473e+001
2.628061e+003,1.414126e+001
2.628543e+003,1.413809e+001
2.629025e+003,1.413502e+001
2.629507e+003,1.413186e+001
2.629990e+003,1.412845e+001
2.630472e+003,1.412469e+001
2.630954e+003,1.412057e+001
2.631436e+003,1.411613e+001
2.631918e+003,1.411145e+001
2.632400e+003,1.410665e+001
2.632882e+003,1.410178e+001
2.633364e+003,1.409691e+001
2.633846e+003,1.409199e+001
2.634329e+003,1.408698e+001
2.634811e+003,1.408179e+001
2.635293e+003,1.407638e+001
2.635775e+003,1.407073e+001
2.636257e+003,1.406493e+001
2.636739e+003,1.405912e+001
2.637221e+003,1.405348e+001
2.637704e+003,1.404816e+001
2.638186e+003,1.404323e+001
2.638668e+003,1.403867e+001
2.639150e+003,1.403438e+001
2.639632e+003,1.403019e+001
2.640114e+003,1.402595e+001
2.640596e+003,1.402154e+001
2.641078e+003,1.401693e+001
2.641561e+003,1.401216e+001
2.642043e+003,1.400729e+001
2.642525e+003,1.400238e+001
2.643007e+003,1.399750e+001
2.643489e+003,1.399262e+001
2.643971e+003,1.398772e+001
2.644453e+003,1.398274e+001
2.644935e+003,1.397765e+001
2.645417e+003,1.397241e+001
2.645900e+003,1.396699e+001
2.646382e+003,1.396140e+001
2.646864e+003,1.395562e+001
2.647346e+003,1.394969e+001
2.647828e+003,1.394364e+001
2.648310e+003,1.393756e+001
2.648792e+003,1.393154e+001
2.649274e+003,1.392569e+001
2.649757e+003,1.392011e+001
2.650239e+003,1.391485e+001
2.650721e+003,1.390989e+001
2.651203e+003,1.390518e+001
2.651685e+003,1.390063e+001
2.652167e+003,1.389617e+001
2.652649e+003,1.389177e+001
2.653132e+003,1.388742e+001
2.653614e+003,1.388316e+001
2.654096e+003,1.387902e+001
2.654578e+003,1.387504e+001
2.655060e+003,1.387117e+001
2.655542e+003,1.386736e+001
2.656024e+003,1.386350e+001
2.656506e+003,1.385948e+001
2.656989e+003,1.385517e+001
2.657471e+003,1.385049e+001
2.657953e+003,1.384535e+001
2.658435e+003,1.383974e+001
2.658917e+003,1.383364e+001
2.659399e+003,1.382712e+001
2.659881e+003,1.382025e+001
2.660363e+003,1.381313e+001
2.660845e+003,1.380588e+001
2.661328e+003,1.379861e+001
2.661810e+003,1.379138e+001
2.662292e+003,1.378424e+001
2.662774e+003,1.377718e+001
2.663256e+003,1.377019e+001
2.663738e+003,1.376326e+001
2.664220e+003,1.375639e+001
2.664702e+003,1.374961e+001
2.665185e+003,1.374295e+001
2.665667e+003,1.373643e+001
2.666149e+003,1.373008e+001
2.666631e+003,1.372388e+001
2.667113e+003,1.371782e+001
2.667595e+003,1.371189e+001
2.668077e+003,1.370609e+001
2.668560e+003,1.370038e+001
2.669042e+003,1.369479e+001
2.669524e+003,1.368927e+001
2.670006e+003,1.368379e+001
2.670488e+003,1.367828e+001
2.670970e+003,1.367264e+001
2.671452e+003,1.366679e+001
2.671934e+003,1.366067e+001
2.672417e+003,1.365424e+001
2.672899e+003,1.364752e+001
2.673381e+003,1.364056e+001
2.673863e+003,1.363345e+001
2.674345e+003,1.362631e+001
2.674827e+003,1.361927e+001
2.675309e+003,1.361246e+001
2.675791e+003,1.360598e+001
2.676273e+003,1.359990e+001
2.676756e+003,1.359423e+001
2.677238e+003,1.358889e+001
2.677720e+003,1.358375e+001
2.678202e+003,1.357866e+001
2.678684e+003,1.357342e+001
2.679166e+003,1.356790e+001
2.679648e+003,1.356203e+001
2.680130e+003,1.355580e+001
2.680613e+003,1.354928e+001
2.681095e+003,1.354257e+001
2.681577e+003,1.353580e+001
2.682059e+003,1.352906e+001
2.682541e+003,1.352238e+001
2.683023e+003,1.351576e+001
2.683505e+003,1.350916e+001
2.683988e+003,1.350251e+001
2.684469e+003,1.349577e+001
2.684952e+003,1.348894e+001
2.685434e+003,1.348205e+001
2.685916e+003,1.347518e+001
2.686398e+003,1.346842e+001
2.686880e+003,1.346184e+001
2.687362e+003,1.345547e+001
2.687844e+003,1.344928e+001
2.688327e+003,1.344317e+001
2.688809e+003,1.343700e+001
2.689291e+003,1.343063e+001
2.689773e+003,1.342396e+001
2.690255e+003,1.341697e+001
2.690737e+003,1.340968e+001
2.691219e+003,1.340220e+001
2.691701e+003,1.339466e+001
2.692184e+003,1.338719e+001
2.692666e+003,1.337989e+001
2.693148e+003,1.337282e+001
2.693630e+003,1.336598e+001
2.694112e+003,1.335936e+001
2.694594e+003,1.335292e+001
2.695076e+003,1.334661e+001
2.695558e+003,1.334037e+001
2.696041e+003,1.333413e+001
2.696523e+003,1.332786e+001
2.697005e+003,1.332155e+001
2.697487e+003,1.331530e+001
2.697969e+003,1.330923e+001
2.698451e+003,1.330357e+001
2.698933e+003,1.329853e+001
2.699416e+003,1.329423e+001
2.699897e+003,1.329065e+001
2.700380e+003,1.328759e+001
2.700862e+003,1.328464e+001
2.701344e+003,1.328128e+001
2.701826e+003,1.327701e+001
2.702308e+003,1.327145e+001
2.702790e+003,1.326449e+001
2.703272e+003,1.325627e+001
2.703755e+003,1.324720e+001
2.704237e+003,1.323783e+001
2.704719e+003,1.322870e+001
2.705201e+003,1.322027e+001
2.705683e+003,1.321278e+001
2.706165e+003,1.320625e+001
2.706647e+003,1.320051e+001
2.707129e+003,1.319528e+001
2.707612e+003,1.319024e+001
2.708094e+003,1.318508e+001
2.708576e+003,1.317960e+001
2.709058e+003,1.317367e+001
2.709540e+003,1.316728e+001
2.710022e+003,1.316045e+001
2.710504e+003,1.315332e+001
2.710986e+003,1.314605e+001
2.711469e+003,1.313883e+001
2.711951e+003,1.313189e+001
2.712433e+003,1.312540e+001
2.712915e+003,1.311953e+001
2.713397e+003,1.311434e+001
2.713879e+003,1.310979e+001
2.714361e+003,1.310570e+001
2.714844e+003,1.310178e+001
2.715325e+003,1.309766e+001
2.715808e+003,1.309294e+001
2.716290e+003,1.308726e+001
2.716772e+003,1.308039e+001
2.717254e+003,1.307224e+001
2.717736e+003,1.306295e+001
2.718218e+003,1.305281e+001
2.718700e+003,1.304227e+001
2.719183e+003,1.303184e+001
2.719665e+003,1.302204e+001
2.720147e+003,1.301329e+001
2.720629e+003,1.300583e+001
2.721111e+003,1.299977e+001
2.721593e+003,1.299498e+001
2.722075e+003,1.299120e+001
2.722557e+003,1.298809e+001
2.723040e+003,1.298524e+001
2.723522e+003,1.298236e+001
2.724004e+003,1.297920e+001
2.724486e+003,1.297565e+001
2.724968e+003,1.297174e+001
2.725450e+003,1.296751e+001
2.725932e+003,1.296305e+001
2.726414e+003,1.295839e+001
2.726896e+003,1.295349e+001
2.727379e+003,1.294824e+001
2.727861e+003,1.294251e+001
2.728343e+003,1.293623e+001
2.728825e+003,1.292938e+001
2.729307e+003,1.292209e+001
2.729789e+003,1.291453e+001
2.730271e+003,1.290691e+001
2.730753e+003,1.289942e+001
2.731236e+003,1.289214e+001
2.731718e+003,1.288507e+001
2.732200e+003,1.287811e+001
2.732682e+003,1.287113e+001
2.733164e+003,1.286406e+001
2.733646e+003,1.285692e+001
2.734128e+003,1.284982e+001
2.734611e+003,1.284296e+001
2.735093e+003,1.283656e+001
2.735575e+003,1.283079e+001
2.736057e+003,1.282569e+001
2.736539e+003,1.282117e+001
2.737021e+003,1.281703e+001
2.737503e+003,1.281300e+001
2.737985e+003,1.280880e+001
2.738468e+003,1.280421e+001
2.738950e+003,1.279910e+001
2.739432e+003,1.279343e+001
2.739914e+003,1.278723e+001
2.740396e+003,1.278060e+001
2.740878e+003,1.277361e+001
2.741360e+003,1.276635e+001
2.741842e+003,1.275887e+001
2.742324e+003,1.275122e+001
2.742807e+003,1.274344e+001
2.743289e+003,1.273563e+001
2.743771e+003,1.272790e+001
2.744253e+003,1.272037e+001
2.744735e+003,1.271315e+001
2.745217e+003,1.270630e+001
2.745699e+003,1.269981e+001
2.746182e+003,1.269360e+001
2.746664e+003,1.268752e+001
2.747146e+003,1.268145e+001
2.747628e+003,1.267525e+001
2.748110e+003,1.266885e+001
2.748592e+003,1.266226e+001
2.749074e+003,1.265553e+001
2.749556e+003,1.264871e+001
2.750039e+003,1.264187e+001
2.750521e+003,1.263504e+001
2.751003e+003,1.262821e+001
2.751485e+003,1.262138e+001
2.751967e+003,1.261451e+001
2.752449e+003,1.260765e+001
2.752931e+003,1.260086e+001
2.753413e+003,1.259422e+001
2.753896e+003,1.258785e+001
2.754378e+003,1.258186e+001
2.754860e+003,1.257630e+001
2.755342e+003,1.257120e+001
2.755824e+003,1.256650e+001
2.756306e+003,1.256211e+001
2.756788e+003,1.255787e+001
2.757270e+003,1.255361e+001
2.757752e+003,1.254916e+001
2.758235e+003,1.254438e+001
2.758717e+003,1.253919e+001
2.759199e+003,1.253356e+001
2.759681e+003,1.252757e+001
2.760163e+003,1.252132e+001
2.760645e+003,1.251494e+001
2.761127e+003,1.250854e+001
2.761610e+003,1.250217e+001
2.762092e+003,1.249582e+001
2.762574e+003,1.248944e+001
2.763056e+003,1.248293e+001
2.763538e+003,1.247625e+001
2.764020e+003,1.246939e+001
2.764502e+003,1.246239e+001
2.764984e+003,1.245535e+001
2.765467e+003,1.244841e+001
2.765949e+003,1.244167e+001
2.766431e+003,1.243522e+001
2.766913e+003,1.242907e+001
2.767395e+003,1.242320e+001
2.767877e+003,1.241752e+001
2.768359e+003,1.241190e+001
2.768841e+003,1.240619e+001
2.769323e+003,1.240025e+001
2.769806e+003,1.239395e+001
2.770288e+003,1.238722e+001
2.770770e+003,1.238002e+001
2.771252e+003,1.237238e+001
2.771734e+003,1.236436e+001
2.772216e+003,1.235608e+001
2.772698e+003,1.234763e+001
2.773180e+003,1.233911e+001
2.773663e+003,1.233058e+001
2.774145e+003,1.232210e+001
2.774627e+003,1.231371e+001
2.775109e+003,1.230547e+001
2.775591e+003,1.229746e+001
2.776073e+003,1.228976e+001
2.776555e+003,1.228244e+001
2.777038e+003,1.227554e+001
2.777520e+003,1.226906e+001
2.778002e+003,1.226294e+001
2.778484e+003,1.225706e+001
2.778966e+003,1.225132e+001
2.779448e+003,1.224554e+001
2.779930e+003,1.223962e+001
2.780412e+003,1.223342e+001
2.780895e+003,1.222689e+001
2.781377e+003,1.222001e+001
2.781859e+003,1.221280e+001
2.782341e+003,1.220538e+001
2.782823e+003,1.219790e+001
2.783305e+003,1.219055e+001
2.783787e+003,1.218348e+001
2.784269e+003,1.217682e+001
2.784751e+003,1.217058e+001
2.785234e+003,1.216467e+001
2.785716e+003,1.215893e+001
2.786198e+003,1.215312e+001
2.786680e+003,1.214705e+001
2.787162e+003,1.214056e+001
2.787644e+003,1.213359e+001
2.788126e+003,1.212615e+001
2.788608e+003,1.211834e+001
2.789091e+003,1.211026e+001
2.789573e+003,1.210201e+001
2.790055e+003,1.209365e+001
2.790537e+003,1.208524e+001
2.791019e+003,1.207675e+001
2.791501e+003,1.206818e+001
2.791983e+003,1.205954e+001
2.792466e+003,1.205084e+001
2.792948e+003,1.204218e+001
2.793430e+003,1.203368e+001
2.793912e+003,1.202551e+001
2.794394e+003,1.201785e+001
2.794876e+003,1.201083e+001
2.795358e+003,1.200451e+001
2.795840e+003,1.199881e+001
2.796323e+003,1.199356e+001
2.796805e+003,1.198847e+001
2.797287e+003,1.198322e+001
2.797769e+003,1.197752e+001
2.798251e+003,1.197120e+001
2.798733e+003,1.196422e+001
2.799215e+003,1.195667e+001
2.799697e+003,1.194873e+001
2.800179e+003,1.194065e+001
2.800662e+003,1.193261e+001
2.801144e+003,1.192474e+001
2.801626e+003,1.191705e+001
2.802108e+003,1.190947e+001
2.802590e+003,1.190190e+001
2.803072e+003,1.189417e+001
2.803554e+003,1.188614e+001
2.804036e+003,1.187770e+001
2.804519e+003,1.186881e+001
2.805001e+003,1.185948e+001
2.805483e+003,1.184982e+001
2.805965e+003,1.184000e+001
2.806447e+003,1.183027e+001
2.806929e+003,1.182090e+001
2.807411e+003,1.181210e+001
2.807894e+003,1.180404e+001
2.808375e+003,1.179675e+001
2.808858e+003,1.179012e+001
2.809340e+003,1.178396e+001
2.809822e+003,1.177801e+001
2.810304e+003,1.177198e+001
2.810786e+003,1.176565e+001
2.811268e+003,1.175885e+001
2.811750e+003,1.175149e+001
2.812233e+003,1.174358e+001
2.812715e+003,1.173517e+001
2.813197e+003,1.172634e+001
2.813679e+003,1.171718e+001
2.814161e+003,1.170779e+001
2.814643e+003,1.169827e+001
2.815125e+003,1.168866e+001
2.815607e+003,1.167904e+001
2.816090e+003,1.166941e+001
2.816572e+003,1.165980e+001
2.817054e+003,1.165026e+001
2.817536e+003,1.164081e+001
2.818018e+003,1.163151e+001
2.818500e+003,1.162242e+001
2.818982e+003,1.161359e+001
2.819464e+003,1.160503e+001
2.819947e+003,1.159672e+001
2.820429e+003,1.158858e+001
2.820911e+003,1.158052e+001
2.821393e+003,1.157242e+001
2.821875e+003,1.156415e+001
2.822357e+003,1.155564e+001
2.822839e+003,1.154683e+001
2.823322e+003,1.153770e+001
2.823803e+003,1.152829e+001
2.824286e+003,1.151869e+001
2.824768e+003,1.150903e+001
2.825250e+003,1.149945e+001
2.825732e+003,1.149009e+001
2.826214e+003,1.148108e+001
2.826696e+003,1.147247e+001
2.827178e+003,1.146423e+001
2.827661e+003,1.145627e+001
2.828143e+003,1.144844e+001
2.828625e+003,1.144059e+001
2.829107e+003,1.143256e+001
2.829589e+003,1.142426e+001
2.830071e+003,1.141564e+001
2.830553e+003,1.140670e+001
2.831035e+003,1.139746e+001
2.831518e+003,1.138797e+001
2.832000e+003,1.137826e+001
2.832482e+003,1.136837e+001
2.832964e+003,1.135834e+001
2.833446e+003,1.134822e+001
2.833928e+003,1.133803e+001
2.834410e+003,1.132780e+001
2.834892e+003,1.131752e+001
2.835375e+003,1.130719e+001
2.835857e+003,1.129680e+001
2.836339e+003,1.128639e+001
2.836821e+003,1.127603e+001
2.837303e+003,1.126582e+001
2.837785e+003,1.125584e+001
2.838267e+003,1.124615e+001
2.838750e+003,1.123673e+001
2.839231e+003,1.122747e+001
2.839714e+003,1.121820e+001
2.840196e+003,1.120875e+001
2.840678e+003,1.119901e+001
2.841160e+003,1.118896e+001
2.841642e+003,1.117872e+001
2.842124e+003,1.116844e+001
2.842606e+003,1.115833e+001
2.843089e+003,1.114852e+001
2.843571e+003,1.113903e+001
2.844053e+003,1.112980e+001
2.844535e+003,1.112066e+001
2.845017e+003,1.111141e+001
2.845499e+003,1.110189e+001
2.845981e+003,1.109203e+001
2.846463e+003,1.108182e+001
2.846946e+003,1.107136e+001
2.847428e+003,1.106076e+001
2.847910e+003,1.105013e+001
2.848392e+003,1.103954e+001
2.848874e+003,1.102902e+001
2.849356e+003,1.101854e+001
2.849838e+003,1.100804e+001
2.850320e+003,1.099749e+001
2.850802e+003,1.098692e+001
2.851285e+003,1.097643e+001
2.851767e+003,1.096620e+001
2.852249e+003,1.095649e+001
2.852731e+003,1.094751e+001
2.853213e+003,1.093946e+001
2.853695e+003,1.093235e+001
2.854177e+003,1.092610e+001
2.854659e+003,1.092043e+001
2.855142e+003,1.091500e+001
2.855624e+003,1.090946e+001
2.856106e+003,1.090349e+001
2.856588e+003,1.089694e+001
2.857070e+003,1.088980e+001
2.857552e+003,1.088215e+001
2.858034e+003,1.087420e+001
2.858517e+003,1.086612e+001
2.858999e+003,1.085809e+001
2.859481e+003,1.085020e+001
2.859963e+003,1.084248e+001
2.860445e+003,1.083492e+001
2.860927e+003,1.082748e+001
2.861409e+003,1.082013e+001
2.861891e+003,1.081281e+001
2.862374e+003,1.080549e+001
2.862856e+003,1.079812e+001
2.863338e+003,1.079068e+001
2.863820e+003,1.078317e+001
2.864302e+003,1.077557e+001
2.864784e+003,1.076791e+001
2.865266e+003,1.076019e+001
2.865748e+003,1.075240e+001
2.866230e+003,1.074452e+001
2.866713e+003,1.073648e+001
2.867195e+003,1.072824e+001
2.867677e+003,1.071975e+001
2.868159e+003,1.071101e+001
2.868641e+003,1.070204e+001
2.869123e+003,1.069288e+001
2.869605e+003,1.068360e+001
2.870088e+003,1.067421e+001
2.870570e+003,1.066474e+001
2.871052e+003,1.065517e+001
2.871534e+003,1.064551e+001
2.872016e+003,1.063579e+001
2.872498e+003,1.062608e+001
2.872980e+003,1.061647e+001
2.873462e+003,1.060711e+001
2.873945e+003,1.059811e+001
2.874427e+003,1.058957e+001
2.874909e+003,1.058156e+001
2.875391e+003,1.057411e+001
2.875873e+003,1.056720e+001
2.876355e+003,1.056079e+001
2.876837e+003,1.055477e+001
2.877319e+003,1.054901e+001
2.877802e+003,1.054331e+001
2.878284e+003,1.053746e+001
2.878766e+003,1.053124e+001
2.879248e+003,1.052451e+001
2.879730e+003,1.051719e+001
2.880212e+003,1.050933e+001
2.880694e+003,1.050111e+001
2.881176e+003,1.049275e+001
2.881658e+003,1.048449e+001
2.882141e+003,1.047652e+001
2.882623e+003,1.046888e+001
2.883105e+003,1.046151e+001
2.883587e+003,1.045421e+001
2.884069e+003,1.044669e+001
2.884551e+003,1.043866e+001
2.885033e+003,1.042989e+001
2.885516e+003,1.042028e+001
2.885998e+003,1.040987e+001
2.886480e+003,1.039883e+001
2.886962e+003,1.038747e+001
2.887444e+003,1.037611e+001
2.887926e+003,1.036507e+001
2.888408e+003,1.035456e+001
2.888890e+003,1.034469e+001
2.889373e+003,1.033543e+001
2.889855e+003,1.032666e+001
2.890337e+003,1.031820e+001
2.890819e+003,1.030983e+001
2.891301e+003,1.030136e+001
2.891783e+003,1.029265e+001
2.892265e+003,1.028356e+001
2.892747e+003,1.027404e+001
2.893229e+003,1.026404e+001
2.893712e+003,1.025356e+001
2.894194e+003,1.024267e+001
2.894676e+003,1.023148e+001
2.895158e+003,1.022017e+001
2.895640e+003,1.020892e+001
2.896122e+003,1.019792e+001
2.896604e+003,1.018733e+001
2.897086e+003,1.017723e+001
2.897569e+003,1.016762e+001
2.898051e+003,1.015846e+001
2.898533e+003,1.014965e+001
2.899015e+003,1.014109e+001
2.899497e+003,1.013270e+001
2.899979e+003,1.012441e+001
2.900461e+003,1.011615e+001
2.900944e+003,1.010785e+001
2.901426e+003,1.009945e+001
2.901908e+003,1.009087e+001
2.902390e+003,1.008208e+001
2.902872e+003,1.007310e+001
2.903354e+003,1.006397e+001
2.903836e+003,1.005480e+001
2.904318e+003,1.004574e+001
2.904801e+003,1.003689e+001
2.905283e+003,1.002832e+001
2.905765e+003,1.001999e+001
2.906247e+003,1.001179e+001
2.906729e+003,1.000354e+001
2.907211e+003,9.995040e+000
2.907693e+003,9.986099e+000
2.908175e+003,9.976618e+000
2.908657e+003,9.966592e+000
2.909140e+003,9.956133e+000
2.909622e+003,9.945449e+000
2.910104e+003,9.934791e+000
2.910586e+003,9.924403e+000
2.911068e+003,9.914482e+000
2.911550e+003,9.905131e+000
2.912032e+003,9.896365e+000
2.912514e+003,9.888114e+000
2.912997e+003,9.880248e+000
2.913479e+003,9.872615e+000
2.913961e+003,9.865042e+000
2.914443e+003,9.857358e+000
2.914925e+003,9.849380e+000
2.915407e+003,9.840920e+000
2.915889e+003,9.831819e+000
2.916372e+003,9.821965e+000
2.916854e+003,9.811344e+000
2.917336e+003,9.800066e+000
2.917818e+003,9.788365e+000
2.918300e+003,9.776563e+000
2.918782e+003,9.765006e+000
2.919264e+003,9.753980e+000
2.919746e+003,9.743658e+000
2.920229e+003,9.734065e+000
2.920711e+003,9.725111e+000
2.921193e+003,9.716642e+000
2.921675e+003,9.708507e+000
2.922157e+003,9.700618e+000
2.922639e+003,9.692975e+000
2.923121e+003,9.685637e+000
2.923603e+003,9.678696e+000
2.924085e+003,9.672206e+000
2.924568e+003,9.666161e+000
2.925050e+003,9.660483e+000
2.925532e+003,9.655038e+000
2.926014e+003,9.649673e+000
2.926496e+003,9.644258e+000
2.926978e+003,9.638711e+000
2.927460e+003,9.633005e+000
2.927942e+003,9.627167e+000
2.928425e+003,9.621261e+000
2.928907e+003,9.615370e+000
2.929389e+003,9.609583e+000
2.929871e+003,9.603965e+000
2.930353e+003,9.598574e+000
2.930835e+003,9.593426e+000
2.931317e+003,9.588516e+000
2.931800e+003,9.583809e+000
2.932281e+003,9.579259e+000
2.932764e+003,9.574810e+000
2.933246e+003,9.570423e+000
2.933728e+003,9.566059e+000
2.934210e+003,9.561701e+000
2.934692e+003,9.557321e+000
2.935174e+003,9.552889e+000
2.935656e+003,9.548349e+000
2.936139e+003,9.543625e+000
2.936621e+003,9.538614e+000
2.937103e+003,9.533216e+000
2.937585e+003,9.527334e+000
2.938067e+003,9.520900e+000
2.938549e+003,9.513900e+000
2.939031e+003,9.506391e+000
2.939513e+003,9.498506e+000
2.939996e+003,9.490454e+000
2.940478e+003,9.482478e+000
2.940960e+003,9.474824e+000
2.941442e+003,9.467663e+000
2.941924e+003,9.461057e+000
2.942406e+003,9.454923e+000
2.942888e+003,9.449049e+000
2.943370e+003,9.443155e+000
2.943853e+003,9.436963e+000
2.944335e+003,9.430291e+000
2.944817e+003,9.423113e+000
2.945299e+003,9.415557e+000
2.945781e+003,9.407880e+000
2.946263e+003,9.400385e+000
2.946745e+003,9.393332e+000
2.947228e+003,9.386872e+000
2.947709e+003,9.380994e+000
2.948192e+003,9.375550e+000
2.948674e+003,9.370281e+000
2.949156e+003,9.364884e+000
2.949638e+003,9.359085e+000
2.950120e+003,9.352662e+000
2.950602e+003,9.345515e+000
2.951084e+003,9.337659e+000
2.951567e+003,9.329211e+000
2.952049e+003,9.320381e+000
2.952531e+003,9.311411e+000
2.953013e+003,9.302512e+000
2.953495e+003,9.293823e+000
2.953977e+003,9.285365e+000
2.954459e+003,9.277036e+000
2.954941e+003,9.268650e+000
2.955424e+003,9.260015e+000
2.955906e+003,9.250997e+000
2.956388e+003,9.241585e+000
2.956870e+003,9.231912e+000
2.957352e+003,9.222243e+000
2.957834e+003,9.212882e+000
2.958316e+003,9.204118e+000
2.958798e+003,9.196127e+000
2.959281e+003,9.188948e+000
2.959763e+003,9.182471e+000
2.960245e+003,9.176489e+000
2.960727e+003,9.170738e+000
2.961209e+003,9.164961e+000
2.961691e+003,9.158947e+000
2.962173e+003,9.152574e+000
2.962656e+003,9.145794e+000
2.963137e+003,9.138658e+000
2.963620e+003,9.131272e+000
2.964102e+003,9.123788e+000
2.964584e+003,9.116358e+000
2.965066e+003,9.109097e+000
2.965548e+003,9.102054e+000
2.966030e+003,9.095212e+000
2.966512e+003,9.088501e+000
2.966995e+003,9.081845e+000
2.967477e+003,9.075213e+000
2.967959e+003,9.068642e+000
2.968441e+003,9.062253e+000
2.968923e+003,9.056194e+000
2.969405e+003,9.050596e+000
2.969887e+003,9.045485e+000
2.970369e+003,9.040752e+000
2.970852e+003,9.036143e+000
2.971334e+003,9.031315e+000
2.971816e+003,9.025916e+000
2.972298e+003,9.019663e+000
2.972780e+003,9.012435e+000
2.973262e+003,9.004290e+000
2.973744e+003,8.995465e+000
2.974226e+003,8.986314e+000
2.974708e+003,8.977247e+000
2.975191e+003,8.968638e+000
2.975673e+003,8.960773e+000
2.976155e+003,8.953785e+000
2.976637e+003,8.947639e+000
2.977119e+003,8.942157e+000
2.977601e+003,8.937043e+000
2.978083e+003,8.931953e+000
2.978565e+003,8.926581e+000
2.979048e+003,8.920706e+000
2.979530e+003,8.914238e+000
2.980012e+003,8.907204e+000
2.980494e+003,8.899725e+000
2.980976e+003,8.891933e+000
2.981458e+003,8.883929e+000
2.981940e+003,8.875732e+000
2.982423e+003,8.867290e+000
2.982905e+003,8.858506e+000
2.983387e+003,8.849296e+000
2.983869e+003,8.839636e+000
2.984351e+003,8.829606e+000
2.984833e+003,8.819365e+000
2.985315e+003,8.809144e+000
2.985797e+003,8.799180e+000
2.986280e+003,8.789680e+000
2.986762e+003,8.780776e+000
2.987244e+003,8.772507e+000
2.987726e+003,8.764820e+000
2.988208e+003,8.757582e+000
2.988690e+003,8.750611e+000
2.989172e+003,8.743726e+000
2.989654e+003,8.736758e+000
2.990136e+003,8.729619e+000
2.990619e+003,8.722299e+000
2.991101e+003,8.714868e+000
2.991583e+003,8.707443e+000
2.992065e+003,8.700169e+000
2.992547e+003,8.693118e+000
2.993029e+003,8.686309e+000
2.993511e+003,8.679667e+000
2.993994e+003,8.673057e+000
2.994476e+003,8.666326e+000
2.994958e+003,8.659343e+000
2.995440e+003,8.652029e+000
2.995922e+003,8.644361e+000
2.996404e+003,8.636340e+000
2.996886e+003,8.627999e+000
2.997368e+003,8.619368e+000
2.997851e+003,8.610489e+000
2.998333e+003,8.601439e+000
2.998815e+003,8.592350e+000
2.999297e+003,8.583416e+000
2.999779e+003,8.574850e+000
3.000261e+003,8.566846e+000
3.000743e+003,8.559516e+000
3.001225e+003,8.552846e+000
3.001708e+003,8.546697e+000
3.002190e+003,8.540826e+000
3.002672e+003,8.534975e+000
3.003154e+003,8.528909e+000
3.003636e+003,8.522493e+000
3.004118e+003,8.515700e+000
3.004600e+003,8.508580e+000
3.005082e+003,8.501228e+000
3.005564e+003,8.493734e+000
3.006047e+003,8.486156e+000
3.006529e+003,8.478509e+000
3.007011e+003,8.470782e+000
3.007493e+003,8.462955e+000
3.007975e+003,8.455025e+000
3.008457e+003,8.447011e+000
3.008939e+003,8.438954e+000
3.009422e+003,8.430907e+000
3.009904e+003,8.422912e+000
3.010386e+003,8.414995e+000
3.010868e+003,8.407156e+000
3.011350e+003,8.399382e+000
3.011832e+003,8.391638e+000
3.012314e+003,8.383913e+000
3.012796e+003,8.376207e+000
3.013279e+003,8.368577e+000
3.013761e+003,8.361120e+000
3.014243e+003,8.353969e+000
3.014725e+003,8.347252e+000
3.015207e+003,8.341072e+000
3.015689e+003,8.335436e+000
3.016171e+003,8.330248e+000
3.016653e+003,8.325306e+000
3.017135e+003,8.320352e+000
3.017618e+003,8.315107e+000
3.018100e+003,8.309358e+000
3.018582e+003,8.302994e+000
3.019064e+003,8.296030e+000
3.019546e+003,8.288586e+000
3.020028e+003,8.280857e+000
3.020510e+003,8.273049e+000
3.020992e+003,8.265334e+000
3.021475e+003,8.257814e+000
3.021957e+003,8.250514e+000
3.022439e+003,8.243379e+000
3.022921e+003,8.236281e+000
3.023403e+003,8.229056e+000
3.023885e+003,8.221533e+000
3.024367e+003,8.213563e+000
3.024850e+003,8.205057e+000
3.025332e+003,8.196001e+000
3.025814e+003,8.186494e+000
3.026296e+003,8.176706e+000
3.026778e+003,8.166889e+000
3.027260e+003,8.157303e+000
3.027742e+003,8.148198e+000
3.028224e+003,8.139766e+000
3.028707e+003,8.132122e+000
3.029189e+003,8.125290e+000
3.029671e+003,8.119212e+000
3.030153e+003,8.113744e+000
3.030635e+003,8.108665e+000
3.031117e+003,8.103725e+000
3.031599e+003,8.098652e+000
3.032081e+003,8.093208e+000
3.032563e+003,8.087232e+000
3.033046e+003,8.080665e+000
3.033528e+003,8.073563e+000
3.034010e+003,8.066053e+000
3.034492e+003,8.058311e+000
3.034974e+003,8.050489e+000
3.035456e+003,8.042694e+000
3.035938e+003,8.034960e+000
3.036420e+003,8.027278e+000
3.036903e+003,8.019625e+000
3.037385e+003,8.012004e+000
3.037867e+003,8.004458e+000
3.038349e+003,7.997066e+000
3.038831e+003,7.989917e+000
3.039313e+003,7.983071e+000
3.039795e+003,7.976548e+000
3.040278e+003,7.970300e+000
3.040760e+003,7.964252e+000
3.041242e+003,7.958297e+000
3.041724e+003,7.952304e+000
3.042206e+003,7.946139e+000
3.042688e+003,7.939633e+000
3.043170e+003,7.932627e+000
3.043652e+003,7.924969e+000
3.044135e+003,7.916571e+000
3.044617e+003,7.907447e+000
3.045099e+003,7.897756e+000
3.045581e+003,7.887770e+000
3.046063e+003,7.877835e+000
3.046545e+003,7.868284e+000
3.047027e+003,7.859364e+000
3.047509e+003,7.851168e+000
3.047991e+003,7.843662e+000
3.048474e+003,7.836709e+000
3.048956e+003,7.830152e+000
3.049438e+003,7.823873e+000
3.049920e+003,7.817819e+000
3.050402e+003,7.811984e+000
3.050884e+003,7.806368e+000
3.051366e+003,7.800924e+000
3.051848e+003,7.795554e+000
3.052331e+003,7.790103e+000
3.052813e+003,7.784439e+000
3.053295e+003,7.778473e+000
3.053777e+003,7.772216e+000
3.054259e+003,7.765754e+000
3.054741e+003,7.759223e+000
3.055223e+003,7.752738e+000
3.055706e+003,7.746367e+000
3.056188e+003,7.740098e+000
3.056670e+003,7.733877e+000
3.057152e+003,7.727625e+000
3.057634e+003,7.721309e+000
3.058116e+003,7.714920e+000
3.058598e+003,7.708508e+000
3.059080e+003,7.702111e+000
3.059563e+003,7.695761e+000
3.060045e+003,7.689454e+000
3.060527e+003,7.683149e+000
3.061009e+003,7.676799e+000
3.061491e+003,7.670382e+000
3.061973e+003,7.663903e+000
3.062455e+003,7.657417e+000
3.062937e+003,7.650983e+000
3.063419e+003,7.644664e+000
3.063902e+003,7.638484e+000
3.064384e+003,7.632428e+000
3.064866e+003,7.626440e+000
3.065348e+003,7.620446e+000
3.065830e+003,7.614364e+000
3.066312e+003,7.608126e+000
3.066794e+003,7.601698e+000
3.067276e+003,7.595077e+000
3.067759e+003,7.588303e+000
3.068241e+003,7.581446e+000
3.068723e+003,7.574592e+000
3.069205e+003,7.567822e+000
3.069687e+003,7.561190e+000
3.070169e+003,7.554702e+000
3.070651e+003,7.548298e+000
3.071134e+003,7.541882e+000
3.071615e+003,7.535335e+000
3.072098e+003,7.528541e+000
3.072580e+003,7.521440e+000
3.073062e+003,7.514036e+000
3.073544e+003,7.506392e+000
3.074026e+003,7.498624e+000
3.074508e+003,7.490849e+000
3.074990e+003,7.483181e+000
3.075473e+003,7.475692e+000
3.075955e+003,7.468410e+000
3.076437e+003,7.461323e+000
3.076919e+003,7.454389e+000
3.077401e+003,7.447553e+000
3.077883e+003,7.440768e+000
3.078365e+003,7.434004e+000
3.078847e+003,7.427280e+000
3.079330e+003,7.420656e+000
3.079812e+003,7.414247e+000
3.080294e+003,7.408191e+000
3.080776e+003,7.402623e+000
3.081258e+003,7.397606e+000
3.081740e+003,7.393111e+000
3.082222e+003,7.388972e+000
3.082704e+003,7.384916e+000
3.083187e+003,7.380594e+000
3.083669e+003,7.375668e+000
3.084151e+003,7.369891e+000
3.084633e+003,7.363172e+000
3.085115e+003,7.355612e+000
3.085597e+003,7.347490e+000
3.086079e+003,7.339206e+000
3.086562e+003,7.331202e+000
3.087043e+003,7.323865e+000
3.087526e+003,7.317461e+000
3.088008e+003,7.312067e+000
3.088490e+003,7.307594e+000
3.088972e+003,7.303786e+000
3.089454e+003,7.300305e+000
3.089936e+003,7.296787e+000
3.090418e+003,7.292920e+000
3.090901e+003,7.288484e+000
3.091383e+003,7.283389e+000
3.091865e+003,7.277636e+000
3.092347e+003,7.271318e+000
3.092829e+003,7.264558e+000
3.093311e+003,7.257488e+000
3.093793e+003,7.250227e+000
3.094275e+003,7.242883e+000
3.094758e+003,7.235572e+000
3.095240e+003,7.228414e+000
3.095722e+003,7.221528e+000
3.096204e+003,7.215016e+000
3.096686e+003,7.208936e+000
3.097168e+003,7.203266e+000
3.097650e+003,7.197911e+000
3.098132e+003,7.192726e+000
3.098615e+003,7.187536e+000
3.099097e+003,7.182213e+000
3.099579e+003,7.176684e+000
3.100061e+003,7.170979e+000
3.100543e+003,7.165183e+000
3.101025e+003,7.159439e+000
3.101507e+003,7.153880e+000
3.101990e+003,7.148602e+000
3.102471e+003,7.143621e+000
3.102954e+003,7.138875e+000
3.103436e+003,7.134211e+000
3.103918e+003,7.129430e+000
3.104400e+003,7.124289e+000
3.104882e+003,7.118567e+000
3.105364e+003,7.112099e+000
3.105846e+003,7.104833e+000
3.106329e+003,7.096840e+000
3.106811e+003,7.088336e+000
3.107293e+003,7.079616e+000
3.107775e+003,7.071026e+000
3.108257e+003,7.062857e+000
3.108739e+003,7.055304e+000
3.109221e+003,7.048413e+000
3.109703e+003,7.042118e+000
3.110186e+003,7.036260e+000
3.110668e+003,7.030676e+000
3.111150e+003,7.025225e+000
3.111632e+003,7.019843e+000
3.112114e+003,7.014514e+000
3.112596e+003,7.009260e+000
3.113078e+003,7.004090e+000
3.113560e+003,6.998991e+000
3.114042e+003,6.993917e+000
3.114525e+003,6.988811e+000
3.115007e+003,6.983627e+000
3.115489e+003,6.978337e+000
3.115971e+003,6.972937e+000
3.116453e+003,6.967433e+000
3.116935e+003,6.961813e+000
3.117417e+003,6.956037e+000
3.117900e+003,6.950048e+000
3.118382e+003,6.943790e+000
3.118864e+003,6.937241e+000
3.119346e+003,6.930435e+000
3.119828e+003,6.923475e+000
3.120310e+003,6.916531e+000
3.120792e+003,6.909787e+000
3.121274e+003,6.903423e+000
3.121757e+003,6.897564e+000
3.122239e+003,6.892268e+000
3.122721e+003,6.887504e+000
3.123203e+003,6.883169e+000
3.123685e+003,6.879116e+000
3.124167e+003,6.875166e+000
3.124649e+003,6.871144e+000
3.125131e+003,6.866902e+000
3.125614e+003,6.862325e+000
3.126096e+003,6.857330e+000
3.126578e+003,6.851865e+000
3.127060e+003,6.845897e+000
3.127542e+003,6.839406e+000
3.128024e+003,6.832406e+000
3.128506e+003,6.824942e+000
3.128988e+003,6.817121e+000
3.129470e+003,6.809125e+000
3.129953e+003,6.801209e+000
3.130435e+003,6.793664e+000
3.130917e+003,6.786781e+000
3.131399e+003,6.780782e+000
3.131881e+003,6.775778e+000
3.132363e+003,6.771730e+000
3.132845e+003,6.768468e+000
3.133328e+003,6.765718e+000
3.133810e+003,6.763150e+000
3.134292e+003,6.760454e+000
3.134774e+003,6.757368e+000
3.135256e+003,6.753696e+000
3.135738e+003,6.749341e+000
3.136220e+003,6.744270e+000
3.136702e+003,6.738528e+000
3.137185e+003,6.732226e+000
3.137667e+003,6.725515e+000
3.138149e+003,6.718562e+000
3.138631e+003,6.711529e+000
3.139113e+003,6.704524e+000
3.139595e+003,6.697591e+000
3.140077e+003,6.690712e+000
3.140559e+003,6.683833e+000
3.141042e+003,6.676898e+000
3.141524e+003,6.669919e+000
3.142006e+003,6.662966e+000
3.142488e+003,6.656200e+000
3.142970e+003,6.649806e+000
3.143452e+003,6.643960e+000
3.143934e+003,6.638767e+000
3.144417e+003,6.634221e+000
3.144898e+003,6.630187e+000
3.145381e+003,6.626423e+000
3.145863e+003,6.622622e+000
3.146345e+003,6.618466e+000
3.146827e+003,6.613679e+000
3.147309e+003,6.608091e+000
3.147791e+003,6.601666e+000
3.148273e+003,6.594531e+000
3.148756e+003,6.586943e+000
3.149238e+003,6.579250e+000
3.149720e+003,6.571819e+000
3.150202e+003,6.564941e+000
3.150684e+003,6.558761e+000
3.151166e+003,6.553243e+000
3.151648e+003,6.548188e+000
3.152130e+003,6.543313e+000
3.152613e+003,6.538338e+000
3.153095e+003,6.533096e+000
3.153577e+003,6.527577e+000
3.154059e+003,6.521946e+000
3.154541e+003,6.516467e+000
3.155023e+003,6.511422e+000
3.155505e+003,6.507011e+000
3.155987e+003,6.503304e+000
3.156469e+003,6.500211e+000
3.156952e+003,6.497530e+000
3.157434e+003,6.494995e+000
3.157916e+003,6.492347e+000
3.158398e+003,6.489375e+000
3.158880e+003,6.485940e+000
3.159362e+003,6.481985e+000
3.159844e+003,6.477500e+000
3.160326e+003,6.472541e+000
3.160809e+003,6.467202e+000
3.161291e+003,6.461597e+000
3.161773e+003,6.455866e+000
3.162255e+003,6.450128e+000
3.162737e+003,6.444481e+000
3.163219e+003,6.438965e+000
3.163701e+003,6.433587e+000
3.164184e+003,6.428309e+000
3.164666e+003,6.423108e+000
3.165148e+003,6.417964e+000
3.165630e+003,6.412913e+000
3.166112e+003,6.408005e+000
3.166594e+003,6.403306e+000
3.167076e+003,6.398849e+000
3.167558e+003,6.394639e+000
3.168041e+003,6.390627e+000
3.168523e+003,6.386729e+000
3.169005e+003,6.382848e+000
3.169487e+003,6.378896e+000
3.169969e+003,6.374802e+000
3.170451e+003,6.370522e+000
3.170933e+003,6.366014e+000
3.171415e+003,6.361248e+000
3.171897e+003,6.356182e+000
3.172380e+003,6.350781e+000
3.172862e+003,6.345023e+000
3.173344e+003,6.338912e+000
3.173826e+003,6.332494e+000
3.174308e+003,6.325862e+000
3.174790e+003,6.319157e+000
3.175272e+003,6.312565e+000
3.175754e+003,6.306300e+000
3.176237e+003,6.300579e+000
3.176719e+003,6.295583e+000
3.177201e+003,6.291412e+000
3.177683e+003,6.288026e+000
3.178165e+003,6.285237e+000
3.178647e+003,6.282706e+000
3.179129e+003,6.280004e+000
3.179612e+003,6.276703e+000
3.180094e+003,6.272479e+000
3.180576e+003,6.267186e+000
3.181058e+003,6.260923e+000
3.181540e+003,6.253987e+000
3.182022e+003,6.246831e+000
3.182504e+003,6.239933e+000
3.182986e+003,6.233693e+000
3.183469e+003,6.228340e+000
3.183951e+003,6.223889e+000
3.184433e+003,6.220155e+000
3.184915e+003,6.216834e+000
3.185397e+003,6.213581e+000
3.185879e+003,6.210124e+000
3.186361e+003,6.206300e+000
3.186843e+003,6.202105e+000
3.187325e+003,6.197649e+000
3.187808e+003,6.193102e+000
3.188290e+003,6.188624e+000
3.188772e+003,6.184321e+000
3.189254e+003,6.180214e+000
3.189736e+003,6.176253e+000
3.190218e+003,6.172358e+000
3.190700e+003,6.168455e+000
3.191182e+003,6.164514e+000
3.191665e+003,6.160561e+000
3.192147e+003,6.156628e+000
3.192629e+003,6.152731e+000
3.193111e+003,6.148818e+000
3.193593e+003,6.144762e+000
3.194075e+003,6.140386e+000
3.194557e+003,6.135513e+000
3.195040e+003,6.130041e+000
3.195521e+003,6.123993e+000
3.196004e+003,6.117532e+000
3.196486e+003,6.110923e+000
3.196968e+003,6.104458e+000
3.197450e+003,6.098372e+000
3.197932e+003,6.092757e+000
3.198414e+003,6.087560e+000
3.198896e+003,6.082589e+000
3.199379e+003,6.077596e+000
3.199861e+003,6.072346e+000
3.200343e+003,6.066698e+000
3.200825e+003,6.060629e+000
3.201307e+003,6.054241e+000
3.201789e+003,6.047709e+000
3.202271e+003,6.041239e+000
3.202753e+003,6.035008e+000
3.203236e+003,6.029135e+000
3.203718e+003,6.023646e+000
3.204200e+003,6.018510e+000
3.204682e+003,6.013637e+000
3.205164e+003,6.008933e+000
3.205646e+003,6.004326e+000
3.206128e+003,5.999793e+000
3.206610e+003,5.995368e+000
3.207093e+003,5.991121e+000
3.207575e+003,5.987123e+000
3.208057e+003,5.983405e+000
3.208539e+003,5.979898e+000
3.209021e+003,5.976471e+000
3.209503e+003,5.972922e+000
3.209985e+003,5.969064e+000
3.210468e+003,5.964802e+000
3.210949e+003,5.960176e+000
3.211432e+003,5.955391e+000
3.211914e+003,5.950773e+000
3.212396e+003,5.946661e+000
3.212878e+003,5.943319e+000
3.213360e+003,5.940822e+000
3.213842e+003,5.939010e+000
3.214324e+003,5.937526e+000
3.214807e+003,5.935891e+000
3.215289e+003,5.933623e+000
3.215771e+003,5.930380e+000
3.216253e+003,5.926011e+000
3.216735e+003,5.920590e+000
3.217217e+003,5.914371e+000
3.217699e+003,5.907706e+000
3.218181e+003,5.900972e+000
3.218664e+003,5.894470e+000
3.219146e+003,5.888392e+000
3.219628e+003,5.882823e+000
3.220110e+003,5.877747e+000
3.220592e+003,5.873107e+000
3.221074e+003,5.868824e+000
3.221556e+003,5.864839e+000
3.222038e+003,5.861104e+000
3.222521e+003,5.857578e+000
3.223003e+003,5.854216e+000
3.223485e+003,5.850944e+000
3.223967e+003,5.847665e+000
3.224449e+003,5.844282e+000
3.224931e+003,5.840703e+000
3.225413e+003,5.836895e+000
3.225896e+003,5.832855e+000
3.226377e+003,5.828633e+000
3.226860e+003,5.824294e+000
3.227342e+003,5.819889e+000
3.227824e+003,5.815429e+000
3.228306e+003,5.810892e+000
3.228788e+003,5.806222e+000
3.229270e+003,5.801384e+000
3.229752e+003,5.796366e+000
3.230235e+003,5.791210e+000
3.230717e+003,5.785990e+000
3.231199e+003,5.780792e+000
3.231681e+003,5.775660e+000
3.232163e+003,5.770594e+000
3.232645e+003,5.765530e+000
3.233127e+003,5.760386e+000
3.233609e+003,5.755093e+000
3.234092e+003,5.749641e+000
3.234574e+003,5.744097e+000
3.235056e+003,5.738590e+000
3.235538e+003,5.733285e+000
3.236020e+003,5.728339e+000
3.236502e+003,5.723858e+000
3.236984e+003,5.719883e+000
3.237466e+003,5.716396e+000
3.237948e+003,5.713340e+000
3.238431e+003,5.710629e+000
3.238913e+003,5.708182e+000
3.239395e+003,5.705905e+000
3.239877e+003,5.703714e+000
3.240359e+003,5.701517e+000
3.240841e+003,5.699239e+000
3.241323e+003,5.696819e+000
3.241806e+003,5.694225e+000
3.242288e+003,5.691443e+000
3.242770e+003,5.688476e+000
3.243252e+003,5.685310e+000
3.243734e+003,5.681914e+000
3.244216e+003,5.678228e+000
3.244698e+003,5.674177e+000
3.245180e+003,5.669711e+000
3.245663e+003,5.664809e+000
3.246145e+003,5.659507e+000
3.246627e+003,5.653889e+000
3.247109e+003,5.648056e+000
3.247591e+003,5.642112e+000
3.248073e+003,5.636134e+000
3.248555e+003,5.630187e+000
3.249037e+003,5.624314e+000
3.249520e+003,5.618568e+000
3.250002e+003,5.612998e+000
3.250484e+003,5.607659e+000
3.250966e+003,5.602571e+000
3.251448e+003,5.597715e+000
3.251930e+003,5.593021e+000
3.252412e+003,5.588397e+000
3.252894e+003,5.583760e+000
3.253376e+003,5.579097e+000
3.253859e+003,5.574474e+000
3.254341e+003,5.570056e+000
3.254823e+003,5.566045e+000
3.255305e+003,5.562632e+000
3.255787e+003,5.559903e+000
3.256269e+003,5.557817e+000
3.256751e+003,5.556192e+000
3.257234e+003,5.554739e+000
3.257716e+003,5.553132e+000
3.258198e+003,5.551087e+000
3.258680e+003,5.548409e+000
3.259162e+003,5.545029e+000
3.259644e+003,5.540989e+000
3.260126e+003,5.536418e+000
3.260608e+003,5.531476e+000
3.261091e+003,5.526309e+000
3.261573e+003,5.521020e+000
3.262055e+003,5.515667e+000
3.262537e+003,5.510261e+000
3.263019e+003,5.504815e+000
3.263501e+003,5.499352e+000
3.263983e+003,5.493952e+000
3.264465e+003,5.488729e+000
3.264948e+003,5.483838e+000
3.265430e+003,5.479408e+000
3.265912e+003,5.475526e+000
3.266394e+003,5.472173e+000
3.266876e+003,5.469246e+000
3.267358e+003,5.466544e+000
3.267840e+003,5.463838e+000
3.268323e+003,5.460904e+000
3.268804e+003,5.457583e+000
3.269287e+003,5.453787e+000
3.269769e+003,5.449517e+000
3.270251e+003,5.444822e+000
3.270733e+003,5.439801e+000
3.271215e+003,5.434563e+000
3.271697e+003,5.429253e+000
3.272179e+003,5.424023e+000
3.272662e+003,5.419053e+000
3.273144e+003,5.414521e+000
3.273626e+003,5.410568e+000
3.274108e+003,5.407239e+000
3.274590e+003,5.404462e+000
3.275072e+003,5.402037e+000
3.275554e+003,5.399676e+000
3.276036e+003,5.397077e+000
3.276519e+003,5.394012e+000
3.277001e+003,5.390392e+000
3.277483e+003,5.386294e+000
3.277965e+003,5.381938e+000
3.278447e+003,5.377614e+000
3.278929e+003,5.373598e+000
3.279411e+003,5.370072e+000
3.279893e+003,5.367067e+000
3.280375e+003,5.364465e+000
3.280858e+003,5.362027e+000
3.281340e+003,5.359472e+000
3.281822e+003,5.356533e+000
3.282304e+003,5.353041e+000
3.282786e+003,5.348956e+000
3.283268e+003,5.344377e+000
3.283750e+003,5.339520e+000
3.284232e+003,5.334663e+000
3.284715e+003,5.330078e+000
3.285197e+003,5.325958e+000
3.285679e+003,5.322370e+000
3.286161e+003,5.319237e+000
3.286643e+003,5.316356e+000
3.287125e+003,5.313457e+000
3.287607e+003,5.310279e+000
3.288090e+003,5.306640e+000
3.288572e+003,5.302487e+000
3.289054e+003,5.297921e+000
3.289536e+003,5.293150e+000
3.290018e+003,5.288472e+000
3.290500e+003,5.284174e+000
3.290982e+003,5.280492e+000
3.291464e+003,5.277553e+000
3.291947e+003,5.275365e+000
3.292429e+003,5.273793e+000
3.292911e+003,5.272613e+000
3.293393e+003,5.271526e+000
3.293875e+003,5.270244e+000
3.294357e+003,5.268511e+000
3.294839e+003,5.266182e+000
3.295321e+003,5.263226e+000
3.295803e+003,5.259735e+000
3.296286e+003,5.255883e+000
3.296768e+003,5.251875e+000
3.297250e+003,5.247878e+000
3.297732e+003,5.243982e+000
3.298214e+003,5.240178e+000
3.298696e+003,5.236391e+000
3.299178e+003,5.232514e+000
3.299660e+003,5.228469e+000
3.300143e+003,5.224234e+000
3.300625e+003,5.219858e+000
3.301107e+003,5.215427e+000
3.301589e+003,5.211043e+000
3.302071e+003,5.206776e+000
3.302553e+003,5.202644e+000
3.303035e+003,5.198628e+000
3.303518e+003,5.194682e+000
3.304000e+003,5.190759e+000
3.304482e+003,5.186846e+000
3.304964e+003,5.182957e+000
3.305446e+003,5.179139e+000
3.305928e+003,5.175451e+000
3.306410e+003,5.171954e+000
3.306892e+003,5.168684e+000
3.307375e+003,5.165637e+000
3.307857e+003,5.162759e+000
3.308339e+003,5.159928e+000
3.308821e+003,5.156961e+000
3.309303e+003,5.153643e+000
3.309785e+003,5.149756e+000
3.310267e+003,5.145158e+000
3.310749e+003,5.139813e+000
3.311231e+003,5.133852e+000
3.311714e+003,5.127541e+000
3.312196e+003,5.121260e+000
3.312678e+003,5.115400e+000
3.313160e+003,5.110291e+000
3.313642e+003,5.106113e+000
3.314124e+003,5.102877e+000
3.314606e+003,5.100426e+000
3.315088e+003,5.098494e+000
3.315571e+003,5.096770e+000
3.316053e+003,5.094977e+000
3.316535e+003,5.092906e+000
3.317017e+003,5.090453e+000
3.317499e+003,5.087608e+000
3.317981e+003,5.084445e+000
3.318463e+003,5.081093e+000
3.318946e+003,5.077709e+000
3.319427e+003,5.074429e+000
3.319910e+003,5.071362e+000
3.320392e+003,5.068535e+000
3.320874e+003,5.065903e+000
3.321356e+003,5.063344e+000
3.321838e+003,5.060694e+000
3.322320e+003,5.057793e+000
3.322802e+003,5.054532e+000
3.323285e+003,5.050870e+000
3.323767e+003,5.046863e+000
3.324249e+003,5.042626e+000
3.324731e+003,5.038310e+000
3.325213e+003,5.034053e+000
3.325695e+003,5.029960e+000
3.326177e+003,5.026080e+000
3.326659e+003,5.022419e+000
3.327142e+003,5.018944e+000
3.327624e+003,5.015609e+000
3.328106e+003,5.012356e+000
3.328588e+003,5.009129e+000
3.329070e+003,5.005873e+000
3.329552e+003,5.002543e+000
3.330034e+003,4.999118e+000
3.330516e+003,4.995608e+000
3.330999e+003,4.992061e+000
3.331481e+003,4.988560e+000
3.331963e+003,4.985211e+000
3.332445e+003,4.982130e+000
3.332927e+003,4.979406e+000
3.333409e+003,4.977100e+000
3.333891e+003,4.975214e+000
3.334374e+003,4.973689e+000
3.334855e+003,4.972404e+000
3.335338e+003,4.971189e+000
3.335820e+003,4.969833e+000
3.336302e+003,4.968140e+000
3.336784e+003,4.965947e+000
3.337266e+003,4.963184e+000
3.337748e+003,4.959886e+000
3.338230e+003,4.956189e+000
3.338713e+003,4.952292e+000
3.339195e+003,4.948406e+000
3.339677e+003,4.944678e+000
3.340159e+003,4.941155e+000
3.340641e+003,4.937766e+000
3.341123e+003,4.934354e+000
3.341605e+003,4.930736e+000
3.342087e+003,4.926768e+000
3.342570e+003,4.922396e+000
3.343052e+003,4.917681e+000
3.343534e+003,4.912765e+000
3.344016e+003,4.907851e+000
3.344498e+003,4.903139e+000
3.344980e+003,4.898798e+000
3.345462e+003,4.894930e+000
3.345944e+003,4.891591e+000
3.346427e+003,4.888762e+000
3.346909e+003,4.886384e+000
3.347391e+003,4.884335e+000
3.347873e+003,4.882458e+000
3.348355e+003,4.880555e+000
3.348837e+003,4.878435e+000
3.349319e+003,4.875929e+000
3.349802e+003,4.872933e+000
3.350283e+003,4.869417e+000
3.350766e+003,4.865429e+000
3.351248e+003,4.861053e+000
3.351730e+003,4.856397e+000
3.352212e+003,4.851550e+000
3.352694e+003,4.846596e+000
3.353176e+003,4.841616e+000
3.353658e+003,4.836728e+000
3.354141e+003,4.832090e+000
3.354623e+003,4.827911e+000
3.355105e+003,4.824398e+000
3.355587e+003,4.821721e+000
3.356069e+003,4.819929e+000
3.356551e+003,4.818938e+000
3.357033e+003,4.818527e+000
3.357515e+003,4.818376e+000
3.357998e+003,4.818135e+000
3.358480e+003,4.817516e+000
3.358962e+003,4.816339e+000
3.359444e+003,4.814577e+000
3.359926e+003,4.812337e+000
3.360408e+003,4.809831e+000
3.360890e+003,4.807303e+000
3.361372e+003,4.804980e+000
3.361854e+003,4.803008e+000
3.362337e+003,4.801438e+000
3.362819e+003,4.800208e+000
3.363301e+003,4.799197e+000
3.363783e+003,4.798234e+000
3.364265e+003,4.797170e+000
3.364747e+003,4.795886e+000
3.365229e+003,4.794308e+000
3.365712e+003,4.792393e+000
3.366194e+003,4.790107e+000
3.366676e+003,4.787394e+000
3.367158e+003,4.784199e+000
3.367640e+003,4.780464e+000
3.368122e+003,4.776183e+000
3.368604e+003,4.771413e+000
3.369086e+003,4.766305e+000
3.369569e+003,4.761072e+000
3.370051e+003,4.755947e+000
3.370533e+003,4.751126e+000
3.371015e+003,4.746727e+000
3.371497e+003,4.742756e+000
3.371979e+003,4.739144e+000
3.372461e+003,4.735770e+000
3.372943e+003,4.732523e+000
3.373426e+003,4.729313e+000
3.373908e+003,4.726103e+000
3.374390e+003,4.722864e+000
3.374872e+003,4.719569e+000
3.375354e+003,4.716159e+000
3.375836e+003,4.712560e+000
3.376318e+003,4.708696e+000
3.376800e+003,4.704534e+000
3.377282e+003,4.700099e+000
3.377765e+003,4.695493e+000
3.378247e+003,4.690872e+000
3.378729e+003,4.686423e+000
3.379211e+003,4.682322e+000
3.379693e+003,4.678727e+000
3.380175e+003,4.675768e+000
3.380657e+003,4.673537e+000
3.381140e+003,4.672092e+000
3.381622e+003,4.671443e+000
3.382104e+003,4.671515e+000
3.382586e+003,4.672161e+000
3.383068e+003,4.673126e+000
3.383550e+003,4.674101e+000
3.384032e+003,4.674756e+000
3.384514e+003,4.674800e+000
3.384997e+003,4.674026e+000
3.385479e+003,4.672347e+000
3.385961e+003,4.669766e+000
3.386443e+003,4.666377e+000
3.386925e+003,4.662315e+000
3.387407e+003,4.657756e+000
3.387889e+003,4.652890e+000
3.388371e+003,4.647942e+000
3.388854e+003,4.643132e+000
3.389336e+003,4.638678e+000
3.389818e+003,4.634725e+000
3.390300e+003,4.631317e+000
3.390782e+003,4.628367e+000
3.391264e+003,4.625669e+000
3.391746e+003,4.622955e+000
3.392229e+003,4.619969e+000
3.392710e+003,4.616556e+000
3.393193e+003,4.612710e+000
3.393675e+003,4.608567e+000
3.394157e+003,4.604366e+000
3.394639e+003,4.600359e+000
3.395121e+003,4.596742e+000
3.395603e+003,4.593591e+000
3.396085e+003,4.590866e+000
3.396568e+003,4.588426e+000
3.397050e+003,4.586095e+000
3.397532e+003,4.583711e+000
3.398014e+003,4.581172e+000
3.398496e+003,4.578453e+000
3.398978e+003,4.575587e+000
3.399460e+003,4.572652e+000
3.399942e+003,4.569718e+000
3.400425e+003,4.566824e+000
3.400907e+003,4.563972e+000
3.401389e+003,4.561116e+000
3.401871e+003,4.558198e+000
3.402353e+003,4.555175e+000
3.402835e+003,4.552047e+000
3.403317e+003,4.548875e+000
3.403799e+003,4.545779e+000
3.404281e+003,4.542890e+000
3.404764e+003,4.540332e+000
3.405246e+003,4.538153e+000
3.405728e+003,4.536320e+000
3.406210e+003,4.534723e+000
3.406692e+003,4.533203e+000
3.407174e+003,4.531604e+000
3.407656e+003,4.529814e+000
3.408138e+003,4.527774e+000
3.408621e+003,4.525473e+000
3.409103e+003,4.522892e+000
3.409585e+003,4.519991e+000
3.410067e+003,4.516671e+000
3.410549e+003,4.512803e+000
3.411031e+003,4.508264e+000
3.411513e+003,4.503006e+000
3.411996e+003,4.497092e+000
3.412478e+003,4.490720e+000
3.412960e+003,4.484178e+000
3.413442e+003,4.477801e+000
3.413924e+003,4.471897e+000
3.414406e+003,4.466694e+000
3.414888e+003,4.462317e+000
3.415370e+003,4.458788e+000
3.415853e+003,4.456044e+000
3.416335e+003,4.453967e+000
3.416817e+003,4.452384e+000
3.417299e+003,4.451105e+000
3.417781e+003,4.449908e+000
3.418263e+003,4.448585e+000
3.418745e+003,4.446950e+000
3.419227e+003,4.444900e+000
3.419709e+003,4.442408e+000
3.420192e+003,4.439551e+000
3.420674e+003,4.436454e+000
3.421156e+003,4.433262e+000
3.421638e+003,4.430076e+000
3.422120e+003,4.426941e+000
3.422602e+003,4.423834e+000
3.423084e+003,4.420717e+000
3.423566e+003,4.417560e+000
3.424049e+003,4.414383e+000
3.424531e+003,4.411249e+000
3.425013e+003,4.408257e+000
3.425495e+003,4.405480e+000
3.425977e+003,4.402959e+000
3.426459e+003,4.400671e+000
3.426941e+003,4.398541e+000
3.427424e+003,4.396465e+000
3.427906e+003,4.394360e+000
3.428388e+003,4.392167e+000
3.428870e+003,4.389884e+000
3.429352e+003,4.387546e+000
3.429834e+003,4.385201e+000
3.430316e+003,4.382895e+000
3.430798e+003,4.380656e+000
3.431281e+003,4.378470e+000
3.431763e+003,4.376301e+000
3.432245e+003,4.374078e+000
3.432727e+003,4.371724e+000
3.433209e+003,4.369160e+000
3.433691e+003,4.366346e+000
3.434173e+003,4.363283e+000
3.434655e+003,4.360043e+000
3.435137e+003,4.356736e+000
3.435620e+003,4.353510e+000
3.436102e+003,4.350486e+000
3.436584e+003,4.347727e+000
3.437066e+003,4.345210e+000
3.437548e+003,4.342824e+000
3.438030e+003,4.340419e+000
3.438512e+003,4.337852e+000
3.438994e+003,4.335044e+000
3.439477e+003,4.332006e+000
3.439959e+003,4.328829e+000
3.440441e+003,4.325650e+000
3.440923e+003,4.322570e+000
3.441405e+003,4.319638e+000
3.441887e+003,4.316803e+000
3.442369e+003,4.313957e+000
3.442852e+003,4.310984e+000
3.443333e+003,4.307826e+000
3.443816e+003,4.304513e+000
3.444298e+003,4.301189e+000
3.444780e+003,4.298054e+000
3.445262e+003,4.295310e+000
3.445744e+003,4.293087e+000
3.446226e+003,4.291396e+000
3.446708e+003,4.290096e+000
3.447191e+003,4.288947e+000
3.447673e+003,4.287666e+000
3.448155e+003,4.286017e+000
3.448637e+003,4.283860e+000
3.449119e+003,4.281192e+000
3.449601e+003,4.278118e+000
3.450083e+003,4.274818e+000
3.450565e+003,4.271480e+000
3.451048e+003,4.268266e+000
3.451530e+003,4.265258e+000
3.452012e+003,4.262468e+000
3.452494e+003,4.259836e+000
3.452976e+003,4.257274e+000
3.453458e+003,4.254697e+000
3.453940e+003,4.252061e+000
3.454422e+003,4.249369e+000
3.454905e+003,4.246668e+000
3.455387e+003,4.244012e+000
3.455869e+003,4.241456e+000
3.456351e+003,4.239007e+000
3.456833e+003,4.236643e+000
3.457315e+003,4.234303e+000
3.457797e+003,4.231914e+000
3.458280e+003,4.229419e+000
3.458761e+003,4.226801e+000
3.459244e+003,4.224073e+000
3.459726e+003,4.221298e+000
3.460208e+003,4.218556e+000
3.460690e+003,4.215949e+000
3.461172e+003,4.213562e+000
3.461654e+003,4.211466e+000
3.462136e+003,4.209672e+000
3.462619e+003,4.208145e+000
3.463101e+003,4.206755e+000
3.463583e+003,4.205311e+000
3.464065e+003,4.203571e+000
3.464547e+003,4.201298e+000
3.465029e+003,4.198324e+000
3.465511e+003,4.194612e+000
3.465993e+003,4.190280e+000
3.466476e+003,4.185608e+000
3.466958e+003,4.180968e+000
3.467440e+003,4.176736e+000
3.467922e+003,4.173184e+000
3.468404e+003,4.170405e+000
3.468886e+003,4.168278e+000
3.469368e+003,4.166516e+000
3.469850e+003,4.164740e+000
3.470333e+003,4.162606e+000
3.470815e+003,4.159884e+000
3.471297e+003,4.156549e+000
3.471779e+003,4.152749e+000
3.472261e+003,4.148784e+000
3.472743e+003,4.144994e+000
3.473225e+003,4.141675e+000
3.473708e+003,4.138989e+000
3.474189e+003,4.136946e+000
3.474672e+003,4.135391e+000
3.475154e+003,4.134091e+000
3.475636e+003,4.132769e+000
3.476118e+003,4.131202e+000
3.476600e+003,4.129233e+000
3.477082e+003,4.126800e+000
3.477564e+003,4.123891e+000
3.478047e+003,4.120546e+000
3.478529e+003,4.116807e+000
3.479011e+003,4.112734e+000
3.479493e+003,4.108396e+000
3.479975e+003,4.103898e+000
3.480457e+003,4.099386e+000
3.480939e+003,4.095037e+000
3.481421e+003,4.091027e+000
3.481904e+003,4.087484e+000
3.482386e+003,4.084443e+000
3.482868e+003,4.081843e+000
3.483350e+003,4.079529e+000
3.483832e+003,4.077308e+000
3.484314e+003,4.074992e+000
3.484796e+003,4.072451e+000
3.485278e+003,4.069631e+000
3.485760e+003,4.066575e+000
3.486243e+003,4.063384e+000
3.486725e+003,4.060235e+000
3.487207e+003,4.057310e+000
3.487689e+003,4.054821e+000
3.488171e+003,4.052944e+000
3.488653e+003,4.051792e+000
3.489135e+003,4.051369e+000
3.489618e+003,4.051547e+000
3.490100e+003,4.052022e+000
3.490582e+003,4.052380e+000
3.491064e+003,4.052127e+000
3.491546e+003,4.050829e+000
3.492028e+003,4.048202e+000
3.492510e+003,4.044208e+000
3.492992e+003,4.039085e+000
3.493475e+003,4.033307e+000
3.493957e+003,4.027462e+000
3.494439e+003,4.022122e+000
3.494921e+003,4.017679e+000
3.495403e+003,4.014267e+000
3.495885e+003,4.011739e+000
3.496367e+003,4.009734e+000
3.496849e+003,4.007782e+000
3.497332e+003,4.005466e+000
3.497814e+003,4.002502e+000
3.498296e+003,3.998827e+000
3.498778e+003,3.994578e+000
3.499260e+003,3.990078e+000
3.499742e+003,3.985747e+000
3.500224e+003,3.982030e+000
3.500706e+003,3.979298e+000
3.501188e+003,3.977762e+000
3.501671e+003,3.977394e+000
3.502153e+003,3.977899e+000
3.502635e+003,3.978728e+000
3.503117e+003,3.979205e+000
3.503599e+003,3.978662e+000
3.504081e+003,3.976639e+000
3.504563e+003,3.972981e+000
3.505046e+003,3.967911e+000
3.505528e+003,3.961937e+000
3.506010e+003,3.955766e+000
3.506492e+003,3.950132e+000
3.506974e+003,3.945673e+000
3.507456e+003,3.942803e+000
3.507938e+003,3.941648e+000
3.508420e+003,3.942024e+000
3.508903e+003,3.943487e+000
3.509385e+003,3.945420e+000
3.509867e+003,3.947184e+000
3.510349e+003,3.948229e+000
3.510831e+003,3.948215e+000
3.511313e+003,3.947017e+000
3.511795e+003,3.944722e+000
3.512277e+003,3.941553e+000
3.512760e+003,3.937801e+000
3.513242e+003,3.933738e+000
3.513724e+003,3.929580e+000
3.514206e+003,3.925442e+000
3.514688e+003,3.921375e+000
3.515170e+003,3.917360e+000
3.515652e+003,3.913372e+000
3.516135e+003,3.909384e+000
3.516616e+003,3.905395e+000
3.517099e+003,3.901402e+000
3.517581e+003,3.897411e+000
3.518063e+003,3.893404e+000
3.518545e+003,3.889363e+000
3.519027e+003,3.885270e+000
3.519509e+003,3.881148e+000
3.519991e+003,3.877078e+000
3.520474e+003,3.873203e+000
3.520956e+003,3.869694e+000
3.521438e+003,3.866707e+000
3.521920e+003,3.864329e+000
3.522402e+003,3.862535e+000
3.522884e+003,3.861182e+000
3.523366e+003,3.860051e+000
3.523848e+003,3.858902e+000
3.524331e+003,3.857560e+000
3.524813e+003,3.855939e+000
3.525295e+003,3.854060e+000
3.525777e+003,3.852002e+000
3.526259e+003,3.849860e+000
3.526741e+003,3.847687e+000
3.527223e+003,3.845484e+000
3.527705e+003,3.843202e+000
3.528188e+003,3.840780e+000
3.528670e+003,3.838171e+000
3.529152e+003,3.835376e+000
3.529634e+003,3.832414e+000
3.530116e+003,3.829310e+000
3.530598e+003,3.826047e+000
3.531080e+003,3.822574e+000
3.531563e+003,3.818809e+000
3.532044e+003,3.814703e+000
3.532527e+003,3.810279e+000
3.533009e+003,3.805701e+000
3.533491e+003,3.801254e+000
3.533973e+003,3.797318e+000
3.534455e+003,3.794275e+000
3.534937e+003,3.792398e+000
3.535419e+003,3.791728e+000
3.535902e+003,3.792055e+000
3.536384e+003,3.792890e+000
3.536866e+003,3.793616e+000
3.537348e+003,3.793600e+000
3.537830e+003,3.792365e+000
3.538312e+003,3.789663e+000
3.538794e+003,3.785514e+000
3.539276e+003,3.780142e+000
3.539759e+003,3.773904e+000
3.540241e+003,3.767188e+000
3.540723e+003,3.760371e+000
3.541205e+003,3.753765e+000
3.541687e+003,3.747664e+000
3.542169e+003,3.742345e+000
3.542651e+003,3.738128e+000
3.543133e+003,3.735339e+000
3.543615e+003,3.734289e+000
3.544098e+003,3.735147e+000
3.544580e+003,3.737851e+000
3.545062e+003,3.741992e+000
3.545544e+003,3.746824e+000
3.546026e+003,3.751347e+000
3.546508e+003,3.754519e+000
3.546990e+003,3.755492e+000
3.547472e+003,3.753811e+000
3.547955e+003,3.749498e+000
3.548437e+003,3.743034e+000
3.548919e+003,3.735211e+000
3.549401e+003,3.726994e+000
3.549883e+003,3.719325e+000
3.550365e+003,3.712982e+000
3.550847e+003,3.708443e+000
3.551330e+003,3.705843e+000
3.551812e+003,3.704931e+000
3.552294e+003,3.705194e+000
3.552776e+003,3.705986e+000
3.553258e+003,3.706718e+000
3.553740e+003,3.706969e+000
3.554222e+003,3.706541e+000
3.554704e+003,3.705416e+000
3.555187e+003,3.703672e+000
3.555669e+003,3.701386e+000
3.556151e+003,3.698601e+000
3.556633e+003,3.695283e+000
3.557115e+003,3.691389e+000
3.557597e+003,3.686870e+000
3.558079e+003,3.681750e+000
3.558561e+003,3.676116e+000
3.559043e+003,3.670126e+000
3.559526e+003,3.663950e+000
3.560008e+003,3.657737e+000
3.560490e+003,3.651561e+000
3.560972e+003,3.645423e+000
3.561454e+003,3.639262e+000
3.561936e+003,3.633008e+000
3.562418e+003,3.626642e+000
3.562900e+003,3.620263e+000
3.563383e+003,3.614127e+000
3.563865e+003,3.608702e+000
3.564347e+003,3.604644e+000
3.564829e+003,3.602758e+000
3.565311e+003,3.603826e+000
3.565793e+003,3.608357e+000
3.566275e+003,3.616259e+000
3.566758e+003,3.626663e+000
3.567240e+003,3.637954e+000
3.567722e+003,3.648232e+000
3.568204e+003,3.655839e+000
3.568686e+003,3.659786e+000
3.569168e+003,3.659842e+000
3.569650e+003,3.656416e+000
3.570132e+003,3.650268e+000
3.570615e+003,3.642334e+000
3.571097e+003,3.633531e+000
3.571579e+003,3.624701e+000
3.572061e+003,3.616544e+000
3.572543e+003,3.609606e+000
3.573025e+003,3.604246e+000
3.573507e+003,3.600635e+000
3.573989e+003,3.598709e+000
3.574471e+003,3.598207e+000
3.574954e+003,3.598654e+000
3.575436e+003,3.599467e+000
3.575918e+003,3.600024e+000
3.576400e+003,3.599809e+000
3.576882e+003,3.598493e+000
3.577364e+003,3.596013e+000
3.577846e+003,3.592549e+000
3.578328e+003,3.588462e+000
3.578811e+003,3.584143e+000
3.579293e+003,3.579909e+000
3.579775e+003,3.575866e+000
3.580257e+003,3.571898e+000
3.580739e+003,3.567678e+000
3.581221e+003,3.562788e+000
3.581703e+003,3.556832e+000
3.582186e+003,3.549595e+000
3.582667e+003,3.541092e+000
3.583150e+003,3.531664e+000
3.583632e+003,3.521955e+000
3.584114e+003,3.512903e+000
3.584596e+003,3.505654e+000
3.585078e+003,3.501428e+000
3.585560e+003,3.501270e+000
3.586042e+003,3.505725e+000
3.586525e+003,3.514420e+000
3.587007e+003,3.525905e+000
3.587489e+003,3.537828e+000
3.587971e+003,3.547604e+000
3.588453e+003,3.553223e+000
3.588935e+003,3.553788e+000
3.589417e+003,3.549541e+000
3.589899e+003,3.541536e+000
3.590382e+003,3.531177e+000
3.590864e+003,3.519880e+000
3.591346e+003,3.508850e+000
3.591828e+003,3.498981e+000
3.592310e+003,3.490826e+000
3.592792e+003,3.484611e+000
3.593274e+003,3.480251e+000
3.593756e+003,3.477432e+000
3.594239e+003,3.475672e+000
3.594721e+003,3.474477e+000
3.595203e+003,3.473403e+000
3.595685e+003,3.472190e+000
3.596167e+003,3.470752e+000
3.596649e+003,3.469186e+000
3.597131e+003,3.467676e+000
3.597614e+003,3.466455e+000
3.598095e+003,3.465662e+000
3.598578e+003,3.465337e+000
3.599060e+003,3.465335e+000
3.599542e+003,3.465374e+000
3.600024e+003,3.465077e+000
3.600506e+003,3.464072e+000
3.600988e+003,3.462062e+000
3.601470e+003,3.458902e+000
3.601953e+003,3.454571e+000
3.602435e+003,3.449165e+000
3.602917e+003,3.442817e+000
3.603399e+003,3.435712e+000
3.603881e+003,3.428072e+000
3.604363e+003,3.420231e+000
3.604845e+003,3.412667e+000
3.605327e+003,3.406021e+000
3.605810e+003,3.401028e+000
3.606292e+003,3.398396e+000
3.606774e+003,3.398551e+000
3.607256e+003,3.401425e+000
3.607738e+003,3.406312e+000
3.608220e+003,3.412012e+000
3.608702e+003,3.417143e+000
3.609184e+003,3.420611e+000
3.609667e+003,3.421889e+000
3.610149e+003,3.421134e+000
3.610631e+003,3.418985e+000
3.611113e+003,3.416301e+000
3.611595e+003,3.413834e+000
3.612077e+003,3.411990e+000
3.612559e+003,3.410681e+000
3.613042e+003,3.409410e+000
3.613524e+003,3.407454e+000
3.614006e+003,3.404232e+000
3.614488e+003,3.399535e+000
3.614970e+003,3.393679e+000
3.615452e+003,3.387418e+000
3.615934e+003,3.381804e+000
3.616416e+003,3.377952e+000
3.616898e+003,3.376818e+000
3.617381e+003,3.378926e+000
3.617863e+003,3.384161e+000
3.618345e+003,3.391614e+000
3.618827e+003,3.399723e+000
3.619309e+003,3.406632e+000
3.619791e+003,3.410784e+000
3.620273e+003,3.411303e+000
3.620755e+003,3.408135e+000
3.621238e+003,3.401793e+000
3.621720e+003,3.393061e+000
3.622202e+003,3.382680e+000
3.622684e+003,3.371216e+000
3.623166e+003,3.358993e+000
3.623648e+003,3.346177e+000
3.624130e+003,3.332870e+000
3.624612e+003,3.319283e+000
3.625094e+003,3.305861e+000
3.625577e+003,3.293470e+000
3.626059e+003,3.283456e+000
3.626541e+003,3.277660e+000
3.627023e+003,3.278130e+000
3.627505e+003,3.286445e+000
3.627987e+003,3.302626e+000
3.628469e+003,3.324223e+000
3.628952e+003,3.346508e+000
3.629434e+003,3.364348e+000
3.629916e+003,3.374369e+000
3.630398e+003,3.375950e+000
3.630880e+003,3.370623e+000
3.631362e+003,3.360912e+000
3.631844e+003,3.349387e+000
3.632326e+003,3.338195e+000
3.632809e+003,3.328815e+000
3.633291e+003,3.322051e+000
3.633773e+003,3.318024e+000
3.634255e+003,3.316355e+000
3.634737e+003,3.316357e+000
3.635219e+003,3.317334e+000
3.635701e+003,3.318713e+000
3.636183e+003,3.320158e+000
3.636666e+003,3.321479e+000
3.637148e+003,3.322581e+000
3.637630e+003,3.323380e+000
3.638112e+003,3.323805e+000
3.638594e+003,3.323822e+000
3.639076e+003,3.323493e+000
3.639558e+003,3.322944e+000
3.640041e+003,3.322318e+000
3.640522e+003,3.321638e+000
3.641005e+003,3.320722e+000
3.641487e+003,3.319124e+000
3.641969e+003,3.316241e+000
3.642451e+003,3.311441e+000
3.642933e+003,3.304302e+000
3.643415e+003,3.294744e+000
3.643897e+003,3.283126e+000
3.644380e+003,3.270175e+000
3.644862e+003,3.256952e+000
3.645344e+003,3.244691e+000
3.645826e+003,3.234747e+000
3.646308e+003,3.228489e+000
3.646790e+003,3.227227e+000
3.647272e+003,3.232057e+000
3.647754e+003,3.243636e+000
3.648237e+003,3.261736e+000
3.648719e+003,3.284876e+000
3.649201e+003,3.310153e+000
3.649683e+003,3.333766e+000
3.650165e+003,3.352062e+000
3.650647e+003,3.362681e+000
3.651129e+003,3.365018e+000
3.651611e+003,3.360074e+000
3.652094e+003,3.349815e+000
3.652576e+003,3.336653e+000
3.653058e+003,3.323050e+000
3.653540e+003,3.311316e+000
3.654022e+003,3.303440e+000
3.654504e+003,3.300874e+000
3.654986e+003,3.304172e+000
3.655469e+003,3.312698e+000
3.655950e+003,3.324537e+000
3.656433e+003,3.336991e+000
3.656915e+003,3.347408e+000
3.657397e+003,3.354070e+000
3.657879e+003,3.356509e+000
3.658361e+003,3.355356e+000
3.658843e+003,3.351799e+000
3.659325e+003,3.347151e+000
3.659808e+003,3.342453e+000
3.660290e+003,3.338373e+000
3.660772e+003,3.335143e+000
3.661254e+003,3.332686e+000
3.661736e+003,3.330713e+000
3.662218e+003,3.328894e+000
3.662700e+003,3.326928e+000
3.663182e+003,3.324617e+000
3.663665e+003,3.321819e+000
3.664147e+003,3.318461e+000
3.664629e+003,3.314486e+000
3.665111e+003,3.309915e+000
3.665593e+003,3.304896e+000
3.666075e+003,3.299834e+000
3.666557e+003,3.295452e+000
3.667039e+003,3.292867e+000
3.667521e+003,3.293470e+000
3.668004e+003,3.298649e+000
3.668486e+003,3.309161e+000
3.668968e+003,3.324385e+000
3.669450e+003,3.341822e+000
3.669932e+003,3.357570e+000
3.670414e+003,3.367727e+000
3.670896e+003,3.370012e+000
3.671378e+003,3.364452e+000
3.671861e+003,3.353079e+000
3.672343e+003,3.339123e+000
3.672825e+003,3.326437e+000
3.673307e+003,3.319021e+000
3.673789e+003,3.320541e+000
3.674271e+003,3.333328e+000
3.674753e+003,3.357051e+000
3.675236e+003,3.387734e+000
3.675718e+003,3.418847e+000
3.676200e+003,3.444144e+000
3.676682e+003,3.460438e+000
3.677164e+003,3.468019e+000
3.677646e+003,3.469309e+000
3.678128e+003,3.467135e+000
3.678610e+003,3.463736e+000
3.679093e+003,3.460387e+000
3.679575e+003,3.457534e+000
3.680057e+003,3.455053e+000
3.680539e+003,3.452645e+000
3.681021e+003,3.450054e+000
3.681503e+003,3.447219e+000
3.681985e+003,3.444182e+000
3.682467e+003,3.441002e+000
3.682949e+003,3.437600e+000
3.683432e+003,3.433764e+000
3.683914e+003,3.429229e+000
3.684396e+003,3.423859e+000
3.684878e+003,3.417826e+000
3.685360e+003,3.411743e+000
3.685842e+003,3.406675e+000
3.686324e+003,3.404060e+000
3.686806e+003,3.405464e+000
3.687289e+003,3.412230e+000
3.687771e+003,3.424999e+000
3.688253e+003,3.443354e+000
3.688735e+003,3.465651e+000
3.689217e+003,3.489419e+000
3.689699e+003,3.512031e+000
3.690181e+003,3.531451e+000
3.690664e+003,3.546499e+000
3.691146e+003,3.556848e+000
3.691628e+003,3.562735e+000
3.692110e+003,3.564759e+000
3.692592e+003,3.563725e+000
3.693074e+003,3.560601e+000
3.693556e+003,3.556397e+000
3.694038e+003,3.552098e+000
3.694521e+003,3.548469e+000
3.695003e+003,3.545959e+000
3.695485e+003,3.544579e+000
3.695967e+003,3.543968e+000
3.696449e+003,3.543538e+000
3.696931e+003,3.542785e+000
3.697413e+003,3.541552e+000
3.697895e+003,3.540255e+000
3.698377e+003,3.539877e+000
3.698860e+003,3.541842e+000
3.699342e+003,3.547660e+000
3.699824e+003,3.558494e+000
3.700306e+003,3.574635e+000
3.700788e+003,3.595136e+000
3.701270e+003,3.617730e+000
3.701752e+003,3.639317e+000
3.702234e+003,3.656795e+000
3.702717e+003,3.668010e+000
3.703199e+003,3.672202e+000
3.703681e+003,3.669975e+000
3.704163e+003,3.662818e+000
3.704645e+003,3.652551e+000
3.705127e+003,3.640886e+000
3.705609e+003,3.629191e+000
3.706092e+003,3.618391e+000
3.706573e+003,3.609086e+000
3.707056e+003,3.601668e+000
3.707538e+003,3.596558e+000
3.708020e+003,3.594353e+000
3.708502e+003,3.595963e+000
3.708984e+003,3.602515e+000
3.709466e+003,3.615138e+000
3.709948e+003,3.634410e+000
3.710431e+003,3.659812e+000
3.710913e+003,3.689286e+000
3.711395e+003,3.719423e+000
3.711877e+003,3.746279e+000
3.712359e+003,3.766603e+000
3.712841e+003,3.778657e+000
3.713323e+003,3.782447e+000
3.713805e+003,3.779275e+000
3.714288e+003,3.771151e+000
3.714770e+003,3.760220e+000
3.715252e+003,3.748435e+000
3.715734e+003,3.737322e+000
3.716216e+003,3.727902e+000
3.716698e+003,3.720614e+000
3.717180e+003,3.715379e+000
3.717662e+003,3.711698e+000
3.718145e+003,3.708930e+000
3.718627e+003,3.706533e+000
3.719109e+003,3.704354e+000
3.719591e+003,3.702674e+000
3.720073e+003,3.702154e+000
3.720555e+003,3.703525e+000
3.721037e+003,3.707319e+000
3.721520e+003,3.713549e+000
3.722001e+003,3.721725e+000
3.722484e+003,3.730984e+000
3.722966e+003,3.740491e+000
3.723448e+003,3.749712e+000
3.723930e+003,3.758577e+000
3.724412e+003,3.767290e+000
3.724894e+003,3.776019e+000
3.725376e+003,3.784482e+000
3.725859e+003,3.791806e+000
3.726341e+003,3.796632e+000
3.726823e+003,3.797623e+000
3.727305e+003,3.793957e+000
3.727787e+003,3.785738e+000
3.728269e+003,3.773989e+000
3.728751e+003,3.760430e+000
3.729233e+003,3.747051e+000
3.729716e+003,3.735750e+000
3.730198e+003,3.727921e+000
3.730680e+003,3.724215e+000
3.731162e+003,3.724386e+000
3.731644e+003,3.727465e+000
3.732126e+003,3.732149e+000
3.732608e+003,3.737468e+000
3.733090e+003,3.743287e+000
3.733573e+003,3.750488e+000
3.734055e+003,3.760492e+000
3.734537e+003,3.774443e+000
3.735019e+003,3.792233e+000
3.735501e+003,3.812140e+000
3.735983e+003,3.831246e+000
3.736465e+003,3.846624e+000
3.736948e+003,3.856276e+000
3.737430e+003,3.859618e+000
3.737912e+003,3.857121e+000
3.738394e+003,3.849781e+000
3.738876e+003,3.838591e+000
3.739358e+003,3.824356e+000
3.739840e+003,3.807712e+000
3.740322e+003,3.789396e+000
3.740804e+003,3.770511e+000
3.741287e+003,3.752870e+000
3.741769e+003,3.739083e+000
3.742251e+003,3.732466e+000
3.742733e+003,3.736305e+000
3.743215e+003,3.752460e+000
3.743697e+003,3.779410e+000
3.744179e+003,3.811340e+000
3.744661e+003,3.839639e+000
3.745144e+003,3.856825e+000
3.745626e+003,3.859674e+000
3.746108e+003,3.849623e+000
3.746590e+003,3.830961e+000
3.747072e+003,3.808918e+000
3.747554e+003,3.788485e+000
3.748036e+003,3.774024e+000
3.748518e+003,3.768996e+000
3.749000e+003,3.775665e+000
3.749483e+003,3.794441e+000
3.749965e+003,3.823381e+000
3.750447e+003,3.858052e+000
3.750929e+003,3.892581e+000
3.751411e+003,3.921302e+000
3.751893e+003,3.940396e+000
3.752375e+003,3.948416e+000
3.752858e+003,3.946037e+000
3.753340e+003,3.935203e+000
3.753822e+003,3.918435e+000
3.754304e+003,3.898298e+000
3.754786e+003,3.877175e+000
3.755268e+003,3.857096e+000
3.755750e+003,3.839734e+000
3.756232e+003,3.826318e+000
3.756715e+003,3.817684e+000
3.757197e+003,3.814188e+000
3.757679e+003,3.815701e+000
3.758161e+003,3.821495e+000
3.758643e+003,3.830228e+000
3.759125e+003,3.839970e+000
3.759607e+003,3.848499e+000
3.760089e+003,3.853755e+000
3.760572e+003,3.854388e+000
3.761054e+003,3.850081e+000
3.761536e+003,3.841652e+000
3.762018e+003,3.830785e+000
3.762500e+003,3.819692e+000
3.762982e+003,3.810594e+000
3.763464e+003,3.805260e+000
3.763947e+003,3.804505e+000
3.764428e+003,3.807920e+000
3.764911e+003,3.813876e+000
3.765393e+003,3.820095e+000
3.765875e+003,3.824479e+000
3.766357e+003,3.825960e+000
3.766839e+003,3.824849e+000
3.767321e+003,3.822702e+000
3.767803e+003,3.821643e+000
3.768286e+003,3.823613e+000
3.768768e+003,3.829584e+000
3.769250e+003,3.839082e+000
3.769732e+003,3.850227e+000
3.770214e+003,3.860392e+000
3.770696e+003,3.867177e+000
3.771178e+003,3.869261e+000
3.771660e+003,3.866642e+000
3.772143e+003,3.860377e+000
3.772625e+003,3.852002e+000
3.773107e+003,3.843031e+000
3.773589e+003,3.834570e+000
3.774071e+003,3.827217e+000
3.774553e+003,3.821077e+000
3.775035e+003,3.815987e+000
3.775517e+003,3.811754e+000
3.776000e+003,3.808409e+000
3.776482e+003,3.806314e+000
3.776964e+003,3.806103e+000
3.777446e+003,3.808435e+000
3.777928e+003,3.813589e+000
3.778410e+003,3.821052e+000
3.778892e+003,3.829358e+000
3.779375e+003,3.836323e+000
3.779856e+003,3.839758e+000
3.780339e+003,3.838225e+000
3.780821e+003,3.831589e+000
3.781303e+003,3.820984e+000
3.781785e+003,3.808478e+000
3.782267e+003,3.796484e+000
3.782749e+003,3.787278e+000
3.783231e+003,3.782474e+000
3.783714e+003,3.782758e+000
3.784196e+003,3.787688e+000
3.784678e+003,3.795875e+000
3.785160e+003,3.805359e+000
3.785642e+003,3.814195e+000
3.786124e+003,3.820885e+000
3.786606e+003,3.824654e+000
3.787088e+003,3.825388e+000
3.787571e+003,3.823498e+000
3.788053e+003,3.819646e+000
3.788535e+003,3.814605e+000
3.789017e+003,3.809085e+000
3.789499e+003,3.803636e+000
3.789981e+003,3.798562e+000
3.790463e+003,3.793876e+000
3.790945e+003,3.789308e+000
3.791427e+003,3.784437e+000
3.791910e+003,3.778881e+000
3.792392e+003,3.772530e+000
3.792874e+003,3.765719e+000
3.793356e+003,3.759278e+000
3.793838e+003,3.754367e+000
3.794320e+003,3.752149e+000
3.794802e+003,3.753274e+000
3.795284e+003,3.757412e+000
3.795767e+003,3.762987e+000
3.796249e+003,3.767512e+000
3.796731e+003,3.768375e+000
3.797213e+003,3.763864e+000
3.797695e+003,3.753862e+000
3.798177e+003,3.740064e+000
3.798659e+003,3.725631e+000
3.799142e+003,3.714655e+000
3.799624e+003,3.711251e+000
3.800106e+003,3.718364e+000
3.800588e+003,3.736181e+000
3.801070e+003,3.761090e+000
3.801552e+003,3.786343e+000
3.802034e+003,3.804778e+000
3.802516e+003,3.811915e+000
3.802999e+003,3.807393e+000
3.803481e+003,3.794189e+000
3.803963e+003,3.777035e+000
3.804445e+003,3.760981e+000
3.804927e+003,3.750481e+000
3.805409e+003,3.748600e+000
3.805891e+003,3.756299e+000
3.806373e+003,3.771853e+000
3.806855e+003,3.791149e+000
3.807338e+003,3.809057e+000
3.807820e+003,3.821397e+000
3.808302e+003,3.826249e+000
3.808784e+003,3.824014e+000
3.809266e+003,3.816480e+000
3.809748e+003,3.805754e+000
3.810230e+003,3.793477e+000
3.810712e+003,3.780572e+000
3.811195e+003,3.767329e+000
3.811677e+003,3.753789e+000
3.812159e+003,3.740147e+000
3.812641e+003,3.727122e+000
3.813123e+003,3.716069e+000
3.813605e+003,3.708829e+000
3.814087e+003,3.707110e+000
3.814570e+003,3.711678e+000
3.815052e+003,3.721392e+000
3.815534e+003,3.732904e+000
3.816016e+003,3.741504e+000
3.816498e+003,3.743010e+000
3.816980e+003,3.735511e+000
3.817462e+003,3.720022e+000
3.817944e+003,3.699926e+000
3.818427e+003,3.680024e+000
3.818909e+003,3.665521e+000
3.819391e+003,3.661093e+000
3.819873e+003,3.669537e+000
3.820355e+003,3.690296e+000
3.820837e+003,3.718581e+000
3.821319e+003,3.746651e+000
3.821801e+003,3.767028e+000
3.822283e+003,3.775657e+000
3.822766e+003,3.772734e+000
3.823248e+003,3.761472e+000
3.823730e+003,3.746228e+000
3.824212e+003,3.731144e+000
3.824694e+003,3.719356e+000
3.825176e+003,3.712605e+000
3.825658e+003,3.711044e+000
3.826140e+003,3.713373e+000
3.826623e+003,3.717294e+000
3.827105e+003,3.720383e+000
3.827587e+003,3.720895e+000
3.828069e+003,3.718285e+000
3.828551e+003,3.713185e+000
3.829033e+003,3.707020e+000
3.829515e+003,3.701391e+000
3.829998e+003,3.697583e+000
3.830479e+003,3.696131e+000
3.830962e+003,3.696687e+000
3.831444e+003,3.698127e+000
3.831926e+003,3.698968e+000
3.832408e+003,3.697862e+000
3.832890e+003,3.694062e+000
3.833372e+003,3.687563e+000
3.833854e+003,3.679105e+000
3.834337e+003,3.669914e+000
3.834819e+003,3.661512e+000
3.835301e+003,3.655473e+000
3.835783e+003,3.653270e+000
3.836265e+003,3.656030e+000
3.836747e+003,3.664248e+000
3.837229e+003,3.677478e+000
3.837711e+003,3.694226e+000
3.838194e+003,3.712137e+000
3.838676e+003,3.728577e+000
3.839158e+003,3.741367e+000
3.839640e+003,3.749354e+000
3.840122e+003,3.752552e+000
3.840604e+003,3.751945e+000
3.841086e+003,3.749017e+000
3.841568e+003,3.745336e+000
3.842051e+003,3.742104e+000
3.842533e+003,3.739945e+000
3.843015e+003,3.738762e+000
3.843497e+003,3.737854e+000
3.843979e+003,3.736159e+000
3.844461e+003,3.732646e+000
3.844943e+003,3.726554e+000
3.845426e+003,3.717601e+000
3.845907e+003,3.705893e+000
3.846390e+003,3.691807e+000
3.846872e+003,3.675776e+000
3.847354e+003,3.658173e+000
3.847836e+003,3.639234e+000
3.848318e+003,3.619149e+000
3.848800e+003,3.598203e+000
3.849282e+003,3.577068e+000
3.849765e+003,3.557055e+000
3.850247e+003,3.540439e+000
3.850729e+003,3.530629e+000
3.851211e+003,3.532070e+000
3.851693e+003,3.549354e+000
3.852175e+003,3.585191e+000
3.852657e+003,3.637389e+000
3.853139e+003,3.697121e+000
3.853622e+003,3.751398e+000
3.854104e+003,3.789298e+000
3.854586e+003,3.806698e+000
3.855068e+003,3.805981e+000
3.855550e+003,3.792628e+000
3.856032e+003,3.772220e+000
3.856514e+003,3.748995e+000
3.856996e+003,3.725671e+000
3.857479e+003,3.703718e+000
3.857961e+003,3.683800e+000
3.858443e+003,3.666096e+000
3.858925e+003,3.650568e+000
3.859407e+003,3.637120e+000
3.859889e+003,3.625711e+000
3.860371e+003,3.616382e+000
3.860854e+003,3.609384e+000
3.861336e+003,3.605172e+000
3.861818e+003,3.604423e+000
3.862300e+003,3.607824e+000
3.862782e+003,3.615722e+000
3.863264e+003,3.627589e+000
3.863746e+003,3.641670e+000
3.864228e+003,3.655034e+000
3.864710e+003,3.664316e+000
3.865193e+003,3.666788e+000
3.865675e+003,3.661352e+000
3.866157e+003,3.648865e+000
3.866639e+003,3.631950e+000
3.867121e+003,3.614368e+000
3.867603e+003,3.600332e+000
3.868085e+003,3.593569e+000
3.868567e+003,3.596297e+000
3.869050e+003,3.608163e+000
3.869532e+003,3.625895e+000
3.870014e+003,3.644326e+000
3.870496e+003,3.658608e+000
3.870978e+003,3.666246e+000
3.871460e+003,3.667748e+000
3.871942e+003,3.665753e+000
3.872424e+003,3.663554e+000
3.872906e+003,3.663652e+000
3.873389e+003,3.666862e+000
3.873871e+003,3.671980e+000
3.874353e+003,3.676302e+000
3.874835e+003,3.676710e+000
3.875317e+003,3.670971e+000
3.875799e+003,3.658477e+000
3.876281e+003,3.640385e+000
3.876764e+003,3.619148e+000
3.877246e+003,3.597956e+000
3.877728e+003,3.580171e+000
3.878210e+003,3.568805e+000
3.878692e+003,3.565898e+000
3.879174e+003,3.571821e+000
3.879656e+003,3.584727e+000
3.880138e+003,3.600784e+000
3.880621e+003,3.615264e+000
3.881103e+003,3.624309e+000
3.881585e+003,3.626240e+000
3.882067e+003,3.621933e+000
3.882549e+003,3.614185e+000
3.883031e+003,3.606791e+000
3.883513e+003,3.603446e+000
3.883995e+003,3.606758e+000
3.884478e+003,3.617285e+000
3.884960e+003,3.632973e+000
3.885442e+003,3.649492e+000
3.885924e+003,3.661764e+000
3.886406e+003,3.665939e+000
3.886888e+003,3.660743e+000
3.887370e+003,3.647511e+000
3.887853e+003,3.629348e+000
3.888334e+003,3.610041e+000
3.888817e+003,3.593291e+000
3.889299e+003,3.582135e+000
3.889781e+003,3.578520e+000
3.890263e+003,3.582870e+000
3.890745e+003,3.593854e+000
3.891227e+003,3.608543e+000
3.891709e+003,3.623243e+000
3.892192e+003,3.634608e+000
3.892674e+003,3.640577e+000
3.893156e+003,3.640640e+000
3.893638e+003,3.635510e+000
3.894120e+003,3.626551e+000
3.894602e+003,3.615320e+000
3.895084e+003,3.603226e+000
3.895566e+003,3.591461e+000
3.896049e+003,3.580945e+000
3.896531e+003,3.572359e+000
3.897013e+003,3.566139e+000
3.897495e+003,3.562449e+000
3.897977e+003,3.561136e+000
3.898459e+003,3.561734e+000
3.898941e+003,3.563511e+000
3.899423e+003,3.565660e+000
3.899906e+003,3.567569e+000
3.900388e+003,3.569036e+000
3.900870e+003,3.570403e+000
3.901352e+003,3.572463e+000
3.901834e+003,3.576187e+000
3.902316e+003,3.582360e+000
3.902798e+003,3.591171e+000
3.903281e+003,3.602050e+000
3.903762e+003,3.613662e+000
3.904245e+003,3.624331e+000
3.904727e+003,3.632524e+000
3.905209e+003,3.637336e+000
3.905691e+003,3.638618e+000
3.906173e+003,3.636894e+000
3.906655e+003,3.633009e+000
3.907137e+003,3.627873e+000
3.907620e+003,3.622224e+000
3.908102e+003,3.616577e+000
3.908584e+003,3.611196e+000
3.909066e+003,3.606189e+000
3.909548e+003,3.601511e+000
3.910030e+003,3.597039e+000
3.910512e+003,3.592534e+000
3.910994e+003,3.587682e+000
3.911477e+003,3.582092e+000
3.911959e+003,3.575420e+000
3.912441e+003,3.567455e+000
3.912923e+003,3.558279e+000
3.913405e+003,3.548289e+000
3.913887e+003,3.538224e+000
3.914369e+003,3.529035e+000
3.914851e+003,3.521721e+000
3.915333e+003,3.517098e+000
3.915816e+003,3.515598e+000
3.916298e+003,3.517150e+000
3.916780e+003,3.521196e+000
3.917262e+003,3.526811e+000
3.917744e+003,3.532924e+000
3.918226e+003,3.538500e+000
3.918708e+003,3.542668e+000
3.919190e+003,3.544778e+000
3.919673e+003,3.544461e+000
3.920155e+003,3.541683e+000
3.920637e+003,3.536793e+000
3.921119e+003,3.530566e+000
3.921601e+003,3.524153e+000
3.922083e+003,3.518883e+000
3.922565e+003,3.516030e+000
3.923048e+003,3.516433e+000
3.923530e+003,3.520212e+000
3.924012e+003,3.526585e+000
3.924494e+003,3.534004e+000
3.924976e+003,3.540551e+000
3.925458e+003,3.544511e+000
3.925940e+003,3.544844e+000
3.926422e+003,3.541429e+000
3.926905e+003,3.534961e+000
3.927387e+003,3.526719e+000
3.927869e+003,3.518190e+000
3.928351e+003,3.510822e+000
3.928833e+003,3.505776e+000
3.929315e+003,3.503841e+000
3.929797e+003,3.505337e+000
3.930279e+003,3.510129e+000
3.930761e+003,3.517642e+000
3.931244e+003,3.526937e+000
3.931726e+003,3.536839e+000
3.932208e+003,3.546125e+000
3.932690e+003,3.553722e+000
3.933172e+003,3.558919e+000
3.933654e+003,3.561440e+000
3.934136e+003,3.561455e+000
3.934618e+003,3.559432e+000
3.935101e+003,3.556000e+000
3.935583e+003,3.551728e+000
3.936065e+003,3.547011e+000
3.936547e+003,3.541994e+000
3.937029e+003,3.536636e+000
3.937511e+003,3.530780e+000
3.937993e+003,3.524369e+000
3.938476e+003,3.517584e+000
3.938958e+003,3.510954e+000
3.939440e+003,3.505304e+000
3.939922e+003,3.501625e+000
3.940404e+003,3.500791e+000
3.940886e+003,3.503268e+000
3.941368e+003,3.508824e+000
3.941850e+003,3.516461e+000
3.942333e+003,3.524534e+000
3.942815e+003,3.531194e+000
3.943297e+003,3.534894e+000
3.943779e+003,3.534869e+000
3.944261e+003,3.531267e+000
3.944743e+003,3.525063e+000
3.945225e+003,3.517666e+000
3.945707e+003,3.510541e+000
3.946189e+003,3.504839e+000
3.946672e+003,3.501176e+000
3.947154e+003,3.499558e+000
3.947636e+003,3.499503e+000
3.948118e+003,3.500230e+000
3.948600e+003,3.500993e+000
3.949082e+003,3.501268e+000
3.949564e+003,3.500915e+000
3.950046e+003,3.500081e+000
3.950529e+003,3.499088e+000
3.951011e+003,3.498222e+000
3.951493e+003,3.497604e+000
3.951975e+003,3.497157e+000
3.952457e+003,3.496656e+000
3.952939e+003,3.495798e+000
3.953421e+003,3.494352e+000
3.953904e+003,3.492215e+000
3.954385e+003,3.489471e+000
3.954868e+003,3.486344e+000
3.955350e+003,3.483164e+000
3.955832e+003,3.480264e+000
3.956314e+003,3.477937e+000
3.956796e+003,3.476344e+000
3.957278e+003,3.475547e+000
3.957760e+003,3.475500e+000
3.958243e+003,3.476099e+000
3.958725e+003,3.477206e+000
3.959207e+003,3.478687e+000
3.959689e+003,3.480379e+000
3.960171e+003,3.482109e+000
3.960653e+003,3.483652e+000
3.961135e+003,3.484761e+000
3.961617e+003,3.485188e+000
3.962100e+003,3.484747e+000
3.962582e+003,3.483359e+000
3.963064e+003,3.481090e+000
3.963546e+003,3.478112e+000
3.964028e+003,3.474691e+000
3.964510e+003,3.471073e+000
3.964992e+003,3.467476e+000
3.965474e+003,3.464016e+000
3.965957e+003,3.460789e+000
3.966439e+003,3.457851e+000
3.966921e+003,3.455304e+000
3.967403e+003,3.453267e+000
3.967885e+003,3.451899e+000
3.968367e+003,3.451282e+000
3.968849e+003,3.451417e+000
3.969332e+003,3.452141e+000
3.969813e+003,3.453184e+000
3.970296e+003,3.454214e+000
3.970778e+003,3.454952e+000
3.971260e+003,3.455236e+000
3.971742e+003,3.455088e+000
3.972224e+003,3.454669e+000
3.972706e+003,3.454250e+000
3.973188e+003,3.454078e+000
3.973671e+003,3.454343e+000
3.974153e+003,3.455089e+000
3.974635e+003,3.456238e+000
3.975117e+003,3.457598e+000
3.975599e+003,3.458919e+000
3.976081e+003,3.459922e+000
3.976563e+003,3.460371e+000
3.977045e+003,3.460088e+000
3.977528e+003,3.459002e+000
3.978010e+003,3.457181e+000
3.978492e+003,3.454845e+000
3.978974e+003,3.452308e+000
3.979456e+003,3.449957e+000
3.979938e+003,3.448113e+000
3.980420e+003,3.446970e+000
3.980902e+003,3.446505e+000
3.981385e+003,3.446513e+000
3.981867e+003,3.446656e+000
3.982349e+003,3.446591e+000
3.982831e+003,3.446069e+000
3.983313e+003,3.445044e+000
3.983795e+003,3.443624e+000
3.984277e+003,3.442054e+000
3.984760e+003,3.440579e+000
3.985242e+003,3.439402e+000
3.985724e+003,3.438594e+000
3.986206e+003,3.438142e+000
3.986688e+003,3.437972e+000
3.987170e+003,3.438038e+000
3.987652e+003,3.438326e+000
3.988134e+003,3.438875e+000
3.988616e+003,3.439709e+000
3.989099e+003,3.440796e+000
3.989581e+003,3.442000e+000
3.990063e+003,3.443102e+000
3.990545e+003,3.443808e+000
3.991027e+003,3.443868e+000
3.991509e+003,3.443101e+000
3.991991e+003,3.441475e+000
3.992473e+003,3.439089e+000
3.992956e+003,3.436144e+000
3.993438e+003,3.432899e+000
3.993920e+003,3.429612e+000
3.994402e+003,3.426483e+000
3.994884e+003,3.423652e+000
3.995366e+003,3.421160e+000
3.995848e+003,3.418996e+000
3.996330e+003,3.417073e+000
3.996813e+003,3.415317e+000
3.997295e+003,3.413636e+000
3.997777e+003,3.411986e+000
3.998259e+003,3.410339e+000
3.998741e+003,3.408731e+000
3.999223e+003,3.407184e+000
3.999705e+003,3.405740e+000
4.000188e+003,3.404412e+000
