3.996813e+002,0.000000e+000
4.001635e+002,7.937753e+001
4.006456e+002,7.954362e+001
4.011277e+002,7.977048e+001
4.016098e+002,8.001594e+001
4.020919e+002,8.024117e+001
4.025741e+002,8.042221e+001
4.030562e+002,8.055286e+001
4.035383e+002,8.064043e+001
4.040204e+002,8.069576e+001
4.045026e+002,8.072471e+001
4.049847e+002,8.072322e+001
4.054668e+002,8.068126e+001
4.059489e+002,8.059045e+001
4.064311e+002,8.045261e+001
4.069132e+002,8.028232e+001
4.073953e+002,8.010307e+001
4.078774e+002,7.993844e+001
4.083596e+002,7.980390e+001
4.088417e+002,7.970322e+001
4.093238e+002,7.963062e+001
4.098059e+002,7.957703e+001
4.102881e+002,7.953627e+001
4.107702e+002,7.950694e+001
4.112523e+002,7.949021e+001
4.117344e+002,7.948427e+001
4.122166e+002,7.948095e+001
4.126987e+002,7.946571e+001
4.131808e+002,7.942395e+001
4.136629e+002,7.934812e+001
4.141451e+002,7.924341e+001
4.146272e+002,7.912757e+001
4.151093e+002,7.902518e+001
4.155914e+002,7.895923e+001
4.160736e+002,7.894437e+001
4.165557e+002,7.898303e+001
4.170378e+002,7.906631e+001
4.175200e+002,7.917787e+001
4.180021e+002,7.930095e+001
4.184842e+002,7.942368e+001
4.189663e+002,7.954084e+001
4.194484e+002,7.964838e+001
4.199306e+002,7.973782e+001
4.204127e+002,7.979391e+001
4.208948e+002,7.980056e+001
4.213770e+002,7.974709e+001
4.218591e+002,7.963367e+001
4.223412e+002,7.947132e+001
4.228233e+002,7.927878e+001
4.233055e+002,7.907677e+001
4.237876e+002,7.888301e+001
4.242697e+002,7.870864e+001
4.247518e+002,7.855836e+001
4.252339e+002,7.843324e+001
4.257161e+002,7.833428e+001
4.261982e+002,7.826362e+001
4.266803e+002,7.822330e+001
4.271624e+002,7.821224e+001
4.276446e+002,7.822376e+001
4.281267e+002,7.824561e+001
4.286088e+002,7.826400e+001
4.290909e+002,7.826823e+001
4.295731e+002,7.825587e+001
4.300552e+002,7.823363e+001
4.305373e+002,7.821434e+001
4.310194e+002,7.821053e+001
4.315016e+002,7.822855e+001
4.319837e+002,7.826517e+001
4.324658e+002,7.830987e+001
4.329479e+002,7.834972e+001
4.334301e+002,7.837589e+001
4.339122e+002,7.838679e+001
4.343943e+002,7.838834e+001
4.348764e+002,7.838973e+001
4.353586e+002,7.839916e+001
4.358407e+002,7.841990e+001
4.363228e+002,7.845080e+001
4.368049e+002,7.848857e+001
4.372870e+002,7.853165e+001
4.377692e+002,7.858171e+001
4.382513e+002,7.864249e+001
4.387334e+002,7.871587e+001
4.392155e+002,7.879852e+001
4.396977e+002,7.888007e+001
4.401798e+002,7.894526e+001
4.406619e+002,7.897826e+001
4.411440e+002,7.896863e+001
4.416262e+002,7.891541e+001
4.421083e+002,7.882776e+001
4.425904e+002,7.872125e+001
4.430725e+002,7.861253e+001
4.435547e+002,7.851365e+001
4.440368e+002,7.843082e+001
4.445189e+002,7.836491e+001
4.450010e+002,7.831495e+001
4.454832e+002,7.828014e+001
4.459653e+002,7.826046e+001
4.464474e+002,7.825532e+001
4.469295e+002,7.826221e+001
4.474117e+002,7.827613e+001
4.478938e+002,7.829141e+001
4.483759e+002,7.830426e+001
4.488580e+002,7.831512e+001
4.493401e+002,7.832851e+001
4.498223e+002,7.835114e+001
4.503044e+002,7.838766e+001
4.507865e+002,7.843768e+001
4.512687e+002,7.849442e+001
4.517508e+002,7.854681e+001
4.522329e+002,7.858356e+001
4.527150e+002,7.859826e+001
4.531971e+002,7.859174e+001
4.536793e+002,7.857109e+001
4.541614e+002,7.854616e+001
4.546435e+002,7.852528e+001
4.551257e+002,7.851270e+001
4.556078e+002,7.850869e+001
4.560899e+002,7.851136e+001
4.565720e+002,7.851934e+001
4.570542e+002,7.853288e+001
4.575363e+002,7.855279e+001
4.580184e+002,7.857754e+001
4.585005e+002,7.860119e+001
4.589827e+002,7.861359e+001
4.594648e+002,7.860440e+001
4.599469e+002,7.856710e+001
4.604290e+002,7.850253e+001
4.609112e+002,7.841862e+001
4.613933e+002,7.832762e+001
4.618754e+002,7.824131e+001
4.623575e+002,7.816737e+001
4.628397e+002,7.810696e+001
4.633218e+002,7.805649e+001
4.638039e+002,7.801085e+001
4.642860e+002,7.796777e+001
4.647682e+002,7.792989e+001
4.652503e+002,7.790408e+001
4.657324e+002,7.789796e+001
4.662145e+002,7.791604e+001
4.666967e+002,7.795657e+001
4.671788e+002,7.801201e+001
4.676609e+002,7.807143e+001
4.681430e+002,7.812485e+001
4.686252e+002,7.816621e+001
4.691073e+002,7.819409e+001
4.695894e+002,7.820966e+001
4.700715e+002,7.821422e+001
4.705536e+002,7.820700e+001
4.710358e+002,7.818576e+001
4.715179e+002,7.814890e+001
4.720000e+002,7.809856e+001
4.724821e+002,7.804177e+001
4.729643e+002,7.798929e+001
4.734464e+002,7.795104e+001
4.739285e+002,7.793272e+001
4.744106e+002,7.793365e+001
4.748928e+002,7.794865e+001
4.753749e+002,7.797150e+001
4.758570e+002,7.799850e+001
4.763391e+002,7.803015e+001
4.768213e+002,7.807043e+001
4.773034e+002,7.812370e+001
4.777855e+002,7.819129e+001
4.782676e+002,7.826930e+001
4.787498e+002,7.834909e+001
4.792319e+002,7.841982e+001
4.797140e+002,7.847231e+001
4.801961e+002,7.850159e+001
4.806783e+002,7.850780e+001
4.811604e+002,7.849455e+001
4.816425e+002,7.846657e+001
4.821246e+002,7.842769e+001
4.826068e+002,7.838061e+001
4.830889e+002,7.832774e+001
4.835710e+002,7.827307e+001
4.840531e+002,7.822273e+001
4.845352e+002,7.818430e+001
4.850174e+002,7.816417e+001
4.854995e+002,7.816528e+001
4.859816e+002,7.818547e+001
4.864637e+002,7.821829e+001
4.869459e+002,7.825508e+001
4.874280e+002,7.828785e+001
4.879101e+002,7.831094e+001
4.883922e+002,7.832162e+001
4.888744e+002,7.831916e+001
4.893565e+002,7.830376e+001
4.898386e+002,7.827597e+001
4.903207e+002,7.823750e+001
4.908029e+002,7.819209e+001
4.912850e+002,7.814661e+001
4.917671e+002,7.810997e+001
4.922492e+002,7.809091e+001
4.927314e+002,7.809450e+001
4.932135e+002,7.811964e+001
4.936956e+002,7.815868e+001
4.941777e+002,7.819956e+001
4.946599e+002,7.822976e+001
4.951420e+002,7.824014e+001
4.956241e+002,7.822720e+001
4.961062e+002,7.819292e+001
4.965884e+002,7.814269e+001
4.970705e+002,7.808233e+001
4.975526e+002,7.801598e+001
4.980347e+002,7.794596e+001
4.985169e+002,7.787352e+001
4.989990e+002,7.780096e+001
4.994811e+002,7.773230e+001
4.999633e+002,7.767300e+001
5.004454e+002,7.762799e+001
5.009275e+002,7.759935e+001
5.014096e+002,7.758472e+001
5.018917e+002,7.757780e+001
5.023739e+002,7.757034e+001
5.028560e+002,7.755553e+001
5.033381e+002,7.753027e+001
5.038203e+002,7.749583e+001
5.043024e+002,7.745616e+001
5.047845e+002,7.741600e+001
5.052666e+002,7.737881e+001
5.057487e+002,7.734661e+001
5.062309e+002,7.732047e+001
5.067130e+002,7.730188e+001
5.071951e+002,7.729323e+001
5.076772e+002,7.729771e+001
5.081594e+002,7.731760e+001
5.086415e+002,7.735300e+001
5.091236e+002,7.740057e+001
5.096057e+002,7.745419e+001
5.100879e+002,7.750610e+001
5.105700e+002,7.754877e+001
5.110521e+002,7.757609e+001
5.115342e+002,7.758399e+001
5.120164e+002,7.757014e+001
5.124985e+002,7.753368e+001
5.129806e+002,7.747513e+001
5.134627e+002,7.739709e+001
5.139448e+002,7.730494e+001
5.144270e+002,7.720724e+001
5.149091e+002,7.711475e+001
5.153912e+002,7.703845e+001
5.158734e+002,7.698648e+001
5.163555e+002,7.696178e+001
5.168376e+002,7.696078e+001
5.173197e+002,7.697491e+001
5.178019e+002,7.699337e+001
5.182840e+002,7.700691e+001
5.187661e+002,7.701038e+001
5.192482e+002,7.700341e+001
5.197303e+002,7.698889e+001
5.202125e+002,7.697095e+001
5.206946e+002,7.695295e+001
5.211767e+002,7.693723e+001
5.216588e+002,7.692532e+001
5.221410e+002,7.691897e+001
5.226231e+002,7.692027e+001
5.231052e+002,7.693118e+001
5.235873e+002,7.695199e+001
5.240695e+002,7.698018e+001
5.245516e+002,7.700983e+001
5.250337e+002,7.703294e+001
5.255159e+002,7.704173e+001
5.259980e+002,7.703156e+001
5.264801e+002,7.700269e+001
5.269622e+002,7.695998e+001
5.274443e+002,7.691084e+001
5.279265e+002,7.686268e+001
5.284086e+002,7.682058e+001
5.288907e+002,7.678693e+001
5.293728e+002,7.676192e+001
5.298550e+002,7.674492e+001
5.303371e+002,7.673543e+001
5.308192e+002,7.673326e+001
5.313013e+002,7.673796e+001
5.317834e+002,7.674810e+001
5.322656e+002,7.676090e+001
5.327477e+002,7.677281e+001
5.332299e+002,7.678057e+001
5.337120e+002,7.678268e+001
5.341941e+002,7.677973e+001
5.346762e+002,7.677423e+001
5.351583e+002,7.676908e+001
5.356404e+002,7.676624e+001
5.361226e+002,7.676572e+001
5.366047e+002,7.676590e+001
5.370868e+002,7.676436e+001
5.375690e+002,7.675940e+001
5.380511e+002,7.675072e+001
5.385332e+002,7.673942e+001
5.390153e+002,7.672702e+001
5.394974e+002,7.671444e+001
5.399796e+002,7.670126e+001
5.404617e+002,7.668620e+001
5.409438e+002,7.666777e+001
5.414260e+002,7.664566e+001
5.419081e+002,7.662099e+001
5.423902e+002,7.659628e+001
5.428723e+002,7.657418e+001
5.433544e+002,7.655656e+001
5.438365e+002,7.654375e+001
5.443187e+002,7.653502e+001
5.448008e+002,7.652916e+001
5.452830e+002,7.652559e+001
5.457651e+002,7.652439e+001
5.462472e+002,7.652586e+001
5.467293e+002,7.652924e+001
5.472114e+002,7.653204e+001
5.476936e+002,7.653001e+001
5.481757e+002,7.651854e+001
5.486578e+002,7.649452e+001
5.491400e+002,7.645807e+001
5.496221e+002,7.641307e+001
5.501042e+002,7.636615e+001
5.505863e+002,7.632430e+001
5.510684e+002,7.629251e+001
5.515505e+002,7.627216e+001
5.520327e+002,7.626119e+001
5.525148e+002,7.625524e+001
5.529969e+002,7.624989e+001
5.534791e+002,7.624230e+001
5.539612e+002,7.623178e+001
5.544433e+002,7.621917e+001
5.549254e+002,7.620567e+001
5.554076e+002,7.619170e+001
5.558896e+002,7.617667e+001
5.563718e+002,7.615936e+001
5.568539e+002,7.613908e+001
5.573361e+002,7.611625e+001
5.578182e+002,7.609249e+001
5.583003e+002,7.606995e+001
5.587825e+002,7.605014e+001
5.592645e+002,7.603333e+001
5.597467e+002,7.601853e+001
5.602288e+002,7.600420e+001
5.607109e+002,7.598925e+001
5.611931e+002,7.597357e+001
5.616752e+002,7.595819e+001
5.621573e+002,7.594443e+001
5.626394e+002,7.593315e+001
5.631216e+002,7.592423e+001
5.636037e+002,7.591669e+001
5.640858e+002,7.590936e+001
5.645679e+002,7.590170e+001
5.650500e+002,7.589419e+001
5.655322e+002,7.588780e+001
5.660143e+002,7.588322e+001
5.664965e+002,7.587988e+001
5.669785e+002,7.587574e+001
5.674607e+002,7.586781e+001
5.679428e+002,7.585347e+001
5.684249e+002,7.583170e+001
5.689070e+002,7.580369e+001
5.693892e+002,7.577245e+001
5.698713e+002,7.574151e+001
5.703534e+002,7.571361e+001
5.708356e+002,7.568977e+001
5.713177e+002,7.566957e+001
5.717998e+002,7.565184e+001
5.722819e+002,7.563585e+001
5.727640e+002,7.562186e+001
5.732462e+002,7.561076e+001
5.737283e+002,7.560329e+001
5.742104e+002,7.559927e+001
5.746925e+002,7.559692e+001
5.751747e+002,7.559368e+001
5.756568e+002,7.558720e+001
5.761389e+002,7.557667e+001
5.766210e+002,7.556322e+001
5.771031e+002,7.554936e+001
5.775853e+002,7.553729e+001
5.780674e+002,7.552772e+001
5.785496e+002,7.551891e+001
5.790317e+002,7.550732e+001
5.795138e+002,7.548928e+001
5.799959e+002,7.546278e+001
5.804780e+002,7.542873e+001
5.809601e+002,7.539089e+001
5.814423e+002,7.535454e+001
5.819244e+002,7.532436e+001
5.824066e+002,7.530259e+001
5.828887e+002,7.528852e+001
5.833708e+002,7.527879e+001
5.838529e+002,7.526910e+001
5.843350e+002,7.525568e+001
5.848171e+002,7.523650e+001
5.852993e+002,7.521139e+001
5.857814e+002,7.518180e+001
5.862635e+002,7.514969e+001
5.867457e+002,7.511724e+001
5.872278e+002,7.508630e+001
5.877099e+002,7.505857e+001
5.881920e+002,7.503551e+001
5.886741e+002,7.501833e+001
5.891563e+002,7.500751e+001
5.896384e+002,7.500260e+001
5.901205e+002,7.500217e+001
5.906027e+002,7.500432e+001
5.910848e+002,7.500737e+001
5.915669e+002,7.501054e+001
5.920490e+002,7.501405e+001
5.925311e+002,7.501862e+001
5.930133e+002,7.502451e+001
5.934954e+002,7.503086e+001
5.939775e+002,7.503536e+001
5.944597e+002,7.503511e+001
5.949418e+002,7.502763e+001
5.954239e+002,7.501215e+001
5.959060e+002,7.499002e+001
5.963882e+002,7.496444e+001
5.968702e+002,7.493929e+001
5.973524e+002,7.491792e+001
5.978345e+002,7.490225e+001
5.983167e+002,7.489272e+001
5.987988e+002,7.488863e+001
5.992809e+002,7.488908e+001
5.997630e+002,7.489342e+001
6.002451e+002,7.490118e+001
6.007273e+002,7.491150e+001
6.012094e+002,7.492273e+001
6.016915e+002,7.493224e+001
6.021736e+002,7.493705e+001
6.026558e+002,7.493484e+001
6.031379e+002,7.492493e+001
6.036200e+002,7.490856e+001
6.041022e+002,7.488835e+001
6.045842e+002,7.486717e+001
6.050664e+002,7.484688e+001
6.055485e+002,7.482762e+001
6.060306e+002,7.480818e+001
6.065128e+002,7.478683e+001
6.069949e+002,7.476273e+001
6.074770e+002,7.473658e+001
6.079591e+002,7.471064e+001
6.084413e+002,7.468776e+001
6.089234e+002,7.467020e+001
6.094055e+002,7.465869e+001
6.098876e+002,7.465217e+001
6.103698e+002,7.464837e+001
6.108519e+002,7.464468e+001
6.113340e+002,7.463910e+001
6.118162e+002,7.463058e+001
6.122983e+002,7.461884e+001
6.127804e+002,7.460390e+001
6.132625e+002,7.458569e+001
6.137446e+002,7.456419e+001
6.142267e+002,7.453944e+001
6.147089e+002,7.451208e+001
6.151910e+002,7.448337e+001
6.156731e+002,7.445459e+001
6.161553e+002,7.442653e+001
6.166374e+002,7.439896e+001
6.171195e+002,7.437066e+001
6.176016e+002,7.434023e+001
6.180837e+002,7.430716e+001
6.185659e+002,7.427268e+001
6.190480e+002,7.423988e+001
6.195302e+002,7.421276e+001
6.200123e+002,7.419476e+001
6.204944e+002,7.418740e+001
6.209765e+002,7.418961e+001
6.214586e+002,7.419817e+001
6.219407e+002,7.420898e+001
6.224229e+002,7.421863e+001
6.229050e+002,7.422547e+001
6.233871e+002,7.422997e+001
6.238693e+002,7.423373e+001
6.243514e+002,7.423854e+001
6.248335e+002,7.424507e+001
6.253156e+002,7.425254e+001
6.257977e+002,7.425906e+001
6.262798e+002,7.426260e+001
6.267620e+002,7.426176e+001
6.272441e+002,7.425640e+001
6.277263e+002,7.424735e+001
6.282084e+002,7.423606e+001
6.286905e+002,7.422401e+001
6.291726e+002,7.421256e+001
6.296547e+002,7.420304e+001
6.301368e+002,7.419680e+001
6.306190e+002,7.419506e+001
6.311011e+002,7.419855e+001
6.315833e+002,7.420682e+001
6.320654e+002,7.421770e+001
6.325475e+002,7.422756e+001
6.330296e+002,7.423203e+001
6.335117e+002,7.422742e+001
6.339939e+002,7.421190e+001
6.344760e+002,7.418632e+001
6.349581e+002,7.415383e+001
6.354402e+002,7.411877e+001
6.359224e+002,7.408540e+001
6.364045e+002,7.405663e+001
6.368866e+002,7.403387e+001
6.373687e+002,7.401713e+001
6.378508e+002,7.400597e+001
6.383330e+002,7.399984e+001
6.388151e+002,7.399828e+001
6.392972e+002,7.400050e+001
6.397794e+002,7.400486e+001
6.402615e+002,7.400874e+001
6.407436e+002,7.400894e+001
6.412257e+002,7.400265e+001
6.417079e+002,7.398837e+001
6.421899e+002,7.396655e+001
6.426721e+002,7.393925e+001
6.431542e+002,7.390939e+001
6.436364e+002,7.387955e+001
6.441185e+002,7.385117e+001
6.446006e+002,7.382449e+001
6.450827e+002,7.379890e+001
6.455648e+002,7.377399e+001
6.460470e+002,7.375004e+001
6.465291e+002,7.372819e+001
6.470112e+002,7.370993e+001
6.474933e+002,7.369650e+001
6.479755e+002,7.368822e+001
6.484576e+002,7.368463e+001
6.489397e+002,7.368481e+001
6.494219e+002,7.368812e+001
6.499040e+002,7.369452e+001
6.503861e+002,7.370432e+001
6.508682e+002,7.371759e+001
6.513503e+002,7.373352e+001
6.518325e+002,7.374999e+001
6.523146e+002,7.376414e+001
6.527968e+002,7.377340e+001
6.532788e+002,7.377637e+001
6.537610e+002,7.377367e+001
6.542431e+002,7.376757e+001
6.547252e+002,7.376123e+001
6.552073e+002,7.375741e+001
6.556895e+002,7.375771e+001
6.561716e+002,7.376215e+001
6.566537e+002,7.376968e+001
6.571359e+002,7.377907e+001
6.576179e+002,7.378923e+001
6.581001e+002,7.379968e+001
6.585822e+002,7.381004e+001
6.590643e+002,7.381975e+001
6.595464e+002,7.382762e+001
6.600286e+002,7.383235e+001
6.605107e+002,7.383288e+001
6.609928e+002,7.382901e+001
6.614750e+002,7.382162e+001
6.619571e+002,7.381219e+001
6.624392e+002,7.380200e+001
6.629213e+002,7.379147e+001
6.634034e+002,7.377987e+001
6.638856e+002,7.376591e+001
6.643677e+002,7.374844e+001
6.648499e+002,7.372748e+001
6.653320e+002,7.370473e+001
6.658141e+002,7.368382e+001
6.662962e+002,7.366983e+001
6.667783e+002,7.366819e+001
6.672605e+002,7.368259e+001
6.677426e+002,7.371231e+001
6.682247e+002,7.375068e+001
6.687068e+002,7.378776e+001
6.691890e+002,7.381524e+001
6.696711e+002,7.383009e+001
6.701532e+002,7.383360e+001
6.706353e+002,7.382873e+001
6.711174e+002,7.381786e+001
6.715996e+002,7.380252e+001
6.720817e+002,7.378373e+001
6.725638e+002,7.376293e+001
6.730460e+002,7.374236e+001
6.735281e+002,7.372496e+001
6.740102e+002,7.371360e+001
6.744923e+002,7.371004e+001
6.749745e+002,7.371406e+001
6.754565e+002,7.372363e+001
6.759387e+002,7.373540e+001
6.764208e+002,7.374608e+001
6.769030e+002,7.375330e+001
6.773851e+002,7.375618e+001
6.778672e+002,7.375492e+001
6.783493e+002,7.375021e+001
6.788314e+002,7.374254e+001
6.793136e+002,7.373209e+001
6.797957e+002,7.371890e+001
6.802778e+002,7.370340e+001
6.807599e+002,7.368683e+001
6.812421e+002,7.367110e+001
6.817242e+002,7.365826e+001
6.822063e+002,7.364973e+001
6.826885e+002,7.364599e+001
6.831705e+002,7.364650e+001
6.836527e+002,7.365029e+001
6.841348e+002,7.365653e+001
6.846169e+002,7.366492e+001
6.850991e+002,7.367558e+001
6.855812e+002,7.368844e+001
6.860634e+002,7.370280e+001
6.865454e+002,7.371686e+001
6.870276e+002,7.372818e+001
6.875096e+002,7.373445e+001
6.879918e+002,7.373438e+001
6.884739e+002,7.372823e+001
6.889561e+002,7.371767e+001
6.894382e+002,7.370500e+001
6.899203e+002,7.369230e+001
6.904025e+002,7.368065e+001
6.908845e+002,7.367026e+001
6.913667e+002,7.366076e+001
6.918488e+002,7.365218e+001
6.923309e+002,7.364525e+001
6.928130e+002,7.364143e+001
6.932952e+002,7.364233e+001
6.937773e+002,7.364883e+001
6.942594e+002,7.366051e+001
6.947416e+002,7.367556e+001
6.952236e+002,7.369122e+001
6.957058e+002,7.370446e+001
6.961879e+002,7.371275e+001
6.966700e+002,7.371449e+001
6.971522e+002,7.370905e+001
6.976343e+002,7.369665e+001
6.981165e+002,7.367825e+001
6.985985e+002,7.365559e+001
6.990807e+002,7.363122e+001
6.995628e+002,7.360838e+001
7.000449e+002,7.359037e+001
7.005270e+002,7.357983e+001
7.010092e+002,7.357767e+001
7.014913e+002,7.358273e+001
7.019734e+002,7.359176e+001
7.024556e+002,7.360049e+001
7.029377e+002,7.360506e+001
7.034198e+002,7.360328e+001
7.039019e+002,7.359534e+001
7.043840e+002,7.358347e+001
7.048662e+002,7.357085e+001
7.053483e+002,7.356032e+001
7.058304e+002,7.355320e+001
7.063125e+002,7.354921e+001
7.067947e+002,7.354678e+001
7.072768e+002,7.354420e+001
7.077589e+002,7.354016e+001
7.082410e+002,7.353446e+001
7.087231e+002,7.352751e+001
7.092053e+002,7.351997e+001
7.096874e+002,7.351228e+001
7.101696e+002,7.350446e+001
7.106517e+002,7.349646e+001
7.111338e+002,7.348853e+001
7.116159e+002,7.348135e+001
7.120980e+002,7.347601e+001
7.125802e+002,7.347331e+001
7.130623e+002,7.347329e+001
7.135444e+002,7.347485e+001
7.140265e+002,7.347610e+001
7.145087e+002,7.347491e+001
7.149908e+002,7.346989e+001
7.154729e+002,7.346079e+001
7.159550e+002,7.344858e+001
7.164371e+002,7.343488e+001
7.169193e+002,7.342134e+001
7.174014e+002,7.340910e+001
7.178835e+002,7.339870e+001
7.183657e+002,7.339033e+001
7.188478e+002,7.338434e+001
7.193299e+002,7.338136e+001
7.198120e+002,7.338206e+001
7.202942e+002,7.338667e+001
7.207762e+002,7.339426e+001
7.212584e+002,7.340263e+001
7.217405e+002,7.340880e+001
7.222227e+002,7.340983e+001
7.227048e+002,7.340386e+001
7.231869e+002,7.339061e+001
7.236691e+002,7.337138e+001
7.241511e+002,7.334828e+001
7.246333e+002,7.332355e+001
7.251154e+002,7.329874e+001
7.255975e+002,7.327475e+001
7.260797e+002,7.325204e+001
7.265618e+002,7.323135e+001
7.270439e+002,7.321373e+001
7.275260e+002,7.320067e+001
7.280082e+002,7.319331e+001
7.284902e+002,7.319180e+001
7.289724e+002,7.319480e+001
7.294545e+002,7.319985e+001
7.299366e+002,7.320397e+001
7.304188e+002,7.320483e+001
7.309009e+002,7.320153e+001
7.313831e+002,7.319492e+001
7.318651e+002,7.318703e+001
7.323473e+002,7.318027e+001
7.328293e+002,7.317648e+001
7.333115e+002,7.317633e+001
7.337936e+002,7.317935e+001
7.342758e+002,7.318411e+001
7.347579e+002,7.318885e+001
7.352400e+002,7.319176e+001
7.357222e+002,7.319128e+001
7.362042e+002,7.318608e+001
7.366864e+002,7.317529e+001
7.371685e+002,7.315877e+001
7.376506e+002,7.313733e+001
7.381328e+002,7.311299e+001
7.386149e+002,7.308862e+001
7.390970e+002,7.306726e+001
7.395791e+002,7.305115e+001
7.400613e+002,7.304103e+001
7.405434e+002,7.303574e+001
7.410255e+002,7.303281e+001
7.415076e+002,7.302921e+001
7.419897e+002,7.302256e+001
7.424719e+002,7.301192e+001
7.429540e+002,7.299778e+001
7.434362e+002,7.298159e+001
7.439182e+002,7.296497e+001
7.444004e+002,7.294899e+001
7.448825e+002,7.293405e+001
7.453646e+002,7.292005e+001
7.458467e+002,7.290694e+001
7.463289e+002,7.289512e+001
7.468110e+002,7.288530e+001
7.472931e+002,7.287814e+001
7.477753e+002,7.287388e+001
7.482574e+002,7.287180e+001
7.487395e+002,7.287057e+001
7.492216e+002,7.286862e+001
7.497037e+002,7.286486e+001
7.501859e+002,7.285905e+001
7.506680e+002,7.285169e+001
7.511501e+002,7.284353e+001
7.516322e+002,7.283492e+001
7.521144e+002,7.282538e+001
7.525965e+002,7.281380e+001
7.530786e+002,7.279893e+001
7.535608e+002,7.278022e+001
7.540428e+002,7.275822e+001
7.545250e+002,7.273462e+001
7.550071e+002,7.271158e+001
7.554893e+002,7.269102e+001
7.559714e+002,7.267384e+001
7.564535e+002,7.265976e+001
7.569356e+002,7.264767e+001
7.574177e+002,7.263621e+001
7.578999e+002,7.262438e+001
7.583820e+002,7.261188e+001
7.588641e+002,7.259884e+001
7.593463e+002,7.258559e+001
7.598284e+002,7.257228e+001
7.603105e+002,7.255885e+001
7.607926e+002,7.254517e+001
7.612748e+002,7.253149e+001
7.617568e+002,7.251852e+001
7.622390e+002,7.250725e+001
7.627211e+002,7.249853e+001
7.632032e+002,7.249261e+001
7.636854e+002,7.248888e+001
7.641675e+002,7.248602e+001
7.646496e+002,7.248252e+001
7.651317e+002,7.247738e+001
7.656139e+002,7.247031e+001
7.660959e+002,7.246178e+001
7.665781e+002,7.245256e+001
7.670602e+002,7.244313e+001
7.675424e+002,7.243335e+001
7.680245e+002,7.242260e+001
7.685066e+002,7.241011e+001
7.689888e+002,7.239558e+001
7.694708e+002,7.237943e+001
7.699530e+002,7.236262e+001
7.704351e+002,7.234621e+001
7.709172e+002,7.233067e+001
7.713994e+002,7.231570e+001
7.718815e+002,7.230035e+001
7.723636e+002,7.228357e+001
7.728457e+002,7.226494e+001
7.733279e+002,7.224500e+001
7.738099e+002,7.222510e+001
7.742921e+002,7.220684e+001
7.747742e+002,7.219121e+001
7.752563e+002,7.217811e+001
7.757385e+002,7.216642e+001
7.762206e+002,7.215444e+001
7.767028e+002,7.214080e+001
7.771848e+002,7.212497e+001
7.776670e+002,7.210751e+001
7.781491e+002,7.208968e+001
7.786312e+002,7.207281e+001
7.791133e+002,7.205771e+001
7.795955e+002,7.204443e+001
7.800776e+002,7.203239e+001
7.805597e+002,7.202083e+001
7.810419e+002,7.200902e+001
7.815239e+002,7.199651e+001
7.820061e+002,7.198289e+001
7.824882e+002,7.196755e+001
7.829703e+002,7.194971e+001
7.834525e+002,7.192871e+001
7.839346e+002,7.190446e+001
7.844167e+002,7.187800e+001
7.848988e+002,7.185145e+001
7.853810e+002,7.182776e+001
7.858631e+002,7.180960e+001
7.863452e+002,7.179861e+001
7.868273e+002,7.179468e+001
7.873094e+002,7.179597e+001
7.877916e+002,7.179962e+001
7.882737e+002,7.180262e+001
7.887559e+002,7.180257e+001
7.892380e+002,7.179815e+001
7.897201e+002,7.178893e+001
7.902022e+002,7.177504e+001
7.906843e+002,7.175665e+001
7.911665e+002,7.173395e+001
7.916486e+002,7.170730e+001
7.921307e+002,7.167749e+001
7.926128e+002,7.164587e+001
7.930950e+002,7.161419e+001
7.935771e+002,7.158394e+001
7.940592e+002,7.155592e+001
7.945413e+002,7.152982e+001
7.950234e+002,7.150452e+001
7.955056e+002,7.147856e+001
7.959877e+002,7.145099e+001
7.964698e+002,7.142168e+001
7.969520e+002,7.139150e+001
7.974341e+002,7.136175e+001
7.979162e+002,7.133349e+001
7.983983e+002,7.130717e+001
7.988805e+002,7.128259e+001
7.993625e+002,7.125930e+001
7.998447e+002,7.123720e+001
8.003268e+002,7.121690e+001
8.008090e+002,7.119962e+001
8.012911e+002,7.118662e+001
8.017732e+002,7.117861e+001
8.022553e+002,7.117503e+001
8.027374e+002,7.117422e+001
8.032196e+002,7.117384e+001
8.037017e+002,7.117160e+001
8.041838e+002,7.116598e+001
8.046660e+002,7.115650e+001
8.051481e+002,7.114346e+001
8.056302e+002,7.112749e+001
8.061123e+002,7.110905e+001
8.065945e+002,7.108848e+001
8.070765e+002,7.106599e+001
8.075587e+002,7.104222e+001
8.080408e+002,7.101832e+001
8.085229e+002,7.099586e+001
8.090051e+002,7.097641e+001
8.094872e+002,7.096088e+001
8.099694e+002,7.094905e+001
8.104514e+002,7.093975e+001
8.109336e+002,7.093104e+001
8.114156e+002,7.092097e+001
8.118978e+002,7.090808e+001
8.123799e+002,7.089162e+001
8.128621e+002,7.087139e+001
8.133442e+002,7.084750e+001
8.138263e+002,7.082010e+001
8.143085e+002,7.078949e+001
8.147905e+002,7.075612e+001
8.152727e+002,7.072104e+001
8.157548e+002,7.068573e+001
8.162369e+002,7.065180e+001
8.167191e+002,7.062046e+001
8.172012e+002,7.059200e+001
8.176833e+002,7.056564e+001
8.181654e+002,7.054002e+001
8.186476e+002,7.051379e+001
8.191296e+002,7.048655e+001
8.196118e+002,7.045910e+001
8.200939e+002,7.043340e+001
8.205760e+002,7.041175e+001
8.210582e+002,7.039597e+001
8.215403e+002,7.038660e+001
8.220225e+002,7.038279e+001
8.225045e+002,7.038271e+001
8.229867e+002,7.038412e+001
8.234688e+002,7.038505e+001
8.239509e+002,7.038406e+001
8.244330e+002,7.038019e+001
8.249152e+002,7.037259e+001
8.253973e+002,7.036031e+001
8.258794e+002,7.034248e+001
8.263616e+002,7.031853e+001
8.268437e+002,7.028871e+001
8.273258e+002,7.025426e+001
8.278079e+002,7.021725e+001
8.282900e+002,7.017992e+001
8.287722e+002,7.014417e+001
8.292543e+002,7.011086e+001
8.297365e+002,7.007998e+001
8.302185e+002,7.005082e+001
8.307007e+002,7.002267e+001
8.311828e+002,6.999525e+001
8.316649e+002,6.996878e+001
8.321470e+002,6.994370e+001
8.326292e+002,6.992033e+001
8.331113e+002,6.989857e+001
8.335934e+002,6.987783e+001
8.340756e+002,6.985750e+001
8.345577e+002,6.983726e+001
8.350398e+002,6.981731e+001
8.355219e+002,6.979831e+001
8.360040e+002,6.978089e+001
8.364862e+002,6.976526e+001
8.369683e+002,6.975085e+001
8.374504e+002,6.973660e+001
8.379325e+002,6.972135e+001
8.384147e+002,6.970445e+001
8.388968e+002,6.968604e+001
8.393789e+002,6.966688e+001
8.398610e+002,6.964780e+001
8.403431e+002,6.962920e+001
8.408253e+002,6.961059e+001
8.413074e+002,6.959074e+001
8.417896e+002,6.956825e+001
8.422717e+002,6.954235e+001
8.427538e+002,6.951328e+001
8.432359e+002,6.948233e+001
8.437180e+002,6.945135e+001
8.442002e+002,6.942196e+001
8.446823e+002,6.939491e+001
8.451644e+002,6.937001e+001
8.456465e+002,6.934627e+001
8.461287e+002,6.932260e+001
8.466108e+002,6.929838e+001
8.470929e+002,6.927370e+001
8.475751e+002,6.924913e+001
8.480571e+002,6.922540e+001
8.485393e+002,6.920291e+001
8.490214e+002,6.918162e+001
8.495035e+002,6.916117e+001
8.499857e+002,6.914108e+001
8.504678e+002,6.912111e+001
8.509499e+002,6.910117e+001
8.514320e+002,6.908124e+001
8.519142e+002,6.906104e+001
8.523962e+002,6.903998e+001
8.528784e+002,6.901734e+001
8.533605e+002,6.899263e+001
8.538427e+002,6.896597e+001
8.543248e+002,6.893819e+001
8.548069e+002,6.891047e+001
8.552891e+002,6.888387e+001
8.557711e+002,6.885867e+001
8.562533e+002,6.883416e+001
8.567354e+002,6.880892e+001
8.572175e+002,6.878135e+001
8.576996e+002,6.875056e+001
8.581818e+002,6.871675e+001
8.586639e+002,6.868130e+001
8.591460e+002,6.864611e+001
8.596282e+002,6.861296e+001
8.601102e+002,6.858288e+001
8.605924e+002,6.855599e+001
8.610745e+002,6.853176e+001
8.615566e+002,6.850953e+001
8.620388e+002,6.848897e+001
8.625209e+002,6.847015e+001
8.630031e+002,6.845337e+001
8.634851e+002,6.843868e+001
8.639673e+002,6.842548e+001
8.644494e+002,6.841263e+001
8.649315e+002,6.839874e+001
8.654136e+002,6.838268e+001
8.658958e+002,6.836399e+001
8.663779e+002,6.834303e+001
8.668600e+002,6.832057e+001
8.673422e+002,6.829751e+001
8.678242e+002,6.827427e+001
8.683064e+002,6.825080e+001
8.687885e+002,6.822666e+001
8.692706e+002,6.820148e+001
8.697527e+002,6.817503e+001
8.702349e+002,6.814751e+001
8.707170e+002,6.811913e+001
8.711991e+002,6.808997e+001
8.716813e+002,6.805985e+001
8.721634e+002,6.802835e+001
8.726455e+002,6.799525e+001
8.731276e+002,6.796089e+001
8.736097e+002,6.792628e+001
8.740919e+002,6.789291e+001
8.745740e+002,6.786239e+001
8.750562e+002,6.783578e+001
8.755382e+002,6.781340e+001
8.760204e+002,6.779484e+001
8.765025e+002,6.777923e+001
8.769846e+002,6.776579e+001
8.774668e+002,6.775389e+001
8.779489e+002,6.774314e+001
8.784310e+002,6.773296e+001
8.789131e+002,6.772230e+001
8.793953e+002,6.770962e+001
8.798774e+002,6.769321e+001
8.803595e+002,6.767175e+001
8.808416e+002,6.764506e+001
8.813237e+002,6.761409e+001
8.818059e+002,6.758089e+001
8.822880e+002,6.754773e+001
8.827701e+002,6.751640e+001
8.832523e+002,6.748764e+001
8.837344e+002,6.746111e+001
8.842165e+002,6.743590e+001
8.846986e+002,6.741112e+001
8.851808e+002,6.738654e+001
8.856628e+002,6.736256e+001
8.861450e+002,6.733997e+001
8.866271e+002,6.731930e+001
8.871093e+002,6.730042e+001
8.875914e+002,6.728249e+001
8.880735e+002,6.726422e+001
8.885556e+002,6.724445e+001
8.890377e+002,6.722249e+001
8.895199e+002,6.719833e+001
8.900020e+002,6.717234e+001
8.904841e+002,6.714487e+001
8.909662e+002,6.711591e+001
8.914484e+002,6.708517e+001
8.919305e+002,6.705238e+001
8.924126e+002,6.701765e+001
8.928948e+002,6.698188e+001
8.933768e+002,6.694652e+001
8.938590e+002,6.691322e+001
8.943411e+002,6.688325e+001
8.948232e+002,6.685693e+001
8.953054e+002,6.683374e+001
8.957875e+002,6.681264e+001
8.962697e+002,6.679256e+001
8.967517e+002,6.677285e+001
8.972339e+002,6.675332e+001
8.977159e+002,6.673409e+001
8.981981e+002,6.671525e+001
8.986802e+002,6.669636e+001
8.991624e+002,6.667668e+001
8.996445e+002,6.665540e+001
9.001266e+002,6.663213e+001
9.006088e+002,6.660722e+001
9.010908e+002,6.658161e+001
9.015730e+002,6.655656e+001
9.020551e+002,6.653298e+001
9.025372e+002,6.651112e+001
9.030193e+002,6.649041e+001
9.035015e+002,6.646995e+001
9.039836e+002,6.644892e+001
9.044657e+002,6.642702e+001
9.049479e+002,6.640457e+001
9.054299e+002,6.638219e+001
9.059121e+002,6.636040e+001
9.063942e+002,6.633923e+001
9.068763e+002,6.631804e+001
9.073585e+002,6.629601e+001
9.078406e+002,6.627237e+001
9.083228e+002,6.624688e+001
9.088048e+002,6.621986e+001
9.092870e+002,6.619195e+001
9.097691e+002,6.616370e+001
9.102512e+002,6.613532e+001
9.107333e+002,6.610658e+001
9.112155e+002,6.607707e+001
9.116976e+002,6.604672e+001
9.121797e+002,6.601588e+001
9.126619e+002,6.598539e+001
9.131440e+002,6.595624e+001
9.136261e+002,6.592910e+001
9.141082e+002,6.590403e+001
9.145903e+002,6.588046e+001
9.150724e+002,6.585752e+001
9.155546e+002,6.583454e+001
9.160367e+002,6.581129e+001
9.165189e+002,6.578807e+001
9.170010e+002,6.576529e+001
9.174831e+002,6.574310e+001
9.179652e+002,6.572113e+001
9.184473e+002,6.569846e+001
9.189294e+002,6.567409e+001
9.194116e+002,6.564742e+001
9.198937e+002,6.561867e+001
9.203759e+002,6.558887e+001
9.208580e+002,6.555944e+001
9.213401e+002,6.553168e+001
9.218222e+002,6.550615e+001
9.223043e+002,6.548264e+001
9.227864e+002,6.546030e+001
9.232686e+002,6.543815e+001
9.237507e+002,6.541556e+001
9.242328e+002,6.539247e+001
9.247150e+002,6.536931e+001
9.251971e+002,6.534666e+001
9.256792e+002,6.532484e+001
9.261613e+002,6.530379e+001
9.266434e+002,6.528316e+001
9.271255e+002,6.526248e+001
9.276077e+002,6.524133e+001
9.280898e+002,6.521951e+001
9.285720e+002,6.519682e+001
9.290541e+002,6.517303e+001
9.295362e+002,6.514775e+001
9.300183e+002,6.512069e+001
9.305004e+002,6.509186e+001
9.309826e+002,6.506189e+001
9.314647e+002,6.503202e+001
9.319468e+002,6.500378e+001
9.324290e+002,6.497839e+001
9.329111e+002,6.495631e+001
9.333932e+002,6.493671e+001
9.338753e+002,6.491798e+001
9.343574e+002,6.489806e+001
9.348396e+002,6.487528e+001
9.353217e+002,6.484894e+001
9.358038e+002,6.481947e+001
9.362859e+002,6.478809e+001
9.367681e+002,6.475642e+001
9.372502e+002,6.472575e+001
9.377323e+002,6.469689e+001
9.382144e+002,6.467006e+001
9.386966e+002,6.464521e+001
9.391787e+002,6.462219e+001
9.396608e+002,6.460084e+001
9.401429e+002,6.458076e+001
9.406251e+002,6.456140e+001
9.411072e+002,6.454166e+001
9.415893e+002,6.452041e+001
9.420714e+002,6.449667e+001
9.425536e+002,6.447020e+001
9.430357e+002,6.444156e+001
9.435178e+002,6.441201e+001
9.439999e+002,6.438306e+001
9.444821e+002,6.435588e+001
9.449642e+002,6.433089e+001
9.454463e+002,6.430777e+001
9.459284e+002,6.428574e+001
9.464106e+002,6.426398e+001
9.468927e+002,6.424200e+001
9.473748e+002,6.421975e+001
9.478569e+002,6.419733e+001
9.483391e+002,6.417472e+001
9.488212e+002,6.415156e+001
9.493033e+002,6.412726e+001
9.497855e+002,6.410134e+001
9.502676e+002,6.407385e+001
9.507497e+002,6.404557e+001
9.512318e+002,6.401785e+001
9.517139e+002,6.399211e+001
9.521960e+002,6.396920e+001
9.526782e+002,6.394898e+001
9.531603e+002,6.393035e+001
9.536425e+002,6.391154e+001
9.541246e+002,6.389093e+001
9.546067e+002,6.386753e+001
9.550888e+002,6.384124e+001
9.555709e+002,6.381271e+001
9.560530e+002,6.378289e+001
9.565352e+002,6.375268e+001
9.570173e+002,6.372255e+001
9.574995e+002,6.369272e+001
9.579816e+002,6.366341e+001
9.584637e+002,6.363493e+001
9.589458e+002,6.360777e+001
9.594279e+002,6.358236e+001
9.599100e+002,6.355873e+001
9.603922e+002,6.353638e+001
9.608743e+002,6.351431e+001
9.613564e+002,6.349144e+001
9.618386e+002,6.346703e+001
9.623207e+002,6.344107e+001
9.628028e+002,6.341432e+001
9.632849e+002,6.338786e+001
9.637670e+002,6.336277e+001
9.642491e+002,6.333963e+001
9.647313e+002,6.331835e+001
9.652134e+002,6.329840e+001
9.656956e+002,6.327918e+001
9.661777e+002,6.326025e+001
9.666598e+002,6.324150e+001
9.671419e+002,6.322299e+001
9.676240e+002,6.320464e+001
9.681061e+002,6.318598e+001
9.685883e+002,6.316618e+001
9.690704e+002,6.314434e+001
9.695526e+002,6.311985e+001
9.700347e+002,6.309264e+001
9.705168e+002,6.306327e+001
9.709989e+002,6.303261e+001
9.714810e+002,6.300149e+001
9.719631e+002,6.297042e+001
9.724453e+002,6.293953e+001
9.729274e+002,6.290878e+001
9.734095e+002,6.287835e+001
9.738917e+002,6.284870e+001
9.743738e+002,6.282068e+001
9.748559e+002,6.279504e+001
9.753380e+002,6.277212e+001
9.758201e+002,6.275158e+001
9.763023e+002,6.273238e+001
9.767844e+002,6.271318e+001
9.772665e+002,6.269280e+001
9.777487e+002,6.267062e+001
9.782308e+002,6.264673e+001
9.787129e+002,6.262157e+001
9.791950e+002,6.259574e+001
9.796771e+002,6.256949e+001
9.801593e+002,6.254271e+001
9.806414e+002,6.251514e+001
9.811235e+002,6.248658e+001
9.816057e+002,6.245718e+001
9.820878e+002,6.242742e+001
9.825699e+002,6.239779e+001
9.830520e+002,6.236856e+001
9.835342e+002,6.233951e+001
9.840163e+002,6.231004e+001
9.844984e+002,6.227947e+001
9.849805e+002,6.224755e+001
9.854626e+002,6.221478e+001
9.859448e+002,6.218230e+001
9.864269e+002,6.215157e+001
9.869090e+002,6.212387e+001
9.873912e+002,6.209971e+001
9.878733e+002,6.207876e+001
9.883554e+002,6.206002e+001
9.888375e+002,6.204217e+001
9.893196e+002,6.202402e+001
9.898018e+002,6.200468e+001
9.902839e+002,6.198362e+001
9.907660e+002,6.196036e+001
9.912482e+002,6.193446e+001
9.917303e+002,6.190552e+001
9.922124e+002,6.187334e+001
9.926945e+002,6.183828e+001
9.931766e+002,6.180127e+001
9.936588e+002,6.176382e+001
9.941409e+002,6.172750e+001
9.946230e+002,6.169355e+001
9.951052e+002,6.166246e+001
9.955873e+002,6.163398e+001
9.960694e+002,6.160737e+001
9.965515e+002,6.158185e+001
9.970336e+002,6.155688e+001
9.975157e+002,6.153235e+001
9.979979e+002,6.150833e+001
9.984800e+002,6.148492e+001
9.989622e+002,6.146192e+001
9.994443e+002,6.143895e+001
9.999264e+002,6.141558e+001
1.000409e+003,6.139176e+001
1.000891e+003,6.136780e+001
1.001373e+003,6.134443e+001
1.001855e+003,6.132232e+001
1.002337e+003,6.130165e+001
1.002819e+003,6.128196e+001
1.003301e+003,6.126213e+001
1.003783e+003,6.124088e+001
1.004266e+003,6.121727e+001
1.004748e+003,6.119107e+001
1.005230e+003,6.116283e+001
1.005712e+003,6.113356e+001
1.006194e+003,6.110421e+001
1.006676e+003,6.107528e+001
1.007158e+003,6.104667e+001
1.007640e+003,6.101798e+001
1.008122e+003,6.098884e+001
1.008605e+003,6.095936e+001
1.009087e+003,6.093014e+001
1.009569e+003,6.090204e+001
1.010051e+003,6.087586e+001
1.010533e+003,6.085181e+001
1.011015e+003,6.082952e+001
1.011497e+003,6.080826e+001
1.011979e+003,6.078730e+001
1.012462e+003,6.076625e+001
1.012944e+003,6.074529e+001
1.013426e+003,6.072481e+001
1.013908e+003,6.070526e+001
1.014390e+003,6.068653e+001
1.014872e+003,6.066818e+001
1.015354e+003,6.064939e+001
1.015836e+003,6.062949e+001
1.016319e+003,6.060823e+001
1.016801e+003,6.058595e+001
1.017283e+003,6.056337e+001
1.017765e+003,6.054124e+001
1.018247e+003,6.052004e+001
1.018729e+003,6.049978e+001
1.019211e+003,6.048014e+001
1.019693e+003,6.046071e+001
1.020176e+003,6.044122e+001
1.020658e+003,6.042156e+001
1.021140e+003,6.040162e+001
1.021622e+003,6.038108e+001
1.022104e+003,6.035927e+001
1.022586e+003,6.033527e+001
1.023068e+003,6.030828e+001
1.023550e+003,6.027811e+001
1.024033e+003,6.024537e+001
1.024515e+003,6.021143e+001
1.024997e+003,6.017804e+001
1.025479e+003,6.014668e+001
1.025961e+003,6.011818e+001
1.026443e+003,6.009249e+001
1.026925e+003,6.006887e+001
1.027407e+003,6.004631e+001
1.027890e+003,6.002392e+001
1.028372e+003,6.000114e+001
1.028854e+003,5.997773e+001
1.029336e+003,5.995361e+001
1.029818e+003,5.992857e+001
1.030300e+003,5.990235e+001
1.030782e+003,5.987489e+001
1.031264e+003,5.984646e+001
1.031747e+003,5.981788e+001
1.032229e+003,5.979033e+001
1.032711e+003,5.976497e+001
1.033193e+003,5.974247e+001
1.033675e+003,5.972268e+001
1.034157e+003,5.970471e+001
1.034639e+003,5.968730e+001
1.035121e+003,5.966932e+001
1.035604e+003,5.965015e+001
1.036086e+003,5.962980e+001
1.036568e+003,5.960871e+001
1.037050e+003,5.958718e+001
1.037532e+003,5.956508e+001
1.038014e+003,5.954181e+001
1.038496e+003,5.951643e+001
1.038979e+003,5.948830e+001
1.039461e+003,5.945744e+001
1.039943e+003,5.942457e+001
1.040425e+003,5.939098e+001
1.040907e+003,5.935796e+001
1.041389e+003,5.932638e+001
1.041871e+003,5.929636e+001
1.042353e+003,5.926744e+001
1.042835e+003,5.923891e+001
1.043318e+003,5.921023e+001
1.043800e+003,5.918131e+001
1.044282e+003,5.915242e+001
1.044764e+003,5.912409e+001
1.045246e+003,5.909663e+001
1.045728e+003,5.907025e+001
1.046210e+003,5.904475e+001
1.046692e+003,5.901999e+001
1.047175e+003,5.899588e+001
1.047657e+003,5.897247e+001
1.048139e+003,5.894982e+001
1.048621e+003,5.892783e+001
1.049103e+003,5.890609e+001
1.049585e+003,5.888402e+001
1.050067e+003,5.886108e+001
1.050549e+003,5.883712e+001
1.051031e+003,5.881245e+001
1.051514e+003,5.878779e+001
1.051996e+003,5.876392e+001
1.052478e+003,5.874125e+001
1.052960e+003,5.871953e+001
1.053442e+003,5.869795e+001
1.053924e+003,5.867546e+001
1.054406e+003,5.865126e+001
1.054889e+003,5.862511e+001
1.055371e+003,5.859750e+001
1.055853e+003,5.856927e+001
1.056335e+003,5.854118e+001
1.056817e+003,5.851352e+001
1.057299e+003,5.848593e+001
1.057781e+003,5.845768e+001
1.058263e+003,5.842793e+001
1.058746e+003,5.839618e+001
1.059228e+003,5.836240e+001
1.059710e+003,5.832690e+001
1.060192e+003,5.829008e+001
1.060674e+003,5.825214e+001
1.061156e+003,5.821312e+001
1.061638e+003,5.817300e+001
1.062120e+003,5.813206e+001
1.062603e+003,5.809119e+001
1.063085e+003,5.805169e+001
1.063567e+003,5.801513e+001
1.064049e+003,5.798277e+001
1.064531e+003,5.795519e+001
1.065013e+003,5.793203e+001
1.065495e+003,5.791221e+001
1.065977e+003,5.789421e+001
1.066460e+003,5.787645e+001
1.066942e+003,5.785771e+001
1.067424e+003,5.783707e+001
1.067906e+003,5.781398e+001
1.068388e+003,5.778819e+001
1.068870e+003,5.775975e+001
1.069352e+003,5.772914e+001
1.069834e+003,5.769730e+001
1.070317e+003,5.766553e+001
1.070799e+003,5.763522e+001
1.071281e+003,5.760739e+001
1.071763e+003,5.758224e+001
1.072245e+003,5.755897e+001
1.072727e+003,5.753608e+001
1.073209e+003,5.751181e+001
1.073691e+003,5.748479e+001
1.074174e+003,5.745445e+001
1.074656e+003,5.742112e+001
1.075138e+003,5.738572e+001
1.075620e+003,5.734921e+001
1.076102e+003,5.731206e+001
1.076584e+003,5.727412e+001
1.077066e+003,5.723468e+001
1.077548e+003,5.719277e+001
1.078031e+003,5.714751e+001
1.078513e+003,5.709832e+001
1.078995e+003,5.704477e+001
1.079477e+003,5.698646e+001
1.079959e+003,5.692281e+001
1.080441e+003,5.685311e+001
1.080923e+003,5.677654e+001
1.081406e+003,5.669254e+001
1.081888e+003,5.660093e+001
1.082370e+003,5.650190e+001
1.082852e+003,5.639568e+001
1.083334e+003,5.628250e+001
1.083816e+003,5.616230e+001
1.084298e+003,5.603490e+001
1.084780e+003,5.590016e+001
1.085262e+003,5.575822e+001
1.085745e+003,5.560965e+001
1.086227e+003,5.545515e+001
1.086709e+003,5.529530e+001
1.087191e+003,5.513011e+001
1.087673e+003,5.495896e+001
1.088155e+003,5.478083e+001
1.088637e+003,5.459476e+001
1.089119e+003,5.440029e+001
1.089602e+003,5.419778e+001
1.090084e+003,5.398827e+001
1.090566e+003,5.377304e+001
1.091048e+003,5.355305e+001
1.091530e+003,5.332859e+001
1.092012e+003,5.309917e+001
1.092494e+003,5.286393e+001
1.092976e+003,5.262211e+001
1.093458e+003,5.237358e+001
1.093941e+003,5.211891e+001
1.094423e+003,5.185931e+001
1.094905e+003,5.159624e+001
1.095387e+003,5.133096e+001
1.095869e+003,5.106442e+001
1.096351e+003,5.079718e+001
1.096833e+003,5.052958e+001
1.097316e+003,5.026184e+001
1.097798e+003,4.999412e+001
1.098280e+003,4.972642e+001
1.098762e+003,4.945844e+001
1.099244e+003,4.918956e+001
1.099726e+003,4.891897e+001
1.100208e+003,4.864604e+001
1.100690e+003,4.837057e+001
1.101173e+003,4.809300e+001
1.101655e+003,4.781433e+001
1.102137e+003,4.753585e+001
1.102619e+003,4.725885e+001
1.103101e+003,4.698431e+001
1.103583e+003,4.671289e+001
1.104065e+003,4.644499e+001
1.104547e+003,4.618107e+001
1.105030e+003,4.592168e+001
1.105512e+003,4.566755e+001
1.105994e+003,4.541937e+001
1.106476e+003,4.517759e+001
1.106958e+003,4.494228e+001
1.107440e+003,4.471318e+001
1.107922e+003,4.448975e+001
1.108404e+003,4.427143e+001
1.108886e+003,4.405778e+001
1.109369e+003,4.384839e+001
1.109851e+003,4.364287e+001
1.110333e+003,4.344064e+001
1.110815e+003,4.324093e+001
1.111297e+003,4.304298e+001
1.111779e+003,4.284619e+001
1.112261e+003,4.265046e+001
1.112744e+003,4.245615e+001
1.113226e+003,4.226410e+001
1.113708e+003,4.207528e+001
1.114190e+003,4.189043e+001
1.114672e+003,4.170984e+001
1.115154e+003,4.153327e+001
1.115636e+003,4.136011e+001
1.116118e+003,4.118968e+001
1.116601e+003,4.102150e+001
1.117083e+003,4.085545e+001
1.117565e+003,4.069179e+001
1.118047e+003,4.053105e+001
1.118529e+003,4.037387e+001
1.119011e+003,4.022085e+001
1.119493e+003,4.007248e+001
1.119975e+003,3.992907e+001
1.120458e+003,3.979063e+001
1.120940e+003,3.965692e+001
1.121422e+003,3.952729e+001
1.121904e+003,3.940086e+001
1.122386e+003,3.927656e+001
1.122868e+003,3.915358e+001
1.123350e+003,3.903156e+001
1.123832e+003,3.891082e+001
1.124314e+003,3.879234e+001
1.124797e+003,3.867754e+001
1.125279e+003,3.856777e+001
1.125761e+003,3.846398e+001
1.126243e+003,3.836641e+001
1.126725e+003,3.827453e+001
1.127207e+003,3.818728e+001
1.127689e+003,3.810342e+001
1.128172e+003,3.802186e+001
1.128654e+003,3.794186e+001
1.129136e+003,3.786310e+001
1.129618e+003,3.778558e+001
1.130100e+003,3.770942e+001
1.130582e+003,3.763478e+001
1.131064e+003,3.756173e+001
1.131546e+003,3.749028e+001
1.132029e+003,3.742036e+001
1.132511e+003,3.735186e+001
1.132993e+003,3.728456e+001
1.133475e+003,3.721813e+001
1.133957e+003,3.715216e+001
1.134439e+003,3.708632e+001
1.134921e+003,3.702043e+001
1.135403e+003,3.695461e+001
1.135885e+003,3.688932e+001
1.136368e+003,3.682520e+001
1.136850e+003,3.676293e+001
1.137332e+003,3.670301e+001
1.137814e+003,3.664560e+001
1.138296e+003,3.659046e+001
1.138778e+003,3.653710e+001
1.139260e+003,3.648486e+001
1.139742e+003,3.643304e+001
1.140225e+003,3.638102e+001
1.140707e+003,3.632831e+001
1.141189e+003,3.627457e+001
1.141671e+003,3.621972e+001
1.142153e+003,3.616396e+001
1.142635e+003,3.610798e+001
1.143117e+003,3.605281e+001
1.143599e+003,3.599968e+001
1.144082e+003,3.594974e+001
1.144564e+003,3.590364e+001
1.145046e+003,3.586133e+001
1.145528e+003,3.582197e+001
1.146010e+003,3.578408e+001
1.146492e+003,3.574595e+001
1.146974e+003,3.570615e+001
1.147457e+003,3.566386e+001
1.147939e+003,3.561907e+001
1.148421e+003,3.557245e+001
1.148903e+003,3.552512e+001
1.149385e+003,3.547833e+001
1.149867e+003,3.543304e+001
1.150349e+003,3.538991e+001
1.150831e+003,3.534918e+001
1.151313e+003,3.531074e+001
1.151796e+003,3.527428e+001
1.152278e+003,3.523932e+001
1.152760e+003,3.520532e+001
1.153242e+003,3.517171e+001
1.153724e+003,3.513798e+001
1.154206e+003,3.510377e+001
1.154688e+003,3.506892e+001
1.155170e+003,3.503354e+001
1.155653e+003,3.499788e+001
1.156135e+003,3.496222e+001
1.156617e+003,3.492671e+001
1.157099e+003,3.489132e+001
1.157581e+003,3.485579e+001
1.158063e+003,3.481978e+001
1.158545e+003,3.478302e+001
1.159027e+003,3.474542e+001
1.159510e+003,3.470716e+001
1.159992e+003,3.466864e+001
1.160474e+003,3.463037e+001
1.160956e+003,3.459283e+001
1.161438e+003,3.455641e+001
1.161920e+003,3.452133e+001
1.162402e+003,3.448772e+001
1.162885e+003,3.445558e+001
1.163367e+003,3.442481e+001
1.163849e+003,3.439520e+001
1.164331e+003,3.436642e+001
1.164813e+003,3.433804e+001
1.165295e+003,3.430959e+001
1.165777e+003,3.428063e+001
1.166259e+003,3.425087e+001
1.166741e+003,3.422023e+001
1.167224e+003,3.418884e+001
1.167706e+003,3.415695e+001
1.168188e+003,3.412487e+001
1.168670e+003,3.409287e+001
1.169152e+003,3.406115e+001
1.169634e+003,3.402983e+001
1.170116e+003,3.399902e+001
1.170598e+003,3.396874e+001
1.171081e+003,3.393895e+001
1.171563e+003,3.390953e+001
1.172045e+003,3.388022e+001
1.172527e+003,3.385069e+001
1.173009e+003,3.382059e+001
1.173491e+003,3.378975e+001
1.173973e+003,3.375819e+001
1.174455e+003,3.372611e+001
1.174938e+003,3.369385e+001
1.175420e+003,3.366174e+001
1.175902e+003,3.363004e+001
1.176384e+003,3.359881e+001
1.176866e+003,3.356805e+001
1.177348e+003,3.353769e+001
1.177830e+003,3.350775e+001
1.178313e+003,3.347833e+001
1.178795e+003,3.344957e+001
1.179277e+003,3.342153e+001
1.179759e+003,3.339409e+001
1.180241e+003,3.336689e+001
1.180723e+003,3.333946e+001
1.181205e+003,3.331134e+001
1.181687e+003,3.328228e+001
1.182169e+003,3.325230e+001
1.182652e+003,3.322174e+001
1.183134e+003,3.319102e+001
1.183616e+003,3.316063e+001
1.184098e+003,3.313083e+001
1.184580e+003,3.310174e+001
1.185062e+003,3.307330e+001
1.185544e+003,3.304546e+001
1.186026e+003,3.301817e+001
1.186509e+003,3.299144e+001
1.186991e+003,3.296527e+001
1.187473e+003,3.293953e+001
1.187955e+003,3.291391e+001
1.188437e+003,3.288792e+001
1.188919e+003,3.286102e+001
1.189401e+003,3.283278e+001
1.189883e+003,3.280300e+001
1.190366e+003,3.277185e+001
1.190848e+003,3.273979e+001
1.191330e+003,3.270746e+001
1.191812e+003,3.267555e+001
1.192294e+003,3.264461e+001
1.192776e+003,3.261496e+001
1.193258e+003,3.258669e+001
1.193740e+003,3.255964e+001
1.194223e+003,3.253353e+001
1.194705e+003,3.250797e+001
1.195187e+003,3.248259e+001
1.195669e+003,3.245716e+001
1.196151e+003,3.243164e+001
1.196633e+003,3.240625e+001
1.197115e+003,3.238149e+001
1.197597e+003,3.235795e+001
1.198080e+003,3.233621e+001
1.198562e+003,3.231658e+001
1.199044e+003,3.229900e+001
1.199526e+003,3.228293e+001
1.200008e+003,3.226752e+001
1.200490e+003,3.225171e+001
1.200972e+003,3.223454e+001
1.201454e+003,3.221532e+001
1.201937e+003,3.219379e+001
1.202419e+003,3.217008e+001
1.202901e+003,3.214465e+001
1.203383e+003,3.211814e+001
1.203865e+003,3.209127e+001
1.204347e+003,3.206477e+001
1.204829e+003,3.203922e+001
1.205312e+003,3.201500e+001
1.205794e+003,3.199228e+001
1.206276e+003,3.197091e+001
1.206758e+003,3.195046e+001
1.207240e+003,3.193031e+001
1.207722e+003,3.190978e+001
1.208204e+003,3.188831e+001
1.208686e+003,3.186565e+001
1.209168e+003,3.184187e+001
1.209651e+003,3.181740e+001
1.210133e+003,3.179284e+001
1.210615e+003,3.176880e+001
1.211097e+003,3.174576e+001
1.211579e+003,3.172399e+001
1.212061e+003,3.170353e+001
1.212543e+003,3.168429e+001
1.213025e+003,3.166611e+001
1.213508e+003,3.164882e+001
1.213990e+003,3.163228e+001
1.214472e+003,3.161627e+001
1.214954e+003,3.160061e+001
1.215436e+003,3.158505e+001
1.215918e+003,3.156940e+001
1.216400e+003,3.155351e+001
1.216882e+003,3.153728e+001
1.217365e+003,3.152070e+001
1.217847e+003,3.150371e+001
1.218329e+003,3.148618e+001
1.218811e+003,3.146788e+001
1.219293e+003,3.144852e+001
1.219775e+003,3.142785e+001
1.220257e+003,3.140574e+001
1.220740e+003,3.138230e+001
1.221222e+003,3.135788e+001
1.221704e+003,3.133298e+001
1.222186e+003,3.130819e+001
1.222668e+003,3.128402e+001
1.223150e+003,3.126088e+001
1.223632e+003,3.123901e+001
1.224114e+003,3.121852e+001
1.224596e+003,3.119940e+001
1.225079e+003,3.118152e+001
1.225561e+003,3.116466e+001
1.226043e+003,3.114846e+001
1.226525e+003,3.113249e+001
1.227007e+003,3.111630e+001
1.227489e+003,3.109951e+001
1.227971e+003,3.108191e+001
1.228453e+003,3.106352e+001
1.228936e+003,3.104460e+001
1.229418e+003,3.102552e+001
1.229900e+003,3.100665e+001
1.230382e+003,3.098829e+001
1.230864e+003,3.097051e+001
1.231346e+003,3.095320e+001
1.231828e+003,3.093614e+001
1.232310e+003,3.091902e+001
1.232792e+003,3.090161e+001
1.233275e+003,3.088381e+001
1.233757e+003,3.086570e+001
1.234239e+003,3.084754e+001
1.234721e+003,3.082970e+001
1.235203e+003,3.081264e+001
1.235685e+003,3.079678e+001
1.236167e+003,3.078231e+001
1.236650e+003,3.076924e+001
1.237132e+003,3.075725e+001
1.237614e+003,3.074580e+001
1.238096e+003,3.073423e+001
1.238578e+003,3.072196e+001
1.239060e+003,3.070857e+001
1.239542e+003,3.069396e+001
1.240024e+003,3.067831e+001
1.240507e+003,3.066198e+001
1.240989e+003,3.064533e+001
1.241471e+003,3.062866e+001
1.241953e+003,3.061206e+001
1.242435e+003,3.059555e+001
1.242917e+003,3.057906e+001
1.243399e+003,3.056264e+001
1.243881e+003,3.054640e+001
1.244364e+003,3.053056e+001
1.244846e+003,3.051531e+001
1.245328e+003,3.050074e+001
1.245810e+003,3.048679e+001
1.246292e+003,3.047325e+001
1.246774e+003,3.045991e+001
1.247256e+003,3.044663e+001
1.247738e+003,3.043340e+001
1.248220e+003,3.042035e+001
1.248703e+003,3.040767e+001
1.249185e+003,3.039547e+001
1.249667e+003,3.038368e+001
1.250149e+003,3.037204e+001
1.250631e+003,3.036020e+001
1.251113e+003,3.034776e+001
1.251595e+003,3.033445e+001
1.252078e+003,3.032025e+001
1.252560e+003,3.030532e+001
1.253042e+003,3.029002e+001
1.253524e+003,3.027483e+001
1.254006e+003,3.026026e+001
1.254488e+003,3.024674e+001
1.254970e+003,3.023460e+001
1.255452e+003,3.022402e+001
1.255935e+003,3.021499e+001
1.256417e+003,3.020730e+001
1.256899e+003,3.020057e+001
1.257381e+003,3.019427e+001
1.257863e+003,3.018792e+001
1.258345e+003,3.018111e+001
1.258827e+003,3.017368e+001
1.259309e+003,3.016562e+001
1.259792e+003,3.015710e+001
1.260274e+003,3.014829e+001
1.260756e+003,3.013924e+001
1.261238e+003,3.012978e+001
1.261720e+003,3.011955e+001
1.262202e+003,3.010811e+001
1.262684e+003,3.009506e+001
1.263166e+003,3.008021e+001
1.263648e+003,3.006364e+001
1.264131e+003,3.004563e+001
1.264613e+003,3.002662e+001
1.265095e+003,3.000709e+001
1.265577e+003,2.998748e+001
1.266059e+003,2.996815e+001
1.266541e+003,2.994933e+001
1.267023e+003,2.993115e+001
1.267505e+003,2.991365e+001
1.267988e+003,2.989672e+001
1.268470e+003,2.988017e+001
1.268952e+003,2.986370e+001
1.269434e+003,2.984700e+001
1.269916e+003,2.982983e+001
1.270398e+003,2.981213e+001
1.270880e+003,2.979399e+001
1.271363e+003,2.977568e+001
1.271845e+003,2.975754e+001
1.272327e+003,2.973988e+001
1.272809e+003,2.972283e+001
1.273291e+003,2.970640e+001
1.273773e+003,2.969046e+001
1.274255e+003,2.967485e+001
1.274737e+003,2.965944e+001
1.275219e+003,2.964420e+001
1.275702e+003,2.962917e+001
1.276184e+003,2.961447e+001
1.276666e+003,2.960018e+001
1.277148e+003,2.958632e+001
1.277630e+003,2.957283e+001
1.278112e+003,2.955955e+001
1.278594e+003,2.954625e+001
1.279076e+003,2.953271e+001
1.279559e+003,2.951866e+001
1.280041e+003,2.950394e+001
1.280523e+003,2.948844e+001
1.281005e+003,2.947219e+001
1.281487e+003,2.945539e+001
1.281969e+003,2.943838e+001
1.282451e+003,2.942158e+001
1.282933e+003,2.940541e+001
1.283416e+003,2.939015e+001
1.283898e+003,2.937587e+001
1.284380e+003,2.936243e+001
1.284862e+003,2.934956e+001
1.285344e+003,2.933694e+001
1.285826e+003,2.932434e+001
1.286308e+003,2.931174e+001
1.286791e+003,2.929922e+001
1.287273e+003,2.928695e+001
1.287755e+003,2.927508e+001
1.288237e+003,2.926356e+001
1.288719e+003,2.925216e+001
1.289201e+003,2.924047e+001
1.289683e+003,2.922808e+001
1.290165e+003,2.921465e+001
1.290647e+003,2.920003e+001
1.291130e+003,2.918435e+001
1.291612e+003,2.916795e+001
1.292094e+003,2.915137e+001
1.292576e+003,2.913522e+001
1.293058e+003,2.912005e+001
1.293540e+003,2.910629e+001
1.294022e+003,2.909407e+001
1.294504e+003,2.908327e+001
1.294987e+003,2.907343e+001
1.295469e+003,2.906384e+001
1.295951e+003,2.905371e+001
1.296433e+003,2.904226e+001
1.296915e+003,2.902906e+001
1.297397e+003,2.901395e+001
1.297879e+003,2.899718e+001
1.298361e+003,2.897929e+001
1.298844e+003,2.896088e+001
1.299326e+003,2.894259e+001
1.299808e+003,2.892478e+001
1.300290e+003,2.890767e+001
1.300772e+003,2.889129e+001
1.301254e+003,2.887556e+001
1.301736e+003,2.886046e+001
1.302219e+003,2.884599e+001
1.302701e+003,2.883217e+001
1.303183e+003,2.881900e+001
1.303665e+003,2.880644e+001
1.304147e+003,2.879437e+001
1.304629e+003,2.878269e+001
1.305111e+003,2.877134e+001
1.305593e+003,2.876034e+001
1.306075e+003,2.874983e+001
1.306558e+003,2.873990e+001
1.307040e+003,2.873056e+001
1.307522e+003,2.872159e+001
1.308004e+003,2.871255e+001
1.308486e+003,2.870285e+001
1.308968e+003,2.869189e+001
1.309450e+003,2.867923e+001
1.309932e+003,2.866472e+001
1.310415e+003,2.864864e+001
1.310897e+003,2.863153e+001
1.311379e+003,2.861424e+001
1.311861e+003,2.859763e+001
1.312343e+003,2.858242e+001
1.312825e+003,2.856909e+001
1.313307e+003,2.855774e+001
1.313789e+003,2.854811e+001
1.314272e+003,2.853962e+001
1.314754e+003,2.853152e+001
1.315236e+003,2.852304e+001
1.315718e+003,2.851356e+001
1.316200e+003,2.850272e+001
1.316682e+003,2.849048e+001
1.317164e+003,2.847709e+001
1.317646e+003,2.846299e+001
1.318129e+003,2.844865e+001
1.318611e+003,2.843445e+001
1.319093e+003,2.842053e+001
1.319575e+003,2.840684e+001
1.320057e+003,2.839317e+001
1.320539e+003,2.837934e+001
1.321021e+003,2.836527e+001
1.321503e+003,2.835111e+001
1.321986e+003,2.833718e+001
1.322468e+003,2.832393e+001
1.322950e+003,2.831171e+001
1.323432e+003,2.830079e+001
1.323914e+003,2.829116e+001
1.324396e+003,2.828256e+001
1.324878e+003,2.827455e+001
1.325360e+003,2.826658e+001
1.325843e+003,2.825812e+001
1.326325e+003,2.824876e+001
1.326807e+003,2.823831e+001
1.327289e+003,2.822679e+001
1.327771e+003,2.821446e+001
1.328253e+003,2.820174e+001
1.328735e+003,2.818909e+001
1.329218e+003,2.817697e+001
1.329700e+003,2.816570e+001
1.330182e+003,2.815543e+001
1.330664e+003,2.814612e+001
1.331146e+003,2.813762e+001
1.331628e+003,2.812968e+001
1.332110e+003,2.812208e+001
1.332592e+003,2.811459e+001
1.333074e+003,2.810708e+001
1.333557e+003,2.809939e+001
1.334039e+003,2.809137e+001
1.334521e+003,2.808279e+001
1.335003e+003,2.807338e+001
1.335485e+003,2.806289e+001
1.335967e+003,2.805117e+001
1.336449e+003,2.803825e+001
1.336931e+003,2.802441e+001
1.337414e+003,2.801018e+001
1.337896e+003,2.799628e+001
1.338378e+003,2.798351e+001
1.338860e+003,2.797259e+001
1.339342e+003,2.796396e+001
1.339824e+003,2.795772e+001
1.340306e+003,2.795354e+001
1.340788e+003,2.795081e+001
1.341271e+003,2.794876e+001
1.341753e+003,2.794662e+001
1.342235e+003,2.794377e+001
1.342717e+003,2.793978e+001
1.343199e+003,2.793448e+001
1.343681e+003,2.792784e+001
1.344163e+003,2.792000e+001
1.344646e+003,2.791116e+001
1.345128e+003,2.790153e+001
1.345610e+003,2.789136e+001
1.346092e+003,2.788086e+001
1.346574e+003,2.787033e+001
1.347056e+003,2.786007e+001
1.347538e+003,2.785048e+001
1.348020e+003,2.784194e+001
1.348502e+003,2.783478e+001
1.348985e+003,2.782913e+001
1.349467e+003,2.782490e+001
1.349949e+003,2.782172e+001
1.350431e+003,2.781906e+001
1.350913e+003,2.781627e+001
1.351395e+003,2.781280e+001
1.351877e+003,2.780831e+001
1.352359e+003,2.780272e+001
1.352842e+003,2.779625e+001
1.353324e+003,2.778937e+001
1.353806e+003,2.778266e+001
1.354288e+003,2.777673e+001
1.354770e+003,2.777207e+001
1.355252e+003,2.776899e+001
1.355734e+003,2.776756e+001
1.356216e+003,2.776764e+001
1.356698e+003,2.776884e+001
1.357181e+003,2.777072e+001
1.357663e+003,2.777277e+001
1.358145e+003,2.777452e+001
1.358627e+003,2.777561e+001
1.359109e+003,2.777586e+001
1.359591e+003,2.777525e+001
1.360073e+003,2.777394e+001
1.360556e+003,2.777225e+001
1.361038e+003,2.777058e+001
1.361520e+003,2.776942e+001
1.362002e+003,2.776923e+001
1.362484e+003,2.777032e+001
1.362966e+003,2.777283e+001
1.363448e+003,2.777666e+001
1.363930e+003,2.778154e+001
1.364413e+003,2.778706e+001
1.364895e+003,2.779284e+001
1.365377e+003,2.779862e+001
1.365859e+003,2.780428e+001
1.366341e+003,2.780985e+001
1.366823e+003,2.781552e+001
1.367305e+003,2.782146e+001
1.367787e+003,2.782776e+001
1.368270e+003,2.783429e+001
1.368752e+003,2.784067e+001
1.369234e+003,2.784635e+001
1.369716e+003,2.785071e+001
1.370198e+003,2.785328e+001
1.370680e+003,2.785390e+001
1.371162e+003,2.785284e+001
1.371644e+003,2.785069e+001
1.372126e+003,2.784842e+001
1.372609e+003,2.784709e+001
1.373091e+003,2.784769e+001
1.373573e+003,2.785097e+001
1.374055e+003,2.785719e+001
1.374537e+003,2.786616e+001
1.375019e+003,2.787733e+001
1.375501e+003,2.789002e+001
1.375984e+003,2.790363e+001
1.376466e+003,2.791770e+001
1.376948e+003,2.793199e+001
1.377430e+003,2.794636e+001
1.377912e+003,2.796070e+001
1.378394e+003,2.797495e+001
1.378876e+003,2.798902e+001
1.379358e+003,2.800288e+001
1.379841e+003,2.801652e+001
1.380323e+003,2.802996e+001
1.380805e+003,2.804323e+001
1.381287e+003,2.805628e+001
1.381769e+003,2.806898e+001
1.382251e+003,2.808111e+001
1.382733e+003,2.809238e+001
1.383215e+003,2.810254e+001
1.383698e+003,2.811141e+001
1.384180e+003,2.811892e+001
1.384662e+003,2.812519e+001
1.385144e+003,2.813047e+001
1.385626e+003,2.813519e+001
1.386108e+003,2.813993e+001
1.386590e+003,2.814533e+001
1.387072e+003,2.815196e+001
1.387554e+003,2.816018e+001
1.388037e+003,2.816999e+001
1.388519e+003,2.818102e+001
1.389001e+003,2.819261e+001
1.389483e+003,2.820388e+001
1.389965e+003,2.821404e+001
1.390447e+003,2.822240e+001
1.390929e+003,2.822855e+001
1.391411e+003,2.823235e+001
1.391894e+003,2.823395e+001
1.392376e+003,2.823378e+001
1.392858e+003,2.823242e+001
1.393340e+003,2.823056e+001
1.393822e+003,2.822878e+001
1.394304e+003,2.822745e+001
1.394786e+003,2.822657e+001
1.395269e+003,2.822582e+001
1.395751e+003,2.822473e+001
1.396233e+003,2.822292e+001
1.396715e+003,2.822025e+001
1.397197e+003,2.821693e+001
1.397679e+003,2.821345e+001
1.398161e+003,2.821040e+001
1.398643e+003,2.820822e+001
1.399125e+003,2.820703e+001
1.399608e+003,2.820650e+001
1.400090e+003,2.820589e+001
1.400572e+003,2.820437e+001
1.401054e+003,2.820119e+001
1.401536e+003,2.819592e+001
1.402018e+003,2.818855e+001
1.402500e+003,2.817944e+001
1.402982e+003,2.816927e+001
1.403465e+003,2.815885e+001
1.403947e+003,2.814902e+001
1.404429e+003,2.814043e+001
1.404911e+003,2.813336e+001
1.405393e+003,2.812764e+001
1.405875e+003,2.812275e+001
1.406357e+003,2.811790e+001
1.406839e+003,2.811231e+001
1.407322e+003,2.810538e+001
1.407804e+003,2.809675e+001
1.408286e+003,2.808648e+001
1.408768e+003,2.807493e+001
1.409250e+003,2.806276e+001
1.409732e+003,2.805072e+001
1.410214e+003,2.803955e+001
1.410697e+003,2.802968e+001
1.411179e+003,2.802119e+001
1.411661e+003,2.801372e+001
1.412143e+003,2.800666e+001
1.412625e+003,2.799924e+001
1.413107e+003,2.799078e+001
1.413589e+003,2.798083e+001
1.414071e+003,2.796919e+001
1.414553e+003,2.795587e+001
1.415036e+003,2.794107e+001
1.415518e+003,2.792505e+001
1.416000e+003,2.790817e+001
1.416482e+003,2.789092e+001
1.416964e+003,2.787393e+001
1.417446e+003,2.785801e+001
1.417928e+003,2.784397e+001
1.418410e+003,2.783235e+001
1.418893e+003,2.782301e+001
1.419375e+003,2.781509e+001
1.419857e+003,2.780717e+001
1.420339e+003,2.779787e+001
1.420821e+003,2.778632e+001
1.421303e+003,2.777232e+001
1.421785e+003,2.775629e+001
1.422267e+003,2.773905e+001
1.422750e+003,2.772161e+001
1.423232e+003,2.770487e+001
1.423714e+003,2.768956e+001
1.424196e+003,2.767588e+001
1.424678e+003,2.766361e+001
1.425160e+003,2.765212e+001
1.425642e+003,2.764054e+001
1.426125e+003,2.762803e+001
1.426607e+003,2.761395e+001
1.427089e+003,2.759795e+001
1.427571e+003,2.758001e+001
1.428053e+003,2.756056e+001
1.428535e+003,2.754043e+001
1.429017e+003,2.752071e+001
1.429499e+003,2.750264e+001
1.429981e+003,2.748721e+001
1.430464e+003,2.747488e+001
1.430946e+003,2.746543e+001
1.431428e+003,2.745804e+001
1.431910e+003,2.745147e+001
1.432392e+003,2.744449e+001
1.432874e+003,2.743608e+001
1.433356e+003,2.742563e+001
1.433838e+003,2.741297e+001
1.434321e+003,2.739839e+001
1.434803e+003,2.738265e+001
1.435285e+003,2.736689e+001
1.435767e+003,2.735248e+001
1.436249e+003,2.734069e+001
1.436731e+003,2.733223e+001
1.437213e+003,2.732695e+001
1.437696e+003,2.732394e+001
1.438177e+003,2.732193e+001
1.438660e+003,2.731977e+001
1.439142e+003,2.731670e+001
1.439624e+003,2.731239e+001
1.440106e+003,2.730680e+001
1.440588e+003,2.730010e+001
1.441070e+003,2.729246e+001
1.441552e+003,2.728399e+001
1.442035e+003,2.727463e+001
1.442517e+003,2.726417e+001
1.442999e+003,2.725228e+001
1.443481e+003,2.723865e+001
1.443963e+003,2.722304e+001
1.444445e+003,2.720546e+001
1.444927e+003,2.718615e+001
1.445409e+003,2.716556e+001
1.445892e+003,2.714434e+001
1.446374e+003,2.712322e+001
1.446856e+003,2.710292e+001
1.447338e+003,2.708404e+001
1.447820e+003,2.706699e+001
1.448302e+003,2.705189e+001
1.448784e+003,2.703858e+001
1.449266e+003,2.702668e+001
1.449749e+003,2.701566e+001
1.450231e+003,2.700490e+001
1.450713e+003,2.699379e+001
1.451195e+003,2.698170e+001
1.451677e+003,2.696805e+001
1.452159e+003,2.695237e+001
1.452641e+003,2.693430e+001
1.453124e+003,2.691362e+001
1.453605e+003,2.689029e+001
1.454088e+003,2.686452e+001
1.454570e+003,2.683689e+001
1.455052e+003,2.680851e+001
1.455534e+003,2.678137e+001
1.456016e+003,2.675835e+001
1.456498e+003,2.674282e+001
1.456980e+003,2.673737e+001
1.457463e+003,2.674226e+001
1.457945e+003,2.675497e+001
1.458427e+003,2.677142e+001
1.458909e+003,2.678788e+001
1.459391e+003,2.680207e+001
1.459873e+003,2.681312e+001
1.460355e+003,2.682108e+001
1.460837e+003,2.682647e+001
1.461320e+003,2.682997e+001
1.461802e+003,2.683231e+001
1.462284e+003,2.683426e+001
1.462766e+003,2.683668e+001
1.463248e+003,2.684036e+001
1.463730e+003,2.684600e+001
1.464212e+003,2.685394e+001
1.464694e+003,2.686392e+001
1.465177e+003,2.687512e+001
1.465659e+003,2.688627e+001
1.466141e+003,2.689613e+001
1.466623e+003,2.690375e+001
1.467105e+003,2.690871e+001
1.467587e+003,2.691096e+001
1.468069e+003,2.691076e+001
1.468552e+003,2.690849e+001
1.469033e+003,2.690459e+001
1.469516e+003,2.689952e+001
1.469998e+003,2.689383e+001
1.470480e+003,2.688818e+001
1.470962e+003,2.688342e+001
1.471444e+003,2.688051e+001
1.471926e+003,2.688039e+001
1.472408e+003,2.688361e+001
1.472891e+003,2.689020e+001
1.473373e+003,2.689962e+001
1.473855e+003,2.691109e+001
1.474337e+003,2.692388e+001
1.474819e+003,2.693749e+001
1.475301e+003,2.695152e+001
1.475783e+003,2.696553e+001
1.476265e+003,2.697888e+001
1.476748e+003,2.699082e+001
1.477230e+003,2.700061e+001
1.477712e+003,2.700776e+001
1.478194e+003,2.701224e+001
1.478676e+003,2.701450e+001
1.479158e+003,2.701536e+001
1.479640e+003,2.701582e+001
1.480122e+003,2.701672e+001
1.480604e+003,2.701856e+001
1.481087e+003,2.702127e+001
1.481569e+003,2.702431e+001
1.482051e+003,2.702677e+001
1.482533e+003,2.702779e+001
1.483015e+003,2.702677e+001
1.483497e+003,2.702354e+001
1.483979e+003,2.701834e+001
1.484461e+003,2.701169e+001
1.484944e+003,2.700414e+001
1.485426e+003,2.699617e+001
1.485908e+003,2.698813e+001
1.486390e+003,2.698025e+001
1.486872e+003,2.697276e+001
1.487354e+003,2.696611e+001
1.487836e+003,2.696097e+001
1.488319e+003,2.695828e+001
1.488801e+003,2.695901e+001
1.489283e+003,2.696369e+001
1.489765e+003,2.697206e+001
1.490247e+003,2.698284e+001
1.490729e+003,2.699413e+001
1.491211e+003,2.700389e+001
1.491693e+003,2.701053e+001
1.492176e+003,2.701319e+001
1.492658e+003,2.701166e+001
1.493140e+003,2.700628e+001
1.493622e+003,2.699775e+001
1.494104e+003,2.698703e+001
1.494586e+003,2.697528e+001
1.495068e+003,2.696382e+001
1.495550e+003,2.695400e+001
1.496032e+003,2.694694e+001
1.496515e+003,2.694320e+001
1.496997e+003,2.694264e+001
1.497479e+003,2.694444e+001
1.497961e+003,2.694742e+001
1.498443e+003,2.695041e+001
1.498925e+003,2.695254e+001
1.499407e+003,2.695327e+001
1.499890e+003,2.695229e+001
1.500372e+003,2.694938e+001
1.500854e+003,2.694435e+001
1.501336e+003,2.693695e+001
1.501818e+003,2.692700e+001
1.502300e+003,2.691430e+001
1.502782e+003,2.689878e+001
1.503264e+003,2.688045e+001
1.503747e+003,2.685952e+001
1.504229e+003,2.683648e+001
1.504711e+003,2.681239e+001
1.505193e+003,2.678910e+001
1.505675e+003,2.676944e+001
1.506157e+003,2.675670e+001
1.506639e+003,2.675301e+001
1.507121e+003,2.675750e+001
1.507604e+003,2.676633e+001
1.508086e+003,2.677485e+001
1.508568e+003,2.678001e+001
1.509050e+003,2.678088e+001
1.509532e+003,2.677812e+001
1.510014e+003,2.677301e+001
1.510496e+003,2.676690e+001
1.510979e+003,2.676081e+001
1.511460e+003,2.675526e+001
1.511943e+003,2.675023e+001
1.512425e+003,2.674525e+001
1.512907e+003,2.673960e+001
1.513389e+003,2.673262e+001
1.513871e+003,2.672383e+001
1.514353e+003,2.671310e+001
1.514835e+003,2.670059e+001
1.515318e+003,2.668670e+001
1.515800e+003,2.667177e+001
1.516282e+003,2.665603e+001
1.516764e+003,2.663941e+001
1.517246e+003,2.662160e+001
1.517728e+003,2.660223e+001
1.518210e+003,2.658105e+001
1.518692e+003,2.655810e+001
1.519175e+003,2.653373e+001
1.519657e+003,2.650866e+001
1.520139e+003,2.648390e+001
1.520621e+003,2.646061e+001
1.521103e+003,2.643980e+001
1.521585e+003,2.642198e+001
1.522067e+003,2.640691e+001
1.522549e+003,2.639375e+001
1.523031e+003,2.638147e+001
1.523514e+003,2.636930e+001
1.523996e+003,2.635692e+001
1.524478e+003,2.634437e+001
1.524960e+003,2.633199e+001
1.525442e+003,2.632015e+001
1.525924e+003,2.630919e+001
1.526406e+003,2.629919e+001
1.526888e+003,2.629000e+001
1.527371e+003,2.628119e+001
1.527853e+003,2.627222e+001
1.528335e+003,2.626260e+001
1.528817e+003,2.625198e+001
1.529299e+003,2.624024e+001
1.529781e+003,2.622753e+001
1.530263e+003,2.621422e+001
1.530746e+003,2.620096e+001
1.531228e+003,2.618866e+001
1.531710e+003,2.617841e+001
1.532192e+003,2.617131e+001
1.532674e+003,2.616809e+001
1.533156e+003,2.616856e+001
1.533638e+003,2.617145e+001
1.534120e+003,2.617461e+001
1.534603e+003,2.617577e+001
1.535085e+003,2.617332e+001
1.535567e+003,2.616650e+001
1.536049e+003,2.615535e+001
1.536531e+003,2.614042e+001
1.537013e+003,2.612258e+001
1.537495e+003,2.610290e+001
1.537977e+003,2.608272e+001
1.538459e+003,2.606356e+001
1.538942e+003,2.604701e+001
1.539424e+003,2.603418e+001
1.539906e+003,2.602512e+001
1.540388e+003,2.601852e+001
1.540870e+003,2.601244e+001
1.541352e+003,2.600546e+001
1.541834e+003,2.599741e+001
1.542316e+003,2.598912e+001
1.542799e+003,2.598179e+001
1.543281e+003,2.597642e+001
1.543763e+003,2.597343e+001
1.544245e+003,2.597250e+001
1.544727e+003,2.597259e+001
1.545209e+003,2.597224e+001
1.545691e+003,2.596994e+001
1.546174e+003,2.596447e+001
1.546656e+003,2.595507e+001
1.547138e+003,2.594152e+001
1.547620e+003,2.592408e+001
1.548102e+003,2.590342e+001
1.548584e+003,2.588057e+001
1.549066e+003,2.585677e+001
1.549548e+003,2.583328e+001
1.550031e+003,2.581111e+001
1.550513e+003,2.579079e+001
1.550995e+003,2.577226e+001
1.551477e+003,2.575504e+001
1.551959e+003,2.573839e+001
1.552441e+003,2.572153e+001
1.552923e+003,2.570386e+001
1.553405e+003,2.568487e+001
1.553887e+003,2.566424e+001
1.554370e+003,2.564169e+001
1.554852e+003,2.561698e+001
1.555334e+003,2.558975e+001
1.555816e+003,2.555963e+001
1.556298e+003,2.552633e+001
1.556780e+003,2.548994e+001
1.557262e+003,2.545161e+001
1.557744e+003,2.541442e+001
1.558227e+003,2.538380e+001
1.558709e+003,2.536599e+001
1.559191e+003,2.536377e+001
1.559673e+003,2.537357e+001
1.560155e+003,2.538794e+001
1.560637e+003,2.540054e+001
1.561119e+003,2.540827e+001
1.561602e+003,2.541059e+001
1.562083e+003,2.540810e+001
1.562566e+003,2.540178e+001
1.563048e+003,2.539252e+001
1.563530e+003,2.538101e+001
1.564012e+003,2.536774e+001
1.564494e+003,2.535299e+001
1.564976e+003,2.533685e+001
1.565458e+003,2.531932e+001
1.565941e+003,2.530040e+001
1.566423e+003,2.528022e+001
1.566905e+003,2.525916e+001
1.567387e+003,2.523788e+001
1.567869e+003,2.521738e+001
1.568351e+003,2.519879e+001
1.568833e+003,2.518307e+001
1.569315e+003,2.517061e+001
1.569798e+003,2.516086e+001
1.570280e+003,2.515249e+001
1.570762e+003,2.514386e+001
1.571244e+003,2.513368e+001
1.571726e+003,2.512129e+001
1.572208e+003,2.510667e+001
1.572690e+003,2.509019e+001
1.573172e+003,2.507240e+001
1.573655e+003,2.505395e+001
1.574137e+003,2.503551e+001
1.574619e+003,2.501785e+001
1.575101e+003,2.500187e+001
1.575583e+003,2.498840e+001
1.576065e+003,2.497805e+001
1.576547e+003,2.497081e+001
1.577030e+003,2.496602e+001
1.577511e+003,2.496263e+001
1.577994e+003,2.495957e+001
1.578476e+003,2.495609e+001
1.578958e+003,2.495175e+001
1.579440e+003,2.494639e+001
1.579922e+003,2.494002e+001
1.580404e+003,2.493271e+001
1.580886e+003,2.492454e+001
1.581369e+003,2.491562e+001
1.581851e+003,2.490610e+001
1.582333e+003,2.489615e+001
1.582815e+003,2.488605e+001
1.583297e+003,2.487611e+001
1.583779e+003,2.486665e+001
1.584261e+003,2.485792e+001
1.584743e+003,2.485000e+001
1.585226e+003,2.484286e+001
1.585708e+003,2.483627e+001
1.586190e+003,2.482998e+001
1.586672e+003,2.482374e+001
1.587154e+003,2.481748e+001
1.587636e+003,2.481123e+001
1.588118e+003,2.480513e+001
1.588600e+003,2.479942e+001
1.589083e+003,2.479428e+001
1.589565e+003,2.478980e+001
1.590047e+003,2.478604e+001
1.590529e+003,2.478297e+001
1.591011e+003,2.478054e+001
1.591493e+003,2.477873e+001
1.591975e+003,2.477751e+001
1.592458e+003,2.477687e+001
1.592939e+003,2.477680e+001
1.593422e+003,2.477724e+001
1.593904e+003,2.477819e+001
1.594386e+003,2.477965e+001
1.594868e+003,2.478159e+001
1.595350e+003,2.478401e+001
1.595832e+003,2.478676e+001
1.596314e+003,2.478963e+001
1.596797e+003,2.479228e+001
1.597279e+003,2.479431e+001
1.597761e+003,2.479539e+001
1.598243e+003,2.479529e+001
1.598725e+003,2.479401e+001
1.599207e+003,2.479177e+001
1.599689e+003,2.478896e+001
1.600171e+003,2.478609e+001
1.600654e+003,2.478364e+001
1.601136e+003,2.478208e+001
1.601618e+003,2.478164e+001
1.602100e+003,2.478238e+001
1.602582e+003,2.478413e+001
1.603064e+003,2.478653e+001
1.603546e+003,2.478906e+001
1.604028e+003,2.479114e+001
1.604510e+003,2.479222e+001
1.604993e+003,2.479194e+001
1.605475e+003,2.479012e+001
1.605957e+003,2.478688e+001
1.606439e+003,2.478257e+001
1.606921e+003,2.477772e+001
1.607403e+003,2.477292e+001
1.607885e+003,2.476869e+001
1.608367e+003,2.476541e+001
1.608850e+003,2.476323e+001
1.609332e+003,2.476209e+001
1.609814e+003,2.476178e+001
1.610296e+003,2.476190e+001
1.610778e+003,2.476201e+001
1.611260e+003,2.476161e+001
1.611742e+003,2.476019e+001
1.612225e+003,2.475731e+001
1.612707e+003,2.475274e+001
1.613189e+003,2.474646e+001
1.613671e+003,2.473883e+001
1.614153e+003,2.473060e+001
1.614635e+003,2.472286e+001
1.615117e+003,2.471701e+001
1.615599e+003,2.471437e+001
1.616082e+003,2.471567e+001
1.616564e+003,2.472052e+001
1.617046e+003,2.472731e+001
1.617528e+003,2.473376e+001
1.618010e+003,2.473789e+001
1.618492e+003,2.473856e+001
1.618974e+003,2.473561e+001
1.619456e+003,2.472960e+001
1.619938e+003,2.472139e+001
1.620421e+003,2.471206e+001
1.620903e+003,2.470264e+001
1.621385e+003,2.469415e+001
1.621867e+003,2.468739e+001
1.622349e+003,2.468279e+001
1.622831e+003,2.468013e+001
1.623313e+003,2.467860e+001
1.623796e+003,2.467697e+001
1.624278e+003,2.467408e+001
1.624760e+003,2.466929e+001
1.625242e+003,2.466265e+001
1.625724e+003,2.465486e+001
1.626206e+003,2.464700e+001
1.626688e+003,2.464028e+001
1.627170e+003,2.463569e+001
1.627653e+003,2.463374e+001
1.628135e+003,2.463432e+001
1.628617e+003,2.463669e+001
1.629099e+003,2.463976e+001
1.629581e+003,2.464236e+001
1.630063e+003,2.464354e+001
1.630545e+003,2.464265e+001
1.631027e+003,2.463938e+001
1.631510e+003,2.463359e+001
1.631992e+003,2.462532e+001
1.632474e+003,2.461473e+001
1.632956e+003,2.460219e+001
1.633438e+003,2.458838e+001
1.633920e+003,2.457456e+001
1.634402e+003,2.456252e+001
1.634885e+003,2.455438e+001
1.635366e+003,2.455189e+001
1.635849e+003,2.455539e+001
1.636331e+003,2.456347e+001
1.636813e+003,2.457354e+001
1.637295e+003,2.458308e+001
1.637777e+003,2.459051e+001
1.638259e+003,2.459528e+001
1.638741e+003,2.459752e+001
1.639224e+003,2.459771e+001
1.639706e+003,2.459635e+001
1.640188e+003,2.459390e+001
1.640670e+003,2.459061e+001
1.641152e+003,2.458659e+001
1.641634e+003,2.458180e+001
1.642116e+003,2.457609e+001
1.642598e+003,2.456924e+001
1.643081e+003,2.456103e+001
1.643563e+003,2.455134e+001
1.644045e+003,2.454030e+001
1.644527e+003,2.452846e+001
1.645009e+003,2.451689e+001
1.645491e+003,2.450726e+001
1.645973e+003,2.450140e+001
1.646455e+003,2.450061e+001
1.646938e+003,2.450470e+001
1.647420e+003,2.451178e+001
1.647902e+003,2.451900e+001
1.648384e+003,2.452379e+001
1.648866e+003,2.452458e+001
1.649348e+003,2.452094e+001
1.649830e+003,2.451322e+001
1.650313e+003,2.450237e+001
1.650794e+003,2.448975e+001
1.651277e+003,2.447738e+001
1.651759e+003,2.446814e+001
1.652241e+003,2.446555e+001
1.652723e+003,2.447250e+001
1.653205e+003,2.448886e+001
1.653687e+003,2.451038e+001
1.654169e+003,2.453106e+001
1.654652e+003,2.454675e+001
1.655134e+003,2.455644e+001
1.655616e+003,2.456096e+001
1.656098e+003,2.456174e+001
1.656580e+003,2.455996e+001
1.657062e+003,2.455646e+001
1.657544e+003,2.455167e+001
1.658026e+003,2.454585e+001
1.658509e+003,2.453911e+001
1.658991e+003,2.453164e+001
1.659473e+003,2.452376e+001
1.659955e+003,2.451599e+001
1.660437e+003,2.450905e+001
1.660919e+003,2.450374e+001
1.661401e+003,2.450072e+001
1.661883e+003,2.450021e+001
1.662365e+003,2.450176e+001
1.662848e+003,2.450425e+001
1.663330e+003,2.450611e+001
1.663812e+003,2.450588e+001
1.664294e+003,2.450260e+001
1.664776e+003,2.449601e+001
1.665258e+003,2.448639e+001
1.665740e+003,2.447445e+001
1.666222e+003,2.446110e+001
1.666705e+003,2.444736e+001
1.667187e+003,2.443437e+001
1.667669e+003,2.442336e+001
1.668151e+003,2.441549e+001
1.668633e+003,2.441155e+001
1.669115e+003,2.441165e+001
1.669597e+003,2.441491e+001
1.670080e+003,2.441963e+001
1.670562e+003,2.442392e+001
1.671044e+003,2.442636e+001
1.671526e+003,2.442640e+001
1.672008e+003,2.442437e+001
1.672490e+003,2.442121e+001
1.672972e+003,2.441816e+001
1.673454e+003,2.441647e+001
1.673937e+003,2.441707e+001
1.674419e+003,2.442023e+001
1.674901e+003,2.442533e+001
1.675383e+003,2.443102e+001
1.675865e+003,2.443563e+001
1.676347e+003,2.443785e+001
1.676829e+003,2.443715e+001
1.677311e+003,2.443371e+001
1.677793e+003,2.442813e+001
1.678276e+003,2.442112e+001
1.678758e+003,2.441317e+001
1.679240e+003,2.440450e+001
1.679722e+003,2.439508e+001
1.680204e+003,2.438478e+001
1.680686e+003,2.437356e+001
1.681168e+003,2.436174e+001
1.681650e+003,2.435019e+001
1.682133e+003,2.434055e+001
1.682615e+003,2.433515e+001
1.683097e+003,2.433657e+001
1.683579e+003,2.434641e+001
1.684061e+003,2.436379e+001
1.684543e+003,2.438482e+001
1.685025e+003,2.440426e+001
1.685508e+003,2.441810e+001
1.685990e+003,2.442500e+001
1.686472e+003,2.442581e+001
1.686954e+003,2.442241e+001
1.687436e+003,2.441688e+001
1.687918e+003,2.441093e+001
1.688400e+003,2.440579e+001
1.688882e+003,2.440199e+001
1.689365e+003,2.439940e+001
1.689847e+003,2.439727e+001
1.690329e+003,2.439452e+001
1.690811e+003,2.439002e+001
1.691293e+003,2.438302e+001
1.691775e+003,2.437325e+001
1.692257e+003,2.436096e+001
1.692739e+003,2.434686e+001
1.693221e+003,2.433195e+001
1.693704e+003,2.431743e+001
1.694186e+003,2.430457e+001
1.694668e+003,2.429435e+001
1.695150e+003,2.428712e+001
1.695632e+003,2.428224e+001
1.696114e+003,2.427818e+001
1.696596e+003,2.427317e+001
1.697078e+003,2.426608e+001
1.697561e+003,2.425690e+001
1.698043e+003,2.424688e+001
1.698525e+003,2.423822e+001
1.699007e+003,2.423343e+001
1.699489e+003,2.423442e+001
1.699971e+003,2.424128e+001
1.700453e+003,2.425162e+001
1.700936e+003,2.426145e+001
1.701417e+003,2.426716e+001
1.701900e+003,2.426706e+001
1.702382e+003,2.426143e+001
1.702864e+003,2.425193e+001
1.703346e+003,2.424063e+001
1.703828e+003,2.422955e+001
1.704310e+003,2.422033e+001
1.704792e+003,2.421387e+001
1.705275e+003,2.421023e+001
1.705757e+003,2.420853e+001
1.706239e+003,2.420734e+001
1.706721e+003,2.420516e+001
1.707203e+003,2.420096e+001
1.707685e+003,2.419431e+001
1.708167e+003,2.418533e+001
1.708649e+003,2.417439e+001
1.709132e+003,2.416191e+001
1.709614e+003,2.414828e+001
1.710096e+003,2.413367e+001
1.710578e+003,2.411815e+001
1.711060e+003,2.410174e+001
1.711542e+003,2.408435e+001
1.712024e+003,2.406594e+001
1.712506e+003,2.404648e+001
1.712989e+003,2.402605e+001
1.713471e+003,2.400489e+001
1.713953e+003,2.398344e+001
1.714435e+003,2.396243e+001
1.714917e+003,2.394291e+001
1.715399e+003,2.392617e+001
1.715881e+003,2.391362e+001
1.716364e+003,2.390630e+001
1.716845e+003,2.390454e+001
1.717328e+003,2.390736e+001
1.717810e+003,2.391260e+001
1.718292e+003,2.391749e+001
1.718774e+003,2.391972e+001
1.719256e+003,2.391794e+001
1.719738e+003,2.391188e+001
1.720220e+003,2.390203e+001
1.720703e+003,2.388925e+001
1.721185e+003,2.387451e+001
1.721667e+003,2.385873e+001
1.722149e+003,2.384275e+001
1.722631e+003,2.382719e+001
1.723113e+003,2.381244e+001
1.723595e+003,2.379856e+001
1.724077e+003,2.378531e+001
1.724560e+003,2.377225e+001
1.725042e+003,2.375888e+001
1.725524e+003,2.374482e+001
1.726006e+003,2.372989e+001
1.726488e+003,2.371416e+001
1.726970e+003,2.369784e+001
1.727452e+003,2.368120e+001
1.727934e+003,2.366447e+001
1.728417e+003,2.364775e+001
1.728899e+003,2.363094e+001
1.729381e+003,2.361387e+001
1.729863e+003,2.359637e+001
1.730345e+003,2.357840e+001
1.730827e+003,2.356026e+001
1.731309e+003,2.354268e+001
1.731792e+003,2.352688e+001
1.732273e+003,2.351449e+001
1.732756e+003,2.350720e+001
1.733238e+003,2.350605e+001
1.733720e+003,2.351050e+001
1.734202e+003,2.351801e+001
1.734684e+003,2.352483e+001
1.735166e+003,2.352764e+001
1.735648e+003,2.352478e+001
1.736131e+003,2.351635e+001
1.736613e+003,2.350353e+001
1.737095e+003,2.348789e+001
1.737577e+003,2.347094e+001
1.738059e+003,2.345391e+001
1.738541e+003,2.343758e+001
1.739023e+003,2.342228e+001
1.739505e+003,2.340784e+001
1.739988e+003,2.339384e+001
1.740470e+003,2.337980e+001
1.740952e+003,2.336554e+001
1.741434e+003,2.335117e+001
1.741916e+003,2.333708e+001
1.742398e+003,2.332364e+001
1.742880e+003,2.331101e+001
1.743362e+003,2.329903e+001
1.743844e+003,2.328721e+001
1.744327e+003,2.327491e+001
1.744809e+003,2.326153e+001
1.745291e+003,2.324674e+001
1.745773e+003,2.323053e+001
1.746255e+003,2.321325e+001
1.746737e+003,2.319552e+001
1.747219e+003,2.317811e+001
1.747702e+003,2.316188e+001
1.748184e+003,2.314772e+001
1.748666e+003,2.313648e+001
1.749148e+003,2.312888e+001
1.749630e+003,2.312528e+001
1.750112e+003,2.312549e+001
1.750594e+003,2.312856e+001
1.751076e+003,2.313289e+001
1.751559e+003,2.313654e+001
1.752041e+003,2.313780e+001
1.752523e+003,2.313562e+001
1.753005e+003,2.312972e+001
1.753487e+003,2.312059e+001
1.753969e+003,2.310912e+001
1.754451e+003,2.309650e+001
1.754933e+003,2.308382e+001
1.755416e+003,2.307203e+001
1.755898e+003,2.306167e+001
1.756380e+003,2.305279e+001
1.756862e+003,2.304499e+001
1.757344e+003,2.303755e+001
1.757826e+003,2.302973e+001
1.758308e+003,2.302097e+001
1.758791e+003,2.301110e+001
1.759272e+003,2.300031e+001
1.759755e+003,2.298914e+001
1.760237e+003,2.297830e+001
1.760719e+003,2.296849e+001
1.761201e+003,2.296017e+001
1.761683e+003,2.295334e+001
1.762165e+003,2.294752e+001
1.762647e+003,2.294177e+001
1.763130e+003,2.293518e+001
1.763612e+003,2.292706e+001
1.764094e+003,2.291722e+001
1.764576e+003,2.290594e+001
1.765058e+003,2.289381e+001
1.765540e+003,2.288156e+001
1.766022e+003,2.286985e+001
1.766504e+003,2.285905e+001
1.766987e+003,2.284912e+001
1.767469e+003,2.283965e+001
1.767951e+003,2.282996e+001
1.768433e+003,2.281943e+001
1.768915e+003,2.280776e+001
1.769397e+003,2.279515e+001
1.769879e+003,2.278234e+001
1.770361e+003,2.277048e+001
1.770844e+003,2.276083e+001
1.771326e+003,2.275439e+001
1.771808e+003,2.275150e+001
1.772290e+003,2.275159e+001
1.772772e+003,2.275325e+001
1.773254e+003,2.275481e+001
1.773736e+003,2.275488e+001
1.774219e+003,2.275271e+001
1.774700e+003,2.274817e+001
1.775183e+003,2.274158e+001
1.775665e+003,2.273351e+001
1.776147e+003,2.272454e+001
1.776629e+003,2.271526e+001
1.777111e+003,2.270616e+001
1.777593e+003,2.269768e+001
1.778075e+003,2.269014e+001
1.778558e+003,2.268370e+001
1.779040e+003,2.267830e+001
1.779522e+003,2.267368e+001
1.780004e+003,2.266928e+001
1.780486e+003,2.266446e+001
1.780968e+003,2.265857e+001
1.781450e+003,2.265121e+001
1.781932e+003,2.264237e+001
1.782415e+003,2.263245e+001
1.782897e+003,2.262222e+001
1.783379e+003,2.261261e+001
1.783861e+003,2.260447e+001
1.784343e+003,2.259832e+001
1.784825e+003,2.259413e+001
1.785307e+003,2.259129e+001
1.785789e+003,2.258869e+001
1.786271e+003,2.258505e+001
1.786754e+003,2.257921e+001
1.787236e+003,2.257046e+001
1.787718e+003,2.255860e+001
1.788200e+003,2.254403e+001
1.788682e+003,2.252752e+001
1.789164e+003,2.251023e+001
1.789646e+003,2.249350e+001
1.790128e+003,2.247871e+001
1.790611e+003,2.246709e+001
1.791093e+003,2.245945e+001
1.791575e+003,2.245578e+001
1.792057e+003,2.245520e+001
1.792539e+003,2.245609e+001
1.793021e+003,2.245651e+001
1.793503e+003,2.245490e+001
1.793986e+003,2.245039e+001
1.794468e+003,2.244286e+001
1.794950e+003,2.243281e+001
1.795432e+003,2.242098e+001
1.795914e+003,2.240820e+001
1.796396e+003,2.239515e+001
1.796878e+003,2.238229e+001
1.797360e+003,2.236989e+001
1.797843e+003,2.235806e+001
1.798325e+003,2.234686e+001
1.798807e+003,2.233640e+001
1.799289e+003,2.232685e+001
1.799771e+003,2.231849e+001
1.800253e+003,2.231151e+001
1.800735e+003,2.230596e+001
1.801217e+003,2.230165e+001
1.801699e+003,2.229814e+001
1.802182e+003,2.229486e+001
1.802664e+003,2.229115e+001
1.803146e+003,2.228650e+001
1.803628e+003,2.228045e+001
1.804110e+003,2.227275e+001
1.804592e+003,2.226325e+001
1.805074e+003,2.225196e+001
1.805556e+003,2.223898e+001
1.806039e+003,2.222459e+001
1.806521e+003,2.220917e+001
1.807003e+003,2.219321e+001
1.807485e+003,2.217723e+001
1.807967e+003,2.216173e+001
1.808449e+003,2.214713e+001
1.808931e+003,2.213371e+001
1.809414e+003,2.212163e+001
1.809896e+003,2.211089e+001
1.810378e+003,2.210133e+001
1.810860e+003,2.209272e+001
1.811342e+003,2.208474e+001
1.811824e+003,2.207701e+001
1.812306e+003,2.206916e+001
1.812788e+003,2.206093e+001
1.813271e+003,2.205214e+001
1.813753e+003,2.204277e+001
1.814235e+003,2.203290e+001
1.814717e+003,2.202265e+001
1.815199e+003,2.201210e+001
1.815681e+003,2.200125e+001
1.816163e+003,2.198994e+001
1.816645e+003,2.197794e+001
1.817127e+003,2.196502e+001
1.817610e+003,2.195104e+001
1.818092e+003,2.193604e+001
1.818574e+003,2.192018e+001
1.819056e+003,2.190370e+001
1.819538e+003,2.188683e+001
1.820020e+003,2.186964e+001
1.820502e+003,2.185214e+001
1.820984e+003,2.183422e+001
1.821467e+003,2.181590e+001
1.821949e+003,2.179736e+001
1.822431e+003,2.177895e+001
1.822913e+003,2.176120e+001
1.823395e+003,2.174460e+001
1.823877e+003,2.172943e+001
1.824359e+003,2.171556e+001
1.824842e+003,2.170241e+001
1.825323e+003,2.168910e+001
1.825806e+003,2.167478e+001
1.826288e+003,2.165896e+001
1.826770e+003,2.164165e+001
1.827252e+003,2.162340e+001
1.827734e+003,2.160509e+001
1.828216e+003,2.158778e+001
1.828698e+003,2.157232e+001
1.829181e+003,2.155913e+001
1.829663e+003,2.154798e+001
1.830145e+003,2.153798e+001
1.830627e+003,2.152793e+001
1.831109e+003,2.151663e+001
1.831591e+003,2.150337e+001
1.832073e+003,2.148795e+001
1.832555e+003,2.147072e+001
1.833038e+003,2.145234e+001
1.833520e+003,2.143360e+001
1.834002e+003,2.141521e+001
1.834484e+003,2.139768e+001
1.834966e+003,2.138118e+001
1.835448e+003,2.136555e+001
1.835930e+003,2.135033e+001
1.836412e+003,2.133490e+001
1.836895e+003,2.131862e+001
1.837377e+003,2.130101e+001
1.837859e+003,2.128178e+001
1.838341e+003,2.126084e+001
1.838823e+003,2.123827e+001
1.839305e+003,2.121422e+001
1.839787e+003,2.118894e+001
1.840270e+003,2.116271e+001
1.840751e+003,2.113596e+001
1.841234e+003,2.110925e+001
1.841716e+003,2.108331e+001
1.842198e+003,2.105894e+001
1.842680e+003,2.103685e+001
1.843162e+003,2.101741e+001
1.843644e+003,2.100037e+001
1.844126e+003,2.098493e+001
1.844609e+003,2.096985e+001
1.845091e+003,2.095399e+001
1.845573e+003,2.093663e+001
1.846055e+003,2.091772e+001
1.846537e+003,2.089763e+001
1.847019e+003,2.087699e+001
1.847501e+003,2.085637e+001
1.847983e+003,2.083609e+001
1.848466e+003,2.081619e+001
1.848948e+003,2.079647e+001
1.849430e+003,2.077657e+001
1.849912e+003,2.075615e+001
1.850394e+003,2.073499e+001
1.850876e+003,2.071303e+001
1.851358e+003,2.069043e+001
1.851840e+003,2.066741e+001
1.852323e+003,2.064427e+001
1.852805e+003,2.062128e+001
1.853287e+003,2.059857e+001
1.853769e+003,2.057619e+001
1.854251e+003,2.055404e+001
1.854733e+003,2.053194e+001
1.855215e+003,2.050967e+001
1.855698e+003,2.048708e+001
1.856179e+003,2.046408e+001
1.856662e+003,2.044072e+001
1.857144e+003,2.041716e+001
1.857626e+003,2.039359e+001
1.858108e+003,2.037015e+001
1.858590e+003,2.034686e+001
1.859072e+003,2.032362e+001
1.859554e+003,2.030019e+001
1.860037e+003,2.027626e+001
1.860519e+003,2.025160e+001
1.861001e+003,2.022607e+001
1.861483e+003,2.019971e+001
1.861965e+003,2.017263e+001
1.862447e+003,2.014505e+001
1.862929e+003,2.011716e+001
1.863411e+003,2.008916e+001
1.863894e+003,2.006115e+001
1.864376e+003,2.003325e+001
1.864858e+003,2.000561e+001
1.865340e+003,1.997834e+001
1.865822e+003,1.995165e+001
1.866304e+003,1.992570e+001
1.866786e+003,1.990069e+001
1.867268e+003,1.987675e+001
1.867750e+003,1.985395e+001
1.868233e+003,1.983228e+001
1.868715e+003,1.981159e+001
1.869197e+003,1.979165e+001
1.869679e+003,1.977210e+001
1.870161e+003,1.975256e+001
1.870643e+003,1.973263e+001
1.871125e+003,1.971196e+001
1.871608e+003,1.969034e+001
1.872090e+003,1.966765e+001
1.872572e+003,1.964387e+001
1.873054e+003,1.961912e+001
1.873536e+003,1.959353e+001
1.874018e+003,1.956732e+001
1.874500e+003,1.954066e+001
1.874982e+003,1.951372e+001
1.875465e+003,1.948663e+001
1.875947e+003,1.945952e+001
1.876429e+003,1.943248e+001
1.876911e+003,1.940559e+001
1.877393e+003,1.937893e+001
1.877875e+003,1.935249e+001
1.878357e+003,1.932628e+001
1.878839e+003,1.930029e+001
1.879322e+003,1.927451e+001
1.879804e+003,1.924897e+001
1.880286e+003,1.922371e+001
1.880768e+003,1.919875e+001
1.881250e+003,1.917408e+001
1.881732e+003,1.914962e+001
1.882214e+003,1.912525e+001
1.882697e+003,1.910077e+001
1.883178e+003,1.907607e+001
1.883661e+003,1.905111e+001
1.884143e+003,1.902589e+001
1.884625e+003,1.900052e+001
1.885107e+003,1.897507e+001
1.885589e+003,1.894961e+001
1.886071e+003,1.892414e+001
1.886553e+003,1.889860e+001
1.887036e+003,1.887294e+001
1.887518e+003,1.884713e+001
1.888000e+003,1.882123e+001
1.888482e+003,1.879534e+001
1.888964e+003,1.876957e+001
1.889446e+003,1.874403e+001
1.889928e+003,1.871879e+001
1.890410e+003,1.869386e+001
1.890893e+003,1.866930e+001
1.891375e+003,1.864518e+001
1.891857e+003,1.862158e+001
1.892339e+003,1.859855e+001
1.892821e+003,1.857604e+001
1.893303e+003,1.855383e+001
1.893785e+003,1.853156e+001
1.894267e+003,1.850879e+001
1.894750e+003,1.848514e+001
1.895232e+003,1.846038e+001
1.895714e+003,1.843459e+001
1.896196e+003,1.840805e+001
1.896678e+003,1.838120e+001
1.897160e+003,1.835444e+001
1.897642e+003,1.832806e+001
1.898125e+003,1.830211e+001
1.898606e+003,1.827652e+001
1.899089e+003,1.825112e+001
1.899571e+003,1.822571e+001
1.900053e+003,1.820022e+001
1.900535e+003,1.817459e+001
1.901017e+003,1.814886e+001
1.901499e+003,1.812303e+001
1.901981e+003,1.809710e+001
1.902464e+003,1.807104e+001
1.902946e+003,1.804485e+001
1.903428e+003,1.801852e+001
1.903910e+003,1.799215e+001
1.904392e+003,1.796583e+001
1.904874e+003,1.793973e+001
1.905356e+003,1.791398e+001
1.905838e+003,1.788871e+001
1.906321e+003,1.786402e+001
1.906803e+003,1.783999e+001
1.907285e+003,1.781668e+001
1.907767e+003,1.779409e+001
1.908249e+003,1.777215e+001
1.908731e+003,1.775073e+001
1.909213e+003,1.772965e+001
1.909695e+003,1.770874e+001
1.910177e+003,1.768789e+001
1.910660e+003,1.766709e+001
1.911142e+003,1.764636e+001
1.911624e+003,1.762576e+001
1.912106e+003,1.760521e+001
1.912588e+003,1.758451e+001
1.913070e+003,1.756327e+001
1.913552e+003,1.754108e+001
1.914034e+003,1.751754e+001
1.914517e+003,1.749247e+001
1.914999e+003,1.746589e+001
1.915481e+003,1.743810e+001
1.915963e+003,1.740954e+001
1.916445e+003,1.738070e+001
1.916927e+003,1.735201e+001
1.917409e+003,1.732378e+001
1.917892e+003,1.729612e+001
1.918374e+003,1.726905e+001
1.918856e+003,1.724254e+001
1.919338e+003,1.721658e+001
1.919820e+003,1.719115e+001
1.920302e+003,1.716627e+001
1.920784e+003,1.714190e+001
1.921266e+003,1.711796e+001
1.921749e+003,1.709435e+001
1.922231e+003,1.707099e+001
1.922713e+003,1.704781e+001
1.923195e+003,1.702480e+001
1.923677e+003,1.700194e+001
1.924159e+003,1.697920e+001
1.924641e+003,1.695648e+001
1.925123e+003,1.693363e+001
1.925605e+003,1.691047e+001
1.926088e+003,1.688684e+001
1.926570e+003,1.686270e+001
1.927052e+003,1.683809e+001
1.927534e+003,1.681316e+001
1.928016e+003,1.678810e+001
1.928498e+003,1.676312e+001
1.928980e+003,1.673837e+001
1.929462e+003,1.671398e+001
1.929945e+003,1.669001e+001
1.930427e+003,1.666647e+001
1.930909e+003,1.664335e+001
1.931391e+003,1.662057e+001
1.931873e+003,1.659803e+001
1.932355e+003,1.657561e+001
1.932837e+003,1.655317e+001
1.933320e+003,1.653064e+001
1.933802e+003,1.650802e+001
1.934284e+003,1.648539e+001
1.934766e+003,1.646280e+001
1.935248e+003,1.644033e+001
1.935730e+003,1.641787e+001
1.936212e+003,1.639524e+001
1.936694e+003,1.637213e+001
1.937177e+003,1.634821e+001
1.937659e+003,1.632320e+001
1.938141e+003,1.629698e+001
1.938623e+003,1.626957e+001
1.939105e+003,1.624115e+001
1.939587e+003,1.621197e+001
1.940069e+003,1.618236e+001
1.940551e+003,1.615265e+001
1.941033e+003,1.612319e+001
1.941516e+003,1.609435e+001
1.941998e+003,1.606644e+001
1.942480e+003,1.603968e+001
1.942962e+003,1.601409e+001
1.943444e+003,1.598951e+001
1.943926e+003,1.596559e+001
1.944408e+003,1.594190e+001
1.944890e+003,1.591807e+001
1.945373e+003,1.589383e+001
1.945855e+003,1.586911e+001
1.946337e+003,1.584392e+001
1.946819e+003,1.581835e+001
1.947301e+003,1.579246e+001
1.947783e+003,1.576623e+001
1.948265e+003,1.573959e+001
1.948748e+003,1.571247e+001
1.949229e+003,1.568489e+001
1.949712e+003,1.565698e+001
1.950194e+003,1.562900e+001
1.950676e+003,1.560127e+001
1.951158e+003,1.557404e+001
1.951640e+003,1.554748e+001
1.952122e+003,1.552162e+001
1.952604e+003,1.549633e+001
1.953087e+003,1.547145e+001
1.953569e+003,1.544680e+001
1.954051e+003,1.542222e+001
1.954533e+003,1.539761e+001
1.955015e+003,1.537283e+001
1.955497e+003,1.534775e+001
1.955979e+003,1.532222e+001
1.956461e+003,1.529612e+001
1.956944e+003,1.526942e+001
1.957426e+003,1.524215e+001
1.957908e+003,1.521444e+001
1.958390e+003,1.518643e+001
1.958872e+003,1.515823e+001
1.959354e+003,1.512990e+001
1.959836e+003,1.510143e+001
1.960318e+003,1.507277e+001
1.960801e+003,1.504391e+001
1.961283e+003,1.501487e+001
1.961765e+003,1.498569e+001
1.962247e+003,1.495638e+001
1.962729e+003,1.492693e+001
1.963211e+003,1.489721e+001
1.963693e+003,1.486712e+001
1.964176e+003,1.483657e+001
1.964657e+003,1.480562e+001
1.965140e+003,1.477451e+001
1.965622e+003,1.474361e+001
1.966104e+003,1.471331e+001
1.966586e+003,1.468389e+001
1.967068e+003,1.465541e+001
1.967550e+003,1.462767e+001
1.968032e+003,1.460028e+001
1.968515e+003,1.457282e+001
1.968997e+003,1.454495e+001
1.969479e+003,1.451653e+001
1.969961e+003,1.448756e+001
1.970443e+003,1.445816e+001
1.970925e+003,1.442847e+001
1.971407e+003,1.439859e+001
1.971889e+003,1.436852e+001
1.972372e+003,1.433821e+001
1.972854e+003,1.430761e+001
1.973336e+003,1.427671e+001
1.973818e+003,1.424554e+001
1.974300e+003,1.421420e+001
1.974782e+003,1.418281e+001
1.975264e+003,1.415151e+001
1.975746e+003,1.412044e+001
1.976229e+003,1.408973e+001
1.976711e+003,1.405948e+001
1.977193e+003,1.402973e+001
1.977675e+003,1.400044e+001
1.978157e+003,1.397146e+001
1.978639e+003,1.394251e+001
1.979121e+003,1.391327e+001
1.979604e+003,1.388340e+001
1.980085e+003,1.385261e+001
1.980568e+003,1.382071e+001
1.981050e+003,1.378760e+001
1.981532e+003,1.375327e+001
1.982014e+003,1.371774e+001
1.982496e+003,1.368110e+001
1.982978e+003,1.364352e+001
1.983460e+003,1.360522e+001
1.983943e+003,1.356657e+001
1.984425e+003,1.352797e+001
1.984907e+003,1.348985e+001
1.985389e+003,1.345253e+001
1.985871e+003,1.341613e+001
1.986353e+003,1.338056e+001
1.986835e+003,1.334551e+001
1.987317e+003,1.331064e+001
1.987800e+003,1.327563e+001
1.988282e+003,1.324034e+001
1.988764e+003,1.320479e+001
1.989246e+003,1.316915e+001
1.989728e+003,1.313366e+001
1.990210e+003,1.309847e+001
1.990692e+003,1.306365e+001
1.991174e+003,1.302909e+001
1.991656e+003,1.299468e+001
1.992139e+003,1.296021e+001
1.992621e+003,1.292555e+001
1.993103e+003,1.289062e+001
1.993585e+003,1.285540e+001
1.994067e+003,1.281989e+001
1.994549e+003,1.278418e+001
1.995031e+003,1.274833e+001
1.995514e+003,1.271245e+001
1.995996e+003,1.267661e+001
1.996478e+003,1.264085e+001
1.996960e+003,1.260510e+001
1.997442e+003,1.256919e+001
1.997924e+003,1.253289e+001
1.998406e+003,1.249599e+001
1.998888e+003,1.245841e+001
1.999371e+003,1.242026e+001
1.999853e+003,1.238184e+001
2.000335e+003,1.234360e+001
2.000817e+003,1.230595e+001
2.001299e+003,1.226914e+001
2.001781e+003,1.223320e+001
2.002263e+003,1.219789e+001
2.002745e+003,1.216284e+001
2.003228e+003,1.212764e+001
2.003710e+003,1.209198e+001
2.004192e+003,1.205570e+001
2.004674e+003,1.201874e+001
2.005156e+003,1.198112e+001
2.005638e+003,1.194291e+001
2.006120e+003,1.190409e+001
2.006603e+003,1.186469e+001
2.007084e+003,1.182478e+001
2.007567e+003,1.178448e+001
2.008049e+003,1.174399e+001
2.008531e+003,1.170353e+001
2.009013e+003,1.166325e+001
2.009495e+003,1.162323e+001
2.009977e+003,1.158343e+001
2.010459e+003,1.154375e+001
2.010942e+003,1.150409e+001
2.011424e+003,1.146441e+001
2.011906e+003,1.142472e+001
2.012388e+003,1.138509e+001
2.012870e+003,1.134557e+001
2.013352e+003,1.130619e+001
2.013834e+003,1.126693e+001
2.014316e+003,1.122773e+001
2.014799e+003,1.118856e+001
2.015281e+003,1.114942e+001
2.015763e+003,1.111033e+001
2.016245e+003,1.107122e+001
2.016727e+003,1.103199e+001
2.017209e+003,1.099243e+001
2.017691e+003,1.095229e+001
2.018173e+003,1.091144e+001
2.018656e+003,1.086989e+001
2.019138e+003,1.082784e+001
2.019620e+003,1.078570e+001
2.020102e+003,1.074387e+001
2.020584e+003,1.070268e+001
2.021066e+003,1.066226e+001
2.021548e+003,1.062253e+001
2.022031e+003,1.058321e+001
2.022512e+003,1.054401e+001
2.022995e+003,1.050461e+001
2.023477e+003,1.046487e+001
2.023959e+003,1.042473e+001
2.024441e+003,1.038421e+001
2.024923e+003,1.034337e+001
2.025405e+003,1.030230e+001
2.025887e+003,1.026108e+001
2.026370e+003,1.021983e+001
2.026852e+003,1.017872e+001
2.027334e+003,1.013790e+001
2.027816e+003,1.009747e+001
2.028298e+003,1.005743e+001
2.028780e+003,1.001763e+001
2.029262e+003,9.977826e+000
2.029744e+003,9.937761e+000
2.030227e+003,9.897243e+000
2.030709e+003,9.856215e+000
2.031191e+003,9.814761e+000
2.031673e+003,9.773035e+000
2.032155e+003,9.731181e+000
2.032637e+003,9.689275e+000
2.033119e+003,9.647303e+000
2.033601e+003,9.605219e+000
2.034083e+003,9.563001e+000
2.034566e+003,9.520710e+000
2.035048e+003,9.478495e+000
2.035530e+003,9.436533e+000
2.036012e+003,9.394962e+000
2.036494e+003,9.353832e+000
2.036976e+003,9.313089e+000
2.037458e+003,9.272628e+000
2.037940e+003,9.232376e+000
2.038423e+003,9.192339e+000
2.038905e+003,9.152624e+000
2.039387e+003,9.113381e+000
2.039869e+003,9.074739e+000
2.040351e+003,9.036736e+000
2.040833e+003,8.999310e+000
2.041315e+003,8.962323e+000
2.041798e+003,8.925622e+000
2.042280e+003,8.889086e+000
2.042762e+003,8.852630e+000
2.043244e+003,8.816156e+000
2.043726e+003,8.779498e+000
2.044208e+003,8.742405e+000
2.044690e+003,8.704557e+000
2.045172e+003,8.665659e+000
2.045655e+003,8.625538e+000
2.046137e+003,8.584226e+000
2.046619e+003,8.541981e+000
2.047101e+003,8.499211e+000
2.047583e+003,8.456388e+000
2.048065e+003,8.413927e+000
2.048547e+003,8.372140e+000
2.049029e+003,8.331204e+000
2.049511e+003,8.291214e+000
2.049994e+003,8.252194e+000
2.050476e+003,8.214135e+000
2.050958e+003,8.176955e+000
2.051440e+003,8.140482e+000
2.051922e+003,8.104442e+000
2.052404e+003,8.068499e+000
2.052886e+003,8.032321e+000
2.053368e+003,7.995691e+000
2.053851e+003,7.958551e+000
2.054333e+003,7.921010e+000
2.054815e+003,7.883281e+000
2.055297e+003,7.845578e+000
2.055779e+003,7.808039e+000
2.056261e+003,7.770676e+000
2.056743e+003,7.733406e+000
2.057226e+003,7.696113e+000
2.057708e+003,7.658711e+000
2.058190e+003,7.621193e+000
2.058672e+003,7.583621e+000
2.059154e+003,7.546091e+000
2.059636e+003,7.508689e+000
2.060118e+003,7.471462e+000
2.060600e+003,7.434427e+000
2.061083e+003,7.397573e+000
2.061565e+003,7.360876e+000
2.062047e+003,7.324306e+000
2.062529e+003,7.287787e+000
2.063011e+003,7.251199e+000
2.063493e+003,7.214392e+000
2.063975e+003,7.177252e+000
2.064457e+003,7.139763e+000
2.064939e+003,7.102058e+000
2.065422e+003,7.064433e+000
2.065904e+003,7.027274e+000
2.066386e+003,6.990942e+000
2.066868e+003,6.955664e+000
2.067350e+003,6.921461e+000
2.067832e+003,6.888174e+000
2.068314e+003,6.855524e+000
2.068796e+003,6.823230e+000
2.069279e+003,6.791075e+000
2.069761e+003,6.758939e+000
2.070243e+003,6.726767e+000
2.070725e+003,6.694515e+000
2.071207e+003,6.662118e+000
2.071689e+003,6.629504e+000
2.072171e+003,6.596629e+000
2.072654e+003,6.563543e+000
2.073135e+003,6.530420e+000
2.073618e+003,6.497535e+000
2.074100e+003,6.465183e+000
2.074582e+003,6.433591e+000
2.075064e+003,6.402867e+000
2.075546e+003,6.372980e+000
2.076028e+003,6.343801e+000
2.076510e+003,6.315168e+000
2.076993e+003,6.286908e+000
2.077475e+003,6.258849e+000
2.077957e+003,6.230776e+000
2.078439e+003,6.202402e+000
2.078921e+003,6.173392e+000
2.079403e+003,6.143431e+000
2.079885e+003,6.112338e+000
2.080367e+003,6.080162e+000
2.080850e+003,6.047222e+000
2.081332e+003,6.014029e+000
2.081814e+003,5.981153e+000
2.082296e+003,5.949061e+000
2.082778e+003,5.917988e+000
2.083260e+003,5.887919e+000
2.083742e+003,5.858647e+000
2.084224e+003,5.829890e+000
2.084707e+003,5.801403e+000
2.085189e+003,5.773034e+000
2.085671e+003,5.744704e+000
2.086153e+003,5.716366e+000
2.086635e+003,5.687962e+000
2.087117e+003,5.659450e+000
2.087599e+003,5.630836e+000
2.088082e+003,5.602249e+000
2.088563e+003,5.573968e+000
2.089046e+003,5.546360e+000
2.089528e+003,5.519763e+000
2.090010e+003,5.494338e+000
2.090492e+003,5.469982e+000
2.090974e+003,5.446321e+000
2.091456e+003,5.422821e+000
2.091938e+003,5.398956e+000
2.092421e+003,5.374382e+000
2.092903e+003,5.349023e+000
2.093385e+003,5.323066e+000
2.093867e+003,5.296871e+000
2.094349e+003,5.270840e+000
2.094831e+003,5.245316e+000
2.095313e+003,5.220510e+000
2.095795e+003,5.196507e+000
2.096278e+003,5.173283e+000
2.096760e+003,5.150731e+000
2.097242e+003,5.128674e+000
2.097724e+003,5.106882e+000
2.098206e+003,5.085086e+000
2.098688e+003,5.063040e+000
2.099170e+003,5.040573e+000
2.099652e+003,5.017652e+000
2.100135e+003,4.994395e+000
2.100617e+003,4.971018e+000
2.101099e+003,4.947745e+000
2.101581e+003,4.924718e+000
2.102063e+003,4.901945e+000
2.102545e+003,4.879331e+000
2.103027e+003,4.856756e+000
2.103510e+003,4.834188e+000
2.103991e+003,4.811746e+000
2.104474e+003,4.789678e+000
2.104956e+003,4.768269e+000
2.105438e+003,4.747719e+000
2.105920e+003,4.728044e+000
2.106402e+003,4.709049e+000
2.106884e+003,4.690415e+000
2.107366e+003,4.671817e+000
2.107849e+003,4.653051e+000
2.108331e+003,4.634108e+000
2.108813e+003,4.615142e+000
2.109295e+003,4.596401e+000
2.109777e+003,4.578115e+000
2.110259e+003,4.560429e+000
2.110741e+003,4.543374e+000
2.111223e+003,4.526890e+000
2.111706e+003,4.510884e+000
2.112188e+003,4.495225e+000
2.112670e+003,4.479771e+000
2.113152e+003,4.464344e+000
2.113634e+003,4.448732e+000
2.114116e+003,4.432727e+000
2.114598e+003,4.416187e+000
2.115080e+003,4.399117e+000
2.115563e+003,4.381678e+000
2.116045e+003,4.364180e+000
2.116527e+003,4.346969e+000
2.117009e+003,4.330317e+000
2.117491e+003,4.314338e+000
2.117973e+003,4.298973e+000
2.118455e+003,4.284041e+000
2.118938e+003,4.269354e+000
2.119420e+003,4.254810e+000
2.119902e+003,4.240439e+000
2.120384e+003,4.226364e+000
2.120866e+003,4.212725e+000
2.121348e+003,4.199590e+000
2.121830e+003,4.186895e+000
2.122312e+003,4.174457e+000
2.122794e+003,4.162030e+000
2.123277e+003,4.149388e+000
2.123759e+003,4.136384e+000
2.124241e+003,4.122966e+000
2.124723e+003,4.109172e+000
2.125205e+003,4.095090e+000
2.125687e+003,4.080842e+000
2.126169e+003,4.066573e+000
2.126651e+003,4.052452e+000
2.127134e+003,4.038661e+000
2.127616e+003,4.025359e+000
2.128098e+003,4.012631e+000
2.128580e+003,4.000463e+000
2.129062e+003,3.988724e+000
2.129544e+003,3.977218e+000
2.130026e+003,3.965767e+000
2.130509e+003,3.954299e+000
2.130990e+003,3.942881e+000
2.131473e+003,3.931715e+000
2.131955e+003,3.921045e+000
2.132437e+003,3.911072e+000
2.132919e+003,3.901885e+000
2.133401e+003,3.893446e+000
2.133883e+003,3.885638e+000
2.134365e+003,3.878325e+000
2.134848e+003,3.871415e+000
2.135330e+003,3.864859e+000
2.135812e+003,3.858609e+000
2.136294e+003,3.852563e+000
2.136776e+003,3.846543e+000
2.137258e+003,3.840331e+000
2.137740e+003,3.833742e+000
2.138222e+003,3.826726e+000
2.138705e+003,3.819421e+000
2.139187e+003,3.812135e+000
2.139669e+003,3.805237e+000
2.140151e+003,3.799036e+000
2.140633e+003,3.793656e+000
2.141115e+003,3.789007e+000
2.141597e+003,3.784825e+000
2.142079e+003,3.780789e+000
2.142562e+003,3.776638e+000
2.143044e+003,3.772256e+000
2.143526e+003,3.767680e+000
2.144008e+003,3.763062e+000
2.144490e+003,3.758589e+000
2.144972e+003,3.754435e+000
2.145454e+003,3.750719e+000
2.145937e+003,3.747517e+000
2.146418e+003,3.744858e+000
2.146901e+003,3.742728e+000
2.147383e+003,3.741045e+000
2.147865e+003,3.739640e+000
2.148347e+003,3.738274e+000
2.148829e+003,3.736688e+000
2.149311e+003,3.734678e+000
2.149793e+003,3.732184e+000
2.150276e+003,3.729329e+000
2.150758e+003,3.726386e+000
2.151240e+003,3.723696e+000
2.151722e+003,3.721559e+000
2.152204e+003,3.720159e+000
2.152686e+003,3.719539e+000
2.153168e+003,3.719657e+000
2.153650e+003,3.720460e+000
2.154133e+003,3.721948e+000
2.154615e+003,3.724192e+000
2.155097e+003,3.727263e+000
2.155579e+003,3.731166e+000
2.156061e+003,3.735747e+000
2.156543e+003,3.740702e+000
2.157025e+003,3.745629e+000
2.157507e+003,3.750145e+000
2.157990e+003,3.753993e+000
2.158472e+003,3.757121e+000
2.158954e+003,3.759668e+000
2.159436e+003,3.761913e+000
2.159918e+003,3.764182e+000
2.160400e+003,3.766776e+000
2.160882e+003,3.769927e+000
2.161365e+003,3.773796e+000
2.161846e+003,3.778471e+000
2.162329e+003,3.783978e+000
2.162811e+003,3.790257e+000
2.163293e+003,3.797156e+000
2.163775e+003,3.804443e+000
2.164257e+003,3.811862e+000
2.164739e+003,3.819196e+000
2.165221e+003,3.826347e+000
2.165704e+003,3.833384e+000
2.166186e+003,3.840494e+000
2.166668e+003,3.847903e+000
2.167150e+003,3.855765e+000
2.167632e+003,3.864075e+000
2.168114e+003,3.872661e+000
2.168596e+003,3.881238e+000
2.169078e+003,3.889521e+000
2.169561e+003,3.897335e+000
2.170043e+003,3.904675e+000
2.170525e+003,3.911697e+000
2.171007e+003,3.918658e+000
2.171489e+003,3.925818e+000
2.171971e+003,3.933388e+000
2.172453e+003,3.941486e+000
2.172935e+003,3.950155e+000
2.173417e+003,3.959388e+000
2.173900e+003,3.969145e+000
2.174382e+003,3.979354e+000
2.174864e+003,3.989912e+000
2.175346e+003,4.000671e+000
2.175828e+003,4.011482e+000
2.176310e+003,4.022223e+000
2.176792e+003,4.032859e+000
2.177274e+003,4.043448e+000
2.177757e+003,4.054119e+000
2.178239e+003,4.064991e+000
2.178721e+003,4.076092e+000
2.179203e+003,4.087306e+000
2.179685e+003,4.098384e+000
2.180167e+003,4.109006e+000
2.180649e+003,4.118886e+000
2.181132e+003,4.127880e+000
2.181614e+003,4.136009e+000
2.182096e+003,4.143467e+000
2.182578e+003,4.150539e+000
2.183060e+003,4.157533e+000
2.183542e+003,4.164729e+000
2.184024e+003,4.172353e+000
2.184506e+003,4.180590e+000
2.184989e+003,4.189600e+000
2.185471e+003,4.199502e+000
2.185953e+003,4.210339e+000
2.186435e+003,4.222031e+000
2.186917e+003,4.234359e+000
2.187399e+003,4.246981e+000
2.187881e+003,4.259502e+000
2.188363e+003,4.271573e+000
2.188845e+003,4.282959e+000
2.189328e+003,4.293580e+000
2.189810e+003,4.303472e+000
2.190292e+003,4.312737e+000
2.190774e+003,4.321473e+000
2.191256e+003,4.329735e+000
2.191738e+003,4.337547e+000
2.192220e+003,4.344955e+000
2.192702e+003,4.352067e+000
2.193185e+003,4.359076e+000
2.193667e+003,4.366233e+000
2.194149e+003,4.373796e+000
2.194631e+003,4.381961e+000
2.195113e+003,4.390818e+000
2.195595e+003,4.400338e+000
2.196077e+003,4.410397e+000
2.196560e+003,4.420804e+000
2.197042e+003,4.431333e+000
2.197524e+003,4.441728e+000
2.198006e+003,4.451736e+000
2.198488e+003,4.461123e+000
2.198970e+003,4.469715e+000
2.199452e+003,4.477459e+000
2.199934e+003,4.484449e+000
2.200417e+003,4.490932e+000
2.200899e+003,4.497237e+000
2.201381e+003,4.503694e+000
2.201863e+003,4.510519e+000
2.202345e+003,4.517757e+000
2.202827e+003,4.525279e+000
2.203309e+003,4.532835e+000
2.203791e+003,4.540149e+000
2.204273e+003,4.547007e+000
2.204756e+003,4.553281e+000
2.205238e+003,4.558922e+000
2.205720e+003,4.563915e+000
2.206202e+003,4.568231e+000
2.206684e+003,4.571820e+000
2.207166e+003,4.574644e+000
2.207648e+003,4.576732e+000
2.208130e+003,4.578218e+000
2.208613e+003,4.579351e+000
2.209095e+003,4.580439e+000
2.209577e+003,4.581772e+000
2.210059e+003,4.583551e+000
2.210541e+003,4.585859e+000
2.211023e+003,4.588655e+000
2.211505e+003,4.591849e+000
2.211988e+003,4.595336e+000
2.212469e+003,4.599031e+000
2.212952e+003,4.602862e+000
2.213434e+003,4.606733e+000
2.213916e+003,4.610494e+000
2.214398e+003,4.613951e+000
2.214880e+003,4.616895e+000
2.215362e+003,4.619172e+000
2.215844e+003,4.620735e+000
2.216327e+003,4.621668e+000
2.216809e+003,4.622155e+000
2.217291e+003,4.622433e+000
2.217773e+003,4.622720e+000
2.218255e+003,4.623191e+000
2.218737e+003,4.623958e+000
2.219219e+003,4.625107e+000
2.219701e+003,4.626709e+000
2.220184e+003,4.628823e+000
2.220666e+003,4.631469e+000
2.221148e+003,4.634596e+000
2.221630e+003,4.638052e+000
2.222112e+003,4.641598e+000
2.222594e+003,4.644958e+000
2.223076e+003,4.647892e+000
2.223558e+003,4.650251e+000
2.224041e+003,4.652019e+000
2.224523e+003,4.653276e+000
2.225005e+003,4.654154e+000
2.225487e+003,4.654778e+000
2.225969e+003,4.655244e+000
2.226451e+003,4.655608e+000
2.226933e+003,4.655918e+000
2.227416e+003,4.656258e+000
2.227897e+003,4.656748e+000
2.228380e+003,4.657526e+000
2.228862e+003,4.658706e+000
2.229344e+003,4.660348e+000
2.229826e+003,4.662424e+000
2.230308e+003,4.664841e+000
2.230790e+003,4.667474e+000
2.231272e+003,4.670206e+000
2.231755e+003,4.672962e+000
2.232237e+003,4.675696e+000
2.232719e+003,4.678401e+000
2.233201e+003,4.681072e+000
2.233683e+003,4.683700e+000
2.234165e+003,4.686262e+000
2.234647e+003,4.688709e+000
2.235129e+003,4.690961e+000
2.235612e+003,4.692875e+000
2.236094e+003,4.694255e+000
2.236576e+003,4.694858e+000
2.237058e+003,4.694469e+000
2.237540e+003,4.692985e+000
2.238022e+003,4.690504e+000
2.238504e+003,4.687379e+000
2.238986e+003,4.684171e+000
2.239469e+003,4.681535e+000
2.239951e+003,4.680039e+000
2.240433e+003,4.680003e+000
2.240915e+003,4.681408e+000
2.241397e+003,4.683918e+000
2.241879e+003,4.686990e+000
2.242361e+003,4.690053e+000
2.242844e+003,4.692677e+000
2.243326e+003,4.694649e+000
2.243808e+003,4.695970e+000
2.244290e+003,4.696773e+000
2.244772e+003,4.697219e+000
2.245254e+003,4.697417e+000
2.245736e+003,4.697395e+000
2.246218e+003,4.697128e+000
2.246700e+003,4.696583e+000
2.247183e+003,4.695762e+000
2.247665e+003,4.694694e+000
2.248147e+003,4.693424e+000
2.248629e+003,4.691987e+000
2.249111e+003,4.690396e+000
2.249593e+003,4.688676e+000
2.250075e+003,4.686893e+000
2.250557e+003,4.685186e+000
2.251040e+003,4.683763e+000
2.251522e+003,4.682845e+000
2.252004e+003,4.682608e+000
2.252486e+003,4.683107e+000
2.252968e+003,4.684268e+000
2.253450e+003,4.685905e+000
2.253932e+003,4.687779e+000
2.254415e+003,4.689650e+000
2.254896e+003,4.691314e+000
2.255379e+003,4.692606e+000
2.255861e+003,4.693374e+000
2.256343e+003,4.693470e+000
2.256825e+003,4.692786e+000
2.257307e+003,4.691288e+000
2.257789e+003,4.689090e+000
2.258271e+003,4.686488e+000
2.258754e+003,4.683939e+000
2.259236e+003,4.681958e+000
2.259718e+003,4.680997e+000
2.260200e+003,4.681329e+000
2.260682e+003,4.682962e+000
2.261164e+003,4.685665e+000
2.261646e+003,4.689028e+000
2.262128e+003,4.692594e+000
2.262611e+003,4.695951e+000
2.263093e+003,4.698813e+000
2.263575e+003,4.701027e+000
2.264057e+003,4.702584e+000
2.264539e+003,4.703574e+000
2.265021e+003,4.704181e+000
2.265503e+003,4.704657e+000
2.265985e+003,4.705307e+000
2.266468e+003,4.706437e+000
2.266950e+003,4.708297e+000
2.267432e+003,4.711020e+000
2.267914e+003,4.714570e+000
2.268396e+003,4.718748e+000
2.268878e+003,4.723229e+000
2.269360e+003,4.727635e+000
2.269843e+003,4.731595e+000
2.270324e+003,4.734810e+000
2.270807e+003,4.737051e+000
2.271289e+003,4.738155e+000
2.271771e+003,4.738025e+000
2.272253e+003,4.736631e+000
2.272735e+003,4.734052e+000
2.273217e+003,4.730510e+000
2.273699e+003,4.726391e+000
2.274182e+003,4.722225e+000
2.274664e+003,4.718591e+000
2.275146e+003,4.716042e+000
2.275628e+003,4.714982e+000
2.276110e+003,4.715631e+000
2.276592e+003,4.718005e+000
2.277074e+003,4.721961e+000
2.277556e+003,4.727248e+000
2.278039e+003,4.733553e+000
2.278521e+003,4.740518e+000
2.279003e+003,4.747747e+000
2.279485e+003,4.754808e+000
2.279967e+003,4.761263e+000
2.280449e+003,4.766716e+000
2.280931e+003,4.770883e+000
2.281413e+003,4.773629e+000
2.281896e+003,4.774997e+000
2.282378e+003,4.775169e+000
2.282860e+003,4.774422e+000
2.283342e+003,4.773063e+000
2.283824e+003,4.771390e+000
2.284306e+003,4.769684e+000
2.284788e+003,4.768208e+000
2.285271e+003,4.767202e+000
2.285752e+003,4.766884e+000
2.286235e+003,4.767387e+000
2.286717e+003,4.768734e+000
2.287199e+003,4.770801e+000
2.287681e+003,4.773343e+000
2.288163e+003,4.776039e+000
2.288645e+003,4.778567e+000
2.289127e+003,4.780681e+000
2.289610e+003,4.782225e+000
2.290092e+003,4.783144e+000
2.290574e+003,4.783442e+000
2.291056e+003,4.783168e+000
2.291538e+003,4.782398e+000
2.292020e+003,4.781266e+000
2.292502e+003,4.780000e+000
2.292984e+003,4.778921e+000
2.293467e+003,4.778424e+000
2.293949e+003,4.778884e+000
2.294431e+003,4.780574e+000
2.294913e+003,4.783572e+000
2.295395e+003,4.787751e+000
2.295877e+003,4.792803e+000
2.296359e+003,4.798330e+000
2.296841e+003,4.803930e+000
2.297323e+003,4.809261e+000
2.297806e+003,4.814054e+000
2.298288e+003,4.818102e+000
2.298770e+003,4.821234e+000
2.299252e+003,4.823313e+000
2.299734e+003,4.824260e+000
2.300216e+003,4.824115e+000
2.300698e+003,4.823055e+000
2.301180e+003,4.821389e+000
2.301663e+003,4.819497e+000
2.302145e+003,4.817724e+000
2.302627e+003,4.816317e+000
2.303109e+003,4.815359e+000
2.303591e+003,4.814814e+000
2.304073e+003,4.814578e+000
2.304555e+003,4.814583e+000
2.305038e+003,4.814835e+000
2.305520e+003,4.815407e+000
2.306002e+003,4.816376e+000
2.306484e+003,4.817745e+000
2.306966e+003,4.819377e+000
2.307448e+003,4.821000e+000
2.307930e+003,4.822250e+000
2.308412e+003,4.822796e+000
2.308895e+003,4.822432e+000
2.309377e+003,4.821140e+000
2.309859e+003,4.819100e+000
2.310341e+003,4.816661e+000
2.310823e+003,4.814251e+000
2.311305e+003,4.812293e+000
2.311787e+003,4.811121e+000
2.312269e+003,4.810915e+000
2.312751e+003,4.811652e+000
2.313234e+003,4.813081e+000
2.313716e+003,4.814769e+000
2.314198e+003,4.816164e+000
2.314680e+003,4.816737e+000
2.315162e+003,4.816129e+000
2.315644e+003,4.814265e+000
2.316126e+003,4.811391e+000
2.316608e+003,4.808026e+000
2.317091e+003,4.804812e+000
2.317573e+003,4.802334e+000
2.318055e+003,4.800957e+000
2.318537e+003,4.800768e+000
2.319019e+003,4.801588e+000
2.319501e+003,4.803080e+000
2.319983e+003,4.804907e+000
2.320466e+003,4.806810e+000
2.320948e+003,4.808616e+000
2.321430e+003,4.810190e+000
2.321912e+003,4.811357e+000
2.322394e+003,4.811873e+000
2.322876e+003,4.811451e+000
2.323358e+003,4.809871e+000
2.323840e+003,4.807067e+000
2.324323e+003,4.803155e+000
2.324805e+003,4.798343e+000
2.325287e+003,4.792804e+000
2.325769e+003,4.786549e+000
2.326251e+003,4.779366e+000
2.326733e+003,4.770903e+000
2.327215e+003,4.760859e+000
2.327697e+003,4.749215e+000
2.328179e+003,4.736390e+000
2.328662e+003,4.723268e+000
2.329144e+003,4.711075e+000
2.329626e+003,4.701108e+000
2.330108e+003,4.694425e+000
2.330590e+003,4.691611e+000
2.331072e+003,4.692656e+000
2.331554e+003,4.696987e+000
2.332036e+003,4.703649e+000
2.332519e+003,4.711488e+000
2.333001e+003,4.719395e+000
2.333483e+003,4.726460e+000
2.333965e+003,4.732134e+000
2.334447e+003,4.736269e+000
2.334929e+003,4.739118e+000
2.335411e+003,4.741262e+000
2.335894e+003,4.743411e+000
2.336375e+003,4.746171e+000
2.336858e+003,4.749863e+000
2.337340e+003,4.754402e+000
2.337822e+003,4.759366e+000
2.338304e+003,4.764158e+000
2.338786e+003,4.768261e+000
2.339268e+003,4.771424e+000
2.339750e+003,4.773733e+000
2.340233e+003,4.775494e+000
2.340715e+003,4.777061e+000
2.341197e+003,4.778649e+000
2.341679e+003,4.780236e+000
2.342161e+003,4.781611e+000
2.342643e+003,4.782516e+000
2.343125e+003,4.782768e+000
2.343607e+003,4.782336e+000
2.344090e+003,4.781245e+000
2.344572e+003,4.779469e+000
2.345054e+003,4.776821e+000
2.345536e+003,4.772962e+000
2.346018e+003,4.767543e+000
2.346500e+003,4.760367e+000
2.346982e+003,4.751476e+000
2.347464e+003,4.741170e+000
2.347947e+003,4.729917e+000
2.348429e+003,4.718243e+000
2.348911e+003,4.706665e+000
2.349393e+003,4.695665e+000
2.349875e+003,4.685665e+000
2.350357e+003,4.677063e+000
2.350839e+003,4.670246e+000
2.351322e+003,4.665510e+000
2.351803e+003,4.662948e+000
2.352286e+003,4.662290e+000
2.352768e+003,4.662776e+000
2.353250e+003,4.663138e+000
2.353732e+003,4.661789e+000
2.354214e+003,4.657183e+000
2.354696e+003,4.648239e+000
2.355178e+003,4.634704e+000
2.355661e+003,4.617289e+000
2.356143e+003,4.597601e+000
2.356625e+003,4.577809e+000
2.357107e+003,4.560187e+000
2.357589e+003,4.546613e+000
2.358071e+003,4.538210e+000
2.358553e+003,4.535119e+000
2.359035e+003,4.536502e+000
2.359518e+003,4.540739e+000
2.360000e+003,4.545794e+000
2.360482e+003,4.549718e+000
2.360964e+003,4.551142e+000
2.361446e+003,4.549634e+000
2.361928e+003,4.545859e+000
2.362410e+003,4.541286e+000
2.362892e+003,4.537720e+000
2.363375e+003,4.536624e+000
2.363857e+003,4.538576e+000
2.364339e+003,4.543077e+000
2.364821e+003,4.548741e+000
2.365303e+003,4.553789e+000
2.365785e+003,4.556725e+000
2.366267e+003,4.556842e+000
2.366750e+003,4.554387e+000
2.367232e+003,4.550374e+000
2.367714e+003,4.546170e+000
2.368196e+003,4.543056e+000
2.368678e+003,4.541842e+000
2.369160e+003,4.542753e+000
2.369642e+003,4.545523e+000
2.370124e+003,4.549581e+000
2.370606e+003,4.554252e+000
2.371089e+003,4.558892e+000
2.371571e+003,4.562971e+000
2.372053e+003,4.566084e+000
2.372535e+003,4.567984e+000
2.373017e+003,4.568572e+000
2.373499e+003,4.567957e+000
2.373981e+003,4.566424e+000
2.374463e+003,4.564400e+000
2.374946e+003,4.562347e+000
2.375428e+003,4.560691e+000
2.375910e+003,4.559711e+000
2.376392e+003,4.559535e+000
2.376874e+003,4.560149e+000
2.377356e+003,4.561455e+000
2.377838e+003,4.563295e+000
2.378321e+003,4.565494e+000
2.378802e+003,4.567824e+000
2.379285e+003,4.570024e+000
2.379767e+003,4.571782e+000
2.380249e+003,4.572799e+000
2.380731e+003,4.572824e+000
2.381213e+003,4.571732e+000
2.381695e+003,4.569551e+000
2.382177e+003,4.566457e+000
2.382660e+003,4.562699e+000
2.383142e+003,4.558548e+000
2.383624e+003,4.554230e+000
2.384106e+003,4.549907e+000
2.384588e+003,4.545683e+000
2.385070e+003,4.541656e+000
2.385552e+003,4.537942e+000
2.386034e+003,4.534688e+000
2.386517e+003,4.532017e+000
2.386999e+003,4.529983e+000
2.387481e+003,4.528519e+000
2.387963e+003,4.527424e+000
2.388445e+003,4.526398e+000
2.388927e+003,4.525125e+000
2.389409e+003,4.523363e+000
2.389891e+003,4.521013e+000
2.390374e+003,4.518124e+000
2.390856e+003,4.514875e+000
2.391338e+003,4.511510e+000
2.391820e+003,4.508267e+000
2.392302e+003,4.505339e+000
2.392784e+003,4.502854e+000
2.393266e+003,4.500875e+000
2.393749e+003,4.499406e+000
2.394230e+003,4.498381e+000
2.394713e+003,4.497656e+000
2.395195e+003,4.497005e+000
2.395677e+003,4.496153e+000
2.396159e+003,4.494826e+000
2.396641e+003,4.492831e+000
2.397123e+003,4.490123e+000
2.397605e+003,4.486834e+000
2.398088e+003,4.483248e+000
2.398570e+003,4.479722e+000
2.399052e+003,4.476589e+000
2.399534e+003,4.474063e+000
2.400016e+003,4.472200e+000
2.400498e+003,4.470890e+000
2.400980e+003,4.469917e+000
2.401462e+003,4.469035e+000
2.401945e+003,4.468024e+000
2.402427e+003,4.466755e+000
2.402909e+003,4.465194e+000
2.403391e+003,4.463406e+000
2.403873e+003,4.461533e+000
2.404355e+003,4.459768e+000
2.404837e+003,4.458311e+000
2.405319e+003,4.457340e+000
2.405802e+003,4.456945e+000
2.406284e+003,4.457119e+000
2.406766e+003,4.457719e+000
2.407248e+003,4.458493e+000
2.407730e+003,4.459126e+000
2.408212e+003,4.459309e+000
2.408694e+003,4.458795e+000
2.409177e+003,4.457459e+000
2.409658e+003,4.455297e+000
2.410141e+003,4.452407e+000
2.410623e+003,4.448962e+000
2.411105e+003,4.445169e+000
2.411587e+003,4.441235e+000
2.412069e+003,4.437357e+000
2.412551e+003,4.433722e+000
2.413033e+003,4.430484e+000
2.413516e+003,4.427763e+000
2.413998e+003,4.425617e+000
2.414480e+003,4.424058e+000
2.414962e+003,4.423052e+000
2.415444e+003,4.422550e+000
2.415926e+003,4.422522e+000
2.416408e+003,4.422973e+000
2.416890e+003,4.423935e+000
2.417373e+003,4.425426e+000
2.417855e+003,4.427412e+000
2.418337e+003,4.429770e+000
2.418819e+003,4.432292e+000
2.419301e+003,4.434724e+000
2.419783e+003,4.436808e+000
2.420265e+003,4.438362e+000
2.420747e+003,4.439303e+000
2.421229e+003,4.439644e+000
2.421712e+003,4.439466e+000
2.422194e+003,4.438863e+000
2.422676e+003,4.437917e+000
2.423158e+003,4.436680e+000
2.423640e+003,4.435206e+000
2.424122e+003,4.433577e+000
2.424604e+003,4.431926e+000
2.425086e+003,4.430437e+000
2.425569e+003,4.429302e+000
2.426051e+003,4.428677e+000
2.426533e+003,4.428619e+000
2.427015e+003,4.429060e+000
2.427497e+003,4.429813e+000
2.427979e+003,4.430617e+000
2.428461e+003,4.431195e+000
2.428944e+003,4.431330e+000
2.429426e+003,4.430932e+000
2.429908e+003,4.430082e+000
2.430390e+003,4.429029e+000
2.430872e+003,4.428151e+000
2.431354e+003,4.427876e+000
2.431836e+003,4.428579e+000
2.432318e+003,4.430469e+000
2.432801e+003,4.433507e+000
2.433283e+003,4.437386e+000
2.433765e+003,4.441582e+000
2.434247e+003,4.445474e+000
2.434729e+003,4.448492e+000
2.435211e+003,4.450264e+000
2.435693e+003,4.450707e+000
2.436175e+003,4.450023e+000
2.436657e+003,4.448627e+000
2.437140e+003,4.447021e+000
2.437622e+003,4.445665e+000
2.438104e+003,4.444883e+000
2.438586e+003,4.444817e+000
2.439068e+003,4.445465e+000
2.439550e+003,4.446720e+000
2.440032e+003,4.448432e+000
2.440514e+003,4.450438e+000
2.440997e+003,4.452582e+000
2.441479e+003,4.454718e+000
2.441961e+003,4.456712e+000
2.442443e+003,4.458456e+000
2.442925e+003,4.459891e+000
2.443407e+003,4.461024e+000
2.443889e+003,4.461925e+000
2.444372e+003,4.462706e+000
2.444854e+003,4.463470e+000
2.445336e+003,4.464299e+000
2.445818e+003,4.465213e+000
2.446300e+003,4.466187e+000
2.446782e+003,4.467173e+000
2.447264e+003,4.468129e+000
2.447746e+003,4.469038e+000
2.448229e+003,4.469900e+000
2.448711e+003,4.470715e+000
2.449193e+003,4.471478e+000
2.449675e+003,4.472170e+000
2.450157e+003,4.472778e+000
2.450639e+003,4.473322e+000
2.451121e+003,4.473868e+000
2.451604e+003,4.474528e+000
2.452085e+003,4.475414e+000
2.452568e+003,4.476606e+000
2.453050e+003,4.478102e+000
2.453532e+003,4.479815e+000
2.454014e+003,4.481599e+000
2.454496e+003,4.483310e+000
2.454978e+003,4.484855e+000
2.455460e+003,4.486251e+000
2.455943e+003,4.487604e+000
2.456425e+003,4.489079e+000
2.456907e+003,4.490836e+000
2.457389e+003,4.492966e+000
2.457871e+003,4.495460e+000
2.458353e+003,4.498207e+000
2.458835e+003,4.501031e+000
2.459317e+003,4.503740e+000
2.459800e+003,4.506167e+000
2.460282e+003,4.508207e+000
2.460764e+003,4.509826e+000
2.461246e+003,4.511055e+000
2.461728e+003,4.511971e+000
2.462210e+003,4.512665e+000
2.462692e+003,4.513227e+000
2.463174e+003,4.513719e+000
2.463656e+003,4.514157e+000
2.464139e+003,4.514528e+000
2.464621e+003,4.514802e+000
2.465103e+003,4.514969e+000
2.465585e+003,4.515064e+000
2.466067e+003,4.515181e+000
2.466549e+003,4.515464e+000
2.467031e+003,4.516068e+000
2.467513e+003,4.517105e+000
2.467996e+003,4.518611e+000
2.468478e+003,4.520531e+000
2.468960e+003,4.522758e+000
2.469442e+003,4.525172e+000
2.469924e+003,4.527708e+000
2.470406e+003,4.530375e+000
2.470888e+003,4.533259e+000
2.471371e+003,4.536456e+000
2.471853e+003,4.540007e+000
2.472335e+003,4.543850e+000
2.472817e+003,4.547812e+000
2.473299e+003,4.551625e+000
2.473781e+003,4.555014e+000
2.474263e+003,4.557781e+000
2.474745e+003,4.559838e+000
2.475228e+003,4.561248e+000
2.475710e+003,4.562173e+000
2.476192e+003,4.562837e+000
2.476674e+003,4.563460e+000
2.477156e+003,4.564229e+000
2.477638e+003,4.565267e+000
2.478120e+003,4.566656e+000
2.478602e+003,4.568428e+000
2.479084e+003,4.570570e+000
2.479567e+003,4.573035e+000
2.480049e+003,4.575722e+000
2.480531e+003,4.578492e+000
2.481013e+003,4.581172e+000
2.481495e+003,4.583586e+000
2.481977e+003,4.585581e+000
2.482459e+003,4.587049e+000
2.482941e+003,4.587937e+000
2.483424e+003,4.588278e+000
2.483906e+003,4.588157e+000
2.484388e+003,4.587735e+000
2.484870e+003,4.587223e+000
2.485352e+003,4.586868e+000
2.485834e+003,4.586906e+000
2.486316e+003,4.587522e+000
2.486799e+003,4.588799e+000
2.487281e+003,4.590684e+000
2.487763e+003,4.593010e+000
2.488245e+003,4.595528e+000
2.488727e+003,4.597975e+000
2.489209e+003,4.600152e+000
2.489691e+003,4.601962e+000
2.490173e+003,4.603426e+000
2.490656e+003,4.604643e+000
2.491138e+003,4.605751e+000
2.491620e+003,4.606878e+000
2.492102e+003,4.608118e+000
2.492584e+003,4.609535e+000
2.493066e+003,4.611177e+000
2.493548e+003,4.613097e+000
2.494030e+003,4.615344e+000
2.494512e+003,4.617930e+000
2.494995e+003,4.620804e+000
2.495477e+003,4.623824e+000
2.495959e+003,4.626750e+000
2.496441e+003,4.629288e+000
2.496923e+003,4.631137e+000
2.497405e+003,4.632060e+000
2.497887e+003,4.631925e+000
2.498370e+003,4.630735e+000
2.498852e+003,4.628638e+000
2.499334e+003,4.625903e+000
2.499816e+003,4.622902e+000
2.500298e+003,4.620070e+000
2.500780e+003,4.617856e+000
2.501262e+003,4.616645e+000
2.501744e+003,4.616693e+000
2.502227e+003,4.618036e+000
2.502709e+003,4.620459e+000
2.503191e+003,4.623512e+000
2.503673e+003,4.626603e+000
2.504155e+003,4.629127e+000
2.504637e+003,4.630616e+000
2.505119e+003,4.630872e+000
2.505601e+003,4.630002e+000
2.506083e+003,4.628386e+000
2.506566e+003,4.626563e+000
2.507048e+003,4.625101e+000
2.507530e+003,4.624443e+000
2.508012e+003,4.624822e+000
2.508494e+003,4.626227e+000
2.508976e+003,4.628425e+000
2.509458e+003,4.631030e+000
2.509940e+003,4.633586e+000
2.510423e+003,4.635664e+000
2.510905e+003,4.636957e+000
2.511387e+003,4.637343e+000
2.511869e+003,4.636915e+000
2.512351e+003,4.635980e+000
2.512833e+003,4.634998e+000
2.513315e+003,4.634475e+000
2.513798e+003,4.634841e+000
2.514280e+003,4.636346e+000
2.514762e+003,4.638988e+000
2.515244e+003,4.642513e+000
2.515726e+003,4.646493e+000
2.516208e+003,4.650418e+000
2.516690e+003,4.653819e+000
2.517172e+003,4.656368e+000
2.517655e+003,4.657909e+000
2.518137e+003,4.658466e+000
2.518619e+003,4.658223e+000
2.519101e+003,4.657461e+000
2.519583e+003,4.656518e+000
2.520065e+003,4.655736e+000
2.520547e+003,4.655413e+000
2.521029e+003,4.655748e+000
2.521511e+003,4.656789e+000
2.521994e+003,4.658412e+000
2.522476e+003,4.660332e+000
2.522958e+003,4.662153e+000
2.523440e+003,4.663459e+000
2.523922e+003,4.663910e+000
2.524404e+003,4.663326e+000
2.524886e+003,4.661720e+000
2.525368e+003,4.659281e+000
2.525851e+003,4.656321e+000
2.526333e+003,4.653202e+000
2.526815e+003,4.650270e+000
2.527297e+003,4.647799e+000
2.527779e+003,4.645984e+000
2.528261e+003,4.644916e+000
2.528743e+003,4.644595e+000
2.529226e+003,4.644922e+000
2.529708e+003,4.645721e+000
2.530190e+003,4.646769e+000
2.530672e+003,4.647830e+000
2.531154e+003,4.648720e+000
2.531636e+003,4.649350e+000
2.532118e+003,4.649734e+000
2.532600e+003,4.649989e+000
2.533083e+003,4.650269e+000
2.533565e+003,4.650726e+000
2.534047e+003,4.651462e+000
2.534529e+003,4.652529e+000
2.535011e+003,4.653932e+000
2.535493e+003,4.655663e+000
2.535975e+003,4.657719e+000
2.536457e+003,4.660082e+000
2.536939e+003,4.662688e+000
2.537422e+003,4.665396e+000
2.537904e+003,4.667982e+000
2.538386e+003,4.670164e+000
2.538868e+003,4.671677e+000
2.539350e+003,4.672344e+000
2.539832e+003,4.672139e+000
2.540314e+003,4.671183e+000
2.540796e+003,4.669698e+000
2.541279e+003,4.667934e+000
2.541761e+003,4.666096e+000
2.542243e+003,4.664316e+000
2.542725e+003,4.662656e+000
2.543207e+003,4.661167e+000
2.543689e+003,4.659933e+000
2.544171e+003,4.659084e+000
2.544654e+003,4.658779e+000
2.545135e+003,4.659144e+000
2.545618e+003,4.660220e+000
2.546100e+003,4.661920e+000
2.546582e+003,4.664062e+000
2.547064e+003,4.666420e+000
2.547546e+003,4.668796e+000
2.548028e+003,4.671068e+000
2.548510e+003,4.673202e+000
2.548993e+003,4.675202e+000
2.549475e+003,4.677077e+000
2.549957e+003,4.678779e+000
2.550439e+003,4.680192e+000
2.550921e+003,4.681167e+000
2.551403e+003,4.681564e+000
2.551885e+003,4.681315e+000
2.552367e+003,4.680441e+000
2.552850e+003,4.679061e+000
2.553332e+003,4.677366e+000
2.553814e+003,4.675589e+000
2.554296e+003,4.673960e+000
2.554778e+003,4.672697e+000
2.555260e+003,4.671970e+000
2.555742e+003,4.671892e+000
2.556224e+003,4.672479e+000
2.556707e+003,4.673645e+000
2.557189e+003,4.675206e+000
2.557671e+003,4.676908e+000
2.558153e+003,4.678506e+000
2.558635e+003,4.679825e+000
2.559117e+003,4.680827e+000
2.559599e+003,4.681617e+000
2.560082e+003,4.682403e+000
2.560563e+003,4.683425e+000
2.561046e+003,4.684864e+000
2.561528e+003,4.686773e+000
2.562010e+003,4.689078e+000
2.562492e+003,4.691602e+000
2.562974e+003,4.694124e+000
2.563456e+003,4.696447e+000
2.563938e+003,4.698427e+000
2.564421e+003,4.699979e+000
2.564903e+003,4.701056e+000
2.565385e+003,4.701629e+000
2.565867e+003,4.701672e+000
2.566349e+003,4.701176e+000
2.566831e+003,4.700173e+000
2.567313e+003,4.698754e+000
2.567795e+003,4.697060e+000
2.568278e+003,4.695259e+000
2.568760e+003,4.693521e+000
2.569242e+003,4.691971e+000
2.569724e+003,4.690692e+000
2.570206e+003,4.689731e+000
2.570688e+003,4.689123e+000
2.571170e+003,4.688918e+000
2.571652e+003,4.689176e+000
2.572135e+003,4.689953e+000
2.572617e+003,4.691284e+000
2.573099e+003,4.693134e+000
2.573581e+003,4.695398e+000
2.574063e+003,4.697911e+000
2.574545e+003,4.700486e+000
2.575027e+003,4.702952e+000
2.575510e+003,4.705188e+000
2.575991e+003,4.707159e+000
2.576474e+003,4.708910e+000
2.576956e+003,4.710567e+000
2.577438e+003,4.712303e+000
2.577920e+003,4.714306e+000
2.578402e+003,4.716734e+000
2.578884e+003,4.719672e+000
2.579366e+003,4.723090e+000
2.579849e+003,4.726847e+000
2.580331e+003,4.730704e+000
2.580813e+003,4.734387e+000
2.581295e+003,4.737662e+000
2.581777e+003,4.740401e+000
2.582259e+003,4.742625e+000
2.582741e+003,4.744475e+000
2.583223e+003,4.746160e+000
2.583706e+003,4.747860e+000
2.584188e+003,4.749672e+000
2.584670e+003,4.751565e+000
2.585152e+003,4.753421e+000
2.585634e+003,4.755090e+000
2.586116e+003,4.756488e+000
2.586598e+003,4.757647e+000
2.587080e+003,4.758715e+000
2.587563e+003,4.759926e+000
2.588045e+003,4.761515e+000
2.588527e+003,4.763648e+000
2.589009e+003,4.766376e+000
2.589491e+003,4.769634e+000
2.589973e+003,4.773281e+000
2.590455e+003,4.777150e+000
2.590938e+003,4.781094e+000
2.591419e+003,4.785010e+000
2.591902e+003,4.788832e+000
2.592384e+003,4.792511e+000
2.592866e+003,4.796002e+000
2.593348e+003,4.799242e+000
2.593830e+003,4.802166e+000
2.594312e+003,4.804727e+000
2.594794e+003,4.806902e+000
2.595277e+003,4.808718e+000
2.595759e+003,4.810248e+000
2.596241e+003,4.811610e+000
2.596723e+003,4.812942e+000
2.597205e+003,4.814384e+000
2.597687e+003,4.816065e+000
2.598169e+003,4.818072e+000
2.598651e+003,4.820440e+000
2.599134e+003,4.823146e+000
2.599616e+003,4.826131e+000
2.600098e+003,4.829315e+000
2.600580e+003,4.832637e+000
2.601062e+003,4.836073e+000
2.601544e+003,4.839650e+000
2.602026e+003,4.843421e+000
2.602508e+003,4.847428e+000
2.602990e+003,4.851668e+000
2.603473e+003,4.856074e+000
2.603955e+003,4.860520e+000
2.604437e+003,4.864850e+000
2.604919e+003,4.868927e+000
2.605401e+003,4.872679e+000
2.605883e+003,4.876107e+000
2.606365e+003,4.879284e+000
2.606847e+003,4.882323e+000
2.607330e+003,4.885337e+000
2.607812e+003,4.888412e+000
2.608294e+003,4.891591e+000
2.608776e+003,4.894886e+000
2.609258e+003,4.898280e+000
2.609740e+003,4.901730e+000
2.610222e+003,4.905165e+000
2.610705e+003,4.908484e+000
2.611187e+003,4.911558e+000
2.611669e+003,4.914255e+000
2.612151e+003,4.916479e+000
2.612633e+003,4.918212e+000
2.613115e+003,4.919551e+000
2.613597e+003,4.920703e+000
2.614079e+003,4.921953e+000
2.614562e+003,4.923602e+000
2.615044e+003,4.925920e+000
2.615526e+003,4.929092e+000
2.616008e+003,4.933198e+000
2.616490e+003,4.938215e+000
2.616972e+003,4.944046e+000
2.617454e+003,4.950519e+000
2.617936e+003,4.957409e+000
2.618418e+003,4.964443e+000
2.618901e+003,4.971309e+000
2.619383e+003,4.977698e+000
2.619865e+003,4.983339e+000
2.620347e+003,4.988057e+000
2.620829e+003,4.991809e+000
2.621311e+003,4.994684e+000
2.621793e+003,4.996867e+000
2.622276e+003,4.998598e+000
2.622758e+003,5.000088e+000
2.623240e+003,5.001487e+000
2.623722e+003,5.002868e+000
2.624204e+003,5.004247e+000
2.624686e+003,5.005616e+000
2.625168e+003,5.006998e+000
2.625650e+003,5.008451e+000
2.626133e+003,5.010081e+000
2.626615e+003,5.012021e+000
2.627097e+003,5.014407e+000
2.627579e+003,5.017368e+000
2.628061e+003,5.020998e+000
2.628543e+003,5.025362e+000
2.629025e+003,5.030487e+000
2.629507e+003,5.036338e+000
2.629990e+003,5.042820e+000
2.630472e+003,5.049781e+000
2.630954e+003,5.057014e+000
2.631436e+003,5.064296e+000
2.631918e+003,5.071410e+000
2.632400e+003,5.078182e+000
2.632882e+003,5.084495e+000
2.633364e+003,5.090267e+000
2.633846e+003,5.095460e+000
2.634329e+003,5.100071e+000
2.634811e+003,5.104130e+000
2.635293e+003,5.107719e+000
2.635775e+003,5.110988e+000
2.636257e+003,5.114151e+000
2.636739e+003,5.117455e+000
2.637221e+003,5.121118e+000
2.637704e+003,5.125269e+000
2.638186e+003,5.129909e+000
2.638668e+003,5.134899e+000
2.639150e+003,5.140000e+000
2.639632e+003,5.144956e+000
2.640114e+003,5.149558e+000
2.640596e+003,5.153723e+000
2.641078e+003,5.157489e+000
2.641561e+003,5.160986e+000
2.642043e+003,5.164391e+000
2.642525e+003,5.167858e+000
2.643007e+003,5.171463e+000
2.643489e+003,5.175214e+000
2.643971e+003,5.179043e+000
2.644453e+003,5.182844e+000
2.644935e+003,5.186501e+000
2.645417e+003,5.189923e+000
2.645900e+003,5.193065e+000
2.646382e+003,5.195945e+000
2.646864e+003,5.198656e+000
2.647346e+003,5.201356e+000
2.647828e+003,5.204258e+000
2.648310e+003,5.207575e+000
2.648792e+003,5.211463e+000
2.649274e+003,5.215973e+000
2.649757e+003,5.221016e+000
2.650239e+003,5.226374e+000
2.650721e+003,5.231740e+000
2.651203e+003,5.236797e+000
2.651685e+003,5.241277e+000
2.652167e+003,5.245020e+000
2.652649e+003,5.247977e+000
2.653132e+003,5.250194e+000
2.653614e+003,5.251770e+000
2.654096e+003,5.252826e+000
2.654578e+003,5.253494e+000
2.655060e+003,5.253917e+000
2.655542e+003,5.254258e+000
2.656024e+003,5.254712e+000
2.656506e+003,5.255480e+000
2.656989e+003,5.256739e+000
2.657471e+003,5.258610e+000
2.657953e+003,5.261131e+000
2.658435e+003,5.264239e+000
2.658917e+003,5.267794e+000
2.659399e+003,5.271611e+000
2.659881e+003,5.275478e+000
2.660363e+003,5.279181e+000
2.660845e+003,5.282516e+000
2.661328e+003,5.285306e+000
2.661810e+003,5.287426e+000
2.662292e+003,5.288838e+000
2.662774e+003,5.289627e+000
2.663256e+003,5.290030e+000
2.663738e+003,5.290415e+000
2.664220e+003,5.291224e+000
2.664702e+003,5.292887e+000
2.665185e+003,5.295722e+000
2.665667e+003,5.299857e+000
2.666149e+003,5.305202e+000
2.666631e+003,5.311468e+000
2.667113e+003,5.318237e+000
2.667595e+003,5.325058e+000
2.668077e+003,5.331516e+000
2.668560e+003,5.337310e+000
2.669042e+003,5.342271e+000
2.669524e+003,5.346351e+000
2.670006e+003,5.349610e+000
2.670488e+003,5.352181e+000
2.670970e+003,5.354230e+000
2.671452e+003,5.355935e+000
2.671934e+003,5.357442e+000
2.672417e+003,5.358863e+000
2.672899e+003,5.360274e+000
2.673381e+003,5.361712e+000
2.673863e+003,5.363200e+000
2.674345e+003,5.364765e+000
2.674827e+003,5.366455e+000
2.675309e+003,5.368323e+000
2.675791e+003,5.370412e+000
2.676273e+003,5.372721e+000
2.676756e+003,5.375196e+000
2.677238e+003,5.377713e+000
2.677720e+003,5.380123e+000
2.678202e+003,5.382269e+000
2.678684e+003,5.384052e+000
2.679166e+003,5.385441e+000
2.679648e+003,5.386486e+000
2.680130e+003,5.387306e+000
2.680613e+003,5.388071e+000
2.681095e+003,5.388963e+000
2.681577e+003,5.390165e+000
2.682059e+003,5.391845e+000
2.682541e+003,5.394131e+000
2.683023e+003,5.397093e+000
2.683505e+003,5.400708e+000
2.683988e+003,5.404844e+000
2.684469e+003,5.409260e+000
2.684952e+003,5.413640e+000
2.685434e+003,5.417665e+000
2.685916e+003,5.421086e+000
2.686398e+003,5.423795e+000
2.686880e+003,5.425860e+000
2.687362e+003,5.427490e+000
2.687844e+003,5.428964e+000
2.688327e+003,5.430549e+000
2.688809e+003,5.432419e+000
2.689291e+003,5.434613e+000
2.689773e+003,5.437041e+000
2.690255e+003,5.439553e+000
2.690737e+003,5.441995e+000
2.691219e+003,5.444276e+000
2.691701e+003,5.446397e+000
2.692184e+003,5.448450e+000
2.692666e+003,5.450576e+000
2.693148e+003,5.452924e+000
2.693630e+003,5.455597e+000
2.694112e+003,5.458627e+000
2.694594e+003,5.461969e+000
2.695076e+003,5.465493e+000
2.695558e+003,5.469025e+000
2.696041e+003,5.472374e+000
2.696523e+003,5.475367e+000
2.697005e+003,5.477884e+000
2.697487e+003,5.479872e+000
2.697969e+003,5.481356e+000
2.698451e+003,5.482418e+000
2.698933e+003,5.483167e+000
2.699416e+003,5.483727e+000
2.699897e+003,5.484214e+000
2.700380e+003,5.484734e+000
2.700862e+003,5.485399e+000
2.701344e+003,5.486327e+000
2.701826e+003,5.487640e+000
2.702308e+003,5.489446e+000
2.702790e+003,5.491779e+000
2.703272e+003,5.494582e+000
2.703755e+003,5.497671e+000
2.704237e+003,5.500771e+000
2.704719e+003,5.503558e+000
2.705201e+003,5.505750e+000
2.705683e+003,5.507189e+000
2.706165e+003,5.507877e+000
2.706647e+003,5.507979e+000
2.707129e+003,5.507766e+000
2.707612e+003,5.507550e+000
2.708094e+003,5.507602e+000
2.708576e+003,5.508090e+000
2.709058e+003,5.509060e+000
2.709540e+003,5.510459e+000
2.710022e+003,5.512154e+000
2.710504e+003,5.513978e+000
2.710986e+003,5.515761e+000
2.711469e+003,5.517352e+000
2.711951e+003,5.518643e+000
2.712433e+003,5.519570e+000
2.712915e+003,5.520124e+000
2.713397e+003,5.520359e+000
2.713879e+003,5.520384e+000
2.714361e+003,5.520336e+000
2.714844e+003,5.520372e+000
2.715325e+003,5.520638e+000
2.715808e+003,5.521255e+000
2.716290e+003,5.522305e+000
2.716772e+003,5.523838e+000
2.717254e+003,5.525856e+000
2.717736e+003,5.528323e+000
2.718218e+003,5.531138e+000
2.718700e+003,5.534132e+000
2.719183e+003,5.537087e+000
2.719665e+003,5.539772e+000
2.720147e+003,5.541979e+000
2.720629e+003,5.543603e+000
2.721111e+003,5.544681e+000
2.721593e+003,5.545390e+000
2.722075e+003,5.546016e+000
2.722557e+003,5.546865e+000
2.723040e+003,5.548193e+000
2.723522e+003,5.550116e+000
2.724004e+003,5.552588e+000
2.724486e+003,5.555417e+000
2.724968e+003,5.558344e+000
2.725450e+003,5.561124e+000
2.725932e+003,5.563593e+000
2.726414e+003,5.565726e+000
2.726896e+003,5.567634e+000
2.727379e+003,5.569527e+000
2.727861e+003,5.571652e+000
2.728343e+003,5.574222e+000
2.728825e+003,5.577363e+000
2.729307e+003,5.581087e+000
2.729789e+003,5.585285e+000
2.730271e+003,5.589764e+000
2.730753e+003,5.594290e+000
2.731236e+003,5.598639e+000
2.731718e+003,5.602637e+000
2.732200e+003,5.606184e+000
2.732682e+003,5.609248e+000
2.733164e+003,5.611847e+000
2.733646e+003,5.614020e+000
2.734128e+003,5.615806e+000
2.734611e+003,5.617254e+000
2.735093e+003,5.618430e+000
2.735575e+003,5.619439e+000
2.736057e+003,5.620440e+000
2.736539e+003,5.621623e+000
2.737021e+003,5.623163e+000
2.737503e+003,5.625146e+000
2.737985e+003,5.627517e+000
2.738468e+003,5.630053e+000
2.738950e+003,5.632397e+000
2.739432e+003,5.634146e+000
2.739914e+003,5.634964e+000
2.740396e+003,5.634709e+000
2.740878e+003,5.633490e+000
2.741360e+003,5.631660e+000
2.741842e+003,5.629764e+000
2.742324e+003,5.628394e+000
2.742807e+003,5.628066e+000
2.743289e+003,5.629097e+000
2.743771e+003,5.631541e+000
2.744253e+003,5.635202e+000
2.744735e+003,5.639682e+000
2.745217e+003,5.644491e+000
2.745699e+003,5.649164e+000
2.746182e+003,5.653374e+000
2.746664e+003,5.656991e+000
2.747146e+003,5.660119e+000
2.747628e+003,5.663051e+000
2.748110e+003,5.666183e+000
2.748592e+003,5.669907e+000
2.749074e+003,5.674496e+000
2.749556e+003,5.680008e+000
2.750039e+003,5.686277e+000
2.750521e+003,5.692936e+000
2.751003e+003,5.699502e+000
2.751485e+003,5.705487e+000
2.751967e+003,5.710496e+000
2.752449e+003,5.714305e+000
2.752931e+003,5.716862e+000
2.753413e+003,5.718280e+000
2.753896e+003,5.718793e+000
2.754378e+003,5.718704e+000
2.754860e+003,5.718349e+000
2.755342e+003,5.718057e+000
2.755824e+003,5.718126e+000
2.756306e+003,5.718801e+000
2.756788e+003,5.720215e+000
2.757270e+003,5.722383e+000
2.757752e+003,5.725185e+000
2.758235e+003,5.728388e+000
2.758717e+003,5.731694e+000
2.759199e+003,5.734802e+000
2.759681e+003,5.737482e+000
2.760163e+003,5.739610e+000
2.760645e+003,5.741183e+000
2.761127e+003,5.742312e+000
2.761610e+003,5.743189e+000
2.762092e+003,5.744062e+000
2.762574e+003,5.745209e+000
2.763056e+003,5.746917e+000
2.763538e+003,5.749446e+000
2.764020e+003,5.752995e+000
2.764502e+003,5.757643e+000
2.764984e+003,5.763296e+000
2.765467e+003,5.769673e+000
2.765949e+003,5.776332e+000
2.766431e+003,5.782734e+000
2.766913e+003,5.788366e+000
2.767395e+003,5.792849e+000
2.767877e+003,5.796030e+000
2.768359e+003,5.797996e+000
2.768841e+003,5.799034e+000
2.769323e+003,5.799553e+000
2.769806e+003,5.799973e+000
2.770288e+003,5.800623e+000
2.770770e+003,5.801690e+000
2.771252e+003,5.803237e+000
2.771734e+003,5.805219e+000
2.772216e+003,5.807547e+000
2.772698e+003,5.810134e+000
2.773180e+003,5.812933e+000
2.773663e+003,5.815928e+000
2.774145e+003,5.819109e+000
2.774627e+003,5.822439e+000
2.775109e+003,5.825822e+000
2.775591e+003,5.829101e+000
2.776073e+003,5.832068e+000
2.776555e+003,5.834534e+000
2.777038e+003,5.836386e+000
2.777520e+003,5.837651e+000
2.778002e+003,5.838535e+000
2.778484e+003,5.839403e+000
2.778966e+003,5.840714e+000
2.779448e+003,5.842924e+000
2.779930e+003,5.846368e+000
2.780412e+003,5.851178e+000
2.780895e+003,5.857260e+000
2.781377e+003,5.864332e+000
2.781859e+003,5.872000e+000
2.782341e+003,5.879868e+000
2.782823e+003,5.887624e+000
2.783305e+003,5.895071e+000
2.783787e+003,5.902121e+000
2.784269e+003,5.908745e+000
2.784751e+003,5.914942e+000
2.785234e+003,5.920690e+000
2.785716e+003,5.925957e+000
2.786198e+003,5.930723e+000
2.786680e+003,5.935007e+000
2.787162e+003,5.938883e+000
2.787644e+003,5.942451e+000
2.788126e+003,5.945817e+000
2.788608e+003,5.949062e+000
2.789091e+003,5.952231e+000
2.789573e+003,5.955345e+000
2.790055e+003,5.958427e+000
2.790537e+003,5.961535e+000
2.791019e+003,5.964752e+000
2.791501e+003,5.968166e+000
2.791983e+003,5.971818e+000
2.792466e+003,5.975668e+000
2.792948e+003,5.979574e+000
2.793430e+003,5.983330e+000
2.793912e+003,5.986736e+000
2.794394e+003,5.989676e+000
2.794876e+003,5.992183e+000
2.795358e+003,5.994435e+000
2.795840e+003,5.996717e+000
2.796323e+003,5.999352e+000
2.796805e+003,6.002595e+000
2.797287e+003,6.006569e+000
2.797769e+003,6.011237e+000
2.798251e+003,6.016423e+000
2.798733e+003,6.021856e+000
2.799215e+003,6.027227e+000
2.799697e+003,6.032246e+000
2.800179e+003,6.036674e+000
2.800662e+003,6.040346e+000
2.801144e+003,6.043184e+000
2.801626e+003,6.045203e+000
2.802108e+003,6.046509e+000
2.802590e+003,6.047306e+000
2.803072e+003,6.047862e+000
2.803554e+003,6.048502e+000
2.804036e+003,6.049563e+000
2.804519e+003,6.051353e+000
2.805001e+003,6.054100e+000
2.805483e+003,6.057922e+000
2.805965e+003,6.062791e+000
2.806447e+003,6.068520e+000
2.806929e+003,6.074770e+000
2.807411e+003,6.081109e+000
2.807894e+003,6.087062e+000
2.808375e+003,6.092216e+000
2.808858e+003,6.096298e+000
2.809340e+003,6.099236e+000
2.809822e+003,6.101171e+000
2.810304e+003,6.102405e+000
2.810786e+003,6.103316e+000
2.811268e+003,6.104255e+000
2.811750e+003,6.105465e+000
2.812233e+003,6.107062e+000
2.812715e+003,6.109039e+000
2.813197e+003,6.111330e+000
2.813679e+003,6.113878e+000
2.814161e+003,6.116673e+000
2.814643e+003,6.119749e+000
2.815125e+003,6.123138e+000
2.815607e+003,6.126835e+000
2.816090e+003,6.130763e+000
2.816572e+003,6.134757e+000
2.817054e+003,6.138616e+000
2.817536e+003,6.142157e+000
2.818018e+003,6.145257e+000
2.818500e+003,6.147873e+000
2.818982e+003,6.150037e+000
2.819464e+003,6.151825e+000
2.819947e+003,6.153321e+000
2.820429e+003,6.154589e+000
2.820911e+003,6.155672e+000
2.821393e+003,6.156626e+000
2.821875e+003,6.157506e+000
2.822357e+003,6.158385e+000
2.822839e+003,6.159342e+000
2.823322e+003,6.160434e+000
2.823803e+003,6.161688e+000
2.824286e+003,6.163092e+000
2.824768e+003,6.164613e+000
2.825250e+003,6.166224e+000
2.825732e+003,6.167929e+000
2.826214e+003,6.169768e+000
2.826696e+003,6.171808e+000
2.827178e+003,6.174119e+000
2.827661e+003,6.176752e+000
2.828143e+003,6.179708e+000
2.828625e+003,6.182948e+000
2.829107e+003,6.186380e+000
2.829589e+003,6.189887e+000
2.830071e+003,6.193309e+000
2.830553e+003,6.196473e+000
2.831035e+003,6.199204e+000
2.831518e+003,6.201353e+000
2.832000e+003,6.202829e+000
2.832482e+003,6.203639e+000
2.832964e+003,6.203906e+000
2.833446e+003,6.203864e+000
2.833928e+003,6.203803e+000
2.834410e+003,6.204021e+000
2.834892e+003,6.204749e+000
2.835375e+003,6.206120e+000
2.835857e+003,6.208138e+000
2.836339e+003,6.210704e+000
2.836821e+003,6.213642e+000
2.837303e+003,6.216738e+000
2.837785e+003,6.219742e+000
2.838267e+003,6.222401e+000
2.838750e+003,6.224449e+000
2.839231e+003,6.225652e+000
2.839714e+003,6.225850e+000
2.840196e+003,6.225031e+000
2.840678e+003,6.223371e+000
2.841160e+003,6.221262e+000
2.841642e+003,6.219253e+000
2.842124e+003,6.217951e+000
2.842606e+003,6.217903e+000
2.843089e+003,6.219456e+000
2.843571e+003,6.222675e+000
2.844053e+003,6.227336e+000
2.844535e+003,6.232971e+000
2.845017e+003,6.238972e+000
2.845499e+003,6.244699e+000
2.845981e+003,6.249584e+000
2.846463e+003,6.253200e+000
2.846946e+003,6.255295e+000
2.847428e+003,6.255796e+000
2.847910e+003,6.254787e+000
2.848392e+003,6.252474e+000
2.848874e+003,6.249158e+000
2.849356e+003,6.245173e+000
2.849838e+003,6.240862e+000
2.850320e+003,6.236542e+000
2.850802e+003,6.232490e+000
2.851285e+003,6.228955e+000
2.851767e+003,6.226156e+000
2.852249e+003,6.224305e+000
2.852731e+003,6.223583e+000
2.853213e+003,6.224129e+000
2.853695e+003,6.225985e+000
2.854177e+003,6.229074e+000
2.854659e+003,6.233175e+000
2.855142e+003,6.237950e+000
2.855624e+003,6.243000e+000
2.856106e+003,6.247929e+000
2.856588e+003,6.252416e+000
2.857070e+003,6.256246e+000
2.857552e+003,6.259322e+000
2.858034e+003,6.261647e+000
2.858517e+003,6.263289e+000
2.858999e+003,6.264352e+000
2.859481e+003,6.264962e+000
2.859963e+003,6.265275e+000
2.860445e+003,6.265455e+000
2.860927e+003,6.265676e+000
2.861409e+003,6.266082e+000
2.861891e+003,6.266770e+000
2.862374e+003,6.267747e+000
2.862856e+003,6.268932e+000
2.863338e+003,6.270159e+000
2.863820e+003,6.271233e+000
2.864302e+003,6.271966e+000
2.864784e+003,6.272209e+000
2.865266e+003,6.271901e+000
2.865748e+003,6.271073e+000
2.866230e+003,6.269853e+000
2.866713e+003,6.268442e+000
2.867195e+003,6.267109e+000
2.867677e+003,6.266144e+000
2.868159e+003,6.265810e+000
2.868641e+003,6.266273e+000
2.869123e+003,6.267566e+000
2.869605e+003,6.269548e+000
2.870088e+003,6.271925e+000
2.870570e+003,6.274326e+000
2.871052e+003,6.276394e+000
2.871534e+003,6.277896e+000
2.872016e+003,6.278790e+000
2.872498e+003,6.279211e+000
2.872980e+003,6.279411e+000
2.873462e+003,6.279638e+000
2.873945e+003,6.280010e+000
2.874427e+003,6.280448e+000
2.874909e+003,6.280676e+000
2.875391e+003,6.280325e+000
2.875873e+003,6.279078e+000
2.876355e+003,6.276801e+000
2.876837e+003,6.273663e+000
2.877319e+003,6.270131e+000
2.877802e+003,6.266888e+000
2.878284e+003,6.264660e+000
2.878766e+003,6.264035e+000
2.879248e+003,6.265293e+000
2.879730e+003,6.268333e+000
2.880212e+003,6.272651e+000
2.880694e+003,6.277463e+000
2.881176e+003,6.281886e+000
2.881658e+003,6.285091e+000
2.882141e+003,6.286511e+000
2.882623e+003,6.285903e+000
2.883105e+003,6.283401e+000
2.883587e+003,6.279429e+000
2.884069e+003,6.274561e+000
2.884551e+003,6.269406e+000
2.885033e+003,6.264468e+000
2.885516e+003,6.260086e+000
2.885998e+003,6.256421e+000
2.886480e+003,6.253500e+000
2.886962e+003,6.251270e+000
2.887444e+003,6.249664e+000
2.887926e+003,6.248600e+000
2.888408e+003,6.247973e+000
2.888890e+003,6.247632e+000
2.889373e+003,6.247354e+000
2.889855e+003,6.246854e+000
2.890337e+003,6.245839e+000
2.890819e+003,6.244061e+000
2.891301e+003,6.241404e+000
2.891783e+003,6.237904e+000
2.892265e+003,6.233756e+000
2.892747e+003,6.229280e+000
2.893229e+003,6.224822e+000
2.893712e+003,6.220725e+000
2.894194e+003,6.217238e+000
2.894676e+003,6.214521e+000
2.895158e+003,6.212634e+000
2.895640e+003,6.211535e+000
2.896122e+003,6.211112e+000
2.896604e+003,6.211180e+000
2.897086e+003,6.211505e+000
2.897569e+003,6.211826e+000
2.898051e+003,6.211895e+000
2.898533e+003,6.211537e+000
2.899015e+003,6.210690e+000
2.899497e+003,6.209414e+000
2.899979e+003,6.207901e+000
2.900461e+003,6.206403e+000
2.900944e+003,6.205159e+000
2.901426e+003,6.204312e+000
2.901908e+003,6.203855e+000
2.902390e+003,6.203617e+000
2.902872e+003,6.203325e+000
2.903354e+003,6.202656e+000
2.903836e+003,6.201343e+000
2.904318e+003,6.199247e+000
2.904801e+003,6.196404e+000
2.905283e+003,6.192985e+000
2.905765e+003,6.189262e+000
2.906247e+003,6.185512e+000
2.906729e+003,6.181938e+000
2.907211e+003,6.178620e+000
2.907693e+003,6.175513e+000
2.908175e+003,6.172498e+000
2.908657e+003,6.169469e+000
2.909140e+003,6.166405e+000
2.909622e+003,6.163426e+000
2.910104e+003,6.160777e+000
2.910586e+003,6.158769e+000
2.911068e+003,6.157628e+000
2.911550e+003,6.157410e+000
2.912032e+003,6.157901e+000
2.912514e+003,6.158639e+000
2.912997e+003,6.158990e+000
2.913479e+003,6.158311e+000
2.913961e+003,6.156131e+000
2.914443e+003,6.152265e+000
2.914925e+003,6.146873e+000
2.915407e+003,6.140409e+000
2.915889e+003,6.133476e+000
2.916372e+003,6.126659e+000
2.916854e+003,6.120374e+000
2.917336e+003,6.114790e+000
2.917818e+003,6.109823e+000
2.918300e+003,6.105230e+000
2.918782e+003,6.100724e+000
2.919264e+003,6.096089e+000
2.919746e+003,6.091279e+000
2.920229e+003,6.086420e+000
2.920711e+003,6.081774e+000
2.921193e+003,6.077641e+000
2.921675e+003,6.074272e+000
2.922157e+003,6.071776e+000
2.922639e+003,6.070093e+000
2.923121e+003,6.068992e+000
2.923603e+003,6.068165e+000
2.924085e+003,6.067304e+000
2.924568e+003,6.066207e+000
2.925050e+003,6.064860e+000
2.925532e+003,6.063454e+000
2.926014e+003,6.062349e+000
2.926496e+003,6.061975e+000
2.926978e+003,6.062705e+000
2.927460e+003,6.064754e+000
2.927942e+003,6.068096e+000
2.928425e+003,6.072462e+000
2.928907e+003,6.077402e+000
2.929389e+003,6.082407e+000
2.929871e+003,6.087008e+000
2.930353e+003,6.090887e+000
2.930835e+003,6.093910e+000
2.931317e+003,6.096108e+000
2.931800e+003,6.097635e+000
2.932281e+003,6.098654e+000
2.932764e+003,6.099310e+000
2.933246e+003,6.099659e+000
2.933728e+003,6.099697e+000
2.934210e+003,6.099374e+000
2.934692e+003,6.098640e+000
2.935174e+003,6.097486e+000
2.935656e+003,6.095961e+000
2.936139e+003,6.094169e+000
2.936621e+003,6.092246e+000
2.937103e+003,6.090333e+000
2.937585e+003,6.088563e+000
2.938067e+003,6.087025e+000
2.938549e+003,6.085764e+000
2.939031e+003,6.084793e+000
2.939513e+003,6.084093e+000
2.939996e+003,6.083625e+000
2.940478e+003,6.083333e+000
2.940960e+003,6.083142e+000
2.941442e+003,6.082956e+000
2.941924e+003,6.082638e+000
2.942406e+003,6.082025e+000
2.942888e+003,6.080940e+000
2.943370e+003,6.079207e+000
2.943853e+003,6.076708e+000
2.944335e+003,6.073400e+000
2.944817e+003,6.069364e+000
2.945299e+003,6.064794e+000
2.945781e+003,6.059980e+000
2.946263e+003,6.055270e+000
2.946745e+003,6.050991e+000
2.947228e+003,6.047400e+000
2.947709e+003,6.044636e+000
2.948192e+003,6.042703e+000
2.948674e+003,6.041480e+000
2.949156e+003,6.040780e+000
2.949638e+003,6.040383e+000
2.950120e+003,6.040100e+000
2.950602e+003,6.039804e+000
2.951084e+003,6.039448e+000
2.951567e+003,6.039028e+000
2.952049e+003,6.038557e+000
2.952531e+003,6.038034e+000
2.953013e+003,6.037416e+000
2.953495e+003,6.036615e+000
2.953977e+003,6.035523e+000
2.954459e+003,6.034044e+000
2.954941e+003,6.032144e+000
2.955424e+003,6.029861e+000
2.955906e+003,6.027277e+000
2.956388e+003,6.024495e+000
2.956870e+003,6.021577e+000
2.957352e+003,6.018478e+000
2.957834e+003,6.015065e+000
2.958316e+003,6.011132e+000
2.958798e+003,6.006493e+000
2.959281e+003,6.001056e+000
2.959763e+003,5.994906e+000
2.960245e+003,5.988331e+000
2.960727e+003,5.981771e+000
2.961209e+003,5.975726e+000
2.961691e+003,5.970642e+000
2.962173e+003,5.966810e+000
2.962656e+003,5.964305e+000
2.963137e+003,5.962987e+000
2.963620e+003,5.962564e+000
2.964102e+003,5.962685e+000
2.964584e+003,5.963020e+000
2.965066e+003,5.963321e+000
2.965548e+003,5.963440e+000
2.966030e+003,5.963327e+000
2.966512e+003,5.963002e+000
2.966995e+003,5.962507e+000
2.967477e+003,5.961891e+000
2.967959e+003,5.961192e+000
2.968441e+003,5.960431e+000
2.968923e+003,5.959596e+000
2.969405e+003,5.958650e+000
2.969887e+003,5.957531e+000
2.970369e+003,5.956164e+000
2.970852e+003,5.954470e+000
2.971334e+003,5.952403e+000
2.971816e+003,5.949952e+000
2.972298e+003,5.947178e+000
2.972780e+003,5.944162e+000
2.973262e+003,5.941021e+000
2.973744e+003,5.937861e+000
2.974226e+003,5.934757e+000
2.974708e+003,5.931732e+000
2.975191e+003,5.928758e+000
2.975673e+003,5.925773e+000
2.976155e+003,5.922688e+000
2.976637e+003,5.919419e+000
2.977119e+003,5.915905e+000
2.977601e+003,5.912125e+000
2.978083e+003,5.908107e+000
2.978565e+003,5.903943e+000
2.979048e+003,5.899762e+000
2.979530e+003,5.895726e+000
2.980012e+003,5.891997e+000
2.980494e+003,5.888699e+000
2.980976e+003,5.885881e+000
2.981458e+003,5.883536e+000
2.981940e+003,5.881582e+000
2.982423e+003,5.879893e+000
2.982905e+003,5.878325e+000
2.983387e+003,5.876733e+000
2.983869e+003,5.874994e+000
2.984351e+003,5.872985e+000
2.984833e+003,5.870586e+000
2.985315e+003,5.867693e+000
2.985797e+003,5.864229e+000
2.986280e+003,5.860183e+000
2.986762e+003,5.855611e+000
2.987244e+003,5.850690e+000
2.987726e+003,5.845654e+000
2.988208e+003,5.840765e+000
2.988690e+003,5.836246e+000
2.989172e+003,5.832225e+000
2.989654e+003,5.828700e+000
2.990136e+003,5.825571e+000
2.990619e+003,5.822660e+000
2.991101e+003,5.819808e+000
2.991583e+003,5.816899e+000
2.992065e+003,5.813911e+000
2.992547e+003,5.810894e+000
2.993029e+003,5.807964e+000
2.993511e+003,5.805236e+000
2.993994e+003,5.802791e+000
2.994476e+003,5.800634e+000
2.994958e+003,5.798700e+000
2.995440e+003,5.796847e+000
2.995922e+003,5.794878e+000
2.996404e+003,5.792577e+000
2.996886e+003,5.789753e+000
2.997368e+003,5.786282e+000
2.997851e+003,5.782142e+000
2.998333e+003,5.777440e+000
2.998815e+003,5.772410e+000
2.999297e+003,5.767384e+000
2.999779e+003,5.762714e+000
3.000261e+003,5.758697e+000
3.000743e+003,5.755494e+000
3.001225e+003,5.753086e+000
3.001708e+003,5.751258e+000
3.002190e+003,5.749645e+000
3.002672e+003,5.747802e+000
3.003154e+003,5.745305e+000
3.003636e+003,5.741827e+000
3.004118e+003,5.737219e+000
3.004600e+003,5.731540e+000
3.005082e+003,5.725049e+000
3.005564e+003,5.718140e+000
3.006047e+003,5.711279e+000
3.006529e+003,5.704895e+000
3.007011e+003,5.699296e+000
3.007493e+003,5.694582e+000
3.007975e+003,5.690656e+000
3.008457e+003,5.687226e+000
3.008939e+003,5.683918e+000
3.009422e+003,5.680361e+000
3.009904e+003,5.676301e+000
3.010386e+003,5.671654e+000
3.010868e+003,5.666527e+000
3.011350e+003,5.661144e+000
3.011832e+003,5.655755e+000
3.012314e+003,5.650545e+000
3.012796e+003,5.645586e+000
3.013279e+003,5.640806e+000
3.013761e+003,5.636055e+000
3.014243e+003,5.631172e+000
3.014725e+003,5.626071e+000
3.015207e+003,5.620756e+000
3.015689e+003,5.615332e+000
3.016171e+003,5.609958e+000
3.016653e+003,5.604774e+000
3.017135e+003,5.599854e+000
3.017618e+003,5.595169e+000
3.018100e+003,5.590613e+000
3.018582e+003,5.586036e+000
3.019064e+003,5.581284e+000
3.019546e+003,5.576271e+000
3.020028e+003,5.571000e+000
3.020510e+003,5.565588e+000
3.020992e+003,5.560220e+000
3.021475e+003,5.555129e+000
3.021957e+003,5.550515e+000
3.022439e+003,5.546498e+000
3.022921e+003,5.543051e+000
3.023403e+003,5.539984e+000
3.023885e+003,5.536983e+000
3.024367e+003,5.533648e+000
3.024850e+003,5.529613e+000
3.025332e+003,5.524630e+000
3.025814e+003,5.518642e+000
3.026296e+003,5.511831e+000
3.026778e+003,5.504563e+000
3.027260e+003,5.497303e+000
3.027742e+003,5.490539e+000
3.028224e+003,5.484655e+000
3.028707e+003,5.479870e+000
3.029189e+003,5.476197e+000
3.029671e+003,5.473482e+000
3.030153e+003,5.471418e+000
3.030635e+003,5.469615e+000
3.031117e+003,5.467656e+000
3.031599e+003,5.465171e+000
3.032081e+003,5.461869e+000
3.032563e+003,5.457595e+000
3.033046e+003,5.452336e+000
3.033528e+003,5.446225e+000
3.034010e+003,5.439513e+000
3.034492e+003,5.432500e+000
3.034974e+003,5.425490e+000
3.035456e+003,5.418721e+000
3.035938e+003,5.412338e+000
3.036420e+003,5.406382e+000
3.036903e+003,5.400819e+000
3.037385e+003,5.395582e+000
3.037867e+003,5.390617e+000
3.038349e+003,5.385894e+000
3.038831e+003,5.381430e+000
3.039313e+003,5.377260e+000
3.039795e+003,5.373418e+000
3.040278e+003,5.369898e+000
3.040760e+003,5.366650e+000
3.041242e+003,5.363562e+000
3.041724e+003,5.360466e+000
3.042206e+003,5.357150e+000
3.042688e+003,5.353357e+000
3.043170e+003,5.348843e+000
3.043652e+003,5.343387e+000
3.044135e+003,5.336854e+000
3.044617e+003,5.329232e+000
3.045099e+003,5.320675e+000
3.045581e+003,5.311494e+000
3.046063e+003,5.302126e+000
3.046545e+003,5.293078e+000
3.047027e+003,5.284843e+000
3.047509e+003,5.277803e+000
3.047991e+003,5.272170e+000
3.048474e+003,5.267937e+000
3.048956e+003,5.264896e+000
3.049438e+003,5.262672e+000
3.049920e+003,5.260773e+000
3.050402e+003,5.258686e+000
3.050884e+003,5.255950e+000
3.051366e+003,5.252218e+000
3.051848e+003,5.247296e+000
3.052331e+003,5.241156e+000
3.052813e+003,5.233935e+000
3.053295e+003,5.225875e+000
3.053777e+003,5.217280e+000
3.054259e+003,5.208457e+000
3.054741e+003,5.199673e+000
3.055223e+003,5.191130e+000
3.055706e+003,5.182953e+000
3.056188e+003,5.175208e+000
3.056670e+003,5.167911e+000
3.057152e+003,5.161042e+000
3.057634e+003,5.154552e+000
3.058116e+003,5.148376e+000
3.058598e+003,5.142433e+000
3.059080e+003,5.136661e+000
3.059563e+003,5.131016e+000
3.060045e+003,5.125491e+000
3.060527e+003,5.120127e+000
3.061009e+003,5.114982e+000
3.061491e+003,5.110087e+000
3.061973e+003,5.105429e+000
3.062455e+003,5.100906e+000
3.062937e+003,5.096350e+000
3.063419e+003,5.091553e+000
3.063902e+003,5.086328e+000
3.064384e+003,5.080574e+000
3.064866e+003,5.074308e+000
3.065348e+003,5.067657e+000
3.065830e+003,5.060831e+000
3.066312e+003,5.054063e+000
3.066794e+003,5.047521e+000
3.067276e+003,5.041277e+000
3.067759e+003,5.035276e+000
3.068241e+003,5.029376e+000
3.068723e+003,5.023366e+000
3.069205e+003,5.017035e+000
3.069687e+003,5.010237e+000
3.070169e+003,5.002913e+000
3.070651e+003,4.995125e+000
3.071134e+003,4.987031e+000
3.071615e+003,4.978856e+000
3.072098e+003,4.970837e+000
3.072580e+003,4.963175e+000
3.073062e+003,4.955984e+000
3.073544e+003,4.949280e+000
3.074026e+003,4.942996e+000
3.074508e+003,4.937029e+000
3.074990e+003,4.931287e+000
3.075473e+003,4.925726e+000
3.075955e+003,4.920375e+000
3.076437e+003,4.915301e+000
3.076919e+003,4.910569e+000
3.077401e+003,4.906181e+000
3.077883e+003,4.902055e+000
3.078365e+003,4.898014e+000
3.078847e+003,4.893827e+000
3.079330e+003,4.889247e+000
3.079812e+003,4.884076e+000
3.080294e+003,4.878188e+000
3.080776e+003,4.871522e+000
3.081258e+003,4.864077e+000
3.081740e+003,4.855879e+000
3.082222e+003,4.846982e+000
3.082704e+003,4.837466e+000
3.083187e+003,4.827466e+000
3.083669e+003,4.817195e+000
3.084151e+003,4.806947e+000
3.084633e+003,4.797046e+000
3.085115e+003,4.787808e+000
3.085597e+003,4.779481e+000
3.086079e+003,4.772176e+000
3.086562e+003,4.765850e+000
3.087043e+003,4.760311e+000
3.087526e+003,4.755248e+000
3.088008e+003,4.750299e+000
3.088490e+003,4.745100e+000
3.088972e+003,4.739345e+000
3.089454e+003,4.732868e+000
3.089936e+003,4.725659e+000
3.090418e+003,4.717870e+000
3.090901e+003,4.709813e+000
3.091383e+003,4.701895e+000
3.091865e+003,4.694516e+000
3.092347e+003,4.687988e+000
3.092829e+003,4.682448e+000
3.093311e+003,4.677830e+000
3.093793e+003,4.673895e+000
3.094275e+003,4.670307e+000
3.094758e+003,4.666728e+000
3.095240e+003,4.662907e+000
3.095722e+003,4.658723e+000
3.096204e+003,4.654146e+000
3.096686e+003,4.649193e+000
3.097168e+003,4.643847e+000
3.097650e+003,4.638005e+000
3.098132e+003,4.631475e+000
3.098615e+003,4.624016e+000
3.099097e+003,4.615417e+000
3.099579e+003,4.605555e+000
3.100061e+003,4.594451e+000
3.100543e+003,4.582282e+000
3.101025e+003,4.569365e+000
3.101507e+003,4.556119e+000
3.101990e+003,4.543021e+000
3.102471e+003,4.530555e+000
3.102954e+003,4.519174e+000
3.103436e+003,4.509239e+000
3.103918e+003,4.500955e+000
3.104400e+003,4.494323e+000
3.104882e+003,4.489130e+000
3.105364e+003,4.484962e+000
3.105846e+003,4.481277e+000
3.106329e+003,4.477508e+000
3.106811e+003,4.473183e+000
3.107293e+003,4.467990e+000
3.107775e+003,4.461814e+000
3.108257e+003,4.454711e+000
3.108739e+003,4.446851e+000
3.109221e+003,4.438447e+000
3.109703e+003,4.429707e+000
3.110186e+003,4.420793e+000
3.110668e+003,4.411848e+000
3.111150e+003,4.402981e+000
3.111632e+003,4.394268e+000
3.112114e+003,4.385746e+000
3.112596e+003,4.377405e+000
3.113078e+003,4.369184e+000
3.113560e+003,4.361004e+000
3.114042e+003,4.352816e+000
3.114525e+003,4.344656e+000
3.115007e+003,4.336676e+000
3.115489e+003,4.329125e+000
3.115971e+003,4.322296e+000
3.116453e+003,4.316431e+000
3.116935e+003,4.311629e+000
3.117417e+003,4.307780e+000
3.117900e+003,4.304563e+000
3.118382e+003,4.301486e+000
3.118864e+003,4.297988e+000
3.119346e+003,4.293529e+000
3.119828e+003,4.287685e+000
3.120310e+003,4.280210e+000
3.120792e+003,4.271068e+000
3.121274e+003,4.260423e+000
3.121757e+003,4.248614e+000
3.122239e+003,4.236117e+000
3.122721e+003,4.223464e+000
3.123203e+003,4.211169e+000
3.123685e+003,4.199649e+000
3.124167e+003,4.189146e+000
3.124649e+003,4.179713e+000
3.125131e+003,4.171222e+000
3.125614e+003,4.163408e+000
3.126096e+003,4.155962e+000
3.126578e+003,4.148612e+000
3.127060e+003,4.141155e+000
3.127542e+003,4.133503e+000
3.128024e+003,4.125656e+000
3.128506e+003,4.117665e+000
3.128988e+003,4.109601e+000
3.129470e+003,4.101528e+000
3.129953e+003,4.093514e+000
3.130435e+003,4.085629e+000
3.130917e+003,4.077956e+000
3.131399e+003,4.070589e+000
3.131881e+003,4.063604e+000
3.132363e+003,4.057035e+000
3.132845e+003,4.050823e+000
3.133328e+003,4.044821e+000
3.133810e+003,4.038808e+000
3.134292e+003,4.032527e+000
3.134774e+003,4.025748e+000
3.135256e+003,4.018316e+000
3.135738e+003,4.010201e+000
3.136220e+003,4.001495e+000
3.136702e+003,3.992395e+000
3.137185e+003,3.983151e+000
3.137667e+003,3.974009e+000
3.138149e+003,3.965143e+000
3.138631e+003,3.956616e+000
3.139113e+003,3.948366e+000
3.139595e+003,3.940241e+000
3.140077e+003,3.932045e+000
3.140559e+003,3.923614e+000
3.141042e+003,3.914864e+000
3.141524e+003,3.905858e+000
3.142006e+003,3.896782e+000
3.142488e+003,3.887890e+000
3.142970e+003,3.879454e+000
3.143452e+003,3.871671e+000
3.143934e+003,3.864619e+000
3.144417e+003,3.858219e+000
3.144898e+003,3.852257e+000
3.145381e+003,3.846431e+000
3.145863e+003,3.840403e+000
3.146345e+003,3.833862e+000
3.146827e+003,3.826586e+000
3.147309e+003,3.818475e+000
3.147791e+003,3.809569e+000
3.148273e+003,3.800070e+000
3.148756e+003,3.790308e+000
3.149238e+003,3.780706e+000
3.149720e+003,3.771713e+000
3.150202e+003,3.763706e+000
3.150684e+003,3.756905e+000
3.151166e+003,3.751326e+000
3.151648e+003,3.746754e+000
3.152130e+003,3.742774e+000
3.152613e+003,3.738862e+000
3.153095e+003,3.734503e+000
3.153577e+003,3.729271e+000
3.154059e+003,3.722915e+000
3.154541e+003,3.715390e+000
3.155023e+003,3.706827e+000
3.155505e+003,3.697485e+000
3.155987e+003,3.687676e+000
3.156469e+003,3.677693e+000
3.156952e+003,3.667761e+000
3.157434e+003,3.658009e+000
3.157916e+003,3.648451e+000
3.158398e+003,3.639025e+000
3.158880e+003,3.629630e+000
3.159362e+003,3.620178e+000
3.159844e+003,3.610643e+000
3.160326e+003,3.601090e+000
3.160809e+003,3.591681e+000
3.161291e+003,3.582624e+000
3.161773e+003,3.574115e+000
3.162255e+003,3.566266e+000
3.162737e+003,3.559062e+000
3.163219e+003,3.552345e+000
3.163701e+003,3.545852e+000
3.164184e+003,3.539278e+000
3.164666e+003,3.532376e+000
3.165148e+003,3.524997e+000
3.165630e+003,3.517128e+000
3.166112e+003,3.508844e+000
3.166594e+003,3.500295e+000
3.167076e+003,3.491608e+000
3.167558e+003,3.482862e+000
3.168041e+003,3.474066e+000
3.168523e+003,3.465186e+000
3.169005e+003,3.456161e+000
3.169487e+003,3.446960e+000
3.169969e+003,3.437581e+000
3.170451e+003,3.428073e+000
3.170933e+003,3.418496e+000
3.171415e+003,3.408909e+000
3.171897e+003,3.399340e+000
3.172380e+003,3.389775e+000
3.172862e+003,3.380166e+000
3.173344e+003,3.370431e+000
3.173826e+003,3.360494e+000
3.174308e+003,3.350307e+000
3.174790e+003,3.339877e+000
3.175272e+003,3.329280e+000
3.175754e+003,3.318657e+000
3.176237e+003,3.308205e+000
3.176719e+003,3.298139e+000
3.177201e+003,3.288649e+000
3.177683e+003,3.279864e+000
3.178165e+003,3.271834e+000
3.178647e+003,3.264536e+000
3.179129e+003,3.257875e+000
3.179612e+003,3.251724e+000
3.180094e+003,3.245936e+000
3.180576e+003,3.240341e+000
3.181058e+003,3.234734e+000
3.181540e+003,3.228866e+000
3.182022e+003,3.222458e+000
3.182504e+003,3.215222e+000
3.182986e+003,3.206933e+000
3.183469e+003,3.197484e+000
3.183951e+003,3.186943e+000
3.184433e+003,3.175548e+000
3.184915e+003,3.163657e+000
3.185397e+003,3.151669e+000
3.185879e+003,3.139925e+000
3.186361e+003,3.128644e+000
3.186843e+003,3.117912e+000
3.187325e+003,3.107712e+000
3.187808e+003,3.098006e+000
3.188290e+003,3.088810e+000
3.188772e+003,3.080196e+000
3.189254e+003,3.072300e+000
3.189736e+003,3.065248e+000
3.190218e+003,3.059062e+000
3.190700e+003,3.053605e+000
3.191182e+003,3.048547e+000
3.191665e+003,3.043430e+000
3.192147e+003,3.037745e+000
3.192629e+003,3.031057e+000
3.193111e+003,3.023100e+000
3.193593e+003,3.013853e+000
3.194075e+003,3.003533e+000
3.194557e+003,2.992544e+000
3.195040e+003,2.981382e+000
3.195521e+003,2.970528e+000
3.196004e+003,2.960357e+000
3.196486e+003,2.951049e+000
3.196968e+003,2.942580e+000
3.197450e+003,2.934727e+000
3.197932e+003,2.927138e+000
3.198414e+003,2.919417e+000
3.198896e+003,2.911222e+000
3.199379e+003,2.902355e+000
3.199861e+003,2.892818e+000
3.200343e+003,2.882820e+000
3.200825e+003,2.872732e+000
3.201307e+003,2.863021e+000
3.201789e+003,2.854140e+000
3.202271e+003,2.846417e+000
3.202753e+003,2.839965e+000
3.203236e+003,2.834649e+000
3.203718e+003,2.830105e+000
3.204200e+003,2.825788e+000
3.204682e+003,2.821114e+000
3.205164e+003,2.815587e+000
3.205646e+003,2.808893e+000
3.206128e+003,2.800973e+000
3.206610e+003,2.792009e+000
3.207093e+003,2.782350e+000
3.207575e+003,2.772398e+000
3.208057e+003,2.762499e+000
3.208539e+003,2.752840e+000
3.209021e+003,2.743438e+000
3.209503e+003,2.734153e+000
3.209985e+003,2.724778e+000
3.210468e+003,2.715106e+000
3.210949e+003,2.705024e+000
3.211432e+003,2.694527e+000
3.211914e+003,2.683724e+000
3.212396e+003,2.672776e+000
3.212878e+003,2.661882e+000
3.213360e+003,2.651225e+000
3.213842e+003,2.640957e+000
3.214324e+003,2.631189e+000
3.214807e+003,2.622002e+000
3.215289e+003,2.613436e+000
3.215771e+003,2.605478e+000
3.216253e+003,2.598063e+000
3.216735e+003,2.591072e+000
3.217217e+003,2.584346e+000
3.217699e+003,2.577702e+000
3.218181e+003,2.570950e+000
3.218664e+003,2.563908e+000
3.219146e+003,2.556410e+000
3.219628e+003,2.548278e+000
3.220110e+003,2.539352e+000
3.220592e+003,2.529514e+000
3.221074e+003,2.518727e+000
3.221556e+003,2.507104e+000
3.222038e+003,2.494931e+000
3.222521e+003,2.482676e+000
3.223003e+003,2.470910e+000
3.223485e+003,2.460193e+000
3.223967e+003,2.450948e+000
3.224449e+003,2.443345e+000
3.224931e+003,2.437239e+000
3.225413e+003,2.432207e+000
3.225896e+003,2.427628e+000
3.226377e+003,2.422831e+000
3.226860e+003,2.417226e+000
3.227342e+003,2.410403e+000
3.227824e+003,2.402189e+000
3.228306e+003,2.392649e+000
3.228788e+003,2.382038e+000
3.229270e+003,2.370739e+000
3.229752e+003,2.359211e+000
3.230235e+003,2.347932e+000
3.230717e+003,2.337340e+000
3.231199e+003,2.327807e+000
3.231681e+003,2.319598e+000
3.232163e+003,2.312838e+000
3.232645e+003,2.307513e+000
3.233127e+003,2.303447e+000
3.233609e+003,2.300335e+000
3.234092e+003,2.297766e+000
3.234574e+003,2.295262e+000
3.235056e+003,2.292320e+000
3.235538e+003,2.288471e+000
3.236020e+003,2.283348e+000
3.236502e+003,2.276731e+000
3.236984e+003,2.268596e+000
3.237466e+003,2.259114e+000
3.237948e+003,2.248631e+000
3.238431e+003,2.237592e+000
3.238913e+003,2.226454e+000
3.239395e+003,2.215604e+000
3.239877e+003,2.205309e+000
3.240359e+003,2.195711e+000
3.240841e+003,2.186840e+000
3.241323e+003,2.178678e+000
3.241806e+003,2.171188e+000
3.242288e+003,2.164324e+000
3.242770e+003,2.157999e+000
3.243252e+003,2.152042e+000
3.243734e+003,2.146183e+000
3.244216e+003,2.140048e+000
3.244698e+003,2.133225e+000
3.245180e+003,2.125351e+000
3.245663e+003,2.116224e+000
3.246145e+003,2.105853e+000
3.246627e+003,2.094465e+000
3.247109e+003,2.082445e+000
3.247591e+003,2.070234e+000
3.248073e+003,2.058220e+000
3.248555e+003,2.046661e+000
3.249037e+003,2.035645e+000
3.249520e+003,2.025121e+000
3.250002e+003,2.014950e+000
3.250484e+003,2.004970e+000
3.250966e+003,1.995084e+000
3.251448e+003,1.985302e+000
3.251930e+003,1.975756e+000
3.252412e+003,1.966678e+000
3.252894e+003,1.958355e+000
3.253376e+003,1.951062e+000
3.253859e+003,1.944954e+000
3.254341e+003,1.940018e+000
3.254823e+003,1.936024e+000
3.255305e+003,1.932541e+000
3.255787e+003,1.929010e+000
3.256269e+003,1.924847e+000
3.256751e+003,1.919579e+000
3.257234e+003,1.912936e+000
3.257716e+003,1.904921e+000
3.258198e+003,1.895795e+000
3.258680e+003,1.886004e+000
3.259162e+003,1.876094e+000
3.259644e+003,1.866571e+000
3.260126e+003,1.857819e+000
3.260608e+003,1.850021e+000
3.261091e+003,1.843145e+000
3.261573e+003,1.836957e+000
3.262055e+003,1.831064e+000
3.262537e+003,1.825007e+000
3.263019e+003,1.818345e+000
3.263501e+003,1.810762e+000
3.263983e+003,1.802152e+000
3.264465e+003,1.792668e+000
3.264948e+003,1.782716e+000
3.265430e+003,1.772897e+000
3.265912e+003,1.763866e+000
3.266394e+003,1.756206e+000
3.266876e+003,1.750288e+000
3.267358e+003,1.746188e+000
3.267840e+003,1.743681e+000
3.268323e+003,1.742288e+000
3.268804e+003,1.741389e+000
3.269287e+003,1.740346e+000
3.269769e+003,1.738599e+000
3.270251e+003,1.735753e+000
3.270733e+003,1.731602e+000
3.271215e+003,1.726119e+000
3.271697e+003,1.719430e+000
3.272179e+003,1.711755e+000
3.272662e+003,1.703361e+000
3.273144e+003,1.694520e+000
3.273626e+003,1.685465e+000
3.274108e+003,1.676381e+000
3.274590e+003,1.667422e+000
3.275072e+003,1.658745e+000
3.275554e+003,1.650536e+000
3.276036e+003,1.643033e+000
3.276519e+003,1.636527e+000
3.277001e+003,1.631298e+000
3.277483e+003,1.627525e+000
3.277965e+003,1.625215e+000
3.278447e+003,1.624130e+000
3.278929e+003,1.623794e+000
3.279411e+003,1.623572e+000
3.279893e+003,1.622790e+000
3.280375e+003,1.620898e+000
3.280858e+003,1.617602e+000
3.281340e+003,1.612908e+000
3.281822e+003,1.607130e+000
3.282304e+003,1.600780e+000
3.282786e+003,1.594425e+000
3.283268e+003,1.588529e+000
3.283750e+003,1.583332e+000
3.284232e+003,1.578813e+000
3.284715e+003,1.574693e+000
3.285197e+003,1.570532e+000
3.285679e+003,1.565868e+000
3.286161e+003,1.560341e+000
3.286643e+003,1.553802e+000
3.287125e+003,1.546354e+000
3.287607e+003,1.538327e+000
3.288090e+003,1.530197e+000
3.288572e+003,1.522455e+000
3.289054e+003,1.515486e+000
3.289536e+003,1.509480e+000
3.290018e+003,1.504422e+000
3.290500e+003,1.500118e+000
3.290982e+003,1.496297e+000
3.291464e+003,1.492705e+000
3.291947e+003,1.489178e+000
3.292429e+003,1.485659e+000
3.292911e+003,1.482171e+000
3.293393e+003,1.478750e+000
3.293875e+003,1.475385e+000
3.294357e+003,1.471982e+000
3.294839e+003,1.468382e+000
3.295321e+003,1.464404e+000
3.295803e+003,1.459907e+000
3.296286e+003,1.454848e+000
3.296768e+003,1.449285e+000
3.297250e+003,1.443369e+000
3.297732e+003,1.437309e+000
3.298214e+003,1.431325e+000
3.298696e+003,1.425613e+000
3.299178e+003,1.420332e+000
3.299660e+003,1.415612e+000
3.300143e+003,1.411551e+000
3.300625e+003,1.408221e+000
3.301107e+003,1.405672e+000
3.301589e+003,1.403923e+000
3.302071e+003,1.402971e+000
3.302553e+003,1.402773e+000
3.303035e+003,1.403263e+000
3.303518e+003,1.404337e+000
3.304000e+003,1.405847e+000
3.304482e+003,1.407576e+000
3.304964e+003,1.409237e+000
3.305446e+003,1.410497e+000
3.305928e+003,1.411018e+000
3.306410e+003,1.410521e+000
3.306892e+003,1.408849e+000
3.307375e+003,1.406040e+000
3.307857e+003,1.402307e+000
3.308339e+003,1.398008e+000
3.308821e+003,1.393559e+000
3.309303e+003,1.389339e+000
3.309785e+003,1.385607e+000
3.310267e+003,1.382452e+000
3.310749e+003,1.379791e+000
3.311231e+003,1.377399e+000
3.311714e+003,1.374967e+000
3.312196e+003,1.372142e+000
3.312678e+003,1.368604e+000
3.313160e+003,1.364124e+000
3.313642e+003,1.358623e+000
3.314124e+003,1.352220e+000
3.314606e+003,1.345253e+000
3.315088e+003,1.338262e+000
3.315571e+003,1.331904e+000
3.316053e+003,1.326820e+000
3.316535e+003,1.323510e+000
3.317017e+003,1.322191e+000
3.317499e+003,1.322758e+000
3.317981e+003,1.324773e+000
3.318463e+003,1.327592e+000
3.318946e+003,1.330499e+000
3.319427e+003,1.332862e+000
3.319910e+003,1.334257e+000
3.320392e+003,1.334516e+000
3.320874e+003,1.333723e+000
3.321356e+003,1.332143e+000
3.321838e+003,1.330116e+000
3.322320e+003,1.327971e+000
3.322802e+003,1.325945e+000
3.323285e+003,1.324134e+000
3.323767e+003,1.322482e+000
3.324249e+003,1.320806e+000
3.324731e+003,1.318872e+000
3.325213e+003,1.316454e+000
3.325695e+003,1.313447e+000
3.326177e+003,1.309902e+000
3.326659e+003,1.306067e+000
3.327142e+003,1.302355e+000
3.327624e+003,1.299231e+000
3.328106e+003,1.297115e+000
3.328588e+003,1.296265e+000
3.329070e+003,1.296711e+000
3.329552e+003,1.298244e+000
3.330034e+003,1.300484e+000
3.330516e+003,1.302981e+000
3.330999e+003,1.305327e+000
3.331481e+003,1.307226e+000
3.331963e+003,1.308533e+000
3.332445e+003,1.309236e+000
3.332927e+003,1.309406e+000
3.333409e+003,1.309142e+000
3.333891e+003,1.308533e+000
3.334374e+003,1.307648e+000
3.334855e+003,1.306544e+000
3.335338e+003,1.305287e+000
3.335820e+003,1.303958e+000
3.336302e+003,1.302676e+000
3.336784e+003,1.301558e+000
3.337266e+003,1.300694e+000
3.337748e+003,1.300120e+000
3.338230e+003,1.299793e+000
3.338713e+003,1.299575e+000
3.339195e+003,1.299250e+000
3.339677e+003,1.298547e+000
3.340159e+003,1.297194e+000
3.340641e+003,1.294969e+000
3.341123e+003,1.291761e+000
3.341605e+003,1.287616e+000
3.342087e+003,1.282739e+000
3.342570e+003,1.277509e+000
3.343052e+003,1.272384e+000
3.343534e+003,1.267854e+000
3.344016e+003,1.264359e+000
3.344498e+003,1.262211e+000
3.344980e+003,1.261550e+000
3.345462e+003,1.262332e+000
3.345944e+003,1.264346e+000
3.346427e+003,1.267240e+000
3.346909e+003,1.270585e+000
3.347391e+003,1.273926e+000
3.347873e+003,1.276863e+000
3.348355e+003,1.279102e+000
3.348837e+003,1.280501e+000
3.349319e+003,1.281105e+000
3.349802e+003,1.281121e+000
3.350283e+003,1.280870e+000
3.350766e+003,1.280709e+000
3.351248e+003,1.280938e+000
3.351730e+003,1.281743e+000
3.352212e+003,1.283154e+000
3.352694e+003,1.285058e+000
3.353176e+003,1.287241e+000
3.353658e+003,1.289454e+000
3.354141e+003,1.291467e+000
3.354623e+003,1.293105e+000
3.355105e+003,1.294262e+000
3.355587e+003,1.294899e+000
3.356069e+003,1.295014e+000
3.356551e+003,1.294641e+000
3.357033e+003,1.293823e+000
3.357515e+003,1.292610e+000
3.357998e+003,1.291060e+000
3.358480e+003,1.289217e+000
3.358962e+003,1.287132e+000
3.359444e+003,1.284864e+000
3.359926e+003,1.282510e+000
3.360408e+003,1.280218e+000
3.360890e+003,1.278208e+000
3.361372e+003,1.276758e+000
3.361854e+003,1.276153e+000
3.362337e+003,1.276599e+000
3.362819e+003,1.278156e+000
3.363301e+003,1.280656e+000
3.363783e+003,1.283729e+000
3.364265e+003,1.286837e+000
3.364747e+003,1.289421e+000
3.365229e+003,1.291040e+000
3.365712e+003,1.291497e+000
3.366194e+003,1.290886e+000
3.366676e+003,1.289581e+000
3.367158e+003,1.288106e+000
3.367640e+003,1.286990e+000
3.368122e+003,1.286607e+000
3.368604e+003,1.287065e+000
3.369086e+003,1.288203e+000
3.369569e+003,1.289635e+000
3.370051e+003,1.290876e+000
3.370533e+003,1.291487e+000
3.371015e+003,1.291194e+000
3.371497e+003,1.289963e+000
3.371979e+003,1.287997e+000
3.372461e+003,1.285668e+000
3.372943e+003,1.283408e+000
3.373426e+003,1.281593e+000
3.373908e+003,1.280423e+000
3.374390e+003,1.279894e+000
3.374872e+003,1.279813e+000
3.375354e+003,1.279859e+000
3.375836e+003,1.279689e+000
3.376318e+003,1.279027e+000
3.376800e+003,1.277747e+000
3.377282e+003,1.275876e+000
3.377765e+003,1.273570e+000
3.378247e+003,1.271066e+000
3.378729e+003,1.268605e+000
3.379211e+003,1.266404e+000
3.379693e+003,1.264606e+000
3.380175e+003,1.263292e+000
3.380657e+003,1.262480e+000
3.381140e+003,1.262142e+000
3.381622e+003,1.262198e+000
3.382104e+003,1.262526e+000
3.382586e+003,1.262984e+000
3.383068e+003,1.263441e+000
3.383550e+003,1.263813e+000
3.384032e+003,1.264111e+000
3.384514e+003,1.264467e+000
3.384997e+003,1.265101e+000
3.385479e+003,1.266267e+000
3.385961e+003,1.268162e+000
3.386443e+003,1.270847e+000
3.386925e+003,1.274187e+000
3.387407e+003,1.277867e+000
3.387889e+003,1.281437e+000
3.388371e+003,1.284442e+000
3.388854e+003,1.286529e+000
3.389336e+003,1.287512e+000
3.389818e+003,1.287438e+000
3.390300e+003,1.286548e+000
3.390782e+003,1.285216e+000
3.391264e+003,1.283838e+000
3.391746e+003,1.282752e+000
3.392229e+003,1.282170e+000
3.392710e+003,1.282164e+000
3.393193e+003,1.282671e+000
3.393675e+003,1.283570e+000
3.394157e+003,1.284724e+000
3.394639e+003,1.286032e+000
3.395121e+003,1.287435e+000
3.395603e+003,1.288904e+000
3.396085e+003,1.290412e+000
3.396568e+003,1.291887e+000
3.397050e+003,1.293197e+000
3.397532e+003,1.294147e+000
3.398014e+003,1.294531e+000
3.398496e+003,1.294168e+000
3.398978e+003,1.292949e+000
3.399460e+003,1.290866e+000
3.399942e+003,1.288025e+000
3.400425e+003,1.284612e+000
3.400907e+003,1.280861e+000
3.401389e+003,1.277039e+000
3.401871e+003,1.273415e+000
3.402353e+003,1.270260e+000
3.402835e+003,1.267831e+000
3.403317e+003,1.266350e+000
3.403799e+003,1.265950e+000
3.404281e+003,1.266648e+000
3.404764e+003,1.268273e+000
3.405246e+003,1.270494e+000
3.405728e+003,1.272858e+000
3.406210e+003,1.274889e+000
3.406692e+003,1.276214e+000
3.407174e+003,1.276651e+000
3.407656e+003,1.276280e+000
3.408138e+003,1.275390e+000
3.408621e+003,1.274401e+000
3.409103e+003,1.273728e+000
3.409585e+003,1.273683e+000
3.410067e+003,1.274390e+000
3.410549e+003,1.275798e+000
3.411031e+003,1.277724e+000
3.411513e+003,1.279942e+000
3.411996e+003,1.282234e+000
3.412478e+003,1.284429e+000
3.412960e+003,1.286388e+000
3.413442e+003,1.288003e+000
3.413924e+003,1.289167e+000
3.414406e+003,1.289791e+000
3.414888e+003,1.289842e+000
3.415370e+003,1.289389e+000
3.415853e+003,1.288622e+000
3.416335e+003,1.287842e+000
3.416817e+003,1.287395e+000
3.417299e+003,1.287594e+000
3.417781e+003,1.288594e+000
3.418263e+003,1.290344e+000
3.418745e+003,1.292548e+000
3.419227e+003,1.294722e+000
3.419709e+003,1.296291e+000
3.420192e+003,1.296723e+000
3.420674e+003,1.295670e+000
3.421156e+003,1.293072e+000
3.421638e+003,1.289173e+000
3.422120e+003,1.284493e+000
3.422602e+003,1.279678e+000
3.423084e+003,1.275381e+000
3.423566e+003,1.272092e+000
3.424049e+003,1.270033e+000
3.424531e+003,1.269121e+000
3.425013e+003,1.269013e+000
3.425495e+003,1.269223e+000
3.425977e+003,1.269258e+000
3.426459e+003,1.268774e+000
3.426941e+003,1.267678e+000
3.427424e+003,1.266144e+000
3.427906e+003,1.264553e+000
3.428388e+003,1.263372e+000
3.428870e+003,1.263019e+000
3.429352e+003,1.263720e+000
3.429834e+003,1.265448e+000
3.430316e+003,1.267907e+000
3.430798e+003,1.270607e+000
3.431281e+003,1.272968e+000
3.431763e+003,1.274450e+000
3.432245e+003,1.274677e+000
3.432727e+003,1.273534e+000
3.433209e+003,1.271185e+000
3.433691e+003,1.268063e+000
3.434173e+003,1.264766e+000
3.434655e+003,1.261932e+000
3.435137e+003,1.260108e+000
3.435620e+003,1.259592e+000
3.436102e+003,1.260384e+000
3.436584e+003,1.262186e+000
3.437066e+003,1.264473e+000
3.437548e+003,1.266634e+000
3.438030e+003,1.268113e+000
3.438512e+003,1.268542e+000
3.438994e+003,1.267789e+000
3.439477e+003,1.265958e+000
3.439959e+003,1.263324e+000
3.440441e+003,1.260253e+000
3.440923e+003,1.257119e+000
3.441405e+003,1.254243e+000
3.441887e+003,1.251863e+000
3.442369e+003,1.250125e+000
3.442852e+003,1.249085e+000
3.443333e+003,1.248717e+000
3.443816e+003,1.248913e+000
3.444298e+003,1.249514e+000
3.444780e+003,1.250315e+000
3.445262e+003,1.251107e+000
3.445744e+003,1.251696e+000
3.446226e+003,1.251936e+000
3.446708e+003,1.251731e+000
3.447191e+003,1.251037e+000
3.447673e+003,1.249848e+000
3.448155e+003,1.248207e+000
3.448637e+003,1.246197e+000
3.449119e+003,1.243975e+000
3.449601e+003,1.241748e+000
3.450083e+003,1.239789e+000
3.450565e+003,1.238374e+000
3.451048e+003,1.237716e+000
3.451530e+003,1.237904e+000
3.452012e+003,1.238869e+000
3.452494e+003,1.240383e+000
3.452976e+003,1.242116e+000
3.453458e+003,1.243726e+000
3.453940e+003,1.244948e+000
3.454422e+003,1.245655e+000
3.454905e+003,1.245852e+000
3.455387e+003,1.245661e+000
3.455869e+003,1.245248e+000
3.456351e+003,1.244779e+000
3.456833e+003,1.244384e+000
3.457315e+003,1.244148e+000
3.457797e+003,1.244141e+000
3.458280e+003,1.244419e+000
3.458761e+003,1.245029e+000
3.459244e+003,1.245996e+000
3.459726e+003,1.247318e+000
3.460208e+003,1.248937e+000
3.460690e+003,1.250750e+000
3.461172e+003,1.252609e+000
3.461654e+003,1.254359e+000
3.462136e+003,1.255827e+000
3.462619e+003,1.256838e+000
3.463101e+003,1.257226e+000
3.463583e+003,1.256832e+000
3.464065e+003,1.255550e+000
3.464547e+003,1.253354e+000
3.465029e+003,1.250332e+000
3.465511e+003,1.246692e+000
3.465993e+003,1.242742e+000
3.466476e+003,1.238782e+000
3.466958e+003,1.235043e+000
3.467440e+003,1.231593e+000
3.467922e+003,1.228334e+000
3.468404e+003,1.225049e+000
3.468886e+003,1.221515e+000
3.469368e+003,1.217640e+000
3.469850e+003,1.213547e+000
3.470333e+003,1.209594e+000
3.470815e+003,1.206300e+000
3.471297e+003,1.204210e+000
3.471779e+003,1.203731e+000
3.472261e+003,1.205000e+000
3.472743e+003,1.207826e+000
3.473225e+003,1.211721e+000
3.473708e+003,1.215999e+000
3.474189e+003,1.219921e+000
3.474672e+003,1.222844e+000
3.475154e+003,1.224327e+000
3.475636e+003,1.224171e+000
3.476118e+003,1.222419e+000
3.476600e+003,1.219291e+000
3.477082e+003,1.215116e+000
3.477564e+003,1.210263e+000
3.478047e+003,1.205100e+000
3.478529e+003,1.199977e+000
3.479011e+003,1.195235e+000
3.479493e+003,1.191198e+000
3.479975e+003,1.188181e+000
3.480457e+003,1.186449e+000
3.480939e+003,1.186169e+000
3.481421e+003,1.187347e+000
3.481904e+003,1.189788e+000
3.482386e+003,1.193106e+000
3.482868e+003,1.196795e+000
3.483350e+003,1.200331e+000
3.483832e+003,1.203304e+000
3.484314e+003,1.205496e+000
3.484796e+003,1.206928e+000
3.485278e+003,1.207809e+000
3.485760e+003,1.208458e+000
3.486243e+003,1.209191e+000
3.486725e+003,1.210218e+000
3.487207e+003,1.211597e+000
3.487689e+003,1.213219e+000
3.488171e+003,1.214869e+000
3.488653e+003,1.216288e+000
3.489135e+003,1.217243e+000
3.489618e+003,1.217562e+000
3.490100e+003,1.217147e+000
3.490582e+003,1.215979e+000
3.491064e+003,1.214098e+000
3.491546e+003,1.211626e+000
3.492028e+003,1.208749e+000
3.492510e+003,1.205733e+000
3.492992e+003,1.202875e+000
3.493475e+003,1.200449e+000
3.493957e+003,1.198645e+000
3.494439e+003,1.197517e+000
3.494921e+003,1.196970e+000
3.495403e+003,1.196799e+000
3.495885e+003,1.196756e+000
3.496367e+003,1.196628e+000
3.496849e+003,1.196288e+000
3.497332e+003,1.195683e+000
3.497814e+003,1.194798e+000
3.498296e+003,1.193607e+000
3.498778e+003,1.192028e+000
3.499260e+003,1.189934e+000
3.499742e+003,1.187206e+000
3.500224e+003,1.183817e+000
3.500706e+003,1.179888e+000
3.501188e+003,1.175729e+000
3.501671e+003,1.171794e+000
3.502153e+003,1.168578e+000
3.502635e+003,1.166497e+000
3.503117e+003,1.165755e+000
3.503599e+003,1.166300e+000
3.504081e+003,1.167828e+000
3.504563e+003,1.169894e+000
3.505046e+003,1.172013e+000
3.505528e+003,1.173774e+000
3.506010e+003,1.174909e+000
3.506492e+003,1.175314e+000
3.506974e+003,1.175039e+000
3.507456e+003,1.174258e+000
3.507938e+003,1.173226e+000
3.508420e+003,1.172214e+000
3.508903e+003,1.171440e+000
3.509385e+003,1.170998e+000
3.509867e+003,1.170813e+000
3.510349e+003,1.170633e+000
3.510831e+003,1.170095e+000
3.511313e+003,1.168801e+000
3.511795e+003,1.166449e+000
3.512277e+003,1.162930e+000
3.512760e+003,1.158371e+000
3.513242e+003,1.153160e+000
3.513724e+003,1.147874e+000
3.514206e+003,1.143170e+000
3.514688e+003,1.139649e+000
3.515170e+003,1.137725e+000
3.515652e+003,1.137527e+000
3.516135e+003,1.138872e+000
3.516616e+003,1.141284e+000
3.517099e+003,1.144116e+000
3.517581e+003,1.146693e+000
3.518063e+003,1.148463e+000
3.518545e+003,1.149122e+000
3.519027e+003,1.148656e+000
3.519509e+003,1.147301e+000
3.519991e+003,1.145434e+000
3.520474e+003,1.143422e+000
3.520956e+003,1.141504e+000
3.521438e+003,1.139725e+000
3.521920e+003,1.137966e+000
3.522402e+003,1.136032e+000
3.522884e+003,1.133779e+000
3.523366e+003,1.131242e+000
3.523848e+003,1.128654e+000
3.524331e+003,1.126382e+000
3.524813e+003,1.124814e+000
3.525295e+003,1.124207e+000
3.525777e+003,1.124585e+000
3.526259e+003,1.125727e+000
3.526741e+003,1.127217e+000
3.527223e+003,1.128565e+000
3.527705e+003,1.129337e+000
3.528188e+003,1.129247e+000
3.528670e+003,1.128206e+000
3.529152e+003,1.126307e+000
3.529634e+003,1.123766e+000
3.530116e+003,1.120860e+000
3.530598e+003,1.117877e+000
3.531080e+003,1.115083e+000
3.531563e+003,1.112689e+000
3.532044e+003,1.110827e+000
3.532527e+003,1.109529e+000
3.533009e+003,1.108706e+000
3.533491e+003,1.108163e+000
3.533973e+003,1.107652e+000
3.534455e+003,1.106952e+000
3.534937e+003,1.105962e+000
3.535419e+003,1.104761e+000
3.535902e+003,1.103624e+000
3.536384e+003,1.102947e+000
3.536866e+003,1.103130e+000
3.537348e+003,1.104428e+000
3.537830e+003,1.106854e+000
3.538312e+003,1.110158e+000
3.538794e+003,1.113872e+000
3.539276e+003,1.117428e+000
3.539759e+003,1.120277e+000
3.540241e+003,1.122005e+000
3.540723e+003,1.122407e+000
3.541205e+003,1.121494e+000
3.541687e+003,1.119477e+000
3.542169e+003,1.116703e+000
3.542651e+003,1.113575e+000
3.543133e+003,1.110474e+000
3.543615e+003,1.107664e+000
3.544098e+003,1.105253e+000
3.544580e+003,1.103182e+000
3.545062e+003,1.101246e+000
3.545544e+003,1.099183e+000
3.546026e+003,1.096786e+000
3.546508e+003,1.094001e+000
3.546990e+003,1.090969e+000
3.547472e+003,1.087983e+000
3.547955e+003,1.085410e+000
3.548437e+003,1.083568e+000
3.548919e+003,1.082639e+000
3.549401e+003,1.082621e+000
3.549883e+003,1.083345e+000
3.550365e+003,1.084528e+000
3.550847e+003,1.085844e+000
3.551330e+003,1.087000e+000
3.551812e+003,1.087785e+000
3.552294e+003,1.088093e+000
3.552776e+003,1.087897e+000
3.553258e+003,1.087210e+000
3.553740e+003,1.086037e+000
3.554222e+003,1.084384e+000
3.554704e+003,1.082263e+000
3.555187e+003,1.079738e+000
3.555669e+003,1.076959e+000
3.556151e+003,1.074174e+000
3.556633e+003,1.071698e+000
3.557115e+003,1.069853e+000
3.557597e+003,1.068886e+000
3.558079e+003,1.068889e+000
3.558561e+003,1.069760e+000
3.559043e+003,1.071189e+000
3.559526e+003,1.072735e+000
3.560008e+003,1.073930e+000
3.560490e+003,1.074395e+000
3.560972e+003,1.073944e+000
3.561454e+003,1.072614e+000
3.561936e+003,1.070665e+000
3.562418e+003,1.068480e+000
3.562900e+003,1.066486e+000
3.563383e+003,1.065068e+000
3.563865e+003,1.064519e+000
3.564347e+003,1.065046e+000
3.564829e+003,1.066774e+000
3.565311e+003,1.069772e+000
3.565793e+003,1.074027e+000
3.566275e+003,1.079389e+000
3.566758e+003,1.085488e+000
3.567240e+003,1.091708e+000
3.567722e+003,1.097255e+000
3.568204e+003,1.101324e+000
3.568686e+003,1.103295e+000
3.569168e+003,1.102841e+000
3.569650e+003,1.099984e+000
3.570132e+003,1.095030e+000
3.570615e+003,1.088493e+000
3.571097e+003,1.081004e+000
3.571579e+003,1.073225e+000
3.572061e+003,1.065759e+000
3.572543e+003,1.059098e+000
3.573025e+003,1.053567e+000
3.573507e+003,1.049323e+000
3.573989e+003,1.046378e+000
3.574471e+003,1.044603e+000
3.574954e+003,1.043791e+000
3.575436e+003,1.043679e+000
3.575918e+003,1.043983e+000
3.576400e+003,1.044420e+000
3.576882e+003,1.044752e+000
3.577364e+003,1.044829e+000
3.577846e+003,1.044615e+000
3.578328e+003,1.044190e+000
3.578811e+003,1.043733e+000
3.579293e+003,1.043455e+000
3.579775e+003,1.043527e+000
3.580257e+003,1.043991e+000
3.580739e+003,1.044741e+000
3.581221e+003,1.045520e+000
3.581703e+003,1.045984e+000
3.582186e+003,1.045792e+000
3.582667e+003,1.044699e+000
3.583150e+003,1.042639e+000
3.583632e+003,1.039738e+000
3.584114e+003,1.036305e+000
3.584596e+003,1.032771e+000
3.585078e+003,1.029626e+000
3.585560e+003,1.027291e+000
3.586042e+003,1.026021e+000
3.586525e+003,1.025815e+000
3.587007e+003,1.026395e+000
3.587489e+003,1.027280e+000
3.587971e+003,1.027978e+000
3.588453e+003,1.028155e+000
3.588935e+003,1.027730e+000
3.589417e+003,1.026869e+000
3.589899e+003,1.025845e+000
3.590382e+003,1.024946e+000
3.590864e+003,1.024393e+000
3.591346e+003,1.024307e+000
3.591828e+003,1.024711e+000
3.592310e+003,1.025554e+000
3.592792e+003,1.026748e+000
3.593274e+003,1.028167e+000
3.593756e+003,1.029672e+000
3.594239e+003,1.031107e+000
3.594721e+003,1.032308e+000
3.595203e+003,1.033109e+000
3.595685e+003,1.033381e+000
3.596167e+003,1.033073e+000
3.596649e+003,1.032235e+000
3.597131e+003,1.031036e+000
3.597614e+003,1.029740e+000
3.598095e+003,1.028664e+000
3.598578e+003,1.028113e+000
3.599060e+003,1.028307e+000
3.599542e+003,1.029318e+000
3.600024e+003,1.031041e+000
3.600506e+003,1.033200e+000
3.600988e+003,1.035406e+000
3.601470e+003,1.037238e+000
3.601953e+003,1.038336e+000
3.602435e+003,1.038469e+000
3.602917e+003,1.037547e+000
3.603399e+003,1.035618e+000
3.603881e+003,1.032832e+000
3.604363e+003,1.029390e+000
3.604845e+003,1.025535e+000
3.605327e+003,1.021492e+000
3.605810e+003,1.017496e+000
3.606292e+003,1.013773e+000
3.606774e+003,1.010542e+000
3.607256e+003,1.008000e+000
3.607738e+003,1.006313e+000
3.608220e+003,1.005564e+000
3.608702e+003,1.005744e+000
3.609184e+003,1.006735e+000
3.609667e+003,1.008342e+000
3.610149e+003,1.010336e+000
3.610631e+003,1.012505e+000
3.611113e+003,1.014648e+000
3.611595e+003,1.016602e+000
3.612077e+003,1.018232e+000
3.612559e+003,1.019412e+000
3.613042e+003,1.020032e+000
3.613524e+003,1.020000e+000
3.614006e+003,1.019271e+000
3.614488e+003,1.017865e+000
3.614970e+003,1.015877e+000
3.615452e+003,1.013456e+000
3.615934e+003,1.010826e+000
3.616416e+003,1.008231e+000
3.616898e+003,1.005920e+000
3.617381e+003,1.004123e+000
3.617863e+003,1.003005e+000
3.618345e+003,1.002645e+000
3.618827e+003,1.003028e+000
3.619309e+003,1.004048e+000
3.619791e+003,1.005552e+000
3.620273e+003,1.007385e+000
3.620755e+003,1.009390e+000
3.621238e+003,1.011427e+000
3.621720e+003,1.013359e+000
3.622202e+003,1.015036e+000
3.622684e+003,1.016319e+000
3.623166e+003,1.017072e+000
3.623648e+003,1.017212e+000
3.624130e+003,1.016707e+000
3.624612e+003,1.015602e+000
3.625094e+003,1.014026e+000
3.625577e+003,1.012193e+000
3.626059e+003,1.010427e+000
3.626541e+003,1.009167e+000
3.627023e+003,1.008977e+000
3.627505e+003,1.010455e+000
3.627987e+003,1.014063e+000
3.628469e+003,1.019829e+000
3.628952e+003,1.027164e+000
3.629434e+003,1.035002e+000
3.629916e+003,1.042234e+000
3.630398e+003,1.048102e+000
3.630880e+003,1.052322e+000
3.631362e+003,1.054966e+000
3.631844e+003,1.056256e+000
3.632326e+003,1.056447e+000
3.632809e+003,1.055775e+000
3.633291e+003,1.054479e+000
3.633773e+003,1.052834e+000
3.634255e+003,1.051211e+000
3.634737e+003,1.050055e+000
3.635219e+003,1.049849e+000
3.635701e+003,1.051007e+000
3.636183e+003,1.053722e+000
3.636666e+003,1.057906e+000
3.637148e+003,1.063111e+000
3.637630e+003,1.068581e+000
3.638112e+003,1.073374e+000
3.638594e+003,1.076564e+000
3.639076e+003,1.077469e+000
3.639558e+003,1.075832e+000
3.640041e+003,1.071895e+000
3.640522e+003,1.066353e+000
3.641005e+003,1.060202e+000
3.641487e+003,1.054511e+000
3.641969e+003,1.050182e+000
3.642451e+003,1.047789e+000
3.642933e+003,1.047503e+000
3.643415e+003,1.049116e+000
3.643897e+003,1.052151e+000
3.644380e+003,1.055981e+000
3.644862e+003,1.059961e+000
3.645344e+003,1.063500e+000
3.645826e+003,1.066116e+000
3.646308e+003,1.067483e+000
3.646790e+003,1.067521e+000
3.647272e+003,1.066435e+000
3.647754e+003,1.064781e+000
3.648237e+003,1.063451e+000
3.648719e+003,1.063501e+000
3.649201e+003,1.065836e+000
3.649683e+003,1.070902e+000
3.650165e+003,1.078485e+000
3.650647e+003,1.087817e+000
3.651129e+003,1.097932e+000
3.651611e+003,1.107936e+000
3.652094e+003,1.117247e+000
3.652576e+003,1.125604e+000
3.653058e+003,1.133034e+000
3.653540e+003,1.139782e+000
3.654022e+003,1.146232e+000
3.654504e+003,1.152843e+000
3.654986e+003,1.160024e+000
3.655469e+003,1.168009e+000
3.655950e+003,1.176728e+000
3.656433e+003,1.185788e+000
3.656915e+003,1.194588e+000
3.657397e+003,1.202543e+000
3.657879e+003,1.209289e+000
3.658361e+003,1.214772e+000
3.658843e+003,1.219208e+000
3.659325e+003,1.222980e+000
3.659808e+003,1.226517e+000
3.660290e+003,1.230187e+000
3.660772e+003,1.234226e+000
3.661254e+003,1.238700e+000
3.661736e+003,1.243516e+000
3.662218e+003,1.248471e+000
3.662700e+003,1.253335e+000
3.663182e+003,1.257905e+000
3.663665e+003,1.262063e+000
3.664147e+003,1.265796e+000
3.664629e+003,1.269160e+000
3.665111e+003,1.272293e+000
3.665593e+003,1.275366e+000
3.666075e+003,1.278608e+000
3.666557e+003,1.282315e+000
3.667039e+003,1.286861e+000
3.667521e+003,1.292706e+000
3.668004e+003,1.300328e+000
3.668486e+003,1.310049e+000
3.668968e+003,1.321798e+000
3.669450e+003,1.334873e+000
3.669932e+003,1.347992e+000
3.670414e+003,1.359684e+000
3.670896e+003,1.368845e+000
3.671378e+003,1.375097e+000
3.671861e+003,1.378800e+000
3.672343e+003,1.380831e+000
3.672825e+003,1.382327e+000
3.673307e+003,1.384516e+000
3.673789e+003,1.388560e+000
3.674271e+003,1.395299e+000
3.674753e+003,1.404917e+000
3.675236e+003,1.416699e+000
3.675718e+003,1.429218e+000
3.676200e+003,1.441029e+000
3.676682e+003,1.451395e+000
3.677164e+003,1.460438e+000
3.677646e+003,1.468825e+000
3.678128e+003,1.477255e+000
3.678610e+003,1.486112e+000
3.679093e+003,1.495335e+000
3.679575e+003,1.504474e+000
3.680057e+003,1.512850e+000
3.680539e+003,1.519808e+000
3.681021e+003,1.524924e+000
3.681503e+003,1.528113e+000
3.681985e+003,1.529629e+000
3.682467e+003,1.529916e+000
3.682949e+003,1.529483e+000
3.683432e+003,1.528774e+000
3.683914e+003,1.528118e+000
3.684396e+003,1.527750e+000
3.684878e+003,1.527860e+000
3.685360e+003,1.528680e+000
3.685842e+003,1.530532e+000
3.686324e+003,1.533839e+000
3.686806e+003,1.539121e+000
3.687289e+003,1.546907e+000
3.687771e+003,1.557638e+000
3.688253e+003,1.571521e+000
3.688735e+003,1.588399e+000
3.689217e+003,1.607670e+000
3.689699e+003,1.628340e+000
3.690181e+003,1.649137e+000
3.690664e+003,1.668706e+000
3.691146e+003,1.685799e+000
3.691628e+003,1.699476e+000
3.692110e+003,1.709243e+000
3.692592e+003,1.715129e+000
3.693074e+003,1.717694e+000
3.693556e+003,1.717893e+000
3.694038e+003,1.716903e+000
3.694521e+003,1.715865e+000
3.695003e+003,1.715688e+000
3.695485e+003,1.716848e+000
3.695967e+003,1.719362e+000
3.696449e+003,1.722851e+000
3.696931e+003,1.726776e+000
3.697413e+003,1.730692e+000
3.697895e+003,1.734462e+000
3.698377e+003,1.738385e+000
3.698860e+003,1.743138e+000
3.699342e+003,1.749599e+000
3.699824e+003,1.758599e+000
3.700306e+003,1.770605e+000
3.700788e+003,1.785452e+000
3.701270e+003,1.802229e+000
3.701752e+003,1.819395e+000
3.702234e+003,1.835186e+000
3.702717e+003,1.848084e+000
3.703199e+003,1.857193e+000
3.703681e+003,1.862342e+000
3.704163e+003,1.863963e+000
3.704645e+003,1.862880e+000
3.705127e+003,1.860084e+000
3.705609e+003,1.856584e+000
3.706092e+003,1.853325e+000
3.706573e+003,1.851160e+000
3.707056e+003,1.850839e+000
3.707538e+003,1.853019e+000
3.708020e+003,1.858274e+000
3.708502e+003,1.867106e+000
3.708984e+003,1.879875e+000
3.709466e+003,1.896664e+000
3.709948e+003,1.917093e+000
3.710431e+003,1.940089e+000
3.710913e+003,1.963829e+000
3.711395e+003,1.985993e+000
3.711877e+003,2.004310e+000
3.712359e+003,2.017221e+000
3.712841e+003,2.024304e+000
3.713323e+003,2.026206e+000
3.713805e+003,2.024313e+000
3.714288e+003,2.020298e+000
3.714770e+003,2.015760e+000
3.715252e+003,2.012017e+000
3.715734e+003,2.009980e+000
3.716216e+003,2.010114e+000
3.716698e+003,2.012427e+000
3.717180e+003,2.016508e+000
3.717662e+003,2.021642e+000
3.718145e+003,2.026996e+000
3.718627e+003,2.031837e+000
3.719109e+003,2.035718e+000
3.719591e+003,2.038580e+000
3.720073e+003,2.040717e+000
3.720555e+003,2.042648e+000
3.721037e+003,2.044922e+000
3.721520e+003,2.047953e+000
3.722001e+003,2.051902e+000
3.722484e+003,2.056726e+000
3.722966e+003,2.062250e+000
3.723448e+003,2.068344e+000
3.723930e+003,2.074977e+000
3.724412e+003,2.082229e+000
3.724894e+003,2.090149e+000
3.725376e+003,2.098608e+000
3.725859e+003,2.107181e+000
3.726341e+003,2.115163e+000
3.726823e+003,2.121767e+000
3.727305e+003,2.126380e+000
3.727787e+003,2.128773e+000
3.728269e+003,2.129193e+000
3.728751e+003,2.128258e+000
3.729233e+003,2.126798e+000
3.729716e+003,2.125644e+000
3.730198e+003,2.125433e+000
3.730680e+003,2.126473e+000
3.731162e+003,2.128685e+000
3.731644e+003,2.131700e+000
3.732126e+003,2.135067e+000
3.732608e+003,2.138560e+000
3.733090e+003,2.142396e+000
3.733573e+003,2.147243e+000
3.734055e+003,2.153935e+000
3.734537e+003,2.162979e+000
3.735019e+003,2.174082e+000
3.735501e+003,2.185986e+000
3.735983e+003,2.196801e+000
3.736465e+003,2.204663e+000
3.736948e+003,2.208343e+000
3.737430e+003,2.207468e+000
3.737912e+003,2.202311e+000
3.738394e+003,2.193440e+000
3.738876e+003,2.181396e+000
3.739358e+003,2.166612e+000
3.739840e+003,2.149487e+000
3.740322e+003,2.130580e+000
3.740804e+003,2.110851e+000
3.741287e+003,2.091892e+000
3.741769e+003,2.076063e+000
3.742251e+003,2.066452e+000
3.742733e+003,2.066432e+000
3.743215e+003,2.078574e+000
3.743697e+003,2.102977e+000
3.744179e+003,2.135868e+000
3.744661e+003,2.170210e+000
3.745144e+003,2.198580e+000
3.745626e+003,2.216393e+000
3.746108e+003,2.223038e+000
3.746590e+003,2.220808e+000
3.747072e+003,2.213241e+000
3.747554e+003,2.203916e+000
3.748036e+003,2.195953e+000
3.748518e+003,2.191867e+000
3.749000e+003,2.193462e+000
3.749483e+003,2.201698e+000
3.749965e+003,2.216413e+000
3.750447e+003,2.236213e+000
3.750929e+003,2.258615e+000
3.751411e+003,2.280664e+000
3.751893e+003,2.299665e+000
3.752375e+003,2.313747e+000
3.752858e+003,2.322068e+000
3.753340e+003,2.324684e+000
3.753822e+003,2.322256e+000
3.754304e+003,2.315780e+000
3.754786e+003,2.306383e+000
3.755268e+003,2.295190e+000
3.755750e+003,2.283292e+000
3.756232e+003,2.271770e+000
3.756715e+003,2.261720e+000
3.757197e+003,2.254248e+000
3.757679e+003,2.250353e+000
3.758161e+003,2.250686e+000
3.758643e+003,2.255241e+000
3.759125e+003,2.263114e+000
3.759607e+003,2.272537e+000
3.760089e+003,2.281284e+000
3.760572e+003,2.287304e+000
3.761054e+003,2.289325e+000
3.761536e+003,2.287156e+000
3.762018e+003,2.281646e+000
3.762500e+003,2.274365e+000
3.762982e+003,2.267183e+000
3.763464e+003,2.261778e+000
3.763947e+003,2.259239e+000
3.764428e+003,2.259750e+000
3.764911e+003,2.262520e+000
3.765393e+003,2.266067e+000
3.765875e+003,2.268793e+000
3.766357e+003,2.269604e+000
3.766839e+003,2.268310e+000
3.767321e+003,2.265637e+000
3.767803e+003,2.262946e+000
3.768286e+003,2.261771e+000
3.768768e+003,2.263343e+000
3.769250e+003,2.268179e+000
3.769732e+003,2.275907e+000
3.770214e+003,2.285407e+000
3.770696e+003,2.295233e+000
3.771178e+003,2.304088e+000
3.771660e+003,2.311157e+000
3.772143e+003,2.316138e+000
3.772625e+003,2.319085e+000
3.773107e+003,2.320199e+000
3.773589e+003,2.319675e+000
3.774071e+003,2.317647e+000
3.774553e+003,2.314248e+000
3.775035e+003,2.309678e+000
3.775517e+003,2.304324e+000
3.776000e+003,2.298798e+000
3.776482e+003,2.293927e+000
3.776964e+003,2.290631e+000
3.777446e+003,2.289741e+000
3.777928e+003,2.291749e+000
3.778410e+003,2.296565e+000
3.778892e+003,2.303400e+000
3.779375e+003,2.310911e+000
3.779856e+003,2.317583e+000
3.780339e+003,2.322210e+000
3.780821e+003,2.324253e+000
3.781303e+003,2.323872e+000
3.781785e+003,2.321738e+000
3.782267e+003,2.318706e+000
3.782749e+003,2.315548e+000
3.783231e+003,2.312762e+000
3.783714e+003,2.310488e+000
3.784196e+003,2.308588e+000
3.784678e+003,2.306773e+000
3.785160e+003,2.304814e+000
3.785642e+003,2.302673e+000
3.786124e+003,2.300570e+000
3.786606e+003,2.298889e+000
3.787088e+003,2.298059e+000
3.787571e+003,2.298418e+000
3.788053e+003,2.300115e+000
3.788535e+003,2.303077e+000
3.789017e+003,2.307029e+000
3.789499e+003,2.311499e+000
3.789981e+003,2.315896e+000
3.790463e+003,2.319556e+000
3.790945e+003,2.321863e+000
3.791427e+003,2.322378e+000
3.791910e+003,2.320975e+000
3.792392e+003,2.317933e+000
3.792874e+003,2.313960e+000
3.793356e+003,2.310076e+000
3.793838e+003,2.307411e+000
3.794320e+003,2.306866e+000
3.794802e+003,2.308769e+000
3.795284e+003,2.312591e+000
3.795767e+003,2.316902e+000
3.796249e+003,2.319739e+000
3.796731e+003,2.319278e+000
3.797213e+003,2.314566e+000
3.797695e+003,2.305962e+000
3.798177e+003,2.295135e+000
3.798659e+003,2.284754e+000
3.799142e+003,2.278016e+000
3.799624e+003,2.278020e+000
3.800106e+003,2.286903e+000
3.800588e+003,2.304749e+000
3.801070e+003,2.328807e+000
3.801552e+003,2.353845e+000
3.802034e+003,2.374074e+000
3.802516e+003,2.385534e+000
3.802999e+003,2.387333e+000
3.803481e+003,2.381250e+000
3.803963e+003,2.370509e+000
3.804445e+003,2.358666e+000
3.804927e+003,2.348886e+000
3.805409e+003,2.343501e+000
3.805891e+003,2.343558e+000
3.806373e+003,2.348531e+000
3.806855e+003,2.356392e+000
3.807338e+003,2.364296e+000
3.807820e+003,2.369695e+000
3.808302e+003,2.371180e+000
3.808784e+003,2.368663e+000
3.809266e+003,2.362918e+000
3.809748e+003,2.354966e+000
3.810230e+003,2.345622e+000
3.810712e+003,2.335315e+000
3.811195e+003,2.324192e+000
3.811677e+003,2.312355e+000
3.812159e+003,2.300175e+000
3.812641e+003,2.288513e+000
3.813123e+003,2.278829e+000
3.813605e+003,2.272998e+000
3.814087e+003,2.272920e+000
3.814570e+003,2.279772e+000
3.815052e+003,2.293202e+000
3.815534e+003,2.310845e+000
3.816016e+003,2.328768e+000
3.816498e+003,2.342920e+000
3.816980e+003,2.350785e+000
3.817462e+003,2.352169e+000
3.817944e+003,2.348981e+000
3.818427e+003,2.344375e+000
3.818909e+003,2.341849e+000
3.819391e+003,2.344422e+000
3.819873e+003,2.353750e+000
3.820355e+003,2.369273e+000
3.820837e+003,2.387902e+000
3.821319e+003,2.404866e+000
3.821801e+003,2.415791e+000
3.822283e+003,2.418540e+000
3.822766e+003,2.413686e+000
3.823248e+003,2.403603e+000
3.823730e+003,2.391238e+000
3.824212e+003,2.379245e+000
3.824694e+003,2.369561e+000
3.825176e+003,2.363199e+000
3.825658e+003,2.360241e+000
3.826140e+003,2.359912e+000
3.826623e+003,2.360864e+000
3.827105e+003,2.361627e+000
3.827587e+003,2.361094e+000
3.828069e+003,2.358813e+000
3.828551e+003,2.355051e+000
3.829033e+003,2.350583e+000
3.829515e+003,2.346408e+000
3.829998e+003,2.343452e+000
3.830479e+003,2.342285e+000
3.830962e+003,2.342958e+000
3.831444e+003,2.344956e+000
3.831926e+003,2.347337e+000
3.832408e+003,2.349003e+000
3.832890e+003,2.349024e+000
3.833372e+003,2.346895e+000
3.833854e+003,2.342678e+000
3.834337e+003,2.336972e+000
3.834819e+003,2.330843e+000
3.835301e+003,2.325638e+000
3.835783e+003,2.322771e+000
3.836265e+003,2.323453e+000
3.836747e+003,2.328344e+000
3.837229e+003,2.337263e+000
3.837711e+003,2.349102e+000
3.838194e+003,2.362052e+000
3.838676e+003,2.374140e+000
3.839158e+003,2.383862e+000
3.839640e+003,2.390612e+000
3.840122e+003,2.394714e+000
3.840604e+003,2.397157e+000
3.841086e+003,2.399197e+000
3.841568e+003,2.401955e+000
3.842051e+003,2.406098e+000
3.842533e+003,2.411672e+000
3.843015e+003,2.418064e+000
3.843497e+003,2.424160e+000
3.843979e+003,2.428639e+000
3.844461e+003,2.430324e+000
3.844943e+003,2.428481e+000
3.845426e+003,2.422936e+000
3.845907e+003,2.414049e+000
3.846390e+003,2.402536e+000
3.846872e+003,2.389283e+000
3.847354e+003,2.375182e+000
3.847836e+003,2.361023e+000
3.848318e+003,2.347469e+000
3.848800e+003,2.335112e+000
3.849282e+003,2.324588e+000
3.849765e+003,2.316715e+000
3.850247e+003,2.312642e+000
3.850729e+003,2.313943e+000
3.851211e+003,2.322485e+000
3.851693e+003,2.340030e+000
3.852175e+003,2.367189e+000
3.852657e+003,2.402144e+000
3.853139e+003,2.439962e+000
3.853622e+003,2.473916e+000
3.854104e+003,2.498484e+000
3.854586e+003,2.511662e+000
3.855068e+003,2.514718e+000
3.855550e+003,2.510381e+000
3.856032e+003,2.501225e+000
3.856514e+003,2.489036e+000
3.856996e+003,2.474833e+000
3.857479e+003,2.459198e+000
3.857961e+003,2.442587e+000
3.858443e+003,2.425588e+000
3.858925e+003,2.408988e+000
3.859407e+003,2.393753e+000
3.859889e+003,2.380893e+000
3.860371e+003,2.371321e+000
3.860854e+003,2.365727e+000
3.861336e+003,2.364516e+000
3.861818e+003,2.367794e+000
3.862300e+003,2.375308e+000
3.862782e+003,2.386378e+000
3.863264e+003,2.399741e+000
3.863746e+003,2.413485e+000
3.864228e+003,2.425259e+000
3.864710e+003,2.432780e+000
3.865193e+003,2.434543e+000
3.865675e+003,2.430346e+000
3.866157e+003,2.421405e+000
3.866639e+003,2.410090e+000
3.867121e+003,2.399442e+000
3.867603e+003,2.392591e+000
3.868085e+003,2.392123e+000
3.868567e+003,2.399329e+000
3.869050e+003,2.413465e+000
3.869532e+003,2.431599e+000
3.870014e+003,2.449383e+000
3.870496e+003,2.462820e+000
3.870978e+003,2.469835e+000
3.871460e+003,2.470810e+000
3.871942e+003,2.467951e+000
3.872424e+003,2.464119e+000
3.872906e+003,2.461787e+000
3.873389e+003,2.462292e+000
3.873871e+003,2.465535e+000
3.874353e+003,2.470115e+000
3.874835e+003,2.473944e+000
3.875317e+003,2.475045e+000
3.875799e+003,2.472239e+000
3.876281e+003,2.465383e+000
3.876764e+003,2.455280e+000
3.877246e+003,2.443361e+000
3.877728e+003,2.431384e+000
3.878210e+003,2.421169e+000
3.878692e+003,2.414271e+000
3.879174e+003,2.411615e+000
3.879656e+003,2.413118e+000
3.880138e+003,2.417545e+000
3.880621e+003,2.422839e+000
3.881103e+003,2.426911e+000
3.881585e+003,2.428453e+000
3.882067e+003,2.427393e+000
3.882549e+003,2.424855e+000
3.883031e+003,2.422732e+000
3.883513e+003,2.423150e+000
3.883995e+003,2.427811e+000
3.884478e+003,2.437346e+000
3.884960e+003,2.450797e+000
3.885442e+003,2.465626e+000
3.885924e+003,2.478497e+000
3.886406e+003,2.486516e+000
3.886888e+003,2.488254e+000
3.887370e+003,2.484001e+000
3.887853e+003,2.475328e+000
3.888334e+003,2.464401e+000
3.888817e+003,2.453432e+000
3.889299e+003,2.444317e+000
3.889781e+003,2.438411e+000
3.890263e+003,2.436353e+000
3.890745e+003,2.437951e+000
3.891227e+003,2.442239e+000
3.891709e+003,2.447783e+000
3.892192e+003,2.453162e+000
3.892674e+003,2.457375e+000
3.893156e+003,2.460027e+000
3.893638e+003,2.461245e+000
3.894120e+003,2.461436e+000
3.894602e+003,2.461077e+000
3.895084e+003,2.460565e+000
3.895566e+003,2.460165e+000
3.896049e+003,2.459996e+000
3.896531e+003,2.460083e+000
3.897013e+003,2.460386e+000
3.897495e+003,2.460816e+000
3.897977e+003,2.461306e+000
3.898459e+003,2.461762e+000
3.898941e+003,2.462110e+000
3.899423e+003,2.462288e+000
3.899906e+003,2.462294e+000
3.900388e+003,2.462244e+000
3.900870e+003,2.462405e+000
3.901352e+003,2.463226e+000
3.901834e+003,2.465258e+000
3.902316e+003,2.469032e+000
3.902798e+003,2.474843e+000
3.903281e+003,2.482580e+000
3.903762e+003,2.491592e+000
3.904245e+003,2.500778e+000
3.904727e+003,2.508825e+000
3.905209e+003,2.514552e+000
3.905691e+003,2.517176e+000
3.906173e+003,2.516431e+000
3.906655e+003,2.512535e+000
3.907137e+003,2.506073e+000
3.907620e+003,2.497864e+000
3.908102e+003,2.488841e+000
3.908584e+003,2.479942e+000
3.909066e+003,2.472016e+000
3.909548e+003,2.465718e+000
3.910030e+003,2.461426e+000
3.910512e+003,2.459171e+000
3.910994e+003,2.458674e+000
3.911477e+003,2.459421e+000
3.911959e+003,2.460836e+000
3.912441e+003,2.462452e+000
3.912923e+003,2.464029e+000
3.913405e+003,2.465616e+000
3.913887e+003,2.467467e+000
3.914369e+003,2.469928e+000
3.914851e+003,2.473254e+000
3.915333e+003,2.477496e+000
3.915816e+003,2.482445e+000
3.916298e+003,2.487687e+000
3.916780e+003,2.492754e+000
3.917262e+003,2.497295e+000
3.917744e+003,2.501171e+000
3.918226e+003,2.504438e+000
3.918708e+003,2.507246e+000
3.919190e+003,2.509714e+000
3.919673e+003,2.511834e+000
3.920155e+003,2.513519e+000
3.920637e+003,2.514677e+000
3.921119e+003,2.515340e+000
3.921601e+003,2.515737e+000
3.922083e+003,2.516255e+000
3.922565e+003,2.517369e+000
3.923048e+003,2.519437e+000
3.923530e+003,2.522570e+000
3.924012e+003,2.526505e+000
3.924494e+003,2.530645e+000
3.924976e+003,2.534193e+000
3.925458e+003,2.536393e+000
3.925940e+003,2.536729e+000
3.926422e+003,2.535032e+000
3.926905e+003,2.531474e+000
3.927387e+003,2.526498e+000
3.927869e+003,2.520718e+000
3.928351e+003,2.514850e+000
3.928833e+003,2.509672e+000
3.929315e+003,2.505967e+000
3.929797e+003,2.504434e+000
3.930279e+003,2.505574e+000
3.930761e+003,2.509537e+000
3.931244e+003,2.516031e+000
3.931726e+003,2.524297e+000
3.932208e+003,2.533257e+000
3.932690e+003,2.541744e+000
3.933172e+003,2.548799e+000
3.933654e+003,2.553856e+000
3.934136e+003,2.556781e+000
3.934618e+003,2.557792e+000
3.935101e+003,2.557239e+000
3.935583e+003,2.555434e+000
3.936065e+003,2.552489e+000
3.936547e+003,2.548323e+000
3.937029e+003,2.542737e+000
3.937511e+003,2.535592e+000
3.937993e+003,2.526998e+000
3.938476e+003,2.517458e+000
3.938958e+003,2.507897e+000
3.939440e+003,2.499553e+000
3.939922e+003,2.493764e+000
3.940404e+003,2.491690e+000
3.940886e+003,2.494009e+000
3.941368e+003,2.500686e+000
3.941850e+003,2.510881e+000
3.942333e+003,2.523066e+000
3.942815e+003,2.535380e+000
3.943297e+003,2.546094e+000
3.943779e+003,2.554048e+000
3.944261e+003,2.558883e+000
3.944743e+003,2.561002e+000
3.945225e+003,2.561360e+000
3.945707e+003,2.561160e+000
3.946189e+003,2.561568e+000
3.946672e+003,2.563508e+000
3.947154e+003,2.567525e+000
3.947636e+003,2.573743e+000
3.948118e+003,2.581905e+000
3.948600e+003,2.591437e+000
3.949082e+003,2.601579e+000
3.949564e+003,2.611500e+000
3.950046e+003,2.620395e+000
3.950529e+003,2.627565e+000
3.951011e+003,2.632479e+000
3.951493e+003,2.634825e+000
3.951975e+003,2.634548e+000
3.952457e+003,2.631875e+000
3.952939e+003,2.627304e+000
3.953421e+003,2.621551e+000
3.953904e+003,2.615456e+000
3.954385e+003,2.609848e+000
3.954868e+003,2.605411e+000
3.955350e+003,2.602573e+000
3.955832e+003,2.601427e+000
3.956314e+003,2.601737e+000
3.956796e+003,2.603005e+000
3.957278e+003,2.604600e+000
3.957760e+003,2.605907e+000
3.958243e+003,2.606467e+000
3.958725e+003,2.606059e+000
3.959207e+003,2.604717e+000
3.959689e+003,2.602690e+000
3.960171e+003,2.600327e+000
3.960653e+003,2.597963e+000
3.961135e+003,2.595826e+000
3.961617e+003,2.593987e+000
3.962100e+003,2.592375e+000
3.962582e+003,2.590842e+000
3.963064e+003,2.589224e+000
3.963546e+003,2.587434e+000
3.964028e+003,2.585474e+000
3.964510e+003,2.583444e+000
3.964992e+003,2.581512e+000
3.965474e+003,2.579884e+000
3.965957e+003,2.578771e+000
3.966439e+003,2.578380e+000
3.966921e+003,2.578861e+000
3.967403e+003,2.580289e+000
3.967885e+003,2.582622e+000
3.968367e+003,2.585672e+000
3.968849e+003,2.589097e+000
3.969332e+003,2.592479e+000
3.969813e+003,2.595400e+000
3.970296e+003,2.597569e+000
3.970778e+003,2.598926e+000
3.971260e+003,2.599669e+000
3.971742e+003,2.600210e+000
3.972224e+003,2.601053e+000
3.972706e+003,2.602628e+000
3.973188e+003,2.605151e+000
3.973671e+003,2.608536e+000
3.974153e+003,2.612431e+000
3.974635e+003,2.616282e+000
3.975117e+003,2.619514e+000
3.975599e+003,2.621655e+000
3.976081e+003,2.622450e+000
3.976563e+003,2.621894e+000
3.977045e+003,2.620212e+000
3.977528e+003,2.617820e+000
3.978010e+003,2.615232e+000
3.978492e+003,2.613006e+000
3.978974e+003,2.611663e+000
3.979456e+003,2.611602e+000
3.979938e+003,2.613022e+000
3.980420e+003,2.615877e+000
3.980902e+003,2.619846e+000
3.981385e+003,2.624365e+000
3.981867e+003,2.628771e+000
3.982349e+003,2.632421e+000
3.982831e+003,2.634856e+000
3.983313e+003,2.635933e+000
3.983795e+003,2.635806e+000
3.984277e+003,2.634893e+000
3.984760e+003,2.633728e+000
3.985242e+003,2.632808e+000
3.985724e+003,2.632455e+000
3.986206e+003,2.632746e+000
3.986688e+003,2.633516e+000
3.987170e+003,2.634432e+000
3.987652e+003,2.635101e+000
3.988134e+003,2.635191e+000
3.988616e+003,2.634547e+000
3.989099e+003,2.633247e+000
3.989581e+003,2.631632e+000
3.990063e+003,2.630246e+000
3.990545e+003,2.629733e+000
3.991027e+003,2.630675e+000
3.991509e+003,2.633430e+000
3.991991e+003,2.637980e+000
3.992473e+003,2.643879e+000
3.992956e+003,2.650304e+000
3.993438e+003,2.656179e+000
3.993920e+003,2.660438e+000
3.994402e+003,2.662271e+000
3.994884e+003,2.661359e+000
3.995366e+003,2.657965e+000
3.995848e+003,2.652892e+000
3.996330e+003,2.647297e+000
3.996813e+003,2.642404e+000
3.997295e+003,2.639221e+000
3.997777e+003,2.638308e+000
3.998259e+003,2.639694e+000
3.998741e+003,2.642920e+000
3.999223e+003,2.647175e+000
3.999705e+003,2.651537e+000
4.000188e+003,2.655188e+000
