3.996813e+002,0.000000e+000
4.001635e+002,4.180718e+001
4.006456e+002,4.207968e+001
4.011277e+002,4.233535e+001
4.016098e+002,4.254445e+001
4.020919e+002,4.267911e+001
4.025741e+002,4.272185e+001
4.030562e+002,4.267019e+001
4.035383e+002,4.253756e+001
4.040204e+002,4.234870e+001
4.045026e+002,4.213349e+001
4.049847e+002,4.192029e+001
4.054668e+002,4.173239e+001
4.059489e+002,4.158577e+001
4.064311e+002,4.148946e+001
4.069132e+002,4.144553e+001
4.073953e+002,4.144973e+001
4.078774e+002,4.149139e+001
4.083596e+002,4.155462e+001
4.088417e+002,4.161998e+001
4.093238e+002,4.166878e+001
4.098059e+002,4.168720e+001
4.102881e+002,4.166988e+001
4.107702e+002,4.162010e+001
4.112523e+002,4.154761e+001
4.117344e+002,4.146358e+001
4.122166e+002,4.137697e+001
4.126987e+002,4.129195e+001
4.131808e+002,4.120938e+001
4.136629e+002,4.112933e+001
4.141451e+002,4.105414e+001
4.146272e+002,4.098919e+001
4.151093e+002,4.094239e+001
4.155914e+002,4.092109e+001
4.160736e+002,4.092983e+001
4.165557e+002,4.096796e+001
4.170378e+002,4.102942e+001
4.175200e+002,4.110360e+001
4.180021e+002,4.117841e+001
4.184842e+002,4.124408e+001
4.189663e+002,4.129649e+001
4.194484e+002,4.133664e+001
4.199306e+002,4.136716e+001
4.204127e+002,4.138861e+001
4.208948e+002,4.139931e+001
4.213770e+002,4.139701e+001
4.218591e+002,4.138185e+001
4.223412e+002,4.135680e+001
4.228233e+002,4.132786e+001
4.233055e+002,4.130168e+001
4.237876e+002,4.128378e+001
4.242697e+002,4.127677e+001
4.247518e+002,4.128054e+001
4.252339e+002,4.129316e+001
4.257161e+002,4.131268e+001
4.261982e+002,4.133784e+001
4.266803e+002,4.136760e+001
4.271624e+002,4.139978e+001
4.276446e+002,4.143024e+001
4.281267e+002,4.145246e+001
4.286088e+002,4.145996e+001
4.290909e+002,4.144852e+001
4.295731e+002,4.141916e+001
4.300552e+002,4.137855e+001
4.305373e+002,4.133787e+001
4.310194e+002,4.130867e+001
4.315016e+002,4.129909e+001
4.319837e+002,4.131086e+001
4.324658e+002,4.133941e+001
4.329479e+002,4.137593e+001
4.334301e+002,4.141114e+001
4.339122e+002,4.143827e+001
4.343943e+002,4.145485e+001
4.348764e+002,4.146219e+001
4.353586e+002,4.146373e+001
4.358407e+002,4.146285e+001
4.363228e+002,4.146184e+001
4.368049e+002,4.146145e+001
4.372870e+002,4.146180e+001
4.377692e+002,4.146297e+001
4.382513e+002,4.146535e+001
4.387334e+002,4.146900e+001
4.392155e+002,4.147319e+001
4.396977e+002,4.147595e+001
4.401798e+002,4.147474e+001
4.406619e+002,4.146729e+001
4.411440e+002,4.145297e+001
4.416262e+002,4.143308e+001
4.421083e+002,4.141044e+001
4.425904e+002,4.138782e+001
4.430725e+002,4.136656e+001
4.435547e+002,4.134597e+001
4.440368e+002,4.132439e+001
4.445189e+002,4.130076e+001
4.450010e+002,4.127641e+001
4.454832e+002,4.125509e+001
4.459653e+002,4.124210e+001
4.464474e+002,4.124171e+001
4.469295e+002,4.125532e+001
4.474117e+002,4.128036e+001
4.478938e+002,4.131137e+001
4.483759e+002,4.134215e+001
4.488580e+002,4.136859e+001
4.493401e+002,4.138998e+001
4.498223e+002,4.140889e+001
4.503044e+002,4.142921e+001
4.507865e+002,4.145362e+001
4.512687e+002,4.148135e+001
4.517508e+002,4.150790e+001
4.522329e+002,4.152609e+001
4.527150e+002,4.152903e+001
4.531971e+002,4.151264e+001
4.536793e+002,4.147742e+001
4.541614e+002,4.142783e+001
4.546435e+002,4.137103e+001
4.551257e+002,4.131480e+001
4.556078e+002,4.126646e+001
4.560899e+002,4.123210e+001
4.565720e+002,4.121610e+001
4.570542e+002,4.122048e+001
4.575363e+002,4.124415e+001
4.580184e+002,4.128228e+001
4.585005e+002,4.132720e+001
4.589827e+002,4.137009e+001
4.594648e+002,4.140365e+001
4.599469e+002,4.142374e+001
4.604290e+002,4.143024e+001
4.609112e+002,4.142596e+001
4.613933e+002,4.141521e+001
4.618754e+002,4.140171e+001
4.623575e+002,4.138731e+001
4.628397e+002,4.137148e+001
4.633218e+002,4.135232e+001
4.638039e+002,4.132816e+001
4.642860e+002,4.129929e+001
4.647682e+002,4.126857e+001
4.652503e+002,4.124094e+001
4.657324e+002,4.122175e+001
4.662145e+002,4.121499e+001
4.666967e+002,4.122177e+001
4.671788e+002,4.124043e+001
4.676609e+002,4.126740e+001
4.681430e+002,4.129899e+001
4.686252e+002,4.133254e+001
4.691073e+002,4.136697e+001
4.695894e+002,4.140194e+001
4.700715e+002,4.143686e+001
4.705536e+002,4.146984e+001
4.710358e+002,4.149791e+001
4.715179e+002,4.151783e+001
4.720000e+002,4.152784e+001
4.724821e+002,4.152847e+001
4.729643e+002,4.152264e+001
4.734464e+002,4.151406e+001
4.739285e+002,4.150540e+001
4.744106e+002,4.149702e+001
4.748928e+002,4.148719e+001
4.753749e+002,4.147315e+001
4.758570e+002,4.145278e+001
4.763391e+002,4.142556e+001
4.768213e+002,4.139305e+001
4.773034e+002,4.135816e+001
4.777855e+002,4.132441e+001
4.782676e+002,4.129482e+001
4.787498e+002,4.127160e+001
4.792319e+002,4.125615e+001
4.797140e+002,4.124934e+001
4.801961e+002,4.125154e+001
4.806783e+002,4.126244e+001
4.811604e+002,4.128041e+001
4.816425e+002,4.130218e+001
4.821246e+002,4.132293e+001
4.826068e+002,4.133750e+001
4.830889e+002,4.134168e+001
4.835710e+002,4.133386e+001
4.840531e+002,4.131547e+001
4.845352e+002,4.129051e+001
4.850174e+002,4.126378e+001
4.854995e+002,4.123919e+001
4.859816e+002,4.121854e+001
4.864637e+002,4.120141e+001
4.869459e+002,4.118606e+001
4.874280e+002,4.117052e+001
4.879101e+002,4.115345e+001
4.883922e+002,4.113435e+001
4.888744e+002,4.111321e+001
4.893565e+002,4.109016e+001
4.898386e+002,4.106513e+001
4.903207e+002,4.103840e+001
4.908029e+002,4.101099e+001
4.912850e+002,4.098516e+001
4.917671e+002,4.096412e+001
4.922492e+002,4.095109e+001
4.927314e+002,4.094786e+001
4.932135e+002,4.095377e+001
4.936956e+002,4.096550e+001
4.941777e+002,4.097817e+001
4.946599e+002,4.098677e+001
4.951420e+002,4.098788e+001
4.956241e+002,4.098053e+001
4.961062e+002,4.096611e+001
4.965884e+002,4.094733e+001
4.970705e+002,4.092715e+001
4.975526e+002,4.090764e+001
4.980347e+002,4.089008e+001
4.985169e+002,4.087503e+001
4.989990e+002,4.086318e+001
4.994811e+002,4.085539e+001
4.999633e+002,4.085264e+001
5.004454e+002,4.085498e+001
5.009275e+002,4.086111e+001
5.014096e+002,4.086800e+001
5.018917e+002,4.087189e+001
5.023739e+002,4.086951e+001
5.028560e+002,4.085975e+001
5.033381e+002,4.084398e+001
5.038203e+002,4.082552e+001
5.043024e+002,4.080796e+001
5.047845e+002,4.079367e+001
5.052666e+002,4.078285e+001
5.057487e+002,4.077366e+001
5.062309e+002,4.076322e+001
5.067130e+002,4.074909e+001
5.071951e+002,4.073029e+001
5.076772e+002,4.070757e+001
5.081594e+002,4.068287e+001
5.086415e+002,4.065811e+001
5.091236e+002,4.063427e+001
5.096057e+002,4.061116e+001
5.100879e+002,4.058766e+001
5.105700e+002,4.056269e+001
5.110521e+002,4.053564e+001
5.115342e+002,4.050689e+001
5.120164e+002,4.047731e+001
5.124985e+002,4.044799e+001
5.129806e+002,4.041962e+001
5.134627e+002,4.039273e+001
5.139448e+002,4.036781e+001
5.144270e+002,4.034588e+001
5.149091e+002,4.032851e+001
5.153912e+002,4.031764e+001
5.158734e+002,4.031471e+001
5.163555e+002,4.032001e+001
5.168376e+002,4.033202e+001
5.173197e+002,4.034784e+001
5.178019e+002,4.036383e+001
5.182840e+002,4.037696e+001
5.187661e+002,4.038541e+001
5.192482e+002,4.038890e+001
5.197303e+002,4.038808e+001
5.202125e+002,4.038390e+001
5.206946e+002,4.037698e+001
5.211767e+002,4.036763e+001
5.216588e+002,4.035615e+001
5.221410e+002,4.034324e+001
5.226231e+002,4.033007e+001
5.231052e+002,4.031815e+001
5.235873e+002,4.030854e+001
5.240695e+002,4.030147e+001
5.245516e+002,4.029582e+001
5.250337e+002,4.028971e+001
5.255159e+002,4.028106e+001
5.259980e+002,4.026880e+001
5.264801e+002,4.025323e+001
5.269622e+002,4.023613e+001
5.274443e+002,4.021984e+001
5.279265e+002,4.020643e+001
5.284086e+002,4.019686e+001
5.288907e+002,4.019102e+001
5.293728e+002,4.018812e+001
5.298550e+002,4.018727e+001
5.303371e+002,4.018789e+001
5.308192e+002,4.018990e+001
5.313013e+002,4.019331e+001
5.317834e+002,4.019794e+001
5.322656e+002,4.020309e+001
5.327477e+002,4.020771e+001
5.332299e+002,4.021077e+001
5.337120e+002,4.021182e+001
5.341941e+002,4.021106e+001
5.346762e+002,4.020933e+001
5.351583e+002,4.020744e+001
5.356404e+002,4.020569e+001
5.361226e+002,4.020357e+001
5.366047e+002,4.019995e+001
5.370868e+002,4.019364e+001
5.375690e+002,4.018407e+001
5.380511e+002,4.017168e+001
5.385332e+002,4.015776e+001
5.390153e+002,4.014392e+001
5.394974e+002,4.013139e+001
5.399796e+002,4.012050e+001
5.404617e+002,4.011078e+001
5.409438e+002,4.010131e+001
5.414260e+002,4.009141e+001
5.419081e+002,4.008102e+001
5.423902e+002,4.007080e+001
5.428723e+002,4.006171e+001
5.433544e+002,4.005448e+001
5.438365e+002,4.004910e+001
5.443187e+002,4.004484e+001
5.448008e+002,4.004049e+001
5.452830e+002,4.003494e+001
5.457651e+002,4.002760e+001
5.462472e+002,4.001853e+001
5.467293e+002,4.000825e+001
5.472114e+002,3.999740e+001
5.476936e+002,3.998636e+001
5.481757e+002,3.997534e+001
5.486578e+002,3.996449e+001
5.491400e+002,3.995419e+001
5.496221e+002,3.994512e+001
5.501042e+002,3.993803e+001
5.505863e+002,3.993337e+001
5.510684e+002,3.993095e+001
5.515505e+002,3.992983e+001
5.520327e+002,3.992863e+001
5.525148e+002,3.992610e+001
5.529969e+002,3.992160e+001
5.534791e+002,3.991531e+001
5.539612e+002,3.990807e+001
5.544433e+002,3.990070e+001
5.549254e+002,3.989359e+001
5.554076e+002,3.988628e+001
5.558896e+002,3.987779e+001
5.563718e+002,3.986713e+001
5.568539e+002,3.985395e+001
5.573361e+002,3.983888e+001
5.578182e+002,3.982338e+001
5.583003e+002,3.980917e+001
5.587825e+002,3.979757e+001
5.592645e+002,3.978892e+001
5.597467e+002,3.978270e+001
5.602288e+002,3.977777e+001
5.607109e+002,3.977314e+001
5.611931e+002,3.976825e+001
5.616752e+002,3.976322e+001
5.621573e+002,3.975841e+001
5.626394e+002,3.975412e+001
5.631216e+002,3.975019e+001
5.636037e+002,3.974599e+001
5.640858e+002,3.974080e+001
5.645679e+002,3.973421e+001
5.650500e+002,3.972631e+001
5.655322e+002,3.971772e+001
5.660143e+002,3.970908e+001
5.664965e+002,3.970066e+001
5.669785e+002,3.969206e+001
5.674607e+002,3.968235e+001
5.679428e+002,3.967051e+001
5.684249e+002,3.965607e+001
5.689070e+002,3.963941e+001
5.693892e+002,3.962182e+001
5.698713e+002,3.960491e+001
5.703534e+002,3.959009e+001
5.708356e+002,3.957803e+001
5.713177e+002,3.956861e+001
5.717998e+002,3.956114e+001
5.722819e+002,3.955481e+001
5.727640e+002,3.954899e+001
5.732462e+002,3.954335e+001
5.737283e+002,3.953756e+001
5.742104e+002,3.953102e+001
5.746925e+002,3.952268e+001
5.751747e+002,3.951126e+001
5.756568e+002,3.949564e+001
5.761389e+002,3.947551e+001
5.766210e+002,3.945165e+001
5.771031e+002,3.942587e+001
5.775853e+002,3.940050e+001
5.780674e+002,3.937783e+001
5.785496e+002,3.935952e+001
5.790317e+002,3.934653e+001
5.795138e+002,3.933911e+001
5.799959e+002,3.933715e+001
5.804780e+002,3.934023e+001
5.809601e+002,3.934759e+001
5.814423e+002,3.935790e+001
5.819244e+002,3.936911e+001
5.824066e+002,3.937850e+001
5.828887e+002,3.938317e+001
5.833708e+002,3.938069e+001
5.838529e+002,3.936990e+001
5.843350e+002,3.935112e+001
5.848171e+002,3.932622e+001
5.852993e+002,3.929790e+001
5.857814e+002,3.926907e+001
5.862635e+002,3.924200e+001
5.867457e+002,3.921817e+001
5.872278e+002,3.919824e+001
5.877099e+002,3.918246e+001
5.881920e+002,3.917087e+001
5.886741e+002,3.916361e+001
5.891563e+002,3.916066e+001
5.896384e+002,3.916170e+001
5.901205e+002,3.916582e+001
5.906027e+002,3.917170e+001
5.910848e+002,3.917773e+001
5.915669e+002,3.918251e+001
5.920490e+002,3.918513e+001
5.925311e+002,3.918521e+001
5.930133e+002,3.918282e+001
5.934954e+002,3.917816e+001
5.939775e+002,3.917138e+001
5.944597e+002,3.916272e+001
5.949418e+002,3.915256e+001
5.954239e+002,3.914173e+001
5.959060e+002,3.913143e+001
5.963882e+002,3.912307e+001
5.968702e+002,3.911778e+001
5.973524e+002,3.911601e+001
5.978345e+002,3.911732e+001
5.983167e+002,3.912059e+001
5.987988e+002,3.912439e+001
5.992809e+002,3.912757e+001
5.997630e+002,3.912941e+001
6.002451e+002,3.912984e+001
6.007273e+002,3.912896e+001
6.012094e+002,3.912681e+001
6.016915e+002,3.912307e+001
6.021736e+002,3.911731e+001
6.026558e+002,3.910920e+001
6.031379e+002,3.909906e+001
6.036200e+002,3.908783e+001
6.041022e+002,3.907711e+001
6.045842e+002,3.906846e+001
6.050664e+002,3.906298e+001
6.055485e+002,3.906083e+001
6.060306e+002,3.906128e+001
6.065128e+002,3.906300e+001
6.069949e+002,3.906466e+001
6.074770e+002,3.906525e+001
6.079591e+002,3.906438e+001
6.084413e+002,3.906196e+001
6.089234e+002,3.905807e+001
6.094055e+002,3.905259e+001
6.098876e+002,3.904527e+001
6.103698e+002,3.903593e+001
6.108519e+002,3.902477e+001
6.113340e+002,3.901248e+001
6.118162e+002,3.900022e+001
6.122983e+002,3.898916e+001
6.127804e+002,3.898015e+001
6.132625e+002,3.897335e+001
6.137446e+002,3.896824e+001
6.142267e+002,3.896390e+001
6.147089e+002,3.895943e+001
6.151910e+002,3.895427e+001
6.156731e+002,3.894831e+001
6.161553e+002,3.894172e+001
6.166374e+002,3.893480e+001
6.171195e+002,3.892766e+001
6.176016e+002,3.892036e+001
6.180837e+002,3.891304e+001
6.185659e+002,3.890618e+001
6.190480e+002,3.890065e+001
6.195302e+002,3.889753e+001
6.200123e+002,3.889767e+001
6.204944e+002,3.890131e+001
6.209765e+002,3.890777e+001
6.214586e+002,3.891574e+001
6.219407e+002,3.892344e+001
6.224229e+002,3.892935e+001
6.229050e+002,3.893256e+001
6.233871e+002,3.893291e+001
6.238693e+002,3.893082e+001
6.243514e+002,3.892687e+001
6.248335e+002,3.892154e+001
6.253156e+002,3.891498e+001
6.257977e+002,3.890710e+001
6.262798e+002,3.889785e+001
6.267620e+002,3.888730e+001
6.272441e+002,3.887580e+001
6.277263e+002,3.886377e+001
6.282084e+002,3.885163e+001
6.286905e+002,3.883959e+001
6.291726e+002,3.882779e+001
6.296547e+002,3.881640e+001
6.301368e+002,3.880589e+001
6.306190e+002,3.879696e+001
6.311011e+002,3.879042e+001
6.315833e+002,3.878675e+001
6.320654e+002,3.878583e+001
6.325475e+002,3.878677e+001
6.330296e+002,3.878806e+001
6.335117e+002,3.878797e+001
6.339939e+002,3.878516e+001
6.344760e+002,3.877895e+001
6.349581e+002,3.876952e+001
6.354402e+002,3.875762e+001
6.359224e+002,3.874426e+001
6.364045e+002,3.873037e+001
6.368866e+002,3.871668e+001
6.373687e+002,3.870370e+001
6.378508e+002,3.869198e+001
6.383330e+002,3.868206e+001
6.388151e+002,3.867451e+001
6.392972e+002,3.866955e+001
6.397794e+002,3.866701e+001
6.402615e+002,3.866616e+001
6.407436e+002,3.866597e+001
6.412257e+002,3.866552e+001
6.417079e+002,3.866432e+001
6.421899e+002,3.866251e+001
6.426721e+002,3.866076e+001
6.431542e+002,3.865978e+001
6.436364e+002,3.865989e+001
6.441185e+002,3.866070e+001
6.446006e+002,3.866116e+001
6.450827e+002,3.865993e+001
6.455648e+002,3.865598e+001
6.460470e+002,3.864899e+001
6.465291e+002,3.863958e+001
6.470112e+002,3.862911e+001
6.474933e+002,3.861930e+001
6.479755e+002,3.861173e+001
6.484576e+002,3.860752e+001
6.489397e+002,3.860720e+001
6.494219e+002,3.861075e+001
6.499040e+002,3.861769e+001
6.503861e+002,3.862721e+001
6.508682e+002,3.863826e+001
6.513503e+002,3.864959e+001
6.518325e+002,3.865996e+001
6.523146e+002,3.866850e+001
6.527968e+002,3.867492e+001
6.532788e+002,3.867979e+001
6.537610e+002,3.868434e+001
6.542431e+002,3.869015e+001
6.547252e+002,3.869844e+001
6.552073e+002,3.870965e+001
6.556895e+002,3.872319e+001
6.561716e+002,3.873770e+001
6.566537e+002,3.875151e+001
6.571359e+002,3.876331e+001
6.576179e+002,3.877255e+001
6.581001e+002,3.877956e+001
6.585822e+002,3.878519e+001
6.590643e+002,3.879058e+001
6.595464e+002,3.879668e+001
6.600286e+002,3.880428e+001
6.605107e+002,3.881398e+001
6.609928e+002,3.882646e+001
6.614750e+002,3.884224e+001
6.619571e+002,3.886153e+001
6.624392e+002,3.888366e+001
6.629213e+002,3.890686e+001
6.634034e+002,3.892815e+001
6.638856e+002,3.894391e+001
6.643677e+002,3.895035e+001
6.648499e+002,3.894423e+001
6.653320e+002,3.892329e+001
6.658141e+002,3.888688e+001
6.662962e+002,3.883665e+001
6.667783e+002,3.877779e+001
6.672605e+002,3.871995e+001
6.677426e+002,3.867641e+001
6.682247e+002,3.865971e+001
6.687068e+002,3.867551e+001
6.691890e+002,3.871958e+001
6.696711e+002,3.878125e+001
6.701532e+002,3.884905e+001
6.706353e+002,3.891437e+001
6.711174e+002,3.897208e+001
6.715996e+002,3.901981e+001
6.720817e+002,3.905692e+001
6.725638e+002,3.908408e+001
6.730460e+002,3.910291e+001
6.735281e+002,3.911560e+001
6.740102e+002,3.912448e+001
6.744923e+002,3.913147e+001
6.749745e+002,3.913763e+001
6.754565e+002,3.914323e+001
6.759387e+002,3.914792e+001
6.764208e+002,3.915126e+001
6.769030e+002,3.915310e+001
6.773851e+002,3.915374e+001
6.778672e+002,3.915373e+001
6.783493e+002,3.915359e+001
6.788314e+002,3.915351e+001
6.793136e+002,3.915345e+001
6.797957e+002,3.915320e+001
6.802778e+002,3.915293e+001
6.807599e+002,3.915328e+001
6.812421e+002,3.915552e+001
6.817242e+002,3.916113e+001
6.822063e+002,3.917148e+001
6.826885e+002,3.918733e+001
6.831705e+002,3.920878e+001
6.836527e+002,3.923513e+001
6.841348e+002,3.926524e+001
6.846169e+002,3.929766e+001
6.850991e+002,3.933091e+001
6.855812e+002,3.936349e+001
6.860634e+002,3.939411e+001
6.865454e+002,3.942169e+001
6.870276e+002,3.944576e+001
6.875096e+002,3.946659e+001
6.879918e+002,3.948536e+001
6.884739e+002,3.950384e+001
6.889561e+002,3.952401e+001
6.894382e+002,3.954725e+001
6.899203e+002,3.957390e+001
6.904025e+002,3.960294e+001
6.908845e+002,3.963232e+001
6.913667e+002,3.965952e+001
6.918488e+002,3.968234e+001
6.923309e+002,3.969938e+001
6.928130e+002,3.971037e+001
6.932952e+002,3.971587e+001
6.937773e+002,3.971704e+001
6.942594e+002,3.971518e+001
6.947416e+002,3.971154e+001
6.952236e+002,3.970732e+001
6.957058e+002,3.970381e+001
6.961879e+002,3.970231e+001
6.966700e+002,3.970408e+001
6.971522e+002,3.970999e+001
6.976343e+002,3.972030e+001
6.981165e+002,3.973444e+001
6.985985e+002,3.975125e+001
6.990807e+002,3.976930e+001
6.995628e+002,3.978732e+001
7.000449e+002,3.980456e+001
7.005270e+002,3.982080e+001
7.010092e+002,3.983615e+001
7.014913e+002,3.985086e+001
7.019734e+002,3.986496e+001
7.024556e+002,3.987834e+001
7.029377e+002,3.989078e+001
7.034198e+002,3.990232e+001
7.039019e+002,3.991323e+001
7.043840e+002,3.992399e+001
7.048662e+002,3.993497e+001
7.053483e+002,3.994613e+001
7.058304e+002,3.995682e+001
7.063125e+002,3.996587e+001
7.067947e+002,3.997191e+001
7.072768e+002,3.997388e+001
7.077589e+002,3.997134e+001
7.082410e+002,3.996469e+001
7.087231e+002,3.995497e+001
7.092053e+002,3.994361e+001
7.096874e+002,3.993206e+001
7.101696e+002,3.992162e+001
7.106517e+002,3.991329e+001
7.111338e+002,3.990783e+001
7.116159e+002,3.990570e+001
7.120980e+002,3.990710e+001
7.125802e+002,3.991167e+001
7.130623e+002,3.991864e+001
7.135444e+002,3.992679e+001
7.140265e+002,3.993472e+001
7.145087e+002,3.994121e+001
7.149908e+002,3.994550e+001
7.154729e+002,3.994733e+001
7.159550e+002,3.994695e+001
7.164371e+002,3.994473e+001
7.169193e+002,3.994110e+001
7.174014e+002,3.993632e+001
7.178835e+002,3.993076e+001
7.183657e+002,3.992501e+001
7.188478e+002,3.992015e+001
7.193299e+002,3.991748e+001
7.198120e+002,3.991822e+001
7.202942e+002,3.992289e+001
7.207762e+002,3.993087e+001
7.212584e+002,3.994043e+001
7.217405e+002,3.994917e+001
7.222227e+002,3.995481e+001
7.227048e+002,3.995598e+001
7.231869e+002,3.995263e+001
7.236691e+002,3.994601e+001
7.241511e+002,3.993810e+001
7.246333e+002,3.993091e+001
7.251154e+002,3.992580e+001
7.255975e+002,3.992323e+001
7.260797e+002,3.992288e+001
7.265618e+002,3.992411e+001
7.270439e+002,3.992633e+001
7.275260e+002,3.992939e+001
7.280082e+002,3.993346e+001
7.284902e+002,3.993882e+001
7.289724e+002,3.994564e+001
7.294545e+002,3.995375e+001
7.299366e+002,3.996275e+001
7.304188e+002,3.997215e+001
7.309009e+002,3.998156e+001
7.313831e+002,3.999068e+001
7.318651e+002,3.999918e+001
7.323473e+002,4.000647e+001
7.328293e+002,4.001167e+001
7.333115e+002,4.001373e+001
7.337936e+002,4.001179e+001
7.342758e+002,4.000565e+001
7.347579e+002,3.999599e+001
7.352400e+002,3.998441e+001
7.357222e+002,3.997304e+001
7.362042e+002,3.996395e+001
7.366864e+002,3.995859e+001
7.371685e+002,3.995755e+001
7.376506e+002,3.996038e+001
7.381328e+002,3.996607e+001
7.386149e+002,3.997330e+001
7.390970e+002,3.998090e+001
7.395791e+002,3.998790e+001
7.400613e+002,3.999376e+001
7.405434e+002,3.999808e+001
7.410255e+002,4.000071e+001
7.415076e+002,4.000164e+001
7.419897e+002,4.000106e+001
7.424719e+002,3.999934e+001
7.429540e+002,3.999694e+001
7.434362e+002,3.999426e+001
7.439182e+002,3.999154e+001
7.444004e+002,3.998880e+001
7.448825e+002,3.998595e+001
7.453646e+002,3.998293e+001
7.458467e+002,3.997995e+001
7.463289e+002,3.997743e+001
7.468110e+002,3.997594e+001
7.472931e+002,3.997578e+001
7.477753e+002,3.997691e+001
7.482574e+002,3.997876e+001
7.487395e+002,3.998042e+001
7.492216e+002,3.998102e+001
7.497037e+002,3.998009e+001
7.501859e+002,3.997771e+001
7.506680e+002,3.997457e+001
7.511501e+002,3.997160e+001
7.516322e+002,3.996957e+001
7.521144e+002,3.996881e+001
7.525965e+002,3.996913e+001
7.530786e+002,3.996999e+001
7.535608e+002,3.997076e+001
7.540428e+002,3.997101e+001
7.545250e+002,3.997062e+001
7.550071e+002,3.996965e+001
7.554893e+002,3.996823e+001
7.559714e+002,3.996642e+001
7.564535e+002,3.996419e+001
7.569356e+002,3.996157e+001
7.574177e+002,3.995882e+001
7.578999e+002,3.995640e+001
7.583820e+002,3.995491e+001
7.588641e+002,3.995472e+001
7.593463e+002,3.995577e+001
7.598284e+002,3.995738e+001
7.603105e+002,3.995842e+001
7.607926e+002,3.995768e+001
7.612748e+002,3.995431e+001
7.617568e+002,3.994814e+001
7.622390e+002,3.993982e+001
7.627211e+002,3.993049e+001
7.632032e+002,3.992154e+001
7.636854e+002,3.991407e+001
7.641675e+002,3.990876e+001
7.646496e+002,3.990582e+001
7.651317e+002,3.990513e+001
7.656139e+002,3.990645e+001
7.660959e+002,3.990944e+001
7.665781e+002,3.991368e+001
7.670602e+002,3.991864e+001
7.675424e+002,3.992355e+001
7.680245e+002,3.992759e+001
7.685066e+002,3.993000e+001
7.689888e+002,3.993032e+001
7.694708e+002,3.992849e+001
7.699530e+002,3.992479e+001
7.704351e+002,3.991959e+001
7.709172e+002,3.991313e+001
7.713994e+002,3.990544e+001
7.718815e+002,3.989632e+001
7.723636e+002,3.988559e+001
7.728457e+002,3.987333e+001
7.733279e+002,3.986011e+001
7.738099e+002,3.984687e+001
7.742921e+002,3.983479e+001
7.747742e+002,3.982493e+001
7.752563e+002,3.981802e+001
7.757385e+002,3.981436e+001
7.762206e+002,3.981385e+001
7.767028e+002,3.981622e+001
7.771848e+002,3.982095e+001
7.776670e+002,3.982742e+001
7.781491e+002,3.983472e+001
7.786312e+002,3.984162e+001
7.791133e+002,3.984665e+001
7.795955e+002,3.984840e+001
7.800776e+002,3.984594e+001
7.805597e+002,3.983910e+001
7.810419e+002,3.982877e+001
7.815239e+002,3.981665e+001
7.820061e+002,3.980481e+001
7.824882e+002,3.979518e+001
7.829703e+002,3.978902e+001
7.834525e+002,3.978674e+001
7.839346e+002,3.978794e+001
7.844167e+002,3.979168e+001
7.848988e+002,3.979676e+001
7.853810e+002,3.980207e+001
7.858631e+002,3.980662e+001
7.863452e+002,3.980959e+001
7.868273e+002,3.981037e+001
7.873094e+002,3.980865e+001
7.877916e+002,3.980443e+001
7.882737e+002,3.979821e+001
7.887559e+002,3.979077e+001
7.892380e+002,3.978301e+001
7.897201e+002,3.977555e+001
7.902022e+002,3.976854e+001
7.906843e+002,3.976146e+001
7.911665e+002,3.975336e+001
7.916486e+002,3.974328e+001
7.921307e+002,3.973065e+001
7.926128e+002,3.971558e+001
7.930950e+002,3.969889e+001
7.935771e+002,3.968189e+001
7.940592e+002,3.966600e+001
7.945413e+002,3.965242e+001
7.950234e+002,3.964193e+001
7.955056e+002,3.963494e+001
7.959877e+002,3.963153e+001
7.964698e+002,3.963156e+001
7.969520e+002,3.963467e+001
7.974341e+002,3.964016e+001
7.979162e+002,3.964693e+001
7.983983e+002,3.965358e+001
7.988805e+002,3.965871e+001
7.993625e+002,3.966120e+001
7.998447e+002,3.966062e+001
8.003268e+002,3.965731e+001
8.008090e+002,3.965223e+001
8.012911e+002,3.964648e+001
8.017732e+002,3.964090e+001
8.022553e+002,3.963568e+001
8.027374e+002,3.963041e+001
8.032196e+002,3.962423e+001
8.037017e+002,3.961640e+001
8.041838e+002,3.960647e+001
8.046660e+002,3.959460e+001
8.051481e+002,3.958135e+001
8.056302e+002,3.956753e+001
8.061123e+002,3.955383e+001
8.065945e+002,3.954081e+001
8.070765e+002,3.952883e+001
8.075587e+002,3.951813e+001
8.080408e+002,3.950886e+001
8.085229e+002,3.950109e+001
8.090051e+002,3.949462e+001
8.094872e+002,3.948893e+001
8.099694e+002,3.948318e+001
8.104514e+002,3.947651e+001
8.109336e+002,3.946822e+001
8.114156e+002,3.945823e+001
8.118978e+002,3.944704e+001
8.123799e+002,3.943565e+001
8.128621e+002,3.942503e+001
8.133442e+002,3.941586e+001
8.138263e+002,3.940813e+001
8.143085e+002,3.940123e+001
8.147905e+002,3.939421e+001
8.152727e+002,3.938621e+001
8.157548e+002,3.937682e+001
8.162369e+002,3.936613e+001
8.167191e+002,3.935464e+001
8.172012e+002,3.934299e+001
8.176833e+002,3.933162e+001
8.181654e+002,3.932080e+001
8.186476e+002,3.931059e+001
8.191296e+002,3.930109e+001
8.196118e+002,3.929256e+001
8.200939e+002,3.928543e+001
8.205760e+002,3.928005e+001
8.210582e+002,3.927659e+001
8.215403e+002,3.927478e+001
8.220225e+002,3.927402e+001
8.225045e+002,3.927349e+001
8.229867e+002,3.927247e+001
8.234688e+002,3.927050e+001
8.239509e+002,3.926738e+001
8.244330e+002,3.926304e+001
8.249152e+002,3.925732e+001
8.253973e+002,3.924992e+001
8.258794e+002,3.924036e+001
8.263616e+002,3.922831e+001
8.268437e+002,3.921377e+001
8.273258e+002,3.919727e+001
8.278079e+002,3.917981e+001
8.282900e+002,3.916254e+001
8.287722e+002,3.914645e+001
8.292543e+002,3.913214e+001
8.297365e+002,3.911969e+001
8.302185e+002,3.910888e+001
8.307007e+002,3.909939e+001
8.311828e+002,3.909106e+001
8.316649e+002,3.908397e+001
8.321470e+002,3.907822e+001
8.326292e+002,3.907381e+001
8.331113e+002,3.907038e+001
8.335934e+002,3.906728e+001
8.340756e+002,3.906363e+001
8.345577e+002,3.905863e+001
8.350398e+002,3.905174e+001
8.355219e+002,3.904276e+001
8.360040e+002,3.903170e+001
8.364862e+002,3.901870e+001
8.369683e+002,3.900391e+001
8.374504e+002,3.898742e+001
8.379325e+002,3.896948e+001
8.384147e+002,3.895057e+001
8.388968e+002,3.893149e+001
8.393789e+002,3.891322e+001
8.398610e+002,3.889670e+001
8.403431e+002,3.888253e+001
8.408253e+002,3.887084e+001
8.413074e+002,3.886129e+001
8.417896e+002,3.885330e+001
8.422717e+002,3.884632e+001
8.427538e+002,3.883996e+001
8.432359e+002,3.883412e+001
8.437180e+002,3.882873e+001
8.442002e+002,3.882364e+001
8.446823e+002,3.881844e+001
8.451644e+002,3.881259e+001
8.456465e+002,3.880550e+001
8.461287e+002,3.879692e+001
8.466108e+002,3.878698e+001
8.470929e+002,3.877615e+001
8.475751e+002,3.876506e+001
8.480571e+002,3.875413e+001
8.485393e+002,3.874343e+001
8.490214e+002,3.873263e+001
8.495035e+002,3.872119e+001
8.499857e+002,3.870868e+001
8.504678e+002,3.869493e+001
8.509499e+002,3.868018e+001
8.514320e+002,3.866483e+001
8.519142e+002,3.864932e+001
8.523962e+002,3.863389e+001
8.528784e+002,3.861859e+001
8.533605e+002,3.860339e+001
8.538427e+002,3.858844e+001
8.543248e+002,3.857406e+001
8.548069e+002,3.856090e+001
8.552891e+002,3.854953e+001
8.557711e+002,3.854030e+001
8.562533e+002,3.853304e+001
8.567354e+002,3.852718e+001
8.572175e+002,3.852180e+001
8.576996e+002,3.851611e+001
8.581818e+002,3.850962e+001
8.586639e+002,3.850230e+001
8.591460e+002,3.849449e+001
8.596282e+002,3.848664e+001
8.601102e+002,3.847909e+001
8.605924e+002,3.847194e+001
8.610745e+002,3.846504e+001
8.615566e+002,3.845816e+001
8.620388e+002,3.845107e+001
8.625209e+002,3.844367e+001
8.630031e+002,3.843588e+001
8.634851e+002,3.842765e+001
8.639673e+002,3.841874e+001
8.644494e+002,3.840897e+001
8.649315e+002,3.839811e+001
8.654136e+002,3.838620e+001
8.658958e+002,3.837356e+001
8.663779e+002,3.836074e+001
8.668600e+002,3.834836e+001
8.673422e+002,3.833689e+001
8.678242e+002,3.832650e+001
8.683064e+002,3.831706e+001
8.687885e+002,3.830832e+001
8.692706e+002,3.829997e+001
8.697527e+002,3.829190e+001
8.702349e+002,3.828415e+001
8.707170e+002,3.827679e+001
8.711991e+002,3.826983e+001
8.716813e+002,3.826308e+001
8.721634e+002,3.825624e+001
8.726455e+002,3.824901e+001
8.731276e+002,3.824127e+001
8.736097e+002,3.823313e+001
8.740919e+002,3.822490e+001
8.745740e+002,3.821681e+001
8.750562e+002,3.820898e+001
8.755382e+002,3.820112e+001
8.760204e+002,3.819278e+001
8.765025e+002,3.818350e+001
8.769846e+002,3.817301e+001
8.774668e+002,3.816145e+001
8.779489e+002,3.814928e+001
8.784310e+002,3.813702e+001
8.789131e+002,3.812506e+001
8.793953e+002,3.811343e+001
8.798774e+002,3.810184e+001
8.803595e+002,3.808984e+001
8.808416e+002,3.807716e+001
8.813237e+002,3.806385e+001
8.818059e+002,3.805038e+001
8.822880e+002,3.803744e+001
8.827701e+002,3.802565e+001
8.832523e+002,3.801535e+001
8.837344e+002,3.800653e+001
8.842165e+002,3.799879e+001
8.846986e+002,3.799160e+001
8.851808e+002,3.798447e+001
8.856628e+002,3.797709e+001
8.861450e+002,3.796927e+001
8.866271e+002,3.796100e+001
8.871093e+002,3.795222e+001
8.875914e+002,3.794299e+001
8.880735e+002,3.793339e+001
8.885556e+002,3.792366e+001
8.890377e+002,3.791415e+001
8.895199e+002,3.790527e+001
8.900020e+002,3.789720e+001
8.904841e+002,3.788991e+001
8.909662e+002,3.788296e+001
8.914484e+002,3.787579e+001
8.919305e+002,3.786784e+001
8.924126e+002,3.785881e+001
8.928948e+002,3.784881e+001
8.933768e+002,3.783826e+001
8.938590e+002,3.782769e+001
8.943411e+002,3.781752e+001
8.948232e+002,3.780783e+001
8.953054e+002,3.779849e+001
8.957875e+002,3.778917e+001
8.962697e+002,3.777963e+001
8.967517e+002,3.776985e+001
8.972339e+002,3.776001e+001
8.977159e+002,3.775033e+001
8.981981e+002,3.774097e+001
8.986802e+002,3.773180e+001
8.991624e+002,3.772254e+001
8.996445e+002,3.771284e+001
9.001266e+002,3.770247e+001
9.006088e+002,3.769144e+001
9.010908e+002,3.767992e+001
9.015730e+002,3.766806e+001
9.020551e+002,3.765586e+001
9.025372e+002,3.764309e+001
9.030193e+002,3.762941e+001
9.035015e+002,3.761459e+001
9.039836e+002,3.759880e+001
9.044657e+002,3.758265e+001
9.049479e+002,3.756719e+001
9.054299e+002,3.755346e+001
9.059121e+002,3.754221e+001
9.063942e+002,3.753356e+001
9.068763e+002,3.752700e+001
9.073585e+002,3.752152e+001
9.078406e+002,3.751600e+001
9.083228e+002,3.750951e+001
9.088048e+002,3.750151e+001
9.092870e+002,3.749192e+001
9.097691e+002,3.748096e+001
9.102512e+002,3.746894e+001
9.107333e+002,3.745629e+001
9.112155e+002,3.744342e+001
9.116976e+002,3.743082e+001
9.121797e+002,3.741903e+001
9.126619e+002,3.740854e+001
9.131440e+002,3.739962e+001
9.136261e+002,3.739222e+001
9.141082e+002,3.738580e+001
9.145903e+002,3.737953e+001
9.150724e+002,3.737249e+001
9.155546e+002,3.736401e+001
9.160367e+002,3.735374e+001
9.165189e+002,3.734186e+001
9.170010e+002,3.732879e+001
9.174831e+002,3.731508e+001
9.179652e+002,3.730114e+001
9.184473e+002,3.728721e+001
9.189294e+002,3.727345e+001
9.194116e+002,3.726002e+001
9.198937e+002,3.724719e+001
9.203759e+002,3.723532e+001
9.208580e+002,3.722474e+001
9.213401e+002,3.721550e+001
9.218222e+002,3.720733e+001
9.223043e+002,3.719967e+001
9.227864e+002,3.719185e+001
9.232686e+002,3.718328e+001
9.237507e+002,3.717368e+001
9.242328e+002,3.716309e+001
9.247150e+002,3.715167e+001
9.251971e+002,3.713968e+001
9.256792e+002,3.712707e+001
9.261613e+002,3.711370e+001
9.266434e+002,3.709929e+001
9.271255e+002,3.708368e+001
9.276077e+002,3.706693e+001
9.280898e+002,3.704942e+001
9.285720e+002,3.703167e+001
9.290541e+002,3.701422e+001
9.295362e+002,3.699745e+001
9.300183e+002,3.698156e+001
9.305004e+002,3.696658e+001
9.309826e+002,3.695250e+001
9.314647e+002,3.693927e+001
9.319468e+002,3.692687e+001
9.324290e+002,3.691516e+001
9.329111e+002,3.690377e+001
9.333932e+002,3.689218e+001
9.338753e+002,3.687980e+001
9.343574e+002,3.686620e+001
9.348396e+002,3.685135e+001
9.353217e+002,3.683569e+001
9.358038e+002,3.682008e+001
9.362859e+002,3.680549e+001
9.367681e+002,3.679269e+001
9.372502e+002,3.678203e+001
9.377323e+002,3.677337e+001
9.382144e+002,3.676617e+001
9.386966e+002,3.675975e+001
9.391787e+002,3.675354e+001
9.396608e+002,3.674708e+001
9.401429e+002,3.674007e+001
9.406251e+002,3.673227e+001
9.411072e+002,3.672336e+001
9.415893e+002,3.671301e+001
9.420714e+002,3.670095e+001
9.425536e+002,3.668715e+001
9.430357e+002,3.667191e+001
9.435178e+002,3.665582e+001
9.439999e+002,3.663958e+001
9.444821e+002,3.662384e+001
9.449642e+002,3.660902e+001
9.454463e+002,3.659524e+001
9.459284e+002,3.658244e+001
9.464106e+002,3.657047e+001
9.468927e+002,3.655923e+001
9.473748e+002,3.654861e+001
9.478569e+002,3.653842e+001
9.483391e+002,3.652829e+001
9.488212e+002,3.651770e+001
9.493033e+002,3.650604e+001
9.497855e+002,3.649290e+001
9.502676e+002,3.647828e+001
9.507497e+002,3.646268e+001
9.512318e+002,3.644703e+001
9.517139e+002,3.643238e+001
9.521960e+002,3.641956e+001
9.526782e+002,3.640889e+001
9.531603e+002,3.640009e+001
9.536425e+002,3.639241e+001
9.541246e+002,3.638495e+001
9.546067e+002,3.637685e+001
9.550888e+002,3.636763e+001
9.555709e+002,3.635712e+001
9.560530e+002,3.634544e+001
9.565352e+002,3.633283e+001
9.570173e+002,3.631959e+001
9.574995e+002,3.630603e+001
9.579816e+002,3.629255e+001
9.584637e+002,3.627956e+001
9.589458e+002,3.626755e+001
9.594279e+002,3.625682e+001
9.599100e+002,3.624750e+001
9.603922e+002,3.623937e+001
9.608743e+002,3.623202e+001
9.613564e+002,3.622489e+001
9.618386e+002,3.621749e+001
9.623207e+002,3.620958e+001
9.628028e+002,3.620105e+001
9.632849e+002,3.619195e+001
9.637670e+002,3.618234e+001
9.642491e+002,3.617220e+001
9.647313e+002,3.616153e+001
9.652134e+002,3.615038e+001
9.656956e+002,3.613903e+001
9.661777e+002,3.612797e+001
9.666598e+002,3.611776e+001
9.671419e+002,3.610880e+001
9.676240e+002,3.610122e+001
9.681061e+002,3.609465e+001
9.685883e+002,3.608844e+001
9.690704e+002,3.608186e+001
9.695526e+002,3.607441e+001
9.700347e+002,3.606601e+001
9.705168e+002,3.605707e+001
9.709989e+002,3.604824e+001
9.714810e+002,3.604014e+001
9.719631e+002,3.603315e+001
9.724453e+002,3.602726e+001
9.729274e+002,3.602214e+001
9.734095e+002,3.601735e+001
9.738917e+002,3.601249e+001
9.743738e+002,3.600732e+001
9.748559e+002,3.600173e+001
9.753380e+002,3.599567e+001
9.758201e+002,3.598902e+001
9.763023e+002,3.598166e+001
9.767844e+002,3.597349e+001
9.772665e+002,3.596458e+001
9.777487e+002,3.595520e+001
9.782308e+002,3.594584e+001
9.787129e+002,3.593696e+001
9.791950e+002,3.592892e+001
9.796771e+002,3.592177e+001
9.801593e+002,3.591529e+001
9.806414e+002,3.590912e+001
9.811235e+002,3.590296e+001
9.816057e+002,3.589667e+001
9.820878e+002,3.589033e+001
9.825699e+002,3.588414e+001
9.830520e+002,3.587830e+001
9.835342e+002,3.587284e+001
9.840163e+002,3.586767e+001
9.844984e+002,3.586264e+001
9.849805e+002,3.585766e+001
9.854626e+002,3.585281e+001
9.859448e+002,3.584830e+001
9.864269e+002,3.584433e+001
9.869090e+002,3.584095e+001
9.873912e+002,3.583793e+001
9.878733e+002,3.583483e+001
9.883554e+002,3.583111e+001
9.888375e+002,3.582637e+001
9.893196e+002,3.582049e+001
9.898018e+002,3.581363e+001
9.902839e+002,3.580618e+001
9.907660e+002,3.579852e+001
9.912482e+002,3.579090e+001
9.917303e+002,3.578343e+001
9.922124e+002,3.577607e+001
9.926945e+002,3.576883e+001
9.931766e+002,3.576180e+001
9.936588e+002,3.575513e+001
9.941409e+002,3.574899e+001
9.946230e+002,3.574340e+001
9.951052e+002,3.573818e+001
9.955873e+002,3.573304e+001
9.960694e+002,3.572766e+001
9.965515e+002,3.572200e+001
9.970336e+002,3.571626e+001
9.975157e+002,3.571093e+001
9.979979e+002,3.570659e+001
9.984800e+002,3.570366e+001
9.989622e+002,3.570224e+001
9.994443e+002,3.570206e+001
9.999264e+002,3.570256e+001
1.000409e+003,3.570318e+001
1.000891e+003,3.570338e+001
1.001373e+003,3.570286e+001
1.001855e+003,3.570146e+001
1.002337e+003,3.569913e+001
1.002819e+003,3.569583e+001
1.003301e+003,3.569156e+001
1.003783e+003,3.568636e+001
1.004266e+003,3.568050e+001
1.004748e+003,3.567437e+001
1.005230e+003,3.566843e+001
1.005712e+003,3.566297e+001
1.006194e+003,3.565805e+001
1.006676e+003,3.565334e+001
1.007158e+003,3.564836e+001
1.007640e+003,3.564260e+001
1.008122e+003,3.563588e+001
1.008605e+003,3.562842e+001
1.009087e+003,3.562088e+001
1.009569e+003,3.561404e+001
1.010051e+003,3.560859e+001
1.010533e+003,3.560488e+001
1.011015e+003,3.560286e+001
1.011497e+003,3.560220e+001
1.011979e+003,3.560246e+001
1.012462e+003,3.560330e+001
1.012944e+003,3.560453e+001
1.013426e+003,3.560601e+001
1.013908e+003,3.560752e+001
1.014390e+003,3.560868e+001
1.014872e+003,3.560893e+001
1.015354e+003,3.560771e+001
1.015836e+003,3.560468e+001
1.016319e+003,3.559984e+001
1.016801e+003,3.559359e+001
1.017283e+003,3.558654e+001
1.017765e+003,3.557928e+001
1.018247e+003,3.557219e+001
1.018729e+003,3.556540e+001
1.019211e+003,3.555883e+001
1.019693e+003,3.555240e+001
1.020176e+003,3.554617e+001
1.020658e+003,3.554042e+001
1.021140e+003,3.553548e+001
1.021622e+003,3.553169e+001
1.022104e+003,3.552913e+001
1.022586e+003,3.552761e+001
1.023068e+003,3.552678e+001
1.023550e+003,3.552625e+001
1.024033e+003,3.552568e+001
1.024515e+003,3.552490e+001
1.024997e+003,3.552380e+001
1.025479e+003,3.552222e+001
1.025961e+003,3.551989e+001
1.026443e+003,3.551650e+001
1.026925e+003,3.551173e+001
1.027407e+003,3.550552e+001
1.027890e+003,3.549811e+001
1.028372e+003,3.549003e+001
1.028854e+003,3.548198e+001
1.029336e+003,3.547462e+001
1.029818e+003,3.546840e+001
1.030300e+003,3.546352e+001
1.030782e+003,3.545999e+001
1.031264e+003,3.545779e+001
1.031747e+003,3.545690e+001
1.032229e+003,3.545729e+001
1.032711e+003,3.545886e+001
1.033193e+003,3.546125e+001
1.033675e+003,3.546385e+001
1.034157e+003,3.546591e+001
1.034639e+003,3.546668e+001
1.035121e+003,3.546574e+001
1.035604e+003,3.546301e+001
1.036086e+003,3.545881e+001
1.036568e+003,3.545362e+001
1.037050e+003,3.544786e+001
1.037532e+003,3.544165e+001
1.038014e+003,3.543489e+001
1.038496e+003,3.542737e+001
1.038979e+003,3.541905e+001
1.039461e+003,3.541014e+001
1.039943e+003,3.540118e+001
1.040425e+003,3.539285e+001
1.040907e+003,3.538573e+001
1.041389e+003,3.538008e+001
1.041871e+003,3.537580e+001
1.042353e+003,3.537246e+001
1.042835e+003,3.536961e+001
1.043318e+003,3.536688e+001
1.043800e+003,3.536414e+001
1.044282e+003,3.536140e+001
1.044764e+003,3.535872e+001
1.045246e+003,3.535604e+001
1.045728e+003,3.535319e+001
1.046210e+003,3.534997e+001
1.046692e+003,3.534627e+001
1.047175e+003,3.534218e+001
1.047657e+003,3.533801e+001
1.048139e+003,3.533413e+001
1.048621e+003,3.533086e+001
1.049103e+003,3.532826e+001
1.049585e+003,3.532623e+001
1.050067e+003,3.532452e+001
1.050549e+003,3.532294e+001
1.051031e+003,3.532145e+001
1.051514e+003,3.532010e+001
1.051996e+003,3.531891e+001
1.052478e+003,3.531772e+001
1.052960e+003,3.531609e+001
1.053442e+003,3.531337e+001
1.053924e+003,3.530889e+001
1.054406e+003,3.530227e+001
1.054889e+003,3.529356e+001
1.055371e+003,3.528327e+001
1.055853e+003,3.527217e+001
1.056335e+003,3.526110e+001
1.056817e+003,3.525063e+001
1.057299e+003,3.524106e+001
1.057781e+003,3.523238e+001
1.058263e+003,3.522449e+001
1.058746e+003,3.521730e+001
1.059228e+003,3.521077e+001
1.059710e+003,3.520490e+001
1.060192e+003,3.519960e+001
1.060674e+003,3.519458e+001
1.061156e+003,3.518946e+001
1.061638e+003,3.518382e+001
1.062120e+003,3.517747e+001
1.062603e+003,3.517042e+001
1.063085e+003,3.516295e+001
1.063567e+003,3.515537e+001
1.064049e+003,3.514788e+001
1.064531e+003,3.514042e+001
1.065013e+003,3.513274e+001
1.065495e+003,3.512452e+001
1.065977e+003,3.511566e+001
1.066460e+003,3.510635e+001
1.066942e+003,3.509711e+001
1.067424e+003,3.508856e+001
1.067906e+003,3.508112e+001
1.068388e+003,3.507494e+001
1.068870e+003,3.506979e+001
1.069352e+003,3.506522e+001
1.069834e+003,3.506081e+001
1.070317e+003,3.505632e+001
1.070799e+003,3.505179e+001
1.071281e+003,3.504739e+001
1.071763e+003,3.504324e+001
1.072245e+003,3.503928e+001
1.072727e+003,3.503527e+001
1.073209e+003,3.503090e+001
1.073691e+003,3.502602e+001
1.074174e+003,3.502076e+001
1.074656e+003,3.501552e+001
1.075138e+003,3.501075e+001
1.075620e+003,3.500677e+001
1.076102e+003,3.500352e+001
1.076584e+003,3.500058e+001
1.077066e+003,3.499728e+001
1.077548e+003,3.499302e+001
1.078031e+003,3.498748e+001
1.078513e+003,3.498075e+001
1.078995e+003,3.497318e+001
1.079477e+003,3.496519e+001
1.079959e+003,3.495707e+001
1.080441e+003,3.494891e+001
1.080923e+003,3.494054e+001
1.081406e+003,3.493184e+001
1.081888e+003,3.492276e+001
1.082370e+003,3.491348e+001
1.082852e+003,3.490430e+001
1.083334e+003,3.489550e+001
1.083816e+003,3.488718e+001
1.084298e+003,3.487924e+001
1.084780e+003,3.487143e+001
1.085262e+003,3.486351e+001
1.085745e+003,3.485536e+001
1.086227e+003,3.484710e+001
1.086709e+003,3.483891e+001
1.087191e+003,3.483104e+001
1.087673e+003,3.482357e+001
1.088155e+003,3.481646e+001
1.088637e+003,3.480952e+001
1.089119e+003,3.480264e+001
1.089602e+003,3.479568e+001
1.090084e+003,3.478868e+001
1.090566e+003,3.478161e+001
1.091048e+003,3.477439e+001
1.091530e+003,3.476677e+001
1.092012e+003,3.475848e+001
1.092494e+003,3.474932e+001
1.092976e+003,3.473934e+001
1.093458e+003,3.472887e+001
1.093941e+003,3.471850e+001
1.094423e+003,3.470876e+001
1.094905e+003,3.470004e+001
1.095387e+003,3.469238e+001
1.095869e+003,3.468554e+001
1.096351e+003,3.467918e+001
1.096833e+003,3.467305e+001
1.097316e+003,3.466708e+001
1.097798e+003,3.466145e+001
1.098280e+003,3.465630e+001
1.098762e+003,3.465163e+001
1.099244e+003,3.464705e+001
1.099726e+003,3.464193e+001
1.100208e+003,3.463552e+001
1.100690e+003,3.462733e+001
1.101173e+003,3.461721e+001
1.101655e+003,3.460551e+001
1.102137e+003,3.459288e+001
1.102619e+003,3.458002e+001
1.103101e+003,3.456744e+001
1.103583e+003,3.455545e+001
1.104065e+003,3.454408e+001
1.104547e+003,3.453332e+001
1.105030e+003,3.452322e+001
1.105512e+003,3.451393e+001
1.105994e+003,3.450555e+001
1.106476e+003,3.449807e+001
1.106958e+003,3.449121e+001
1.107440e+003,3.448446e+001
1.107922e+003,3.447725e+001
1.108404e+003,3.446919e+001
1.108886e+003,3.446016e+001
1.109369e+003,3.445045e+001
1.109851e+003,3.444047e+001
1.110333e+003,3.443064e+001
1.110815e+003,3.442109e+001
1.111297e+003,3.441168e+001
1.111779e+003,3.440202e+001
1.112261e+003,3.439170e+001
1.112744e+003,3.438054e+001
1.113226e+003,3.436856e+001
1.113708e+003,3.435607e+001
1.114190e+003,3.434341e+001
1.114672e+003,3.433085e+001
1.115154e+003,3.431852e+001
1.115636e+003,3.430637e+001
1.116118e+003,3.429435e+001
1.116601e+003,3.428247e+001
1.117083e+003,3.427081e+001
1.117565e+003,3.425949e+001
1.118047e+003,3.424854e+001
1.118529e+003,3.423787e+001
1.119011e+003,3.422721e+001
1.119493e+003,3.421629e+001
1.119975e+003,3.420493e+001
1.120458e+003,3.419315e+001
1.120940e+003,3.418119e+001
1.121422e+003,3.416931e+001
1.121904e+003,3.415774e+001
1.122386e+003,3.414647e+001
1.122868e+003,3.413529e+001
1.123350e+003,3.412391e+001
1.123832e+003,3.411208e+001
1.124314e+003,3.409979e+001
1.124797e+003,3.408722e+001
1.125279e+003,3.407468e+001
1.125761e+003,3.406245e+001
1.126243e+003,3.405067e+001
1.126725e+003,3.403933e+001
1.127207e+003,3.402828e+001
1.127689e+003,3.401743e+001
1.128172e+003,3.400680e+001
1.128654e+003,3.399651e+001
1.129136e+003,3.398664e+001
1.129618e+003,3.397723e+001
1.130100e+003,3.396807e+001
1.130582e+003,3.395889e+001
1.131064e+003,3.394938e+001
1.131546e+003,3.393940e+001
1.132029e+003,3.392907e+001
1.132511e+003,3.391869e+001
1.132993e+003,3.390854e+001
1.133475e+003,3.389878e+001
1.133957e+003,3.388919e+001
1.134439e+003,3.387930e+001
1.134921e+003,3.386851e+001
1.135403e+003,3.385635e+001
1.135885e+003,3.384266e+001
1.136368e+003,3.382763e+001
1.136850e+003,3.381174e+001
1.137332e+003,3.379554e+001
1.137814e+003,3.377949e+001
1.138296e+003,3.376384e+001
1.138778e+003,3.374876e+001
1.139260e+003,3.373434e+001
1.139742e+003,3.372074e+001
1.140225e+003,3.370811e+001
1.140707e+003,3.369654e+001
1.141189e+003,3.368594e+001
1.141671e+003,3.367588e+001
1.142153e+003,3.366574e+001
1.142635e+003,3.365481e+001
1.143117e+003,3.364258e+001
1.143599e+003,3.362887e+001
1.144082e+003,3.361390e+001
1.144564e+003,3.359818e+001
1.145046e+003,3.358228e+001
1.145528e+003,3.356659e+001
1.146010e+003,3.355135e+001
1.146492e+003,3.353653e+001
1.146974e+003,3.352208e+001
1.147457e+003,3.350797e+001
1.147939e+003,3.349429e+001
1.148421e+003,3.348113e+001
1.148903e+003,3.346852e+001
1.149385e+003,3.345631e+001
1.149867e+003,3.344418e+001
1.150349e+003,3.343173e+001
1.150831e+003,3.341864e+001
1.151313e+003,3.340482e+001
1.151796e+003,3.339043e+001
1.152278e+003,3.337580e+001
1.152760e+003,3.336129e+001
1.153242e+003,3.334710e+001
1.153724e+003,3.333328e+001
1.154206e+003,3.331974e+001
1.154688e+003,3.330637e+001
1.155170e+003,3.329312e+001
1.155653e+003,3.328000e+001
1.156135e+003,3.326708e+001
1.156617e+003,3.325431e+001
1.157099e+003,3.324152e+001
1.157581e+003,3.322836e+001
1.158063e+003,3.321448e+001
1.158545e+003,3.319962e+001
1.159027e+003,3.318377e+001
1.159510e+003,3.316720e+001
1.159992e+003,3.315030e+001
1.160474e+003,3.313348e+001
1.160956e+003,3.311699e+001
1.161438e+003,3.310091e+001
1.161920e+003,3.308512e+001
1.162402e+003,3.306953e+001
1.162885e+003,3.305407e+001
1.163367e+003,3.303877e+001
1.163849e+003,3.302373e+001
1.164331e+003,3.300898e+001
1.164813e+003,3.299442e+001
1.165295e+003,3.297984e+001
1.165777e+003,3.296495e+001
1.166259e+003,3.294960e+001
1.166741e+003,3.293382e+001
1.167224e+003,3.291784e+001
1.167706e+003,3.290202e+001
1.168188e+003,3.288674e+001
1.168670e+003,3.287221e+001
1.169152e+003,3.285846e+001
1.169634e+003,3.284533e+001
1.170116e+003,3.283257e+001
1.170598e+003,3.281990e+001
1.171081e+003,3.280706e+001
1.171563e+003,3.279380e+001
1.172045e+003,3.277987e+001
1.172527e+003,3.276497e+001
1.173009e+003,3.274891e+001
1.173491e+003,3.273166e+001
1.173973e+003,3.271341e+001
1.174455e+003,3.269461e+001
1.174938e+003,3.267590e+001
1.175420e+003,3.265783e+001
1.175902e+003,3.264074e+001
1.176384e+003,3.262463e+001
1.176866e+003,3.260924e+001
1.177348e+003,3.259411e+001
1.177830e+003,3.257889e+001
1.178313e+003,3.256337e+001
1.178795e+003,3.254760e+001
1.179277e+003,3.253169e+001
1.179759e+003,3.251580e+001
1.180241e+003,3.249992e+001
1.180723e+003,3.248396e+001
1.181205e+003,3.246782e+001
1.181687e+003,3.245156e+001
1.182169e+003,3.243539e+001
1.182652e+003,3.241973e+001
1.183134e+003,3.240492e+001
1.183616e+003,3.239113e+001
1.184098e+003,3.237814e+001
1.184580e+003,3.236542e+001
1.185062e+003,3.235228e+001
1.185544e+003,3.233811e+001
1.186026e+003,3.232264e+001
1.186509e+003,3.230601e+001
1.186991e+003,3.228870e+001
1.187473e+003,3.227136e+001
1.187955e+003,3.225453e+001
1.188437e+003,3.223853e+001
1.188919e+003,3.222343e+001
1.189401e+003,3.220906e+001
1.189883e+003,3.219526e+001
1.190366e+003,3.218181e+001
1.190848e+003,3.216859e+001
1.191330e+003,3.215543e+001
1.191812e+003,3.214215e+001
1.192294e+003,3.212852e+001
1.192776e+003,3.211432e+001
1.193258e+003,3.209943e+001
1.193740e+003,3.208395e+001
1.194223e+003,3.206811e+001
1.194705e+003,3.205224e+001
1.195187e+003,3.203664e+001
1.195669e+003,3.202143e+001
1.196151e+003,3.200664e+001
1.196633e+003,3.199209e+001
1.197115e+003,3.197764e+001
1.197597e+003,3.196321e+001
1.198080e+003,3.194878e+001
1.198562e+003,3.193442e+001
1.199044e+003,3.192011e+001
1.199526e+003,3.190579e+001
1.200008e+003,3.189132e+001
1.200490e+003,3.187664e+001
1.200972e+003,3.186180e+001
1.201454e+003,3.184710e+001
1.201937e+003,3.183299e+001
1.202419e+003,3.181991e+001
1.202901e+003,3.180815e+001
1.203383e+003,3.179764e+001
1.203865e+003,3.178801e+001
1.204347e+003,3.177861e+001
1.204829e+003,3.176879e+001
1.205312e+003,3.175800e+001
1.205794e+003,3.174601e+001
1.206276e+003,3.173284e+001
1.206758e+003,3.171869e+001
1.207240e+003,3.170384e+001
1.207722e+003,3.168859e+001
1.208204e+003,3.167321e+001
1.208686e+003,3.165801e+001
1.209168e+003,3.164332e+001
1.209651e+003,3.162947e+001
1.210133e+003,3.161666e+001
1.210615e+003,3.160491e+001
1.211097e+003,3.159391e+001
1.211579e+003,3.158318e+001
1.212061e+003,3.157207e+001
1.212543e+003,3.156008e+001
1.213025e+003,3.154694e+001
1.213508e+003,3.153271e+001
1.213990e+003,3.151769e+001
1.214472e+003,3.150233e+001
1.214954e+003,3.148698e+001
1.215436e+003,3.147190e+001
1.215918e+003,3.145718e+001
1.216400e+003,3.144277e+001
1.216882e+003,3.142862e+001
1.217365e+003,3.141468e+001
1.217847e+003,3.140091e+001
1.218329e+003,3.138725e+001
1.218811e+003,3.137360e+001
1.219293e+003,3.135984e+001
1.219775e+003,3.134587e+001
1.220257e+003,3.133174e+001
1.220740e+003,3.131757e+001
1.221222e+003,3.130361e+001
1.221704e+003,3.129005e+001
1.222186e+003,3.127694e+001
1.222668e+003,3.126411e+001
1.223150e+003,3.125125e+001
1.223632e+003,3.123797e+001
1.224114e+003,3.122397e+001
1.224596e+003,3.120919e+001
1.225079e+003,3.119377e+001
1.225561e+003,3.117796e+001
1.226043e+003,3.116202e+001
1.226525e+003,3.114610e+001
1.227007e+003,3.113017e+001
1.227489e+003,3.111411e+001
1.227971e+003,3.109789e+001
1.228453e+003,3.108158e+001
1.228936e+003,3.106543e+001
1.229418e+003,3.104976e+001
1.229900e+003,3.103489e+001
1.230382e+003,3.102094e+001
1.230864e+003,3.100784e+001
1.231346e+003,3.099537e+001
1.231828e+003,3.098322e+001
1.232310e+003,3.097112e+001
1.232792e+003,3.095885e+001
1.233275e+003,3.094629e+001
1.233757e+003,3.093331e+001
1.234239e+003,3.091978e+001
1.234721e+003,3.090557e+001
1.235203e+003,3.089061e+001
1.235685e+003,3.087504e+001
1.236167e+003,3.085913e+001
1.236650e+003,3.084335e+001
1.237132e+003,3.082815e+001
1.237614e+003,3.081388e+001
1.238096e+003,3.080061e+001
1.238578e+003,3.078824e+001
1.239060e+003,3.077646e+001
1.239542e+003,3.076501e+001
1.240024e+003,3.075370e+001
1.240507e+003,3.074255e+001
1.240989e+003,3.073160e+001
1.241471e+003,3.072091e+001
1.241953e+003,3.071040e+001
1.242435e+003,3.069987e+001
1.242917e+003,3.068900e+001
1.243399e+003,3.067757e+001
1.243881e+003,3.066548e+001
1.244364e+003,3.065281e+001
1.244846e+003,3.063980e+001
1.245328e+003,3.062669e+001
1.245810e+003,3.061371e+001
1.246292e+003,3.060096e+001
1.246774e+003,3.058851e+001
1.247256e+003,3.057642e+001
1.247738e+003,3.056482e+001
1.248220e+003,3.055385e+001
1.248703e+003,3.054358e+001
1.249185e+003,3.053394e+001
1.249667e+003,3.052462e+001
1.250149e+003,3.051516e+001
1.250631e+003,3.050505e+001
1.251113e+003,3.049400e+001
1.251595e+003,3.048197e+001
1.252078e+003,3.046926e+001
1.252560e+003,3.045638e+001
1.253042e+003,3.044386e+001
1.253524e+003,3.043202e+001
1.254006e+003,3.042097e+001
1.254488e+003,3.041050e+001
1.254970e+003,3.040029e+001
1.255452e+003,3.039001e+001
1.255935e+003,3.037945e+001
1.256417e+003,3.036854e+001
1.256899e+003,3.035733e+001
1.257381e+003,3.034591e+001
1.257863e+003,3.033439e+001
1.258345e+003,3.032283e+001
1.258827e+003,3.031136e+001
1.259309e+003,3.030011e+001
1.259792e+003,3.028922e+001
1.260274e+003,3.027875e+001
1.260756e+003,3.026862e+001
1.261238e+003,3.025860e+001
1.261720e+003,3.024834e+001
1.262202e+003,3.023750e+001
1.262684e+003,3.022594e+001
1.263166e+003,3.021371e+001
1.263648e+003,3.020113e+001
1.264131e+003,3.018863e+001
1.264613e+003,3.017655e+001
1.265095e+003,3.016503e+001
1.265577e+003,3.015398e+001
1.266059e+003,3.014307e+001
1.266541e+003,3.013199e+001
1.267023e+003,3.012046e+001
1.267505e+003,3.010837e+001
1.267988e+003,3.009576e+001
1.268470e+003,3.008270e+001
1.268952e+003,3.006925e+001
1.269434e+003,3.005540e+001
1.269916e+003,3.004110e+001
1.270398e+003,3.002640e+001
1.270880e+003,3.001147e+001
1.271363e+003,2.999665e+001
1.271845e+003,2.998234e+001
1.272327e+003,2.996890e+001
1.272809e+003,2.995648e+001
1.273291e+003,2.994503e+001
1.273773e+003,2.993429e+001
1.274255e+003,2.992393e+001
1.274737e+003,2.991361e+001
1.275219e+003,2.990312e+001
1.275702e+003,2.989232e+001
1.276184e+003,2.988117e+001
1.276666e+003,2.986965e+001
1.277148e+003,2.985773e+001
1.277630e+003,2.984542e+001
1.278112e+003,2.983278e+001
1.278594e+003,2.982000e+001
1.279076e+003,2.980731e+001
1.279559e+003,2.979494e+001
1.280041e+003,2.978308e+001
1.280523e+003,2.977176e+001
1.281005e+003,2.976092e+001
1.281487e+003,2.975041e+001
1.281969e+003,2.974017e+001
1.282451e+003,2.973015e+001
1.282933e+003,2.972040e+001
1.283416e+003,2.971093e+001
1.283898e+003,2.970162e+001
1.284380e+003,2.969219e+001
1.284862e+003,2.968225e+001
1.285344e+003,2.967140e+001
1.285826e+003,2.965937e+001
1.286308e+003,2.964610e+001
1.286791e+003,2.963179e+001
1.287273e+003,2.961676e+001
1.287755e+003,2.960132e+001
1.288237e+003,2.958564e+001
1.288719e+003,2.956974e+001
1.289201e+003,2.955351e+001
1.289683e+003,2.953684e+001
1.290165e+003,2.951971e+001
1.290647e+003,2.950224e+001
1.291130e+003,2.948464e+001
1.291612e+003,2.946710e+001
1.292094e+003,2.944975e+001
1.292576e+003,2.943263e+001
1.293058e+003,2.941570e+001
1.293540e+003,2.939899e+001
1.294022e+003,2.938262e+001
1.294504e+003,2.936677e+001
1.294987e+003,2.935162e+001
1.295469e+003,2.933723e+001
1.295951e+003,2.932343e+001
1.296433e+003,2.930987e+001
1.296915e+003,2.929609e+001
1.297397e+003,2.928167e+001
1.297879e+003,2.926645e+001
1.298361e+003,2.925047e+001
1.298844e+003,2.923401e+001
1.299326e+003,2.921739e+001
1.299808e+003,2.920087e+001
1.300290e+003,2.918456e+001
1.300772e+003,2.916842e+001
1.301254e+003,2.915229e+001
1.301736e+003,2.913601e+001
1.302219e+003,2.911950e+001
1.302701e+003,2.910273e+001
1.303183e+003,2.908565e+001
1.303665e+003,2.906824e+001
1.304147e+003,2.905047e+001
1.304629e+003,2.903231e+001
1.305111e+003,2.901385e+001
1.305593e+003,2.899530e+001
1.306075e+003,2.897700e+001
1.306558e+003,2.895927e+001
1.307040e+003,2.894234e+001
1.307522e+003,2.892624e+001
1.308004e+003,2.891080e+001
1.308486e+003,2.889574e+001
1.308968e+003,2.888076e+001
1.309450e+003,2.886567e+001
1.309932e+003,2.885037e+001
1.310415e+003,2.883490e+001
1.310897e+003,2.881928e+001
1.311379e+003,2.880350e+001
1.311861e+003,2.878747e+001
1.312343e+003,2.877114e+001
1.312825e+003,2.875453e+001
1.313307e+003,2.873777e+001
1.313789e+003,2.872114e+001
1.314272e+003,2.870486e+001
1.314754e+003,2.868908e+001
1.315236e+003,2.867370e+001
1.315718e+003,2.865845e+001
1.316200e+003,2.864295e+001
1.316682e+003,2.862691e+001
1.317164e+003,2.861022e+001
1.317646e+003,2.859301e+001
1.318129e+003,2.857560e+001
1.318611e+003,2.855833e+001
1.319093e+003,2.854140e+001
1.319575e+003,2.852480e+001
1.320057e+003,2.850837e+001
1.320539e+003,2.849191e+001
1.321021e+003,2.847525e+001
1.321503e+003,2.845847e+001
1.321986e+003,2.844172e+001
1.322468e+003,2.842526e+001
1.322950e+003,2.840929e+001
1.323432e+003,2.839395e+001
1.323914e+003,2.837921e+001
1.324396e+003,2.836499e+001
1.324878e+003,2.835116e+001
1.325360e+003,2.833763e+001
1.325843e+003,2.832427e+001
1.326325e+003,2.831093e+001
1.326807e+003,2.829738e+001
1.327289e+003,2.828341e+001
1.327771e+003,2.826877e+001
1.328253e+003,2.825337e+001
1.328735e+003,2.823726e+001
1.329218e+003,2.822066e+001
1.329700e+003,2.820385e+001
1.330182e+003,2.818712e+001
1.330664e+003,2.817056e+001
1.331146e+003,2.815419e+001
1.331628e+003,2.813781e+001
1.332110e+003,2.812127e+001
1.332592e+003,2.810441e+001
1.333074e+003,2.808718e+001
1.333557e+003,2.806957e+001
1.334039e+003,2.805153e+001
1.334521e+003,2.803298e+001
1.335003e+003,2.801379e+001
1.335485e+003,2.799382e+001
1.335967e+003,2.797307e+001
1.336449e+003,2.795172e+001
1.336931e+003,2.793021e+001
1.337414e+003,2.790911e+001
1.337896e+003,2.788906e+001
1.338378e+003,2.787055e+001
1.338860e+003,2.785385e+001
1.339342e+003,2.783893e+001
1.339824e+003,2.782553e+001
1.340306e+003,2.781319e+001
1.340788e+003,2.780146e+001
1.341271e+003,2.778983e+001
1.341753e+003,2.777785e+001
1.342235e+003,2.776508e+001
1.342717e+003,2.775122e+001
1.343199e+003,2.773608e+001
1.343681e+003,2.771970e+001
1.344163e+003,2.770235e+001
1.344646e+003,2.768447e+001
1.345128e+003,2.766659e+001
1.345610e+003,2.764912e+001
1.346092e+003,2.763228e+001
1.346574e+003,2.761607e+001
1.347056e+003,2.760030e+001
1.347538e+003,2.758476e+001
1.348020e+003,2.756928e+001
1.348502e+003,2.755384e+001
1.348985e+003,2.753848e+001
1.349467e+003,2.752327e+001
1.349949e+003,2.750817e+001
1.350431e+003,2.749307e+001
1.350913e+003,2.747776e+001
1.351395e+003,2.746210e+001
1.351877e+003,2.744604e+001
1.352359e+003,2.742972e+001
1.352842e+003,2.741338e+001
1.353324e+003,2.739728e+001
1.353806e+003,2.738158e+001
1.354288e+003,2.736633e+001
1.354770e+003,2.735141e+001
1.355252e+003,2.733666e+001
1.355734e+003,2.732193e+001
1.356216e+003,2.730712e+001
1.356698e+003,2.729216e+001
1.357181e+003,2.727695e+001
1.357663e+003,2.726137e+001
1.358145e+003,2.724523e+001
1.358627e+003,2.722836e+001
1.359109e+003,2.721074e+001
1.359591e+003,2.719258e+001
1.360073e+003,2.717432e+001
1.360556e+003,2.715668e+001
1.361038e+003,2.714038e+001
1.361520e+003,2.712610e+001
1.362002e+003,2.711421e+001
1.362484e+003,2.710465e+001
1.362966e+003,2.709700e+001
1.363448e+003,2.709062e+001
1.363930e+003,2.708482e+001
1.364413e+003,2.707903e+001
1.364895e+003,2.707287e+001
1.365377e+003,2.706614e+001
1.365859e+003,2.705876e+001
1.366341e+003,2.705085e+001
1.366823e+003,2.704266e+001
1.367305e+003,2.703452e+001
1.367787e+003,2.702683e+001
1.368270e+003,2.701992e+001
1.368752e+003,2.701388e+001
1.369234e+003,2.700851e+001
1.369716e+003,2.700336e+001
1.370198e+003,2.699786e+001
1.370680e+003,2.699152e+001
1.371162e+003,2.698408e+001
1.371644e+003,2.697563e+001
1.372126e+003,2.696656e+001
1.372609e+003,2.695749e+001
1.373091e+003,2.694910e+001
1.373573e+003,2.694199e+001
1.374055e+003,2.693644e+001
1.374537e+003,2.693248e+001
1.375019e+003,2.692989e+001
1.375501e+003,2.692831e+001
1.375984e+003,2.692736e+001
1.376466e+003,2.692675e+001
1.376948e+003,2.692622e+001
1.377430e+003,2.692558e+001
1.377912e+003,2.692476e+001
1.378394e+003,2.692376e+001
1.378876e+003,2.692269e+001
1.379358e+003,2.692174e+001
1.379841e+003,2.692115e+001
1.380323e+003,2.692103e+001
1.380805e+003,2.692135e+001
1.381287e+003,2.692187e+001
1.381769e+003,2.692224e+001
1.382251e+003,2.692206e+001
1.382733e+003,2.692109e+001
1.383215e+003,2.691926e+001
1.383698e+003,2.691675e+001
1.384180e+003,2.691395e+001
1.384662e+003,2.691139e+001
1.385144e+003,2.690968e+001
1.385626e+003,2.690936e+001
1.386108e+003,2.691087e+001
1.386590e+003,2.691434e+001
1.387072e+003,2.691956e+001
1.387554e+003,2.692585e+001
1.388037e+003,2.693215e+001
1.388519e+003,2.693727e+001
1.389001e+003,2.694012e+001
1.389483e+003,2.693994e+001
1.389965e+003,2.693641e+001
1.390447e+003,2.692964e+001
1.390929e+003,2.692012e+001
1.391411e+003,2.690852e+001
1.391894e+003,2.689562e+001
1.392376e+003,2.688218e+001
1.392858e+003,2.686888e+001
1.393340e+003,2.685625e+001
1.393822e+003,2.684468e+001
1.394304e+003,2.683431e+001
1.394786e+003,2.682509e+001
1.395269e+003,2.681675e+001
1.395751e+003,2.680892e+001
1.396233e+003,2.680120e+001
1.396715e+003,2.679334e+001
1.397197e+003,2.678527e+001
1.397679e+003,2.677712e+001
1.398161e+003,2.676910e+001
1.398643e+003,2.676131e+001
1.399125e+003,2.675357e+001
1.399608e+003,2.674536e+001
1.400090e+003,2.673586e+001
1.400572e+003,2.672427e+001
1.401054e+003,2.671004e+001
1.401536e+003,2.669310e+001
1.402018e+003,2.667386e+001
1.402500e+003,2.665322e+001
1.402982e+003,2.663227e+001
1.403465e+003,2.661212e+001
1.403947e+003,2.659359e+001
1.404429e+003,2.657700e+001
1.404911e+003,2.656206e+001
1.405393e+003,2.654804e+001
1.405875e+003,2.653402e+001
1.406357e+003,2.651922e+001
1.406839e+003,2.650315e+001
1.407322e+003,2.648564e+001
1.407804e+003,2.646672e+001
1.408286e+003,2.644660e+001
1.408768e+003,2.642555e+001
1.409250e+003,2.640396e+001
1.409732e+003,2.638227e+001
1.410214e+003,2.636094e+001
1.410697e+003,2.634034e+001
1.411179e+003,2.632061e+001
1.411661e+003,2.630162e+001
1.412143e+003,2.628293e+001
1.412625e+003,2.626393e+001
1.413107e+003,2.624404e+001
1.413589e+003,2.622285e+001
1.414071e+003,2.620018e+001
1.414553e+003,2.617609e+001
1.415036e+003,2.615084e+001
1.415518e+003,2.612469e+001
1.416000e+003,2.609802e+001
1.416482e+003,2.607118e+001
1.416964e+003,2.604472e+001
1.417446e+003,2.601931e+001
1.417928e+003,2.599568e+001
1.418410e+003,2.597435e+001
1.418893e+003,2.595524e+001
1.419375e+003,2.593748e+001
1.419857e+003,2.591972e+001
1.420339e+003,2.590056e+001
1.420821e+003,2.587907e+001
1.421303e+003,2.585500e+001
1.421785e+003,2.582867e+001
1.422267e+003,2.580074e+001
1.422750e+003,2.577205e+001
1.423232e+003,2.574331e+001
1.423714e+003,2.571504e+001
1.424196e+003,2.568744e+001
1.424678e+003,2.566041e+001
1.425160e+003,2.563367e+001
1.425642e+003,2.560685e+001
1.426125e+003,2.557964e+001
1.426607e+003,2.555179e+001
1.427089e+003,2.552317e+001
1.427571e+003,2.549374e+001
1.428053e+003,2.546357e+001
1.428535e+003,2.543293e+001
1.429017e+003,2.540223e+001
1.429499e+003,2.537201e+001
1.429981e+003,2.534278e+001
1.430464e+003,2.531484e+001
1.430946e+003,2.528816e+001
1.431428e+003,2.526241e+001
1.431910e+003,2.523706e+001
1.432392e+003,2.521157e+001
1.432874e+003,2.518554e+001
1.433356e+003,2.515877e+001
1.433838e+003,2.513122e+001
1.434321e+003,2.510307e+001
1.434803e+003,2.507459e+001
1.435285e+003,2.504620e+001
1.435767e+003,2.501842e+001
1.436249e+003,2.499175e+001
1.436731e+003,2.496660e+001
1.437213e+003,2.494297e+001
1.437696e+003,2.492048e+001
1.438177e+003,2.489843e+001
1.438660e+003,2.487603e+001
1.439142e+003,2.485263e+001
1.439624e+003,2.482778e+001
1.440106e+003,2.480137e+001
1.440588e+003,2.477361e+001
1.441070e+003,2.474494e+001
1.441552e+003,2.471598e+001
1.442035e+003,2.468732e+001
1.442517e+003,2.465936e+001
1.442999e+003,2.463227e+001
1.443481e+003,2.460593e+001
1.443963e+003,2.458009e+001
1.444445e+003,2.455448e+001
1.444927e+003,2.452896e+001
1.445409e+003,2.450355e+001
1.445892e+003,2.447842e+001
1.446374e+003,2.445381e+001
1.446856e+003,2.442998e+001
1.447338e+003,2.440708e+001
1.447820e+003,2.438517e+001
1.448302e+003,2.436416e+001
1.448784e+003,2.434385e+001
1.449266e+003,2.432396e+001
1.449749e+003,2.430416e+001
1.450231e+003,2.428409e+001
1.450713e+003,2.426343e+001
1.451195e+003,2.424192e+001
1.451677e+003,2.421943e+001
1.452159e+003,2.419594e+001
1.452641e+003,2.417159e+001
1.453124e+003,2.414654e+001
1.453605e+003,2.412103e+001
1.454088e+003,2.409526e+001
1.454570e+003,2.406953e+001
1.455052e+003,2.404438e+001
1.455534e+003,2.402074e+001
1.456016e+003,2.400008e+001
1.456498e+003,2.398412e+001
1.456980e+003,2.397401e+001
1.457463e+003,2.396945e+001
1.457945e+003,2.396844e+001
1.458427e+003,2.396826e+001
1.458909e+003,2.396671e+001
1.459391e+003,2.396266e+001
1.459873e+003,2.395591e+001
1.460355e+003,2.394681e+001
1.460837e+003,2.393584e+001
1.461320e+003,2.392353e+001
1.461802e+003,2.391030e+001
1.462284e+003,2.389658e+001
1.462766e+003,2.388284e+001
1.463248e+003,2.386969e+001
1.463730e+003,2.385786e+001
1.464212e+003,2.384816e+001
1.464694e+003,2.384113e+001
1.465177e+003,2.383681e+001
1.465659e+003,2.383463e+001
1.466141e+003,2.383358e+001
1.466623e+003,2.383248e+001
1.467105e+003,2.383038e+001
1.467587e+003,2.382666e+001
1.468069e+003,2.382110e+001
1.468552e+003,2.381380e+001
1.469033e+003,2.380515e+001
1.469516e+003,2.379575e+001
1.469998e+003,2.378647e+001
1.470480e+003,2.377844e+001
1.470962e+003,2.377294e+001
1.471444e+003,2.377119e+001
1.471926e+003,2.377383e+001
1.472408e+003,2.378046e+001
1.472891e+003,2.378946e+001
1.473373e+003,2.379846e+001
1.473855e+003,2.380529e+001
1.474337e+003,2.380868e+001
1.474819e+003,2.380848e+001
1.475301e+003,2.380536e+001
1.475783e+003,2.380037e+001
1.476265e+003,2.379443e+001
1.476748e+003,2.378816e+001
1.477230e+003,2.378170e+001
1.477712e+003,2.377487e+001
1.478194e+003,2.376736e+001
1.478676e+003,2.375896e+001
1.479158e+003,2.374966e+001
1.479640e+003,2.373975e+001
1.480122e+003,2.372962e+001
1.480604e+003,2.371972e+001
1.481087e+003,2.371028e+001
1.481569e+003,2.370129e+001
1.482051e+003,2.369245e+001
1.482533e+003,2.368334e+001
1.483015e+003,2.367358e+001
1.483497e+003,2.366292e+001
1.483979e+003,2.365134e+001
1.484461e+003,2.363895e+001
1.484944e+003,2.362596e+001
1.485426e+003,2.361259e+001
1.485908e+003,2.359909e+001
1.486390e+003,2.358581e+001
1.486872e+003,2.357321e+001
1.487354e+003,2.356203e+001
1.487836e+003,2.355315e+001
1.488319e+003,2.354746e+001
1.488801e+003,2.354544e+001
1.489283e+003,2.354688e+001
1.489765e+003,2.355055e+001
1.490247e+003,2.355455e+001
1.490729e+003,2.355681e+001
1.491211e+003,2.355573e+001
1.491693e+003,2.355052e+001
1.492176e+003,2.354112e+001
1.492658e+003,2.352801e+001
1.493140e+003,2.351196e+001
1.493622e+003,2.349392e+001
1.494104e+003,2.347496e+001
1.494586e+003,2.345629e+001
1.495068e+003,2.343921e+001
1.495550e+003,2.342488e+001
1.496032e+003,2.341410e+001
1.496515e+003,2.340691e+001
1.496997e+003,2.340254e+001
1.497479e+003,2.339967e+001
1.497961e+003,2.339688e+001
1.498443e+003,2.339315e+001
1.498925e+003,2.338797e+001
1.499407e+003,2.338122e+001
1.499890e+003,2.337286e+001
1.500372e+003,2.336272e+001
1.500854e+003,2.335046e+001
1.501336e+003,2.333562e+001
1.501818e+003,2.331778e+001
1.502300e+003,2.329666e+001
1.502782e+003,2.327225e+001
1.503264e+003,2.324483e+001
1.503747e+003,2.321498e+001
1.504229e+003,2.318372e+001
1.504711e+003,2.315262e+001
1.505193e+003,2.312405e+001
1.505675e+003,2.310122e+001
1.506157e+003,2.308730e+001
1.506639e+003,2.308363e+001
1.507121e+003,2.308792e+001
1.507604e+003,2.309498e+001
1.508086e+003,2.309964e+001
1.508568e+003,2.309914e+001
1.509050e+003,2.309312e+001
1.509532e+003,2.308259e+001
1.510014e+003,2.306890e+001
1.510496e+003,2.305319e+001
1.510979e+003,2.303625e+001
1.511460e+003,2.301844e+001
1.511943e+003,2.299971e+001
1.512425e+003,2.297989e+001
1.512907e+003,2.295871e+001
1.513389e+003,2.293612e+001
1.513871e+003,2.291231e+001
1.514353e+003,2.288778e+001
1.514835e+003,2.286324e+001
1.515318e+003,2.283935e+001
1.515800e+003,2.281647e+001
1.516282e+003,2.279448e+001
1.516764e+003,2.277264e+001
1.517246e+003,2.274998e+001
1.517728e+003,2.272560e+001
1.518210e+003,2.269912e+001
1.518692e+003,2.267078e+001
1.519175e+003,2.264144e+001
1.519657e+003,2.261234e+001
1.520139e+003,2.258485e+001
1.520621e+003,2.256012e+001
1.521103e+003,2.253861e+001
1.521585e+003,2.251977e+001
1.522067e+003,2.250219e+001
1.522549e+003,2.248414e+001
1.523031e+003,2.246436e+001
1.523514e+003,2.244231e+001
1.523996e+003,2.241822e+001
1.524478e+003,2.239281e+001
1.524960e+003,2.236706e+001
1.525442e+003,2.234201e+001
1.525924e+003,2.231848e+001
1.526406e+003,2.229680e+001
1.526888e+003,2.227675e+001
1.527371e+003,2.225750e+001
1.527853e+003,2.223799e+001
1.528335e+003,2.221718e+001
1.528817e+003,2.219446e+001
1.529299e+003,2.216970e+001
1.529781e+003,2.214326e+001
1.530263e+003,2.211591e+001
1.530746e+003,2.208873e+001
1.531228e+003,2.206297e+001
1.531710e+003,2.203995e+001
1.532192e+003,2.202074e+001
1.532674e+003,2.200586e+001
1.533156e+003,2.199476e+001
1.533638e+003,2.198575e+001
1.534120e+003,2.197646e+001
1.534603e+003,2.196466e+001
1.535085e+003,2.194888e+001
1.535567e+003,2.192864e+001
1.536049e+003,2.190417e+001
1.536531e+003,2.187621e+001
1.537013e+003,2.184587e+001
1.537495e+003,2.181468e+001
1.537977e+003,2.178469e+001
1.538459e+003,2.175859e+001
1.538942e+003,2.173929e+001
1.539424e+003,2.172889e+001
1.539906e+003,2.172702e+001
1.540388e+003,2.173018e+001
1.540870e+003,2.173317e+001
1.541352e+003,2.173182e+001
1.541834e+003,2.172455e+001
1.542316e+003,2.171200e+001
1.542799e+003,2.169572e+001
1.543281e+003,2.167730e+001
1.543763e+003,2.165781e+001
1.544245e+003,2.163781e+001
1.544727e+003,2.161738e+001
1.545209e+003,2.159630e+001
1.545691e+003,2.157422e+001
1.546174e+003,2.155082e+001
1.546656e+003,2.152589e+001
1.547138e+003,2.149943e+001
1.547620e+003,2.147159e+001
1.548102e+003,2.144279e+001
1.548584e+003,2.141359e+001
1.549066e+003,2.138463e+001
1.549548e+003,2.135643e+001
1.550031e+003,2.132918e+001
1.550513e+003,2.130265e+001
1.550995e+003,2.127629e+001
1.551477e+003,2.124934e+001
1.551959e+003,2.122119e+001
1.552441e+003,2.119146e+001
1.552923e+003,2.116015e+001
1.553405e+003,2.112748e+001
1.553887e+003,2.109388e+001
1.554370e+003,2.105971e+001
1.554852e+003,2.102521e+001
1.555334e+003,2.099040e+001
1.555816e+003,2.095528e+001
1.556298e+003,2.092006e+001
1.556780e+003,2.088548e+001
1.557262e+003,2.085323e+001
1.557744e+003,2.082601e+001
1.558227e+003,2.080673e+001
1.558709e+003,2.079626e+001
1.559191e+003,2.079130e+001
1.559673e+003,2.078572e+001
1.560155e+003,2.077471e+001
1.560637e+003,2.075691e+001
1.561119e+003,2.073329e+001
1.561602e+003,2.070555e+001
1.562083e+003,2.067519e+001
1.562566e+003,2.064332e+001
1.563048e+003,2.061079e+001
1.563530e+003,2.057827e+001
1.564012e+003,2.054633e+001
1.564494e+003,2.051536e+001
1.564976e+003,2.048553e+001
1.565458e+003,2.045675e+001
1.565941e+003,2.042866e+001
1.566423e+003,2.040086e+001
1.566905e+003,2.037303e+001
1.567387e+003,2.034522e+001
1.567869e+003,2.031782e+001
1.568351e+003,2.029156e+001
1.568833e+003,2.026721e+001
1.569315e+003,2.024512e+001
1.569798e+003,2.022487e+001
1.570280e+003,2.020530e+001
1.570762e+003,2.018490e+001
1.571244e+003,2.016248e+001
1.571726e+003,2.013746e+001
1.572208e+003,2.010988e+001
1.572690e+003,2.008024e+001
1.573172e+003,2.004928e+001
1.573655e+003,2.001801e+001
1.574137e+003,1.998759e+001
1.574619e+003,1.995937e+001
1.575101e+003,1.993476e+001
1.575583e+003,1.991481e+001
1.576065e+003,1.989967e+001
1.576547e+003,1.988822e+001
1.577030e+003,1.987845e+001
1.577511e+003,1.986823e+001
1.577994e+003,1.985605e+001
1.578476e+003,1.984130e+001
1.578958e+003,1.982405e+001
1.579440e+003,1.980486e+001
1.579922e+003,1.978443e+001
1.580404e+003,1.976345e+001
1.580886e+003,1.974248e+001
1.581369e+003,1.972184e+001
1.581851e+003,1.970164e+001
1.582333e+003,1.968177e+001
1.582815e+003,1.966211e+001
1.583297e+003,1.964257e+001
1.583779e+003,1.962314e+001
1.584261e+003,1.960388e+001
1.584743e+003,1.958488e+001
1.585226e+003,1.956613e+001
1.585708e+003,1.954755e+001
1.586190e+003,1.952901e+001
1.586672e+003,1.951047e+001
1.587154e+003,1.949198e+001
1.587636e+003,1.947378e+001
1.588118e+003,1.945617e+001
1.588600e+003,1.943945e+001
1.589083e+003,1.942379e+001
1.589565e+003,1.940915e+001
1.590047e+003,1.939531e+001
1.590529e+003,1.938198e+001
1.591011e+003,1.936884e+001
1.591493e+003,1.935567e+001
1.591975e+003,1.934233e+001
1.592458e+003,1.932878e+001
1.592939e+003,1.931501e+001
1.593422e+003,1.930103e+001
1.593904e+003,1.928686e+001
1.594386e+003,1.927259e+001
1.594868e+003,1.925835e+001
1.595350e+003,1.924430e+001
1.595832e+003,1.923055e+001
1.596314e+003,1.921713e+001
1.596797e+003,1.920387e+001
1.597279e+003,1.919050e+001
1.597761e+003,1.917672e+001
1.598243e+003,1.916227e+001
1.598725e+003,1.914707e+001
1.599207e+003,1.913123e+001
1.599689e+003,1.911495e+001
1.600171e+003,1.909854e+001
1.600654e+003,1.908221e+001
1.601136e+003,1.906610e+001
1.601618e+003,1.905024e+001
1.602100e+003,1.903456e+001
1.602582e+003,1.901897e+001
1.603064e+003,1.900339e+001
1.603546e+003,1.898772e+001
1.604028e+003,1.897188e+001
1.604510e+003,1.895576e+001
1.604993e+003,1.893928e+001
1.605475e+003,1.892245e+001
1.605957e+003,1.890544e+001
1.606439e+003,1.888855e+001
1.606921e+003,1.887221e+001
1.607403e+003,1.885680e+001
1.607885e+003,1.884260e+001
1.608367e+003,1.882954e+001
1.608850e+003,1.881727e+001
1.609332e+003,1.880525e+001
1.609814e+003,1.879284e+001
1.610296e+003,1.877954e+001
1.610778e+003,1.876502e+001
1.611260e+003,1.874921e+001
1.611742e+003,1.873215e+001
1.612225e+003,1.871404e+001
1.612707e+003,1.869511e+001
1.613189e+003,1.867571e+001
1.613671e+003,1.865633e+001
1.614153e+003,1.863767e+001
1.614635e+003,1.862065e+001
1.615117e+003,1.860629e+001
1.615599e+003,1.859538e+001
1.616082e+003,1.858796e+001
1.616564e+003,1.858302e+001
1.617046e+003,1.857864e+001
1.617528e+003,1.857269e+001
1.618010e+003,1.856376e+001
1.618492e+003,1.855143e+001
1.618974e+003,1.853616e+001
1.619456e+003,1.851881e+001
1.619938e+003,1.850039e+001
1.620421e+003,1.848187e+001
1.620903e+003,1.846415e+001
1.621385e+003,1.844808e+001
1.621867e+003,1.843435e+001
1.622349e+003,1.842336e+001
1.622831e+003,1.841492e+001
1.623313e+003,1.840818e+001
1.623796e+003,1.840180e+001
1.624278e+003,1.839434e+001
1.624760e+003,1.838478e+001
1.625242e+003,1.837276e+001
1.625724e+003,1.835859e+001
1.626206e+003,1.834307e+001
1.626688e+003,1.832725e+001
1.627170e+003,1.831212e+001
1.627653e+003,1.829835e+001
1.628135e+003,1.828611e+001
1.628617e+003,1.827506e+001
1.629099e+003,1.826451e+001
1.629581e+003,1.825367e+001
1.630063e+003,1.824191e+001
1.630545e+003,1.822879e+001
1.631027e+003,1.821417e+001
1.631510e+003,1.819807e+001
1.631992e+003,1.818064e+001
1.632474e+003,1.816218e+001
1.632956e+003,1.814327e+001
1.633438e+003,1.812481e+001
1.633920e+003,1.810816e+001
1.634402e+003,1.809496e+001
1.634885e+003,1.808670e+001
1.635366e+003,1.808380e+001
1.635849e+003,1.808499e+001
1.636331e+003,1.808755e+001
1.636813e+003,1.808860e+001
1.637295e+003,1.808634e+001
1.637777e+003,1.808041e+001
1.638259e+003,1.807141e+001
1.638741e+003,1.806027e+001
1.639224e+003,1.804786e+001
1.639706e+003,1.803473e+001
1.640188e+003,1.802113e+001
1.640670e+003,1.800703e+001
1.641152e+003,1.799230e+001
1.641634e+003,1.797677e+001
1.642116e+003,1.796031e+001
1.642598e+003,1.794294e+001
1.643081e+003,1.792481e+001
1.643563e+003,1.790625e+001
1.644045e+003,1.788789e+001
1.644527e+003,1.787071e+001
1.645009e+003,1.785614e+001
1.645491e+003,1.784580e+001
1.645973e+003,1.784095e+001
1.646455e+003,1.784158e+001
1.646938e+003,1.784572e+001
1.647420e+003,1.784990e+001
1.647902e+003,1.785061e+001
1.648384e+003,1.784566e+001
1.648866e+003,1.783451e+001
1.649348e+003,1.781786e+001
1.649830e+003,1.779709e+001
1.650313e+003,1.777400e+001
1.650794e+003,1.775077e+001
1.651277e+003,1.773033e+001
1.651759e+003,1.771649e+001
1.652241e+003,1.771346e+001
1.652723e+003,1.772361e+001
1.653205e+003,1.774433e+001
1.653687e+003,1.776774e+001
1.654169e+003,1.778543e+001
1.654652e+003,1.779330e+001
1.655134e+003,1.779177e+001
1.655616e+003,1.778332e+001
1.656098e+003,1.777061e+001
1.656580e+003,1.775568e+001
1.657062e+003,1.773992e+001
1.657544e+003,1.772423e+001
1.658026e+003,1.770910e+001
1.658509e+003,1.769477e+001
1.658991e+003,1.768136e+001
1.659473e+003,1.766897e+001
1.659955e+003,1.765782e+001
1.660437e+003,1.764837e+001
1.660919e+003,1.764117e+001
1.661401e+003,1.763677e+001
1.661883e+003,1.763530e+001
1.662365e+003,1.763620e+001
1.662848e+003,1.763811e+001
1.663330e+003,1.763920e+001
1.663812e+003,1.763776e+001
1.664294e+003,1.763275e+001
1.664776e+003,1.762392e+001
1.665258e+003,1.761176e+001
1.665740e+003,1.759722e+001
1.666222e+003,1.758147e+001
1.666705e+003,1.756586e+001
1.667187e+003,1.755181e+001
1.667669e+003,1.754084e+001
1.668151e+003,1.753426e+001
1.668633e+003,1.753281e+001
1.669115e+003,1.753613e+001
1.669597e+003,1.754242e+001
1.670080e+003,1.754890e+001
1.670562e+003,1.755271e+001
1.671044e+003,1.755195e+001
1.671526e+003,1.754616e+001
1.672008e+003,1.753616e+001
1.672490e+003,1.752371e+001
1.672972e+003,1.751100e+001
1.673454e+003,1.750032e+001
1.673937e+003,1.749359e+001
1.674419e+003,1.749178e+001
1.674901e+003,1.749447e+001
1.675383e+003,1.749984e+001
1.675865e+003,1.750532e+001
1.676347e+003,1.750858e+001
1.676829e+003,1.750833e+001
1.677311e+003,1.750446e+001
1.677793e+003,1.749756e+001
1.678276e+003,1.748852e+001
1.678758e+003,1.747805e+001
1.679240e+003,1.746652e+001
1.679722e+003,1.745399e+001
1.680204e+003,1.744035e+001
1.680686e+003,1.742567e+001
1.681168e+003,1.741051e+001
1.681650e+003,1.739627e+001
1.682133e+003,1.738539e+001
1.682615e+003,1.738129e+001
1.683097e+003,1.738754e+001
1.683579e+003,1.740602e+001
1.684061e+003,1.743461e+001
1.684543e+003,1.746683e+001
1.685025e+003,1.749487e+001
1.685508e+003,1.751346e+001
1.685990e+003,1.752156e+001
1.686472e+003,1.752113e+001
1.686954e+003,1.751531e+001
1.687436e+003,1.750724e+001
1.687918e+003,1.749949e+001
1.688400e+003,1.749382e+001
1.688882e+003,1.749098e+001
1.689365e+003,1.749067e+001
1.689847e+003,1.749165e+001
1.690329e+003,1.749209e+001
1.690811e+003,1.749024e+001
1.691293e+003,1.748490e+001
1.691775e+003,1.747576e+001
1.692257e+003,1.746338e+001
1.692739e+003,1.744912e+001
1.693221e+003,1.743489e+001
1.693704e+003,1.742292e+001
1.694186e+003,1.741542e+001
1.694668e+003,1.741393e+001
1.695150e+003,1.741855e+001
1.695632e+003,1.742741e+001
1.696114e+003,1.743707e+001
1.696596e+003,1.744399e+001
1.697078e+003,1.744615e+001
1.697561e+003,1.744389e+001
1.698043e+003,1.743959e+001
1.698525e+003,1.743696e+001
1.699007e+003,1.743967e+001
1.699489e+003,1.744985e+001
1.699971e+003,1.746639e+001
1.700453e+003,1.748475e+001
1.700936e+003,1.749891e+001
1.701417e+003,1.750452e+001
1.701900e+003,1.750049e+001
1.702382e+003,1.748861e+001
1.702864e+003,1.747203e+001
1.703346e+003,1.745424e+001
1.703828e+003,1.743832e+001
1.704310e+003,1.742657e+001
1.704792e+003,1.742014e+001
1.705275e+003,1.741876e+001
1.705757e+003,1.742080e+001
1.706239e+003,1.742385e+001
1.706721e+003,1.742562e+001
1.707203e+003,1.742464e+001
1.707685e+003,1.742052e+001
1.708167e+003,1.741361e+001
1.708649e+003,1.740457e+001
1.709132e+003,1.739405e+001
1.709614e+003,1.738242e+001
1.710096e+003,1.736984e+001
1.710578e+003,1.735627e+001
1.711060e+003,1.734165e+001
1.711542e+003,1.732598e+001
1.712024e+003,1.730933e+001
1.712506e+003,1.729188e+001
1.712989e+003,1.727391e+001
1.713471e+003,1.725578e+001
1.713953e+003,1.723808e+001
1.714435e+003,1.722164e+001
1.714917e+003,1.720768e+001
1.715399e+003,1.719776e+001
1.715881e+003,1.719351e+001
1.716364e+003,1.719601e+001
1.716845e+003,1.720504e+001
1.717328e+003,1.721842e+001
1.717810e+003,1.723241e+001
1.718292e+003,1.724298e+001
1.718774e+003,1.724725e+001
1.719256e+003,1.724425e+001
1.719738e+003,1.723463e+001
1.720220e+003,1.721992e+001
1.720703e+003,1.720195e+001
1.721185e+003,1.718247e+001
1.721667e+003,1.716297e+001
1.722149e+003,1.714461e+001
1.722631e+003,1.712814e+001
1.723113e+003,1.711380e+001
1.723595e+003,1.710132e+001
1.724077e+003,1.708996e+001
1.724560e+003,1.707879e+001
1.725042e+003,1.706689e+001
1.725524e+003,1.705366e+001
1.726006e+003,1.703892e+001
1.726488e+003,1.702288e+001
1.726970e+003,1.700598e+001
1.727452e+003,1.698877e+001
1.727934e+003,1.697167e+001
1.728417e+003,1.695482e+001
1.728899e+003,1.693810e+001
1.729381e+003,1.692114e+001
1.729863e+003,1.690352e+001
1.730345e+003,1.688505e+001
1.730827e+003,1.686597e+001
1.731309e+003,1.684714e+001
1.731792e+003,1.683014e+001
1.732273e+003,1.681709e+001
1.732756e+003,1.681015e+001
1.733238e+003,1.681048e+001
1.733720e+003,1.681700e+001
1.734202e+003,1.682598e+001
1.734684e+003,1.683233e+001
1.735166e+003,1.683197e+001
1.735648e+003,1.682320e+001
1.736131e+003,1.680668e+001
1.736613e+003,1.678441e+001
1.737095e+003,1.675889e+001
1.737577e+003,1.673261e+001
1.738059e+003,1.670777e+001
1.738541e+003,1.668605e+001
1.739023e+003,1.666833e+001
1.739505e+003,1.665447e+001
1.739988e+003,1.664336e+001
1.740470e+003,1.663338e+001
1.740952e+003,1.662297e+001
1.741434e+003,1.661120e+001
1.741916e+003,1.659782e+001
1.742398e+003,1.658312e+001
1.742880e+003,1.656754e+001
1.743362e+003,1.655143e+001
1.743844e+003,1.653494e+001
1.744327e+003,1.651798e+001
1.744809e+003,1.650047e+001
1.745291e+003,1.648239e+001
1.745773e+003,1.646399e+001
1.746255e+003,1.644566e+001
1.746737e+003,1.642792e+001
1.747219e+003,1.641123e+001
1.747702e+003,1.639595e+001
1.748184e+003,1.638223e+001
1.748666e+003,1.637008e+001
1.749148e+003,1.635936e+001
1.749630e+003,1.634978e+001
1.750112e+003,1.634085e+001
1.750594e+003,1.633182e+001
1.751076e+003,1.632173e+001
1.751559e+003,1.630963e+001
1.752041e+003,1.629485e+001
1.752523e+003,1.627719e+001
1.753005e+003,1.625697e+001
1.753487e+003,1.623495e+001
1.753969e+003,1.621218e+001
1.754451e+003,1.618980e+001
1.754933e+003,1.616886e+001
1.755416e+003,1.615013e+001
1.755898e+003,1.613395e+001
1.756380e+003,1.612001e+001
1.756862e+003,1.610754e+001
1.757344e+003,1.609541e+001
1.757826e+003,1.608261e+001
1.758308e+003,1.606853e+001
1.758791e+003,1.605306e+001
1.759272e+003,1.603666e+001
1.759755e+003,1.602014e+001
1.760237e+003,1.600444e+001
1.760719e+003,1.599040e+001
1.761201e+003,1.597840e+001
1.761683e+003,1.596816e+001
1.762165e+003,1.595874e+001
1.762647e+003,1.594882e+001
1.763130e+003,1.593722e+001
1.763612e+003,1.592329e+001
1.764094e+003,1.590706e+001
1.764576e+003,1.588915e+001
1.765058e+003,1.587052e+001
1.765540e+003,1.585219e+001
1.766022e+003,1.583498e+001
1.766504e+003,1.581925e+001
1.766987e+003,1.580482e+001
1.767469e+003,1.579099e+001
1.767951e+003,1.577678e+001
1.768433e+003,1.576133e+001
1.768915e+003,1.574432e+001
1.769397e+003,1.572606e+001
1.769879e+003,1.570757e+001
1.770361e+003,1.569036e+001
1.770844e+003,1.567602e+001
1.771326e+003,1.566576e+001
1.771808e+003,1.565989e+001
1.772290e+003,1.565751e+001
1.772772e+003,1.565678e+001
1.773254e+003,1.565556e+001
1.773736e+003,1.565219e+001
1.774219e+003,1.564583e+001
1.774700e+003,1.563644e+001
1.775183e+003,1.562448e+001
1.775665e+003,1.561062e+001
1.776147e+003,1.559554e+001
1.776629e+003,1.557985e+001
1.777111e+003,1.556408e+001
1.777593e+003,1.554864e+001
1.778075e+003,1.553391e+001
1.778558e+003,1.552022e+001
1.779040e+003,1.550785e+001
1.779522e+003,1.549700e+001
1.780004e+003,1.548771e+001
1.780486e+003,1.547985e+001
1.780968e+003,1.547305e+001
1.781450e+003,1.546686e+001
1.781932e+003,1.546084e+001
1.782415e+003,1.545466e+001
1.782897e+003,1.544821e+001
1.783379e+003,1.544158e+001
1.783861e+003,1.543494e+001
1.784343e+003,1.542843e+001
1.784825e+003,1.542201e+001
1.785307e+003,1.541537e+001
1.785789e+003,1.540799e+001
1.786271e+003,1.539931e+001
1.786754e+003,1.538888e+001
1.787236e+003,1.537657e+001
1.787718e+003,1.536262e+001
1.788200e+003,1.534763e+001
1.788682e+003,1.533248e+001
1.789164e+003,1.531826e+001
1.789646e+003,1.530609e+001
1.790128e+003,1.529707e+001
1.790611e+003,1.529201e+001
1.791093e+003,1.529122e+001
1.791575e+003,1.529429e+001
1.792057e+003,1.530003e+001
1.792539e+003,1.530669e+001
1.793021e+003,1.531247e+001
1.793503e+003,1.531597e+001
1.793986e+003,1.531652e+001
1.794468e+003,1.531411e+001
1.794950e+003,1.530918e+001
1.795432e+003,1.530241e+001
1.795914e+003,1.529454e+001
1.796396e+003,1.528621e+001
1.796878e+003,1.527795e+001
1.797360e+003,1.527017e+001
1.797843e+003,1.526320e+001
1.798325e+003,1.525731e+001
1.798807e+003,1.525279e+001
1.799289e+003,1.524987e+001
1.799771e+003,1.524869e+001
1.800253e+003,1.524916e+001
1.800735e+003,1.525090e+001
1.801217e+003,1.525327e+001
1.801699e+003,1.525554e+001
1.802182e+003,1.525704e+001
1.802664e+003,1.525735e+001
1.803146e+003,1.525639e+001
1.803628e+003,1.525431e+001
1.804110e+003,1.525141e+001
1.804592e+003,1.524801e+001
1.805074e+003,1.524434e+001
1.805556e+003,1.524055e+001
1.806039e+003,1.523669e+001
1.806521e+003,1.523285e+001
1.807003e+003,1.522919e+001
1.807485e+003,1.522597e+001
1.807967e+003,1.522355e+001
1.808449e+003,1.522226e+001
1.808931e+003,1.522237e+001
1.809414e+003,1.522395e+001
1.809896e+003,1.522689e+001
1.810378e+003,1.523086e+001
1.810860e+003,1.523539e+001
1.811342e+003,1.523993e+001
1.811824e+003,1.524397e+001
1.812306e+003,1.524705e+001
1.812788e+003,1.524888e+001
1.813271e+003,1.524940e+001
1.813753e+003,1.524870e+001
1.814235e+003,1.524709e+001
1.814717e+003,1.524504e+001
1.815199e+003,1.524304e+001
1.815681e+003,1.524156e+001
1.816163e+003,1.524090e+001
1.816645e+003,1.524116e+001
1.817127e+003,1.524221e+001
1.817610e+003,1.524377e+001
1.818092e+003,1.524546e+001
1.818574e+003,1.524694e+001
1.819056e+003,1.524788e+001
1.819538e+003,1.524799e+001
1.820020e+003,1.524705e+001
1.820502e+003,1.524489e+001
1.820984e+003,1.524151e+001
1.821467e+003,1.523716e+001
1.821949e+003,1.523240e+001
1.822431e+003,1.522806e+001
1.822913e+003,1.522513e+001
1.823395e+003,1.522449e+001
1.823877e+003,1.522658e+001
1.824359e+003,1.523109e+001
1.824842e+003,1.523699e+001
1.825323e+003,1.524282e+001
1.825806e+003,1.524716e+001
1.826288e+003,1.524921e+001
1.826770e+003,1.524908e+001
1.827252e+003,1.524770e+001
1.827734e+003,1.524661e+001
1.828216e+003,1.524749e+001
1.828698e+003,1.525167e+001
1.829181e+003,1.525961e+001
1.829663e+003,1.527069e+001
1.830145e+003,1.528323e+001
1.830627e+003,1.529515e+001
1.831109e+003,1.530466e+001
1.831591e+003,1.531076e+001
1.832073e+003,1.531340e+001
1.832555e+003,1.531318e+001
1.833038e+003,1.531111e+001
1.833520e+003,1.530824e+001
1.834002e+003,1.530548e+001
1.834484e+003,1.530352e+001
1.834966e+003,1.530276e+001
1.835448e+003,1.530333e+001
1.835930e+003,1.530514e+001
1.836412e+003,1.530787e+001
1.836895e+003,1.531111e+001
1.837377e+003,1.531434e+001
1.837859e+003,1.531699e+001
1.838341e+003,1.531850e+001
1.838823e+003,1.531837e+001
1.839305e+003,1.531628e+001
1.839787e+003,1.531219e+001
1.840270e+003,1.530643e+001
1.840751e+003,1.529977e+001
1.841234e+003,1.529342e+001
1.841716e+003,1.528894e+001
1.842198e+003,1.528797e+001
1.842680e+003,1.529189e+001
1.843162e+003,1.530123e+001
1.843644e+003,1.531523e+001
1.844126e+003,1.533180e+001
1.844609e+003,1.534806e+001
1.845091e+003,1.536138e+001
1.845573e+003,1.537016e+001
1.846055e+003,1.537418e+001
1.846537e+003,1.537435e+001
1.847019e+003,1.537214e+001
1.847501e+003,1.536910e+001
1.847983e+003,1.536645e+001
1.848466e+003,1.536494e+001
1.848948e+003,1.536481e+001
1.849430e+003,1.536588e+001
1.849912e+003,1.536777e+001
1.850394e+003,1.537000e+001
1.850876e+003,1.537219e+001
1.851358e+003,1.537403e+001
1.851840e+003,1.537534e+001
1.852323e+003,1.537603e+001
1.852805e+003,1.537611e+001
1.853287e+003,1.537570e+001
1.853769e+003,1.537500e+001
1.854251e+003,1.537429e+001
1.854733e+003,1.537384e+001
1.855215e+003,1.537383e+001
1.855698e+003,1.537433e+001
1.856179e+003,1.537521e+001
1.856662e+003,1.537622e+001
1.857144e+003,1.537703e+001
1.857626e+003,1.537739e+001
1.858108e+003,1.537713e+001
1.858590e+003,1.537627e+001
1.859072e+003,1.537496e+001
1.859554e+003,1.537343e+001
1.860037e+003,1.537188e+001
1.860519e+003,1.537047e+001
1.861001e+003,1.536921e+001
1.861483e+003,1.536796e+001
1.861965e+003,1.536650e+001
1.862447e+003,1.536451e+001
1.862929e+003,1.536163e+001
1.863411e+003,1.535760e+001
1.863894e+003,1.535224e+001
1.864376e+003,1.534562e+001
1.864858e+003,1.533808e+001
1.865340e+003,1.533026e+001
1.865822e+003,1.532310e+001
1.866304e+003,1.531771e+001
1.866786e+003,1.531518e+001
1.867268e+003,1.531630e+001
1.867750e+003,1.532128e+001
1.868233e+003,1.532945e+001
1.868715e+003,1.533938e+001
1.869197e+003,1.534914e+001
1.869679e+003,1.535693e+001
1.870161e+003,1.536149e+001
1.870643e+003,1.536237e+001
1.871125e+003,1.535988e+001
1.871608e+003,1.535479e+001
1.872090e+003,1.534808e+001
1.872572e+003,1.534069e+001
1.873054e+003,1.533338e+001
1.873536e+003,1.532665e+001
1.874018e+003,1.532069e+001
1.874500e+003,1.531547e+001
1.874982e+003,1.531078e+001
1.875465e+003,1.530642e+001
1.875947e+003,1.530222e+001
1.876429e+003,1.529814e+001
1.876911e+003,1.529426e+001
1.877393e+003,1.529067e+001
1.877875e+003,1.528749e+001
1.878357e+003,1.528471e+001
1.878839e+003,1.528223e+001
1.879322e+003,1.527981e+001
1.879804e+003,1.527720e+001
1.880286e+003,1.527415e+001
1.880768e+003,1.527050e+001
1.881250e+003,1.526622e+001
1.881732e+003,1.526137e+001
1.882214e+003,1.525608e+001
1.882697e+003,1.525050e+001
1.883178e+003,1.524472e+001
1.883661e+003,1.523875e+001
1.884143e+003,1.523253e+001
1.884625e+003,1.522592e+001
1.885107e+003,1.521877e+001
1.885589e+003,1.521101e+001
1.886071e+003,1.520271e+001
1.886553e+003,1.519412e+001
1.887036e+003,1.518571e+001
1.887518e+003,1.517804e+001
1.888000e+003,1.517169e+001
1.888482e+003,1.516704e+001
1.888964e+003,1.516409e+001
1.889446e+003,1.516240e+001
1.889928e+003,1.516116e+001
1.890410e+003,1.515940e+001
1.890893e+003,1.515634e+001
1.891375e+003,1.515158e+001
1.891857e+003,1.514521e+001
1.892339e+003,1.513771e+001
1.892821e+003,1.512977e+001
1.893303e+003,1.512207e+001
1.893785e+003,1.511506e+001
1.894267e+003,1.510889e+001
1.894750e+003,1.510335e+001
1.895232e+003,1.509800e+001
1.895714e+003,1.509236e+001
1.896196e+003,1.508602e+001
1.896678e+003,1.507882e+001
1.897160e+003,1.507083e+001
1.897642e+003,1.506226e+001
1.898125e+003,1.505343e+001
1.898606e+003,1.504459e+001
1.899089e+003,1.503596e+001
1.899571e+003,1.502764e+001
1.900053e+003,1.501968e+001
1.900535e+003,1.501205e+001
1.901017e+003,1.500470e+001
1.901499e+003,1.499753e+001
1.901981e+003,1.499046e+001
1.902464e+003,1.498336e+001
1.902946e+003,1.497615e+001
1.903428e+003,1.496872e+001
1.903910e+003,1.496097e+001
1.904392e+003,1.495281e+001
1.904874e+003,1.494417e+001
1.905356e+003,1.493500e+001
1.905838e+003,1.492533e+001
1.906321e+003,1.491530e+001
1.906803e+003,1.490519e+001
1.907285e+003,1.489536e+001
1.907767e+003,1.488621e+001
1.908249e+003,1.487809e+001
1.908731e+003,1.487112e+001
1.909213e+003,1.486520e+001
1.909695e+003,1.485995e+001
1.910177e+003,1.485485e+001
1.910660e+003,1.484934e+001
1.911142e+003,1.484298e+001
1.911624e+003,1.483552e+001
1.912106e+003,1.482687e+001
1.912588e+003,1.481712e+001
1.913070e+003,1.480644e+001
1.913552e+003,1.479508e+001
1.914034e+003,1.478335e+001
1.914517e+003,1.477168e+001
1.914999e+003,1.476062e+001
1.915481e+003,1.475078e+001
1.915963e+003,1.474280e+001
1.916445e+003,1.473707e+001
1.916927e+003,1.473361e+001
1.917409e+003,1.473191e+001
1.917892e+003,1.473096e+001
1.918374e+003,1.472952e+001
1.918856e+003,1.472649e+001
1.919338e+003,1.472123e+001
1.919820e+003,1.471370e+001
1.920302e+003,1.470443e+001
1.920784e+003,1.469427e+001
1.921266e+003,1.468418e+001
1.921749e+003,1.467499e+001
1.922231e+003,1.466717e+001
1.922713e+003,1.466082e+001
1.923195e+003,1.465565e+001
1.923677e+003,1.465114e+001
1.924159e+003,1.464673e+001
1.924641e+003,1.464198e+001
1.925123e+003,1.463669e+001
1.925605e+003,1.463082e+001
1.926088e+003,1.462452e+001
1.926570e+003,1.461795e+001
1.927052e+003,1.461125e+001
1.927534e+003,1.460450e+001
1.928016e+003,1.459772e+001
1.928498e+003,1.459084e+001
1.928980e+003,1.458383e+001
1.929462e+003,1.457667e+001
1.929945e+003,1.456943e+001
1.930427e+003,1.456223e+001
1.930909e+003,1.455525e+001
1.931391e+003,1.454863e+001
1.931873e+003,1.454249e+001
1.932355e+003,1.453682e+001
1.932837e+003,1.453156e+001
1.933320e+003,1.452655e+001
1.933802e+003,1.452164e+001
1.934284e+003,1.451668e+001
1.934766e+003,1.451158e+001
1.935248e+003,1.450628e+001
1.935730e+003,1.450071e+001
1.936212e+003,1.449482e+001
1.936694e+003,1.448849e+001
1.937177e+003,1.448162e+001
1.937659e+003,1.447413e+001
1.938141e+003,1.446606e+001
1.938623e+003,1.445757e+001
1.939105e+003,1.444897e+001
1.939587e+003,1.444071e+001
1.940069e+003,1.443326e+001
1.940551e+003,1.442706e+001
1.941033e+003,1.442239e+001
1.941516e+003,1.441931e+001
1.941998e+003,1.441759e+001
1.942480e+003,1.441679e+001
1.942962e+003,1.441629e+001
1.943444e+003,1.441553e+001
1.943926e+003,1.441406e+001
1.944408e+003,1.441169e+001
1.944890e+003,1.440840e+001
1.945373e+003,1.440439e+001
1.945855e+003,1.439992e+001
1.946337e+003,1.439527e+001
1.946819e+003,1.439065e+001
1.947301e+003,1.438619e+001
1.947783e+003,1.438194e+001
1.948265e+003,1.437787e+001
1.948748e+003,1.437397e+001
1.949229e+003,1.437023e+001
1.949712e+003,1.436667e+001
1.950194e+003,1.436334e+001
1.950676e+003,1.436027e+001
1.951158e+003,1.435746e+001
1.951640e+003,1.435483e+001
1.952122e+003,1.435229e+001
1.952604e+003,1.434972e+001
1.953087e+003,1.434705e+001
1.953569e+003,1.434426e+001
1.954051e+003,1.434140e+001
1.954533e+003,1.433858e+001
1.955015e+003,1.433593e+001
1.955497e+003,1.433355e+001
1.955979e+003,1.433152e+001
1.956461e+003,1.432985e+001
1.956944e+003,1.432855e+001
1.957426e+003,1.432761e+001
1.957908e+003,1.432699e+001
1.958390e+003,1.432668e+001
1.958872e+003,1.432666e+001
1.959354e+003,1.432686e+001
1.959836e+003,1.432722e+001
1.960318e+003,1.432766e+001
1.960801e+003,1.432807e+001
1.961283e+003,1.432833e+001
1.961765e+003,1.432834e+001
1.962247e+003,1.432798e+001
1.962729e+003,1.432716e+001
1.963211e+003,1.432584e+001
1.963693e+003,1.432406e+001
1.964176e+003,1.432196e+001
1.964657e+003,1.431977e+001
1.965140e+003,1.431782e+001
1.965622e+003,1.431643e+001
1.966104e+003,1.431586e+001
1.966586e+003,1.431619e+001
1.967068e+003,1.431735e+001
1.967550e+003,1.431909e+001
1.968032e+003,1.432111e+001
1.968515e+003,1.432313e+001
1.968997e+003,1.432498e+001
1.969479e+003,1.432662e+001
1.969961e+003,1.432812e+001
1.970443e+003,1.432959e+001
1.970925e+003,1.433111e+001
1.971407e+003,1.433270e+001
1.971889e+003,1.433433e+001
1.972372e+003,1.433595e+001
1.972854e+003,1.433754e+001
1.973336e+003,1.433914e+001
1.973818e+003,1.434085e+001
1.974300e+003,1.434280e+001
1.974782e+003,1.434509e+001
1.975264e+003,1.434778e+001
1.975746e+003,1.435082e+001
1.976229e+003,1.435414e+001
1.976711e+003,1.435761e+001
1.977193e+003,1.436110e+001
1.977675e+003,1.436449e+001
1.978157e+003,1.436768e+001
1.978639e+003,1.437061e+001
1.979121e+003,1.437326e+001
1.979604e+003,1.437562e+001
1.980085e+003,1.437777e+001
1.980568e+003,1.437984e+001
1.981050e+003,1.438200e+001
1.981532e+003,1.438440e+001
1.982014e+003,1.438715e+001
1.982496e+003,1.439029e+001
1.982978e+003,1.439371e+001
1.983460e+003,1.439724e+001
1.983943e+003,1.440069e+001
1.984425e+003,1.440392e+001
1.984907e+003,1.440685e+001
1.985389e+003,1.440952e+001
1.985871e+003,1.441203e+001
1.986353e+003,1.441453e+001
1.986835e+003,1.441711e+001
1.987317e+003,1.441984e+001
1.987800e+003,1.442276e+001
1.988282e+003,1.442586e+001
1.988764e+003,1.442921e+001
1.989246e+003,1.443289e+001
1.989728e+003,1.443705e+001
1.990210e+003,1.444182e+001
1.990692e+003,1.444726e+001
1.991174e+003,1.445330e+001
1.991656e+003,1.445976e+001
1.992139e+003,1.446633e+001
1.992621e+003,1.447267e+001
1.993103e+003,1.447848e+001
1.993585e+003,1.448359e+001
1.994067e+003,1.448798e+001
1.994549e+003,1.449179e+001
1.995031e+003,1.449526e+001
1.995514e+003,1.449864e+001
1.995996e+003,1.450218e+001
1.996478e+003,1.450603e+001
1.996960e+003,1.451026e+001
1.997442e+003,1.451485e+001
1.997924e+003,1.451971e+001
1.998406e+003,1.452477e+001
1.998888e+003,1.452995e+001
1.999371e+003,1.453527e+001
1.999853e+003,1.454077e+001
2.000335e+003,1.454651e+001
2.000817e+003,1.455252e+001
2.001299e+003,1.455879e+001
2.001781e+003,1.456518e+001
2.002263e+003,1.457153e+001
2.002745e+003,1.457769e+001
2.003228e+003,1.458350e+001
2.003710e+003,1.458893e+001
2.004192e+003,1.459402e+001
2.004674e+003,1.459889e+001
2.005156e+003,1.460368e+001
2.005638e+003,1.460852e+001
2.006120e+003,1.461350e+001
2.006603e+003,1.461863e+001
2.007084e+003,1.462392e+001
2.007567e+003,1.462934e+001
2.008049e+003,1.463488e+001
2.008531e+003,1.464055e+001
2.009013e+003,1.464632e+001
2.009495e+003,1.465215e+001
2.009977e+003,1.465794e+001
2.010459e+003,1.466358e+001
2.010942e+003,1.466894e+001
2.011424e+003,1.467391e+001
2.011906e+003,1.467845e+001
2.012388e+003,1.468261e+001
2.012870e+003,1.468649e+001
2.013352e+003,1.469027e+001
2.013834e+003,1.469414e+001
2.014316e+003,1.469830e+001
2.014799e+003,1.470292e+001
2.015281e+003,1.470812e+001
2.015763e+003,1.471394e+001
2.016245e+003,1.472033e+001
2.016727e+003,1.472713e+001
2.017209e+003,1.473414e+001
2.017691e+003,1.474111e+001
2.018173e+003,1.474783e+001
2.018656e+003,1.475416e+001
2.019138e+003,1.476006e+001
2.019620e+003,1.476564e+001
2.020102e+003,1.477101e+001
2.020584e+003,1.477634e+001
2.021066e+003,1.478174e+001
2.021548e+003,1.478726e+001
2.022031e+003,1.479289e+001
2.022512e+003,1.479854e+001
2.022995e+003,1.480412e+001
2.023477e+003,1.480959e+001
2.023959e+003,1.481491e+001
2.024441e+003,1.482013e+001
2.024923e+003,1.482525e+001
2.025405e+003,1.483030e+001
2.025887e+003,1.483526e+001
2.026370e+003,1.484011e+001
2.026852e+003,1.484478e+001
2.027334e+003,1.484923e+001
2.027816e+003,1.485342e+001
2.028298e+003,1.485737e+001
2.028780e+003,1.486110e+001
2.029262e+003,1.486472e+001
2.029744e+003,1.486828e+001
2.030227e+003,1.487191e+001
2.030709e+003,1.487566e+001
2.031191e+003,1.487961e+001
2.031673e+003,1.488377e+001
2.032155e+003,1.488812e+001
2.032637e+003,1.489262e+001
2.033119e+003,1.489719e+001
2.033601e+003,1.490179e+001
2.034083e+003,1.490636e+001
2.034566e+003,1.491092e+001
2.035048e+003,1.491548e+001
2.035530e+003,1.492005e+001
2.036012e+003,1.492460e+001
2.036494e+003,1.492905e+001
2.036976e+003,1.493328e+001
2.037458e+003,1.493716e+001
2.037940e+003,1.494064e+001
2.038423e+003,1.494373e+001
2.038905e+003,1.494659e+001
2.039387e+003,1.494943e+001
2.039869e+003,1.495252e+001
2.040351e+003,1.495610e+001
2.040833e+003,1.496031e+001
2.041315e+003,1.496515e+001
2.041798e+003,1.497050e+001
2.042280e+003,1.497616e+001
2.042762e+003,1.498185e+001
2.043244e+003,1.498733e+001
2.043726e+003,1.499238e+001
2.044208e+003,1.499685e+001
2.044690e+003,1.500064e+001
2.045172e+003,1.500372e+001
2.045655e+003,1.500611e+001
2.046137e+003,1.500791e+001
2.046619e+003,1.500924e+001
2.047101e+003,1.501023e+001
2.047583e+003,1.501106e+001
2.048065e+003,1.501184e+001
2.048547e+003,1.501268e+001
2.049029e+003,1.501366e+001
2.049511e+003,1.501482e+001
2.049994e+003,1.501618e+001
2.050476e+003,1.501777e+001
2.050958e+003,1.501962e+001
2.051440e+003,1.502172e+001
2.051922e+003,1.502407e+001
2.052404e+003,1.502661e+001
2.052886e+003,1.502928e+001
2.053368e+003,1.503200e+001
2.053851e+003,1.503467e+001
2.054333e+003,1.503722e+001
2.054815e+003,1.503959e+001
2.055297e+003,1.504176e+001
2.055779e+003,1.504371e+001
2.056261e+003,1.504544e+001
2.056743e+003,1.504699e+001
2.057226e+003,1.504843e+001
2.057708e+003,1.504983e+001
2.058190e+003,1.505126e+001
2.058672e+003,1.505279e+001
2.059154e+003,1.505442e+001
2.059636e+003,1.505612e+001
2.060118e+003,1.505778e+001
2.060600e+003,1.505929e+001
2.061083e+003,1.506058e+001
2.061565e+003,1.506161e+001
2.062047e+003,1.506244e+001
2.062529e+003,1.506313e+001
2.063011e+003,1.506382e+001
2.063493e+003,1.506457e+001
2.063975e+003,1.506539e+001
2.064457e+003,1.506623e+001
2.064939e+003,1.506699e+001
2.065422e+003,1.506760e+001
2.065904e+003,1.506798e+001
2.066386e+003,1.506818e+001
2.066868e+003,1.506826e+001
2.067350e+003,1.506829e+001
2.067832e+003,1.506835e+001
2.068314e+003,1.506842e+001
2.068796e+003,1.506850e+001
2.069279e+003,1.506850e+001
2.069761e+003,1.506840e+001
2.070243e+003,1.506820e+001
2.070725e+003,1.506794e+001
2.071207e+003,1.506773e+001
2.071689e+003,1.506764e+001
2.072171e+003,1.506773e+001
2.072654e+003,1.506796e+001
2.073135e+003,1.506824e+001
2.073618e+003,1.506840e+001
2.074100e+003,1.506828e+001
2.074582e+003,1.506778e+001
2.075064e+003,1.506683e+001
2.075546e+003,1.506554e+001
2.076028e+003,1.506408e+001
2.076510e+003,1.506269e+001
2.076993e+003,1.506160e+001
2.077475e+003,1.506102e+001
2.077957e+003,1.506100e+001
2.078439e+003,1.506148e+001
2.078921e+003,1.506228e+001
2.079403e+003,1.506312e+001
2.079885e+003,1.506373e+001
2.080367e+003,1.506389e+001
2.080850e+003,1.506344e+001
2.081332e+003,1.506238e+001
2.081814e+003,1.506076e+001
2.082296e+003,1.505868e+001
2.082778e+003,1.505626e+001
2.083260e+003,1.505359e+001
2.083742e+003,1.505075e+001
2.084224e+003,1.504783e+001
2.084707e+003,1.504491e+001
2.085189e+003,1.504212e+001
2.085671e+003,1.503961e+001
2.086153e+003,1.503752e+001
2.086635e+003,1.503597e+001
2.087117e+003,1.503502e+001
2.087599e+003,1.503467e+001
2.088082e+003,1.503485e+001
2.088563e+003,1.503546e+001
2.089046e+003,1.503641e+001
2.089528e+003,1.503758e+001
2.090010e+003,1.503881e+001
2.090492e+003,1.503997e+001
2.090974e+003,1.504087e+001
2.091456e+003,1.504135e+001
2.091938e+003,1.504125e+001
2.092421e+003,1.504050e+001
2.092903e+003,1.503911e+001
2.093385e+003,1.503720e+001
2.093867e+003,1.503494e+001
2.094349e+003,1.503257e+001
2.094831e+003,1.503031e+001
2.095313e+003,1.502833e+001
2.095795e+003,1.502672e+001
2.096278e+003,1.502550e+001
2.096760e+003,1.502461e+001
2.097242e+003,1.502392e+001
2.097724e+003,1.502330e+001
2.098206e+003,1.502257e+001
2.098688e+003,1.502157e+001
2.099170e+003,1.502022e+001
2.099652e+003,1.501846e+001
2.100135e+003,1.501636e+001
2.100617e+003,1.501405e+001
2.101099e+003,1.501170e+001
2.101581e+003,1.500954e+001
2.102063e+003,1.500773e+001
2.102545e+003,1.500639e+001
2.103027e+003,1.500554e+001
2.103510e+003,1.500515e+001
2.103991e+003,1.500512e+001
2.104474e+003,1.500534e+001
2.104956e+003,1.500569e+001
2.105438e+003,1.500611e+001
2.105920e+003,1.500652e+001
2.106402e+003,1.500686e+001
2.106884e+003,1.500708e+001
2.107366e+003,1.500713e+001
2.107849e+003,1.500698e+001
2.108331e+003,1.500659e+001
2.108813e+003,1.500595e+001
2.109295e+003,1.500507e+001
2.109777e+003,1.500393e+001
2.110259e+003,1.500253e+001
2.110741e+003,1.500085e+001
2.111223e+003,1.499889e+001
2.111706e+003,1.499667e+001
2.112188e+003,1.499426e+001
2.112670e+003,1.499177e+001
2.113152e+003,1.498937e+001
2.113634e+003,1.498720e+001
2.114116e+003,1.498544e+001
2.114598e+003,1.498417e+001
2.115080e+003,1.498345e+001
2.115563e+003,1.498322e+001
2.116045e+003,1.498341e+001
2.116527e+003,1.498389e+001
2.117009e+003,1.498454e+001
2.117491e+003,1.498524e+001
2.117973e+003,1.498590e+001
2.118455e+003,1.498642e+001
2.118938e+003,1.498678e+001
2.119420e+003,1.498696e+001
2.119902e+003,1.498694e+001
2.120384e+003,1.498677e+001
2.120866e+003,1.498648e+001
2.121348e+003,1.498613e+001
2.121830e+003,1.498578e+001
2.122312e+003,1.498549e+001
2.122794e+003,1.498534e+001
2.123277e+003,1.498537e+001
2.123759e+003,1.498558e+001
2.124241e+003,1.498596e+001
2.124723e+003,1.498646e+001
2.125205e+003,1.498700e+001
2.125687e+003,1.498751e+001
2.126169e+003,1.498794e+001
2.126651e+003,1.498829e+001
2.127134e+003,1.498859e+001
2.127616e+003,1.498893e+001
2.128098e+003,1.498937e+001
2.128580e+003,1.498999e+001
2.129062e+003,1.499081e+001
2.129544e+003,1.499181e+001
2.130026e+003,1.499292e+001
2.130509e+003,1.499409e+001
2.130990e+003,1.499525e+001
2.131473e+003,1.499637e+001
2.131955e+003,1.499747e+001
2.132437e+003,1.499855e+001
2.132919e+003,1.499962e+001
2.133401e+003,1.500068e+001
2.133883e+003,1.500172e+001
2.134365e+003,1.500271e+001
2.134848e+003,1.500363e+001
2.135330e+003,1.500451e+001
2.135812e+003,1.500536e+001
2.136294e+003,1.500626e+001
2.136776e+003,1.500724e+001
2.137258e+003,1.500836e+001
2.137740e+003,1.500965e+001
2.138222e+003,1.501110e+001
2.138705e+003,1.501275e+001
2.139187e+003,1.501460e+001
2.139669e+003,1.501664e+001
2.140151e+003,1.501886e+001
2.140633e+003,1.502124e+001
2.141115e+003,1.502372e+001
2.141597e+003,1.502623e+001
2.142079e+003,1.502868e+001
2.142562e+003,1.503104e+001
2.143044e+003,1.503328e+001
2.143526e+003,1.503542e+001
2.144008e+003,1.503752e+001
2.144490e+003,1.503968e+001
2.144972e+003,1.504197e+001
2.145454e+003,1.504447e+001
2.145937e+003,1.504723e+001
2.146418e+003,1.505025e+001
2.146901e+003,1.505351e+001
2.147383e+003,1.505694e+001
2.147865e+003,1.506045e+001
2.148347e+003,1.506394e+001
2.148829e+003,1.506733e+001
2.149311e+003,1.507056e+001
2.149793e+003,1.507362e+001
2.150276e+003,1.507658e+001
2.150758e+003,1.507955e+001
2.151240e+003,1.508266e+001
2.151722e+003,1.508608e+001
2.152204e+003,1.508988e+001
2.152686e+003,1.509411e+001
2.153168e+003,1.509874e+001
2.153650e+003,1.510370e+001
2.154133e+003,1.510885e+001
2.154615e+003,1.511407e+001
2.155097e+003,1.511923e+001
2.155579e+003,1.512420e+001
2.156061e+003,1.512888e+001
2.156543e+003,1.513317e+001
2.157025e+003,1.513704e+001
2.157507e+003,1.514046e+001
2.157990e+003,1.514352e+001
2.158472e+003,1.514632e+001
2.158954e+003,1.514906e+001
2.159436e+003,1.515193e+001
2.159918e+003,1.515508e+001
2.160400e+003,1.515861e+001
2.160882e+003,1.516257e+001
2.161365e+003,1.516688e+001
2.161846e+003,1.517143e+001
2.162329e+003,1.517611e+001
2.162811e+003,1.518081e+001
2.163293e+003,1.518550e+001
2.163775e+003,1.519016e+001
2.164257e+003,1.519485e+001
2.164739e+003,1.519962e+001
2.165221e+003,1.520455e+001
2.165704e+003,1.520964e+001
2.166186e+003,1.521489e+001
2.166668e+003,1.522025e+001
2.167150e+003,1.522564e+001
2.167632e+003,1.523100e+001
2.168114e+003,1.523626e+001
2.168596e+003,1.524141e+001
2.169078e+003,1.524648e+001
2.169561e+003,1.525154e+001
2.170043e+003,1.525669e+001
2.170525e+003,1.526205e+001
2.171007e+003,1.526770e+001
2.171489e+003,1.527372e+001
2.171971e+003,1.528011e+001
2.172453e+003,1.528684e+001
2.172935e+003,1.529382e+001
2.173417e+003,1.530095e+001
2.173900e+003,1.530806e+001
2.174382e+003,1.531501e+001
2.174864e+003,1.532165e+001
2.175346e+003,1.532786e+001
2.175828e+003,1.533360e+001
2.176310e+003,1.533887e+001
2.176792e+003,1.534380e+001
2.177274e+003,1.534854e+001
2.177757e+003,1.535331e+001
2.178239e+003,1.535831e+001
2.178721e+003,1.536366e+001
2.179203e+003,1.536939e+001
2.179685e+003,1.537543e+001
2.180167e+003,1.538165e+001
2.180649e+003,1.538785e+001
2.181132e+003,1.539388e+001
2.181614e+003,1.539962e+001
2.182096e+003,1.540506e+001
2.182578e+003,1.541025e+001
2.183060e+003,1.541529e+001
2.183542e+003,1.542035e+001
2.184024e+003,1.542554e+001
2.184506e+003,1.543099e+001
2.184989e+003,1.543676e+001
2.185471e+003,1.544290e+001
2.185953e+003,1.544939e+001
2.186435e+003,1.545619e+001
2.186917e+003,1.546322e+001
2.187399e+003,1.547042e+001
2.187881e+003,1.547771e+001
2.188363e+003,1.548506e+001
2.188845e+003,1.549245e+001
2.189328e+003,1.549989e+001
2.189810e+003,1.550739e+001
2.190292e+003,1.551497e+001
2.190774e+003,1.552257e+001
2.191256e+003,1.553014e+001
2.191738e+003,1.553755e+001
2.192220e+003,1.554470e+001
2.192702e+003,1.555147e+001
2.193185e+003,1.555778e+001
2.193667e+003,1.556359e+001
2.194149e+003,1.556895e+001
2.194631e+003,1.557393e+001
2.195113e+003,1.557866e+001
2.195595e+003,1.558332e+001
2.196077e+003,1.558807e+001
2.196560e+003,1.559312e+001
2.197042e+003,1.559863e+001
2.197524e+003,1.560471e+001
2.198006e+003,1.561139e+001
2.198488e+003,1.561863e+001
2.198970e+003,1.562630e+001
2.199452e+003,1.563421e+001
2.199934e+003,1.564215e+001
2.200417e+003,1.564992e+001
2.200899e+003,1.565736e+001
2.201381e+003,1.566437e+001
2.201863e+003,1.567092e+001
2.202345e+003,1.567703e+001
2.202827e+003,1.568279e+001
2.203309e+003,1.568830e+001
2.203791e+003,1.569368e+001
2.204273e+003,1.569907e+001
2.204756e+003,1.570455e+001
2.205238e+003,1.571019e+001
2.205720e+003,1.571601e+001
2.206202e+003,1.572197e+001
2.206684e+003,1.572803e+001
2.207166e+003,1.573414e+001
2.207648e+003,1.574028e+001
2.208130e+003,1.574647e+001
2.208613e+003,1.575279e+001
2.209095e+003,1.575930e+001
2.209577e+003,1.576609e+001
2.210059e+003,1.577316e+001
2.210541e+003,1.578046e+001
2.211023e+003,1.578790e+001
2.211505e+003,1.579533e+001
2.211988e+003,1.580263e+001
2.212469e+003,1.580966e+001
2.212952e+003,1.581634e+001
2.213434e+003,1.582263e+001
2.213916e+003,1.582852e+001
2.214398e+003,1.583405e+001
2.214880e+003,1.583929e+001
2.215362e+003,1.584436e+001
2.215844e+003,1.584943e+001
2.216327e+003,1.585466e+001
2.216809e+003,1.586020e+001
2.217291e+003,1.586615e+001
2.217773e+003,1.587249e+001
2.218255e+003,1.587910e+001
2.218737e+003,1.588581e+001
2.219219e+003,1.589236e+001
2.219701e+003,1.589858e+001
2.220184e+003,1.590435e+001
2.220666e+003,1.590967e+001
2.221148e+003,1.591466e+001
2.221630e+003,1.591946e+001
2.222112e+003,1.592426e+001
2.222594e+003,1.592916e+001
2.223076e+003,1.593423e+001
2.223558e+003,1.593943e+001
2.224041e+003,1.594473e+001
2.224523e+003,1.595004e+001
2.225005e+003,1.595531e+001
2.225487e+003,1.596052e+001
2.225969e+003,1.596571e+001
2.226451e+003,1.597096e+001
2.226933e+003,1.597638e+001
2.227416e+003,1.598204e+001
2.227897e+003,1.598803e+001
2.228380e+003,1.599434e+001
2.228862e+003,1.600089e+001
2.229344e+003,1.600749e+001
2.229826e+003,1.601393e+001
2.230308e+003,1.601998e+001
2.230790e+003,1.602545e+001
2.231272e+003,1.603026e+001
2.231755e+003,1.603443e+001
2.232237e+003,1.603811e+001
2.232719e+003,1.604151e+001
2.233201e+003,1.604484e+001
2.233683e+003,1.604827e+001
2.234165e+003,1.605187e+001
2.234647e+003,1.605564e+001
2.235129e+003,1.605950e+001
2.235612e+003,1.606338e+001
2.236094e+003,1.606718e+001
2.236576e+003,1.607090e+001
2.237058e+003,1.607454e+001
2.237540e+003,1.607815e+001
2.238022e+003,1.608180e+001
2.238504e+003,1.608557e+001
2.238986e+003,1.608953e+001
2.239469e+003,1.609378e+001
2.239951e+003,1.609838e+001
2.240433e+003,1.610341e+001
2.240915e+003,1.610886e+001
2.241397e+003,1.611470e+001
2.241879e+003,1.612080e+001
2.242361e+003,1.612697e+001
2.242844e+003,1.613298e+001
2.243326e+003,1.613862e+001
2.243808e+003,1.614372e+001
2.244290e+003,1.614820e+001
2.244772e+003,1.615208e+001
2.245254e+003,1.615544e+001
2.245736e+003,1.615846e+001
2.246218e+003,1.616127e+001
2.246700e+003,1.616403e+001
2.247183e+003,1.616683e+001
2.247665e+003,1.616972e+001
2.248147e+003,1.617267e+001
2.248629e+003,1.617560e+001
2.249111e+003,1.617842e+001
2.249593e+003,1.618100e+001
2.250075e+003,1.618327e+001
2.250557e+003,1.618521e+001
2.251040e+003,1.618687e+001
2.251522e+003,1.618836e+001
2.252004e+003,1.618986e+001
2.252486e+003,1.619151e+001
2.252968e+003,1.619340e+001
2.253450e+003,1.619556e+001
2.253932e+003,1.619792e+001
2.254415e+003,1.620030e+001
2.254896e+003,1.620255e+001
2.255379e+003,1.620452e+001
2.255861e+003,1.620611e+001
2.256343e+003,1.620736e+001
2.256825e+003,1.620837e+001
2.257307e+003,1.620931e+001
2.257789e+003,1.621040e+001
2.258271e+003,1.621179e+001
2.258754e+003,1.621361e+001
2.259236e+003,1.621586e+001
2.259718e+003,1.621848e+001
2.260200e+003,1.622134e+001
2.260682e+003,1.622427e+001
2.261164e+003,1.622713e+001
2.261646e+003,1.622984e+001
2.262128e+003,1.623234e+001
2.262611e+003,1.623469e+001
2.263093e+003,1.623693e+001
2.263575e+003,1.623913e+001
2.264057e+003,1.624128e+001
2.264539e+003,1.624331e+001
2.265021e+003,1.624511e+001
2.265503e+003,1.624652e+001
2.265985e+003,1.624744e+001
2.266468e+003,1.624785e+001
2.266950e+003,1.624784e+001
2.267432e+003,1.624764e+001
2.267914e+003,1.624752e+001
2.268396e+003,1.624780e+001
2.268878e+003,1.624871e+001
2.269360e+003,1.625038e+001
2.269843e+003,1.625281e+001
2.270324e+003,1.625590e+001
2.270807e+003,1.625940e+001
2.271289e+003,1.626306e+001
2.271771e+003,1.626663e+001
2.272253e+003,1.626990e+001
2.272735e+003,1.627277e+001
2.273217e+003,1.627521e+001
2.273699e+003,1.627733e+001
2.274182e+003,1.627926e+001
2.274664e+003,1.628119e+001
2.275146e+003,1.628329e+001
2.275628e+003,1.628566e+001
2.276110e+003,1.628833e+001
2.276592e+003,1.629119e+001
2.277074e+003,1.629406e+001
2.277556e+003,1.629672e+001
2.278039e+003,1.629895e+001
2.278521e+003,1.630059e+001
2.279003e+003,1.630156e+001
2.279485e+003,1.630191e+001
2.279967e+003,1.630174e+001
2.280449e+003,1.630123e+001
2.280931e+003,1.630055e+001
2.281413e+003,1.629985e+001
2.281896e+003,1.629922e+001
2.282378e+003,1.629869e+001
2.282860e+003,1.629824e+001
2.283342e+003,1.629781e+001
2.283824e+003,1.629730e+001
2.284306e+003,1.629661e+001
2.284788e+003,1.629566e+001
2.285271e+003,1.629439e+001
2.285752e+003,1.629276e+001
2.286235e+003,1.629076e+001
2.286717e+003,1.628843e+001
2.287199e+003,1.628580e+001
2.287681e+003,1.628296e+001
2.288163e+003,1.627999e+001
2.288645e+003,1.627697e+001
2.289127e+003,1.627400e+001
2.289610e+003,1.627114e+001
2.290092e+003,1.626841e+001
2.290574e+003,1.626579e+001
2.291056e+003,1.626321e+001
2.291538e+003,1.626057e+001
2.292020e+003,1.625779e+001
2.292502e+003,1.625482e+001
2.292984e+003,1.625170e+001
2.293467e+003,1.624856e+001
2.293949e+003,1.624561e+001
2.294431e+003,1.624308e+001
2.294913e+003,1.624114e+001
2.295395e+003,1.623989e+001
2.295877e+003,1.623929e+001
2.296359e+003,1.623915e+001
2.296841e+003,1.623918e+001
2.297323e+003,1.623906e+001
2.297806e+003,1.623845e+001
2.298288e+003,1.623714e+001
2.298770e+003,1.623497e+001
2.299252e+003,1.623195e+001
2.299734e+003,1.622815e+001
2.300216e+003,1.622374e+001
2.300698e+003,1.621894e+001
2.301180e+003,1.621395e+001
2.301663e+003,1.620899e+001
2.302145e+003,1.620420e+001
2.302627e+003,1.619965e+001
2.303109e+003,1.619533e+001
2.303591e+003,1.619111e+001
2.304073e+003,1.618681e+001
2.304555e+003,1.618217e+001
2.305038e+003,1.617693e+001
2.305520e+003,1.617088e+001
2.306002e+003,1.616389e+001
2.306484e+003,1.615593e+001
2.306966e+003,1.614711e+001
2.307448e+003,1.613766e+001
2.307930e+003,1.612790e+001
2.308412e+003,1.611819e+001
2.308895e+003,1.610891e+001
2.309377e+003,1.610036e+001
2.309859e+003,1.609280e+001
2.310341e+003,1.608633e+001
2.310823e+003,1.608094e+001
2.311305e+003,1.607648e+001
2.311787e+003,1.607269e+001
2.312269e+003,1.606926e+001
2.312751e+003,1.606581e+001
2.313234e+003,1.606202e+001
2.313716e+003,1.605761e+001
2.314198e+003,1.605239e+001
2.314680e+003,1.604627e+001
2.315162e+003,1.603926e+001
2.315644e+003,1.603148e+001
2.316126e+003,1.602307e+001
2.316608e+003,1.601422e+001
2.317091e+003,1.600508e+001
2.317573e+003,1.599573e+001
2.318055e+003,1.598615e+001
2.318537e+003,1.597625e+001
2.319019e+003,1.596593e+001
2.319501e+003,1.595509e+001
2.319983e+003,1.594383e+001
2.320466e+003,1.593237e+001
2.320948e+003,1.592117e+001
2.321430e+003,1.591075e+001
2.321912e+003,1.590161e+001
2.322394e+003,1.589409e+001
2.322876e+003,1.588820e+001
2.323358e+003,1.588361e+001
2.323840e+003,1.587971e+001
2.324323e+003,1.587573e+001
2.324805e+003,1.587089e+001
2.325287e+003,1.586466e+001
2.325769e+003,1.585674e+001
2.326251e+003,1.584723e+001
2.326733e+003,1.583655e+001
2.327215e+003,1.582536e+001
2.327697e+003,1.581443e+001
2.328179e+003,1.580455e+001
2.328662e+003,1.579637e+001
2.329144e+003,1.579033e+001
2.329626e+003,1.578661e+001
2.330108e+003,1.578514e+001
2.330590e+003,1.578561e+001
2.331072e+003,1.578759e+001
2.331554e+003,1.579059e+001
2.332036e+003,1.579417e+001
2.332519e+003,1.579793e+001
2.333001e+003,1.580155e+001
2.333483e+003,1.580474e+001
2.333965e+003,1.580721e+001
2.334447e+003,1.580867e+001
2.334929e+003,1.580884e+001
2.335411e+003,1.580750e+001
2.335894e+003,1.580458e+001
2.336375e+003,1.580017e+001
2.336858e+003,1.579462e+001
2.337340e+003,1.578848e+001
2.337822e+003,1.578243e+001
2.338304e+003,1.577720e+001
2.338786e+003,1.577343e+001
2.339268e+003,1.577158e+001
2.339750e+003,1.577184e+001
2.340233e+003,1.577418e+001
2.340715e+003,1.577841e+001
2.341197e+003,1.578432e+001
2.341679e+003,1.579190e+001
2.342161e+003,1.580155e+001
2.342643e+003,1.581408e+001
2.343125e+003,1.583070e+001
2.343607e+003,1.585260e+001
2.344090e+003,1.588051e+001
2.344572e+003,1.591415e+001
2.345054e+003,1.595189e+001
2.345536e+003,1.599094e+001
2.346018e+003,1.602783e+001
2.346500e+003,1.605922e+001
2.346982e+003,1.608251e+001
2.347464e+003,1.609619e+001
2.347947e+003,1.609981e+001
2.348429e+003,1.609378e+001
2.348911e+003,1.607912e+001
2.349393e+003,1.605720e+001
2.349875e+003,1.602959e+001
2.350357e+003,1.599797e+001
2.350839e+003,1.596403e+001
2.351322e+003,1.592943e+001
2.351803e+003,1.589564e+001
2.352286e+003,1.586384e+001
2.352768e+003,1.583485e+001
2.353250e+003,1.580908e+001
2.353732e+003,1.578663e+001
2.354214e+003,1.576736e+001
2.354696e+003,1.575106e+001
2.355178e+003,1.573750e+001
2.355661e+003,1.572642e+001
2.356143e+003,1.571754e+001
2.356625e+003,1.571051e+001
2.357107e+003,1.570494e+001
2.357589e+003,1.570045e+001
2.358071e+003,1.569683e+001
2.358553e+003,1.569397e+001
2.359035e+003,1.569206e+001
2.359518e+003,1.569141e+001
2.360000e+003,1.569250e+001
2.360482e+003,1.569584e+001
2.360964e+003,1.570193e+001
2.361446e+003,1.571116e+001
2.361928e+003,1.572382e+001
2.362410e+003,1.574005e+001
2.362892e+003,1.575976e+001
2.363375e+003,1.578260e+001
2.363857e+003,1.580801e+001
2.364339e+003,1.583521e+001
2.364821e+003,1.586334e+001
2.365303e+003,1.589158e+001
2.365785e+003,1.591934e+001
2.366267e+003,1.594630e+001
2.366750e+003,1.597250e+001
2.367232e+003,1.599826e+001
2.367714e+003,1.602414e+001
2.368196e+003,1.605068e+001
2.368678e+003,1.607842e+001
2.369160e+003,1.610764e+001
2.369642e+003,1.613840e+001
2.370124e+003,1.617054e+001
2.370606e+003,1.620368e+001
2.371089e+003,1.623735e+001
2.371571e+003,1.627103e+001
2.372053e+003,1.630424e+001
2.372535e+003,1.633663e+001
2.373017e+003,1.636791e+001
2.373499e+003,1.639800e+001
2.373981e+003,1.642689e+001
2.374463e+003,1.645471e+001
2.374946e+003,1.648166e+001
2.375428e+003,1.650796e+001
2.375910e+003,1.653381e+001
2.376392e+003,1.655935e+001
2.376874e+003,1.658464e+001
2.377356e+003,1.660965e+001
2.377838e+003,1.663427e+001
2.378321e+003,1.665840e+001
2.378802e+003,1.668194e+001
2.379285e+003,1.670487e+001
2.379767e+003,1.672721e+001
2.380249e+003,1.674899e+001
2.380731e+003,1.677027e+001
2.381213e+003,1.679103e+001
2.381695e+003,1.681116e+001
2.382177e+003,1.683050e+001
2.382660e+003,1.684881e+001
2.383142e+003,1.686582e+001
2.383624e+003,1.688134e+001
2.384106e+003,1.689526e+001
2.384588e+003,1.690762e+001
2.385070e+003,1.691855e+001
2.385552e+003,1.692833e+001
2.386034e+003,1.693723e+001
2.386517e+003,1.694555e+001
2.386999e+003,1.695349e+001
2.387481e+003,1.696120e+001
2.387963e+003,1.696870e+001
2.388445e+003,1.697595e+001
2.388927e+003,1.698290e+001
2.389409e+003,1.698952e+001
2.389891e+003,1.699579e+001
2.390374e+003,1.700177e+001
2.390856e+003,1.700756e+001
2.391338e+003,1.701326e+001
2.391820e+003,1.701897e+001
2.392302e+003,1.702472e+001
2.392784e+003,1.703052e+001
2.393266e+003,1.703629e+001
2.393749e+003,1.704192e+001
2.394230e+003,1.704730e+001
2.394713e+003,1.705232e+001
2.395195e+003,1.705693e+001
2.395677e+003,1.706110e+001
2.396159e+003,1.706487e+001
2.396641e+003,1.706836e+001
2.397123e+003,1.707166e+001
2.397605e+003,1.707496e+001
2.398088e+003,1.707841e+001
2.398570e+003,1.708213e+001
2.399052e+003,1.708623e+001
2.399534e+003,1.709076e+001
2.400016e+003,1.709570e+001
2.400498e+003,1.710101e+001
2.400980e+003,1.710662e+001
2.401462e+003,1.711243e+001
2.401945e+003,1.711835e+001
2.402427e+003,1.712430e+001
2.402909e+003,1.713017e+001
2.403391e+003,1.713590e+001
2.403873e+003,1.714139e+001
2.404355e+003,1.714659e+001
2.404837e+003,1.715145e+001
2.405319e+003,1.715597e+001
2.405802e+003,1.716020e+001
2.406284e+003,1.716422e+001
2.406766e+003,1.716811e+001
2.407248e+003,1.717194e+001
2.407730e+003,1.717578e+001
2.408212e+003,1.717962e+001
2.408694e+003,1.718346e+001
2.409177e+003,1.718731e+001
2.409658e+003,1.719117e+001
2.410141e+003,1.719509e+001
2.410623e+003,1.719913e+001
2.411105e+003,1.720336e+001
2.411587e+003,1.720782e+001
2.412069e+003,1.721250e+001
2.412551e+003,1.721733e+001
2.413033e+003,1.722223e+001
2.413516e+003,1.722708e+001
2.413998e+003,1.723183e+001
2.414480e+003,1.723646e+001
2.414962e+003,1.724101e+001
2.415444e+003,1.724555e+001
2.415926e+003,1.725018e+001
2.416408e+003,1.725494e+001
2.416890e+003,1.725984e+001
2.417373e+003,1.726481e+001
2.417855e+003,1.726976e+001
2.418337e+003,1.727457e+001
2.418819e+003,1.727909e+001
2.419301e+003,1.728325e+001
2.419783e+003,1.728699e+001
2.420265e+003,1.729033e+001
2.420747e+003,1.729334e+001
2.421229e+003,1.729613e+001
2.421712e+003,1.729883e+001
2.422194e+003,1.730160e+001
2.422676e+003,1.730457e+001
2.423158e+003,1.730784e+001
2.423640e+003,1.731150e+001
2.424122e+003,1.731555e+001
2.424604e+003,1.731998e+001
2.425086e+003,1.732473e+001
2.425569e+003,1.732970e+001
2.426051e+003,1.733479e+001
2.426533e+003,1.733989e+001
2.427015e+003,1.734489e+001
2.427497e+003,1.734970e+001
2.427979e+003,1.735426e+001
2.428461e+003,1.735852e+001
2.428944e+003,1.736246e+001
2.429426e+003,1.736609e+001
2.429908e+003,1.736944e+001
2.430390e+003,1.737255e+001
2.430872e+003,1.737548e+001
2.431354e+003,1.737831e+001
2.431836e+003,1.738110e+001
2.432318e+003,1.738393e+001
2.432801e+003,1.738687e+001
2.433283e+003,1.739000e+001
2.433765e+003,1.739336e+001
2.434247e+003,1.739698e+001
2.434729e+003,1.740083e+001
2.435211e+003,1.740484e+001
2.435693e+003,1.740889e+001
2.436175e+003,1.741287e+001
2.436657e+003,1.741666e+001
2.437140e+003,1.742017e+001
2.437622e+003,1.742339e+001
2.438104e+003,1.742635e+001
2.438586e+003,1.742912e+001
2.439068e+003,1.743181e+001
2.439550e+003,1.743451e+001
2.440032e+003,1.743730e+001
2.440514e+003,1.744020e+001
2.440997e+003,1.744321e+001
2.441479e+003,1.744630e+001
2.441961e+003,1.744939e+001
2.442443e+003,1.745241e+001
2.442925e+003,1.745529e+001
2.443407e+003,1.745792e+001
2.443889e+003,1.746022e+001
2.444372e+003,1.746212e+001
2.444854e+003,1.746360e+001
2.445336e+003,1.746468e+001
2.445818e+003,1.746546e+001
2.446300e+003,1.746612e+001
2.446782e+003,1.746690e+001
2.447264e+003,1.746804e+001
2.447746e+003,1.746975e+001
2.448229e+003,1.747215e+001
2.448711e+003,1.747525e+001
2.449193e+003,1.747892e+001
2.449675e+003,1.748293e+001
2.450157e+003,1.748701e+001
2.450639e+003,1.749087e+001
2.451121e+003,1.749433e+001
2.451604e+003,1.749727e+001
2.452085e+003,1.749971e+001
2.452568e+003,1.750173e+001
2.453050e+003,1.750345e+001
2.453532e+003,1.750502e+001
2.454014e+003,1.750655e+001
2.454496e+003,1.750807e+001
2.454978e+003,1.750962e+001
2.455460e+003,1.751116e+001
2.455943e+003,1.751266e+001
2.456425e+003,1.751406e+001
2.456907e+003,1.751534e+001
2.457389e+003,1.751645e+001
2.457871e+003,1.751741e+001
2.458353e+003,1.751826e+001
2.458835e+003,1.751908e+001
2.459317e+003,1.751996e+001
2.459800e+003,1.752106e+001
2.460282e+003,1.752252e+001
2.460764e+003,1.752445e+001
2.461246e+003,1.752692e+001
2.461728e+003,1.752989e+001
2.462210e+003,1.753329e+001
2.462692e+003,1.753694e+001
2.463174e+003,1.754062e+001
2.463656e+003,1.754413e+001
2.464139e+003,1.754727e+001
2.464621e+003,1.754991e+001
2.465103e+003,1.755199e+001
2.465585e+003,1.755354e+001
2.466067e+003,1.755467e+001
2.466549e+003,1.755555e+001
2.467031e+003,1.755637e+001
2.467513e+003,1.755734e+001
2.467996e+003,1.755861e+001
2.468478e+003,1.756026e+001
2.468960e+003,1.756231e+001
2.469442e+003,1.756467e+001
2.469924e+003,1.756718e+001
2.470406e+003,1.756968e+001
2.470888e+003,1.757197e+001
2.471371e+003,1.757393e+001
2.471853e+003,1.757550e+001
2.472335e+003,1.757669e+001
2.472817e+003,1.757759e+001
2.473299e+003,1.757834e+001
2.473781e+003,1.757911e+001
2.474263e+003,1.758006e+001
2.474745e+003,1.758133e+001
2.475228e+003,1.758297e+001
2.475710e+003,1.758500e+001
2.476192e+003,1.758735e+001
2.476674e+003,1.758993e+001
2.477156e+003,1.759257e+001
2.477638e+003,1.759513e+001
2.478120e+003,1.759749e+001
2.478602e+003,1.759955e+001
2.479084e+003,1.760129e+001
2.479567e+003,1.760270e+001
2.480049e+003,1.760378e+001
2.480531e+003,1.760456e+001
2.481013e+003,1.760500e+001
2.481495e+003,1.760507e+001
2.481977e+003,1.760474e+001
2.482459e+003,1.760399e+001
2.482941e+003,1.760287e+001
2.483424e+003,1.760148e+001
2.483906e+003,1.759999e+001
2.484388e+003,1.759864e+001
2.484870e+003,1.759766e+001
2.485352e+003,1.759729e+001
2.485834e+003,1.759768e+001
2.486316e+003,1.759891e+001
2.486799e+003,1.760096e+001
2.487281e+003,1.760369e+001
2.487763e+003,1.760692e+001
2.488245e+003,1.761037e+001
2.488727e+003,1.761381e+001
2.489209e+003,1.761702e+001
2.489691e+003,1.761984e+001
2.490173e+003,1.762221e+001
2.490656e+003,1.762413e+001
2.491138e+003,1.762568e+001
2.491620e+003,1.762693e+001
2.492102e+003,1.762799e+001
2.492584e+003,1.762893e+001
2.493066e+003,1.762982e+001
2.493548e+003,1.763070e+001
2.494030e+003,1.763166e+001
2.494512e+003,1.763276e+001
2.494995e+003,1.763409e+001
2.495477e+003,1.763573e+001
2.495959e+003,1.763777e+001
2.496441e+003,1.764021e+001
2.496923e+003,1.764304e+001
2.497405e+003,1.764619e+001
2.497887e+003,1.764956e+001
2.498370e+003,1.765303e+001
2.498852e+003,1.765647e+001
2.499334e+003,1.765977e+001
2.499816e+003,1.766282e+001
2.500298e+003,1.766552e+001
2.500780e+003,1.766781e+001
2.501262e+003,1.766967e+001
2.501744e+003,1.767111e+001
2.502227e+003,1.767223e+001
2.502709e+003,1.767313e+001
2.503191e+003,1.767396e+001
2.503673e+003,1.767484e+001
2.504155e+003,1.767586e+001
2.504637e+003,1.767704e+001
2.505119e+003,1.767840e+001
2.505601e+003,1.767990e+001
2.506083e+003,1.768157e+001
2.506566e+003,1.768342e+001
2.507048e+003,1.768552e+001
2.507530e+003,1.768794e+001
2.508012e+003,1.769070e+001
2.508494e+003,1.769378e+001
2.508976e+003,1.769701e+001
2.509458e+003,1.770022e+001
2.509940e+003,1.770316e+001
2.510423e+003,1.770563e+001
2.510905e+003,1.770753e+001
2.511387e+003,1.770887e+001
2.511869e+003,1.770983e+001
2.512351e+003,1.771064e+001
2.512833e+003,1.771159e+001
2.513315e+003,1.771292e+001
2.513798e+003,1.771475e+001
2.514280e+003,1.771708e+001
2.514762e+003,1.771984e+001
2.515244e+003,1.772283e+001
2.515726e+003,1.772585e+001
2.516208e+003,1.772874e+001
2.516690e+003,1.773140e+001
2.517172e+003,1.773384e+001
2.517655e+003,1.773611e+001
2.518137e+003,1.773831e+001
2.518619e+003,1.774055e+001
2.519101e+003,1.774292e+001
2.519583e+003,1.774547e+001
2.520065e+003,1.774826e+001
2.520547e+003,1.775127e+001
2.521029e+003,1.775450e+001
2.521511e+003,1.775792e+001
2.521994e+003,1.776145e+001
2.522476e+003,1.776502e+001
2.522958e+003,1.776853e+001
2.523440e+003,1.777185e+001
2.523922e+003,1.777489e+001
2.524404e+003,1.777760e+001
2.524886e+003,1.777995e+001
2.525368e+003,1.778200e+001
2.525851e+003,1.778379e+001
2.526333e+003,1.778543e+001
2.526815e+003,1.778695e+001
2.527297e+003,1.778842e+001
2.527779e+003,1.778989e+001
2.528261e+003,1.779140e+001
2.528743e+003,1.779302e+001
2.529226e+003,1.779486e+001
2.529708e+003,1.779703e+001
2.530190e+003,1.779963e+001
2.530672e+003,1.780268e+001
2.531154e+003,1.780621e+001
2.531636e+003,1.781011e+001
2.532118e+003,1.781429e+001
2.532600e+003,1.781862e+001
2.533083e+003,1.782299e+001
2.533565e+003,1.782734e+001
2.534047e+003,1.783162e+001
2.534529e+003,1.783578e+001
2.535011e+003,1.783974e+001
2.535493e+003,1.784341e+001
2.535975e+003,1.784669e+001
2.536457e+003,1.784947e+001
2.536939e+003,1.785174e+001
2.537422e+003,1.785355e+001
2.537904e+003,1.785506e+001
2.538386e+003,1.785649e+001
2.538868e+003,1.785808e+001
2.539350e+003,1.786003e+001
2.539832e+003,1.786247e+001
2.540314e+003,1.786541e+001
2.540796e+003,1.786878e+001
2.541279e+003,1.787248e+001
2.541761e+003,1.787635e+001
2.542243e+003,1.788026e+001
2.542725e+003,1.788413e+001
2.543207e+003,1.788789e+001
2.543689e+003,1.789151e+001
2.544171e+003,1.789499e+001
2.544654e+003,1.789832e+001
2.545135e+003,1.790149e+001
2.545618e+003,1.790452e+001
2.546100e+003,1.790744e+001
2.546582e+003,1.791031e+001
2.547064e+003,1.791323e+001
2.547546e+003,1.791631e+001
2.548028e+003,1.791965e+001
2.548510e+003,1.792328e+001
2.548993e+003,1.792720e+001
2.549475e+003,1.793130e+001
2.549957e+003,1.793539e+001
2.550439e+003,1.793927e+001
2.550921e+003,1.794276e+001
2.551403e+003,1.794577e+001
2.551885e+003,1.794835e+001
2.552367e+003,1.795067e+001
2.552850e+003,1.795302e+001
2.553332e+003,1.795571e+001
2.553814e+003,1.795902e+001
2.554296e+003,1.796309e+001
2.554778e+003,1.796793e+001
2.555260e+003,1.797337e+001
2.555742e+003,1.797915e+001
2.556224e+003,1.798498e+001
2.556707e+003,1.799059e+001
2.557189e+003,1.799579e+001
2.557671e+003,1.800049e+001
2.558153e+003,1.800469e+001
2.558635e+003,1.800847e+001
2.559117e+003,1.801193e+001
2.559599e+003,1.801517e+001
2.560082e+003,1.801829e+001
2.560563e+003,1.802138e+001
2.561046e+003,1.802450e+001
2.561528e+003,1.802770e+001
2.562010e+003,1.803101e+001
2.562492e+003,1.803448e+001
2.562974e+003,1.803809e+001
2.563456e+003,1.804185e+001
2.563938e+003,1.804577e+001
2.564421e+003,1.804982e+001
2.564903e+003,1.805398e+001
2.565385e+003,1.805821e+001
2.565867e+003,1.806246e+001
2.566349e+003,1.806662e+001
2.566831e+003,1.807060e+001
2.567313e+003,1.807428e+001
2.567795e+003,1.807760e+001
2.568278e+003,1.808054e+001
2.568760e+003,1.808318e+001
2.569242e+003,1.808566e+001
2.569724e+003,1.808816e+001
2.570206e+003,1.809088e+001
2.570688e+003,1.809397e+001
2.571170e+003,1.809753e+001
2.571652e+003,1.810154e+001
2.572135e+003,1.810594e+001
2.572617e+003,1.811058e+001
2.573099e+003,1.811534e+001
2.573581e+003,1.812010e+001
2.574063e+003,1.812482e+001
2.574545e+003,1.812950e+001
2.575027e+003,1.813417e+001
2.575510e+003,1.813888e+001
2.575991e+003,1.814364e+001
2.576474e+003,1.814840e+001
2.576956e+003,1.815307e+001
2.577438e+003,1.815751e+001
2.577920e+003,1.816159e+001
2.578402e+003,1.816523e+001
2.578884e+003,1.816842e+001
2.579366e+003,1.817122e+001
2.579849e+003,1.817377e+001
2.580331e+003,1.817626e+001
2.580813e+003,1.817887e+001
2.581295e+003,1.818173e+001
2.581777e+003,1.818495e+001
2.582259e+003,1.818855e+001
2.582741e+003,1.819250e+001
2.583223e+003,1.819671e+001
2.583706e+003,1.820108e+001
2.584188e+003,1.820546e+001
2.584670e+003,1.820972e+001
2.585152e+003,1.821372e+001
2.585634e+003,1.821736e+001
2.586116e+003,1.822061e+001
2.586598e+003,1.822351e+001
2.587080e+003,1.822619e+001
2.587563e+003,1.822885e+001
2.588045e+003,1.823172e+001
2.588527e+003,1.823505e+001
2.589009e+003,1.823900e+001
2.589491e+003,1.824362e+001
2.589973e+003,1.824888e+001
2.590455e+003,1.825459e+001
2.590938e+003,1.826047e+001
2.591419e+003,1.826622e+001
2.591902e+003,1.827153e+001
2.592384e+003,1.827614e+001
2.592866e+003,1.827991e+001
2.593348e+003,1.828280e+001
2.593830e+003,1.828490e+001
2.594312e+003,1.828640e+001
2.594794e+003,1.828758e+001
2.595277e+003,1.828873e+001
2.595759e+003,1.829010e+001
2.596241e+003,1.829188e+001
2.596723e+003,1.829415e+001
2.597205e+003,1.829692e+001
2.597687e+003,1.830007e+001
2.598169e+003,1.830351e+001
2.598651e+003,1.830712e+001
2.599134e+003,1.831081e+001
2.599616e+003,1.831454e+001
2.600098e+003,1.831829e+001
2.600580e+003,1.832205e+001
2.601062e+003,1.832582e+001
2.601544e+003,1.832955e+001
2.602026e+003,1.833320e+001
2.602508e+003,1.833669e+001
2.602990e+003,1.833997e+001
2.603473e+003,1.834299e+001
2.603955e+003,1.834574e+001
2.604437e+003,1.834824e+001
2.604919e+003,1.835055e+001
2.605401e+003,1.835275e+001
2.605883e+003,1.835498e+001
2.606365e+003,1.835734e+001
2.606847e+003,1.835996e+001
2.607330e+003,1.836292e+001
2.607812e+003,1.836624e+001
2.608294e+003,1.836984e+001
2.608776e+003,1.837358e+001
2.609258e+003,1.837725e+001
2.609740e+003,1.838061e+001
2.610222e+003,1.838345e+001
2.610705e+003,1.838562e+001
2.611187e+003,1.838709e+001
2.611669e+003,1.838793e+001
2.612151e+003,1.838833e+001
2.612633e+003,1.838856e+001
2.613115e+003,1.838891e+001
2.613597e+003,1.838967e+001
2.614079e+003,1.839103e+001
2.614562e+003,1.839310e+001
2.615044e+003,1.839585e+001
2.615526e+003,1.839908e+001
2.616008e+003,1.840258e+001
2.616490e+003,1.840601e+001
2.616972e+003,1.840912e+001
2.617454e+003,1.841172e+001
2.617936e+003,1.841378e+001
2.618418e+003,1.841537e+001
2.618901e+003,1.841672e+001
2.619383e+003,1.841810e+001
2.619865e+003,1.841973e+001
2.620347e+003,1.842180e+001
2.620829e+003,1.842438e+001
2.621311e+003,1.842744e+001
2.621793e+003,1.843086e+001
2.622276e+003,1.843452e+001
2.622758e+003,1.843829e+001
2.623240e+003,1.844208e+001
2.623722e+003,1.844585e+001
2.624204e+003,1.844958e+001
2.624686e+003,1.845323e+001
2.625168e+003,1.845679e+001
2.625650e+003,1.846017e+001
2.626133e+003,1.846329e+001
2.626615e+003,1.846605e+001
2.627097e+003,1.846839e+001
2.627579e+003,1.847026e+001
2.628061e+003,1.847165e+001
2.628543e+003,1.847260e+001
2.629025e+003,1.847317e+001
2.629507e+003,1.847344e+001
2.629990e+003,1.847346e+001
2.630472e+003,1.847329e+001
2.630954e+003,1.847294e+001
2.631436e+003,1.847243e+001
2.631918e+003,1.847176e+001
2.632400e+003,1.847092e+001
2.632882e+003,1.846997e+001
2.633364e+003,1.846898e+001
2.633846e+003,1.846805e+001
2.634329e+003,1.846730e+001
2.634811e+003,1.846687e+001
2.635293e+003,1.846686e+001
2.635775e+003,1.846737e+001
2.636257e+003,1.846844e+001
2.636739e+003,1.847011e+001
2.637221e+003,1.847235e+001
2.637704e+003,1.847511e+001
2.638186e+003,1.847830e+001
2.638668e+003,1.848180e+001
2.639150e+003,1.848545e+001
2.639632e+003,1.848907e+001
2.640114e+003,1.849251e+001
2.640596e+003,1.849562e+001
2.641078e+003,1.849833e+001
2.641561e+003,1.850056e+001
2.642043e+003,1.850233e+001
2.642525e+003,1.850365e+001
2.643007e+003,1.850456e+001
2.643489e+003,1.850511e+001
2.643971e+003,1.850533e+001
2.644453e+003,1.850531e+001
2.644935e+003,1.850508e+001
2.645417e+003,1.850471e+001
2.645900e+003,1.850427e+001
2.646382e+003,1.850381e+001
2.646864e+003,1.850337e+001
2.647346e+003,1.850295e+001
2.647828e+003,1.850257e+001
2.648310e+003,1.850225e+001
2.648792e+003,1.850202e+001
2.649274e+003,1.850194e+001
2.649757e+003,1.850207e+001
2.650239e+003,1.850246e+001
2.650721e+003,1.850314e+001
2.651203e+003,1.850406e+001
2.651685e+003,1.850516e+001
2.652167e+003,1.850632e+001
2.652649e+003,1.850745e+001
2.653132e+003,1.850846e+001
2.653614e+003,1.850933e+001
2.654096e+003,1.851005e+001
2.654578e+003,1.851065e+001
2.655060e+003,1.851118e+001
2.655542e+003,1.851167e+001
2.656024e+003,1.851212e+001
2.656506e+003,1.851255e+001
2.656989e+003,1.851296e+001
2.657471e+003,1.851338e+001
2.657953e+003,1.851384e+001
2.658435e+003,1.851439e+001
2.658917e+003,1.851506e+001
2.659399e+003,1.851585e+001
2.659881e+003,1.851675e+001
2.660363e+003,1.851768e+001
2.660845e+003,1.851852e+001
2.661328e+003,1.851914e+001
2.661810e+003,1.851941e+001
2.662292e+003,1.851921e+001
2.662774e+003,1.851850e+001
2.663256e+003,1.851730e+001
2.663738e+003,1.851572e+001
2.664220e+003,1.851397e+001
2.664702e+003,1.851231e+001
2.665185e+003,1.851099e+001
2.665667e+003,1.851029e+001
2.666149e+003,1.851035e+001
2.666631e+003,1.851123e+001
2.667113e+003,1.851288e+001
2.667595e+003,1.851512e+001
2.668077e+003,1.851772e+001
2.668560e+003,1.852041e+001
2.669042e+003,1.852296e+001
2.669524e+003,1.852513e+001
2.670006e+003,1.852680e+001
2.670488e+003,1.852790e+001
2.670970e+003,1.852843e+001
2.671452e+003,1.852846e+001
2.671934e+003,1.852812e+001
2.672417e+003,1.852757e+001
2.672899e+003,1.852693e+001
2.673381e+003,1.852635e+001
2.673863e+003,1.852591e+001
2.674345e+003,1.852565e+001
2.674827e+003,1.852559e+001
2.675309e+003,1.852571e+001
2.675791e+003,1.852603e+001
2.676273e+003,1.852655e+001
2.676756e+003,1.852729e+001
2.677238e+003,1.852825e+001
2.677720e+003,1.852939e+001
2.678202e+003,1.853061e+001
2.678684e+003,1.853181e+001
2.679166e+003,1.853281e+001
2.679648e+003,1.853353e+001
2.680130e+003,1.853388e+001
2.680613e+003,1.853392e+001
2.681095e+003,1.853375e+001
2.681577e+003,1.853353e+001
2.682059e+003,1.853346e+001
2.682541e+003,1.853365e+001
2.683023e+003,1.853415e+001
2.683505e+003,1.853492e+001
2.683988e+003,1.853581e+001
2.684469e+003,1.853666e+001
2.684952e+003,1.853729e+001
2.685434e+003,1.853762e+001
2.685916e+003,1.853766e+001
2.686398e+003,1.853750e+001
2.686880e+003,1.853734e+001
2.687362e+003,1.853737e+001
2.687844e+003,1.853772e+001
2.688327e+003,1.853840e+001
2.688809e+003,1.853930e+001
2.689291e+003,1.854015e+001
2.689773e+003,1.854069e+001
2.690255e+003,1.854063e+001
2.690737e+003,1.853988e+001
2.691219e+003,1.853846e+001
2.691701e+003,1.853664e+001
2.692184e+003,1.853475e+001
2.692666e+003,1.853319e+001
2.693148e+003,1.853226e+001
2.693630e+003,1.853209e+001
2.694112e+003,1.853266e+001
2.694594e+003,1.853380e+001
2.695076e+003,1.853523e+001
2.695558e+003,1.853671e+001
2.696041e+003,1.853804e+001
2.696523e+003,1.853913e+001
2.697005e+003,1.853997e+001
2.697487e+003,1.854062e+001
2.697969e+003,1.854114e+001
2.698451e+003,1.854163e+001
2.698933e+003,1.854214e+001
2.699416e+003,1.854274e+001
2.699897e+003,1.854348e+001
2.700380e+003,1.854442e+001
2.700862e+003,1.854560e+001
2.701344e+003,1.854703e+001
2.701826e+003,1.854866e+001
2.702308e+003,1.855045e+001
2.702790e+003,1.855223e+001
2.703272e+003,1.855389e+001
2.703755e+003,1.855529e+001
2.704237e+003,1.855633e+001
2.704719e+003,1.855693e+001
2.705201e+003,1.855709e+001
2.705683e+003,1.855685e+001
2.706165e+003,1.855629e+001
2.706647e+003,1.855556e+001
2.707129e+003,1.855486e+001
2.707612e+003,1.855439e+001
2.708094e+003,1.855434e+001
2.708576e+003,1.855485e+001
2.709058e+003,1.855595e+001
2.709540e+003,1.855757e+001
2.710022e+003,1.855954e+001
2.710504e+003,1.856161e+001
2.710986e+003,1.856356e+001
2.711469e+003,1.856518e+001
2.711951e+003,1.856637e+001
2.712433e+003,1.856713e+001
2.712915e+003,1.856758e+001
2.713397e+003,1.856785e+001
2.713879e+003,1.856814e+001
2.714361e+003,1.856860e+001
2.714844e+003,1.856934e+001
2.715325e+003,1.857044e+001
2.715808e+003,1.857190e+001
2.716290e+003,1.857369e+001
2.716772e+003,1.857575e+001
2.717254e+003,1.857795e+001
2.717736e+003,1.858018e+001
2.718218e+003,1.858228e+001
2.718700e+003,1.858407e+001
2.719183e+003,1.858544e+001
2.719665e+003,1.858631e+001
2.720147e+003,1.858664e+001
2.720629e+003,1.858649e+001
2.721111e+003,1.858599e+001
2.721593e+003,1.858531e+001
2.722075e+003,1.858465e+001
2.722557e+003,1.858419e+001
2.723040e+003,1.858404e+001
2.723522e+003,1.858427e+001
2.724004e+003,1.858482e+001
2.724486e+003,1.858559e+001
2.724968e+003,1.858642e+001
2.725450e+003,1.858715e+001
2.725932e+003,1.858768e+001
2.726414e+003,1.858797e+001
2.726896e+003,1.858809e+001
2.727379e+003,1.858814e+001
2.727861e+003,1.858829e+001
2.728343e+003,1.858871e+001
2.728825e+003,1.858953e+001
2.729307e+003,1.859082e+001
2.729789e+003,1.859258e+001
2.730271e+003,1.859472e+001
2.730753e+003,1.859714e+001
2.731236e+003,1.859966e+001
2.731718e+003,1.860214e+001
2.732200e+003,1.860444e+001
2.732682e+003,1.860649e+001
2.733164e+003,1.860827e+001
2.733646e+003,1.860984e+001
2.734128e+003,1.861131e+001
2.734611e+003,1.861278e+001
2.735093e+003,1.861435e+001
2.735575e+003,1.861605e+001
2.736057e+003,1.861783e+001
2.736539e+003,1.861955e+001
2.737021e+003,1.862103e+001
2.737503e+003,1.862209e+001
2.737985e+003,1.862260e+001
2.738468e+003,1.862255e+001
2.738950e+003,1.862202e+001
2.739432e+003,1.862123e+001
2.739914e+003,1.862042e+001
2.740396e+003,1.861987e+001
2.740878e+003,1.861979e+001
2.741360e+003,1.862031e+001
2.741842e+003,1.862145e+001
2.742324e+003,1.862313e+001
2.742807e+003,1.862519e+001
2.743289e+003,1.862745e+001
2.743771e+003,1.862969e+001
2.744253e+003,1.863176e+001
2.744735e+003,1.863355e+001
2.745217e+003,1.863502e+001
2.745699e+003,1.863620e+001
2.746182e+003,1.863720e+001
2.746664e+003,1.863815e+001
2.747146e+003,1.863921e+001
2.747628e+003,1.864050e+001
2.748110e+003,1.864208e+001
2.748592e+003,1.864393e+001
2.749074e+003,1.864592e+001
2.749556e+003,1.864785e+001
2.750039e+003,1.864947e+001
2.750521e+003,1.865054e+001
2.751003e+003,1.865088e+001
2.751485e+003,1.865044e+001
2.751967e+003,1.864932e+001
2.752449e+003,1.864778e+001
2.752931e+003,1.864616e+001
2.753413e+003,1.864487e+001
2.753896e+003,1.864428e+001
2.754378e+003,1.864464e+001
2.754860e+003,1.864598e+001
2.755342e+003,1.864820e+001
2.755824e+003,1.865098e+001
2.756306e+003,1.865394e+001
2.756788e+003,1.865669e+001
2.757270e+003,1.865893e+001
2.757752e+003,1.866049e+001
2.758235e+003,1.866139e+001
2.758717e+003,1.866180e+001
2.759199e+003,1.866193e+001
2.759681e+003,1.866203e+001
2.760163e+003,1.866229e+001
2.760645e+003,1.866279e+001
2.761127e+003,1.866353e+001
2.761610e+003,1.866439e+001
2.762092e+003,1.866525e+001
2.762574e+003,1.866596e+001
2.763056e+003,1.866641e+001
2.763538e+003,1.866661e+001
2.764020e+003,1.866658e+001
2.764502e+003,1.866645e+001
2.764984e+003,1.866637e+001
2.765467e+003,1.866647e+001
2.765949e+003,1.866688e+001
2.766431e+003,1.866764e+001
2.766913e+003,1.866872e+001
2.767395e+003,1.866998e+001
2.767877e+003,1.867127e+001
2.768359e+003,1.867240e+001
2.768841e+003,1.867322e+001
2.769323e+003,1.867369e+001
2.769806e+003,1.867387e+001
2.770288e+003,1.867389e+001
2.770770e+003,1.867399e+001
2.771252e+003,1.867438e+001
2.771734e+003,1.867522e+001
2.772216e+003,1.867654e+001
2.772698e+003,1.867826e+001
2.773180e+003,1.868019e+001
2.773663e+003,1.868209e+001
2.774145e+003,1.868375e+001
2.774627e+003,1.868507e+001
2.775109e+003,1.868606e+001
2.775591e+003,1.868690e+001
2.776073e+003,1.868784e+001
2.776555e+003,1.868913e+001
2.777038e+003,1.869097e+001
2.777520e+003,1.869343e+001
2.778002e+003,1.869641e+001
2.778484e+003,1.869965e+001
2.778966e+003,1.870283e+001
2.779448e+003,1.870559e+001
2.779930e+003,1.870763e+001
2.780412e+003,1.870876e+001
2.780895e+003,1.870891e+001
2.781377e+003,1.870818e+001
2.781859e+003,1.870673e+001
2.782341e+003,1.870482e+001
2.782823e+003,1.870275e+001
2.783305e+003,1.870078e+001
2.783787e+003,1.869914e+001
2.784269e+003,1.869802e+001
2.784751e+003,1.869749e+001
2.785234e+003,1.869756e+001
2.785716e+003,1.869813e+001
2.786198e+003,1.869908e+001
2.786680e+003,1.870024e+001
2.787162e+003,1.870147e+001
2.787644e+003,1.870266e+001
2.788126e+003,1.870377e+001
2.788608e+003,1.870480e+001
2.789091e+003,1.870578e+001
2.789573e+003,1.870673e+001
2.790055e+003,1.870763e+001
2.790537e+003,1.870842e+001
2.791019e+003,1.870896e+001
2.791501e+003,1.870912e+001
2.791983e+003,1.870879e+001
2.792466e+003,1.870791e+001
2.792948e+003,1.870654e+001
2.793430e+003,1.870481e+001
2.793912e+003,1.870295e+001
2.794394e+003,1.870124e+001
2.794876e+003,1.869993e+001
2.795358e+003,1.869922e+001
2.795840e+003,1.869922e+001
2.796323e+003,1.869989e+001
2.796805e+003,1.870109e+001
2.797287e+003,1.870258e+001
2.797769e+003,1.870410e+001
2.798251e+003,1.870539e+001
2.798733e+003,1.870631e+001
2.799215e+003,1.870679e+001
2.799697e+003,1.870687e+001
2.800179e+003,1.870669e+001
2.800662e+003,1.870644e+001
2.801144e+003,1.870627e+001
2.801626e+003,1.870631e+001
2.802108e+003,1.870658e+001
2.802590e+003,1.870702e+001
2.803072e+003,1.870751e+001
2.803554e+003,1.870786e+001
2.804036e+003,1.870794e+001
2.804519e+003,1.870762e+001
2.805001e+003,1.870687e+001
2.805483e+003,1.870576e+001
2.805965e+003,1.870441e+001
2.806447e+003,1.870300e+001
2.806929e+003,1.870171e+001
2.807411e+003,1.870067e+001
2.807894e+003,1.869996e+001
2.808375e+003,1.869957e+001
2.808858e+003,1.869938e+001
2.809340e+003,1.869924e+001
2.809822e+003,1.869895e+001
2.810304e+003,1.869835e+001
2.810786e+003,1.869736e+001
2.811268e+003,1.869597e+001
2.811750e+003,1.869429e+001
2.812233e+003,1.869247e+001
2.812715e+003,1.869074e+001
2.813197e+003,1.868931e+001
2.813679e+003,1.868835e+001
2.814161e+003,1.868797e+001
2.814643e+003,1.868817e+001
2.815125e+003,1.868888e+001
2.815607e+003,1.868993e+001
2.816090e+003,1.869111e+001
2.816572e+003,1.869216e+001
2.817054e+003,1.869286e+001
2.817536e+003,1.869301e+001
2.818018e+003,1.869251e+001
2.818500e+003,1.869134e+001
2.818982e+003,1.868958e+001
2.819464e+003,1.868736e+001
2.819947e+003,1.868489e+001
2.820429e+003,1.868241e+001
2.820911e+003,1.868009e+001
2.821393e+003,1.867812e+001
2.821875e+003,1.867656e+001
2.822357e+003,1.867547e+001
2.822839e+003,1.867476e+001
2.823322e+003,1.867434e+001
2.823803e+003,1.867403e+001
2.824286e+003,1.867368e+001
2.824768e+003,1.867312e+001
2.825250e+003,1.867228e+001
2.825732e+003,1.867111e+001
2.826214e+003,1.866967e+001
2.826696e+003,1.866806e+001
2.827178e+003,1.866640e+001
2.827661e+003,1.866481e+001
2.828143e+003,1.866338e+001
2.828625e+003,1.866214e+001
2.829107e+003,1.866107e+001
2.829589e+003,1.866011e+001
2.830071e+003,1.865918e+001
2.830553e+003,1.865821e+001
2.831035e+003,1.865713e+001
2.831518e+003,1.865588e+001
2.832000e+003,1.865443e+001
2.832482e+003,1.865276e+001
2.832964e+003,1.865083e+001
2.833446e+003,1.864865e+001
2.833928e+003,1.864623e+001
2.834410e+003,1.864366e+001
2.834892e+003,1.864101e+001
2.835375e+003,1.863843e+001
2.835857e+003,1.863604e+001
2.836339e+003,1.863394e+001
2.836821e+003,1.863217e+001
2.837303e+003,1.863071e+001
2.837785e+003,1.862944e+001
2.838267e+003,1.862819e+001
2.838750e+003,1.862674e+001
2.839231e+003,1.862487e+001
2.839714e+003,1.862239e+001
2.840196e+003,1.861919e+001
2.840678e+003,1.861523e+001
2.841160e+003,1.861057e+001
2.841642e+003,1.860532e+001
2.842124e+003,1.859965e+001
2.842606e+003,1.859367e+001
2.843089e+003,1.858752e+001
2.843571e+003,1.858120e+001
2.844053e+003,1.857473e+001
2.844535e+003,1.856802e+001
2.845017e+003,1.856102e+001
2.845499e+003,1.855367e+001
2.845981e+003,1.854597e+001
2.846463e+003,1.853797e+001
2.846946e+003,1.852974e+001
2.847428e+003,1.852139e+001
2.847910e+003,1.851305e+001
2.848392e+003,1.850481e+001
2.848874e+003,1.849675e+001
2.849356e+003,1.848891e+001
2.849838e+003,1.848133e+001
2.850320e+003,1.847403e+001
2.850802e+003,1.846698e+001
2.851285e+003,1.846018e+001
2.851767e+003,1.845365e+001
2.852249e+003,1.844737e+001
2.852731e+003,1.844140e+001
2.853213e+003,1.843582e+001
2.853695e+003,1.843074e+001
2.854177e+003,1.842630e+001
2.854659e+003,1.842266e+001
2.855142e+003,1.841995e+001
2.855624e+003,1.841825e+001
2.856106e+003,1.841760e+001
2.856588e+003,1.841797e+001
2.857070e+003,1.841924e+001
2.857552e+003,1.842131e+001
2.858034e+003,1.842401e+001
2.858517e+003,1.842722e+001
2.858999e+003,1.843083e+001
2.859481e+003,1.843475e+001
2.859963e+003,1.843889e+001
2.860445e+003,1.844316e+001
2.860927e+003,1.844740e+001
2.861409e+003,1.845145e+001
2.861891e+003,1.845510e+001
2.862374e+003,1.845816e+001
2.862856e+003,1.846051e+001
2.863338e+003,1.846209e+001
2.863820e+003,1.846297e+001
2.864302e+003,1.846331e+001
2.864784e+003,1.846334e+001
2.865266e+003,1.846331e+001
2.865748e+003,1.846340e+001
2.866230e+003,1.846376e+001
2.866713e+003,1.846439e+001
2.867195e+003,1.846524e+001
2.867677e+003,1.846617e+001
2.868159e+003,1.846702e+001
2.868641e+003,1.846764e+001
2.869123e+003,1.846789e+001
2.869605e+003,1.846765e+001
2.870088e+003,1.846686e+001
2.870570e+003,1.846549e+001
2.871052e+003,1.846356e+001
2.871534e+003,1.846117e+001
2.872016e+003,1.845846e+001
2.872498e+003,1.845561e+001
2.872980e+003,1.845282e+001
2.873462e+003,1.845023e+001
2.873945e+003,1.844790e+001
2.874427e+003,1.844579e+001
2.874909e+003,1.844379e+001
2.875391e+003,1.844172e+001
2.875873e+003,1.843944e+001
2.876355e+003,1.843685e+001
2.876837e+003,1.843400e+001
2.877319e+003,1.843102e+001
2.877802e+003,1.842812e+001
2.878284e+003,1.842555e+001
2.878766e+003,1.842353e+001
2.879248e+003,1.842221e+001
2.879730e+003,1.842161e+001
2.880212e+003,1.842168e+001
2.880694e+003,1.842228e+001
2.881176e+003,1.842322e+001
2.881658e+003,1.842428e+001
2.882141e+003,1.842523e+001
2.882623e+003,1.842584e+001
2.883105e+003,1.842591e+001
2.883587e+003,1.842530e+001
2.884069e+003,1.842391e+001
2.884551e+003,1.842170e+001
2.885033e+003,1.841875e+001
2.885516e+003,1.841519e+001
2.885998e+003,1.841122e+001
2.886480e+003,1.840708e+001
2.886962e+003,1.840299e+001
2.887444e+003,1.839913e+001
2.887926e+003,1.839559e+001
2.888408e+003,1.839237e+001
2.888890e+003,1.838939e+001
2.889373e+003,1.838651e+001
2.889855e+003,1.838359e+001
2.890337e+003,1.838058e+001
2.890819e+003,1.837746e+001
2.891301e+003,1.837431e+001
2.891783e+003,1.837127e+001
2.892265e+003,1.836843e+001
2.892747e+003,1.836586e+001
2.893229e+003,1.836345e+001
2.893712e+003,1.836105e+001
2.894194e+003,1.835838e+001
2.894676e+003,1.835521e+001
2.895158e+003,1.835139e+001
2.895640e+003,1.834694e+001
2.896122e+003,1.834204e+001
2.896604e+003,1.833702e+001
2.897086e+003,1.833224e+001
2.897569e+003,1.832800e+001
2.898051e+003,1.832445e+001
2.898533e+003,1.832152e+001
2.899015e+003,1.831900e+001
2.899497e+003,1.831653e+001
2.899979e+003,1.831376e+001
2.900461e+003,1.831041e+001
2.900944e+003,1.830639e+001
2.901426e+003,1.830176e+001
2.901908e+003,1.829678e+001
2.902390e+003,1.829175e+001
2.902872e+003,1.828700e+001
2.903354e+003,1.828274e+001
2.903836e+003,1.827907e+001
2.904318e+003,1.827589e+001
2.904801e+003,1.827301e+001
2.905283e+003,1.827015e+001
2.905765e+003,1.826707e+001
2.906247e+003,1.826358e+001
2.906729e+003,1.825966e+001
2.907211e+003,1.825537e+001
2.907693e+003,1.825087e+001
2.908175e+003,1.824634e+001
2.908657e+003,1.824192e+001
2.909140e+003,1.823763e+001
2.909622e+003,1.823345e+001
2.910104e+003,1.822923e+001
2.910586e+003,1.822479e+001
2.911068e+003,1.821993e+001
2.911550e+003,1.821449e+001
2.912032e+003,1.820832e+001
2.912514e+003,1.820135e+001
2.912997e+003,1.819350e+001
2.913479e+003,1.818477e+001
2.913961e+003,1.817515e+001
2.914443e+003,1.816473e+001
2.914925e+003,1.815364e+001
2.915407e+003,1.814208e+001
2.915889e+003,1.813027e+001
2.916372e+003,1.811844e+001
2.916854e+003,1.810678e+001
2.917336e+003,1.809541e+001
2.917818e+003,1.808439e+001
2.918300e+003,1.807370e+001
2.918782e+003,1.806330e+001
2.919264e+003,1.805312e+001
2.919746e+003,1.804311e+001
2.920229e+003,1.803324e+001
2.920711e+003,1.802353e+001
2.921193e+003,1.801403e+001
2.921675e+003,1.800481e+001
2.922157e+003,1.799602e+001
2.922639e+003,1.798782e+001
2.923121e+003,1.798039e+001
2.923603e+003,1.797393e+001
2.924085e+003,1.796856e+001
2.924568e+003,1.796436e+001
2.925050e+003,1.796132e+001
2.925532e+003,1.795936e+001
2.926014e+003,1.795835e+001
2.926496e+003,1.795818e+001
2.926978e+003,1.795875e+001
2.927460e+003,1.796000e+001
2.927942e+003,1.796195e+001
2.928425e+003,1.796456e+001
2.928907e+003,1.796779e+001
2.929389e+003,1.797152e+001
2.929871e+003,1.797556e+001
2.930353e+003,1.797968e+001
2.930835e+003,1.798363e+001
2.931317e+003,1.798724e+001
2.931800e+003,1.799044e+001
2.932281e+003,1.799328e+001
2.932764e+003,1.799597e+001
2.933246e+003,1.799875e+001
2.933728e+003,1.800190e+001
2.934210e+003,1.800566e+001
2.934692e+003,1.801014e+001
2.935174e+003,1.801532e+001
2.935656e+003,1.802107e+001
2.936139e+003,1.802714e+001
2.936621e+003,1.803321e+001
2.937103e+003,1.803901e+001
2.937585e+003,1.804430e+001
2.938067e+003,1.804894e+001
2.938549e+003,1.805293e+001
2.939031e+003,1.805629e+001
2.939513e+003,1.805916e+001
2.939996e+003,1.806165e+001
2.940478e+003,1.806387e+001
2.940960e+003,1.806589e+001
2.941442e+003,1.806774e+001
2.941924e+003,1.806939e+001
2.942406e+003,1.807081e+001
2.942888e+003,1.807192e+001
2.943370e+003,1.807264e+001
2.943853e+003,1.807291e+001
2.944335e+003,1.807267e+001
2.944817e+003,1.807195e+001
2.945299e+003,1.807077e+001
2.945781e+003,1.806923e+001
2.946263e+003,1.806745e+001
2.946745e+003,1.806557e+001
2.947228e+003,1.806372e+001
2.947709e+003,1.806198e+001
2.948192e+003,1.806041e+001
2.948674e+003,1.805902e+001
2.949156e+003,1.805783e+001
2.949638e+003,1.805679e+001
2.950120e+003,1.805589e+001
2.950602e+003,1.805507e+001
2.951084e+003,1.805427e+001
2.951567e+003,1.805335e+001
2.952049e+003,1.805216e+001
2.952531e+003,1.805050e+001
2.953013e+003,1.804819e+001
2.953495e+003,1.804507e+001
2.953977e+003,1.804113e+001
2.954459e+003,1.803638e+001
2.954941e+003,1.803100e+001
2.955424e+003,1.802524e+001
2.955906e+003,1.801939e+001
2.956388e+003,1.801374e+001
2.956870e+003,1.800853e+001
2.957352e+003,1.800395e+001
2.957834e+003,1.800006e+001
2.958316e+003,1.799688e+001
2.958798e+003,1.799432e+001
2.959281e+003,1.799220e+001
2.959763e+003,1.799034e+001
2.960245e+003,1.798853e+001
2.960727e+003,1.798661e+001
2.961209e+003,1.798446e+001
2.961691e+003,1.798205e+001
2.962173e+003,1.797945e+001
2.962656e+003,1.797677e+001
2.963137e+003,1.797418e+001
2.963620e+003,1.797181e+001
2.964102e+003,1.796976e+001
2.964584e+003,1.796810e+001
2.965066e+003,1.796676e+001
2.965548e+003,1.796569e+001
2.966030e+003,1.796479e+001
2.966512e+003,1.796398e+001
2.966995e+003,1.796323e+001
2.967477e+003,1.796257e+001
2.967959e+003,1.796204e+001
2.968441e+003,1.796170e+001
2.968923e+003,1.796161e+001
2.969405e+003,1.796177e+001
2.969887e+003,1.796215e+001
2.970369e+003,1.796269e+001
2.970852e+003,1.796332e+001
2.971334e+003,1.796400e+001
2.971816e+003,1.796471e+001
2.972298e+003,1.796546e+001
2.972780e+003,1.796626e+001
2.973262e+003,1.796713e+001
2.973744e+003,1.796803e+001
2.974226e+003,1.796886e+001
2.974708e+003,1.796951e+001
2.975191e+003,1.796984e+001
2.975673e+003,1.796976e+001
2.976155e+003,1.796922e+001
2.976637e+003,1.796821e+001
2.977119e+003,1.796678e+001
2.977601e+003,1.796497e+001
2.978083e+003,1.796278e+001
2.978565e+003,1.796021e+001
2.979048e+003,1.795720e+001
2.979530e+003,1.795369e+001
2.980012e+003,1.794969e+001
2.980494e+003,1.794525e+001
2.980976e+003,1.794053e+001
2.981458e+003,1.793571e+001
2.981940e+003,1.793105e+001
2.982423e+003,1.792671e+001
2.982905e+003,1.792287e+001
2.983387e+003,1.791955e+001
2.983869e+003,1.791677e+001
2.984351e+003,1.791442e+001
2.984833e+003,1.791241e+001
2.985315e+003,1.791062e+001
2.985797e+003,1.790892e+001
2.986280e+003,1.790722e+001
2.986762e+003,1.790543e+001
2.987244e+003,1.790346e+001
2.987726e+003,1.790125e+001
2.988208e+003,1.789876e+001
2.988690e+003,1.789594e+001
2.989172e+003,1.789276e+001
2.989654e+003,1.788923e+001
2.990136e+003,1.788532e+001
2.990619e+003,1.788106e+001
2.991101e+003,1.787647e+001
2.991583e+003,1.787161e+001
2.992065e+003,1.786656e+001
2.992547e+003,1.786139e+001
2.993029e+003,1.785620e+001
2.993511e+003,1.785104e+001
2.993994e+003,1.784594e+001
2.994476e+003,1.784092e+001
2.994958e+003,1.783594e+001
2.995440e+003,1.783101e+001
2.995922e+003,1.782613e+001
2.996404e+003,1.782133e+001
2.996886e+003,1.781670e+001
2.997368e+003,1.781230e+001
2.997851e+003,1.780821e+001
2.998333e+003,1.780444e+001
2.998815e+003,1.780094e+001
2.999297e+003,1.779767e+001
2.999779e+003,1.779450e+001
3.000261e+003,1.779133e+001
3.000743e+003,1.778807e+001
3.001225e+003,1.778469e+001
3.001708e+003,1.778117e+001
3.002190e+003,1.777754e+001
3.002672e+003,1.777384e+001
3.003154e+003,1.777013e+001
3.003636e+003,1.776644e+001
3.004118e+003,1.776282e+001
3.004600e+003,1.775929e+001
3.005082e+003,1.775591e+001
3.005564e+003,1.775269e+001
3.006047e+003,1.774964e+001
3.006529e+003,1.774677e+001
3.007011e+003,1.774405e+001
3.007493e+003,1.774138e+001
3.007975e+003,1.773865e+001
3.008457e+003,1.773570e+001
3.008939e+003,1.773239e+001
3.009422e+003,1.772861e+001
3.009904e+003,1.772433e+001
3.010386e+003,1.771961e+001
3.010868e+003,1.771462e+001
3.011350e+003,1.770958e+001
3.011832e+003,1.770471e+001
3.012314e+003,1.770021e+001
3.012796e+003,1.769617e+001
3.013279e+003,1.769256e+001
3.013761e+003,1.768928e+001
3.014243e+003,1.768611e+001
3.014725e+003,1.768287e+001
3.015207e+003,1.767938e+001
3.015689e+003,1.767555e+001
3.016171e+003,1.767135e+001
3.016653e+003,1.766684e+001
3.017135e+003,1.766212e+001
3.017618e+003,1.765731e+001
3.018100e+003,1.765253e+001
3.018582e+003,1.764789e+001
3.019064e+003,1.764346e+001
3.019546e+003,1.763928e+001
3.020028e+003,1.763533e+001
3.020510e+003,1.763156e+001
3.020992e+003,1.762782e+001
3.021475e+003,1.762396e+001
3.021957e+003,1.761983e+001
3.022439e+003,1.761532e+001
3.022921e+003,1.761039e+001
3.023403e+003,1.760509e+001
3.023885e+003,1.759958e+001
3.024367e+003,1.759403e+001
3.024850e+003,1.758863e+001
3.025332e+003,1.758352e+001
3.025814e+003,1.757877e+001
3.026296e+003,1.757437e+001
3.026778e+003,1.757025e+001
3.027260e+003,1.756629e+001
3.027742e+003,1.756240e+001
3.028224e+003,1.755850e+001
3.028707e+003,1.755453e+001
3.029189e+003,1.755047e+001
3.029671e+003,1.754634e+001
3.030153e+003,1.754216e+001
3.030635e+003,1.753795e+001
3.031117e+003,1.753376e+001
3.031599e+003,1.752961e+001
3.032081e+003,1.752556e+001
3.032563e+003,1.752161e+001
3.033046e+003,1.751779e+001
3.033528e+003,1.751406e+001
3.034010e+003,1.751038e+001
3.034492e+003,1.750664e+001
3.034974e+003,1.750274e+001
3.035456e+003,1.749856e+001
3.035938e+003,1.749403e+001
3.036420e+003,1.748911e+001
3.036903e+003,1.748382e+001
3.037385e+003,1.747828e+001
3.037867e+003,1.747263e+001
3.038349e+003,1.746703e+001
3.038831e+003,1.746165e+001
3.039313e+003,1.745658e+001
3.039795e+003,1.745187e+001
3.040278e+003,1.744748e+001
3.040760e+003,1.744335e+001
3.041242e+003,1.743937e+001
3.041724e+003,1.743546e+001
3.042206e+003,1.743153e+001
3.042688e+003,1.742752e+001
3.043170e+003,1.742340e+001
3.043652e+003,1.741911e+001
3.044135e+003,1.741457e+001
3.044617e+003,1.740969e+001
3.045099e+003,1.740436e+001
3.045581e+003,1.739849e+001
3.046063e+003,1.739207e+001
3.046545e+003,1.738512e+001
3.047027e+003,1.737780e+001
3.047509e+003,1.737033e+001
3.047991e+003,1.736300e+001
3.048474e+003,1.735614e+001
3.048956e+003,1.735002e+001
3.049438e+003,1.734484e+001
3.049920e+003,1.734062e+001
3.050402e+003,1.733724e+001
3.050884e+003,1.733445e+001
3.051366e+003,1.733187e+001
3.051848e+003,1.732911e+001
3.052331e+003,1.732585e+001
3.052813e+003,1.732194e+001
3.053295e+003,1.731737e+001
3.053777e+003,1.731234e+001
3.054259e+003,1.730717e+001
3.054741e+003,1.730218e+001
3.055223e+003,1.729762e+001
3.055706e+003,1.729358e+001
3.056188e+003,1.729000e+001
3.056670e+003,1.728664e+001
3.057152e+003,1.728321e+001
3.057634e+003,1.727942e+001
3.058116e+003,1.727507e+001
3.058598e+003,1.727011e+001
3.059080e+003,1.726461e+001
3.059563e+003,1.725877e+001
3.060045e+003,1.725283e+001
3.060527e+003,1.724702e+001
3.061009e+003,1.724151e+001
3.061491e+003,1.723640e+001
3.061973e+003,1.723170e+001
3.062455e+003,1.722733e+001
3.062937e+003,1.722317e+001
3.063419e+003,1.721906e+001
3.063902e+003,1.721483e+001
3.064384e+003,1.721034e+001
3.064866e+003,1.720549e+001
3.065348e+003,1.720023e+001
3.065830e+003,1.719454e+001
3.066312e+003,1.718845e+001
3.066794e+003,1.718205e+001
3.067276e+003,1.717544e+001
3.067759e+003,1.716875e+001
3.068241e+003,1.716214e+001
3.068723e+003,1.715577e+001
3.069205e+003,1.714979e+001
3.069687e+003,1.714431e+001
3.070169e+003,1.713939e+001
3.070651e+003,1.713503e+001
3.071134e+003,1.713113e+001
3.071615e+003,1.712757e+001
3.072098e+003,1.712419e+001
3.072580e+003,1.712087e+001
3.073062e+003,1.711751e+001
3.073544e+003,1.711407e+001
3.074026e+003,1.711058e+001
3.074508e+003,1.710706e+001
3.074990e+003,1.710353e+001
3.075473e+003,1.710002e+001
3.075955e+003,1.709649e+001
3.076437e+003,1.709289e+001
3.076919e+003,1.708917e+001
3.077401e+003,1.708525e+001
3.077883e+003,1.708107e+001
3.078365e+003,1.707658e+001
3.078847e+003,1.707171e+001
3.079330e+003,1.706642e+001
3.079812e+003,1.706069e+001
3.080294e+003,1.705452e+001
3.080776e+003,1.704797e+001
3.081258e+003,1.704114e+001
3.081740e+003,1.703414e+001
3.082222e+003,1.702708e+001
3.082704e+003,1.702005e+001
3.083187e+003,1.701307e+001
3.083669e+003,1.700612e+001
3.084151e+003,1.699915e+001
3.084633e+003,1.699207e+001
3.085115e+003,1.698483e+001
3.085597e+003,1.697745e+001
3.086079e+003,1.696997e+001
3.086562e+003,1.696251e+001
3.087043e+003,1.695520e+001
3.087526e+003,1.694819e+001
3.088008e+003,1.694161e+001
3.088490e+003,1.693554e+001
3.088972e+003,1.692999e+001
3.089454e+003,1.692490e+001
3.089936e+003,1.692021e+001
3.090418e+003,1.691579e+001
3.090901e+003,1.691153e+001
3.091383e+003,1.690734e+001
3.091865e+003,1.690318e+001
3.092347e+003,1.689901e+001
3.092829e+003,1.689487e+001
3.093311e+003,1.689078e+001
3.093793e+003,1.688677e+001
3.094275e+003,1.688285e+001
3.094758e+003,1.687907e+001
3.095240e+003,1.687540e+001
3.095722e+003,1.687185e+001
3.096204e+003,1.686838e+001
3.096686e+003,1.686495e+001
3.097168e+003,1.686149e+001
3.097650e+003,1.685787e+001
3.098132e+003,1.685394e+001
3.098615e+003,1.684953e+001
3.099097e+003,1.684454e+001
3.099579e+003,1.683890e+001
3.100061e+003,1.683270e+001
3.100543e+003,1.682611e+001
3.101025e+003,1.681940e+001
3.101507e+003,1.681286e+001
3.101990e+003,1.680674e+001
3.102471e+003,1.680117e+001
3.102954e+003,1.679611e+001
3.103436e+003,1.679137e+001
3.103918e+003,1.678663e+001
3.104400e+003,1.678151e+001
3.104882e+003,1.677570e+001
3.105364e+003,1.676901e+001
3.105846e+003,1.676147e+001
3.106329e+003,1.675333e+001
3.106811e+003,1.674500e+001
3.107293e+003,1.673702e+001
3.107775e+003,1.672985e+001
3.108257e+003,1.672385e+001
3.108739e+003,1.671912e+001
3.109221e+003,1.671553e+001
3.109703e+003,1.671272e+001
3.110186e+003,1.671022e+001
3.110668e+003,1.670757e+001
3.111150e+003,1.670438e+001
3.111632e+003,1.670046e+001
3.112114e+003,1.669576e+001
3.112596e+003,1.669041e+001
3.113078e+003,1.668462e+001
3.113560e+003,1.667862e+001
3.114042e+003,1.667265e+001
3.114525e+003,1.666689e+001
3.115007e+003,1.666150e+001
3.115489e+003,1.665656e+001
3.115971e+003,1.665208e+001
3.116453e+003,1.664800e+001
3.116935e+003,1.664415e+001
3.117417e+003,1.664023e+001
3.117900e+003,1.663595e+001
3.118382e+003,1.663101e+001
3.118864e+003,1.662523e+001
3.119346e+003,1.661860e+001
3.119828e+003,1.661130e+001
3.120310e+003,1.660368e+001
3.120792e+003,1.659617e+001
3.121274e+003,1.658916e+001
3.121757e+003,1.658295e+001
3.122239e+003,1.657763e+001
3.122721e+003,1.657309e+001
3.123203e+003,1.656909e+001
3.123685e+003,1.656531e+001
3.124167e+003,1.656146e+001
3.124649e+003,1.655733e+001
3.125131e+003,1.655283e+001
3.125614e+003,1.654796e+001
3.126096e+003,1.654283e+001
3.126578e+003,1.653755e+001
3.127060e+003,1.653223e+001
3.127542e+003,1.652694e+001
3.128024e+003,1.652168e+001
3.128506e+003,1.651642e+001
3.128988e+003,1.651115e+001
3.129470e+003,1.650583e+001
3.129953e+003,1.650045e+001
3.130435e+003,1.649504e+001
3.130917e+003,1.648963e+001
3.131399e+003,1.648429e+001
3.131881e+003,1.647905e+001
3.132363e+003,1.647393e+001
3.132845e+003,1.646894e+001
3.133328e+003,1.646407e+001
3.133810e+003,1.645931e+001
3.134292e+003,1.645465e+001
3.134774e+003,1.645006e+001
3.135256e+003,1.644548e+001
3.135738e+003,1.644082e+001
3.136220e+003,1.643596e+001
3.136702e+003,1.643073e+001
3.137185e+003,1.642501e+001
3.137667e+003,1.641873e+001
3.138149e+003,1.641188e+001
3.138631e+003,1.640459e+001
3.139113e+003,1.639707e+001
3.139595e+003,1.638955e+001
3.140077e+003,1.638228e+001
3.140559e+003,1.637545e+001
3.141042e+003,1.636918e+001
3.141524e+003,1.636346e+001
3.142006e+003,1.635823e+001
3.142488e+003,1.635336e+001
3.142970e+003,1.634868e+001
3.143452e+003,1.634404e+001
3.143934e+003,1.633932e+001
3.144417e+003,1.633440e+001
3.144898e+003,1.632924e+001
3.145381e+003,1.632379e+001
3.145863e+003,1.631809e+001
3.146345e+003,1.631220e+001
3.146827e+003,1.630619e+001
3.147309e+003,1.630015e+001
3.147791e+003,1.629413e+001
3.148273e+003,1.628816e+001
3.148756e+003,1.628222e+001
3.149238e+003,1.627625e+001
3.149720e+003,1.627017e+001
3.150202e+003,1.626390e+001
3.150684e+003,1.625739e+001
3.151166e+003,1.625056e+001
3.151648e+003,1.624343e+001
3.152130e+003,1.623599e+001
3.152613e+003,1.622827e+001
3.153095e+003,1.622034e+001
3.153577e+003,1.621230e+001
3.154059e+003,1.620431e+001
3.154541e+003,1.619654e+001
3.155023e+003,1.618923e+001
3.155505e+003,1.618257e+001
3.155987e+003,1.617670e+001
3.156469e+003,1.617171e+001
3.156952e+003,1.616754e+001
3.157434e+003,1.616401e+001
3.157916e+003,1.616083e+001
3.158398e+003,1.615763e+001
3.158880e+003,1.615401e+001
3.159362e+003,1.614966e+001
3.159844e+003,1.614437e+001
3.160326e+003,1.613812e+001
3.160809e+003,1.613110e+001
3.161291e+003,1.612365e+001
3.161773e+003,1.611616e+001
3.162255e+003,1.610904e+001
3.162737e+003,1.610254e+001
3.163219e+003,1.609672e+001
3.163701e+003,1.609143e+001
3.164184e+003,1.608640e+001
3.164666e+003,1.608129e+001
3.165148e+003,1.607583e+001
3.165630e+003,1.606988e+001
3.166112e+003,1.606345e+001
3.166594e+003,1.605666e+001
3.167076e+003,1.604968e+001
3.167558e+003,1.604267e+001
3.168041e+003,1.603566e+001
3.168523e+003,1.602862e+001
3.169005e+003,1.602144e+001
3.169487e+003,1.601400e+001
3.169969e+003,1.600629e+001
3.170451e+003,1.599839e+001
3.170933e+003,1.599048e+001
3.171415e+003,1.598282e+001
3.171897e+003,1.597569e+001
3.172380e+003,1.596932e+001
3.172862e+003,1.596384e+001
3.173344e+003,1.595926e+001
3.173826e+003,1.595549e+001
3.174308e+003,1.595231e+001
3.174790e+003,1.594948e+001
3.175272e+003,1.594668e+001
3.175754e+003,1.594364e+001
3.176237e+003,1.594010e+001
3.176719e+003,1.593589e+001
3.177201e+003,1.593093e+001
3.177683e+003,1.592527e+001
3.178165e+003,1.591903e+001
3.178647e+003,1.591241e+001
3.179129e+003,1.590563e+001
3.179612e+003,1.589890e+001
3.180094e+003,1.589240e+001
3.180576e+003,1.588624e+001
3.181058e+003,1.588046e+001
3.181540e+003,1.587507e+001
3.182022e+003,1.587002e+001
3.182504e+003,1.586521e+001
3.182986e+003,1.586053e+001
3.183469e+003,1.585587e+001
3.183951e+003,1.585110e+001
3.184433e+003,1.584612e+001
3.184915e+003,1.584087e+001
3.185397e+003,1.583535e+001
3.185879e+003,1.582958e+001
3.186361e+003,1.582367e+001
3.186843e+003,1.581770e+001
3.187325e+003,1.581179e+001
3.187808e+003,1.580600e+001
3.188290e+003,1.580037e+001
3.188772e+003,1.579489e+001
3.189254e+003,1.578954e+001
3.189736e+003,1.578425e+001
3.190218e+003,1.577895e+001
3.190700e+003,1.577359e+001
3.191182e+003,1.576809e+001
3.191665e+003,1.576244e+001
3.192147e+003,1.575658e+001
3.192629e+003,1.575050e+001
3.193111e+003,1.574415e+001
3.193593e+003,1.573752e+001
3.194075e+003,1.573060e+001
3.194557e+003,1.572339e+001
3.195040e+003,1.571596e+001
3.195521e+003,1.570842e+001
3.196004e+003,1.570092e+001
3.196486e+003,1.569358e+001
3.196968e+003,1.568656e+001
3.197450e+003,1.567989e+001
3.197932e+003,1.567357e+001
3.198414e+003,1.566749e+001
3.198896e+003,1.566155e+001
3.199379e+003,1.565561e+001
3.199861e+003,1.564963e+001
3.200343e+003,1.564364e+001
3.200825e+003,1.563776e+001
3.201307e+003,1.563217e+001
3.201789e+003,1.562706e+001
3.202271e+003,1.562250e+001
3.202753e+003,1.561854e+001
3.203236e+003,1.561506e+001
3.203718e+003,1.561187e+001
3.204200e+003,1.560870e+001
3.204682e+003,1.560530e+001
3.205164e+003,1.560144e+001
3.205646e+003,1.559697e+001
3.206128e+003,1.559179e+001
3.206610e+003,1.558591e+001
3.207093e+003,1.557939e+001
3.207575e+003,1.557233e+001
3.208057e+003,1.556488e+001
3.208539e+003,1.555717e+001
3.209021e+003,1.554936e+001
3.209503e+003,1.554158e+001
3.209985e+003,1.553392e+001
3.210468e+003,1.552649e+001
3.210949e+003,1.551935e+001
3.211432e+003,1.551257e+001
3.211914e+003,1.550618e+001
3.212396e+003,1.550017e+001
3.212878e+003,1.549451e+001
3.213360e+003,1.548909e+001
3.213842e+003,1.548373e+001
3.214324e+003,1.547828e+001
3.214807e+003,1.547255e+001
3.215289e+003,1.546646e+001
3.215771e+003,1.545996e+001
3.216253e+003,1.545311e+001
3.216735e+003,1.544601e+001
3.217217e+003,1.543878e+001
3.217699e+003,1.543147e+001
3.218181e+003,1.542413e+001
3.218664e+003,1.541673e+001
3.219146e+003,1.540926e+001
3.219628e+003,1.540170e+001
3.220110e+003,1.539413e+001
3.220592e+003,1.538670e+001
3.221074e+003,1.537959e+001
3.221556e+003,1.537300e+001
3.222038e+003,1.536705e+001
3.222521e+003,1.536175e+001
3.223003e+003,1.535702e+001
3.223485e+003,1.535265e+001
3.223967e+003,1.534837e+001
3.224449e+003,1.534395e+001
3.224931e+003,1.533921e+001
3.225413e+003,1.533409e+001
3.225896e+003,1.532866e+001
3.226377e+003,1.532307e+001
3.226860e+003,1.531752e+001
3.227342e+003,1.531215e+001
3.227824e+003,1.530707e+001
3.228306e+003,1.530222e+001
3.228788e+003,1.529745e+001
3.229270e+003,1.529253e+001
3.229752e+003,1.528721e+001
3.230235e+003,1.528127e+001
3.230717e+003,1.527459e+001
3.231199e+003,1.526718e+001
3.231681e+003,1.525915e+001
3.232163e+003,1.525072e+001
3.232645e+003,1.524214e+001
3.233127e+003,1.523366e+001
3.233609e+003,1.522553e+001
3.234092e+003,1.521789e+001
3.234574e+003,1.521084e+001
3.235056e+003,1.520439e+001
3.235538e+003,1.519849e+001
3.236020e+003,1.519306e+001
3.236502e+003,1.518795e+001
3.236984e+003,1.518302e+001
3.237466e+003,1.517809e+001
3.237948e+003,1.517300e+001
3.238431e+003,1.516760e+001
3.238913e+003,1.516176e+001
3.239395e+003,1.515542e+001
3.239877e+003,1.514855e+001
3.240359e+003,1.514125e+001
3.240841e+003,1.513363e+001
3.241323e+003,1.512589e+001
3.241806e+003,1.511824e+001
3.242288e+003,1.511087e+001
3.242770e+003,1.510388e+001
3.243252e+003,1.509728e+001
3.243734e+003,1.509092e+001
3.244216e+003,1.508465e+001
3.244698e+003,1.507824e+001
3.245180e+003,1.507163e+001
3.245663e+003,1.506483e+001
3.246145e+003,1.505805e+001
3.246627e+003,1.505157e+001
3.247109e+003,1.504568e+001
3.247591e+003,1.504054e+001
3.248073e+003,1.503613e+001
3.248555e+003,1.503221e+001
3.249037e+003,1.502839e+001
3.249520e+003,1.502424e+001
3.250002e+003,1.501942e+001
3.250484e+003,1.501381e+001
3.250966e+003,1.500748e+001
3.251448e+003,1.500072e+001
3.251930e+003,1.499387e+001
3.252412e+003,1.498725e+001
3.252894e+003,1.498101e+001
3.253376e+003,1.497512e+001
3.253859e+003,1.496935e+001
3.254341e+003,1.496340e+001
3.254823e+003,1.495693e+001
3.255305e+003,1.494974e+001
3.255787e+003,1.494176e+001
3.256269e+003,1.493309e+001
3.256751e+003,1.492404e+001
3.257234e+003,1.491496e+001
3.257716e+003,1.490627e+001
3.258198e+003,1.489833e+001
3.258680e+003,1.489143e+001
3.259162e+003,1.488569e+001
3.259644e+003,1.488109e+001
3.260126e+003,1.487747e+001
3.260608e+003,1.487456e+001
3.261091e+003,1.487203e+001
3.261573e+003,1.486958e+001
3.262055e+003,1.486694e+001
3.262537e+003,1.486391e+001
3.263019e+003,1.486036e+001
3.263501e+003,1.485618e+001
3.263983e+003,1.485131e+001
3.264465e+003,1.484573e+001
3.264948e+003,1.483941e+001
3.265430e+003,1.483241e+001
3.265912e+003,1.482486e+001
3.266394e+003,1.481696e+001
3.266876e+003,1.480897e+001
3.267358e+003,1.480116e+001
3.267840e+003,1.479373e+001
3.268323e+003,1.478681e+001
3.268804e+003,1.478039e+001
3.269287e+003,1.477438e+001
3.269769e+003,1.476859e+001
3.270251e+003,1.476282e+001
3.270733e+003,1.475688e+001
3.271215e+003,1.475066e+001
3.271697e+003,1.474408e+001
3.272179e+003,1.473713e+001
3.272662e+003,1.472984e+001
3.273144e+003,1.472223e+001
3.273626e+003,1.471434e+001
3.274108e+003,1.470620e+001
3.274590e+003,1.469782e+001
3.275072e+003,1.468923e+001
3.275554e+003,1.468047e+001
3.276036e+003,1.467160e+001
3.276519e+003,1.466274e+001
3.277001e+003,1.465403e+001
3.277483e+003,1.464562e+001
3.277965e+003,1.463768e+001
3.278447e+003,1.463031e+001
3.278929e+003,1.462355e+001
3.279411e+003,1.461737e+001
3.279893e+003,1.461166e+001
3.280375e+003,1.460627e+001
3.280858e+003,1.460104e+001
3.281340e+003,1.459582e+001
3.281822e+003,1.459055e+001
3.282304e+003,1.458519e+001
3.282786e+003,1.457980e+001
3.283268e+003,1.457443e+001
3.283750e+003,1.456915e+001
3.284232e+003,1.456397e+001
3.284715e+003,1.455889e+001
3.285197e+003,1.455379e+001
3.285679e+003,1.454850e+001
3.286161e+003,1.454282e+001
3.286643e+003,1.453656e+001
3.287125e+003,1.452956e+001
3.287607e+003,1.452181e+001
3.288090e+003,1.451343e+001
3.288572e+003,1.450473e+001
3.289054e+003,1.449611e+001
3.289536e+003,1.448805e+001
3.290018e+003,1.448093e+001
3.290500e+003,1.447501e+001
3.290982e+003,1.447028e+001
3.291464e+003,1.446652e+001
3.291947e+003,1.446332e+001
3.292429e+003,1.446016e+001
3.292911e+003,1.445658e+001
3.293393e+003,1.445222e+001
3.293875e+003,1.444691e+001
3.294357e+003,1.444063e+001
3.294839e+003,1.443352e+001
3.295321e+003,1.442578e+001
3.295803e+003,1.441765e+001
3.296286e+003,1.440936e+001
3.296768e+003,1.440114e+001
3.297250e+003,1.439321e+001
3.297732e+003,1.438577e+001
3.298214e+003,1.437901e+001
3.298696e+003,1.437306e+001
3.299178e+003,1.436796e+001
3.299660e+003,1.436364e+001
3.300143e+003,1.435989e+001
3.300625e+003,1.435643e+001
3.301107e+003,1.435295e+001
3.301589e+003,1.434910e+001
3.302071e+003,1.434468e+001
3.302553e+003,1.433954e+001
3.303035e+003,1.433370e+001
3.303518e+003,1.432725e+001
3.304000e+003,1.432038e+001
3.304482e+003,1.431324e+001
3.304964e+003,1.430603e+001
3.305446e+003,1.429885e+001
3.305928e+003,1.429175e+001
3.306410e+003,1.428471e+001
3.306892e+003,1.427766e+001
3.307375e+003,1.427048e+001
3.307857e+003,1.426306e+001
3.308339e+003,1.425533e+001
3.308821e+003,1.424723e+001
3.309303e+003,1.423879e+001
3.309785e+003,1.423012e+001
3.310267e+003,1.422139e+001
3.310749e+003,1.421284e+001
3.311231e+003,1.420472e+001
3.311714e+003,1.419725e+001
3.312196e+003,1.419054e+001
3.312678e+003,1.418462e+001
3.313160e+003,1.417936e+001
3.313642e+003,1.417451e+001
3.314124e+003,1.416975e+001
3.314606e+003,1.416476e+001
3.315088e+003,1.415927e+001
3.315571e+003,1.415318e+001
3.316053e+003,1.414649e+001
3.316535e+003,1.413935e+001
3.317017e+003,1.413200e+001
3.317499e+003,1.412469e+001
3.317981e+003,1.411765e+001
3.318463e+003,1.411106e+001
3.318946e+003,1.410502e+001
3.319427e+003,1.409955e+001
3.319910e+003,1.409460e+001
3.320392e+003,1.409006e+001
3.320874e+003,1.408577e+001
3.321356e+003,1.408152e+001
3.321838e+003,1.407704e+001
3.322320e+003,1.407208e+001
3.322802e+003,1.406643e+001
3.323285e+003,1.405995e+001
3.323767e+003,1.405266e+001
3.324249e+003,1.404467e+001
3.324731e+003,1.403622e+001
3.325213e+003,1.402763e+001
3.325695e+003,1.401916e+001
3.326177e+003,1.401103e+001
3.326659e+003,1.400335e+001
3.327142e+003,1.399610e+001
3.327624e+003,1.398916e+001
3.328106e+003,1.398237e+001
3.328588e+003,1.397558e+001
3.329070e+003,1.396871e+001
3.329552e+003,1.396172e+001
3.330034e+003,1.395470e+001
3.330516e+003,1.394778e+001
3.330999e+003,1.394117e+001
3.331481e+003,1.393503e+001
3.331963e+003,1.392948e+001
3.332445e+003,1.392459e+001
3.332927e+003,1.392032e+001
3.333409e+003,1.391653e+001
3.333891e+003,1.391304e+001
3.334374e+003,1.390962e+001
3.334855e+003,1.390608e+001
3.335338e+003,1.390220e+001
3.335820e+003,1.389786e+001
3.336302e+003,1.389295e+001
3.336784e+003,1.388743e+001
3.337266e+003,1.388127e+001
3.337748e+003,1.387454e+001
3.338230e+003,1.386733e+001
3.338713e+003,1.385977e+001
3.339195e+003,1.385206e+001
3.339677e+003,1.384440e+001
3.340159e+003,1.383696e+001
3.340641e+003,1.382989e+001
3.341123e+003,1.382328e+001
3.341605e+003,1.381713e+001
3.342087e+003,1.381139e+001
3.342570e+003,1.380600e+001
3.343052e+003,1.380082e+001
3.343534e+003,1.379577e+001
3.344016e+003,1.379071e+001
3.344498e+003,1.378553e+001
3.344980e+003,1.378012e+001
3.345462e+003,1.377436e+001
3.345944e+003,1.376819e+001
3.346427e+003,1.376159e+001
3.346909e+003,1.375457e+001
3.347391e+003,1.374724e+001
3.347873e+003,1.373972e+001
3.348355e+003,1.373216e+001
3.348837e+003,1.372468e+001
3.349319e+003,1.371739e+001
3.349802e+003,1.371033e+001
3.350283e+003,1.370351e+001
3.350766e+003,1.369690e+001
3.351248e+003,1.369046e+001
3.351730e+003,1.368414e+001
3.352212e+003,1.367790e+001
3.352694e+003,1.367166e+001
3.353176e+003,1.366540e+001
3.353658e+003,1.365907e+001
3.354141e+003,1.365265e+001
3.354623e+003,1.364615e+001
3.355105e+003,1.363958e+001
3.355587e+003,1.363293e+001
3.356069e+003,1.362620e+001
3.356551e+003,1.361933e+001
3.357033e+003,1.361228e+001
3.357515e+003,1.360495e+001
3.357998e+003,1.359730e+001
3.358480e+003,1.358930e+001
3.358962e+003,1.358100e+001
3.359444e+003,1.357250e+001
3.359926e+003,1.356395e+001
3.360408e+003,1.355552e+001
3.360890e+003,1.354739e+001
3.361372e+003,1.353971e+001
3.361854e+003,1.353259e+001
3.362337e+003,1.352610e+001
3.362819e+003,1.352023e+001
3.363301e+003,1.351492e+001
3.363783e+003,1.351008e+001
3.364265e+003,1.350552e+001
3.364747e+003,1.350107e+001
3.365229e+003,1.349650e+001
3.365712e+003,1.349160e+001
3.366194e+003,1.348620e+001
3.366676e+003,1.348016e+001
3.367158e+003,1.347344e+001
3.367640e+003,1.346607e+001
3.368122e+003,1.345822e+001
3.368604e+003,1.345011e+001
3.369086e+003,1.344204e+001
3.369569e+003,1.343437e+001
3.370051e+003,1.342736e+001
3.370533e+003,1.342120e+001
3.371015e+003,1.341591e+001
3.371497e+003,1.341134e+001
3.371979e+003,1.340718e+001
3.372461e+003,1.340301e+001
3.372943e+003,1.339846e+001
3.373426e+003,1.339323e+001
3.373908e+003,1.338719e+001
3.374390e+003,1.338044e+001
3.374872e+003,1.337322e+001
3.375354e+003,1.336586e+001
3.375836e+003,1.335870e+001
3.376318e+003,1.335201e+001
3.376800e+003,1.334590e+001
3.377282e+003,1.334032e+001
3.377765e+003,1.333510e+001
3.378247e+003,1.332997e+001
3.378729e+003,1.332463e+001
3.379211e+003,1.331880e+001
3.379693e+003,1.331228e+001
3.380175e+003,1.330501e+001
3.380657e+003,1.329701e+001
3.381140e+003,1.328848e+001
3.381622e+003,1.327969e+001
3.382104e+003,1.327095e+001
3.382586e+003,1.326261e+001
3.383068e+003,1.325495e+001
3.383550e+003,1.324815e+001
3.384032e+003,1.324232e+001
3.384514e+003,1.323742e+001
3.384997e+003,1.323334e+001
3.385479e+003,1.322989e+001
3.385961e+003,1.322683e+001
3.386443e+003,1.322389e+001
3.386925e+003,1.322077e+001
3.387407e+003,1.321722e+001
3.387889e+003,1.321304e+001
3.388371e+003,1.320812e+001
3.388854e+003,1.320248e+001
3.389336e+003,1.319626e+001
3.389818e+003,1.318969e+001
3.390300e+003,1.318305e+001
3.390782e+003,1.317656e+001
3.391264e+003,1.317034e+001
3.391746e+003,1.316437e+001
3.392229e+003,1.315847e+001
3.392710e+003,1.315238e+001
3.393193e+003,1.314582e+001
3.393675e+003,1.313857e+001
3.394157e+003,1.313053e+001
3.394639e+003,1.312173e+001
3.395121e+003,1.311231e+001
3.395603e+003,1.310254e+001
3.396085e+003,1.309267e+001
3.396568e+003,1.308301e+001
3.397050e+003,1.307380e+001
3.397532e+003,1.306524e+001
3.398014e+003,1.305743e+001
3.398496e+003,1.305039e+001
3.398978e+003,1.304405e+001
3.399460e+003,1.303829e+001
3.399942e+003,1.303292e+001
3.400425e+003,1.302778e+001
3.400907e+003,1.302273e+001
3.401389e+003,1.301768e+001
3.401871e+003,1.301259e+001
3.402353e+003,1.300747e+001
3.402835e+003,1.300233e+001
3.403317e+003,1.299718e+001
3.403799e+003,1.299198e+001
3.404281e+003,1.298665e+001
3.404764e+003,1.298108e+001
3.405246e+003,1.297517e+001
3.405728e+003,1.296880e+001
3.406210e+003,1.296193e+001
3.406692e+003,1.295454e+001
3.407174e+003,1.294666e+001
3.407656e+003,1.293839e+001
3.408138e+003,1.292984e+001
3.408621e+003,1.292117e+001
3.409103e+003,1.291252e+001
3.409585e+003,1.290402e+001
3.410067e+003,1.289579e+001
3.410549e+003,1.288787e+001
3.411031e+003,1.288030e+001
3.411513e+003,1.287307e+001
3.411996e+003,1.286621e+001
3.412478e+003,1.285973e+001
3.412960e+003,1.285368e+001
3.413442e+003,1.284810e+001
3.413924e+003,1.284302e+001
3.414406e+003,1.283837e+001
3.414888e+003,1.283403e+001
3.415370e+003,1.282974e+001
3.415853e+003,1.282523e+001
3.416335e+003,1.282023e+001
3.416817e+003,1.281452e+001
3.417299e+003,1.280803e+001
3.417781e+003,1.280082e+001
3.418263e+003,1.279309e+001
3.418745e+003,1.278515e+001
3.419227e+003,1.277732e+001
3.419709e+003,1.276986e+001
3.420192e+003,1.276292e+001
3.420674e+003,1.275652e+001
3.421156e+003,1.275054e+001
3.421638e+003,1.274483e+001
3.422120e+003,1.273920e+001
3.422602e+003,1.273354e+001
3.423084e+003,1.272779e+001
3.423566e+003,1.272200e+001
3.424049e+003,1.271626e+001
3.424531e+003,1.271065e+001
3.425013e+003,1.270520e+001
3.425495e+003,1.269986e+001
3.425977e+003,1.269448e+001
3.426459e+003,1.268890e+001
3.426941e+003,1.268297e+001
3.427424e+003,1.267660e+001
3.427906e+003,1.266979e+001
3.428388e+003,1.266267e+001
3.428870e+003,1.265538e+001
3.429352e+003,1.264810e+001
3.429834e+003,1.264095e+001
3.430316e+003,1.263395e+001
3.430798e+003,1.262705e+001
3.431281e+003,1.262014e+001
3.431763e+003,1.261315e+001
3.432245e+003,1.260601e+001
3.432727e+003,1.259874e+001
3.433209e+003,1.259145e+001
3.433691e+003,1.258428e+001
3.434173e+003,1.257736e+001
3.434655e+003,1.257081e+001
3.435137e+003,1.256468e+001
3.435620e+003,1.255896e+001
3.436102e+003,1.255363e+001
3.436584e+003,1.254858e+001
3.437066e+003,1.254373e+001
3.437548e+003,1.253895e+001
3.438030e+003,1.253409e+001
3.438512e+003,1.252897e+001
3.438994e+003,1.252347e+001
3.439477e+003,1.251745e+001
3.439959e+003,1.251087e+001
3.440441e+003,1.250375e+001
3.440923e+003,1.249622e+001
3.441405e+003,1.248845e+001
3.441887e+003,1.248063e+001
3.442369e+003,1.247290e+001
3.442852e+003,1.246533e+001
3.443333e+003,1.245789e+001
3.443816e+003,1.245051e+001
3.444298e+003,1.244310e+001
3.444780e+003,1.243564e+001
3.445262e+003,1.242815e+001
3.445744e+003,1.242078e+001
3.446226e+003,1.241366e+001
3.446708e+003,1.240693e+001
3.447191e+003,1.240060e+001
3.447673e+003,1.239460e+001
3.448155e+003,1.238874e+001
3.448637e+003,1.238279e+001
3.449119e+003,1.237657e+001
3.449601e+003,1.237003e+001
3.450083e+003,1.236323e+001
3.450565e+003,1.235637e+001
3.451048e+003,1.234967e+001
3.451530e+003,1.234335e+001
3.452012e+003,1.233749e+001
3.452494e+003,1.233205e+001
3.452976e+003,1.232684e+001
3.453458e+003,1.232159e+001
3.453940e+003,1.231600e+001
3.454422e+003,1.230984e+001
3.454905e+003,1.230298e+001
3.455387e+003,1.229538e+001
3.455869e+003,1.228712e+001
3.456351e+003,1.227833e+001
3.456833e+003,1.226914e+001
3.457315e+003,1.225974e+001
3.457797e+003,1.225027e+001
3.458280e+003,1.224092e+001
3.458761e+003,1.223187e+001
3.459244e+003,1.222334e+001
3.459726e+003,1.221550e+001
3.460208e+003,1.220850e+001
3.460690e+003,1.220238e+001
3.461172e+003,1.219706e+001
3.461654e+003,1.219235e+001
3.462136e+003,1.218800e+001
3.462619e+003,1.218371e+001
3.463101e+003,1.217924e+001
3.463583e+003,1.217442e+001
3.464065e+003,1.216920e+001
3.464547e+003,1.216360e+001
3.465029e+003,1.215776e+001
3.465511e+003,1.215178e+001
3.465993e+003,1.214574e+001
3.466476e+003,1.213963e+001
3.466958e+003,1.213334e+001
3.467440e+003,1.212674e+001
3.467922e+003,1.211970e+001
3.468404e+003,1.211216e+001
3.468886e+003,1.210420e+001
3.469368e+003,1.209602e+001
3.469850e+003,1.208794e+001
3.470333e+003,1.208025e+001
3.470815e+003,1.207319e+001
3.471297e+003,1.206684e+001
3.471779e+003,1.206109e+001
3.472261e+003,1.205569e+001
3.472743e+003,1.205035e+001
3.473225e+003,1.204482e+001
3.473708e+003,1.203900e+001
3.474189e+003,1.203291e+001
3.474672e+003,1.202674e+001
3.475154e+003,1.202067e+001
3.475636e+003,1.201480e+001
3.476118e+003,1.200909e+001
3.476600e+003,1.200331e+001
3.477082e+003,1.199712e+001
3.477564e+003,1.199022e+001
3.478047e+003,1.198243e+001
3.478529e+003,1.197381e+001
3.479011e+003,1.196467e+001
3.479493e+003,1.195559e+001
3.479975e+003,1.194719e+001
3.480457e+003,1.194007e+001
3.480939e+003,1.193457e+001
3.481421e+003,1.193073e+001
3.481904e+003,1.192818e+001
3.482386e+003,1.192629e+001
3.482868e+003,1.192427e+001
3.483350e+003,1.192137e+001
3.483832e+003,1.191702e+001
3.484314e+003,1.191094e+001
3.484796e+003,1.190316e+001
3.485278e+003,1.189400e+001
3.485760e+003,1.188396e+001
3.486243e+003,1.187363e+001
3.486725e+003,1.186361e+001
3.487207e+003,1.185435e+001
3.487689e+003,1.184611e+001
3.488171e+003,1.183899e+001
3.488653e+003,1.183286e+001
3.489135e+003,1.182749e+001
3.489618e+003,1.182258e+001
3.490100e+003,1.181784e+001
3.490582e+003,1.181301e+001
3.491064e+003,1.180791e+001
3.491546e+003,1.180242e+001
3.492028e+003,1.179651e+001
3.492510e+003,1.179017e+001
3.492992e+003,1.178342e+001
3.493475e+003,1.177625e+001
3.493957e+003,1.176869e+001
3.494439e+003,1.176071e+001
3.494921e+003,1.175233e+001
3.495403e+003,1.174357e+001
3.495885e+003,1.173457e+001
3.496367e+003,1.172546e+001
3.496849e+003,1.171649e+001
3.497332e+003,1.170784e+001
3.497814e+003,1.169971e+001
3.498296e+003,1.169215e+001
3.498778e+003,1.168514e+001
3.499260e+003,1.167857e+001
3.499742e+003,1.167227e+001
3.500224e+003,1.166614e+001
3.500706e+003,1.166015e+001
3.501188e+003,1.165435e+001
3.501671e+003,1.164890e+001
3.502153e+003,1.164394e+001
3.502635e+003,1.163957e+001
3.503117e+003,1.163571e+001
3.503599e+003,1.163219e+001
3.504081e+003,1.162867e+001
3.504563e+003,1.162486e+001
3.505046e+003,1.162049e+001
3.505528e+003,1.161546e+001
3.506010e+003,1.160980e+001
3.506492e+003,1.160367e+001
3.506974e+003,1.159730e+001
3.507456e+003,1.159092e+001
3.507938e+003,1.158469e+001
3.508420e+003,1.157868e+001
3.508903e+003,1.157285e+001
3.509385e+003,1.156709e+001
3.509867e+003,1.156121e+001
3.510349e+003,1.155500e+001
3.510831e+003,1.154828e+001
3.511313e+003,1.154097e+001
3.511795e+003,1.153302e+001
3.512277e+003,1.152449e+001
3.512760e+003,1.151549e+001
3.513242e+003,1.150618e+001
3.513724e+003,1.149676e+001
3.514206e+003,1.148744e+001
3.514688e+003,1.147840e+001
3.515170e+003,1.146986e+001
3.515652e+003,1.146194e+001
3.516135e+003,1.145476e+001
3.516616e+003,1.144833e+001
3.517099e+003,1.144259e+001
3.517581e+003,1.143741e+001
3.518063e+003,1.143256e+001
3.518545e+003,1.142778e+001
3.519027e+003,1.142286e+001
3.519509e+003,1.141763e+001
3.519991e+003,1.141202e+001
3.520474e+003,1.140607e+001
3.520956e+003,1.139985e+001
3.521438e+003,1.139347e+001
3.521920e+003,1.138697e+001
3.522402e+003,1.138031e+001
3.522884e+003,1.137340e+001
3.523366e+003,1.136608e+001
3.523848e+003,1.135829e+001
3.524331e+003,1.134999e+001
3.524813e+003,1.134129e+001
3.525295e+003,1.133240e+001
3.525777e+003,1.132357e+001
3.526259e+003,1.131506e+001
3.526741e+003,1.130709e+001
3.527223e+003,1.129982e+001
3.527705e+003,1.129334e+001
3.528188e+003,1.128765e+001
3.528670e+003,1.128273e+001
3.529152e+003,1.127843e+001
3.529634e+003,1.127454e+001
3.530116e+003,1.127076e+001
3.530598e+003,1.126672e+001
3.531080e+003,1.126205e+001
3.531563e+003,1.125645e+001
3.532044e+003,1.124976e+001
3.532527e+003,1.124205e+001
3.533009e+003,1.123354e+001
3.533491e+003,1.122467e+001
3.533973e+003,1.121587e+001
3.534455e+003,1.120757e+001
3.534937e+003,1.119998e+001
3.535419e+003,1.119314e+001
3.535902e+003,1.118683e+001
3.536384e+003,1.118072e+001
3.536866e+003,1.117444e+001
3.537348e+003,1.116776e+001
3.537830e+003,1.116057e+001
3.538312e+003,1.115299e+001
3.538794e+003,1.114521e+001
3.539276e+003,1.113746e+001
3.539759e+003,1.112991e+001
3.540241e+003,1.112263e+001
3.540723e+003,1.111557e+001
3.541205e+003,1.110858e+001
3.541687e+003,1.110153e+001
3.542169e+003,1.109437e+001
3.542651e+003,1.108718e+001
3.543133e+003,1.108016e+001
3.543615e+003,1.107364e+001
3.544098e+003,1.106797e+001
3.544580e+003,1.106343e+001
3.545062e+003,1.106007e+001
3.545544e+003,1.105773e+001
3.546026e+003,1.105598e+001
3.546508e+003,1.105424e+001
3.546990e+003,1.105194e+001
3.547472e+003,1.104857e+001
3.547955e+003,1.104390e+001
3.548437e+003,1.103790e+001
3.548919e+003,1.103078e+001
3.549401e+003,1.102288e+001
3.549883e+003,1.101462e+001
3.550365e+003,1.100638e+001
3.550847e+003,1.099849e+001
3.551330e+003,1.099109e+001
3.551812e+003,1.098420e+001
3.552294e+003,1.097769e+001
3.552776e+003,1.097136e+001
3.553258e+003,1.096503e+001
3.553740e+003,1.095863e+001
3.554222e+003,1.095215e+001
3.554704e+003,1.094571e+001
3.555187e+003,1.093940e+001
3.555669e+003,1.093327e+001
3.556151e+003,1.092721e+001
3.556633e+003,1.092101e+001
3.557115e+003,1.091439e+001
3.557597e+003,1.090707e+001
3.558079e+003,1.089892e+001
3.558561e+003,1.088998e+001
3.559043e+003,1.088056e+001
3.559526e+003,1.087110e+001
3.560008e+003,1.086208e+001
3.560490e+003,1.085385e+001
3.560972e+003,1.084650e+001
3.561454e+003,1.083984e+001
3.561936e+003,1.083340e+001
3.562418e+003,1.082665e+001
3.562900e+003,1.081909e+001
3.563383e+003,1.081051e+001
3.563865e+003,1.080101e+001
3.564347e+003,1.079116e+001
3.564829e+003,1.078184e+001
3.565311e+003,1.077416e+001
3.565793e+003,1.076913e+001
3.566275e+003,1.076727e+001
3.566758e+003,1.076831e+001
3.567240e+003,1.077115e+001
3.567722e+003,1.077412e+001
3.568204e+003,1.077563e+001
3.568686e+003,1.077455e+001
3.569168e+003,1.077046e+001
3.569650e+003,1.076356e+001
3.570132e+003,1.075447e+001
3.570615e+003,1.074400e+001
3.571097e+003,1.073296e+001
3.571579e+003,1.072205e+001
3.572061e+003,1.071178e+001
3.572543e+003,1.070245e+001
3.573025e+003,1.069416e+001
3.573507e+003,1.068682e+001
3.573989e+003,1.068023e+001
3.574471e+003,1.067414e+001
3.574954e+003,1.066826e+001
3.575436e+003,1.066234e+001
3.575918e+003,1.065618e+001
3.576400e+003,1.064964e+001
3.576882e+003,1.064269e+001
3.577364e+003,1.063538e+001
3.577846e+003,1.062784e+001
3.578328e+003,1.062023e+001
3.578811e+003,1.061273e+001
3.579293e+003,1.060540e+001
3.579775e+003,1.059827e+001
3.580257e+003,1.059118e+001
3.580739e+003,1.058397e+001
3.581221e+003,1.057641e+001
3.581703e+003,1.056835e+001
3.582186e+003,1.055972e+001
3.582667e+003,1.055058e+001
3.583150e+003,1.054109e+001
3.583632e+003,1.053153e+001
3.584114e+003,1.052218e+001
3.584596e+003,1.051346e+001
3.585078e+003,1.050578e+001
3.585560e+003,1.049957e+001
3.586042e+003,1.049516e+001
3.586525e+003,1.049264e+001
3.587007e+003,1.049169e+001
3.587489e+003,1.049157e+001
3.587971e+003,1.049120e+001
3.588453e+003,1.048956e+001
3.588935e+003,1.048588e+001
3.589417e+003,1.047990e+001
3.589899e+003,1.047178e+001
3.590382e+003,1.046204e+001
3.590864e+003,1.045140e+001
3.591346e+003,1.044064e+001
3.591828e+003,1.043051e+001
3.592310e+003,1.042164e+001
3.592792e+003,1.041444e+001
3.593274e+003,1.040898e+001
3.593756e+003,1.040498e+001
3.594239e+003,1.040183e+001
3.594721e+003,1.039871e+001
3.595203e+003,1.039479e+001
3.595685e+003,1.038942e+001
3.596167e+003,1.038233e+001
3.596649e+003,1.037367e+001
3.597131e+003,1.036403e+001
3.597614e+003,1.035426e+001
3.598095e+003,1.034538e+001
3.598578e+003,1.033827e+001
3.599060e+003,1.033349e+001
3.599542e+003,1.033109e+001
3.600024e+003,1.033053e+001
3.600506e+003,1.033076e+001
3.600988e+003,1.033046e+001
3.601470e+003,1.032839e+001
3.601953e+003,1.032368e+001
3.602435e+003,1.031596e+001
3.602917e+003,1.030540e+001
3.603399e+003,1.029256e+001
3.603881e+003,1.027824e+001
3.604363e+003,1.026332e+001
3.604845e+003,1.024871e+001
3.605327e+003,1.023525e+001
3.605810e+003,1.022376e+001
3.606292e+003,1.021494e+001
3.606774e+003,1.020926e+001
3.607256e+003,1.020676e+001
3.607738e+003,1.020698e+001
3.608220e+003,1.020887e+001
3.608702e+003,1.021108e+001
3.609184e+003,1.021230e+001
3.609667e+003,1.021162e+001
3.610149e+003,1.020874e+001
3.610631e+003,1.020393e+001
3.611113e+003,1.019788e+001
3.611595e+003,1.019144e+001
3.612077e+003,1.018533e+001
3.612559e+003,1.017988e+001
3.613042e+003,1.017489e+001
3.613524e+003,1.016974e+001
3.614006e+003,1.016358e+001
3.614488e+003,1.015567e+001
3.614970e+003,1.014565e+001
3.615452e+003,1.013366e+001
3.615934e+003,1.012030e+001
3.616416e+003,1.010659e+001
3.616898e+003,1.009374e+001
3.617381e+003,1.008304e+001
3.617863e+003,1.007546e+001
3.618345e+003,1.007146e+001
3.618827e+003,1.007066e+001
3.619309e+003,1.007196e+001
3.619791e+003,1.007380e+001
3.620273e+003,1.007468e+001
3.620755e+003,1.007356e+001
3.621238e+003,1.007000e+001
3.621720e+003,1.006399e+001
3.622202e+003,1.005583e+001
3.622684e+003,1.004585e+001
3.623166e+003,1.003432e+001
3.623648e+003,1.002139e+001
3.624130e+003,1.000713e+001
3.624612e+003,9.991634e+000
3.625094e+003,9.975136e+000
3.625577e+003,9.958167e+000
3.626059e+003,9.941698e+000
3.626541e+003,9.927186e+000
3.627023e+003,9.916527e+000
3.627505e+003,9.911560e+000
3.627987e+003,9.913339e+000
3.628469e+003,9.921093e+000
3.628952e+003,9.932077e+000
3.629434e+003,9.942533e+000
3.629916e+003,9.949429e+000
3.630398e+003,9.951512e+000
3.630880e+003,9.949251e+000
3.631362e+003,9.944057e+000
3.631844e+003,9.937573e+000
3.632326e+003,9.931129e+000
3.632809e+003,9.925529e+000
3.633291e+003,9.920942e+000
3.633773e+003,9.916979e+000
3.634255e+003,9.912937e+000
3.634737e+003,9.908089e+000
3.635219e+003,9.901977e+000
3.635701e+003,9.894571e+000
3.636183e+003,9.886222e+000
3.636666e+003,9.877512e+000
3.637148e+003,9.869027e+000
3.637630e+003,9.861197e+000
3.638112e+003,9.854142e+000
3.638594e+003,9.847744e+000
3.639076e+003,9.841688e+000
3.639558e+003,9.835629e+000
3.640041e+003,9.829286e+000
3.640522e+003,9.822503e+000
3.641005e+003,9.815242e+000
3.641487e+003,9.807524e+000
3.641969e+003,9.799340e+000
3.642451e+003,9.790661e+000
3.642933e+003,9.781402e+000
3.643415e+003,9.771509e+000
3.643897e+003,9.760980e+000
3.644380e+003,9.749930e+000
3.644862e+003,9.738617e+000
3.645344e+003,9.727423e+000
3.645826e+003,9.716866e+000
3.646308e+003,9.707601e+000
3.646790e+003,9.700413e+000
3.647272e+003,9.696212e+000
3.647754e+003,9.695919e+000
3.648237e+003,9.700245e+000
3.648719e+003,9.709240e+000
3.649201e+003,9.721918e+000
3.649683e+003,9.736168e+000
3.650165e+003,9.749269e+000
3.650647e+003,9.758702e+000
3.651129e+003,9.762909e+000
3.651611e+003,9.761481e+000
3.652094e+003,9.755031e+000
3.652576e+003,9.744843e+000
3.653058e+003,9.732587e+000
3.653540e+003,9.720082e+000
3.654022e+003,9.709159e+000
3.654504e+003,9.701385e+000
3.654986e+003,9.697757e+000
3.655469e+003,9.698328e+000
3.655950e+003,9.702046e+000
3.656433e+003,9.706963e+000
3.656915e+003,9.710932e+000
3.657397e+003,9.712320e+000
3.657879e+003,9.710492e+000
3.658361e+003,9.705713e+000
3.658843e+003,9.698848e+000
3.659325e+003,9.690895e+000
3.659808e+003,9.682735e+000
3.660290e+003,9.674942e+000
3.660772e+003,9.667777e+000
3.661254e+003,9.661261e+000
3.661736e+003,9.655313e+000
3.662218e+003,9.649844e+000
3.662700e+003,9.644808e+000
3.663182e+003,9.640182e+000
3.663665e+003,9.635903e+000
3.664147e+003,9.631775e+000
3.664629e+003,9.627473e+000
3.665111e+003,9.622576e+000
3.665593e+003,9.616717e+000
3.666075e+003,9.609735e+000
3.666557e+003,9.601809e+000
3.667039e+003,9.593596e+000
3.667521e+003,9.586237e+000
3.668004e+003,9.581196e+000
3.668486e+003,9.579844e+000
3.668968e+003,9.582764e+000
3.669450e+003,9.589127e+000
3.669932e+003,9.596535e+000
3.670414e+003,9.601857e+000
3.670896e+003,9.602470e+000
3.671378e+003,9.597221e+000
3.671861e+003,9.586554e+000
3.672343e+003,9.572205e+000
3.672825e+003,9.556729e+000
3.673307e+003,9.543284e+000
3.673789e+003,9.535194e+000
3.674271e+003,9.535269e+000
3.674753e+003,9.544537e+000
3.675236e+003,9.561127e+000
3.675718e+003,9.580420e+000
3.676200e+003,9.597126e+000
3.676682e+003,9.607716e+000
3.677164e+003,9.611500e+000
3.677646e+003,9.609888e+000
3.678128e+003,9.605190e+000
3.678610e+003,9.599590e+000
3.679093e+003,9.594647e+000
3.679575e+003,9.591133e+000
3.680057e+003,9.589122e+000
3.680539e+003,9.588214e+000
3.681021e+003,9.587808e+000
3.681503e+003,9.587326e+000
3.681985e+003,9.586345e+000
3.682467e+003,9.584574e+000
3.682949e+003,9.581818e+000
3.683432e+003,9.577889e+000
3.683914e+003,9.572630e+000
3.684396e+003,9.565942e+000
3.684878e+003,9.557934e+000
3.685360e+003,9.548976e+000
3.685842e+003,9.539809e+000
3.686324e+003,9.531487e+000
3.686806e+003,9.525301e+000
3.687289e+003,9.522508e+000
3.687771e+003,9.524027e+000
3.688253e+003,9.529985e+000
3.688735e+003,9.539579e+000
3.689217e+003,9.551153e+000
3.689699e+003,9.562739e+000
3.690181e+003,9.572608e+000
3.690664e+003,9.579667e+000
3.691146e+003,9.583473e+000
3.691628e+003,9.584104e+000
3.692110e+003,9.581919e+000
3.692592e+003,9.577499e+000
3.693074e+003,9.571524e+000
3.693556e+003,9.564786e+000
3.694038e+003,9.558071e+000
3.694521e+003,9.552109e+000
3.695003e+003,9.547411e+000
3.695485e+003,9.544153e+000
3.695967e+003,9.542124e+000
3.696449e+003,9.540782e+000
3.696931e+003,9.539388e+000
3.697413e+003,9.537261e+000
3.697895e+003,9.533968e+000
3.698377e+003,9.529492e+000
3.698860e+003,9.524240e+000
3.699342e+003,9.519003e+000
3.699824e+003,9.514750e+000
3.700306e+003,9.512426e+000
3.700788e+003,9.512643e+000
3.701270e+003,9.515444e+000
3.701752e+003,9.520231e+000
3.702234e+003,9.525908e+000
3.702717e+003,9.531217e+000
3.703199e+003,9.535083e+000
3.703681e+003,9.536824e+000
3.704163e+003,9.536188e+000
3.704645e+003,9.533217e+000
3.705127e+003,9.528134e+000
3.705609e+003,9.521201e+000
3.706092e+003,9.512689e+000
3.706573e+003,9.502862e+000
3.707056e+003,9.492083e+000
3.707538e+003,9.480897e+000
3.708020e+003,9.470194e+000
3.708502e+003,9.461265e+000
3.708984e+003,9.455811e+000
3.709466e+003,9.455720e+000
3.709948e+003,9.462624e+000
3.710431e+003,9.477188e+000
3.710913e+003,9.498538e+000
3.711395e+003,9.524020e+000
3.711877e+003,9.549858e+000
3.712359e+003,9.572225e+000
3.712841e+003,9.588396e+000
3.713323e+003,9.597200e+000
3.713805e+003,9.598929e+000
3.714288e+003,9.594795e+000
3.714770e+003,9.586444e+000
3.715252e+003,9.575533e+000
3.715734e+003,9.563565e+000
3.716216e+003,9.551715e+000
3.716698e+003,9.540835e+000
3.717180e+003,9.531399e+000
3.717662e+003,9.523571e+000
3.718145e+003,9.517250e+000
3.718627e+003,9.512218e+000
3.719109e+003,9.508213e+000
3.719591e+003,9.505055e+000
3.720073e+003,9.502621e+000
3.720555e+003,9.500829e+000
3.721037e+003,9.499521e+000
3.721520e+003,9.498468e+000
3.722001e+003,9.497358e+000
3.722484e+003,9.495952e+000
3.722966e+003,9.494201e+000
3.723448e+003,9.492416e+000
3.723930e+003,9.491177e+000
3.724412e+003,9.491193e+000
3.724894e+003,9.492959e+000
3.725376e+003,9.496447e+000
3.725859e+003,9.500866e+000
3.726341e+003,9.504769e+000
3.726823e+003,9.506381e+000
3.727305e+003,9.504173e+000
3.727787e+003,9.497265e+000
3.728269e+003,9.485653e+000
3.728751e+003,9.470121e+000
3.729233e+003,9.452052e+000
3.729716e+003,9.433149e+000
3.730198e+003,9.415193e+000
3.730680e+003,9.399778e+000
3.731162e+003,9.388165e+000
3.731644e+003,9.381102e+000
3.732126e+003,9.378888e+000
3.732608e+003,9.381504e+000
3.733090e+003,9.388871e+000
3.733573e+003,9.400913e+000
3.734055e+003,9.417428e+000
3.734537e+003,9.437590e+000
3.735019e+003,9.459641e+000
3.735501e+003,9.480823e+000
3.735983e+003,9.498071e+000
3.736465e+003,9.508939e+000
3.736948e+003,9.512318e+000
3.737430e+003,9.508439e+000
3.737912e+003,9.498466e+000
3.738394e+003,9.483811e+000
3.738876e+003,9.465773e+000
3.739358e+003,9.445260e+000
3.739840e+003,9.422932e+000
3.740322e+003,9.399339e+000
3.740804e+003,9.375280e+000
3.741287e+003,9.352045e+000
3.741769e+003,9.331667e+000
3.742251e+003,9.316916e+000
3.742733e+003,9.310890e+000
3.743215e+003,9.315881e+000
3.743697e+003,9.331720e+000
3.744179e+003,9.354456e+000
3.744661e+003,9.377201e+000
3.745144e+003,9.393014e+000
3.745626e+003,9.397947e+000
3.746108e+003,9.391886e+000
3.746590e+003,9.377479e+000
3.747072e+003,9.358578e+000
3.747554e+003,9.339230e+000
3.748036e+003,9.323157e+000
3.748518e+003,9.313545e+000
3.749000e+003,9.312686e+000
3.749483e+003,9.321469e+000
3.749965e+003,9.338799e+000
3.750447e+003,9.361525e+000
3.750929e+003,9.385064e+000
3.751411e+003,9.404864e+000
3.751893e+003,9.417613e+000
3.752375e+003,9.421923e+000
3.752858e+003,9.418022e+000
3.753340e+003,9.407229e+000
3.753822e+003,9.391314e+000
3.754304e+003,9.372161e+000
3.754786e+003,9.351553e+000
3.755268e+003,9.331085e+000
3.755750e+003,9.312135e+000
3.756232e+003,9.295857e+000
3.756715e+003,9.283161e+000
3.757197e+003,9.274670e+000
3.757679e+003,9.270632e+000
3.758161e+003,9.270837e+000
3.758643e+003,9.274454e+000
3.759125e+003,9.280041e+000
3.759607e+003,9.285686e+000
3.760089e+003,9.289424e+000
3.760572e+003,9.289662e+000
3.761054e+003,9.285628e+000
3.761536e+003,9.277449e+000
3.762018e+003,9.266112e+000
3.762500e+003,9.253160e+000
3.762982e+003,9.240359e+000
3.763464e+003,9.229297e+000
3.763947e+003,9.221011e+000
3.764428e+003,9.215659e+000
3.764911e+003,9.212473e+000
3.765393e+003,9.209990e+000
3.765875e+003,9.206707e+000
3.766357e+003,9.201667e+000
3.766839e+003,9.194921e+000
3.767321e+003,9.187471e+000
3.767803e+003,9.180977e+000
3.768286e+003,9.177124e+000
3.768768e+003,9.177039e+000
3.769250e+003,9.180737e+000
3.769732e+003,9.187031e+000
3.770214e+003,9.193830e+000
3.770696e+003,9.198954e+000
3.771178e+003,9.200801e+000
3.771660e+003,9.198781e+000
3.772143e+003,9.193167e+000
3.772625e+003,9.184773e+000
3.773107e+003,9.174505e+000
3.773589e+003,9.163101e+000
3.774071e+003,9.150990e+000
3.774553e+003,9.138348e+000
3.775035e+003,9.125230e+000
3.775517e+003,9.111824e+000
3.776000e+003,9.098590e+000
3.776482e+003,9.086385e+000
3.776964e+003,9.076359e+000
3.777446e+003,9.069757e+000
3.777928e+003,9.067459e+000
3.778410e+003,9.069566e+000
3.778892e+003,9.075054e+000
3.779375e+003,9.081890e+000
3.779856e+003,9.087564e+000
3.780339e+003,9.089928e+000
3.780821e+003,9.087830e+000
3.781303e+003,9.081340e+000
3.781785e+003,9.071532e+000
3.782267e+003,9.060093e+000
3.782749e+003,9.048810e+000
3.783231e+003,9.039211e+000
3.783714e+003,9.032228e+000
3.784196e+003,9.028050e+000
3.784678e+003,9.026135e+000
3.785160e+003,9.025514e+000
3.785642e+003,9.025098e+000
3.786124e+003,9.024094e+000
3.786606e+003,9.022123e+000
3.787088e+003,9.019288e+000
3.787571e+003,9.015949e+000
3.788053e+003,9.012563e+000
3.788535e+003,9.009485e+000
3.789017e+003,9.006854e+000
3.789499e+003,9.004498e+000
3.789981e+003,9.001986e+000
3.790463e+003,8.998660e+000
3.790945e+003,8.993833e+000
3.791427e+003,8.986924e+000
3.791910e+003,8.977682e+000
3.792392e+003,8.966294e+000
3.792874e+003,8.953490e+000
3.793356e+003,8.940408e+000
3.793838e+003,8.928472e+000
3.794320e+003,8.919012e+000
3.794802e+003,8.912900e+000
3.795284e+003,8.910082e+000
3.795767e+003,8.909423e+000
3.796249e+003,8.908862e+000
3.796731e+003,8.906134e+000
3.797213e+003,8.899544e+000
3.797695e+003,8.888673e+000
3.798177e+003,8.874559e+000
3.798659e+003,8.859548e+000
3.799142e+003,8.846825e+000
3.799624e+003,8.839771e+000
3.800106e+003,8.840920e+000
3.800588e+003,8.850716e+000
3.801070e+003,8.866465e+000
3.801552e+003,8.882805e+000
3.802034e+003,8.893752e+000
3.802516e+003,8.895365e+000
3.802999e+003,8.886968e+000
3.803481e+003,8.870747e+000
3.803963e+003,8.850447e+000
3.804445e+003,8.830320e+000
3.804927e+003,8.814287e+000
3.805409e+003,8.805374e+000
3.805891e+003,8.804962e+000
3.806373e+003,8.812260e+000
3.806855e+003,8.824242e+000
3.807338e+003,8.836682e+000
3.807820e+003,8.845716e+000
3.808302e+003,8.849160e+000
3.808784e+003,8.846724e+000
3.809266e+003,8.839445e+000
3.809748e+003,8.828784e+000
3.810230e+003,8.815981e+000
3.810712e+003,8.801745e+000
3.811195e+003,8.786336e+000
3.811677e+003,8.769803e+000
3.812159e+003,8.752395e+000
3.812641e+003,8.734820e+000
3.813123e+003,8.718457e+000
3.813605e+003,8.705165e+000
3.814087e+003,8.696876e+000
3.814570e+003,8.694759e+000
3.815052e+003,8.698327e+000
3.815534e+003,8.704922e+000
3.816016e+003,8.710341e+000
3.816498e+003,8.710401e+000
3.816980e+003,8.702736e+000
3.817462e+003,8.687561e+000
3.817944e+003,8.667454e+000
3.818427e+003,8.646477e+000
3.818909e+003,8.629389e+000
3.819391e+003,8.620674e+000
3.819873e+003,8.623406e+000
3.820355e+003,8.637695e+000
3.820837e+003,8.659818e+000
3.821319e+003,8.683021e+000
3.821801e+003,8.700423e+000
3.822283e+003,8.707859e+000
3.822766e+003,8.704971e+000
3.823248e+003,8.694153e+000
3.823730e+003,8.679030e+000
3.824212e+003,8.663112e+000
3.824694e+003,8.649122e+000
3.825176e+003,8.638579e+000
3.825658e+003,8.631726e+000
3.826140e+003,8.627587e+000
3.826623e+003,8.624450e+000
3.827105e+003,8.620510e+000
3.827587e+003,8.614593e+000
3.828069e+003,8.606460e+000
3.828551e+003,8.596820e+000
3.829033e+003,8.586896e+000
3.829515e+003,8.578002e+000
3.829998e+003,8.571020e+000
3.830479e+003,8.566144e+000
3.830962e+003,8.562733e+000
3.831444e+003,8.559531e+000
3.831926e+003,8.555032e+000
3.832408e+003,8.548030e+000
3.832890e+003,8.537956e+000
3.833372e+003,8.525065e+000
3.833854e+003,8.510314e+000
3.834337e+003,8.495142e+000
3.834819e+003,8.481215e+000
3.835301e+003,8.470238e+000
3.835783e+003,8.463705e+000
3.836265e+003,8.462714e+000
3.836747e+003,8.467589e+000
3.837229e+003,8.477674e+000
3.837711e+003,8.491181e+000
3.838194e+003,8.505514e+000
3.838676e+003,8.517869e+000
3.839158e+003,8.526093e+000
3.839640e+003,8.529140e+000
3.840122e+003,8.527274e+000
3.840604e+003,8.521724e+000
3.841086e+003,8.514260e+000
3.841568e+003,8.506662e+000
3.842051e+003,8.500316e+000
3.842533e+003,8.495895e+000
3.843015e+003,8.493292e+000
3.843497e+003,8.491638e+000
3.843979e+003,8.489655e+000
3.844461e+003,8.486006e+000
3.844943e+003,8.479709e+000
3.845426e+003,8.470309e+000
3.845907e+003,8.457901e+000
3.846390e+003,8.442961e+000
3.846872e+003,8.426164e+000
3.847354e+003,8.408147e+000
3.847836e+003,8.389419e+000
3.848318e+003,8.370285e+000
3.848800e+003,8.350993e+000
3.849282e+003,8.331850e+000
3.849765e+003,8.313531e+000
3.850247e+003,8.297343e+000
3.850729e+003,8.285511e+000
3.851211e+003,8.281202e+000
3.851693e+003,8.288113e+000
3.852175e+003,8.308971e+000
3.852657e+003,8.343311e+000
3.853139e+003,8.385590e+000
3.853622e+003,8.426483e+000
3.854104e+003,8.457192e+000
3.854586e+003,8.473494e+000
3.855068e+003,8.476013e+000
3.855550e+003,8.468148e+000
3.856032e+003,8.453711e+000
3.856514e+003,8.435782e+000
3.856996e+003,8.416362e+000
3.857479e+003,8.396562e+000
3.857961e+003,8.376859e+000
3.858443e+003,8.357451e+000
3.858925e+003,8.338418e+000
3.859407e+003,8.319962e+000
3.859889e+003,8.302394e+000
3.860371e+003,8.286246e+000
3.860854e+003,8.272171e+000
3.861336e+003,8.260956e+000
3.861818e+003,8.253385e+000
3.862300e+003,8.250124e+000
3.862782e+003,8.251375e+000
3.863264e+003,8.256602e+000
3.863746e+003,8.264216e+000
3.864228e+003,8.271735e+000
3.864710e+003,8.276277e+000
3.865193e+003,8.275489e+000
3.865675e+003,8.268264e+000
3.866157e+003,8.255123e+000
3.866639e+003,8.238043e+000
3.867121e+003,8.220087e+000
3.867603e+003,8.204803e+000
3.868085e+003,8.195532e+000
3.868567e+003,8.194370e+000
3.869050e+003,8.201193e+000
3.869532e+003,8.213125e+000
3.870014e+003,8.225350e+000
3.870496e+003,8.233068e+000
3.870978e+003,8.233573e+000
3.871460e+003,8.227000e+000
3.871942e+003,8.215841e+000
3.872424e+003,8.203589e+000
3.872906e+003,8.193461e+000
3.873389e+003,8.187329e+000
3.873871e+003,8.185207e+000
3.874353e+003,8.185276e+000
3.874835e+003,8.184714e+000
3.875317e+003,8.180812e+000
3.875799e+003,8.172006e+000
3.876281e+003,8.158229e+000
3.876764e+003,8.140800e+000
3.877246e+003,8.121983e+000
3.877728e+003,8.104515e+000
3.878210e+003,8.091058e+000
3.878692e+003,8.083702e+000
3.879174e+003,8.083233e+000
3.879656e+003,8.088717e+000
3.880138e+003,8.097430e+000
3.880621e+003,8.105712e+000
3.881103e+003,8.110311e+000
3.881585e+003,8.109554e+000
3.882067e+003,8.103733e+000
3.882549e+003,8.094803e+000
3.883031e+003,8.085657e+000
3.883513e+003,8.079374e+000
3.883995e+003,8.078356e+000
3.884478e+003,8.083556e+000
3.884960e+003,8.093804e+000
3.885442e+003,8.105934e+000
3.885924e+003,8.115761e+000
3.886406e+003,8.119735e+000
3.886888e+003,8.116157e+000
3.887370e+003,8.105477e+000
3.887853e+003,8.089727e+000
3.888334e+003,8.071777e+000
3.888817e+003,8.054605e+000
3.889299e+003,8.040898e+000
3.889781e+003,8.032558e+000
3.890263e+003,8.030372e+000
3.890745e+003,8.033634e+000
3.891227e+003,8.040266e+000
3.891709e+003,8.047289e+000
3.892192e+003,8.051814e+000
3.892674e+003,8.051813e+000
3.893156e+003,8.046530e+000
3.893638e+003,8.036250e+000
3.894120e+003,8.021976e+000
3.894602e+003,8.004967e+000
3.895084e+003,7.986550e+000
3.895566e+003,7.967944e+000
3.896049e+003,7.950246e+000
3.896531e+003,7.934372e+000
3.897013e+003,7.921040e+000
3.897495e+003,7.910639e+000
3.897977e+003,7.903204e+000
3.898459e+003,7.898314e+000
3.898941e+003,7.895212e+000
3.899423e+003,7.892957e+000
3.899906e+003,7.890798e+000
3.900388e+003,7.888415e+000
3.900870e+003,7.886161e+000
3.901352e+003,7.884921e+000
3.901834e+003,7.885906e+000
3.902316e+003,7.890172e+000
3.902798e+003,7.898212e+000
3.903281e+003,7.909565e+000
3.903762e+003,7.922824e+000
3.904245e+003,7.935874e+000
3.904727e+003,7.946556e+000
3.905209e+003,7.953165e+000
3.905691e+003,7.954891e+000
3.906173e+003,7.951755e+000
3.906655e+003,7.944485e+000
3.907137e+003,7.934152e+000
3.907620e+003,7.921955e+000
3.908102e+003,7.909014e+000
3.908584e+003,7.896301e+000
3.909066e+003,7.884521e+000
3.909548e+003,7.874105e+000
3.910030e+003,7.865142e+000
3.910512e+003,7.857437e+000
3.910994e+003,7.850526e+000
3.911477e+003,7.843859e+000
3.911959e+003,7.836934e+000
3.912441e+003,7.829519e+000
3.912923e+003,7.821696e+000
3.913405e+003,7.813910e+000
3.913887e+003,7.806825e+000
3.914369e+003,7.801157e+000
3.914851e+003,7.797410e+000
3.915333e+003,7.795685e+000
3.915816e+003,7.795567e+000
3.916298e+003,7.796214e+000
3.916780e+003,7.796515e+000
3.917262e+003,7.795479e+000
3.917744e+003,7.792430e+000
3.918226e+003,7.787182e+000
3.918708e+003,7.779948e+000
3.919190e+003,7.771209e+000
3.919673e+003,7.761518e+000
3.920155e+003,7.751463e+000
3.920637e+003,7.741600e+000
3.921119e+003,7.732543e+000
3.921601e+003,7.724939e+000
3.922083e+003,7.719471e+000
3.922565e+003,7.716679e+000
3.923048e+003,7.716794e+000
3.923530e+003,7.719522e+000
3.924012e+003,7.724011e+000
3.924494e+003,7.728885e+000
3.924976e+003,7.732615e+000
3.925458e+003,7.733860e+000
3.925940e+003,7.731821e+000
3.926422e+003,7.726325e+000
3.926905e+003,7.717794e+000
3.927387e+003,7.707032e+000
3.927869e+003,7.695051e+000
3.928351e+003,7.682906e+000
3.928833e+003,7.671643e+000
3.929315e+003,7.662197e+000
3.929797e+003,7.655372e+000
3.930279e+003,7.651673e+000
3.930761e+003,7.651217e+000
3.931244e+003,7.653578e+000
3.931726e+003,7.657824e+000
3.932208e+003,7.662606e+000
3.932690e+003,7.666535e+000
3.933172e+003,7.668439e+000
3.933654e+003,7.667719e+000
3.934136e+003,7.664385e+000
3.934618e+003,7.659008e+000
3.935101e+003,7.652452e+000
3.935583e+003,7.645637e+000
3.936065e+003,7.639223e+000
3.936547e+003,7.633497e+000
3.937029e+003,7.628278e+000
3.937511e+003,7.623072e+000
3.937993e+003,7.617219e+000
3.938476e+003,7.610221e+000
3.938958e+003,7.601877e+000
3.939440e+003,7.592483e+000
3.939922e+003,7.582726e+000
3.940404e+003,7.573593e+000
3.940886e+003,7.566026e+000
3.941368e+003,7.560721e+000
3.941850e+003,7.557802e+000
3.942333e+003,7.556794e+000
3.942815e+003,7.556697e+000
3.943297e+003,7.556368e+000
3.943779e+003,7.554820e+000
3.944261e+003,7.551570e+000
3.944743e+003,7.546692e+000
3.945225e+003,7.540778e+000
3.945707e+003,7.534668e+000
3.946189e+003,7.529276e+000
3.946672e+003,7.525300e+000
3.947154e+003,7.523132e+000
3.947636e+003,7.522758e+000
3.948118e+003,7.523829e+000
3.948600e+003,7.525766e+000
3.949082e+003,7.527942e+000
3.949564e+003,7.529777e+000
3.950046e+003,7.530865e+000
3.950529e+003,7.530924e+000
3.951011e+003,7.529842e+000
3.951493e+003,7.527549e+000
3.951975e+003,7.524099e+000
3.952457e+003,7.519601e+000
3.952939e+003,7.514303e+000
3.953421e+003,7.508511e+000
3.953904e+003,7.502613e+000
3.954385e+003,7.496949e+000
3.954868e+003,7.491792e+000
3.955350e+003,7.487182e+000
3.955832e+003,7.482985e+000
3.956314e+003,7.478837e+000
3.956796e+003,7.474289e+000
3.957278e+003,7.468880e+000
3.957760e+003,7.462333e+000
3.958243e+003,7.454587e+000
3.958725e+003,7.445914e+000
3.959207e+003,7.436815e+000
3.959689e+003,7.427984e+000
3.960171e+003,7.420105e+000
3.960653e+003,7.413778e+000
3.961135e+003,7.409327e+000
3.961617e+003,7.406803e+000
3.962100e+003,7.405932e+000
3.962582e+003,7.406255e+000
3.963064e+003,7.407160e+000
3.963546e+003,7.408068e+000
3.964028e+003,7.408439e+000
3.964510e+003,7.407890e+000
3.964992e+003,7.406163e+000
3.965474e+003,7.403173e+000
3.965957e+003,7.398970e+000
3.966439e+003,7.393780e+000
3.966921e+003,7.387915e+000
3.967403e+003,7.381798e+000
3.967885e+003,7.375816e+000
3.968367e+003,7.370300e+000
3.968849e+003,7.365420e+000
3.969332e+003,7.361202e+000
3.969813e+003,7.357523e+000
3.970296e+003,7.354225e+000
3.970778e+003,7.351144e+000
3.971260e+003,7.348216e+000
3.971742e+003,7.345402e+000
3.972224e+003,7.342734e+000
3.972706e+003,7.340155e+000
3.973188e+003,7.337518e+000
3.973671e+003,7.334547e+000
3.974153e+003,7.330922e+000
3.974635e+003,7.326329e+000
3.975117e+003,7.320625e+000
3.975599e+003,7.313858e+000
3.976081e+003,7.306318e+000
3.976563e+003,7.298460e+000
3.977045e+003,7.290814e+000
3.977528e+003,7.283836e+000
3.978010e+003,7.277886e+000
3.978492e+003,7.273115e+000
3.978974e+003,7.269533e+000
3.979456e+003,7.266981e+000
3.979938e+003,7.265237e+000
3.980420e+003,7.264002e+000
3.980902e+003,7.262994e+000
3.981385e+003,7.261896e+000
3.981867e+003,7.260468e+000
3.982349e+003,7.258477e+000
3.982831e+003,7.255763e+000
3.983313e+003,7.252191e+000
3.983795e+003,7.247692e+000
3.984277e+003,7.242187e+000
3.984760e+003,7.235656e+000
3.985242e+003,7.228100e+000
3.985724e+003,7.219635e+000
3.986206e+003,7.210454e+000
3.986688e+003,7.200908e+000
3.987170e+003,7.191453e+000
3.987652e+003,7.182622e+000
3.988134e+003,7.174913e+000
3.988616e+003,7.168718e+000
3.989099e+003,7.164219e+000
3.989581e+003,7.161377e+000
3.990063e+003,7.159926e+000
3.990545e+003,7.159465e+000
3.991027e+003,7.159510e+000
3.991509e+003,7.159641e+000
3.991991e+003,7.159514e+000
3.992473e+003,7.158951e+000
3.992956e+003,7.157878e+000
3.993438e+003,7.156356e+000
3.993920e+003,7.154486e+000
3.994402e+003,7.152413e+000
3.994884e+003,7.150235e+000
3.995366e+003,7.148025e+000
3.995848e+003,7.145786e+000
3.996330e+003,7.143492e+000
3.996813e+003,7.141087e+000
3.997295e+003,7.138551e+000
3.997777e+003,7.135864e+000
3.998259e+003,7.133071e+000
3.998741e+003,7.130195e+000
3.999223e+003,7.127257e+000
3.999705e+003,7.124199e+000
4.000188e+003,7.120910e+000
