3.996813e+002,0.000000e+000
4.001635e+002,3.216649e-001
4.006456e+002,3.420140e-001
4.011277e+002,3.617673e-001
4.016098e+002,3.803142e-001
4.020919e+002,3.973308e-001
4.025741e+002,4.126885e-001
4.030562e+002,4.263658e-001
4.035383e+002,4.384126e-001
4.040204e+002,4.489681e-001
4.045026e+002,4.582939e-001
4.049847e+002,4.667742e-001
4.054668e+002,4.748565e-001
4.059489e+002,4.829476e-001
4.064311e+002,4.913069e-001
4.069132e+002,4.999977e-001
4.073953e+002,5.089136e-001
4.078774e+002,5.178736e-001
4.083596e+002,5.267286e-001
4.088417e+002,5.354232e-001
4.093238e+002,5.439906e-001
4.098059e+002,5.524893e-001
4.102881e+002,5.609301e-001
4.107702e+002,5.692450e-001
4.112523e+002,5.773115e-001
4.117344e+002,5.850116e-001
4.122166e+002,5.922635e-001
4.126987e+002,5.989739e-001
4.131808e+002,6.049100e-001
4.136629e+002,6.095430e-001
4.141451e+002,6.119615e-001
4.146272e+002,6.109540e-001
4.151093e+002,6.052928e-001
4.155914e+002,5.941690e-001
4.160736e+002,5.776433e-001
4.165557e+002,5.569369e-001
4.170378e+002,5.344316e-001
4.175200e+002,5.133306e-001
4.180021e+002,4.970564e-001
4.184842e+002,4.885416e-001
4.189663e+002,4.896179e-001
4.194484e+002,5.006690e-001
4.199306e+002,5.206177e-001
4.204127e+002,5.472365e-001
4.208948e+002,5.776716e-001
4.213770e+002,6.090386e-001
4.218591e+002,6.389412e-001
4.223412e+002,6.658185e-001
4.228233e+002,6.890613e-001
4.233055e+002,7.089195e-001
4.237876e+002,7.262349e-001
4.242697e+002,7.420906e-001
4.247518e+002,7.574699e-001
4.252339e+002,7.729981e-001
4.257161e+002,7.888303e-001
4.261982e+002,8.046953e-001
4.266803e+002,8.200579e-001
4.271624e+002,8.343415e-001
4.276446e+002,8.471235e-001
4.281267e+002,8.582476e-001
4.286088e+002,8.678326e-001
4.290909e+002,8.761933e-001
4.295731e+002,8.837212e-001
4.300552e+002,8.907759e-001
4.305373e+002,8.976163e-001
4.310194e+002,9.043775e-001
4.315016e+002,9.110753e-001
4.319837e+002,9.176201e-001
4.324658e+002,9.238381e-001
4.329479e+002,9.295100e-001
4.334301e+002,9.344398e-001
4.339122e+002,9.385589e-001
4.343943e+002,9.420289e-001
4.348764e+002,9.452997e-001
4.353586e+002,9.490671e-001
4.358407e+002,9.541095e-001
4.363228e+002,9.610364e-001
4.368049e+002,9.700336e-001
4.372870e+002,9.807002e-001
4.377692e+002,9.920601e-001
4.382513e+002,1.002766e+000
4.387334e+002,1.011444e+000
4.392155e+002,1.017063e+000
4.396977e+002,1.019214e+000
4.401798e+002,1.018213e+000
4.406619e+002,1.015012e+000
4.411440e+002,1.010950e+000
4.416262e+002,1.007453e+000
4.421083e+002,1.005745e+000
4.425904e+002,1.006660e+000
4.430725e+002,1.010553e+000
4.435547e+002,1.017314e+000
4.440368e+002,1.026461e+000
4.445189e+002,1.037277e+000
4.450010e+002,1.048974e+000
4.454832e+002,1.060861e+000
4.459653e+002,1.072468e+000
4.464474e+002,1.083596e+000
4.469295e+002,1.094275e+000
4.474117e+002,1.104612e+000
4.478938e+002,1.114621e+000
4.483759e+002,1.124072e+000
4.488580e+002,1.132473e+000
4.493401e+002,1.139199e+000
4.498223e+002,1.143735e+000
4.503044e+002,1.145942e+000
4.507865e+002,1.146194e+000
4.512687e+002,1.145318e+000
4.517508e+002,1.144302e+000
4.522329e+002,1.143889e+000
4.527150e+002,1.144191e+000
4.531971e+002,1.144522e+000
4.536793e+002,1.143538e+000
4.541614e+002,1.139670e+000
4.546435e+002,1.131722e+000
4.551257e+002,1.119420e+000
4.556078e+002,1.103717e+000
4.560899e+002,1.086731e+000
4.565720e+002,1.071325e+000
4.570542e+002,1.060450e+000
4.575363e+002,1.056456e+000
4.580184e+002,1.060557e+000
4.585005e+002,1.072602e+000
4.589827e+002,1.091183e+000
4.594648e+002,1.114030e+000
4.599469e+002,1.138560e+000
4.604290e+002,1.162433e+000
4.609112e+002,1.183967e+000
4.613933e+002,1.202332e+000
4.618754e+002,1.217489e+000
4.623575e+002,1.229944e+000
4.628397e+002,1.240397e+000
4.633218e+002,1.249414e+000
4.638039e+002,1.257238e+000
4.642860e+002,1.263785e+000
4.647682e+002,1.268799e+000
4.652503e+002,1.272092e+000
4.657324e+002,1.273749e+000
4.662145e+002,1.274182e+000
4.666967e+002,1.274009e+000
4.671788e+002,1.273790e+000
4.676609e+002,1.273743e+000
4.681430e+002,1.273583e+000
4.686252e+002,1.272574e+000
4.691073e+002,1.269813e+000
4.695894e+002,1.264656e+000
4.700715e+002,1.257117e+000
4.705536e+002,1.248087e+000
4.710358e+002,1.239258e+000
4.715179e+002,1.232778e+000
4.720000e+002,1.230716e+000
4.724821e+002,1.234543e+000
4.729643e+002,1.244764e+000
4.734464e+002,1.260826e+000
4.739285e+002,1.281296e+000
4.744106e+002,1.304234e+000
4.748928e+002,1.327631e+000
4.753749e+002,1.349796e+000
4.758570e+002,1.369598e+000
4.763391e+002,1.386548e+000
4.768213e+002,1.400717e+000
4.773034e+002,1.412565e+000
4.777855e+002,1.422720e+000
4.782676e+002,1.431759e+000
4.787498e+002,1.440053e+000
4.792319e+002,1.447677e+000
4.797140e+002,1.454443e+000
4.801961e+002,1.460004e+000
4.806783e+002,1.464035e+000
4.811604e+002,1.466416e+000
4.816425e+002,1.467363e+000
4.821246e+002,1.467455e+000
4.826068e+002,1.467558e+000
4.830889e+002,1.468647e+000
4.835710e+002,1.471610e+000
4.840531e+002,1.477070e+000
4.845352e+002,1.485278e+000
4.850174e+002,1.496109e+000
4.854995e+002,1.509104e+000
4.859816e+002,1.523565e+000
4.864637e+002,1.538647e+000
4.869459e+002,1.553454e+000
4.874280e+002,1.567127e+000
4.879101e+002,1.578950e+000
4.883922e+002,1.588453e+000
4.888744e+002,1.595516e+000
4.893565e+002,1.600411e+000
4.898386e+002,1.603782e+000
4.903207e+002,1.606536e+000
4.908029e+002,1.609671e+000
4.912850e+002,1.614077e+000
4.917671e+002,1.620380e+000
4.922492e+002,1.628847e+000
4.927314e+002,1.639389e+000
4.932135e+002,1.651626e+000
4.936956e+002,1.665006e+000
4.941777e+002,1.678932e+000
4.946599e+002,1.692861e+000
4.951420e+002,1.706372e+000
4.956241e+002,1.719183e+000
4.961062e+002,1.731115e+000
4.965884e+002,1.742014e+000
4.970705e+002,1.751666e+000
4.975526e+002,1.759719e+000
4.980347e+002,1.765679e+000
4.985169e+002,1.769011e+000
4.989990e+002,1.769332e+000
4.994811e+002,1.766658e+000
4.999633e+002,1.761602e+000
5.004454e+002,1.755439e+000
5.009275e+002,1.749942e+000
5.014096e+002,1.747025e+000
5.018917e+002,1.748260e+000
5.023739e+002,1.754437e+000
5.028560e+002,1.765325e+000
5.033381e+002,1.779735e+000
5.038203e+002,1.795870e+000
5.043024e+002,1.811868e+000
5.047845e+002,1.826327e+000
5.052666e+002,1.838656e+000
5.057487e+002,1.849126e+000
5.062309e+002,1.858644e+000
5.067130e+002,1.868349e+000
5.071951e+002,1.879196e+000
5.076772e+002,1.891674e+000
5.081594e+002,1.905729e+000
5.086415e+002,1.920892e+000
5.091236e+002,1.936506e+000
5.096057e+002,1.951951e+000
5.100879e+002,1.966792e+000
5.105700e+002,1.980796e+000
5.110521e+002,1.993844e+000
5.115342e+002,2.005816e+000
5.120164e+002,2.016486e+000
5.124985e+002,2.025485e+000
5.129806e+002,2.032340e+000
5.134627e+002,2.036589e+000
5.139448e+002,2.037931e+000
5.144270e+002,2.036381e+000
5.149091e+002,2.032387e+000
5.153912e+002,2.026876e+000
5.158734e+002,2.021193e+000
5.163555e+002,2.016942e+000
5.168376e+002,2.015735e+000
5.173197e+002,2.018918e+000
5.178019e+002,2.027327e+000
5.182840e+002,2.041159e+000
5.187661e+002,2.059965e+000
5.192482e+002,2.082758e+000
5.197303e+002,2.108198e+000
5.202125e+002,2.134766e+000
5.206946e+002,2.160897e+000
5.211767e+002,2.185069e+000
5.216588e+002,2.205887e+000
5.221410e+002,2.222203e+000
5.226231e+002,2.233300e+000
5.231052e+002,2.239111e+000
5.235873e+002,2.240395e+000
5.240695e+002,2.238765e+000
5.245516e+002,2.236500e+000
5.250337e+002,2.236146e+000
5.255159e+002,2.239984e+000
5.259980e+002,2.249532e+000
5.264801e+002,2.265221e+000
5.269622e+002,2.286349e+000
5.274443e+002,2.311328e+000
5.279265e+002,2.338118e+000
5.284086e+002,2.364715e+000
5.288907e+002,2.389533e+000
5.293728e+002,2.411609e+000
5.298550e+002,2.430596e+000
5.303371e+002,2.446620e+000
5.308192e+002,2.460070e+000
5.313013e+002,2.471421e+000
5.317834e+002,2.481117e+000
5.322656e+002,2.489526e+000
5.327477e+002,2.496937e+000
5.332299e+002,2.503592e+000
5.337120e+002,2.509698e+000
5.341941e+002,2.515451e+000
5.346762e+002,2.521046e+000
5.351583e+002,2.526684e+000
5.356404e+002,2.532564e+000
5.361226e+002,2.538852e+000
5.366047e+002,2.545640e+000
5.370868e+002,2.552907e+000
5.375690e+002,2.560504e+000
5.380511e+002,2.568192e+000
5.385332e+002,2.575709e+000
5.390153e+002,2.582863e+000
5.394974e+002,2.589583e+000
5.399796e+002,2.595922e+000
5.404617e+002,2.601986e+000
5.409438e+002,2.607826e+000
5.414260e+002,2.613360e+000
5.419081e+002,2.618347e+000
5.423902e+002,2.622462e+000
5.428723e+002,2.625432e+000
5.433544e+002,2.627183e+000
5.438365e+002,2.627928e+000
5.443187e+002,2.628155e+000
5.448008e+002,2.628511e+000
5.452830e+002,2.629638e+000
5.457651e+002,2.632009e+000
5.462472e+002,2.635835e+000
5.467293e+002,2.641073e+000
5.472114e+002,2.647502e+000
5.476936e+002,2.654832e+000
5.481757e+002,2.662801e+000
5.486578e+002,2.671217e+000
5.491400e+002,2.679957e+000
5.496221e+002,2.688931e+000
5.501042e+002,2.698045e+000
5.505863e+002,2.707191e+000
5.510684e+002,2.716247e+000
5.515505e+002,2.725093e+000
5.520327e+002,2.733626e+000
5.525148e+002,2.741766e+000
5.529969e+002,2.749457e+000
5.534791e+002,2.756680e+000
5.539612e+002,2.763456e+000
5.544433e+002,2.769871e+000
5.549254e+002,2.776060e+000
5.554076e+002,2.782188e+000
5.558896e+002,2.788394e+000
5.563718e+002,2.794745e+000
5.568539e+002,2.801200e+000
5.573361e+002,2.807620e+000
5.578182e+002,2.813820e+000
5.583003e+002,2.819643e+000
5.587825e+002,2.825024e+000
5.592645e+002,2.829998e+000
5.597467e+002,2.834687e+000
5.602288e+002,2.839228e+000
5.607109e+002,2.843717e+000
5.611931e+002,2.848175e+000
5.616752e+002,2.852546e+000
5.621573e+002,2.856736e+000
5.626394e+002,2.860638e+000
5.631216e+002,2.864151e+000
5.636037e+002,2.867164e+000
5.640858e+002,2.869546e+000
5.645679e+002,2.871151e+000
5.650500e+002,2.871862e+000
5.655322e+002,2.871669e+000
5.660143e+002,2.870758e+000
5.664965e+002,2.869541e+000
5.669785e+002,2.868626e+000
5.674607e+002,2.868707e+000
5.679428e+002,2.870418e+000
5.684249e+002,2.874188e+000
5.689070e+002,2.880161e+000
5.693892e+002,2.888180e+000
5.698713e+002,2.897835e+000
5.703534e+002,2.908524e+000
5.708356e+002,2.919511e+000
5.713177e+002,2.929964e+000
5.717998e+002,2.939011e+000
5.722819e+002,2.945838e+000
5.727640e+002,2.949839e+000
5.732462e+002,2.950810e+000
5.737283e+002,2.949105e+000
5.742104e+002,2.945662e+000
5.746925e+002,2.941878e+000
5.751747e+002,2.939291e+000
5.756568e+002,2.939197e+000
5.761389e+002,2.942304e+000
5.766210e+002,2.948556e+000
5.771031e+002,2.957204e+000
5.775853e+002,2.967087e+000
5.780674e+002,2.977035e+000
5.785496e+002,2.986225e+000
5.790317e+002,2.994380e+000
5.795138e+002,3.001749e+000
5.799959e+002,3.008887e+000
5.804780e+002,3.016369e+000
5.809601e+002,3.024521e+000
5.814423e+002,3.033308e+000
5.819244e+002,3.042368e+000
5.824066e+002,3.051188e+000
5.828887e+002,3.059313e+000
5.833708e+002,3.066526e+000
5.838529e+002,3.072917e+000
5.843350e+002,3.078840e+000
5.848171e+002,3.084783e+000
5.852993e+002,3.091185e+000
5.857814e+002,3.098276e+000
5.862635e+002,3.105954e+000
5.867457e+002,3.113760e+000
5.872278e+002,3.120948e+000
5.877099e+002,3.126634e+000
5.881920e+002,3.130028e+000
5.886741e+002,3.130659e+000
5.891563e+002,3.128571e+000
5.896384e+002,3.124398e+000
5.901205e+002,3.119296e+000
5.906027e+002,3.114722e+000
5.910848e+002,3.112139e+000
5.915669e+002,3.112691e+000
5.920490e+002,3.116976e+000
5.925311e+002,3.124958e+000
5.930133e+002,3.136037e+000
5.934954e+002,3.149243e+000
5.939775e+002,3.163465e+000
5.944597e+002,3.177670e+000
5.949418e+002,3.191029e+000
5.954239e+002,3.202971e+000
5.959060e+002,3.213166e+000
5.963882e+002,3.221491e+000
5.968702e+002,3.228007e+000
5.973524e+002,3.232952e+000
5.978345e+002,3.236728e+000
5.983167e+002,3.239883e+000
5.987988e+002,3.243044e+000
5.992809e+002,3.246822e+000
5.997630e+002,3.251698e+000
6.002451e+002,3.257935e+000
6.007273e+002,3.265539e+000
6.012094e+002,3.274274e+000
6.016915e+002,3.283732e+000
6.021736e+002,3.293433e+000
6.026558e+002,3.302929e+000
6.031379e+002,3.311887e+000
6.036200e+002,3.320132e+000
6.041022e+002,3.327658e+000
6.045842e+002,3.334599e+000
6.050664e+002,3.341169e+000
6.055485e+002,3.347598e+000
6.060306e+002,3.354063e+000
6.065128e+002,3.360647e+000
6.069949e+002,3.367327e+000
6.074770e+002,3.373997e+000
6.079591e+002,3.380510e+000
6.084413e+002,3.386747e+000
6.089234e+002,3.392651e+000
6.094055e+002,3.398241e+000
6.098876e+002,3.403594e+000
6.103698e+002,3.408797e+000
6.108519e+002,3.413889e+000
6.113340e+002,3.418817e+000
6.118162e+002,3.423409e+000
6.122983e+002,3.427386e+000
6.127804e+002,3.430404e+000
6.132625e+002,3.432125e+000
6.137446e+002,3.432318e+000
6.142267e+002,3.430959e+000
6.147089e+002,3.428323e+000
6.151910e+002,3.425028e+000
6.156731e+002,3.422003e+000
6.161553e+002,3.420373e+000
6.166374e+002,3.421258e+000
6.171195e+002,3.425534e+000
6.176016e+002,3.433624e+000
6.180837e+002,3.445380e+000
6.185659e+002,3.460090e+000
6.190480e+002,3.476627e+000
6.195302e+002,3.493678e+000
6.200123e+002,3.510001e+000
6.204944e+002,3.524621e+000
6.209765e+002,3.536925e+000
6.214586e+002,3.546666e+000
6.219407e+002,3.553895e+000
6.224229e+002,3.558879e+000
6.229050e+002,3.562042e+000
6.233871e+002,3.563937e+000
6.238693e+002,3.565222e+000
6.243514e+002,3.566625e+000
6.248335e+002,3.568855e+000
6.253156e+002,3.572484e+000
6.257977e+002,3.577826e+000
6.262798e+002,3.584865e+000
6.267620e+002,3.593263e+000
6.272441e+002,3.602443e+000
6.277263e+002,3.611742e+000
6.282084e+002,3.620550e+000
6.286905e+002,3.628406e+000
6.291726e+002,3.635033e+000
6.296547e+002,3.640308e+000
6.301368e+002,3.644201e+000
6.306190e+002,3.646733e+000
6.311011e+002,3.647956e+000
6.315833e+002,3.647974e+000
6.320654e+002,3.646963e+000
6.325475e+002,3.645191e+000
6.330296e+002,3.643005e+000
6.335117e+002,3.640787e+000
6.339939e+002,3.638909e+000
6.344760e+002,3.637684e+000
6.349581e+002,3.637329e+000
6.354402e+002,3.637949e+000
6.359224e+002,3.639532e+000
6.364045e+002,3.641940e+000
6.368866e+002,3.644924e+000
6.373687e+002,3.648151e+000
6.378508e+002,3.651250e+000
6.383330e+002,3.653879e+000
6.388151e+002,3.655782e+000
6.392972e+002,3.656833e+000
6.397794e+002,3.657027e+000
6.402615e+002,3.656438e+000
6.407436e+002,3.655163e+000
6.412257e+002,3.653275e+000
6.417079e+002,3.650804e+000
6.421899e+002,3.647758e+000
6.426721e+002,3.644157e+000
6.431542e+002,3.640048e+000
6.436364e+002,3.635486e+000
6.441185e+002,3.630495e+000
6.446006e+002,3.625016e+000
6.450827e+002,3.618903e+000
6.455648e+002,3.611969e+000
6.460470e+002,3.604106e+000
6.465291e+002,3.595399e+000
6.470112e+002,3.586208e+000
6.474933e+002,3.577157e+000
6.479755e+002,3.569021e+000
6.484576e+002,3.562541e+000
6.489397e+002,3.558240e+000
6.494219e+002,3.556303e+000
6.499040e+002,3.556556e+000
6.503861e+002,3.558548e+000
6.508682e+002,3.561706e+000
6.513503e+002,3.565473e+000
6.518325e+002,3.569423e+000
6.523146e+002,3.573296e+000
6.527968e+002,3.576987e+000
6.532788e+002,3.580500e+000
6.537610e+002,3.583901e+000
6.542431e+002,3.587279e+000
6.547252e+002,3.590735e+000
6.552073e+002,3.594373e+000
6.556895e+002,3.598305e+000
6.561716e+002,3.602662e+000
6.566537e+002,3.607603e+000
6.571359e+002,3.613311e+000
6.576179e+002,3.619976e+000
6.581001e+002,3.627749e+000
6.585822e+002,3.636709e+000
6.590643e+002,3.646842e+000
6.595464e+002,3.658101e+000
6.600286e+002,3.670494e+000
6.605107e+002,3.684153e+000
6.609928e+002,3.699246e+000
6.614750e+002,3.715622e+000
6.619571e+002,3.732145e+000
6.624392e+002,3.745886e+000
6.629213e+002,3.751485e+000
6.634034e+002,3.741109e+000
6.638856e+002,3.705398e+000
6.643677e+002,3.635487e+000
6.648499e+002,3.525789e+000
6.653320e+002,3.376838e+000
6.658141e+002,3.197201e+000
6.662962e+002,3.003633e+000
6.667783e+002,2.818984e+000
6.672605e+002,2.668150e+000
6.677426e+002,2.572952e+000
6.682247e+002,2.547333e+000
6.687068e+002,2.594220e+000
6.691890e+002,2.704979e+000
6.696711e+002,2.861595e+000
6.701532e+002,3.040907e+000
6.706353e+002,3.219648e+000
6.711174e+002,3.378882e+000
6.715996e+002,3.506772e+000
6.720817e+002,3.599218e+000
6.725638e+002,3.658600e+000
6.730460e+002,3.691386e+000
6.735281e+002,3.705506e+000
6.740102e+002,3.708277e+000
6.744923e+002,3.705255e+000
6.749745e+002,3.700001e+000
6.754565e+002,3.694450e+000
6.759387e+002,3.689507e+000
6.764208e+002,3.685554e+000
6.769030e+002,3.682751e+000
6.773851e+002,3.681153e+000
6.778672e+002,3.680737e+000
6.783493e+002,3.681428e+000
6.788314e+002,3.683153e+000
6.793136e+002,3.685882e+000
6.797957e+002,3.689646e+000
6.802778e+002,3.694481e+000
6.807599e+002,3.700367e+000
6.812421e+002,3.707189e+000
6.817242e+002,3.714751e+000
6.822063e+002,3.722852e+000
6.826885e+002,3.731347e+000
6.831705e+002,3.740185e+000
6.836527e+002,3.749365e+000
6.841348e+002,3.758855e+000
6.846169e+002,3.768524e+000
6.850991e+002,3.778141e+000
6.855812e+002,3.787462e+000
6.860634e+002,3.796372e+000
6.865454e+002,3.804998e+000
6.870276e+002,3.813745e+000
6.875096e+002,3.823207e+000
6.879918e+002,3.833994e+000
6.884739e+002,3.846540e+000
6.889561e+002,3.860981e+000
6.894382e+002,3.877144e+000
6.899203e+002,3.894634e+000
6.904025e+002,3.912971e+000
6.908845e+002,3.931712e+000
6.913667e+002,3.950498e+000
6.918488e+002,3.969053e+000
6.923309e+002,3.987138e+000
6.928130e+002,4.004532e+000
6.932952e+002,4.021049e+000
6.937773e+002,4.036590e+000
6.942594e+002,4.051193e+000
6.947416e+002,4.065037e+000
6.952236e+002,4.078394e+000
6.957058e+002,4.091552e+000
6.961879e+002,4.104731e+000
6.966700e+002,4.118051e+000
6.971522e+002,4.131557e+000
6.976343e+002,4.145264e+000
6.981165e+002,4.159192e+000
6.985985e+002,4.173361e+000
6.990807e+002,4.187735e+000
6.995628e+002,4.202149e+000
7.000449e+002,4.216282e+000
7.005270e+002,4.229688e+000
7.010092e+002,4.241920e+000
7.014913e+002,4.252669e+000
7.019734e+002,4.261872e+000
7.024556e+002,4.269743e+000
7.029377e+002,4.276692e+000
7.034198e+002,4.283197e+000
7.039019e+002,4.289660e+000
7.043840e+002,4.296332e+000
7.048662e+002,4.303322e+000
7.053483e+002,4.310656e+000
7.058304e+002,4.318347e+000
7.063125e+002,4.326431e+000
7.067947e+002,4.334940e+000
7.072768e+002,4.343839e+000
7.077589e+002,4.352970e+000
7.082410e+002,4.362059e+000
7.087231e+002,4.370774e+000
7.092053e+002,4.378836e+000
7.096874e+002,4.386095e+000
7.101696e+002,4.392567e+000
7.106517e+002,4.398389e+000
7.111338e+002,4.403733e+000
7.116159e+002,4.408719e+000
7.120980e+002,4.413388e+000
7.125802e+002,4.417735e+000
7.130623e+002,4.421767e+000
7.135444e+002,4.425550e+000
7.140265e+002,4.429182e+000
7.145087e+002,4.432703e+000
7.149908e+002,4.435980e+000
7.154729e+002,4.438627e+000
7.159550e+002,4.440040e+000
7.164371e+002,4.439556e+000
7.169193e+002,4.436701e+000
7.174014e+002,4.431429e+000
7.178835e+002,4.424273e+000
7.183657e+002,4.416334e+000
7.188478e+002,4.409091e+000
7.193299e+002,4.404107e+000
7.198120e+002,4.402695e+000
7.202942e+002,4.405660e+000
7.207762e+002,4.413157e+000
7.212584e+002,4.424688e+000
7.217405e+002,4.439240e+000
7.222227e+002,4.455481e+000
7.227048e+002,4.472002e+000
7.231869e+002,4.487544e+000
7.236691e+002,4.501177e+000
7.241511e+002,4.512404e+000
7.246333e+002,4.521173e+000
7.251154e+002,4.527794e+000
7.255975e+002,4.532793e+000
7.260797e+002,4.536734e+000
7.265618e+002,4.540073e+000
7.270439e+002,4.543089e+000
7.275260e+002,4.545889e+000
7.280082e+002,4.548507e+000
7.284902e+002,4.550992e+000
7.289724e+002,4.553482e+000
7.294545e+002,4.556191e+000
7.299366e+002,4.559349e+000
7.304188e+002,4.563102e+000
7.309009e+002,4.567441e+000
7.313831e+002,4.572201e+000
7.318651e+002,4.577121e+000
7.323473e+002,4.581944e+000
7.328293e+002,4.586493e+000
7.333115e+002,4.590714e+000
7.337936e+002,4.594634e+000
7.342758e+002,4.598309e+000
7.347579e+002,4.601754e+000
7.352400e+002,4.604928e+000
7.357222e+002,4.607765e+000
7.362042e+002,4.610230e+000
7.366864e+002,4.612365e+000
7.371685e+002,4.614292e+000
7.376506e+002,4.616172e+000
7.381328e+002,4.618140e+000
7.386149e+002,4.620251e+000
7.390970e+002,4.622471e+000
7.395791e+002,4.624722e+000
7.400613e+002,4.626941e+000
7.405434e+002,4.629134e+000
7.410255e+002,4.631375e+000
7.415076e+002,4.633782e+000
7.419897e+002,4.636446e+000
7.424719e+002,4.639388e+000
7.429540e+002,4.642563e+000
7.434362e+002,4.645899e+000
7.439182e+002,4.649352e+000
7.444004e+002,4.652946e+000
7.448825e+002,4.656755e+000
7.453646e+002,4.660853e+000
7.458467e+002,4.665243e+000
7.463289e+002,4.669817e+000
7.468110e+002,4.674372e+000
7.472931e+002,4.678687e+000
7.477753e+002,4.682609e+000
7.482574e+002,4.686122e+000
7.487395e+002,4.689342e+000
7.492216e+002,4.692463e+000
7.497037e+002,4.695658e+000
7.501859e+002,4.698997e+000
7.506680e+002,4.702432e+000
7.511501e+002,4.705830e+000
7.516322e+002,4.709054e+000
7.521144e+002,4.712037e+000
7.525965e+002,4.714808e+000
7.530786e+002,4.717464e+000
7.535608e+002,4.720117e+000
7.540428e+002,4.722823e+000
7.545250e+002,4.725573e+000
7.550071e+002,4.728309e+000
7.554893e+002,4.730983e+000
7.559714e+002,4.733592e+000
7.564535e+002,4.736189e+000
7.569356e+002,4.738844e+000
7.574177e+002,4.741594e+000
7.578999e+002,4.744406e+000
7.583820e+002,4.747176e+000
7.588641e+002,4.749786e+000
7.593463e+002,4.752160e+000
7.598284e+002,4.754313e+000
7.603105e+002,4.756344e+000
7.607926e+002,4.758383e+000
7.612748e+002,4.760518e+000
7.617568e+002,4.762748e+000
7.622390e+002,4.764976e+000
7.627211e+002,4.767066e+000
7.632032e+002,4.768920e+000
7.636854e+002,4.770524e+000
7.641675e+002,4.771963e+000
7.646496e+002,4.773370e+000
7.651317e+002,4.774856e+000
7.656139e+002,4.776446e+000
7.660959e+002,4.778083e+000
7.665781e+002,4.779667e+000
7.670602e+002,4.781128e+000
7.675424e+002,4.782483e+000
7.680245e+002,4.783840e+000
7.685066e+002,4.785345e+000
7.689888e+002,4.787115e+000
7.694708e+002,4.789164e+000
7.699530e+002,4.791396e+000
7.704351e+002,4.793645e+000
7.709172e+002,4.795749e+000
7.713994e+002,4.797606e+000
7.718815e+002,4.799210e+000
7.723636e+002,4.800607e+000
7.728457e+002,4.801848e+000
7.733279e+002,4.802936e+000
7.738099e+002,4.803813e+000
7.742921e+002,4.804403e+000
7.747742e+002,4.804667e+000
7.752563e+002,4.804648e+000
7.757385e+002,4.804470e+000
7.762206e+002,4.804294e+000
7.767028e+002,4.804248e+000
7.771848e+002,4.804372e+000
7.776670e+002,4.804608e+000
7.781491e+002,4.804837e+000
7.786312e+002,4.804953e+000
7.791133e+002,4.804907e+000
7.795955e+002,4.804722e+000
7.800776e+002,4.804457e+000
7.805597e+002,4.804149e+000
7.810419e+002,4.803770e+000
7.815239e+002,4.803224e+000
7.820061e+002,4.802393e+000
7.824882e+002,4.801203e+000
7.829703e+002,4.799671e+000
7.834525e+002,4.797904e+000
7.839346e+002,4.796051e+000
7.844167e+002,4.794229e+000
7.848988e+002,4.792470e+000
7.853810e+002,4.790709e+000
7.858631e+002,4.788829e+000
7.863452e+002,4.786728e+000
7.868273e+002,4.784378e+000
7.873094e+002,4.781833e+000
7.877916e+002,4.779189e+000
7.882737e+002,4.776522e+000
7.887559e+002,4.773830e+000
7.892380e+002,4.771029e+000
7.897201e+002,4.767993e+000
7.902022e+002,4.764626e+000
7.906843e+002,4.760912e+000
7.911665e+002,4.756940e+000
7.916486e+002,4.752856e+000
7.921307e+002,4.748806e+000
7.926128e+002,4.744878e+000
7.930950e+002,4.741080e+000
7.935771e+002,4.737375e+000
7.940592e+002,4.733731e+000
7.945413e+002,4.730167e+000
7.950234e+002,4.726766e+000
7.955056e+002,4.723644e+000
7.959877e+002,4.720896e+000
7.964698e+002,4.718560e+000
7.969520e+002,4.716610e+000
7.974341e+002,4.714994e+000
7.979162e+002,4.713678e+000
7.983983e+002,4.712685e+000
7.988805e+002,4.712081e+000
7.993625e+002,4.711932e+000
7.998447e+002,4.712240e+000
8.003268e+002,4.712917e+000
8.008090e+002,4.713795e+000
8.012911e+002,4.714697e+000
8.017732e+002,4.715515e+000
8.022553e+002,4.716264e+000
8.027374e+002,4.717079e+000
8.032196e+002,4.718161e+000
8.037017e+002,4.719680e+000
8.041838e+002,4.721715e+000
8.046660e+002,4.724230e+000
8.051481e+002,4.727116e+000
8.056302e+002,4.730262e+000
8.061123e+002,4.733617e+000
8.065945e+002,4.737213e+000
8.070765e+002,4.741125e+000
8.075587e+002,4.745414e+000
8.080408e+002,4.750072e+000
8.085229e+002,4.755001e+000
8.090051e+002,4.760056e+000
8.094872e+002,4.765100e+000
8.099694e+002,4.770060e+000
8.104514e+002,4.774935e+000
8.109336e+002,4.779779e+000
8.114156e+002,4.784641e+000
8.118978e+002,4.789517e+000
8.123799e+002,4.794347e+000
8.128621e+002,4.799042e+000
8.133442e+002,4.803539e+000
8.138263e+002,4.807833e+000
8.143085e+002,4.811977e+000
8.147905e+002,4.816046e+000
8.152727e+002,4.820075e+000
8.157548e+002,4.824029e+000
8.162369e+002,4.827817e+000
8.167191e+002,4.831339e+000
8.172012e+002,4.834564e+000
8.176833e+002,4.837564e+000
8.181654e+002,4.840517e+000
8.186476e+002,4.843643e+000
8.191296e+002,4.847123e+000
8.196118e+002,4.851039e+000
8.200939e+002,4.855358e+000
8.205760e+002,4.859980e+000
8.210582e+002,4.864806e+000
8.215403e+002,4.869805e+000
8.220225e+002,4.875016e+000
8.225045e+002,4.880524e+000
8.229867e+002,4.886384e+000
8.234688e+002,4.892572e+000
8.239509e+002,4.898975e+000
8.244330e+002,4.905428e+000
8.249152e+002,4.911783e+000
8.253973e+002,4.917966e+000
8.258794e+002,4.923994e+000
8.263616e+002,4.929939e+000
8.268437e+002,4.935871e+000
8.273258e+002,4.941800e+000
8.278079e+002,4.947663e+000
8.282900e+002,4.953361e+000
8.287722e+002,4.958806e+000
8.292543e+002,4.963976e+000
8.297365e+002,4.968922e+000
8.302185e+002,4.973737e+000
8.307007e+002,4.978497e+000
8.311828e+002,4.983218e+000
8.316649e+002,4.987849e+000
8.321470e+002,4.992304e+000
8.326292e+002,4.996520e+000
8.331113e+002,5.000496e+000
8.335934e+002,5.004298e+000
8.340756e+002,5.008023e+000
8.345577e+002,5.011741e+000
8.350398e+002,5.015450e+000
8.355219e+002,5.019086e+000
8.360040e+002,5.022560e+000
8.364862e+002,5.025820e+000
8.369683e+002,5.028896e+000
8.374504e+002,5.031894e+000
8.379325e+002,5.034956e+000
8.384147e+002,5.038185e+000
8.388968e+002,5.041601e+000
8.393789e+002,5.045128e+000
8.398610e+002,5.048650e+000
8.403431e+002,5.052065e+000
8.408253e+002,5.055342e+000
8.413074e+002,5.058528e+000
8.417896e+002,5.061711e+000
8.422717e+002,5.064956e+000
8.427538e+002,5.068253e+000
8.432359e+002,5.071521e+000
8.437180e+002,5.074647e+000
8.442002e+002,5.077548e+000
8.446823e+002,5.080227e+000
8.451644e+002,5.082779e+000
8.456465e+002,5.085346e+000
8.461287e+002,5.088056e+000
8.466108e+002,5.090964e+000
8.470929e+002,5.094041e+000
8.475751e+002,5.097209e+000
8.480571e+002,5.100392e+000
8.485393e+002,5.103572e+000
8.490214e+002,5.106786e+000
8.495035e+002,5.110108e+000
8.499857e+002,5.113586e+000
8.504678e+002,5.117213e+000
8.509499e+002,5.120920e+000
8.514320e+002,5.124623e+000
8.519142e+002,5.128278e+000
8.523962e+002,5.131918e+000
8.528784e+002,5.135643e+000
8.533605e+002,5.139573e+000
8.538427e+002,5.143778e+000
8.543248e+002,5.148226e+000
8.548069e+002,5.152792e+000
8.552891e+002,5.157307e+000
8.557711e+002,5.161633e+000
8.562533e+002,5.165726e+000
8.567354e+002,5.169641e+000
8.572175e+002,5.173491e+000
8.576996e+002,5.177382e+000
8.581818e+002,5.181352e+000
8.586639e+002,5.185360e+000
8.591460e+002,5.189319e+000
8.596282e+002,5.193156e+000
8.601102e+002,5.196859e+000
8.605924e+002,5.200483e+000
8.610745e+002,5.204122e+000
8.615566e+002,5.207839e+000
8.620388e+002,5.211633e+000
8.625209e+002,5.215428e+000
8.630031e+002,5.219118e+000
8.634851e+002,5.222626e+000
8.639673e+002,5.225953e+000
8.644494e+002,5.229171e+000
8.649315e+002,5.232386e+000
8.654136e+002,5.235664e+000
8.658958e+002,5.238994e+000
8.663779e+002,5.242280e+000
8.668600e+002,5.245399e+000
8.673422e+002,5.248278e+000
8.678242e+002,5.250943e+000
8.683064e+002,5.253541e+000
8.687885e+002,5.256274e+000
8.692706e+002,5.259335e+000
8.697527e+002,5.262824e+000
8.702349e+002,5.266725e+000
8.707170e+002,5.270935e+000
8.711991e+002,5.275326e+000
8.716813e+002,5.279808e+000
8.721634e+002,5.284362e+000
8.726455e+002,5.289021e+000
8.731276e+002,5.293840e+000
8.736097e+002,5.298845e+000
8.740919e+002,5.304018e+000
8.745740e+002,5.309328e+000
8.750562e+002,5.314755e+000
8.755382e+002,5.320322e+000
8.760204e+002,5.326087e+000
8.765025e+002,5.332105e+000
8.769846e+002,5.338377e+000
8.774668e+002,5.344822e+000
8.779489e+002,5.351296e+000
8.784310e+002,5.357643e+000
8.789131e+002,5.363760e+000
8.793953e+002,5.369645e+000
8.798774e+002,5.375382e+000
8.803595e+002,5.381097e+000
8.808416e+002,5.386884e+000
8.813237e+002,5.392748e+000
8.818059e+002,5.398605e+000
8.822880e+002,5.404335e+000
8.827701e+002,5.409841e+000
8.832523e+002,5.415114e+000
8.837344e+002,5.420240e+000
8.842165e+002,5.425350e+000
8.846986e+002,5.430558e+000
8.851808e+002,5.435903e+000
8.856628e+002,5.441328e+000
8.861450e+002,5.446727e+000
8.866271e+002,5.451995e+000
8.871093e+002,5.457082e+000
8.875914e+002,5.462008e+000
8.880735e+002,5.466832e+000
8.885556e+002,5.471602e+000
8.890377e+002,5.476315e+000
8.895199e+002,5.480914e+000
8.900020e+002,5.485332e+000
8.904841e+002,5.489545e+000
8.909662e+002,5.493608e+000
8.914484e+002,5.497653e+000
8.919305e+002,5.501833e+000
8.924126e+002,5.506258e+000
8.928948e+002,5.510942e+000
8.933768e+002,5.515796e+000
8.938590e+002,5.520679e+000
8.943411e+002,5.525469e+000
8.948232e+002,5.530110e+000
8.953054e+002,5.534629e+000
8.957875e+002,5.539097e+000
8.962697e+002,5.543572e+000
8.967517e+002,5.548054e+000
8.972339e+002,5.552479e+000
8.977159e+002,5.556765e+000
8.981981e+002,5.560864e+000
8.986802e+002,5.564814e+000
8.991624e+002,5.568725e+000
8.996445e+002,5.572737e+000
9.001266e+002,5.576951e+000
9.006088e+002,5.581373e+000
9.010908e+002,5.585916e+000
9.015730e+002,5.590448e+000
9.020551e+002,5.594867e+000
9.025372e+002,5.599150e+000
9.030193e+002,5.603371e+000
9.035015e+002,5.607654e+000
9.039836e+002,5.612106e+000
9.044657e+002,5.616762e+000
9.049479e+002,5.621567e+000
9.054299e+002,5.626416e+000
9.059121e+002,5.631217e+000
9.063942e+002,5.635936e+000
9.068763e+002,5.640615e+000
9.073585e+002,5.645329e+000
9.078406e+002,5.650129e+000
9.083228e+002,5.654997e+000
9.088048e+002,5.659835e+000
9.092870e+002,5.664513e+000
9.097691e+002,5.668938e+000
9.102512e+002,5.673094e+000
9.107333e+002,5.677062e+000
9.112155e+002,5.680968e+000
9.116976e+002,5.684925e+000
9.121797e+002,5.688972e+000
9.126619e+002,5.693059e+000
9.131440e+002,5.697090e+000
9.136261e+002,5.700975e+000
9.141082e+002,5.704688e+000
9.145903e+002,5.708279e+000
9.150724e+002,5.711837e+000
9.155546e+002,5.715447e+000
9.160367e+002,5.719137e+000
9.165189e+002,5.722873e+000
9.170010e+002,5.726600e+000
9.174831e+002,5.730290e+000
9.179652e+002,5.733976e+000
9.184473e+002,5.737754e+000
9.189294e+002,5.741723e+000
9.194116e+002,5.745936e+000
9.198937e+002,5.750346e+000
9.203759e+002,5.754816e+000
9.208580e+002,5.759177e+000
9.213401e+002,5.763302e+000
9.218222e+002,5.767166e+000
9.223043e+002,5.770855e+000
9.227864e+002,5.774521e+000
9.232686e+002,5.778309e+000
9.237507e+002,5.782292e+000
9.242328e+002,5.786454e+000
9.247150e+002,5.790720e+000
9.251971e+002,5.795016e+000
9.256792e+002,5.799316e+000
9.261613e+002,5.803652e+000
9.266434e+002,5.808084e+000
9.271255e+002,5.812640e+000
9.276077e+002,5.817277e+000
9.280898e+002,5.821877e+000
9.285720e+002,5.826297e+000
9.290541e+002,5.830431e+000
9.295362e+002,5.834260e+000
9.300183e+002,5.837862e+000
9.305004e+002,5.841358e+000
9.309826e+002,5.844851e+000
9.314647e+002,5.848374e+000
9.319468e+002,5.851868e+000
9.324290e+002,5.855232e+000
9.329111e+002,5.858388e+000
9.333932e+002,5.861324e+000
9.338753e+002,5.864120e+000
9.343574e+002,5.866902e+000
9.348396e+002,5.869787e+000
9.353217e+002,5.872831e+000
9.358038e+002,5.876018e+000
9.362859e+002,5.879296e+000
9.367681e+002,5.882630e+000
9.372502e+002,5.886044e+000
9.377323e+002,5.889617e+000
9.382144e+002,5.893451e+000
9.386966e+002,5.897593e+000
9.391787e+002,5.902001e+000
9.396608e+002,5.906542e+000
9.401429e+002,5.911034e+000
9.406251e+002,5.915331e+000
9.411072e+002,5.919368e+000
9.415893e+002,5.923177e+000
9.420714e+002,5.926844e+000
9.425536e+002,5.930449e+000
9.430357e+002,5.934006e+000
9.435178e+002,5.937456e+000
9.439999e+002,5.940714e+000
9.444821e+002,5.943716e+000
9.449642e+002,5.946479e+000
9.454463e+002,5.949106e+000
9.459284e+002,5.951736e+000
9.464106e+002,5.954489e+000
9.468927e+002,5.957403e+000
9.473748e+002,5.960429e+000
9.478569e+002,5.963472e+000
9.483391e+002,5.966447e+000
9.488212e+002,5.969337e+000
9.493033e+002,5.972194e+000
9.497855e+002,5.975112e+000
9.502676e+002,5.978154e+000
9.507497e+002,5.981312e+000
9.512318e+002,5.984499e+000
9.517139e+002,5.987595e+000
9.521960e+002,5.990513e+000
9.526782e+002,5.993246e+000
9.531603e+002,5.995873e+000
9.536425e+002,5.998525e+000
9.541246e+002,6.001302e+000
9.546067e+002,6.004236e+000
9.550888e+002,6.007267e+000
9.555709e+002,6.010293e+000
9.560530e+002,6.013226e+000
9.565352e+002,6.016050e+000
9.570173e+002,6.018824e+000
9.574995e+002,6.021647e+000
9.579816e+002,6.024599e+000
9.584637e+002,6.027685e+000
9.589458e+002,6.030838e+000
9.594279e+002,6.033956e+000
9.599100e+002,6.036970e+000
9.603922e+002,6.039888e+000
9.608743e+002,6.042800e+000
9.613564e+002,6.045828e+000
9.618386e+002,6.049057e+000
9.623207e+002,6.052480e+000
9.628028e+002,6.055989e+000
9.632849e+002,6.059424e+000
9.637670e+002,6.062646e+000
9.642491e+002,6.065600e+000
9.647313e+002,6.068333e+000
9.652134e+002,6.070958e+000
9.656956e+002,6.073592e+000
9.661777e+002,6.076294e+000
9.666598e+002,6.079048e+000
9.671419e+002,6.081795e+000
9.676240e+002,6.084481e+000
9.681061e+002,6.087110e+000
9.685883e+002,6.089741e+000
9.690704e+002,6.092457e+000
9.695526e+002,6.095308e+000
9.700347e+002,6.098264e+000
9.705168e+002,6.101215e+000
9.709989e+002,6.104030e+000
9.714810e+002,6.106617e+000
9.719631e+002,6.108991e+000
9.724453e+002,6.111262e+000
9.729274e+002,6.113606e+000
9.734095e+002,6.116178e+000
9.738917e+002,6.119050e+000
9.743738e+002,6.122186e+000
9.748559e+002,6.125483e+000
9.753380e+002,6.128821e+000
9.758201e+002,6.132135e+000
9.763023e+002,6.135424e+000
9.767844e+002,6.138726e+000
9.772665e+002,6.142069e+000
9.777487e+002,6.145423e+000
9.782308e+002,6.148691e+000
9.787129e+002,6.151749e+000
9.791950e+002,6.154512e+000
9.796771e+002,6.156967e+000
9.801593e+002,6.159190e+000
9.806414e+002,6.161302e+000
9.811235e+002,6.163403e+000
9.816057e+002,6.165528e+000
9.820878e+002,6.167629e+000
9.825699e+002,6.169620e+000
9.830520e+002,6.171437e+000
9.835342e+002,6.173079e+000
9.840163e+002,6.174627e+000
9.844984e+002,6.176188e+000
9.849805e+002,6.177850e+000
9.854626e+002,6.179612e+000
9.859448e+002,6.181396e+000
9.864269e+002,6.183078e+000
9.869090e+002,6.184557e+000
9.873912e+002,6.185804e+000
9.878733e+002,6.186874e+000
9.883554e+002,6.187861e+000
9.888375e+002,6.188842e+000
9.893196e+002,6.189825e+000
9.898018e+002,6.190748e+000
9.902839e+002,6.191515e+000
9.907660e+002,6.192069e+000
9.912482e+002,6.192430e+000
9.917303e+002,6.192702e+000
9.922124e+002,6.193027e+000
9.926945e+002,6.193503e+000
9.931766e+002,6.194145e+000
9.936588e+002,6.194861e+000
9.941409e+002,6.195511e+000
9.946230e+002,6.195971e+000
9.951052e+002,6.196197e+000
9.955873e+002,6.196239e+000
9.960694e+002,6.196202e+000
9.965515e+002,6.196176e+000
9.970336e+002,6.196180e+000
9.975157e+002,6.196149e+000
9.979979e+002,6.195969e+000
9.984800e+002,6.195538e+000
9.989622e+002,6.194826e+000
9.994443e+002,6.193884e+000
9.999264e+002,6.192813e+000
1.000409e+003,6.191691e+000
1.000891e+003,6.190532e+000
1.001373e+003,6.189260e+000
1.001855e+003,6.187754e+000
1.002337e+003,6.185906e+000
1.002819e+003,6.183671e+000
1.003301e+003,6.181080e+000
1.003783e+003,6.178205e+000
1.004266e+003,6.175108e+000
1.004748e+003,6.171786e+000
1.005230e+003,6.168174e+000
1.005712e+003,6.164181e+000
1.006194e+003,6.159753e+000
1.006676e+003,6.154918e+000
1.007158e+003,6.149784e+000
1.007640e+003,6.144503e+000
1.008122e+003,6.139186e+000
1.008605e+003,6.133865e+000
1.009087e+003,6.128475e+000
1.009569e+003,6.122901e+000
1.010051e+003,6.117045e+000
1.010533e+003,6.110886e+000
1.011015e+003,6.104484e+000
1.011497e+003,6.097950e+000
1.011979e+003,6.091374e+000
1.012462e+003,6.084786e+000
1.012944e+003,6.078137e+000
1.013426e+003,6.071343e+000
1.013908e+003,6.064354e+000
1.014390e+003,6.057196e+000
1.014872e+003,6.049985e+000
1.015354e+003,6.042876e+000
1.015836e+003,6.036000e+000
1.016319e+003,6.029405e+000
1.016801e+003,6.023048e+000
1.017283e+003,6.016840e+000
1.017765e+003,6.010709e+000
1.018247e+003,6.004654e+000
1.018729e+003,5.998759e+000
1.019211e+003,5.993145e+000
1.019693e+003,5.987911e+000
1.020176e+003,5.983072e+000
1.020658e+003,5.978556e+000
1.021140e+003,5.974245e+000
1.021622e+003,5.970037e+000
1.022104e+003,5.965908e+000
1.022586e+003,5.961915e+000
1.023068e+003,5.958164e+000
1.023550e+003,5.954743e+000
1.024033e+003,5.951665e+000
1.024515e+003,5.948860e+000
1.024997e+003,5.946214e+000
1.025479e+003,5.943635e+000
1.025961e+003,5.941100e+000
1.026443e+003,5.938665e+000
1.026925e+003,5.936428e+000
1.027407e+003,5.934452e+000
1.027890e+003,5.932722e+000
1.028372e+003,5.931129e+000
1.028854e+003,5.929516e+000
1.029336e+003,5.927748e+000
1.029818e+003,5.925767e+000
1.030300e+003,5.923606e+000
1.030782e+003,5.921352e+000
1.031264e+003,5.919086e+000
1.031747e+003,5.916826e+000
1.032229e+003,5.914523e+000
1.032711e+003,5.912097e+000
1.033193e+003,5.909491e+000
1.033675e+003,5.906724e+000
1.034157e+003,5.903890e+000
1.034639e+003,5.901104e+000
1.035121e+003,5.898440e+000
1.035604e+003,5.895878e+000
1.036086e+003,5.893301e+000
1.036568e+003,5.890550e+000
1.037050e+003,5.887503e+000
1.037532e+003,5.884132e+000
1.038014e+003,5.880523e+000
1.038496e+003,5.876822e+000
1.038979e+003,5.873168e+000
1.039461e+003,5.869627e+000
1.039943e+003,5.866163e+000
1.040425e+003,5.862689e+000
1.040907e+003,5.859125e+000
1.041389e+003,5.855447e+000
1.041871e+003,5.851722e+000
1.042353e+003,5.848052e+000
1.042835e+003,5.844521e+000
1.043318e+003,5.841143e+000
1.043800e+003,5.837848e+000
1.044282e+003,5.834532e+000
1.044764e+003,5.831108e+000
1.045246e+003,5.827571e+000
1.045728e+003,5.823998e+000
1.046210e+003,5.820508e+000
1.046692e+003,5.817189e+000
1.047175e+003,5.814046e+000
1.047657e+003,5.810990e+000
1.048139e+003,5.807884e+000
1.048621e+003,5.804619e+000
1.049103e+003,5.801167e+000
1.049585e+003,5.797601e+000
1.050067e+003,5.794052e+000
1.050549e+003,5.790648e+000
1.051031e+003,5.787443e+000
1.051514e+003,5.784413e+000
1.051996e+003,5.781486e+000
1.052478e+003,5.778601e+000
1.052960e+003,5.775769e+000
1.053442e+003,5.773062e+000
1.053924e+003,5.770585e+000
1.054406e+003,5.768397e+000
1.054889e+003,5.766466e+000
1.055371e+003,5.764652e+000
1.055853e+003,5.762774e+000
1.056335e+003,5.760679e+000
1.056817e+003,5.758313e+000
1.057299e+003,5.755739e+000
1.057781e+003,5.753100e+000
1.058263e+003,5.750544e+000
1.058746e+003,5.748154e+000
1.059228e+003,5.745920e+000
1.059710e+003,5.743771e+000
1.060192e+003,5.741622e+000
1.060674e+003,5.739435e+000
1.061156e+003,5.737233e+000
1.061638e+003,5.735074e+000
1.062120e+003,5.733001e+000
1.062603e+003,5.730998e+000
1.063085e+003,5.728988e+000
1.063567e+003,5.726871e+000
1.064049e+003,5.724592e+000
1.064531e+003,5.722174e+000
1.065013e+003,5.719726e+000
1.065495e+003,5.717389e+000
1.065977e+003,5.715270e+000
1.066460e+003,5.713384e+000
1.066942e+003,5.711657e+000
1.067424e+003,5.709968e+000
1.067906e+003,5.708227e+000
1.068388e+003,5.706425e+000
1.068870e+003,5.704646e+000
1.069352e+003,5.703011e+000
1.069834e+003,5.701614e+000
1.070317e+003,5.700460e+000
1.070799e+003,5.699458e+000
1.071281e+003,5.698473e+000
1.071763e+003,5.697405e+000
1.072245e+003,5.696251e+000
1.072727e+003,5.695125e+000
1.073209e+003,5.694214e+000
1.073691e+003,5.693701e+000
1.074174e+003,5.693692e+000
1.074656e+003,5.694198e+000
1.075138e+003,5.695159e+000
1.075620e+003,5.696508e+000
1.076102e+003,5.698222e+000
1.076584e+003,5.700332e+000
1.077066e+003,5.702904e+000
1.077548e+003,5.705966e+000
1.078031e+003,5.709483e+000
1.078513e+003,5.713341e+000
1.078995e+003,5.717411e+000
1.079477e+003,5.721605e+000
1.079959e+003,5.725933e+000
1.080441e+003,5.730497e+000
1.080923e+003,5.735432e+000
1.081406e+003,5.740821e+000
1.081888e+003,5.746636e+000
1.082370e+003,5.752725e+000
1.082852e+003,5.758863e+000
1.083334e+003,5.764844e+000
1.083816e+003,5.770550e+000
1.084298e+003,5.775980e+000
1.084780e+003,5.781218e+000
1.085262e+003,5.786357e+000
1.085745e+003,5.791443e+000
1.086227e+003,5.796446e+000
1.086709e+003,5.801295e+000
1.087191e+003,5.805946e+000
1.087673e+003,5.810418e+000
1.088155e+003,5.814820e+000
1.088637e+003,5.819295e+000
1.089119e+003,5.823960e+000
1.089602e+003,5.828849e+000
1.090084e+003,5.833896e+000
1.090566e+003,5.838988e+000
1.091048e+003,5.844031e+000
1.091530e+003,5.849015e+000
1.092012e+003,5.854021e+000
1.092494e+003,5.859178e+000
1.092976e+003,5.864596e+000
1.093458e+003,5.870299e+000
1.093941e+003,5.876206e+000
1.094423e+003,5.882179e+000
1.094905e+003,5.888090e+000
1.095387e+003,5.893886e+000
1.095869e+003,5.899604e+000
1.096351e+003,5.905346e+000
1.096833e+003,5.911208e+000
1.097316e+003,5.917231e+000
1.097798e+003,5.923385e+000
1.098280e+003,5.929609e+000
1.098762e+003,5.935871e+000
1.099244e+003,5.942215e+000
1.099726e+003,5.948760e+000
1.100208e+003,5.955653e+000
1.100690e+003,5.962999e+000
1.101173e+003,5.970798e+000
1.101655e+003,5.978940e+000
1.102137e+003,5.987263e+000
1.102619e+003,5.995623e+000
1.103101e+003,6.003962e+000
1.103583e+003,6.012321e+000
1.104065e+003,6.020799e+000
1.104547e+003,6.029475e+000
1.105030e+003,6.038356e+000
1.105512e+003,6.047359e+000
1.105994e+003,6.056360e+000
1.106476e+003,6.065261e+000
1.106958e+003,6.074055e+000
1.107440e+003,6.082830e+000
1.107922e+003,6.091729e+000
1.108404e+003,6.100874e+000
1.108886e+003,6.110293e+000
1.109369e+003,6.119918e+000
1.109851e+003,6.129623e+000
1.110333e+003,6.139298e+000
1.110815e+003,6.148911e+000
1.111297e+003,6.158524e+000
1.111779e+003,6.168251e+000
1.112261e+003,6.178185e+000
1.112744e+003,6.188344e+000
1.113226e+003,6.198650e+000
1.113708e+003,6.208982e+000
1.114190e+003,6.219244e+000
1.114672e+003,6.229425e+000
1.115154e+003,6.239611e+000
1.115636e+003,6.249933e+000
1.116118e+003,6.260494e+000
1.116601e+003,6.271303e+000
1.117083e+003,6.282263e+000
1.117565e+003,6.293221e+000
1.118047e+003,6.304048e+000
1.118529e+003,6.314715e+000
1.119011e+003,6.325304e+000
1.119493e+003,6.335977e+000
1.119975e+003,6.346897e+000
1.120458e+003,6.358159e+000
1.120940e+003,6.369759e+000
1.121422e+003,6.381631e+000
1.121904e+003,6.393702e+000
1.122386e+003,6.405946e+000
1.122868e+003,6.418395e+000
1.123350e+003,6.431096e+000
1.123832e+003,6.444048e+000
1.124314e+003,6.457153e+000
1.124797e+003,6.470214e+000
1.125279e+003,6.483003e+000
1.125761e+003,6.495350e+000
1.126243e+003,6.507215e+000
1.126725e+003,6.518708e+000
1.127207e+003,6.530050e+000
1.127689e+003,6.541471e+000
1.128172e+003,6.553140e+000
1.128654e+003,6.565108e+000
1.129136e+003,6.577333e+000
1.129618e+003,6.589724e+000
1.130100e+003,6.602195e+000
1.130582e+003,6.614687e+000
1.131064e+003,6.627142e+000
1.131546e+003,6.639462e+000
1.132029e+003,6.651487e+000
1.132511e+003,6.663008e+000
1.132993e+003,6.673834e+000
1.133475e+003,6.683880e+000
1.133957e+003,6.693204e+000
1.134439e+003,6.702008e+000
1.134921e+003,6.710554e+000
1.135403e+003,6.719060e+000
1.135885e+003,6.727611e+000
1.136368e+003,6.736134e+000
1.136850e+003,6.744448e+000
1.137332e+003,6.752354e+000
1.137814e+003,6.759728e+000
1.138296e+003,6.766569e+000
1.138778e+003,6.772982e+000
1.139260e+003,6.779124e+000
1.139742e+003,6.785143e+000
1.140225e+003,6.791156e+000
1.140707e+003,6.797266e+000
1.141189e+003,6.803598e+000
1.141671e+003,6.810336e+000
1.142153e+003,6.817698e+000
1.142635e+003,6.825871e+000
1.143117e+003,6.834941e+000
1.143599e+003,6.844831e+000
1.144082e+003,6.855309e+000
1.144564e+003,6.866063e+000
1.145046e+003,6.876804e+000
1.145528e+003,6.887345e+000
1.146010e+003,6.897633e+000
1.146492e+003,6.907709e+000
1.146974e+003,6.917639e+000
1.147457e+003,6.927445e+000
1.147939e+003,6.937095e+000
1.148421e+003,6.946537e+000
1.148903e+003,6.955776e+000
1.149385e+003,6.964923e+000
1.149867e+003,6.974194e+000
1.150349e+003,6.983845e+000
1.150831e+003,6.994079e+000
1.151313e+003,7.004963e+000
1.151796e+003,7.016406e+000
1.152278e+003,7.028204e+000
1.152760e+003,7.040132e+000
1.153242e+003,7.052016e+000
1.153724e+003,7.063780e+000
1.154206e+003,7.075405e+000
1.154688e+003,7.086886e+000
1.155170e+003,7.098169e+000
1.155653e+003,7.109144e+000
1.156135e+003,7.119689e+000
1.156617e+003,7.129746e+000
1.157099e+003,7.139364e+000
1.157581e+003,7.148709e+000
1.158063e+003,7.157992e+000
1.158545e+003,7.167382e+000
1.159027e+003,7.176928e+000
1.159510e+003,7.186539e+000
1.159992e+003,7.196041e+000
1.160474e+003,7.205256e+000
1.160956e+003,7.214094e+000
1.161438e+003,7.222579e+000
1.161920e+003,7.230823e+000
1.162402e+003,7.238955e+000
1.162885e+003,7.247062e+000
1.163367e+003,7.255165e+000
1.163849e+003,7.263253e+000
1.164331e+003,7.271342e+000
1.164813e+003,7.279514e+000
1.165295e+003,7.287919e+000
1.165777e+003,7.296714e+000
1.166259e+003,7.305981e+000
1.166741e+003,7.315666e+000
1.167224e+003,7.325583e+000
1.167706e+003,7.335476e+000
1.168188e+003,7.345107e+000
1.168670e+003,7.354338e+000
1.169152e+003,7.363140e+000
1.169634e+003,7.371547e+000
1.170116e+003,7.379578e+000
1.170598e+003,7.387172e+000
1.171081e+003,7.394197e+000
1.171563e+003,7.400512e+000
1.172045e+003,7.406068e+000
1.172527e+003,7.410975e+000
1.173009e+003,7.415494e+000
1.173491e+003,7.419953e+000
1.173973e+003,7.424598e+000
1.174455e+003,7.429474e+000
1.174938e+003,7.434372e+000
1.175420e+003,7.438881e+000
1.175902e+003,7.442522e+000
1.176384e+003,7.444907e+000
1.176866e+003,7.445872e+000
1.177348e+003,7.445545e+000
1.177830e+003,7.444331e+000
1.178313e+003,7.442867e+000
1.178795e+003,7.441939e+000
1.179277e+003,7.442416e+000
1.179759e+003,7.445158e+000
1.180241e+003,7.450914e+000
1.180723e+003,7.460189e+000
1.181205e+003,7.473108e+000
1.181687e+003,7.489331e+000
1.182169e+003,7.508056e+000
1.182652e+003,7.528143e+000
1.183134e+003,7.548354e+000
1.183616e+003,7.567598e+000
1.184098e+003,7.585148e+000
1.184580e+003,7.600726e+000
1.185062e+003,7.614464e+000
1.185544e+003,7.626739e+000
1.186026e+003,7.638006e+000
1.186509e+003,7.648649e+000
1.186991e+003,7.658924e+000
1.187473e+003,7.668979e+000
1.187955e+003,7.678897e+000
1.188437e+003,7.688744e+000
1.188919e+003,7.698554e+000
1.189401e+003,7.708321e+000
1.189883e+003,7.717956e+000
1.190366e+003,7.727314e+000
1.190848e+003,7.736241e+000
1.191330e+003,7.744649e+000
1.191812e+003,7.752569e+000
1.192294e+003,7.760144e+000
1.192776e+003,7.767562e+000
1.193258e+003,7.774965e+000
1.193740e+003,7.782376e+000
1.194223e+003,7.789686e+000
1.194705e+003,7.796725e+000
1.195187e+003,7.803361e+000
1.195669e+003,7.809588e+000
1.196151e+003,7.815552e+000
1.196633e+003,7.821503e+000
1.197115e+003,7.827691e+000
1.197597e+003,7.834275e+000
1.198080e+003,7.841270e+000
1.198562e+003,7.848577e+000
1.199044e+003,7.856051e+000
1.199526e+003,7.863580e+000
1.200008e+003,7.871118e+000
1.200490e+003,7.878672e+000
1.200972e+003,7.886241e+000
1.201454e+003,7.893774e+000
1.201937e+003,7.901155e+000
1.202419e+003,7.908261e+000
1.202901e+003,7.915019e+000
1.203383e+003,7.921474e+000
1.203865e+003,7.927779e+000
1.204347e+003,7.934135e+000
1.204829e+003,7.940698e+000
1.205312e+003,7.947507e+000
1.205794e+003,7.954456e+000
1.206276e+003,7.961355e+000
1.206758e+003,7.968008e+000
1.207240e+003,7.974297e+000
1.207722e+003,7.980210e+000
1.208204e+003,7.985813e+000
1.208686e+003,7.991191e+000
1.209168e+003,7.996399e+000
1.209651e+003,8.001458e+000
1.210133e+003,8.006411e+000
1.210615e+003,8.011384e+000
1.211097e+003,8.016615e+000
1.211579e+003,8.022417e+000
1.212061e+003,8.029078e+000
1.212543e+003,8.036724e+000
1.213025e+003,8.045248e+000
1.213508e+003,8.054300e+000
1.213990e+003,8.063409e+000
1.214472e+003,8.072117e+000
1.214954e+003,8.080134e+000
1.215436e+003,8.087400e+000
1.215918e+003,8.094053e+000
1.216400e+003,8.100329e+000
1.216882e+003,8.106450e+000
1.217365e+003,8.112562e+000
1.217847e+003,8.118730e+000
1.218329e+003,8.124987e+000
1.218811e+003,8.131385e+000
1.219293e+003,8.137999e+000
1.219775e+003,8.144878e+000
1.220257e+003,8.151978e+000
1.220740e+003,8.159117e+000
1.221222e+003,8.165993e+000
1.221704e+003,8.172295e+000
1.222186e+003,8.177827e+000
1.222668e+003,8.182630e+000
1.223150e+003,8.186987e+000
1.223632e+003,8.191360e+000
1.224114e+003,8.196226e+000
1.224596e+003,8.201937e+000
1.225079e+003,8.208614e+000
1.225561e+003,8.216160e+000
1.226043e+003,8.224338e+000
1.226525e+003,8.232870e+000
1.227007e+003,8.241533e+000
1.227489e+003,8.250169e+000
1.227971e+003,8.258661e+000
1.228453e+003,8.266904e+000
1.228936e+003,8.274777e+000
1.229418e+003,8.282182e+000
1.229900e+003,8.289092e+000
1.230382e+003,8.295588e+000
1.230864e+003,8.301846e+000
1.231346e+003,8.308073e+000
1.231828e+003,8.314419e+000
1.232310e+003,8.320904e+000
1.232792e+003,8.327420e+000
1.233275e+003,8.333786e+000
1.233757e+003,8.339853e+000
1.234239e+003,8.345568e+000
1.234721e+003,8.351008e+000
1.235203e+003,8.356321e+000
1.235685e+003,8.361631e+000
1.236167e+003,8.366977e+000
1.236650e+003,8.372287e+000
1.237132e+003,8.377442e+000
1.237614e+003,8.382357e+000
1.238096e+003,8.387042e+000
1.238578e+003,8.391603e+000
1.239060e+003,8.396168e+000
1.239542e+003,8.400781e+000
1.240024e+003,8.405334e+000
1.240507e+003,8.409584e+000
1.240989e+003,8.413244e+000
1.241471e+003,8.416142e+000
1.241953e+003,8.418331e+000
1.242435e+003,8.420109e+000
1.242917e+003,8.421944e+000
1.243399e+003,8.424309e+000
1.243881e+003,8.427523e+000
1.244364e+003,8.431650e+000
1.244846e+003,8.436530e+000
1.245328e+003,8.441854e+000
1.245810e+003,8.447299e+000
1.246292e+003,8.452620e+000
1.246774e+003,8.457659e+000
1.247256e+003,8.462308e+000
1.247738e+003,8.466453e+000
1.248220e+003,8.469940e+000
1.248703e+003,8.472610e+000
1.249185e+003,8.474347e+000
1.249667e+003,8.475147e+000
1.250149e+003,8.475101e+000
1.250631e+003,8.474348e+000
1.251113e+003,8.472976e+000
1.251595e+003,8.470947e+000
1.252078e+003,8.468097e+000
1.252560e+003,8.464184e+000
1.253042e+003,8.459000e+000
1.253524e+003,8.452443e+000
1.254006e+003,8.444530e+000
1.254488e+003,8.435312e+000
1.254970e+003,8.424767e+000
1.255452e+003,8.412714e+000
1.255935e+003,8.398832e+000
1.256417e+003,8.382795e+000
1.256899e+003,8.364481e+000
1.257381e+003,8.344178e+000
1.257863e+003,8.322694e+000
1.258345e+003,8.301308e+000
1.258827e+003,8.281577e+000
1.259309e+003,8.265070e+000
1.259792e+003,8.253078e+000
1.260274e+003,8.246435e+000
1.260756e+003,8.245425e+000
1.261238e+003,8.249814e+000
1.261720e+003,8.258946e+000
1.262202e+003,8.271882e+000
1.262684e+003,8.287542e+000
1.263166e+003,8.304856e+000
1.263648e+003,8.322902e+000
1.264131e+003,8.341011e+000
1.264613e+003,8.358824e+000
1.265095e+003,8.376252e+000
1.265577e+003,8.393365e+000
1.266059e+003,8.410228e+000
1.266541e+003,8.426742e+000
1.267023e+003,8.442585e+000
1.267505e+003,8.457282e+000
1.267988e+003,8.470374e+000
1.268470e+003,8.481648e+000
1.268952e+003,8.491314e+000
1.269434e+003,8.500027e+000
1.269916e+003,8.508788e+000
1.270398e+003,8.518686e+000
1.270880e+003,8.530631e+000
1.271363e+003,8.545118e+000
1.271845e+003,8.562142e+000
1.272327e+003,8.581232e+000
1.272809e+003,8.601571e+000
1.273291e+003,8.622182e+000
1.273773e+003,8.642073e+000
1.274255e+003,8.660360e+000
1.274737e+003,8.676356e+000
1.275219e+003,8.689630e+000
1.275702e+003,8.700051e+000
1.276184e+003,8.707809e+000
1.276666e+003,8.713365e+000
1.277148e+003,8.717347e+000
1.277630e+003,8.720422e+000
1.278112e+003,8.723140e+000
1.278594e+003,8.725863e+000
1.279076e+003,8.728750e+000
1.279559e+003,8.731849e+000
1.280041e+003,8.735179e+000
1.280523e+003,8.738821e+000
1.281005e+003,8.742892e+000
1.281487e+003,8.747474e+000
1.281969e+003,8.752487e+000
1.282451e+003,8.757614e+000
1.282933e+003,8.762300e+000
1.283416e+003,8.765872e+000
1.283898e+003,8.767726e+000
1.284380e+003,8.767504e+000
1.284862e+003,8.765224e+000
1.285344e+003,8.761292e+000
1.285826e+003,8.756437e+000
1.286308e+003,8.751564e+000
1.286791e+003,8.747622e+000
1.287273e+003,8.745479e+000
1.287755e+003,8.745823e+000
1.288237e+003,8.749084e+000
1.288719e+003,8.755364e+000
1.289201e+003,8.764391e+000
1.289683e+003,8.775529e+000
1.290165e+003,8.787857e+000
1.290647e+003,8.800336e+000
1.291130e+003,8.812000e+000
1.291612e+003,8.822144e+000
1.292094e+003,8.830403e+000
1.292576e+003,8.836758e+000
1.293058e+003,8.841412e+000
1.293540e+003,8.844673e+000
1.294022e+003,8.846848e+000
1.294504e+003,8.848221e+000
1.294987e+003,8.849099e+000
1.295469e+003,8.849870e+000
1.295951e+003,8.851001e+000
1.296433e+003,8.852966e+000
1.296915e+003,8.856112e+000
1.297397e+003,8.860513e+000
1.297879e+003,8.865917e+000
1.298361e+003,8.871809e+000
1.298844e+003,8.877564e+000
1.299326e+003,8.882662e+000
1.299808e+003,8.886822e+000
1.300290e+003,8.890037e+000
1.300772e+003,8.892491e+000
1.301254e+003,8.894409e+000
1.301736e+003,8.895918e+000
1.302219e+003,8.896996e+000
1.302701e+003,8.897516e+000
1.303183e+003,8.897351e+000
1.303665e+003,8.896456e+000
1.304147e+003,8.894922e+000
1.304629e+003,8.892956e+000
1.305111e+003,8.890813e+000
1.305593e+003,8.888755e+000
1.306075e+003,8.887023e+000
1.306558e+003,8.885822e+000
1.307040e+003,8.885290e+000
1.307522e+003,8.885397e+000
1.308004e+003,8.885805e+000
1.308486e+003,8.885754e+000
1.308968e+003,8.884068e+000
1.309450e+003,8.879367e+000
1.309932e+003,8.870457e+000
1.310415e+003,8.856812e+000
1.310897e+003,8.838945e+000
1.311379e+003,8.818490e+000
1.311861e+003,8.797894e+000
1.312343e+003,8.779786e+000
1.312825e+003,8.766202e+000
1.313307e+003,8.757938e+000
1.313789e+003,8.754266e+000
1.314272e+003,8.753122e+000
1.314754e+003,8.751730e+000
1.315236e+003,8.747431e+000
1.315718e+003,8.738496e+000
1.316200e+003,8.724674e+000
1.316682e+003,8.707350e+000
1.317164e+003,8.689278e+000
1.317646e+003,8.674023e+000
1.318129e+003,8.665233e+000
1.318611e+003,8.665898e+000
1.319093e+003,8.677747e+000
1.319575e+003,8.700890e+000
1.320057e+003,8.733774e+000
1.320539e+003,8.773476e+000
1.321021e+003,8.816254e+000
1.321503e+003,8.858282e+000
1.321986e+003,8.896369e+000
1.322468e+003,8.928460e+000
1.322950e+003,8.953842e+000
1.323432e+003,8.972953e+000
1.323914e+003,8.986958e+000
1.324396e+003,8.997222e+000
1.324878e+003,9.004878e+000
1.325360e+003,9.010645e+000
1.325843e+003,9.014861e+000
1.326325e+003,9.017698e+000
1.326807e+003,9.019358e+000
1.327289e+003,9.020190e+000
1.327771e+003,9.020660e+000
1.328253e+003,9.021214e+000
1.328735e+003,9.022161e+000
1.329218e+003,9.023607e+000
1.329700e+003,9.025488e+000
1.330182e+003,9.027634e+000
1.330664e+003,9.029778e+000
1.331146e+003,9.031469e+000
1.331628e+003,9.031898e+000
1.332110e+003,9.029737e+000
1.332592e+003,9.023084e+000
1.333074e+003,9.009576e+000
1.333557e+003,8.986699e+000
1.334039e+003,8.952153e+000
1.334521e+003,8.904224e+000
1.335003e+003,8.842081e+000
1.335485e+003,8.765993e+000
1.335967e+003,8.677549e+000
1.336449e+003,8.579901e+000
1.336931e+003,8.478001e+000
1.337414e+003,8.378675e+000
1.337896e+003,8.290321e+000
1.338378e+003,8.222073e+000
1.338860e+003,8.182428e+000
1.339342e+003,8.177596e+000
1.339824e+003,8.209968e+000
1.340306e+003,8.277235e+000
1.340788e+003,8.372488e+000
1.341271e+003,8.485366e+000
1.341753e+003,8.603996e+000
1.342235e+003,8.717173e+000
1.342717e+003,8.816203e+000
1.343199e+003,8.895949e+000
1.343681e+003,8.954910e+000
1.344163e+003,8.994492e+000
1.344646e+003,9.017848e+000
1.345128e+003,9.028717e+000
1.345610e+003,9.030585e+000
1.346092e+003,9.026307e+000
1.346574e+003,9.018117e+000
1.347056e+003,9.007839e+000
1.347538e+003,8.997100e+000
1.348020e+003,8.987400e+000
1.348502e+003,8.980016e+000
1.348985e+003,8.975815e+000
1.349467e+003,8.975027e+000
1.349949e+003,8.977124e+000
1.350431e+003,8.980853e+000
1.350913e+003,8.984447e+000
1.351395e+003,8.986004e+000
1.351877e+003,8.983953e+000
1.352359e+003,8.977519e+000
1.352842e+003,8.967031e+000
1.353324e+003,8.953959e+000
1.353806e+003,8.940621e+000
1.354288e+003,8.929585e+000
1.354770e+003,8.922904e+000
1.355252e+003,8.921367e+000
1.355734e+003,8.924003e+000
1.356216e+003,8.927926e+000
1.356698e+003,8.928598e+000
1.357181e+003,8.920398e+000
1.357663e+003,8.897420e+000
1.358145e+003,8.854390e+000
1.358627e+003,8.787643e+000
1.359109e+003,8.696095e+000
1.359591e+003,8.582133e+000
1.360073e+003,8.452211e+000
1.360556e+003,8.316891e+000
1.361038e+003,8.190018e+000
1.361520e+003,8.086944e+000
1.362002e+003,8.021909e+000
1.362484e+003,8.005113e+000
1.362966e+003,8.040192e+000
1.363448e+003,8.122888e+000
1.363930e+003,8.241432e+000
1.364413e+003,8.378725e+000
1.364895e+003,8.515829e+000
1.365377e+003,8.635896e+000
1.365859e+003,8.727477e+000
1.366341e+003,8.786347e+000
1.366823e+003,8.815409e+000
1.367305e+003,8.822770e+000
1.367787e+003,8.818653e+000
1.368270e+003,8.811996e+000
1.368752e+003,8.807714e+000
1.369234e+003,8.805334e+000
1.369716e+003,8.799315e+000
1.370198e+003,8.780994e+000
1.370680e+003,8.741588e+000
1.371162e+003,8.675464e+000
1.371644e+003,8.582769e+000
1.372126e+003,8.470610e+000
1.372609e+003,8.352366e+000
1.373091e+003,8.245165e+000
1.373573e+003,8.166138e+000
1.374055e+003,8.128455e+000
1.374537e+003,8.138252e+000
1.375019e+003,8.193364e+000
1.375501e+003,8.284201e+000
1.375984e+003,8.396457e+000
1.376466e+003,8.514762e+000
1.376948e+003,8.626126e+000
1.377430e+003,8.722211e+000
1.377912e+003,8.799943e+000
1.378394e+003,8.860594e+000
1.378876e+003,8.907951e+000
1.379358e+003,8.946376e+000
1.379841e+003,8.979375e+000
1.380323e+003,9.008904e+000
1.380805e+003,9.035244e+000
1.381287e+003,9.057114e+000
1.381769e+003,9.071716e+000
1.382251e+003,9.074732e+000
1.382733e+003,9.060517e+000
1.383215e+003,9.022882e+000
1.383698e+003,8.956614e+000
1.384180e+003,8.859550e+000
1.384662e+003,8.734595e+000
1.385144e+003,8.590871e+000
1.385626e+003,8.443340e+000
1.386108e+003,8.310678e+000
1.386590e+003,8.211775e+000
1.387072e+003,8.161727e+000
1.387554e+003,8.168389e+000
1.388037e+003,8.230333e+000
1.388519e+003,8.336698e+000
1.389001e+003,8.468863e+000
1.389483e+003,8.603470e+000
1.389965e+003,8.716153e+000
1.390447e+003,8.785356e+000
1.390929e+003,8.795697e+000
1.391411e+003,8.740464e+000
1.391894e+003,8.622886e+000
1.392376e+003,8.455816e+000
1.392858e+003,8.259724e+000
1.393340e+003,8.059063e+000
1.393822e+003,7.877629e+000
1.394304e+003,7.733930e+000
1.394786e+003,7.637750e+000
1.395269e+003,7.588988e+000
1.395751e+003,7.579184e+000
1.396233e+003,7.595334e+000
1.396715e+003,7.624803e+000
1.397197e+003,7.659689e+000
1.397679e+003,7.699130e+000
1.398161e+003,7.748750e+000
1.398643e+003,7.817460e+000
1.399125e+003,7.912783e+000
1.399608e+003,8.036429e+000
1.400090e+003,8.181774e+000
1.400572e+003,8.334216e+000
1.401054e+003,8.474411e+000
1.401536e+003,8.583340e+000
1.402018e+003,8.647609e+000
1.402500e+003,8.663294e+000
1.402982e+003,8.637170e+000
1.403465e+003,8.584979e+000
1.403947e+003,8.527373e+000
1.404429e+003,8.484718e+000
1.404911e+003,8.472293e+000
1.405393e+003,8.497113e+000
1.405875e+003,8.557067e+000
1.406357e+003,8.642405e+000
1.406839e+003,8.738901e+000
1.407322e+003,8.831705e+000
1.407804e+003,8.908813e+000
1.408286e+003,8.963320e+000
1.408768e+003,8.994077e+000
1.409250e+003,9.004807e+000
1.409732e+003,9.002219e+000
1.410214e+003,8.993696e+000
1.410697e+003,8.985316e+000
1.411179e+003,8.980505e+000
1.411661e+003,8.979514e+000
1.412143e+003,8.979528e+000
1.412625e+003,8.975108e+000
1.413107e+003,8.958720e+000
1.413589e+003,8.921292e+000
1.414071e+003,8.852921e+000
1.414553e+003,8.744029e+000
1.415036e+003,8.587155e+000
1.415518e+003,8.379363e+000
1.416000e+003,8.124780e+000
1.416482e+003,7.836474e+000
1.416964e+003,7.536761e+000
1.417446e+003,7.255197e+000
1.417928e+003,7.024177e+000
1.418410e+003,6.872801e+000
1.418893e+003,6.820447e+000
1.419375e+003,6.871834e+000
1.419857e+003,7.015219e+000
1.420339e+003,7.224568e+000
1.420821e+003,7.465381e+000
1.421303e+003,7.702695e+000
1.421785e+003,7.908998e+000
1.422267e+003,8.069742e+000
1.422750e+003,8.184859e+000
1.423232e+003,8.265982e+000
1.423714e+003,8.330441e+000
1.424196e+003,8.394179e+000
1.424678e+003,8.465918e+000
1.425160e+003,8.544450e+000
1.425642e+003,8.619702e+000
1.426125e+003,8.676916e+000
1.426607e+003,8.702292e+000
1.427089e+003,8.688097e+000
1.427571e+003,8.635618e+000
1.428053e+003,8.555234e+000
1.428535e+003,8.463819e+000
1.429017e+003,8.380511e+000
1.429499e+003,8.322095e+000
1.429981e+003,8.299121e+000
1.430464e+003,8.313436e+000
1.430946e+003,8.357403e+000
1.431428e+003,8.414823e+000
1.431910e+003,8.463407e+000
1.432392e+003,8.478661e+000
1.432874e+003,8.438794e+000
1.433356e+003,8.330009e+000
1.433838e+003,8.151052e+000
1.434321e+003,7.915772e+000
1.434803e+003,7.652544e+000
1.435285e+003,7.400091e+000
1.435767e+003,7.200261e+000
1.436249e+003,7.089327e+000
1.436731e+003,7.090043e+000
1.437213e+003,7.206628e+000
1.437696e+003,7.424120e+000
1.438177e+003,7.712224e+000
1.438660e+003,8.032495e+000
1.439142e+003,8.346758e+000
1.439624e+003,8.624445e+000
1.440106e+003,8.847106e+000
1.440588e+003,9.009266e+000
1.441070e+003,9.116022e+000
1.441552e+003,9.178570e+000
1.442035e+003,9.209225e+000
1.442517e+003,9.217399e+000
1.442999e+003,9.207438e+000
1.443481e+003,9.178666e+000
1.443963e+003,9.127259e+000
1.444445e+003,9.049270e+000
1.444927e+003,8.943783e+000
1.445409e+003,8.815244e+000
1.445892e+003,8.674212e+000
1.446374e+003,8.536156e+000
1.446856e+003,8.418551e+000
1.447338e+003,8.336957e+000
1.447820e+003,8.301259e+000
1.448302e+003,8.313175e+000
1.448784e+003,8.365830e+000
1.449266e+003,8.445427e+000
1.449749e+003,8.534373e+000
1.450231e+003,8.614642e+000
1.450713e+003,8.670202e+000
1.451195e+003,8.687832e+000
1.451677e+003,8.656475e+000
1.452159e+003,8.566062e+000
1.452641e+003,8.407072e+000
1.453124e+003,8.171773e+000
1.453605e+003,7.857310e+000
1.454088e+003,7.469746e+000
1.454570e+003,7.027445e+000
1.455052e+003,6.562115e+000
1.455534e+003,6.116415e+000
1.456016e+003,5.738180e+000
1.456498e+003,5.472458e+000
1.456980e+003,5.353324e+000
1.457463e+003,5.397487e+000
1.457945e+003,5.601178e+000
1.458427e+003,5.940773e+000
1.458909e+003,6.376708e+000
1.459391e+003,6.859581e+000
1.459873e+003,7.337201e+000
1.460355e+003,7.761467e+000
1.460837e+003,8.094323e+000
1.461320e+003,8.312252e+000
1.461802e+003,8.408897e+000
1.462284e+003,8.395450e+000
1.462766e+003,8.298508e+000
1.463248e+003,8.155516e+000
1.463730e+003,8.008298e+000
1.464212e+003,7.895766e+000
1.464694e+003,7.847182e+000
1.465177e+003,7.877284e+000
1.465659e+003,7.984200e+000
1.466141e+003,8.150358e+000
1.466623e+003,8.346003e+000
1.467105e+003,8.534395e+000
1.467587e+003,8.677776e+000
1.468069e+003,8.743169e+000
1.468552e+003,8.707408e+000
1.469033e+003,8.560886e+000
1.469516e+003,8.309582e+000
1.469998e+003,7.974922e+000
1.470480e+003,7.591203e+000
1.470962e+003,7.200624e+000
1.471444e+003,6.846591e+000
1.471926e+003,6.566585e+000
1.472408e+003,6.386178e+000
1.472891e+003,6.315722e+000
1.473373e+003,6.350515e+000
1.473855e+003,6.474241e+000
1.474337e+003,6.664494e+000
1.474819e+003,6.898520e+000
1.475301e+003,7.157433e+000
1.475783e+003,7.427842e+000
1.476265e+003,7.700901e+000
1.476748e+003,7.969783e+000
1.477230e+003,8.227124e+000
1.477712e+003,8.463826e+000
1.478194e+003,8.669817e+000
1.478676e+003,8.836489e+000
1.479158e+003,8.959593e+000
1.479640e+003,9.041243e+000
1.480122e+003,9.089877e+000
1.480604e+003,9.117986e+000
1.481087e+003,9.138222e+000
1.481569e+003,9.159263e+000
1.482051e+003,9.182845e+000
1.482533e+003,9.203034e+000
1.483015e+003,9.207893e+000
1.483497e+003,9.182955e+000
1.483979e+003,9.115275e+000
1.484461e+003,8.996801e+000
1.484944e+003,8.826146e+000
1.485426e+003,8.608582e+000
1.485908e+003,8.354693e+000
1.486390e+003,8.078506e+000
1.486872e+003,7.795974e+000
1.487354e+003,7.524165e+000
1.487836e+003,7.281078e+000
1.488319e+003,7.085423e+000
1.488801e+003,6.955606e+000
1.489283e+003,6.907466e+000
1.489765e+003,6.950808e+000
1.490247e+003,7.085599e+000
1.490729e+003,7.299076e+000
1.491211e+003,7.565118e+000
1.491693e+003,7.846736e+000
1.492176e+003,8.101624e+000
1.492658e+003,8.289777e+000
1.493140e+003,8.381366e+000
1.493622e+003,8.362861e+000
1.494104e+003,8.239773e+000
1.494586e+003,8.035287e+000
1.495068e+003,7.785203e+000
1.495550e+003,7.530583e+000
1.496032e+003,7.310000e+000
1.496515e+003,7.153267e+000
1.496997e+003,7.077873e+000
1.497479e+003,7.088439e+000
1.497961e+003,7.178657e+000
1.498443e+003,7.334525e+000
1.498925e+003,7.537598e+000
1.499407e+003,7.767257e+000
1.499890e+003,8.001640e+000
1.500372e+003,8.217515e+000
1.500854e+003,8.389905e+000
1.501336e+003,8.492420e+000
1.501818e+003,8.499032e+000
1.502300e+003,8.387517e+000
1.502782e+003,8.144099e+000
1.503264e+003,7.768283e+000
1.503747e+003,7.276415e+000
1.504229e+003,6.702697e+000
1.504711e+003,6.096758e+000
1.505193e+003,5.517686e+000
1.505675e+003,5.025414e+000
1.506157e+003,4.671100e+000
1.506639e+003,4.488581e+000
1.507121e+003,4.488908e+000
1.507604e+003,4.659280e+000
1.508086e+003,4.966639e+000
1.508568e+003,5.365015e+000
1.509050e+003,5.804729e+000
1.509532e+003,6.241128e+000
1.510014e+003,6.640749e+000
1.510496e+003,6.983651e+000
1.510979e+003,7.261894e+000
1.511460e+003,7.475288e+000
1.511943e+003,7.626356e+000
1.512425e+003,7.716490e+000
1.512907e+003,7.744709e+000
1.513389e+003,7.709250e+000
1.513871e+003,7.611040e+000
1.514353e+003,7.457244e+000
1.514835e+003,7.262969e+000
1.515318e+003,7.049883e+000
1.515800e+003,6.841732e+000
1.516282e+003,6.658144e+000
1.516764e+003,6.508944e+000
1.517246e+003,6.391316e+000
1.517728e+003,6.291225e+000
1.518210e+003,6.188986e+000
1.518692e+003,6.067259e+000
1.519175e+003,5.918687e+000
1.519657e+003,5.750318e+000
1.520139e+003,5.583071e+000
1.520621e+003,5.446191e+000
1.521103e+003,5.368527e+000
1.521585e+003,5.369610e+000
1.522067e+003,5.453581e+000
1.522549e+003,5.608024e+000
1.523031e+003,5.807903e+000
1.523514e+003,6.023133e+000
1.523996e+003,6.227091e+000
1.524478e+003,6.403306e+000
1.524960e+003,6.548392e+000
1.525442e+003,6.670761e+000
1.525924e+003,6.785980e+000
1.526406e+003,6.910597e+000
1.526888e+003,7.056334e+000
1.527371e+003,7.226080e+000
1.527853e+003,7.412411e+000
1.528335e+003,7.598544e+000
1.528817e+003,7.761345e+000
1.529299e+003,7.875784e+000
1.529781e+003,7.920191e+000
1.530263e+003,7.881594e+000
1.530746e+003,7.760088e+000
1.531228e+003,7.571099e+000
1.531710e+003,7.344365e+000
1.532192e+003,7.119105e+000
1.532674e+003,6.935796e+000
1.533156e+003,6.826224e+000
1.533638e+003,6.804401e+000
1.534120e+003,6.861095e+000
1.534603e+003,6.964025e+000
1.535085e+003,7.064202e+000
1.535567e+003,7.107083e+000
1.536049e+003,7.045685e+000
1.536531e+003,6.852165e+000
1.537013e+003,6.524820e+000
1.537495e+003,6.088825e+000
1.537977e+003,5.590779e+000
1.538459e+003,5.088795e+000
1.538942e+003,4.640806e+000
1.539424e+003,4.293981e+000
1.539906e+003,4.077472e+000
1.540388e+003,3.999720e+000
1.540870e+003,4.050307e+000
1.541352e+003,4.205385e+000
1.541834e+003,4.434980e+000
1.542316e+003,4.710278e+000
1.542799e+003,5.009105e+000
1.543281e+003,5.318415e+000
1.543763e+003,5.633410e+000
1.544245e+003,5.953903e+000
1.544727e+003,6.279387e+000
1.545209e+003,6.604701e+000
1.545691e+003,6.918013e+000
1.546174e+003,7.202025e+000
1.546656e+003,7.438095e+000
1.547138e+003,7.611783e+000
1.547620e+003,7.717676e+000
1.548102e+003,7.761497e+000
1.548584e+003,7.758509e+000
1.549066e+003,7.728625e+000
1.549548e+003,7.690026e+000
1.550031e+003,7.653646e+000
1.550513e+003,7.620577e+000
1.550995e+003,7.583251e+000
1.551477e+003,7.529657e+000
1.551959e+003,7.448660e+000
1.552441e+003,7.334072e+000
1.552923e+003,7.185771e+000
1.553405e+003,7.007573e+000
1.553887e+003,6.803061e+000
1.554370e+003,6.571642e+000
1.554852e+003,6.307084e+000
1.555334e+003,5.999827e+000
1.555816e+003,5.642739e+000
1.556298e+003,5.238394e+000
1.556780e+003,4.805041e+000
1.557262e+003,4.378558e+000
1.557744e+003,4.008889e+000
1.558227e+003,3.751223e+000
1.558709e+003,3.654043e+000
1.559191e+003,3.747276e+000
1.559673e+003,4.033980e+000
1.560155e+003,4.488069e+000
1.560637e+003,5.058877e+000
1.561119e+003,5.681411e+000
1.561602e+003,6.289559e+000
1.562083e+003,6.828741e+000
1.562566e+003,7.264703e+000
1.563048e+003,7.586473e+000
1.563530e+003,7.803109e+000
1.564012e+003,7.935854e+000
1.564494e+003,8.008472e+000
1.564976e+003,8.038963e+000
1.565458e+003,8.035208e+000
1.565941e+003,7.995638e+000
1.566423e+003,7.914271e+000
1.566905e+003,7.787933e+000
1.567387e+003,7.622825e+000
1.567869e+003,7.437762e+000
1.568351e+003,7.262664e+000
1.568833e+003,7.132436e+000
1.569315e+003,7.077990e+000
1.569798e+003,7.117108e+000
1.570280e+003,7.247972e+000
1.570762e+003,7.447423e+000
1.571244e+003,7.674645e+000
1.571726e+003,7.879516e+000
1.572208e+003,8.013593e+000
1.572690e+003,8.041120e+000
1.573172e+003,7.947416e+000
1.573655e+003,7.742764e+000
1.574137e+003,7.460886e+000
1.574619e+003,7.152411e+000
1.575101e+003,6.874766e+000
1.575583e+003,6.680752e+000
1.576065e+003,6.608317e+000
1.576547e+003,6.673758e+000
1.577030e+003,6.869741e+000
1.577511e+003,7.168412e+000
1.577994e+003,7.528577e+000
1.578476e+003,7.905004e+000
1.578958e+003,8.257463e+000
1.579440e+003,8.557360e+000
1.579922e+003,8.790709e+000
1.580404e+003,8.957275e+000
1.580886e+003,9.066820e+000
1.581369e+003,9.134061e+000
1.581851e+003,9.173978e+000
1.582333e+003,9.198627e+000
1.582815e+003,9.215909e+000
1.583297e+003,9.229937e+000
1.583779e+003,9.242273e+000
1.584261e+003,9.253208e+000
1.584743e+003,9.262605e+000
1.585226e+003,9.270195e+000
1.585708e+003,9.275543e+000
1.586190e+003,9.278012e+000
1.586672e+003,9.276921e+000
1.587154e+003,9.271903e+000
1.587636e+003,9.263237e+000
1.588118e+003,9.251945e+000
1.588600e+003,9.239538e+000
1.589083e+003,9.227482e+000
1.589565e+003,9.216611e+000
1.590047e+003,9.206772e+000
1.590529e+003,9.196865e+000
1.591011e+003,9.185281e+000
1.591493e+003,9.170563e+000
1.591975e+003,9.152086e+000
1.592458e+003,9.130475e+000
1.592939e+003,9.107695e+000
1.593422e+003,9.086776e+000
1.593904e+003,9.071282e+000
1.594386e+003,9.064606e+000
1.594868e+003,9.069273e+000
1.595350e+003,9.086331e+000
1.595832e+003,9.114973e+000
1.596314e+003,9.152462e+000
1.596797e+003,9.194455e+000
1.597279e+003,9.235680e+000
1.597761e+003,9.270867e+000
1.598243e+003,9.295719e+000
1.598725e+003,9.307695e+000
1.599207e+003,9.306400e+000
1.599689e+003,9.293549e+000
1.600171e+003,9.272499e+000
1.600654e+003,9.247555e+000
1.601136e+003,9.223189e+000
1.601618e+003,9.203317e+000
1.602100e+003,9.190694e+000
1.602582e+003,9.186468e+000
1.603064e+003,9.189919e+000
1.603546e+003,9.198465e+000
1.604028e+003,9.208025e+000
1.604510e+003,9.213774e+000
1.604993e+003,9.211230e+000
1.605475e+003,9.197437e+000
1.605957e+003,9.171894e+000
1.606439e+003,9.136957e+000
1.606921e+003,9.097504e+000
1.607403e+003,9.059988e+000
1.607885e+003,9.031132e+000
1.608367e+003,9.016640e+000
1.608850e+003,9.020206e+000
1.609332e+003,9.042869e+000
1.609814e+003,9.082587e+000
1.610296e+003,9.133862e+000
1.610778e+003,9.187315e+000
1.611260e+003,9.229490e+000
1.611742e+003,9.243351e+000
1.612225e+003,9.210027e+000
1.612707e+003,9.112060e+000
1.613189e+003,8.937867e+000
1.613671e+003,8.686450e+000
1.614153e+003,8.370905e+000
1.614635e+003,8.019256e+000
1.615117e+003,7.671697e+000
1.615599e+003,7.374226e+000
1.616082e+003,7.169827e+000
1.616564e+003,7.089200e+000
1.617046e+003,7.143385e+000
1.617528e+003,7.320303e+000
1.618010e+003,7.586264e+000
1.618492e+003,7.892282e+000
1.618974e+003,8.183814e+000
1.619456e+003,8.411686e+000
1.619938e+003,8.541759e+000
1.620421e+003,8.561132e+000
1.620903e+003,8.479615e+000
1.621385e+003,8.326231e+000
1.621867e+003,8.141736e+000
1.622349e+003,7.968965e+000
1.622831e+003,7.843353e+000
1.623313e+003,7.785892e+000
1.623796e+003,7.800083e+000
1.624278e+003,7.873487e+000
1.624760e+003,7.983145e+000
1.625242e+003,8.103207e+000
1.625724e+003,8.212510e+000
1.626206e+003,8.299963e+000
1.626688e+003,8.366364e+000
1.627170e+003,8.422394e+000
1.627653e+003,8.483599e+000
1.628135e+003,8.564137e+000
1.628617e+003,8.671042e+000
1.629099e+003,8.800631e+000
1.629581e+003,8.937742e+000
1.630063e+003,9.057828e+000
1.630545e+003,9.131186e+000
1.631027e+003,9.128392e+000
1.631510e+003,9.025970e+000
1.631992e+003,8.811447e+000
1.632474e+003,8.487143e+000
1.632956e+003,8.072028e+000
1.633438e+003,7.601096e+000
1.633920e+003,7.121874e+000
1.634402e+003,6.688165e+000
1.634885e+003,6.351763e+000
1.635366e+003,6.153662e+000
1.635849e+003,6.116675e+000
1.636331e+003,6.241356e+000
1.636813e+003,6.506397e+000
1.637295e+003,6.873533e+000
1.637777e+003,7.295674e+000
1.638259e+003,7.726076e+000
1.638741e+003,8.126131e+000
1.639224e+003,8.469858e+000
1.639706e+003,8.744333e+000
1.640188e+003,8.946609e+000
1.640670e+003,9.078660e+000
1.641152e+003,9.142408e+000
1.641634e+003,9.136513e+000
1.642116e+003,9.055955e+000
1.642598e+003,8.894365e+000
1.643081e+003,8.648238e+000
1.643563e+003,8.321612e+000
1.644045e+003,7.929710e+000
1.644527e+003,7.500257e+000
1.645009e+003,7.071746e+000
1.645491e+003,6.688513e+000
1.645973e+003,6.393257e+000
1.646455e+003,6.218272e+000
1.646938e+003,6.177253e+000
1.647420e+003,6.259745e+000
1.647902e+003,6.430128e+000
1.648384e+003,6.632185e+000
1.648866e+003,6.799116e+000
1.649348e+003,6.867291e+000
1.649830e+003,6.790839e+000
1.650313e+003,6.553509e+000
1.650794e+003,6.174609e+000
1.651277e+003,5.707126e+000
1.651759e+003,5.228054e+000
1.652241e+003,4.823094e+000
1.652723e+003,4.569293e+000
1.653205e+003,4.519838e+000
1.653687e+003,4.694513e+000
1.654169e+003,5.077741e+000
1.654652e+003,5.624135e+000
1.655134e+003,6.269520e+000
1.655616e+003,6.944248e+000
1.656098e+003,7.585373e+000
1.656580e+003,8.145083e+000
1.657062e+003,8.594133e+000
1.657544e+003,8.920656e+000
1.658026e+003,9.125946e+000
1.658509e+003,9.219399e+000
1.658991e+003,9.214525e+000
1.659473e+003,9.127124e+000
1.659955e+003,8.975552e+000
1.660437e+003,8.781991e+000
1.660919e+003,8.573194e+000
1.661401e+003,8.379346e+000
1.661883e+003,8.230477e+000
1.662365e+003,8.150978e+000
1.662848e+003,8.153665e+000
1.663330e+003,8.235377e+000
1.663812e+003,8.375766e+000
1.664294e+003,8.540135e+000
1.664776e+003,8.685967e+000
1.665258e+003,8.771682e+000
1.665740e+003,8.765499e+000
1.666222e+003,8.652302e+000
1.666705e+003,8.436938e+000
1.667187e+003,8.143366e+000
1.667669e+003,7.810012e+000
1.668151e+003,7.482447e+000
1.668633e+003,7.204870e+000
1.669115e+003,7.011988e+000
1.669597e+003,6.922669e+000
1.670080e+003,6.936563e+000
1.670562e+003,7.034394e+000
1.671044e+003,7.182165e+000
1.671526e+003,7.338706e+000
1.672008e+003,7.465217e+000
1.672490e+003,7.534607e+000
1.672972e+003,7.538270e+000
1.673454e+003,7.488171e+000
1.673937e+003,7.413363e+000
1.674419e+003,7.351642e+000
1.674901e+003,7.338644e+000
1.675383e+003,7.397603e+000
1.675865e+003,7.532918e+000
1.676347e+003,7.729351e+000
1.676829e+003,7.956780e+000
1.677311e+003,8.178537e+000
1.677793e+003,8.360207e+000
1.678276e+003,8.475982e+000
1.678758e+003,8.510863e+000
1.679240e+003,8.458985e+000
1.679722e+003,8.319957e+000
1.680204e+003,8.095778e+000
1.680686e+003,7.790395e+000
1.681168e+003,7.412338e+000
1.681650e+003,6.979129e+000
1.682133e+003,6.520893e+000
1.682615e+003,6.080531e+000
1.683097e+003,5.709034e+000
1.683579e+003,5.456409e+000
1.684061e+003,5.360625e+000
1.684543e+003,5.438037e+000
1.685025e+003,5.678492e+000
1.685508e+003,6.046910e+000
1.685990e+003,6.491085e+000
1.686472e+003,6.953425e+000
1.686954e+003,7.383302e+000
1.687436e+003,7.746598e+000
1.687918e+003,8.030107e+000
1.688400e+003,8.240048e+000
1.688882e+003,8.395650e+000
1.689365e+003,8.519932e+000
1.689847e+003,8.630456e+000
1.690329e+003,8.732522e+000
1.690811e+003,8.816596e+000
1.691293e+003,8.860620e+000
1.691775e+003,8.836584e+000
1.692257e+003,8.719629e+000
1.692739e+003,8.497114e+000
1.693221e+003,8.174911e+000
1.693704e+003,7.778777e+000
1.694186e+003,7.349849e+000
1.694668e+003,6.935165e+000
1.695150e+003,6.575800e+000
1.695632e+003,6.296245e+000
1.696114e+003,6.098641e+000
1.696596e+003,5.964055e+000
1.697078e+003,5.860750e+000
1.697561e+003,5.756883e+000
1.698043e+003,5.633361e+000
1.698525e+003,5.492275e+000
1.699007e+003,5.357730e+000
1.699489e+003,5.268504e+000
1.699971e+003,5.264892e+000
1.700453e+003,5.374254e+000
1.700936e+003,5.600307e+000
1.701417e+003,5.919944e+000
1.701900e+003,6.288702e+000
1.702382e+003,6.653012e+000
1.702864e+003,6.965043e+000
1.703346e+003,7.195257e+000
1.703828e+003,7.338800e+000
1.704310e+003,7.414124e+000
1.704792e+003,7.454959e+000
1.705275e+003,7.498827e+000
1.705757e+003,7.576036e+000
1.706239e+003,7.702445e+000
1.706721e+003,7.877592e+000
1.707203e+003,8.087733e+000
1.707685e+003,8.311827e+000
1.708167e+003,8.527885e+000
1.708649e+003,8.717623e+000
1.709132e+003,8.868370e+000
1.709614e+003,8.972549e+000
1.710096e+003,9.025826e+000
1.710578e+003,9.025272e+000
1.711060e+003,8.968486e+000
1.711542e+003,8.853830e+000
1.712024e+003,8.681443e+000
1.712506e+003,8.454251e+000
1.712989e+003,8.178491e+000
1.713471e+003,7.863597e+000
1.713953e+003,7.521778e+000
1.714435e+003,7.167713e+000
1.714917e+003,6.818682e+000
1.715399e+003,6.494918e+000
1.715881e+003,6.219614e+000
1.716364e+003,6.017800e+000
1.716845e+003,5.913629e+000
1.717328e+003,5.926176e+000
1.717810e+003,6.064682e+000
1.718292e+003,6.324655e+000
1.718774e+003,6.686312e+000
1.719256e+003,7.116349e+000
1.719738e+003,7.573009e+000
1.720220e+003,8.013416e+000
1.720703e+003,8.401334e+000
1.721185e+003,8.713345e+000
1.721667e+003,8.941824e+000
1.722149e+003,9.094103e+000
1.722631e+003,9.188235e+000
1.723113e+003,9.246748e+000
1.723595e+003,9.290176e+000
1.724077e+003,9.332068e+000
1.724560e+003,9.376592e+000
1.725042e+003,9.419046e+000
1.725524e+003,9.448768e+000
1.726006e+003,9.453352e+000
1.726488e+003,9.422833e+000
1.726970e+003,9.352597e+000
1.727452e+003,9.244219e+000
1.727934e+003,9.104044e+000
1.728417e+003,8.940044e+000
1.728899e+003,8.758075e+000
1.729381e+003,8.558975e+000
1.729863e+003,8.337839e+000
1.730345e+003,8.086182e+000
1.730827e+003,7.796735e+000
1.731309e+003,7.469525e+000
1.731792e+003,7.117118e+000
1.732273e+003,6.766746e+000
1.732756e+003,6.457738e+000
1.733238e+003,6.234143e+000
1.733720e+003,6.134081e+000
1.734202e+003,6.178843e+000
1.734684e+003,6.365215e+000
1.735166e+003,6.663813e+000
1.735648e+003,7.024511e+000
1.736131e+003,7.387717e+000
1.736613e+003,7.698358e+000
1.737095e+003,7.918442e+000
1.737577e+003,8.034529e+000
1.738059e+003,8.058137e+000
1.738541e+003,8.019438e+000
1.739023e+003,7.956672e+000
1.739505e+003,7.904927e+000
1.739988e+003,7.887695e+000
1.740470e+003,7.913315e+000
1.740952e+003,7.976476e+000
1.741434e+003,8.063283e+000
1.741916e+003,8.157388e+000
1.742398e+003,8.244902e+000
1.742880e+003,8.316712e+000
1.743362e+003,8.368174e+000
1.743844e+003,8.397186e+000
1.744327e+003,8.402107e+000
1.744809e+003,8.380648e+000
1.745291e+003,8.330140e+000
1.745773e+003,8.248862e+000
1.746255e+003,8.137587e+000
1.746737e+003,8.000588e+000
1.747219e+003,7.845790e+000
1.747702e+003,7.684149e+000
1.748184e+003,7.528757e+000
1.748666e+003,7.393991e+000
1.749148e+003,7.294794e+000
1.749630e+003,7.245735e+000
1.750112e+003,7.259444e+000
1.750594e+003,7.344176e+000
1.751076e+003,7.500886e+000
1.751559e+003,7.720739e+000
1.752041e+003,7.984274e+000
1.752523e+003,8.263197e+000
1.753005e+003,8.525002e+000
1.753487e+003,8.739576e+000
1.753969e+003,8.886029e+000
1.754451e+003,8.957628e+000
1.754933e+003,8.963130e+000
1.755416e+003,8.923833e+000
1.755898e+003,8.867093e+000
1.756380e+003,8.818243e+000
1.756862e+003,8.793407e+000
1.757344e+003,8.795504e+000
1.757826e+003,8.814632e+000
1.758308e+003,8.832664e+000
1.758791e+003,8.830488e+000
1.759272e+003,8.795505e+000
1.759755e+003,8.726966e+000
1.760237e+003,8.637432e+000
1.760719e+003,8.549883e+000
1.761201e+003,8.491334e+000
1.761683e+003,8.484905e+000
1.762165e+003,8.542687e+000
1.762647e+003,8.661542e+000
1.763130e+003,8.823077e+000
1.763612e+003,8.997799e+000
1.764094e+003,9.152268e+000
1.764576e+003,9.257161e+000
1.765058e+003,9.293934e+000
1.765540e+003,9.258198e+000
1.766022e+003,9.158957e+000
1.766504e+003,9.014117e+000
1.766987e+003,8.843918e+000
1.767469e+003,8.664511e+000
1.767951e+003,8.483892e+000
1.768433e+003,8.301511e+000
1.768915e+003,8.111549e+000
1.769397e+003,7.908593e+000
1.769879e+003,7.693453e+000
1.770361e+003,7.476873e+000
1.770844e+003,7.279578e+000
1.771326e+003,7.128461e+000
1.771808e+003,7.050073e+000
1.772290e+003,7.063558e+000
1.772772e+003,7.175320e+000
1.773254e+003,7.377063e+000
1.773736e+003,7.647606e+000
1.774219e+003,7.957641e+000
1.774700e+003,8.275737e+000
1.775183e+003,8.573790e+000
1.775665e+003,8.830598e+000
1.776147e+003,9.033172e+000
1.776629e+003,9.176267e+000
1.777111e+003,9.261024e+000
1.777593e+003,9.293566e+000
1.778075e+003,9.283927e+000
1.778558e+003,9.245185e+000
1.779040e+003,9.192287e+000
1.779522e+003,9.140246e+000
1.780004e+003,9.101730e+000
1.780486e+003,9.084675e+000
1.780968e+003,9.090743e+000
1.781450e+003,9.115428e+000
1.781932e+003,9.149992e+000
1.782415e+003,9.184749e+000
1.782897e+003,9.212601e+000
1.783379e+003,9.231563e+000
1.783861e+003,9.245296e+000
1.784343e+003,9.261451e+000
1.784825e+003,9.288328e+000
1.785307e+003,9.331026e+000
1.785789e+003,9.388351e+000
1.786271e+003,9.451524e+000
1.786754e+003,9.505076e+000
1.787236e+003,9.529738e+000
1.787718e+003,9.506548e+000
1.788200e+003,9.421244e+000
1.788682e+003,9.267984e+000
1.789164e+003,9.051633e+000
1.789646e+003,8.788169e+000
1.790128e+003,8.503062e+000
1.790611e+003,8.227753e+000
1.791093e+003,7.994771e+000
1.791575e+003,7.832306e+000
1.792057e+003,7.759266e+000
1.792539e+003,7.781918e+000
1.793021e+003,7.892900e+000
1.793503e+003,8.072885e+000
1.793986e+003,8.294499e+000
1.794468e+003,8.527516e+000
1.794950e+003,8.744025e+000
1.795432e+003,8.922423e+000
1.795914e+003,9.049504e+000
1.796396e+003,9.120615e+000
1.796878e+003,9.138355e+000
1.797360e+003,9.110657e+000
1.797843e+003,9.048903e+000
1.798325e+003,8.966527e+000
1.798807e+003,8.877989e+000
1.799289e+003,8.797848e+000
1.799771e+003,8.739620e+000
1.800253e+003,8.714301e+000
1.800735e+003,8.728802e+000
1.801217e+003,8.784764e+000
1.801699e+003,8.878207e+000
1.802182e+003,9.000272e+000
1.802664e+003,9.138898e+000
1.803146e+003,9.281030e+000
1.803628e+003,9.414702e+000
1.804110e+003,9.530505e+000
1.804592e+003,9.622197e+000
1.805074e+003,9.686508e+000
1.805556e+003,9.722486e+000
1.806039e+003,9.730770e+000
1.806521e+003,9.713117e+000
1.807003e+003,9.672275e+000
1.807485e+003,9.612166e+000
1.807967e+003,9.538165e+000
1.808449e+003,9.457227e+000
1.808931e+003,9.377727e+000
1.809414e+003,9.308854e+000
1.809896e+003,9.259627e+000
1.810378e+003,9.237581e+000
1.810860e+003,9.247392e+000
1.811342e+003,9.289734e+000
1.811824e+003,9.360689e+000
1.812306e+003,9.452049e+000
1.812788e+003,9.552556e+000
1.813271e+003,9.649956e+000
1.813753e+003,9.733412e+000
1.814235e+003,9.795624e+000
1.814717e+003,9.834058e+000
1.815199e+003,9.850969e+000
1.815681e+003,9.852188e+000
1.816163e+003,9.845181e+000
1.816645e+003,9.836982e+000
1.817127e+003,9.832663e+000
1.817610e+003,9.834650e+000
1.818092e+003,9.842838e+000
1.818574e+003,9.855137e+000
1.819056e+003,9.868011e+000
1.819538e+003,9.876737e+000
1.820020e+003,9.875452e+000
1.820502e+003,9.857362e+000
1.820984e+003,9.815536e+000
1.821467e+003,9.744493e+000
1.821949e+003,9.642295e+000
1.822431e+003,9.512446e+000
1.822913e+003,9.364636e+000
1.823395e+003,9.213608e+000
1.823877e+003,9.076048e+000
1.824359e+003,8.966189e+000
1.824842e+003,8.891488e+000
1.825323e+003,8.849956e+000
1.825806e+003,8.830321e+000
1.826288e+003,8.815312e+000
1.826770e+003,8.787230e+000
1.827252e+003,8.734115e+000
1.827734e+003,8.654441e+000
1.828216e+003,8.558732e+000
1.828698e+003,8.467388e+000
1.829181e+003,8.405334e+000
1.829663e+003,8.395094e+000
1.830145e+003,8.450422e+000
1.830627e+003,8.572399e+000
1.831109e+003,8.749057e+000
1.831591e+003,8.958465e+000
1.832073e+003,9.174170e+000
1.832555e+003,9.371256e+000
1.833038e+003,9.531321e+000
1.833520e+003,9.645153e+000
1.834002e+003,9.712807e+000
1.834484e+003,9.741555e+000
1.834966e+003,9.742728e+000
1.835448e+003,9.728578e+000
1.835930e+003,9.709915e+000
1.836412e+003,9.694848e+000
1.836895e+003,9.688330e+000
1.837377e+003,9.692084e+000
1.837859e+003,9.704462e+000
1.838341e+003,9.720137e+000
1.838823e+003,9.729934e+000
1.839305e+003,9.721329e+000
1.839787e+003,9.680082e+000
1.840270e+003,9.593157e+000
1.840751e+003,9.452414e+000
1.841234e+003,9.258179e+000
1.841716e+003,9.021426e+000
1.842198e+003,8.763612e+000
1.842680e+003,8.513741e+000
1.843162e+003,8.303138e+000
1.843644e+003,8.159157e+000
1.844126e+003,8.099503e+000
1.844609e+003,8.128713e+000
1.845091e+003,8.237808e+000
1.845573e+003,8.407048e+000
1.846055e+003,8.610983e+000
1.846537e+003,8.824191e+000
1.847019e+003,9.026146e+000
1.847501e+003,9.204018e+000
1.847983e+003,9.352973e+000
1.848466e+003,9.474408e+000
1.848948e+003,9.573076e+000
1.849430e+003,9.654238e+000
1.849912e+003,9.721776e+000
1.850394e+003,9.777586e+000
1.850876e+003,9.822083e+000
1.851358e+003,9.855265e+000
1.851840e+003,9.877679e+000
1.852323e+003,9.890859e+000
1.852805e+003,9.897107e+000
1.853287e+003,9.898869e+000
1.853769e+003,9.898036e+000
1.854251e+003,9.895549e+000
1.854733e+003,9.891432e+000
1.855215e+003,9.885199e+000
1.855698e+003,9.876398e+000
1.856179e+003,9.865044e+000
1.856662e+003,9.851776e+000
1.857144e+003,9.837724e+000
1.857626e+003,9.824199e+000
1.858108e+003,9.812379e+000
1.858590e+003,9.803105e+000
1.859072e+003,9.796816e+000
1.859554e+003,9.793585e+000
1.860037e+003,9.793151e+000
1.860519e+003,9.794872e+000
1.861001e+003,9.797587e+000
1.861483e+003,9.799389e+000
1.861965e+003,9.797427e+000
1.862447e+003,9.787778e+000
1.862929e+003,9.765483e+000
1.863411e+003,9.724849e+000
1.863894e+003,9.660030e+000
1.864376e+003,9.565988e+000
1.864858e+003,9.439755e+000
1.865340e+003,9.281863e+000
1.865822e+003,9.097623e+000
1.866304e+003,8.897827e+000
1.866786e+003,8.698455e+000
1.867268e+003,8.519114e+000
1.867750e+003,8.380276e+000
1.868233e+003,8.299754e+000
1.868715e+003,8.289198e+000
1.869197e+003,8.351498e+000
1.869679e+003,8.479874e+000
1.870161e+003,8.658954e+000
1.870643e+003,8.867667e+000
1.871125e+003,9.083213e+000
1.871608e+003,9.285100e+000
1.872090e+003,9.458278e+000
1.872572e+003,9.594725e+000
1.873054e+003,9.693277e+000
1.873536e+003,9.758093e+000
1.874018e+003,9.796365e+000
1.874500e+003,9.816045e+000
1.874982e+003,9.824122e+000
1.875465e+003,9.825752e+000
1.875947e+003,9.824165e+000
1.876429e+003,9.821090e+000
1.876911e+003,9.817358e+000
1.877393e+003,9.813440e+000
1.877875e+003,9.809716e+000
1.878357e+003,9.806542e+000
1.878839e+003,9.804139e+000
1.879322e+003,9.802445e+000
1.879804e+003,9.801028e+000
1.880286e+003,9.799099e+000
1.880768e+003,9.795698e+000
1.881250e+003,9.789983e+000
1.881732e+003,9.781546e+000
1.882214e+003,9.770652e+000
1.882697e+003,9.758228e+000
1.883178e+003,9.745531e+000
1.883661e+003,9.733456e+000
1.884143e+003,9.721753e+000
1.884625e+003,9.708374e+000
1.885107e+003,9.689380e+000
1.885589e+003,9.659635e+000
1.886071e+003,9.614275e+000
1.886553e+003,9.550638e+000
1.887036e+003,9.470037e+000
1.887518e+003,9.378669e+000
1.888000e+003,9.287165e+000
1.888482e+003,9.208654e+000
1.888964e+003,9.155747e+000
1.889446e+003,9.137267e+000
1.889928e+003,9.155740e+000
1.890410e+003,9.206465e+000
1.890893e+003,9.278527e+000
1.891375e+003,9.357502e+000
1.891857e+003,9.429051e+000
1.892339e+003,9.482362e+000
1.892821e+003,9.512436e+000
1.893303e+003,9.520671e+000
1.893785e+003,9.513699e+000
1.894267e+003,9.500960e+000
1.894750e+003,9.491908e+000
1.895232e+003,9.493582e+000
1.895714e+003,9.509222e+000
1.896196e+003,9.538095e+000
1.896678e+003,9.576366e+000
1.897160e+003,9.618579e+000
1.897642e+003,9.659217e+000
1.898125e+003,9.693932e+000
1.898606e+003,9.720194e+000
1.899089e+003,9.737360e+000
1.899571e+003,9.746295e+000
1.900053e+003,9.748758e+000
1.900535e+003,9.746795e+000
1.901017e+003,9.742246e+000
1.901499e+003,9.736479e+000
1.901981e+003,9.730297e+000
1.902464e+003,9.723986e+000
1.902946e+003,9.717379e+000
1.903428e+003,9.709929e+000
1.903910e+003,9.700732e+000
1.904392e+003,9.688568e+000
1.904874e+003,9.672001e+000
1.905356e+003,9.649634e+000
1.905838e+003,9.620521e+000
1.906321e+003,9.584665e+000
1.906803e+003,9.543450e+000
1.907285e+003,9.499824e+000
1.907767e+003,9.458076e+000
1.908249e+003,9.423200e+000
1.908731e+003,9.399933e+000
1.909213e+003,9.391759e+000
1.909695e+003,9.400138e+000
1.910177e+003,9.424200e+000
1.910660e+003,9.460934e+000
1.911142e+003,9.505741e+000
1.911624e+003,9.553096e+000
1.912106e+003,9.597079e+000
1.912588e+003,9.631658e+000
1.913070e+003,9.650835e+000
1.913552e+003,9.648925e+000
1.914034e+003,9.621200e+000
1.914517e+003,9.565022e+000
1.914999e+003,9.481212e+000
1.915481e+003,9.375160e+000
1.915963e+003,9.257105e+000
1.916445e+003,9.141026e+000
1.916927e+003,9.042200e+000
1.917409e+003,8.973830e+000
1.917892e+003,8.943740e+000
1.918374e+003,8.952180e+000
1.918856e+003,8.991596e+000
1.919338e+003,9.048622e+000
1.919820e+003,9.107752e+000
1.920302e+003,9.155635e+000
1.920784e+003,9.184640e+000
1.921266e+003,9.194566e+000
1.921749e+003,9.192049e+000
1.922231e+003,9.187924e+000
1.922713e+003,9.193539e+000
1.923195e+003,9.217216e+000
1.923677e+003,9.261997e+000
1.924159e+003,9.325191e+000
1.924641e+003,9.399697e+000
1.925123e+003,9.476390e+000
1.925605e+003,9.546716e+000
1.926088e+003,9.604656e+000
1.926570e+003,9.647581e+000
1.927052e+003,9.675992e+000
1.927534e+003,9.692487e+000
1.928016e+003,9.700483e+000
1.928498e+003,9.703130e+000
1.928980e+003,9.702704e+000
1.929462e+003,9.700533e+000
1.929945e+003,9.697227e+000
1.930427e+003,9.693077e+000
1.930909e+003,9.688368e+000
1.931391e+003,9.683536e+000
1.931873e+003,9.679143e+000
1.932355e+003,9.675753e+000
1.932837e+003,9.673766e+000
1.933320e+003,9.673322e+000
1.933802e+003,9.674266e+000
1.934284e+003,9.676246e+000
1.934766e+003,9.678817e+000
1.935248e+003,9.681562e+000
1.935730e+003,9.684069e+000
1.936212e+003,9.685747e+000
1.936694e+003,9.685495e+000
1.937177e+003,9.681347e+000
1.937659e+003,9.670280e+000
1.938141e+003,9.648439e+000
1.938623e+003,9.611863e+000
1.939105e+003,9.557696e+000
1.939587e+003,9.485533e+000
1.940069e+003,9.398493e+000
1.940551e+003,9.303531e+000
1.941033e+003,9.210692e+000
1.941516e+003,9.131352e+000
1.941998e+003,9.075851e+000
1.942480e+003,9.051187e+000
1.942962e+003,9.059439e+000
1.943444e+003,9.097458e+000
1.943926e+003,9.157850e+000
1.944408e+003,9.230950e+000
1.944890e+003,9.307128e+000
1.945373e+003,9.378718e+000
1.945855e+003,9.441093e+000
1.946337e+003,9.492689e+000
1.946819e+003,9.534233e+000
1.947301e+003,9.567574e+000
1.947783e+003,9.594628e+000
1.948265e+003,9.616751e+000
1.948748e+003,9.634583e+000
1.949229e+003,9.648293e+000
1.949712e+003,9.657904e+000
1.950194e+003,9.663556e+000
1.950676e+003,9.665569e+000
1.951158e+003,9.664382e+000
1.951640e+003,9.660455e+000
1.952122e+003,9.654254e+000
1.952604e+003,9.646337e+000
1.953087e+003,9.637463e+000
1.953569e+003,9.628642e+000
1.954051e+003,9.621042e+000
1.954533e+003,9.615757e+000
1.955015e+003,9.613511e+000
1.955497e+003,9.614457e+000
1.955979e+003,9.618103e+000
1.956461e+003,9.623451e+000
1.956944e+003,9.629272e+000
1.957426e+003,9.634409e+000
1.957908e+003,9.638030e+000
1.958390e+003,9.639759e+000
1.958872e+003,9.639682e+000
1.959354e+003,9.638257e+000
1.959836e+003,9.636147e+000
1.960318e+003,9.634020e+000
1.960801e+003,9.632292e+000
1.961283e+003,9.630855e+000
1.961765e+003,9.628857e+000
1.962247e+003,9.624635e+000
1.962729e+003,9.615890e+000
1.963211e+003,9.600184e+000
1.963693e+003,9.575678e+000
1.964176e+003,9.541932e+000
1.964657e+003,9.500508e+000
1.965140e+003,9.455121e+000
1.965622e+003,9.411186e+000
1.966104e+003,9.374836e+000
1.966586e+003,9.351607e+000
1.967068e+003,9.345191e+000
1.967550e+003,9.356586e+000
1.968032e+003,9.383910e+000
1.968515e+003,9.422902e+000
1.968997e+003,9.467936e+000
1.969479e+003,9.513255e+000
1.969961e+003,9.554067e+000
1.970443e+003,9.587258e+000
1.970925e+003,9.611591e+000
1.971407e+003,9.627465e+000
1.971889e+003,9.636374e+000
1.972372e+003,9.640293e+000
1.972854e+003,9.641136e+000
1.973336e+003,9.640422e+000
1.973818e+003,9.639148e+000
1.974300e+003,9.637830e+000
1.974782e+003,9.636636e+000
1.975264e+003,9.635545e+000
1.975746e+003,9.634489e+000
1.976229e+003,9.633431e+000
1.976711e+003,9.632390e+000
1.977193e+003,9.631427e+000
1.977675e+003,9.630598e+000
1.978157e+003,9.629915e+000
1.978639e+003,9.629316e+000
1.979121e+003,9.628681e+000
1.979604e+003,9.627875e+000
1.980085e+003,9.626822e+000
1.980568e+003,9.625537e+000
1.981050e+003,9.624148e+000
1.981532e+003,9.622823e+000
1.982014e+003,9.621650e+000
1.982496e+003,9.620508e+000
1.982978e+003,9.618980e+000
1.983460e+003,9.616362e+000
1.983943e+003,9.611798e+000
1.984425e+003,9.604505e+000
1.984907e+003,9.593994e+000
1.985389e+003,9.580224e+000
1.985871e+003,9.563559e+000
1.986353e+003,9.544542e+000
1.986835e+003,9.523555e+000
1.987317e+003,9.500506e+000
1.987800e+003,9.474710e+000
1.988282e+003,9.445088e+000
1.988764e+003,9.410716e+000
1.989246e+003,9.371536e+000
1.989728e+003,9.329021e+000
1.990210e+003,9.286479e+000
1.990692e+003,9.248797e+000
1.991174e+003,9.221586e+000
1.991656e+003,9.209905e+000
1.992139e+003,9.216931e+000
1.992621e+003,9.242976e+000
1.993103e+003,9.285209e+000
1.993585e+003,9.338150e+000
1.994067e+003,9.394894e+000
1.994549e+003,9.448595e+000
1.995031e+003,9.493872e+000
1.995514e+003,9.527691e+000
1.995996e+003,9.549558e+000
1.996478e+003,9.561067e+000
1.996960e+003,9.565030e+000
1.997442e+003,9.564531e+000
1.997924e+003,9.562188e+000
1.998406e+003,9.559774e+000
1.998888e+003,9.558203e+000
1.999371e+003,9.557731e+000
1.999853e+003,9.558243e+000
2.000335e+003,9.559468e+000
2.000817e+003,9.561102e+000
2.001299e+003,9.562814e+000
2.001781e+003,9.564269e+000
2.002263e+003,9.565138e+000
2.002745e+003,9.565166e+000
2.003228e+003,9.564225e+000
2.003710e+003,9.562332e+000
2.004192e+003,9.559628e+000
2.004674e+003,9.556304e+000
2.005156e+003,9.552548e+000
2.005638e+003,9.548515e+000
2.006120e+003,9.544345e+000
2.006603e+003,9.540220e+000
2.007084e+003,9.536395e+000
2.007567e+003,9.533171e+000
2.008049e+003,9.530827e+000
2.008531e+003,9.529530e+000
2.009013e+003,9.529260e+000
2.009495e+003,9.529809e+000
2.009977e+003,9.530817e+000
2.010459e+003,9.531828e+000
2.010942e+003,9.532322e+000
2.011424e+003,9.531654e+000
2.011906e+003,9.529004e+000
2.012388e+003,9.523316e+000
2.012870e+003,9.513410e+000
2.013352e+003,9.498223e+000
2.013834e+003,9.477210e+000
2.014316e+003,9.450755e+000
2.014799e+003,9.420427e+000
2.015281e+003,9.388946e+000
2.015763e+003,9.359813e+000
2.016245e+003,9.336638e+000
2.016727e+003,9.322383e+000
2.017209e+003,9.318702e+000
2.017691e+003,9.325600e+000
2.018173e+003,9.341485e+000
2.018656e+003,9.363592e+000
2.019138e+003,9.388611e+000
2.019620e+003,9.413361e+000
2.020102e+003,9.435333e+000
2.020584e+003,9.452972e+000
2.021066e+003,9.465721e+000
2.021548e+003,9.473856e+000
2.022031e+003,9.478208e+000
2.022512e+003,9.479854e+000
2.022995e+003,9.479856e+000
2.023477e+003,9.479076e+000
2.023959e+003,9.478081e+000
2.024441e+003,9.477143e+000
2.024923e+003,9.476305e+000
2.025405e+003,9.475492e+000
2.025887e+003,9.474616e+000
2.026370e+003,9.473664e+000
2.026852e+003,9.472712e+000
2.027334e+003,9.471878e+000
2.027816e+003,9.471267e+000
2.028298e+003,9.470880e+000
2.028780e+003,9.470602e+000
2.029262e+003,9.470237e+000
2.029744e+003,9.469577e+000
2.030227e+003,9.468493e+000
2.030709e+003,9.466975e+000
2.031191e+003,9.465131e+000
2.031673e+003,9.463118e+000
2.032155e+003,9.461061e+000
2.032637e+003,9.459010e+000
2.033119e+003,9.456923e+000
2.033601e+003,9.454733e+000
2.034083e+003,9.452395e+000
2.034566e+003,9.449935e+000
2.035048e+003,9.447406e+000
2.035530e+003,9.444818e+000
2.036012e+003,9.442027e+000
2.036494e+003,9.438677e+000
2.036976e+003,9.434236e+000
2.037458e+003,9.428118e+000
2.037940e+003,9.419892e+000
2.038423e+003,9.409480e+000
2.038905e+003,9.397288e+000
2.039387e+003,9.384207e+000
2.039869e+003,9.371481e+000
2.040351e+003,9.360457e+000
2.040833e+003,9.352331e+000
2.041315e+003,9.347888e+000
2.041798e+003,9.347371e+000
2.042280e+003,9.350458e+000
2.042762e+003,9.356358e+000
2.043244e+003,9.363976e+000
2.043726e+003,9.372150e+000
2.044208e+003,9.379847e+000
2.044690e+003,9.386321e+000
2.045172e+003,9.391204e+000
2.045655e+003,9.394477e+000
2.046137e+003,9.396393e+000
2.046619e+003,9.397331e+000
2.047101e+003,9.397662e+000
2.047583e+003,9.397645e+000
2.048065e+003,9.397389e+000
2.048547e+003,9.396880e+000
2.049029e+003,9.396061e+000
2.049511e+003,9.394900e+000
2.049994e+003,9.393443e+000
2.050476e+003,9.391797e+000
2.050958e+003,9.390098e+000
2.051440e+003,9.388444e+000
2.051922e+003,9.386874e+000
2.052404e+003,9.385356e+000
2.052886e+003,9.383830e+000
2.053368e+003,9.382268e+000
2.053851e+003,9.380679e+000
2.054333e+003,9.379111e+000
2.054815e+003,9.377603e+000
2.055297e+003,9.376123e+000
2.055779e+003,9.374552e+000
2.056261e+003,9.372687e+000
2.056743e+003,9.370337e+000
2.057226e+003,9.367388e+000
2.057708e+003,9.363882e+000
2.058190e+003,9.360012e+000
2.058672e+003,9.356043e+000
2.059154e+003,9.352175e+000
2.059636e+003,9.348407e+000
2.060118e+003,9.344444e+000
2.060600e+003,9.339725e+000
2.061083e+003,9.333558e+000
2.061565e+003,9.325336e+000
2.062047e+003,9.314796e+000
2.062529e+003,9.302220e+000
2.063011e+003,9.288494e+000
2.063493e+003,9.275030e+000
2.063975e+003,9.263515e+000
2.064457e+003,9.255573e+000
2.064939e+003,9.252385e+000
2.065422e+003,9.254419e+000
2.065904e+003,9.261289e+000
2.066386e+003,9.271846e+000
2.066868e+003,9.284418e+000
2.067350e+003,9.297185e+000
2.067832e+003,9.308558e+000
2.068314e+003,9.317458e+000
2.068796e+003,9.323441e+000
2.069279e+003,9.326642e+000
2.069761e+003,9.327589e+000
2.070243e+003,9.326960e+000
2.070725e+003,9.325371e+000
2.071207e+003,9.323268e+000
2.071689e+003,9.320909e+000
2.072171e+003,9.318430e+000
2.072654e+003,9.315931e+000
2.073135e+003,9.313527e+000
2.073618e+003,9.311342e+000
2.074100e+003,9.309476e+000
2.074582e+003,9.307950e+000
2.075064e+003,9.306697e+000
2.075546e+003,9.305581e+000
2.076028e+003,9.304466e+000
2.076510e+003,9.303274e+000
2.076993e+003,9.302015e+000
2.077475e+003,9.300782e+000
2.077957e+003,9.299679e+000
2.078439e+003,9.298775e+000
2.078921e+003,9.298059e+000
2.079403e+003,9.297462e+000
2.079885e+003,9.296880e+000
2.080367e+003,9.296242e+000
2.080850e+003,9.295527e+000
2.081332e+003,9.294769e+000
2.081814e+003,9.294008e+000
2.082296e+003,9.293260e+000
2.082778e+003,9.292469e+000
2.083260e+003,9.291526e+000
2.083742e+003,9.290300e+000
2.084224e+003,9.288671e+000
2.084707e+003,9.286546e+000
2.085189e+003,9.283858e+000
2.085671e+003,9.280551e+000
2.086153e+003,9.276557e+000
2.086635e+003,9.271839e+000
2.087117e+003,9.266438e+000
2.087599e+003,9.260551e+000
2.088082e+003,9.254571e+000
2.088563e+003,9.249063e+000
2.089046e+003,9.244667e+000
2.089528e+003,9.241947e+000
2.090010e+003,9.241232e+000
2.090492e+003,9.242508e+000
2.090974e+003,9.245418e+000
2.091456e+003,9.249348e+000
2.091938e+003,9.253587e+000
2.092421e+003,9.257485e+000
2.092903e+003,9.260586e+000
2.093385e+003,9.262668e+000
2.093867e+003,9.263723e+000
2.094349e+003,9.263891e+000
2.094831e+003,9.263382e+000
2.095313e+003,9.262419e+000
2.095795e+003,9.261202e+000
2.096278e+003,9.259899e+000
2.096760e+003,9.258635e+000
2.097242e+003,9.257483e+000
2.097724e+003,9.256467e+000
2.098206e+003,9.255553e+000
2.098688e+003,9.254676e+000
2.099170e+003,9.253770e+000
2.099652e+003,9.252796e+000
2.100135e+003,9.251766e+000
2.100617e+003,9.250731e+000
2.101099e+003,9.249749e+000
2.101581e+003,9.248857e+000
2.102063e+003,9.248039e+000
2.102545e+003,9.247236e+000
2.103027e+003,9.246371e+000
2.103510e+003,9.245391e+000
2.103991e+003,9.244295e+000
2.104474e+003,9.243134e+000
2.104956e+003,9.241993e+000
2.105438e+003,9.240948e+000
2.105920e+003,9.240042e+000
2.106402e+003,9.239265e+000
2.106884e+003,9.238579e+000
2.107366e+003,9.237937e+000
2.107849e+003,9.237309e+000
2.108331e+003,9.236680e+000
2.108813e+003,9.236033e+000
2.109295e+003,9.235320e+000
2.109777e+003,9.234447e+000
2.110259e+003,9.233283e+000
2.110741e+003,9.231696e+000
2.111223e+003,9.229600e+000
2.111706e+003,9.226993e+000
2.112188e+003,9.223984e+000
2.112670e+003,9.220772e+000
2.113152e+003,9.217606e+000
2.113634e+003,9.214749e+000
2.114116e+003,9.212423e+000
2.114598e+003,9.210787e+000
2.115080e+003,9.209914e+000
2.115563e+003,9.209792e+000
2.116045e+003,9.210317e+000
2.116527e+003,9.211300e+000
2.117009e+003,9.212493e+000
2.117491e+003,9.213628e+000
2.117973e+003,9.214458e+000
2.118455e+003,9.214822e+000
2.118938e+003,9.214669e+000
2.119420e+003,9.214056e+000
2.119902e+003,9.213119e+000
2.120384e+003,9.212010e+000
2.120866e+003,9.210854e+000
2.121348e+003,9.209704e+000
2.121830e+003,9.208565e+000
2.122312e+003,9.207414e+000
2.122794e+003,9.206240e+000
2.123277e+003,9.205074e+000
2.123759e+003,9.203977e+000
2.124241e+003,9.203012e+000
2.124723e+003,9.202209e+000
2.125205e+003,9.201549e+000
2.125687e+003,9.200953e+000
2.126169e+003,9.200336e+000
2.126651e+003,9.199630e+000
2.127134e+003,9.198812e+000
2.127616e+003,9.197904e+000
2.128098e+003,9.196964e+000
2.128580e+003,9.196038e+000
2.129062e+003,9.195141e+000
2.129544e+003,9.194251e+000
2.130026e+003,9.193326e+000
2.130509e+003,9.192315e+000
2.130990e+003,9.191185e+000
2.131473e+003,9.189906e+000
2.131955e+003,9.188436e+000
2.132437e+003,9.186716e+000
2.132919e+003,9.184678e+000
2.133401e+003,9.182271e+000
2.133883e+003,9.179503e+000
2.134365e+003,9.176485e+000
2.134848e+003,9.173416e+000
2.135330e+003,9.170560e+000
2.135812e+003,9.168177e+000
2.136294e+003,9.166448e+000
2.136776e+003,9.165420e+000
2.137258e+003,9.165017e+000
2.137740e+003,9.165072e+000
2.138222e+003,9.165384e+000
2.138705e+003,9.165785e+000
2.139187e+003,9.166159e+000
2.139669e+003,9.166445e+000
2.140151e+003,9.166614e+000
2.140633e+003,9.166625e+000
2.141115e+003,9.166433e+000
2.141597e+003,9.165983e+000
2.142079e+003,9.165244e+000
2.142562e+003,9.164229e+000
2.143044e+003,9.162994e+000
2.143526e+003,9.161629e+000
2.144008e+003,9.160219e+000
2.144490e+003,9.158834e+000
2.144972e+003,9.157498e+000
2.145454e+003,9.156226e+000
2.145937e+003,9.155016e+000
2.146418e+003,9.153882e+000
2.146901e+003,9.152840e+000
2.147383e+003,9.151903e+000
2.147865e+003,9.151054e+000
2.148347e+003,9.150240e+000
2.148829e+003,9.149383e+000
2.149311e+003,9.148406e+000
2.149793e+003,9.147275e+000
2.150276e+003,9.146007e+000
2.150758e+003,9.144665e+000
2.151240e+003,9.143334e+000
2.151722e+003,9.142084e+000
2.152204e+003,9.140935e+000
2.152686e+003,9.139863e+000
2.153168e+003,9.138815e+000
2.153650e+003,9.137749e+000
2.154133e+003,9.136649e+000
2.154615e+003,9.135543e+000
2.155097e+003,9.134475e+000
2.155579e+003,9.133474e+000
2.156061e+003,9.132539e+000
2.156543e+003,9.131613e+000
2.157025e+003,9.130616e+000
2.157507e+003,9.129475e+000
2.157990e+003,9.128131e+000
2.158472e+003,9.126579e+000
2.158954e+003,9.124847e+000
2.159436e+003,9.122983e+000
2.159918e+003,9.121036e+000
2.160400e+003,9.119050e+000
2.160882e+003,9.117077e+000
2.161365e+003,9.115174e+000
2.161846e+003,9.113405e+000
2.162329e+003,9.111832e+000
2.162811e+003,9.110493e+000
2.163293e+003,9.109373e+000
2.163775e+003,9.108411e+000
2.164257e+003,9.107511e+000
2.164739e+003,9.106570e+000
2.165221e+003,9.105530e+000
2.165704e+003,9.104375e+000
2.166186e+003,9.103141e+000
2.166668e+003,9.101887e+000
2.167150e+003,9.100645e+000
2.167632e+003,9.099421e+000
2.168114e+003,9.098169e+000
2.168596e+003,9.096846e+000
2.169078e+003,9.095411e+000
2.169561e+003,9.093877e+000
2.170043e+003,9.092296e+000
2.170525e+003,9.090739e+000
2.171007e+003,9.089272e+000
2.171489e+003,9.087913e+000
2.171971e+003,9.086639e+000
2.172453e+003,9.085406e+000
2.172935e+003,9.084167e+000
2.173417e+003,9.082895e+000
2.173900e+003,9.081605e+000
2.174382e+003,9.080322e+000
2.174864e+003,9.079069e+000
2.175346e+003,9.077842e+000
2.175828e+003,9.076607e+000
2.176310e+003,9.075317e+000
2.176792e+003,9.073942e+000
2.177274e+003,9.072475e+000
2.177757e+003,9.070947e+000
2.178239e+003,9.069404e+000
2.178721e+003,9.067884e+000
2.179203e+003,9.066406e+000
2.179685e+003,9.064962e+000
2.180167e+003,9.063526e+000
2.180649e+003,9.062084e+000
2.181132e+003,9.060637e+000
2.181614e+003,9.059205e+000
2.182096e+003,9.057808e+000
2.182578e+003,9.056440e+000
2.183060e+003,9.055061e+000
2.183542e+003,9.053610e+000
2.184024e+003,9.052022e+000
2.184506e+003,9.050269e+000
2.184989e+003,9.048373e+000
2.185471e+003,9.046408e+000
2.185953e+003,9.044472e+000
2.186435e+003,9.042645e+000
2.186917e+003,9.040974e+000
2.187399e+003,9.039440e+000
2.187881e+003,9.037999e+000
2.188363e+003,9.036591e+000
2.188845e+003,9.035172e+000
2.189328e+003,9.033721e+000
2.189810e+003,9.032241e+000
2.190292e+003,9.030734e+000
2.190774e+003,9.029192e+000
2.191256e+003,9.027596e+000
2.191738e+003,9.025924e+000
2.192220e+003,9.024178e+000
2.192702e+003,9.022388e+000
2.193185e+003,9.020603e+000
2.193667e+003,9.018887e+000
2.194149e+003,9.017265e+000
2.194631e+003,9.015726e+000
2.195113e+003,9.014212e+000
2.195595e+003,9.012649e+000
2.196077e+003,9.010972e+000
2.196560e+003,9.009151e+000
2.197042e+003,9.007212e+000
2.197524e+003,9.005206e+000
2.198006e+003,9.003198e+000
2.198488e+003,9.001236e+000
2.198970e+003,8.999343e+000
2.199452e+003,8.997518e+000
2.199934e+003,8.995748e+000
2.200417e+003,8.994021e+000
2.200899e+003,8.992339e+000
2.201381e+003,8.990693e+000
2.201863e+003,8.989062e+000
2.202345e+003,8.987414e+000
2.202827e+003,8.985704e+000
2.203309e+003,8.983902e+000
2.203791e+003,8.982004e+000
2.204273e+003,8.980052e+000
2.204756e+003,8.978116e+000
2.205238e+003,8.976263e+000
2.205720e+003,8.974546e+000
2.206202e+003,8.972963e+000
2.206684e+003,8.971476e+000
2.207166e+003,8.970026e+000
2.207648e+003,8.968566e+000
2.208130e+003,8.967079e+000
2.208613e+003,8.965588e+000
2.209095e+003,8.964127e+000
2.209577e+003,8.962720e+000
2.210059e+003,8.961363e+000
2.210541e+003,8.960011e+000
2.211023e+003,8.958608e+000
2.211505e+003,8.957104e+000
2.211988e+003,8.955490e+000
2.212469e+003,8.953794e+000
2.212952e+003,8.952073e+000
2.213434e+003,8.950387e+000
2.213916e+003,8.948766e+000
2.214398e+003,8.947211e+000
2.214880e+003,8.945695e+000
2.215362e+003,8.944186e+000
2.215844e+003,8.942664e+000
2.216327e+003,8.941133e+000
2.216809e+003,8.939615e+000
2.217291e+003,8.938134e+000
2.217773e+003,8.936694e+000
2.218255e+003,8.935288e+000
2.218737e+003,8.933892e+000
2.219219e+003,8.932487e+000
2.219701e+003,8.931063e+000
2.220184e+003,8.929624e+000
2.220666e+003,8.928179e+000
2.221148e+003,8.926721e+000
2.221630e+003,8.925226e+000
2.222112e+003,8.923658e+000
2.222594e+003,8.921985e+000
2.223076e+003,8.920198e+000
2.223558e+003,8.918325e+000
2.224041e+003,8.916422e+000
2.224523e+003,8.914551e+000
2.225005e+003,8.912750e+000
2.225487e+003,8.911018e+000
2.225969e+003,8.909316e+000
2.226451e+003,8.907569e+000
2.226933e+003,8.905722e+000
2.227416e+003,8.903744e+000
2.227897e+003,8.901639e+000
2.228380e+003,8.899446e+000
2.228862e+003,8.897205e+000
2.229344e+003,8.894943e+000
2.229826e+003,8.892664e+000
2.230308e+003,8.890359e+000
2.230790e+003,8.888020e+000
2.231272e+003,8.885653e+000
2.231755e+003,8.883287e+000
2.232237e+003,8.880954e+000
2.232719e+003,8.878683e+000
2.233201e+003,8.876474e+000
2.233683e+003,8.874307e+000
2.234165e+003,8.872145e+000
2.234647e+003,8.869961e+000
2.235129e+003,8.867746e+000
2.235612e+003,8.865518e+000
2.236094e+003,8.863302e+000
2.236576e+003,8.861119e+000
2.237058e+003,8.858968e+000
2.237540e+003,8.856827e+000
2.238022e+003,8.854653e+000
2.238504e+003,8.852419e+000
2.238986e+003,8.850117e+000
2.239469e+003,8.847757e+000
2.239951e+003,8.845371e+000
2.240433e+003,8.842975e+000
2.240915e+003,8.840566e+000
2.241397e+003,8.838117e+000
2.241879e+003,8.835586e+000
2.242361e+003,8.832939e+000
2.242844e+003,8.830165e+000
2.243326e+003,8.827276e+000
2.243808e+003,8.824310e+000
2.244290e+003,8.821296e+000
2.244772e+003,8.818252e+000
2.245254e+003,8.815168e+000
2.245736e+003,8.812027e+000
2.246218e+003,8.808802e+000
2.246700e+003,8.805477e+000
2.247183e+003,8.802056e+000
2.247665e+003,8.798549e+000
2.248147e+003,8.794961e+000
2.248629e+003,8.791286e+000
2.249111e+003,8.787506e+000
2.249593e+003,8.783601e+000
2.250075e+003,8.779559e+000
2.250557e+003,8.775393e+000
2.251040e+003,8.771121e+000
2.251522e+003,8.766768e+000
2.252004e+003,8.762340e+000
2.252486e+003,8.757811e+000
2.252968e+003,8.753141e+000
2.253450e+003,8.748283e+000
2.253932e+003,8.743215e+000
2.254415e+003,8.737956e+000
2.254896e+003,8.732567e+000
2.255379e+003,8.727133e+000
2.255861e+003,8.721742e+000
2.256343e+003,8.716452e+000
2.256825e+003,8.711279e+000
2.257307e+003,8.706204e+000
2.257789e+003,8.701191e+000
2.258271e+003,8.696189e+000
2.258754e+003,8.691162e+000
2.259236e+003,8.686088e+000
2.259718e+003,8.680945e+000
2.260200e+003,8.675724e+000
2.260682e+003,8.670415e+000
2.261164e+003,8.665032e+000
2.261646e+003,8.659607e+000
2.262128e+003,8.654200e+000
2.262611e+003,8.648888e+000
2.263093e+003,8.643745e+000
2.263575e+003,8.638824e+000
2.264057e+003,8.634134e+000
2.264539e+003,8.629657e+000
2.265021e+003,8.625349e+000
2.265503e+003,8.621175e+000
2.265985e+003,8.617120e+000
2.266468e+003,8.613193e+000
2.266950e+003,8.609431e+000
2.267432e+003,8.605865e+000
2.267914e+003,8.602517e+000
2.268396e+003,8.599393e+000
2.268878e+003,8.596486e+000
2.269360e+003,8.593803e+000
2.269843e+003,8.591364e+000
2.270324e+003,8.589209e+000
2.270807e+003,8.587393e+000
2.271289e+003,8.585958e+000
2.271771e+003,8.584923e+000
2.272253e+003,8.584274e+000
2.272735e+003,8.583978e+000
2.273217e+003,8.583998e+000
2.273699e+003,8.584309e+000
2.274182e+003,8.584915e+000
2.274664e+003,8.585845e+000
2.275146e+003,8.587140e+000
2.275628e+003,8.588840e+000
2.276110e+003,8.590986e+000
2.276592e+003,8.593609e+000
2.277074e+003,8.596738e+000
2.277556e+003,8.600403e+000
2.278039e+003,8.604622e+000
2.278521e+003,8.609390e+000
2.279003e+003,8.614639e+000
2.279485e+003,8.620228e+000
2.279967e+003,8.625914e+000
2.280449e+003,8.631359e+000
2.280931e+003,8.636154e+000
2.281413e+003,8.639832e+000
2.281896e+003,8.641917e+000
2.282378e+003,8.641972e+000
2.282860e+003,8.639619e+000
2.283342e+003,8.634601e+000
2.283824e+003,8.626798e+000
2.284306e+003,8.616254e+000
2.284788e+003,8.603164e+000
2.285271e+003,8.587859e+000
2.285752e+003,8.570746e+000
2.286235e+003,8.552250e+000
2.286717e+003,8.532745e+000
2.287199e+003,8.512538e+000
2.287681e+003,8.491828e+000
2.288163e+003,8.470737e+000
2.288645e+003,8.449333e+000
2.289127e+003,8.427656e+000
2.289610e+003,8.405741e+000
2.290092e+003,8.383615e+000
2.290574e+003,8.361303e+000
2.291056e+003,8.338804e+000
2.291538e+003,8.316099e+000
2.292020e+003,8.293152e+000
2.292502e+003,8.269925e+000
2.292984e+003,8.246387e+000
2.293467e+003,8.222515e+000
2.293949e+003,8.198298e+000
2.294431e+003,8.173704e+000
2.294913e+003,8.148689e+000
2.295395e+003,8.123174e+000
2.295877e+003,8.097065e+000
2.296359e+003,8.070257e+000
2.296841e+003,8.042655e+000
2.297323e+003,8.014177e+000
2.297806e+003,7.984764e+000
2.298288e+003,7.954368e+000
2.298770e+003,7.922947e+000
2.299252e+003,7.890460e+000
2.299734e+003,7.856853e+000
2.300216e+003,7.822055e+000
2.300698e+003,7.785964e+000
2.301180e+003,7.748434e+000
2.301663e+003,7.709256e+000
2.302145e+003,7.668162e+000
2.302627e+003,7.624830e+000
2.303109e+003,7.578921e+000
2.303591e+003,7.530137e+000
2.304073e+003,7.478268e+000
2.304555e+003,7.423234e+000
2.305038e+003,7.365108e+000
2.305520e+003,7.304103e+000
2.306002e+003,7.240522e+000
2.306484e+003,7.174712e+000
2.306966e+003,7.107013e+000
2.307448e+003,7.037721e+000
2.307930e+003,6.967088e+000
2.308412e+003,6.895332e+000
2.308895e+003,6.822669e+000
2.309377e+003,6.749361e+000
2.309859e+003,6.675734e+000
2.310341e+003,6.602204e+000
2.310823e+003,6.529252e+000
2.311305e+003,6.457391e+000
2.311787e+003,6.387081e+000
2.312269e+003,6.318634e+000
2.312751e+003,6.252110e+000
2.313234e+003,6.187232e+000
2.313716e+003,6.123343e+000
2.314198e+003,6.059436e+000
2.314680e+003,5.994264e+000
2.315162e+003,5.926500e+000
2.315644e+003,5.854963e+000
2.316126e+003,5.778805e+000
2.316608e+003,5.697671e+000
2.317091e+003,5.611773e+000
2.317573e+003,5.521860e+000
2.318055e+003,5.429106e+000
2.318537e+003,5.334956e+000
2.319019e+003,5.240944e+000
2.319501e+003,5.148547e+000
2.319983e+003,5.059079e+000
2.320466e+003,4.973640e+000
2.320948e+003,4.893097e+000
2.321430e+003,4.818084e+000
2.321912e+003,4.748977e+000
2.322394e+003,4.685867e+000
2.322876e+003,4.628507e+000
2.323358e+003,4.576275e+000
2.323840e+003,4.528173e+000
2.324323e+003,4.482891e+000
2.324805e+003,4.438930e+000
2.325287e+003,4.394792e+000
2.325769e+003,4.349194e+000
2.326251e+003,4.301253e+000
2.326733e+003,4.250641e+000
2.327215e+003,4.197629e+000
2.327697e+003,4.143058e+000
2.328179e+003,4.088225e+000
2.328662e+003,4.034703e+000
2.329144e+003,3.984134e+000
2.329626e+003,3.938011e+000
2.330108e+003,3.897481e+000
2.330590e+003,3.863197e+000
2.331072e+003,3.835217e+000
2.331554e+003,3.812993e+000
2.332036e+003,3.795436e+000
2.332519e+003,3.781090e+000
2.333001e+003,3.768340e+000
2.333483e+003,3.755682e+000
2.333965e+003,3.741944e+000
2.334447e+003,3.726444e+000
2.334929e+003,3.709046e+000
2.335411e+003,3.690084e+000
2.335894e+003,3.670208e+000
2.336375e+003,3.650191e+000
2.336858e+003,3.630758e+000
2.337340e+003,3.612479e+000
2.337822e+003,3.595771e+000
2.338304e+003,3.580963e+000
2.338786e+003,3.568401e+000
2.339268e+003,3.558537e+000
2.339750e+003,3.551958e+000
2.340233e+003,3.549361e+000
2.340715e+003,3.551502e+000
2.341197e+003,3.559192e+000
2.341679e+003,3.573388e+000
2.342161e+003,3.595400e+000
2.342643e+003,3.627161e+000
2.343125e+003,3.671430e+000
2.343607e+003,3.731766e+000
2.344090e+003,3.812123e+000
2.344572e+003,3.916000e+000
2.345054e+003,4.045242e+000
2.345536e+003,4.198725e+000
2.346018e+003,4.371298e+000
2.346500e+003,4.553377e+000
2.346982e+003,4.731445e+000
2.347464e+003,4.889555e+000
2.347947e+003,5.011605e+000
2.348429e+003,5.083934e+000
2.348911e+003,5.097652e+000
2.349393e+003,5.050138e+000
2.349875e+003,4.945352e+000
2.350357e+003,4.792902e+000
2.350839e+003,4.606126e+000
2.351322e+003,4.399708e+000
2.351803e+003,4.187392e+000
2.352286e+003,3.980285e+000
2.352768e+003,3.786028e+000
2.353250e+003,3.608809e+000
2.353732e+003,3.450014e+000
2.354214e+003,3.309178e+000
2.354696e+003,3.184904e+000
2.355178e+003,3.075541e+000
2.355661e+003,2.979570e+000
2.356143e+003,2.895714e+000
2.356625e+003,2.822931e+000
2.357107e+003,2.760354e+000
2.357589e+003,2.707263e+000
2.358071e+003,2.663072e+000
2.358553e+003,2.627320e+000
2.359035e+003,2.599639e+000
2.359518e+003,2.579690e+000
2.360000e+003,2.567110e+000
2.360482e+003,2.561481e+000
2.360964e+003,2.562363e+000
2.361446e+003,2.569360e+000
2.361928e+003,2.582194e+000
2.362410e+003,2.600744e+000
2.362892e+003,2.625039e+000
2.363375e+003,2.655189e+000
2.363857e+003,2.691307e+000
2.364339e+003,2.733447e+000
2.364821e+003,2.781587e+000
2.365303e+003,2.835651e+000
2.365785e+003,2.895566e+000
2.366267e+003,2.961299e+000
2.366750e+003,3.032870e+000
2.367232e+003,3.110334e+000
2.367714e+003,3.193743e+000
2.368196e+003,3.283118e+000
2.368678e+003,3.378445e+000
2.369160e+003,3.479695e+000
2.369642e+003,3.586848e+000
2.370124e+003,3.699914e+000
2.370606e+003,3.818922e+000
2.371089e+003,3.943891e+000
2.371571e+003,4.074796e+000
2.372053e+003,4.211542e+000
2.372535e+003,4.353974e+000
2.373017e+003,4.501901e+000
2.373499e+003,4.655118e+000
2.373981e+003,4.813412e+000
2.374463e+003,4.976551e+000
2.374946e+003,5.144235e+000
2.375428e+003,5.316046e+000
2.375910e+003,5.491416e+000
2.376392e+003,5.669620e+000
2.376874e+003,5.849788e+000
2.377356e+003,6.030933e+000
2.377838e+003,6.211968e+000
2.378321e+003,6.391719e+000
2.378802e+003,6.568911e+000
2.379285e+003,6.742178e+000
2.379767e+003,6.910100e+000
2.380249e+003,7.071261e+000
2.380731e+003,7.224341e+000
2.381213e+003,7.368207e+000
2.381695e+003,7.501969e+000
2.382177e+003,7.625020e+000
2.382660e+003,7.737020e+000
2.383142e+003,7.837864e+000
2.383624e+003,7.927648e+000
2.384106e+003,8.006652e+000
2.384588e+003,8.075331e+000
2.385070e+003,8.134301e+000
2.385552e+003,8.184326e+000
2.386034e+003,8.226274e+000
2.386517e+003,8.261051e+000
2.386999e+003,8.289546e+000
2.387481e+003,8.312584e+000
2.387963e+003,8.330909e+000
2.388445e+003,8.345197e+000
2.388927e+003,8.356074e+000
2.389409e+003,8.364126e+000
2.389891e+003,8.369898e+000
2.390374e+003,8.373875e+000
2.390856e+003,8.376456e+000
2.391338e+003,8.377950e+000
2.391820e+003,8.378577e+000
2.392302e+003,8.378506e+000
2.392784e+003,8.377881e+000
2.393266e+003,8.376848e+000
2.393749e+003,8.375551e+000
2.394230e+003,8.374116e+000
2.394713e+003,8.372630e+000
2.395195e+003,8.371125e+000
2.395677e+003,8.369591e+000
2.396159e+003,8.368000e+000
2.396641e+003,8.366334e+000
2.397123e+003,8.364614e+000
2.397605e+003,8.362888e+000
2.398088e+003,8.361217e+000
2.398570e+003,8.359639e+000
2.399052e+003,8.358166e+000
2.399534e+003,8.356774e+000
2.400016e+003,8.355423e+000
2.400498e+003,8.354087e+000
2.400980e+003,8.352755e+000
2.401462e+003,8.351439e+000
2.401945e+003,8.350154e+000
2.402427e+003,8.348887e+000
2.402909e+003,8.347604e+000
2.403391e+003,8.346243e+000
2.403873e+003,8.344755e+000
2.404355e+003,8.343121e+000
2.404837e+003,8.341372e+000
2.405319e+003,8.339579e+000
2.405802e+003,8.337827e+000
2.406284e+003,8.336180e+000
2.406766e+003,8.334657e+000
2.407248e+003,8.333239e+000
2.407730e+003,8.331881e+000
2.408212e+003,8.330543e+000
2.408694e+003,8.329208e+000
2.409177e+003,8.327888e+000
2.409658e+003,8.326601e+000
2.410141e+003,8.325353e+000
2.410623e+003,8.324122e+000
2.411105e+003,8.322863e+000
2.411587e+003,8.321525e+000
2.412069e+003,8.320081e+000
2.412551e+003,8.318538e+000
2.413033e+003,8.316940e+000
2.413516e+003,8.315348e+000
2.413998e+003,8.313806e+000
2.414480e+003,8.312327e+000
2.414962e+003,8.310894e+000
2.415444e+003,8.309471e+000
2.415926e+003,8.308027e+000
2.416408e+003,8.306555e+000
2.416890e+003,8.305070e+000
2.417373e+003,8.303600e+000
2.417855e+003,8.302164e+000
2.418337e+003,8.300755e+000
2.418819e+003,8.299342e+000
2.419301e+003,8.297894e+000
2.419783e+003,8.296391e+000
2.420265e+003,8.294838e+000
2.420747e+003,8.293264e+000
2.421229e+003,8.291710e+000
2.421712e+003,8.290200e+000
2.422194e+003,8.288734e+000
2.422676e+003,8.287288e+000
2.423158e+003,8.285827e+000
2.423640e+003,8.284336e+000
2.424122e+003,8.282817e+000
2.424604e+003,8.281296e+000
2.425086e+003,8.279806e+000
2.425569e+003,8.278357e+000
2.426051e+003,8.276931e+000
2.426533e+003,8.275486e+000
2.427015e+003,8.273975e+000
2.427497e+003,8.272369e+000
2.427979e+003,8.270671e+000
2.428461e+003,8.268915e+000
2.428944e+003,8.267154e+000
2.429426e+003,8.265425e+000
2.429908e+003,8.263746e+000
2.430390e+003,8.262110e+000
2.430872e+003,8.260496e+000
2.431354e+003,8.258891e+000
2.431836e+003,8.257303e+000
2.432318e+003,8.255753e+000
2.432801e+003,8.254263e+000
2.433283e+003,8.252839e+000
2.433765e+003,8.251459e+000
2.434247e+003,8.250076e+000
2.434729e+003,8.248643e+000
2.435211e+003,8.247132e+000
2.435693e+003,8.245550e+000
2.436175e+003,8.243931e+000
2.436657e+003,8.242321e+000
2.437140e+003,8.240753e+000
2.437622e+003,8.239233e+000
2.438104e+003,8.237740e+000
2.438586e+003,8.236244e+000
2.439068e+003,8.234726e+000
2.439550e+003,8.233190e+000
2.440032e+003,8.231661e+000
2.440514e+003,8.230167e+000
2.440997e+003,8.228721e+000
2.441479e+003,8.227304e+000
2.441961e+003,8.225873e+000
2.442443e+003,8.224384e+000
2.442925e+003,8.222811e+000
2.443407e+003,8.221164e+000
2.443889e+003,8.219490e+000
2.444372e+003,8.217847e+000
2.444854e+003,8.216283e+000
2.445336e+003,8.214813e+000
2.445818e+003,8.213423e+000
2.446300e+003,8.212075e+000
2.446782e+003,8.210741e+000
2.447264e+003,8.209410e+000
2.447746e+003,8.208093e+000
2.448229e+003,8.206818e+000
2.448711e+003,8.205597e+000
2.449193e+003,8.204420e+000
2.449675e+003,8.203251e+000
2.450157e+003,8.202038e+000
2.450639e+003,8.200737e+000
2.451121e+003,8.199327e+000
2.451604e+003,8.197811e+000
2.452085e+003,8.196216e+000
2.452568e+003,8.194565e+000
2.453050e+003,8.192881e+000
2.453532e+003,8.191170e+000
2.454014e+003,8.189443e+000
2.454496e+003,8.187720e+000
2.454978e+003,8.186037e+000
2.455460e+003,8.184439e+000
2.455943e+003,8.182961e+000
2.456425e+003,8.181616e+000
2.456907e+003,8.180377e+000
2.457389e+003,8.179187e+000
2.457871e+003,8.177983e+000
2.458353e+003,8.176716e+000
2.458835e+003,8.175365e+000
2.459317e+003,8.173941e+000
2.459800e+003,8.172465e+000
2.460282e+003,8.170965e+000
2.460764e+003,8.169436e+000
2.461246e+003,8.167863e+000
2.461728e+003,8.166224e+000
2.462210e+003,8.164507e+000
2.462692e+003,8.162728e+000
2.463174e+003,8.160927e+000
2.463656e+003,8.159149e+000
2.464139e+003,8.157433e+000
2.464621e+003,8.155788e+000
2.465103e+003,8.154200e+000
2.465585e+003,8.152640e+000
2.466067e+003,8.151086e+000
2.466549e+003,8.149534e+000
2.467031e+003,8.147992e+000
2.467513e+003,8.146481e+000
2.467996e+003,8.145003e+000
2.468478e+003,8.143541e+000
2.468960e+003,8.142058e+000
2.469442e+003,8.140517e+000
2.469924e+003,8.138894e+000
2.470406e+003,8.137199e+000
2.470888e+003,8.135465e+000
2.471371e+003,8.133739e+000
2.471853e+003,8.132060e+000
2.472335e+003,8.130437e+000
2.472817e+003,8.128856e+000
2.473299e+003,8.127284e+000
2.473781e+003,8.125690e+000
2.474263e+003,8.124058e+000
2.474745e+003,8.122396e+000
2.475228e+003,8.120718e+000
2.475710e+003,8.119043e+000
2.476192e+003,8.117374e+000
2.476674e+003,8.115708e+000
2.477156e+003,8.114038e+000
2.477638e+003,8.112370e+000
2.478120e+003,8.110722e+000
2.478602e+003,8.109125e+000
2.479084e+003,8.107608e+000
2.479567e+003,8.106168e+000
2.480049e+003,8.104778e+000
2.480531e+003,8.103383e+000
2.481013e+003,8.101925e+000
2.481495e+003,8.100364e+000
2.481977e+003,8.098693e+000
2.482459e+003,8.096936e+000
2.482941e+003,8.095138e+000
2.483424e+003,8.093343e+000
2.483906e+003,8.091571e+000
2.484388e+003,8.089824e+000
2.484870e+003,8.088090e+000
2.485352e+003,8.086359e+000
2.485834e+003,8.084631e+000
2.486316e+003,8.082918e+000
2.486799e+003,8.081237e+000
2.487281e+003,8.079594e+000
2.487763e+003,8.077973e+000
2.488245e+003,8.076353e+000
2.488727e+003,8.074706e+000
2.489209e+003,8.073025e+000
2.489691e+003,8.071325e+000
2.490173e+003,8.069645e+000
2.490656e+003,8.068021e+000
2.491138e+003,8.066474e+000
2.491620e+003,8.064997e+000
2.492102e+003,8.063553e+000
2.492584e+003,8.062096e+000
2.493066e+003,8.060589e+000
2.493548e+003,8.059019e+000
2.494030e+003,8.057396e+000
2.494512e+003,8.055748e+000
2.494995e+003,8.054094e+000
2.495477e+003,8.052441e+000
2.495959e+003,8.050774e+000
2.496441e+003,8.049077e+000
2.496923e+003,8.047340e+000
2.497405e+003,8.045575e+000
2.497887e+003,8.043807e+000
2.498370e+003,8.042069e+000
2.498852e+003,8.040382e+000
2.499334e+003,8.038748e+000
2.499816e+003,8.037147e+000
2.500298e+003,8.035550e+000
2.500780e+003,8.033944e+000
2.501262e+003,8.032328e+000
2.501744e+003,8.030716e+000
2.502227e+003,8.029125e+000
2.502709e+003,8.027561e+000
2.503191e+003,8.026007e+000
2.503673e+003,8.024421e+000
2.504155e+003,8.022768e+000
2.504637e+003,8.021026e+000
2.505119e+003,8.019199e+000
2.505601e+003,8.017319e+000
2.506083e+003,8.015429e+000
2.506566e+003,8.013567e+000
2.507048e+003,8.011747e+000
2.507530e+003,8.009966e+000
2.508012e+003,8.008208e+000
2.508494e+003,8.006465e+000
2.508976e+003,8.004740e+000
2.509458e+003,8.003049e+000
2.509940e+003,8.001414e+000
2.510423e+003,7.999837e+000
2.510905e+003,7.998299e+000
2.511387e+003,7.996765e+000
2.511869e+003,7.995200e+000
2.512351e+003,7.993581e+000
2.512833e+003,7.991914e+000
2.513315e+003,7.990230e+000
2.513798e+003,7.988566e+000
2.514280e+003,7.986943e+000
2.514762e+003,7.985356e+000
2.515244e+003,7.983777e+000
2.515726e+003,7.982162e+000
2.516208e+003,7.980478e+000
2.516690e+003,7.978715e+000
2.517172e+003,7.976885e+000
2.517655e+003,7.975016e+000
2.518137e+003,7.973133e+000
2.518619e+003,7.971244e+000
2.519101e+003,7.969342e+000
2.519583e+003,7.967417e+000
2.520065e+003,7.965467e+000
2.520547e+003,7.963513e+000
2.521029e+003,7.961590e+000
2.521511e+003,7.959741e+000
2.521994e+003,7.957987e+000
2.522476e+003,7.956326e+000
2.522958e+003,7.954717e+000
2.523440e+003,7.953114e+000
2.523922e+003,7.951471e+000
2.524404e+003,7.949760e+000
2.524886e+003,7.947988e+000
2.525368e+003,7.946169e+000
2.525851e+003,7.944328e+000
2.526333e+003,7.942479e+000
2.526815e+003,7.940622e+000
2.527297e+003,7.938756e+000
2.527779e+003,7.936884e+000
2.528261e+003,7.935022e+000
2.528743e+003,7.933202e+000
2.529226e+003,7.931449e+000
2.529708e+003,7.929776e+000
2.530190e+003,7.928170e+000
2.530672e+003,7.926591e+000
2.531154e+003,7.924996e+000
2.531636e+003,7.923352e+000
2.532118e+003,7.921648e+000
2.532600e+003,7.919897e+000
2.533083e+003,7.918132e+000
2.533565e+003,7.916378e+000
2.534047e+003,7.914645e+000
2.534529e+003,7.912924e+000
2.535011e+003,7.911195e+000
2.535493e+003,7.909438e+000
2.535975e+003,7.907644e+000
2.536457e+003,7.905820e+000
2.536939e+003,7.903979e+000
2.537422e+003,7.902126e+000
2.537904e+003,7.900256e+000
2.538386e+003,7.898350e+000
2.538868e+003,7.896392e+000
2.539350e+003,7.894378e+000
2.539832e+003,7.892321e+000
2.540314e+003,7.890251e+000
2.540796e+003,7.888204e+000
2.541279e+003,7.886197e+000
2.541761e+003,7.884232e+000
2.542243e+003,7.882288e+000
2.542725e+003,7.880343e+000
2.543207e+003,7.878385e+000
2.543689e+003,7.876422e+000
2.544171e+003,7.874485e+000
2.544654e+003,7.872613e+000
2.545135e+003,7.870832e+000
2.545618e+003,7.869148e+000
2.546100e+003,7.867537e+000
2.546582e+003,7.865967e+000
2.547064e+003,7.864404e+000
2.547546e+003,7.862825e+000
2.548028e+003,7.861227e+000
2.548510e+003,7.859611e+000
2.548993e+003,7.857979e+000
2.549475e+003,7.856322e+000
2.549957e+003,7.854627e+000
2.550439e+003,7.852879e+000
2.550921e+003,7.851082e+000
2.551403e+003,7.849257e+000
2.551885e+003,7.847436e+000
2.552367e+003,7.845650e+000
2.552850e+003,7.843908e+000
2.553332e+003,7.842191e+000
2.553814e+003,7.840456e+000
2.554296e+003,7.838655e+000
2.554778e+003,7.836759e+000
2.555260e+003,7.834768e+000
2.555742e+003,7.832718e+000
2.556224e+003,7.830664e+000
2.556707e+003,7.828664e+000
2.557189e+003,7.826754e+000
2.557671e+003,7.824942e+000
2.558153e+003,7.823213e+000
2.558635e+003,7.821542e+000
2.559117e+003,7.819901e+000
2.559599e+003,7.818267e+000
2.560082e+003,7.816624e+000
2.560563e+003,7.814949e+000
2.561046e+003,7.813219e+000
2.561528e+003,7.811410e+000
2.562010e+003,7.809510e+000
2.562492e+003,7.807528e+000
2.562974e+003,7.805499e+000
2.563456e+003,7.803472e+000
2.563938e+003,7.801500e+000
2.564421e+003,7.799614e+000
2.564903e+003,7.797815e+000
2.565385e+003,7.796076e+000
2.565867e+003,7.794357e+000
2.566349e+003,7.792621e+000
2.566831e+003,7.790854e+000
2.567313e+003,7.789061e+000
2.567795e+003,7.787264e+000
2.568278e+003,7.785485e+000
2.568760e+003,7.783729e+000
2.569242e+003,7.781993e+000
2.569724e+003,7.780268e+000
2.570206e+003,7.778544e+000
2.570688e+003,7.776823e+000
2.571170e+003,7.775116e+000
2.571652e+003,7.773435e+000
2.572135e+003,7.771775e+000
2.572617e+003,7.770118e+000
2.573099e+003,7.768426e+000
2.573581e+003,7.766668e+000
2.574063e+003,7.764828e+000
2.574545e+003,7.762914e+000
2.575027e+003,7.760960e+000
2.575510e+003,7.759010e+000
2.575991e+003,7.757100e+000
2.576474e+003,7.755246e+000
2.576956e+003,7.753437e+000
2.577438e+003,7.751658e+000
2.577920e+003,7.749888e+000
2.578402e+003,7.748123e+000
2.578884e+003,7.746370e+000
2.579366e+003,7.744645e+000
2.579849e+003,7.742955e+000
2.580331e+003,7.741288e+000
2.580813e+003,7.739622e+000
2.581295e+003,7.737930e+000
2.581777e+003,7.736194e+000
2.582259e+003,7.734419e+000
2.582741e+003,7.732623e+000
2.583223e+003,7.730835e+000
2.583706e+003,7.729074e+000
2.584188e+003,7.727339e+000
2.584670e+003,7.725614e+000
2.585152e+003,7.723870e+000
2.585634e+003,7.722090e+000
2.586116e+003,7.720277e+000
2.586598e+003,7.718449e+000
2.587080e+003,7.716636e+000
2.587563e+003,7.714862e+000
2.588045e+003,7.713134e+000
2.588527e+003,7.711443e+000
2.589009e+003,7.709768e+000
2.589491e+003,7.708089e+000
2.589973e+003,7.706399e+000
2.590455e+003,7.704702e+000
2.590938e+003,7.703006e+000
2.591419e+003,7.701311e+000
2.591902e+003,7.699601e+000
2.592384e+003,7.697851e+000
2.592866e+003,7.696031e+000
2.593348e+003,7.694126e+000
2.593830e+003,7.692142e+000
2.594312e+003,7.690100e+000
2.594794e+003,7.688039e+000
2.595277e+003,7.685986e+000
2.595759e+003,7.683957e+000
2.596241e+003,7.681953e+000
2.596723e+003,7.679973e+000
2.597205e+003,7.678017e+000
2.597687e+003,7.676103e+000
2.598169e+003,7.674259e+000
2.598651e+003,7.672517e+000
2.599134e+003,7.670892e+000
2.599616e+003,7.669379e+000
2.600098e+003,7.667946e+000
2.600580e+003,7.666556e+000
2.601062e+003,7.665176e+000
2.601544e+003,7.663785e+000
2.602026e+003,7.662380e+000
2.602508e+003,7.660968e+000
2.602990e+003,7.659549e+000
2.603473e+003,7.658115e+000
2.603955e+003,7.656641e+000
2.604437e+003,7.655107e+000
2.604919e+003,7.653502e+000
2.605401e+003,7.651831e+000
2.605883e+003,7.650117e+000
2.606365e+003,7.648389e+000
2.606847e+003,7.646662e+000
2.607330e+003,7.644935e+000
2.607812e+003,7.643187e+000
2.608294e+003,7.641394e+000
2.608776e+003,7.639541e+000
2.609258e+003,7.637633e+000
2.609740e+003,7.635697e+000
2.610222e+003,7.633772e+000
2.610705e+003,7.631890e+000
2.611187e+003,7.630067e+000
2.611669e+003,7.628300e+000
2.612151e+003,7.626573e+000
2.612633e+003,7.624871e+000
2.613115e+003,7.623192e+000
2.613597e+003,7.621543e+000
2.614079e+003,7.619940e+000
2.614562e+003,7.618387e+000
2.615044e+003,7.616878e+000
2.615526e+003,7.615390e+000
2.616008e+003,7.613889e+000
2.616490e+003,7.612351e+000
2.616972e+003,7.610761e+000
2.617454e+003,7.609119e+000
2.617936e+003,7.607438e+000
2.618418e+003,7.605722e+000
2.618901e+003,7.603973e+000
2.619383e+003,7.602181e+000
2.619865e+003,7.600344e+000
2.620347e+003,7.598467e+000
2.620829e+003,7.596570e+000
2.621311e+003,7.594686e+000
2.621793e+003,7.592843e+000
2.622276e+003,7.591053e+000
2.622758e+003,7.589301e+000
2.623240e+003,7.587559e+000
2.623722e+003,7.585783e+000
2.624204e+003,7.583950e+000
2.624686e+003,7.582056e+000
2.625168e+003,7.580124e+000
2.625650e+003,7.578192e+000
2.626133e+003,7.576300e+000
2.626615e+003,7.574471e+000
2.627097e+003,7.572713e+000
2.627579e+003,7.571019e+000
2.628061e+003,7.569380e+000
2.628543e+003,7.567791e+000
2.629025e+003,7.566247e+000
2.629507e+003,7.564751e+000
2.629990e+003,7.563288e+000
2.630472e+003,7.561832e+000
2.630954e+003,7.560348e+000
2.631436e+003,7.558797e+000
2.631918e+003,7.557158e+000
2.632400e+003,7.555425e+000
2.632882e+003,7.553615e+000
2.633364e+003,7.551753e+000
2.633846e+003,7.549858e+000
2.634329e+003,7.547939e+000
2.634811e+003,7.545992e+000
2.635293e+003,7.544007e+000
2.635775e+003,7.541987e+000
2.636257e+003,7.539950e+000
2.636739e+003,7.537928e+000
2.637221e+003,7.535954e+000
2.637704e+003,7.534058e+000
2.638186e+003,7.532241e+000
2.638668e+003,7.530491e+000
2.639150e+003,7.528785e+000
2.639632e+003,7.527102e+000
2.640114e+003,7.525434e+000
2.640596e+003,7.523787e+000
2.641078e+003,7.522172e+000
2.641561e+003,7.520590e+000
2.642043e+003,7.519029e+000
2.642525e+003,7.517463e+000
2.643007e+003,7.515861e+000
2.643489e+003,7.514200e+000
2.643971e+003,7.512482e+000
2.644453e+003,7.510718e+000
2.644935e+003,7.508943e+000
2.645417e+003,7.507175e+000
2.645900e+003,7.505428e+000
2.646382e+003,7.503697e+000
2.646864e+003,7.501968e+000
2.647346e+003,7.500233e+000
2.647828e+003,7.498487e+000
2.648310e+003,7.496741e+000
2.648792e+003,7.495007e+000
2.649274e+003,7.493289e+000
2.649757e+003,7.491582e+000
2.650239e+003,7.489865e+000
2.650721e+003,7.488119e+000
2.651203e+003,7.486334e+000
2.651685e+003,7.484513e+000
2.652167e+003,7.482677e+000
2.652649e+003,7.480852e+000
2.653132e+003,7.479054e+000
2.653614e+003,7.477285e+000
2.654096e+003,7.475526e+000
2.654578e+003,7.473755e+000
2.655060e+003,7.471957e+000
2.655542e+003,7.470130e+000
2.656024e+003,7.468289e+000
2.656506e+003,7.466457e+000
2.656989e+003,7.464652e+000
2.657471e+003,7.462881e+000
2.657953e+003,7.461134e+000
2.658435e+003,7.459397e+000
2.658917e+003,7.457660e+000
2.659399e+003,7.455919e+000
2.659881e+003,7.454185e+000
2.660363e+003,7.452465e+000
2.660845e+003,7.450760e+000
2.661328e+003,7.449057e+000
2.661810e+003,7.447329e+000
2.662292e+003,7.445554e+000
2.662774e+003,7.443719e+000
2.663256e+003,7.441833e+000
2.663738e+003,7.439925e+000
2.664220e+003,7.438031e+000
2.664702e+003,7.436181e+000
2.665185e+003,7.434388e+000
2.665667e+003,7.432642e+000
2.666149e+003,7.430923e+000
2.666631e+003,7.429208e+000
2.667113e+003,7.427481e+000
2.667595e+003,7.425739e+000
2.668077e+003,7.423987e+000
2.668560e+003,7.422234e+000
2.669042e+003,7.420482e+000
2.669524e+003,7.418731e+000
2.670006e+003,7.416980e+000
2.670488e+003,7.415237e+000
2.670970e+003,7.413516e+000
2.671452e+003,7.411835e+000
2.671934e+003,7.410206e+000
2.672417e+003,7.408624e+000
2.672899e+003,7.407063e+000
2.673381e+003,7.405483e+000
2.673863e+003,7.403849e+000
2.674345e+003,7.402136e+000
2.674827e+003,7.400342e+000
2.675309e+003,7.398483e+000
2.675791e+003,7.396590e+000
2.676273e+003,7.394680e+000
2.676756e+003,7.392764e+000
2.677238e+003,7.390836e+000
2.677720e+003,7.388889e+000
2.678202e+003,7.386930e+000
2.678684e+003,7.384979e+000
2.679166e+003,7.383077e+000
2.679648e+003,7.381269e+000
2.680130e+003,7.379590e+000
2.680613e+003,7.378052e+000
2.681095e+003,7.376637e+000
2.681577e+003,7.375308e+000
2.682059e+003,7.374016e+000
2.682541e+003,7.372712e+000
2.683023e+003,7.371355e+000
2.683505e+003,7.369916e+000
2.683988e+003,7.368367e+000
2.684469e+003,7.366691e+000
2.684952e+003,7.364882e+000
2.685434e+003,7.362950e+000
2.685916e+003,7.360932e+000
2.686398e+003,7.358882e+000
2.686880e+003,7.356863e+000
2.687362e+003,7.354933e+000
2.687844e+003,7.353118e+000
2.688327e+003,7.351414e+000
2.688809e+003,7.349784e+000
2.689291e+003,7.348181e+000
2.689773e+003,7.346559e+000
2.690255e+003,7.344890e+000
2.690737e+003,7.343168e+000
2.691219e+003,7.341402e+000
2.691701e+003,7.339601e+000
2.692184e+003,7.337766e+000
2.692666e+003,7.335888e+000
2.693148e+003,7.333953e+000
2.693630e+003,7.331954e+000
2.694112e+003,7.329896e+000
2.694594e+003,7.327796e+000
2.695076e+003,7.325681e+000
2.695558e+003,7.323576e+000
2.696041e+003,7.321493e+000
2.696523e+003,7.319437e+000
2.697005e+003,7.317407e+000
2.697487e+003,7.315406e+000
2.697969e+003,7.313446e+000
2.698451e+003,7.311537e+000
2.698933e+003,7.309689e+000
2.699416e+003,7.307899e+000
2.699897e+003,7.306146e+000
2.700380e+003,7.304400e+000
2.700862e+003,7.302637e+000
2.701344e+003,7.300838e+000
2.701826e+003,7.299014e+000
2.702308e+003,7.297181e+000
2.702790e+003,7.295363e+000
2.703272e+003,7.293569e+000
2.703755e+003,7.291788e+000
2.704237e+003,7.289987e+000
2.704719e+003,7.288134e+000
2.705201e+003,7.286202e+000
2.705683e+003,7.284191e+000
2.706165e+003,7.282120e+000
2.706647e+003,7.280024e+000
2.707129e+003,7.277934e+000
2.707612e+003,7.275868e+000
2.708094e+003,7.273829e+000
2.708576e+003,7.271806e+000
2.709058e+003,7.269789e+000
2.709540e+003,7.267775e+000
2.710022e+003,7.265772e+000
2.710504e+003,7.263795e+000
2.710986e+003,7.261855e+000
2.711469e+003,7.259948e+000
2.711951e+003,7.258064e+000
2.712433e+003,7.256181e+000
2.712915e+003,7.254282e+000
2.713397e+003,7.252360e+000
2.713879e+003,7.250419e+000
2.714361e+003,7.248464e+000
2.714844e+003,7.246503e+000
2.715325e+003,7.244536e+000
2.715808e+003,7.242559e+000
2.716290e+003,7.240569e+000
2.716772e+003,7.238577e+000
2.717254e+003,7.236601e+000
2.717736e+003,7.234668e+000
2.718218e+003,7.232801e+000
2.718700e+003,7.231006e+000
2.719183e+003,7.229267e+000
2.719665e+003,7.227555e+000
2.720147e+003,7.225836e+000
2.720629e+003,7.224081e+000
2.721111e+003,7.222285e+000
2.721593e+003,7.220458e+000
2.722075e+003,7.218619e+000
2.722557e+003,7.216784e+000
2.723040e+003,7.214956e+000
2.723522e+003,7.213126e+000
2.724004e+003,7.211278e+000
2.724486e+003,7.209401e+000
2.724968e+003,7.207493e+000
2.725450e+003,7.205558e+000
2.725932e+003,7.203604e+000
2.726414e+003,7.201630e+000
2.726896e+003,7.199627e+000
2.727379e+003,7.197577e+000
2.727861e+003,7.195477e+000
2.728343e+003,7.193334e+000
2.728825e+003,7.191179e+000
2.729307e+003,7.189060e+000
2.729789e+003,7.187022e+000
2.730271e+003,7.185092e+000
2.730753e+003,7.183270e+000
2.731236e+003,7.181524e+000
2.731718e+003,7.179804e+000
2.732200e+003,7.178061e+000
2.732682e+003,7.176261e+000
2.733164e+003,7.174388e+000
2.733646e+003,7.172449e+000
2.734128e+003,7.170454e+000
2.734611e+003,7.168417e+000
2.735093e+003,7.166346e+000
2.735575e+003,7.164250e+000
2.736057e+003,7.162141e+000
2.736539e+003,7.160039e+000
2.737021e+003,7.157969e+000
2.737503e+003,7.155949e+000
2.737985e+003,7.153989e+000
2.738468e+003,7.152081e+000
2.738950e+003,7.150197e+000
2.739432e+003,7.148311e+000
2.739914e+003,7.146402e+000
2.740396e+003,7.144467e+000
2.740878e+003,7.142519e+000
2.741360e+003,7.140581e+000
2.741842e+003,7.138677e+000
2.742324e+003,7.136819e+000
2.742807e+003,7.135006e+000
2.743289e+003,7.133236e+000
2.743771e+003,7.131501e+000
2.744253e+003,7.129800e+000
2.744735e+003,7.128133e+000
2.745217e+003,7.126497e+000
2.745699e+003,7.124877e+000
2.746182e+003,7.123245e+000
2.746664e+003,7.121567e+000
2.747146e+003,7.119819e+000
2.747628e+003,7.117991e+000
2.748110e+003,7.116104e+000
2.748592e+003,7.114197e+000
2.749074e+003,7.112317e+000
2.749556e+003,7.110501e+000
2.750039e+003,7.108764e+000
2.750521e+003,7.107100e+000
2.751003e+003,7.105486e+000
2.751485e+003,7.103898e+000
2.751967e+003,7.102314e+000
2.752449e+003,7.100730e+000
2.752931e+003,7.099143e+000
2.753413e+003,7.097550e+000
2.753896e+003,7.095941e+000
2.754378e+003,7.094293e+000
2.754860e+003,7.092590e+000
2.755342e+003,7.090822e+000
2.755824e+003,7.088995e+000
2.756306e+003,7.087132e+000
2.756788e+003,7.085263e+000
2.757270e+003,7.083415e+000
2.757752e+003,7.081604e+000
2.758235e+003,7.079832e+000
2.758717e+003,7.078095e+000
2.759199e+003,7.076388e+000
2.759681e+003,7.074709e+000
2.760163e+003,7.073062e+000
2.760645e+003,7.071448e+000
2.761127e+003,7.069851e+000
2.761610e+003,7.068248e+000
2.762092e+003,7.066598e+000
2.762574e+003,7.064867e+000
2.763056e+003,7.063033e+000
2.763538e+003,7.061095e+000
2.764020e+003,7.059074e+000
2.764502e+003,7.057003e+000
2.764984e+003,7.054917e+000
2.765467e+003,7.052840e+000
2.765949e+003,7.050785e+000
2.766431e+003,7.048760e+000
2.766913e+003,7.046773e+000
2.767395e+003,7.044838e+000
2.767877e+003,7.042970e+000
2.768359e+003,7.041183e+000
2.768841e+003,7.039471e+000
2.769323e+003,7.037815e+000
2.769806e+003,7.036179e+000
2.770288e+003,7.034520e+000
2.770770e+003,7.032808e+000
2.771252e+003,7.031028e+000
2.771734e+003,7.029183e+000
2.772216e+003,7.027287e+000
2.772698e+003,7.025349e+000
2.773180e+003,7.023376e+000
2.773663e+003,7.021363e+000
2.774145e+003,7.019307e+000
2.774627e+003,7.017217e+000
2.775109e+003,7.015110e+000
2.775591e+003,7.013019e+000
2.776073e+003,7.010979e+000
2.776555e+003,7.009010e+000
2.777038e+003,7.007114e+000
2.777520e+003,7.005268e+000
2.778002e+003,7.003435e+000
2.778484e+003,7.001583e+000
2.778966e+003,6.999686e+000
2.779448e+003,6.997734e+000
2.779930e+003,6.995733e+000
2.780412e+003,6.993690e+000
2.780895e+003,6.991609e+000
2.781377e+003,6.989497e+000
2.781859e+003,6.987353e+000
2.782341e+003,6.985186e+000
2.782823e+003,6.983013e+000
2.783305e+003,6.980857e+000
2.783787e+003,6.978739e+000
2.784269e+003,6.976671e+000
2.784751e+003,6.974649e+000
2.785234e+003,6.972652e+000
2.785716e+003,6.970657e+000
2.786198e+003,6.968643e+000
2.786680e+003,6.966600e+000
2.787162e+003,6.964533e+000
2.787644e+003,6.962450e+000
2.788126e+003,6.960359e+000
2.788608e+003,6.958257e+000
2.789091e+003,6.956135e+000
2.789573e+003,6.953983e+000
2.790055e+003,6.951798e+000
2.790537e+003,6.949590e+000
2.791019e+003,6.947381e+000
2.791501e+003,6.945192e+000
2.791983e+003,6.943044e+000
2.792466e+003,6.940940e+000
2.792948e+003,6.938872e+000
2.793430e+003,6.936827e+000
2.793912e+003,6.934797e+000
2.794394e+003,6.932781e+000
2.794876e+003,6.930792e+000
2.795358e+003,6.928843e+000
2.795840e+003,6.926936e+000
2.796323e+003,6.925058e+000
2.796805e+003,6.923185e+000
2.797287e+003,6.921285e+000
2.797769e+003,6.919333e+000
2.798251e+003,6.917323e+000
2.798733e+003,6.915263e+000
2.799215e+003,6.913180e+000
2.799697e+003,6.911102e+000
2.800179e+003,6.909051e+000
2.800662e+003,6.907039e+000
2.801144e+003,6.905066e+000
2.801626e+003,6.903126e+000
2.802108e+003,6.901209e+000
2.802590e+003,6.899304e+000
2.803072e+003,6.897397e+000
2.803554e+003,6.895468e+000
2.804036e+003,6.893492e+000
2.804519e+003,6.891448e+000
2.805001e+003,6.889328e+000
2.805483e+003,6.887136e+000
2.805965e+003,6.884893e+000
2.806447e+003,6.882639e+000
2.806929e+003,6.880406e+000
2.807411e+003,6.878218e+000
2.807894e+003,6.876081e+000
2.808375e+003,6.873984e+000
2.808858e+003,6.871910e+000
2.809340e+003,6.869846e+000
2.809822e+003,6.867786e+000
2.810304e+003,6.865737e+000
2.810786e+003,6.863700e+000
2.811268e+003,6.861676e+000
2.811750e+003,6.859649e+000
2.812233e+003,6.857592e+000
2.812715e+003,6.855482e+000
2.813197e+003,6.853302e+000
2.813679e+003,6.851051e+000
2.814161e+003,6.848743e+000
2.814643e+003,6.846401e+000
2.815125e+003,6.844046e+000
2.815607e+003,6.841690e+000
2.816090e+003,6.839332e+000
2.816572e+003,6.836969e+000
2.817054e+003,6.834599e+000
2.817536e+003,6.832230e+000
2.818018e+003,6.829871e+000
2.818500e+003,6.827536e+000
2.818982e+003,6.825233e+000
2.819464e+003,6.822958e+000
2.819947e+003,6.820695e+000
2.820429e+003,6.818429e+000
2.820911e+003,6.816147e+000
2.821393e+003,6.813844e+000
2.821875e+003,6.811522e+000
2.822357e+003,6.809184e+000
2.822839e+003,6.806828e+000
2.823322e+003,6.804442e+000
2.823803e+003,6.802009e+000
2.824286e+003,6.799516e+000
2.824768e+003,6.796959e+000
2.825250e+003,6.794350e+000
2.825732e+003,6.791708e+000
2.826214e+003,6.789056e+000
2.826696e+003,6.786404e+000
2.827178e+003,6.783751e+000
2.827661e+003,6.781084e+000
2.828143e+003,6.778384e+000
2.828625e+003,6.775641e+000
2.829107e+003,6.772858e+000
2.829589e+003,6.770043e+000
2.830071e+003,6.767210e+000
2.830553e+003,6.764362e+000
2.831035e+003,6.761489e+000
2.831518e+003,6.758566e+000
2.832000e+003,6.755568e+000
2.832482e+003,6.752470e+000
2.832964e+003,6.749266e+000
2.833446e+003,6.745955e+000
2.833928e+003,6.742543e+000
2.834410e+003,6.739033e+000
2.834892e+003,6.735414e+000
2.835375e+003,6.731666e+000
2.835857e+003,6.727765e+000
2.836339e+003,6.723690e+000
2.836821e+003,6.719429e+000
2.837303e+003,6.714977e+000
2.837785e+003,6.710330e+000
2.838267e+003,6.705476e+000
2.838750e+003,6.700393e+000
2.839231e+003,6.695056e+000
2.839714e+003,6.689440e+000
2.840196e+003,6.683536e+000
2.840678e+003,6.677351e+000
2.841160e+003,6.670909e+000
2.841642e+003,6.664239e+000
2.842124e+003,6.657360e+000
2.842606e+003,6.650276e+000
2.843089e+003,6.642972e+000
2.843571e+003,6.635429e+000
2.844053e+003,6.627632e+000
2.844535e+003,6.619577e+000
2.845017e+003,6.611283e+000
2.845499e+003,6.602792e+000
2.845981e+003,6.594157e+000
2.846463e+003,6.585448e+000
2.846946e+003,6.576742e+000
2.847428e+003,6.568135e+000
2.847910e+003,6.559738e+000
2.848392e+003,6.551672e+000
2.848874e+003,6.544061e+000
2.849356e+003,6.537017e+000
2.849838e+003,6.530624e+000
2.850320e+003,6.524931e+000
2.850802e+003,6.519950e+000
2.851285e+003,6.515667e+000
2.851767e+003,6.512058e+000
2.852249e+003,6.509093e+000
2.852731e+003,6.506751e+000
2.853213e+003,6.505012e+000
2.853695e+003,6.503847e+000
2.854177e+003,6.503221e+000
2.854659e+003,6.503085e+000
2.855142e+003,6.503385e+000
2.855624e+003,6.504060e+000
2.856106e+003,6.505055e+000
2.856588e+003,6.506315e+000
2.857070e+003,6.507787e+000
2.857552e+003,6.509411e+000
2.858034e+003,6.511128e+000
2.858517e+003,6.512877e+000
2.858999e+003,6.514607e+000
2.859481e+003,6.516280e+000
2.859963e+003,6.517878e+000
2.860445e+003,6.519393e+000
2.860927e+003,6.520824e+000
2.861409e+003,6.522167e+000
2.861891e+003,6.523405e+000
2.862374e+003,6.524515e+000
2.862856e+003,6.525471e+000
2.863338e+003,6.526254e+000
2.863820e+003,6.526849e+000
2.864302e+003,6.527252e+000
2.864784e+003,6.527457e+000
2.865266e+003,6.527452e+000
2.865748e+003,6.527224e+000
2.866230e+003,6.526756e+000
2.866713e+003,6.526041e+000
2.867195e+003,6.525093e+000
2.867677e+003,6.523943e+000
2.868159e+003,6.522640e+000
2.868641e+003,6.521238e+000
2.869123e+003,6.519779e+000
2.869605e+003,6.518294e+000
2.870088e+003,6.516796e+000
2.870570e+003,6.515292e+000
2.871052e+003,6.513795e+000
2.871534e+003,6.512325e+000
2.872016e+003,6.510913e+000
2.872498e+003,6.509594e+000
2.872980e+003,6.508394e+000
2.873462e+003,6.507327e+000
2.873945e+003,6.506389e+000
2.874427e+003,6.505567e+000
2.874909e+003,6.504845e+000
2.875391e+003,6.504205e+000
2.875873e+003,6.503633e+000
2.876355e+003,6.503113e+000
2.876837e+003,6.502617e+000
2.877319e+003,6.502111e+000
2.877802e+003,6.501551e+000
2.878284e+003,6.500896e+000
2.878766e+003,6.500113e+000
2.879248e+003,6.499187e+000
2.879730e+003,6.498113e+000
2.880212e+003,6.496899e+000
2.880694e+003,6.495553e+000
2.881176e+003,6.494082e+000
2.881658e+003,6.492490e+000
2.882141e+003,6.490784e+000
2.882623e+003,6.488976e+000
2.883105e+003,6.487087e+000
2.883587e+003,6.485134e+000
2.884069e+003,6.483130e+000
2.884551e+003,6.481070e+000
2.885033e+003,6.478930e+000
2.885516e+003,6.476676e+000
2.885998e+003,6.474270e+000
2.886480e+003,6.471688e+000
2.886962e+003,6.468924e+000
2.887444e+003,6.465987e+000
2.887926e+003,6.462895e+000
2.888408e+003,6.459670e+000
2.888890e+003,6.456319e+000
2.889373e+003,6.452846e+000
2.889855e+003,6.449249e+000
2.890337e+003,6.445534e+000
2.890819e+003,6.441715e+000
2.891301e+003,6.437817e+000
2.891783e+003,6.433869e+000
2.892265e+003,6.429896e+000
2.892747e+003,6.425917e+000
2.893229e+003,6.421937e+000
2.893712e+003,6.417964e+000
2.894194e+003,6.414002e+000
2.894676e+003,6.410058e+000
2.895158e+003,6.406140e+000
2.895640e+003,6.402247e+000
2.896122e+003,6.398369e+000
2.896604e+003,6.394481e+000
2.897086e+003,6.390551e+000
2.897569e+003,6.386552e+000
2.898051e+003,6.382467e+000
2.898533e+003,6.378296e+000
2.899015e+003,6.374055e+000
2.899497e+003,6.369761e+000
2.899979e+003,6.365427e+000
2.900461e+003,6.361048e+000
2.900944e+003,6.356610e+000
2.901426e+003,6.352094e+000
2.901908e+003,6.347481e+000
2.902390e+003,6.342762e+000
2.902872e+003,6.337939e+000
2.903354e+003,6.333018e+000
2.903836e+003,6.328002e+000
2.904318e+003,6.322896e+000
2.904801e+003,6.317698e+000
2.905283e+003,6.312409e+000
2.905765e+003,6.307036e+000
2.906247e+003,6.301591e+000
2.906729e+003,6.296085e+000
2.907211e+003,6.290522e+000
2.907693e+003,6.284885e+000
2.908175e+003,6.279141e+000
2.908657e+003,6.273243e+000
2.909140e+003,6.267138e+000
2.909622e+003,6.260788e+000
2.910104e+003,6.254168e+000
2.910586e+003,6.247266e+000
2.911068e+003,6.240085e+000
2.911550e+003,6.232623e+000
2.912032e+003,6.224883e+000
2.912514e+003,6.216861e+000
2.912997e+003,6.208569e+000
2.913479e+003,6.200039e+000
2.913961e+003,6.191329e+000
2.914443e+003,6.182524e+000
2.914925e+003,6.173724e+000
2.915407e+003,6.165028e+000
2.915889e+003,6.156526e+000
2.916372e+003,6.148289e+000
2.916854e+003,6.140369e+000
2.917336e+003,6.132803e+000
2.917818e+003,6.125619e+000
2.918300e+003,6.118839e+000
2.918782e+003,6.112480e+000
2.919264e+003,6.106548e+000
2.919746e+003,6.101051e+000
2.920229e+003,6.095985e+000
2.920711e+003,6.091354e+000
2.921193e+003,6.087159e+000
2.921675e+003,6.083412e+000
2.922157e+003,6.080117e+000
2.922639e+003,6.077281e+000
2.923121e+003,6.074899e+000
2.923603e+003,6.072963e+000
2.924085e+003,6.071466e+000
2.924568e+003,6.070413e+000
2.925050e+003,6.069821e+000
2.925532e+003,6.069722e+000
2.926014e+003,6.070148e+000
2.926496e+003,6.071116e+000
2.926978e+003,6.072620e+000
2.927460e+003,6.074614e+000
2.927942e+003,6.077022e+000
2.928425e+003,6.079747e+000
2.928907e+003,6.082690e+000
2.929389e+003,6.085759e+000
2.929871e+003,6.088883e+000
2.930353e+003,6.092017e+000
2.930835e+003,6.095134e+000
2.931317e+003,6.098237e+000
2.931800e+003,6.101343e+000
2.932281e+003,6.104488e+000
2.932764e+003,6.107716e+000
2.933246e+003,6.111063e+000
2.933728e+003,6.114561e+000
2.934210e+003,6.118209e+000
2.934692e+003,6.121982e+000
2.935174e+003,6.125840e+000
2.935656e+003,6.129736e+000
2.936139e+003,6.133640e+000
2.936621e+003,6.137541e+000
2.937103e+003,6.141451e+000
2.937585e+003,6.145388e+000
2.938067e+003,6.149357e+000
2.938549e+003,6.153333e+000
2.939031e+003,6.157258e+000
2.939513e+003,6.161047e+000
2.939996e+003,6.164607e+000
2.940478e+003,6.167855e+000
2.940960e+003,6.170739e+000
2.941442e+003,6.173230e+000
2.941924e+003,6.175321e+000
2.942406e+003,6.177008e+000
2.942888e+003,6.178283e+000
2.943370e+003,6.179130e+000
2.943853e+003,6.179525e+000
2.944335e+003,6.179461e+000
2.944817e+003,6.178945e+000
2.945299e+003,6.178004e+000
2.945781e+003,6.176692e+000
2.946263e+003,6.175069e+000
2.946745e+003,6.173199e+000
2.947228e+003,6.171135e+000
2.947709e+003,6.168915e+000
2.948192e+003,6.166559e+000
2.948674e+003,6.164059e+000
2.949156e+003,6.161383e+000
2.949638e+003,6.158475e+000
2.950120e+003,6.155267e+000
2.950602e+003,6.151690e+000
2.951084e+003,6.147699e+000
2.951567e+003,6.143291e+000
2.952049e+003,6.138511e+000
2.952531e+003,6.133448e+000
2.953013e+003,6.128217e+000
2.953495e+003,6.122933e+000
2.953977e+003,6.117690e+000
2.954459e+003,6.112550e+000
2.954941e+003,6.107549e+000
2.955424e+003,6.102709e+000
2.955906e+003,6.098060e+000
2.956388e+003,6.093647e+000
2.956870e+003,6.089531e+000
2.957352e+003,6.085785e+000
2.957834e+003,6.082467e+000
2.958316e+003,6.079612e+000
2.958798e+003,6.077233e+000
2.959281e+003,6.075318e+000
2.959763e+003,6.073842e+000
2.960245e+003,6.072781e+000
2.960727e+003,6.072104e+000
2.961209e+003,6.071782e+000
2.961691e+003,6.071786e+000
2.962173e+003,6.072083e+000
2.962656e+003,6.072645e+000
2.963137e+003,6.073462e+000
2.963620e+003,6.074553e+000
2.964102e+003,6.075964e+000
2.964584e+003,6.077766e+000
2.965066e+003,6.080035e+000
2.965548e+003,6.082835e+000
2.966030e+003,6.086199e+000
2.966512e+003,6.090121e+000
2.966995e+003,6.094554e+000
2.967477e+003,6.099419e+000
2.967959e+003,6.104602e+000
2.968441e+003,6.109968e+000
2.968923e+003,6.115363e+000
2.969405e+003,6.120619e+000
2.969887e+003,6.125576e+000
2.970369e+003,6.130098e+000
2.970852e+003,6.134102e+000
2.971334e+003,6.137577e+000
2.971816e+003,6.140586e+000
2.972298e+003,6.143250e+000
2.972780e+003,6.145721e+000
2.973262e+003,6.148133e+000
2.973744e+003,6.150570e+000
2.974226e+003,6.153046e+000
2.974708e+003,6.155514e+000
2.975191e+003,6.157881e+000
2.975673e+003,6.160049e+000
2.976155e+003,6.161943e+000
2.976637e+003,6.163543e+000
2.977119e+003,6.164881e+000
2.977601e+003,6.166038e+000
2.978083e+003,6.167117e+000
2.978565e+003,6.168227e+000
2.979048e+003,6.169450e+000
2.979530e+003,6.170826e+000
2.980012e+003,6.172347e+000
2.980494e+003,6.173965e+000
2.980976e+003,6.175589e+000
2.981458e+003,6.177115e+000
2.981940e+003,6.178432e+000
2.982423e+003,6.179444e+000
2.982905e+003,6.180070e+000
2.983387e+003,6.180252e+000
2.983869e+003,6.179954e+000
2.984351e+003,6.179169e+000
2.984833e+003,6.177924e+000
2.985315e+003,6.176288e+000
2.985797e+003,6.174384e+000
2.986280e+003,6.172387e+000
2.986762e+003,6.170501e+000
2.987244e+003,6.168929e+000
2.987726e+003,6.167826e+000
2.988208e+003,6.167254e+000
2.988690e+003,6.167160e+000
2.989172e+003,6.167375e+000
2.989654e+003,6.167652e+000
2.990136e+003,6.167724e+000
2.990619e+003,6.167371e+000
2.991101e+003,6.166471e+000
2.991583e+003,6.165034e+000
2.992065e+003,6.163194e+000
2.992547e+003,6.161173e+000
2.993029e+003,6.159235e+000
2.993511e+003,6.157619e+000
2.993994e+003,6.156501e+000
2.994476e+003,6.155953e+000
2.994958e+003,6.155942e+000
2.995440e+003,6.156337e+000
2.995922e+003,6.156950e+000
2.996404e+003,6.157566e+000
2.996886e+003,6.157995e+000
2.997368e+003,6.158096e+000
2.997851e+003,6.157799e+000
2.998333e+003,6.157092e+000
2.998815e+003,6.156002e+000
2.999297e+003,6.154549e+000
2.999779e+003,6.152740e+000
3.000261e+003,6.150542e+000
3.000743e+003,6.147912e+000
3.001225e+003,6.144825e+000
3.001708e+003,6.141331e+000
3.002190e+003,6.137567e+000
3.002672e+003,6.133768e+000
3.003154e+003,6.130228e+000
3.003636e+003,6.127234e+000
3.004118e+003,6.124993e+000
3.004600e+003,6.123569e+000
3.005082e+003,6.122855e+000
3.005564e+003,6.122578e+000
3.006047e+003,6.122354e+000
3.006529e+003,6.121753e+000
3.007011e+003,6.120376e+000
3.007493e+003,6.117923e+000
3.007975e+003,6.114237e+000
3.008457e+003,6.109326e+000
3.008939e+003,6.103363e+000
3.009422e+003,6.096655e+000
3.009904e+003,6.089608e+000
3.010386e+003,6.082664e+000
3.010868e+003,6.076236e+000
3.011350e+003,6.070651e+000
3.011832e+003,6.066095e+000
3.012314e+003,6.062599e+000
3.012796e+003,6.060055e+000
3.013279e+003,6.058259e+000
3.013761e+003,6.056985e+000
3.014243e+003,6.056046e+000
3.014725e+003,6.055352e+000
3.015207e+003,6.054925e+000
3.015689e+003,6.054877e+000
3.016171e+003,6.055355e+000
3.016653e+003,6.056478e+000
3.017135e+003,6.058281e+000
3.017618e+003,6.060678e+000
3.018100e+003,6.063457e+000
3.018582e+003,6.066322e+000
3.019064e+003,6.068947e+000
3.019546e+003,6.071032e+000
3.020028e+003,6.072357e+000
3.020510e+003,6.072813e+000
3.020992e+003,6.072389e+000
3.021475e+003,6.071164e+000
3.021957e+003,6.069266e+000
3.022439e+003,6.066849e+000
3.022921e+003,6.064082e+000
3.023403e+003,6.061133e+000
3.023885e+003,6.058180e+000
3.024367e+003,6.055389e+000
3.024850e+003,6.052888e+000
3.025332e+003,6.050721e+000
3.025814e+003,6.048794e+000
3.026296e+003,6.046853e+000
3.026778e+003,6.044500e+000
3.027260e+003,6.041263e+000
3.027742e+003,6.036714e+000
3.028224e+003,6.030609e+000
3.028707e+003,6.022998e+000
3.029189e+003,6.014275e+000
3.029671e+003,6.005123e+000
3.030153e+003,5.996400e+000
3.030635e+003,5.988953e+000
3.031117e+003,5.983440e+000
3.031599e+003,5.980207e+000
3.032081e+003,5.979246e+000
3.032563e+003,5.980243e+000
3.033046e+003,5.982696e+000
3.033528e+003,5.986047e+000
3.034010e+003,5.989803e+000
3.034492e+003,5.993602e+000
3.034974e+003,5.997214e+000
3.035456e+003,6.000517e+000
3.035938e+003,6.003440e+000
3.036420e+003,6.005930e+000
3.036903e+003,6.007928e+000
3.037385e+003,6.009386e+000
3.037867e+003,6.010276e+000
3.038349e+003,6.010612e+000
3.038831e+003,6.010447e+000
3.039313e+003,6.009857e+000
3.039795e+003,6.008932e+000
3.040278e+003,6.007746e+000
3.040760e+003,6.006363e+000
3.041242e+003,6.004827e+000
3.041724e+003,6.003170e+000
3.042206e+003,6.001418e+000
3.042688e+003,5.999568e+000
3.043170e+003,5.997581e+000
3.043652e+003,5.995366e+000
3.044135e+003,5.992781e+000
3.044617e+003,5.989671e+000
3.045099e+003,5.985909e+000
3.045581e+003,5.981451e+000
3.046063e+003,5.976396e+000
3.046545e+003,5.970990e+000
3.047027e+003,5.965611e+000
3.047509e+003,5.960706e+000
3.047991e+003,5.956705e+000
3.048474e+003,5.953931e+000
3.048956e+003,5.952527e+000
3.049438e+003,5.952418e+000
3.049920e+003,5.953319e+000
3.050402e+003,5.954773e+000
3.050884e+003,5.956221e+000
3.051366e+003,5.957087e+000
3.051848e+003,5.956859e+000
3.052331e+003,5.955167e+000
3.052813e+003,5.951838e+000
3.053295e+003,5.946937e+000
3.053777e+003,5.940759e+000
3.054259e+003,5.933809e+000
3.054741e+003,5.926729e+000
3.055223e+003,5.920200e+000
3.055706e+003,5.914833e+000
3.056188e+003,5.911071e+000
3.056670e+003,5.909106e+000
3.057152e+003,5.908865e+000
3.057634e+003,5.910022e+000
3.058116e+003,5.912075e+000
3.058598e+003,5.914427e+000
3.059080e+003,5.916486e+000
3.059563e+003,5.917736e+000
3.060045e+003,5.917784e+000
3.060527e+003,5.916377e+000
3.061009e+003,5.913407e+000
3.061491e+003,5.908910e+000
3.061973e+003,5.903050e+000
3.062455e+003,5.896123e+000
3.062937e+003,5.888544e+000
3.063419e+003,5.880820e+000
3.063902e+003,5.873509e+000
3.064384e+003,5.867167e+000
3.064866e+003,5.862269e+000
3.065348e+003,5.859164e+000
3.065830e+003,5.858017e+000
3.066312e+003,5.858800e+000
3.066794e+003,5.861297e+000
3.067276e+003,5.865129e+000
3.067759e+003,5.869818e+000
3.068241e+003,5.874831e+000
3.068723e+003,5.879651e+000
3.069205e+003,5.883841e+000
3.069687e+003,5.887087e+000
3.070169e+003,5.889227e+000
3.070651e+003,5.890258e+000
3.071134e+003,5.890299e+000
3.071615e+003,5.889544e+000
3.072098e+003,5.888188e+000
3.072580e+003,5.886379e+000
3.073062e+003,5.884171e+000
3.073544e+003,5.881528e+000
3.074026e+003,5.878352e+000
3.074508e+003,5.874527e+000
3.074990e+003,5.869977e+000
3.075473e+003,5.864700e+000
3.075955e+003,5.858792e+000
3.076437e+003,5.852436e+000
3.076919e+003,5.845881e+000
3.077401e+003,5.839418e+000
3.077883e+003,5.833345e+000
3.078365e+003,5.827953e+000
3.078847e+003,5.823494e+000
3.079330e+003,5.820168e+000
3.079812e+003,5.818091e+000
3.080294e+003,5.817278e+000
3.080776e+003,5.817625e+000
3.081258e+003,5.818908e+000
3.081740e+003,5.820814e+000
3.082222e+003,5.822977e+000
3.082704e+003,5.825033e+000
3.083187e+003,5.826679e+000
3.083669e+003,5.827716e+000
3.084151e+003,5.828069e+000
3.084633e+003,5.827794e+000
3.085115e+003,5.827044e+000
3.085597e+003,5.826031e+000
3.086079e+003,5.824971e+000
3.086562e+003,5.824042e+000
3.087043e+003,5.823341e+000
3.087526e+003,5.822869e+000
3.088008e+003,5.822543e+000
3.088490e+003,5.822214e+000
3.088972e+003,5.821700e+000
3.089454e+003,5.820811e+000
3.089936e+003,5.819365e+000
3.090418e+003,5.817185e+000
3.090901e+003,5.814106e+000
3.091383e+003,5.809978e+000
3.091865e+003,5.804698e+000
3.092347e+003,5.798265e+000
3.092829e+003,5.790833e+000
3.093311e+003,5.782758e+000
3.093793e+003,5.774586e+000
3.094275e+003,5.766983e+000
3.094758e+003,5.760603e+000
3.095240e+003,5.755929e+000
3.095722e+003,5.753133e+000
3.096204e+003,5.752004e+000
3.096686e+003,5.751980e+000
3.097168e+003,5.752281e+000
3.097650e+003,5.752107e+000
3.098132e+003,5.750849e+000
3.098615e+003,5.748241e+000
3.099097e+003,5.744421e+000
3.099579e+003,5.739882e+000
3.100061e+003,5.735331e+000
3.100543e+003,5.731505e+000
3.101025e+003,5.729000e+000
3.101507e+003,5.728140e+000
3.101990e+003,5.728945e+000
3.102471e+003,5.731147e+000
3.102954e+003,5.734272e+000
3.103436e+003,5.737758e+000
3.103918e+003,5.741055e+000
3.104400e+003,5.743711e+000
3.104882e+003,5.745437e+000
3.105364e+003,5.746118e+000
3.105846e+003,5.745800e+000
3.106329e+003,5.744651e+000
3.106811e+003,5.742908e+000
3.107293e+003,5.740813e+000
3.107775e+003,5.738571e+000
3.108257e+003,5.736317e+000
3.108739e+003,5.734102e+000
3.109221e+003,5.731906e+000
3.109703e+003,5.729650e+000
3.110186e+003,5.727220e+000
3.110668e+003,5.724483e+000
3.111150e+003,5.721304e+000
3.111632e+003,5.717574e+000
3.112114e+003,5.713221e+000
3.112596e+003,5.708250e+000
3.113078e+003,5.702746e+000
3.113560e+003,5.696900e+000
3.114042e+003,5.690977e+000
3.114525e+003,5.685297e+000
3.115007e+003,5.680182e+000
3.115489e+003,5.675904e+000
3.115971e+003,5.672638e+000
3.116453e+003,5.670432e+000
3.116935e+003,5.669197e+000
3.117417e+003,5.668715e+000
3.117900e+003,5.668664e+000
3.118382e+003,5.668672e+000
3.118864e+003,5.668366e+000
3.119346e+003,5.667453e+000
3.119828e+003,5.665785e+000
3.120310e+003,5.663406e+000
3.120792e+003,5.660557e+000
3.121274e+003,5.657631e+000
3.121757e+003,5.655079e+000
3.122239e+003,5.653292e+000
3.122721e+003,5.652478e+000
3.123203e+003,5.652624e+000
3.123685e+003,5.653499e+000
3.124167e+003,5.654741e+000
3.124649e+003,5.655997e+000
3.125131e+003,5.657034e+000
3.125614e+003,5.657814e+000
3.126096e+003,5.658473e+000
3.126578e+003,5.659228e+000
3.127060e+003,5.660240e+000
3.127542e+003,5.661491e+000
3.128024e+003,5.662726e+000
3.128506e+003,5.663483e+000
3.128988e+003,5.663219e+000
3.129470e+003,5.661478e+000
3.129953e+003,5.658040e+000
3.130435e+003,5.653035e+000
3.130917e+003,5.646944e+000
3.131399e+003,5.640513e+000
3.131881e+003,5.634602e+000
3.132363e+003,5.629996e+000
3.132845e+003,5.627253e+000
3.133328e+003,5.626593e+000
3.133810e+003,5.627871e+000
3.134292e+003,5.630633e+000
3.134774e+003,5.634227e+000
3.135256e+003,5.637938e+000
3.135738e+003,5.641142e+000
3.136220e+003,5.643399e+000
3.136702e+003,5.644508e+000
3.137185e+003,5.644497e+000
3.137667e+003,5.643559e+000
3.138149e+003,5.641966e+000
3.138631e+003,5.639984e+000
3.139113e+003,5.637820e+000
3.139595e+003,5.635597e+000
3.140077e+003,5.633380e+000
3.140559e+003,5.631206e+000
3.141042e+003,5.629108e+000
3.141524e+003,5.627145e+000
3.142006e+003,5.625378e+000
3.142488e+003,5.623848e+000
3.142970e+003,5.622558e+000
3.143452e+003,5.621460e+000
3.143934e+003,5.620466e+000
3.144417e+003,5.619474e+000
3.144898e+003,5.618400e+000
3.145381e+003,5.617187e+000
3.145863e+003,5.615819e+000
3.146345e+003,5.614302e+000
3.146827e+003,5.612653e+000
3.147309e+003,5.610886e+000
3.147791e+003,5.609010e+000
3.148273e+003,5.607041e+000
3.148756e+003,5.605004e+000
3.149238e+003,5.602942e+000
3.149720e+003,5.600901e+000
3.150202e+003,5.598928e+000
3.150684e+003,5.597049e+000
3.151166e+003,5.595270e+000
3.151648e+003,5.593575e+000
3.152130e+003,5.591949e+000
3.152613e+003,5.590375e+000
3.153095e+003,5.588849e+000
3.153577e+003,5.587369e+000
3.154059e+003,5.585930e+000
3.154541e+003,5.584512e+000
3.155023e+003,5.583078e+000
3.155505e+003,5.581589e+000
3.155987e+003,5.580009e+000
3.156469e+003,5.578325e+000
3.156952e+003,5.576547e+000
3.157434e+003,5.574698e+000
3.157916e+003,5.572807e+000
3.158398e+003,5.570892e+000
3.158880e+003,5.568957e+000
3.159362e+003,5.566995e+000
3.159844e+003,5.565002e+000
3.160326e+003,5.562988e+000
3.160809e+003,5.560973e+000
3.161291e+003,5.558980e+000
3.161773e+003,5.557031e+000
3.162255e+003,5.555125e+000
3.162737e+003,5.553247e+000
3.163219e+003,5.551366e+000
3.163701e+003,5.549455e+000
3.164184e+003,5.547497e+000
3.164666e+003,5.545487e+000
3.165148e+003,5.543435e+000
3.165630e+003,5.541349e+000
3.166112e+003,5.539235e+000
3.166594e+003,5.537095e+000
3.167076e+003,5.534939e+000
3.167558e+003,5.532794e+000
3.168041e+003,5.530700e+000
3.168523e+003,5.528708e+000
3.169005e+003,5.526858e+000
3.169487e+003,5.525162e+000
3.169969e+003,5.523593e+000
3.170451e+003,5.522099e+000
3.170933e+003,5.520613e+000
3.171415e+003,5.519069e+000
3.171897e+003,5.517407e+000
3.172380e+003,5.515559e+000
3.172862e+003,5.513412e+000
3.173344e+003,5.510808e+000
3.173826e+003,5.507535e+000
3.174308e+003,5.503386e+000
3.174790e+003,5.498234e+000
3.175272e+003,5.492122e+000
3.175754e+003,5.485327e+000
3.176237e+003,5.478356e+000
3.176719e+003,5.471882e+000
3.177201e+003,5.466607e+000
3.177683e+003,5.463101e+000
3.178165e+003,5.461667e+000
3.178647e+003,5.462251e+000
3.179129e+003,5.464451e+000
3.179612e+003,5.467603e+000
3.180094e+003,5.470909e+000
3.180576e+003,5.473608e+000
3.181058e+003,5.475104e+000
3.181540e+003,5.475064e+000
3.182022e+003,5.473451e+000
3.182504e+003,5.470503e+000
3.182986e+003,5.466668e+000
3.183469e+003,5.462505e+000
3.183951e+003,5.458581e+000
3.184433e+003,5.455364e+000
3.184915e+003,5.453155e+000
3.185397e+003,5.452040e+000
3.185879e+003,5.451906e+000
3.186361e+003,5.452480e+000
3.186843e+003,5.453413e+000
3.187325e+003,5.454353e+000
3.187808e+003,5.455020e+000
3.188290e+003,5.455243e+000
3.188772e+003,5.454963e+000
3.189254e+003,5.454205e+000
3.189736e+003,5.453046e+000
3.190218e+003,5.451577e+000
3.190700e+003,5.449860e+000
3.191182e+003,5.447920e+000
3.191665e+003,5.445730e+000
3.192147e+003,5.443203e+000
3.192629e+003,5.440208e+000
3.193111e+003,5.436586e+000
3.193593e+003,5.432194e+000
3.194075e+003,5.426950e+000
3.194557e+003,5.420897e+000
3.195040e+003,5.414247e+000
3.195521e+003,5.407376e+000
3.196004e+003,5.400799e+000
3.196486e+003,5.395077e+000
3.196968e+003,5.390717e+000
3.197450e+003,5.388060e+000
3.197932e+003,5.387215e+000
3.198414e+003,5.388037e+000
3.198896e+003,5.390163e+000
3.199379e+003,5.393099e+000
3.199861e+003,5.396304e+000
3.200343e+003,5.399302e+000
3.200825e+003,5.401735e+000
3.201307e+003,5.403400e+000
3.201789e+003,5.404245e+000
3.202271e+003,5.404341e+000
3.202753e+003,5.403826e+000
3.203236e+003,5.402855e+000
3.203718e+003,5.401547e+000
3.204200e+003,5.399938e+000
3.204682e+003,5.397965e+000
3.205164e+003,5.395484e+000
3.205646e+003,5.392313e+000
3.206128e+003,5.388307e+000
3.206610e+003,5.383433e+000
3.207093e+003,5.377832e+000
3.207575e+003,5.371816e+000
3.208057e+003,5.365829e+000
3.208539e+003,5.360332e+000
3.209021e+003,5.355687e+000
3.209503e+003,5.352046e+000
3.209985e+003,5.349302e+000
3.210468e+003,5.347127e+000
3.210949e+003,5.345078e+000
3.211432e+003,5.342750e+000
3.211914e+003,5.339921e+000
3.212396e+003,5.336641e+000
3.212878e+003,5.333215e+000
3.213360e+003,5.330102e+000
3.213842e+003,5.327758e+000
3.214324e+003,5.326457e+000
3.214807e+003,5.326177e+000
3.215289e+003,5.326591e+000
3.215771e+003,5.327140e+000
3.216253e+003,5.327208e+000
3.216735e+003,5.326304e+000
3.217217e+003,5.324219e+000
3.217699e+003,5.321086e+000
3.218181e+003,5.317350e+000
3.218664e+003,5.313642e+000
3.219146e+003,5.310606e+000
3.219628e+003,5.308745e+000
3.220110e+003,5.308301e+000
3.220592e+003,5.309223e+000
3.221074e+003,5.311211e+000
3.221556e+003,5.313794e+000
3.222038e+003,5.316448e+000
3.222521e+003,5.318681e+000
3.223003e+003,5.320106e+000
3.223485e+003,5.320474e+000
3.223967e+003,5.319673e+000
3.224449e+003,5.317735e+000
3.224931e+003,5.314800e+000
3.225413e+003,5.311110e+000
3.225896e+003,5.306964e+000
3.226377e+003,5.302682e+000
3.226860e+003,5.298560e+000
3.227342e+003,5.294831e+000
3.227824e+003,5.291633e+000
3.228306e+003,5.289007e+000
3.228788e+003,5.286909e+000
3.229270e+003,5.285245e+000
3.229752e+003,5.283911e+000
3.230235e+003,5.282813e+000
3.230717e+003,5.281880e+000
3.231199e+003,5.281062e+000
3.231681e+003,5.280303e+000
3.232163e+003,5.279535e+000
3.232645e+003,5.278670e+000
3.233127e+003,5.277619e+000
3.233609e+003,5.276311e+000
3.234092e+003,5.274717e+000
3.234574e+003,5.272870e+000
3.235056e+003,5.270855e+000
3.235538e+003,5.268791e+000
3.236020e+003,5.266800e+000
3.236502e+003,5.264982e+000
3.236984e+003,5.263394e+000
3.237466e+003,5.262048e+000
3.237948e+003,5.260913e+000
3.238431e+003,5.259927e+000
3.238913e+003,5.258991e+000
3.239395e+003,5.257963e+000
3.239877e+003,5.256647e+000
3.240359e+003,5.254799e+000
3.240841e+003,5.252151e+000
3.241323e+003,5.248476e+000
3.241806e+003,5.243666e+000
3.242288e+003,5.237816e+000
3.242770e+003,5.231274e+000
3.243252e+003,5.224628e+000
3.243734e+003,5.218618e+000
3.244216e+003,5.213995e+000
3.244698e+003,5.211346e+000
3.245180e+003,5.210953e+000
3.245663e+003,5.212716e+000
3.246145e+003,5.216172e+000
3.246627e+003,5.220611e+000
3.247109e+003,5.225233e+000
3.247591e+003,5.229319e+000
3.248073e+003,5.232343e+000
3.248555e+003,5.234015e+000
3.249037e+003,5.234254e+000
3.249520e+003,5.233107e+000
3.250002e+003,5.230678e+000
3.250484e+003,5.227082e+000
3.250966e+003,5.222452e+000
3.251448e+003,5.216976e+000
3.251930e+003,5.210940e+000
3.252412e+003,5.204740e+000
3.252894e+003,5.198847e+000
3.253376e+003,5.193730e+000
3.253859e+003,5.189756e+000
3.254341e+003,5.187114e+000
3.254823e+003,5.185776e+000
3.255305e+003,5.185520e+000
3.255787e+003,5.185996e+000
3.256269e+003,5.186820e+000
3.256751e+003,5.187657e+000
3.257234e+003,5.188267e+000
3.257716e+003,5.188526e+000
3.258198e+003,5.188413e+000
3.258680e+003,5.187972e+000
3.259162e+003,5.187282e+000
3.259644e+003,5.186422e+000
3.260126e+003,5.185456e+000
3.260608e+003,5.184422e+000
3.261091e+003,5.183324e+000
3.261573e+003,5.182139e+000
3.262055e+003,5.180838e+000
3.262537e+003,5.179399e+000
3.263019e+003,5.177835e+000
3.263501e+003,5.176206e+000
3.263983e+003,5.174613e+000
3.264465e+003,5.173179e+000
3.264948e+003,5.172009e+000
3.265430e+003,5.171151e+000
3.265912e+003,5.170577e+000
3.266394e+003,5.170176e+000
3.266876e+003,5.169775e+000
3.267358e+003,5.169169e+000
3.267840e+003,5.168153e+000
3.268323e+003,5.166539e+000
3.268804e+003,5.164167e+000
3.269287e+003,5.160905e+000
3.269769e+003,5.156664e+000
3.270251e+003,5.151412e+000
3.270733e+003,5.145209e+000
3.271215e+003,5.138230e+000
3.271697e+003,5.130781e+000
3.272179e+003,5.123268e+000
3.272662e+003,5.116153e+000
3.273144e+003,5.109880e+000
3.273626e+003,5.104809e+000
3.274108e+003,5.101162e+000
3.274590e+003,5.099010e+000
3.275072e+003,5.098282e+000
3.275554e+003,5.098806e+000
3.276036e+003,5.100332e+000
3.276519e+003,5.102574e+000
3.277001e+003,5.105225e+000
3.277483e+003,5.107975e+000
3.277965e+003,5.110528e+000
3.278447e+003,5.112622e+000
3.278929e+003,5.114065e+000
3.279411e+003,5.114749e+000
3.279893e+003,5.114670e+000
3.280375e+003,5.113918e+000
3.280858e+003,5.112658e+000
3.281340e+003,5.111097e+000
3.281822e+003,5.109450e+000
3.282304e+003,5.107907e+000
3.282786e+003,5.106606e+000
3.283268e+003,5.105616e+000
3.283750e+003,5.104916e+000
3.284232e+003,5.104405e+000
3.284715e+003,5.103902e+000
3.285197e+003,5.103192e+000
3.285679e+003,5.102056e+000
3.286161e+003,5.100329e+000
3.286643e+003,5.097935e+000
3.287125e+003,5.094899e+000
3.287607e+003,5.091331e+000
3.288090e+003,5.087387e+000
3.288572e+003,5.083232e+000
3.289054e+003,5.079020e+000
3.289536e+003,5.074885e+000
3.290018e+003,5.070972e+000
3.290500e+003,5.067452e+000
3.290982e+003,5.064531e+000
3.291464e+003,5.062418e+000
3.291947e+003,5.061260e+000
3.292429e+003,5.061078e+000
3.292911e+003,5.061723e+000
3.293393e+003,5.062877e+000
3.293875e+003,5.064114e+000
3.294357e+003,5.065006e+000
3.294839e+003,5.065235e+000
3.295321e+003,5.064675e+000
3.295803e+003,5.063411e+000
3.296286e+003,5.061700e+000
3.296768e+003,5.059884e+000
3.297250e+003,5.058280e+000
3.297732e+003,5.057107e+000
3.298214e+003,5.056436e+000
3.298696e+003,5.056201e+000
3.299178e+003,5.056239e+000
3.299660e+003,5.056342e+000
3.300143e+003,5.056323e+000
3.300625e+003,5.056048e+000
3.301107e+003,5.055459e+000
3.301589e+003,5.054575e+000
3.302071e+003,5.053459e+000
3.302553e+003,5.052193e+000
3.303035e+003,5.050815e+000
3.303518e+003,5.049281e+000
3.304000e+003,5.047447e+000
3.304482e+003,5.045076e+000
3.304964e+003,5.041903e+000
3.305446e+003,5.037722e+000
3.305928e+003,5.032478e+000
3.306410e+003,5.026340e+000
3.306892e+003,5.019694e+000
3.307375e+003,5.013083e+000
3.307857e+003,5.007083e+000
3.308339e+003,5.002163e+000
3.308821e+003,4.998574e+000
3.309303e+003,4.996309e+000
3.309785e+003,4.995137e+000
3.310267e+003,4.994709e+000
3.310749e+003,4.994674e+000
3.311231e+003,4.994785e+000
3.311714e+003,4.994951e+000
3.312196e+003,4.995217e+000
3.312678e+003,4.995697e+000
3.313160e+003,4.996493e+000
3.313642e+003,4.997621e+000
3.314124e+003,4.998993e+000
3.314606e+003,5.000425e+000
3.315088e+003,5.001694e+000
3.315571e+003,5.002599e+000
3.316053e+003,5.003008e+000
3.316535e+003,5.002887e+000
3.317017e+003,5.002287e+000
3.317499e+003,5.001319e+000
3.317981e+003,5.000111e+000
3.318463e+003,4.998767e+000
3.318946e+003,4.997340e+000
3.319427e+003,4.995829e+000
3.319910e+003,4.994182e+000
3.320392e+003,4.992326e+000
3.320874e+003,4.990196e+000
3.321356e+003,4.987754e+000
3.321838e+003,4.985012e+000
3.322320e+003,4.982024e+000
3.322802e+003,4.978878e+000
3.323285e+003,4.975677e+000
3.323767e+003,4.972523e+000
3.324249e+003,4.969510e+000
3.324731e+003,4.966722e+000
3.325213e+003,4.964243e+000
3.325695e+003,4.962151e+000
3.326177e+003,4.960515e+000
3.326659e+003,4.959376e+000
3.327142e+003,4.958730e+000
3.327624e+003,4.958512e+000
3.328106e+003,4.958602e+000
3.328588e+003,4.958838e+000
3.329070e+003,4.959041e+000
3.329552e+003,4.959034e+000
3.330034e+003,4.958665e+000
3.330516e+003,4.957797e+000
3.330999e+003,4.956304e+000
3.331481e+003,4.954071e+000
3.331963e+003,4.950998e+000
3.332445e+003,4.947033e+000
3.332927e+003,4.942212e+000
3.333409e+003,4.936698e+000
3.333891e+003,4.930794e+000
3.334374e+003,4.924928e+000
3.334855e+003,4.919585e+000
3.335338e+003,4.915237e+000
3.335820e+003,4.912242e+000
3.336302e+003,4.910784e+000
3.336784e+003,4.910831e+000
3.337266e+003,4.912151e+000
3.337748e+003,4.914357e+000
3.338230e+003,4.916988e+000
3.338713e+003,4.919588e+000
3.339195e+003,4.921781e+000
3.339677e+003,4.923323e+000
3.340159e+003,4.924119e+000
3.340641e+003,4.924211e+000
3.341123e+003,4.923738e+000
3.341605e+003,4.922886e+000
3.342087e+003,4.921827e+000
3.342570e+003,4.920685e+000
3.343052e+003,4.919516e+000
3.343534e+003,4.918314e+000
3.344016e+003,4.917045e+000
3.344498e+003,4.915675e+000
3.344980e+003,4.914196e+000
3.345462e+003,4.912637e+000
3.345944e+003,4.911048e+000
3.346427e+003,4.909485e+000
3.346909e+003,4.907983e+000
3.347391e+003,4.906550e+000
3.347873e+003,4.905166e+000
3.348355e+003,4.903795e+000
3.348837e+003,4.902404e+000
3.349319e+003,4.900957e+000
3.349802e+003,4.899415e+000
3.350283e+003,4.897717e+000
3.350766e+003,4.895772e+000
3.351248e+003,4.893461e+000
3.351730e+003,4.890662e+000
3.352212e+003,4.887283e+000
3.352694e+003,4.883308e+000
3.353176e+003,4.878823e+000
3.353658e+003,4.874023e+000
3.354141e+003,4.869188e+000
3.354623e+003,4.864632e+000
3.355105e+003,4.860639e+000
3.355587e+003,4.857403e+000
3.356069e+003,4.854983e+000
3.356551e+003,4.853289e+000
3.357033e+003,4.852094e+000
3.357515e+003,4.851088e+000
3.357998e+003,4.849945e+000
3.358480e+003,4.848394e+000
3.358962e+003,4.846278e+000
3.359444e+003,4.843578e+000
3.359926e+003,4.840404e+000
3.360408e+003,4.836938e+000
3.360890e+003,4.833366e+000
3.361372e+003,4.829819e+000
3.361854e+003,4.826328e+000
3.362337e+003,4.822845e+000
3.362819e+003,4.819291e+000
3.363301e+003,4.815630e+000
3.363783e+003,4.811929e+000
3.364265e+003,4.808392e+000
3.364747e+003,4.805322e+000
3.365229e+003,4.803058e+000
3.365712e+003,4.801888e+000
3.366194e+003,4.801964e+000
3.366676e+003,4.803268e+000
3.367158e+003,4.805622e+000
3.367640e+003,4.808727e+000
3.368122e+003,4.812239e+000
3.368604e+003,4.815818e+000
3.369086e+003,4.819175e+000
3.369569e+003,4.822084e+000
3.370051e+003,4.824387e+000
3.370533e+003,4.825984e+000
3.371015e+003,4.826841e+000
3.371497e+003,4.826982e+000
3.371979e+003,4.826496e+000
3.372461e+003,4.825511e+000
3.372943e+003,4.824182e+000
3.373426e+003,4.822647e+000
3.373908e+003,4.821012e+000
3.374390e+003,4.819334e+000
3.374872e+003,4.817630e+000
3.375354e+003,4.815900e+000
3.375836e+003,4.814148e+000
3.376318e+003,4.812392e+000
3.376800e+003,4.810669e+000
3.377282e+003,4.809011e+000
3.377765e+003,4.807431e+000
3.378247e+003,4.805899e+000
3.378729e+003,4.804333e+000
3.379211e+003,4.802599e+000
3.379693e+003,4.800529e+000
3.380175e+003,4.797938e+000
3.380657e+003,4.794661e+000
3.381140e+003,4.790590e+000
3.381622e+003,4.785728e+000
3.382104e+003,4.780224e+000
3.382586e+003,4.774387e+000
3.383068e+003,4.768672e+000
3.383550e+003,4.763612e+000
3.384032e+003,4.759727e+000
3.384514e+003,4.757406e+000
3.384997e+003,4.756829e+000
3.385479e+003,4.757910e+000
3.385961e+003,4.760306e+000
3.386443e+003,4.763472e+000
3.386925e+003,4.766739e+000
3.387407e+003,4.769404e+000
3.387889e+003,4.770806e+000
3.388371e+003,4.770401e+000
3.388854e+003,4.767828e+000
3.389336e+003,4.762987e+000
3.389818e+003,4.756094e+000
3.390300e+003,4.747710e+000
3.390782e+003,4.738689e+000
3.391264e+003,4.730057e+000
3.391746e+003,4.722803e+000
3.392229e+003,4.717650e+000
3.392710e+003,4.714878e+000
3.393193e+003,4.714245e+000
3.393675e+003,4.715073e+000
3.394157e+003,4.716457e+000
3.394639e+003,4.717553e+000
3.395121e+003,4.717823e+000
3.395603e+003,4.717177e+000
3.396085e+003,4.715956e+000
3.396568e+003,4.714759e+000
3.397050e+003,4.714206e+000
3.397532e+003,4.714702e+000
3.398014e+003,4.716307e+000
3.398496e+003,4.718722e+000
3.398978e+003,4.721413e+000
3.399460e+003,4.723778e+000
3.399942e+003,4.725338e+000
3.400425e+003,4.725848e+000
3.400907e+003,4.725337e+000
3.401389e+003,4.724056e+000
3.401871e+003,4.722391e+000
3.402353e+003,4.720743e+000
3.402835e+003,4.719438e+000
3.403317e+003,4.718669e+000
3.403799e+003,4.718474e+000
3.404281e+003,4.718746e+000
3.404764e+003,4.719279e+000
3.405246e+003,4.719826e+000
3.405728e+003,4.720160e+000
3.406210e+003,4.720127e+000
3.406692e+003,4.719672e+000
3.407174e+003,4.718834e+000
3.407656e+003,4.717719e+000
3.408138e+003,4.716443e+000
3.408621e+003,4.715096e+000
3.409103e+003,4.713714e+000
3.409585e+003,4.712286e+000
3.410067e+003,4.710784e+000
3.410549e+003,4.709192e+000
3.411031e+003,4.707531e+000
3.411513e+003,4.705860e+000
3.411996e+003,4.704257e+000
3.412478e+003,4.702796e+000
3.412960e+003,4.701508e+000
3.413442e+003,4.700368e+000
3.413924e+003,4.699277e+000
3.414406e+003,4.698041e+000
3.414888e+003,4.696363e+000
3.415370e+003,4.693830e+000
3.415853e+003,4.689941e+000
3.416335e+003,4.684175e+000
3.416817e+003,4.676104e+000
3.417299e+003,4.665545e+000
3.417781e+003,4.652704e+000
3.418263e+003,4.638253e+000
3.418745e+003,4.623309e+000
3.419227e+003,4.609287e+000
3.419709e+003,4.597665e+000
3.420192e+003,4.589705e+000
3.420674e+003,4.586199e+000
3.421156e+003,4.587332e+000
3.421638e+003,4.592654e+000
3.422120e+003,4.601201e+000
3.422602e+003,4.611688e+000
3.423084e+003,4.622756e+000
3.423566e+003,4.633181e+000
3.424049e+003,4.642038e+000
3.424531e+003,4.648776e+000
3.425013e+003,4.653222e+000
3.425495e+003,4.655511e+000
3.425977e+003,4.655993e+000
3.426459e+003,4.655117e+000
3.426941e+003,4.653318e+000
3.427424e+003,4.650958e+000
3.427906e+003,4.648284e+000
3.428388e+003,4.645452e+000
3.428870e+003,4.642565e+000
3.429352e+003,4.639729e+000
3.429834e+003,4.637090e+000
3.430316e+003,4.634837e+000
3.430798e+003,4.633161e+000
3.431281e+003,4.632205e+000
3.431763e+003,4.632011e+000
3.432245e+003,4.632480e+000
3.432727e+003,4.633390e+000
3.433209e+003,4.634442e+000
3.433691e+003,4.635329e+000
3.434173e+003,4.635808e+000
3.434655e+003,4.635743e+000
3.435137e+003,4.635115e+000
3.435620e+003,4.633999e+000
3.436102e+003,4.632495e+000
3.436584e+003,4.630668e+000
3.437066e+003,4.628476e+000
3.437548e+003,4.625741e+000
3.438030e+003,4.622168e+000
3.438512e+003,4.617416e+000
3.438994e+003,4.611223e+000
3.439477e+003,4.603529e+000
3.439959e+003,4.594573e+000
3.440441e+003,4.584886e+000
3.440923e+003,4.575173e+000
3.441405e+003,4.566084e+000
3.441887e+003,4.557943e+000
3.442369e+003,4.550554e+000
3.442852e+003,4.543165e+000
3.443333e+003,4.534663e+000
3.443816e+003,4.523964e+000
3.444298e+003,4.510504e+000
3.444780e+003,4.494629e+000
3.445262e+003,4.477767e+000
3.445744e+003,4.462229e+000
3.446226e+003,4.450722e+000
3.446708e+003,4.445651e+000
3.447191e+003,4.448474e+000
3.447673e+003,4.459286e+000
3.448155e+003,4.476767e+000
3.448637e+003,4.498521e+000
3.449119e+003,4.521654e+000
3.449601e+003,4.543440e+000
3.450083e+003,4.561837e+000
3.450565e+003,4.575759e+000
3.451048e+003,4.585063e+000
3.451530e+003,4.590301e+000
3.452012e+003,4.592389e+000
3.452494e+003,4.592294e+000
3.452976e+003,4.590829e+000
3.453458e+003,4.588578e+000
3.453940e+003,4.585913e+000
3.454422e+003,4.583059e+000
3.454905e+003,4.580163e+000
3.455387e+003,4.577306e+000
3.455869e+003,4.574512e+000
3.456351e+003,4.571718e+000
3.456833e+003,4.568768e+000
3.457315e+003,4.565419e+000
3.457797e+003,4.561383e+000
3.458280e+003,4.556400e+000
3.458761e+003,4.550323e+000
3.459244e+003,4.543203e+000
3.459726e+003,4.535355e+000
3.460208e+003,4.527344e+000
3.460690e+003,4.519927e+000
3.461172e+003,4.513895e+000
3.461654e+003,4.509888e+000
3.462136e+003,4.508212e+000
3.462619e+003,4.508735e+000
3.463101e+003,4.510902e+000
3.463583e+003,4.513882e+000
3.464065e+003,4.516799e+000
3.464547e+003,4.518981e+000
3.465029e+003,4.520137e+000
3.465511e+003,4.520399e+000
3.465993e+003,4.520224e+000
3.466476e+003,4.520201e+000
3.466958e+003,4.520829e+000
3.467440e+003,4.522357e+000
3.467922e+003,4.524723e+000
3.468404e+003,4.527597e+000
3.468886e+003,4.530497e+000
3.469368e+003,4.532914e+000
3.469850e+003,4.534405e+000
3.470333e+003,4.534648e+000
3.470815e+003,4.533453e+000
3.471297e+003,4.530775e+000
3.471779e+003,4.526725e+000
3.472261e+003,4.521605e+000
3.472743e+003,4.515915e+000
3.473225e+003,4.510320e+000
3.473708e+003,4.505554e+000
3.474189e+003,4.502270e+000
3.474672e+003,4.500853e+000
3.475154e+003,4.501282e+000
3.475636e+003,4.503053e+000
3.476118e+003,4.505214e+000
3.476600e+003,4.506504e+000
3.477082e+003,4.505576e+000
3.477564e+003,4.501257e+000
3.478047e+003,4.492804e+000
3.478529e+003,4.480108e+000
3.479011e+003,4.463807e+000
3.479493e+003,4.445265e+000
3.479975e+003,4.426422e+000
3.480457e+003,4.409500e+000
3.480939e+003,4.396599e+000
3.481421e+003,4.389292e+000
3.481904e+003,4.388267e+000
3.482386e+003,4.393148e+000
3.482868e+003,4.402544e+000
3.483350e+003,4.414331e+000
3.483832e+003,4.426114e+000
3.484314e+003,4.435740e+000
3.484796e+003,4.441756e+000
3.485278e+003,4.443671e+000
3.485760e+003,4.441980e+000
3.486243e+003,4.437957e+000
3.486725e+003,4.433290e+000
3.487207e+003,4.429659e+000
3.487689e+003,4.428371e+000
3.488171e+003,4.430116e+000
3.488653e+003,4.434893e+000
3.489135e+003,4.442085e+000
3.489618e+003,4.450634e+000
3.490100e+003,4.459277e+000
3.490582e+003,4.466761e+000
3.491064e+003,4.472029e+000
3.491546e+003,4.474347e+000
3.492028e+003,4.473355e+000
3.492510e+003,4.469085e+000
3.492992e+003,4.461941e+000
3.493475e+003,4.452655e+000
3.493957e+003,4.442216e+000
3.494439e+003,4.431777e+000
3.494921e+003,4.422520e+000
3.495403e+003,4.415473e+000
3.495885e+003,4.411309e+000
3.496367e+003,4.410147e+000
3.496849e+003,4.411416e+000
3.497332e+003,4.413836e+000
3.497814e+003,4.415547e+000
3.498296e+003,4.414403e+000
3.498778e+003,4.408375e+000
3.499260e+003,4.396002e+000
3.499742e+003,4.376787e+000
3.500224e+003,4.351442e+000
3.500706e+003,4.321920e+000
3.501188e+003,4.291204e+000
3.501671e+003,4.262872e+000
3.502153e+003,4.240503e+000
3.502635e+003,4.227031e+000
3.503117e+003,4.224152e+000
3.503599e+003,4.231928e+000
3.504081e+003,4.248672e+000
3.504563e+003,4.271180e+000
3.505046e+003,4.295290e+000
3.505528e+003,4.316680e+000
3.506010e+003,4.331738e+000
3.506492e+003,4.338300e+000
3.506974e+003,4.336085e+000
3.507456e+003,4.326696e+000
3.507938e+003,4.313188e+000
3.508420e+003,4.299314e+000
3.508903e+003,4.288669e+000
3.509385e+003,4.283918e+000
3.509867e+003,4.286333e+000
3.510349e+003,4.295711e+000
3.510831e+003,4.310640e+000
3.511313e+003,4.328996e+000
3.511795e+003,4.348493e+000
3.512277e+003,4.367129e+000
3.512760e+003,4.383450e+000
3.513242e+003,4.396593e+000
3.513724e+003,4.406199e+000
3.514206e+003,4.412257e+000
3.514688e+003,4.414981e+000
3.515170e+003,4.414728e+000
3.515652e+003,4.411979e+000
3.516135e+003,4.407307e+000
3.516616e+003,4.401317e+000
3.517099e+003,4.394508e+000
3.517581e+003,4.387122e+000
3.518063e+003,4.378989e+000
3.518545e+003,4.369489e+000
3.519027e+003,4.357658e+000
3.519509e+003,4.342445e+000
3.519991e+003,4.323074e+000
3.520474e+003,4.299409e+000
3.520956e+003,4.272166e+000
3.521438e+003,4.242920e+000
3.521920e+003,4.213827e+000
3.522402e+003,4.187151e+000
3.522884e+003,4.164716e+000
3.523366e+003,4.147463e+000
3.523848e+003,4.135261e+000
3.524331e+003,4.127055e+000
3.524813e+003,4.121295e+000
3.525295e+003,4.116518e+000
3.525777e+003,4.111882e+000
3.526259e+003,4.107478e+000
3.526741e+003,4.104306e+000
3.527223e+003,4.103962e+000
3.527705e+003,4.108124e+000
3.528188e+003,4.118050e+000
3.528670e+003,4.134214e+000
3.529152e+003,4.156178e+000
3.529634e+003,4.182681e+000
3.530116e+003,4.211882e+000
3.530598e+003,4.241621e+000
3.531080e+003,4.269672e+000
3.531563e+003,4.293924e+000
3.532044e+003,4.312558e+000
3.532527e+003,4.324238e+000
3.533009e+003,4.328340e+000
3.533491e+003,4.325154e+000
3.533973e+003,4.315997e+000
3.534455e+003,4.303106e+000
3.534937e+003,4.289320e+000
3.535419e+003,4.277559e+000
3.535902e+003,4.270243e+000
3.536384e+003,4.268792e+000
3.536866e+003,4.273374e+000
3.537348e+003,4.282920e+000
3.537830e+003,4.295420e+000
3.538312e+003,4.308342e+000
3.538794e+003,4.319076e+000
3.539276e+003,4.325270e+000
3.539759e+003,4.325035e+000
3.540241e+003,4.317008e+000
3.540723e+003,4.300374e+000
3.541205e+003,4.274872e+000
3.541687e+003,4.240840e+000
3.542169e+003,4.199301e+000
3.542651e+003,4.152023e+000
3.543133e+003,4.101542e+000
3.543615e+003,4.051075e+000
3.544098e+003,4.004315e+000
3.544580e+003,3.965096e+000
3.545062e+003,3.936936e+000
3.545544e+003,3.922515e+000
3.546026e+003,3.923139e+000
3.546508e+003,3.938319e+000
3.546990e+003,3.965588e+000
3.547472e+003,4.000677e+000
3.547955e+003,4.038094e+000
3.548437e+003,4.072072e+000
3.548919e+003,4.097686e+000
3.549401e+003,4.111887e+000
3.549883e+003,4.114164e+000
3.550365e+003,4.106632e+000
3.550847e+003,4.093497e+000
3.551330e+003,4.080025e+000
3.551812e+003,4.071281e+000
3.552294e+003,4.070995e+000
3.552776e+003,4.080818e+000
3.553258e+003,4.100140e+000
3.553740e+003,4.126437e+000
3.554222e+003,4.156003e+000
3.554704e+003,4.184811e+000
3.555187e+003,4.209294e+000
3.555669e+003,4.226868e+000
3.556151e+003,4.236162e+000
3.556633e+003,4.236985e+000
3.557115e+003,4.230112e+000
3.557597e+003,4.216984e+000
3.558079e+003,4.199396e+000
3.558561e+003,4.179199e+000
3.559043e+003,4.158024e+000
3.559526e+003,4.137015e+000
3.560008e+003,4.116585e+000
3.560490e+003,4.096204e+000
3.560972e+003,4.074289e+000
3.561454e+003,4.048234e+000
3.561936e+003,4.014679e+000
3.562418e+003,3.970032e+000
3.562900e+003,3.911252e+000
3.563383e+003,3.836773e+000
3.563865e+003,3.747403e+000
3.564347e+003,3.646937e+000
3.564829e+003,3.542274e+000
3.565311e+003,3.442846e+000
3.565793e+003,3.359379e+000
3.566275e+003,3.302164e+000
3.566758e+003,3.279191e+000
3.567240e+003,3.294565e+000
3.567722e+003,3.347615e+000
3.568204e+003,3.432918e+000
3.568686e+003,3.541246e+000
3.569168e+003,3.661203e+000
3.569650e+003,3.781162e+000
3.570132e+003,3.891045e+000
3.570615e+003,3.983617e+000
3.571097e+003,4.055054e+000
3.571579e+003,4.104830e+000
3.572061e+003,4.135048e+000
3.572543e+003,4.149482e+000
3.573025e+003,4.152585e+000
3.573507e+003,4.148644e+000
3.573989e+003,4.141222e+000
3.574471e+003,4.132864e+000
3.574954e+003,4.125089e+000
3.575436e+003,4.118537e+000
3.575918e+003,4.113240e+000
3.576400e+003,4.108911e+000
3.576882e+003,4.105196e+000
3.577364e+003,4.101861e+000
3.577846e+003,4.098860e+000
3.578328e+003,4.096325e+000
3.578811e+003,4.094455e+000
3.579293e+003,4.093367e+000
3.579775e+003,4.092901e+000
3.580257e+003,4.092440e+000
3.580739e+003,4.090721e+000
3.581221e+003,4.085707e+000
3.581703e+003,4.074570e+000
3.582186e+003,4.053838e+000
3.582667e+003,4.019797e+000
3.583150e+003,3.969156e+000
3.583632e+003,3.899916e+000
3.584114e+003,3.812300e+000
3.584596e+003,3.709484e+000
3.585078e+003,3.597888e+000
3.585560e+003,3.486796e+000
3.586042e+003,3.387266e+000
3.586525e+003,3.310421e+000
3.587007e+003,3.265471e+000
3.587489e+003,3.257851e+000
3.587971e+003,3.287975e+000
3.588453e+003,3.350899e+000
3.588935e+003,3.437029e+000
3.589417e+003,3.533764e+000
3.589899e+003,3.627709e+000
3.590382e+003,3.706976e+000
3.590864e+003,3.763102e+000
3.591346e+003,3.792193e+000
3.591828e+003,3.795112e+000
3.592310e+003,3.776775e+000
3.592792e+003,3.744771e+000
3.593274e+003,3.707672e+000
3.593756e+003,3.673388e+000
3.594239e+003,3.647889e+000
3.594721e+003,3.634464e+000
3.595203e+003,3.633574e+000
3.595685e+003,3.643240e+000
3.596167e+003,3.659813e+000
3.596649e+003,3.678957e+000
3.597131e+003,3.696645e+000
3.597614e+003,3.710007e+000
3.598095e+003,3.717872e+000
3.598578e+003,3.720935e+000
3.599060e+003,3.721506e+000
3.599542e+003,3.722881e+000
3.600024e+003,3.728487e+000
3.600506e+003,3.740948e+000
3.600988e+003,3.761292e+000
3.601470e+003,3.788483e+000
3.601953e+003,3.819347e+000
3.602435e+003,3.848966e+000
3.602917e+003,3.871418e+000
3.603399e+003,3.880754e+000
3.603881e+003,3.872050e+000
3.604363e+003,3.842348e+000
3.604845e+003,3.791357e+000
3.605327e+003,3.721777e+000
3.605810e+003,3.639138e+000
3.606292e+003,3.551127e+000
3.606774e+003,3.466429e+000
3.607256e+003,3.393245e+000
3.607738e+003,3.337757e+000
3.608220e+003,3.302917e+000
3.608702e+003,3.287883e+000
3.609184e+003,3.288362e+000
3.609667e+003,3.297810e+000
3.610149e+003,3.309245e+000
3.610631e+003,3.317141e+000
3.611113e+003,3.318846e+000
3.611595e+003,3.315058e+000
3.612077e+003,3.309198e+000
3.612559e+003,3.305851e+000
3.613042e+003,3.308808e+000
3.613524e+003,3.319337e+000
3.614006e+003,3.335300e+000
3.614488e+003,3.351418e+000
3.614970e+003,3.360642e+000
3.615452e+003,3.356219e+000
3.615934e+003,3.333859e+000
3.616416e+003,3.293335e+000
3.616898e+003,3.239088e+000
3.617381e+003,3.179638e+000
3.617863e+003,3.125983e+000
3.618345e+003,3.089360e+000
3.618827e+003,3.078944e+000
3.619309e+003,3.099996e+000
3.619791e+003,3.152872e+000
3.620273e+003,3.233052e+000
3.620755e+003,3.332129e+000
3.621238e+003,3.439411e+000
3.621720e+003,3.543736e+000
3.622202e+003,3.634975e+000
3.622684e+003,3.704942e+000
3.623166e+003,3.747573e+000
3.623648e+003,3.758604e+000
3.624130e+003,3.735100e+000
3.624612e+003,3.675317e+000
3.625094e+003,3.579163e+000
3.625577e+003,3.449262e+000
3.626059e+003,3.292222e+000
3.626541e+003,3.119478e+000
3.627023e+003,2.947038e+000
3.627505e+003,2.793800e+000
3.627987e+003,2.678526e+000
3.628469e+003,2.616150e+000
3.628952e+003,2.614443e+000
3.629434e+003,2.672087e+000
3.629916e+003,2.778835e+000
3.630398e+003,2.917847e+000
3.630880e+003,3.069546e+000
3.631362e+003,3.215907e+000
3.631844e+003,3.343943e+000
3.632326e+003,3.447491e+000
3.632809e+003,3.526948e+000
3.633291e+003,3.587354e+000
3.633773e+003,3.635621e+000
3.634255e+003,3.677927e+000
3.634737e+003,3.718049e+000
3.635219e+003,3.756955e+000
3.635701e+003,3.793494e+000
3.636183e+003,3.825648e+000
3.636666e+003,3.851739e+000
3.637148e+003,3.871135e+000
3.637630e+003,3.884315e+000
3.638112e+003,3.892462e+000
3.638594e+003,3.896892e+000
3.639076e+003,3.898642e+000
3.639558e+003,3.898335e+000
3.640041e+003,3.896261e+000
3.640522e+003,3.892452e+000
3.641005e+003,3.886589e+000
3.641487e+003,3.877633e+000
3.641969e+003,3.863367e+000
3.642451e+003,3.840075e+000
3.642933e+003,3.802686e+000
3.643415e+003,3.745518e+000
3.643897e+003,3.663521e+000
3.644380e+003,3.553721e+000
3.644862e+003,3.416416e+000
3.645344e+003,3.255738e+000
3.645826e+003,3.079404e+000
3.646308e+003,2.897752e+000
3.646790e+003,2.722391e+000
3.647272e+003,2.564860e+000
3.647754e+003,2.435617e+000
3.648237e+003,2.343434e+000
3.648719e+003,2.295065e+000
3.649201e+003,2.294880e+000
3.649683e+003,2.344265e+000
3.650165e+003,2.440772e+000
3.650647e+003,2.577300e+000
3.651129e+003,2.741799e+000
3.651611e+003,2.918005e+000
3.652094e+003,3.087417e+000
3.652576e+003,3.232336e+000
3.653058e+003,3.339313e+000
3.653540e+003,3.402051e+000
3.654022e+003,3.422858e+000
3.654504e+003,3.412093e+000
3.654986e+003,3.385641e+000
3.655469e+003,3.361074e+000
3.655950e+003,3.353546e+000
3.656433e+003,3.372559e+000
3.656915e+003,3.420418e+000
3.657397e+003,3.492648e+000
3.657879e+003,3.580037e+000
3.658361e+003,3.671535e+000
3.658843e+003,3.757086e+000
3.659325e+003,3.829644e+000
3.659808e+003,3.885975e+000
3.660290e+003,3.926321e+000
3.660772e+003,3.953270e+000
3.661254e+003,3.970363e+000
3.661736e+003,3.980864e+000
3.662218e+003,3.986944e+000
3.662700e+003,3.989304e+000
3.663182e+003,3.987133e+000
3.663665e+003,3.978223e+000
3.664147e+003,3.959182e+000
3.664629e+003,3.925738e+000
3.665111e+003,3.873244e+000
3.665593e+003,3.797492e+000
3.666075e+003,3.695837e+000
3.666557e+003,3.568481e+000
3.667039e+003,3.419598e+000
3.667521e+003,3.257840e+000
3.668004e+003,3.095859e+000
3.668486e+003,2.948590e+000
3.668968e+003,2.830469e+000
3.669450e+003,2.752099e+000
3.669932e+003,2.717228e+000
3.670414e+003,2.721015e+000
3.670896e+003,2.750329e+000
3.671378e+003,2.786345e+000
3.671861e+003,2.808995e+000
3.672343e+003,2.802189e+000
3.672825e+003,2.758332e+000
3.673307e+003,2.680755e+000
3.673789e+003,2.583224e+000
3.674271e+003,2.486564e+000
3.674753e+003,2.413337e+000
3.675236e+003,2.382154e+000
3.675718e+003,2.403277e+000
3.676200e+003,2.476743e+000
3.676682e+003,2.593347e+000
3.677164e+003,2.737936e+000
3.677646e+003,2.893752e+000
3.678128e+003,3.046392e+000
3.678610e+003,3.186269e+000
3.679093e+003,3.309135e+000
3.679575e+003,3.414952e+000
3.680057e+003,3.505892e+000
3.680539e+003,3.584362e+000
3.681021e+003,3.651703e+000
3.681503e+003,3.707773e+000
3.681985e+003,3.751173e+000
3.682467e+003,3.779749e+000
3.682949e+003,3.790967e+000
3.683432e+003,3.782114e+000
3.683914e+003,3.750419e+000
3.684396e+003,3.693386e+000
3.684878e+003,3.609499e+000
3.685360e+003,3.499242e+000
3.685842e+003,3.366094e+000
3.686324e+003,3.217077e+000
3.686806e+003,3.062496e+000
3.687289e+003,2.914767e+000
3.687771e+003,2.786602e+000
3.688253e+003,2.689025e+000
3.688735e+003,2.629738e+000
3.689217e+003,2.612265e+000
3.689699e+003,2.635928e+000
3.690181e+003,2.696512e+000
3.690664e+003,2.787264e+000
3.691146e+003,2.899918e+000
3.691628e+003,3.025536e+000
3.692110e+003,3.155187e+000
3.692592e+003,3.280543e+000
3.693074e+003,3.394517e+000
3.693556e+003,3.491907e+000
3.694038e+003,3.569921e+000
3.694521e+003,3.628336e+000
3.695003e+003,3.669127e+000
3.695485e+003,3.695563e+000
3.695967e+003,3.710964e+000
3.696449e+003,3.717531e+000
3.696931e+003,3.715645e+000
3.697413e+003,3.703928e+000
3.697895e+003,3.680108e+000
3.698377e+003,3.642398e+000
3.698860e+003,3.590946e+000
3.699342e+003,3.528812e+000
3.699824e+003,3.462111e+000
3.700306e+003,3.399172e+000
3.700788e+003,3.348942e+000
3.701270e+003,3.319032e+000
3.701752e+003,3.313966e+000
3.702234e+003,3.334087e+000
3.702717e+003,3.375391e+000
3.703199e+003,3.430280e+000
3.703681e+003,3.488990e+000
3.704163e+003,3.541312e+000
3.704645e+003,3.578175e+000
3.705127e+003,3.592793e+000
3.705609e+003,3.581217e+000
3.706092e+003,3.542336e+000
3.706573e+003,3.477489e+000
3.707056e+003,3.389935e+000
3.707538e+003,3.284360e+000
3.708020e+003,3.166555e+000
3.708502e+003,3.043257e+000
3.708984e+003,2.922056e+000
3.709466e+003,2.811224e+000
3.709948e+003,2.719315e+000
3.710431e+003,2.654480e+000
3.710913e+003,2.623512e+000
3.711395e+003,2.630771e+000
3.711877e+003,2.677214e+000
3.712359e+003,2.759790e+000
3.712841e+003,2.871429e+000
3.713323e+003,3.001733e+000
3.713805e+003,3.138325e+000
3.714288e+003,3.268628e+000
3.714770e+003,3.381718e+000
3.715252e+003,3.469832e+000
3.715734e+003,3.529195e+000
3.716216e+003,3.559991e+000
3.716698e+003,3.565544e+000
3.717180e+003,3.550988e+000
3.717662e+003,3.521837e+000
3.718145e+003,3.482889e+000
3.718627e+003,3.437691e+000
3.719109e+003,3.388640e+000
3.719591e+003,3.337492e+000
3.720073e+003,3.285964e+000
3.720555e+003,3.236097e+000
3.721037e+003,3.190183e+000
3.721520e+003,3.150322e+000
3.722001e+003,3.117839e+000
3.722484e+003,3.092887e+000
3.722966e+003,3.074516e+000
3.723448e+003,3.061232e+000
3.723930e+003,3.051879e+000
3.724412e+003,3.046425e+000
3.724894e+003,3.046271e+000
3.725376e+003,3.053801e+000
3.725859e+003,3.071246e+000
3.726341e+003,3.099203e+000
3.726823e+003,3.135382e+000
3.727305e+003,3.174123e+000
3.727787e+003,3.207017e+000
3.728269e+003,3.224550e+000
3.728751e+003,3.218326e+000
3.729233e+003,3.183165e+000
3.729716e+003,3.118410e+000
3.730198e+003,3.027999e+000
3.730680e+003,2.919348e+000
3.731162e+003,2.801443e+000
3.731644e+003,2.682867e+000
3.732126e+003,2.570402e+000
3.732608e+003,2.468621e+000
3.733090e+003,2.380437e+000
3.733573e+003,2.308187e+000
3.734055e+003,2.254633e+000
3.734537e+003,2.223349e+000
3.735019e+003,2.218242e+000
3.735501e+003,2.242387e+000
3.735983e+003,2.296650e+000
3.736465e+003,2.378664e+000
3.736948e+003,2.482578e+000
3.737430e+003,2.599648e+000
3.737912e+003,2.719415e+000
3.738394e+003,2.831005e+000
3.738876e+003,2.924176e+000
3.739358e+003,2.989957e+000
3.739840e+003,3.021019e+000
3.740322e+003,3.012143e+000
3.740804e+003,2.961026e+000
3.741287e+003,2.869436e+000
3.741769e+003,2.744320e+000
3.742251e+003,2.598203e+000
3.742733e+003,2.448260e+000
3.743215e+003,2.313810e+000
3.743697e+003,2.212577e+000
3.744179e+003,2.156645e+000
3.744661e+003,2.149326e+000
3.745144e+003,2.184060e+000
3.745626e+003,2.245813e+000
3.746108e+003,2.314727e+000
3.746590e+003,2.370978e+000
3.747072e+003,2.399450e+000
3.747554e+003,2.392940e+000
3.748036e+003,2.353154e+000
3.748518e+003,2.289484e+000
3.749000e+003,2.216208e+000
3.749483e+003,2.149117e+000
3.749965e+003,2.102481e+000
3.750447e+003,2.086946e+000
3.750929e+003,2.108500e+000
3.751411e+003,2.168302e+000
3.751893e+003,2.263051e+000
3.752375e+003,2.385632e+000
3.752858e+003,2.525984e+000
3.753340e+003,2.672207e+000
3.753822e+003,2.811970e+000
3.754304e+003,2.934103e+000
3.754786e+003,3.030141e+000
3.755268e+003,3.095462e+000
3.755750e+003,3.129776e+000
3.756232e+003,3.136843e+000
3.756715e+003,3.123581e+000
3.757197e+003,3.098827e+000
3.757679e+003,3.072044e+000
3.758161e+003,3.052153e+000
3.758643e+003,3.046536e+000
3.759125e+003,3.060145e+000
3.759607e+003,3.094731e+000
3.760089e+003,3.148304e+000
3.760572e+003,3.215093e+000
3.761054e+003,3.286255e+000
3.761536e+003,3.351436e+000
3.762018e+003,3.400960e+000
3.762500e+003,3.428109e+000
3.762982e+003,3.430785e+000
3.763464e+003,3.411931e+000
3.763947e+003,3.378498e+000
3.764428e+003,3.339212e+000
3.764911e+003,3.301890e+000
3.765393e+003,3.271231e+000
3.765875e+003,3.247869e+000
3.766357e+003,3.228974e+000
3.766839e+003,3.210168e+000
3.767321e+003,3.187966e+000
3.767803e+003,3.161816e+000
3.768286e+003,3.134975e+000
3.768768e+003,3.113885e+000
3.769250e+003,3.106321e+000
3.769732e+003,3.118964e+000
3.770214e+003,3.155267e+000
3.770696e+003,3.214287e+000
3.771178e+003,3.290823e+000
3.771660e+003,3.376702e+000
3.772143e+003,3.462703e+000
3.772625e+003,3.540462e+000
3.773107e+003,3.603799e+000
3.773589e+003,3.649161e+000
3.774071e+003,3.675274e+000
3.774553e+003,3.682310e+000
3.775035e+003,3.671087e+000
3.775517e+003,3.642649e+000
3.776000e+003,3.598437e+000
3.776482e+003,3.540896e+000
3.776964e+003,3.474171e+000
3.777446e+003,3.404444e+000
3.777928e+003,3.339545e+000
3.778410e+003,3.287760e+000
3.778892e+003,3.256092e+000
3.779375e+003,3.248471e+000
3.779856e+003,3.264544e+000
3.780339e+003,3.299520e+000
3.780821e+003,3.345220e+000
3.781303e+003,3.392092e+000
3.781785e+003,3.431600e+000
3.782267e+003,3.458264e+000
3.782749e+003,3.470747e+000
3.783231e+003,3.471713e+000
3.783714e+003,3.466592e+000
3.784196e+003,3.461723e+000
3.784678e+003,3.462498e+000
3.785160e+003,3.472074e+000
3.785642e+003,3.490909e+000
3.786124e+003,3.517127e+000
3.786606e+003,3.547422e+000
3.787088e+003,3.578118e+000
3.787571e+003,3.606073e+000
3.788053e+003,3.629207e+000
3.788535e+003,3.646650e+000
3.789017e+003,3.658565e+000
3.789499e+003,3.665754e+000
3.789981e+003,3.669154e+000
3.790463e+003,3.669275e+000
3.790945e+003,3.665722e+000
3.791427e+003,3.656924e+000
3.791910e+003,3.640232e+000
3.792392e+003,3.612487e+000
3.792874e+003,3.571023e+000
3.793356e+003,3.514851e+000
3.793838e+003,3.445622e+000
3.794320e+003,3.367927e+000
3.794802e+003,3.288612e+000
3.795284e+003,3.215170e+000
3.795767e+003,3.153540e+000
3.796249e+003,3.106057e+000
3.796731e+003,3.070296e+000
3.797213e+003,3.039374e+000
3.797695e+003,3.003838e+000
3.798177e+003,2.954702e+000
3.798659e+003,2.886743e+000
3.799142e+003,2.800978e+000
3.799624e+003,2.705409e+000
3.800106e+003,2.613605e+000
3.800588e+003,2.541404e+000
3.801070e+003,2.502573e+000
3.801552e+003,2.504752e+000
3.802034e+003,2.546918e+000
3.802516e+003,2.619223e+000
3.802999e+003,2.705376e+000
3.803481e+003,2.786927e+000
3.803963e+003,2.848216e+000
3.804445e+003,2.880544e+000
3.804927e+003,2.884323e+000
3.805409e+003,2.868589e+000
3.805891e+003,2.848110e+000
3.806373e+003,2.839001e+000
3.806855e+003,2.854242e+000
3.807338e+003,2.900396e+000
3.807820e+003,2.976403e+000
3.808302e+003,3.074537e+000
3.808784e+003,3.182969e+000
3.809266e+003,3.288867e+000
3.809748e+003,3.380991e+000
3.810230e+003,3.451087e+000
3.810712e+003,3.493970e+000
3.811195e+003,3.506775e+000
3.811677e+003,3.488107e+000
3.812159e+003,3.437751e+000
3.812641e+003,3.357204e+000
3.813123e+003,3.250724e+000
3.813605e+003,3.126234e+000
3.814087e+003,2.995286e+000
3.814570e+003,2.871655e+000
3.815052e+003,2.768625e+000
3.815534e+003,2.695713e+000
3.816016e+003,2.655898e+000
3.816498e+003,2.644421e+000
3.816980e+003,2.649800e+000
3.817462e+003,2.656958e+000
3.817944e+003,2.651630e+000
3.818427e+003,2.624755e+000
3.818909e+003,2.575455e+000
3.819391e+003,2.511641e+000
3.819873e+003,2.447995e+000
3.820355e+003,2.401917e+000
3.820837e+003,2.388629e+000
3.821319e+003,2.416903e+000
3.821801e+003,2.486646e+000
3.822283e+003,2.589009e+000
3.822766e+003,2.708885e+000
3.823248e+003,2.828966e+000
3.823730e+003,2.934109e+000
3.824212e+003,3.014729e+000
3.824694e+003,3.068299e+000
3.825176e+003,3.098726e+000
3.825658e+003,3.113947e+000
3.826140e+003,3.122721e+000
3.826623e+003,3.131642e+000
3.827105e+003,3.143332e+000
3.827587e+003,3.156211e+000
3.828069e+003,3.165756e+000
3.828551e+003,3.166634e+000
3.829033e+003,3.154888e+000
3.829515e+003,3.129416e+000
3.829998e+003,3.092318e+000
3.830479e+003,3.048096e+000
3.830962e+003,3.002084e+000
3.831444e+003,2.958722e+000
3.831926e+003,2.920231e+000
3.832408e+003,2.886086e+000
3.832890e+003,2.853382e+000
3.833372e+003,2.817874e+000
3.833854e+003,2.775374e+000
3.834337e+003,2.723063e+000
3.834819e+003,2.660431e+000
3.835301e+003,2.589639e+000
3.835783e+003,2.515301e+000
3.836265e+003,2.443758e+000
3.836747e+003,2.382020e+000
3.837229e+003,2.336577e+000
3.837711e+003,2.312294e+000
3.838194e+003,2.311581e+000
3.838676e+003,2.334012e+000
3.839158e+003,2.376475e+000
3.839640e+003,2.433843e+000
3.840122e+003,2.500043e+000
3.840604e+003,2.569290e+000
3.841086e+003,2.637197e+000
3.841568e+003,2.701494e+000
3.842051e+003,2.762163e+000
3.842533e+003,2.820981e+000
3.843015e+003,2.880565e+000
3.843497e+003,2.943227e+000
3.843979e+003,3.009917e+000
3.844461e+003,3.079575e+000
3.844943e+003,3.149020e+000
3.845426e+003,3.213399e+000
3.845907e+003,3.266990e+000
3.846390e+003,3.304102e+000
3.846872e+003,3.319786e+000
3.847354e+003,3.310198e+000
3.847836e+003,3.272613e+000
3.848318e+003,3.205290e+000
3.848800e+003,3.107424e+000
3.849282e+003,2.979456e+000
3.849765e+003,2.823767e+000
3.850247e+003,2.645595e+000
3.850729e+003,2.453786e+000
3.851211e+003,2.260912e+000
3.851693e+003,2.082436e+000
3.852175e+003,1.934854e+000
3.852657e+003,1.833139e+000
3.853139e+003,1.788071e+000
3.853622e+003,1.804183e+000
3.854104e+003,1.878873e+000
3.854586e+003,2.002927e+000
3.855068e+003,2.162286e+000
3.855550e+003,2.340522e+000
3.856032e+003,2.521401e+000
3.856514e+003,2.690923e+000
3.856996e+003,2.838545e+000
3.857479e+003,2.957538e+000
3.857961e+003,3.044689e+000
3.858443e+003,3.099660e+000
3.858925e+003,3.124252e+000
3.859407e+003,3.121742e+000
3.859889e+003,3.096335e+000
3.860371e+003,3.052753e+000
3.860854e+003,2.995969e+000
3.861336e+003,2.931081e+000
3.861818e+003,2.863353e+000
3.862300e+003,2.798273e+000
3.862782e+003,2.741479e+000
3.863264e+003,2.698317e+000
3.863746e+003,2.672959e+000
3.864228e+003,2.667186e+000
3.864710e+003,2.679253e+000
3.865193e+003,2.703370e+000
3.865675e+003,2.730289e+000
3.866157e+003,2.749168e+000
3.866639e+003,2.750351e+000
3.867121e+003,2.728308e+000
3.867603e+003,2.683702e+000
3.868085e+003,2.623744e+000
3.868567e+003,2.560535e+000
3.869050e+003,2.507787e+000
3.869532e+003,2.476956e+000
3.870014e+003,2.474086e+000
3.870496e+003,2.498433e+000
3.870978e+003,2.543318e+000
3.871460e+003,2.598854e+000
3.871942e+003,2.655491e+000
3.872424e+003,2.707093e+000
3.872906e+003,2.752446e+000
3.873389e+003,2.794744e+000
3.873871e+003,2.839348e+000
3.874353e+003,2.890743e+000
3.874835e+003,2.949871e+000
3.875317e+003,3.012834e+000
3.875799e+003,3.071400e+000
3.876281e+003,3.115177e+000
3.876764e+003,3.134675e+000
3.877246e+003,3.124296e+000
3.877728e+003,3.084305e+000
3.878210e+003,3.021194e+000
3.878692e+003,2.946325e+000
3.879174e+003,2.873246e+000
3.879656e+003,2.814385e+000
3.880138e+003,2.778026e+000
3.880621e+003,2.766363e+000
3.881103e+003,2.775174e+000
3.881585e+003,2.795228e+000
3.882067e+003,2.815081e+000
3.882549e+003,2.824510e+000
3.883031e+003,2.817626e+000
3.883513e+003,2.794737e+000
3.883995e+003,2.762364e+000
3.884478e+003,2.731339e+000
3.884960e+003,2.713516e+000
3.885442e+003,2.718040e+000
3.885924e+003,2.748351e+000
3.886406e+003,2.800830e+000
3.886888e+003,2.865556e+000
3.887370e+003,2.928923e+000
3.887853e+003,2.977363e+000
3.888334e+003,3.001021e+000
3.888817e+003,2.996342e+000
3.889299e+003,2.966864e+000
3.889781e+003,2.922107e+000
3.890263e+003,2.874992e+000
3.890745e+003,2.838594e+000
3.891227e+003,2.823147e+000
3.891709e+003,2.834009e+000
3.892192e+003,2.870933e+000
3.892674e+003,2.928616e+000
3.893156e+003,2.998158e+000
3.893638e+003,3.068950e+000
3.894120e+003,3.130530e+000
3.894602e+003,3.174090e+000
3.895084e+003,3.193469e+000
3.895566e+003,3.185663e+000
3.896049e+003,3.150887e+000
3.896531e+003,3.092285e+000
3.897013e+003,3.015355e+000
3.897495e+003,2.927108e+000
3.897977e+003,2.835068e+000
3.898459e+003,2.746210e+000
3.898941e+003,2.666016e+000
3.899423e+003,2.597862e+000
3.899906e+003,2.542872e+000
3.900388e+003,2.500323e+000
3.900870e+003,2.468474e+000
3.901352e+003,2.445621e+000
3.901834e+003,2.431032e+000
3.902316e+003,2.425487e+000
3.902798e+003,2.431219e+000
3.903281e+003,2.451293e+000
3.903762e+003,2.488563e+000
3.904245e+003,2.544590e+000
3.904727e+003,2.618803e+000
3.905209e+003,2.708205e+000
3.905691e+003,2.807674e+000
3.906173e+003,2.910773e+000
3.906655e+003,3.010818e+000
3.907137e+003,3.101941e+000
3.907620e+003,3.179872e+000
3.908102e+003,3.242352e+000
3.908584e+003,3.289109e+000
3.909066e+003,3.321520e+000
3.909548e+003,3.342038e+000
3.910030e+003,3.353535e+000
3.910512e+003,3.358641e+000
3.910994e+003,3.359200e+000
3.911477e+003,3.355912e+000
3.911959e+003,3.348273e+000
3.912441e+003,3.334831e+000
3.912923e+003,3.313752e+000
3.913405e+003,3.283574e+000
3.913887e+003,3.243939e+000
3.914369e+003,3.196097e+000
3.914851e+003,3.142983e+000
3.915333e+003,3.088834e+000
3.915816e+003,3.038440e+000
3.916298e+003,2.996249e+000
3.916780e+003,2.965585e+000
3.917262e+003,2.948184e+000
3.917744e+003,2.944108e+000
3.918226e+003,2.951980e+000
3.918708e+003,2.969372e+000
3.919190e+003,2.993202e+000
3.919673e+003,3.020039e+000
3.920155e+003,3.046351e+000
3.920637e+003,3.068779e+000
3.921119e+003,3.084505e+000
3.921601e+003,3.091745e+000
3.922083e+003,3.090213e+000
3.922565e+003,3.081409e+000
3.923048e+003,3.068491e+000
3.923530e+003,3.055696e+000
3.924012e+003,3.047369e+000
3.924494e+003,3.046850e+000
3.924976e+003,3.055560e+000
3.925458e+003,3.072568e+000
3.925940e+003,3.094774e+000
3.926422e+003,3.117664e+000
3.926905e+003,3.136382e+000
3.927387e+003,3.146834e+000
3.927869e+003,3.146509e+000
3.928351e+003,3.134881e+000
3.928833e+003,3.113361e+000
3.929315e+003,3.084918e+000
3.929797e+003,3.053515e+000
3.930279e+003,3.023520e+000
3.930761e+003,2.999141e+000
3.931244e+003,2.983943e+000
3.931726e+003,2.980413e+000
3.932208e+003,2.989626e+000
3.932690e+003,3.011051e+000
3.933172e+003,3.042581e+000
3.933654e+003,3.080830e+000
3.934136e+003,3.121709e+000
3.934618e+003,3.161141e+000
3.935101e+003,3.195769e+000
3.935583e+003,3.223449e+000
3.936065e+003,3.243387e+000
3.936547e+003,3.255897e+000
3.937029e+003,3.261895e+000
3.937511e+003,3.262288e+000
3.937993e+003,3.257538e+000
3.938476e+003,3.247524e+000
3.938958e+003,3.231794e+000
3.939440e+003,3.210069e+000
3.939922e+003,3.182842e+000
3.940404e+003,3.151783e+000
3.940886e+003,3.119793e+000
3.941368e+003,3.090584e+000
3.941850e+003,3.067923e+000
3.942333e+003,3.054703e+000
3.942815e+003,3.052148e+000
3.943297e+003,3.059401e+000
3.943779e+003,3.073644e+000
3.944261e+003,3.090733e+000
3.944743e+003,3.106178e+000
3.945225e+003,3.116203e+000
3.945707e+003,3.118591e+000
3.946189e+003,3.113101e+000
3.946672e+003,3.101375e+000
3.947154e+003,3.086404e+000
3.947636e+003,3.071726e+000
3.948118e+003,3.060606e+000
3.948600e+003,3.055394e+000
3.949082e+003,3.057188e+000
3.949564e+003,3.065836e+000
3.950046e+003,3.080180e+000
3.950529e+003,3.098455e+000
3.951011e+003,3.118684e+000
3.951493e+003,3.139006e+000
3.951975e+003,3.157890e+000
3.952457e+003,3.174231e+000
3.952939e+003,3.187374e+000
3.953421e+003,3.197088e+000
3.953904e+003,3.203511e+000
3.954385e+003,3.207078e+000
3.954868e+003,3.208415e+000
3.955350e+003,3.208229e+000
3.955832e+003,3.207173e+000
3.956314e+003,3.205728e+000
3.956796e+003,3.204129e+000
3.957278e+003,3.202350e+000
3.957760e+003,3.200164e+000
3.958243e+003,3.197261e+000
3.958725e+003,3.193406e+000
3.959207e+003,3.188582e+000
3.959689e+003,3.183086e+000
3.960171e+003,3.177538e+000
3.960653e+003,3.172787e+000
3.961135e+003,3.169741e+000
3.961617e+003,3.169150e+000
3.962100e+003,3.171406e+000
3.962582e+003,3.176406e+000
3.963064e+003,3.183547e+000
3.963546e+003,3.191828e+000
3.964028e+003,3.200048e+000
3.964510e+003,3.207060e+000
3.964992e+003,3.211985e+000
3.965474e+003,3.214355e+000
3.965957e+003,3.214150e+000
3.966439e+003,3.211723e+000
3.966921e+003,3.207671e+000
3.967403e+003,3.202662e+000
3.967885e+003,3.197309e+000
3.968367e+003,3.192062e+000
3.968849e+003,3.187184e+000
3.969332e+003,3.182755e+000
3.969813e+003,3.178713e+000
3.970296e+003,3.174919e+000
3.970778e+003,3.171218e+000
3.971260e+003,3.167497e+000
3.971742e+003,3.163741e+000
3.972224e+003,3.160053e+000
3.972706e+003,3.156663e+000
3.973188e+003,3.153894e+000
3.973671e+003,3.152094e+000
3.974153e+003,3.151561e+000
3.974635e+003,3.152470e+000
3.975117e+003,3.154816e+000
3.975599e+003,3.158403e+000
3.976081e+003,3.162865e+000
3.976563e+003,3.167719e+000
3.977045e+003,3.172436e+000
3.977528e+003,3.176517e+000
3.978010e+003,3.179557e+000
3.978492e+003,3.181303e+000
3.978974e+003,3.181685e+000
3.979456e+003,3.180826e+000
3.979938e+003,3.179018e+000
3.980420e+003,3.176677e+000
3.980902e+003,3.174258e+000
3.981385e+003,3.172180e+000
3.981867e+003,3.170738e+000
3.982349e+003,3.170069e+000
3.982831e+003,3.170146e+000
3.983313e+003,3.170813e+000
3.983795e+003,3.171831e+000
3.984277e+003,3.172937e+000
3.984760e+003,3.173865e+000
3.985242e+003,3.174365e+000
3.985724e+003,3.174194e+000
3.986206e+003,3.173133e+000
3.986688e+003,3.171011e+000
3.987170e+003,3.167766e+000
3.987652e+003,3.163494e+000
3.988134e+003,3.158481e+000
3.988616e+003,3.153181e+000
3.989099e+003,3.148132e+000
3.989581e+003,3.143832e+000
3.990063e+003,3.140613e+000
3.990545e+003,3.138553e+000
3.991027e+003,3.137476e+000
3.991509e+003,3.137013e+000
3.991991e+003,3.136741e+000
3.992473e+003,3.136322e+000
3.992956e+003,3.135611e+000
3.993438e+003,3.134685e+000
3.993920e+003,3.133806e+000
3.994402e+003,3.133312e+000
3.994884e+003,3.133498e+000
3.995366e+003,3.134510e+000
3.995848e+003,3.136304e+000
3.996330e+003,3.138654e+000
3.996813e+003,3.141219e+000
3.997295e+003,3.143628e+000
3.997777e+003,3.145564e+000
3.998259e+003,3.146824e+000
3.998741e+003,3.147336e+000
3.999223e+003,3.147150e+000
3.999705e+003,3.146396e+000
4.000188e+003,3.145248e+000
