3.996813e+002,0.000000e+000
4.001635e+002,7.893745e-001
4.006456e+002,8.439720e-001
4.011277e+002,8.976113e-001
4.016098e+002,9.484128e-001
4.020919e+002,9.951632e-001
4.025741e+002,1.037155e+000
4.030562e+002,1.074045e+000
4.035383e+002,1.105806e+000
4.040204e+002,1.132814e+000
4.045026e+002,1.155895e+000
4.049847e+002,1.176277e+000
4.054668e+002,1.195354e+000
4.059489e+002,1.214355e+000
4.064311e+002,1.234042e+000
4.069132e+002,1.254597e+000
4.073953e+002,1.275733e+000
4.078774e+002,1.297004e+000
4.083596e+002,1.318095e+000
4.088417e+002,1.338999e+000
4.093238e+002,1.359951e+000
4.098059e+002,1.381226e+000
4.102881e+002,1.402892e+000
4.107702e+002,1.424727e+000
4.112523e+002,1.446290e+000
4.117344e+002,1.467118e+000
4.122166e+002,1.486841e+000
4.126987e+002,1.505101e+000
4.131808e+002,1.521213e+000
4.136629e+002,1.533750e+000
4.141451e+002,1.540301e+000
4.146272e+002,1.537675e+000
4.151093e+002,1.522644e+000
4.155914e+002,1.493084e+000
4.160736e+002,1.449149e+000
4.165557e+002,1.394036e+000
4.170378e+002,1.333958e+000
4.175200e+002,1.277252e+000
4.180021e+002,1.232780e+000
4.184842e+002,1.208106e+000
4.189663e+002,1.207917e+000
4.194484e+002,1.233155e+000
4.199306e+002,1.281023e+000
4.204127e+002,1.345812e+000
4.208948e+002,1.420261e+000
4.213770e+002,1.497082e+000
4.218591e+002,1.570285e+000
4.223412e+002,1.636046e+000
4.228233e+002,1.692994e+000
4.233055e+002,1.741948e+000
4.237876e+002,1.785205e+000
4.242697e+002,1.825626e+000
4.247518e+002,1.865713e+000
4.252339e+002,1.906946e+000
4.257161e+002,1.949492e+000
4.261982e+002,1.992359e+000
4.266803e+002,2.033872e+000
4.271624e+002,2.072314e+000
4.276446e+002,2.106470e+000
4.281267e+002,2.135945e+000
4.286088e+002,2.161142e+000
4.290909e+002,2.183009e+000
4.295731e+002,2.202650e+000
4.300552e+002,2.221010e+000
4.305373e+002,2.238672e+000
4.310194e+002,2.255835e+000
4.315016e+002,2.272376e+000
4.319837e+002,2.287970e+000
4.324658e+002,2.302179e+000
4.329479e+002,2.314586e+000
4.334301e+002,2.324942e+000
4.339122e+002,2.333389e+000
4.343943e+002,2.340650e+000
4.348764e+002,2.348105e+000
4.353586e+002,2.357611e+000
4.358407e+002,2.371062e+000
4.363228e+002,2.389737e+000
4.368049e+002,2.413695e+000
4.372870e+002,2.441439e+000
4.377692e+002,2.470054e+000
4.382513e+002,2.495842e+000
4.387334e+002,2.515277e+000
4.392155e+002,2.525974e+000
4.396977e+002,2.527364e+000
4.401798e+002,2.520848e+000
4.406619e+002,2.509427e+000
4.411440e+002,2.496933e+000
4.416262e+002,2.487166e+000
4.421083e+002,2.483142e+000
4.425904e+002,2.486642e+000
4.430725e+002,2.498088e+000
4.435547e+002,2.516712e+000
4.440368e+002,2.540869e+000
4.445189e+002,2.568481e+000
4.450010e+002,2.597473e+000
4.454832e+002,2.626184e+000
4.459653e+002,2.653633e+000
4.464474e+002,2.679606e+000
4.469295e+002,2.704451e+000
4.474117e+002,2.728682e+000
4.478938e+002,2.752460e+000
4.483759e+002,2.775234e+000
4.488580e+002,2.795670e+000
4.493401e+002,2.812037e+000
4.498223e+002,2.822865e+000
4.503044e+002,2.827670e+000
4.507865e+002,2.827351e+000
4.512687e+002,2.824040e+000
4.517508e+002,2.820352e+000
4.522329e+002,2.818284e+000
4.527150e+002,2.818198e+000
4.531971e+002,2.818346e+000
4.536793e+002,2.815209e+000
4.541614e+002,2.804637e+000
4.546435e+002,2.783398e+000
4.551257e+002,2.750657e+000
4.556078e+002,2.708784e+000
4.560899e+002,2.663234e+000
4.565720e+002,2.621461e+000
4.570542e+002,2.591219e+000
4.575363e+002,2.578731e+000
4.580184e+002,2.587282e+000
4.585005e+002,2.616576e+000
4.589827e+002,2.663003e+000
4.594648e+002,2.720643e+000
4.599469e+002,2.782720e+000
4.604290e+002,2.843061e+000
4.609112e+002,2.897219e+000
4.613933e+002,2.942992e+000
4.618754e+002,2.980292e+000
4.623575e+002,3.010477e+000
4.628397e+002,3.035429e+000
4.633218e+002,3.056686e+000
4.638039e+002,3.074924e+000
4.642860e+002,3.089945e+000
4.647682e+002,3.101104e+000
4.652503e+002,3.107940e+000
4.657324e+002,3.110710e+000
4.662145e+002,3.110532e+000
4.666967e+002,3.109049e+000
4.671788e+002,3.107719e+000
4.676609e+002,3.107082e+000
4.681430e+002,3.106337e+000
4.686252e+002,3.103524e+000
4.691073e+002,3.096283e+000
4.695894e+002,3.082997e+000
4.700715e+002,3.063814e+000
4.705536e+002,3.041187e+000
4.710358e+002,3.019614e+000
4.715179e+002,3.004671e+000
4.720000e+002,3.001596e+000
4.724821e+002,3.013936e+000
4.729643e+002,3.042650e+000
4.734464e+002,3.085957e+000
4.739285e+002,3.139882e+000
4.744106e+002,3.199308e+000
4.748928e+002,3.259137e+000
4.753749e+002,3.315266e+000
4.758570e+002,3.365158e+000
4.763391e+002,3.407945e+000
4.768213e+002,3.444128e+000
4.773034e+002,3.475066e+000
4.777855e+002,3.502353e+000
4.782676e+002,3.527281e+000
4.787498e+002,3.550452e+000
4.792319e+002,3.571665e+000
4.797140e+002,3.590027e+000
4.801961e+002,3.604336e+000
4.806783e+002,3.613574e+000
4.811604e+002,3.617410e+000
4.816425e+002,3.616523e+000
4.821246e+002,3.612659e+000
4.826068e+002,3.608368e+000
4.830889e+002,3.606537e+000
4.835710e+002,3.609825e+000
4.840531e+002,3.620190e+000
4.845352e+002,3.638591e+000
4.850174e+002,3.664937e+000
4.854995e+002,3.698168e+000
4.859816e+002,3.736475e+000
4.864637e+002,3.777523e+000
4.869459e+002,3.818698e+000
4.874280e+002,3.857386e+000
4.879101e+002,3.891304e+000
4.883922e+002,3.918836e+000
4.888744e+002,3.939368e+000
4.893565e+002,3.953444e+000
4.898386e+002,3.962726e+000
4.903207e+002,3.969690e+000
4.908029e+002,3.977142e+000
4.912850e+002,3.987660e+000
4.917671e+002,4.003135e+000
4.922492e+002,4.024471e+000
4.927314e+002,4.051550e+000
4.932135e+002,4.083375e+000
4.936956e+002,4.118368e+000
4.941777e+002,4.154715e+000
4.946599e+002,4.190698e+000
4.951420e+002,4.224940e+000
4.956241e+002,4.256545e+000
4.961062e+002,4.285058e+000
4.965884e+002,4.310295e+000
4.970705e+002,4.332035e+000
4.975526e+002,4.349760e+000
4.980347e+002,4.362518e+000
4.985169e+002,4.369104e+000
4.989990e+002,4.368525e+000
4.994811e+002,4.360682e+000
4.999633e+002,4.346984e+000
5.004454e+002,4.330584e+000
5.009275e+002,4.316038e+000
5.014096e+002,4.308374e+000
5.018917e+002,4.311798e+000
5.023739e+002,4.328466e+000
5.028560e+002,4.357797e+000
5.033381e+002,4.396606e+000
5.038203e+002,4.440047e+000
5.043024e+002,4.483078e+000
5.047845e+002,4.521911e+000
5.052666e+002,4.554986e+000
5.057487e+002,4.583103e+000
5.062309e+002,4.608811e+000
5.067130e+002,4.635273e+000
5.071951e+002,4.665118e+000
5.076772e+002,4.699652e+000
5.081594e+002,4.738657e+000
5.086415e+002,4.780720e+000
5.091236e+002,4.823897e+000
5.096057e+002,4.866340e+000
5.100879e+002,4.906718e+000
5.105700e+002,4.944274e+000
5.110521e+002,4.978632e+000
5.115342e+002,5.009451e+000
5.120164e+002,5.036158e+000
5.124985e+002,5.057827e+000
5.129806e+002,5.073285e+000
5.134627e+002,5.081390e+000
5.139448e+002,5.081435e+000
5.144270e+002,5.073549e+000
5.149091e+002,5.059023e+000
5.153912e+002,5.040423e+000
5.158734e+002,5.021446e+000
5.163555e+002,5.006480e+000
5.168376e+002,4.999949e+000
5.173197e+002,5.005558e+000
5.178019e+002,5.025668e+000
5.182840e+002,5.060918e+000
5.187661e+002,5.110221e+000
5.192482e+002,5.171034e+000
5.197303e+002,5.239828e+000
5.202125e+002,5.312509e+000
5.206946e+002,5.384768e+000
5.211767e+002,5.452278e+000
5.216588e+002,5.510943e+000
5.221410e+002,5.557255e+000
5.226231e+002,5.588874e+000
5.231052e+002,5.605308e+000
5.235873e+002,5.608464e+000
5.240695e+002,5.602760e+000
5.245516e+002,5.594619e+000
5.250337e+002,5.591307e+000
5.255159e+002,5.599422e+000
5.259980e+002,5.623409e+000
5.264801e+002,5.664620e+000
5.269622e+002,5.721144e+000
5.274443e+002,5.788482e+000
5.279265e+002,5.860801e+000
5.284086e+002,5.932334e+000
5.288907e+002,5.998524e+000
5.293728e+002,6.056637e+000
5.298550e+002,6.105776e+000
5.303371e+002,6.146462e+000
5.308192e+002,6.180006e+000
5.313013e+002,6.207947e+000
5.317834e+002,6.231657e+000
5.322656e+002,6.252186e+000
5.327477e+002,6.270262e+000
5.332299e+002,6.286398e+000
5.337120e+002,6.301022e+000
5.341941e+002,6.314590e+000
5.346762e+002,6.327659e+000
5.351583e+002,6.340909e+000
5.356404e+002,6.355073e+000
5.361226e+002,6.370802e+000
5.366047e+002,6.388465e+000
5.370868e+002,6.408014e+000
5.375690e+002,6.428927e+000
5.380511e+002,6.450340e+000
5.385332e+002,6.471293e+000
5.390153e+002,6.491032e+000
5.394974e+002,6.509195e+000
5.399796e+002,6.525832e+000
5.404617e+002,6.541191e+000
5.409438e+002,6.555421e+000
5.414260e+002,6.568301e+000
5.419081e+002,6.579201e+000
5.423902e+002,6.587264e+000
5.428723e+002,6.591816e+000
5.433544e+002,6.592775e+000
5.438365e+002,6.590896e+000
5.443187e+002,6.587708e+000
5.448008e+002,6.585185e+000
5.452830e+002,6.585225e+000
5.457651e+002,6.589196e+000
5.462472e+002,6.597674e+000
5.467293e+002,6.610471e+000
5.472114e+002,6.626879e+000
5.476936e+002,6.646018e+000
5.481757e+002,6.667115e+000
5.486578e+002,6.689638e+000
5.491400e+002,6.713258e+000
5.496221e+002,6.737738e+000
5.501042e+002,6.762797e+000
5.505863e+002,6.788056e+000
5.510684e+002,6.813041e+000
5.515505e+002,6.837260e+000
5.520327e+002,6.860271e+000
5.525148e+002,6.881730e+000
5.529969e+002,6.901435e+000
5.534791e+002,6.919346e+000
5.539612e+002,6.935609e+000
5.544433e+002,6.950570e+000
5.549254e+002,6.964747e+000
5.554076e+002,6.978754e+000
5.558896e+002,6.993143e+000
5.563718e+002,7.008281e+000
5.568539e+002,7.024231e+000
5.573361e+002,7.040771e+000
5.578182e+002,7.057478e+000
5.583003e+002,7.073895e+000
5.587825e+002,7.089665e+000
5.592645e+002,7.104602e+000
5.597467e+002,7.118648e+000
5.602288e+002,7.131805e+000
5.607109e+002,7.144039e+000
5.611931e+002,7.155263e+000
5.616752e+002,7.165376e+000
5.621573e+002,7.174321e+000
5.626394e+002,7.182111e+000
5.631216e+002,7.188777e+000
5.636037e+002,7.194268e+000
5.640858e+002,7.198363e+000
5.645679e+002,7.200691e+000
5.650500e+002,7.200891e+000
5.655322e+002,7.198874e+000
5.660143e+002,7.195075e+000
5.664965e+002,7.190581e+000
5.669785e+002,7.187031e+000
5.674607e+002,7.186283e+000
5.679428e+002,7.190006e+000
5.684249e+002,7.199279e+000
5.689070e+002,7.214400e+000
5.693892e+002,7.234867e+000
5.698713e+002,7.259545e+000
5.703534e+002,7.286849e+000
5.708356e+002,7.314898e+000
5.713177e+002,7.341599e+000
5.717998e+002,7.364755e+000
5.722819e+002,7.382279e+000
5.727640e+002,7.392600e+000
5.732462e+002,7.395141e+000
5.737283e+002,7.390766e+000
5.742104e+002,7.381876e+000
5.746925e+002,7.372073e+000
5.751747e+002,7.365358e+000
5.756568e+002,7.365100e+000
5.761389e+002,7.373101e+000
5.766210e+002,7.389122e+000
5.771031e+002,7.411036e+000
5.775853e+002,7.435588e+000
5.780674e+002,7.459446e+000
5.785496e+002,7.480218e+000
5.790317e+002,7.497029e+000
5.795138e+002,7.510557e+000
5.799959e+002,7.522527e+000
5.804780e+002,7.534969e+000
5.809601e+002,7.549491e+000
5.814423e+002,7.566843e+000
5.819244e+002,7.586851e+000
5.824066e+002,7.608688e+000
5.828887e+002,7.631281e+000
5.833708e+002,7.653732e+000
5.838529e+002,7.675564e+000
5.843350e+002,7.696786e+000
5.848171e+002,7.717753e+000
5.852993e+002,7.738915e+000
5.857814e+002,7.760494e+000
5.862635e+002,7.782207e+000
5.867457e+002,7.803090e+000
5.872278e+002,7.821541e+000
5.877099e+002,7.835563e+000
5.881920e+002,7.843271e+000
5.886741e+002,7.843486e+000
5.891563e+002,7.836286e+000
5.896384e+002,7.823298e+000
5.901205e+002,7.807590e+000
5.906027e+002,7.793119e+000
5.910848e+002,7.783926e+000
5.915669e+002,7.783215e+000
5.920490e+002,7.792703e+000
5.925311e+002,7.812331e+000
5.930133e+002,7.840465e+000
5.934954e+002,7.874413e+000
5.939775e+002,7.911115e+000
5.944597e+002,7.947710e+000
5.949418e+002,7.981930e+000
5.954239e+002,8.012193e+000
5.959060e+002,8.037569e+000
5.963882e+002,8.057663e+000
5.968702e+002,8.072553e+000
5.973524e+002,8.082784e+000
5.978345e+002,8.089399e+000
5.983167e+002,8.093897e+000
5.987988e+002,8.098087e+000
5.992809e+002,8.103840e+000
5.997630e+002,8.112770e+000
6.002451e+002,8.125948e+000
6.007273e+002,8.143727e+000
6.012094e+002,8.165724e+000
6.016915e+002,8.190937e+000
6.021736e+002,8.217978e+000
6.026558e+002,8.245350e+000
6.031379e+002,8.271700e+000
6.036200e+002,8.296051e+000
6.041022e+002,8.317911e+000
6.045842e+002,8.337319e+000
6.050664e+002,8.354767e+000
6.055485e+002,8.371017e+000
6.060306e+002,8.386889e+000
6.065128e+002,8.403028e+000
6.069949e+002,8.419750e+000
6.074770e+002,8.436993e+000
6.079591e+002,8.454385e+000
6.084413e+002,8.471411e+000
6.089234e+002,8.487585e+000
6.094055e+002,8.502611e+000
6.098876e+002,8.516412e+000
6.103698e+002,8.529097e+000
6.108519e+002,8.540818e+000
6.113340e+002,8.551615e+000
6.118162e+002,8.561258e+000
6.122983e+002,8.569188e+000
6.127804e+002,8.574539e+000
6.132625e+002,8.576306e+000
6.137446e+002,8.573622e+000
6.142267e+002,8.566130e+000
6.147089e+002,8.554322e+000
6.151910e+002,8.539795e+000
6.156731e+002,8.525246e+000
6.161553e+002,8.514161e+000
6.166374e+002,8.510232e+000
6.171195e+002,8.516584e+000
6.176016e+002,8.535046e+000
6.180837e+002,8.565678e+000
6.185659e+002,8.606691e+000
6.190480e+002,8.654821e+000
6.195302e+002,8.705992e+000
6.200123e+002,8.756109e+000
6.204944e+002,8.801718e+000
6.209765e+002,8.840384e+000
6.214586e+002,8.870782e+000
6.219407e+002,8.892577e+000
6.224229e+002,8.906219e+000
6.229050e+002,8.912798e+000
6.233871e+002,8.913979e+000
6.238693e+002,8.911938e+000
6.243514e+002,8.909231e+000
6.248335e+002,8.908512e+000
6.253156e+002,8.912094e+000
6.257977e+002,8.921513e+000
6.262798e+002,8.937171e+000
6.267620e+002,8.958282e+000
6.272441e+002,8.983054e+000
6.277263e+002,9.009138e+000
6.282084e+002,9.034122e+000
6.286905e+002,9.055962e+000
6.291726e+002,9.073211e+000
6.296547e+002,9.085082e+000
6.301368e+002,9.091347e+000
6.306190e+002,9.092238e+000
6.311011e+002,9.088338e+000
6.315833e+002,9.080548e+000
6.320654e+002,9.070045e+000
6.325475e+002,9.058208e+000
6.330296e+002,9.046473e+000
6.335117e+002,9.036126e+000
6.339939e+002,9.028122e+000
6.344760e+002,9.022947e+000
6.349581e+002,9.020584e+000
6.354402e+002,9.020588e+000
6.359224e+002,9.022213e+000
6.364045e+002,9.024573e+000
6.368866e+002,9.026791e+000
6.373687e+002,9.028126e+000
6.378508e+002,9.028071e+000
6.383330e+002,9.026428e+000
6.388151e+002,9.023293e+000
6.392972e+002,9.018994e+000
6.397794e+002,9.013935e+000
6.402615e+002,9.008400e+000
6.407436e+002,9.002378e+000
6.412257e+002,8.995505e+000
6.417079e+002,8.987112e+000
6.421899e+002,8.976427e+000
6.426721e+002,8.962768e+000
6.431542e+002,8.945724e+000
6.436364e+002,8.925170e+000
6.441185e+002,8.901192e+000
6.446006e+002,8.873953e+000
6.450827e+002,8.843642e+000
6.455648e+002,8.810537e+000
6.460470e+002,8.775212e+000
6.465291e+002,8.738756e+000
6.470112e+002,8.702873e+000
6.474933e+002,8.669750e+000
6.479755e+002,8.641666e+000
6.484576e+002,8.620481e+000
6.489397e+002,8.607158e+000
6.494219e+002,8.601500e+000
6.499040e+002,8.602252e+000
6.503861e+002,8.607468e+000
6.508682e+002,8.615054e+000
6.513503e+002,8.623264e+000
6.518325e+002,8.631021e+000
6.523146e+002,8.637977e+000
6.527968e+002,8.644360e+000
6.532788e+002,8.650708e+000
6.537610e+002,8.657622e+000
6.542431e+002,8.665560e+000
6.547252e+002,8.674773e+000
6.552073e+002,8.685321e+000
6.556895e+002,8.697159e+000
6.561716e+002,8.710268e+000
6.566537e+002,8.724776e+000
6.571359e+002,8.741018e+000
6.576179e+002,8.759539e+000
6.581001e+002,8.780958e+000
6.585822e+002,8.805844e+000
6.590643e+002,8.834587e+000
6.595464e+002,8.867457e+000
6.600286e+002,8.904751e+000
6.605107e+002,8.946911e+000
6.609928e+002,8.994282e+000
6.614750e+002,9.046180e+000
6.619571e+002,9.099215e+000
6.624392e+002,9.145170e+000
6.629213e+002,9.169316e+000
6.634034e+002,9.150244e+000
6.638856e+002,9.062266e+000
6.643677e+002,8.880698e+000
6.648499e+002,8.589250e+000
6.653320e+002,8.187762e+000
6.658141e+002,7.697645e+000
6.662962e+002,7.162735e+000
6.667783e+002,6.644212e+000
6.672605e+002,6.210079e+000
6.677426e+002,5.921481e+000
6.682247e+002,5.819482e+000
6.687068e+002,5.915951e+000
6.691890e+002,6.191237e+000
6.696711e+002,6.599206e+000
6.701532e+002,7.078115e+000
6.706353e+002,7.564091e+000
6.711174e+002,8.003481e+000
6.715996e+002,8.361047e+000
6.720817e+002,8.622528e+000
6.725638e+002,8.791959e+000
6.730460e+002,8.885582e+000
6.735281e+002,8.924765e+000
6.740102e+002,8.930082e+000
6.744923e+002,8.917727e+000
6.749745e+002,8.898439e+000
6.754565e+002,8.878234e+000
6.759387e+002,8.859941e+000
6.764208e+002,8.844685e+000
6.769030e+002,8.832880e+000
6.773851e+002,8.824692e+000
6.778672e+002,8.820185e+000
6.783493e+002,8.819343e+000
6.788314e+002,8.822134e+000
6.793136e+002,8.828526e+000
6.797957e+002,8.838491e+000
6.802778e+002,8.851885e+000
6.807599e+002,8.868353e+000
6.812421e+002,8.887317e+000
6.817242e+002,8.908095e+000
6.822063e+002,8.930132e+000
6.826885e+002,8.953187e+000
6.831705e+002,8.977380e+000
6.836527e+002,9.003026e+000
6.841348e+002,9.030350e+000
6.846169e+002,9.059229e+000
6.850991e+002,9.089138e+000
6.855812e+002,9.119349e+000
6.860634e+002,9.149309e+000
6.865454e+002,9.179006e+000
6.870276e+002,9.209125e+000
6.875096e+002,9.240905e+000
6.879918e+002,9.275732e+000
6.884739e+002,9.314674e+000
6.889561e+002,9.358109e+000
6.894382e+002,9.405657e+000
6.899203e+002,9.456358e+000
6.904025e+002,9.509013e+000
6.908845e+002,9.562490e+000
6.913667e+002,9.615916e+000
6.918488e+002,9.668684e+000
6.923309e+002,9.720375e+000
6.928130e+002,9.770665e+000
6.932952e+002,9.819334e+000
6.937773e+002,9.866301e+000
6.942594e+002,9.911709e+000
6.947416e+002,9.955915e+000
6.952236e+002,9.999384e+000
6.957058e+002,1.004253e+001
6.961879e+002,1.008562e+001
6.966700e+002,1.012868e+001
6.971522e+002,1.017164e+001
6.976343e+002,1.021443e+001
6.981165e+002,1.025706e+001
6.985985e+002,1.029955e+001
6.990807e+002,1.034183e+001
6.995628e+002,1.038349e+001
7.000449e+002,1.042378e+001
7.005270e+002,1.046167e+001
7.010092e+002,1.049614e+001
7.014913e+002,1.052660e+001
7.019734e+002,1.055308e+001
7.024556e+002,1.057633e+001
7.029377e+002,1.059760e+001
7.034198e+002,1.061825e+001
7.039019e+002,1.063943e+001
7.043840e+002,1.066188e+001
7.048662e+002,1.068588e+001
7.053483e+002,1.071137e+001
7.058304e+002,1.073819e+001
7.063125e+002,1.076607e+001
7.067947e+002,1.079466e+001
7.072768e+002,1.082338e+001
7.077589e+002,1.085140e+001
7.082410e+002,1.087774e+001
7.087231e+002,1.090147e+001
7.092053e+002,1.092202e+001
7.096874e+002,1.093937e+001
7.101696e+002,1.095406e+001
7.106517e+002,1.096698e+001
7.111338e+002,1.097907e+001
7.116159e+002,1.099101e+001
7.120980e+002,1.100311e+001
7.125802e+002,1.101538e+001
7.130623e+002,1.102773e+001
7.135444e+002,1.104009e+001
7.140265e+002,1.105239e+001
7.145087e+002,1.106434e+001
7.149908e+002,1.107510e+001
7.154729e+002,1.108314e+001
7.159550e+002,1.108635e+001
7.164371e+002,1.108254e+001
7.169193e+002,1.107018e+001
7.174014e+002,1.104922e+001
7.178835e+002,1.102152e+001
7.183657e+002,1.099085e+001
7.188478e+002,1.096235e+001
7.193299e+002,1.094149e+001
7.198120e+002,1.093296e+001
7.202942e+002,1.093964e+001
7.207762e+002,1.096209e+001
7.212584e+002,1.099843e+001
7.217405e+002,1.104486e+001
7.222227e+002,1.109643e+001
7.227048e+002,1.114803e+001
7.231869e+002,1.119534e+001
7.236691e+002,1.123543e+001
7.241511e+002,1.126712e+001
7.246333e+002,1.129083e+001
7.251154e+002,1.130815e+001
7.255975e+002,1.132119e+001
7.260797e+002,1.133192e+001
7.265618e+002,1.134172e+001
7.270439e+002,1.135123e+001
7.275260e+002,1.136050e+001
7.280082e+002,1.136930e+001
7.284902e+002,1.137756e+001
7.289724e+002,1.138549e+001
7.294545e+002,1.139361e+001
7.299366e+002,1.140253e+001
7.304188e+002,1.141263e+001
7.309009e+002,1.142391e+001
7.313831e+002,1.143593e+001
7.318651e+002,1.144808e+001
7.323473e+002,1.145975e+001
7.328293e+002,1.147063e+001
7.333115e+002,1.148078e+001
7.337936e+002,1.149046e+001
7.342758e+002,1.150000e+001
7.347579e+002,1.150957e+001
7.352400e+002,1.151909e+001
7.357222e+002,1.152832e+001
7.362042e+002,1.153697e+001
7.366864e+002,1.154485e+001
7.371685e+002,1.155192e+001
7.376506e+002,1.155823e+001
7.381328e+002,1.156384e+001
7.386149e+002,1.156878e+001
7.390970e+002,1.157301e+001
7.395791e+002,1.157660e+001
7.400613e+002,1.157978e+001
7.405434e+002,1.158304e+001
7.410255e+002,1.158697e+001
7.415076e+002,1.159219e+001
7.419897e+002,1.159901e+001
7.424719e+002,1.160741e+001
7.429540e+002,1.161704e+001
7.434362e+002,1.162742e+001
7.439182e+002,1.163813e+001
7.444004e+002,1.164897e+001
7.448825e+002,1.165998e+001
7.453646e+002,1.167131e+001
7.458467e+002,1.168301e+001
7.463289e+002,1.169494e+001
7.468110e+002,1.170677e+001
7.472931e+002,1.171810e+001
7.477753e+002,1.172869e+001
7.482574e+002,1.173853e+001
7.487395e+002,1.174788e+001
7.492216e+002,1.175706e+001
7.497037e+002,1.176630e+001
7.501859e+002,1.177558e+001
7.506680e+002,1.178466e+001
7.511501e+002,1.179318e+001
7.516322e+002,1.180093e+001
7.521144e+002,1.180799e+001
7.525965e+002,1.181467e+001
7.530786e+002,1.182144e+001
7.535608e+002,1.182870e+001
7.540428e+002,1.183660e+001
7.545250e+002,1.184500e+001
7.550071e+002,1.185360e+001
7.554893e+002,1.186209e+001
7.559714e+002,1.187037e+001
7.564535e+002,1.187848e+001
7.569356e+002,1.188656e+001
7.574177e+002,1.189470e+001
7.578999e+002,1.190278e+001
7.583820e+002,1.191050e+001
7.588641e+002,1.191754e+001
7.593463e+002,1.192368e+001
7.598284e+002,1.192897e+001
7.603105e+002,1.193374e+001
7.607926e+002,1.193840e+001
7.612748e+002,1.194332e+001
7.617568e+002,1.194860e+001
7.622390e+002,1.195409e+001
7.627211e+002,1.195953e+001
7.632032e+002,1.196465e+001
7.636854e+002,1.196944e+001
7.641675e+002,1.197408e+001
7.646496e+002,1.197885e+001
7.651317e+002,1.198399e+001
7.656139e+002,1.198953e+001
7.660959e+002,1.199528e+001
7.665781e+002,1.200095e+001
7.670602e+002,1.200633e+001
7.675424e+002,1.201140e+001
7.680245e+002,1.201637e+001
7.685066e+002,1.202155e+001
7.689888e+002,1.202716e+001
7.694708e+002,1.203321e+001
7.699530e+002,1.203946e+001
7.704351e+002,1.204551e+001
7.709172e+002,1.205101e+001
7.713994e+002,1.205576e+001
7.718815e+002,1.205978e+001
7.723636e+002,1.206322e+001
7.728457e+002,1.206621e+001
7.733279e+002,1.206878e+001
7.738099e+002,1.207082e+001
7.742921e+002,1.207222e+001
7.747742e+002,1.207298e+001
7.752563e+002,1.207330e+001
7.757385e+002,1.207359e+001
7.762206e+002,1.207426e+001
7.767028e+002,1.207563e+001
7.771848e+002,1.207770e+001
7.776670e+002,1.208026e+001
7.781491e+002,1.208291e+001
7.786312e+002,1.208533e+001
7.791133e+002,1.208736e+001
7.795955e+002,1.208899e+001
7.800776e+002,1.209032e+001
7.805597e+002,1.209136e+001
7.810419e+002,1.209195e+001
7.815239e+002,1.209179e+001
7.820061e+002,1.209056e+001
7.824882e+002,1.208811e+001
7.829703e+002,1.208463e+001
7.834525e+002,1.208052e+001
7.839346e+002,1.207631e+001
7.844167e+002,1.207239e+001
7.848988e+002,1.206887e+001
7.853810e+002,1.206553e+001
7.858631e+002,1.206197e+001
7.863452e+002,1.205782e+001
7.868273e+002,1.205289e+001
7.873094e+002,1.204720e+001
7.877916e+002,1.204098e+001
7.882737e+002,1.203438e+001
7.887559e+002,1.202748e+001
7.892380e+002,1.202012e+001
7.897201e+002,1.201212e+001
7.902022e+002,1.200333e+001
7.906843e+002,1.199382e+001
7.911665e+002,1.198385e+001
7.916486e+002,1.197381e+001
7.921307e+002,1.196398e+001
7.926128e+002,1.195452e+001
7.930950e+002,1.194536e+001
7.935771e+002,1.193636e+001
7.940592e+002,1.192743e+001
7.945413e+002,1.191869e+001
7.950234e+002,1.191041e+001
7.955056e+002,1.190295e+001
7.959877e+002,1.189656e+001
7.964698e+002,1.189131e+001
7.969520e+002,1.188706e+001
7.974341e+002,1.188357e+001
7.979162e+002,1.188070e+001
7.983983e+002,1.187846e+001
7.988805e+002,1.187704e+001
7.993625e+002,1.187670e+001
7.998447e+002,1.187755e+001
8.003268e+002,1.187952e+001
8.008090e+002,1.188230e+001
8.012911e+002,1.188553e+001
8.017732e+002,1.188899e+001
8.022553e+002,1.189266e+001
8.027374e+002,1.189680e+001
8.032196e+002,1.190178e+001
8.037017e+002,1.190787e+001
8.041838e+002,1.191516e+001
8.046660e+002,1.192347e+001
8.051481e+002,1.193252e+001
8.056302e+002,1.194210e+001
8.061123e+002,1.195213e+001
8.065945e+002,1.196273e+001
8.070765e+002,1.197409e+001
8.075587e+002,1.198626e+001
8.080408e+002,1.199908e+001
8.085229e+002,1.201216e+001
8.090051e+002,1.202504e+001
8.094872e+002,1.203736e+001
8.099694e+002,1.204905e+001
8.104514e+002,1.206030e+001
8.109336e+002,1.207148e+001
8.114156e+002,1.208289e+001
8.118978e+002,1.209468e+001
8.123799e+002,1.210675e+001
8.128621e+002,1.211885e+001
8.133442e+002,1.213076e+001
8.138263e+002,1.214240e+001
8.143085e+002,1.215388e+001
8.147905e+002,1.216536e+001
8.152727e+002,1.217698e+001
8.157548e+002,1.218867e+001
8.162369e+002,1.220020e+001
8.167191e+002,1.221131e+001
8.172012e+002,1.222184e+001
8.176833e+002,1.223185e+001
8.181654e+002,1.224165e+001
8.186476e+002,1.225167e+001
8.191296e+002,1.226222e+001
8.196118e+002,1.227345e+001
8.200939e+002,1.228526e+001
8.205760e+002,1.229743e+001
8.210582e+002,1.230981e+001
8.215403e+002,1.232242e+001
8.220225e+002,1.233544e+001
8.225045e+002,1.234915e+001
8.229867e+002,1.236375e+001
8.234688e+002,1.237921e+001
8.239509e+002,1.239530e+001
8.244330e+002,1.241168e+001
8.249152e+002,1.242807e+001
8.253973e+002,1.244440e+001
8.258794e+002,1.246077e+001
8.263616e+002,1.247737e+001
8.268437e+002,1.249431e+001
8.273258e+002,1.251149e+001
8.278079e+002,1.252859e+001
8.282900e+002,1.254521e+001
8.287722e+002,1.256104e+001
8.292543e+002,1.257598e+001
8.297365e+002,1.259015e+001
8.302185e+002,1.260379e+001
8.307007e+002,1.261708e+001
8.311828e+002,1.263004e+001
8.316649e+002,1.264246e+001
8.321470e+002,1.265411e+001
8.326292e+002,1.266481e+001
8.331113e+002,1.267463e+001
8.335934e+002,1.268384e+001
8.340756e+002,1.269286e+001
8.345577e+002,1.270200e+001
8.350398e+002,1.271141e+001
8.355219e+002,1.272097e+001
8.360040e+002,1.273047e+001
8.364862e+002,1.273972e+001
8.369683e+002,1.274869e+001
8.374504e+002,1.275753e+001
8.379325e+002,1.276648e+001
8.384147e+002,1.277568e+001
8.388968e+002,1.278511e+001
8.393789e+002,1.279452e+001
8.398610e+002,1.280361e+001
8.403431e+002,1.281217e+001
8.408253e+002,1.282021e+001
8.413074e+002,1.282797e+001
8.417896e+002,1.283579e+001
8.422717e+002,1.284396e+001
8.427538e+002,1.285254e+001
8.432359e+002,1.286141e+001
8.437180e+002,1.287029e+001
8.442002e+002,1.287897e+001
8.446823e+002,1.288740e+001
8.451644e+002,1.289576e+001
8.456465e+002,1.290429e+001
8.461287e+002,1.291321e+001
8.466108e+002,1.292253e+001
8.470929e+002,1.293208e+001
8.475751e+002,1.294162e+001
8.480571e+002,1.295092e+001
8.485393e+002,1.295997e+001
8.490214e+002,1.296890e+001
8.495035e+002,1.297796e+001
8.499857e+002,1.298733e+001
8.504678e+002,1.299701e+001
8.509499e+002,1.300686e+001
8.514320e+002,1.301668e+001
8.519142e+002,1.302637e+001
8.523962e+002,1.303603e+001
8.528784e+002,1.304593e+001
8.533605e+002,1.305638e+001
8.538427e+002,1.306757e+001
8.543248e+002,1.307940e+001
8.548069e+002,1.309155e+001
8.552891e+002,1.310357e+001
8.557711e+002,1.311510e+001
8.562533e+002,1.312604e+001
8.567354e+002,1.313652e+001
8.572175e+002,1.314683e+001
8.576996e+002,1.315724e+001
8.581818e+002,1.316783e+001
8.586639e+002,1.317847e+001
8.591460e+002,1.318896e+001
8.596282e+002,1.319911e+001
8.601102e+002,1.320893e+001
8.605924e+002,1.321860e+001
8.610745e+002,1.322840e+001
8.615566e+002,1.323853e+001
8.620388e+002,1.324900e+001
8.625209e+002,1.325961e+001
8.630031e+002,1.327004e+001
8.634851e+002,1.328006e+001
8.639673e+002,1.328959e+001
8.644494e+002,1.329875e+001
8.649315e+002,1.330776e+001
8.654136e+002,1.331678e+001
8.658958e+002,1.332582e+001
8.663779e+002,1.333471e+001
8.668600e+002,1.334326e+001
8.673422e+002,1.335139e+001
8.678242e+002,1.335925e+001
8.683064e+002,1.336722e+001
8.687885e+002,1.337574e+001
8.692706e+002,1.338517e+001
8.697527e+002,1.339563e+001
8.702349e+002,1.340696e+001
8.707170e+002,1.341886e+001
8.711991e+002,1.343102e+001
8.716813e+002,1.344336e+001
8.721634e+002,1.345595e+001
8.726455e+002,1.346900e+001
8.731276e+002,1.348268e+001
8.736097e+002,1.349699e+001
8.740919e+002,1.351172e+001
8.745740e+002,1.352656e+001
8.750562e+002,1.354125e+001
8.755382e+002,1.355568e+001
8.760204e+002,1.356992e+001
8.765025e+002,1.358415e+001
8.769846e+002,1.359851e+001
8.774668e+002,1.361307e+001
8.779489e+002,1.362771e+001
8.784310e+002,1.364231e+001
8.789131e+002,1.365685e+001
8.793953e+002,1.367144e+001
8.798774e+002,1.368631e+001
8.803595e+002,1.370167e+001
8.808416e+002,1.371757e+001
8.813237e+002,1.373377e+001
8.818059e+002,1.374985e+001
8.822880e+002,1.376533e+001
8.827701e+002,1.377989e+001
8.832523e+002,1.379356e+001
8.837344e+002,1.380663e+001
8.842165e+002,1.381959e+001
8.846986e+002,1.383287e+001
8.851808e+002,1.384667e+001
8.856628e+002,1.386089e+001
8.861450e+002,1.387526e+001
8.866271e+002,1.388947e+001
8.871093e+002,1.390337e+001
8.875914e+002,1.391696e+001
8.880735e+002,1.393036e+001
8.885556e+002,1.394371e+001
8.890377e+002,1.395698e+001
8.895199e+002,1.397007e+001
8.900020e+002,1.398280e+001
8.904841e+002,1.399510e+001
8.909662e+002,1.400707e+001
8.914484e+002,1.401894e+001
8.919305e+002,1.403100e+001
8.924126e+002,1.404338e+001
8.928948e+002,1.405602e+001
8.933768e+002,1.406863e+001
8.938590e+002,1.408089e+001
8.943411e+002,1.409255e+001
8.948232e+002,1.410366e+001
8.953054e+002,1.411447e+001
8.957875e+002,1.412536e+001
8.962697e+002,1.413660e+001
8.967517e+002,1.414829e+001
8.972339e+002,1.416026e+001
8.977159e+002,1.417226e+001
8.981981e+002,1.418406e+001
8.986802e+002,1.419563e+001
8.991624e+002,1.420714e+001
8.996445e+002,1.421880e+001
9.001266e+002,1.423077e+001
9.006088e+002,1.424301e+001
9.010908e+002,1.425527e+001
9.015730e+002,1.426723e+001
9.020551e+002,1.427869e+001
9.025372e+002,1.428964e+001
9.030193e+002,1.430035e+001
9.035015e+002,1.431115e+001
9.039836e+002,1.432233e+001
9.044657e+002,1.433393e+001
9.049479e+002,1.434579e+001
9.054299e+002,1.435763e+001
9.059121e+002,1.436920e+001
9.063942e+002,1.438048e+001
9.068763e+002,1.439164e+001
9.073585e+002,1.440294e+001
9.078406e+002,1.441458e+001
9.083228e+002,1.442658e+001
9.088048e+002,1.443872e+001
9.092870e+002,1.445068e+001
9.097691e+002,1.446223e+001
9.102512e+002,1.447331e+001
9.107333e+002,1.448412e+001
9.112155e+002,1.449493e+001
9.116976e+002,1.450596e+001
9.121797e+002,1.451723e+001
9.126619e+002,1.452854e+001
9.131440e+002,1.453954e+001
9.136261e+002,1.454995e+001
9.141082e+002,1.455968e+001
9.145903e+002,1.456882e+001
9.150724e+002,1.457764e+001
9.155546e+002,1.458637e+001
9.160367e+002,1.459515e+001
9.165189e+002,1.460398e+001
9.170010e+002,1.461280e+001
9.174831e+002,1.462163e+001
9.179652e+002,1.463065e+001
9.184473e+002,1.464019e+001
9.189294e+002,1.465056e+001
9.194116e+002,1.466192e+001
9.198937e+002,1.467416e+001
9.203759e+002,1.468691e+001
9.208580e+002,1.469970e+001
9.213401e+002,1.471214e+001
9.218222e+002,1.472406e+001
9.223043e+002,1.473553e+001
9.227864e+002,1.474676e+001
9.232686e+002,1.475791e+001
9.237507e+002,1.476897e+001
9.242328e+002,1.477973e+001
9.247150e+002,1.478990e+001
9.251971e+002,1.479930e+001
9.256792e+002,1.480798e+001
9.261613e+002,1.481621e+001
9.266434e+002,1.482439e+001
9.271255e+002,1.483287e+001
9.276077e+002,1.484176e+001
9.280898e+002,1.485096e+001
9.285720e+002,1.486019e+001
9.290541e+002,1.486921e+001
9.295362e+002,1.487793e+001
9.300183e+002,1.488642e+001
9.305004e+002,1.489490e+001
9.309826e+002,1.490351e+001
9.314647e+002,1.491228e+001
9.319468e+002,1.492106e+001
9.324290e+002,1.492965e+001
9.329111e+002,1.493790e+001
9.333932e+002,1.494583e+001
9.338753e+002,1.495363e+001
9.343574e+002,1.496157e+001
9.348396e+002,1.496979e+001
9.353217e+002,1.497832e+001
9.358038e+002,1.498701e+001
9.362859e+002,1.499566e+001
9.367681e+002,1.500423e+001
9.372502e+002,1.501285e+001
9.377323e+002,1.502181e+001
9.382144e+002,1.503140e+001
9.386966e+002,1.504173e+001
9.391787e+002,1.505259e+001
9.396608e+002,1.506352e+001
9.401429e+002,1.507396e+001
9.406251e+002,1.508353e+001
9.411072e+002,1.509211e+001
9.415893e+002,1.509995e+001
9.420714e+002,1.510748e+001
9.425536e+002,1.511513e+001
9.430357e+002,1.512310e+001
9.435178e+002,1.513132e+001
9.439999e+002,1.513956e+001
9.444821e+002,1.514755e+001
9.449642e+002,1.515517e+001
9.454463e+002,1.516250e+001
9.459284e+002,1.516971e+001
9.464106e+002,1.517698e+001
9.468927e+002,1.518432e+001
9.473748e+002,1.519161e+001
9.478569e+002,1.519863e+001
9.483391e+002,1.520525e+001
9.488212e+002,1.521153e+001
9.493033e+002,1.521770e+001
9.497855e+002,1.522404e+001
9.502676e+002,1.523078e+001
9.507497e+002,1.523790e+001
9.512318e+002,1.524520e+001
9.517139e+002,1.525238e+001
9.521960e+002,1.525922e+001
9.526782e+002,1.526572e+001
9.531603e+002,1.527208e+001
9.536425e+002,1.527858e+001
9.541246e+002,1.528544e+001
9.546067e+002,1.529261e+001
9.550888e+002,1.529987e+001
9.555709e+002,1.530687e+001
9.560530e+002,1.531335e+001
9.565352e+002,1.531930e+001
9.570173e+002,1.532493e+001
9.574995e+002,1.533058e+001
9.579816e+002,1.533656e+001
9.584637e+002,1.534298e+001
9.589458e+002,1.534972e+001
9.594279e+002,1.535654e+001
9.599100e+002,1.536324e+001
9.603922e+002,1.536975e+001
9.608743e+002,1.537620e+001
9.613564e+002,1.538281e+001
9.618386e+002,1.538970e+001
9.623207e+002,1.539684e+001
9.628028e+002,1.540401e+001
9.632849e+002,1.541093e+001
9.637670e+002,1.541742e+001
9.642491e+002,1.542352e+001
9.647313e+002,1.542950e+001
9.652134e+002,1.543570e+001
9.656956e+002,1.544238e+001
9.661777e+002,1.544957e+001
9.666598e+002,1.545703e+001
9.671419e+002,1.546442e+001
9.676240e+002,1.547145e+001
9.681061e+002,1.547799e+001
9.685883e+002,1.548417e+001
9.690704e+002,1.549019e+001
9.695526e+002,1.549624e+001
9.700347e+002,1.550233e+001
9.705168e+002,1.550830e+001
9.709989e+002,1.551394e+001
9.714810e+002,1.551914e+001
9.719631e+002,1.552406e+001
9.724453e+002,1.552902e+001
9.729274e+002,1.553450e+001
9.734095e+002,1.554080e+001
9.738917e+002,1.554802e+001
9.743738e+002,1.555594e+001
9.748559e+002,1.556416e+001
9.753380e+002,1.557231e+001
9.758201e+002,1.558018e+001
9.763023e+002,1.558775e+001
9.767844e+002,1.559515e+001
9.772665e+002,1.560246e+001
9.777487e+002,1.560964e+001
9.782308e+002,1.561650e+001
9.787129e+002,1.562278e+001
9.791950e+002,1.562833e+001
9.796771e+002,1.563323e+001
9.801593e+002,1.563774e+001
9.806414e+002,1.564219e+001
9.811235e+002,1.564685e+001
9.816057e+002,1.565171e+001
9.820878e+002,1.565658e+001
9.825699e+002,1.566112e+001
9.830520e+002,1.566510e+001
9.835342e+002,1.566849e+001
9.840163e+002,1.567150e+001
9.844984e+002,1.567444e+001
9.849805e+002,1.567756e+001
9.854626e+002,1.568089e+001
9.859448e+002,1.568425e+001
9.864269e+002,1.568733e+001
9.869090e+002,1.568989e+001
9.873912e+002,1.569188e+001
9.878733e+002,1.569347e+001
9.883554e+002,1.569496e+001
9.888375e+002,1.569658e+001
9.893196e+002,1.569838e+001
9.898018e+002,1.570022e+001
9.902839e+002,1.570185e+001
9.907660e+002,1.570311e+001
9.912482e+002,1.570399e+001
9.917303e+002,1.570472e+001
9.922124e+002,1.570557e+001
9.926945e+002,1.570672e+001
9.931766e+002,1.570812e+001
9.936588e+002,1.570949e+001
9.941409e+002,1.571046e+001
9.946230e+002,1.571072e+001
9.951052e+002,1.571023e+001
9.955873e+002,1.570918e+001
9.960694e+002,1.570789e+001
9.965515e+002,1.570660e+001
9.970336e+002,1.570537e+001
9.975157e+002,1.570399e+001
9.979979e+002,1.570215e+001
9.984800e+002,1.569959e+001
9.989622e+002,1.569626e+001
9.994443e+002,1.569233e+001
9.999264e+002,1.568811e+001
1.000409e+003,1.568384e+001
1.000891e+003,1.567954e+001
1.001373e+003,1.567504e+001
1.001855e+003,1.566999e+001
1.002337e+003,1.566410e+001
1.002819e+003,1.565729e+001
1.003301e+003,1.564965e+001
1.003783e+003,1.564145e+001
1.004266e+003,1.563286e+001
1.004748e+003,1.562393e+001
1.005230e+003,1.561446e+001
1.005712e+003,1.560415e+001
1.006194e+003,1.559277e+001
1.006676e+003,1.558023e+001
1.007158e+003,1.556670e+001
1.007640e+003,1.555243e+001
1.008122e+003,1.553767e+001
1.008605e+003,1.552249e+001
1.009087e+003,1.550681e+001
1.009569e+003,1.549047e+001
1.010051e+003,1.547337e+001
1.010533e+003,1.545561e+001
1.011015e+003,1.543746e+001
1.011497e+003,1.541925e+001
1.011979e+003,1.540122e+001
1.012462e+003,1.538337e+001
1.012944e+003,1.536550e+001
1.013426e+003,1.534732e+001
1.013908e+003,1.532863e+001
1.014390e+003,1.530943e+001
1.014872e+003,1.528999e+001
1.015354e+003,1.527068e+001
1.015836e+003,1.525183e+001
1.016319e+003,1.523357e+001
1.016801e+003,1.521586e+001
1.017283e+003,1.519854e+001
1.017765e+003,1.518153e+001
1.018247e+003,1.516492e+001
1.018729e+003,1.514899e+001
1.019211e+003,1.513404e+001
1.019693e+003,1.512026e+001
1.020176e+003,1.510758e+001
1.020658e+003,1.509569e+001
1.021140e+003,1.508418e+001
1.021622e+003,1.507276e+001
1.022104e+003,1.506136e+001
1.022586e+003,1.505019e+001
1.023068e+003,1.503956e+001
1.023550e+003,1.502972e+001
1.024033e+003,1.502069e+001
1.024515e+003,1.501225e+001
1.024997e+003,1.500406e+001
1.025479e+003,1.499580e+001
1.025961e+003,1.498741e+001
1.026443e+003,1.497904e+001
1.026925e+003,1.497095e+001
1.027407e+003,1.496335e+001
1.027890e+003,1.495625e+001
1.028372e+003,1.494943e+001
1.028854e+003,1.494256e+001
1.029336e+003,1.493538e+001
1.029818e+003,1.492787e+001
1.030300e+003,1.492018e+001
1.030782e+003,1.491261e+001
1.031264e+003,1.490534e+001
1.031747e+003,1.489836e+001
1.032229e+003,1.489141e+001
1.032711e+003,1.488412e+001
1.033193e+003,1.487622e+001
1.033675e+003,1.486769e+001
1.034157e+003,1.485879e+001
1.034639e+003,1.484991e+001
1.035121e+003,1.484138e+001
1.035604e+003,1.483330e+001
1.036086e+003,1.482549e+001
1.036568e+003,1.481757e+001
1.037050e+003,1.480917e+001
1.037532e+003,1.480011e+001
1.038014e+003,1.479045e+001
1.038496e+003,1.478040e+001
1.038979e+003,1.477021e+001
1.039461e+003,1.475999e+001
1.039943e+003,1.474969e+001
1.040425e+003,1.473916e+001
1.040907e+003,1.472832e+001
1.041389e+003,1.471720e+001
1.041871e+003,1.470605e+001
1.042353e+003,1.469516e+001
1.042835e+003,1.468470e+001
1.043318e+003,1.467467e+001
1.043800e+003,1.466482e+001
1.044282e+003,1.465484e+001
1.044764e+003,1.464445e+001
1.045246e+003,1.463363e+001
1.045728e+003,1.462257e+001
1.046210e+003,1.461157e+001
1.046692e+003,1.460090e+001
1.047175e+003,1.459062e+001
1.047657e+003,1.458060e+001
1.048139e+003,1.457060e+001
1.048621e+003,1.456048e+001
1.049103e+003,1.455024e+001
1.049585e+003,1.454010e+001
1.050067e+003,1.453033e+001
1.050549e+003,1.452113e+001
1.051031e+003,1.451243e+001
1.051514e+003,1.450400e+001
1.051996e+003,1.449552e+001
1.052478e+003,1.448677e+001
1.052960e+003,1.447781e+001
1.053442e+003,1.446894e+001
1.053924e+003,1.446052e+001
1.054406e+003,1.445283e+001
1.054889e+003,1.444588e+001
1.055371e+003,1.443939e+001
1.055853e+003,1.443295e+001
1.056335e+003,1.442621e+001
1.056817e+003,1.441905e+001
1.057299e+003,1.441163e+001
1.057781e+003,1.440426e+001
1.058263e+003,1.439723e+001
1.058746e+003,1.439058e+001
1.059228e+003,1.438414e+001
1.059710e+003,1.437760e+001
1.060192e+003,1.437068e+001
1.060674e+003,1.436332e+001
1.061156e+003,1.435569e+001
1.061638e+003,1.434809e+001
1.062120e+003,1.434081e+001
1.062603e+003,1.433391e+001
1.063085e+003,1.432728e+001
1.063567e+003,1.432070e+001
1.064049e+003,1.431401e+001
1.064531e+003,1.430728e+001
1.065013e+003,1.430077e+001
1.065495e+003,1.429488e+001
1.065977e+003,1.428987e+001
1.066460e+003,1.428577e+001
1.066942e+003,1.428235e+001
1.067424e+003,1.427921e+001
1.067906e+003,1.427598e+001
1.068388e+003,1.427251e+001
1.068870e+003,1.426890e+001
1.069352e+003,1.426540e+001
1.069834e+003,1.426221e+001
1.070317e+003,1.425937e+001
1.070799e+003,1.425670e+001
1.071281e+003,1.425394e+001
1.071763e+003,1.425089e+001
1.072245e+003,1.424759e+001
1.072727e+003,1.424435e+001
1.073209e+003,1.424166e+001
1.073691e+003,1.423999e+001
1.074174e+003,1.423964e+001
1.074656e+003,1.424068e+001
1.075138e+003,1.424303e+001
1.075620e+003,1.424655e+001
1.076102e+003,1.425122e+001
1.076584e+003,1.425712e+001
1.077066e+003,1.426435e+001
1.077548e+003,1.427288e+001
1.078031e+003,1.428254e+001
1.078513e+003,1.429296e+001
1.078995e+003,1.430377e+001
1.079477e+003,1.431479e+001
1.079959e+003,1.432609e+001
1.080441e+003,1.433800e+001
1.080923e+003,1.435090e+001
1.081406e+003,1.436503e+001
1.081888e+003,1.438033e+001
1.082370e+003,1.439639e+001
1.082852e+003,1.441264e+001
1.083334e+003,1.442858e+001
1.083816e+003,1.444393e+001
1.084298e+003,1.445871e+001
1.084780e+003,1.447315e+001
1.085262e+003,1.448745e+001
1.085745e+003,1.450166e+001
1.086227e+003,1.451564e+001
1.086709e+003,1.452916e+001
1.087191e+003,1.454208e+001
1.087673e+003,1.455446e+001
1.088155e+003,1.456664e+001
1.088637e+003,1.457903e+001
1.089119e+003,1.459199e+001
1.089602e+003,1.460560e+001
1.090084e+003,1.461971e+001
1.090566e+003,1.463397e+001
1.091048e+003,1.464811e+001
1.091530e+003,1.466203e+001
1.092012e+003,1.467591e+001
1.092494e+003,1.469002e+001
1.092976e+003,1.470462e+001
1.093458e+003,1.471977e+001
1.093941e+003,1.473530e+001
1.094423e+003,1.475093e+001
1.094905e+003,1.476644e+001
1.095387e+003,1.478183e+001
1.095869e+003,1.479734e+001
1.096351e+003,1.481329e+001
1.096833e+003,1.482997e+001
1.097316e+003,1.484742e+001
1.097798e+003,1.486547e+001
1.098280e+003,1.488383e+001
1.098762e+003,1.490226e+001
1.099244e+003,1.492073e+001
1.099726e+003,1.493945e+001
1.100208e+003,1.495872e+001
1.100690e+003,1.497874e+001
1.101173e+003,1.499950e+001
1.101655e+003,1.502073e+001
1.102137e+003,1.504206e+001
1.102619e+003,1.506318e+001
1.103101e+003,1.508407e+001
1.103583e+003,1.510496e+001
1.104065e+003,1.512624e+001
1.104547e+003,1.514825e+001
1.105030e+003,1.517111e+001
1.105512e+003,1.519470e+001
1.105994e+003,1.521872e+001
1.106476e+003,1.524292e+001
1.106958e+003,1.526720e+001
1.107440e+003,1.529171e+001
1.107922e+003,1.531667e+001
1.108404e+003,1.534226e+001
1.108886e+003,1.536842e+001
1.109369e+003,1.539493e+001
1.109851e+003,1.542143e+001
1.110333e+003,1.544768e+001
1.110815e+003,1.547368e+001
1.111297e+003,1.549966e+001
1.111779e+003,1.552599e+001
1.112261e+003,1.555291e+001
1.112744e+003,1.558045e+001
1.113226e+003,1.560836e+001
1.113708e+003,1.563629e+001
1.114190e+003,1.566391e+001
1.114672e+003,1.569115e+001
1.115154e+003,1.571820e+001
1.115636e+003,1.574535e+001
1.116118e+003,1.577285e+001
1.116601e+003,1.580071e+001
1.117083e+003,1.582872e+001
1.117565e+003,1.585656e+001
1.118047e+003,1.588402e+001
1.118529e+003,1.591116e+001
1.119011e+003,1.593834e+001
1.119493e+003,1.596607e+001
1.119975e+003,1.599481e+001
1.120458e+003,1.602480e+001
1.120940e+003,1.605594e+001
1.121422e+003,1.608797e+001
1.121904e+003,1.612057e+001
1.122386e+003,1.615359e+001
1.122868e+003,1.618700e+001
1.123350e+003,1.622085e+001
1.123832e+003,1.625510e+001
1.124314e+003,1.628947e+001
1.124797e+003,1.632345e+001
1.125279e+003,1.635651e+001
1.125761e+003,1.638825e+001
1.126243e+003,1.641866e+001
1.126725e+003,1.644807e+001
1.127207e+003,1.647710e+001
1.127689e+003,1.650636e+001
1.128172e+003,1.653626e+001
1.128654e+003,1.656694e+001
1.129136e+003,1.659830e+001
1.129618e+003,1.663015e+001
1.130100e+003,1.666232e+001
1.130582e+003,1.669473e+001
1.131064e+003,1.672726e+001
1.131546e+003,1.675966e+001
1.132029e+003,1.679146e+001
1.132511e+003,1.682204e+001
1.132993e+003,1.685086e+001
1.133475e+003,1.687762e+001
1.133957e+003,1.690249e+001
1.134439e+003,1.692600e+001
1.134921e+003,1.694891e+001
1.135403e+003,1.697182e+001
1.135885e+003,1.699499e+001
1.136368e+003,1.701821e+001
1.136850e+003,1.704094e+001
1.137332e+003,1.706259e+001
1.137814e+003,1.708274e+001
1.138296e+003,1.710130e+001
1.138778e+003,1.711848e+001
1.139260e+003,1.713469e+001
1.139742e+003,1.715034e+001
1.140225e+003,1.716582e+001
1.140707e+003,1.718151e+001
1.141189e+003,1.719784e+001
1.141671e+003,1.721541e+001
1.142153e+003,1.723485e+001
1.142635e+003,1.725668e+001
1.143117e+003,1.728107e+001
1.143599e+003,1.730776e+001
1.144082e+003,1.733607e+001
1.144564e+003,1.736509e+001
1.145046e+003,1.739398e+001
1.145528e+003,1.742220e+001
1.146010e+003,1.744956e+001
1.146492e+003,1.747615e+001
1.146974e+003,1.750215e+001
1.147457e+003,1.752764e+001
1.147939e+003,1.755261e+001
1.148421e+003,1.757700e+001
1.148903e+003,1.760092e+001
1.149385e+003,1.762475e+001
1.149867e+003,1.764907e+001
1.150349e+003,1.767455e+001
1.150831e+003,1.770164e+001
1.151313e+003,1.773039e+001
1.151796e+003,1.776045e+001
1.152278e+003,1.779118e+001
1.152760e+003,1.782195e+001
1.153242e+003,1.785231e+001
1.153724e+003,1.788213e+001
1.154206e+003,1.791149e+001
1.154688e+003,1.794049e+001
1.155170e+003,1.796910e+001
1.155653e+003,1.799714e+001
1.156135e+003,1.802433e+001
1.156617e+003,1.805052e+001
1.157099e+003,1.807579e+001
1.157581e+003,1.810047e+001
1.158063e+003,1.812502e+001
1.158545e+003,1.814977e+001
1.159027e+003,1.817480e+001
1.159510e+003,1.819987e+001
1.159992e+003,1.822461e+001
1.160474e+003,1.824866e+001
1.160956e+003,1.827194e+001
1.161438e+003,1.829462e+001
1.161920e+003,1.831704e+001
1.162402e+003,1.833952e+001
1.162885e+003,1.836221e+001
1.163367e+003,1.838502e+001
1.163849e+003,1.840776e+001
1.164331e+003,1.843032e+001
1.164813e+003,1.845280e+001
1.165295e+003,1.847551e+001
1.165777e+003,1.849883e+001
1.166259e+003,1.852298e+001
1.166741e+003,1.854786e+001
1.167224e+003,1.857307e+001
1.167706e+003,1.859805e+001
1.168188e+003,1.862231e+001
1.168670e+003,1.864561e+001
1.169152e+003,1.866797e+001
1.169634e+003,1.868951e+001
1.170116e+003,1.871025e+001
1.170598e+003,1.872998e+001
1.171081e+003,1.874828e+001
1.171563e+003,1.876472e+001
1.172045e+003,1.877917e+001
1.172527e+003,1.879195e+001
1.173009e+003,1.880382e+001
1.173491e+003,1.881572e+001
1.173973e+003,1.882837e+001
1.174455e+003,1.884196e+001
1.174938e+003,1.885592e+001
1.175420e+003,1.886917e+001
1.175902e+003,1.888037e+001
1.176384e+003,1.888842e+001
1.176866e+003,1.889281e+001
1.177348e+003,1.889375e+001
1.177830e+003,1.889225e+001
1.178313e+003,1.888987e+001
1.178795e+003,1.888862e+001
1.179277e+003,1.889075e+001
1.179759e+003,1.889850e+001
1.180241e+003,1.891383e+001
1.180723e+003,1.893809e+001
1.181205e+003,1.897161e+001
1.181687e+003,1.901352e+001
1.182169e+003,1.906172e+001
1.182652e+003,1.911326e+001
1.183134e+003,1.916493e+001
1.183616e+003,1.921391e+001
1.184098e+003,1.925836e+001
1.184580e+003,1.929763e+001
1.185062e+003,1.933214e+001
1.185544e+003,1.936296e+001
1.186026e+003,1.939134e+001
1.186509e+003,1.941835e+001
1.186991e+003,1.944471e+001
1.187473e+003,1.947080e+001
1.187955e+003,1.949681e+001
1.188437e+003,1.952283e+001
1.188919e+003,1.954888e+001
1.189401e+003,1.957482e+001
1.189883e+003,1.960037e+001
1.190366e+003,1.962512e+001
1.190848e+003,1.964870e+001
1.191330e+003,1.967096e+001
1.191812e+003,1.969203e+001
1.192294e+003,1.971233e+001
1.192776e+003,1.973232e+001
1.193258e+003,1.975229e+001
1.193740e+003,1.977220e+001
1.194223e+003,1.979168e+001
1.194705e+003,1.981023e+001
1.195187e+003,1.982752e+001
1.195669e+003,1.984363e+001
1.196151e+003,1.985905e+001
1.196633e+003,1.987453e+001
1.197115e+003,1.989083e+001
1.197597e+003,1.990837e+001
1.198080e+003,1.992717e+001
1.198562e+003,1.994692e+001
1.199044e+003,1.996718e+001
1.199526e+003,1.998762e+001
1.200008e+003,2.000809e+001
1.200490e+003,2.002861e+001
1.200972e+003,2.004919e+001
1.201454e+003,2.006971e+001
1.201937e+003,2.008988e+001
1.202419e+003,2.010937e+001
1.202901e+003,2.012800e+001
1.203383e+003,2.014583e+001
1.203865e+003,2.016321e+001
1.204347e+003,2.018062e+001
1.204829e+003,2.019842e+001
1.205312e+003,2.021669e+001
1.205794e+003,2.023520e+001
1.206276e+003,2.025351e+001
1.206758e+003,2.027117e+001
1.207240e+003,2.028793e+001
1.207722e+003,2.030372e+001
1.208204e+003,2.031864e+001
1.208686e+003,2.033274e+001
1.209168e+003,2.034601e+001
1.209651e+003,2.035838e+001
1.210133e+003,2.036991e+001
1.210615e+003,2.038103e+001
1.211097e+003,2.039258e+001
1.211579e+003,2.040564e+001
1.212061e+003,2.042125e+001
1.212543e+003,2.043997e+001
1.213025e+003,2.046164e+001
1.213508e+003,2.048538e+001
1.213990e+003,2.050986e+001
1.214472e+003,2.053373e+001
1.214954e+003,2.055607e+001
1.215436e+003,2.057656e+001
1.215918e+003,2.059542e+001
1.216400e+003,2.061319e+001
1.216882e+003,2.063038e+001
1.217365e+003,2.064737e+001
1.217847e+003,2.066434e+001
1.218329e+003,2.068142e+001
1.218811e+003,2.069878e+001
1.219293e+003,2.071662e+001
1.219775e+003,2.073507e+001
1.220257e+003,2.075397e+001
1.220740e+003,2.077277e+001
1.221222e+003,2.079061e+001
1.221704e+003,2.080661e+001
1.222186e+003,2.082027e+001
1.222668e+003,2.083172e+001
1.223150e+003,2.084180e+001
1.223632e+003,2.085184e+001
1.224114e+003,2.086320e+001
1.224596e+003,2.087694e+001
1.225079e+003,2.089346e+001
1.225561e+003,2.091257e+001
1.226043e+003,2.093366e+001
1.226525e+003,2.095599e+001
1.227007e+003,2.097891e+001
1.227489e+003,2.100194e+001
1.227971e+003,2.102467e+001
1.228453e+003,2.104676e+001
1.228936e+003,2.106781e+001
1.229418e+003,2.108753e+001
1.229900e+003,2.110585e+001
1.230382e+003,2.112298e+001
1.230864e+003,2.113942e+001
1.231346e+003,2.115573e+001
1.231828e+003,2.117233e+001
1.232310e+003,2.118928e+001
1.232792e+003,2.120633e+001
1.233275e+003,2.122303e+001
1.233757e+003,2.123902e+001
1.234239e+003,2.125420e+001
1.234721e+003,2.126880e+001
1.235203e+003,2.128321e+001
1.235685e+003,2.129773e+001
1.236167e+003,2.131241e+001
1.236650e+003,2.132703e+001
1.237132e+003,2.134120e+001
1.237614e+003,2.135463e+001
1.238096e+003,2.136730e+001
1.238578e+003,2.137941e+001
1.239060e+003,2.139122e+001
1.239542e+003,2.140277e+001
1.240024e+003,2.141377e+001
1.240507e+003,2.142358e+001
1.240989e+003,2.143154e+001
1.241471e+003,2.143737e+001
1.241953e+003,2.144138e+001
1.242435e+003,2.144457e+001
1.242917e+003,2.144837e+001
1.243399e+003,2.145410e+001
1.243881e+003,2.146262e+001
1.244364e+003,2.147403e+001
1.244846e+003,2.148774e+001
1.245328e+003,2.150275e+001
1.245810e+003,2.151802e+001
1.246292e+003,2.153275e+001
1.246774e+003,2.154642e+001
1.247256e+003,2.155869e+001
1.247738e+003,2.156933e+001
1.248220e+003,2.157804e+001
1.248703e+003,2.158454e+001
1.249185e+003,2.158868e+001
1.249667e+003,2.159057e+001
1.250149e+003,2.159049e+001
1.250631e+003,2.158879e+001
1.251113e+003,2.158561e+001
1.251595e+003,2.158073e+001
1.252078e+003,2.157358e+001
1.252560e+003,2.156345e+001
1.253042e+003,2.154977e+001
1.253524e+003,2.153232e+001
1.254006e+003,2.151122e+001
1.254488e+003,2.148670e+001
1.254970e+003,2.145877e+001
1.255452e+003,2.142696e+001
1.255935e+003,2.139037e+001
1.256417e+003,2.134804e+001
1.256899e+003,2.129952e+001
1.257381e+003,2.124550e+001
1.257863e+003,2.118805e+001
1.258345e+003,2.113062e+001
1.258827e+003,2.107747e+001
1.259309e+003,2.103295e+001
1.259792e+003,2.100071e+001
1.260274e+003,2.098315e+001
1.260756e+003,2.098110e+001
1.261238e+003,2.099388e+001
1.261720e+003,2.101958e+001
1.262202e+003,2.105542e+001
1.262684e+003,2.109821e+001
1.263166e+003,2.114483e+001
1.263648e+003,2.119266e+001
1.264131e+003,2.123986e+001
1.264613e+003,2.128551e+001
1.265095e+003,2.132951e+001
1.265577e+003,2.137216e+001
1.266059e+003,2.141375e+001
1.266541e+003,2.145405e+001
1.267023e+003,2.149224e+001
1.267505e+003,2.152711e+001
1.267988e+003,2.155748e+001
1.268470e+003,2.158294e+001
1.268952e+003,2.160423e+001
1.269434e+003,2.162333e+001
1.269916e+003,2.164314e+001
1.270398e+003,2.166679e+001
1.270880e+003,2.169683e+001
1.271363e+003,2.173469e+001
1.271845e+003,2.178030e+001
1.272327e+003,2.183229e+001
1.272809e+003,2.188832e+001
1.273291e+003,2.194551e+001
1.273773e+003,2.200098e+001
1.274255e+003,2.205216e+001
1.274737e+003,2.209704e+001
1.275219e+003,2.213438e+001
1.275702e+003,2.216382e+001
1.276184e+003,2.218587e+001
1.276666e+003,2.220181e+001
1.277148e+003,2.221334e+001
1.277630e+003,2.222225e+001
1.278112e+003,2.223002e+001
1.278594e+003,2.223763e+001
1.279076e+003,2.224555e+001
1.279559e+003,2.225399e+001
1.280041e+003,2.226308e+001
1.280523e+003,2.227311e+001
1.281005e+003,2.228441e+001
1.281487e+003,2.229713e+001
1.281969e+003,2.231095e+001
1.282451e+003,2.232483e+001
1.282933e+003,2.233710e+001
1.283416e+003,2.234580e+001
1.283898e+003,2.234916e+001
1.284380e+003,2.234620e+001
1.284862e+003,2.233701e+001
1.285344e+003,2.232283e+001
1.285826e+003,2.230586e+001
1.286308e+003,2.228886e+001
1.286791e+003,2.227476e+001
1.287273e+003,2.226623e+001
1.287755e+003,2.226537e+001
1.288237e+003,2.227345e+001
1.288719e+003,2.229067e+001
1.289201e+003,2.231614e+001
1.289683e+003,2.234789e+001
1.290165e+003,2.238318e+001
1.290647e+003,2.241904e+001
1.291130e+003,2.245273e+001
1.291612e+003,2.248226e+001
1.292094e+003,2.250659e+001
1.292576e+003,2.252554e+001
1.293058e+003,2.253948e+001
1.293540e+003,2.254907e+001
1.294022e+003,2.255500e+001
1.294504e+003,2.255804e+001
1.294987e+003,2.255918e+001
1.295469e+003,2.255973e+001
1.295951e+003,2.256133e+001
1.296433e+003,2.256560e+001
1.296915e+003,2.257371e+001
1.297397e+003,2.258593e+001
1.297879e+003,2.260152e+001
1.298361e+003,2.261888e+001
1.298844e+003,2.263604e+001
1.299326e+003,2.265135e+001
1.299808e+003,2.266385e+001
1.300290e+003,2.267341e+001
1.300772e+003,2.268049e+001
1.301254e+003,2.268577e+001
1.301736e+003,2.268971e+001
1.302219e+003,2.269239e+001
1.302701e+003,2.269359e+001
1.303183e+003,2.269303e+001
1.303665e+003,2.269056e+001
1.304147e+003,2.268635e+001
1.304629e+003,2.268084e+001
1.305111e+003,2.267461e+001
1.305593e+003,2.266836e+001
1.306075e+003,2.266284e+001
1.306558e+003,2.265878e+001
1.307040e+003,2.265676e+001
1.307522e+003,2.265684e+001
1.308004e+003,2.265809e+001
1.308486e+003,2.265824e+001
1.308968e+003,2.265375e+001
1.309450e+003,2.264046e+001
1.309932e+003,2.261483e+001
1.310415e+003,2.257530e+001
1.310897e+003,2.252341e+001
1.311379e+003,2.246393e+001
1.311861e+003,2.240405e+001
1.312343e+003,2.235141e+001
1.312825e+003,2.231193e+001
1.313307e+003,2.228791e+001
1.313789e+003,2.227728e+001
1.314272e+003,2.227410e+001
1.314754e+003,2.227031e+001
1.315236e+003,2.225821e+001
1.315718e+003,2.223273e+001
1.316200e+003,2.219307e+001
1.316682e+003,2.214316e+001
1.317164e+003,2.209099e+001
1.317646e+003,2.204698e+001
1.318129e+003,2.202182e+001
1.318611e+003,2.202435e+001
1.319093e+003,2.205967e+001
1.319575e+003,2.212812e+001
1.320057e+003,2.222512e+001
1.320539e+003,2.234202e+001
1.321021e+003,2.246778e+001
1.321503e+003,2.259118e+001
1.321986e+003,2.270286e+001
1.322468e+003,2.279687e+001
1.322950e+003,2.287116e+001
1.323432e+003,2.292707e+001
1.323914e+003,2.296802e+001
1.324396e+003,2.299802e+001
1.324878e+003,2.302043e+001
1.325360e+003,2.303737e+001
1.325843e+003,2.304988e+001
1.326325e+003,2.305845e+001
1.326807e+003,2.306363e+001
1.327289e+003,2.306635e+001
1.327771e+003,2.306784e+001
1.328253e+003,2.306933e+001
1.328735e+003,2.307170e+001
1.329218e+003,2.307532e+001
1.329700e+003,2.308011e+001
1.330182e+003,2.308570e+001
1.330664e+003,2.309136e+001
1.331146e+003,2.309577e+001
1.331628e+003,2.309651e+001
1.332110e+003,2.308962e+001
1.332592e+003,2.306953e+001
1.333074e+003,2.302942e+001
1.333557e+003,2.296204e+001
1.334039e+003,2.286086e+001
1.334521e+003,2.272098e+001
1.335003e+003,2.254003e+001
1.335485e+003,2.231876e+001
1.335967e+003,2.206177e+001
1.336449e+003,2.177817e+001
1.336931e+003,2.148235e+001
1.337414e+003,2.119419e+001
1.337896e+003,2.093814e+001
1.338378e+003,2.074074e+001
1.338860e+003,2.062662e+001
1.339342e+003,2.061369e+001
1.339824e+003,2.070874e+001
1.340306e+003,2.090497e+001
1.340788e+003,2.118224e+001
1.341271e+003,2.151049e+001
1.341753e+003,2.185530e+001
1.342235e+003,2.218416e+001
1.342717e+003,2.247186e+001
1.343199e+003,2.270342e+001
1.343681e+003,2.287446e+001
1.344163e+003,2.298898e+001
1.344646e+003,2.305612e+001
1.345128e+003,2.308675e+001
1.345610e+003,2.309103e+001
1.346092e+003,2.307730e+001
1.346574e+003,2.305207e+001
1.347056e+003,2.302067e+001
1.347538e+003,2.298787e+001
1.348020e+003,2.295813e+001
1.348502e+003,2.293529e+001
1.348985e+003,2.292199e+001
1.349467e+003,2.291897e+001
1.349949e+003,2.292470e+001
1.350431e+003,2.293540e+001
1.350913e+003,2.294577e+001
1.351395e+003,2.295008e+001
1.351877e+003,2.294364e+001
1.352359e+003,2.292416e+001
1.352842e+003,2.289260e+001
1.353324e+003,2.285331e+001
1.353806e+003,2.281305e+001
1.354288e+003,2.277929e+001
1.354770e+003,2.275793e+001
1.355252e+003,2.275127e+001
1.355734e+003,2.275658e+001
1.356216e+003,2.276571e+001
1.356698e+003,2.276582e+001
1.357181e+003,2.274103e+001
1.357663e+003,2.267457e+001
1.358145e+003,2.255142e+001
1.358627e+003,2.236104e+001
1.359109e+003,2.210018e+001
1.359591e+003,2.177545e+001
1.360073e+003,2.140506e+001
1.360556e+003,2.101895e+001
1.361038e+003,2.065642e+001
1.361520e+003,2.036105e+001
1.362002e+003,2.017325e+001
1.362484e+003,2.012192e+001
1.362966e+003,2.021729e+001
1.363448e+003,2.044718e+001
1.363930e+003,2.077816e+001
1.364413e+003,2.116171e+001
1.364895e+003,2.154414e+001
1.365377e+003,2.187773e+001
1.365859e+003,2.213009e+001
1.366341e+003,2.228934e+001
1.366823e+003,2.236384e+001
1.367305e+003,2.237677e+001
1.367787e+003,2.235731e+001
1.368270e+003,2.233106e+001
1.368752e+003,2.231215e+001
1.369234e+003,2.229939e+001
1.369716e+003,2.227713e+001
1.370198e+003,2.222077e+001
1.370680e+003,2.210531e+001
1.371162e+003,2.191462e+001
1.371644e+003,2.164892e+001
1.372126e+003,2.132810e+001
1.372609e+003,2.098980e+001
1.373091e+003,2.068223e+001
1.373573e+003,2.045365e+001
1.374055e+003,2.034116e+001
1.374537e+003,2.036208e+001
1.375019e+003,2.051043e+001
1.375501e+003,2.075935e+001
1.375984e+003,2.106872e+001
1.376466e+003,2.139536e+001
1.376948e+003,2.170274e+001
1.377430e+003,2.196734e+001
1.377912e+003,2.218043e+001
1.378394e+003,2.234552e+001
1.378876e+003,2.247329e+001
1.379358e+003,2.257613e+001
1.379841e+003,2.266405e+001
1.380323e+003,2.274264e+001
1.380805e+003,2.281271e+001
1.381287e+003,2.287051e+001
1.381769e+003,2.290800e+001
1.382251e+003,2.291296e+001
1.382733e+003,2.286960e+001
1.383215e+003,2.276089e+001
1.383698e+003,2.257272e+001
1.384180e+003,2.229954e+001
1.384662e+003,2.194984e+001
1.385144e+003,2.154911e+001
1.385626e+003,2.113873e+001
1.386108e+003,2.077002e+001
1.386590e+003,2.049471e+001
1.387072e+003,2.035395e+001
1.387554e+003,2.036895e+001
1.388037e+003,2.053547e+001
1.388519e+003,2.082358e+001
1.389001e+003,2.118221e+001
1.389483e+003,2.154754e+001
1.389965e+003,2.185313e+001
1.390447e+003,2.204029e+001
1.390929e+003,2.206717e+001
1.391411e+003,2.191548e+001
1.391894e+003,2.159381e+001
1.392376e+003,2.113681e+001
1.392858e+003,2.059978e+001
1.393340e+003,2.004888e+001
1.393822e+003,1.954867e+001
1.394304e+003,1.914969e+001
1.394786e+003,1.887913e+001
1.395269e+003,1.873759e+001
1.395751e+003,1.870313e+001
1.396233e+003,1.874141e+001
1.396715e+003,1.881888e+001
1.397197e+003,1.891444e+001
1.397679e+003,1.902578e+001
1.398161e+003,1.916782e+001
1.398643e+003,1.936418e+001
1.399125e+003,1.963450e+001
1.399608e+003,1.998257e+001
1.400090e+003,2.038948e+001
1.400572e+003,2.081469e+001
1.401054e+003,2.120489e+001
1.401536e+003,2.150787e+001
1.402018e+003,2.168705e+001
1.402500e+003,2.173202e+001
1.402982e+003,2.166185e+001
1.403465e+003,2.152032e+001
1.403947e+003,2.136469e+001
1.404429e+003,2.125135e+001
1.404911e+003,2.122252e+001
1.405393e+003,2.129745e+001
1.405875e+003,2.147009e+001
1.406357e+003,2.171318e+001
1.406839e+003,2.198700e+001
1.407322e+003,2.225015e+001
1.407804e+003,2.246914e+001
1.408286e+003,2.262472e+001
1.408768e+003,2.271371e+001
1.409250e+003,2.274663e+001
1.409732e+003,2.274238e+001
1.410214e+003,2.272191e+001
1.410697e+003,2.270244e+001
1.411179e+003,2.269373e+001
1.411661e+003,2.269643e+001
1.412143e+003,2.270235e+001
1.412625e+003,2.269576e+001
1.413107e+003,2.265510e+001
1.413589e+003,2.255480e+001
1.414071e+003,2.236756e+001
1.414553e+003,2.206768e+001
1.415036e+003,2.163606e+001
1.415518e+003,2.106648e+001
1.416000e+003,2.037219e+001
1.416482e+003,1.959055e+001
1.416964e+003,1.878332e+001
1.417446e+003,1.803089e+001
1.417928e+003,1.742023e+001
1.418410e+003,1.702837e+001
1.418893e+003,1.690528e+001
1.419375e+003,1.706106e+001
1.419857e+003,1.746160e+001
1.420339e+003,1.803496e+001
1.420821e+003,1.868744e+001
1.421303e+003,1.932535e+001
1.421785e+003,1.987621e+001
1.422267e+003,2.030327e+001
1.422750e+003,2.060901e+001
1.423232e+003,2.082708e+001
1.423714e+003,2.100560e+001
1.424196e+003,2.118770e+001
1.424678e+003,2.139580e+001
1.425160e+003,2.162457e+001
1.425642e+003,2.184428e+001
1.426125e+003,2.201266e+001
1.426607e+003,2.209069e+001
1.427089e+003,2.205672e+001
1.427571e+003,2.191458e+001
1.428053e+003,2.169358e+001
1.428535e+003,2.144118e+001
1.429017e+003,2.121102e+001
1.429499e+003,2.105004e+001
1.429981e+003,2.098762e+001
1.430464e+003,2.102883e+001
1.430946e+003,2.115240e+001
1.431428e+003,2.131355e+001
1.431910e+003,2.145101e+001
1.432392e+003,2.149789e+001
1.432874e+003,2.139514e+001
1.433356e+003,2.110585e+001
1.433838e+003,2.062731e+001
1.434321e+003,1.999765e+001
1.434803e+003,1.929395e+001
1.435285e+003,1.862083e+001
1.435767e+003,1.809087e+001
1.436249e+003,1.780131e+001
1.436731e+003,1.781283e+001
1.437213e+003,1.813626e+001
1.437696e+003,1.873097e+001
1.438177e+003,1.951528e+001
1.438660e+003,2.038567e+001
1.439142e+003,2.123941e+001
1.439624e+003,2.199417e+001
1.440106e+003,2.260015e+001
1.440588e+003,2.304236e+001
1.441070e+003,2.333425e+001
1.441552e+003,2.350570e+001
1.442035e+003,2.358957e+001
1.442517e+003,2.361088e+001
1.442999e+003,2.358101e+001
1.443481e+003,2.349771e+001
1.443963e+003,2.335040e+001
1.444445e+003,2.312839e+001
1.444927e+003,2.282951e+001
1.445409e+003,2.246657e+001
1.445892e+003,2.206927e+001
1.446374e+003,2.168082e+001
1.446856e+003,2.134981e+001
1.447338e+003,2.111934e+001
1.447820e+003,2.101662e+001
1.448302e+003,2.104611e+001
1.448784e+003,2.118842e+001
1.449266e+003,2.140495e+001
1.449749e+003,2.164660e+001
1.450231e+003,2.186316e+001
1.450713e+003,2.201016e+001
1.451195e+003,2.205140e+001
1.451677e+003,2.195730e+001
1.452159e+003,2.170180e+001
1.452641e+003,2.126099e+001
1.453124e+003,2.061608e+001
1.453605e+003,1.976121e+001
1.454088e+003,1.871383e+001
1.454570e+003,1.752342e+001
1.455052e+003,1.627422e+001
1.455534e+003,1.507901e+001
1.456016e+003,1.406416e+001
1.456498e+003,1.334893e+001
1.456980e+003,1.302402e+001
1.457463e+003,1.313484e+001
1.457945e+003,1.367294e+001
1.458427e+003,1.457726e+001
1.458909e+003,1.574388e+001
1.459391e+003,1.704160e+001
1.459873e+003,1.833042e+001
1.460355e+003,1.947988e+001
1.460837e+003,2.038543e+001
1.461320e+003,2.098119e+001
1.461802e+003,2.124773e+001
1.462284e+003,2.121376e+001
1.462766e+003,2.095067e+001
1.463248e+003,2.056014e+001
1.463730e+003,2.015641e+001
1.464212e+003,1.984607e+001
1.464694e+003,1.970942e+001
1.465177e+003,1.978698e+001
1.465659e+003,2.007370e+001
1.466141e+003,2.052152e+001
1.466623e+003,2.104908e+001
1.467105e+003,2.155602e+001
1.467587e+003,2.193939e+001
1.468069e+003,2.210950e+001
1.468552e+003,2.200367e+001
1.469033e+003,2.159633e+001
1.469516e+003,2.090440e+001
1.469998e+003,1.998672e+001
1.470480e+003,1.893686e+001
1.470962e+003,1.786943e+001
1.471444e+003,1.690197e+001
1.471926e+003,1.613555e+001
1.472408e+003,1.563885e+001
1.472891e+003,1.543935e+001
1.473373e+003,1.552410e+001
1.473855e+003,1.584914e+001
1.474337e+003,1.635450e+001
1.474819e+003,1.697951e+001
1.475301e+003,1.767398e+001
1.475783e+003,1.840224e+001
1.476265e+003,1.914035e+001
1.476748e+003,1.986915e+001
1.477230e+003,2.056755e+001
1.477712e+003,2.120949e+001
1.478194e+003,2.176649e+001
1.478676e+003,2.221449e+001
1.479158e+003,2.254197e+001
1.479640e+003,2.275530e+001
1.480122e+003,2.287844e+001
1.480604e+003,2.294644e+001
1.481087e+003,2.299452e+001
1.481569e+003,2.304657e+001
1.482051e+003,2.310702e+001
1.482533e+003,2.315891e+001
1.483015e+003,2.316865e+001
1.483497e+003,2.309577e+001
1.483979e+003,2.290417e+001
1.484461e+003,2.257151e+001
1.484944e+003,2.209410e+001
1.485426e+003,2.148687e+001
1.485908e+003,2.077955e+001
1.486390e+003,2.001151e+001
1.486872e+003,1.922737e+001
1.487354e+003,1.847467e+001
1.487836e+003,1.780324e+001
1.488319e+003,1.726438e+001
1.488801e+003,1.690819e+001
1.489283e+003,1.677732e+001
1.489765e+003,1.689768e+001
1.490247e+003,1.726830e+001
1.490729e+003,1.785363e+001
1.491211e+003,1.858208e+001
1.491693e+003,1.935288e+001
1.492176e+003,2.005118e+001
1.492658e+003,2.056865e+001
1.493140e+003,2.082460e+001
1.493622e+003,2.078240e+001
1.494104e+003,2.045673e+001
1.494586e+003,1.990978e+001
1.495068e+003,1.923766e+001
1.495550e+003,1.855060e+001
1.496032e+003,1.795230e+001
1.496515e+003,1.752308e+001
1.496997e+003,1.731039e+001
1.497479e+003,1.732734e+001
1.497961e+003,1.755774e+001
1.498443e+003,1.796469e+001
1.498925e+003,1.849916e+001
1.499407e+003,1.910607e+001
1.499890e+003,1.972688e+001
1.500372e+003,2.029947e+001
1.500854e+003,2.075739e+001
1.501336e+003,2.103083e+001
1.501818e+003,2.105144e+001
1.502300e+003,2.076124e+001
1.502782e+003,2.012461e+001
1.503264e+003,1.914061e+001
1.503747e+003,1.785204e+001
1.504229e+003,1.634793e+001
1.504711e+003,1.475713e+001
1.505193e+003,1.323298e+001
1.505675e+003,1.193120e+001
1.506157e+003,1.098512e+001
1.506639e+003,1.048379e+001
1.507121e+003,1.045780e+001
1.507604e+003,1.087634e+001
1.508086e+003,1.165616e+001
1.508568e+003,1.268018e+001
1.509050e+003,1.382089e+001
1.509532e+003,1.496264e+001
1.510014e+003,1.601751e+001
1.510496e+003,1.693147e+001
1.510979e+003,1.768069e+001
1.511460e+003,1.826104e+001
1.511943e+003,1.867548e+001
1.512425e+003,1.892463e+001
1.512907e+003,1.900401e+001
1.513389e+003,1.890841e+001
1.513871e+003,1.864101e+001
1.514353e+003,1.822253e+001
1.514835e+003,1.769528e+001
1.515318e+003,1.711903e+001
1.515800e+003,1.655884e+001
1.516282e+003,1.606827e+001
1.516764e+003,1.567426e+001
1.517246e+003,1.536950e+001
1.517728e+003,1.511623e+001
1.518210e+003,1.486115e+001
1.518692e+003,1.455670e+001
1.519175e+003,1.418151e+001
1.519657e+003,1.375233e+001
1.520139e+003,1.332290e+001
1.520621e+003,1.296947e+001
1.521103e+003,1.276792e+001
1.521585e+003,1.277018e+001
1.522067e+003,1.298812e+001
1.522549e+003,1.339021e+001
1.523031e+003,1.391171e+001
1.523514e+003,1.447437e+001
1.523996e+003,1.500874e+001
1.524478e+003,1.547184e+001
1.524960e+003,1.585490e+001
1.525442e+003,1.618019e+001
1.525924e+003,1.648886e+001
1.526406e+003,1.682476e+001
1.526888e+003,1.721896e+001
1.527371e+003,1.767910e+001
1.527853e+003,1.818512e+001
1.528335e+003,1.869177e+001
1.528817e+003,1.913648e+001
1.529299e+003,1.945145e+001
1.529781e+003,1.957788e+001
1.530263e+003,1.948052e+001
1.530746e+003,1.915959e+001
1.531228e+003,1.865675e+001
1.531710e+003,1.805227e+001
1.532192e+003,1.745175e+001
1.532674e+003,1.696394e+001
1.533156e+003,1.667397e+001
1.533638e+003,1.661924e+001
1.534120e+003,1.677500e+001
1.534603e+003,1.705521e+001
1.535085e+003,1.732966e+001
1.535567e+003,1.745375e+001
1.536049e+003,1.730323e+001
1.536531e+003,1.680465e+001
1.537013e+003,1.595364e+001
1.537495e+003,1.481650e+001
1.537977e+003,1.351567e+001
1.538459e+003,1.220344e+001
1.538942e+003,1.103134e+001
1.539424e+003,1.012239e+001
1.539906e+003,9.552385e+000
1.540388e+003,9.343020e+000
1.540870e+003,9.467068e+000
1.541352e+003,9.862738e+000
1.541834e+003,1.045291e+001
1.542316e+003,1.116414e+001
1.542799e+003,1.194076e+001
1.543281e+003,1.275098e+001
1.543763e+003,1.358408e+001
1.544245e+003,1.444031e+001
1.544727e+003,1.531764e+001
1.545209e+003,1.620026e+001
1.545691e+003,1.705370e+001
1.546174e+003,1.782855e+001
1.546656e+003,1.847222e+001
1.547138e+003,1.894432e+001
1.547620e+003,1.922992e+001
1.548102e+003,1.934517e+001
1.548584e+003,1.933276e+001
1.549066e+003,1.924834e+001
1.549548e+003,1.914275e+001
1.550031e+003,1.904675e+001
1.550513e+003,1.896376e+001
1.550995e+003,1.887288e+001
1.551477e+003,1.874046e+001
1.551959e+003,1.853477e+001
1.552441e+003,1.823746e+001
1.552923e+003,1.784713e+001
1.553405e+003,1.737399e+001
1.553887e+003,1.682887e+001
1.554370e+003,1.621247e+001
1.554852e+003,1.551092e+001
1.555334e+003,1.470129e+001
1.555816e+003,1.376623e+001
1.556298e+003,1.271287e+001
1.556780e+003,1.158848e+001
1.557262e+003,1.048587e+001
1.557744e+003,9.534392e+000
1.558227e+003,8.877181e+000
1.558709e+003,8.640064e+000
1.559191e+003,8.900636e+000
1.559673e+003,9.666421e+000
1.560155e+003,1.086881e+001
1.560637e+003,1.237486e+001
1.561119e+003,1.401415e+001
1.561602e+003,1.561341e+001
1.562083e+003,1.702976e+001
1.562566e+003,1.817395e+001
1.563048e+003,1.901798e+001
1.563530e+003,1.958653e+001
1.564012e+003,1.993601e+001
1.564494e+003,2.012893e+001
1.564976e+003,2.021189e+001
1.565458e+003,2.020427e+001
1.565941e+003,2.010025e+001
1.566423e+003,1.988265e+001
1.566905e+003,1.954255e+001
1.567387e+003,1.909695e+001
1.567869e+003,1.859744e+001
1.568351e+003,1.812577e+001
1.568833e+003,1.777707e+001
1.569315e+003,1.763521e+001
1.569798e+003,1.774805e+001
1.570280e+003,1.810992e+001
1.570762e+003,1.865721e+001
1.571244e+003,1.927860e+001
1.571726e+003,1.983800e+001
1.572208e+003,2.020441e+001
1.572690e+003,2.028163e+001
1.573172e+003,2.003070e+001
1.573655e+003,1.948009e+001
1.574137e+003,1.872129e+001
1.574619e+003,1.789099e+001
1.575101e+003,1.714388e+001
1.575583e+003,1.662204e+001
1.576065e+003,1.642761e+001
1.576547e+003,1.660468e+001
1.577030e+003,1.713401e+001
1.577511e+003,1.794127e+001
1.577994e+003,1.891612e+001
1.578476e+003,1.993702e+001
1.578958e+003,2.089538e+001
1.579440e+003,2.171345e+001
1.579922e+003,2.235252e+001
1.580404e+003,2.281083e+001
1.580886e+003,2.311384e+001
1.581369e+003,2.330076e+001
1.581851e+003,2.341196e+001
1.582333e+003,2.348034e+001
1.582815e+003,2.352777e+001
1.583297e+003,2.356590e+001
1.583779e+003,2.359934e+001
1.584261e+003,2.362901e+001
1.584743e+003,2.365447e+001
1.585226e+003,2.367476e+001
1.585708e+003,2.368839e+001
1.586190e+003,2.369337e+001
1.586672e+003,2.368769e+001
1.587154e+003,2.367035e+001
1.587636e+003,2.364226e+001
1.588118e+003,2.360646e+001
1.588600e+003,2.356743e+001
1.589083e+003,2.352948e+001
1.589565e+003,2.349512e+001
1.590047e+003,2.346399e+001
1.590529e+003,2.343296e+001
1.591011e+003,2.339735e+001
1.591493e+003,2.335288e+001
1.591975e+003,2.329759e+001
1.592458e+003,2.323319e+001
1.592939e+003,2.316531e+001
1.593422e+003,2.310277e+001
1.593904e+003,2.305598e+001
1.594386e+003,2.303488e+001
1.594868e+003,2.304683e+001
1.595350e+003,2.309484e+001
1.595832e+003,2.317644e+001
1.596314e+003,2.328359e+001
1.596797e+003,2.340357e+001
1.597279e+003,2.352101e+001
1.597761e+003,2.362059e+001
1.598243e+003,2.368981e+001
1.598725e+003,2.372124e+001
1.599207e+003,2.371371e+001
1.599689e+003,2.367217e+001
1.600171e+003,2.360640e+001
1.600654e+003,2.352905e+001
1.601136e+003,2.345332e+001
1.601618e+003,2.339076e+001
1.602100e+003,2.334951e+001
1.602582e+003,2.333290e+001
1.603064e+003,2.333876e+001
1.603546e+003,2.335943e+001
1.604028e+003,2.338295e+001
1.604510e+003,2.339532e+001
1.604993e+003,2.338367e+001
1.605475e+003,2.333957e+001
1.605957e+003,2.326174e+001
1.606439e+003,2.315709e+001
1.606921e+003,2.303976e+001
1.607403e+003,2.292838e+001
1.607885e+003,2.284229e+001
1.608367e+003,2.279790e+001
1.608850e+003,2.280568e+001
1.609332e+003,2.286835e+001
1.609814e+003,2.297970e+001
1.610296e+003,2.312368e+001
1.610778e+003,2.327355e+001
1.611260e+003,2.339165e+001
1.611742e+003,2.343108e+001
1.612225e+003,2.334061e+001
1.612707e+003,2.307357e+001
1.613189e+003,2.259962e+001
1.613671e+003,2.191727e+001
1.614153e+003,2.106287e+001
1.614635e+003,2.011259e+001
1.615117e+003,1.917479e+001
1.615599e+003,1.837287e+001
1.616082e+003,1.782170e+001
1.616564e+003,1.760294e+001
1.617046e+003,1.774547e+001
1.617528e+003,1.821630e+001
1.618010e+003,1.892465e+001
1.618492e+003,1.973893e+001
1.618974e+003,2.051278e+001
1.619456e+003,2.111439e+001
1.619938e+003,2.145237e+001
1.620421e+003,2.149249e+001
1.620903e+003,2.126166e+001
1.621385e+003,2.083859e+001
1.621867e+003,2.033357e+001
1.622349e+003,1.986239e+001
1.622831e+003,1.952068e+001
1.623313e+003,1.936473e+001
1.623796e+003,1.940333e+001
1.624278e+003,1.960199e+001
1.624760e+003,1.989782e+001
1.625242e+003,2.022041e+001
1.625724e+003,2.051249e+001
1.626206e+003,2.074459e+001
1.626688e+003,2.091983e+001
1.627170e+003,2.106816e+001
1.627653e+003,2.123251e+001
1.628135e+003,2.145151e+001
1.628617e+003,2.174388e+001
1.629099e+003,2.209877e+001
1.629581e+003,2.247409e+001
1.630063e+003,2.280251e+001
1.630545e+003,2.300334e+001
1.631027e+003,2.299739e+001
1.631510e+003,2.272218e+001
1.631992e+003,2.214521e+001
1.632474e+003,2.127373e+001
1.632956e+003,2.015919e+001
1.633438e+003,1.889527e+001
1.633920e+003,1.760850e+001
1.634402e+003,1.644172e+001
1.634885e+003,1.553247e+001
1.635366e+003,1.498988e+001
1.635849e+003,1.487534e+001
1.636331e+003,1.519166e+001
1.636813e+003,1.588392e+001
1.637295e+003,1.685206e+001
1.637777e+003,1.797202e+001
1.638259e+003,1.911978e+001
1.638741e+003,2.019188e+001
1.639224e+003,2.111755e+001
1.639706e+003,2.186023e+001
1.640188e+003,2.240985e+001
1.640670e+003,2.276993e+001
1.641152e+003,2.294454e+001
1.641634e+003,2.292985e+001
1.642116e+003,2.271280e+001
1.642598e+003,2.227701e+001
1.643081e+003,2.161366e+001
1.643563e+003,2.073379e+001
1.644045e+003,1.967798e+001
1.644527e+003,1.851999e+001
1.645009e+003,1.736233e+001
1.645491e+003,1.632339e+001
1.645973e+003,1.551760e+001
1.646455e+003,1.503210e+001
1.646938e+003,1.490497e+001
1.647420e+003,1.511034e+001
1.647902e+003,1.555562e+001
1.648384e+003,1.609350e+001
1.648866e+003,1.654826e+001
1.649348e+003,1.675192e+001
1.649830e+003,1.658253e+001
1.650313e+003,1.599514e+001
1.650794e+003,1.503748e+001
1.651277e+003,1.384509e+001
1.651759e+003,1.261644e+001
1.652241e+003,1.157332e+001
1.652723e+003,1.091604e+001
1.653205e+003,1.078410e+001
1.653687e+003,1.123127e+001
1.654169e+003,1.222017e+001
1.654652e+003,1.363610e+001
1.655134e+003,1.531494e+001
1.655616e+003,1.707707e+001
1.656098e+003,1.875870e+001
1.656580e+003,2.023374e+001
1.657062e+003,2.142314e+001
1.657544e+003,2.229243e+001
1.658026e+003,2.284148e+001
1.658509e+003,2.309204e+001
1.658991e+003,2.307775e+001
1.659473e+003,2.283972e+001
1.659955e+003,2.242711e+001
1.660437e+003,2.190026e+001
1.660919e+003,2.133224e+001
1.661401e+003,2.080530e+001
1.661883e+003,2.040090e+001
1.662365e+003,2.018481e+001
1.662848e+003,2.019117e+001
1.663330e+003,2.041072e+001
1.663812e+003,2.078787e+001
1.664294e+003,2.122852e+001
1.664776e+003,2.161790e+001
1.665258e+003,2.184425e+001
1.665740e+003,2.182261e+001
1.666222e+003,2.151311e+001
1.666705e+003,2.092957e+001
1.667187e+003,2.013690e+001
1.667669e+003,1.923840e+001
1.668151e+003,1.835606e+001
1.668633e+003,1.760783e+001
1.669115e+003,1.708616e+001
1.669597e+003,1.684131e+001
1.670080e+003,1.687257e+001
1.670562e+003,1.712921e+001
1.671044e+003,1.752152e+001
1.671526e+003,1.794079e+001
1.672008e+003,1.828429e+001
1.672490e+003,1.847995e+001
1.672972e+003,1.850411e+001
1.673454e+003,1.838711e+001
1.673937e+003,1.820423e+001
1.674419e+003,1.805381e+001
1.674901e+003,1.802860e+001
1.675383e+003,1.818889e+001
1.675865e+003,1.854561e+001
1.676347e+003,1.905822e+001
1.676829e+003,1.964733e+001
1.677311e+003,2.021663e+001
1.677793e+003,2.067623e+001
1.678276e+003,2.095931e+001
1.678758e+003,2.102804e+001
1.679240e+003,2.086899e+001
1.679722e+003,2.048336e+001
1.680204e+003,1.987862e+001
1.680686e+003,1.906690e+001
1.681168e+003,1.807163e+001
1.681650e+003,1.693889e+001
1.682133e+003,1.574672e+001
1.682615e+003,1.460577e+001
1.683097e+003,1.364725e+001
1.683579e+003,1.299955e+001
1.684061e+003,1.275976e+001
1.684543e+003,1.296891e+001
1.685025e+003,1.359945e+001
1.685508e+003,1.455954e+001
1.685990e+003,1.571339e+001
1.686472e+003,1.691192e+001
1.686954e+003,1.802478e+001
1.687436e+003,1.896502e+001
1.687918e+003,1.970025e+001
1.688400e+003,2.024839e+001
1.688882e+003,2.066057e+001
1.689365e+003,2.099689e+001
1.689847e+003,2.130217e+001
1.690329e+003,2.158849e+001
1.690811e+003,2.182873e+001
1.691293e+003,2.196310e+001
1.691775e+003,2.191664e+001
1.692257e+003,2.162314e+001
1.692739e+003,2.104884e+001
1.693221e+003,2.020872e+001
1.693704e+003,1.916991e+001
1.694186e+003,1.803989e+001
1.694668e+003,1.694191e+001
1.695150e+003,1.598433e+001
1.695632e+003,1.523311e+001
1.696114e+003,1.469682e+001
1.696596e+003,1.432962e+001
1.697078e+003,1.405212e+001
1.697561e+003,1.378359e+001
1.698043e+003,1.347470e+001
1.698525e+003,1.312911e+001
1.699007e+003,1.280583e+001
1.699489e+003,1.260086e+001
1.699971e+003,1.261408e+001
1.700453e+003,1.291273e+001
1.700936e+003,1.350434e+001
1.701417e+003,1.432876e+001
1.701900e+003,1.527214e+001
1.702382e+003,1.619816e+001
1.702864e+003,1.698590e+001
1.703346e+003,1.756185e+001
1.703828e+003,1.791614e+001
1.704310e+003,1.809879e+001
1.704792e+003,1.819882e+001
1.705275e+003,1.831445e+001
1.705757e+003,1.852441e+001
1.706239e+003,1.886920e+001
1.706721e+003,1.934618e+001
1.707203e+003,1.991765e+001
1.707685e+003,2.052666e+001
1.708167e+003,2.111384e+001
1.708649e+003,2.162977e+001
1.709132e+003,2.204014e+001
1.709614e+003,2.232431e+001
1.710096e+003,2.247040e+001
1.710578e+003,2.247037e+001
1.711060e+003,2.231761e+001
1.711542e+003,2.200778e+001
1.712024e+003,2.154156e+001
1.712506e+003,2.092757e+001
1.712989e+003,2.018377e+001
1.713471e+003,1.933714e+001
1.713953e+003,1.842209e+001
1.714435e+003,1.747934e+001
1.714917e+003,1.655578e+001
1.715399e+003,1.570518e+001
1.715881e+003,1.498820e+001
1.716364e+003,1.446974e+001
1.716845e+003,1.421205e+001
1.717328e+003,1.426415e+001
1.717810e+003,1.464939e+001
1.718292e+003,1.535525e+001
1.718774e+003,1.632910e+001
1.719256e+003,1.748273e+001
1.719738e+003,1.870555e+001
1.720220e+003,1.988396e+001
1.720703e+003,2.092202e+001
1.721185e+003,2.175780e+001
1.721667e+003,2.237148e+001
1.722149e+003,2.278309e+001
1.722631e+003,2.304121e+001
1.723113e+003,2.320618e+001
1.723595e+003,2.333276e+001
1.724077e+003,2.345659e+001
1.724560e+003,2.358781e+001
1.725042e+003,2.371245e+001
1.725524e+003,2.380036e+001
1.726006e+003,2.381676e+001
1.726488e+003,2.373371e+001
1.726970e+003,2.353821e+001
1.727452e+003,2.323468e+001
1.727934e+003,2.284120e+001
1.728417e+003,2.238108e+001
1.728899e+003,2.187263e+001
1.729381e+003,2.132105e+001
1.729863e+003,2.071603e+001
1.730345e+003,2.003714e+001
1.730827e+003,1.926622e+001
1.731309e+003,1.840343e+001
1.731792e+003,1.748112e+001
1.732273e+003,1.656969e+001
1.732756e+003,1.577104e+001
1.733238e+003,1.519938e+001
1.733720e+003,1.495329e+001
1.734202e+003,1.508723e+001
1.734684e+003,1.559133e+001
1.735166e+003,1.638725e+001
1.735648e+003,1.734246e+001
1.736131e+003,1.830010e+001
1.736613e+003,1.911576e+001
1.737095e+003,1.969045e+001
1.737577e+003,1.999008e+001
1.738059e+003,2.004620e+001
1.738541e+003,1.993910e+001
1.739023e+003,1.976975e+001
1.739505e+003,1.963022e+001
1.739988e+003,1.958158e+001
1.740470e+003,1.964484e+001
1.740952e+003,1.980527e+001
1.741434e+003,2.002604e+001
1.741916e+003,2.026443e+001
1.742398e+003,2.048467e+001
1.742880e+003,2.066371e+001
1.743362e+003,2.079004e+001
1.743844e+003,2.085830e+001
1.744327e+003,2.086374e+001
1.744809e+003,2.079943e+001
1.745291e+003,2.065735e+001
1.745773e+003,2.043242e+001
1.746255e+003,2.012685e+001
1.746737e+003,1.975301e+001
1.747219e+003,1.933365e+001
1.747702e+003,1.889990e+001
1.748184e+003,1.848835e+001
1.748666e+003,1.813838e+001
1.749148e+003,1.788996e+001
1.749630e+003,1.778114e+001
1.750112e+003,1.784406e+001
1.750594e+003,1.809875e+001
1.751076e+003,1.854575e+001
1.751559e+003,1.915962e+001
1.752041e+003,1.988697e+001
1.752523e+003,2.065120e+001
1.753005e+003,2.136485e+001
1.753487e+003,2.194727e+001
1.753969e+003,2.234280e+001
1.754451e+003,2.253406e+001
1.754933e+003,2.254541e+001
1.755416e+003,2.243503e+001
1.755898e+003,2.227741e+001
1.756380e+003,2.214141e+001
1.756862e+003,2.207093e+001
1.757344e+003,2.207401e+001
1.757826e+003,2.212387e+001
1.758308e+003,2.217145e+001
1.758791e+003,2.216494e+001
1.759272e+003,2.207020e+001
1.759755e+003,2.188521e+001
1.760237e+003,2.164401e+001
1.760719e+003,2.140884e+001
1.761201e+003,2.125281e+001
1.761683e+003,2.123841e+001
1.762165e+003,2.139814e+001
1.762647e+003,2.172325e+001
1.763130e+003,2.216360e+001
1.763612e+003,2.263910e+001
1.764094e+003,2.305899e+001
1.764576e+003,2.334373e+001
1.765058e+003,2.344300e+001
1.765540e+003,2.334477e+001
1.766022e+003,2.307325e+001
1.766504e+003,2.267675e+001
1.766987e+003,2.220994e+001
1.767469e+003,2.171664e+001
1.767951e+003,2.121889e+001
1.768433e+003,2.071589e+001
1.768915e+003,2.019291e+001
1.769397e+003,1.963635e+001
1.769879e+003,1.904926e+001
1.770361e+003,1.846110e+001
1.770844e+003,1.792763e+001
1.771326e+003,1.752063e+001
1.771808e+003,1.731048e+001
1.772290e+003,1.734747e+001
1.772772e+003,1.764782e+001
1.773254e+003,1.818871e+001
1.773736e+003,1.891339e+001
1.774219e+003,1.974381e+001
1.774700e+003,2.059652e+001
1.775183e+003,2.139682e+001
1.775665e+003,2.208800e+001
1.776147e+003,2.263471e+001
1.776629e+003,2.302175e+001
1.777111e+003,2.325080e+001
1.777593e+003,2.333715e+001
1.778075e+003,2.330724e+001
1.778558e+003,2.319660e+001
1.779040e+003,2.304658e+001
1.779522e+003,2.289921e+001
1.780004e+003,2.279017e+001
1.780486e+003,2.274195e+001
1.780968e+003,2.275941e+001
1.781450e+003,2.283002e+001
1.781932e+003,2.292925e+001
1.782415e+003,2.302980e+001
1.782897e+003,2.311142e+001
1.783379e+003,2.316799e+001
1.783861e+003,2.320905e+001
1.784343e+003,2.325524e+001
1.784825e+003,2.332910e+001
1.785307e+003,2.344449e+001
1.785789e+003,2.359814e+001
1.786271e+003,2.376602e+001
1.786754e+003,2.390593e+001
1.787236e+003,2.396541e+001
1.787718e+003,2.389312e+001
1.788200e+003,2.365087e+001
1.788682e+003,2.322374e+001
1.789164e+003,2.262612e+001
1.789646e+003,2.190262e+001
1.790128e+003,2.112324e+001
1.790611e+003,2.037350e+001
1.791093e+003,1.974110e+001
1.791575e+003,1.930117e+001
1.792057e+003,1.910321e+001
1.792539e+003,1.916250e+001
1.793021e+003,1.945786e+001
1.793503e+003,1.993660e+001
1.793986e+003,2.052518e+001
1.794468e+003,2.114313e+001
1.794950e+003,2.171662e+001
1.795432e+003,2.218877e+001
1.795914e+003,2.252487e+001
1.796396e+003,2.271259e+001
1.796878e+003,2.275849e+001
1.797360e+003,2.268306e+001
1.797843e+003,2.251600e+001
1.798325e+003,2.229273e+001
1.798807e+003,2.205190e+001
1.799289e+003,2.183287e+001
1.799771e+003,2.167263e+001
1.800253e+003,2.160155e+001
1.800735e+003,2.163903e+001
1.801217e+003,2.179007e+001
1.801699e+003,2.204419e+001
1.802182e+003,2.237738e+001
1.802664e+003,2.275666e+001
1.803146e+003,2.314606e+001
1.803628e+003,2.351241e+001
1.804110e+003,2.382941e+001
1.804592e+003,2.407951e+001
1.805074e+003,2.425338e+001
1.805556e+003,2.434831e+001
1.806039e+003,2.436615e+001
1.806521e+003,2.431197e+001
1.807003e+003,2.419361e+001
1.807485e+003,2.402210e+001
1.807967e+003,2.381237e+001
1.808449e+003,2.358368e+001
1.808931e+003,2.335916e+001
1.809414e+003,2.316429e+001
1.809896e+003,2.302416e+001
1.810378e+003,2.295984e+001
1.810860e+003,2.298454e+001
1.811342e+003,2.310029e+001
1.811824e+003,2.329632e+001
1.812306e+003,2.354978e+001
1.812788e+003,2.382923e+001
1.813271e+003,2.410037e+001
1.813753e+003,2.433277e+001
1.814235e+003,2.450583e+001
1.814717e+003,2.461225e+001
1.815199e+003,2.465812e+001
1.815681e+003,2.465967e+001
1.816163e+003,2.463780e+001
1.816645e+003,2.461236e+001
1.817127e+003,2.459781e+001
1.817610e+003,2.460116e+001
1.818092e+003,2.462223e+001
1.818574e+003,2.465509e+001
1.819056e+003,2.468963e+001
1.819538e+003,2.471242e+001
1.820020e+003,2.470702e+001
1.820502e+003,2.465473e+001
1.820984e+003,2.453683e+001
1.821467e+003,2.433884e+001
1.821949e+003,2.405610e+001
1.822431e+003,2.369874e+001
1.822913e+003,2.329348e+001
1.823395e+003,2.288046e+001
1.823877e+003,2.250479e+001
1.824359e+003,2.220465e+001
1.824842e+003,2.199974e+001
1.825323e+003,2.188420e+001
1.825806e+003,2.182718e+001
1.826288e+003,2.178187e+001
1.826770e+003,2.170061e+001
1.827252e+003,2.155157e+001
1.827734e+003,2.133134e+001
1.828216e+003,2.106911e+001
1.828698e+003,2.082070e+001
1.829181e+003,2.065387e+001
1.829663e+003,2.062953e+001
1.830145e+003,2.078451e+001
1.830627e+003,2.112107e+001
1.831109e+003,2.160603e+001
1.831591e+003,2.217929e+001
1.832073e+003,2.276865e+001
1.832555e+003,2.330624e+001
1.833038e+003,2.374202e+001
1.833520e+003,2.405098e+001
1.834002e+003,2.423336e+001
1.834484e+003,2.430903e+001
1.834966e+003,2.430906e+001
1.835448e+003,2.426715e+001
1.835930e+003,2.421325e+001
1.836412e+003,2.416997e+001
1.836895e+003,2.415125e+001
1.837377e+003,2.416197e+001
1.837859e+003,2.419746e+001
1.838341e+003,2.424281e+001
1.838823e+003,2.427253e+001
1.839305e+003,2.425224e+001
1.839787e+003,2.414326e+001
1.840270e+003,2.391062e+001
1.840751e+003,2.353299e+001
1.841234e+003,2.301195e+001
1.841716e+003,2.237757e+001
1.842198e+003,2.168768e+001
1.842680e+003,2.101979e+001
1.843162e+003,2.045712e+001
1.843644e+003,2.007199e+001
1.844126e+003,1.991092e+001
1.844609e+003,1.998567e+001
1.845091e+003,2.027235e+001
1.845573e+003,2.071900e+001
1.846055e+003,2.125882e+001
1.846537e+003,2.182527e+001
1.847019e+003,2.236471e+001
1.847501e+003,2.284358e+001
1.847983e+003,2.324909e+001
1.848466e+003,2.358445e+001
1.848948e+003,2.386133e+001
1.849430e+003,2.409254e+001
1.849912e+003,2.428718e+001
1.850394e+003,2.444927e+001
1.850876e+003,2.457926e+001
1.851358e+003,2.467687e+001
1.851840e+003,2.474368e+001
1.852323e+003,2.478412e+001
1.852805e+003,2.480478e+001
1.853287e+003,2.481259e+001
1.853769e+003,2.481284e+001
1.854251e+003,2.480814e+001
1.854733e+003,2.479850e+001
1.855215e+003,2.478258e+001
1.855698e+003,2.475913e+001
1.856179e+003,2.472829e+001
1.856662e+003,2.469195e+001
1.857144e+003,2.465341e+001
1.857626e+003,2.461645e+001
1.858108e+003,2.458449e+001
1.858590e+003,2.455995e+001
1.859072e+003,2.454413e+001
1.859554e+003,2.453727e+001
1.860037e+003,2.453865e+001
1.860519e+003,2.454646e+001
1.861001e+003,2.455737e+001
1.861483e+003,2.456589e+001
1.861965e+003,2.456380e+001
1.862447e+003,2.453980e+001
1.862929e+003,2.447977e+001
1.863411e+003,2.436760e+001
1.863894e+003,2.418710e+001
1.864376e+003,2.392461e+001
1.864858e+003,2.357265e+001
1.865340e+003,2.313365e+001
1.865822e+003,2.262342e+001
1.866304e+003,2.207273e+001
1.866786e+003,2.152633e+001
1.867268e+003,2.103837e+001
1.867750e+003,2.066481e+001
1.868233e+003,2.045380e+001
1.868715e+003,2.043620e+001
1.869197e+003,2.061876e+001
1.869679e+003,2.098190e+001
1.870161e+003,2.148281e+001
1.870643e+003,2.206347e+001
1.871125e+003,2.266151e+001
1.871608e+003,2.322108e+001
1.872090e+003,2.370135e+001
1.872572e+003,2.408064e+001
1.873054e+003,2.435588e+001
1.873536e+003,2.453849e+001
1.874018e+003,2.464806e+001
1.874500e+003,2.470626e+001
1.874982e+003,2.473218e+001
1.875465e+003,2.474000e+001
1.875947e+003,2.473864e+001
1.876429e+003,2.473299e+001
1.876911e+003,2.472546e+001
1.877393e+003,2.471744e+001
1.877875e+003,2.471007e+001
1.878357e+003,2.470437e+001
1.878839e+003,2.470097e+001
1.879322e+003,2.469967e+001
1.879804e+003,2.469917e+001
1.880286e+003,2.469716e+001
1.880768e+003,2.469080e+001
1.881250e+003,2.467756e+001
1.881732e+003,2.465620e+001
1.882214e+003,2.462745e+001
1.882697e+003,2.459400e+001
1.883178e+003,2.455956e+001
1.883661e+003,2.452690e+001
1.884143e+003,2.449551e+001
1.884625e+003,2.445986e+001
1.885107e+003,2.440900e+001
1.885589e+003,2.432856e+001
1.886071e+003,2.420489e+001
1.886553e+003,2.403046e+001
1.887036e+003,2.380888e+001
1.887518e+003,2.355737e+001
1.888000e+003,2.330557e+001
1.888482e+003,2.309005e+001
1.888964e+003,2.294593e+001
1.889446e+003,2.289770e+001
1.889928e+003,2.295226e+001
1.890410e+003,2.309637e+001
1.890893e+003,2.329943e+001
1.891375e+003,2.352112e+001
1.891857e+003,2.372140e+001
1.892339e+003,2.387018e+001
1.892821e+003,2.395372e+001
1.893303e+003,2.397619e+001
1.893785e+003,2.395648e+001
1.894267e+003,2.392134e+001
1.894750e+003,2.389746e+001
1.895232e+003,2.390470e+001
1.895714e+003,2.395208e+001
1.896196e+003,2.403734e+001
1.896678e+003,2.414941e+001
1.897160e+003,2.427263e+001
1.897642e+003,2.439121e+001
1.898125e+003,2.449273e+001
1.898606e+003,2.457001e+001
1.899089e+003,2.462125e+001
1.899571e+003,2.464895e+001
1.900053e+003,2.465816e+001
1.900535e+003,2.465465e+001
1.901017e+003,2.464362e+001
1.901499e+003,2.462893e+001
1.901981e+003,2.461283e+001
1.902464e+003,2.459613e+001
1.902946e+003,2.457840e+001
1.903428e+003,2.455810e+001
1.903910e+003,2.453264e+001
1.904392e+003,2.449852e+001
1.904874e+003,2.445157e+001
1.905356e+003,2.438782e+001
1.905838e+003,2.430459e+001
1.906321e+003,2.420199e+001
1.906803e+003,2.408410e+001
1.907285e+003,2.395947e+001
1.907767e+003,2.384048e+001
1.908249e+003,2.374144e+001
1.908731e+003,2.367591e+001
1.909213e+003,2.365383e+001
1.909695e+003,2.367933e+001
1.910177e+003,2.374986e+001
1.910660e+003,2.385675e+001
1.911142e+003,2.398677e+001
1.911624e+003,2.412406e+001
1.912106e+003,2.425166e+001
1.912588e+003,2.435249e+001
1.913070e+003,2.440972e+001
1.913552e+003,2.440767e+001
1.914034e+003,2.433351e+001
1.914517e+003,2.418029e+001
1.914999e+003,2.395065e+001
1.915481e+003,2.365978e+001
1.915963e+003,2.333601e+001
1.916445e+003,2.301785e+001
1.916927e+003,2.274709e+001
1.917409e+003,2.255972e+001
1.917892e+003,2.247674e+001
1.918374e+003,2.249834e+001
1.918856e+003,2.260337e+001
1.919338e+003,2.275488e+001
1.919820e+003,2.291039e+001
1.920302e+003,2.303374e+001
1.920784e+003,2.310484e+001
1.921266e+003,2.312424e+001
1.921749e+003,2.311129e+001
1.922231e+003,2.309670e+001
1.922713e+003,2.311217e+001
1.923195e+003,2.318052e+001
1.923677e+003,2.330959e+001
1.924159e+003,2.349103e+001
1.924641e+003,2.370423e+001
1.925123e+003,2.392306e+001
1.925605e+003,2.412324e+001
1.926088e+003,2.428781e+001
1.926570e+003,2.440947e+001
1.927052e+003,2.448979e+001
1.927534e+003,2.453629e+001
1.928016e+003,2.455868e+001
1.928498e+003,2.456593e+001
1.928980e+003,2.456446e+001
1.929462e+003,2.455798e+001
1.929945e+003,2.454816e+001
1.930427e+003,2.453579e+001
1.930909e+003,2.452163e+001
1.931391e+003,2.450693e+001
1.931873e+003,2.449332e+001
1.932355e+003,2.448244e+001
1.932837e+003,2.447552e+001
1.933320e+003,2.447303e+001
1.933802e+003,2.447459e+001
1.934284e+003,2.447923e+001
1.934766e+003,2.448571e+001
1.935248e+003,2.449281e+001
1.935730e+003,2.449929e+001
1.936212e+003,2.450339e+001
1.936694e+003,2.450189e+001
1.937177e+003,2.448911e+001
1.937659e+003,2.445643e+001
1.938141e+003,2.439291e+001
1.938623e+003,2.428741e+001
1.939105e+003,2.413196e+001
1.939587e+003,2.392560e+001
1.940069e+003,2.367734e+001
1.940551e+003,2.340701e+001
1.941033e+003,2.314305e+001
1.941516e+003,2.291757e+001
1.941998e+003,2.275959e+001
1.942480e+003,2.268864e+001
1.942962e+003,2.271036e+001
1.943444e+003,2.281569e+001
1.943926e+003,2.298376e+001
1.944408e+003,2.318741e+001
1.944890e+003,2.339971e+001
1.945373e+003,2.359931e+001
1.945855e+003,2.377339e+001
1.946337e+003,2.391767e+001
1.946819e+003,2.403417e+001
1.947301e+003,2.412799e+001
1.947783e+003,2.420436e+001
1.948265e+003,2.426688e+001
1.948748e+003,2.431721e+001
1.949229e+003,2.435572e+001
1.949712e+003,2.438242e+001
1.950194e+003,2.439771e+001
1.950676e+003,2.440247e+001
1.951158e+003,2.439795e+001
1.951640e+003,2.438544e+001
1.952122e+003,2.436624e+001
1.952604e+003,2.434196e+001
1.953087e+003,2.431475e+001
1.953569e+003,2.428753e+001
1.954051e+003,2.426366e+001
1.954533e+003,2.424630e+001
1.955015e+003,2.423760e+001
1.955497e+003,2.423806e+001
1.955979e+003,2.424632e+001
1.956461e+003,2.425960e+001
1.956944e+003,2.427439e+001
1.957426e+003,2.428734e+001
1.957908e+003,2.429602e+001
1.958390e+003,2.429926e+001
1.958872e+003,2.429725e+001
1.959354e+003,2.429128e+001
1.959836e+003,2.428330e+001
1.960318e+003,2.427528e+001
1.960801e+003,2.426850e+001
1.961283e+003,2.426270e+001
1.961765e+003,2.425542e+001
1.962247e+003,2.424186e+001
1.962729e+003,2.421536e+001
1.963211e+003,2.416886e+001
1.963693e+003,2.409708e+001
1.964176e+003,2.399878e+001
1.964657e+003,2.387850e+001
1.965140e+003,2.374693e+001
1.965622e+003,2.361965e+001
1.966104e+003,2.351423e+001
1.966586e+003,2.344649e+001
1.967068e+003,2.342696e+001
1.967550e+003,2.345843e+001
1.968032e+003,2.353547e+001
1.968515e+003,2.364586e+001
1.968997e+003,2.377345e+001
1.969479e+003,2.390177e+001
1.969961e+003,2.401709e+001
1.970443e+003,2.411049e+001
1.970925e+003,2.417844e+001
1.971407e+003,2.422211e+001
1.971889e+003,2.424578e+001
1.972372e+003,2.425515e+001
1.972854e+003,2.425570e+001
1.973336e+003,2.425182e+001
1.973818e+003,2.424640e+001
1.974300e+003,2.424093e+001
1.974782e+003,2.423596e+001
1.975264e+003,2.423146e+001
1.975746e+003,2.422729e+001
1.976229e+003,2.422335e+001
1.976711e+003,2.421966e+001
1.977193e+003,2.421634e+001
1.977675e+003,2.421347e+001
1.978157e+003,2.421100e+001
1.978639e+003,2.420870e+001
1.979121e+003,2.420621e+001
1.979604e+003,2.420317e+001
1.980085e+003,2.419940e+001
1.980568e+003,2.419503e+001
1.981050e+003,2.419043e+001
1.981532e+003,2.418609e+001
1.982014e+003,2.418223e+001
1.982496e+003,2.417846e+001
1.982978e+003,2.417356e+001
1.983460e+003,2.416548e+001
1.983943e+003,2.415174e+001
1.984425e+003,2.413007e+001
1.984907e+003,2.409906e+001
1.985389e+003,2.405859e+001
1.985871e+003,2.400972e+001
1.986353e+003,2.395410e+001
1.986835e+003,2.389297e+001
1.987317e+003,2.382625e+001
1.987800e+003,2.375218e+001
1.988282e+003,2.366787e+001
1.988764e+003,2.357072e+001
1.989246e+003,2.346051e+001
1.989728e+003,2.334122e+001
1.990210e+003,2.322198e+001
1.990692e+003,2.311635e+001
1.991174e+003,2.304000e+001
1.991656e+003,2.300710e+001
1.992139e+003,2.302663e+001
1.992621e+003,2.309954e+001
1.993103e+003,2.321798e+001
1.993585e+003,2.336663e+001
1.994067e+003,2.352615e+001
1.994549e+003,2.367731e+001
1.995031e+003,2.380494e+001
1.995514e+003,2.390047e+001
1.995996e+003,2.396247e+001
1.996478e+003,2.399533e+001
1.996960e+003,2.400696e+001
1.997442e+003,2.400599e+001
1.997924e+003,2.399984e+001
1.998406e+003,2.399352e+001
1.998888e+003,2.398963e+001
1.999371e+003,2.398889e+001
1.999853e+003,2.399098e+001
2.000335e+003,2.399506e+001
2.000817e+003,2.400023e+001
2.001299e+003,2.400550e+001
2.001781e+003,2.400990e+001
2.002263e+003,2.401253e+001
2.002745e+003,2.401273e+001
2.003228e+003,2.401019e+001
2.003710e+003,2.400498e+001
2.004192e+003,2.399752e+001
2.004674e+003,2.398834e+001
2.005156e+003,2.397793e+001
2.005638e+003,2.396671e+001
2.006120e+003,2.395510e+001
2.006603e+003,2.394368e+001
2.007084e+003,2.393325e+001
2.007567e+003,2.392475e+001
2.008049e+003,2.391902e+001
2.008531e+003,2.391658e+001
2.009013e+003,2.391735e+001
2.009495e+003,2.392068e+001
2.009977e+003,2.392547e+001
2.010459e+003,2.393038e+001
2.010942e+003,2.393383e+001
2.011424e+003,2.393393e+001
2.011906e+003,2.392829e+001
2.012388e+003,2.391384e+001
2.012870e+003,2.388720e+001
2.013352e+003,2.384529e+001
2.013834e+003,2.378658e+001
2.014316e+003,2.371214e+001
2.014799e+003,2.362646e+001
2.015281e+003,2.353734e+001
2.015763e+003,2.345479e+001
2.016245e+003,2.338918e+001
2.016727e+003,2.334904e+001
2.017209e+003,2.333916e+001
2.017691e+003,2.335966e+001
2.018173e+003,2.340606e+001
2.018656e+003,2.347049e+001
2.019138e+003,2.354349e+001
2.019620e+003,2.361592e+001
2.020102e+003,2.368053e+001
2.020584e+003,2.373281e+001
2.021066e+003,2.377110e+001
2.021548e+003,2.379618e+001
2.022031e+003,2.381042e+001
2.022512e+003,2.381692e+001
2.022995e+003,2.381875e+001
2.023477e+003,2.381836e+001
2.023959e+003,2.381738e+001
2.024441e+003,2.381658e+001
2.024923e+003,2.381608e+001
2.025405e+003,2.381566e+001
2.025887e+003,2.381511e+001
2.026370e+003,2.381439e+001
2.026852e+003,2.381374e+001
2.027334e+003,2.381353e+001
2.027816e+003,2.381403e+001
2.028298e+003,2.381527e+001
2.028780e+003,2.381692e+001
2.029262e+003,2.381842e+001
2.029744e+003,2.381916e+001
2.030227e+003,2.381877e+001
2.030709e+003,2.381719e+001
2.031191e+003,2.381468e+001
2.031673e+003,2.381164e+001
2.032155e+003,2.380840e+001
2.032637e+003,2.380506e+001
2.033119e+003,2.380153e+001
2.033601e+003,2.379764e+001
2.034083e+003,2.379327e+001
2.034566e+003,2.378853e+001
2.035048e+003,2.378356e+001
2.035530e+003,2.377837e+001
2.036012e+003,2.377251e+001
2.036494e+003,2.376493e+001
2.036976e+003,2.375406e+001
2.037458e+003,2.373821e+001
2.037940e+003,2.371616e+001
2.038423e+003,2.368771e+001
2.038905e+003,2.365406e+001
2.039387e+003,2.361786e+001
2.039869e+003,2.358275e+001
2.040351e+003,2.355271e+001
2.040833e+003,2.353125e+001
2.041315e+003,2.352068e+001
2.041798e+003,2.352168e+001
2.042280e+003,2.353323e+001
2.042762e+003,2.355296e+001
2.043244e+003,2.357760e+001
2.043726e+003,2.360371e+001
2.044208e+003,2.362828e+001
2.044690e+003,2.364923e+001
2.045172e+003,2.366553e+001
2.045655e+003,2.367724e+001
2.046137e+003,2.368513e+001
2.046619e+003,2.369031e+001
2.047101e+003,2.369380e+001
2.047583e+003,2.369630e+001
2.048065e+003,2.369807e+001
2.048547e+003,2.369903e+001
2.049029e+003,2.369902e+001
2.049511e+003,2.369797e+001
2.049994e+003,2.369601e+001
2.050476e+003,2.369348e+001
2.050958e+003,2.369075e+001
2.051440e+003,2.368808e+001
2.051922e+003,2.368558e+001
2.052404e+003,2.368312e+001
2.052886e+003,2.368054e+001
2.053368e+003,2.367774e+001
2.053851e+003,2.367474e+001
2.054333e+003,2.367169e+001
2.054815e+003,2.366866e+001
2.055297e+003,2.366559e+001
2.055779e+003,2.366216e+001
2.056261e+003,2.365786e+001
2.056743e+003,2.365221e+001
2.057226e+003,2.364495e+001
2.057708e+003,2.363627e+001
2.058190e+003,2.362676e+001
2.058672e+003,2.361718e+001
2.059154e+003,2.360806e+001
2.059636e+003,2.359935e+001
2.060118e+003,2.359013e+001
2.060600e+003,2.357872e+001
2.061083e+003,2.356305e+001
2.061565e+003,2.354131e+001
2.062047e+003,2.351269e+001
2.062529e+003,2.347795e+001
2.063011e+003,2.343964e+001
2.063493e+003,2.340189e+001
2.063975e+003,2.336964e+001
2.064457e+003,2.334768e+001
2.064939e+003,2.333951e+001
2.065422e+003,2.334655e+001
2.065904e+003,2.336770e+001
2.066386e+003,2.339962e+001
2.066868e+003,2.343746e+001
2.067350e+003,2.347593e+001
2.067832e+003,2.351041e+001
2.068314e+003,2.353781e+001
2.068796e+003,2.355684e+001
2.069279e+003,2.356792e+001
2.069761e+003,2.357252e+001
2.070243e+003,2.357257e+001
2.070725e+003,2.356977e+001
2.071207e+003,2.356536e+001
2.071689e+003,2.356002e+001
2.072171e+003,2.355413e+001
2.072654e+003,2.354797e+001
2.073135e+003,2.354188e+001
2.073618e+003,2.353622e+001
2.074100e+003,2.353130e+001
2.074582e+003,2.352720e+001
2.075064e+003,2.352377e+001
2.075546e+003,2.352070e+001
2.076028e+003,2.351768e+001
2.076510e+003,2.351460e+001
2.076993e+003,2.351156e+001
2.077475e+003,2.350888e+001
2.077957e+003,2.350686e+001
2.078439e+003,2.350564e+001
2.078921e+003,2.350512e+001
2.079403e+003,2.350499e+001
2.079885e+003,2.350484e+001
2.080367e+003,2.350439e+001
2.080850e+003,2.350349e+001
2.081332e+003,2.350220e+001
2.081814e+003,2.350062e+001
2.082296e+003,2.349881e+001
2.082778e+003,2.349666e+001
2.083260e+003,2.349393e+001
2.083742e+003,2.349034e+001
2.084224e+003,2.348557e+001
2.084707e+003,2.347943e+001
2.085189e+003,2.347171e+001
2.085671e+003,2.346220e+001
2.086153e+003,2.345071e+001
2.086635e+003,2.343708e+001
2.087117e+003,2.342144e+001
2.087599e+003,2.340438e+001
2.088082e+003,2.338705e+001
2.088563e+003,2.337113e+001
2.089046e+003,2.335847e+001
2.089528e+003,2.335070e+001
2.090010e+003,2.334875e+001
2.090492e+003,2.335258e+001
2.090974e+003,2.336118e+001
2.091456e+003,2.337280e+001
2.091938e+003,2.338542e+001
2.092421e+003,2.339717e+001
2.092903e+003,2.340671e+001
2.093385e+003,2.341337e+001
2.093867e+003,2.341704e+001
2.094349e+003,2.341805e+001
2.094831e+003,2.341692e+001
2.095313e+003,2.341427e+001
2.095795e+003,2.341063e+001
2.096278e+003,2.340649e+001
2.096760e+003,2.340225e+001
2.097242e+003,2.339817e+001
2.097724e+003,2.339438e+001
2.098206e+003,2.339089e+001
2.098688e+003,2.338759e+001
2.099170e+003,2.338437e+001
2.099652e+003,2.338116e+001
2.100135e+003,2.337800e+001
2.100617e+003,2.337499e+001
2.101099e+003,2.337220e+001
2.101581e+003,2.336962e+001
2.102063e+003,2.336711e+001
2.102545e+003,2.336445e+001
2.103027e+003,2.336140e+001
2.103510e+003,2.335785e+001
2.103991e+003,2.335385e+001
2.104474e+003,2.334958e+001
2.104956e+003,2.334534e+001
2.105438e+003,2.334133e+001
2.105920e+003,2.333763e+001
2.106402e+003,2.333420e+001
2.106884e+003,2.333092e+001
2.107366e+003,2.332767e+001
2.107849e+003,2.332441e+001
2.108331e+003,2.332119e+001
2.108813e+003,2.331803e+001
2.109295e+003,2.331488e+001
2.109777e+003,2.331150e+001
2.110259e+003,2.330752e+001
2.110741e+003,2.330253e+001
2.111223e+003,2.329618e+001
2.111706e+003,2.328839e+001
2.112188e+003,2.327936e+001
2.112670e+003,2.326961e+001
2.113152e+003,2.325984e+001
2.113634e+003,2.325082e+001
2.114116e+003,2.324326e+001
2.114598e+003,2.323767e+001
2.115080e+003,2.323431e+001
2.115563e+003,2.323316e+001
2.116045e+003,2.323388e+001
2.116527e+003,2.323588e+001
2.117009e+003,2.323837e+001
2.117491e+003,2.324054e+001
2.117973e+003,2.324169e+001
2.118455e+003,2.324138e+001
2.118938e+003,2.323955e+001
2.119420e+003,2.323642e+001
2.119902e+003,2.323247e+001
2.120384e+003,2.322817e+001
2.120866e+003,2.322387e+001
2.121348e+003,2.321972e+001
2.121830e+003,2.321568e+001
2.122312e+003,2.321162e+001
2.122794e+003,2.320749e+001
2.123277e+003,2.320332e+001
2.123759e+003,2.319925e+001
2.124241e+003,2.319547e+001
2.124723e+003,2.319205e+001
2.125205e+003,2.318897e+001
2.125687e+003,2.318604e+001
2.126169e+003,2.318306e+001
2.126651e+003,2.317987e+001
2.127134e+003,2.317643e+001
2.127616e+003,2.317281e+001
2.128098e+003,2.316915e+001
2.128580e+003,2.316556e+001
2.129062e+003,2.316207e+001
2.129544e+003,2.315861e+001
2.130026e+003,2.315504e+001
2.130509e+003,2.315122e+001
2.130990e+003,2.314703e+001
2.131473e+003,2.314239e+001
2.131955e+003,2.313714e+001
2.132437e+003,2.313114e+001
2.132919e+003,2.312417e+001
2.133401e+003,2.311612e+001
2.133883e+003,2.310707e+001
2.134365e+003,2.309734e+001
2.134848e+003,2.308756e+001
2.135330e+003,2.307848e+001
2.135812e+003,2.307080e+001
2.136294e+003,2.306502e+001
2.136776e+003,2.306123e+001
2.137258e+003,2.305920e+001
2.137740e+003,2.305846e+001
2.138222e+003,2.305847e+001
2.138705e+003,2.305877e+001
2.139187e+003,2.305906e+001
2.139669e+003,2.305918e+001
2.140151e+003,2.305901e+001
2.140633e+003,2.305840e+001
2.141115e+003,2.305717e+001
2.141597e+003,2.305513e+001
2.142079e+003,2.305216e+001
2.142562e+003,2.304829e+001
2.143044e+003,2.304369e+001
2.143526e+003,2.303864e+001
2.144008e+003,2.303343e+001
2.144490e+003,2.302829e+001
2.144972e+003,2.302333e+001
2.145454e+003,2.301862e+001
2.145937e+003,2.301416e+001
2.146418e+003,2.301001e+001
2.146901e+003,2.300622e+001
2.147383e+003,2.300283e+001
2.147865e+003,2.299977e+001
2.148347e+003,2.299690e+001
2.148829e+003,2.299397e+001
2.149311e+003,2.299075e+001
2.149793e+003,2.298708e+001
2.150276e+003,2.298298e+001
2.150758e+003,2.297859e+001
2.151240e+003,2.297414e+001
2.151722e+003,2.296983e+001
2.152204e+003,2.296572e+001
2.152686e+003,2.296181e+001
2.153168e+003,2.295798e+001
2.153650e+003,2.295415e+001
2.154133e+003,2.295027e+001
2.154615e+003,2.294639e+001
2.155097e+003,2.294258e+001
2.155579e+003,2.293891e+001
2.156061e+003,2.293532e+001
2.156543e+003,2.293168e+001
2.157025e+003,2.292779e+001
2.157507e+003,2.292349e+001
2.157990e+003,2.291869e+001
2.158472e+003,2.291342e+001
2.158954e+003,2.290781e+001
2.159436e+003,2.290201e+001
2.159918e+003,2.289619e+001
2.160400e+003,2.289050e+001
2.160882e+003,2.288510e+001
2.161365e+003,2.288013e+001
2.161846e+003,2.287575e+001
2.162329e+003,2.287211e+001
2.162811e+003,2.286924e+001
2.163293e+003,2.286703e+001
2.163775e+003,2.286522e+001
2.164257e+003,2.286347e+001
2.164739e+003,2.286146e+001
2.165221e+003,2.285896e+001
2.165704e+003,2.285596e+001
2.166186e+003,2.285255e+001
2.166668e+003,2.284892e+001
2.167150e+003,2.284524e+001
2.167632e+003,2.284156e+001
2.168114e+003,2.283784e+001
2.168596e+003,2.283400e+001
2.169078e+003,2.282997e+001
2.169561e+003,2.282578e+001
2.170043e+003,2.282153e+001
2.170525e+003,2.281738e+001
2.171007e+003,2.281345e+001
2.171489e+003,2.280974e+001
2.171971e+003,2.280619e+001
2.172453e+003,2.280267e+001
2.172935e+003,2.279910e+001
2.173417e+003,2.279544e+001
2.173900e+003,2.279177e+001
2.174382e+003,2.278816e+001
2.174864e+003,2.278468e+001
2.175346e+003,2.278127e+001
2.175828e+003,2.277782e+001
2.176310e+003,2.277420e+001
2.176792e+003,2.277031e+001
2.177274e+003,2.276613e+001
2.177757e+003,2.276177e+001
2.178239e+003,2.275738e+001
2.178721e+003,2.275307e+001
2.179203e+003,2.274891e+001
2.179685e+003,2.274486e+001
2.180167e+003,2.274086e+001
2.180649e+003,2.273686e+001
2.181132e+003,2.273284e+001
2.181614e+003,2.272885e+001
2.182096e+003,2.272495e+001
2.182578e+003,2.272114e+001
2.183060e+003,2.271735e+001
2.183542e+003,2.271346e+001
2.184024e+003,2.270937e+001
2.184506e+003,2.270504e+001
2.184989e+003,2.270056e+001
2.185471e+003,2.269610e+001
2.185953e+003,2.269189e+001
2.186435e+003,2.268805e+001
2.186917e+003,2.268462e+001
2.187399e+003,2.268150e+001
2.187881e+003,2.267853e+001
2.188363e+003,2.267554e+001
2.188845e+003,2.267245e+001
2.189328e+003,2.266926e+001
2.189810e+003,2.266603e+001
2.190292e+003,2.266280e+001
2.190774e+003,2.265956e+001
2.191256e+003,2.265625e+001
2.191738e+003,2.265276e+001
2.192220e+003,2.264903e+001
2.192702e+003,2.264509e+001
2.193185e+003,2.264104e+001
2.193667e+003,2.263700e+001
2.194149e+003,2.263308e+001
2.194631e+003,2.262929e+001
2.195113e+003,2.262558e+001
2.195595e+003,2.262185e+001
2.196077e+003,2.261801e+001
2.196560e+003,2.261406e+001
2.197042e+003,2.261007e+001
2.197524e+003,2.260614e+001
2.198006e+003,2.260235e+001
2.198488e+003,2.259869e+001
2.198970e+003,2.259510e+001
2.199452e+003,2.259150e+001
2.199934e+003,2.258779e+001
2.200417e+003,2.258397e+001
2.200899e+003,2.258008e+001
2.201381e+003,2.257618e+001
2.201863e+003,2.257230e+001
2.202345e+003,2.256841e+001
2.202827e+003,2.256444e+001
2.203309e+003,2.256031e+001
2.203791e+003,2.255603e+001
2.204273e+003,2.255167e+001
2.204756e+003,2.254740e+001
2.205238e+003,2.254339e+001
2.205720e+003,2.253975e+001
2.206202e+003,2.253647e+001
2.206684e+003,2.253343e+001
2.207166e+003,2.253045e+001
2.207648e+003,2.252738e+001
2.208130e+003,2.252415e+001
2.208613e+003,2.252080e+001
2.209095e+003,2.251740e+001
2.209577e+003,2.251406e+001
2.210059e+003,2.251080e+001
2.210541e+003,2.250760e+001
2.211023e+003,2.250440e+001
2.211505e+003,2.250115e+001
2.211988e+003,2.249788e+001
2.212469e+003,2.249466e+001
2.212952e+003,2.249157e+001
2.213434e+003,2.248868e+001
2.213916e+003,2.248596e+001
2.214398e+003,2.248330e+001
2.214880e+003,2.248059e+001
2.215362e+003,2.247771e+001
2.215844e+003,2.247467e+001
2.216327e+003,2.247151e+001
2.216809e+003,2.246837e+001
2.217291e+003,2.246534e+001
2.217773e+003,2.246245e+001
2.218255e+003,2.245966e+001
2.218737e+003,2.245691e+001
2.219219e+003,2.245410e+001
2.219701e+003,2.245124e+001
2.220184e+003,2.244838e+001
2.220666e+003,2.244556e+001
2.221148e+003,2.244283e+001
2.221630e+003,2.244014e+001
2.222112e+003,2.243738e+001
2.222594e+003,2.243440e+001
2.223076e+003,2.243108e+001
2.223558e+003,2.242740e+001
2.224041e+003,2.242339e+001
2.224523e+003,2.241915e+001
2.225005e+003,2.241476e+001
2.225487e+003,2.241027e+001
2.225969e+003,2.240564e+001
2.226451e+003,2.240082e+001
2.226933e+003,2.239578e+001
2.227416e+003,2.239052e+001
2.227897e+003,2.238514e+001
2.228380e+003,2.237974e+001
2.228862e+003,2.237441e+001
2.229344e+003,2.236917e+001
2.229826e+003,2.236401e+001
2.230308e+003,2.235884e+001
2.230790e+003,2.235363e+001
2.231272e+003,2.234835e+001
2.231755e+003,2.234305e+001
2.232237e+003,2.233779e+001
2.232719e+003,2.233259e+001
2.233201e+003,2.232742e+001
2.233683e+003,2.232221e+001
2.234165e+003,2.231685e+001
2.234647e+003,2.231131e+001
2.235129e+003,2.230558e+001
2.235612e+003,2.229977e+001
2.236094e+003,2.229397e+001
2.236576e+003,2.228823e+001
2.237058e+003,2.228255e+001
2.237540e+003,2.227681e+001
2.238022e+003,2.227090e+001
2.238504e+003,2.226468e+001
2.238986e+003,2.225813e+001
2.239469e+003,2.225126e+001
2.239951e+003,2.224415e+001
2.240433e+003,2.223688e+001
2.240915e+003,2.222948e+001
2.241397e+003,2.222190e+001
2.241879e+003,2.221408e+001
2.242361e+003,2.220601e+001
2.242844e+003,2.219767e+001
2.243326e+003,2.218914e+001
2.243808e+003,2.218050e+001
2.244290e+003,2.217179e+001
2.244772e+003,2.216300e+001
2.245254e+003,2.215404e+001
2.245736e+003,2.214479e+001
2.246218e+003,2.213514e+001
2.246700e+003,2.212505e+001
2.247183e+003,2.211454e+001
2.247665e+003,2.210366e+001
2.248147e+003,2.209245e+001
2.248629e+003,2.208091e+001
2.249111e+003,2.206898e+001
2.249593e+003,2.205657e+001
2.250075e+003,2.204364e+001
2.250557e+003,2.203017e+001
2.251040e+003,2.201623e+001
2.251522e+003,2.200189e+001
2.252004e+003,2.198723e+001
2.252486e+003,2.197227e+001
2.252968e+003,2.195697e+001
2.253450e+003,2.194128e+001
2.253932e+003,2.192519e+001
2.254415e+003,2.190872e+001
2.254896e+003,2.189200e+001
2.255379e+003,2.187514e+001
2.255861e+003,2.185826e+001
2.256343e+003,2.184140e+001
2.256825e+003,2.182452e+001
2.257307e+003,2.180757e+001
2.257789e+003,2.179047e+001
2.258271e+003,2.177322e+001
2.258754e+003,2.175585e+001
2.259236e+003,2.173844e+001
2.259718e+003,2.172107e+001
2.260200e+003,2.170374e+001
2.260682e+003,2.168645e+001
2.261164e+003,2.166916e+001
2.261646e+003,2.165184e+001
2.262128e+003,2.163455e+001
2.262611e+003,2.161742e+001
2.263093e+003,2.160059e+001
2.263575e+003,2.158421e+001
2.264057e+003,2.156838e+001
2.264539e+003,2.155316e+001
2.265021e+003,2.153856e+001
2.265503e+003,2.152460e+001
2.265985e+003,2.151133e+001
2.266468e+003,2.149881e+001
2.266950e+003,2.148713e+001
2.267432e+003,2.147633e+001
2.267914e+003,2.146641e+001
2.268396e+003,2.145730e+001
2.268878e+003,2.144891e+001
2.269360e+003,2.144118e+001
2.269843e+003,2.143415e+001
2.270324e+003,2.142789e+001
2.270807e+003,2.142252e+001
2.271289e+003,2.141815e+001
2.271771e+003,2.141484e+001
2.272253e+003,2.141260e+001
2.272735e+003,2.141137e+001
2.273217e+003,2.141115e+001
2.273699e+003,2.141198e+001
2.274182e+003,2.141397e+001
2.274664e+003,2.141727e+001
2.275146e+003,2.142207e+001
2.275628e+003,2.142846e+001
2.276110e+003,2.143650e+001
2.276592e+003,2.144622e+001
2.277074e+003,2.145759e+001
2.277556e+003,2.147063e+001
2.278039e+003,2.148536e+001
2.278521e+003,2.150176e+001
2.279003e+003,2.151969e+001
2.279485e+003,2.153881e+001
2.279967e+003,2.155842e+001
2.280449e+003,2.157752e+001
2.280931e+003,2.159476e+001
2.281413e+003,2.160850e+001
2.281896e+003,2.161700e+001
2.282378e+003,2.161855e+001
2.282860e+003,2.161163e+001
2.283342e+003,2.159517e+001
2.283824e+003,2.156861e+001
2.284306e+003,2.153202e+001
2.284788e+003,2.148612e+001
2.285271e+003,2.143209e+001
2.285752e+003,2.137147e+001
2.286235e+003,2.130588e+001
2.286717e+003,2.123681e+001
2.287199e+003,2.116547e+001
2.287681e+003,2.109272e+001
2.288163e+003,2.101912e+001
2.288645e+003,2.094493e+001
2.289127e+003,2.087026e+001
2.289610e+003,2.079515e+001
2.290092e+003,2.071955e+001
2.290574e+003,2.064339e+001
2.291056e+003,2.056654e+001
2.291538e+003,2.048886e+001
2.292020e+003,2.041020e+001
2.292502e+003,2.033045e+001
2.292984e+003,2.024956e+001
2.293467e+003,2.016753e+001
2.293949e+003,2.008438e+001
2.294431e+003,2.000010e+001
2.294913e+003,1.991460e+001
2.295395e+003,1.982769e+001
2.295877e+003,1.973910e+001
2.296359e+003,1.964848e+001
2.296841e+003,1.955550e+001
2.297323e+003,1.945987e+001
2.297806e+003,1.936138e+001
2.298288e+003,1.925988e+001
2.298770e+003,1.915535e+001
2.299252e+003,1.904781e+001
2.299734e+003,1.893732e+001
2.300216e+003,1.882388e+001
2.300698e+003,1.870736e+001
2.301180e+003,1.858740e+001
2.301663e+003,1.846330e+001
2.302145e+003,1.833408e+001
2.302627e+003,1.819848e+001
2.303109e+003,1.805516e+001
2.303591e+003,1.790294e+001
2.304073e+003,1.774101e+001
2.304555e+003,1.756912e+001
2.305038e+003,1.738760e+001
2.305520e+003,1.719733e+001
2.306002e+003,1.699959e+001
2.306484e+003,1.679581e+001
2.306966e+003,1.658742e+001
2.307448e+003,1.637566e+001
2.307930e+003,1.616165e+001
2.308412e+003,1.594631e+001
2.308895e+003,1.573055e+001
2.309377e+003,1.551539e+001
2.309859e+003,1.530197e+001
2.310341e+003,1.509166e+001
2.310823e+003,1.488592e+001
2.311305e+003,1.468616e+001
2.311787e+003,1.449348e+001
2.312269e+003,1.430837e+001
2.312751e+003,1.413043e+001
2.313234e+003,1.395816e+001
2.313716e+003,1.378895e+001
2.314198e+003,1.361924e+001
2.314680e+003,1.344489e+001
2.315162e+003,1.326173e+001
2.315644e+003,1.306622e+001
2.316126e+003,1.285597e+001
2.316608e+003,1.263015e+001
2.317091e+003,1.238966e+001
2.317573e+003,1.213699e+001
2.318055e+003,1.187587e+001
2.318537e+003,1.161084e+001
2.319019e+003,1.134670e+001
2.319501e+003,1.108806e+001
2.319983e+003,1.083903e+001
2.320466e+003,1.060304e+001
2.320948e+003,1.038269e+001
2.321430e+003,1.017970e+001
2.321912e+003,9.994895e+000
2.322394e+003,9.828096e+000
2.322876e+003,9.678091e+000
2.323358e+003,9.542622e+000
2.323840e+003,9.418493e+000
2.324323e+003,9.301820e+000
2.324805e+003,9.188422e+000
2.325287e+003,9.074322e+000
2.325769e+003,8.956262e+000
2.326251e+003,8.832150e+000
2.326733e+003,8.701360e+000
2.327215e+003,8.564812e+000
2.327697e+003,8.424835e+000
2.328179e+003,8.284856e+000
2.328662e+003,8.148932e+000
2.329144e+003,8.021235e+000
2.329626e+003,7.905511e+000
2.330108e+003,7.804608e+000
2.330590e+003,7.720083e+000
2.331072e+003,7.651958e+000
2.331554e+003,7.598684e+000
2.332036e+003,7.557314e+000
2.332519e+003,7.523927e+000
2.333001e+003,7.494215e+000
2.333483e+003,7.464167e+000
2.333965e+003,7.430692e+000
2.334447e+003,7.392050e+000
2.334929e+003,7.347965e+000
2.335411e+003,7.299441e+000
2.335894e+003,7.248291e+000
2.336375e+003,7.196579e+000
2.336858e+003,7.146124e+000
2.337340e+003,7.098220e+000
2.337822e+003,7.053646e+000
2.338304e+003,7.012911e+000
2.338786e+003,6.976614e+000
2.339268e+003,6.945753e+000
2.339750e+003,6.921846e+000
2.340233e+003,6.906856e+000
2.340715e+003,6.903017e+000
2.341197e+003,6.912744e+000
2.341679e+003,6.938795e+000
2.342161e+003,6.984785e+000
2.342643e+003,7.055871e+000
2.343125e+003,7.159328e+000
2.343607e+003,7.304512e+000
2.344090e+003,7.501816e+000
2.344572e+003,7.760431e+000
2.345054e+003,8.085175e+000
2.345536e+003,8.473012e+000
2.346018e+003,8.910312e+000
2.346500e+003,9.371827e+000
2.346982e+003,9.822170e+000
2.347464e+003,1.021989e+001
2.347947e+003,1.052357e+001
2.348429e+003,1.069866e+001
2.348911e+003,1.072347e+001
2.349393e+003,1.059287e+001
2.349875e+003,1.031881e+001
2.350357e+003,9.927472e+000
2.350839e+003,9.454094e+000
2.351322e+003,8.936558e+000
2.351803e+003,8.409515e+000
2.352286e+003,7.900188e+000
2.352768e+003,7.426517e+000
2.353250e+003,6.997545e+000
2.353732e+003,6.615397e+000
2.354214e+003,6.277895e+000
2.354696e+003,5.980983e+000
2.355178e+003,5.720393e+000
2.355661e+003,5.492472e+000
2.356143e+003,5.294299e+000
2.356625e+003,5.123504e+000
2.357107e+003,4.978028e+000
2.357589e+003,4.856017e+000
2.358071e+003,4.755834e+000
2.358553e+003,4.676084e+000
2.359035e+003,4.615598e+000
2.359518e+003,4.573333e+000
2.360000e+003,4.548245e+000
2.360482e+003,4.539246e+000
2.360964e+003,4.545245e+000
2.361446e+003,4.565321e+000
2.361928e+003,4.598872e+000
2.362410e+003,4.645720e+000
2.362892e+003,4.706061e+000
2.363375e+003,4.780313e+000
2.363857e+003,4.868914e+000
2.364339e+003,4.972163e+000
2.364821e+003,5.090189e+000
2.365303e+003,5.223003e+000
2.365785e+003,5.370634e+000
2.366267e+003,5.533207e+000
2.366750e+003,5.710989e+000
2.367232e+003,5.904318e+000
2.367714e+003,6.113521e+000
2.368196e+003,6.338842e+000
2.368678e+003,6.580436e+000
2.369160e+003,6.838413e+000
2.369642e+003,7.112900e+000
2.370124e+003,7.404076e+000
2.370606e+003,7.712130e+000
2.371089e+003,8.037199e+000
2.371571e+003,8.379271e+000
2.372053e+003,8.738153e+000
2.372535e+003,9.113497e+000
2.373017e+003,9.504877e+000
2.373499e+003,9.911884e+000
2.373981e+003,1.033415e+001
2.374463e+003,1.077131e+001
2.374946e+003,1.122290e+001
2.375428e+003,1.168823e+001
2.375910e+003,1.216630e+001
2.376392e+003,1.265573e+001
2.376874e+003,1.315479e+001
2.377356e+003,1.366139e+001
2.377838e+003,1.417312e+001
2.378321e+003,1.468716e+001
2.378802e+003,1.520026e+001
2.379285e+003,1.570869e+001
2.379767e+003,1.620834e+001
2.380249e+003,1.669484e+001
2.380731e+003,1.716385e+001
2.381213e+003,1.761131e+001
2.381695e+003,1.803365e+001
2.382177e+003,1.842792e+001
2.382660e+003,1.879190e+001
2.383142e+003,1.912404e+001
2.383624e+003,1.942348e+001
2.384106e+003,1.969007e+001
2.384588e+003,1.992434e+001
2.385070e+003,2.012754e+001
2.385552e+003,2.030153e+001
2.386034e+003,2.044865e+001
2.386517e+003,2.057152e+001
2.386999e+003,2.067287e+001
2.387481e+003,2.075532e+001
2.387963e+003,2.082138e+001
2.388445e+003,2.087338e+001
2.388927e+003,2.091352e+001
2.389409e+003,2.094388e+001
2.389891e+003,2.096635e+001
2.390374e+003,2.098261e+001
2.390856e+003,2.099406e+001
2.391338e+003,2.100175e+001
2.391820e+003,2.100647e+001
2.392302e+003,2.100884e+001
2.392784e+003,2.100933e+001
2.393266e+003,2.100843e+001
2.393749e+003,2.100657e+001
2.394230e+003,2.100414e+001
2.394713e+003,2.100138e+001
2.395195e+003,2.099843e+001
2.395677e+003,2.099530e+001
2.396159e+003,2.099196e+001
2.396641e+003,2.098840e+001
2.397123e+003,2.098471e+001
2.397605e+003,2.098100e+001
2.398088e+003,2.097743e+001
2.398570e+003,2.097404e+001
2.399052e+003,2.097080e+001
2.399534e+003,2.096758e+001
2.400016e+003,2.096425e+001
2.400498e+003,2.096071e+001
2.400980e+003,2.095697e+001
2.401462e+003,2.095314e+001
2.401945e+003,2.094935e+001
2.402427e+003,2.094570e+001
2.402909e+003,2.094222e+001
2.403391e+003,2.093885e+001
2.403873e+003,2.093547e+001
2.404355e+003,2.093204e+001
2.404837e+003,2.092854e+001
2.405319e+003,2.092504e+001
2.405802e+003,2.092161e+001
2.406284e+003,2.091829e+001
2.406766e+003,2.091504e+001
2.407248e+003,2.091175e+001
2.407730e+003,2.090833e+001
2.408212e+003,2.090471e+001
2.408694e+003,2.090095e+001
2.409177e+003,2.089715e+001
2.409658e+003,2.089342e+001
2.410141e+003,2.088986e+001
2.410623e+003,2.088643e+001
2.411105e+003,2.088308e+001
2.411587e+003,2.087967e+001
2.412069e+003,2.087613e+001
2.412551e+003,2.087248e+001
2.413033e+003,2.086878e+001
2.413516e+003,2.086513e+001
2.413998e+003,2.086156e+001
2.414480e+003,2.085805e+001
2.414962e+003,2.085452e+001
2.415444e+003,2.085086e+001
2.415926e+003,2.084701e+001
2.416408e+003,2.084301e+001
2.416890e+003,2.083894e+001
2.417373e+003,2.083494e+001
2.417855e+003,2.083105e+001
2.418337e+003,2.082729e+001
2.418819e+003,2.082357e+001
2.419301e+003,2.081979e+001
2.419783e+003,2.081587e+001
2.420265e+003,2.081182e+001
2.420747e+003,2.080771e+001
2.421229e+003,2.080363e+001
2.421712e+003,2.079963e+001
2.422194e+003,2.079571e+001
2.422676e+003,2.079180e+001
2.423158e+003,2.078783e+001
2.423640e+003,2.078377e+001
2.424122e+003,2.077966e+001
2.424604e+003,2.077559e+001
2.425086e+003,2.077164e+001
2.425569e+003,2.076787e+001
2.426051e+003,2.076421e+001
2.426533e+003,2.076057e+001
2.427015e+003,2.075681e+001
2.427497e+003,2.075285e+001
2.427979e+003,2.074869e+001
2.428461e+003,2.074443e+001
2.428944e+003,2.074018e+001
2.429426e+003,2.073602e+001
2.429908e+003,2.073196e+001
2.430390e+003,2.072795e+001
2.430872e+003,2.072391e+001
2.431354e+003,2.071979e+001
2.431836e+003,2.071560e+001
2.432318e+003,2.071144e+001
2.432801e+003,2.070738e+001
2.433283e+003,2.070348e+001
2.433765e+003,2.069971e+001
2.434247e+003,2.069600e+001
2.434729e+003,2.069223e+001
2.435211e+003,2.068833e+001
2.435693e+003,2.068430e+001
2.436175e+003,2.068020e+001
2.436657e+003,2.067612e+001
2.437140e+003,2.067212e+001
2.437622e+003,2.066819e+001
2.438104e+003,2.066426e+001
2.438586e+003,2.066026e+001
2.439068e+003,2.065612e+001
2.439550e+003,2.065188e+001
2.440032e+003,2.064761e+001
2.440514e+003,2.064338e+001
2.440997e+003,2.063926e+001
2.441479e+003,2.063522e+001
2.441961e+003,2.063119e+001
2.442443e+003,2.062707e+001
2.442925e+003,2.062282e+001
2.443407e+003,2.061845e+001
2.443889e+003,2.061406e+001
2.444372e+003,2.060973e+001
2.444854e+003,2.060554e+001
2.445336e+003,2.060147e+001
2.445818e+003,2.059746e+001
2.446300e+003,2.059342e+001
2.446782e+003,2.058930e+001
2.447264e+003,2.058510e+001
2.447746e+003,2.058090e+001
2.448229e+003,2.057680e+001
2.448711e+003,2.057285e+001
2.449193e+003,2.056903e+001
2.449675e+003,2.056525e+001
2.450157e+003,2.056141e+001
2.450639e+003,2.055743e+001
2.451121e+003,2.055330e+001
2.451604e+003,2.054906e+001
2.452085e+003,2.054481e+001
2.452568e+003,2.054057e+001
2.453050e+003,2.053635e+001
2.453532e+003,2.053209e+001
2.454014e+003,2.052770e+001
2.454496e+003,2.052316e+001
2.454978e+003,2.051848e+001
2.455460e+003,2.051375e+001
2.455943e+003,2.050904e+001
2.456425e+003,2.050444e+001
2.456907e+003,2.049996e+001
2.457389e+003,2.049553e+001
2.457871e+003,2.049112e+001
2.458353e+003,2.048667e+001
2.458835e+003,2.048222e+001
2.459317e+003,2.047783e+001
2.459800e+003,2.047357e+001
2.460282e+003,2.046948e+001
2.460764e+003,2.046549e+001
2.461246e+003,2.046151e+001
2.461728e+003,2.045740e+001
2.462210e+003,2.045309e+001
2.462692e+003,2.044857e+001
2.463174e+003,2.044390e+001
2.463656e+003,2.043920e+001
2.464139e+003,2.043454e+001
2.464621e+003,2.042996e+001
2.465103e+003,2.042541e+001
2.465585e+003,2.042086e+001
2.466067e+003,2.041625e+001
2.466549e+003,2.041162e+001
2.467031e+003,2.040705e+001
2.467513e+003,2.040260e+001
2.467996e+003,2.039832e+001
2.468478e+003,2.039421e+001
2.468960e+003,2.039017e+001
2.469442e+003,2.038611e+001
2.469924e+003,2.038196e+001
2.470406e+003,2.037770e+001
2.470888e+003,2.037337e+001
2.471371e+003,2.036905e+001
2.471853e+003,2.036476e+001
2.472335e+003,2.036052e+001
2.472817e+003,2.035627e+001
2.473299e+003,2.035194e+001
2.473781e+003,2.034749e+001
2.474263e+003,2.034295e+001
2.474745e+003,2.033835e+001
2.475228e+003,2.033378e+001
2.475710e+003,2.032925e+001
2.476192e+003,2.032474e+001
2.476674e+003,2.032016e+001
2.477156e+003,2.031543e+001
2.477638e+003,2.031053e+001
2.478120e+003,2.030547e+001
2.478602e+003,2.030037e+001
2.479084e+003,2.029534e+001
2.479567e+003,2.029045e+001
2.480049e+003,2.028572e+001
2.480531e+003,2.028109e+001
2.481013e+003,2.027649e+001
2.481495e+003,2.027182e+001
2.481977e+003,2.026709e+001
2.482459e+003,2.026234e+001
2.482941e+003,2.025761e+001
2.483424e+003,2.025296e+001
2.483906e+003,2.024836e+001
2.484388e+003,2.024375e+001
2.484870e+003,2.023907e+001
2.485352e+003,2.023429e+001
2.485834e+003,2.022943e+001
2.486316e+003,2.022455e+001
2.486799e+003,2.021973e+001
2.487281e+003,2.021504e+001
2.487763e+003,2.021045e+001
2.488245e+003,2.020588e+001
2.488727e+003,2.020125e+001
2.489209e+003,2.019650e+001
2.489691e+003,2.019159e+001
2.490173e+003,2.018660e+001
2.490656e+003,2.018161e+001
2.491138e+003,2.017666e+001
2.491620e+003,2.017179e+001
2.492102e+003,2.016698e+001
2.492584e+003,2.016217e+001
2.493066e+003,2.015736e+001
2.493548e+003,2.015257e+001
2.494030e+003,2.014788e+001
2.494512e+003,2.014335e+001
2.494995e+003,2.013900e+001
2.495477e+003,2.013479e+001
2.495959e+003,2.013062e+001
2.496441e+003,2.012638e+001
2.496923e+003,2.012197e+001
2.497405e+003,2.011736e+001
2.497887e+003,2.011261e+001
2.498370e+003,2.010778e+001
2.498852e+003,2.010294e+001
2.499334e+003,2.009809e+001
2.499816e+003,2.009323e+001
2.500298e+003,2.008831e+001
2.500780e+003,2.008334e+001
2.501262e+003,2.007836e+001
2.501744e+003,2.007345e+001
2.502227e+003,2.006870e+001
2.502709e+003,2.006414e+001
2.503191e+003,2.005976e+001
2.503673e+003,2.005548e+001
2.504155e+003,2.005120e+001
2.504637e+003,2.004683e+001
2.505119e+003,2.004238e+001
2.505601e+003,2.003786e+001
2.506083e+003,2.003335e+001
2.506566e+003,2.002887e+001
2.507048e+003,2.002441e+001
2.507530e+003,2.001993e+001
2.508012e+003,2.001538e+001
2.508494e+003,2.001073e+001
2.508976e+003,2.000602e+001
2.509458e+003,2.000131e+001
2.509940e+003,1.999669e+001
2.510423e+003,1.999218e+001
2.510905e+003,1.998776e+001
2.511387e+003,1.998333e+001
2.511869e+003,1.997878e+001
2.512351e+003,1.997405e+001
2.512833e+003,1.996915e+001
2.513315e+003,1.996414e+001
2.513798e+003,1.995912e+001
2.514280e+003,1.995419e+001
2.514762e+003,1.994937e+001
2.515244e+003,1.994465e+001
2.515726e+003,1.993999e+001
2.516208e+003,1.993535e+001
2.516690e+003,1.993073e+001
2.517172e+003,1.992617e+001
2.517655e+003,1.992172e+001
2.518137e+003,1.991739e+001
2.518619e+003,1.991316e+001
2.519101e+003,1.990893e+001
2.519583e+003,1.990462e+001
2.520065e+003,1.990016e+001
2.520547e+003,1.989557e+001
2.521029e+003,1.989088e+001
2.521511e+003,1.988620e+001
2.521994e+003,1.988158e+001
2.522476e+003,1.987703e+001
2.522958e+003,1.987249e+001
2.523440e+003,1.986792e+001
2.523922e+003,1.986326e+001
2.524404e+003,1.985852e+001
2.524886e+003,1.985376e+001
2.525368e+003,1.984904e+001
2.525851e+003,1.984441e+001
2.526333e+003,1.983989e+001
2.526815e+003,1.983543e+001
2.527297e+003,1.983096e+001
2.527779e+003,1.982644e+001
2.528261e+003,1.982188e+001
2.528743e+003,1.981730e+001
2.529226e+003,1.981277e+001
2.529708e+003,1.980831e+001
2.530190e+003,1.980390e+001
2.530672e+003,1.979949e+001
2.531154e+003,1.979502e+001
2.531636e+003,1.979045e+001
2.532118e+003,1.978580e+001
2.532600e+003,1.978112e+001
2.533083e+003,1.977649e+001
2.533565e+003,1.977193e+001
2.534047e+003,1.976744e+001
2.534529e+003,1.976295e+001
2.535011e+003,1.975841e+001
2.535493e+003,1.975377e+001
2.535975e+003,1.974906e+001
2.536457e+003,1.974434e+001
2.536939e+003,1.973970e+001
2.537422e+003,1.973519e+001
2.537904e+003,1.973079e+001
2.538386e+003,1.972645e+001
2.538868e+003,1.972210e+001
2.539350e+003,1.971769e+001
2.539832e+003,1.971320e+001
2.540314e+003,1.970869e+001
2.540796e+003,1.970420e+001
2.541279e+003,1.969978e+001
2.541761e+003,1.969539e+001
2.542243e+003,1.969099e+001
2.542725e+003,1.968653e+001
2.543207e+003,1.968196e+001
2.543689e+003,1.967731e+001
2.544171e+003,1.967267e+001
2.544654e+003,1.966812e+001
2.545135e+003,1.966370e+001
2.545618e+003,1.965943e+001
2.546100e+003,1.965523e+001
2.546582e+003,1.965104e+001
2.547064e+003,1.964678e+001
2.547546e+003,1.964246e+001
2.548028e+003,1.963809e+001
2.548510e+003,1.963375e+001
2.548993e+003,1.962947e+001
2.549475e+003,1.962524e+001
2.549957e+003,1.962102e+001
2.550439e+003,1.961675e+001
2.550921e+003,1.961242e+001
2.551403e+003,1.960804e+001
2.551885e+003,1.960367e+001
2.552367e+003,1.959937e+001
2.552850e+003,1.959519e+001
2.553332e+003,1.959111e+001
2.553814e+003,1.958707e+001
2.554296e+003,1.958298e+001
2.554778e+003,1.957879e+001
2.555260e+003,1.957450e+001
2.555742e+003,1.957017e+001
2.556224e+003,1.956583e+001
2.556707e+003,1.956155e+001
2.557189e+003,1.955731e+001
2.557671e+003,1.955305e+001
2.558153e+003,1.954872e+001
2.558635e+003,1.954427e+001
2.559117e+003,1.953972e+001
2.559599e+003,1.953515e+001
2.560082e+003,1.953062e+001
2.560563e+003,1.952620e+001
2.561046e+003,1.952188e+001
2.561528e+003,1.951763e+001
2.562010e+003,1.951336e+001
2.562492e+003,1.950902e+001
2.562974e+003,1.950458e+001
2.563456e+003,1.950008e+001
2.563938e+003,1.949559e+001
2.564421e+003,1.949114e+001
2.564903e+003,1.948676e+001
2.565385e+003,1.948241e+001
2.565867e+003,1.947805e+001
2.566349e+003,1.947365e+001
2.566831e+003,1.946923e+001
2.567313e+003,1.946482e+001
2.567795e+003,1.946047e+001
2.568278e+003,1.945621e+001
2.568760e+003,1.945201e+001
2.569242e+003,1.944784e+001
2.569724e+003,1.944361e+001
2.570206e+003,1.943933e+001
2.570688e+003,1.943498e+001
2.571170e+003,1.943063e+001
2.571652e+003,1.942634e+001
2.572135e+003,1.942211e+001
2.572617e+003,1.941794e+001
2.573099e+003,1.941376e+001
2.573581e+003,1.940948e+001
2.574063e+003,1.940507e+001
2.574545e+003,1.940054e+001
2.575027e+003,1.939596e+001
2.575510e+003,1.939142e+001
2.575991e+003,1.938697e+001
2.576474e+003,1.938262e+001
2.576956e+003,1.937834e+001
2.577438e+003,1.937405e+001
2.577920e+003,1.936971e+001
2.578402e+003,1.936530e+001
2.578884e+003,1.936084e+001
2.579366e+003,1.935638e+001
2.579849e+003,1.935196e+001
2.580331e+003,1.934757e+001
2.580813e+003,1.934318e+001
2.581295e+003,1.933873e+001
2.581777e+003,1.933422e+001
2.582259e+003,1.932965e+001
2.582741e+003,1.932510e+001
2.583223e+003,1.932062e+001
2.583706e+003,1.931624e+001
2.584188e+003,1.931195e+001
2.584670e+003,1.930769e+001
2.585152e+003,1.930338e+001
2.585634e+003,1.929900e+001
2.586116e+003,1.929454e+001
2.586598e+003,1.929006e+001
2.587080e+003,1.928561e+001
2.587563e+003,1.928124e+001
2.588045e+003,1.927696e+001
2.588527e+003,1.927271e+001
2.589009e+003,1.926843e+001
2.589491e+003,1.926407e+001
2.589973e+003,1.925963e+001
2.590455e+003,1.925514e+001
2.590938e+003,1.925066e+001
2.591419e+003,1.924622e+001
2.591902e+003,1.924182e+001
2.592384e+003,1.923743e+001
2.592866e+003,1.923301e+001
2.593348e+003,1.922856e+001
2.593830e+003,1.922408e+001
2.594312e+003,1.921963e+001
2.594794e+003,1.921526e+001
2.595277e+003,1.921100e+001
2.595759e+003,1.920683e+001
2.596241e+003,1.920268e+001
2.596723e+003,1.919847e+001
2.597205e+003,1.919417e+001
2.597687e+003,1.918979e+001
2.598169e+003,1.918537e+001
2.598651e+003,1.918098e+001
2.599134e+003,1.917666e+001
2.599616e+003,1.917242e+001
2.600098e+003,1.916821e+001
2.600580e+003,1.916395e+001
2.601062e+003,1.915962e+001
2.601544e+003,1.915522e+001
2.602026e+003,1.915079e+001
2.602508e+003,1.914637e+001
2.602990e+003,1.914199e+001
2.603473e+003,1.913763e+001
2.603955e+003,1.913324e+001
2.604437e+003,1.912877e+001
2.604919e+003,1.912417e+001
2.605401e+003,1.911949e+001
2.605883e+003,1.911479e+001
2.606365e+003,1.911016e+001
2.606847e+003,1.910566e+001
2.607330e+003,1.910127e+001
2.607812e+003,1.909696e+001
2.608294e+003,1.909264e+001
2.608776e+003,1.908826e+001
2.609258e+003,1.908380e+001
2.609740e+003,1.907929e+001
2.610222e+003,1.907480e+001
2.610705e+003,1.907035e+001
2.611187e+003,1.906594e+001
2.611669e+003,1.906155e+001
2.612151e+003,1.905713e+001
2.612633e+003,1.905263e+001
2.613115e+003,1.904807e+001
2.613597e+003,1.904348e+001
2.614079e+003,1.903893e+001
2.614562e+003,1.903444e+001
2.615044e+003,1.903001e+001
2.615526e+003,1.902558e+001
2.616008e+003,1.902110e+001
2.616490e+003,1.901654e+001
2.616972e+003,1.901190e+001
2.617454e+003,1.900722e+001
2.617936e+003,1.900257e+001
2.618418e+003,1.899798e+001
2.618901e+003,1.899345e+001
2.619383e+003,1.898895e+001
2.619865e+003,1.898441e+001
2.620347e+003,1.897982e+001
2.620829e+003,1.897520e+001
2.621311e+003,1.897058e+001
2.621793e+003,1.896603e+001
2.622276e+003,1.896158e+001
2.622758e+003,1.895721e+001
2.623240e+003,1.895286e+001
2.623722e+003,1.894845e+001
2.624204e+003,1.894391e+001
2.624686e+003,1.893924e+001
2.625168e+003,1.893446e+001
2.625650e+003,1.892963e+001
2.626133e+003,1.892480e+001
2.626615e+003,1.891998e+001
2.627097e+003,1.891516e+001
2.627579e+003,1.891032e+001
2.628061e+003,1.890545e+001
2.628543e+003,1.890056e+001
2.629025e+003,1.889572e+001
2.629507e+003,1.889100e+001
2.629990e+003,1.888641e+001
2.630472e+003,1.888194e+001
2.630954e+003,1.887753e+001
2.631436e+003,1.887311e+001
2.631918e+003,1.886862e+001
2.632400e+003,1.886404e+001
2.632882e+003,1.885939e+001
2.633364e+003,1.885472e+001
2.633846e+003,1.885006e+001
2.634329e+003,1.884538e+001
2.634811e+003,1.884065e+001
2.635293e+003,1.883584e+001
2.635775e+003,1.883092e+001
2.636257e+003,1.882593e+001
2.636739e+003,1.882095e+001
2.637221e+003,1.881606e+001
2.637704e+003,1.881131e+001
2.638186e+003,1.880671e+001
2.638668e+003,1.880220e+001
2.639150e+003,1.879771e+001
2.639632e+003,1.879320e+001
2.640114e+003,1.878861e+001
2.640596e+003,1.878395e+001
2.641078e+003,1.877926e+001
2.641561e+003,1.877454e+001
2.642043e+003,1.876978e+001
2.642525e+003,1.876494e+001
2.643007e+003,1.875999e+001
2.643489e+003,1.875491e+001
2.643971e+003,1.874975e+001
2.644453e+003,1.874457e+001
2.644935e+003,1.873945e+001
2.645417e+003,1.873445e+001
2.645900e+003,1.872956e+001
2.646382e+003,1.872474e+001
2.646864e+003,1.871992e+001
2.647346e+003,1.871507e+001
2.647828e+003,1.871016e+001
2.648310e+003,1.870523e+001
2.648792e+003,1.870031e+001
2.649274e+003,1.869545e+001
2.649757e+003,1.869063e+001
2.650239e+003,1.868582e+001
2.650721e+003,1.868097e+001
2.651203e+003,1.867606e+001
2.651685e+003,1.867110e+001
2.652167e+003,1.866615e+001
2.652649e+003,1.866125e+001
2.653132e+003,1.865647e+001
2.653614e+003,1.865179e+001
2.654096e+003,1.864716e+001
2.654578e+003,1.864252e+001
2.655060e+003,1.863783e+001
2.655542e+003,1.863305e+001
2.656024e+003,1.862822e+001
2.656506e+003,1.862336e+001
2.656989e+003,1.861851e+001
2.657471e+003,1.861366e+001
2.657953e+003,1.860877e+001
2.658435e+003,1.860382e+001
2.658917e+003,1.859881e+001
2.659399e+003,1.859375e+001
2.659881e+003,1.858869e+001
2.660363e+003,1.858368e+001
2.660845e+003,1.857872e+001
2.661328e+003,1.857381e+001
2.661810e+003,1.856887e+001
2.662292e+003,1.856385e+001
2.662774e+003,1.855873e+001
2.663256e+003,1.855352e+001
2.663738e+003,1.854830e+001
2.664220e+003,1.854317e+001
2.664702e+003,1.853820e+001
2.665185e+003,1.853341e+001
2.665667e+003,1.852878e+001
2.666149e+003,1.852424e+001
2.666631e+003,1.851973e+001
2.667113e+003,1.851521e+001
2.667595e+003,1.851067e+001
2.668077e+003,1.850609e+001
2.668560e+003,1.850147e+001
2.669042e+003,1.849680e+001
2.669524e+003,1.849204e+001
2.670006e+003,1.848717e+001
2.670488e+003,1.848223e+001
2.670970e+003,1.847727e+001
2.671452e+003,1.847237e+001
2.671934e+003,1.846761e+001
2.672417e+003,1.846302e+001
2.672899e+003,1.845856e+001
2.673381e+003,1.845415e+001
2.673863e+003,1.844973e+001
2.674345e+003,1.844522e+001
2.674827e+003,1.844062e+001
2.675309e+003,1.843599e+001
2.675791e+003,1.843140e+001
2.676273e+003,1.842690e+001
2.676756e+003,1.842250e+001
2.677238e+003,1.841818e+001
2.677720e+003,1.841389e+001
2.678202e+003,1.840957e+001
2.678684e+003,1.840522e+001
2.679166e+003,1.840086e+001
2.679648e+003,1.839652e+001
2.680130e+003,1.839221e+001
2.680613e+003,1.838794e+001
2.681095e+003,1.838363e+001
2.681577e+003,1.837924e+001
2.682059e+003,1.837475e+001
2.682541e+003,1.837015e+001
2.683023e+003,1.836548e+001
2.683505e+003,1.836080e+001
2.683988e+003,1.835614e+001
2.684469e+003,1.835149e+001
2.684952e+003,1.834681e+001
2.685434e+003,1.834208e+001
2.685916e+003,1.833725e+001
2.686398e+003,1.833237e+001
2.686880e+003,1.832747e+001
2.687362e+003,1.832263e+001
2.687844e+003,1.831788e+001
2.688327e+003,1.831322e+001
2.688809e+003,1.830861e+001
2.689291e+003,1.830396e+001
2.689773e+003,1.829924e+001
2.690255e+003,1.829442e+001
2.690737e+003,1.828953e+001
2.691219e+003,1.828459e+001
2.691701e+003,1.827962e+001
2.692184e+003,1.827463e+001
2.692666e+003,1.826958e+001
2.693148e+003,1.826446e+001
2.693630e+003,1.825925e+001
2.694112e+003,1.825401e+001
2.694594e+003,1.824879e+001
2.695076e+003,1.824367e+001
2.695558e+003,1.823870e+001
2.696041e+003,1.823385e+001
2.696523e+003,1.822908e+001
2.697005e+003,1.822431e+001
2.697487e+003,1.821949e+001
2.697969e+003,1.821460e+001
2.698451e+003,1.820964e+001
2.698933e+003,1.820467e+001
2.699416e+003,1.819970e+001
2.699897e+003,1.819474e+001
2.700380e+003,1.818977e+001
2.700862e+003,1.818477e+001
2.701344e+003,1.817972e+001
2.701826e+003,1.817466e+001
2.702308e+003,1.816964e+001
2.702790e+003,1.816470e+001
2.703272e+003,1.815987e+001
2.703755e+003,1.815512e+001
2.704237e+003,1.815038e+001
2.704719e+003,1.814558e+001
2.705201e+003,1.814068e+001
2.705683e+003,1.813566e+001
2.706165e+003,1.813058e+001
2.706647e+003,1.812550e+001
2.707129e+003,1.812045e+001
2.707612e+003,1.811547e+001
2.708094e+003,1.811054e+001
2.708576e+003,1.810562e+001
2.709058e+003,1.810070e+001
2.709540e+003,1.809577e+001
2.710022e+003,1.809088e+001
2.710504e+003,1.808606e+001
2.710986e+003,1.808132e+001
2.711469e+003,1.807664e+001
2.711951e+003,1.807197e+001
2.712433e+003,1.806725e+001
2.712915e+003,1.806242e+001
2.713397e+003,1.805750e+001
2.713879e+003,1.805252e+001
2.714361e+003,1.804753e+001
2.714844e+003,1.804258e+001
2.715325e+003,1.803766e+001
2.715808e+003,1.803275e+001
2.716290e+003,1.802778e+001
2.716772e+003,1.802274e+001
2.717254e+003,1.801762e+001
2.717736e+003,1.801248e+001
2.718218e+003,1.800735e+001
2.718700e+003,1.800229e+001
2.719183e+003,1.799732e+001
2.719665e+003,1.799242e+001
2.720147e+003,1.798756e+001
2.720629e+003,1.798275e+001
2.721111e+003,1.797800e+001
2.721593e+003,1.797334e+001
2.722075e+003,1.796882e+001
2.722557e+003,1.796444e+001
2.723040e+003,1.796017e+001
2.723522e+003,1.795594e+001
2.724004e+003,1.795166e+001
2.724486e+003,1.794728e+001
2.724968e+003,1.794278e+001
2.725450e+003,1.793817e+001
2.725932e+003,1.793348e+001
2.726414e+003,1.792872e+001
2.726896e+003,1.792390e+001
2.727379e+003,1.791898e+001
2.727861e+003,1.791395e+001
2.728343e+003,1.790879e+001
2.728825e+003,1.790354e+001
2.729307e+003,1.789827e+001
2.729789e+003,1.789306e+001
2.730271e+003,1.788797e+001
2.730753e+003,1.788300e+001
2.731236e+003,1.787812e+001
2.731718e+003,1.787329e+001
2.732200e+003,1.786847e+001
2.732682e+003,1.786367e+001
2.733164e+003,1.785889e+001
2.733646e+003,1.785416e+001
2.734128e+003,1.784949e+001
2.734611e+003,1.784486e+001
2.735093e+003,1.784023e+001
2.735575e+003,1.783553e+001
2.736057e+003,1.783075e+001
2.736539e+003,1.782590e+001
2.737021e+003,1.782103e+001
2.737503e+003,1.781622e+001
2.737985e+003,1.781149e+001
2.738468e+003,1.780686e+001
2.738950e+003,1.780231e+001
2.739432e+003,1.779778e+001
2.739914e+003,1.779326e+001
2.740396e+003,1.778873e+001
2.740878e+003,1.778421e+001
2.741360e+003,1.777975e+001
2.741842e+003,1.777534e+001
2.742324e+003,1.777097e+001
2.742807e+003,1.776661e+001
2.743289e+003,1.776223e+001
2.743771e+003,1.775782e+001
2.744253e+003,1.775340e+001
2.744735e+003,1.774905e+001
2.745217e+003,1.774480e+001
2.745699e+003,1.774067e+001
2.746182e+003,1.773664e+001
2.746664e+003,1.773265e+001
2.747146e+003,1.772860e+001
2.747628e+003,1.772443e+001
2.748110e+003,1.772013e+001
2.748592e+003,1.771572e+001
2.749074e+003,1.771125e+001
2.749556e+003,1.770676e+001
2.750039e+003,1.770226e+001
2.750521e+003,1.769775e+001
2.751003e+003,1.769320e+001
2.751485e+003,1.768863e+001
2.751967e+003,1.768403e+001
2.752449e+003,1.767946e+001
2.752931e+003,1.767495e+001
2.753413e+003,1.767053e+001
2.753896e+003,1.766617e+001
2.754378e+003,1.766184e+001
2.754860e+003,1.765747e+001
2.755342e+003,1.765305e+001
2.755824e+003,1.764856e+001
2.756306e+003,1.764406e+001
2.756788e+003,1.763958e+001
2.757270e+003,1.763515e+001
2.757752e+003,1.763076e+001
2.758235e+003,1.762637e+001
2.758717e+003,1.762192e+001
2.759199e+003,1.761739e+001
2.759681e+003,1.761277e+001
2.760163e+003,1.760811e+001
2.760645e+003,1.760345e+001
2.761127e+003,1.759880e+001
2.761610e+003,1.759417e+001
2.762092e+003,1.758951e+001
2.762574e+003,1.758477e+001
2.763056e+003,1.757993e+001
2.763538e+003,1.757501e+001
2.764020e+003,1.757004e+001
2.764502e+003,1.756508e+001
2.764984e+003,1.756018e+001
2.765467e+003,1.755536e+001
2.765949e+003,1.755060e+001
2.766431e+003,1.754585e+001
2.766913e+003,1.754111e+001
2.767395e+003,1.753638e+001
2.767877e+003,1.753166e+001
2.768359e+003,1.752699e+001
2.768841e+003,1.752235e+001
2.769323e+003,1.751773e+001
2.769806e+003,1.751308e+001
2.770288e+003,1.750836e+001
2.770770e+003,1.750356e+001
2.771252e+003,1.749871e+001
2.771734e+003,1.749386e+001
2.772216e+003,1.748907e+001
2.772698e+003,1.748437e+001
2.773180e+003,1.747973e+001
2.773663e+003,1.747510e+001
2.774145e+003,1.747041e+001
2.774627e+003,1.746560e+001
2.775109e+003,1.746067e+001
2.775591e+003,1.745564e+001
2.776073e+003,1.745057e+001
2.776555e+003,1.744548e+001
2.777038e+003,1.744040e+001
2.777520e+003,1.743531e+001
2.778002e+003,1.743018e+001
2.778484e+003,1.742498e+001
2.778966e+003,1.741973e+001
2.779448e+003,1.741446e+001
2.779930e+003,1.740921e+001
2.780412e+003,1.740401e+001
2.780895e+003,1.739883e+001
2.781377e+003,1.739365e+001
2.781859e+003,1.738841e+001
2.782341e+003,1.738310e+001
2.782823e+003,1.737773e+001
2.783305e+003,1.737233e+001
2.783787e+003,1.736696e+001
2.784269e+003,1.736164e+001
2.784751e+003,1.735637e+001
2.785234e+003,1.735113e+001
2.785716e+003,1.734587e+001
2.786198e+003,1.734056e+001
2.786680e+003,1.733523e+001
2.787162e+003,1.732991e+001
2.787644e+003,1.732465e+001
2.788126e+003,1.731949e+001
2.788608e+003,1.731443e+001
2.789091e+003,1.730943e+001
2.789573e+003,1.730443e+001
2.790055e+003,1.729942e+001
2.790537e+003,1.729436e+001
2.791019e+003,1.728929e+001
2.791501e+003,1.728422e+001
2.791983e+003,1.727917e+001
2.792466e+003,1.727413e+001
2.792948e+003,1.726905e+001
2.793430e+003,1.726390e+001
2.793912e+003,1.725863e+001
2.794394e+003,1.725328e+001
2.794876e+003,1.724787e+001
2.795358e+003,1.724246e+001
2.795840e+003,1.723709e+001
2.796323e+003,1.723174e+001
2.796805e+003,1.722640e+001
2.797287e+003,1.722101e+001
2.797769e+003,1.721555e+001
2.798251e+003,1.721000e+001
2.798733e+003,1.720440e+001
2.799215e+003,1.719879e+001
2.799697e+003,1.719320e+001
2.800179e+003,1.718764e+001
2.800662e+003,1.718213e+001
2.801144e+003,1.717664e+001
2.801626e+003,1.717118e+001
2.802108e+003,1.716578e+001
2.802590e+003,1.716046e+001
2.803072e+003,1.715525e+001
2.803554e+003,1.715015e+001
2.804036e+003,1.714512e+001
2.804519e+003,1.714009e+001
2.805001e+003,1.713501e+001
2.805483e+003,1.712984e+001
2.805965e+003,1.712458e+001
2.806447e+003,1.711928e+001
2.806929e+003,1.711397e+001
2.807411e+003,1.710869e+001
2.807894e+003,1.710341e+001
2.808375e+003,1.709811e+001
2.808858e+003,1.709273e+001
2.809340e+003,1.708724e+001
2.809822e+003,1.708164e+001
2.810304e+003,1.707597e+001
2.810786e+003,1.707029e+001
2.811268e+003,1.706464e+001
2.811750e+003,1.705904e+001
2.812233e+003,1.705348e+001
2.812715e+003,1.704793e+001
2.813197e+003,1.704237e+001
2.813679e+003,1.703681e+001
2.814161e+003,1.703125e+001
2.814643e+003,1.702571e+001
2.815125e+003,1.702019e+001
2.815607e+003,1.701468e+001
2.816090e+003,1.700912e+001
2.816572e+003,1.700349e+001
2.817054e+003,1.699776e+001
2.817536e+003,1.699196e+001
2.818018e+003,1.698612e+001
2.818500e+003,1.698029e+001
2.818982e+003,1.697449e+001
2.819464e+003,1.696870e+001
2.819947e+003,1.696289e+001
2.820429e+003,1.695699e+001
2.820911e+003,1.695098e+001
2.821393e+003,1.694487e+001
2.821875e+003,1.693870e+001
2.822357e+003,1.693250e+001
2.822839e+003,1.692631e+001
2.823322e+003,1.692013e+001
2.823803e+003,1.691393e+001
2.824286e+003,1.690767e+001
2.824768e+003,1.690132e+001
2.825250e+003,1.689486e+001
2.825732e+003,1.688831e+001
2.826214e+003,1.688170e+001
2.826696e+003,1.687505e+001
2.827178e+003,1.686833e+001
2.827661e+003,1.686153e+001
2.828143e+003,1.685461e+001
2.828625e+003,1.684757e+001
2.829107e+003,1.684041e+001
2.829589e+003,1.683317e+001
2.830071e+003,1.682587e+001
2.830553e+003,1.681851e+001
2.831035e+003,1.681105e+001
2.831518e+003,1.680343e+001
2.832000e+003,1.679560e+001
2.832482e+003,1.678752e+001
2.832964e+003,1.677917e+001
2.833446e+003,1.677060e+001
2.833928e+003,1.676184e+001
2.834410e+003,1.675290e+001
2.834892e+003,1.674376e+001
2.835375e+003,1.673437e+001
2.835857e+003,1.672466e+001
2.836339e+003,1.671459e+001
2.836821e+003,1.670411e+001
2.837303e+003,1.669321e+001
2.837785e+003,1.668186e+001
2.838267e+003,1.667004e+001
2.838750e+003,1.665767e+001
2.839231e+003,1.664469e+001
2.839714e+003,1.663100e+001
2.840196e+003,1.661655e+001
2.840678e+003,1.660131e+001
2.841160e+003,1.658531e+001
2.841642e+003,1.656857e+001
2.842124e+003,1.655109e+001
2.842606e+003,1.653288e+001
2.843089e+003,1.651392e+001
2.843571e+003,1.649422e+001
2.844053e+003,1.647382e+001
2.844535e+003,1.645280e+001
2.845017e+003,1.643129e+001
2.845499e+003,1.640944e+001
2.845981e+003,1.638743e+001
2.846463e+003,1.636539e+001
2.846946e+003,1.634349e+001
2.847428e+003,1.632189e+001
2.847910e+003,1.630080e+001
2.848392e+003,1.628048e+001
2.848874e+003,1.626123e+001
2.849356e+003,1.624334e+001
2.849838e+003,1.622703e+001
2.850320e+003,1.621250e+001
2.850802e+003,1.619981e+001
2.851285e+003,1.618898e+001
2.851767e+003,1.617999e+001
2.852249e+003,1.617276e+001
2.852731e+003,1.616721e+001
2.853213e+003,1.616324e+001
2.853695e+003,1.616071e+001
2.854177e+003,1.615946e+001
2.854659e+003,1.615933e+001
2.855142e+003,1.616013e+001
2.855624e+003,1.616172e+001
2.856106e+003,1.616398e+001
2.856588e+003,1.616683e+001
2.857070e+003,1.617017e+001
2.857552e+003,1.617390e+001
2.858034e+003,1.617789e+001
2.858517e+003,1.618201e+001
2.858999e+003,1.618611e+001
2.859481e+003,1.619010e+001
2.859963e+003,1.619392e+001
2.860445e+003,1.619754e+001
2.860927e+003,1.620095e+001
2.861409e+003,1.620412e+001
2.861891e+003,1.620700e+001
2.862374e+003,1.620954e+001
2.862856e+003,1.621165e+001
2.863338e+003,1.621330e+001
2.863820e+003,1.621448e+001
2.864302e+003,1.621521e+001
2.864784e+003,1.621549e+001
2.865266e+003,1.621534e+001
2.865748e+003,1.621473e+001
2.866230e+003,1.621361e+001
2.866713e+003,1.621195e+001
2.867195e+003,1.620974e+001
2.867677e+003,1.620705e+001
2.868159e+003,1.620397e+001
2.868641e+003,1.620061e+001
2.869123e+003,1.619709e+001
2.869605e+003,1.619350e+001
2.870088e+003,1.618990e+001
2.870570e+003,1.618631e+001
2.871052e+003,1.618278e+001
2.871534e+003,1.617936e+001
2.872016e+003,1.617609e+001
2.872498e+003,1.617304e+001
2.872980e+003,1.617023e+001
2.873462e+003,1.616766e+001
2.873945e+003,1.616530e+001
2.874427e+003,1.616310e+001
2.874909e+003,1.616104e+001
2.875391e+003,1.615909e+001
2.875873e+003,1.615724e+001
2.876355e+003,1.615545e+001
2.876837e+003,1.615371e+001
2.877319e+003,1.615192e+001
2.877802e+003,1.615002e+001
2.878284e+003,1.614793e+001
2.878766e+003,1.614563e+001
2.879248e+003,1.614312e+001
2.879730e+003,1.614042e+001
2.880212e+003,1.613757e+001
2.880694e+003,1.613455e+001
2.881176e+003,1.613133e+001
2.881658e+003,1.612782e+001
2.882141e+003,1.612394e+001
2.882623e+003,1.611964e+001
2.883105e+003,1.611491e+001
2.883587e+003,1.610978e+001
2.884069e+003,1.610430e+001
2.884551e+003,1.609851e+001
2.885033e+003,1.609245e+001
2.885516e+003,1.608608e+001
2.885998e+003,1.607940e+001
2.886480e+003,1.607236e+001
2.886962e+003,1.606500e+001
2.887444e+003,1.605732e+001
2.887926e+003,1.604936e+001
2.888408e+003,1.604115e+001
2.888890e+003,1.603267e+001
2.889373e+003,1.602391e+001
2.889855e+003,1.601484e+001
2.890337e+003,1.600546e+001
2.890819e+003,1.599580e+001
2.891301e+003,1.598591e+001
2.891783e+003,1.597587e+001
2.892265e+003,1.596577e+001
2.892747e+003,1.595566e+001
2.893229e+003,1.594558e+001
2.893712e+003,1.593556e+001
2.894194e+003,1.592562e+001
2.894676e+003,1.591577e+001
2.895158e+003,1.590601e+001
2.895640e+003,1.589633e+001
2.896122e+003,1.588667e+001
2.896604e+003,1.587697e+001
2.897086e+003,1.586714e+001
2.897569e+003,1.585711e+001
2.898051e+003,1.584686e+001
2.898533e+003,1.583641e+001
2.899015e+003,1.582580e+001
2.899497e+003,1.581509e+001
2.899979e+003,1.580429e+001
2.900461e+003,1.579339e+001
2.900944e+003,1.578235e+001
2.901426e+003,1.577112e+001
2.901908e+003,1.575965e+001
2.902390e+003,1.574792e+001
2.902872e+003,1.573594e+001
2.903354e+003,1.572374e+001
2.903836e+003,1.571133e+001
2.904318e+003,1.569874e+001
2.904801e+003,1.568598e+001
2.905283e+003,1.567306e+001
2.905765e+003,1.566000e+001
2.906247e+003,1.564680e+001
2.906729e+003,1.563349e+001
2.907211e+003,1.562001e+001
2.907693e+003,1.560628e+001
2.908175e+003,1.559218e+001
2.908657e+003,1.557756e+001
2.909140e+003,1.556229e+001
2.909622e+003,1.554631e+001
2.910104e+003,1.552959e+001
2.910586e+003,1.551219e+001
2.911068e+003,1.549415e+001
2.911550e+003,1.547551e+001
2.912032e+003,1.545629e+001
2.912514e+003,1.543647e+001
2.912997e+003,1.541602e+001
2.913479e+003,1.539498e+001
2.913961e+003,1.537341e+001
2.914443e+003,1.535149e+001
2.914925e+003,1.532942e+001
2.915407e+003,1.530743e+001
2.915889e+003,1.528576e+001
2.916372e+003,1.526459e+001
2.916854e+003,1.524412e+001
2.917336e+003,1.522449e+001
2.917818e+003,1.520582e+001
2.918300e+003,1.518821e+001
2.918782e+003,1.517170e+001
2.919264e+003,1.515632e+001
2.919746e+003,1.514205e+001
2.920229e+003,1.512887e+001
2.920711e+003,1.511678e+001
2.921193e+003,1.510578e+001
2.921675e+003,1.509593e+001
2.922157e+003,1.508729e+001
2.922639e+003,1.507990e+001
2.923121e+003,1.507376e+001
2.923603e+003,1.506886e+001
2.924085e+003,1.506514e+001
2.924568e+003,1.506256e+001
2.925050e+003,1.506112e+001
2.925532e+003,1.506085e+001
2.926014e+003,1.506181e+001
2.926496e+003,1.506406e+001
2.926978e+003,1.506758e+001
2.927460e+003,1.507230e+001
2.927942e+003,1.507805e+001
2.928425e+003,1.508461e+001
2.928907e+003,1.509175e+001
2.929389e+003,1.509923e+001
2.929871e+003,1.510687e+001
2.930353e+003,1.511454e+001
2.930835e+003,1.512216e+001
2.931317e+003,1.512971e+001
2.931800e+003,1.513719e+001
2.932281e+003,1.514469e+001
2.932764e+003,1.515231e+001
2.933246e+003,1.516014e+001
2.933728e+003,1.516830e+001
2.934210e+003,1.517682e+001
2.934692e+003,1.518569e+001
2.935174e+003,1.519487e+001
2.935656e+003,1.520427e+001
2.936139e+003,1.521384e+001
2.936621e+003,1.522355e+001
2.937103e+003,1.523339e+001
2.937585e+003,1.524337e+001
2.938067e+003,1.525345e+001
2.938549e+003,1.526353e+001
2.939031e+003,1.527344e+001
2.939513e+003,1.528296e+001
2.939996e+003,1.529185e+001
2.940478e+003,1.529996e+001
2.940960e+003,1.530715e+001
2.941442e+003,1.531341e+001
2.941924e+003,1.531870e+001
2.942406e+003,1.532303e+001
2.942888e+003,1.532634e+001
2.943370e+003,1.532857e+001
2.943853e+003,1.532963e+001
2.944335e+003,1.532945e+001
2.944817e+003,1.532806e+001
2.945299e+003,1.532551e+001
2.945781e+003,1.532197e+001
2.946263e+003,1.531762e+001
2.946745e+003,1.531266e+001
2.947228e+003,1.530726e+001
2.947709e+003,1.530155e+001
2.948192e+003,1.529558e+001
2.948674e+003,1.528932e+001
2.949156e+003,1.528268e+001
2.949638e+003,1.527547e+001
2.950120e+003,1.526747e+001
2.950602e+003,1.525848e+001
2.951084e+003,1.524837e+001
2.951567e+003,1.523713e+001
2.952049e+003,1.522487e+001
2.952531e+003,1.521185e+001
2.953013e+003,1.519839e+001
2.953495e+003,1.518480e+001
2.953977e+003,1.517133e+001
2.954459e+003,1.515815e+001
2.954941e+003,1.514537e+001
2.955424e+003,1.513303e+001
2.955906e+003,1.512120e+001
2.956388e+003,1.511000e+001
2.956870e+003,1.509959e+001
2.957352e+003,1.509014e+001
2.957834e+003,1.508181e+001
2.958316e+003,1.507470e+001
2.958798e+003,1.506884e+001
2.959281e+003,1.506417e+001
2.959763e+003,1.506065e+001
2.960245e+003,1.505817e+001
2.960727e+003,1.505666e+001
2.961209e+003,1.505603e+001
2.961691e+003,1.505619e+001
2.962173e+003,1.505705e+001
2.962656e+003,1.505854e+001
2.963137e+003,1.506062e+001
2.963620e+003,1.506331e+001
2.964102e+003,1.506671e+001
2.964584e+003,1.507095e+001
2.965066e+003,1.507620e+001
2.965548e+003,1.508261e+001
2.966030e+003,1.509028e+001
2.966512e+003,1.509924e+001
2.966995e+003,1.510943e+001
2.967477e+003,1.512072e+001
2.967959e+003,1.513290e+001
2.968441e+003,1.514566e+001
2.968923e+003,1.515863e+001
2.969405e+003,1.517136e+001
2.969887e+003,1.518341e+001
2.970369e+003,1.519437e+001
2.970852e+003,1.520401e+001
2.971334e+003,1.521228e+001
2.971816e+003,1.521936e+001
2.972298e+003,1.522559e+001
2.972780e+003,1.523139e+001
2.973262e+003,1.523715e+001
2.973744e+003,1.524311e+001
2.974226e+003,1.524932e+001
2.974708e+003,1.525561e+001
2.975191e+003,1.526171e+001
2.975673e+003,1.526732e+001
2.976155e+003,1.527220e+001
2.976637e+003,1.527623e+001
2.977119e+003,1.527946e+001
2.977601e+003,1.528211e+001
2.978083e+003,1.528444e+001
2.978565e+003,1.528677e+001
2.979048e+003,1.528935e+001
2.979530e+003,1.529233e+001
2.980012e+003,1.529572e+001
2.980494e+003,1.529943e+001
2.980976e+003,1.530323e+001
2.981458e+003,1.530684e+001
2.981940e+003,1.530995e+001
2.982423e+003,1.531228e+001
2.982905e+003,1.531360e+001
2.983387e+003,1.531374e+001
2.983869e+003,1.531260e+001
2.984351e+003,1.531014e+001
2.984833e+003,1.530645e+001
2.985315e+003,1.530173e+001
2.985797e+003,1.529632e+001
2.986280e+003,1.529071e+001
2.986762e+003,1.528548e+001
2.987244e+003,1.528116e+001
2.987726e+003,1.527817e+001
2.988208e+003,1.527665e+001
2.988690e+003,1.527641e+001
2.989172e+003,1.527698e+001
2.989654e+003,1.527764e+001
2.990136e+003,1.527766e+001
2.990619e+003,1.527645e+001
2.991101e+003,1.527369e+001
2.991583e+003,1.526945e+001
2.992065e+003,1.526411e+001
2.992547e+003,1.525835e+001
2.993029e+003,1.525290e+001
2.993511e+003,1.524847e+001
2.993994e+003,1.524555e+001
2.994476e+003,1.524433e+001
2.994958e+003,1.524471e+001
2.995440e+003,1.524632e+001
2.995922e+003,1.524859e+001
2.996404e+003,1.525091e+001
2.996886e+003,1.525270e+001
2.997368e+003,1.525357e+001
2.997851e+003,1.525331e+001
2.998333e+003,1.525188e+001
2.998815e+003,1.524933e+001
2.999297e+003,1.524573e+001
2.999779e+003,1.524109e+001
3.000261e+003,1.523532e+001
3.000743e+003,1.522830e+001
3.001225e+003,1.521997e+001
3.001708e+003,1.521048e+001
3.002190e+003,1.520023e+001
3.002672e+003,1.518991e+001
3.003154e+003,1.518036e+001
3.003636e+003,1.517237e+001
3.004118e+003,1.516651e+001
3.004600e+003,1.516294e+001
3.005082e+003,1.516133e+001
3.005564e+003,1.516089e+001
3.006047e+003,1.516054e+001
3.006529e+003,1.515908e+001
3.007011e+003,1.515541e+001
3.007493e+003,1.514873e+001
3.007975e+003,1.513865e+001
3.008457e+003,1.512523e+001
3.008939e+003,1.510897e+001
3.009422e+003,1.509075e+001
3.009904e+003,1.507169e+001
3.010386e+003,1.505301e+001
3.010868e+003,1.503583e+001
3.011350e+003,1.502103e+001
3.011832e+003,1.500909e+001
3.012314e+003,1.500008e+001
3.012796e+003,1.499365e+001
3.013279e+003,1.498925e+001
3.013761e+003,1.498625e+001
3.014243e+003,1.498414e+001
3.014725e+003,1.498271e+001
3.015207e+003,1.498204e+001
3.015689e+003,1.498246e+001
3.016171e+003,1.498438e+001
3.016653e+003,1.498811e+001
3.017135e+003,1.499371e+001
3.017618e+003,1.500089e+001
3.018100e+003,1.500903e+001
3.018582e+003,1.501728e+001
3.019064e+003,1.502477e+001
3.019546e+003,1.503068e+001
3.020028e+003,1.503448e+001
3.020510e+003,1.503591e+001
3.020992e+003,1.503498e+001
3.021475e+003,1.503192e+001
3.021957e+003,1.502706e+001
3.022439e+003,1.502079e+001
3.022921e+003,1.501353e+001
3.023403e+003,1.500572e+001
3.023885e+003,1.499784e+001
3.024367e+003,1.499036e+001
3.024850e+003,1.498365e+001
3.025332e+003,1.497787e+001
3.025814e+003,1.497276e+001
3.026296e+003,1.496761e+001
3.026778e+003,1.496128e+001
3.027260e+003,1.495243e+001
3.027742e+003,1.493983e+001
3.028224e+003,1.492280e+001
3.028707e+003,1.490149e+001
3.029189e+003,1.487702e+001
3.029671e+003,1.485138e+001
3.030153e+003,1.482701e+001
3.030635e+003,1.480634e+001
3.031117e+003,1.479124e+001
3.031599e+003,1.478269e+001
3.032081e+003,1.478065e+001
3.032563e+003,1.478423e+001
3.033046e+003,1.479197e+001
3.033528e+003,1.480228e+001
3.034010e+003,1.481375e+001
3.034492e+003,1.482534e+001
3.034974e+003,1.483642e+001
3.035456e+003,1.484663e+001
3.035938e+003,1.485578e+001
3.036420e+003,1.486369e+001
3.036903e+003,1.487016e+001
3.037385e+003,1.487503e+001
3.037867e+003,1.487818e+001
3.038349e+003,1.487963e+001
3.038831e+003,1.487953e+001
3.039313e+003,1.487814e+001
3.039795e+003,1.487574e+001
3.040278e+003,1.487263e+001
3.040760e+003,1.486902e+001
3.041242e+003,1.486508e+001
3.041724e+003,1.486091e+001
3.042206e+003,1.485656e+001
3.042688e+003,1.485202e+001
3.043170e+003,1.484714e+001
3.043652e+003,1.484164e+001
3.044135e+003,1.483510e+001
3.044617e+003,1.482705e+001
3.045099e+003,1.481710e+001
3.045581e+003,1.480514e+001
3.046063e+003,1.479141e+001
3.046545e+003,1.477660e+001
3.047027e+003,1.476179e+001
3.047509e+003,1.474826e+001
3.047991e+003,1.473725e+001
3.048474e+003,1.472970e+001
3.048956e+003,1.472605e+001
3.049438e+003,1.472609e+001
3.049920e+003,1.472902e+001
3.050402e+003,1.473355e+001
3.050884e+003,1.473804e+001
3.051366e+003,1.474083e+001
3.051848e+003,1.474044e+001
3.052331e+003,1.473579e+001
3.052813e+003,1.472639e+001
3.053295e+003,1.471242e+001
3.053777e+003,1.469479e+001
3.054259e+003,1.467498e+001
3.054741e+003,1.465488e+001
3.055223e+003,1.463646e+001
3.055706e+003,1.462149e+001
3.056188e+003,1.461123e+001
3.056670e+003,1.460618e+001
3.057152e+003,1.460611e+001
3.057634e+003,1.461004e+001
3.058116e+003,1.461654e+001
3.058598e+003,1.462391e+001
3.059080e+003,1.463048e+001
3.059563e+003,1.463481e+001
3.060045e+003,1.463579e+001
3.060527e+003,1.463268e+001
3.061009e+003,1.462516e+001
3.061491e+003,1.461328e+001
3.061973e+003,1.459746e+001
3.062455e+003,1.457852e+001
3.062937e+003,1.455764e+001
3.063419e+003,1.453628e+001
3.063902e+003,1.451607e+001
3.064384e+003,1.449860e+001
3.064866e+003,1.448524e+001
3.065348e+003,1.447699e+001
3.065830e+003,1.447429e+001
3.066312e+003,1.447704e+001
3.066794e+003,1.448460e+001
3.067276e+003,1.449592e+001
3.067759e+003,1.450962e+001
3.068241e+003,1.452423e+001
3.068723e+003,1.453833e+001
3.069205e+003,1.455070e+001
3.069687e+003,1.456044e+001
3.070169e+003,1.456711e+001
3.070651e+003,1.457064e+001
3.071134e+003,1.457135e+001
3.071615e+003,1.456974e+001
3.072098e+003,1.456638e+001
3.072580e+003,1.456168e+001
3.073062e+003,1.455583e+001
3.073544e+003,1.454880e+001
3.074026e+003,1.454033e+001
3.074508e+003,1.453014e+001
3.074990e+003,1.451801e+001
3.075473e+003,1.450390e+001
3.075955e+003,1.448805e+001
3.076437e+003,1.447092e+001
3.076919e+003,1.445317e+001
3.077401e+003,1.443559e+001
3.077883e+003,1.441903e+001
3.078365e+003,1.440432e+001
3.078847e+003,1.439219e+001
3.079330e+003,1.438321e+001
3.079812e+003,1.437773e+001
3.080294e+003,1.437578e+001
3.080776e+003,1.437706e+001
3.081258e+003,1.438096e+001
3.081740e+003,1.438659e+001
3.082222e+003,1.439295e+001
3.082704e+003,1.439905e+001
3.083187e+003,1.440407e+001
3.083669e+003,1.440744e+001
3.084151e+003,1.440895e+001
3.084633e+003,1.440873e+001
3.085115e+003,1.440720e+001
3.085597e+003,1.440492e+001
3.086079e+003,1.440251e+001
3.086562e+003,1.440047e+001
3.087043e+003,1.439910e+001
3.087526e+003,1.439841e+001
3.088008e+003,1.439818e+001
3.088490e+003,1.439797e+001
3.088972e+003,1.439724e+001
3.089454e+003,1.439543e+001
3.089936e+003,1.439199e+001
3.090418e+003,1.438643e+001
3.090901e+003,1.437828e+001
3.091383e+003,1.436714e+001
3.091865e+003,1.435276e+001
3.092347e+003,1.433515e+001
3.092829e+003,1.431476e+001
3.093311e+003,1.429258e+001
3.093793e+003,1.427011e+001
3.094275e+003,1.424919e+001
3.094758e+003,1.423160e+001
3.095240e+003,1.421868e+001
3.095722e+003,1.421087e+001
3.096204e+003,1.420761e+001
3.096686e+003,1.420735e+001
3.097168e+003,1.420796e+001
3.097650e+003,1.420726e+001
3.098132e+003,1.420358e+001
3.098615e+003,1.419624e+001
3.099097e+003,1.418566e+001
3.099579e+003,1.417324e+001
3.100061e+003,1.416099e+001
3.100543e+003,1.415097e+001
3.101025e+003,1.414483e+001
3.101507e+003,1.414346e+001
3.101990e+003,1.414685e+001
3.102471e+003,1.415421e+001
3.102954e+003,1.416411e+001
3.103436e+003,1.417490e+001
3.103918e+003,1.418499e+001
3.104400e+003,1.419310e+001
3.104882e+003,1.419842e+001
3.105364e+003,1.420068e+001
3.105846e+003,1.420008e+001
3.106329e+003,1.419717e+001
3.106811e+003,1.419264e+001
3.107293e+003,1.418719e+001
3.107775e+003,1.418138e+001
3.108257e+003,1.417551e+001
3.108739e+003,1.416969e+001
3.109221e+003,1.416379e+001
3.109703e+003,1.415758e+001
3.110186e+003,1.415075e+001
3.110668e+003,1.414297e+001
3.111150e+003,1.413393e+001
3.111632e+003,1.412338e+001
3.112114e+003,1.411120e+001
3.112596e+003,1.409742e+001
3.113078e+003,1.408231e+001
3.113560e+003,1.406638e+001
3.114042e+003,1.405035e+001
3.114525e+003,1.403509e+001
3.115007e+003,1.402147e+001
3.115489e+003,1.401021e+001
3.115971e+003,1.400178e+001
3.116453e+003,1.399630e+001
3.116935e+003,1.399351e+001
3.117417e+003,1.399278e+001
3.117900e+003,1.399318e+001
3.118382e+003,1.399367e+001
3.118864e+003,1.399318e+001
3.119346e+003,1.399092e+001
3.119828e+003,1.398647e+001
3.120310e+003,1.398000e+001
3.120792e+003,1.397222e+001
3.121274e+003,1.396427e+001
3.121757e+003,1.395743e+001
3.122239e+003,1.395281e+001
3.122721e+003,1.395100e+001
3.123203e+003,1.395194e+001
3.123685e+003,1.395497e+001
3.124167e+003,1.395908e+001
3.124649e+003,1.396328e+001
3.125131e+003,1.396691e+001
3.125614e+003,1.396987e+001
3.126096e+003,1.397252e+001
3.126578e+003,1.397544e+001
3.127060e+003,1.397904e+001
3.127542e+003,1.398321e+001
3.128024e+003,1.398717e+001
3.128506e+003,1.398963e+001
3.128988e+003,1.398906e+001
3.129470e+003,1.398423e+001
3.129953e+003,1.397463e+001
3.130435e+003,1.396070e+001
3.130917e+003,1.394388e+001
3.131399e+003,1.392633e+001
3.131881e+003,1.391048e+001
3.132363e+003,1.389849e+001
3.132845e+003,1.389185e+001
3.133328e+003,1.389110e+001
3.133810e+003,1.389573e+001
3.134292e+003,1.390443e+001
3.134774e+003,1.391533e+001
3.135256e+003,1.392647e+001
3.135738e+003,1.393614e+001
3.136220e+003,1.394317e+001
3.136702e+003,1.394705e+001
3.137185e+003,1.394785e+001
3.137667e+003,1.394609e+001
3.138149e+003,1.394247e+001
3.138631e+003,1.393765e+001
3.139113e+003,1.393214e+001
3.139595e+003,1.392624e+001
3.140077e+003,1.392011e+001
3.140559e+003,1.391388e+001
3.141042e+003,1.390772e+001
3.141524e+003,1.390187e+001
3.142006e+003,1.389657e+001
3.142488e+003,1.389200e+001
3.142970e+003,1.388821e+001
3.143452e+003,1.388506e+001
3.143934e+003,1.388229e+001
3.144417e+003,1.387958e+001
3.144898e+003,1.387668e+001
3.145381e+003,1.387340e+001
3.145863e+003,1.386969e+001
3.146345e+003,1.386557e+001
3.146827e+003,1.386109e+001
3.147309e+003,1.385633e+001
3.147791e+003,1.385132e+001
3.148273e+003,1.384612e+001
3.148756e+003,1.384082e+001
3.149238e+003,1.383555e+001
3.149720e+003,1.383043e+001
3.150202e+003,1.382559e+001
3.150684e+003,1.382110e+001
3.151166e+003,1.381694e+001
3.151648e+003,1.381306e+001
3.152130e+003,1.380934e+001
3.152613e+003,1.380568e+001
3.153095e+003,1.380201e+001
3.153577e+003,1.379827e+001
3.154059e+003,1.379442e+001
3.154541e+003,1.379042e+001
3.155023e+003,1.378623e+001
3.155505e+003,1.378181e+001
3.155987e+003,1.377718e+001
3.156469e+003,1.377241e+001
3.156952e+003,1.376761e+001
3.157434e+003,1.376287e+001
3.157916e+003,1.375828e+001
3.158398e+003,1.375382e+001
3.158880e+003,1.374941e+001
3.159362e+003,1.374494e+001
3.159844e+003,1.374031e+001
3.160326e+003,1.373548e+001
3.160809e+003,1.373049e+001
3.161291e+003,1.372540e+001
3.161773e+003,1.372032e+001
3.162255e+003,1.371528e+001
3.162737e+003,1.371027e+001
3.163219e+003,1.370521e+001
3.163701e+003,1.370005e+001
3.164184e+003,1.369471e+001
3.164666e+003,1.368918e+001
3.165148e+003,1.368348e+001
3.165630e+003,1.367768e+001
3.166112e+003,1.367183e+001
3.166594e+003,1.366599e+001
3.167076e+003,1.366025e+001
3.167558e+003,1.365472e+001
3.168041e+003,1.364952e+001
3.168523e+003,1.364478e+001
3.169005e+003,1.364057e+001
3.169487e+003,1.363690e+001
3.169969e+003,1.363364e+001
3.170451e+003,1.363060e+001
3.170933e+003,1.362757e+001
3.171415e+003,1.362431e+001
3.171897e+003,1.362063e+001
3.172380e+003,1.361627e+001
3.172862e+003,1.361089e+001
3.173344e+003,1.360399e+001
3.173826e+003,1.359499e+001
3.174308e+003,1.358329e+001
3.174790e+003,1.356861e+001
3.175272e+003,1.355111e+001
3.175754e+003,1.353166e+001
3.176237e+003,1.351176e+001
3.176719e+003,1.349333e+001
3.177201e+003,1.347837e+001
3.177683e+003,1.346850e+001
3.178165e+003,1.346455e+001
3.178647e+003,1.346635e+001
3.179129e+003,1.347276e+001
3.179612e+003,1.348192e+001
3.180094e+003,1.349158e+001
3.180576e+003,1.349960e+001
3.181058e+003,1.350431e+001
3.181540e+003,1.350476e+001
3.182022e+003,1.350083e+001
3.182504e+003,1.349316e+001
3.182986e+003,1.348300e+001
3.183469e+003,1.347192e+001
3.183951e+003,1.346152e+001
3.184433e+003,1.345314e+001
3.184915e+003,1.344765e+001
3.185397e+003,1.344530e+001
3.185879e+003,1.344579e+001
3.186361e+003,1.344831e+001
3.186843e+003,1.345181e+001
3.187325e+003,1.345524e+001
3.187808e+003,1.345774e+001
3.188290e+003,1.345879e+001
3.188772e+003,1.345822e+001
3.189254e+003,1.345613e+001
3.189736e+003,1.345283e+001
3.190218e+003,1.344865e+001
3.190700e+003,1.344386e+001
3.191182e+003,1.343860e+001
3.191665e+003,1.343280e+001
3.192147e+003,1.342620e+001
3.192629e+003,1.341839e+001
3.193111e+003,1.340885e+001
3.193593e+003,1.339710e+001
3.194075e+003,1.338287e+001
3.194557e+003,1.336625e+001
3.195040e+003,1.334784e+001
3.195521e+003,1.332873e+001
3.196004e+003,1.331039e+001
3.196486e+003,1.329446e+001
3.196968e+003,1.328240e+001
3.197450e+003,1.327523e+001
3.197932e+003,1.327326e+001
3.198414e+003,1.327611e+001
3.198896e+003,1.328273e+001
3.199379e+003,1.329168e+001
3.199861e+003,1.330143e+001
3.200343e+003,1.331057e+001
3.200825e+003,1.331806e+001
3.201307e+003,1.332331e+001
3.201789e+003,1.332615e+001
3.202271e+003,1.332679e+001
3.202753e+003,1.332564e+001
3.203236e+003,1.332318e+001
3.203718e+003,1.331976e+001
3.204200e+003,1.331549e+001
3.204682e+003,1.331024e+001
3.205164e+003,1.330358e+001
3.205646e+003,1.329502e+001
3.206128e+003,1.328413e+001
3.206610e+003,1.327083e+001
3.207093e+003,1.325550e+001
3.207575e+003,1.323903e+001
3.208057e+003,1.322265e+001
3.208539e+003,1.320770e+001
3.209021e+003,1.319517e+001
3.209503e+003,1.318550e+001
3.209985e+003,1.317838e+001
3.210468e+003,1.317287e+001
3.210949e+003,1.316770e+001
3.211432e+003,1.316172e+001
3.211914e+003,1.315429e+001
3.212396e+003,1.314554e+001
3.212878e+003,1.313632e+001
3.213360e+003,1.312794e+001
3.213842e+003,1.312168e+001
3.214324e+003,1.311831e+001
3.214807e+003,1.311775e+001
3.215289e+003,1.311908e+001
3.215771e+003,1.312072e+001
3.216253e+003,1.312092e+001
3.216735e+003,1.311833e+001
3.217217e+003,1.311240e+001
3.217699e+003,1.310355e+001
3.218181e+003,1.309309e+001
3.218664e+003,1.308283e+001
3.219146e+003,1.307462e+001
3.219628e+003,1.306984e+001
3.220110e+003,1.306916e+001
3.220592e+003,1.307237e+001
3.221074e+003,1.307855e+001
3.221556e+003,1.308636e+001
3.222038e+003,1.309428e+001
3.222521e+003,1.310095e+001
3.223003e+003,1.310532e+001
3.223485e+003,1.310675e+001
3.223967e+003,1.310498e+001
3.224449e+003,1.310010e+001
3.224931e+003,1.309250e+001
3.225413e+003,1.308281e+001
3.225896e+003,1.307179e+001
3.226377e+003,1.306028e+001
3.226860e+003,1.304906e+001
3.227342e+003,1.303878e+001
3.227824e+003,1.302983e+001
3.228306e+003,1.302238e+001
3.228788e+003,1.301638e+001
3.229270e+003,1.301164e+001
3.229752e+003,1.300790e+001
3.230235e+003,1.300492e+001
3.230717e+003,1.300254e+001
3.231199e+003,1.300059e+001
3.231681e+003,1.299893e+001
3.232163e+003,1.299736e+001
3.232645e+003,1.299564e+001
3.233127e+003,1.299350e+001
3.233609e+003,1.299075e+001
3.234092e+003,1.298728e+001
3.234574e+003,1.298314e+001
3.235056e+003,1.297852e+001
3.235538e+003,1.297371e+001
3.236020e+003,1.296901e+001
3.236502e+003,1.296466e+001
3.236984e+003,1.296080e+001
3.237466e+003,1.295747e+001
3.237948e+003,1.295457e+001
3.238431e+003,1.295196e+001
3.238913e+003,1.294937e+001
3.239395e+003,1.294643e+001
3.239877e+003,1.294264e+001
3.240359e+003,1.293733e+001
3.240841e+003,1.292980e+001
3.241323e+003,1.291943e+001
3.241806e+003,1.290596e+001
3.242288e+003,1.288965e+001
3.242770e+003,1.287150e+001
3.243252e+003,1.285314e+001
3.243734e+003,1.283664e+001
3.244216e+003,1.282408e+001
3.244698e+003,1.281709e+001
3.245180e+003,1.281645e+001
3.245663e+003,1.282188e+001
3.246145e+003,1.283208e+001
3.246627e+003,1.284508e+001
3.247109e+003,1.285864e+001
3.247591e+003,1.287075e+001
3.248073e+003,1.287993e+001
3.248555e+003,1.288532e+001
3.249037e+003,1.288666e+001
3.249520e+003,1.288404e+001
3.250002e+003,1.287771e+001
3.250484e+003,1.286797e+001
3.250966e+003,1.285518e+001
3.251448e+003,1.283988e+001
3.251930e+003,1.282290e+001
3.252412e+003,1.280536e+001
3.252894e+003,1.278862e+001
3.253376e+003,1.277401e+001
3.253859e+003,1.276261e+001
3.254341e+003,1.275497e+001
3.254823e+003,1.275105e+001
3.255305e+003,1.275023e+001
3.255787e+003,1.275156e+001
3.256269e+003,1.275399e+001
3.256751e+003,1.275656e+001
3.257234e+003,1.275863e+001
3.257716e+003,1.275986e+001
3.258198e+003,1.276020e+001
3.258680e+003,1.275981e+001
3.259162e+003,1.275890e+001
3.259644e+003,1.275768e+001
3.260126e+003,1.275630e+001
3.260608e+003,1.275478e+001
3.261091e+003,1.275303e+001
3.261573e+003,1.275090e+001
3.262055e+003,1.274821e+001
3.262537e+003,1.274486e+001
3.263019e+003,1.274089e+001
3.263501e+003,1.273651e+001
3.263983e+003,1.273206e+001
3.264465e+003,1.272798e+001
3.264948e+003,1.272464e+001
3.265430e+003,1.272226e+001
3.265912e+003,1.272079e+001
3.266394e+003,1.271992e+001
3.266876e+003,1.271915e+001
3.267358e+003,1.271786e+001
3.267840e+003,1.271542e+001
3.268323e+003,1.271125e+001
3.268804e+003,1.270485e+001
3.269287e+003,1.269582e+001
3.269769e+003,1.268391e+001
3.270251e+003,1.266905e+001
3.270733e+003,1.265144e+001
3.271215e+003,1.263161e+001
3.271697e+003,1.261046e+001
3.272179e+003,1.258917e+001
3.272662e+003,1.256907e+001
3.273144e+003,1.255141e+001
3.273626e+003,1.253721e+001
3.274108e+003,1.252711e+001
3.274590e+003,1.252129e+001
3.275072e+003,1.251958e+001
3.275554e+003,1.252149e+001
3.276036e+003,1.252630e+001
3.276519e+003,1.253323e+001
3.277001e+003,1.254141e+001
3.277483e+003,1.254995e+001
3.277965e+003,1.255801e+001
3.278447e+003,1.256484e+001
3.278929e+003,1.256989e+001
3.279411e+003,1.257284e+001
3.279893e+003,1.257365e+001
3.280375e+003,1.257255e+001
3.280858e+003,1.256998e+001
3.281340e+003,1.256651e+001
3.281822e+003,1.256272e+001
3.282304e+003,1.255911e+001
3.282786e+003,1.255604e+001
3.283268e+003,1.255367e+001
3.283750e+003,1.255193e+001
3.284232e+003,1.255054e+001
3.284715e+003,1.254903e+001
3.285197e+003,1.254683e+001
3.285679e+003,1.254342e+001
3.286161e+003,1.253838e+001
3.286643e+003,1.253157e+001
3.287125e+003,1.252307e+001
3.287607e+003,1.251315e+001
3.288090e+003,1.250222e+001
3.288572e+003,1.249068e+001
3.289054e+003,1.247892e+001
3.289536e+003,1.246730e+001
3.290018e+003,1.245626e+001
3.290500e+003,1.244632e+001
3.290982e+003,1.243811e+001
3.291464e+003,1.243227e+001
3.291947e+003,1.242923e+001
3.292429e+003,1.242908e+001
3.292911e+003,1.243138e+001
3.293393e+003,1.243521e+001
3.293875e+003,1.243936e+001
3.294357e+003,1.244261e+001
3.294839e+003,1.244402e+001
3.295321e+003,1.244321e+001
3.295803e+003,1.244040e+001
3.296286e+003,1.243627e+001
3.296768e+003,1.243175e+001
3.297250e+003,1.242774e+001
3.297732e+003,1.242485e+001
3.298214e+003,1.242329e+001
3.298696e+003,1.242292e+001
3.299178e+003,1.242332e+001
3.299660e+003,1.242393e+001
3.300143e+003,1.242428e+001
3.300625e+003,1.242398e+001
3.301107e+003,1.242289e+001
3.301589e+003,1.242101e+001
3.302071e+003,1.241849e+001
3.302553e+003,1.241550e+001
3.303035e+003,1.241209e+001
3.303518e+003,1.240808e+001
3.304000e+003,1.240305e+001
3.304482e+003,1.239633e+001
3.304964e+003,1.238720e+001
3.305446e+003,1.237516e+001
3.305928e+003,1.236014e+001
3.306410e+003,1.234269e+001
3.306892e+003,1.232395e+001
3.307375e+003,1.230552e+001
3.307857e+003,1.228901e+001
3.308339e+003,1.227574e+001
3.308821e+003,1.226637e+001
3.309303e+003,1.226085e+001
3.309785e+003,1.225845e+001
3.310267e+003,1.225813e+001
3.310749e+003,1.225882e+001
3.311231e+003,1.225979e+001
3.311714e+003,1.226074e+001
3.312196e+003,1.226177e+001
3.312678e+003,1.226323e+001
3.313160e+003,1.226544e+001
3.313642e+003,1.226853e+001
3.314124e+003,1.227231e+001
3.314606e+003,1.227633e+001
3.315088e+003,1.228002e+001
3.315571e+003,1.228281e+001
3.316053e+003,1.228436e+001
3.316535e+003,1.228453e+001
3.317017e+003,1.228345e+001
3.317499e+003,1.228140e+001
3.317981e+003,1.227870e+001
3.318463e+003,1.227560e+001
3.318946e+003,1.227224e+001
3.319427e+003,1.226855e+001
3.319910e+003,1.226437e+001
3.320392e+003,1.225944e+001
3.320874e+003,1.225356e+001
3.321356e+003,1.224665e+001
3.321838e+003,1.223874e+001
3.322320e+003,1.223005e+001
3.322802e+003,1.222089e+001
3.323285e+003,1.221162e+001
3.323767e+003,1.220258e+001
3.324249e+003,1.219409e+001
3.324731e+003,1.218640e+001
3.325213e+003,1.217976e+001
3.325695e+003,1.217436e+001
3.326177e+003,1.217040e+001
3.326659e+003,1.216795e+001
3.327142e+003,1.216700e+001
3.327624e+003,1.216733e+001
3.328106e+003,1.216857e+001
3.328588e+003,1.217020e+001
3.329070e+003,1.217164e+001
3.329552e+003,1.217233e+001
3.330034e+003,1.217175e+001
3.330516e+003,1.216949e+001
3.330999e+003,1.216521e+001
3.331481e+003,1.215866e+001
3.331963e+003,1.214963e+001
3.332445e+003,1.213812e+001
3.332927e+003,1.212431e+001
3.333409e+003,1.210874e+001
3.333891e+003,1.209227e+001
3.334374e+003,1.207609e+001
3.334855e+003,1.206153e+001
3.335338e+003,1.204984e+001
3.335820e+003,1.204198e+001
3.336302e+003,1.203841e+001
3.336784e+003,1.203903e+001
3.337266e+003,1.204316e+001
3.337748e+003,1.204971e+001
3.338230e+003,1.205737e+001
3.338713e+003,1.206488e+001
3.339195e+003,1.207123e+001
3.339677e+003,1.207577e+001
3.340159e+003,1.207829e+001
3.340641e+003,1.207897e+001
3.341123e+003,1.207822e+001
3.341605e+003,1.207656e+001
3.342087e+003,1.207445e+001
3.342570e+003,1.207219e+001
3.343052e+003,1.206986e+001
3.343534e+003,1.206740e+001
3.344016e+003,1.206466e+001
3.344498e+003,1.206154e+001
3.344980e+003,1.205799e+001
3.345462e+003,1.205408e+001
3.345944e+003,1.204997e+001
3.346427e+003,1.204578e+001
3.346909e+003,1.204163e+001
3.347391e+003,1.203750e+001
3.347873e+003,1.203336e+001
3.348355e+003,1.202911e+001
3.348837e+003,1.202468e+001
3.349319e+003,1.202001e+001
3.349802e+003,1.201505e+001
3.350283e+003,1.200966e+001
3.350766e+003,1.200366e+001
3.351248e+003,1.199674e+001
3.351730e+003,1.198861e+001
3.352212e+003,1.197905e+001
3.352694e+003,1.196804e+001
3.353176e+003,1.195585e+001
3.353658e+003,1.194303e+001
3.354141e+003,1.193036e+001
3.354623e+003,1.191869e+001
3.355105e+003,1.190879e+001
3.355587e+003,1.190112e+001
3.356069e+003,1.189576e+001
3.356551e+003,1.189236e+001
3.357033e+003,1.189020e+001
3.357515e+003,1.188834e+001
3.357998e+003,1.188586e+001
3.358480e+003,1.188199e+001
3.358962e+003,1.187634e+001
3.359444e+003,1.186894e+001
3.359926e+003,1.186016e+001
3.360408e+003,1.185057e+001
3.360890e+003,1.184074e+001
3.361372e+003,1.183103e+001
3.361854e+003,1.182155e+001
3.362337e+003,1.181214e+001
3.362819e+003,1.180255e+001
3.363301e+003,1.179265e+001
3.363783e+003,1.178260e+001
3.364265e+003,1.177291e+001
3.364747e+003,1.176442e+001
3.365229e+003,1.175807e+001
3.365712e+003,1.175467e+001
3.366194e+003,1.175469e+001
3.366676e+003,1.175816e+001
3.367158e+003,1.176465e+001
3.367640e+003,1.177339e+001
3.368122e+003,1.178346e+001
3.368604e+003,1.179392e+001
3.369086e+003,1.180392e+001
3.369569e+003,1.181280e+001
3.370051e+003,1.182004e+001
3.370533e+003,1.182531e+001
3.371015e+003,1.182846e+001
3.371497e+003,1.182952e+001
3.371979e+003,1.182873e+001
3.372461e+003,1.182644e+001
3.372943e+003,1.182308e+001
3.373426e+003,1.181906e+001
3.373908e+003,1.181468e+001
3.374390e+003,1.181015e+001
3.374872e+003,1.180552e+001
3.375354e+003,1.180080e+001
3.375836e+003,1.179600e+001
3.376318e+003,1.179115e+001
3.376800e+003,1.178633e+001
3.377282e+003,1.178163e+001
3.377765e+003,1.177709e+001
3.378247e+003,1.177268e+001
3.378729e+003,1.176822e+001
3.379211e+003,1.176342e+001
3.379693e+003,1.175783e+001
3.380175e+003,1.175097e+001
3.380657e+003,1.174235e+001
3.381140e+003,1.173163e+001
3.381622e+003,1.171873e+001
3.382104e+003,1.170400e+001
3.382586e+003,1.168825e+001
3.383068e+003,1.167270e+001
3.383550e+003,1.165884e+001
3.384032e+003,1.164813e+001
3.384514e+003,1.164169e+001
3.384997e+003,1.164008e+001
3.385479e+003,1.164308e+001
3.385961e+003,1.164980e+001
3.386443e+003,1.165872e+001
3.386925e+003,1.166798e+001
3.387407e+003,1.167557e+001
3.387889e+003,1.167960e+001
3.388371e+003,1.167852e+001
3.388854e+003,1.167128e+001
3.389336e+003,1.165760e+001
3.389818e+003,1.163811e+001
3.390300e+003,1.161443e+001
3.390782e+003,1.158902e+001
3.391264e+003,1.156479e+001
3.391746e+003,1.154453e+001
3.392229e+003,1.153026e+001
3.392710e+003,1.152275e+001
3.393193e+003,1.152130e+001
3.393675e+003,1.152398e+001
3.394157e+003,1.152828e+001
3.394639e+003,1.153183e+001
3.395121e+003,1.153317e+001
3.395603e+003,1.153205e+001
3.396085e+003,1.152943e+001
3.396568e+003,1.152695e+001
3.397050e+003,1.152631e+001
3.397532e+003,1.152859e+001
3.398014e+003,1.153391e+001
3.398496e+003,1.154140e+001
3.398978e+003,1.154955e+001
3.399460e+003,1.155669e+001
3.399942e+003,1.156149e+001
3.400425e+003,1.156332e+001
3.400907e+003,1.156227e+001
3.401389e+003,1.155910e+001
3.401871e+003,1.155488e+001
3.402353e+003,1.155074e+001
3.402835e+003,1.154756e+001
3.403317e+003,1.154584e+001
3.403799e+003,1.154566e+001
3.404281e+003,1.154670e+001
3.404764e+003,1.154839e+001
3.405246e+003,1.155006e+001
3.405728e+003,1.155111e+001
3.406210e+003,1.155115e+001
3.406692e+003,1.155007e+001
3.407174e+003,1.154799e+001
3.407656e+003,1.154519e+001
3.408138e+003,1.154198e+001
3.408621e+003,1.153858e+001
3.409103e+003,1.153507e+001
3.409585e+003,1.153138e+001
3.410067e+003,1.152740e+001
3.410549e+003,1.152307e+001
3.411031e+003,1.151844e+001
3.411513e+003,1.151367e+001
3.411996e+003,1.150900e+001
3.412478e+003,1.150463e+001
3.412960e+003,1.150069e+001
3.413442e+003,1.149715e+001
3.413924e+003,1.149373e+001
3.414406e+003,1.148991e+001
3.414888e+003,1.148485e+001
3.415370e+003,1.147741e+001
3.415853e+003,1.146620e+001
3.416335e+003,1.144976e+001
3.416817e+003,1.142696e+001
3.417299e+003,1.139733e+001
3.417781e+003,1.136149e+001
3.418263e+003,1.132136e+001
3.418745e+003,1.128004e+001
3.419227e+003,1.124148e+001
3.419709e+003,1.120977e+001
3.420192e+003,1.118838e+001
3.420674e+003,1.117949e+001
3.421156e+003,1.118358e+001
3.421638e+003,1.119938e+001
3.422120e+003,1.122416e+001
3.422602e+003,1.125432e+001
3.423084e+003,1.128603e+001
3.423566e+003,1.131584e+001
3.424049e+003,1.134114e+001
3.424531e+003,1.136038e+001
3.425013e+003,1.137306e+001
3.425495e+003,1.137958e+001
3.425977e+003,1.138095e+001
3.426459e+003,1.137842e+001
3.426941e+003,1.137326e+001
3.427424e+003,1.136648e+001
3.427906e+003,1.135881e+001
3.428388e+003,1.135070e+001
3.428870e+003,1.134245e+001
3.429352e+003,1.133440e+001
3.429834e+003,1.132697e+001
3.430316e+003,1.132069e+001
3.430798e+003,1.131612e+001
3.431281e+003,1.131369e+001
3.431763e+003,1.131349e+001
3.432245e+003,1.131525e+001
3.432727e+003,1.131833e+001
3.433209e+003,1.132186e+001
3.433691e+003,1.132492e+001
3.434173e+003,1.132680e+001
3.434655e+003,1.132706e+001
3.435137e+003,1.132561e+001
3.435620e+003,1.132266e+001
3.436102e+003,1.131848e+001
3.436584e+003,1.131328e+001
3.437066e+003,1.130695e+001
3.437548e+003,1.129904e+001
3.438030e+003,1.128875e+001
3.438512e+003,1.127517e+001
3.438994e+003,1.125758e+001
3.439477e+003,1.123588e+001
3.439959e+003,1.121074e+001
3.440441e+003,1.118369e+001
3.440923e+003,1.115667e+001
3.441405e+003,1.113145e+001
3.441887e+003,1.110892e+001
3.442369e+003,1.108847e+001
3.442852e+003,1.106802e+001
3.443333e+003,1.104448e+001
3.443816e+003,1.101491e+001
3.444298e+003,1.097779e+001
3.444780e+003,1.093415e+001
3.445262e+003,1.088797e+001
3.445744e+003,1.084567e+001
3.446226e+003,1.081468e+001
3.446708e+003,1.080162e+001
3.447191e+003,1.081044e+001
3.447673e+003,1.084134e+001
3.448155e+003,1.089063e+001
3.448637e+003,1.095166e+001
3.449119e+003,1.101640e+001
3.449601e+003,1.107732e+001
3.450083e+003,1.112874e+001
3.450565e+003,1.116766e+001
3.451048e+003,1.119368e+001
3.451530e+003,1.120831e+001
3.452012e+003,1.121412e+001
3.452494e+003,1.121383e+001
3.452976e+003,1.120972e+001
3.453458e+003,1.120348e+001
3.453940e+003,1.119618e+001
3.454422e+003,1.118849e+001
3.454905e+003,1.118081e+001
3.455387e+003,1.117336e+001
3.455869e+003,1.116618e+001
3.456351e+003,1.115902e+001
3.456833e+003,1.115136e+001
3.457315e+003,1.114246e+001
3.457797e+003,1.113144e+001
3.458280e+003,1.111754e+001
3.458761e+003,1.110037e+001
3.459244e+003,1.108012e+001
3.459726e+003,1.105774e+001
3.460208e+003,1.103492e+001
3.460690e+003,1.101386e+001
3.461172e+003,1.099684e+001
3.461654e+003,1.098568e+001
3.462136e+003,1.098125e+001
3.462619e+003,1.098317e+001
3.463101e+003,1.098986e+001
3.463583e+003,1.099897e+001
3.464065e+003,1.100798e+001
3.464547e+003,1.101496e+001
3.465029e+003,1.101898e+001
3.465511e+003,1.102031e+001
3.465993e+003,1.102015e+001
3.466476e+003,1.102009e+001
3.466958e+003,1.102151e+001
3.467440e+003,1.102515e+001
3.467922e+003,1.103094e+001
3.468404e+003,1.103808e+001
3.468886e+003,1.104534e+001
3.469368e+003,1.105140e+001
3.469850e+003,1.105512e+001
3.470333e+003,1.105564e+001
3.470815e+003,1.105242e+001
3.471297e+003,1.104530e+001
3.471779e+003,1.103455e+001
3.472261e+003,1.102091e+001
3.472743e+003,1.100570e+001
3.473225e+003,1.099071e+001
3.473708e+003,1.097790e+001
3.474189e+003,1.096908e+001
3.474672e+003,1.096533e+001
3.475154e+003,1.096660e+001
3.475636e+003,1.097153e+001
3.476118e+003,1.097750e+001
3.476600e+003,1.098101e+001
3.477082e+003,1.097834e+001
3.477564e+003,1.096624e+001
3.478047e+003,1.094267e+001
3.478529e+003,1.090735e+001
3.479011e+003,1.086210e+001
3.479493e+003,1.081074e+001
3.479975e+003,1.075869e+001
3.480457e+003,1.071209e+001
3.480939e+003,1.067677e+001
3.481421e+003,1.065703e+001
3.481904e+003,1.065475e+001
3.482386e+003,1.066883e+001
3.482868e+003,1.069538e+001
3.483350e+003,1.072849e+001
3.483832e+003,1.076149e+001
3.484314e+003,1.078841e+001
3.484796e+003,1.080519e+001
3.485278e+003,1.081050e+001
3.485760e+003,1.080574e+001
3.486243e+003,1.079450e+001
3.486725e+003,1.078152e+001
3.487207e+003,1.077152e+001
3.487689e+003,1.076819e+001
3.488171e+003,1.077344e+001
3.488653e+003,1.078724e+001
3.489135e+003,1.080783e+001
3.489618e+003,1.083220e+001
3.490100e+003,1.085675e+001
3.490582e+003,1.087795e+001
3.491064e+003,1.089282e+001
3.491546e+003,1.089929e+001
3.492028e+003,1.089638e+001
3.492510e+003,1.088420e+001
3.492992e+003,1.086393e+001
3.493475e+003,1.083765e+001
3.493957e+003,1.080820e+001
3.494439e+003,1.077884e+001
3.494921e+003,1.075291e+001
3.495403e+003,1.073327e+001
3.495885e+003,1.072177e+001
3.496367e+003,1.071868e+001
3.496849e+003,1.072233e+001
3.497332e+003,1.072910e+001
3.497814e+003,1.073378e+001
3.498296e+003,1.073039e+001
3.498778e+003,1.071331e+001
3.499260e+003,1.067855e+001
3.499742e+003,1.062479e+001
3.500224e+003,1.055408e+001
3.500706e+003,1.047189e+001
3.501188e+003,1.038657e+001
3.501671e+003,1.030807e+001
3.502153e+003,1.024632e+001
3.502635e+003,1.020944e+001
3.503117e+003,1.020209e+001
3.503599e+003,1.022436e+001
3.504081e+003,1.027151e+001
3.504563e+003,1.033458e+001
3.505046e+003,1.040201e+001
3.505528e+003,1.046182e+001
3.506010e+003,1.050402e+001
3.506492e+003,1.052268e+001
3.506974e+003,1.051708e+001
3.507456e+003,1.049170e+001
3.507938e+003,1.045502e+001
3.508420e+003,1.041743e+001
3.508903e+003,1.038883e+001
3.509385e+003,1.037652e+001
3.509867e+003,1.038398e+001
3.510349e+003,1.041058e+001
3.510831e+003,1.045238e+001
3.511313e+003,1.050349e+001
3.511795e+003,1.055762e+001
3.512277e+003,1.060927e+001
3.512760e+003,1.065445e+001
3.513242e+003,1.069083e+001
3.513724e+003,1.071744e+001
3.514206e+003,1.073424e+001
3.514688e+003,1.074180e+001
3.515170e+003,1.074109e+001
3.515652e+003,1.073340e+001
3.516135e+003,1.072032e+001
3.516616e+003,1.070353e+001
3.517099e+003,1.068446e+001
3.517581e+003,1.066381e+001
3.518063e+003,1.064114e+001
3.518545e+003,1.061473e+001
3.519027e+003,1.058188e+001
3.519509e+003,1.053965e+001
3.519991e+003,1.048585e+001
3.520474e+003,1.042010e+001
3.520956e+003,1.034439e+001
3.521438e+003,1.026313e+001
3.521920e+003,1.018232e+001
3.522402e+003,1.010826e+001
3.522884e+003,1.004599e+001
3.523366e+003,9.998101e+000
3.523848e+003,9.964190e+000
3.524331e+003,9.941325e+000
3.524813e+003,9.925230e+000
3.525295e+003,9.911905e+000
3.525777e+003,9.899097e+000
3.526259e+003,9.887126e+000
3.526741e+003,9.878807e+000
3.527223e+003,9.878557e+000
3.527705e+003,9.890985e+000
3.528188e+003,9.919504e+000
3.528670e+003,9.965334e+000
3.529152e+003,1.002718e+001
3.529634e+003,1.010148e+001
3.530116e+003,1.018308e+001
3.530598e+003,1.026598e+001
3.531080e+003,1.034401e+001
3.531563e+003,1.041134e+001
3.532044e+003,1.046297e+001
3.532527e+003,1.049525e+001
3.533009e+003,1.050653e+001
3.533491e+003,1.049769e+001
3.533973e+003,1.047242e+001
3.534455e+003,1.043698e+001
3.534937e+003,1.039922e+001
3.535419e+003,1.036722e+001
3.535902e+003,1.034763e+001
3.536384e+003,1.034433e+001
3.536866e+003,1.035772e+001
3.537348e+003,1.038479e+001
3.537830e+003,1.041988e+001
3.538312e+003,1.045595e+001
3.538794e+003,1.048571e+001
3.539276e+003,1.050262e+001
3.539759e+003,1.050147e+001
3.540241e+003,1.047852e+001
3.540723e+003,1.043160e+001
3.541205e+003,1.036011e+001
3.541687e+003,1.026514e+001
3.542169e+003,1.014967e+001
3.542651e+003,1.001875e+001
3.543133e+003,9.879501e+000
3.543615e+003,9.740880e+000
3.544098e+003,9.613058e+000
3.544580e+003,9.506500e+000
3.545062e+003,9.430714e+000
3.545544e+003,9.392826e+000
3.546026e+003,9.396161e+000
3.546508e+003,9.439149e+000
3.546990e+003,9.514863e+000
3.547472e+003,9.611547e+000
3.547955e+003,9.714208e+000
3.548437e+003,9.807184e+000
3.548919e+003,9.877158e+000
3.549401e+003,9.915947e+000
3.549883e+003,9.922264e+000
3.550365e+003,9.901958e+000
3.550847e+003,9.866534e+000
3.551330e+003,9.830346e+000
3.551812e+003,9.807182e+000
3.552294e+003,9.807172e+000
3.552776e+003,9.834761e+000
3.553258e+003,9.888214e+000
3.553740e+003,9.960573e+000
3.554222e+003,1.004166e+001
3.554704e+003,1.012042e+001
3.555187e+003,1.018709e+001
3.555669e+003,1.023461e+001
3.556151e+003,1.025925e+001
3.556633e+003,1.026055e+001
3.557115e+003,1.024067e+001
3.557597e+003,1.020361e+001
3.558079e+003,1.015433e+001
3.558561e+003,1.009792e+001
3.559043e+003,1.003888e+001
3.559526e+003,9.980301e+000
3.560008e+003,9.923306e+000
3.560490e+003,9.866415e+000
3.560972e+003,9.805294e+000
3.561454e+003,9.732897e+000
3.561936e+003,9.640224e+000
3.562418e+003,9.517803e+000
3.562900e+003,9.357791e+000
3.563383e+003,9.156428e+000
3.563865e+003,8.916372e+000
3.564347e+003,8.648230e+000
3.564829e+003,8.370719e+000
3.565311e+003,8.109056e+000
3.565793e+003,7.891600e+000
3.566275e+003,7.745257e+000
3.566758e+003,7.690609e+000
3.567240e+003,7.737831e+000
3.567722e+003,7.884480e+000
3.568204e+003,8.115685e+000
3.568686e+003,8.406718e+000
3.569168e+003,8.727366e+000
3.569650e+003,9.046988e+000
3.570132e+003,9.339165e+000
3.570615e+003,9.584999e+000
3.571097e+003,9.774571e+000
3.571579e+003,9.906577e+000
3.572061e+003,9.986570e+000
3.572543e+003,1.002448e+001
3.573025e+003,1.003202e+001
3.573507e+003,1.002052e+001
3.573989e+003,9.999435e+000
3.574471e+003,9.975586e+000
3.574954e+003,9.953098e+000
3.575436e+003,9.933777e+000
3.575918e+003,9.917784e+000
3.576400e+003,9.904409e+000
3.576882e+003,9.892762e+000
3.577364e+003,9.882250e+000
3.577846e+003,9.872794e+000
3.578328e+003,9.864777e+000
3.578811e+003,9.858733e+000
3.579293e+003,9.854937e+000
3.579775e+003,9.852882e+000
3.580257e+003,9.850789e+000
3.580739e+003,9.845155e+000
3.581221e+003,9.830470e+000
3.581703e+003,9.799189e+000
3.582186e+003,9.742187e+000
3.582667e+003,9.649814e+000
3.583150e+003,9.513647e+000
3.583632e+003,9.328762e+000
3.584114e+003,9.096112e+000
3.584596e+003,8.824414e+000
3.585078e+003,8.530834e+000
3.585560e+003,8.239927e+000
3.586042e+003,7.980707e+000
3.586525e+003,7.782122e+000
3.587007e+003,7.667858e+000
3.587489e+003,7.651528e+000
3.587971e+003,7.733490e+000
3.588453e+003,7.900093e+000
3.588935e+003,8.125697e+000
3.589417e+003,8.377054e+000
3.589899e+003,8.619161e+000
3.590382e+003,8.821257e+000
3.590864e+003,8.961758e+000
3.591346e+003,9.031117e+000
3.591828e+003,9.032223e+000
3.592310e+003,8.978430e+000
3.592792e+003,8.889916e+000
3.593274e+003,8.789234e+000
3.593756e+003,8.697034e+000
3.594239e+003,8.628746e+000
3.594721e+003,8.592688e+000
3.595203e+003,8.589732e+000
3.595685e+003,8.614375e+000
3.596167e+003,8.656817e+000
3.596649e+003,8.705579e+000
3.597131e+003,8.750141e+000
3.597614e+003,8.783164e+000
3.598095e+003,8.801876e+000
3.598578e+003,8.808458e+000
3.599060e+003,8.809293e+000
3.599542e+003,8.813275e+000
3.600024e+003,8.829502e+000
3.600506e+003,8.864806e+000
3.600988e+003,8.921684e+000
3.601470e+003,8.997073e+000
3.601953e+003,9.082227e+000
3.602435e+003,9.163788e+000
3.602917e+003,9.225822e+000
3.603399e+003,9.252485e+000
3.603881e+003,9.230850e+000
3.604363e+003,9.153438e+000
3.604845e+003,9.020033e+000
3.605327e+003,8.838431e+000
3.605810e+003,8.623848e+000
3.606292e+003,8.396958e+000
3.606774e+003,8.180687e+000
3.607256e+003,7.996244e+000
3.607738e+003,7.859140e+000
3.608220e+003,7.776158e+000
3.608702e+003,7.744116e+000
3.609184e+003,7.750966e+000
3.609667e+003,7.779113e+000
3.610149e+003,7.810196e+000
3.610631e+003,7.829987e+000
3.611113e+003,7.831966e+000
3.611595e+003,7.818425e+000
3.612077e+003,7.798689e+000
3.612559e+003,7.785022e+000
3.613042e+003,7.787517e+000
3.613524e+003,7.809670e+000
3.614006e+003,7.846146e+000
3.614488e+003,7.883513e+000
3.614970e+003,7.903822e+000
3.615452e+003,7.889932e+000
3.615934e+003,7.831033e+000
3.616416e+003,7.726711e+000
3.616898e+003,7.588418e+000
3.617381e+003,7.437898e+000
3.617863e+003,7.303045e+000
3.618345e+003,7.212201e+000
3.618827e+003,7.188339e+000
3.619309e+003,7.244425e+000
3.619791e+003,7.381001e+000
3.620273e+003,7.586330e+000
3.620755e+003,7.838918e+000
3.621238e+003,8.111579e+000
3.621720e+003,8.375941e+000
3.622202e+003,8.606241e+000
3.622684e+003,8.781599e+000
3.623166e+003,8.886550e+000
3.623648e+003,8.910318e+000
3.624130e+003,8.845745e+000
3.624612e+003,8.688986e+000
3.625094e+003,8.440645e+000
3.625577e+003,8.108324e+000
3.626059e+003,7.709597e+000
3.626541e+003,7.273890e+000
3.627023e+003,6.841712e+000
3.627505e+003,6.460313e+000
3.627987e+003,6.176156e+000
3.628469e+003,6.025820e+000
3.628952e+003,6.027836e+000
3.629434e+003,6.178086e+000
3.629916e+003,6.450375e+000
3.630398e+003,6.802363e+000
3.630880e+003,7.185221e+000
3.631362e+003,7.554288e+000
3.631844e+003,7.877658e+000
3.632326e+003,8.140476e+000
3.632809e+003,8.344159e+000
3.633291e+003,8.501476e+000
3.633773e+003,8.629597e+000
3.634255e+003,8.743605e+000
3.634737e+003,8.852423e+000
3.635219e+003,8.957920e+000
3.635701e+003,9.056759e+000
3.636183e+003,9.143614e+000
3.636666e+003,9.214194e+000
3.637148e+003,9.266982e+000
3.637630e+003,9.303320e+000
3.638112e+003,9.326302e+000
3.638594e+003,9.339323e+000
3.639076e+003,9.345025e+000
3.639558e+003,9.344998e+000
3.640041e+003,9.339993e+000
3.640522e+003,9.330143e+000
3.641005e+003,9.314655e+000
3.641487e+003,9.290842e+000
3.641969e+003,9.252903e+000
3.642451e+003,9.191116e+000
3.642933e+003,9.092275e+000
3.643415e+003,8.941683e+000
3.643897e+003,8.726461e+000
3.644380e+003,8.439313e+000
3.644862e+003,8.081586e+000
3.645344e+003,7.664616e+000
3.645826e+003,7.208945e+000
3.646308e+003,6.741662e+000
3.646790e+003,6.292814e+000
3.647272e+003,5.891898e+000
3.647754e+003,5.565307e+000
3.648237e+003,5.334888e+000
3.648719e+003,5.217232e+000
3.649201e+003,5.222878e+000
3.649683e+003,5.354885e+000
3.650165e+003,5.606680e+000
3.650647e+003,5.959970e+000
3.651129e+003,6.383960e+000
3.651611e+003,6.837177e+000
3.652094e+003,7.272501e+000
3.652576e+003,7.644930e+000
3.653058e+003,7.920335e+000
3.653540e+003,8.082877e+000
3.654022e+003,8.138648e+000
3.654504e+003,8.114225e+000
3.654986e+003,8.050177e+000
3.655469e+003,7.991249e+000
3.655950e+003,7.975916e+000
3.656433e+003,8.028177e+000
3.656915e+003,8.153676e+000
3.657397e+003,8.340826e+000
3.657879e+003,8.566060e+000
3.658361e+003,8.801214e+000
3.658843e+003,9.020737e+000
3.659325e+003,9.206770e+000
3.659808e+003,9.351167e+000
3.660290e+003,9.454599e+000
3.660772e+003,9.523683e+000
3.661254e+003,9.567424e+000
3.661736e+003,9.594094e+000
3.662218e+003,9.609168e+000
3.662700e+003,9.614338e+000
3.663182e+003,9.607391e+000
3.663665e+003,9.582495e+000
3.664147e+003,9.530766e+000
3.664629e+003,9.441082e+000
3.665111e+003,9.301489e+000
3.665593e+003,9.101361e+000
3.666075e+003,8.834347e+000
3.666557e+003,8.501637e+000
3.667039e+003,8.114733e+000
3.667521e+003,7.696552e+000
3.668004e+003,7.279962e+000
3.668486e+003,6.903207e+000
3.668968e+003,6.602726e+000
3.669450e+003,6.404711e+000
3.669932e+003,6.317651e+000
3.670414e+003,6.328218e+000
3.670896e+003,6.402377e+000
3.671378e+003,6.492188e+000
3.671861e+003,6.547162e+000
3.672343e+003,6.527326e+000
3.672825e+003,6.414386e+000
3.673307e+003,6.217515e+000
3.673789e+003,5.971834e+000
3.674271e+003,5.729732e+000
3.674753e+003,5.547510e+000
3.675236e+003,5.471233e+000
3.675718e+003,5.525975e+000
3.676200e+003,5.711345e+000
3.676682e+003,6.004161e+000
3.677164e+003,6.366734e+000
3.677646e+003,6.757659e+000
3.678128e+003,7.141530e+000
3.678610e+003,7.494884e+000
3.679093e+003,7.807325e+000
3.679575e+003,8.078616e+000
3.680057e+003,8.313679e+000
3.680539e+003,8.517770e+000
3.681021e+003,8.693373e+000
3.681503e+003,8.839308e+000
3.681985e+003,8.951441e+000
3.682467e+003,9.024010e+000
3.682949e+003,9.050620e+000
3.683432e+003,9.024725e+000
3.683914e+003,8.939875e+000
3.684396e+003,8.790464e+000
3.684878e+003,8.573376e+000
3.685360e+003,8.290381e+000
3.685842e+003,7.950531e+000
3.686324e+003,7.571475e+000
3.686806e+003,7.178810e+000
3.687289e+003,6.803288e+000
3.687771e+003,6.476424e+000
3.688253e+003,6.225675e+000
3.688735e+003,6.070506e+000
3.689217e+003,6.020225e+000
3.689699e+003,6.073831e+000
3.690181e+003,6.221503e+000
3.690664e+003,6.446887e+000
3.691146e+003,6.729499e+000
3.691628e+003,7.046767e+000
3.692110e+003,7.375788e+000
3.692592e+003,7.694961e+000
3.693074e+003,7.985770e+000
3.693556e+003,8.234573e+000
3.694038e+003,8.433998e+000
3.694521e+003,8.583353e+000
3.695003e+003,8.687638e+000
3.695485e+003,8.755157e+000
3.695967e+003,8.794333e+000
3.696449e+003,8.810696e+000
3.696931e+003,8.805143e+000
3.697413e+003,8.774130e+000
3.697895e+003,8.711904e+000
3.698377e+003,8.614016e+000
3.698860e+003,8.480991e+000
3.699342e+003,8.320779e+000
3.699824e+003,8.149058e+000
3.700306e+003,7.987089e+000
3.700788e+003,7.857631e+000
3.701270e+003,7.779995e+000
3.701752e+003,7.765618e+000
3.702234e+003,7.815303e+000
3.702717e+003,7.918824e+000
3.703199e+003,8.056843e+000
3.703681e+003,8.204563e+000
3.704163e+003,8.336061e+000
3.704645e+003,8.428314e+000
3.705127e+003,8.464082e+000
3.705609e+003,8.433314e+000
3.706092e+003,8.333147e+000
3.706573e+003,8.166978e+000
3.707056e+003,7.943136e+000
3.707538e+003,7.673702e+000
3.708020e+003,7.373692e+000
3.708502e+003,7.060646e+000
3.708984e+003,6.754297e+000
3.709466e+003,6.476040e+000
3.709948e+003,6.247789e+000
3.710431e+003,6.090155e+000
3.710913e+003,6.019992e+000
3.711395e+003,6.047733e+000
3.711877e+003,6.175043e+000
3.712359e+003,6.393426e+000
3.712841e+003,6.684319e+000
3.713323e+003,7.020924e+000
3.713805e+003,7.371616e+000
3.714288e+003,7.704419e+000
3.714770e+003,7.991616e+000
3.715252e+003,8.213541e+000
3.715734e+003,8.360649e+000
3.716216e+003,8.433487e+000
3.716698e+003,8.440645e+000
3.717180e+003,8.395428e+000
3.717662e+003,8.312233e+000
3.718145e+003,8.203703e+000
3.718627e+003,8.079313e+000
3.719109e+003,7.945530e+000
3.719591e+003,7.807052e+000
3.720073e+003,7.668320e+000
3.720555e+003,7.534450e+000
3.721037e+003,7.411146e+000
3.721520e+003,7.303618e+000
3.722001e+003,7.215181e+000
3.722484e+003,7.146283e+000
3.722966e+003,7.094671e+000
3.723448e+003,7.056788e+000
3.723930e+003,7.029933e+000
3.724412e+003,7.014194e+000
3.724894e+003,7.013163e+000
3.725376e+003,7.032765e+000
3.725859e+003,7.078409e+000
3.726341e+003,7.151277e+000
3.726823e+003,7.245263e+000
3.727305e+003,7.345849e+000
3.727787e+003,7.431730e+000
3.728269e+003,7.478969e+000
3.728751e+003,7.466537e+000
3.729233e+003,7.381484e+000
3.729716e+003,7.222110e+000
3.730198e+003,6.998095e+000
3.730680e+003,6.727702e+000
3.731162e+003,6.433117e+000
3.731644e+003,6.135644e+000
3.732126e+003,5.852358e+000
3.732608e+003,5.595143e+000
3.733090e+003,5.371994e+000
3.733573e+003,5.189566e+000
3.734055e+003,5.055442e+000
3.734537e+003,4.978904e+000
3.735019e+003,4.969634e+000
3.735501e+003,5.034836e+000
3.735983e+003,5.175937e+000
3.736465e+003,5.386251e+000
3.736948e+003,5.650532e+000
3.737430e+003,5.946585e+000
3.737912e+003,6.248229e+000
3.738394e+003,6.528542e+000
3.738876e+003,6.762413e+000
3.739358e+003,6.928088e+000
3.739840e+003,7.008063e+000
3.740322e+003,6.990149e+000
3.740804e+003,6.869344e+000
3.741287e+003,6.650516e+000
3.741769e+003,6.350920e+000
3.742251e+003,6.001043e+000
3.742733e+003,5.642281e+000
3.743215e+003,5.320900e+000
3.743697e+003,5.079105e+000
3.744179e+003,4.945446e+000
3.744661e+003,4.927453e+000
3.745144e+003,5.009089e+000
3.745626e+003,5.154195e+000
3.746108e+003,5.315228e+000
3.746590e+003,5.444865e+000
3.747072e+003,5.507165e+000
3.747554e+003,5.485202e+000
3.748036e+003,5.383471e+000
3.748518e+003,5.224965e+000
3.749000e+003,5.044528e+000
3.749483e+003,4.880734e+000
3.749965e+003,4.768552e+000
3.750447e+003,4.734164e+000
3.750929e+003,4.792330e+000
3.751411e+003,4.945823e+000
3.751893e+003,5.186233e+000
3.752375e+003,5.495553e+000
3.752858e+003,5.848380e+000
3.753340e+003,6.214779e+000
3.753822e+003,6.563870e+000
3.754304e+003,6.867842e+000
3.754786e+003,7.105773e+000
3.755268e+003,7.266428e+000
3.755750e+003,7.349399e+000
3.756232e+003,7.364403e+000
3.756715e+003,7.329061e+000
3.757197e+003,7.265813e+000
3.757679e+003,7.198724e+000
3.758161e+003,7.150485e+000
3.758643e+003,7.139830e+000
3.759125e+003,7.179182e+000
3.759607e+003,7.272643e+000
3.760089e+003,7.414617e+000
3.760572e+003,7.589808e+000
3.761054e+003,7.775154e+000
3.761536e+003,7.943941e+000
3.762018e+003,8.071451e+000
3.762500e+003,8.140767e+000
3.762982e+003,8.146900e+000
3.763464e+003,8.097764e+000
3.763947e+003,8.011401e+000
3.764428e+003,7.910255e+000
3.764911e+003,7.814306e+000
3.765393e+003,7.735526e+000
3.765875e+003,7.675492e+000
3.766357e+003,7.627015e+000
3.766839e+003,7.579005e+000
3.767321e+003,7.522701e+000
3.767803e+003,7.456817e+000
3.768286e+003,7.389731e+000
3.768768e+003,7.337885e+000
3.769250e+003,7.321045e+000
3.769732e+003,7.356142e+000
3.770214e+003,7.451842e+000
3.770696e+003,7.605611e+000
3.771178e+003,7.804070e+000
3.771660e+003,8.026267e+000
3.772143e+003,8.248585e+000
3.772625e+003,8.449572e+000
3.773107e+003,8.613303e+000
3.773589e+003,8.730510e+000
3.774071e+003,8.797699e+000
3.774553e+003,8.815085e+000
3.775035e+003,8.784610e+000
3.775517e+003,8.708938e+000
3.776000e+003,8.591949e+000
3.776482e+003,8.440296e+000
3.776964e+003,8.265141e+000
3.777446e+003,8.082891e+000
3.777928e+003,7.914080e+000
3.778410e+003,7.780197e+000
3.778892e+003,7.699167e+000
3.779375e+003,7.680757e+000
3.779856e+003,7.723574e+000
3.780339e+003,7.814769e+000
3.780821e+003,7.932889e+000
3.781303e+003,8.053142e+000
3.781785e+003,8.153578e+000
3.782267e+003,8.220321e+000
3.782749e+003,8.250315e+000
3.783231e+003,8.250863e+000
3.783714e+003,8.236371e+000
3.784196e+003,8.223486e+000
3.784678e+003,8.226291e+000
3.785160e+003,8.252921e+000
3.785642e+003,8.304411e+000
3.786124e+003,8.375633e+000
3.786606e+003,8.457712e+000
3.787088e+003,8.540815e+000
3.787571e+003,8.616552e+000
3.788053e+003,8.679386e+000
3.788535e+003,8.727018e+000
3.789017e+003,8.759884e+000
3.789499e+003,8.780091e+000
3.789981e+003,8.790023e+000
3.790463e+003,8.790905e+000
3.790945e+003,8.781570e+000
3.791427e+003,8.757836e+000
3.791910e+003,8.712819e+000
3.792392e+003,8.638474e+000
3.792874e+003,8.528156e+000
3.793356e+003,8.379620e+000
3.793838e+003,8.197392e+000
3.794320e+003,7.993455e+000
3.794802e+003,7.785460e+000
3.795284e+003,7.592587e+000
3.795767e+003,7.430025e+000
3.796249e+003,7.303820e+000
3.796731e+003,7.207990e+000
3.797213e+003,7.125351e+000
3.797695e+003,7.032265e+000
3.798177e+003,6.906269e+000
3.798659e+003,6.734315e+000
3.799142e+003,6.518948e+000
3.799624e+003,6.280123e+000
3.800106e+003,6.051665e+000
3.800588e+003,5.872970e+000
3.801070e+003,5.778227e+000
3.801552e+003,5.786291e+000
3.802034e+003,5.894408e+000
3.802516e+003,6.077860e+000
3.802999e+003,6.295948e+000
3.803481e+003,6.502658e+000
3.803963e+003,6.659019e+000
3.804445e+003,6.743444e+000
3.804927e+003,6.757050e+000
3.805409e+003,6.722421e+000
3.805891e+003,6.676373e+000
3.806373e+003,6.659041e+000
3.806855e+003,6.702717e+000
3.807338e+003,6.823688e+000
3.807820e+003,7.019197e+000
3.808302e+003,7.269836e+000
3.808784e+003,7.545865e+000
3.809266e+003,7.814930e+000
3.809748e+003,8.048550e+000
3.810230e+003,8.225628e+000
3.810712e+003,8.332802e+000
3.811195e+003,8.362679e+000
3.811677e+003,8.311834e+000
3.812159e+003,8.180133e+000
3.812641e+003,7.972000e+000
3.813123e+003,7.698897e+000
3.813605e+003,7.381374e+000
3.814087e+003,7.048776e+000
3.814570e+003,6.735588e+000
3.815052e+003,6.474659e+000
3.815534e+003,6.289135e+000
3.816016e+003,6.185752e+000
3.816498e+003,6.152114e+000
3.816980e+003,6.159427e+000
3.817462e+003,6.170401e+000
3.817944e+003,6.150209e+000
3.818427e+003,6.077256e+000
3.818909e+003,5.950330e+000
3.819391e+003,5.789856e+000
3.819873e+003,5.632677e+000
3.820355e+003,5.521875e+000
3.820837e+003,5.494646e+000
3.821319e+003,5.571844e+000
3.821801e+003,5.752196e+000
3.822283e+003,6.012797e+000
3.822766e+003,6.315485e+000
3.823248e+003,6.617013e+000
3.823730e+003,6.879880e+000
3.824212e+003,7.080682e+000
3.824694e+003,7.213723e+000
3.825176e+003,7.289297e+000
3.825658e+003,7.327618e+000
3.826140e+003,7.350727e+000
3.826623e+003,7.375044e+000
3.827105e+003,7.406874e+000
3.827587e+003,7.441897e+000
3.828069e+003,7.468394e+000
3.828551e+003,7.472651e+000
3.829033e+003,7.444495e+000
3.829515e+003,7.381034e+000
3.829998e+003,7.287521e+000
3.830479e+003,7.175315e+000
3.830962e+003,7.057924e+000
3.831444e+003,6.946620e+000
3.831926e+003,6.847123e+000
3.832408e+003,6.758285e+000
3.832890e+003,6.673023e+000
3.833372e+003,6.580956e+000
3.833854e+003,6.471873e+000
3.834337e+003,6.338963e+000
3.834819e+003,6.181073e+000
3.835301e+003,6.003551e+000
3.835783e+003,5.817654e+000
3.836265e+003,5.638781e+000
3.836747e+003,5.483964e+000
3.837229e+003,5.369049e+000
3.837711e+003,5.306082e+000
3.838194e+003,5.301311e+000
3.838676e+003,5.354196e+000
3.839158e+003,5.457633e+000
3.839640e+003,5.599449e+000
3.840122e+003,5.764908e+000
3.840604e+003,5.939695e+000
3.841086e+003,6.112700e+000
3.841568e+003,6.277931e+000
3.842051e+003,6.434981e+000
3.842533e+003,6.588000e+000
3.843015e+003,6.743361e+000
3.843497e+003,6.906739e+000
3.843979e+003,7.080384e+000
3.844461e+003,7.261388e+000
3.844943e+003,7.441360e+000
3.845426e+003,7.607563e+000
3.845907e+003,7.745016e+000
3.846390e+003,7.838889e+000
3.846872e+003,7.876429e+000
3.847354e+003,7.847997e+000
3.847836e+003,7.747172e+000
3.848318e+003,7.570407e+000
3.848800e+003,7.316851e+000
3.849282e+003,6.988993e+000
3.849765e+003,6.594191e+000
3.850247e+003,6.146740e+000
3.850729e+003,5.669475e+000
3.851211e+003,5.193879e+000
3.851693e+003,4.757871e+000
3.852175e+003,4.401240e+000
3.852657e+003,4.159470e+000
3.853139e+003,4.057472e+000
3.853622e+003,4.104876e+000
3.854104e+003,4.294209e+000
3.854586e+003,4.602422e+000
3.855068e+003,4.995269e+000
3.855550e+003,5.433262e+000
3.856032e+003,5.877637e+000
3.856514e+003,6.295001e+000
3.856996e+003,6.660012e+000
3.857479e+003,6.956063e+000
3.857961e+003,7.174603e+000
3.858443e+003,7.313725e+000
3.858925e+003,7.376682e+000
3.859407e+003,7.370556e+000
3.859889e+003,7.305175e+000
3.860371e+003,7.192203e+000
3.860854e+003,7.044468e+000
3.861336e+003,6.875531e+000
3.861818e+003,6.699565e+000
3.862300e+003,6.531271e+000
3.862782e+003,6.385495e+000
3.863264e+003,6.275974e+000
3.863746e+003,6.213068e+000
3.864228e+003,6.200766e+000
3.864710e+003,6.233977e+000
3.865193e+003,6.297413e+000
3.865675e+003,6.367272e+000
3.866157e+003,6.416020e+000
3.866639e+003,6.419452e+000
3.867121e+003,6.363977e+000
3.867603e+003,6.251679e+000
3.868085e+003,6.101025e+000
3.868567e+003,5.942564e+000
3.869050e+003,5.810637e+000
3.869532e+003,5.733730e+000
3.870014e+003,5.726664e+000
3.870496e+003,5.787323e+000
3.870978e+003,5.898936e+000
3.871460e+003,6.036979e+000
3.871942e+003,6.178024e+000
3.872424e+003,6.307334e+000
3.872906e+003,6.422451e+000
3.873389e+003,6.531727e+000
3.873871e+003,6.648566e+000
3.874353e+003,6.783776e+000
3.874835e+003,6.938944e+000
3.875317e+003,7.103322e+000
3.875799e+003,7.255322e+000
3.876281e+003,7.368134e+000
3.876764e+003,7.417562e+000
3.877246e+003,7.389590e+000
3.877728e+003,7.285286e+000
3.878210e+003,7.121605e+000
3.878692e+003,6.927837e+000
3.879174e+003,6.738696e+000
3.879656e+003,6.585906e+000
3.880138e+003,6.490557e+000
3.880621e+003,6.458237e+000
3.881103e+003,6.478303e+000
3.881585e+003,6.527518e+000
3.882067e+003,6.577159e+000
3.882549e+003,6.601675e+000
3.883031e+003,6.586473e+000
3.883513e+003,6.532484e+000
3.883995e+003,6.456109e+000
3.884478e+003,6.384351e+000
3.884960e+003,6.346513e+000
3.885442e+003,6.364901e+000
3.885924e+003,6.447403e+000
3.886406e+003,6.584251e+000
3.886888e+003,6.750045e+000
3.887370e+003,6.910429e+000
3.887853e+003,7.031435e+000
3.888334e+003,7.088663e+000
3.888817e+003,7.073693e+000
3.889299e+003,6.995969e+000
3.889781e+003,6.879930e+000
3.890263e+003,6.758472e+000
3.890745e+003,6.664785e+000
3.891227e+003,6.624804e+000
3.891709e+003,6.652092e+000
3.892192e+003,6.745988e+000
3.892674e+003,6.892962e+000
3.893156e+003,7.070279e+000
3.893638e+003,7.250776e+000
3.894120e+003,7.407602e+000
3.894602e+003,7.518101e+000
3.895084e+003,7.566439e+000
3.895566e+003,7.544957e+000
3.896049e+003,7.454366e+000
3.896531e+003,7.302989e+000
3.897013e+003,7.105186e+000
3.897495e+003,6.879149e+000
3.897977e+003,6.644233e+000
3.898459e+003,6.418220e+000
3.898941e+003,6.214918e+000
3.899423e+003,6.042661e+000
3.899906e+003,5.904028e+000
3.900388e+003,5.796941e+000
3.900870e+003,5.716839e+000
3.901352e+003,5.659358e+000
3.901834e+003,5.622687e+000
3.902316e+003,5.608906e+000
3.902798e+003,5.623806e+000
3.903281e+003,5.675280e+000
3.903762e+003,5.770700e+000
3.904245e+003,5.914155e+000
3.904727e+003,6.104341e+000
3.905209e+003,6.333778e+000
3.905691e+003,6.589543e+000
3.906173e+003,6.855282e+000
3.906655e+003,7.113895e+000
3.907137e+003,7.350230e+000
3.907620e+003,7.553122e+000
3.908102e+003,7.716482e+000
3.908584e+003,7.839326e+000
3.909066e+003,7.924951e+000
3.909548e+003,7.979495e+000
3.910030e+003,8.010248e+000
3.910512e+003,8.023909e+000
3.910994e+003,8.025175e+000
3.911477e+003,8.015813e+000
3.911959e+003,7.994506e+000
3.912441e+003,7.957559e+000
3.912923e+003,7.900393e+000
3.913405e+003,7.819486e+000
3.913887e+003,7.714254e+000
3.914369e+003,7.588269e+000
3.914851e+003,7.449404e+000
3.915333e+003,7.308766e+000
3.915816e+003,7.178747e+000
3.916298e+003,7.070707e+000
3.916780e+003,6.993007e+000
3.917262e+003,6.949841e+000
3.917744e+003,6.941092e+000
3.918226e+003,6.962930e+000
3.918708e+003,7.008864e+000
3.919190e+003,7.070737e+000
3.919673e+003,7.139547e+000
3.920155e+003,7.206098e+000
3.920637e+003,7.261738e+000
3.921119e+003,7.299355e+000
3.921601e+003,7.314647e+000
3.922083e+003,7.307307e+000
3.922565e+003,7.281690e+000
3.923048e+003,7.246397e+000
3.923530e+003,7.212679e+000
3.924012e+003,7.191832e+000
3.924494e+003,7.192314e+000
3.924976e+003,7.217392e+000
3.925458e+003,7.264110e+000
3.925940e+003,7.323876e+000
3.926422e+003,7.384541e+000
3.926905e+003,7.433267e+000
3.927387e+003,7.459436e+000
3.927869e+003,7.456761e+000
3.928351e+003,7.424277e+000
3.928833e+003,7.366111e+000
3.929315e+003,7.290417e+000
3.929797e+003,7.207819e+000
3.930279e+003,7.129837e+000
3.930761e+003,7.067411e+000
3.931244e+003,7.029661e+000
3.931726e+003,7.022823e+000
3.932208e+003,7.049434e+000
3.932690e+003,7.107871e+000
3.933172e+003,7.192466e+000
3.933654e+003,7.294295e+000
3.934136e+003,7.402656e+000
3.934618e+003,7.506921e+000
3.935101e+003,7.598357e+000
3.935583e+003,7.671390e+000
3.936065e+003,7.723958e+000
3.936547e+003,7.756881e+000
3.937029e+003,7.772536e+000
3.937511e+003,7.773284e+000
3.937993e+003,7.760330e+000
3.938476e+003,7.733381e+000
3.938958e+003,7.691292e+000
3.939440e+003,7.633401e+000
3.939922e+003,7.561083e+000
3.940404e+003,7.478806e+000
3.940886e+003,7.394235e+000
3.941368e+003,7.317157e+000
3.941850e+003,7.257458e+000
3.942333e+003,7.222682e+000
3.942815e+003,7.215966e+000
3.943297e+003,7.234965e+000
3.943779e+003,7.272189e+000
3.944261e+003,7.316679e+000
3.944743e+003,7.356627e+000
3.945225e+003,7.382141e+000
3.945707e+003,7.387487e+000
3.946189e+003,7.372165e+000
3.946672e+003,7.340650e+000
3.947154e+003,7.300944e+000
3.947636e+003,7.262469e+000
3.948118e+003,7.233866e+000
3.948600e+003,7.221310e+000
3.949082e+003,7.227618e+000
3.949564e+003,7.252268e+000
3.950046e+003,7.292059e+000
3.950529e+003,7.342196e+000
3.951011e+003,7.397340e+000
3.951493e+003,7.452509e+000
3.951975e+003,7.503617e+000
3.952457e+003,7.547759e+000
3.952939e+003,7.583235e+000
3.953421e+003,7.609485e+000
3.953904e+003,7.626921e+000
3.954385e+003,7.636726e+000
3.954868e+003,7.640579e+000
3.955350e+003,7.640347e+000
3.955832e+003,7.637729e+000
3.956314e+003,7.633970e+000
3.956796e+003,7.629648e+000
3.957278e+003,7.624665e+000
3.957760e+003,7.618403e+000
3.958243e+003,7.610071e+000
3.958725e+003,7.599102e+000
3.959207e+003,7.585552e+000
3.959689e+003,7.570326e+000
3.960171e+003,7.555187e+000
3.960653e+003,7.542486e+000
3.961135e+003,7.534686e+000
3.961617e+003,7.533769e+000
3.962100e+003,7.540711e+000
3.962582e+003,7.555145e+000
3.963064e+003,7.575345e+000
3.963546e+003,7.598527e+000
3.964028e+003,7.621416e+000
3.964510e+003,7.640896e+000
3.964992e+003,7.654614e+000
3.965474e+003,7.661334e+000
3.965957e+003,7.661035e+000
3.966439e+003,7.654711e+000
3.966921e+003,7.643996e+000
3.967403e+003,7.630723e+000
3.967885e+003,7.616559e+000
3.968367e+003,7.602725e+000
3.968849e+003,7.589918e+000
3.969332e+003,7.578329e+000
3.969813e+003,7.567761e+000
3.970296e+003,7.557797e+000
3.970778e+003,7.547977e+000
3.971260e+003,7.537980e+000
3.971742e+003,7.527760e+000
3.972224e+003,7.517622e+000
3.972706e+003,7.508240e+000
3.973188e+003,7.500538e+000
3.973671e+003,7.495534e+000
3.974153e+003,7.494091e+000
3.974635e+003,7.496723e+000
3.975117e+003,7.503425e+000
3.975599e+003,7.513650e+000
3.976081e+003,7.526345e+000
3.976563e+003,7.540133e+000
3.977045e+003,7.553502e+000
3.977528e+003,7.565037e+000
3.978010e+003,7.573613e+000
3.978492e+003,7.578549e+000
3.978974e+003,7.579693e+000
3.979456e+003,7.577447e+000
3.979938e+003,7.572673e+000
3.980420e+003,7.566554e+000
3.980902e+003,7.560355e+000
3.981385e+003,7.555204e+000
3.981867e+003,7.551873e+000
3.982349e+003,7.550683e+000
3.982831e+003,7.551501e+000
3.983313e+003,7.553850e+000
3.983795e+003,7.557055e+000
3.984277e+003,7.560393e+000
3.984760e+003,7.563164e+000
3.985242e+003,7.564726e+000
3.985724e+003,7.564473e+000
3.986206e+003,7.561863e+000
3.986688e+003,7.556472e+000
3.987170e+003,7.548148e+000
3.987652e+003,7.537140e+000
3.988134e+003,7.524192e+000
3.988616e+003,7.510475e+000
3.989099e+003,7.497392e+000
3.989581e+003,7.486238e+000
3.990063e+003,7.477885e+000
3.990545e+003,7.472535e+000
3.991027e+003,7.469720e+000
3.991509e+003,7.468468e+000
3.991991e+003,7.467670e+000
3.992473e+003,7.466447e+000
3.992956e+003,7.464440e+000
3.993438e+003,7.461895e+000
3.993920e+003,7.459546e+000
3.994402e+003,7.458318e+000
3.994884e+003,7.459012e+000
3.995366e+003,7.462007e+000
3.995848e+003,7.467152e+000
3.996330e+003,7.473790e+000
3.996813e+003,7.480951e+000
3.997295e+003,7.487591e+000
3.997777e+003,7.492834e+000
3.998259e+003,7.496120e+000
3.998741e+003,7.497280e+000
3.999223e+003,7.496475e+000
3.999705e+003,7.494112e+000
4.000188e+003,7.490693e+000
